OccurredAtUtc	EventKind	Subject	Detail
2026-06-03T18:33:03.5933129+00:00	RunStarted	orchestration	C:\Users\jimmy\Desktop\meta-bi\Samples\Demos\MetaOrchestrationHairballCliIntegration\Runs\hairball-seed-20260530\OrchestrationWS
2026-06-03T18:33:03.6039426+00:00	Process	meta-orchestration	23968
2026-06-03T18:33:03.6043684+00:00	PipelineExecutable	meta-pipeline	
2026-06-03T18:33:03.6046835+00:00	PipelineWorkspace	C:\Users\jimmy\Desktop\meta-bi\Samples\Demos\MetaOrchestrationHairballCliIntegration\Runs\hairball-seed-20260530\PipelineWS	
2026-06-03T18:33:03.6049770+00:00	TransformWorkspace	C:\Users\jimmy\Desktop\meta-bi\Samples\Demos\MetaOrchestrationHairballCliIntegration\Runs\hairball-seed-20260530\TransformWS	
2026-06-03T18:33:03.6051682+00:00	BindingWorkspace	C:\Users\jimmy\Desktop\meta-bi\Samples\Demos\MetaOrchestrationHairballCliIntegration\Runs\hairball-seed-20260530\BindingWS	
2026-06-03T18:33:03.6147908+00:00	LeaseAcquired	C:\Users\jimmy\Desktop\meta-bi\Samples\Demos\MetaOrchestrationHairballCliIntegration\Runs\hairball-seed-20260530\OrchestrationWS	C:\Users\jimmy\Desktop\meta-bi\Samples\Demos\MetaOrchestrationHairballCliIntegration\Runs\hairball-seed-20260530\RunArtifacts\leases\b30631311a63a1938a1d960e11d1b12772a5b649874a11ab9e9983ed17563480.tsv
2026-06-03T18:33:03.6165701+00:00	Phase	Loading	C:\Users\jimmy\Desktop\meta-bi\Samples\Demos\MetaOrchestrationHairballCliIntegration\Runs\hairball-seed-20260530\OrchestrationWS
2026-06-03T18:33:03.7086870+00:00	Phase	Building	C:\Users\jimmy\Desktop\meta-bi\Samples\Demos\MetaOrchestrationHairballCliIntegration\Runs\hairball-seed-20260530\OrchestrationWS
2026-06-03T18:33:03.7224004+00:00	Phase	Saving	C:\Users\jimmy\Desktop\meta-bi\Samples\Demos\MetaOrchestrationHairballCliIntegration\Runs\hairball-seed-20260530\OrchestrationWS
2026-06-03T18:33:03.7986282+00:00	RetryPolicyResolved	DefaultRetryPolicy	MaxAttempts=3; RetryableFailureClasses=6
2026-06-03T18:33:03.8021228+00:00	RunPlanReady	DefaultRunPlan	137
2026-06-03T18:33:03.8674683+00:00	WorkerStarting	ExtractSeed01	meta-pipeline
2026-06-03T18:33:03.9708698+00:00	WorkerStarted	ExtractSeed01	30624
2026-06-03T18:33:03.9712228+00:00	WorkerControlPipe	ExtractSeed01	meta-orchestration-22716b7256ad4419a2ead97b88be96dc
2026-06-03T18:33:03.9715932+00:00	WorkerLog	ExtractSeed01	stdout=C:\Users\jimmy\Desktop\meta-bi\Samples\Demos\MetaOrchestrationHairballCliIntegration\Runs\hairball-seed-20260530\RunArtifacts\runs\20260603-183303_2d830a7422d34edfb67c3121c397d5c0\logs\ExtractSeed01-30624.stdout.log; stderr=C:\Users\jimmy\Desktop\meta-bi\Samples\Demos\MetaOrchestrationHairballCliIntegration\Runs\hairball-seed-20260530\RunArtifacts\runs\20260603-183303_2d830a7422d34edfb67c3121c397d5c0\logs\ExtractSeed01-30624.stderr.log
2026-06-03T18:33:03.9774537+00:00	WorkerStarting	ExtractSeed02	meta-pipeline
2026-06-03T18:33:04.0714881+00:00	WorkerStarted	ExtractSeed02	21612
2026-06-03T18:33:04.0718324+00:00	WorkerControlPipe	ExtractSeed02	meta-orchestration-93847b0d83034cadb965ee93d05a6f63
2026-06-03T18:33:04.0722213+00:00	WorkerLog	ExtractSeed02	stdout=C:\Users\jimmy\Desktop\meta-bi\Samples\Demos\MetaOrchestrationHairballCliIntegration\Runs\hairball-seed-20260530\RunArtifacts\runs\20260603-183303_2d830a7422d34edfb67c3121c397d5c0\logs\ExtractSeed02-21612.stdout.log; stderr=C:\Users\jimmy\Desktop\meta-bi\Samples\Demos\MetaOrchestrationHairballCliIntegration\Runs\hairball-seed-20260530\RunArtifacts\runs\20260603-183303_2d830a7422d34edfb67c3121c397d5c0\logs\ExtractSeed02-21612.stderr.log
2026-06-03T18:33:04.0753079+00:00	WorkerEvent	ExtractSeed01	WorkerOnline; ExitCode=0; online
2026-06-03T18:33:04.0857504+00:00	WorkerStarting	ExtractSeed03	meta-pipeline
2026-06-03T18:33:04.1785716+00:00	WorkerStarted	ExtractSeed03	19820
2026-06-03T18:33:04.1794068+00:00	WorkerControlPipe	ExtractSeed03	meta-orchestration-5061e91c63114902a3be0eea12ab6830
2026-06-03T18:33:04.1799075+00:00	WorkerLog	ExtractSeed03	stdout=C:\Users\jimmy\Desktop\meta-bi\Samples\Demos\MetaOrchestrationHairballCliIntegration\Runs\hairball-seed-20260530\RunArtifacts\runs\20260603-183303_2d830a7422d34edfb67c3121c397d5c0\logs\ExtractSeed03-19820.stdout.log; stderr=C:\Users\jimmy\Desktop\meta-bi\Samples\Demos\MetaOrchestrationHairballCliIntegration\Runs\hairball-seed-20260530\RunArtifacts\runs\20260603-183303_2d830a7422d34edfb67c3121c397d5c0\logs\ExtractSeed03-19820.stderr.log
2026-06-03T18:33:04.1810634+00:00	WorkerEvent	ExtractSeed01	WorkerReady; ExitCode=0; ready
2026-06-03T18:33:04.1895882+00:00	StartPipeline	ExtractSeed01	ExtractSeed01
2026-06-03T18:33:04.1906474+00:00	WorkerEvent	ExtractSeed02	WorkerOnline; ExitCode=0; online
2026-06-03T18:33:04.1915330+00:00	WorkerStarting	ExtractSeed04	meta-pipeline
2026-06-03T18:33:04.2895184+00:00	WorkerStarted	ExtractSeed04	26960
2026-06-03T18:33:04.2898850+00:00	WorkerControlPipe	ExtractSeed04	meta-orchestration-2646083bc81741c3ae8892df48903efc
2026-06-03T18:33:04.2902065+00:00	WorkerLog	ExtractSeed04	stdout=C:\Users\jimmy\Desktop\meta-bi\Samples\Demos\MetaOrchestrationHairballCliIntegration\Runs\hairball-seed-20260530\RunArtifacts\runs\20260603-183303_2d830a7422d34edfb67c3121c397d5c0\logs\ExtractSeed04-26960.stdout.log; stderr=C:\Users\jimmy\Desktop\meta-bi\Samples\Demos\MetaOrchestrationHairballCliIntegration\Runs\hairball-seed-20260530\RunArtifacts\runs\20260603-183303_2d830a7422d34edfb67c3121c397d5c0\logs\ExtractSeed04-26960.stderr.log
2026-06-03T18:33:04.2906293+00:00	WorkerEvent	ExtractSeed02	WorkerReady; ExitCode=0; ready
2026-06-03T18:33:04.2915453+00:00	StartPipeline	ExtractSeed02	ExtractSeed02
2026-06-03T18:33:04.2922499+00:00	WorkerEvent	ExtractSeed03	WorkerOnline; ExitCode=0; online
2026-06-03T18:33:04.2932951+00:00	WorkerStarting	ExtractSeed05	meta-pipeline
2026-06-03T18:33:04.3984013+00:00	WorkerStarted	ExtractSeed05	31496
2026-06-03T18:33:04.3990806+00:00	WorkerControlPipe	ExtractSeed05	meta-orchestration-85950462e79645c691d18fadc5778167
2026-06-03T18:33:04.3994460+00:00	WorkerLog	ExtractSeed05	stdout=C:\Users\jimmy\Desktop\meta-bi\Samples\Demos\MetaOrchestrationHairballCliIntegration\Runs\hairball-seed-20260530\RunArtifacts\runs\20260603-183303_2d830a7422d34edfb67c3121c397d5c0\logs\ExtractSeed05-31496.stdout.log; stderr=C:\Users\jimmy\Desktop\meta-bi\Samples\Demos\MetaOrchestrationHairballCliIntegration\Runs\hairball-seed-20260530\RunArtifacts\runs\20260603-183303_2d830a7422d34edfb67c3121c397d5c0\logs\ExtractSeed05-31496.stderr.log
2026-06-03T18:33:04.4008825+00:00	WorkerEvent	ExtractSeed03	WorkerReady; ExitCode=0; ready
2026-06-03T18:33:04.4022533+00:00	StartPipeline	ExtractSeed03	ExtractSeed03
2026-06-03T18:33:04.4032919+00:00	WorkerEvent	ExtractSeed04	WorkerOnline; ExitCode=0; online
2026-06-03T18:33:04.4045295+00:00	WorkerStarting	ExtractSeed06	meta-pipeline
2026-06-03T18:33:05.4119156+00:00	WorkerStarted	ExtractSeed06	30452
2026-06-03T18:33:05.4124213+00:00	WorkerControlPipe	ExtractSeed06	meta-orchestration-0e700ba0b0b742a88db65fb0179c0bd3
2026-06-03T18:33:05.4128344+00:00	WorkerLog	ExtractSeed06	stdout=C:\Users\jimmy\Desktop\meta-bi\Samples\Demos\MetaOrchestrationHairballCliIntegration\Runs\hairball-seed-20260530\RunArtifacts\runs\20260603-183303_2d830a7422d34edfb67c3121c397d5c0\logs\ExtractSeed06-30452.stdout.log; stderr=C:\Users\jimmy\Desktop\meta-bi\Samples\Demos\MetaOrchestrationHairballCliIntegration\Runs\hairball-seed-20260530\RunArtifacts\runs\20260603-183303_2d830a7422d34edfb67c3121c397d5c0\logs\ExtractSeed06-30452.stderr.log
2026-06-03T18:33:05.4132310+00:00	WorkerEvent	ExtractSeed04	WorkerReady; ExitCode=0; ready
2026-06-03T18:33:05.4142452+00:00	StartPipeline	ExtractSeed04	ExtractSeed04
2026-06-03T18:33:05.4151081+00:00	WorkerEvent	ExtractSeed01	PipelineStarted; ExitCode=0; pipeline started
2026-06-03T18:33:05.4160931+00:00	WorkerEvent	ExtractSeed02	PipelineStarted; ExitCode=0; pipeline started
2026-06-03T18:33:05.4167093+00:00	WorkerEvent	ExtractSeed03	PipelineStarted; ExitCode=0; pipeline started
2026-06-03T18:33:05.4173901+00:00	WorkerEvent	ExtractSeed05	WorkerOnline; ExitCode=0; online
2026-06-03T18:33:05.4180765+00:00	WorkerEvent	ExtractSeed06	WorkerOnline; ExitCode=0; online
2026-06-03T18:33:05.4191355+00:00	WorkerStarting	ExtractSeed07	meta-pipeline
2026-06-03T18:33:06.4322103+00:00	WorkerStarted	ExtractSeed07	25012
2026-06-03T18:33:06.4328519+00:00	WorkerControlPipe	ExtractSeed07	meta-orchestration-9c30ec9964e84101ab2b0b1cfcb19330
2026-06-03T18:33:06.4331107+00:00	WorkerLog	ExtractSeed07	stdout=C:\Users\jimmy\Desktop\meta-bi\Samples\Demos\MetaOrchestrationHairballCliIntegration\Runs\hairball-seed-20260530\RunArtifacts\runs\20260603-183303_2d830a7422d34edfb67c3121c397d5c0\logs\ExtractSeed07-25012.stdout.log; stderr=C:\Users\jimmy\Desktop\meta-bi\Samples\Demos\MetaOrchestrationHairballCliIntegration\Runs\hairball-seed-20260530\RunArtifacts\runs\20260603-183303_2d830a7422d34edfb67c3121c397d5c0\logs\ExtractSeed07-25012.stderr.log
2026-06-03T18:33:06.4338453+00:00	WorkerEvent	ExtractSeed01.extract-seed-01	TaskReady; ExitCode=0; 
2026-06-03T18:33:06.4370206+00:00	WorkerEvent	ExtractSeed02.extract-seed-02	TaskReady; ExitCode=0; 
2026-06-03T18:33:06.4375228+00:00	WorkerEvent	ExtractSeed03.extract-seed-03	TaskReady; ExitCode=0; 
2026-06-03T18:33:06.4380339+00:00	WorkerEvent	ExtractSeed05	WorkerReady; ExitCode=0; ready
2026-06-03T18:33:06.4388583+00:00	StartPipeline	ExtractSeed05	ExtractSeed05
2026-06-03T18:33:06.4393779+00:00	WorkerEvent	ExtractSeed04	PipelineStarted; ExitCode=0; pipeline started
2026-06-03T18:33:06.4399649+00:00	WorkerEvent	ExtractSeed06	WorkerReady; ExitCode=0; ready
2026-06-03T18:33:06.4406064+00:00	StartPipeline	ExtractSeed06	ExtractSeed06
2026-06-03T18:33:06.4410553+00:00	WorkerEvent	ExtractSeed04.extract-seed-04	TaskReady; ExitCode=0; 
2026-06-03T18:33:06.4418167+00:00	WorkerEvent	ExtractSeed07	WorkerOnline; ExitCode=0; online
2026-06-03T18:33:06.4501563+00:00	GrantTask	ExtractSeed01.extract-seed-01	ExtractSeed01.extract-seed-01; GrantId=grant-1; Attempt=1
2026-06-03T18:33:06.4505609+00:00	GrantTask	ExtractSeed02.extract-seed-02	ExtractSeed02.extract-seed-02; GrantId=grant-2; Attempt=1
2026-06-03T18:33:06.4509757+00:00	GrantTask	ExtractSeed03.extract-seed-03	ExtractSeed03.extract-seed-03; GrantId=grant-3; Attempt=1
2026-06-03T18:33:06.4514031+00:00	GrantTask	ExtractSeed04.extract-seed-04	ExtractSeed04.extract-seed-04; GrantId=grant-4; Attempt=1
2026-06-03T18:33:06.4516447+00:00	WorkerStarting	ExtractSeed08	meta-pipeline
2026-06-03T18:33:07.4477597+00:00	WorkerStarted	ExtractSeed08	7964
2026-06-03T18:33:07.4505990+00:00	WorkerControlPipe	ExtractSeed08	meta-orchestration-c2bd6a1d5ced4e0294af509f1788cef3
2026-06-03T18:33:07.4510243+00:00	WorkerLog	ExtractSeed08	stdout=C:\Users\jimmy\Desktop\meta-bi\Samples\Demos\MetaOrchestrationHairballCliIntegration\Runs\hairball-seed-20260530\RunArtifacts\runs\20260603-183303_2d830a7422d34edfb67c3121c397d5c0\logs\ExtractSeed08-7964.stdout.log; stderr=C:\Users\jimmy\Desktop\meta-bi\Samples\Demos\MetaOrchestrationHairballCliIntegration\Runs\hairball-seed-20260530\RunArtifacts\runs\20260603-183303_2d830a7422d34edfb67c3121c397d5c0\logs\ExtractSeed08-7964.stderr.log
2026-06-03T18:33:07.4515439+00:00	WorkerEvent	ExtractSeed01.extract-seed-01	GrantAccepted; ExitCode=0; 
2026-06-03T18:33:07.4534351+00:00	WorkerEvent	ExtractSeed02.extract-seed-02	GrantAccepted; ExitCode=0; 
2026-06-03T18:33:07.4542179+00:00	WorkerEvent	ExtractSeed03.extract-seed-03	GrantAccepted; ExitCode=0; 
2026-06-03T18:33:07.4548182+00:00	WorkerEvent	ExtractSeed04.extract-seed-04	GrantAccepted; ExitCode=0; 
2026-06-03T18:33:07.4554852+00:00	WorkerEvent	ExtractSeed07	WorkerReady; ExitCode=0; ready
2026-06-03T18:33:07.4562612+00:00	StartPipeline	ExtractSeed07	ExtractSeed07
2026-06-03T18:33:07.4570201+00:00	WorkerEvent	ExtractSeed01.extract-seed-01	TaskStarted; ExitCode=0; 
2026-06-03T18:33:07.4585230+00:00	WorkerEvent	ExtractSeed02.extract-seed-02	TaskStarted; ExitCode=0; 
2026-06-03T18:33:07.4591059+00:00	WorkerEvent	ExtractSeed03.extract-seed-03	TaskStarted; ExitCode=0; 
2026-06-03T18:33:07.4599116+00:00	WorkerEvent	ExtractSeed04.extract-seed-04	TaskStarted; ExitCode=0; 
2026-06-03T18:33:07.4609323+00:00	WorkerEvent	ExtractSeed05	PipelineStarted; ExitCode=0; pipeline started
2026-06-03T18:33:07.4619720+00:00	WorkerEvent	ExtractSeed06	PipelineStarted; ExitCode=0; pipeline started
2026-06-03T18:33:07.4627137+00:00	WorkerEvent	ExtractSeed08	WorkerOnline; ExitCode=0; online
2026-06-03T18:33:07.4654774+00:00	WorkerStarting	AuditHairball	meta-pipeline
2026-06-03T18:33:07.9201341+00:00	WorkerStarted	AuditHairball	6540
2026-06-03T18:33:07.9205970+00:00	WorkerControlPipe	AuditHairball	meta-orchestration-a4e8c43bd8f74ee9979bca7fdb7f3d7a
2026-06-03T18:33:07.9209198+00:00	WorkerLog	AuditHairball	stdout=C:\Users\jimmy\Desktop\meta-bi\Samples\Demos\MetaOrchestrationHairballCliIntegration\Runs\hairball-seed-20260530\RunArtifacts\runs\20260603-183303_2d830a7422d34edfb67c3121c397d5c0\logs\AuditHairball-6540.stdout.log; stderr=C:\Users\jimmy\Desktop\meta-bi\Samples\Demos\MetaOrchestrationHairballCliIntegration\Runs\hairball-seed-20260530\RunArtifacts\runs\20260603-183303_2d830a7422d34edfb67c3121c397d5c0\logs\AuditHairball-6540.stderr.log
2026-06-03T18:33:07.9216399+00:00	WorkerEvent	ExtractSeed01.extract-seed-01	TaskSucceeded; ExitCode=0; 
2026-06-03T18:33:07.9274350+00:00	TaskSucceeded	ExtractSeed01.extract-seed-01	0
2026-06-03T18:33:07.9279059+00:00	WorkerEvent	ExtractSeed02.extract-seed-02	TaskSucceeded; ExitCode=0; 
2026-06-03T18:33:07.9287066+00:00	TaskSucceeded	ExtractSeed02.extract-seed-02	0
2026-06-03T18:33:07.9291577+00:00	WorkerEvent	ExtractSeed03.extract-seed-03	TaskSucceeded; ExitCode=0; 
2026-06-03T18:33:07.9298445+00:00	TaskSucceeded	ExtractSeed03.extract-seed-03	0
2026-06-03T18:33:07.9301664+00:00	WorkerEvent	ExtractSeed04.extract-seed-04	TaskSucceeded; ExitCode=0; 
2026-06-03T18:33:07.9307030+00:00	TaskSucceeded	ExtractSeed04.extract-seed-04	0
2026-06-03T18:33:07.9310238+00:00	WorkerEvent	ExtractSeed05.extract-seed-05	TaskReady; ExitCode=0; 
2026-06-03T18:33:07.9315847+00:00	WorkerEvent	ExtractSeed06.extract-seed-06	TaskReady; ExitCode=0; 
2026-06-03T18:33:07.9322096+00:00	WorkerEvent	ExtractSeed08	WorkerReady; ExitCode=0; ready
2026-06-03T18:33:07.9329628+00:00	StartPipeline	ExtractSeed08	ExtractSeed08
2026-06-03T18:33:07.9336509+00:00	WorkerEvent	AuditHairball	WorkerOnline; ExitCode=0; online
2026-06-03T18:33:07.9361028+00:00	WorkerProcessExited	ExtractSeed01	ExitCode=0; worker process exited
2026-06-03T18:33:07.9451228+00:00	PipelineCompleted	ExtractSeed01	
2026-06-03T18:33:07.9456627+00:00	WorkerEvent	AuditHairball	WorkerReady; ExitCode=0; ready
2026-06-03T18:33:07.9464279+00:00	StartPipeline	AuditHairball	AuditHairball
2026-06-03T18:33:07.9470900+00:00	WorkerProcessExited	ExtractSeed02	ExitCode=0; worker process exited
2026-06-03T18:33:07.9477022+00:00	PipelineCompleted	ExtractSeed02	
2026-06-03T18:33:07.9480538+00:00	WorkerProcessExited	ExtractSeed03	ExitCode=0; worker process exited
2026-06-03T18:33:07.9486283+00:00	PipelineCompleted	ExtractSeed03	
2026-06-03T18:33:07.9490320+00:00	WorkerProcessExited	ExtractSeed04	ExitCode=0; worker process exited
2026-06-03T18:33:07.9496487+00:00	PipelineCompleted	ExtractSeed04	
2026-06-03T18:33:07.9518456+00:00	GrantTask	ExtractSeed05.extract-seed-05	ExtractSeed05.extract-seed-05; GrantId=grant-5; Attempt=1
2026-06-03T18:33:07.9524749+00:00	GrantTask	ExtractSeed06.extract-seed-06	ExtractSeed06.extract-seed-06; GrantId=grant-6; Attempt=1
2026-06-03T18:33:07.9528649+00:00	WorkerStarting	BridgeL01L02	meta-pipeline
2026-06-03T18:33:08.0538056+00:00	WorkerStarted	BridgeL01L02	3780
2026-06-03T18:33:08.0542508+00:00	WorkerControlPipe	BridgeL01L02	meta-orchestration-a634411a548c49d9af62aae4f94aba11
2026-06-03T18:33:08.0547496+00:00	WorkerLog	BridgeL01L02	stdout=C:\Users\jimmy\Desktop\meta-bi\Samples\Demos\MetaOrchestrationHairballCliIntegration\Runs\hairball-seed-20260530\RunArtifacts\runs\20260603-183303_2d830a7422d34edfb67c3121c397d5c0\logs\BridgeL01L02-3780.stdout.log; stderr=C:\Users\jimmy\Desktop\meta-bi\Samples\Demos\MetaOrchestrationHairballCliIntegration\Runs\hairball-seed-20260530\RunArtifacts\runs\20260603-183303_2d830a7422d34edfb67c3121c397d5c0\logs\BridgeL01L02-3780.stderr.log
2026-06-03T18:33:08.0553121+00:00	WorkerEvent	ExtractSeed05.extract-seed-05	GrantAccepted; ExitCode=0; 
2026-06-03T18:33:08.0565641+00:00	WorkerEvent	ExtractSeed06.extract-seed-06	GrantAccepted; ExitCode=0; 
2026-06-03T18:33:08.0573506+00:00	WorkerEvent	ExtractSeed05.extract-seed-05	TaskStarted; ExitCode=0; 
2026-06-03T18:33:08.0582742+00:00	WorkerEvent	ExtractSeed06.extract-seed-06	TaskStarted; ExitCode=0; 
2026-06-03T18:33:08.0589659+00:00	WorkerEvent	ExtractSeed07	PipelineStarted; ExitCode=0; pipeline started
2026-06-03T18:33:08.0623780+00:00	WorkerStarting	BridgeL03L04	meta-pipeline
2026-06-03T18:33:08.2015030+00:00	WorkerStarted	BridgeL03L04	24496
2026-06-03T18:33:08.2020346+00:00	WorkerControlPipe	BridgeL03L04	meta-orchestration-09f6ae2b8dbd40acab0bae3a97d2c31d
2026-06-03T18:33:08.2024409+00:00	WorkerLog	BridgeL03L04	stdout=C:\Users\jimmy\Desktop\meta-bi\Samples\Demos\MetaOrchestrationHairballCliIntegration\Runs\hairball-seed-20260530\RunArtifacts\runs\20260603-183303_2d830a7422d34edfb67c3121c397d5c0\logs\BridgeL03L04-24496.stdout.log; stderr=C:\Users\jimmy\Desktop\meta-bi\Samples\Demos\MetaOrchestrationHairballCliIntegration\Runs\hairball-seed-20260530\RunArtifacts\runs\20260603-183303_2d830a7422d34edfb67c3121c397d5c0\logs\BridgeL03L04-24496.stderr.log
2026-06-03T18:33:08.2029436+00:00	WorkerEvent	BridgeL01L02	WorkerOnline; ExitCode=0; online
2026-06-03T18:33:08.2037713+00:00	WorkerEvent	ExtractSeed07.extract-seed-07	TaskReady; ExitCode=0; 
2026-06-03T18:33:08.2044526+00:00	WorkerEvent	BridgeL01L02	WorkerReady; ExitCode=0; ready
2026-06-03T18:33:08.2113654+00:00	StartPipeline	BridgeL01L02	BridgeL01L02
2026-06-03T18:33:08.2173498+00:00	GrantTask	ExtractSeed07.extract-seed-07	ExtractSeed07.extract-seed-07; GrantId=grant-7; Attempt=1
2026-06-03T18:33:08.2178589+00:00	WorkerStarting	BridgeL05L06	meta-pipeline
2026-06-03T18:33:08.6481827+00:00	WorkerStarted	BridgeL05L06	8152
2026-06-03T18:33:08.6486481+00:00	WorkerControlPipe	BridgeL05L06	meta-orchestration-d53cd40461e249fca6483833c7f2331c
2026-06-03T18:33:08.6489568+00:00	WorkerLog	BridgeL05L06	stdout=C:\Users\jimmy\Desktop\meta-bi\Samples\Demos\MetaOrchestrationHairballCliIntegration\Runs\hairball-seed-20260530\RunArtifacts\runs\20260603-183303_2d830a7422d34edfb67c3121c397d5c0\logs\BridgeL05L06-8152.stdout.log; stderr=C:\Users\jimmy\Desktop\meta-bi\Samples\Demos\MetaOrchestrationHairballCliIntegration\Runs\hairball-seed-20260530\RunArtifacts\runs\20260603-183303_2d830a7422d34edfb67c3121c397d5c0\logs\BridgeL05L06-8152.stderr.log
2026-06-03T18:33:08.6494152+00:00	WorkerEvent	BridgeL03L04	WorkerOnline; ExitCode=0; online
2026-06-03T18:33:08.6502950+00:00	WorkerEvent	BridgeL05L06	WorkerOnline; ExitCode=0; online
2026-06-03T18:33:08.6509409+00:00	WorkerEvent	BridgeL03L04	WorkerReady; ExitCode=0; ready
2026-06-03T18:33:08.6553433+00:00	StartPipeline	BridgeL03L04	BridgeL03L04
2026-06-03T18:33:08.6562851+00:00	WorkerEvent	BridgeL05L06	WorkerReady; ExitCode=0; ready
2026-06-03T18:33:08.6572181+00:00	StartPipeline	BridgeL05L06	BridgeL05L06
2026-06-03T18:33:08.6578299+00:00	WorkerEvent	ExtractSeed05.extract-seed-05	TaskSucceeded; ExitCode=0; 
2026-06-03T18:33:08.6584144+00:00	TaskSucceeded	ExtractSeed05.extract-seed-05	0
2026-06-03T18:33:08.6588049+00:00	WorkerEvent	ExtractSeed06.extract-seed-06	TaskSucceeded; ExitCode=0; 
2026-06-03T18:33:08.6595647+00:00	TaskSucceeded	ExtractSeed06.extract-seed-06	0
2026-06-03T18:33:08.6602181+00:00	WorkerEvent	ExtractSeed07.extract-seed-07	GrantAccepted; ExitCode=0; 
2026-06-03T18:33:08.6609105+00:00	WorkerEvent	AuditHairball	PipelineStarted; ExitCode=0; pipeline started
2026-06-03T18:33:08.6615917+00:00	WorkerEvent	ExtractSeed07.extract-seed-07	TaskStarted; ExitCode=0; 
2026-06-03T18:33:08.6622097+00:00	WorkerEvent	AuditHairball.audit-hairball	TaskReady; ExitCode=0; 
2026-06-03T18:33:08.6628839+00:00	WorkerProcessExited	ExtractSeed05	ExitCode=0; worker process exited
2026-06-03T18:33:08.6637450+00:00	PipelineCompleted	ExtractSeed05	
2026-06-03T18:33:08.6641084+00:00	WorkerProcessExited	ExtractSeed06	ExitCode=0; worker process exited
2026-06-03T18:33:08.6649026+00:00	PipelineCompleted	ExtractSeed06	
2026-06-03T18:33:08.6665184+00:00	WorkerStarting	BridgeL07L08	meta-pipeline
2026-06-03T18:33:08.7796306+00:00	WorkerStarted	BridgeL07L08	30940
2026-06-03T18:33:08.7800573+00:00	WorkerControlPipe	BridgeL07L08	meta-orchestration-50e39a88b44048238b45f1e953874b6d
2026-06-03T18:33:08.7803713+00:00	WorkerLog	BridgeL07L08	stdout=C:\Users\jimmy\Desktop\meta-bi\Samples\Demos\MetaOrchestrationHairballCliIntegration\Runs\hairball-seed-20260530\RunArtifacts\runs\20260603-183303_2d830a7422d34edfb67c3121c397d5c0\logs\BridgeL07L08-30940.stdout.log; stderr=C:\Users\jimmy\Desktop\meta-bi\Samples\Demos\MetaOrchestrationHairballCliIntegration\Runs\hairball-seed-20260530\RunArtifacts\runs\20260603-183303_2d830a7422d34edfb67c3121c397d5c0\logs\BridgeL07L08-30940.stderr.log
2026-06-03T18:33:08.7807675+00:00	WorkerEvent	ExtractSeed08	PipelineStarted; ExitCode=0; pipeline started
2026-06-03T18:33:08.7827462+00:00	WorkerStarting	CompositeMart	meta-pipeline
2026-06-03T18:33:09.0931033+00:00	WorkerStarted	CompositeMart	20060
2026-06-03T18:33:09.0936967+00:00	WorkerControlPipe	CompositeMart	meta-orchestration-ca034fc82b494e119d4249ce2b9a35da
2026-06-03T18:33:09.0940594+00:00	WorkerLog	CompositeMart	stdout=C:\Users\jimmy\Desktop\meta-bi\Samples\Demos\MetaOrchestrationHairballCliIntegration\Runs\hairball-seed-20260530\RunArtifacts\runs\20260603-183303_2d830a7422d34edfb67c3121c397d5c0\logs\CompositeMart-20060.stdout.log; stderr=C:\Users\jimmy\Desktop\meta-bi\Samples\Demos\MetaOrchestrationHairballCliIntegration\Runs\hairball-seed-20260530\RunArtifacts\runs\20260603-183303_2d830a7422d34edfb67c3121c397d5c0\logs\CompositeMart-20060.stderr.log
2026-06-03T18:33:09.0944672+00:00	WorkerEvent	BridgeL07L08	WorkerOnline; ExitCode=0; online
2026-06-03T18:33:09.0951219+00:00	WorkerEvent	ExtractSeed08.extract-seed-08	TaskReady; ExitCode=0; 
2026-06-03T18:33:09.0971839+00:00	GrantTask	ExtractSeed08.extract-seed-08	ExtractSeed08.extract-seed-08; GrantId=grant-8; Attempt=1
2026-06-03T18:33:09.0980332+00:00	WorkerStarting	Layer01Hub	meta-pipeline
2026-06-03T18:33:09.9992296+00:00	WorkerStarted	Layer01Hub	17236
2026-06-03T18:33:09.9997067+00:00	WorkerControlPipe	Layer01Hub	meta-orchestration-0deb703a6a9c45ecbcad20b1a169ea00
2026-06-03T18:33:10.0000242+00:00	WorkerLog	Layer01Hub	stdout=C:\Users\jimmy\Desktop\meta-bi\Samples\Demos\MetaOrchestrationHairballCliIntegration\Runs\hairball-seed-20260530\RunArtifacts\runs\20260603-183303_2d830a7422d34edfb67c3121c397d5c0\logs\Layer01Hub-17236.stdout.log; stderr=C:\Users\jimmy\Desktop\meta-bi\Samples\Demos\MetaOrchestrationHairballCliIntegration\Runs\hairball-seed-20260530\RunArtifacts\runs\20260603-183303_2d830a7422d34edfb67c3121c397d5c0\logs\Layer01Hub-17236.stderr.log
2026-06-03T18:33:10.0003871+00:00	WorkerEvent	BridgeL01L02	PipelineStarted; ExitCode=0; pipeline started
2026-06-03T18:33:10.0008762+00:00	WorkerEvent	CompositeMart	WorkerOnline; ExitCode=0; online
2026-06-03T18:33:10.0014838+00:00	WorkerEvent	BridgeL07L08	WorkerReady; ExitCode=0; ready
2026-06-03T18:33:10.0020969+00:00	StartPipeline	BridgeL07L08	BridgeL07L08
2026-06-03T18:33:10.0025698+00:00	WorkerEvent	Layer01Hub	WorkerOnline; ExitCode=0; online
2026-06-03T18:33:10.0030504+00:00	WorkerEvent	BridgeL05L06	PipelineStarted; ExitCode=0; pipeline started
2026-06-03T18:33:10.0036481+00:00	WorkerEvent	BridgeL03L04	PipelineStarted; ExitCode=0; pipeline started
2026-06-03T18:33:10.0041627+00:00	WorkerEvent	BridgeL01L02.bridge-l01-l02-collect	TaskReady; ExitCode=0; 
2026-06-03T18:33:10.0046809+00:00	WorkerEvent	CompositeMart	WorkerReady; ExitCode=0; ready
2026-06-03T18:33:10.0053235+00:00	StartPipeline	CompositeMart	CompositeMart
2026-06-03T18:33:10.0058463+00:00	WorkerEvent	Layer01Hub	WorkerReady; ExitCode=0; ready
2026-06-03T18:33:11.0164497+00:00	StartPipeline	Layer01Hub	Layer01Hub
2026-06-03T18:33:11.0171859+00:00	WorkerEvent	BridgeL05L06.bridge-l05-l06-collect	TaskReady; ExitCode=0; 
2026-06-03T18:33:11.0177022+00:00	WorkerEvent	BridgeL03L04.bridge-l03-l04-collect	TaskReady; ExitCode=0; 
2026-06-03T18:33:11.0182510+00:00	WorkerEvent	ExtractSeed07.extract-seed-07	TaskSucceeded; ExitCode=0; 
2026-06-03T18:33:11.0188287+00:00	TaskSucceeded	ExtractSeed07.extract-seed-07	0
2026-06-03T18:33:11.0191170+00:00	WorkerEvent	ExtractSeed08.extract-seed-08	GrantAccepted; ExitCode=0; 
2026-06-03T18:33:11.0196722+00:00	WorkerProcessExited	ExtractSeed07	ExitCode=0; worker process exited
2026-06-03T18:33:11.0202019+00:00	PipelineCompleted	ExtractSeed07	
2026-06-03T18:33:11.0211686+00:00	WorkerStarting	Layer01Node06	meta-pipeline
2026-06-03T18:33:12.0307209+00:00	WorkerStarted	Layer01Node06	24536
2026-06-03T18:33:12.0311646+00:00	WorkerControlPipe	Layer01Node06	meta-orchestration-ee7d2c9222654a7681086a5fcd9e441e
2026-06-03T18:33:12.0314649+00:00	WorkerLog	Layer01Node06	stdout=C:\Users\jimmy\Desktop\meta-bi\Samples\Demos\MetaOrchestrationHairballCliIntegration\Runs\hairball-seed-20260530\RunArtifacts\runs\20260603-183303_2d830a7422d34edfb67c3121c397d5c0\logs\Layer01Node06-24536.stdout.log; stderr=C:\Users\jimmy\Desktop\meta-bi\Samples\Demos\MetaOrchestrationHairballCliIntegration\Runs\hairball-seed-20260530\RunArtifacts\runs\20260603-183303_2d830a7422d34edfb67c3121c397d5c0\logs\Layer01Node06-24536.stderr.log
2026-06-03T18:33:12.0318718+00:00	WorkerEvent	Layer01Hub	PipelineStarted; ExitCode=0; pipeline started
2026-06-03T18:33:12.0324256+00:00	WorkerEvent	CompositeMart	PipelineStarted; ExitCode=0; pipeline started
2026-06-03T18:33:12.0330315+00:00	WorkerEvent	BridgeL07L08	PipelineStarted; ExitCode=0; pipeline started
2026-06-03T18:33:12.0336015+00:00	WorkerEvent	ExtractSeed08.extract-seed-08	TaskStarted; ExitCode=0; 
2026-06-03T18:33:12.0354495+00:00	WorkerStarting	Layer01Node01	meta-pipeline
2026-06-03T18:33:13.0458959+00:00	WorkerStarted	Layer01Node01	7388
2026-06-03T18:33:13.0462363+00:00	WorkerControlPipe	Layer01Node01	meta-orchestration-bcaf1cf4623c4e60a07129ae62f90145
2026-06-03T18:33:13.0465435+00:00	WorkerLog	Layer01Node01	stdout=C:\Users\jimmy\Desktop\meta-bi\Samples\Demos\MetaOrchestrationHairballCliIntegration\Runs\hairball-seed-20260530\RunArtifacts\runs\20260603-183303_2d830a7422d34edfb67c3121c397d5c0\logs\Layer01Node01-7388.stdout.log; stderr=C:\Users\jimmy\Desktop\meta-bi\Samples\Demos\MetaOrchestrationHairballCliIntegration\Runs\hairball-seed-20260530\RunArtifacts\runs\20260603-183303_2d830a7422d34edfb67c3121c397d5c0\logs\Layer01Node01-7388.stderr.log
2026-06-03T18:33:13.0469050+00:00	WorkerEvent	Layer01Hub.hub-l01-stage	TaskReady; ExitCode=0; 
2026-06-03T18:33:13.0475232+00:00	WorkerEvent	CompositeMart.composite-stage	TaskReady; ExitCode=0; 
2026-06-03T18:33:13.0481631+00:00	WorkerEvent	BridgeL07L08.bridge-l07-l08-collect	TaskReady; ExitCode=0; 
2026-06-03T18:33:13.0487411+00:00	WorkerEvent	Layer01Node06	WorkerOnline; ExitCode=0; online
2026-06-03T18:33:13.0493469+00:00	WorkerEvent	ExtractSeed08.extract-seed-08	TaskSucceeded; ExitCode=0; 
2026-06-03T18:33:13.0499269+00:00	TaskSucceeded	ExtractSeed08.extract-seed-08	0
2026-06-03T18:33:13.0504104+00:00	WorkerProcessExited	ExtractSeed08	ExitCode=0; worker process exited
2026-06-03T18:33:13.0511072+00:00	PipelineCompleted	ExtractSeed08	
2026-06-03T18:33:13.0518713+00:00	WorkerStarting	Layer01Node07	meta-pipeline
2026-06-03T18:33:14.0641039+00:00	WorkerStarted	Layer01Node07	6796
2026-06-03T18:33:14.0660839+00:00	WorkerControlPipe	Layer01Node07	meta-orchestration-9d6f8d774f384545bcfc55f39253d484
2026-06-03T18:33:14.0673830+00:00	WorkerLog	Layer01Node07	stdout=C:\Users\jimmy\Desktop\meta-bi\Samples\Demos\MetaOrchestrationHairballCliIntegration\Runs\hairball-seed-20260530\RunArtifacts\runs\20260603-183303_2d830a7422d34edfb67c3121c397d5c0\logs\Layer01Node07-6796.stdout.log; stderr=C:\Users\jimmy\Desktop\meta-bi\Samples\Demos\MetaOrchestrationHairballCliIntegration\Runs\hairball-seed-20260530\RunArtifacts\runs\20260603-183303_2d830a7422d34edfb67c3121c397d5c0\logs\Layer01Node07-6796.stderr.log
2026-06-03T18:33:14.0679131+00:00	WorkerEvent	Layer01Node06	WorkerReady; ExitCode=0; ready
2026-06-03T18:33:14.0689481+00:00	StartPipeline	Layer01Node06	Layer01Node06
2026-06-03T18:33:14.0695628+00:00	WorkerEvent	Layer01Node07	WorkerOnline; ExitCode=0; online
2026-06-03T18:33:14.0702949+00:00	WorkerEvent	Layer01Node01	WorkerOnline; ExitCode=0; online
2026-06-03T18:33:14.0712560+00:00	WorkerStarting	Layer03Node09	meta-pipeline
2026-06-03T18:33:15.0773671+00:00	WorkerStarted	Layer03Node09	29728
2026-06-03T18:33:15.0778512+00:00	WorkerControlPipe	Layer03Node09	meta-orchestration-c5858e3e28a94b72a5443e4ec53acb0d
2026-06-03T18:33:15.0781589+00:00	WorkerLog	Layer03Node09	stdout=C:\Users\jimmy\Desktop\meta-bi\Samples\Demos\MetaOrchestrationHairballCliIntegration\Runs\hairball-seed-20260530\RunArtifacts\runs\20260603-183303_2d830a7422d34edfb67c3121c397d5c0\logs\Layer03Node09-29728.stdout.log; stderr=C:\Users\jimmy\Desktop\meta-bi\Samples\Demos\MetaOrchestrationHairballCliIntegration\Runs\hairball-seed-20260530\RunArtifacts\runs\20260603-183303_2d830a7422d34edfb67c3121c397d5c0\logs\Layer03Node09-29728.stderr.log
2026-06-03T18:33:15.0784965+00:00	WorkerEvent	Layer01Node07	WorkerReady; ExitCode=0; ready
2026-06-03T18:33:15.0790945+00:00	StartPipeline	Layer01Node07	Layer01Node07
2026-06-03T18:33:15.0797184+00:00	WorkerEvent	Layer01Node06	PipelineStarted; ExitCode=0; pipeline started
2026-06-03T18:33:15.0803603+00:00	WorkerEvent	Layer01Node01	WorkerReady; ExitCode=0; ready
2026-06-03T18:33:15.0810780+00:00	StartPipeline	Layer01Node01	Layer01Node01
2026-06-03T18:33:15.0816194+00:00	WorkerEvent	Layer01Node06.refresh-l01-n06	TaskReady; ExitCode=0; 
2026-06-03T18:33:15.0821650+00:00	WorkerEvent	Layer03Node09	WorkerOnline; ExitCode=0; online
2026-06-03T18:33:15.0839703+00:00	GrantTask	Layer01Node06.refresh-l01-n06	Layer01Node06.refresh-l01-n06; GrantId=grant-9; Attempt=1
2026-06-03T18:33:15.0843626+00:00	WorkerStarting	Layer01Node02	meta-pipeline
2026-06-03T18:33:16.0916457+00:00	WorkerStarted	Layer01Node02	24212
2026-06-03T18:33:16.0919934+00:00	WorkerControlPipe	Layer01Node02	meta-orchestration-00489d72300d4ca0be6fd585ba3eb9cd
2026-06-03T18:33:16.0923631+00:00	WorkerLog	Layer01Node02	stdout=C:\Users\jimmy\Desktop\meta-bi\Samples\Demos\MetaOrchestrationHairballCliIntegration\Runs\hairball-seed-20260530\RunArtifacts\runs\20260603-183303_2d830a7422d34edfb67c3121c397d5c0\logs\Layer01Node02-24212.stdout.log; stderr=C:\Users\jimmy\Desktop\meta-bi\Samples\Demos\MetaOrchestrationHairballCliIntegration\Runs\hairball-seed-20260530\RunArtifacts\runs\20260603-183303_2d830a7422d34edfb67c3121c397d5c0\logs\Layer01Node02-24212.stderr.log
2026-06-03T18:33:16.0927862+00:00	WorkerEvent	Layer01Node06.refresh-l01-n06	GrantAccepted; ExitCode=0; 
2026-06-03T18:33:16.0961922+00:00	WorkerEvent	Layer03Node09	WorkerReady; ExitCode=0; ready
2026-06-03T18:33:16.0971783+00:00	StartPipeline	Layer03Node09	Layer03Node09
2026-06-03T18:33:16.0980356+00:00	WorkerEvent	Layer01Node06.refresh-l01-n06	TaskStarted; ExitCode=0; 
2026-06-03T18:33:16.0987073+00:00	WorkerEvent	Layer01Node07	PipelineStarted; ExitCode=0; pipeline started
2026-06-03T18:33:16.0994469+00:00	WorkerEvent	Layer01Node01	PipelineStarted; ExitCode=0; pipeline started
2026-06-03T18:33:16.1001684+00:00	WorkerEvent	Layer01Node02	WorkerOnline; ExitCode=0; online
2026-06-03T18:33:16.1109892+00:00	WorkerEvent	Layer01Node07.refresh-l01-n07	TaskReady; ExitCode=0; 
2026-06-03T18:33:16.1142041+00:00	GrantTask	Layer01Node07.refresh-l01-n07	Layer01Node07.refresh-l01-n07; GrantId=grant-10; Attempt=1
2026-06-03T18:33:16.1147755+00:00	WorkerEvent	Layer01Node01.export-l01-n01	TaskReady; ExitCode=0; 
2026-06-03T18:33:16.1159149+00:00	WorkerEvent	Layer01Node02	WorkerReady; ExitCode=0; ready
2026-06-03T18:33:16.1169542+00:00	StartPipeline	Layer01Node02	Layer01Node02
2026-06-03T18:33:16.1176970+00:00	WorkerEvent	Layer01Node07.refresh-l01-n07	GrantAccepted; ExitCode=0; 
2026-06-03T18:33:16.1201329+00:00	GrantTask	Layer01Node01.export-l01-n01	Layer01Node01.export-l01-n01; GrantId=grant-11; Attempt=1
2026-06-03T18:33:16.1209368+00:00	WorkerEvent	Layer01Node07.refresh-l01-n07	TaskStarted; ExitCode=0; 
2026-06-03T18:33:16.1254248+00:00	WorkerEvent	Layer01Node01.export-l01-n01	GrantAccepted; ExitCode=0; 
2026-06-03T18:33:16.1296191+00:00	WorkerEvent	Layer01Node01.export-l01-n01	TaskStarted; ExitCode=0; 
2026-06-03T18:33:16.5571318+00:00	WorkerEvent	Layer01Node07.refresh-l01-n07	TaskSucceeded; ExitCode=0; 
2026-06-03T18:33:16.5579760+00:00	TaskSucceeded	Layer01Node07.refresh-l01-n07	0
2026-06-03T18:33:16.5583372+00:00	WorkerEvent	Layer01Node06.refresh-l01-n06	TaskSucceeded; ExitCode=0; 
2026-06-03T18:33:16.5590501+00:00	TaskSucceeded	Layer01Node06.refresh-l01-n06	0
2026-06-03T18:33:16.5616845+00:00	WorkerDeferredForCapacity	AuditHairball	Deferred by orchestration to honor max active worker process capacity.
2026-06-03T18:33:16.5622059+00:00	StopPipeline	AuditHairball	Deferred by orchestration to honor max active worker process capacity.
2026-06-03T18:33:16.5629393+00:00	WorkerProcessExited	Layer01Node06	ExitCode=0; worker process exited
2026-06-03T18:33:16.5639127+00:00	PipelineCompleted	Layer01Node06	
2026-06-03T18:33:16.5643499+00:00	WorkerProcessExited	Layer01Node07	ExitCode=0; worker process exited
2026-06-03T18:33:16.5650965+00:00	PipelineCompleted	Layer01Node07	
2026-06-03T18:33:16.5658600+00:00	WorkerStarting	Layer02Node03	meta-pipeline
2026-06-03T18:33:16.6599063+00:00	WorkerStarted	Layer02Node03	9128
2026-06-03T18:33:16.6602423+00:00	WorkerControlPipe	Layer02Node03	meta-orchestration-b87687278ad34c6eb290f00f953015a4
2026-06-03T18:33:16.6605428+00:00	WorkerLog	Layer02Node03	stdout=C:\Users\jimmy\Desktop\meta-bi\Samples\Demos\MetaOrchestrationHairballCliIntegration\Runs\hairball-seed-20260530\RunArtifacts\runs\20260603-183303_2d830a7422d34edfb67c3121c397d5c0\logs\Layer02Node03-9128.stdout.log; stderr=C:\Users\jimmy\Desktop\meta-bi\Samples\Demos\MetaOrchestrationHairballCliIntegration\Runs\hairball-seed-20260530\RunArtifacts\runs\20260603-183303_2d830a7422d34edfb67c3121c397d5c0\logs\Layer02Node03-9128.stderr.log
2026-06-03T18:33:16.6609281+00:00	WorkerEvent	AuditHairball	Closed; ExitCode=0; 
2026-06-03T18:33:16.6614069+00:00	WorkerProcessExited	AuditHairball	ExitCode=0; worker process exited
2026-06-03T18:33:16.6629278+00:00	WorkerDeferred	AuditHairball	ResumeTaskId=AuditHairball.audit-hairball
2026-06-03T18:33:16.6633216+00:00	WorkerEvent	Layer03Node09	PipelineStarted; ExitCode=0; pipeline started
2026-06-03T18:33:16.6652778+00:00	WorkerResuming	AuditHairball	ResumeTaskId=AuditHairball.audit-hairball; Executable=meta-pipeline
2026-06-03T18:33:16.7459855+00:00	WorkerStarted	AuditHairball	23972
2026-06-03T18:33:16.7463604+00:00	WorkerControlPipe	AuditHairball	meta-orchestration-fc36a8bced5a4ccf8157797b9dc05ade
2026-06-03T18:33:16.7465831+00:00	WorkerLog	AuditHairball	stdout=C:\Users\jimmy\Desktop\meta-bi\Samples\Demos\MetaOrchestrationHairballCliIntegration\Runs\hairball-seed-20260530\RunArtifacts\runs\20260603-183303_2d830a7422d34edfb67c3121c397d5c0\logs\AuditHairball-23972.stdout.log; stderr=C:\Users\jimmy\Desktop\meta-bi\Samples\Demos\MetaOrchestrationHairballCliIntegration\Runs\hairball-seed-20260530\RunArtifacts\runs\20260603-183303_2d830a7422d34edfb67c3121c397d5c0\logs\AuditHairball-23972.stderr.log
2026-06-03T18:33:16.7468451+00:00	WorkerEvent	Layer02Node03	WorkerOnline; ExitCode=0; online
2026-06-03T18:33:16.7475089+00:00	WorkerEvent	Layer01Node01.export-l01-n01	TaskSucceeded; ExitCode=0; 
2026-06-03T18:33:16.7480911+00:00	TaskSucceeded	Layer01Node01.export-l01-n01	0
2026-06-03T18:33:16.7483967+00:00	WorkerEvent	Layer02Node03	WorkerReady; ExitCode=0; ready
2026-06-03T18:33:16.7504160+00:00	StartPipeline	Layer02Node03	Layer02Node03
2026-06-03T18:33:16.7510602+00:00	WorkerEvent	Layer03Node09.refresh-l03-n09	TaskReady; ExitCode=0; 
2026-06-03T18:33:16.7515531+00:00	WorkerEvent	Layer01Node02	PipelineStarted; ExitCode=0; pipeline started
2026-06-03T18:33:16.7520900+00:00	WorkerProcessExited	Layer01Node01	ExitCode=0; worker process exited
2026-06-03T18:33:16.7528765+00:00	PipelineCompleted	Layer01Node01	
2026-06-03T18:33:16.7532555+00:00	WorkerEvent	Layer01Node02.select-l01-n02	TaskReady; ExitCode=0; 
2026-06-03T18:33:16.7549090+00:00	GrantTask	Layer01Node02.select-l01-n02	Layer01Node02.select-l01-n02; GrantId=grant-12; Attempt=1
2026-06-03T18:33:16.7556992+00:00	GrantTask	Layer03Node09.refresh-l03-n09	Layer03Node09.refresh-l03-n09; GrantId=grant-13; Attempt=1
2026-06-03T18:33:16.7561084+00:00	WorkerStarting	Layer01Node04	meta-pipeline
2026-06-03T18:33:16.8364379+00:00	WorkerStarted	Layer01Node04	26252
2026-06-03T18:33:16.8367554+00:00	WorkerControlPipe	Layer01Node04	meta-orchestration-f3db83ffccb64e8a8092523621adc587
2026-06-03T18:33:16.8370346+00:00	WorkerLog	Layer01Node04	stdout=C:\Users\jimmy\Desktop\meta-bi\Samples\Demos\MetaOrchestrationHairballCliIntegration\Runs\hairball-seed-20260530\RunArtifacts\runs\20260603-183303_2d830a7422d34edfb67c3121c397d5c0\logs\Layer01Node04-26252.stdout.log; stderr=C:\Users\jimmy\Desktop\meta-bi\Samples\Demos\MetaOrchestrationHairballCliIntegration\Runs\hairball-seed-20260530\RunArtifacts\runs\20260603-183303_2d830a7422d34edfb67c3121c397d5c0\logs\Layer01Node04-26252.stderr.log
2026-06-03T18:33:16.8374137+00:00	WorkerEvent	AuditHairball	WorkerOnline; ExitCode=0; online
2026-06-03T18:33:16.8383717+00:00	WorkerEvent	Layer03Node09.refresh-l03-n09	GrantAccepted; ExitCode=0; 
2026-06-03T18:33:16.8395801+00:00	WorkerEvent	Layer01Node02.select-l01-n02	GrantAccepted; ExitCode=0; 
2026-06-03T18:33:16.8421361+00:00	WorkerStarting	Layer01Node03	meta-pipeline
2026-06-03T18:33:17.6221830+00:00	WorkerStarted	Layer01Node03	26692
2026-06-03T18:33:17.6226173+00:00	WorkerControlPipe	Layer01Node03	meta-orchestration-90c7f4f5e51e44c6946f03c7d2f6e9d3
2026-06-03T18:33:17.6229555+00:00	WorkerLog	Layer01Node03	stdout=C:\Users\jimmy\Desktop\meta-bi\Samples\Demos\MetaOrchestrationHairballCliIntegration\Runs\hairball-seed-20260530\RunArtifacts\runs\20260603-183303_2d830a7422d34edfb67c3121c397d5c0\logs\Layer01Node03-26692.stdout.log; stderr=C:\Users\jimmy\Desktop\meta-bi\Samples\Demos\MetaOrchestrationHairballCliIntegration\Runs\hairball-seed-20260530\RunArtifacts\runs\20260603-183303_2d830a7422d34edfb67c3121c397d5c0\logs\Layer01Node03-26692.stderr.log
2026-06-03T18:33:17.6233211+00:00	WorkerEvent	AuditHairball	WorkerReady; ExitCode=0; ready
2026-06-03T18:33:17.6239951+00:00	StartPipeline	AuditHairball	AuditHairball
2026-06-03T18:33:17.6245984+00:00	WorkerEvent	Layer02Node03	PipelineStarted; ExitCode=0; pipeline started
2026-06-03T18:33:17.6251369+00:00	WorkerEvent	Layer01Node03	WorkerOnline; ExitCode=0; online
2026-06-03T18:33:17.6257602+00:00	WorkerEvent	Layer01Node04	WorkerOnline; ExitCode=0; online
2026-06-03T18:33:17.6265873+00:00	WorkerEvent	Layer03Node09.refresh-l03-n09	TaskStarted; ExitCode=0; 
2026-06-03T18:33:17.6271935+00:00	WorkerEvent	Layer01Node02.select-l01-n02	TaskStarted; ExitCode=0; 
2026-06-03T18:33:17.6295709+00:00	WorkerEvent	Layer02Node03.select-l02-n03	TaskReady; ExitCode=0; 
2026-06-03T18:33:17.6311921+00:00	GrantTask	Layer02Node03.select-l02-n03	Layer02Node03.select-l02-n03; GrantId=grant-14; Attempt=1
2026-06-03T18:33:17.6316331+00:00	WorkerEvent	Layer01Node03	WorkerReady; ExitCode=0; ready
2026-06-03T18:33:17.6325959+00:00	StartPipeline	Layer01Node03	Layer01Node03
2026-06-03T18:33:17.6332978+00:00	WorkerEvent	Layer02Node03.select-l02-n03	GrantAccepted; ExitCode=0; 
2026-06-03T18:33:17.6338648+00:00	WorkerEvent	Layer01Node04	WorkerReady; ExitCode=0; ready
2026-06-03T18:33:17.6345015+00:00	StartPipeline	Layer01Node04	Layer01Node04
2026-06-03T18:33:17.6356958+00:00	WorkerEvent	Layer02Node03.select-l02-n03	TaskStarted; ExitCode=0; 
2026-06-03T18:33:17.6369259+00:00	WorkerEvent	Layer03Node09.refresh-l03-n09	TaskSucceeded; ExitCode=0; 
2026-06-03T18:33:17.6388095+00:00	TaskSucceeded	Layer03Node09.refresh-l03-n09	0
2026-06-03T18:33:17.6393021+00:00	WorkerEvent	Layer01Node02.select-l01-n02	TaskSucceeded; ExitCode=0; 
2026-06-03T18:33:17.6399719+00:00	TaskSucceeded	Layer01Node02.select-l01-n02	0
2026-06-03T18:33:17.6407838+00:00	WorkerDeferredForCapacity	BridgeL01L02	Deferred by orchestration to honor max active worker process capacity.
2026-06-03T18:33:17.6414641+00:00	StopPipeline	BridgeL01L02	Deferred by orchestration to honor max active worker process capacity.
2026-06-03T18:33:17.6425079+00:00	WorkerDeferredForCapacity	BridgeL03L04	Deferred by orchestration to honor max active worker process capacity.
2026-06-03T18:33:17.6428312+00:00	StopPipeline	BridgeL03L04	Deferred by orchestration to honor max active worker process capacity.
2026-06-03T18:33:17.6438182+00:00	WorkerDeferredForCapacity	BridgeL05L06	Deferred by orchestration to honor max active worker process capacity.
2026-06-03T18:33:17.6446285+00:00	StopPipeline	BridgeL05L06	Deferred by orchestration to honor max active worker process capacity.
2026-06-03T18:33:17.6455868+00:00	WorkerProcessExited	Layer03Node09	ExitCode=0; worker process exited
2026-06-03T18:33:17.6463943+00:00	PipelineCompleted	Layer03Node09	
2026-06-03T18:33:17.6468646+00:00	WorkerProcessExited	Layer01Node02	ExitCode=0; worker process exited
2026-06-03T18:33:17.6477671+00:00	PipelineCompleted	Layer01Node02	
2026-06-03T18:33:17.6485860+00:00	WorkerStarting	Layer01Node05	meta-pipeline
2026-06-03T18:33:17.7596080+00:00	WorkerStarted	Layer01Node05	20624
2026-06-03T18:33:17.7600780+00:00	WorkerControlPipe	Layer01Node05	meta-orchestration-30be4054ad634966abdb9d59cb0fc98a
2026-06-03T18:33:17.7603984+00:00	WorkerLog	Layer01Node05	stdout=C:\Users\jimmy\Desktop\meta-bi\Samples\Demos\MetaOrchestrationHairballCliIntegration\Runs\hairball-seed-20260530\RunArtifacts\runs\20260603-183303_2d830a7422d34edfb67c3121c397d5c0\logs\Layer01Node05-20624.stdout.log; stderr=C:\Users\jimmy\Desktop\meta-bi\Samples\Demos\MetaOrchestrationHairballCliIntegration\Runs\hairball-seed-20260530\RunArtifacts\runs\20260603-183303_2d830a7422d34edfb67c3121c397d5c0\logs\Layer01Node05-20624.stderr.log
2026-06-03T18:33:17.7608050+00:00	WorkerEvent	BridgeL05L06	Closed; ExitCode=0; 
2026-06-03T18:33:17.7611416+00:00	WorkerProcessExited	BridgeL05L06	ExitCode=0; worker process exited
2026-06-03T18:33:17.7619829+00:00	WorkerDeferred	BridgeL05L06	ResumeTaskId=BridgeL05L06.bridge-l05-l06-collect
2026-06-03T18:33:17.7623643+00:00	WorkerEvent	BridgeL03L04	Closed; ExitCode=0; 
2026-06-03T18:33:17.7627360+00:00	WorkerProcessExited	BridgeL03L04	ExitCode=0; worker process exited
2026-06-03T18:33:17.7634236+00:00	WorkerDeferred	BridgeL03L04	ResumeTaskId=BridgeL03L04.bridge-l03-l04-collect
2026-06-03T18:33:17.7638478+00:00	WorkerEvent	BridgeL01L02	Closed; ExitCode=0; 
2026-06-03T18:33:17.7642193+00:00	WorkerProcessExited	BridgeL01L02	ExitCode=0; worker process exited
2026-06-03T18:33:17.7647881+00:00	WorkerDeferred	BridgeL01L02	ResumeTaskId=BridgeL01L02.bridge-l01-l02-collect
2026-06-03T18:33:17.7655626+00:00	WorkerStarting	Layer01Node09	meta-pipeline
2026-06-03T18:33:17.8729906+00:00	WorkerStarted	Layer01Node09	19632
2026-06-03T18:33:17.8734173+00:00	WorkerControlPipe	Layer01Node09	meta-orchestration-30556fb2cc114f97813fdcde3cab680a
2026-06-03T18:33:17.8737337+00:00	WorkerLog	Layer01Node09	stdout=C:\Users\jimmy\Desktop\meta-bi\Samples\Demos\MetaOrchestrationHairballCliIntegration\Runs\hairball-seed-20260530\RunArtifacts\runs\20260603-183303_2d830a7422d34edfb67c3121c397d5c0\logs\Layer01Node09-19632.stdout.log; stderr=C:\Users\jimmy\Desktop\meta-bi\Samples\Demos\MetaOrchestrationHairballCliIntegration\Runs\hairball-seed-20260530\RunArtifacts\runs\20260603-183303_2d830a7422d34edfb67c3121c397d5c0\logs\Layer01Node09-19632.stderr.log
2026-06-03T18:33:17.8741380+00:00	WorkerEvent	Layer01Node05	WorkerOnline; ExitCode=0; online
2026-06-03T18:33:17.8768824+00:00	WorkerResuming	BridgeL01L02	ResumeTaskId=BridgeL01L02.bridge-l01-l02-collect; Executable=meta-pipeline
2026-06-03T18:33:17.9934055+00:00	WorkerStarted	BridgeL01L02	7816
2026-06-03T18:33:17.9938657+00:00	WorkerControlPipe	BridgeL01L02	meta-orchestration-6e3755ad001b477dbd2bd0687bf8a5bc
2026-06-03T18:33:17.9942235+00:00	WorkerLog	BridgeL01L02	stdout=C:\Users\jimmy\Desktop\meta-bi\Samples\Demos\MetaOrchestrationHairballCliIntegration\Runs\hairball-seed-20260530\RunArtifacts\runs\20260603-183303_2d830a7422d34edfb67c3121c397d5c0\logs\BridgeL01L02-7816.stdout.log; stderr=C:\Users\jimmy\Desktop\meta-bi\Samples\Demos\MetaOrchestrationHairballCliIntegration\Runs\hairball-seed-20260530\RunArtifacts\runs\20260603-183303_2d830a7422d34edfb67c3121c397d5c0\logs\BridgeL01L02-7816.stderr.log
2026-06-03T18:33:17.9946977+00:00	WorkerEvent	Layer01Node09	WorkerOnline; ExitCode=0; online
2026-06-03T18:33:17.9954941+00:00	WorkerEvent	Layer01Node05	WorkerReady; ExitCode=0; ready
2026-06-03T18:33:17.9963454+00:00	StartPipeline	Layer01Node05	Layer01Node05
2026-06-03T18:33:17.9970135+00:00	WorkerEvent	Layer01Node09	WorkerReady; ExitCode=0; ready
2026-06-03T18:33:18.0035612+00:00	StartPipeline	Layer01Node09	Layer01Node09
2026-06-03T18:33:18.0095354+00:00	WorkerResuming	BridgeL03L04	ResumeTaskId=BridgeL03L04.bridge-l03-l04-collect; Executable=meta-pipeline
2026-06-03T18:33:18.1497223+00:00	WorkerStarted	BridgeL03L04	652
2026-06-03T18:33:18.1502572+00:00	WorkerControlPipe	BridgeL03L04	meta-orchestration-2b2ab97cf089498caa4f2fd6ae1a31be
2026-06-03T18:33:18.1506159+00:00	WorkerLog	BridgeL03L04	stdout=C:\Users\jimmy\Desktop\meta-bi\Samples\Demos\MetaOrchestrationHairballCliIntegration\Runs\hairball-seed-20260530\RunArtifacts\runs\20260603-183303_2d830a7422d34edfb67c3121c397d5c0\logs\BridgeL03L04-652.stdout.log; stderr=C:\Users\jimmy\Desktop\meta-bi\Samples\Demos\MetaOrchestrationHairballCliIntegration\Runs\hairball-seed-20260530\RunArtifacts\runs\20260603-183303_2d830a7422d34edfb67c3121c397d5c0\logs\BridgeL03L04-652.stderr.log
2026-06-03T18:33:18.1510987+00:00	WorkerEvent	BridgeL01L02	WorkerOnline; ExitCode=0; online
2026-06-03T18:33:18.1554141+00:00	WorkerResuming	BridgeL05L06	ResumeTaskId=BridgeL05L06.bridge-l05-l06-collect; Executable=meta-pipeline
2026-06-03T18:33:18.2928292+00:00	WorkerStarted	BridgeL05L06	30532
2026-06-03T18:33:18.2932655+00:00	WorkerControlPipe	BridgeL05L06	meta-orchestration-152576f53b834b9987ac9679ca3b07a4
2026-06-03T18:33:18.2936384+00:00	WorkerLog	BridgeL05L06	stdout=C:\Users\jimmy\Desktop\meta-bi\Samples\Demos\MetaOrchestrationHairballCliIntegration\Runs\hairball-seed-20260530\RunArtifacts\runs\20260603-183303_2d830a7422d34edfb67c3121c397d5c0\logs\BridgeL05L06-30532.stdout.log; stderr=C:\Users\jimmy\Desktop\meta-bi\Samples\Demos\MetaOrchestrationHairballCliIntegration\Runs\hairball-seed-20260530\RunArtifacts\runs\20260603-183303_2d830a7422d34edfb67c3121c397d5c0\logs\BridgeL05L06-30532.stderr.log
2026-06-03T18:33:18.2940874+00:00	WorkerEvent	BridgeL03L04	WorkerOnline; ExitCode=0; online
2026-06-03T18:33:18.2949109+00:00	WorkerEvent	BridgeL01L02	WorkerReady; ExitCode=0; ready
2026-06-03T18:33:18.2957241+00:00	StartPipeline	BridgeL01L02	BridgeL01L02
2026-06-03T18:33:18.2964493+00:00	WorkerEvent	BridgeL03L04	WorkerReady; ExitCode=0; ready
2026-06-03T18:33:18.2991307+00:00	StartPipeline	BridgeL03L04	BridgeL03L04
2026-06-03T18:33:18.2998681+00:00	WorkerEvent	Layer02Node03.select-l02-n03	TaskSucceeded; ExitCode=0; 
2026-06-03T18:33:18.3005119+00:00	TaskSucceeded	Layer02Node03.select-l02-n03	0
2026-06-03T18:33:18.3008718+00:00	WorkerProcessExited	Layer02Node03	ExitCode=0; worker process exited
2026-06-03T18:33:18.3017290+00:00	PipelineCompleted	Layer02Node03	
2026-06-03T18:33:18.3052361+00:00	WorkerStarting	Layer01Node08	meta-pipeline
2026-06-03T18:33:19.1405177+00:00	WorkerStarted	Layer01Node08	31524
2026-06-03T18:33:19.1413030+00:00	WorkerControlPipe	Layer01Node08	meta-orchestration-038ec8e735f341a29af2991563d8b597
2026-06-03T18:33:19.1417429+00:00	WorkerLog	Layer01Node08	stdout=C:\Users\jimmy\Desktop\meta-bi\Samples\Demos\MetaOrchestrationHairballCliIntegration\Runs\hairball-seed-20260530\RunArtifacts\runs\20260603-183303_2d830a7422d34edfb67c3121c397d5c0\logs\Layer01Node08-31524.stdout.log; stderr=C:\Users\jimmy\Desktop\meta-bi\Samples\Demos\MetaOrchestrationHairballCliIntegration\Runs\hairball-seed-20260530\RunArtifacts\runs\20260603-183303_2d830a7422d34edfb67c3121c397d5c0\logs\Layer01Node08-31524.stderr.log
2026-06-03T18:33:19.1423050+00:00	WorkerEvent	Layer01Node03	PipelineStarted; ExitCode=0; pipeline started
2026-06-03T18:33:19.1448494+00:00	WorkerEvent	AuditHairball	PipelineStarted; ExitCode=0; pipeline started
2026-06-03T18:33:19.1456485+00:00	WorkerEvent	BridgeL05L06	WorkerOnline; ExitCode=0; online
2026-06-03T18:33:19.1478703+00:00	WorkerEvent	Layer01Node04	PipelineStarted; ExitCode=0; pipeline started
2026-06-03T18:33:19.1505798+00:00	WorkerEvent	Layer01Node09	PipelineStarted; ExitCode=0; pipeline started
2026-06-03T18:33:19.1560156+00:00	WorkerEvent	Layer01Node05	PipelineStarted; ExitCode=0; pipeline started
2026-06-03T18:33:19.1603494+00:00	WorkerEvent	BridgeL03L04	PipelineStarted; ExitCode=0; pipeline started
2026-06-03T18:33:19.1644776+00:00	WorkerEvent	BridgeL01L02	PipelineStarted; ExitCode=0; pipeline started
2026-06-03T18:33:19.1673214+00:00	WorkerEvent	Layer01Node08	WorkerOnline; ExitCode=0; online
2026-06-03T18:33:19.1698303+00:00	WorkerEvent	Layer01Node03.select-l01-n03	TaskReady; ExitCode=0; 
2026-06-03T18:33:19.1750067+00:00	GrantTask	Layer01Node03.select-l01-n03	Layer01Node03.select-l01-n03; GrantId=grant-15; Attempt=1
2026-06-03T18:33:19.1756421+00:00	WorkerEvent	BridgeL03L04.bridge-l03-l04-collect	TaskReady; ExitCode=0; 
2026-06-03T18:33:19.1763183+00:00	WorkerEvent	BridgeL01L02.bridge-l01-l02-collect	TaskReady; ExitCode=0; 
2026-06-03T18:33:19.1769232+00:00	WorkerEvent	Layer01Node09.refresh-l01-n09	TaskReady; ExitCode=0; 
2026-06-03T18:33:19.1774978+00:00	WorkerEvent	Layer01Node08	WorkerReady; ExitCode=0; ready
2026-06-03T18:33:19.1840849+00:00	StartPipeline	Layer01Node08	Layer01Node08
2026-06-03T18:33:19.1854008+00:00	WorkerEvent	AuditHairball.audit-hairball	TaskReady; ExitCode=0; 
2026-06-03T18:33:19.1861656+00:00	WorkerEvent	Layer01Node04.export-l01-n04	TaskReady; ExitCode=0; 
2026-06-03T18:33:19.1891553+00:00	WorkerEvent	BridgeL05L06	WorkerReady; ExitCode=0; ready
2026-06-03T18:33:19.1901114+00:00	StartPipeline	BridgeL05L06	BridgeL05L06
2026-06-03T18:33:19.1907786+00:00	WorkerEvent	Layer01Node03.select-l01-n03	GrantAccepted; ExitCode=0; 
2026-06-03T18:33:19.1913754+00:00	WorkerEvent	Layer01Node05.export-l01-n05	TaskReady; ExitCode=0; 
2026-06-03T18:33:19.1935443+00:00	GrantTask	Layer01Node04.export-l01-n04	Layer01Node04.export-l01-n04; GrantId=grant-16; Attempt=1
2026-06-03T18:33:19.1952985+00:00	GrantTask	Layer01Node05.export-l01-n05	Layer01Node05.export-l01-n05; GrantId=grant-17; Attempt=1
2026-06-03T18:33:19.1960135+00:00	GrantTask	Layer01Node09.refresh-l01-n09	Layer01Node09.refresh-l01-n09; GrantId=grant-18; Attempt=1
2026-06-03T18:33:19.1965146+00:00	WorkerEvent	Layer01Node03.select-l01-n03	TaskStarted; ExitCode=0; 
2026-06-03T18:33:19.1975244+00:00	WorkerEvent	Layer01Node04.export-l01-n04	GrantAccepted; ExitCode=0; 
2026-06-03T18:33:19.2025101+00:00	WorkerEvent	Layer01Node05.export-l01-n05	GrantAccepted; ExitCode=0; 
2026-06-03T18:33:19.7017522+00:00	WorkerEvent	Layer01Node04.export-l01-n04	TaskStarted; ExitCode=0; 
2026-06-03T18:33:19.7029968+00:00	WorkerEvent	Layer01Node09.refresh-l01-n09	GrantAccepted; ExitCode=0; 
2026-06-03T18:33:19.7040387+00:00	WorkerEvent	Layer01Node03.select-l01-n03	TaskSucceeded; ExitCode=0; 
2026-06-03T18:33:19.7047897+00:00	TaskSucceeded	Layer01Node03.select-l01-n03	0
2026-06-03T18:33:19.7051372+00:00	WorkerEvent	Layer01Node09.refresh-l01-n09	TaskStarted; ExitCode=0; 
2026-06-03T18:33:19.7057557+00:00	WorkerEvent	Layer01Node05.export-l01-n05	TaskStarted; ExitCode=0; 
2026-06-03T18:33:19.7064678+00:00	WorkerProcessExited	Layer01Node03	ExitCode=0; worker process exited
2026-06-03T18:33:19.7071113+00:00	PipelineCompleted	Layer01Node03	
2026-06-03T18:33:19.7096452+00:00	WorkerStarting	Layer02Hub	meta-pipeline
2026-06-03T18:33:19.8023555+00:00	WorkerStarted	Layer02Hub	25536
2026-06-03T18:33:19.8032462+00:00	WorkerControlPipe	Layer02Hub	meta-orchestration-9aaa87e845d445c287de446fecd4c624
2026-06-03T18:33:19.8037434+00:00	WorkerLog	Layer02Hub	stdout=C:\Users\jimmy\Desktop\meta-bi\Samples\Demos\MetaOrchestrationHairballCliIntegration\Runs\hairball-seed-20260530\RunArtifacts\runs\20260603-183303_2d830a7422d34edfb67c3121c397d5c0\logs\Layer02Hub-25536.stdout.log; stderr=C:\Users\jimmy\Desktop\meta-bi\Samples\Demos\MetaOrchestrationHairballCliIntegration\Runs\hairball-seed-20260530\RunArtifacts\runs\20260603-183303_2d830a7422d34edfb67c3121c397d5c0\logs\Layer02Hub-25536.stderr.log
2026-06-03T18:33:19.8043666+00:00	WorkerEvent	Layer01Node04.export-l01-n04	TaskSucceeded; ExitCode=0; 
2026-06-03T18:33:19.8049704+00:00	TaskSucceeded	Layer01Node04.export-l01-n04	0
2026-06-03T18:33:19.8052573+00:00	WorkerEvent	Layer01Node05.export-l01-n05	TaskSucceeded; ExitCode=0; 
2026-06-03T18:33:19.8060318+00:00	TaskSucceeded	Layer01Node05.export-l01-n05	0
2026-06-03T18:33:19.8064578+00:00	WorkerProcessExited	Layer01Node04	ExitCode=0; worker process exited
2026-06-03T18:33:19.8069422+00:00	PipelineCompleted	Layer01Node04	
2026-06-03T18:33:19.8072147+00:00	WorkerProcessExited	Layer01Node05	ExitCode=0; worker process exited
2026-06-03T18:33:19.8077070+00:00	PipelineCompleted	Layer01Node05	
2026-06-03T18:33:19.8084819+00:00	GrantTask	Layer01Hub.hub-l01-stage	Layer01Hub.hub-l01-stage; GrantId=grant-19; Attempt=1
2026-06-03T18:33:19.8088783+00:00	WorkerStarting	Layer02Node05	meta-pipeline
2026-06-03T18:33:19.8910820+00:00	WorkerStarted	Layer02Node05	15624
2026-06-03T18:33:19.8914035+00:00	WorkerControlPipe	Layer02Node05	meta-orchestration-c305e64f5ea64f25b663851b87b0fd6f
2026-06-03T18:33:19.8916915+00:00	WorkerLog	Layer02Node05	stdout=C:\Users\jimmy\Desktop\meta-bi\Samples\Demos\MetaOrchestrationHairballCliIntegration\Runs\hairball-seed-20260530\RunArtifacts\runs\20260603-183303_2d830a7422d34edfb67c3121c397d5c0\logs\Layer02Node05-15624.stdout.log; stderr=C:\Users\jimmy\Desktop\meta-bi\Samples\Demos\MetaOrchestrationHairballCliIntegration\Runs\hairball-seed-20260530\RunArtifacts\runs\20260603-183303_2d830a7422d34edfb67c3121c397d5c0\logs\Layer02Node05-15624.stderr.log
2026-06-03T18:33:19.8920112+00:00	WorkerEvent	Layer01Hub.hub-l01-stage	GrantAccepted; ExitCode=0; 
2026-06-03T18:33:19.8925707+00:00	WorkerEvent	Layer01Node08	PipelineStarted; ExitCode=0; pipeline started
2026-06-03T18:33:19.8931935+00:00	WorkerEvent	Layer01Hub.hub-l01-stage	TaskStarted; ExitCode=0; 
2026-06-03T18:33:19.8938132+00:00	WorkerEvent	Layer01Node08.select-l01-n08	TaskReady; ExitCode=0; 
2026-06-03T18:33:19.8944355+00:00	WorkerEvent	Layer02Hub	WorkerOnline; ExitCode=0; online
2026-06-03T18:33:19.8963514+00:00	GrantTask	Layer01Node08.select-l01-n08	Layer01Node08.select-l01-n08; GrantId=grant-20; Attempt=1
2026-06-03T18:33:19.8968417+00:00	WorkerStarting	Layer02Node01	meta-pipeline
2026-06-03T18:33:20.0653407+00:00	WorkerStarted	Layer02Node01	2556
2026-06-03T18:33:20.0656921+00:00	WorkerControlPipe	Layer02Node01	meta-orchestration-82131271230b42b7b65e8f304b05bbe0
2026-06-03T18:33:20.0659200+00:00	WorkerLog	Layer02Node01	stdout=C:\Users\jimmy\Desktop\meta-bi\Samples\Demos\MetaOrchestrationHairballCliIntegration\Runs\hairball-seed-20260530\RunArtifacts\runs\20260603-183303_2d830a7422d34edfb67c3121c397d5c0\logs\Layer02Node01-2556.stdout.log; stderr=C:\Users\jimmy\Desktop\meta-bi\Samples\Demos\MetaOrchestrationHairballCliIntegration\Runs\hairball-seed-20260530\RunArtifacts\runs\20260603-183303_2d830a7422d34edfb67c3121c397d5c0\logs\Layer02Node01-2556.stderr.log
2026-06-03T18:33:20.0661930+00:00	WorkerEvent	Layer01Node09.refresh-l01-n09	TaskSucceeded; ExitCode=0; 
2026-06-03T18:33:20.0669080+00:00	TaskSucceeded	Layer01Node09.refresh-l01-n09	0
2026-06-03T18:33:20.0673066+00:00	WorkerEvent	Layer01Node08.select-l01-n08	GrantAccepted; ExitCode=0; 
2026-06-03T18:33:20.0678337+00:00	WorkerEvent	Layer02Hub	WorkerReady; ExitCode=0; ready
2026-06-03T18:33:20.0685067+00:00	StartPipeline	Layer02Hub	Layer02Hub
2026-06-03T18:33:20.0701930+00:00	WorkerEvent	Layer01Node08.select-l01-n08	TaskStarted; ExitCode=0; 
2026-06-03T18:33:20.0714490+00:00	WorkerEvent	Layer02Node01	WorkerOnline; ExitCode=0; online
2026-06-03T18:33:20.0722277+00:00	WorkerEvent	BridgeL05L06	PipelineStarted; ExitCode=0; pipeline started
2026-06-03T18:33:20.0731776+00:00	WorkerEvent	Layer02Node01	WorkerReady; ExitCode=0; ready
2026-06-03T18:33:20.0762449+00:00	StartPipeline	Layer02Node01	Layer02Node01
2026-06-03T18:33:20.0774928+00:00	WorkerEvent	BridgeL05L06.bridge-l05-l06-collect	TaskReady; ExitCode=0; 
2026-06-03T18:33:20.0781290+00:00	WorkerEvent	Layer02Node05	WorkerOnline; ExitCode=0; online
2026-06-03T18:33:20.0789061+00:00	WorkerProcessExited	Layer01Node09	ExitCode=0; worker process exited
2026-06-03T18:33:20.0798374+00:00	PipelineCompleted	Layer01Node09	
2026-06-03T18:33:20.0801292+00:00	WorkerEvent	Layer02Node05	WorkerReady; ExitCode=0; ready
2026-06-03T18:33:20.0827225+00:00	StartPipeline	Layer02Node05	Layer02Node05
2026-06-03T18:33:20.0836464+00:00	WorkerStarting	Layer02Node02	meta-pipeline
2026-06-03T18:33:20.4841388+00:00	WorkerStarted	Layer02Node02	17324
2026-06-03T18:33:20.4846002+00:00	WorkerControlPipe	Layer02Node02	meta-orchestration-39c1c3136e4145d9bac592fc41a0a901
2026-06-03T18:33:20.4848993+00:00	WorkerLog	Layer02Node02	stdout=C:\Users\jimmy\Desktop\meta-bi\Samples\Demos\MetaOrchestrationHairballCliIntegration\Runs\hairball-seed-20260530\RunArtifacts\runs\20260603-183303_2d830a7422d34edfb67c3121c397d5c0\logs\Layer02Node02-17324.stdout.log; stderr=C:\Users\jimmy\Desktop\meta-bi\Samples\Demos\MetaOrchestrationHairballCliIntegration\Runs\hairball-seed-20260530\RunArtifacts\runs\20260603-183303_2d830a7422d34edfb67c3121c397d5c0\logs\Layer02Node02-17324.stderr.log
2026-06-03T18:33:20.4852625+00:00	WorkerEvent	Layer01Hub.hub-l01-stage	TaskSucceeded; ExitCode=0; 
2026-06-03T18:33:20.4865343+00:00	TaskSucceeded	Layer01Hub.hub-l01-stage	0
2026-06-03T18:33:20.4885821+00:00	WorkerEvent	Layer02Node02	WorkerOnline; ExitCode=0; online
2026-06-03T18:33:20.4897938+00:00	WorkerEvent	Layer01Node08.select-l01-n08	TaskSucceeded; ExitCode=0; 
2026-06-03T18:33:20.4904739+00:00	TaskSucceeded	Layer01Node08.select-l01-n08	0
2026-06-03T18:33:20.4908790+00:00	WorkerProcessExited	Layer01Node08	ExitCode=0; worker process exited
2026-06-03T18:33:20.4914670+00:00	PipelineCompleted	Layer01Node08	
2026-06-03T18:33:20.4918040+00:00	WorkerEvent	Layer01Hub.hub-l01-curate	TaskReady; ExitCode=0; 
2026-06-03T18:33:20.4924536+00:00	WorkerEvent	Layer02Node02	WorkerReady; ExitCode=0; ready
2026-06-03T18:33:20.4952686+00:00	StartPipeline	Layer02Node02	Layer02Node02
2026-06-03T18:33:20.4968455+00:00	GrantTask	Layer01Hub.hub-l01-curate	Layer01Hub.hub-l01-curate; GrantId=grant-21; Attempt=1
2026-06-03T18:33:20.4973111+00:00	WorkerStarting	Layer02Node04	meta-pipeline
2026-06-03T18:33:21.1705174+00:00	WorkerStarted	Layer02Node04	25204
2026-06-03T18:33:21.1710080+00:00	WorkerControlPipe	Layer02Node04	meta-orchestration-c5f2a5ef4cf74170824f33108583dc15
2026-06-03T18:33:21.1713611+00:00	WorkerLog	Layer02Node04	stdout=C:\Users\jimmy\Desktop\meta-bi\Samples\Demos\MetaOrchestrationHairballCliIntegration\Runs\hairball-seed-20260530\RunArtifacts\runs\20260603-183303_2d830a7422d34edfb67c3121c397d5c0\logs\Layer02Node04-25204.stdout.log; stderr=C:\Users\jimmy\Desktop\meta-bi\Samples\Demos\MetaOrchestrationHairballCliIntegration\Runs\hairball-seed-20260530\RunArtifacts\runs\20260603-183303_2d830a7422d34edfb67c3121c397d5c0\logs\Layer02Node04-25204.stderr.log
2026-06-03T18:33:21.1717356+00:00	WorkerEvent	Layer01Hub.hub-l01-curate	GrantAccepted; ExitCode=0; 
2026-06-03T18:33:21.1733421+00:00	WorkerEvent	Layer02Node05	PipelineStarted; ExitCode=0; pipeline started
2026-06-03T18:33:21.1762644+00:00	WorkerEvent	Layer02Node01	PipelineStarted; ExitCode=0; pipeline started
2026-06-03T18:33:21.1788139+00:00	WorkerEvent	Layer02Hub	PipelineStarted; ExitCode=0; pipeline started
2026-06-03T18:33:21.1810264+00:00	WorkerEvent	Layer02Node02	PipelineStarted; ExitCode=0; pipeline started
2026-06-03T18:33:21.1828173+00:00	WorkerEvent	Layer02Node04	WorkerOnline; ExitCode=0; online
2026-06-03T18:33:21.1848546+00:00	WorkerEvent	Layer01Hub.hub-l01-curate	TaskStarted; ExitCode=0; 
2026-06-03T18:33:21.1877693+00:00	WorkerEvent	Layer02Node05.select-l02-n05	TaskReady; ExitCode=0; 
2026-06-03T18:33:21.1900922+00:00	GrantTask	Layer02Node05.select-l02-n05	Layer02Node05.select-l02-n05; GrantId=grant-22; Attempt=1
2026-06-03T18:33:21.1905453+00:00	WorkerEvent	Layer02Node02.refresh-l02-n02	TaskReady; ExitCode=0; 
2026-06-03T18:33:21.1912541+00:00	WorkerEvent	Layer02Node04	WorkerReady; ExitCode=0; ready
2026-06-03T18:33:21.1920357+00:00	StartPipeline	Layer02Node04	Layer02Node04
2026-06-03T18:33:21.1926716+00:00	WorkerEvent	Layer02Hub.hub-l02-stage	TaskReady; ExitCode=0; 
2026-06-03T18:33:21.1932486+00:00	WorkerEvent	Layer02Node01.select-l02-n01	TaskReady; ExitCode=0; 
2026-06-03T18:33:21.1938455+00:00	WorkerEvent	Layer02Node05.select-l02-n05	GrantAccepted; ExitCode=0; 
2026-06-03T18:33:21.1964159+00:00	GrantTask	Layer02Node02.refresh-l02-n02	Layer02Node02.refresh-l02-n02; GrantId=grant-23; Attempt=1
2026-06-03T18:33:21.1969073+00:00	WorkerEvent	Layer02Node05.select-l02-n05	TaskStarted; ExitCode=0; 
2026-06-03T18:33:21.1993908+00:00	WorkerEvent	Layer02Node02.refresh-l02-n02	GrantAccepted; ExitCode=0; 
2026-06-03T18:33:21.2029169+00:00	WorkerEvent	Layer02Node02.refresh-l02-n02	TaskStarted; ExitCode=0; 
2026-06-03T18:33:21.2837375+00:00	WorkerEvent	Layer01Hub.hub-l01-curate	TaskSucceeded; ExitCode=0; 
2026-06-03T18:33:21.2844233+00:00	TaskSucceeded	Layer01Hub.hub-l01-curate	0
2026-06-03T18:33:21.2872908+00:00	GrantTask	Layer02Node01.select-l02-n01	Layer02Node01.select-l02-n01; GrantId=grant-24; Attempt=1
2026-06-03T18:33:21.2877849+00:00	WorkerEvent	Layer01Hub.hub-l01-publish	TaskReady; ExitCode=0; 
2026-06-03T18:33:21.2902845+00:00	GrantTask	Layer01Hub.hub-l01-publish	Layer01Hub.hub-l01-publish; GrantId=grant-25; Attempt=1
2026-06-03T18:33:21.2907463+00:00	WorkerEvent	Layer02Node01.select-l02-n01	GrantAccepted; ExitCode=0; 
2026-06-03T18:33:21.2939176+00:00	WorkerEvent	Layer01Hub.hub-l01-publish	GrantAccepted; ExitCode=0; 
2026-06-03T18:33:21.2960334+00:00	WorkerEvent	Layer02Node01.select-l02-n01	TaskStarted; ExitCode=0; 
2026-06-03T18:33:21.2989467+00:00	WorkerEvent	Layer01Hub.hub-l01-publish	TaskStarted; ExitCode=0; 
2026-06-03T18:33:21.4396585+00:00	WorkerEvent	Layer01Hub.hub-l01-publish	TaskSucceeded; ExitCode=0; 
2026-06-03T18:33:21.4404478+00:00	TaskSucceeded	Layer01Hub.hub-l01-publish	0
2026-06-03T18:33:21.4414390+00:00	WorkerDeferredForCapacity	AuditHairball	Deferred by orchestration to honor max active worker process capacity.
2026-06-03T18:33:21.4418285+00:00	StopPipeline	AuditHairball	Deferred by orchestration to honor max active worker process capacity.
2026-06-03T18:33:21.4430501+00:00	WorkerDeferredForCapacity	BridgeL01L02	Deferred by orchestration to honor max active worker process capacity.
2026-06-03T18:33:21.4434842+00:00	StopPipeline	BridgeL01L02	Deferred by orchestration to honor max active worker process capacity.
2026-06-03T18:33:21.4445016+00:00	WorkerDeferredForCapacity	BridgeL03L04	Deferred by orchestration to honor max active worker process capacity.
2026-06-03T18:33:21.4450451+00:00	StopPipeline	BridgeL03L04	Deferred by orchestration to honor max active worker process capacity.
2026-06-03T18:33:21.4460904+00:00	WorkerDeferredForCapacity	BridgeL05L06	Deferred by orchestration to honor max active worker process capacity.
2026-06-03T18:33:21.4464583+00:00	StopPipeline	BridgeL05L06	Deferred by orchestration to honor max active worker process capacity.
2026-06-03T18:33:21.4480610+00:00	WorkerDeferredForCapacity	BridgeL07L08	Deferred by orchestration to honor max active worker process capacity.
2026-06-03T18:33:21.4485207+00:00	StopPipeline	BridgeL07L08	Deferred by orchestration to honor max active worker process capacity.
2026-06-03T18:33:21.4497392+00:00	WorkerDeferredForCapacity	CompositeMart	Deferred by orchestration to honor max active worker process capacity.
2026-06-03T18:33:21.4500859+00:00	StopPipeline	CompositeMart	Deferred by orchestration to honor max active worker process capacity.
2026-06-03T18:33:21.4511259+00:00	WorkerDeferredForCapacity	Layer02Hub	Deferred by orchestration to honor max active worker process capacity.
2026-06-03T18:33:21.4516085+00:00	StopPipeline	Layer02Hub	Deferred by orchestration to honor max active worker process capacity.
2026-06-03T18:33:21.4570787+00:00	WorkerEvent	AuditHairball	Closed; ExitCode=0; 
2026-06-03T18:33:21.4575501+00:00	WorkerProcessExited	AuditHairball	ExitCode=0; worker process exited
2026-06-03T18:33:21.4583687+00:00	WorkerDeferred	AuditHairball	ResumeTaskId=AuditHairball.audit-hairball
2026-06-03T18:33:21.4591570+00:00	WorkerStarting	Layer02Node08	meta-pipeline
2026-06-03T18:33:21.5749768+00:00	WorkerStarted	Layer02Node08	28020
2026-06-03T18:33:21.5753279+00:00	WorkerControlPipe	Layer02Node08	meta-orchestration-be5b90eaaaf549249a53ff8b472d2c61
2026-06-03T18:33:21.5756313+00:00	WorkerLog	Layer02Node08	stdout=C:\Users\jimmy\Desktop\meta-bi\Samples\Demos\MetaOrchestrationHairballCliIntegration\Runs\hairball-seed-20260530\RunArtifacts\runs\20260603-183303_2d830a7422d34edfb67c3121c397d5c0\logs\Layer02Node08-28020.stdout.log; stderr=C:\Users\jimmy\Desktop\meta-bi\Samples\Demos\MetaOrchestrationHairballCliIntegration\Runs\hairball-seed-20260530\RunArtifacts\runs\20260603-183303_2d830a7422d34edfb67c3121c397d5c0\logs\Layer02Node08-28020.stderr.log
2026-06-03T18:33:21.5759972+00:00	WorkerEvent	Layer01Hub	Closed; ExitCode=0; 
2026-06-03T18:33:21.5763186+00:00	WorkerProcessExited	Layer01Hub	ExitCode=0; worker process exited
2026-06-03T18:33:21.5769097+00:00	PipelineCompleted	Layer01Hub	
2026-06-03T18:33:21.5773565+00:00	WorkerEvent	BridgeL03L04	Closed; ExitCode=0; 
2026-06-03T18:33:21.5777454+00:00	WorkerProcessExited	BridgeL03L04	ExitCode=0; worker process exited
2026-06-03T18:33:21.5783450+00:00	WorkerDeferred	BridgeL03L04	ResumeTaskId=BridgeL03L04.bridge-l03-l04-collect
2026-06-03T18:33:21.5787587+00:00	WorkerEvent	BridgeL01L02	Closed; ExitCode=0; 
2026-06-03T18:33:21.5791329+00:00	WorkerProcessExited	BridgeL01L02	ExitCode=0; worker process exited
2026-06-03T18:33:21.5798099+00:00	WorkerDeferred	BridgeL01L02	ResumeTaskId=BridgeL01L02.bridge-l01-l02-collect
2026-06-03T18:33:21.5802262+00:00	WorkerEvent	CompositeMart	Closed; ExitCode=0; 
2026-06-03T18:33:21.5806341+00:00	WorkerProcessExited	CompositeMart	ExitCode=0; worker process exited
2026-06-03T18:33:21.5812847+00:00	WorkerDeferred	CompositeMart	ResumeTaskId=CompositeMart.composite-stage
2026-06-03T18:33:21.5816258+00:00	WorkerEvent	BridgeL07L08	Closed; ExitCode=0; 
2026-06-03T18:33:21.5819313+00:00	WorkerProcessExited	BridgeL07L08	ExitCode=0; worker process exited
2026-06-03T18:33:21.5826659+00:00	WorkerDeferred	BridgeL07L08	ResumeTaskId=BridgeL07L08.bridge-l07-l08-collect
2026-06-03T18:33:21.5830783+00:00	WorkerEvent	Layer02Hub	Closed; ExitCode=0; 
2026-06-03T18:33:21.5834423+00:00	WorkerProcessExited	Layer02Hub	ExitCode=0; worker process exited
2026-06-03T18:33:21.5840204+00:00	WorkerDeferred	Layer02Hub	ResumeTaskId=Layer02Hub.hub-l02-stage
2026-06-03T18:33:21.5843679+00:00	WorkerEvent	BridgeL05L06	Closed; ExitCode=0; 
2026-06-03T18:33:21.5847106+00:00	WorkerProcessExited	BridgeL05L06	ExitCode=0; worker process exited
2026-06-03T18:33:21.5861046+00:00	WorkerDeferred	BridgeL05L06	ResumeTaskId=BridgeL05L06.bridge-l05-l06-collect
2026-06-03T18:33:21.5888407+00:00	WorkerResuming	AuditHairball	ResumeTaskId=AuditHairball.audit-hairball; Executable=meta-pipeline
2026-06-03T18:33:21.7105694+00:00	WorkerStarted	AuditHairball	31540
2026-06-03T18:33:21.7109412+00:00	WorkerControlPipe	AuditHairball	meta-orchestration-017a792fa2cf422d91717bbb57f65e5f
2026-06-03T18:33:21.7112542+00:00	WorkerLog	AuditHairball	stdout=C:\Users\jimmy\Desktop\meta-bi\Samples\Demos\MetaOrchestrationHairballCliIntegration\Runs\hairball-seed-20260530\RunArtifacts\runs\20260603-183303_2d830a7422d34edfb67c3121c397d5c0\logs\AuditHairball-31540.stdout.log; stderr=C:\Users\jimmy\Desktop\meta-bi\Samples\Demos\MetaOrchestrationHairballCliIntegration\Runs\hairball-seed-20260530\RunArtifacts\runs\20260603-183303_2d830a7422d34edfb67c3121c397d5c0\logs\AuditHairball-31540.stderr.log
2026-06-03T18:33:21.7116404+00:00	WorkerEvent	Layer02Node02.refresh-l02-n02	TaskSucceeded; ExitCode=0; 
2026-06-03T18:33:21.7121722+00:00	TaskSucceeded	Layer02Node02.refresh-l02-n02	0
2026-06-03T18:33:21.7125288+00:00	WorkerEvent	Layer02Node08	WorkerOnline; ExitCode=0; online
2026-06-03T18:33:21.7131287+00:00	WorkerEvent	Layer02Node05.select-l02-n05	TaskSucceeded; ExitCode=0; 
2026-06-03T18:33:21.7136467+00:00	TaskSucceeded	Layer02Node05.select-l02-n05	0
2026-06-03T18:33:21.7140707+00:00	WorkerEvent	Layer02Node08	WorkerReady; ExitCode=0; ready
2026-06-03T18:33:21.7165537+00:00	StartPipeline	Layer02Node08	Layer02Node08
2026-06-03T18:33:21.7173909+00:00	WorkerProcessExited	Layer02Node02	ExitCode=0; worker process exited
2026-06-03T18:33:21.7179082+00:00	PipelineCompleted	Layer02Node02	
2026-06-03T18:33:21.7183931+00:00	WorkerProcessExited	Layer02Node05	ExitCode=0; worker process exited
2026-06-03T18:33:21.7192267+00:00	PipelineCompleted	Layer02Node05	
2026-06-03T18:33:21.7200436+00:00	WorkerStarting	Layer02Node06	meta-pipeline
2026-06-03T18:33:21.8089322+00:00	WorkerStarted	Layer02Node06	16220
2026-06-03T18:33:21.8092496+00:00	WorkerControlPipe	Layer02Node06	meta-orchestration-261706a747a340a1bb282ffaf176bbe5
2026-06-03T18:33:21.8095292+00:00	WorkerLog	Layer02Node06	stdout=C:\Users\jimmy\Desktop\meta-bi\Samples\Demos\MetaOrchestrationHairballCliIntegration\Runs\hairball-seed-20260530\RunArtifacts\runs\20260603-183303_2d830a7422d34edfb67c3121c397d5c0\logs\Layer02Node06-16220.stdout.log; stderr=C:\Users\jimmy\Desktop\meta-bi\Samples\Demos\MetaOrchestrationHairballCliIntegration\Runs\hairball-seed-20260530\RunArtifacts\runs\20260603-183303_2d830a7422d34edfb67c3121c397d5c0\logs\Layer02Node06-16220.stderr.log
2026-06-03T18:33:21.8098546+00:00	WorkerEvent	Layer02Node01.select-l02-n01	TaskSucceeded; ExitCode=0; 
2026-06-03T18:33:21.8105018+00:00	TaskSucceeded	Layer02Node01.select-l02-n01	0
2026-06-03T18:33:21.8108309+00:00	WorkerEvent	AuditHairball	WorkerOnline; ExitCode=0; online
2026-06-03T18:33:21.8113225+00:00	WorkerProcessExited	Layer02Node01	ExitCode=0; worker process exited
2026-06-03T18:33:21.8120160+00:00	PipelineCompleted	Layer02Node01	
2026-06-03T18:33:21.8123584+00:00	WorkerEvent	AuditHairball	WorkerReady; ExitCode=0; ready
2026-06-03T18:33:21.8147966+00:00	StartPipeline	AuditHairball	AuditHairball
2026-06-03T18:33:21.8157165+00:00	WorkerStarting	Layer03Node02	meta-pipeline
2026-06-03T18:33:21.9028702+00:00	WorkerStarted	Layer03Node02	29812
2026-06-03T18:33:21.9032156+00:00	WorkerControlPipe	Layer03Node02	meta-orchestration-e33dcaaa9c134d4f87f8e7a34c5204ee
2026-06-03T18:33:21.9035200+00:00	WorkerLog	Layer03Node02	stdout=C:\Users\jimmy\Desktop\meta-bi\Samples\Demos\MetaOrchestrationHairballCliIntegration\Runs\hairball-seed-20260530\RunArtifacts\runs\20260603-183303_2d830a7422d34edfb67c3121c397d5c0\logs\Layer03Node02-29812.stdout.log; stderr=C:\Users\jimmy\Desktop\meta-bi\Samples\Demos\MetaOrchestrationHairballCliIntegration\Runs\hairball-seed-20260530\RunArtifacts\runs\20260603-183303_2d830a7422d34edfb67c3121c397d5c0\logs\Layer03Node02-29812.stderr.log
2026-06-03T18:33:21.9039225+00:00	WorkerEvent	Layer02Node04	PipelineStarted; ExitCode=0; pipeline started
2026-06-03T18:33:21.9047315+00:00	WorkerEvent	Layer02Node06	WorkerOnline; ExitCode=0; online
2026-06-03T18:33:21.9056238+00:00	WorkerEvent	Layer02Node04.export-l02-n04	TaskReady; ExitCode=0; 
2026-06-03T18:33:21.9063143+00:00	WorkerEvent	Layer02Node06	WorkerReady; ExitCode=0; ready
2026-06-03T18:33:21.9090385+00:00	StartPipeline	Layer02Node06	Layer02Node06
2026-06-03T18:33:21.9101259+00:00	GrantTask	Layer02Node04.export-l02-n04	Layer02Node04.export-l02-n04; GrantId=grant-26; Attempt=1
2026-06-03T18:33:21.9106189+00:00	WorkerStarting	Layer03Node03	meta-pipeline
2026-06-03T18:33:21.9885420+00:00	WorkerStarted	Layer03Node03	3452
2026-06-03T18:33:21.9888303+00:00	WorkerControlPipe	Layer03Node03	meta-orchestration-ea1b0f36c95e43a3a9a689f1112c6679
2026-06-03T18:33:21.9890905+00:00	WorkerLog	Layer03Node03	stdout=C:\Users\jimmy\Desktop\meta-bi\Samples\Demos\MetaOrchestrationHairballCliIntegration\Runs\hairball-seed-20260530\RunArtifacts\runs\20260603-183303_2d830a7422d34edfb67c3121c397d5c0\logs\Layer03Node03-3452.stdout.log; stderr=C:\Users\jimmy\Desktop\meta-bi\Samples\Demos\MetaOrchestrationHairballCliIntegration\Runs\hairball-seed-20260530\RunArtifacts\runs\20260603-183303_2d830a7422d34edfb67c3121c397d5c0\logs\Layer03Node03-3452.stderr.log
2026-06-03T18:33:21.9894992+00:00	WorkerEvent	Layer02Node04.export-l02-n04	GrantAccepted; ExitCode=0; 
2026-06-03T18:33:21.9901490+00:00	WorkerEvent	Layer03Node02	WorkerOnline; ExitCode=0; online
2026-06-03T18:33:21.9908468+00:00	WorkerEvent	Layer02Node04.export-l02-n04	TaskStarted; ExitCode=0; 
2026-06-03T18:33:21.9915737+00:00	WorkerEvent	Layer03Node02	WorkerReady; ExitCode=0; ready
2026-06-03T18:33:21.9947317+00:00	StartPipeline	Layer03Node02	Layer03Node02
2026-06-03T18:33:21.9959450+00:00	WorkerStarting	Layer03Node10	meta-pipeline
2026-06-03T18:33:22.1012197+00:00	WorkerStarted	Layer03Node10	26044
2026-06-03T18:33:22.1019571+00:00	WorkerControlPipe	Layer03Node10	meta-orchestration-1c86b4c453d44592a859eee97b8f250d
2026-06-03T18:33:22.1025583+00:00	WorkerLog	Layer03Node10	stdout=C:\Users\jimmy\Desktop\meta-bi\Samples\Demos\MetaOrchestrationHairballCliIntegration\Runs\hairball-seed-20260530\RunArtifacts\runs\20260603-183303_2d830a7422d34edfb67c3121c397d5c0\logs\Layer03Node10-26044.stdout.log; stderr=C:\Users\jimmy\Desktop\meta-bi\Samples\Demos\MetaOrchestrationHairballCliIntegration\Runs\hairball-seed-20260530\RunArtifacts\runs\20260603-183303_2d830a7422d34edfb67c3121c397d5c0\logs\Layer03Node10-26044.stderr.log
2026-06-03T18:33:22.1030438+00:00	WorkerEvent	Layer03Node03	WorkerOnline; ExitCode=0; online
2026-06-03T18:33:22.1045676+00:00	WorkerStarting	Layer06Node02	meta-pipeline
2026-06-03T18:33:22.2009829+00:00	WorkerStarted	Layer06Node02	23232
2026-06-03T18:33:22.2015857+00:00	WorkerControlPipe	Layer06Node02	meta-orchestration-4707c4c853714f51ad03b6be9072d5f3
2026-06-03T18:33:22.2020436+00:00	WorkerLog	Layer06Node02	stdout=C:\Users\jimmy\Desktop\meta-bi\Samples\Demos\MetaOrchestrationHairballCliIntegration\Runs\hairball-seed-20260530\RunArtifacts\runs\20260603-183303_2d830a7422d34edfb67c3121c397d5c0\logs\Layer06Node02-23232.stdout.log; stderr=C:\Users\jimmy\Desktop\meta-bi\Samples\Demos\MetaOrchestrationHairballCliIntegration\Runs\hairball-seed-20260530\RunArtifacts\runs\20260603-183303_2d830a7422d34edfb67c3121c397d5c0\logs\Layer06Node02-23232.stderr.log
2026-06-03T18:33:22.2026207+00:00	WorkerEvent	Layer03Node03	WorkerReady; ExitCode=0; ready
2026-06-03T18:33:22.2035042+00:00	StartPipeline	Layer03Node03	Layer03Node03
2026-06-03T18:33:22.2048903+00:00	WorkerEvent	Layer03Node10	WorkerOnline; ExitCode=0; online
2026-06-03T18:33:22.2090267+00:00	WorkerResuming	BridgeL01L02	ResumeTaskId=BridgeL01L02.bridge-l01-l02-collect; Executable=meta-pipeline
2026-06-03T18:33:22.3227082+00:00	WorkerStarted	BridgeL01L02	10316
2026-06-03T18:33:22.3230942+00:00	WorkerControlPipe	BridgeL01L02	meta-orchestration-b3e9a57a427a4d9a8bfba3ab0fa26a5b
2026-06-03T18:33:22.3234201+00:00	WorkerLog	BridgeL01L02	stdout=C:\Users\jimmy\Desktop\meta-bi\Samples\Demos\MetaOrchestrationHairballCliIntegration\Runs\hairball-seed-20260530\RunArtifacts\runs\20260603-183303_2d830a7422d34edfb67c3121c397d5c0\logs\BridgeL01L02-10316.stdout.log; stderr=C:\Users\jimmy\Desktop\meta-bi\Samples\Demos\MetaOrchestrationHairballCliIntegration\Runs\hairball-seed-20260530\RunArtifacts\runs\20260603-183303_2d830a7422d34edfb67c3121c397d5c0\logs\BridgeL01L02-10316.stderr.log
2026-06-03T18:33:22.3238875+00:00	WorkerEvent	Layer06Node02	WorkerOnline; ExitCode=0; online
2026-06-03T18:33:22.3248768+00:00	WorkerEvent	Layer03Node10	WorkerReady; ExitCode=0; ready
2026-06-03T18:33:22.3316690+00:00	StartPipeline	Layer03Node10	Layer03Node10
2026-06-03T18:33:22.3335649+00:00	WorkerEvent	Layer06Node02	WorkerReady; ExitCode=0; ready
2026-06-03T18:33:22.3355309+00:00	StartPipeline	Layer06Node02	Layer06Node02
2026-06-03T18:33:22.3370739+00:00	WorkerEvent	Layer02Node08	PipelineStarted; ExitCode=0; pipeline started
2026-06-03T18:33:22.3426804+00:00	WorkerResuming	BridgeL03L04	ResumeTaskId=BridgeL03L04.bridge-l03-l04-collect; Executable=meta-pipeline
2026-06-03T18:33:22.4758543+00:00	WorkerStarted	BridgeL03L04	20496
2026-06-03T18:33:22.4763817+00:00	WorkerControlPipe	BridgeL03L04	meta-orchestration-2896fed577bc4383bf83b6d528991791
2026-06-03T18:33:22.4767609+00:00	WorkerLog	BridgeL03L04	stdout=C:\Users\jimmy\Desktop\meta-bi\Samples\Demos\MetaOrchestrationHairballCliIntegration\Runs\hairball-seed-20260530\RunArtifacts\runs\20260603-183303_2d830a7422d34edfb67c3121c397d5c0\logs\BridgeL03L04-20496.stdout.log; stderr=C:\Users\jimmy\Desktop\meta-bi\Samples\Demos\MetaOrchestrationHairballCliIntegration\Runs\hairball-seed-20260530\RunArtifacts\runs\20260603-183303_2d830a7422d34edfb67c3121c397d5c0\logs\BridgeL03L04-20496.stderr.log
2026-06-03T18:33:22.4772013+00:00	WorkerEvent	BridgeL01L02	WorkerOnline; ExitCode=0; online
2026-06-03T18:33:22.4783187+00:00	WorkerEvent	Layer02Node08.refresh-l02-n08	TaskReady; ExitCode=0; 
2026-06-03T18:33:22.4793185+00:00	WorkerEvent	AuditHairball	PipelineStarted; ExitCode=0; pipeline started
2026-06-03T18:33:22.4808961+00:00	WorkerEvent	BridgeL01L02	WorkerReady; ExitCode=0; ready
2026-06-03T18:33:22.4898952+00:00	StartPipeline	BridgeL01L02	BridgeL01L02
2026-06-03T18:33:22.4907474+00:00	WorkerEvent	AuditHairball.audit-hairball	TaskReady; ExitCode=0; 
2026-06-03T18:33:22.4931641+00:00	GrantTask	Layer02Node08.refresh-l02-n08	Layer02Node08.refresh-l02-n08; GrantId=grant-27; Attempt=1
2026-06-03T18:33:22.4936266+00:00	WorkerResuming	BridgeL05L06	ResumeTaskId=BridgeL05L06.bridge-l05-l06-collect; Executable=meta-pipeline
2026-06-03T18:33:22.6298088+00:00	WorkerStarted	BridgeL05L06	456
2026-06-03T18:33:22.6302283+00:00	WorkerControlPipe	BridgeL05L06	meta-orchestration-233f3117390b4334b1c476c1b68c2d97
2026-06-03T18:33:22.6306351+00:00	WorkerLog	BridgeL05L06	stdout=C:\Users\jimmy\Desktop\meta-bi\Samples\Demos\MetaOrchestrationHairballCliIntegration\Runs\hairball-seed-20260530\RunArtifacts\runs\20260603-183303_2d830a7422d34edfb67c3121c397d5c0\logs\BridgeL05L06-456.stdout.log; stderr=C:\Users\jimmy\Desktop\meta-bi\Samples\Demos\MetaOrchestrationHairballCliIntegration\Runs\hairball-seed-20260530\RunArtifacts\runs\20260603-183303_2d830a7422d34edfb67c3121c397d5c0\logs\BridgeL05L06-456.stderr.log
2026-06-03T18:33:22.6310469+00:00	WorkerEvent	BridgeL03L04	WorkerOnline; ExitCode=0; online
2026-06-03T18:33:22.6318718+00:00	WorkerEvent	Layer02Node04.export-l02-n04	TaskSucceeded; ExitCode=0; 
2026-06-03T18:33:22.6325807+00:00	TaskSucceeded	Layer02Node04.export-l02-n04	0
2026-06-03T18:33:22.6329779+00:00	WorkerEvent	BridgeL03L04	WorkerReady; ExitCode=0; ready
2026-06-03T18:33:22.6374473+00:00	StartPipeline	BridgeL03L04	BridgeL03L04
2026-06-03T18:33:22.6383046+00:00	WorkerEvent	Layer02Node08.refresh-l02-n08	GrantAccepted; ExitCode=0; 
2026-06-03T18:33:22.6389090+00:00	WorkerEvent	Layer02Node06	PipelineStarted; ExitCode=0; pipeline started
2026-06-03T18:33:22.6400924+00:00	WorkerEvent	Layer02Node08.refresh-l02-n08	TaskStarted; ExitCode=0; 
2026-06-03T18:33:22.6407593+00:00	WorkerProcessExited	Layer02Node04	ExitCode=0; worker process exited
2026-06-03T18:33:22.6413900+00:00	PipelineCompleted	Layer02Node04	
2026-06-03T18:33:22.6421917+00:00	WorkerStarting	Layer02Node07	meta-pipeline
2026-06-03T18:33:22.7888966+00:00	WorkerStarted	Layer02Node07	29088
2026-06-03T18:33:22.7894366+00:00	WorkerControlPipe	Layer02Node07	meta-orchestration-3d75412e886f4bffa202ba8973a9baf8
2026-06-03T18:33:22.7897940+00:00	WorkerLog	Layer02Node07	stdout=C:\Users\jimmy\Desktop\meta-bi\Samples\Demos\MetaOrchestrationHairballCliIntegration\Runs\hairball-seed-20260530\RunArtifacts\runs\20260603-183303_2d830a7422d34edfb67c3121c397d5c0\logs\Layer02Node07-29088.stdout.log; stderr=C:\Users\jimmy\Desktop\meta-bi\Samples\Demos\MetaOrchestrationHairballCliIntegration\Runs\hairball-seed-20260530\RunArtifacts\runs\20260603-183303_2d830a7422d34edfb67c3121c397d5c0\logs\Layer02Node07-29088.stderr.log
2026-06-03T18:33:22.7903766+00:00	WorkerEvent	BridgeL05L06	WorkerOnline; ExitCode=0; online
2026-06-03T18:33:22.7911695+00:00	WorkerEvent	Layer03Node02	PipelineStarted; ExitCode=0; pipeline started
2026-06-03T18:33:22.7919253+00:00	WorkerEvent	Layer02Node06.refresh-l02-n06	TaskReady; ExitCode=0; 
2026-06-03T18:33:22.7939197+00:00	GrantTask	Layer02Node06.refresh-l02-n06	Layer02Node06.refresh-l02-n06; GrantId=grant-28; Attempt=1
2026-06-03T18:33:22.7943976+00:00	WorkerResuming	BridgeL07L08	ResumeTaskId=BridgeL07L08.bridge-l07-l08-collect; Executable=meta-pipeline
2026-06-03T18:33:22.9124500+00:00	WorkerStarted	BridgeL07L08	28436
2026-06-03T18:33:22.9128679+00:00	WorkerControlPipe	BridgeL07L08	meta-orchestration-6a0dcf2fa5af4cd69f4c849f5dffdb13
2026-06-03T18:33:22.9131661+00:00	WorkerLog	BridgeL07L08	stdout=C:\Users\jimmy\Desktop\meta-bi\Samples\Demos\MetaOrchestrationHairballCliIntegration\Runs\hairball-seed-20260530\RunArtifacts\runs\20260603-183303_2d830a7422d34edfb67c3121c397d5c0\logs\BridgeL07L08-28436.stdout.log; stderr=C:\Users\jimmy\Desktop\meta-bi\Samples\Demos\MetaOrchestrationHairballCliIntegration\Runs\hairball-seed-20260530\RunArtifacts\runs\20260603-183303_2d830a7422d34edfb67c3121c397d5c0\logs\BridgeL07L08-28436.stderr.log
2026-06-03T18:33:22.9135331+00:00	WorkerEvent	BridgeL05L06	WorkerReady; ExitCode=0; ready
2026-06-03T18:33:22.9146037+00:00	StartPipeline	BridgeL05L06	BridgeL05L06
2026-06-03T18:33:22.9158041+00:00	WorkerEvent	Layer02Node07	WorkerOnline; ExitCode=0; online
2026-06-03T18:33:22.9165775+00:00	WorkerEvent	Layer03Node02.export-l03-n02	TaskReady; ExitCode=0; 
2026-06-03T18:33:22.9172847+00:00	WorkerEvent	Layer02Node06.refresh-l02-n06	GrantAccepted; ExitCode=0; 
2026-06-03T18:33:22.9199992+00:00	GrantTask	Layer03Node02.export-l03-n02	Layer03Node02.export-l03-n02; GrantId=grant-29; Attempt=1
2026-06-03T18:33:22.9262140+00:00	WorkerEvent	Layer02Node07	WorkerReady; ExitCode=0; ready
2026-06-03T18:33:22.9331512+00:00	StartPipeline	Layer02Node07	Layer02Node07
2026-06-03T18:33:22.9339106+00:00	WorkerEvent	Layer02Node06.refresh-l02-n06	TaskStarted; ExitCode=0; 
2026-06-03T18:33:22.9468404+00:00	WorkerEvent	BridgeL07L08	WorkerOnline; ExitCode=0; online
2026-06-03T18:33:22.9476584+00:00	WorkerEvent	Layer03Node02.export-l03-n02	GrantAccepted; ExitCode=0; 
2026-06-03T18:33:22.9484098+00:00	WorkerEvent	BridgeL07L08	WorkerReady; ExitCode=0; ready
2026-06-03T18:33:22.9644231+00:00	StartPipeline	BridgeL07L08	BridgeL07L08
2026-06-03T18:33:22.9652390+00:00	WorkerEvent	Layer03Node02.export-l03-n02	TaskStarted; ExitCode=0; 
2026-06-03T18:33:22.9872793+00:00	WorkerEvent	Layer03Node03	PipelineStarted; ExitCode=0; pipeline started
2026-06-03T18:33:22.9923286+00:00	WorkerEvent	Layer03Node03.export-l03-n03	TaskReady; ExitCode=0; 
2026-06-03T18:33:22.9959768+00:00	GrantTask	Layer03Node03.export-l03-n03	Layer03Node03.export-l03-n03; GrantId=grant-30; Attempt=1
2026-06-03T18:33:23.0099325+00:00	WorkerEvent	Layer03Node03.export-l03-n03	GrantAccepted; ExitCode=0; 
2026-06-03T18:33:23.0138334+00:00	WorkerEvent	Layer03Node03.export-l03-n03	TaskStarted; ExitCode=0; 
2026-06-03T18:33:23.1208759+00:00	WorkerEvent	Layer03Node10	PipelineStarted; ExitCode=0; pipeline started
2026-06-03T18:33:23.1239190+00:00	WorkerEvent	Layer03Node10.refresh-l03-n10	TaskReady; ExitCode=0; 
2026-06-03T18:33:23.1279030+00:00	GrantTask	Layer03Node10.refresh-l03-n10	Layer03Node10.refresh-l03-n10; GrantId=grant-31; Attempt=1
2026-06-03T18:33:23.1306593+00:00	WorkerEvent	Layer03Node10.refresh-l03-n10	GrantAccepted; ExitCode=0; 
2026-06-03T18:33:23.1328695+00:00	WorkerEvent	Layer03Node10.refresh-l03-n10	TaskStarted; ExitCode=0; 
2026-06-03T18:33:23.1617534+00:00	WorkerEvent	Layer06Node02	PipelineStarted; ExitCode=0; pipeline started
2026-06-03T18:33:23.1644082+00:00	WorkerEvent	Layer06Node02.export-l06-n02	TaskReady; ExitCode=0; 
2026-06-03T18:33:23.1702570+00:00	GrantTask	Layer06Node02.export-l06-n02	Layer06Node02.export-l06-n02; GrantId=grant-32; Attempt=1
2026-06-03T18:33:23.1744438+00:00	WorkerEvent	Layer06Node02.export-l06-n02	GrantAccepted; ExitCode=0; 
2026-06-03T18:33:23.1807846+00:00	WorkerEvent	Layer06Node02.export-l06-n02	TaskStarted; ExitCode=0; 
2026-06-03T18:33:23.3270230+00:00	WorkerEvent	Layer02Node08.refresh-l02-n08	TaskSucceeded; ExitCode=0; 
2026-06-03T18:33:23.3281341+00:00	TaskSucceeded	Layer02Node08.refresh-l02-n08	0
2026-06-03T18:33:23.3297119+00:00	WorkerDeferredForCapacity	AuditHairball	Deferred by orchestration to honor max active worker process capacity.
2026-06-03T18:33:23.3304237+00:00	StopPipeline	AuditHairball	Deferred by orchestration to honor max active worker process capacity.
2026-06-03T18:33:23.3665864+00:00	WorkerEvent	AuditHairball	Closed; ExitCode=0; 
2026-06-03T18:33:23.3670384+00:00	WorkerProcessExited	AuditHairball	ExitCode=0; worker process exited
2026-06-03T18:33:23.3681694+00:00	WorkerDeferred	AuditHairball	ResumeTaskId=AuditHairball.audit-hairball
2026-06-03T18:33:23.3693534+00:00	WorkerStarting	Layer03Node06	meta-pipeline
2026-06-03T18:33:23.7893183+00:00	WorkerStarted	Layer03Node06	26148
2026-06-03T18:33:23.7898958+00:00	WorkerControlPipe	Layer03Node06	meta-orchestration-700cab549e6c4e9e8b407071e076ea85
2026-06-03T18:33:23.7903133+00:00	WorkerLog	Layer03Node06	stdout=C:\Users\jimmy\Desktop\meta-bi\Samples\Demos\MetaOrchestrationHairballCliIntegration\Runs\hairball-seed-20260530\RunArtifacts\runs\20260603-183303_2d830a7422d34edfb67c3121c397d5c0\logs\Layer03Node06-26148.stdout.log; stderr=C:\Users\jimmy\Desktop\meta-bi\Samples\Demos\MetaOrchestrationHairballCliIntegration\Runs\hairball-seed-20260530\RunArtifacts\runs\20260603-183303_2d830a7422d34edfb67c3121c397d5c0\logs\Layer03Node06-26148.stderr.log
2026-06-03T18:33:23.7907923+00:00	WorkerEvent	BridgeL01L02	PipelineStarted; ExitCode=0; pipeline started
2026-06-03T18:33:23.7917358+00:00	WorkerEvent	Layer02Node08	Closed; ExitCode=0; 
2026-06-03T18:33:23.7931281+00:00	WorkerProcessExited	Layer02Node08	ExitCode=0; worker process exited
2026-06-03T18:33:23.7938778+00:00	PipelineCompleted	Layer02Node08	
2026-06-03T18:33:23.7948029+00:00	WorkerStarting	Layer04Node03	meta-pipeline
2026-06-03T18:33:24.0667392+00:00	WorkerStarted	Layer04Node03	30248
2026-06-03T18:33:24.0677461+00:00	WorkerControlPipe	Layer04Node03	meta-orchestration-01fc56838e064680a1a08d4de0738de5
2026-06-03T18:33:24.0681650+00:00	WorkerLog	Layer04Node03	stdout=C:\Users\jimmy\Desktop\meta-bi\Samples\Demos\MetaOrchestrationHairballCliIntegration\Runs\hairball-seed-20260530\RunArtifacts\runs\20260603-183303_2d830a7422d34edfb67c3121c397d5c0\logs\Layer04Node03-30248.stdout.log; stderr=C:\Users\jimmy\Desktop\meta-bi\Samples\Demos\MetaOrchestrationHairballCliIntegration\Runs\hairball-seed-20260530\RunArtifacts\runs\20260603-183303_2d830a7422d34edfb67c3121c397d5c0\logs\Layer04Node03-30248.stderr.log
2026-06-03T18:33:24.0686476+00:00	WorkerEvent	Layer03Node03.export-l03-n03	TaskSucceeded; ExitCode=0; 
2026-06-03T18:33:24.0693432+00:00	TaskSucceeded	Layer03Node03.export-l03-n03	0
2026-06-03T18:33:24.0714664+00:00	WorkerEvent	BridgeL01L02.bridge-l01-l02-collect	TaskReady; ExitCode=0; 
2026-06-03T18:33:24.0723283+00:00	WorkerEvent	Layer03Node10.refresh-l03-n10	TaskSucceeded; ExitCode=0; 
2026-06-03T18:33:24.0730152+00:00	TaskSucceeded	Layer03Node10.refresh-l03-n10	0
2026-06-03T18:33:24.0734234+00:00	WorkerEvent	Layer03Node06	WorkerOnline; ExitCode=0; online
2026-06-03T18:33:24.0742323+00:00	WorkerEvent	Layer02Node06.refresh-l02-n06	TaskSucceeded; ExitCode=0; 
2026-06-03T18:33:24.0803435+00:00	TaskSucceeded	Layer02Node06.refresh-l02-n06	0
2026-06-03T18:33:24.0809679+00:00	WorkerEvent	Layer03Node06	WorkerReady; ExitCode=0; ready
2026-06-03T18:33:24.0818094+00:00	StartPipeline	Layer03Node06	Layer03Node06
2026-06-03T18:33:24.0824550+00:00	WorkerProcessExited	Layer03Node03	ExitCode=0; worker process exited
2026-06-03T18:33:24.0832144+00:00	PipelineCompleted	Layer03Node03	
2026-06-03T18:33:24.0867924+00:00	WorkerProcessExited	Layer03Node10	ExitCode=0; worker process exited
2026-06-03T18:33:24.0877860+00:00	PipelineCompleted	Layer03Node10	
2026-06-03T18:33:24.0881503+00:00	WorkerProcessExited	Layer02Node06	ExitCode=0; worker process exited
2026-06-03T18:33:24.0890654+00:00	PipelineCompleted	Layer02Node06	
2026-06-03T18:33:24.0910353+00:00	WorkerStarting	Layer06Node06	meta-pipeline
2026-06-03T18:33:24.2285910+00:00	WorkerStarted	Layer06Node06	12268
2026-06-03T18:33:24.2289676+00:00	WorkerControlPipe	Layer06Node06	meta-orchestration-37308e22ddd848b49d544ae77c5ea79b
2026-06-03T18:33:24.2292499+00:00	WorkerLog	Layer06Node06	stdout=C:\Users\jimmy\Desktop\meta-bi\Samples\Demos\MetaOrchestrationHairballCliIntegration\Runs\hairball-seed-20260530\RunArtifacts\runs\20260603-183303_2d830a7422d34edfb67c3121c397d5c0\logs\Layer06Node06-12268.stdout.log; stderr=C:\Users\jimmy\Desktop\meta-bi\Samples\Demos\MetaOrchestrationHairballCliIntegration\Runs\hairball-seed-20260530\RunArtifacts\runs\20260603-183303_2d830a7422d34edfb67c3121c397d5c0\logs\Layer06Node06-12268.stderr.log
2026-06-03T18:33:24.2296148+00:00	WorkerEvent	BridgeL03L04	PipelineStarted; ExitCode=0; pipeline started
2026-06-03T18:33:24.2305538+00:00	WorkerEvent	Layer06Node02.export-l06-n02	TaskSucceeded; ExitCode=0; 
2026-06-03T18:33:24.2313861+00:00	TaskSucceeded	Layer06Node02.export-l06-n02	0
2026-06-03T18:33:24.2317330+00:00	WorkerEvent	BridgeL03L04.bridge-l03-l04-collect	TaskReady; ExitCode=0; 
2026-06-03T18:33:24.2323458+00:00	WorkerEvent	Layer02Node07	PipelineStarted; ExitCode=0; pipeline started
2026-06-03T18:33:24.2331042+00:00	WorkerEvent	Layer04Node03	WorkerOnline; ExitCode=0; online
2026-06-03T18:33:24.2349770+00:00	WorkerEvent	Layer02Node07.refresh-l02-n07	TaskReady; ExitCode=0; 
2026-06-03T18:33:24.2361520+00:00	WorkerEvent	Layer04Node03	WorkerReady; ExitCode=0; ready
2026-06-03T18:33:24.2399497+00:00	StartPipeline	Layer04Node03	Layer04Node03
2026-06-03T18:33:24.2408033+00:00	WorkerEvent	Layer03Node02.export-l03-n02	TaskSucceeded; ExitCode=0; 
2026-06-03T18:33:24.2414552+00:00	TaskSucceeded	Layer03Node02.export-l03-n02	0
2026-06-03T18:33:24.2420260+00:00	WorkerProcessExited	Layer06Node02	ExitCode=0; worker process exited
2026-06-03T18:33:24.2429663+00:00	PipelineCompleted	Layer06Node02	
2026-06-03T18:33:24.2434008+00:00	WorkerProcessExited	Layer03Node02	ExitCode=0; worker process exited
2026-06-03T18:33:24.2439670+00:00	PipelineCompleted	Layer03Node02	
2026-06-03T18:33:24.2456422+00:00	GrantTask	Layer02Node07.refresh-l02-n07	Layer02Node07.refresh-l02-n07; GrantId=grant-33; Attempt=1
2026-06-03T18:33:24.2460828+00:00	WorkerStarting	Layer06Node09	meta-pipeline
2026-06-03T18:33:24.3560368+00:00	WorkerStarted	Layer06Node09	15884
2026-06-03T18:33:24.3565624+00:00	WorkerControlPipe	Layer06Node09	meta-orchestration-f66d93bb727346e4af1de8e8aca72772
2026-06-03T18:33:24.3574177+00:00	WorkerLog	Layer06Node09	stdout=C:\Users\jimmy\Desktop\meta-bi\Samples\Demos\MetaOrchestrationHairballCliIntegration\Runs\hairball-seed-20260530\RunArtifacts\runs\20260603-183303_2d830a7422d34edfb67c3121c397d5c0\logs\Layer06Node09-15884.stdout.log; stderr=C:\Users\jimmy\Desktop\meta-bi\Samples\Demos\MetaOrchestrationHairballCliIntegration\Runs\hairball-seed-20260530\RunArtifacts\runs\20260603-183303_2d830a7422d34edfb67c3121c397d5c0\logs\Layer06Node09-15884.stderr.log
2026-06-03T18:33:24.3579226+00:00	WorkerEvent	Layer02Node07.refresh-l02-n07	GrantAccepted; ExitCode=0; 
2026-06-03T18:33:24.3587256+00:00	WorkerEvent	Layer06Node06	WorkerOnline; ExitCode=0; online
2026-06-03T18:33:24.3610450+00:00	WorkerResuming	AuditHairball	ResumeTaskId=AuditHairball.audit-hairball; Executable=meta-pipeline
2026-06-03T18:33:24.5145725+00:00	WorkerStarted	AuditHairball	24368
2026-06-03T18:33:24.5149363+00:00	WorkerControlPipe	AuditHairball	meta-orchestration-a30b2e09a4fd48cfac16688a7b72eb40
2026-06-03T18:33:24.5152617+00:00	WorkerLog	AuditHairball	stdout=C:\Users\jimmy\Desktop\meta-bi\Samples\Demos\MetaOrchestrationHairballCliIntegration\Runs\hairball-seed-20260530\RunArtifacts\runs\20260603-183303_2d830a7422d34edfb67c3121c397d5c0\logs\AuditHairball-24368.stdout.log; stderr=C:\Users\jimmy\Desktop\meta-bi\Samples\Demos\MetaOrchestrationHairballCliIntegration\Runs\hairball-seed-20260530\RunArtifacts\runs\20260603-183303_2d830a7422d34edfb67c3121c397d5c0\logs\AuditHairball-24368.stderr.log
2026-06-03T18:33:24.5156470+00:00	WorkerEvent	BridgeL05L06	PipelineStarted; ExitCode=0; pipeline started
2026-06-03T18:33:24.5176145+00:00	WorkerEvent	Layer02Node07.refresh-l02-n07	TaskStarted; ExitCode=0; 
2026-06-03T18:33:24.5222611+00:00	WorkerEvent	Layer06Node09	WorkerOnline; ExitCode=0; online
2026-06-03T18:33:24.5248470+00:00	WorkerEvent	Layer06Node06	WorkerReady; ExitCode=0; ready
2026-06-03T18:33:24.5303044+00:00	StartPipeline	Layer06Node06	Layer06Node06
2026-06-03T18:33:24.5310902+00:00	WorkerEvent	BridgeL05L06.bridge-l05-l06-collect	TaskReady; ExitCode=0; 
2026-06-03T18:33:24.5330684+00:00	WorkerEvent	Layer06Node09	WorkerReady; ExitCode=0; ready
2026-06-03T18:33:24.5427170+00:00	StartPipeline	Layer06Node09	Layer06Node09
2026-06-03T18:33:24.5485394+00:00	WorkerResuming	CompositeMart	ResumeTaskId=CompositeMart.composite-stage; Executable=meta-pipeline
2026-06-03T18:33:24.7097432+00:00	WorkerStarted	CompositeMart	19832
2026-06-03T18:33:24.7119002+00:00	WorkerControlPipe	CompositeMart	meta-orchestration-6afa194f8bfa4684a7e51e1aa52f0432
2026-06-03T18:33:24.7127012+00:00	WorkerLog	CompositeMart	stdout=C:\Users\jimmy\Desktop\meta-bi\Samples\Demos\MetaOrchestrationHairballCliIntegration\Runs\hairball-seed-20260530\RunArtifacts\runs\20260603-183303_2d830a7422d34edfb67c3121c397d5c0\logs\CompositeMart-19832.stdout.log; stderr=C:\Users\jimmy\Desktop\meta-bi\Samples\Demos\MetaOrchestrationHairballCliIntegration\Runs\hairball-seed-20260530\RunArtifacts\runs\20260603-183303_2d830a7422d34edfb67c3121c397d5c0\logs\CompositeMart-19832.stderr.log
2026-06-03T18:33:24.7132520+00:00	WorkerEvent	BridgeL07L08	PipelineStarted; ExitCode=0; pipeline started
2026-06-03T18:33:24.7141252+00:00	WorkerEvent	AuditHairball	WorkerOnline; ExitCode=0; online
2026-06-03T18:33:24.7161840+00:00	WorkerResuming	Layer02Hub	ResumeTaskId=Layer02Hub.hub-l02-stage; Executable=meta-pipeline
2026-06-03T18:33:24.8962625+00:00	WorkerStarted	Layer02Hub	5964
2026-06-03T18:33:24.8968683+00:00	WorkerControlPipe	Layer02Hub	meta-orchestration-58f6efc1f18842e5b2b76314b8a12551
2026-06-03T18:33:24.8972323+00:00	WorkerLog	Layer02Hub	stdout=C:\Users\jimmy\Desktop\meta-bi\Samples\Demos\MetaOrchestrationHairballCliIntegration\Runs\hairball-seed-20260530\RunArtifacts\runs\20260603-183303_2d830a7422d34edfb67c3121c397d5c0\logs\Layer02Hub-5964.stdout.log; stderr=C:\Users\jimmy\Desktop\meta-bi\Samples\Demos\MetaOrchestrationHairballCliIntegration\Runs\hairball-seed-20260530\RunArtifacts\runs\20260603-183303_2d830a7422d34edfb67c3121c397d5c0\logs\Layer02Hub-5964.stderr.log
2026-06-03T18:33:24.8977962+00:00	WorkerEvent	BridgeL07L08.bridge-l07-l08-collect	TaskReady; ExitCode=0; 
2026-06-03T18:33:24.8988613+00:00	WorkerEvent	AuditHairball	WorkerReady; ExitCode=0; ready
2026-06-03T18:33:24.9015595+00:00	StartPipeline	AuditHairball	AuditHairball
2026-06-03T18:33:24.9056553+00:00	WorkerEvent	CompositeMart	WorkerOnline; ExitCode=0; online
2026-06-03T18:33:24.9092642+00:00	WorkerEvent	CompositeMart	WorkerReady; ExitCode=0; ready
2026-06-03T18:33:24.9133638+00:00	StartPipeline	CompositeMart	CompositeMart
2026-06-03T18:33:24.9319103+00:00	WorkerEvent	Layer02Hub	WorkerOnline; ExitCode=0; online
2026-06-03T18:33:24.9713353+00:00	WorkerEvent	Layer02Hub	WorkerReady; ExitCode=0; ready
2026-06-03T18:33:24.9792654+00:00	StartPipeline	Layer02Hub	Layer02Hub
2026-06-03T18:33:25.0157730+00:00	WorkerEvent	Layer03Node06	PipelineStarted; ExitCode=0; pipeline started
2026-06-03T18:33:25.0220690+00:00	WorkerEvent	Layer03Node06.refresh-l03-n06	TaskReady; ExitCode=0; 
2026-06-03T18:33:25.0261183+00:00	GrantTask	Layer03Node06.refresh-l03-n06	Layer03Node06.refresh-l03-n06; GrantId=grant-34; Attempt=1
2026-06-03T18:33:25.0267967+00:00	WorkerEvent	Layer02Node07.refresh-l02-n07	TaskSucceeded; ExitCode=0; 
2026-06-03T18:33:25.0275276+00:00	TaskSucceeded	Layer02Node07.refresh-l02-n07	0
2026-06-03T18:33:25.0300011+00:00	WorkerEvent	Layer03Node06.refresh-l03-n06	GrantAccepted; ExitCode=0; 
2026-06-03T18:33:25.0539631+00:00	WorkerEvent	Layer02Node07	Closed; ExitCode=0; 
2026-06-03T18:33:25.0544278+00:00	WorkerProcessExited	Layer02Node07	ExitCode=0; worker process exited
2026-06-03T18:33:25.0550991+00:00	PipelineCompleted	Layer02Node07	
2026-06-03T18:33:25.0569747+00:00	WorkerEvent	Layer03Node06.refresh-l03-n06	TaskStarted; ExitCode=0; 
2026-06-03T18:33:25.0589866+00:00	WorkerStarting	Layer03Hub	meta-pipeline
2026-06-03T18:33:25.2073010+00:00	WorkerStarted	Layer03Hub	7804
2026-06-03T18:33:25.2077309+00:00	WorkerControlPipe	Layer03Hub	meta-orchestration-e9318e7e21c8435ba7ec69f0dc9da91a
2026-06-03T18:33:25.2081184+00:00	WorkerLog	Layer03Hub	stdout=C:\Users\jimmy\Desktop\meta-bi\Samples\Demos\MetaOrchestrationHairballCliIntegration\Runs\hairball-seed-20260530\RunArtifacts\runs\20260603-183303_2d830a7422d34edfb67c3121c397d5c0\logs\Layer03Hub-7804.stdout.log; stderr=C:\Users\jimmy\Desktop\meta-bi\Samples\Demos\MetaOrchestrationHairballCliIntegration\Runs\hairball-seed-20260530\RunArtifacts\runs\20260603-183303_2d830a7422d34edfb67c3121c397d5c0\logs\Layer03Hub-7804.stderr.log
2026-06-03T18:33:25.2086669+00:00	WorkerEvent	Layer04Node03	PipelineStarted; ExitCode=0; pipeline started
2026-06-03T18:33:25.2113790+00:00	WorkerEvent	Layer04Node03.refresh-l04-n03	TaskReady; ExitCode=0; 
2026-06-03T18:33:25.2137838+00:00	GrantTask	Layer04Node03.refresh-l04-n03	Layer04Node03.refresh-l04-n03; GrantId=grant-35; Attempt=1
2026-06-03T18:33:25.2180760+00:00	WorkerEvent	Layer04Node03.refresh-l04-n03	GrantAccepted; ExitCode=0; 
2026-06-03T18:33:25.2212098+00:00	WorkerEvent	Layer04Node03.refresh-l04-n03	TaskStarted; ExitCode=0; 
2026-06-03T18:33:25.2371513+00:00	WorkerEvent	Layer03Hub	WorkerOnline; ExitCode=0; online
2026-06-03T18:33:25.2409090+00:00	WorkerEvent	Layer03Hub	WorkerReady; ExitCode=0; ready
2026-06-03T18:33:25.2445866+00:00	StartPipeline	Layer03Hub	Layer03Hub
2026-06-03T18:33:25.4866993+00:00	WorkerEvent	Layer06Node09	PipelineStarted; ExitCode=0; pipeline started
2026-06-03T18:33:25.4895479+00:00	WorkerEvent	Layer06Node09.select-l06-n09	TaskReady; ExitCode=0; 
2026-06-03T18:33:25.4927713+00:00	GrantTask	Layer06Node09.select-l06-n09	Layer06Node09.select-l06-n09; GrantId=grant-36; Attempt=1
2026-06-03T18:33:25.4949355+00:00	WorkerEvent	Layer06Node09.select-l06-n09	GrantAccepted; ExitCode=0; 
2026-06-03T18:33:25.4977446+00:00	WorkerEvent	Layer06Node09.select-l06-n09	TaskStarted; ExitCode=0; 
2026-06-03T18:33:25.5321452+00:00	WorkerEvent	Layer03Node06.refresh-l03-n06	TaskSucceeded; ExitCode=0; 
2026-06-03T18:33:25.5339326+00:00	TaskSucceeded	Layer03Node06.refresh-l03-n06	0
2026-06-03T18:33:25.5377412+00:00	WorkerDeferredForCapacity	BridgeL01L02	Deferred by orchestration to honor max active worker process capacity.
2026-06-03T18:33:25.5381912+00:00	StopPipeline	BridgeL01L02	Deferred by orchestration to honor max active worker process capacity.
2026-06-03T18:33:25.5390427+00:00	WorkerDeferredForCapacity	BridgeL03L04	Deferred by orchestration to honor max active worker process capacity.
2026-06-03T18:33:25.5394417+00:00	StopPipeline	BridgeL03L04	Deferred by orchestration to honor max active worker process capacity.
2026-06-03T18:33:25.5438980+00:00	WorkerDeferredForCapacity	BridgeL05L06	Deferred by orchestration to honor max active worker process capacity.
2026-06-03T18:33:25.5443382+00:00	StopPipeline	BridgeL05L06	Deferred by orchestration to honor max active worker process capacity.
2026-06-03T18:33:25.5451731+00:00	WorkerDeferredForCapacity	BridgeL07L08	Deferred by orchestration to honor max active worker process capacity.
2026-06-03T18:33:25.5476076+00:00	StopPipeline	BridgeL07L08	Deferred by orchestration to honor max active worker process capacity.
2026-06-03T18:33:25.5513287+00:00	WorkerEvent	Layer06Node06	PipelineStarted; ExitCode=0; pipeline started
2026-06-03T18:33:25.5559173+00:00	WorkerEvent	Layer06Node06.select-l06-n06	TaskReady; ExitCode=0; 
2026-06-03T18:33:25.5575618+00:00	GrantTask	Layer06Node06.select-l06-n06	Layer06Node06.select-l06-n06; GrantId=grant-37; Attempt=1
2026-06-03T18:33:25.5595243+00:00	WorkerEvent	Layer06Node06.select-l06-n06	GrantAccepted; ExitCode=0; 
2026-06-03T18:33:25.5610665+00:00	WorkerEvent	Layer03Node06	Closed; ExitCode=0; 
2026-06-03T18:33:25.5615707+00:00	WorkerProcessExited	Layer03Node06	ExitCode=0; worker process exited
2026-06-03T18:33:25.5622358+00:00	PipelineCompleted	Layer03Node06	
2026-06-03T18:33:25.5628999+00:00	WorkerStarting	Layer03Node07	meta-pipeline
2026-06-03T18:33:25.9468861+00:00	WorkerStarted	Layer03Node07	29692
2026-06-03T18:33:25.9485575+00:00	WorkerControlPipe	Layer03Node07	meta-orchestration-8a3a3e2595234288bd281041a5de7367
2026-06-03T18:33:25.9533146+00:00	WorkerLog	Layer03Node07	stdout=C:\Users\jimmy\Desktop\meta-bi\Samples\Demos\MetaOrchestrationHairballCliIntegration\Runs\hairball-seed-20260530\RunArtifacts\runs\20260603-183303_2d830a7422d34edfb67c3121c397d5c0\logs\Layer03Node07-29692.stdout.log; stderr=C:\Users\jimmy\Desktop\meta-bi\Samples\Demos\MetaOrchestrationHairballCliIntegration\Runs\hairball-seed-20260530\RunArtifacts\runs\20260603-183303_2d830a7422d34edfb67c3121c397d5c0\logs\Layer03Node07-29692.stderr.log
2026-06-03T18:33:25.9540472+00:00	WorkerEvent	BridgeL07L08	Closed; ExitCode=0; 
2026-06-03T18:33:25.9544459+00:00	WorkerProcessExited	BridgeL07L08	ExitCode=0; worker process exited
2026-06-03T18:33:25.9551393+00:00	WorkerDeferred	BridgeL07L08	ResumeTaskId=BridgeL07L08.bridge-l07-l08-collect
2026-06-03T18:33:25.9554869+00:00	WorkerEvent	BridgeL05L06	Closed; ExitCode=0; 
2026-06-03T18:33:25.9573127+00:00	WorkerProcessExited	BridgeL05L06	ExitCode=0; worker process exited
2026-06-03T18:33:25.9580587+00:00	WorkerDeferred	BridgeL05L06	ResumeTaskId=BridgeL05L06.bridge-l05-l06-collect
2026-06-03T18:33:25.9584607+00:00	WorkerEvent	BridgeL03L04	Closed; ExitCode=0; 
2026-06-03T18:33:25.9587606+00:00	WorkerProcessExited	BridgeL03L04	ExitCode=0; worker process exited
2026-06-03T18:33:25.9595616+00:00	WorkerDeferred	BridgeL03L04	ResumeTaskId=BridgeL03L04.bridge-l03-l04-collect
2026-06-03T18:33:25.9599974+00:00	WorkerEvent	BridgeL01L02	Closed; ExitCode=0; 
2026-06-03T18:33:25.9602847+00:00	WorkerProcessExited	BridgeL01L02	ExitCode=0; worker process exited
2026-06-03T18:33:25.9609069+00:00	WorkerDeferred	BridgeL01L02	ResumeTaskId=BridgeL01L02.bridge-l01-l02-collect
2026-06-03T18:33:25.9612262+00:00	WorkerEvent	AuditHairball	PipelineStarted; ExitCode=0; pipeline started
2026-06-03T18:33:25.9620276+00:00	WorkerEvent	Layer06Node06.select-l06-n06	TaskStarted; ExitCode=0; 
2026-06-03T18:33:25.9702326+00:00	WorkerResuming	BridgeL01L02	ResumeTaskId=BridgeL01L02.bridge-l01-l02-collect; Executable=meta-pipeline
2026-06-03T18:33:26.1579369+00:00	WorkerStarted	BridgeL01L02	23932
2026-06-03T18:33:26.1587432+00:00	WorkerControlPipe	BridgeL01L02	meta-orchestration-dec9d0bc15ee49da84399a9f7dbb6afa
2026-06-03T18:33:26.1594537+00:00	WorkerLog	BridgeL01L02	stdout=C:\Users\jimmy\Desktop\meta-bi\Samples\Demos\MetaOrchestrationHairballCliIntegration\Runs\hairball-seed-20260530\RunArtifacts\runs\20260603-183303_2d830a7422d34edfb67c3121c397d5c0\logs\BridgeL01L02-23932.stdout.log; stderr=C:\Users\jimmy\Desktop\meta-bi\Samples\Demos\MetaOrchestrationHairballCliIntegration\Runs\hairball-seed-20260530\RunArtifacts\runs\20260603-183303_2d830a7422d34edfb67c3121c397d5c0\logs\BridgeL01L02-23932.stderr.log
2026-06-03T18:33:26.1599985+00:00	WorkerEvent	AuditHairball.audit-hairball	TaskReady; ExitCode=0; 
2026-06-03T18:33:26.1609014+00:00	WorkerEvent	Layer04Node03.refresh-l04-n03	TaskSucceeded; ExitCode=0; 
2026-06-03T18:33:26.1616275+00:00	TaskSucceeded	Layer04Node03.refresh-l04-n03	0
2026-06-03T18:33:26.1620023+00:00	WorkerEvent	Layer03Node07	WorkerOnline; ExitCode=0; online
2026-06-03T18:33:26.1644610+00:00	WorkerProcessExited	Layer04Node03	ExitCode=0; worker process exited
2026-06-03T18:33:26.1652192+00:00	PipelineCompleted	Layer04Node03	
2026-06-03T18:33:26.1659786+00:00	WorkerEvent	Layer03Node07	WorkerReady; ExitCode=0; ready
2026-06-03T18:33:26.1745379+00:00	StartPipeline	Layer03Node07	Layer03Node07
2026-06-03T18:33:26.1797933+00:00	WorkerResuming	BridgeL03L04	ResumeTaskId=BridgeL03L04.bridge-l03-l04-collect; Executable=meta-pipeline
2026-06-03T18:33:26.3305821+00:00	WorkerStarted	BridgeL03L04	29036
2026-06-03T18:33:26.3311593+00:00	WorkerControlPipe	BridgeL03L04	meta-orchestration-3429a6fe8539439db1b7bfb6a24ae781
2026-06-03T18:33:26.3315838+00:00	WorkerLog	BridgeL03L04	stdout=C:\Users\jimmy\Desktop\meta-bi\Samples\Demos\MetaOrchestrationHairballCliIntegration\Runs\hairball-seed-20260530\RunArtifacts\runs\20260603-183303_2d830a7422d34edfb67c3121c397d5c0\logs\BridgeL03L04-29036.stdout.log; stderr=C:\Users\jimmy\Desktop\meta-bi\Samples\Demos\MetaOrchestrationHairballCliIntegration\Runs\hairball-seed-20260530\RunArtifacts\runs\20260603-183303_2d830a7422d34edfb67c3121c397d5c0\logs\BridgeL03L04-29036.stderr.log
2026-06-03T18:33:26.3320639+00:00	WorkerEvent	BridgeL01L02	WorkerOnline; ExitCode=0; online
2026-06-03T18:33:26.3350445+00:00	WorkerEvent	Layer06Node09.select-l06-n09	TaskSucceeded; ExitCode=0; 
2026-06-03T18:33:26.3364614+00:00	TaskSucceeded	Layer06Node09.select-l06-n09	0
2026-06-03T18:33:26.3372685+00:00	WorkerEvent	BridgeL01L02	WorkerReady; ExitCode=0; ready
2026-06-03T18:33:26.3467706+00:00	StartPipeline	BridgeL01L02	BridgeL01L02
2026-06-03T18:33:26.3527840+00:00	WorkerResuming	BridgeL05L06	ResumeTaskId=BridgeL05L06.bridge-l05-l06-collect; Executable=meta-pipeline
2026-06-03T18:33:26.4791347+00:00	WorkerStarted	BridgeL05L06	5732
2026-06-03T18:33:26.4796411+00:00	WorkerControlPipe	BridgeL05L06	meta-orchestration-a53512d1debe4c37a2a677b0282a1e9a
2026-06-03T18:33:26.4800057+00:00	WorkerLog	BridgeL05L06	stdout=C:\Users\jimmy\Desktop\meta-bi\Samples\Demos\MetaOrchestrationHairballCliIntegration\Runs\hairball-seed-20260530\RunArtifacts\runs\20260603-183303_2d830a7422d34edfb67c3121c397d5c0\logs\BridgeL05L06-5732.stdout.log; stderr=C:\Users\jimmy\Desktop\meta-bi\Samples\Demos\MetaOrchestrationHairballCliIntegration\Runs\hairball-seed-20260530\RunArtifacts\runs\20260603-183303_2d830a7422d34edfb67c3121c397d5c0\logs\BridgeL05L06-5732.stderr.log
2026-06-03T18:33:26.4804095+00:00	WorkerEvent	Layer02Hub	PipelineStarted; ExitCode=0; pipeline started
2026-06-03T18:33:26.4814258+00:00	WorkerEvent	BridgeL03L04	WorkerOnline; ExitCode=0; online
2026-06-03T18:33:26.4848706+00:00	WorkerEvent	Layer02Hub.hub-l02-stage	TaskReady; ExitCode=0; 
2026-06-03T18:33:26.4857175+00:00	WorkerEvent	BridgeL03L04	WorkerReady; ExitCode=0; ready
2026-06-03T18:33:26.4894830+00:00	StartPipeline	BridgeL03L04	BridgeL03L04
2026-06-03T18:33:26.4902976+00:00	WorkerEvent	Layer06Node09	Closed; ExitCode=0; 
2026-06-03T18:33:26.4908690+00:00	WorkerProcessExited	Layer06Node09	ExitCode=0; worker process exited
2026-06-03T18:33:26.4915359+00:00	PipelineCompleted	Layer06Node09	
2026-06-03T18:33:26.4918971+00:00	WorkerEvent	Layer06Node06.select-l06-n06	TaskSucceeded; ExitCode=0; 
2026-06-03T18:33:26.4924875+00:00	TaskSucceeded	Layer06Node06.select-l06-n06	0
2026-06-03T18:33:26.4929220+00:00	WorkerProcessExited	Layer06Node06	ExitCode=0; worker process exited
2026-06-03T18:33:26.4935722+00:00	PipelineCompleted	Layer06Node06	
2026-06-03T18:33:26.4959517+00:00	GrantTask	Layer02Hub.hub-l02-stage	Layer02Hub.hub-l02-stage; GrantId=grant-38; Attempt=1
2026-06-03T18:33:26.4964284+00:00	WorkerResuming	BridgeL07L08	ResumeTaskId=BridgeL07L08.bridge-l07-l08-collect; Executable=meta-pipeline
2026-06-03T18:33:26.6159009+00:00	WorkerStarted	BridgeL07L08	2648
2026-06-03T18:33:26.6167675+00:00	WorkerControlPipe	BridgeL07L08	meta-orchestration-fa1770ff95bd499d80fdc2ecfc50b731
2026-06-03T18:33:26.6172254+00:00	WorkerLog	BridgeL07L08	stdout=C:\Users\jimmy\Desktop\meta-bi\Samples\Demos\MetaOrchestrationHairballCliIntegration\Runs\hairball-seed-20260530\RunArtifacts\runs\20260603-183303_2d830a7422d34edfb67c3121c397d5c0\logs\BridgeL07L08-2648.stdout.log; stderr=C:\Users\jimmy\Desktop\meta-bi\Samples\Demos\MetaOrchestrationHairballCliIntegration\Runs\hairball-seed-20260530\RunArtifacts\runs\20260603-183303_2d830a7422d34edfb67c3121c397d5c0\logs\BridgeL07L08-2648.stderr.log
2026-06-03T18:33:26.6177636+00:00	WorkerEvent	BridgeL05L06	WorkerOnline; ExitCode=0; online
2026-06-03T18:33:26.6184520+00:00	WorkerEvent	Layer02Hub.hub-l02-stage	GrantAccepted; ExitCode=0; 
2026-06-03T18:33:26.6192009+00:00	WorkerEvent	BridgeL05L06	WorkerReady; ExitCode=0; ready
2026-06-03T18:33:26.6236860+00:00	StartPipeline	BridgeL05L06	BridgeL05L06
2026-06-03T18:33:26.6248081+00:00	WorkerEvent	Layer02Hub.hub-l02-stage	TaskStarted; ExitCode=0; 
2026-06-03T18:33:26.6255122+00:00	WorkerEvent	CompositeMart	PipelineStarted; ExitCode=0; pipeline started
2026-06-03T18:33:26.6294058+00:00	WorkerStarting	Layer03Node01	meta-pipeline
2026-06-03T18:33:26.7521001+00:00	WorkerStarted	Layer03Node01	2520
2026-06-03T18:33:26.7525164+00:00	WorkerControlPipe	Layer03Node01	meta-orchestration-c091714c61bd4211a1f2bef1e8902119
2026-06-03T18:33:26.7529235+00:00	WorkerLog	Layer03Node01	stdout=C:\Users\jimmy\Desktop\meta-bi\Samples\Demos\MetaOrchestrationHairballCliIntegration\Runs\hairball-seed-20260530\RunArtifacts\runs\20260603-183303_2d830a7422d34edfb67c3121c397d5c0\logs\Layer03Node01-2520.stdout.log; stderr=C:\Users\jimmy\Desktop\meta-bi\Samples\Demos\MetaOrchestrationHairballCliIntegration\Runs\hairball-seed-20260530\RunArtifacts\runs\20260603-183303_2d830a7422d34edfb67c3121c397d5c0\logs\Layer03Node01-2520.stderr.log
2026-06-03T18:33:26.7534586+00:00	WorkerEvent	Layer03Hub	PipelineStarted; ExitCode=0; pipeline started
2026-06-03T18:33:26.7541966+00:00	WorkerEvent	CompositeMart.composite-stage	TaskReady; ExitCode=0; 
2026-06-03T18:33:26.7548954+00:00	WorkerEvent	BridgeL07L08	WorkerOnline; ExitCode=0; online
2026-06-03T18:33:26.7559301+00:00	WorkerEvent	Layer03Hub.hub-l03-stage	TaskReady; ExitCode=0; 
2026-06-03T18:33:26.7567376+00:00	WorkerEvent	BridgeL07L08	WorkerReady; ExitCode=0; ready
2026-06-03T18:33:26.7604630+00:00	StartPipeline	BridgeL07L08	BridgeL07L08
2026-06-03T18:33:26.7664564+00:00	WorkerStarting	Layer03Node04	meta-pipeline
2026-06-03T18:33:26.9074760+00:00	WorkerStarted	Layer03Node04	12356
2026-06-03T18:33:26.9080919+00:00	WorkerControlPipe	Layer03Node04	meta-orchestration-86d89c4fb0ed4559a53b660492ad6115
2026-06-03T18:33:26.9085713+00:00	WorkerLog	Layer03Node04	stdout=C:\Users\jimmy\Desktop\meta-bi\Samples\Demos\MetaOrchestrationHairballCliIntegration\Runs\hairball-seed-20260530\RunArtifacts\runs\20260603-183303_2d830a7422d34edfb67c3121c397d5c0\logs\Layer03Node04-12356.stdout.log; stderr=C:\Users\jimmy\Desktop\meta-bi\Samples\Demos\MetaOrchestrationHairballCliIntegration\Runs\hairball-seed-20260530\RunArtifacts\runs\20260603-183303_2d830a7422d34edfb67c3121c397d5c0\logs\Layer03Node04-12356.stderr.log
2026-06-03T18:33:26.9091834+00:00	WorkerEvent	Layer03Node01	WorkerOnline; ExitCode=0; online
2026-06-03T18:33:26.9124177+00:00	WorkerStarting	Layer03Node05	meta-pipeline
2026-06-03T18:33:27.1040874+00:00	WorkerStarted	Layer03Node05	12736
2026-06-03T18:33:27.1045435+00:00	WorkerControlPipe	Layer03Node05	meta-orchestration-4a55ca29573e41dc98c37040f57d1062
2026-06-03T18:33:27.1050631+00:00	WorkerLog	Layer03Node05	stdout=C:\Users\jimmy\Desktop\meta-bi\Samples\Demos\MetaOrchestrationHairballCliIntegration\Runs\hairball-seed-20260530\RunArtifacts\runs\20260603-183303_2d830a7422d34edfb67c3121c397d5c0\logs\Layer03Node05-12736.stdout.log; stderr=C:\Users\jimmy\Desktop\meta-bi\Samples\Demos\MetaOrchestrationHairballCliIntegration\Runs\hairball-seed-20260530\RunArtifacts\runs\20260603-183303_2d830a7422d34edfb67c3121c397d5c0\logs\Layer03Node05-12736.stderr.log
2026-06-03T18:33:27.1055991+00:00	WorkerEvent	Layer03Node04	WorkerOnline; ExitCode=0; online
2026-06-03T18:33:27.1065380+00:00	WorkerEvent	Layer03Node01	WorkerReady; ExitCode=0; ready
2026-06-03T18:33:27.1073823+00:00	StartPipeline	Layer03Node01	Layer03Node01
2026-06-03T18:33:27.1081767+00:00	WorkerEvent	Layer03Node04	WorkerReady; ExitCode=0; ready
2026-06-03T18:33:27.1392579+00:00	StartPipeline	Layer03Node04	Layer03Node04
2026-06-03T18:33:27.1402309+00:00	WorkerEvent	Layer03Node07	PipelineStarted; ExitCode=0; pipeline started
2026-06-03T18:33:27.1450793+00:00	WorkerEvent	Layer03Node05	WorkerOnline; ExitCode=0; online
2026-06-03T18:33:27.1462219+00:00	WorkerEvent	Layer03Node07.refresh-l03-n07	TaskReady; ExitCode=0; 
2026-06-03T18:33:27.1517044+00:00	WorkerEvent	Layer03Node05	WorkerReady; ExitCode=0; ready
2026-06-03T18:33:27.1789139+00:00	StartPipeline	Layer03Node05	Layer03Node05
2026-06-03T18:33:27.1813103+00:00	GrantTask	Layer03Node07.refresh-l03-n07	Layer03Node07.refresh-l03-n07; GrantId=grant-39; Attempt=1
2026-06-03T18:33:27.1949568+00:00	WorkerEvent	Layer03Node07.refresh-l03-n07	GrantAccepted; ExitCode=0; 
2026-06-03T18:33:27.2511490+00:00	WorkerEvent	Layer03Node07.refresh-l03-n07	TaskStarted; ExitCode=0; 
2026-06-03T18:33:27.3916936+00:00	WorkerEvent	Layer02Hub.hub-l02-stage	TaskSucceeded; ExitCode=0; 
2026-06-03T18:33:27.3930073+00:00	TaskSucceeded	Layer02Hub.hub-l02-stage	0
2026-06-03T18:33:27.4159030+00:00	WorkerEvent	Layer02Hub.hub-l02-curate	TaskReady; ExitCode=0; 
2026-06-03T18:33:27.4264182+00:00	GrantTask	Layer02Hub.hub-l02-curate	Layer02Hub.hub-l02-curate; GrantId=grant-40; Attempt=1
2026-06-03T18:33:27.4554952+00:00	WorkerEvent	Layer02Hub.hub-l02-curate	GrantAccepted; ExitCode=0; 
2026-06-03T18:33:27.4905598+00:00	WorkerEvent	Layer02Hub.hub-l02-curate	TaskStarted; ExitCode=0; 
2026-06-03T18:33:27.6932025+00:00	WorkerEvent	Layer02Hub.hub-l02-curate	TaskSucceeded; ExitCode=0; 
2026-06-03T18:33:27.6941569+00:00	TaskSucceeded	Layer02Hub.hub-l02-curate	0
2026-06-03T18:33:27.6951442+00:00	WorkerDeferredForCapacity	AuditHairball	Deferred by orchestration to honor max active worker process capacity.
2026-06-03T18:33:27.6956591+00:00	StopPipeline	AuditHairball	Deferred by orchestration to honor max active worker process capacity.
2026-06-03T18:33:27.6961715+00:00	WorkerEvent	Layer02Hub.hub-l02-publish	TaskReady; ExitCode=0; 
2026-06-03T18:33:27.7169155+00:00	GrantTask	Layer02Hub.hub-l02-publish	Layer02Hub.hub-l02-publish; GrantId=grant-41; Attempt=1
2026-06-03T18:33:27.7176981+00:00	WorkerDeferredForCapacity	CompositeMart	Deferred by orchestration to honor max active worker process capacity.
2026-06-03T18:33:27.7198210+00:00	StopPipeline	CompositeMart	Deferred by orchestration to honor max active worker process capacity.
2026-06-03T18:33:27.7222567+00:00	WorkerEvent	Layer02Hub.hub-l02-publish	GrantAccepted; ExitCode=0; 
2026-06-03T18:33:27.7274866+00:00	WorkerDeferredForCapacity	Layer03Hub	Deferred by orchestration to honor max active worker process capacity.
2026-06-03T18:33:27.7283529+00:00	StopPipeline	Layer03Hub	Deferred by orchestration to honor max active worker process capacity.
2026-06-03T18:33:27.7289458+00:00	WorkerEvent	Layer02Hub.hub-l02-publish	TaskStarted; ExitCode=0; 
2026-06-03T18:33:27.8064132+00:00	WorkerEvent	BridgeL01L02	PipelineStarted; ExitCode=0; pipeline started
2026-06-03T18:33:27.8080792+00:00	WorkerEvent	AuditHairball	Closed; ExitCode=0; 
2026-06-03T18:33:27.8085010+00:00	WorkerProcessExited	AuditHairball	ExitCode=0; worker process exited
2026-06-03T18:33:27.8093422+00:00	WorkerDeferred	AuditHairball	ResumeTaskId=AuditHairball.audit-hairball
2026-06-03T18:33:27.8100903+00:00	WorkerStarting	Layer04Node04	meta-pipeline
2026-06-03T18:33:28.0712424+00:00	WorkerStarted	Layer04Node04	25508
2026-06-03T18:33:28.0718656+00:00	WorkerControlPipe	Layer04Node04	meta-orchestration-06d89f56c95d499a92e6856da23e798f
2026-06-03T18:33:28.0722926+00:00	WorkerLog	Layer04Node04	stdout=C:\Users\jimmy\Desktop\meta-bi\Samples\Demos\MetaOrchestrationHairballCliIntegration\Runs\hairball-seed-20260530\RunArtifacts\runs\20260603-183303_2d830a7422d34edfb67c3121c397d5c0\logs\Layer04Node04-25508.stdout.log; stderr=C:\Users\jimmy\Desktop\meta-bi\Samples\Demos\MetaOrchestrationHairballCliIntegration\Runs\hairball-seed-20260530\RunArtifacts\runs\20260603-183303_2d830a7422d34edfb67c3121c397d5c0\logs\Layer04Node04-25508.stderr.log
2026-06-03T18:33:28.0727553+00:00	WorkerEvent	BridgeL05L06	PipelineStarted; ExitCode=0; pipeline started
2026-06-03T18:33:28.0740354+00:00	WorkerEvent	BridgeL01L02.bridge-l01-l02-collect	TaskReady; ExitCode=0; 
2026-06-03T18:33:28.0749694+00:00	WorkerEvent	Layer03Hub	Closed; ExitCode=0; 
2026-06-03T18:33:28.0753875+00:00	WorkerProcessExited	Layer03Hub	ExitCode=0; worker process exited
2026-06-03T18:33:28.0769981+00:00	WorkerDeferred	Layer03Hub	ResumeTaskId=Layer03Hub.hub-l03-stage
2026-06-03T18:33:28.0781808+00:00	WorkerEvent	BridgeL05L06.bridge-l05-l06-collect	TaskReady; ExitCode=0; 
2026-06-03T18:33:28.0792018+00:00	WorkerEvent	CompositeMart	Closed; ExitCode=0; 
2026-06-03T18:33:28.0796063+00:00	WorkerProcessExited	CompositeMart	ExitCode=0; worker process exited
2026-06-03T18:33:28.0805388+00:00	WorkerDeferred	CompositeMart	ResumeTaskId=CompositeMart.composite-stage
2026-06-03T18:33:28.0810108+00:00	WorkerEvent	BridgeL03L04	PipelineStarted; ExitCode=0; pipeline started
2026-06-03T18:33:28.0868843+00:00	GrantTask	BridgeL01L02.bridge-l01-l02-collect	BridgeL01L02.bridge-l01-l02-collect; GrantId=grant-42; Attempt=1
2026-06-03T18:33:28.0874398+00:00	WorkerResuming	AuditHairball	ResumeTaskId=AuditHairball.audit-hairball; Executable=meta-pipeline
2026-06-03T18:33:28.2473998+00:00	WorkerStarted	AuditHairball	5452
2026-06-03T18:33:28.2479467+00:00	WorkerControlPipe	AuditHairball	meta-orchestration-451c800014bb449db23e7d6d3957281a
2026-06-03T18:33:28.2483129+00:00	WorkerLog	AuditHairball	stdout=C:\Users\jimmy\Desktop\meta-bi\Samples\Demos\MetaOrchestrationHairballCliIntegration\Runs\hairball-seed-20260530\RunArtifacts\runs\20260603-183303_2d830a7422d34edfb67c3121c397d5c0\logs\AuditHairball-5452.stdout.log; stderr=C:\Users\jimmy\Desktop\meta-bi\Samples\Demos\MetaOrchestrationHairballCliIntegration\Runs\hairball-seed-20260530\RunArtifacts\runs\20260603-183303_2d830a7422d34edfb67c3121c397d5c0\logs\AuditHairball-5452.stderr.log
2026-06-03T18:33:28.2489025+00:00	WorkerEvent	Layer02Hub.hub-l02-publish	TaskSucceeded; ExitCode=0; 
2026-06-03T18:33:28.2496139+00:00	TaskSucceeded	Layer02Hub.hub-l02-publish	0
2026-06-03T18:33:28.2499938+00:00	WorkerEvent	BridgeL01L02.bridge-l01-l02-collect	GrantAccepted; ExitCode=0; 
2026-06-03T18:33:28.2511686+00:00	WorkerEvent	Layer04Node04	WorkerOnline; ExitCode=0; online
2026-06-03T18:33:28.2520279+00:00	WorkerEvent	BridgeL01L02.bridge-l01-l02-collect	TaskStarted; ExitCode=0; 
2026-06-03T18:33:28.2526727+00:00	WorkerEvent	Layer04Node04	WorkerReady; ExitCode=0; ready
2026-06-03T18:33:28.2584138+00:00	StartPipeline	Layer04Node04	Layer04Node04
2026-06-03T18:33:28.2592823+00:00	WorkerEvent	BridgeL03L04.bridge-l03-l04-collect	TaskReady; ExitCode=0; 
2026-06-03T18:33:28.2600028+00:00	WorkerEvent	Layer03Node07.refresh-l03-n07	TaskSucceeded; ExitCode=0; 
2026-06-03T18:33:28.2606139+00:00	TaskSucceeded	Layer03Node07.refresh-l03-n07	0
2026-06-03T18:33:28.2609777+00:00	WorkerEvent	BridgeL07L08	PipelineStarted; ExitCode=0; pipeline started
2026-06-03T18:33:28.2618967+00:00	WorkerProcessExited	Layer02Hub	ExitCode=0; worker process exited
2026-06-03T18:33:28.2627508+00:00	PipelineCompleted	Layer02Hub	
2026-06-03T18:33:28.2638353+00:00	WorkerEvent	BridgeL07L08.bridge-l07-l08-collect	TaskReady; ExitCode=0; 
2026-06-03T18:33:28.2657262+00:00	WorkerProcessExited	Layer03Node07	ExitCode=0; worker process exited
2026-06-03T18:33:28.2668688+00:00	PipelineCompleted	Layer03Node07	
2026-06-03T18:33:28.2677419+00:00	WorkerStarting	Layer03Node08	meta-pipeline
2026-06-03T18:33:28.4095398+00:00	WorkerStarted	Layer03Node08	14648
2026-06-03T18:33:28.4100771+00:00	WorkerControlPipe	Layer03Node08	meta-orchestration-3d255000f02a4b259627cba2949daa34
2026-06-03T18:33:28.4111178+00:00	WorkerLog	Layer03Node08	stdout=C:\Users\jimmy\Desktop\meta-bi\Samples\Demos\MetaOrchestrationHairballCliIntegration\Runs\hairball-seed-20260530\RunArtifacts\runs\20260603-183303_2d830a7422d34edfb67c3121c397d5c0\logs\Layer03Node08-14648.stdout.log; stderr=C:\Users\jimmy\Desktop\meta-bi\Samples\Demos\MetaOrchestrationHairballCliIntegration\Runs\hairball-seed-20260530\RunArtifacts\runs\20260603-183303_2d830a7422d34edfb67c3121c397d5c0\logs\Layer03Node08-14648.stderr.log
2026-06-03T18:33:28.4129301+00:00	WorkerEvent	Layer03Node04	PipelineStarted; ExitCode=0; pipeline started
2026-06-03T18:33:28.4137000+00:00	WorkerEvent	AuditHairball	WorkerOnline; ExitCode=0; online
2026-06-03T18:33:28.4195566+00:00	WorkerResuming	CompositeMart	ResumeTaskId=CompositeMart.composite-stage; Executable=meta-pipeline
2026-06-03T18:33:28.5650408+00:00	WorkerStarted	CompositeMart	14496
2026-06-03T18:33:28.5657401+00:00	WorkerControlPipe	CompositeMart	meta-orchestration-c03ae93b498e4d5d89169a552b1dce6f
2026-06-03T18:33:28.5661865+00:00	WorkerLog	CompositeMart	stdout=C:\Users\jimmy\Desktop\meta-bi\Samples\Demos\MetaOrchestrationHairballCliIntegration\Runs\hairball-seed-20260530\RunArtifacts\runs\20260603-183303_2d830a7422d34edfb67c3121c397d5c0\logs\CompositeMart-14496.stdout.log; stderr=C:\Users\jimmy\Desktop\meta-bi\Samples\Demos\MetaOrchestrationHairballCliIntegration\Runs\hairball-seed-20260530\RunArtifacts\runs\20260603-183303_2d830a7422d34edfb67c3121c397d5c0\logs\CompositeMart-14496.stderr.log
2026-06-03T18:33:28.5667309+00:00	WorkerEvent	Layer03Node05	PipelineStarted; ExitCode=0; pipeline started
2026-06-03T18:33:28.5677140+00:00	WorkerEvent	Layer03Node04.select-l03-n04	TaskReady; ExitCode=0; 
2026-06-03T18:33:28.5688370+00:00	WorkerEvent	Layer03Node05.select-l03-n05	TaskReady; ExitCode=0; 
2026-06-03T18:33:28.5695317+00:00	WorkerEvent	AuditHairball	WorkerReady; ExitCode=0; ready
2026-06-03T18:33:28.5702237+00:00	StartPipeline	AuditHairball	AuditHairball
2026-06-03T18:33:28.5710195+00:00	WorkerEvent	Layer03Node01	PipelineStarted; ExitCode=0; pipeline started
2026-06-03T18:33:28.5726382+00:00	WorkerEvent	Layer03Node08	WorkerOnline; ExitCode=0; online
2026-06-03T18:33:28.5734585+00:00	WorkerEvent	Layer03Node01.select-l03-n01	TaskReady; ExitCode=0; 
2026-06-03T18:33:28.5756043+00:00	WorkerEvent	Layer03Node08	WorkerReady; ExitCode=0; ready
2026-06-03T18:33:28.5796868+00:00	StartPipeline	Layer03Node08	Layer03Node08
2026-06-03T18:33:28.5831831+00:00	GrantTask	Layer03Node01.select-l03-n01	Layer03Node01.select-l03-n01; GrantId=grant-43; Attempt=1
2026-06-03T18:33:28.5838488+00:00	WorkerResuming	Layer03Hub	ResumeTaskId=Layer03Hub.hub-l03-stage; Executable=meta-pipeline
2026-06-03T18:33:28.8184913+00:00	WorkerStarted	Layer03Hub	4768
2026-06-03T18:33:28.8191796+00:00	WorkerControlPipe	Layer03Hub	meta-orchestration-a2ff53b45a9b482db0299ed5534dc533
2026-06-03T18:33:28.8196032+00:00	WorkerLog	Layer03Hub	stdout=C:\Users\jimmy\Desktop\meta-bi\Samples\Demos\MetaOrchestrationHairballCliIntegration\Runs\hairball-seed-20260530\RunArtifacts\runs\20260603-183303_2d830a7422d34edfb67c3121c397d5c0\logs\Layer03Hub-4768.stdout.log; stderr=C:\Users\jimmy\Desktop\meta-bi\Samples\Demos\MetaOrchestrationHairballCliIntegration\Runs\hairball-seed-20260530\RunArtifacts\runs\20260603-183303_2d830a7422d34edfb67c3121c397d5c0\logs\Layer03Hub-4768.stderr.log
2026-06-03T18:33:28.8201780+00:00	WorkerEvent	CompositeMart	WorkerOnline; ExitCode=0; online
2026-06-03T18:33:28.8210159+00:00	WorkerEvent	Layer03Node01.select-l03-n01	GrantAccepted; ExitCode=0; 
2026-06-03T18:33:28.8238100+00:00	WorkerEvent	CompositeMart	WorkerReady; ExitCode=0; ready
2026-06-03T18:33:28.8280556+00:00	StartPipeline	CompositeMart	CompositeMart
2026-06-03T18:33:28.8292368+00:00	WorkerEvent	Layer03Node01.select-l03-n01	TaskStarted; ExitCode=0; 
2026-06-03T18:33:28.8556769+00:00	WorkerEvent	Layer03Hub	WorkerOnline; ExitCode=0; online
2026-06-03T18:33:28.8658011+00:00	WorkerEvent	Layer03Hub	WorkerReady; ExitCode=0; ready
2026-06-03T18:33:28.8690224+00:00	StartPipeline	Layer03Hub	Layer03Hub
2026-06-03T18:33:29.0724514+00:00	WorkerEvent	BridgeL01L02.bridge-l01-l02-collect	TaskSucceeded; ExitCode=0; 
2026-06-03T18:33:29.0738717+00:00	TaskSucceeded	BridgeL01L02.bridge-l01-l02-collect	0
2026-06-03T18:33:29.0763576+00:00	WorkerDeferredForCapacity	BridgeL03L04	Deferred by orchestration to honor max active worker process capacity.
2026-06-03T18:33:29.0778768+00:00	StopPipeline	BridgeL03L04	Deferred by orchestration to honor max active worker process capacity.
2026-06-03T18:33:29.0792408+00:00	WorkerEvent	BridgeL01L02.bridge-l01-l02-north	TaskReady; ExitCode=0; 
2026-06-03T18:33:29.0828785+00:00	GrantTask	BridgeL01L02.bridge-l01-l02-north	BridgeL01L02.bridge-l01-l02-north; GrantId=grant-44; Attempt=1
2026-06-03T18:33:29.0834298+00:00	WorkerDeferredForCapacity	BridgeL05L06	Deferred by orchestration to honor max active worker process capacity.
2026-06-03T18:33:29.0838123+00:00	StopPipeline	BridgeL05L06	Deferred by orchestration to honor max active worker process capacity.
2026-06-03T18:33:29.0861312+00:00	WorkerDeferredForCapacity	BridgeL07L08	Deferred by orchestration to honor max active worker process capacity.
2026-06-03T18:33:29.0866479+00:00	StopPipeline	BridgeL07L08	Deferred by orchestration to honor max active worker process capacity.
2026-06-03T18:33:29.1129949+00:00	WorkerEvent	BridgeL01L02.bridge-l01-l02-north	GrantAccepted; ExitCode=0; 
2026-06-03T18:33:29.1149041+00:00	WorkerEvent	BridgeL05L06	Closed; ExitCode=0; 
2026-06-03T18:33:29.1155441+00:00	WorkerProcessExited	BridgeL05L06	ExitCode=0; worker process exited
2026-06-03T18:33:29.1165409+00:00	WorkerDeferred	BridgeL05L06	ResumeTaskId=BridgeL05L06.bridge-l05-l06-collect
2026-06-03T18:33:29.1170353+00:00	WorkerEvent	BridgeL03L04	Closed; ExitCode=0; 
2026-06-03T18:33:29.1173981+00:00	WorkerProcessExited	BridgeL03L04	ExitCode=0; worker process exited
2026-06-03T18:33:29.1180664+00:00	WorkerDeferred	BridgeL03L04	ResumeTaskId=BridgeL03L04.bridge-l03-l04-collect
2026-06-03T18:33:29.1184596+00:00	WorkerEvent	BridgeL01L02.bridge-l01-l02-north	TaskStarted; ExitCode=0; 
2026-06-03T18:33:29.1212921+00:00	WorkerEvent	BridgeL07L08	Closed; ExitCode=0; 
2026-06-03T18:33:29.1218424+00:00	WorkerProcessExited	BridgeL07L08	ExitCode=0; worker process exited
2026-06-03T18:33:29.1226583+00:00	WorkerDeferred	BridgeL07L08	ResumeTaskId=BridgeL07L08.bridge-l07-l08-collect
2026-06-03T18:33:29.1253567+00:00	WorkerStarting	Layer08Node07	meta-pipeline
2026-06-03T18:33:29.3197864+00:00	WorkerStarted	Layer08Node07	16368
2026-06-03T18:33:29.3204632+00:00	WorkerControlPipe	Layer08Node07	meta-orchestration-a02498cb18354283967e33ac829ea6cf
2026-06-03T18:33:29.3223189+00:00	WorkerLog	Layer08Node07	stdout=C:\Users\jimmy\Desktop\meta-bi\Samples\Demos\MetaOrchestrationHairballCliIntegration\Runs\hairball-seed-20260530\RunArtifacts\runs\20260603-183303_2d830a7422d34edfb67c3121c397d5c0\logs\Layer08Node07-16368.stdout.log; stderr=C:\Users\jimmy\Desktop\meta-bi\Samples\Demos\MetaOrchestrationHairballCliIntegration\Runs\hairball-seed-20260530\RunArtifacts\runs\20260603-183303_2d830a7422d34edfb67c3121c397d5c0\logs\Layer08Node07-16368.stderr.log
2026-06-03T18:33:29.3240262+00:00	WorkerEvent	Layer04Node04	PipelineStarted; ExitCode=0; pipeline started
2026-06-03T18:33:29.3277495+00:00	WorkerResuming	BridgeL03L04	ResumeTaskId=BridgeL03L04.bridge-l03-l04-collect; Executable=meta-pipeline
2026-06-03T18:33:29.4857326+00:00	WorkerStarted	BridgeL03L04	29324
2026-06-03T18:33:29.4864006+00:00	WorkerControlPipe	BridgeL03L04	meta-orchestration-f5cbbe615a8648f8b5bfc74503315ced
2026-06-03T18:33:29.4868250+00:00	WorkerLog	BridgeL03L04	stdout=C:\Users\jimmy\Desktop\meta-bi\Samples\Demos\MetaOrchestrationHairballCliIntegration\Runs\hairball-seed-20260530\RunArtifacts\runs\20260603-183303_2d830a7422d34edfb67c3121c397d5c0\logs\BridgeL03L04-29324.stdout.log; stderr=C:\Users\jimmy\Desktop\meta-bi\Samples\Demos\MetaOrchestrationHairballCliIntegration\Runs\hairball-seed-20260530\RunArtifacts\runs\20260603-183303_2d830a7422d34edfb67c3121c397d5c0\logs\BridgeL03L04-29324.stderr.log
2026-06-03T18:33:29.4872691+00:00	WorkerEvent	BridgeL01L02.bridge-l01-l02-north	TaskSucceeded; ExitCode=0; 
2026-06-03T18:33:29.4882920+00:00	TaskSucceeded	BridgeL01L02.bridge-l01-l02-north	0
2026-06-03T18:33:29.4888190+00:00	WorkerEvent	Layer04Node04.refresh-l04-n04	TaskReady; ExitCode=0; 
2026-06-03T18:33:29.4896894+00:00	WorkerEvent	Layer08Node07	WorkerOnline; ExitCode=0; online
2026-06-03T18:33:29.4907269+00:00	WorkerEvent	BridgeL01L02.bridge-l01-l02-south	TaskReady; ExitCode=0; 
2026-06-03T18:33:29.4915158+00:00	WorkerEvent	Layer08Node07	WorkerReady; ExitCode=0; ready
2026-06-03T18:33:29.4966057+00:00	StartPipeline	Layer08Node07	Layer08Node07
2026-06-03T18:33:29.5001437+00:00	GrantTask	BridgeL01L02.bridge-l01-l02-south	BridgeL01L02.bridge-l01-l02-south; GrantId=grant-45; Attempt=1
2026-06-03T18:33:29.5008451+00:00	GrantTask	Layer03Node04.select-l03-n04	Layer03Node04.select-l03-n04; GrantId=grant-46; Attempt=1
2026-06-03T18:33:29.5020223+00:00	GrantTask	Layer03Node05.select-l03-n05	Layer03Node05.select-l03-n05; GrantId=grant-47; Attempt=1
2026-06-03T18:33:29.5025934+00:00	GrantTask	Layer04Node04.refresh-l04-n04	Layer04Node04.refresh-l04-n04; GrantId=grant-48; Attempt=1
2026-06-03T18:33:29.5031834+00:00	WorkerStarting	Layer04Node06	meta-pipeline
2026-06-03T18:33:29.7157729+00:00	WorkerStarted	Layer04Node06	24388
2026-06-03T18:33:29.7165345+00:00	WorkerControlPipe	Layer04Node06	meta-orchestration-ffa4a7d1fcce49a096993709bed3dac6
2026-06-03T18:33:29.7170604+00:00	WorkerLog	Layer04Node06	stdout=C:\Users\jimmy\Desktop\meta-bi\Samples\Demos\MetaOrchestrationHairballCliIntegration\Runs\hairball-seed-20260530\RunArtifacts\runs\20260603-183303_2d830a7422d34edfb67c3121c397d5c0\logs\Layer04Node06-24388.stdout.log; stderr=C:\Users\jimmy\Desktop\meta-bi\Samples\Demos\MetaOrchestrationHairballCliIntegration\Runs\hairball-seed-20260530\RunArtifacts\runs\20260603-183303_2d830a7422d34edfb67c3121c397d5c0\logs\Layer04Node06-24388.stderr.log
2026-06-03T18:33:29.7175522+00:00	WorkerEvent	Layer03Node05.select-l03-n05	GrantAccepted; ExitCode=0; 
2026-06-03T18:33:29.7185064+00:00	WorkerEvent	Layer03Node04.select-l03-n04	GrantAccepted; ExitCode=0; 
2026-06-03T18:33:29.7194985+00:00	WorkerEvent	Layer03Node05.select-l03-n05	TaskStarted; ExitCode=0; 
2026-06-03T18:33:29.7207205+00:00	WorkerEvent	Layer03Node04.select-l03-n04	TaskStarted; ExitCode=0; 
2026-06-03T18:33:29.7217798+00:00	WorkerEvent	BridgeL01L02.bridge-l01-l02-south	GrantAccepted; ExitCode=0; 
2026-06-03T18:33:29.7235688+00:00	WorkerEvent	Layer04Node04.refresh-l04-n04	GrantAccepted; ExitCode=0; 
2026-06-03T18:33:29.7248715+00:00	WorkerEvent	BridgeL01L02.bridge-l01-l02-south	TaskStarted; ExitCode=0; 
2026-06-03T18:33:29.7261359+00:00	WorkerEvent	AuditHairball	PipelineStarted; ExitCode=0; pipeline started
2026-06-03T18:33:29.7272626+00:00	WorkerEvent	Layer04Node04.refresh-l04-n04	TaskStarted; ExitCode=0; 
2026-06-03T18:33:29.7281628+00:00	WorkerEvent	AuditHairball.audit-hairball	TaskReady; ExitCode=0; 
2026-06-03T18:33:29.7289409+00:00	WorkerEvent	BridgeL03L04	WorkerOnline; ExitCode=0; online
2026-06-03T18:33:29.7297280+00:00	WorkerEvent	Layer03Node01.select-l03-n01	TaskSucceeded; ExitCode=0; 
2026-06-03T18:33:29.7304944+00:00	TaskSucceeded	Layer03Node01.select-l03-n01	0
2026-06-03T18:33:29.7311236+00:00	WorkerEvent	BridgeL03L04	WorkerReady; ExitCode=0; ready
2026-06-03T18:33:29.7393335+00:00	StartPipeline	BridgeL03L04	BridgeL03L04
2026-06-03T18:33:29.7430316+00:00	WorkerEvent	Layer03Node08	PipelineStarted; ExitCode=0; pipeline started
2026-06-03T18:33:29.7438966+00:00	WorkerProcessExited	Layer03Node01	ExitCode=0; worker process exited
2026-06-03T18:33:29.7446657+00:00	PipelineCompleted	Layer03Node01	
2026-06-03T18:33:29.7532221+00:00	WorkerStarting	Layer04Node09	meta-pipeline
2026-06-03T18:33:29.9313017+00:00	WorkerStarted	Layer04Node09	2560
2026-06-03T18:33:29.9321855+00:00	WorkerControlPipe	Layer04Node09	meta-orchestration-0d6d20e685054698a4178f6bde397b20
2026-06-03T18:33:29.9326418+00:00	WorkerLog	Layer04Node09	stdout=C:\Users\jimmy\Desktop\meta-bi\Samples\Demos\MetaOrchestrationHairballCliIntegration\Runs\hairball-seed-20260530\RunArtifacts\runs\20260603-183303_2d830a7422d34edfb67c3121c397d5c0\logs\Layer04Node09-2560.stdout.log; stderr=C:\Users\jimmy\Desktop\meta-bi\Samples\Demos\MetaOrchestrationHairballCliIntegration\Runs\hairball-seed-20260530\RunArtifacts\runs\20260603-183303_2d830a7422d34edfb67c3121c397d5c0\logs\Layer04Node09-2560.stderr.log
2026-06-03T18:33:29.9330987+00:00	WorkerEvent	Layer04Node06	WorkerOnline; ExitCode=0; online
2026-06-03T18:33:29.9377932+00:00	WorkerEvent	BridgeL01L02.bridge-l01-l02-south	TaskSucceeded; ExitCode=0; 
2026-06-03T18:33:29.9487451+00:00	TaskSucceeded	BridgeL01L02.bridge-l01-l02-south	0
2026-06-03T18:33:29.9492393+00:00	WorkerEvent	Layer04Node06	WorkerReady; ExitCode=0; ready
2026-06-03T18:33:29.9502227+00:00	StartPipeline	Layer04Node06	Layer04Node06
2026-06-03T18:33:29.9509456+00:00	WorkerEvent	Layer03Node08.export-l03-n08	TaskReady; ExitCode=0; 
2026-06-03T18:33:29.9517478+00:00	WorkerProcessExited	BridgeL01L02	ExitCode=0; worker process exited
2026-06-03T18:33:29.9524488+00:00	PipelineCompleted	BridgeL01L02	
2026-06-03T18:33:29.9539438+00:00	GrantTask	Layer03Node08.export-l03-n08	Layer03Node08.export-l03-n08; GrantId=grant-49; Attempt=1
2026-06-03T18:33:29.9543670+00:00	WorkerStarting	Layer07Node02	meta-pipeline
2026-06-03T18:33:30.1790763+00:00	WorkerStarted	Layer07Node02	22000
2026-06-03T18:33:30.1795420+00:00	WorkerControlPipe	Layer07Node02	meta-orchestration-05feba61f6d04097826809a4877b93f6
2026-06-03T18:33:30.1799281+00:00	WorkerLog	Layer07Node02	stdout=C:\Users\jimmy\Desktop\meta-bi\Samples\Demos\MetaOrchestrationHairballCliIntegration\Runs\hairball-seed-20260530\RunArtifacts\runs\20260603-183303_2d830a7422d34edfb67c3121c397d5c0\logs\Layer07Node02-22000.stdout.log; stderr=C:\Users\jimmy\Desktop\meta-bi\Samples\Demos\MetaOrchestrationHairballCliIntegration\Runs\hairball-seed-20260530\RunArtifacts\runs\20260603-183303_2d830a7422d34edfb67c3121c397d5c0\logs\Layer07Node02-22000.stderr.log
2026-06-03T18:33:30.1823801+00:00	WorkerEvent	Layer04Node09	WorkerOnline; ExitCode=0; online
2026-06-03T18:33:30.1833389+00:00	WorkerEvent	Layer03Node08.export-l03-n08	GrantAccepted; ExitCode=0; 
2026-06-03T18:33:30.1860512+00:00	WorkerEvent	Layer04Node09	WorkerReady; ExitCode=0; ready
2026-06-03T18:33:30.1983060+00:00	StartPipeline	Layer04Node09	Layer04Node09
2026-06-03T18:33:30.2110023+00:00	WorkerEvent	Layer03Node08.export-l03-n08	TaskStarted; ExitCode=0; 
2026-06-03T18:33:30.2317921+00:00	WorkerEvent	Layer07Node02	WorkerOnline; ExitCode=0; online
2026-06-03T18:33:30.2781429+00:00	WorkerEvent	Layer07Node02	WorkerReady; ExitCode=0; ready
2026-06-03T18:33:30.2790624+00:00	StartPipeline	Layer07Node02	Layer07Node02
2026-06-03T18:33:30.3108500+00:00	WorkerEvent	Layer03Hub	PipelineStarted; ExitCode=0; pipeline started
2026-06-03T18:33:30.3184778+00:00	WorkerEvent	Layer03Hub.hub-l03-stage	TaskReady; ExitCode=0; 
2026-06-03T18:33:30.5454277+00:00	WorkerEvent	CompositeMart	PipelineStarted; ExitCode=0; pipeline started
2026-06-03T18:33:30.5500505+00:00	WorkerEvent	CompositeMart.composite-stage	TaskReady; ExitCode=0; 
2026-06-03T18:33:30.6043701+00:00	WorkerEvent	Layer04Node04.refresh-l04-n04	TaskSucceeded; ExitCode=0; 
2026-06-03T18:33:30.6081155+00:00	TaskSucceeded	Layer04Node04.refresh-l04-n04	0
2026-06-03T18:33:30.6450548+00:00	WorkerEvent	Layer04Node04	Closed; ExitCode=0; 
2026-06-03T18:33:30.6455415+00:00	WorkerProcessExited	Layer04Node04	ExitCode=0; worker process exited
2026-06-03T18:33:30.6463131+00:00	PipelineCompleted	Layer04Node04	
2026-06-03T18:33:30.6488619+00:00	WorkerResuming	BridgeL05L06	ResumeTaskId=BridgeL05L06.bridge-l05-l06-collect; Executable=meta-pipeline
2026-06-03T18:33:30.8454790+00:00	WorkerStarted	BridgeL05L06	5524
2026-06-03T18:33:30.8462396+00:00	WorkerControlPipe	BridgeL05L06	meta-orchestration-f41ec4ecafff4923b578ed1f3bcf581e
2026-06-03T18:33:30.8477147+00:00	WorkerLog	BridgeL05L06	stdout=C:\Users\jimmy\Desktop\meta-bi\Samples\Demos\MetaOrchestrationHairballCliIntegration\Runs\hairball-seed-20260530\RunArtifacts\runs\20260603-183303_2d830a7422d34edfb67c3121c397d5c0\logs\BridgeL05L06-5524.stdout.log; stderr=C:\Users\jimmy\Desktop\meta-bi\Samples\Demos\MetaOrchestrationHairballCliIntegration\Runs\hairball-seed-20260530\RunArtifacts\runs\20260603-183303_2d830a7422d34edfb67c3121c397d5c0\logs\BridgeL05L06-5524.stderr.log
2026-06-03T18:33:30.8483216+00:00	WorkerEvent	Layer03Node05.select-l03-n05	TaskSucceeded; ExitCode=0; 
2026-06-03T18:33:30.8505928+00:00	TaskSucceeded	Layer03Node05.select-l03-n05	0
2026-06-03T18:33:30.8510901+00:00	WorkerEvent	Layer03Node04.select-l03-n04	TaskSucceeded; ExitCode=0; 
2026-06-03T18:33:30.8517814+00:00	TaskSucceeded	Layer03Node04.select-l03-n04	0
2026-06-03T18:33:30.8551333+00:00	WorkerEvent	Layer08Node07	PipelineStarted; ExitCode=0; pipeline started
2026-06-03T18:33:30.8560232+00:00	WorkerProcessExited	Layer03Node05	ExitCode=0; worker process exited
2026-06-03T18:33:30.8568989+00:00	PipelineCompleted	Layer03Node05	
2026-06-03T18:33:30.8573572+00:00	WorkerProcessExited	Layer03Node04	ExitCode=0; worker process exited
2026-06-03T18:33:30.8580678+00:00	PipelineCompleted	Layer03Node04	
2026-06-03T18:33:30.8599157+00:00	GrantTask	Layer03Hub.hub-l03-stage	Layer03Hub.hub-l03-stage; GrantId=grant-50; Attempt=1
2026-06-03T18:33:30.8603845+00:00	WorkerStarting	Layer06Node03	meta-pipeline
2026-06-03T18:33:31.0646531+00:00	WorkerStarted	Layer06Node03	7704
2026-06-03T18:33:31.0656925+00:00	WorkerControlPipe	Layer06Node03	meta-orchestration-1cd5e3976a85418bb0f74c88d975a40e
2026-06-03T18:33:31.0662032+00:00	WorkerLog	Layer06Node03	stdout=C:\Users\jimmy\Desktop\meta-bi\Samples\Demos\MetaOrchestrationHairballCliIntegration\Runs\hairball-seed-20260530\RunArtifacts\runs\20260603-183303_2d830a7422d34edfb67c3121c397d5c0\logs\Layer06Node03-7704.stdout.log; stderr=C:\Users\jimmy\Desktop\meta-bi\Samples\Demos\MetaOrchestrationHairballCliIntegration\Runs\hairball-seed-20260530\RunArtifacts\runs\20260603-183303_2d830a7422d34edfb67c3121c397d5c0\logs\Layer06Node03-7704.stderr.log
2026-06-03T18:33:31.0682482+00:00	WorkerEvent	Layer04Node06	PipelineStarted; ExitCode=0; pipeline started
2026-06-03T18:33:31.0691992+00:00	WorkerEvent	BridgeL05L06	WorkerOnline; ExitCode=0; online
2026-06-03T18:33:31.0700745+00:00	WorkerEvent	Layer03Hub.hub-l03-stage	GrantAccepted; ExitCode=0; 
2026-06-03T18:33:31.0709652+00:00	WorkerEvent	Layer08Node07.select-l08-n07	TaskReady; ExitCode=0; 
2026-06-03T18:33:31.0717757+00:00	WorkerEvent	Layer04Node06.refresh-l04-n06	TaskReady; ExitCode=0; 
2026-06-03T18:33:31.0726735+00:00	WorkerEvent	BridgeL05L06	WorkerReady; ExitCode=0; ready
2026-06-03T18:33:31.0797247+00:00	StartPipeline	BridgeL05L06	BridgeL05L06
2026-06-03T18:33:31.0823321+00:00	WorkerEvent	Layer03Hub.hub-l03-stage	TaskStarted; ExitCode=0; 
2026-06-03T18:33:31.0856353+00:00	GrantTask	Layer04Node06.refresh-l04-n06	Layer04Node06.refresh-l04-n06; GrantId=grant-51; Attempt=1
2026-06-03T18:33:31.0862439+00:00	GrantTask	Layer08Node07.select-l08-n07	Layer08Node07.select-l08-n07; GrantId=grant-52; Attempt=1
2026-06-03T18:33:31.0867629+00:00	WorkerResuming	BridgeL07L08	ResumeTaskId=BridgeL07L08.bridge-l07-l08-collect; Executable=meta-pipeline
2026-06-03T18:33:31.2377524+00:00	WorkerStarted	BridgeL07L08	31356
2026-06-03T18:33:31.2383283+00:00	WorkerControlPipe	BridgeL07L08	meta-orchestration-a929aab7e86d4ef5bd6648125078900e
2026-06-03T18:33:31.2389244+00:00	WorkerLog	BridgeL07L08	stdout=C:\Users\jimmy\Desktop\meta-bi\Samples\Demos\MetaOrchestrationHairballCliIntegration\Runs\hairball-seed-20260530\RunArtifacts\runs\20260603-183303_2d830a7422d34edfb67c3121c397d5c0\logs\BridgeL07L08-31356.stdout.log; stderr=C:\Users\jimmy\Desktop\meta-bi\Samples\Demos\MetaOrchestrationHairballCliIntegration\Runs\hairball-seed-20260530\RunArtifacts\runs\20260603-183303_2d830a7422d34edfb67c3121c397d5c0\logs\BridgeL07L08-31356.stderr.log
2026-06-03T18:33:31.2397058+00:00	WorkerEvent	Layer06Node03	WorkerOnline; ExitCode=0; online
2026-06-03T18:33:31.2405552+00:00	WorkerEvent	Layer04Node06.refresh-l04-n06	GrantAccepted; ExitCode=0; 
2026-06-03T18:33:31.2415018+00:00	WorkerEvent	BridgeL03L04	PipelineStarted; ExitCode=0; pipeline started
2026-06-03T18:33:31.2424766+00:00	WorkerEvent	Layer03Node08.export-l03-n08	TaskSucceeded; ExitCode=0; 
2026-06-03T18:33:31.2432699+00:00	TaskSucceeded	Layer03Node08.export-l03-n08	0
2026-06-03T18:33:31.2437203+00:00	WorkerEvent	Layer08Node07.select-l08-n07	GrantAccepted; ExitCode=0; 
2026-06-03T18:33:31.2446291+00:00	WorkerProcessExited	Layer03Node08	ExitCode=0; worker process exited
2026-06-03T18:33:31.2454693+00:00	PipelineCompleted	Layer03Node08	
2026-06-03T18:33:31.2458629+00:00	WorkerEvent	Layer06Node03	WorkerReady; ExitCode=0; ready
2026-06-03T18:33:31.2512863+00:00	StartPipeline	Layer06Node03	Layer06Node03
2026-06-03T18:33:31.2522925+00:00	WorkerEvent	Layer04Node06.refresh-l04-n06	TaskStarted; ExitCode=0; 
2026-06-03T18:33:31.2530265+00:00	WorkerEvent	BridgeL03L04.bridge-l03-l04-collect	TaskReady; ExitCode=0; 
2026-06-03T18:33:31.2537784+00:00	WorkerEvent	Layer08Node07.select-l08-n07	TaskStarted; ExitCode=0; 
2026-06-03T18:33:31.2573087+00:00	WorkerStarting	Layer04Node07	meta-pipeline
2026-06-03T18:33:31.3884277+00:00	WorkerStarted	Layer04Node07	30064
2026-06-03T18:33:31.3888364+00:00	WorkerControlPipe	Layer04Node07	meta-orchestration-7cd39addf861400293dc8561257c959e
2026-06-03T18:33:31.3891947+00:00	WorkerLog	Layer04Node07	stdout=C:\Users\jimmy\Desktop\meta-bi\Samples\Demos\MetaOrchestrationHairballCliIntegration\Runs\hairball-seed-20260530\RunArtifacts\runs\20260603-183303_2d830a7422d34edfb67c3121c397d5c0\logs\Layer04Node07-30064.stdout.log; stderr=C:\Users\jimmy\Desktop\meta-bi\Samples\Demos\MetaOrchestrationHairballCliIntegration\Runs\hairball-seed-20260530\RunArtifacts\runs\20260603-183303_2d830a7422d34edfb67c3121c397d5c0\logs\Layer04Node07-30064.stderr.log
2026-06-03T18:33:31.3896421+00:00	WorkerEvent	BridgeL07L08	WorkerOnline; ExitCode=0; online
2026-06-03T18:33:31.3907978+00:00	WorkerEvent	Layer07Node02	PipelineStarted; ExitCode=0; pipeline started
2026-06-03T18:33:31.3915860+00:00	WorkerEvent	Layer04Node09	PipelineStarted; ExitCode=0; pipeline started
2026-06-03T18:33:31.3943726+00:00	WorkerEvent	BridgeL07L08	WorkerReady; ExitCode=0; ready
2026-06-03T18:33:31.3957235+00:00	StartPipeline	BridgeL07L08	BridgeL07L08
2026-06-03T18:33:31.3982413+00:00	WorkerEvent	Layer07Node02.select-l07-n02	TaskReady; ExitCode=0; 
2026-06-03T18:33:31.3992311+00:00	WorkerEvent	Layer04Node09.select-l04-n09	TaskReady; ExitCode=0; 
2026-06-03T18:33:31.4020879+00:00	GrantTask	Layer04Node09.select-l04-n09	Layer04Node09.select-l04-n09; GrantId=grant-53; Attempt=1
2026-06-03T18:33:31.4027231+00:00	GrantTask	Layer07Node02.select-l07-n02	Layer07Node02.select-l07-n02; GrantId=grant-54; Attempt=1
2026-06-03T18:33:31.4050183+00:00	WorkerEvent	Layer04Node09.select-l04-n09	GrantAccepted; ExitCode=0; 
2026-06-03T18:33:31.4080580+00:00	WorkerEvent	Layer07Node02.select-l07-n02	GrantAccepted; ExitCode=0; 
2026-06-03T18:33:31.4135519+00:00	WorkerEvent	Layer04Node09.select-l04-n09	TaskStarted; ExitCode=0; 
2026-06-03T18:33:31.4181293+00:00	WorkerEvent	Layer07Node02.select-l07-n02	TaskStarted; ExitCode=0; 
2026-06-03T18:33:31.4215244+00:00	WorkerEvent	Layer04Node07	WorkerOnline; ExitCode=0; online
2026-06-03T18:33:31.4280915+00:00	WorkerEvent	Layer04Node07	WorkerReady; ExitCode=0; ready
2026-06-03T18:33:31.4341473+00:00	StartPipeline	Layer04Node07	Layer04Node07
2026-06-03T18:33:31.8215484+00:00	WorkerEvent	Layer03Hub.hub-l03-stage	TaskSucceeded; ExitCode=0; 
2026-06-03T18:33:31.8228042+00:00	TaskSucceeded	Layer03Hub.hub-l03-stage	0
2026-06-03T18:33:31.8242057+00:00	WorkerDeferredForCapacity	AuditHairball	Deferred by orchestration to honor max active worker process capacity.
2026-06-03T18:33:31.8247625+00:00	StopPipeline	AuditHairball	Deferred by orchestration to honor max active worker process capacity.
2026-06-03T18:33:31.8252498+00:00	WorkerEvent	Layer03Hub.hub-l03-curate	TaskReady; ExitCode=0; 
2026-06-03T18:33:31.8310869+00:00	GrantTask	Layer03Hub.hub-l03-curate	Layer03Hub.hub-l03-curate; GrantId=grant-55; Attempt=1
2026-06-03T18:33:31.8327282+00:00	WorkerDeferredForCapacity	BridgeL03L04	Deferred by orchestration to honor max active worker process capacity.
2026-06-03T18:33:31.8568852+00:00	StopPipeline	BridgeL03L04	Deferred by orchestration to honor max active worker process capacity.
2026-06-03T18:33:31.8575092+00:00	WorkerEvent	Layer03Hub.hub-l03-curate	GrantAccepted; ExitCode=0; 
2026-06-03T18:33:31.8661608+00:00	WorkerDeferredForCapacity	CompositeMart	Deferred by orchestration to honor max active worker process capacity.
2026-06-03T18:33:31.8675361+00:00	StopPipeline	CompositeMart	Deferred by orchestration to honor max active worker process capacity.
2026-06-03T18:33:31.8681938+00:00	WorkerEvent	Layer03Hub.hub-l03-curate	TaskStarted; ExitCode=0; 
2026-06-03T18:33:31.9019843+00:00	WorkerEvent	BridgeL03L04	Closed; ExitCode=0; 
2026-06-03T18:33:31.9030195+00:00	WorkerProcessExited	BridgeL03L04	ExitCode=0; worker process exited
2026-06-03T18:33:31.9038959+00:00	WorkerDeferred	BridgeL03L04	ResumeTaskId=BridgeL03L04.bridge-l03-l04-collect
2026-06-03T18:33:31.9048055+00:00	WorkerStarting	Layer04Node01	meta-pipeline
2026-06-03T18:33:32.2355224+00:00	WorkerStarted	Layer04Node01	23388
2026-06-03T18:33:32.2365924+00:00	WorkerControlPipe	Layer04Node01	meta-orchestration-5935d78b6b33491fa4dba1391ad9c6e1
2026-06-03T18:33:32.2370539+00:00	WorkerLog	Layer04Node01	stdout=C:\Users\jimmy\Desktop\meta-bi\Samples\Demos\MetaOrchestrationHairballCliIntegration\Runs\hairball-seed-20260530\RunArtifacts\runs\20260603-183303_2d830a7422d34edfb67c3121c397d5c0\logs\Layer04Node01-23388.stdout.log; stderr=C:\Users\jimmy\Desktop\meta-bi\Samples\Demos\MetaOrchestrationHairballCliIntegration\Runs\hairball-seed-20260530\RunArtifacts\runs\20260603-183303_2d830a7422d34edfb67c3121c397d5c0\logs\Layer04Node01-23388.stderr.log
2026-06-03T18:33:32.2375589+00:00	WorkerEvent	Layer04Node06.refresh-l04-n06	TaskSucceeded; ExitCode=0; 
2026-06-03T18:33:32.2384388+00:00	TaskSucceeded	Layer04Node06.refresh-l04-n06	0
2026-06-03T18:33:32.2389885+00:00	WorkerEvent	CompositeMart	Closed; ExitCode=0; 
2026-06-03T18:33:32.2393804+00:00	WorkerProcessExited	CompositeMart	ExitCode=0; worker process exited
2026-06-03T18:33:32.2401960+00:00	WorkerDeferred	CompositeMart	ResumeTaskId=CompositeMart.composite-stage
2026-06-03T18:33:32.2406788+00:00	WorkerEvent	Layer03Hub.hub-l03-curate	TaskSucceeded; ExitCode=0; 
2026-06-03T18:33:32.2413662+00:00	TaskSucceeded	Layer03Hub.hub-l03-curate	0
2026-06-03T18:33:32.2418869+00:00	WorkerEvent	AuditHairball	Closed; ExitCode=0; 
2026-06-03T18:33:32.2423733+00:00	WorkerProcessExited	AuditHairball	ExitCode=0; worker process exited
2026-06-03T18:33:32.2430754+00:00	WorkerDeferred	AuditHairball	ResumeTaskId=AuditHairball.audit-hairball
2026-06-03T18:33:32.2435279+00:00	WorkerEvent	Layer08Node07.select-l08-n07	TaskSucceeded; ExitCode=0; 
2026-06-03T18:33:32.2444016+00:00	TaskSucceeded	Layer08Node07.select-l08-n07	0
2026-06-03T18:33:32.2449610+00:00	WorkerEvent	Layer03Hub.hub-l03-publish	TaskReady; ExitCode=0; 
2026-06-03T18:33:32.2459408+00:00	WorkerProcessExited	Layer04Node06	ExitCode=0; worker process exited
2026-06-03T18:33:32.2487298+00:00	PipelineCompleted	Layer04Node06	
2026-06-03T18:33:32.2509632+00:00	GrantTask	Layer03Hub.hub-l03-publish	Layer03Hub.hub-l03-publish; GrantId=grant-56; Attempt=1
2026-06-03T18:33:32.2518339+00:00	WorkerStarting	Layer04Node02	meta-pipeline
2026-06-03T18:33:32.4383807+00:00	WorkerStarted	Layer04Node02	20936
2026-06-03T18:33:32.4389846+00:00	WorkerControlPipe	Layer04Node02	meta-orchestration-b4f7a9e035bb4dd78aeb0a1d03bf6317
2026-06-03T18:33:32.4393833+00:00	WorkerLog	Layer04Node02	stdout=C:\Users\jimmy\Desktop\meta-bi\Samples\Demos\MetaOrchestrationHairballCliIntegration\Runs\hairball-seed-20260530\RunArtifacts\runs\20260603-183303_2d830a7422d34edfb67c3121c397d5c0\logs\Layer04Node02-20936.stdout.log; stderr=C:\Users\jimmy\Desktop\meta-bi\Samples\Demos\MetaOrchestrationHairballCliIntegration\Runs\hairball-seed-20260530\RunArtifacts\runs\20260603-183303_2d830a7422d34edfb67c3121c397d5c0\logs\Layer04Node02-20936.stderr.log
2026-06-03T18:33:32.4399060+00:00	WorkerEvent	Layer07Node02.select-l07-n02	TaskSucceeded; ExitCode=0; 
2026-06-03T18:33:32.4410578+00:00	TaskSucceeded	Layer07Node02.select-l07-n02	0
2026-06-03T18:33:32.4415495+00:00	WorkerEvent	Layer03Hub.hub-l03-publish	GrantAccepted; ExitCode=0; 
2026-06-03T18:33:32.4423421+00:00	WorkerEvent	Layer04Node01	WorkerOnline; ExitCode=0; online
2026-06-03T18:33:32.4431950+00:00	WorkerEvent	Layer03Hub.hub-l03-publish	TaskStarted; ExitCode=0; 
2026-06-03T18:33:32.4439695+00:00	WorkerEvent	Layer04Node09.select-l04-n09	TaskSucceeded; ExitCode=0; 
2026-06-03T18:33:32.4447133+00:00	TaskSucceeded	Layer04Node09.select-l04-n09	0
2026-06-03T18:33:32.4451969+00:00	WorkerEvent	Layer04Node01	WorkerReady; ExitCode=0; ready
2026-06-03T18:33:32.4523576+00:00	StartPipeline	Layer04Node01	Layer04Node01
2026-06-03T18:33:32.4532410+00:00	WorkerEvent	Layer08Node07	Closed; ExitCode=0; 
2026-06-03T18:33:32.4548956+00:00	WorkerProcessExited	Layer08Node07	ExitCode=0; worker process exited
2026-06-03T18:33:32.4556396+00:00	PipelineCompleted	Layer08Node07	
2026-06-03T18:33:32.4560679+00:00	WorkerProcessExited	Layer07Node02	ExitCode=0; worker process exited
2026-06-03T18:33:32.4568993+00:00	PipelineCompleted	Layer07Node02	
2026-06-03T18:33:32.4572822+00:00	WorkerProcessExited	Layer04Node09	ExitCode=0; worker process exited
2026-06-03T18:33:32.4580324+00:00	PipelineCompleted	Layer04Node09	
2026-06-03T18:33:32.4590775+00:00	WorkerStarting	Layer04Node05	meta-pipeline
2026-06-03T18:33:32.6550123+00:00	WorkerStarted	Layer04Node05	26748
2026-06-03T18:33:32.6556615+00:00	WorkerControlPipe	Layer04Node05	meta-orchestration-deca02c702ae4841955a9fe6c7d09e18
2026-06-03T18:33:32.6560934+00:00	WorkerLog	Layer04Node05	stdout=C:\Users\jimmy\Desktop\meta-bi\Samples\Demos\MetaOrchestrationHairballCliIntegration\Runs\hairball-seed-20260530\RunArtifacts\runs\20260603-183303_2d830a7422d34edfb67c3121c397d5c0\logs\Layer04Node05-26748.stdout.log; stderr=C:\Users\jimmy\Desktop\meta-bi\Samples\Demos\MetaOrchestrationHairballCliIntegration\Runs\hairball-seed-20260530\RunArtifacts\runs\20260603-183303_2d830a7422d34edfb67c3121c397d5c0\logs\Layer04Node05-26748.stderr.log
2026-06-03T18:33:32.6565841+00:00	WorkerEvent	Layer06Node03	PipelineStarted; ExitCode=0; pipeline started
2026-06-03T18:33:32.6574203+00:00	WorkerEvent	BridgeL05L06	PipelineStarted; ExitCode=0; pipeline started
2026-06-03T18:33:32.6583924+00:00	WorkerEvent	Layer06Node03.select-l06-n03	TaskReady; ExitCode=0; 
2026-06-03T18:33:32.6591951+00:00	WorkerEvent	BridgeL05L06.bridge-l05-l06-collect	TaskReady; ExitCode=0; 
2026-06-03T18:33:32.6600445+00:00	WorkerEvent	Layer04Node02	WorkerOnline; ExitCode=0; online
2026-06-03T18:33:32.6609744+00:00	WorkerEvent	Layer04Node07	PipelineStarted; ExitCode=0; pipeline started
2026-06-03T18:33:32.6619829+00:00	WorkerEvent	Layer04Node02	WorkerReady; ExitCode=0; ready
2026-06-03T18:33:32.6695693+00:00	StartPipeline	Layer04Node02	Layer04Node02
2026-06-03T18:33:32.6706043+00:00	WorkerEvent	Layer04Node07.refresh-l04-n07	TaskReady; ExitCode=0; 
2026-06-03T18:33:32.6727558+00:00	GrantTask	Layer04Node07.refresh-l04-n07	Layer04Node07.refresh-l04-n07; GrantId=grant-57; Attempt=1
2026-06-03T18:33:32.6732619+00:00	GrantTask	Layer06Node03.select-l06-n03	Layer06Node03.select-l06-n03; GrantId=grant-58; Attempt=1
2026-06-03T18:33:32.6737278+00:00	WorkerStarting	Layer04Node08	meta-pipeline
2026-06-03T18:33:32.8045932+00:00	WorkerStarted	Layer04Node08	29828
2026-06-03T18:33:32.8050739+00:00	WorkerControlPipe	Layer04Node08	meta-orchestration-e3951a5f40ea49e98b894ffcd3936d26
2026-06-03T18:33:32.8054548+00:00	WorkerLog	Layer04Node08	stdout=C:\Users\jimmy\Desktop\meta-bi\Samples\Demos\MetaOrchestrationHairballCliIntegration\Runs\hairball-seed-20260530\RunArtifacts\runs\20260603-183303_2d830a7422d34edfb67c3121c397d5c0\logs\Layer04Node08-29828.stdout.log; stderr=C:\Users\jimmy\Desktop\meta-bi\Samples\Demos\MetaOrchestrationHairballCliIntegration\Runs\hairball-seed-20260530\RunArtifacts\runs\20260603-183303_2d830a7422d34edfb67c3121c397d5c0\logs\Layer04Node08-29828.stderr.log
2026-06-03T18:33:32.8059460+00:00	WorkerEvent	Layer06Node03.select-l06-n03	GrantAccepted; ExitCode=0; 
2026-06-03T18:33:32.8067496+00:00	WorkerEvent	Layer03Hub.hub-l03-publish	TaskSucceeded; ExitCode=0; 
2026-06-03T18:33:32.8075026+00:00	TaskSucceeded	Layer03Hub.hub-l03-publish	0
2026-06-03T18:33:32.8079975+00:00	WorkerEvent	Layer06Node03.select-l06-n03	TaskStarted; ExitCode=0; 
2026-06-03T18:33:32.8087609+00:00	WorkerEvent	Layer04Node07.refresh-l04-n07	GrantAccepted; ExitCode=0; 
2026-06-03T18:33:32.8102748+00:00	WorkerEvent	Layer04Node05	WorkerOnline; ExitCode=0; online
2026-06-03T18:33:32.8112958+00:00	WorkerProcessExited	Layer03Hub	ExitCode=0; worker process exited
2026-06-03T18:33:32.8121924+00:00	PipelineCompleted	Layer03Hub	
2026-06-03T18:33:32.8136331+00:00	WorkerEvent	Layer04Node07.refresh-l04-n07	TaskStarted; ExitCode=0; 
2026-06-03T18:33:32.8189938+00:00	WorkerEvent	Layer04Node05	WorkerReady; ExitCode=0; ready
2026-06-03T18:33:32.8199565+00:00	StartPipeline	Layer04Node05	Layer04Node05
2026-06-03T18:33:32.8211797+00:00	WorkerStarting	Layer05Node02	meta-pipeline
2026-06-03T18:33:32.9570657+00:00	WorkerStarted	Layer05Node02	20268
2026-06-03T18:33:32.9575309+00:00	WorkerControlPipe	Layer05Node02	meta-orchestration-9a354dd5ad2243c18c11731a9df21817
2026-06-03T18:33:32.9578812+00:00	WorkerLog	Layer05Node02	stdout=C:\Users\jimmy\Desktop\meta-bi\Samples\Demos\MetaOrchestrationHairballCliIntegration\Runs\hairball-seed-20260530\RunArtifacts\runs\20260603-183303_2d830a7422d34edfb67c3121c397d5c0\logs\Layer05Node02-20268.stdout.log; stderr=C:\Users\jimmy\Desktop\meta-bi\Samples\Demos\MetaOrchestrationHairballCliIntegration\Runs\hairball-seed-20260530\RunArtifacts\runs\20260603-183303_2d830a7422d34edfb67c3121c397d5c0\logs\Layer05Node02-20268.stderr.log
2026-06-03T18:33:32.9583202+00:00	WorkerEvent	BridgeL07L08	PipelineStarted; ExitCode=0; pipeline started
2026-06-03T18:33:32.9591629+00:00	WorkerEvent	Layer04Node08	WorkerOnline; ExitCode=0; online
2026-06-03T18:33:32.9599493+00:00	WorkerEvent	BridgeL07L08.bridge-l07-l08-collect	TaskReady; ExitCode=0; 
2026-06-03T18:33:32.9611882+00:00	WorkerStarting	Layer05Node03	meta-pipeline
2026-06-03T18:33:33.1337018+00:00	WorkerStarted	Layer05Node03	24808
2026-06-03T18:33:33.1342881+00:00	WorkerControlPipe	Layer05Node03	meta-orchestration-0cdd08e056814797a49c555e347ebd3e
2026-06-03T18:33:33.1347805+00:00	WorkerLog	Layer05Node03	stdout=C:\Users\jimmy\Desktop\meta-bi\Samples\Demos\MetaOrchestrationHairballCliIntegration\Runs\hairball-seed-20260530\RunArtifacts\runs\20260603-183303_2d830a7422d34edfb67c3121c397d5c0\logs\Layer05Node03-24808.stdout.log; stderr=C:\Users\jimmy\Desktop\meta-bi\Samples\Demos\MetaOrchestrationHairballCliIntegration\Runs\hairball-seed-20260530\RunArtifacts\runs\20260603-183303_2d830a7422d34edfb67c3121c397d5c0\logs\Layer05Node03-24808.stderr.log
2026-06-03T18:33:33.1355736+00:00	WorkerEvent	Layer05Node02	WorkerOnline; ExitCode=0; online
2026-06-03T18:33:33.1364636+00:00	WorkerEvent	Layer04Node08	WorkerReady; ExitCode=0; ready
2026-06-03T18:33:33.1373299+00:00	StartPipeline	Layer04Node08	Layer04Node08
2026-06-03T18:33:33.1381074+00:00	WorkerEvent	Layer05Node02	WorkerReady; ExitCode=0; ready
2026-06-03T18:33:33.1432889+00:00	StartPipeline	Layer05Node02	Layer05Node02
2026-06-03T18:33:33.1528160+00:00	WorkerStarting	Layer07Node07	meta-pipeline
2026-06-03T18:33:33.3902216+00:00	WorkerStarted	Layer07Node07	29120
2026-06-03T18:33:33.3913911+00:00	WorkerControlPipe	Layer07Node07	meta-orchestration-356b03f822bc48d7b3c33d4ce92caa15
2026-06-03T18:33:33.3923689+00:00	WorkerLog	Layer07Node07	stdout=C:\Users\jimmy\Desktop\meta-bi\Samples\Demos\MetaOrchestrationHairballCliIntegration\Runs\hairball-seed-20260530\RunArtifacts\runs\20260603-183303_2d830a7422d34edfb67c3121c397d5c0\logs\Layer07Node07-29120.stdout.log; stderr=C:\Users\jimmy\Desktop\meta-bi\Samples\Demos\MetaOrchestrationHairballCliIntegration\Runs\hairball-seed-20260530\RunArtifacts\runs\20260603-183303_2d830a7422d34edfb67c3121c397d5c0\logs\Layer07Node07-29120.stderr.log
2026-06-03T18:33:33.3931235+00:00	WorkerEvent	Layer05Node03	WorkerOnline; ExitCode=0; online
2026-06-03T18:33:33.3939949+00:00	WorkerEvent	Layer04Node01	PipelineStarted; ExitCode=0; pipeline started
2026-06-03T18:33:33.4063342+00:00	WorkerResuming	AuditHairball	ResumeTaskId=AuditHairball.audit-hairball; Executable=meta-pipeline
2026-06-03T18:33:33.5937436+00:00	WorkerStarted	AuditHairball	3512
2026-06-03T18:33:33.5948913+00:00	WorkerControlPipe	AuditHairball	meta-orchestration-7def2cfb29e541c1be00ec779459635a
2026-06-03T18:33:33.5957237+00:00	WorkerLog	AuditHairball	stdout=C:\Users\jimmy\Desktop\meta-bi\Samples\Demos\MetaOrchestrationHairballCliIntegration\Runs\hairball-seed-20260530\RunArtifacts\runs\20260603-183303_2d830a7422d34edfb67c3121c397d5c0\logs\AuditHairball-3512.stdout.log; stderr=C:\Users\jimmy\Desktop\meta-bi\Samples\Demos\MetaOrchestrationHairballCliIntegration\Runs\hairball-seed-20260530\RunArtifacts\runs\20260603-183303_2d830a7422d34edfb67c3121c397d5c0\logs\AuditHairball-3512.stderr.log
2026-06-03T18:33:33.5964243+00:00	WorkerEvent	Layer06Node03.select-l06-n03	TaskSucceeded; ExitCode=0; 
2026-06-03T18:33:33.5979599+00:00	TaskSucceeded	Layer06Node03.select-l06-n03	0
2026-06-03T18:33:33.5984964+00:00	WorkerEvent	Layer07Node07	WorkerOnline; ExitCode=0; online
2026-06-03T18:33:33.5995669+00:00	WorkerEvent	Layer05Node03	WorkerReady; ExitCode=0; ready
2026-06-03T18:33:33.6080036+00:00	StartPipeline	Layer05Node03	Layer05Node03
2026-06-03T18:33:33.6088894+00:00	WorkerEvent	Layer07Node07	WorkerReady; ExitCode=0; ready
2026-06-03T18:33:33.6109910+00:00	StartPipeline	Layer07Node07	Layer07Node07
2026-06-03T18:33:33.6243036+00:00	WorkerEvent	Layer04Node01.refresh-l04-n01	TaskReady; ExitCode=0; 
2026-06-03T18:33:33.6251919+00:00	WorkerEvent	Layer04Node07.refresh-l04-n07	TaskSucceeded; ExitCode=0; 
2026-06-03T18:33:33.6259380+00:00	TaskSucceeded	Layer04Node07.refresh-l04-n07	0
2026-06-03T18:33:33.6321094+00:00	WorkerProcessExited	Layer06Node03	ExitCode=0; worker process exited
2026-06-03T18:33:33.6343607+00:00	PipelineCompleted	Layer06Node03	
2026-06-03T18:33:33.6349524+00:00	WorkerEvent	AuditHairball	WorkerOnline; ExitCode=0; online
2026-06-03T18:33:33.6358193+00:00	WorkerProcessExited	Layer04Node07	ExitCode=0; worker process exited
2026-06-03T18:33:33.6372259+00:00	PipelineCompleted	Layer04Node07	
2026-06-03T18:33:33.6437291+00:00	GrantTask	Layer04Node01.refresh-l04-n01	Layer04Node01.refresh-l04-n01; GrantId=grant-59; Attempt=1
2026-06-03T18:33:33.6476421+00:00	WorkerResuming	BridgeL03L04	ResumeTaskId=BridgeL03L04.bridge-l03-l04-collect; Executable=meta-pipeline
2026-06-03T18:33:33.8117628+00:00	WorkerStarted	BridgeL03L04	19788
2026-06-03T18:33:33.8124476+00:00	WorkerControlPipe	BridgeL03L04	meta-orchestration-17891754b8d942ea8508b04568974cce
2026-06-03T18:33:33.8129222+00:00	WorkerLog	BridgeL03L04	stdout=C:\Users\jimmy\Desktop\meta-bi\Samples\Demos\MetaOrchestrationHairballCliIntegration\Runs\hairball-seed-20260530\RunArtifacts\runs\20260603-183303_2d830a7422d34edfb67c3121c397d5c0\logs\BridgeL03L04-19788.stdout.log; stderr=C:\Users\jimmy\Desktop\meta-bi\Samples\Demos\MetaOrchestrationHairballCliIntegration\Runs\hairball-seed-20260530\RunArtifacts\runs\20260603-183303_2d830a7422d34edfb67c3121c397d5c0\logs\BridgeL03L04-19788.stderr.log
2026-06-03T18:33:33.8135634+00:00	WorkerEvent	AuditHairball	WorkerReady; ExitCode=0; ready
2026-06-03T18:33:33.8145942+00:00	StartPipeline	AuditHairball	AuditHairball
2026-06-03T18:33:33.8155437+00:00	WorkerEvent	Layer04Node02	PipelineStarted; ExitCode=0; pipeline started
2026-06-03T18:33:33.8163314+00:00	WorkerEvent	Layer04Node01.refresh-l04-n01	GrantAccepted; ExitCode=0; 
2026-06-03T18:33:33.8171329+00:00	WorkerEvent	Layer04Node02.export-l04-n02	TaskReady; ExitCode=0; 
2026-06-03T18:33:33.8199210+00:00	GrantTask	Layer04Node02.export-l04-n02	Layer04Node02.export-l04-n02; GrantId=grant-60; Attempt=1
2026-06-03T18:33:33.8203682+00:00	WorkerResuming	CompositeMart	ResumeTaskId=CompositeMart.composite-stage; Executable=meta-pipeline
2026-06-03T18:33:33.9823203+00:00	WorkerStarted	CompositeMart	14964
2026-06-03T18:33:33.9828200+00:00	WorkerControlPipe	CompositeMart	meta-orchestration-f2c7b12ca4ca43d0bdbdd96830f0b81f
2026-06-03T18:33:33.9832552+00:00	WorkerLog	CompositeMart	stdout=C:\Users\jimmy\Desktop\meta-bi\Samples\Demos\MetaOrchestrationHairballCliIntegration\Runs\hairball-seed-20260530\RunArtifacts\runs\20260603-183303_2d830a7422d34edfb67c3121c397d5c0\logs\CompositeMart-14964.stdout.log; stderr=C:\Users\jimmy\Desktop\meta-bi\Samples\Demos\MetaOrchestrationHairballCliIntegration\Runs\hairball-seed-20260530\RunArtifacts\runs\20260603-183303_2d830a7422d34edfb67c3121c397d5c0\logs\CompositeMart-14964.stderr.log
2026-06-03T18:33:33.9838467+00:00	WorkerEvent	Layer04Node02.export-l04-n02	GrantAccepted; ExitCode=0; 
2026-06-03T18:33:33.9852072+00:00	WorkerEvent	Layer04Node01.refresh-l04-n01	TaskStarted; ExitCode=0; 
2026-06-03T18:33:33.9859542+00:00	WorkerEvent	BridgeL03L04	WorkerOnline; ExitCode=0; online
2026-06-03T18:33:33.9868318+00:00	WorkerEvent	Layer04Node02.export-l04-n02	TaskStarted; ExitCode=0; 
2026-06-03T18:33:33.9875622+00:00	WorkerEvent	Layer04Node05	PipelineStarted; ExitCode=0; pipeline started
2026-06-03T18:33:33.9899539+00:00	WorkerEvent	BridgeL03L04	WorkerReady; ExitCode=0; ready
2026-06-03T18:33:33.9984523+00:00	StartPipeline	BridgeL03L04	BridgeL03L04
2026-06-03T18:33:33.9999619+00:00	WorkerEvent	Layer04Node05.select-l04-n05	TaskReady; ExitCode=0; 
2026-06-03T18:33:34.0032093+00:00	GrantTask	Layer04Node05.select-l04-n05	Layer04Node05.select-l04-n05; GrantId=grant-61; Attempt=1
2026-06-03T18:33:34.0059066+00:00	WorkerEvent	Layer04Node05.select-l04-n05	GrantAccepted; ExitCode=0; 
2026-06-03T18:33:34.0174363+00:00	WorkerEvent	CompositeMart	WorkerOnline; ExitCode=0; online
2026-06-03T18:33:34.0182751+00:00	WorkerEvent	Layer04Node05.select-l04-n05	TaskStarted; ExitCode=0; 
2026-06-03T18:33:34.0290004+00:00	WorkerEvent	CompositeMart	WorkerReady; ExitCode=0; ready
2026-06-03T18:33:34.0334776+00:00	StartPipeline	CompositeMart	CompositeMart
2026-06-03T18:33:34.2146418+00:00	WorkerEvent	Layer04Node08	PipelineStarted; ExitCode=0; pipeline started
2026-06-03T18:33:34.2184388+00:00	WorkerEvent	Layer04Node08.select-l04-n08	TaskReady; ExitCode=0; 
2026-06-03T18:33:34.2218919+00:00	GrantTask	Layer04Node08.select-l04-n08	Layer04Node08.select-l04-n08; GrantId=grant-62; Attempt=1
2026-06-03T18:33:34.2243399+00:00	WorkerEvent	Layer04Node08.select-l04-n08	GrantAccepted; ExitCode=0; 
2026-06-03T18:33:34.2276168+00:00	WorkerEvent	Layer04Node08.select-l04-n08	TaskStarted; ExitCode=0; 
2026-06-03T18:33:34.3462950+00:00	WorkerEvent	Layer05Node02	PipelineStarted; ExitCode=0; pipeline started
2026-06-03T18:33:34.3507663+00:00	WorkerEvent	Layer05Node02.select-l05-n02	TaskReady; ExitCode=0; 
2026-06-03T18:33:34.3557374+00:00	GrantTask	Layer05Node02.select-l05-n02	Layer05Node02.select-l05-n02; GrantId=grant-63; Attempt=1
2026-06-03T18:33:34.3587135+00:00	WorkerEvent	Layer05Node02.select-l05-n02	GrantAccepted; ExitCode=0; 
2026-06-03T18:33:34.3660418+00:00	WorkerEvent	Layer05Node02.select-l05-n02	TaskStarted; ExitCode=0; 
2026-06-03T18:33:34.5213899+00:00	WorkerEvent	Layer04Node01.refresh-l04-n01	TaskSucceeded; ExitCode=0; 
2026-06-03T18:33:34.5225709+00:00	TaskSucceeded	Layer04Node01.refresh-l04-n01	0
2026-06-03T18:33:34.5744255+00:00	WorkerEvent	Layer04Node01	Closed; ExitCode=0; 
2026-06-03T18:33:34.5749598+00:00	WorkerProcessExited	Layer04Node01	ExitCode=0; worker process exited
2026-06-03T18:33:34.5762357+00:00	PipelineCompleted	Layer04Node01	
2026-06-03T18:33:34.5819709+00:00	WorkerStarting	Layer04Hub	meta-pipeline
2026-06-03T18:33:34.8243676+00:00	WorkerStarted	Layer04Hub	412
2026-06-03T18:33:34.8253442+00:00	WorkerControlPipe	Layer04Hub	meta-orchestration-dea1af0068ea4c9ca34aa612817ab5ba
2026-06-03T18:33:34.8312109+00:00	WorkerLog	Layer04Hub	stdout=C:\Users\jimmy\Desktop\meta-bi\Samples\Demos\MetaOrchestrationHairballCliIntegration\Runs\hairball-seed-20260530\RunArtifacts\runs\20260603-183303_2d830a7422d34edfb67c3121c397d5c0\logs\Layer04Hub-412.stdout.log; stderr=C:\Users\jimmy\Desktop\meta-bi\Samples\Demos\MetaOrchestrationHairballCliIntegration\Runs\hairball-seed-20260530\RunArtifacts\runs\20260603-183303_2d830a7422d34edfb67c3121c397d5c0\logs\Layer04Hub-412.stderr.log
2026-06-03T18:33:34.8319580+00:00	WorkerEvent	Layer07Node07	PipelineStarted; ExitCode=0; pipeline started
2026-06-03T18:33:34.8430026+00:00	WorkerEvent	Layer05Node03	PipelineStarted; ExitCode=0; pipeline started
2026-06-03T18:33:34.8445374+00:00	WorkerEvent	Layer04Node02.export-l04-n02	TaskSucceeded; ExitCode=0; 
2026-06-03T18:33:34.8458291+00:00	TaskSucceeded	Layer04Node02.export-l04-n02	0
2026-06-03T18:33:34.8463574+00:00	WorkerEvent	Layer07Node07.select-l07-n07	TaskReady; ExitCode=0; 
2026-06-03T18:33:34.8474289+00:00	WorkerEvent	Layer05Node03.refresh-l05-n03	TaskReady; ExitCode=0; 
2026-06-03T18:33:34.8483456+00:00	WorkerEvent	Layer04Node05.select-l04-n05	TaskSucceeded; ExitCode=0; 
2026-06-03T18:33:34.8492436+00:00	TaskSucceeded	Layer04Node05.select-l04-n05	0
2026-06-03T18:33:34.8496557+00:00	WorkerProcessExited	Layer04Node02	ExitCode=0; worker process exited
2026-06-03T18:33:34.8503991+00:00	PipelineCompleted	Layer04Node02	
2026-06-03T18:33:34.8508276+00:00	WorkerProcessExited	Layer04Node05	ExitCode=0; worker process exited
2026-06-03T18:33:34.8516758+00:00	PipelineCompleted	Layer04Node05	
2026-06-03T18:33:34.8639300+00:00	GrantTask	Layer05Node03.refresh-l05-n03	Layer05Node03.refresh-l05-n03; GrantId=grant-64; Attempt=1
2026-06-03T18:33:34.8645686+00:00	GrantTask	Layer07Node07.select-l07-n07	Layer07Node07.select-l07-n07; GrantId=grant-65; Attempt=1
2026-06-03T18:33:34.8649649+00:00	WorkerStarting	Layer05Node07	meta-pipeline
2026-06-03T18:33:35.0392324+00:00	WorkerStarted	Layer05Node07	25512
2026-06-03T18:33:35.0398860+00:00	WorkerControlPipe	Layer05Node07	meta-orchestration-ffab4fdfb8e64f7a8ed7422821ab7d8a
2026-06-03T18:33:35.0403016+00:00	WorkerLog	Layer05Node07	stdout=C:\Users\jimmy\Desktop\meta-bi\Samples\Demos\MetaOrchestrationHairballCliIntegration\Runs\hairball-seed-20260530\RunArtifacts\runs\20260603-183303_2d830a7422d34edfb67c3121c397d5c0\logs\Layer05Node07-25512.stdout.log; stderr=C:\Users\jimmy\Desktop\meta-bi\Samples\Demos\MetaOrchestrationHairballCliIntegration\Runs\hairball-seed-20260530\RunArtifacts\runs\20260603-183303_2d830a7422d34edfb67c3121c397d5c0\logs\Layer05Node07-25512.stderr.log
2026-06-03T18:33:35.0407939+00:00	WorkerEvent	AuditHairball	PipelineStarted; ExitCode=0; pipeline started
2026-06-03T18:33:35.0417127+00:00	WorkerEvent	Layer07Node07.select-l07-n07	GrantAccepted; ExitCode=0; 
2026-06-03T18:33:35.0425353+00:00	WorkerEvent	AuditHairball.audit-hairball	TaskReady; ExitCode=0; 
2026-06-03T18:33:35.0435002+00:00	WorkerEvent	Layer07Node07.select-l07-n07	TaskStarted; ExitCode=0; 
2026-06-03T18:33:35.0451780+00:00	WorkerEvent	Layer05Node03.refresh-l05-n03	GrantAccepted; ExitCode=0; 
2026-06-03T18:33:35.0463002+00:00	WorkerEvent	Layer04Hub	WorkerOnline; ExitCode=0; online
2026-06-03T18:33:35.0475459+00:00	WorkerEvent	Layer05Node03.refresh-l05-n03	TaskStarted; ExitCode=0; 
2026-06-03T18:33:35.0483956+00:00	WorkerEvent	Layer04Hub	WorkerReady; ExitCode=0; ready
2026-06-03T18:33:35.0520221+00:00	StartPipeline	Layer04Hub	Layer04Hub
2026-06-03T18:33:35.0530388+00:00	WorkerEvent	Layer04Node08.select-l04-n08	TaskSucceeded; ExitCode=0; 
2026-06-03T18:33:35.0562186+00:00	TaskSucceeded	Layer04Node08.select-l04-n08	0
2026-06-03T18:33:35.0597528+00:00	WorkerProcessExited	Layer04Node08	ExitCode=0; worker process exited
2026-06-03T18:33:35.0610161+00:00	PipelineCompleted	Layer04Node08	
2026-06-03T18:33:35.0659849+00:00	WorkerStarting	Layer07Node04	meta-pipeline
2026-06-03T18:33:35.2395259+00:00	WorkerStarted	Layer07Node04	19000
2026-06-03T18:33:35.2400927+00:00	WorkerControlPipe	Layer07Node04	meta-orchestration-ec1c3328341f47c695be0150086fb681
2026-06-03T18:33:35.2405927+00:00	WorkerLog	Layer07Node04	stdout=C:\Users\jimmy\Desktop\meta-bi\Samples\Demos\MetaOrchestrationHairballCliIntegration\Runs\hairball-seed-20260530\RunArtifacts\runs\20260603-183303_2d830a7422d34edfb67c3121c397d5c0\logs\Layer07Node04-19000.stdout.log; stderr=C:\Users\jimmy\Desktop\meta-bi\Samples\Demos\MetaOrchestrationHairballCliIntegration\Runs\hairball-seed-20260530\RunArtifacts\runs\20260603-183303_2d830a7422d34edfb67c3121c397d5c0\logs\Layer07Node04-19000.stderr.log
2026-06-03T18:33:35.2412416+00:00	WorkerEvent	Layer05Node02.select-l05-n02	TaskSucceeded; ExitCode=0; 
2026-06-03T18:33:35.2421230+00:00	TaskSucceeded	Layer05Node02.select-l05-n02	0
2026-06-03T18:33:35.2426306+00:00	WorkerEvent	Layer05Node07	WorkerOnline; ExitCode=0; online
2026-06-03T18:33:35.2436620+00:00	WorkerProcessExited	Layer05Node02	ExitCode=0; worker process exited
2026-06-03T18:33:35.2452326+00:00	PipelineCompleted	Layer05Node02	
2026-06-03T18:33:35.2470986+00:00	WorkerStarting	Layer08Node05	meta-pipeline
2026-06-03T18:33:35.4030096+00:00	WorkerStarted	Layer08Node05	26628
2026-06-03T18:33:35.4035682+00:00	WorkerControlPipe	Layer08Node05	meta-orchestration-4189e857d320410ab9b9187eed885cee
2026-06-03T18:33:35.4044279+00:00	WorkerLog	Layer08Node05	stdout=C:\Users\jimmy\Desktop\meta-bi\Samples\Demos\MetaOrchestrationHairballCliIntegration\Runs\hairball-seed-20260530\RunArtifacts\runs\20260603-183303_2d830a7422d34edfb67c3121c397d5c0\logs\Layer08Node05-26628.stdout.log; stderr=C:\Users\jimmy\Desktop\meta-bi\Samples\Demos\MetaOrchestrationHairballCliIntegration\Runs\hairball-seed-20260530\RunArtifacts\runs\20260603-183303_2d830a7422d34edfb67c3121c397d5c0\logs\Layer08Node05-26628.stderr.log
2026-06-03T18:33:35.4051933+00:00	WorkerEvent	Layer07Node04	WorkerOnline; ExitCode=0; online
2026-06-03T18:33:35.4061606+00:00	WorkerEvent	Layer05Node07	WorkerReady; ExitCode=0; ready
2026-06-03T18:33:35.4071512+00:00	StartPipeline	Layer05Node07	Layer05Node07
2026-06-03T18:33:35.4082261+00:00	WorkerEvent	Layer07Node04	WorkerReady; ExitCode=0; ready
2026-06-03T18:33:35.4178543+00:00	StartPipeline	Layer07Node04	Layer07Node04
2026-06-03T18:33:35.4203170+00:00	WorkerStarting	Layer05Hub	meta-pipeline
2026-06-03T18:33:35.5941723+00:00	WorkerStarted	Layer05Hub	28596
2026-06-03T18:33:35.5949487+00:00	WorkerControlPipe	Layer05Hub	meta-orchestration-725fe2b1b8194d8aa5d601b83ca2331c
2026-06-03T18:33:35.5958118+00:00	WorkerLog	Layer05Hub	stdout=C:\Users\jimmy\Desktop\meta-bi\Samples\Demos\MetaOrchestrationHairballCliIntegration\Runs\hairball-seed-20260530\RunArtifacts\runs\20260603-183303_2d830a7422d34edfb67c3121c397d5c0\logs\Layer05Hub-28596.stdout.log; stderr=C:\Users\jimmy\Desktop\meta-bi\Samples\Demos\MetaOrchestrationHairballCliIntegration\Runs\hairball-seed-20260530\RunArtifacts\runs\20260603-183303_2d830a7422d34edfb67c3121c397d5c0\logs\Layer05Hub-28596.stderr.log
2026-06-03T18:33:35.5964682+00:00	WorkerEvent	Layer08Node05	WorkerOnline; ExitCode=0; online
2026-06-03T18:33:35.5974895+00:00	WorkerEvent	BridgeL03L04	PipelineStarted; ExitCode=0; pipeline started
2026-06-03T18:33:35.5985361+00:00	WorkerEvent	Layer08Node05	WorkerReady; ExitCode=0; ready
2026-06-03T18:33:35.6033166+00:00	StartPipeline	Layer08Node05	Layer08Node05
2026-06-03T18:33:35.6048319+00:00	WorkerEvent	BridgeL03L04.bridge-l03-l04-collect	TaskReady; ExitCode=0; 
2026-06-03T18:33:35.6326991+00:00	WorkerEvent	Layer05Hub	WorkerOnline; ExitCode=0; online
2026-06-03T18:33:35.6373130+00:00	WorkerEvent	Layer05Hub	WorkerReady; ExitCode=0; ready
2026-06-03T18:33:35.6416947+00:00	StartPipeline	Layer05Hub	Layer05Hub
2026-06-03T18:33:35.6890746+00:00	WorkerEvent	Layer05Node03.refresh-l05-n03	TaskSucceeded; ExitCode=0; 
2026-06-03T18:33:35.6907203+00:00	TaskSucceeded	Layer05Node03.refresh-l05-n03	0
2026-06-03T18:33:35.6925288+00:00	WorkerDeferredForCapacity	AuditHairball	Deferred by orchestration to honor max active worker process capacity.
2026-06-03T18:33:35.6929636+00:00	StopPipeline	AuditHairball	Deferred by orchestration to honor max active worker process capacity.
2026-06-03T18:33:35.6956100+00:00	WorkerDeferredForCapacity	BridgeL03L04	Deferred by orchestration to honor max active worker process capacity.
2026-06-03T18:33:35.6966687+00:00	StopPipeline	BridgeL03L04	Deferred by orchestration to honor max active worker process capacity.
2026-06-03T18:33:35.6980114+00:00	WorkerDeferredForCapacity	BridgeL05L06	Deferred by orchestration to honor max active worker process capacity.
2026-06-03T18:33:35.6990559+00:00	StopPipeline	BridgeL05L06	Deferred by orchestration to honor max active worker process capacity.
2026-06-03T18:33:35.7019619+00:00	WorkerDeferredForCapacity	BridgeL07L08	Deferred by orchestration to honor max active worker process capacity.
2026-06-03T18:33:35.7024122+00:00	StopPipeline	BridgeL07L08	Deferred by orchestration to honor max active worker process capacity.
2026-06-03T18:33:35.7112289+00:00	WorkerProcessExited	Layer05Node03	ExitCode=0; worker process exited
2026-06-03T18:33:35.7125473+00:00	PipelineCompleted	Layer05Node03	
2026-06-03T18:33:35.7136681+00:00	WorkerStarting	Layer06Node04	meta-pipeline
2026-06-03T18:33:35.9216187+00:00	WorkerStarted	Layer06Node04	21640
2026-06-03T18:33:35.9251872+00:00	WorkerControlPipe	Layer06Node04	meta-orchestration-60415f834ccd44729e15ad731b17a23e
2026-06-03T18:33:35.9266263+00:00	WorkerLog	Layer06Node04	stdout=C:\Users\jimmy\Desktop\meta-bi\Samples\Demos\MetaOrchestrationHairballCliIntegration\Runs\hairball-seed-20260530\RunArtifacts\runs\20260603-183303_2d830a7422d34edfb67c3121c397d5c0\logs\Layer06Node04-21640.stdout.log; stderr=C:\Users\jimmy\Desktop\meta-bi\Samples\Demos\MetaOrchestrationHairballCliIntegration\Runs\hairball-seed-20260530\RunArtifacts\runs\20260603-183303_2d830a7422d34edfb67c3121c397d5c0\logs\Layer06Node04-21640.stderr.log
2026-06-03T18:33:35.9273893+00:00	WorkerEvent	BridgeL07L08	Closed; ExitCode=0; 
2026-06-03T18:33:35.9282952+00:00	WorkerProcessExited	BridgeL07L08	ExitCode=0; worker process exited
2026-06-03T18:33:35.9292278+00:00	WorkerDeferred	BridgeL07L08	ResumeTaskId=BridgeL07L08.bridge-l07-l08-collect
2026-06-03T18:33:35.9299945+00:00	WorkerEvent	CompositeMart	PipelineStarted; ExitCode=0; pipeline started
2026-06-03T18:33:35.9308180+00:00	WorkerEvent	AuditHairball	Closed; ExitCode=0; 
2026-06-03T18:33:35.9311983+00:00	WorkerProcessExited	AuditHairball	ExitCode=0; worker process exited
2026-06-03T18:33:35.9321258+00:00	WorkerDeferred	AuditHairball	ResumeTaskId=AuditHairball.audit-hairball
2026-06-03T18:33:35.9325773+00:00	WorkerEvent	Layer07Node07.select-l07-n07	TaskSucceeded; ExitCode=0; 
2026-06-03T18:33:35.9333855+00:00	TaskSucceeded	Layer07Node07.select-l07-n07	0
2026-06-03T18:33:35.9338425+00:00	WorkerEvent	BridgeL05L06	Closed; ExitCode=0; 
2026-06-03T18:33:35.9346221+00:00	WorkerProcessExited	BridgeL05L06	ExitCode=0; worker process exited
2026-06-03T18:33:35.9354555+00:00	WorkerDeferred	BridgeL05L06	ResumeTaskId=BridgeL05L06.bridge-l05-l06-collect
2026-06-03T18:33:35.9378874+00:00	WorkerEvent	BridgeL03L04	Closed; ExitCode=0; 
2026-06-03T18:33:35.9385896+00:00	WorkerProcessExited	BridgeL03L04	ExitCode=0; worker process exited
2026-06-03T18:33:35.9398228+00:00	WorkerDeferred	BridgeL03L04	ResumeTaskId=BridgeL03L04.bridge-l03-l04-collect
2026-06-03T18:33:35.9403161+00:00	WorkerEvent	CompositeMart.composite-stage	TaskReady; ExitCode=0; 
2026-06-03T18:33:35.9413229+00:00	WorkerProcessExited	Layer07Node07	ExitCode=0; worker process exited
2026-06-03T18:33:35.9422017+00:00	PipelineCompleted	Layer07Node07	
2026-06-03T18:33:35.9472498+00:00	WorkerResuming	AuditHairball	ResumeTaskId=AuditHairball.audit-hairball; Executable=meta-pipeline
2026-06-03T18:33:36.1355243+00:00	WorkerStarted	AuditHairball	30836
2026-06-03T18:33:36.1360293+00:00	WorkerControlPipe	AuditHairball	meta-orchestration-053cb70ce514451b9cbc7647473f3073
2026-06-03T18:33:36.1365311+00:00	WorkerLog	AuditHairball	stdout=C:\Users\jimmy\Desktop\meta-bi\Samples\Demos\MetaOrchestrationHairballCliIntegration\Runs\hairball-seed-20260530\RunArtifacts\runs\20260603-183303_2d830a7422d34edfb67c3121c397d5c0\logs\AuditHairball-30836.stdout.log; stderr=C:\Users\jimmy\Desktop\meta-bi\Samples\Demos\MetaOrchestrationHairballCliIntegration\Runs\hairball-seed-20260530\RunArtifacts\runs\20260603-183303_2d830a7422d34edfb67c3121c397d5c0\logs\AuditHairball-30836.stderr.log
2026-06-03T18:33:36.1370128+00:00	WorkerEvent	Layer06Node04	WorkerOnline; ExitCode=0; online
2026-06-03T18:33:36.1454673+00:00	WorkerResuming	BridgeL03L04	ResumeTaskId=BridgeL03L04.bridge-l03-l04-collect; Executable=meta-pipeline
2026-06-03T18:33:36.3322184+00:00	WorkerStarted	BridgeL03L04	644
2026-06-03T18:33:36.3330418+00:00	WorkerControlPipe	BridgeL03L04	meta-orchestration-6cb7df3f6e8a4ed09f0797b6e2ecf2da
2026-06-03T18:33:36.3335232+00:00	WorkerLog	BridgeL03L04	stdout=C:\Users\jimmy\Desktop\meta-bi\Samples\Demos\MetaOrchestrationHairballCliIntegration\Runs\hairball-seed-20260530\RunArtifacts\runs\20260603-183303_2d830a7422d34edfb67c3121c397d5c0\logs\BridgeL03L04-644.stdout.log; stderr=C:\Users\jimmy\Desktop\meta-bi\Samples\Demos\MetaOrchestrationHairballCliIntegration\Runs\hairball-seed-20260530\RunArtifacts\runs\20260603-183303_2d830a7422d34edfb67c3121c397d5c0\logs\BridgeL03L04-644.stderr.log
2026-06-03T18:33:36.3342008+00:00	WorkerEvent	Layer06Node04	WorkerReady; ExitCode=0; ready
2026-06-03T18:33:36.3352609+00:00	StartPipeline	Layer06Node04	Layer06Node04
2026-06-03T18:33:36.3361021+00:00	WorkerEvent	AuditHairball	WorkerOnline; ExitCode=0; online
2026-06-03T18:33:36.3456804+00:00	WorkerResuming	BridgeL05L06	ResumeTaskId=BridgeL05L06.bridge-l05-l06-collect; Executable=meta-pipeline
2026-06-03T18:33:36.5553749+00:00	WorkerStarted	BridgeL05L06	22316
2026-06-03T18:33:36.5559876+00:00	WorkerControlPipe	BridgeL05L06	meta-orchestration-4f426f0bdafa44f48a4c5f2e1b0f5744
2026-06-03T18:33:36.5563958+00:00	WorkerLog	BridgeL05L06	stdout=C:\Users\jimmy\Desktop\meta-bi\Samples\Demos\MetaOrchestrationHairballCliIntegration\Runs\hairball-seed-20260530\RunArtifacts\runs\20260603-183303_2d830a7422d34edfb67c3121c397d5c0\logs\BridgeL05L06-22316.stdout.log; stderr=C:\Users\jimmy\Desktop\meta-bi\Samples\Demos\MetaOrchestrationHairballCliIntegration\Runs\hairball-seed-20260530\RunArtifacts\runs\20260603-183303_2d830a7422d34edfb67c3121c397d5c0\logs\BridgeL05L06-22316.stderr.log
2026-06-03T18:33:36.5568703+00:00	WorkerEvent	BridgeL03L04	WorkerOnline; ExitCode=0; online
2026-06-03T18:33:36.5576980+00:00	WorkerEvent	Layer04Hub	PipelineStarted; ExitCode=0; pipeline started
2026-06-03T18:33:36.5585353+00:00	WorkerEvent	AuditHairball	WorkerReady; ExitCode=0; ready
2026-06-03T18:33:36.5596199+00:00	StartPipeline	AuditHairball	AuditHairball
2026-06-03T18:33:36.5634202+00:00	WorkerEvent	BridgeL03L04	WorkerReady; ExitCode=0; ready
2026-06-03T18:33:36.5642765+00:00	StartPipeline	BridgeL03L04	BridgeL03L04
2026-06-03T18:33:36.5651110+00:00	WorkerEvent	Layer04Hub.hub-l04-stage	TaskReady; ExitCode=0; 
2026-06-03T18:33:36.5660686+00:00	WorkerEvent	Layer05Node07	PipelineStarted; ExitCode=0; pipeline started
2026-06-03T18:33:36.5872716+00:00	GrantTask	Layer04Hub.hub-l04-stage	Layer04Hub.hub-l04-stage; GrantId=grant-66; Attempt=1
2026-06-03T18:33:36.5883339+00:00	WorkerResuming	BridgeL07L08	ResumeTaskId=BridgeL07L08.bridge-l07-l08-collect; Executable=meta-pipeline
2026-06-03T18:33:36.7210806+00:00	WorkerStarted	BridgeL07L08	31388
2026-06-03T18:33:36.7216714+00:00	WorkerControlPipe	BridgeL07L08	meta-orchestration-4e2034b854bc4882abd881d154dbac3b
2026-06-03T18:33:36.7222041+00:00	WorkerLog	BridgeL07L08	stdout=C:\Users\jimmy\Desktop\meta-bi\Samples\Demos\MetaOrchestrationHairballCliIntegration\Runs\hairball-seed-20260530\RunArtifacts\runs\20260603-183303_2d830a7422d34edfb67c3121c397d5c0\logs\BridgeL07L08-31388.stdout.log; stderr=C:\Users\jimmy\Desktop\meta-bi\Samples\Demos\MetaOrchestrationHairballCliIntegration\Runs\hairball-seed-20260530\RunArtifacts\runs\20260603-183303_2d830a7422d34edfb67c3121c397d5c0\logs\BridgeL07L08-31388.stderr.log
2026-06-03T18:33:36.7227531+00:00	WorkerEvent	BridgeL05L06	WorkerOnline; ExitCode=0; online
2026-06-03T18:33:36.7236078+00:00	WorkerEvent	Layer08Node05	PipelineStarted; ExitCode=0; pipeline started
2026-06-03T18:33:36.7244571+00:00	WorkerEvent	Layer04Hub.hub-l04-stage	GrantAccepted; ExitCode=0; 
2026-06-03T18:33:36.7252409+00:00	WorkerEvent	Layer07Node04	PipelineStarted; ExitCode=0; pipeline started
2026-06-03T18:33:36.7279937+00:00	WorkerEvent	Layer05Node07.export-l05-n07	TaskReady; ExitCode=0; 
2026-06-03T18:33:36.7297909+00:00	WorkerEvent	BridgeL05L06	WorkerReady; ExitCode=0; ready
2026-06-03T18:33:36.7315541+00:00	StartPipeline	BridgeL05L06	BridgeL05L06
2026-06-03T18:33:36.7324355+00:00	WorkerEvent	Layer08Node05.refresh-l08-n05	TaskReady; ExitCode=0; 
2026-06-03T18:33:36.7331969+00:00	WorkerEvent	Layer04Hub.hub-l04-stage	TaskStarted; ExitCode=0; 
2026-06-03T18:33:36.7340427+00:00	WorkerEvent	Layer07Node04.select-l07-n04	TaskReady; ExitCode=0; 
2026-06-03T18:33:36.7370206+00:00	GrantTask	Layer05Node07.export-l05-n07	Layer05Node07.export-l05-n07; GrantId=grant-67; Attempt=1
2026-06-03T18:33:36.7387197+00:00	GrantTask	Layer07Node04.select-l07-n04	Layer07Node04.select-l07-n04; GrantId=grant-68; Attempt=1
2026-06-03T18:33:36.7397020+00:00	GrantTask	Layer08Node05.refresh-l08-n05	Layer08Node05.refresh-l08-n05; GrantId=grant-69; Attempt=1
2026-06-03T18:33:36.7402196+00:00	WorkerStarting	Layer05Node01	meta-pipeline
2026-06-03T18:33:36.9247105+00:00	WorkerStarted	Layer05Node01	14692
2026-06-03T18:33:36.9253400+00:00	WorkerControlPipe	Layer05Node01	meta-orchestration-dc20c0c54bdc467b95432b65ec1b67da
2026-06-03T18:33:36.9258433+00:00	WorkerLog	Layer05Node01	stdout=C:\Users\jimmy\Desktop\meta-bi\Samples\Demos\MetaOrchestrationHairballCliIntegration\Runs\hairball-seed-20260530\RunArtifacts\runs\20260603-183303_2d830a7422d34edfb67c3121c397d5c0\logs\Layer05Node01-14692.stdout.log; stderr=C:\Users\jimmy\Desktop\meta-bi\Samples\Demos\MetaOrchestrationHairballCliIntegration\Runs\hairball-seed-20260530\RunArtifacts\runs\20260603-183303_2d830a7422d34edfb67c3121c397d5c0\logs\Layer05Node01-14692.stderr.log
2026-06-03T18:33:36.9267590+00:00	WorkerEvent	BridgeL07L08	WorkerOnline; ExitCode=0; online
2026-06-03T18:33:36.9279698+00:00	WorkerEvent	Layer08Node05.refresh-l08-n05	GrantAccepted; ExitCode=0; 
2026-06-03T18:33:36.9290146+00:00	WorkerEvent	Layer07Node04.select-l07-n04	GrantAccepted; ExitCode=0; 
2026-06-03T18:33:36.9300374+00:00	WorkerEvent	Layer05Node07.export-l05-n07	GrantAccepted; ExitCode=0; 
2026-06-03T18:33:36.9353791+00:00	WorkerEvent	BridgeL07L08	WorkerReady; ExitCode=0; ready
2026-06-03T18:33:36.9534270+00:00	StartPipeline	BridgeL07L08	BridgeL07L08
2026-06-03T18:33:36.9543463+00:00	WorkerEvent	Layer08Node05.refresh-l08-n05	TaskStarted; ExitCode=0; 
2026-06-03T18:33:36.9551453+00:00	WorkerEvent	Layer07Node04.select-l07-n04	TaskStarted; ExitCode=0; 
2026-06-03T18:33:36.9558921+00:00	WorkerEvent	Layer05Node07.export-l05-n07	TaskStarted; ExitCode=0; 
2026-06-03T18:33:36.9616358+00:00	WorkerEvent	Layer05Node01	WorkerOnline; ExitCode=0; online
2026-06-03T18:33:36.9657343+00:00	WorkerEvent	Layer05Node01	WorkerReady; ExitCode=0; ready
2026-06-03T18:33:36.9849987+00:00	StartPipeline	Layer05Node01	Layer05Node01
2026-06-03T18:33:37.1107140+00:00	WorkerEvent	Layer05Hub	PipelineStarted; ExitCode=0; pipeline started
2026-06-03T18:33:37.1166383+00:00	WorkerEvent	Layer05Hub.hub-l05-stage	TaskReady; ExitCode=0; 
2026-06-03T18:33:37.4202273+00:00	WorkerEvent	Layer06Node04	PipelineStarted; ExitCode=0; pipeline started
2026-06-03T18:33:37.4324702+00:00	WorkerEvent	Layer06Node04.export-l06-n04	TaskReady; ExitCode=0; 
2026-06-03T18:33:37.4398852+00:00	GrantTask	Layer06Node04.export-l06-n04	Layer06Node04.export-l06-n04; GrantId=grant-70; Attempt=1
2026-06-03T18:33:37.4542133+00:00	WorkerEvent	Layer06Node04.export-l06-n04	GrantAccepted; ExitCode=0; 
2026-06-03T18:33:37.4607414+00:00	WorkerEvent	Layer06Node04.export-l06-n04	TaskStarted; ExitCode=0; 
2026-06-03T18:33:37.6355332+00:00	WorkerEvent	Layer04Hub.hub-l04-stage	TaskSucceeded; ExitCode=0; 
2026-06-03T18:33:37.6364899+00:00	TaskSucceeded	Layer04Hub.hub-l04-stage	0
2026-06-03T18:33:37.6513875+00:00	WorkerDeferredForCapacity	CompositeMart	Deferred by orchestration to honor max active worker process capacity.
2026-06-03T18:33:37.6521189+00:00	StopPipeline	CompositeMart	Deferred by orchestration to honor max active worker process capacity.
2026-06-03T18:33:37.6526867+00:00	WorkerEvent	Layer04Hub.hub-l04-curate	TaskReady; ExitCode=0; 
2026-06-03T18:33:37.6534318+00:00	WorkerEvent	AuditHairball	PipelineStarted; ExitCode=0; pipeline started
2026-06-03T18:33:37.6604246+00:00	GrantTask	Layer04Hub.hub-l04-curate	Layer04Hub.hub-l04-curate; GrantId=grant-71; Attempt=1
2026-06-03T18:33:37.6609718+00:00	WorkerDeferredForCapacity	Layer05Hub	Deferred by orchestration to honor max active worker process capacity.
2026-06-03T18:33:37.6676248+00:00	StopPipeline	Layer05Hub	Deferred by orchestration to honor max active worker process capacity.
2026-06-03T18:33:37.6681777+00:00	WorkerEvent	AuditHairball.audit-hairball	TaskReady; ExitCode=0; 
2026-06-03T18:33:37.6714835+00:00	WorkerDeferredForCapacity	AuditHairball	Deferred by orchestration to honor max active worker process capacity.
2026-06-03T18:33:37.6721390+00:00	StopPipeline	AuditHairball	Deferred by orchestration to honor max active worker process capacity.
2026-06-03T18:33:37.6727927+00:00	WorkerEvent	Layer04Hub.hub-l04-curate	GrantAccepted; ExitCode=0; 
2026-06-03T18:33:37.6801791+00:00	WorkerEvent	Layer04Hub.hub-l04-curate	TaskStarted; ExitCode=0; 
2026-06-03T18:33:37.6976898+00:00	WorkerEvent	CompositeMart	Closed; ExitCode=0; 
2026-06-03T18:33:37.6981933+00:00	WorkerProcessExited	CompositeMart	ExitCode=0; worker process exited
2026-06-03T18:33:37.6988994+00:00	WorkerDeferred	CompositeMart	ResumeTaskId=CompositeMart.composite-stage
2026-06-03T18:33:37.6992511+00:00	WorkerEvent	Layer05Hub	Closed; ExitCode=0; 
2026-06-03T18:33:37.6995630+00:00	WorkerProcessExited	Layer05Hub	ExitCode=0; worker process exited
2026-06-03T18:33:37.7002447+00:00	WorkerDeferred	Layer05Hub	ResumeTaskId=Layer05Hub.hub-l05-stage
2026-06-03T18:33:37.7015359+00:00	WorkerStarting	Layer07Node08	meta-pipeline
2026-06-03T18:33:37.8986921+00:00	WorkerStarted	Layer07Node08	17712
2026-06-03T18:33:37.8993552+00:00	WorkerControlPipe	Layer07Node08	meta-orchestration-41f35d54cd064daea13c247b8a353228
2026-06-03T18:33:37.8998568+00:00	WorkerLog	Layer07Node08	stdout=C:\Users\jimmy\Desktop\meta-bi\Samples\Demos\MetaOrchestrationHairballCliIntegration\Runs\hairball-seed-20260530\RunArtifacts\runs\20260603-183303_2d830a7422d34edfb67c3121c397d5c0\logs\Layer07Node08-17712.stdout.log; stderr=C:\Users\jimmy\Desktop\meta-bi\Samples\Demos\MetaOrchestrationHairballCliIntegration\Runs\hairball-seed-20260530\RunArtifacts\runs\20260603-183303_2d830a7422d34edfb67c3121c397d5c0\logs\Layer07Node08-17712.stderr.log
2026-06-03T18:33:37.9003645+00:00	WorkerEvent	Layer08Node05.refresh-l08-n05	TaskSucceeded; ExitCode=0; 
2026-06-03T18:33:37.9026860+00:00	TaskSucceeded	Layer08Node05.refresh-l08-n05	0
2026-06-03T18:33:37.9032031+00:00	WorkerEvent	Layer07Node04.select-l07-n04	TaskSucceeded; ExitCode=0; 
2026-06-03T18:33:37.9041174+00:00	TaskSucceeded	Layer07Node04.select-l07-n04	0
2026-06-03T18:33:37.9046303+00:00	WorkerEvent	AuditHairball	Closed; ExitCode=0; 
2026-06-03T18:33:37.9050107+00:00	WorkerProcessExited	AuditHairball	ExitCode=0; worker process exited
2026-06-03T18:33:37.9057615+00:00	WorkerDeferred	AuditHairball	ResumeTaskId=AuditHairball.audit-hairball
2026-06-03T18:33:37.9061725+00:00	WorkerEvent	Layer04Hub.hub-l04-curate	TaskSucceeded; ExitCode=0; 
2026-06-03T18:33:37.9074952+00:00	TaskSucceeded	Layer04Hub.hub-l04-curate	0
2026-06-03T18:33:37.9081623+00:00	WorkerEvent	Layer05Node07.export-l05-n07	TaskSucceeded; ExitCode=0; 
2026-06-03T18:33:37.9089782+00:00	TaskSucceeded	Layer05Node07.export-l05-n07	0
2026-06-03T18:33:37.9103436+00:00	WorkerEvent	Layer04Hub.hub-l04-publish	TaskReady; ExitCode=0; 
2026-06-03T18:33:37.9115975+00:00	WorkerProcessExited	Layer07Node04	ExitCode=0; worker process exited
2026-06-03T18:33:37.9125098+00:00	PipelineCompleted	Layer07Node04	
2026-06-03T18:33:37.9129484+00:00	WorkerProcessExited	Layer08Node05	ExitCode=0; worker process exited
2026-06-03T18:33:37.9137226+00:00	PipelineCompleted	Layer08Node05	
2026-06-03T18:33:37.9165267+00:00	GrantTask	Layer04Hub.hub-l04-publish	Layer04Hub.hub-l04-publish; GrantId=grant-72; Attempt=1
2026-06-03T18:33:37.9197980+00:00	WorkerStarting	Layer06Node01	meta-pipeline
2026-06-03T18:33:38.0796240+00:00	WorkerStarted	Layer06Node01	30404
2026-06-03T18:33:38.0800915+00:00	WorkerControlPipe	Layer06Node01	meta-orchestration-64881f6120834e38bdb56fa50d5dab76
2026-06-03T18:33:38.0805221+00:00	WorkerLog	Layer06Node01	stdout=C:\Users\jimmy\Desktop\meta-bi\Samples\Demos\MetaOrchestrationHairballCliIntegration\Runs\hairball-seed-20260530\RunArtifacts\runs\20260603-183303_2d830a7422d34edfb67c3121c397d5c0\logs\Layer06Node01-30404.stdout.log; stderr=C:\Users\jimmy\Desktop\meta-bi\Samples\Demos\MetaOrchestrationHairballCliIntegration\Runs\hairball-seed-20260530\RunArtifacts\runs\20260603-183303_2d830a7422d34edfb67c3121c397d5c0\logs\Layer06Node01-30404.stderr.log
2026-06-03T18:33:38.0810678+00:00	WorkerEvent	BridgeL03L04	PipelineStarted; ExitCode=0; pipeline started
2026-06-03T18:33:38.0820580+00:00	WorkerEvent	Layer07Node08	WorkerOnline; ExitCode=0; online
2026-06-03T18:33:38.0829888+00:00	WorkerEvent	BridgeL03L04.bridge-l03-l04-collect	TaskReady; ExitCode=0; 
2026-06-03T18:33:38.0838185+00:00	WorkerEvent	Layer07Node08	WorkerReady; ExitCode=0; ready
2026-06-03T18:33:38.0882261+00:00	StartPipeline	Layer07Node08	Layer07Node08
2026-06-03T18:33:38.0891761+00:00	WorkerEvent	Layer04Hub.hub-l04-publish	GrantAccepted; ExitCode=0; 
2026-06-03T18:33:38.0902841+00:00	WorkerEvent	Layer05Node07	Closed; ExitCode=0; 
2026-06-03T18:33:38.0907859+00:00	WorkerProcessExited	Layer05Node07	ExitCode=0; worker process exited
2026-06-03T18:33:38.0932061+00:00	PipelineCompleted	Layer05Node07	
2026-06-03T18:33:38.0940355+00:00	WorkerEvent	Layer04Hub.hub-l04-publish	TaskStarted; ExitCode=0; 
2026-06-03T18:33:38.0967154+00:00	GrantTask	BridgeL03L04.bridge-l03-l04-collect	BridgeL03L04.bridge-l03-l04-collect; GrantId=grant-73; Attempt=1
2026-06-03T18:33:38.0972963+00:00	WorkerStarting	Layer06Node07	meta-pipeline
2026-06-03T18:33:38.2313363+00:00	WorkerStarted	Layer06Node07	25252
2026-06-03T18:33:38.2319573+00:00	WorkerControlPipe	Layer06Node07	meta-orchestration-96c70afad6b74dfcb886bce2311f7333
2026-06-03T18:33:38.2323546+00:00	WorkerLog	Layer06Node07	stdout=C:\Users\jimmy\Desktop\meta-bi\Samples\Demos\MetaOrchestrationHairballCliIntegration\Runs\hairball-seed-20260530\RunArtifacts\runs\20260603-183303_2d830a7422d34edfb67c3121c397d5c0\logs\Layer06Node07-25252.stdout.log; stderr=C:\Users\jimmy\Desktop\meta-bi\Samples\Demos\MetaOrchestrationHairballCliIntegration\Runs\hairball-seed-20260530\RunArtifacts\runs\20260603-183303_2d830a7422d34edfb67c3121c397d5c0\logs\Layer06Node07-25252.stderr.log
2026-06-03T18:33:38.2328287+00:00	WorkerEvent	Layer05Node01	PipelineStarted; ExitCode=0; pipeline started
2026-06-03T18:33:38.2335718+00:00	WorkerEvent	BridgeL03L04.bridge-l03-l04-collect	GrantAccepted; ExitCode=0; 
2026-06-03T18:33:38.2344372+00:00	WorkerEvent	Layer05Node01.select-l05-n01	TaskReady; ExitCode=0; 
2026-06-03T18:33:38.2351964+00:00	WorkerEvent	BridgeL03L04.bridge-l03-l04-collect	TaskStarted; ExitCode=0; 
2026-06-03T18:33:38.2363762+00:00	WorkerEvent	Layer06Node01	WorkerOnline; ExitCode=0; online
2026-06-03T18:33:38.2381312+00:00	WorkerStarting	Layer06Node10	meta-pipeline
2026-06-03T18:33:38.3869206+00:00	WorkerStarted	Layer06Node10	27700
2026-06-03T18:33:38.3874069+00:00	WorkerControlPipe	Layer06Node10	meta-orchestration-d444b3746349450ea62bc72ea99adc77
2026-06-03T18:33:38.3877857+00:00	WorkerLog	Layer06Node10	stdout=C:\Users\jimmy\Desktop\meta-bi\Samples\Demos\MetaOrchestrationHairballCliIntegration\Runs\hairball-seed-20260530\RunArtifacts\runs\20260603-183303_2d830a7422d34edfb67c3121c397d5c0\logs\Layer06Node10-27700.stdout.log; stderr=C:\Users\jimmy\Desktop\meta-bi\Samples\Demos\MetaOrchestrationHairballCliIntegration\Runs\hairball-seed-20260530\RunArtifacts\runs\20260603-183303_2d830a7422d34edfb67c3121c397d5c0\logs\Layer06Node10-27700.stderr.log
2026-06-03T18:33:38.3882650+00:00	WorkerEvent	BridgeL05L06	PipelineStarted; ExitCode=0; pipeline started
2026-06-03T18:33:38.3891774+00:00	WorkerEvent	Layer06Node04.export-l06-n04	TaskSucceeded; ExitCode=0; 
2026-06-03T18:33:38.3899935+00:00	TaskSucceeded	Layer06Node04.export-l06-n04	0
2026-06-03T18:33:38.3903801+00:00	WorkerEvent	BridgeL05L06.bridge-l05-l06-collect	TaskReady; ExitCode=0; 
2026-06-03T18:33:38.3915468+00:00	WorkerEvent	Layer04Hub.hub-l04-publish	TaskSucceeded; ExitCode=0; 
2026-06-03T18:33:38.3947177+00:00	TaskSucceeded	Layer04Hub.hub-l04-publish	0
2026-06-03T18:33:38.3952277+00:00	WorkerEvent	Layer06Node01	WorkerReady; ExitCode=0; ready
2026-06-03T18:33:38.3961013+00:00	StartPipeline	Layer06Node01	Layer06Node01
2026-06-03T18:33:38.3979025+00:00	WorkerEvent	BridgeL07L08	PipelineStarted; ExitCode=0; pipeline started
2026-06-03T18:33:38.3988861+00:00	WorkerEvent	Layer06Node07	WorkerOnline; ExitCode=0; online
2026-06-03T18:33:38.4011866+00:00	WorkerEvent	BridgeL07L08.bridge-l07-l08-collect	TaskReady; ExitCode=0; 
2026-06-03T18:33:38.4022809+00:00	WorkerEvent	Layer06Node07	WorkerReady; ExitCode=0; ready
2026-06-03T18:33:38.4114091+00:00	StartPipeline	Layer06Node07	Layer06Node07
2026-06-03T18:33:38.4124429+00:00	WorkerProcessExited	Layer04Hub	ExitCode=0; worker process exited
2026-06-03T18:33:38.4131714+00:00	PipelineCompleted	Layer04Hub	
2026-06-03T18:33:38.4135521+00:00	WorkerProcessExited	Layer06Node04	ExitCode=0; worker process exited
2026-06-03T18:33:38.4142326+00:00	PipelineCompleted	Layer06Node04	
2026-06-03T18:33:38.4184980+00:00	WorkerStarting	Layer05Node04	meta-pipeline
2026-06-03T18:33:38.5976362+00:00	WorkerStarted	Layer05Node04	19620
2026-06-03T18:33:38.5982874+00:00	WorkerControlPipe	Layer05Node04	meta-orchestration-be0f4a93bbc9401e8d4490e26d8072ad
2026-06-03T18:33:38.5987894+00:00	WorkerLog	Layer05Node04	stdout=C:\Users\jimmy\Desktop\meta-bi\Samples\Demos\MetaOrchestrationHairballCliIntegration\Runs\hairball-seed-20260530\RunArtifacts\runs\20260603-183303_2d830a7422d34edfb67c3121c397d5c0\logs\Layer05Node04-19620.stdout.log; stderr=C:\Users\jimmy\Desktop\meta-bi\Samples\Demos\MetaOrchestrationHairballCliIntegration\Runs\hairball-seed-20260530\RunArtifacts\runs\20260603-183303_2d830a7422d34edfb67c3121c397d5c0\logs\Layer05Node04-19620.stderr.log
2026-06-03T18:33:38.5993407+00:00	WorkerEvent	Layer06Node10	WorkerOnline; ExitCode=0; online
2026-06-03T18:33:38.6018491+00:00	WorkerStarting	Layer08Node06	meta-pipeline
2026-06-03T18:33:38.8046174+00:00	WorkerStarted	Layer08Node06	26388
2026-06-03T18:33:38.8051338+00:00	WorkerControlPipe	Layer08Node06	meta-orchestration-7de711a702e64efc9a5b24075000987d
2026-06-03T18:33:38.8056068+00:00	WorkerLog	Layer08Node06	stdout=C:\Users\jimmy\Desktop\meta-bi\Samples\Demos\MetaOrchestrationHairballCliIntegration\Runs\hairball-seed-20260530\RunArtifacts\runs\20260603-183303_2d830a7422d34edfb67c3121c397d5c0\logs\Layer08Node06-26388.stdout.log; stderr=C:\Users\jimmy\Desktop\meta-bi\Samples\Demos\MetaOrchestrationHairballCliIntegration\Runs\hairball-seed-20260530\RunArtifacts\runs\20260603-183303_2d830a7422d34edfb67c3121c397d5c0\logs\Layer08Node06-26388.stderr.log
2026-06-03T18:33:38.8062922+00:00	WorkerEvent	Layer05Node04	WorkerOnline; ExitCode=0; online
2026-06-03T18:33:38.8081693+00:00	WorkerEvent	Layer06Node10	WorkerReady; ExitCode=0; ready
2026-06-03T18:33:38.8092868+00:00	StartPipeline	Layer06Node10	Layer06Node10
2026-06-03T18:33:38.8106044+00:00	WorkerEvent	Layer05Node04	WorkerReady; ExitCode=0; ready
2026-06-03T18:33:38.8156618+00:00	StartPipeline	Layer05Node04	Layer05Node04
2026-06-03T18:33:38.8183789+00:00	WorkerResuming	AuditHairball	ResumeTaskId=AuditHairball.audit-hairball; Executable=meta-pipeline
2026-06-03T18:33:39.0289384+00:00	WorkerStarted	AuditHairball	28008
2026-06-03T18:33:39.0298079+00:00	WorkerControlPipe	AuditHairball	meta-orchestration-01e859d8d1d144cc9dbb88ed62ef6493
2026-06-03T18:33:39.0302984+00:00	WorkerLog	AuditHairball	stdout=C:\Users\jimmy\Desktop\meta-bi\Samples\Demos\MetaOrchestrationHairballCliIntegration\Runs\hairball-seed-20260530\RunArtifacts\runs\20260603-183303_2d830a7422d34edfb67c3121c397d5c0\logs\AuditHairball-28008.stdout.log; stderr=C:\Users\jimmy\Desktop\meta-bi\Samples\Demos\MetaOrchestrationHairballCliIntegration\Runs\hairball-seed-20260530\RunArtifacts\runs\20260603-183303_2d830a7422d34edfb67c3121c397d5c0\logs\AuditHairball-28008.stderr.log
2026-06-03T18:33:39.0308203+00:00	WorkerEvent	Layer08Node06	WorkerOnline; ExitCode=0; online
2026-06-03T18:33:39.0331958+00:00	WorkerResuming	CompositeMart	ResumeTaskId=CompositeMart.composite-stage; Executable=meta-pipeline
2026-06-03T18:33:39.1858526+00:00	WorkerStarted	CompositeMart	29760
2026-06-03T18:33:39.1863755+00:00	WorkerControlPipe	CompositeMart	meta-orchestration-2a8c74a043d042209e8cb44ad0c66979
2026-06-03T18:33:39.1869619+00:00	WorkerLog	CompositeMart	stdout=C:\Users\jimmy\Desktop\meta-bi\Samples\Demos\MetaOrchestrationHairballCliIntegration\Runs\hairball-seed-20260530\RunArtifacts\runs\20260603-183303_2d830a7422d34edfb67c3121c397d5c0\logs\CompositeMart-29760.stdout.log; stderr=C:\Users\jimmy\Desktop\meta-bi\Samples\Demos\MetaOrchestrationHairballCliIntegration\Runs\hairball-seed-20260530\RunArtifacts\runs\20260603-183303_2d830a7422d34edfb67c3121c397d5c0\logs\CompositeMart-29760.stderr.log
2026-06-03T18:33:39.1875755+00:00	WorkerEvent	Layer08Node06	WorkerReady; ExitCode=0; ready
2026-06-03T18:33:39.1885713+00:00	StartPipeline	Layer08Node06	Layer08Node06
2026-06-03T18:33:39.1893040+00:00	WorkerEvent	BridgeL03L04.bridge-l03-l04-collect	TaskSucceeded; ExitCode=0; 
2026-06-03T18:33:39.1905211+00:00	TaskSucceeded	BridgeL03L04.bridge-l03-l04-collect	0
2026-06-03T18:33:39.1910393+00:00	WorkerEvent	AuditHairball	WorkerOnline; ExitCode=0; online
2026-06-03T18:33:39.1924135+00:00	WorkerEvent	Layer07Node08	PipelineStarted; ExitCode=0; pipeline started
2026-06-03T18:33:39.1934176+00:00	WorkerEvent	BridgeL03L04.bridge-l03-l04-north	TaskReady; ExitCode=0; 
2026-06-03T18:33:39.1943005+00:00	WorkerEvent	AuditHairball	WorkerReady; ExitCode=0; ready
2026-06-03T18:33:39.2013516+00:00	StartPipeline	AuditHairball	AuditHairball
2026-06-03T18:33:39.2022457+00:00	WorkerEvent	Layer07Node08.export-l07-n08	TaskReady; ExitCode=0; 
2026-06-03T18:33:39.2050307+00:00	GrantTask	BridgeL03L04.bridge-l03-l04-north	BridgeL03L04.bridge-l03-l04-north; GrantId=grant-74; Attempt=1
2026-06-03T18:33:39.2059223+00:00	GrantTask	Layer07Node08.export-l07-n08	Layer07Node08.export-l07-n08; GrantId=grant-75; Attempt=1
2026-06-03T18:33:39.2063328+00:00	WorkerDeferredForCapacity	BridgeL05L06	Deferred by orchestration to honor max active worker process capacity.
2026-06-03T18:33:39.2067779+00:00	StopPipeline	BridgeL05L06	Deferred by orchestration to honor max active worker process capacity.
2026-06-03T18:33:39.2073550+00:00	WorkerEvent	BridgeL03L04.bridge-l03-l04-north	GrantAccepted; ExitCode=0; 
2026-06-03T18:33:39.2095743+00:00	WorkerDeferredForCapacity	BridgeL07L08	Deferred by orchestration to honor max active worker process capacity.
2026-06-03T18:33:39.2110604+00:00	StopPipeline	BridgeL07L08	Deferred by orchestration to honor max active worker process capacity.
2026-06-03T18:33:39.2116114+00:00	WorkerEvent	BridgeL03L04.bridge-l03-l04-north	TaskStarted; ExitCode=0; 
2026-06-03T18:33:39.2124826+00:00	WorkerEvent	Layer07Node08.export-l07-n08	GrantAccepted; ExitCode=0; 
2026-06-03T18:33:39.2139599+00:00	WorkerDeferredForCapacity	Layer05Node01	Deferred by orchestration to honor max active worker process capacity.
2026-06-03T18:33:39.2162939+00:00	StopPipeline	Layer05Node01	Deferred by orchestration to honor max active worker process capacity.
2026-06-03T18:33:39.2168292+00:00	WorkerEvent	Layer07Node08.export-l07-n08	TaskStarted; ExitCode=0; 
2026-06-03T18:33:39.2205942+00:00	WorkerEvent	CompositeMart	WorkerOnline; ExitCode=0; online
2026-06-03T18:33:39.2453241+00:00	WorkerEvent	CompositeMart	WorkerReady; ExitCode=0; ready
2026-06-03T18:33:39.2463089+00:00	StartPipeline	CompositeMart	CompositeMart
2026-06-03T18:33:39.2470611+00:00	WorkerEvent	Layer05Node01	Closed; ExitCode=0; 
2026-06-03T18:33:39.2474678+00:00	WorkerProcessExited	Layer05Node01	ExitCode=0; worker process exited
2026-06-03T18:33:39.2481351+00:00	WorkerDeferred	Layer05Node01	ResumeTaskId=Layer05Node01.select-l05-n01
2026-06-03T18:33:39.2485626+00:00	WorkerEvent	BridgeL07L08	Closed; ExitCode=0; 
2026-06-03T18:33:39.2489824+00:00	WorkerProcessExited	BridgeL07L08	ExitCode=0; worker process exited
2026-06-03T18:33:39.2496771+00:00	WorkerDeferred	BridgeL07L08	ResumeTaskId=BridgeL07L08.bridge-l07-l08-collect
2026-06-03T18:33:39.2505227+00:00	WorkerStarting	Layer05Node05	meta-pipeline
2026-06-03T18:33:39.4407193+00:00	WorkerStarted	Layer05Node05	6592
2026-06-03T18:33:39.4412680+00:00	WorkerControlPipe	Layer05Node05	meta-orchestration-226605e5666245e28f9f3d6ee8993961
2026-06-03T18:33:39.4418809+00:00	WorkerLog	Layer05Node05	stdout=C:\Users\jimmy\Desktop\meta-bi\Samples\Demos\MetaOrchestrationHairballCliIntegration\Runs\hairball-seed-20260530\RunArtifacts\runs\20260603-183303_2d830a7422d34edfb67c3121c397d5c0\logs\Layer05Node05-6592.stdout.log; stderr=C:\Users\jimmy\Desktop\meta-bi\Samples\Demos\MetaOrchestrationHairballCliIntegration\Runs\hairball-seed-20260530\RunArtifacts\runs\20260603-183303_2d830a7422d34edfb67c3121c397d5c0\logs\Layer05Node05-6592.stderr.log
2026-06-03T18:33:39.4426496+00:00	WorkerEvent	BridgeL05L06	Closed; ExitCode=0; 
2026-06-03T18:33:39.4431885+00:00	WorkerProcessExited	BridgeL05L06	ExitCode=0; worker process exited
2026-06-03T18:33:39.4441246+00:00	WorkerDeferred	BridgeL05L06	ResumeTaskId=BridgeL05L06.bridge-l05-l06-collect
2026-06-03T18:33:39.4445989+00:00	WorkerEvent	BridgeL03L04.bridge-l03-l04-north	TaskSucceeded; ExitCode=0; 
2026-06-03T18:33:39.4485414+00:00	TaskSucceeded	BridgeL03L04.bridge-l03-l04-north	0
2026-06-03T18:33:39.4496420+00:00	WorkerResuming	Layer05Node01	ResumeTaskId=Layer05Node01.select-l05-n01; Executable=meta-pipeline
2026-06-03T18:33:39.6232065+00:00	WorkerStarted	Layer05Node01	27704
2026-06-03T18:33:39.6239190+00:00	WorkerControlPipe	Layer05Node01	meta-orchestration-78f9ead830b749468177edfba0f4319a
2026-06-03T18:33:39.6244350+00:00	WorkerLog	Layer05Node01	stdout=C:\Users\jimmy\Desktop\meta-bi\Samples\Demos\MetaOrchestrationHairballCliIntegration\Runs\hairball-seed-20260530\RunArtifacts\runs\20260603-183303_2d830a7422d34edfb67c3121c397d5c0\logs\Layer05Node01-27704.stdout.log; stderr=C:\Users\jimmy\Desktop\meta-bi\Samples\Demos\MetaOrchestrationHairballCliIntegration\Runs\hairball-seed-20260530\RunArtifacts\runs\20260603-183303_2d830a7422d34edfb67c3121c397d5c0\logs\Layer05Node01-27704.stderr.log
2026-06-03T18:33:39.6252319+00:00	WorkerEvent	Layer05Node05	WorkerOnline; ExitCode=0; online
2026-06-03T18:33:39.6263521+00:00	WorkerEvent	BridgeL03L04.bridge-l03-l04-south	TaskReady; ExitCode=0; 
2026-06-03T18:33:39.6363631+00:00	WorkerEvent	Layer05Node05	WorkerReady; ExitCode=0; ready
2026-06-03T18:33:39.6372480+00:00	StartPipeline	Layer05Node05	Layer05Node05
2026-06-03T18:33:39.6411395+00:00	WorkerEvent	Layer06Node01	PipelineStarted; ExitCode=0; pipeline started
2026-06-03T18:33:39.6424389+00:00	WorkerEvent	Layer06Node07	PipelineStarted; ExitCode=0; pipeline started
2026-06-03T18:33:39.6470536+00:00	WorkerEvent	Layer06Node01.select-l06-n01	TaskReady; ExitCode=0; 
2026-06-03T18:33:39.6549986+00:00	GrantTask	BridgeL03L04.bridge-l03-l04-south	BridgeL03L04.bridge-l03-l04-south; GrantId=grant-76; Attempt=1
2026-06-03T18:33:39.6568084+00:00	GrantTask	Layer06Node01.select-l06-n01	Layer06Node01.select-l06-n01; GrantId=grant-77; Attempt=1
2026-06-03T18:33:39.6621109+00:00	WorkerResuming	BridgeL05L06	ResumeTaskId=BridgeL05L06.bridge-l05-l06-collect; Executable=meta-pipeline
2026-06-03T18:33:39.8698527+00:00	WorkerStarted	BridgeL05L06	4036
2026-06-03T18:33:39.8705862+00:00	WorkerControlPipe	BridgeL05L06	meta-orchestration-97020619c03f4db399b5707d896afb40
2026-06-03T18:33:39.8710121+00:00	WorkerLog	BridgeL05L06	stdout=C:\Users\jimmy\Desktop\meta-bi\Samples\Demos\MetaOrchestrationHairballCliIntegration\Runs\hairball-seed-20260530\RunArtifacts\runs\20260603-183303_2d830a7422d34edfb67c3121c397d5c0\logs\BridgeL05L06-4036.stdout.log; stderr=C:\Users\jimmy\Desktop\meta-bi\Samples\Demos\MetaOrchestrationHairballCliIntegration\Runs\hairball-seed-20260530\RunArtifacts\runs\20260603-183303_2d830a7422d34edfb67c3121c397d5c0\logs\BridgeL05L06-4036.stderr.log
2026-06-03T18:33:39.8715085+00:00	WorkerEvent	Layer05Node01	WorkerOnline; ExitCode=0; online
2026-06-03T18:33:39.8724552+00:00	WorkerEvent	BridgeL03L04.bridge-l03-l04-south	GrantAccepted; ExitCode=0; 
2026-06-03T18:33:39.8733747+00:00	WorkerEvent	Layer05Node01	WorkerReady; ExitCode=0; ready
2026-06-03T18:33:39.8804191+00:00	StartPipeline	Layer05Node01	Layer05Node01
2026-06-03T18:33:39.8813956+00:00	WorkerEvent	BridgeL03L04.bridge-l03-l04-south	TaskStarted; ExitCode=0; 
2026-06-03T18:33:39.8822414+00:00	WorkerEvent	Layer06Node10	PipelineStarted; ExitCode=0; pipeline started
2026-06-03T18:33:39.8831406+00:00	WorkerEvent	Layer06Node01.select-l06-n01	GrantAccepted; ExitCode=0; 
2026-06-03T18:33:39.8839573+00:00	WorkerEvent	Layer06Node07.export-l06-n07	TaskReady; ExitCode=0; 
2026-06-03T18:33:39.8960930+00:00	GrantTask	Layer06Node07.export-l06-n07	Layer06Node07.export-l06-n07; GrantId=grant-78; Attempt=1
2026-06-03T18:33:39.9003272+00:00	WorkerEvent	Layer06Node10.refresh-l06-n10	TaskReady; ExitCode=0; 
2026-06-03T18:33:39.9013135+00:00	WorkerEvent	Layer06Node01.select-l06-n01	TaskStarted; ExitCode=0; 
2026-06-03T18:33:39.9147415+00:00	GrantTask	Layer06Node10.refresh-l06-n10	Layer06Node10.refresh-l06-n10; GrantId=grant-79; Attempt=1
2026-06-03T18:33:39.9157941+00:00	WorkerEvent	BridgeL05L06	WorkerOnline; ExitCode=0; online
2026-06-03T18:33:39.9166828+00:00	WorkerEvent	Layer06Node10.refresh-l06-n10	GrantAccepted; ExitCode=0; 
2026-06-03T18:33:39.9185692+00:00	WorkerEvent	Layer06Node07.export-l06-n07	GrantAccepted; ExitCode=0; 
2026-06-03T18:33:39.9215942+00:00	WorkerEvent	Layer06Node10.refresh-l06-n10	TaskStarted; ExitCode=0; 
2026-06-03T18:33:39.9235070+00:00	WorkerEvent	Layer06Node07.export-l06-n07	TaskStarted; ExitCode=0; 
2026-06-03T18:33:39.9373732+00:00	WorkerEvent	BridgeL05L06	WorkerReady; ExitCode=0; ready
2026-06-03T18:33:39.9447295+00:00	StartPipeline	BridgeL05L06	BridgeL05L06
2026-06-03T18:33:39.9670606+00:00	WorkerEvent	Layer05Node04	PipelineStarted; ExitCode=0; pipeline started
2026-06-03T18:33:39.9716198+00:00	WorkerEvent	Layer05Node04.select-l05-n04	TaskReady; ExitCode=0; 
2026-06-03T18:33:39.9762530+00:00	GrantTask	Layer05Node04.select-l05-n04	Layer05Node04.select-l05-n04; GrantId=grant-80; Attempt=1
2026-06-03T18:33:39.9794524+00:00	WorkerEvent	Layer05Node04.select-l05-n04	GrantAccepted; ExitCode=0; 
2026-06-03T18:33:39.9844190+00:00	WorkerEvent	Layer05Node04.select-l05-n04	TaskStarted; ExitCode=0; 
2026-06-03T18:33:40.3123135+00:00	WorkerEvent	BridgeL03L04.bridge-l03-l04-south	TaskSucceeded; ExitCode=0; 
2026-06-03T18:33:40.3132866+00:00	TaskSucceeded	BridgeL03L04.bridge-l03-l04-south	0
2026-06-03T18:33:40.3632340+00:00	WorkerEvent	AuditHairball	PipelineStarted; ExitCode=0; pipeline started
2026-06-03T18:33:40.3650382+00:00	WorkerEvent	AuditHairball.audit-hairball	TaskReady; ExitCode=0; 
2026-06-03T18:33:40.3665403+00:00	WorkerDeferredForCapacity	AuditHairball	Deferred by orchestration to honor max active worker process capacity.
2026-06-03T18:33:40.3669896+00:00	StopPipeline	AuditHairball	Deferred by orchestration to honor max active worker process capacity.
2026-06-03T18:33:40.4072512+00:00	WorkerEvent	AuditHairball	Closed; ExitCode=0; 
2026-06-03T18:33:40.4078702+00:00	WorkerProcessExited	AuditHairball	ExitCode=0; worker process exited
2026-06-03T18:33:40.4088857+00:00	WorkerDeferred	AuditHairball	ResumeTaskId=AuditHairball.audit-hairball
2026-06-03T18:33:40.4104430+00:00	WorkerStarting	Layer06Node05	meta-pipeline
2026-06-03T18:33:40.7162002+00:00	WorkerStarted	Layer06Node05	13172
2026-06-03T18:33:40.7170085+00:00	WorkerControlPipe	Layer06Node05	meta-orchestration-93d6cfdcbe5849029e1788f23abff5db
2026-06-03T18:33:40.7189338+00:00	WorkerLog	Layer06Node05	stdout=C:\Users\jimmy\Desktop\meta-bi\Samples\Demos\MetaOrchestrationHairballCliIntegration\Runs\hairball-seed-20260530\RunArtifacts\runs\20260603-183303_2d830a7422d34edfb67c3121c397d5c0\logs\Layer06Node05-13172.stdout.log; stderr=C:\Users\jimmy\Desktop\meta-bi\Samples\Demos\MetaOrchestrationHairballCliIntegration\Runs\hairball-seed-20260530\RunArtifacts\runs\20260603-183303_2d830a7422d34edfb67c3121c397d5c0\logs\Layer06Node05-13172.stderr.log
2026-06-03T18:33:40.7195065+00:00	WorkerEvent	Layer08Node06	PipelineStarted; ExitCode=0; pipeline started
2026-06-03T18:33:40.7205677+00:00	WorkerEvent	BridgeL03L04	Closed; ExitCode=0; 
2026-06-03T18:33:40.7210311+00:00	WorkerProcessExited	BridgeL03L04	ExitCode=0; worker process exited
2026-06-03T18:33:40.7219321+00:00	PipelineCompleted	BridgeL03L04	
2026-06-03T18:33:40.7223625+00:00	WorkerEvent	Layer08Node06.select-l08-n06	TaskReady; ExitCode=0; 
2026-06-03T18:33:40.7232481+00:00	WorkerEvent	Layer07Node08.export-l07-n08	TaskSucceeded; ExitCode=0; 
2026-06-03T18:33:40.7293454+00:00	TaskSucceeded	Layer07Node08.export-l07-n08	0
2026-06-03T18:33:40.7315196+00:00	WorkerProcessExited	Layer07Node08	ExitCode=0; worker process exited
2026-06-03T18:33:40.7327024+00:00	PipelineCompleted	Layer07Node08	
2026-06-03T18:33:40.7397812+00:00	GrantTask	Layer08Node06.select-l08-n06	Layer08Node06.select-l08-n06; GrantId=grant-81; Attempt=1
2026-06-03T18:33:40.7404288+00:00	WorkerResuming	AuditHairball	ResumeTaskId=AuditHairball.audit-hairball; Executable=meta-pipeline
2026-06-03T18:33:40.9637012+00:00	WorkerStarted	AuditHairball	23900
2026-06-03T18:33:40.9642097+00:00	WorkerControlPipe	AuditHairball	meta-orchestration-edf531c9564a461a9b695f83cc761870
2026-06-03T18:33:40.9645759+00:00	WorkerLog	AuditHairball	stdout=C:\Users\jimmy\Desktop\meta-bi\Samples\Demos\MetaOrchestrationHairballCliIntegration\Runs\hairball-seed-20260530\RunArtifacts\runs\20260603-183303_2d830a7422d34edfb67c3121c397d5c0\logs\AuditHairball-23900.stdout.log; stderr=C:\Users\jimmy\Desktop\meta-bi\Samples\Demos\MetaOrchestrationHairballCliIntegration\Runs\hairball-seed-20260530\RunArtifacts\runs\20260603-183303_2d830a7422d34edfb67c3121c397d5c0\logs\AuditHairball-23900.stderr.log
2026-06-03T18:33:40.9650542+00:00	WorkerEvent	Layer05Node05	PipelineStarted; ExitCode=0; pipeline started
2026-06-03T18:33:40.9657748+00:00	WorkerEvent	Layer08Node06.select-l08-n06	GrantAccepted; ExitCode=0; 
2026-06-03T18:33:40.9676152+00:00	WorkerEvent	Layer06Node05	WorkerOnline; ExitCode=0; online
2026-06-03T18:33:40.9683362+00:00	WorkerEvent	Layer05Node05.refresh-l05-n05	TaskReady; ExitCode=0; 
2026-06-03T18:33:40.9690036+00:00	WorkerEvent	Layer08Node06.select-l08-n06	TaskStarted; ExitCode=0; 
2026-06-03T18:33:40.9721611+00:00	WorkerEvent	Layer06Node05	WorkerReady; ExitCode=0; ready
2026-06-03T18:33:40.9943590+00:00	StartPipeline	Layer06Node05	Layer06Node05
2026-06-03T18:33:40.9952844+00:00	WorkerEvent	Layer05Node04.select-l05-n04	TaskSucceeded; ExitCode=0; 
2026-06-03T18:33:40.9961834+00:00	TaskSucceeded	Layer05Node04.select-l05-n04	0
2026-06-03T18:33:40.9966697+00:00	WorkerEvent	Layer06Node10.refresh-l06-n10	TaskSucceeded; ExitCode=0; 
2026-06-03T18:33:40.9974294+00:00	TaskSucceeded	Layer06Node10.refresh-l06-n10	0
2026-06-03T18:33:40.9978433+00:00	WorkerEvent	Layer06Node01.select-l06-n01	TaskSucceeded; ExitCode=0; 
2026-06-03T18:33:40.9986469+00:00	TaskSucceeded	Layer06Node01.select-l06-n01	0
2026-06-03T18:33:40.9990711+00:00	WorkerProcessExited	Layer06Node10	ExitCode=0; worker process exited
2026-06-03T18:33:40.9998145+00:00	PipelineCompleted	Layer06Node10	
2026-06-03T18:33:41.0003366+00:00	WorkerProcessExited	Layer06Node01	ExitCode=0; worker process exited
2026-06-03T18:33:41.0012201+00:00	PipelineCompleted	Layer06Node01	
2026-06-03T18:33:41.0016832+00:00	WorkerProcessExited	Layer05Node04	ExitCode=0; worker process exited
2026-06-03T18:33:41.0024687+00:00	PipelineCompleted	Layer05Node04	
2026-06-03T18:33:41.0078780+00:00	WorkerEvent	AuditHairball	WorkerOnline; ExitCode=0; online
2026-06-03T18:33:41.0093422+00:00	WorkerEvent	Layer06Node07.export-l06-n07	TaskSucceeded; ExitCode=0; 
2026-06-03T18:33:41.0102278+00:00	TaskSucceeded	Layer06Node07.export-l06-n07	0
2026-06-03T18:33:41.0221386+00:00	WorkerEvent	AuditHairball	WorkerReady; ExitCode=0; ready
2026-06-03T18:33:41.0232095+00:00	StartPipeline	AuditHairball	AuditHairball
2026-06-03T18:33:41.0242444+00:00	WorkerProcessExited	Layer06Node07	ExitCode=0; worker process exited
2026-06-03T18:33:41.0261385+00:00	PipelineCompleted	Layer06Node07	
2026-06-03T18:33:41.0274735+00:00	GrantTask	Layer05Node05.refresh-l05-n05	Layer05Node05.refresh-l05-n05; GrantId=grant-82; Attempt=1
2026-06-03T18:33:41.0279195+00:00	WorkerStarting	Layer05Node08	meta-pipeline
2026-06-03T18:33:41.2840112+00:00	WorkerStarted	Layer05Node08	31364
2026-06-03T18:33:41.2845103+00:00	WorkerControlPipe	Layer05Node08	meta-orchestration-5d56d36cb8244119914b4e7617f9e9bd
2026-06-03T18:33:41.2849673+00:00	WorkerLog	Layer05Node08	stdout=C:\Users\jimmy\Desktop\meta-bi\Samples\Demos\MetaOrchestrationHairballCliIntegration\Runs\hairball-seed-20260530\RunArtifacts\runs\20260603-183303_2d830a7422d34edfb67c3121c397d5c0\logs\Layer05Node08-31364.stdout.log; stderr=C:\Users\jimmy\Desktop\meta-bi\Samples\Demos\MetaOrchestrationHairballCliIntegration\Runs\hairball-seed-20260530\RunArtifacts\runs\20260603-183303_2d830a7422d34edfb67c3121c397d5c0\logs\Layer05Node08-31364.stderr.log
2026-06-03T18:33:41.2854543+00:00	WorkerEvent	CompositeMart	PipelineStarted; ExitCode=0; pipeline started
2026-06-03T18:33:41.2866506+00:00	WorkerEvent	Layer05Node05.refresh-l05-n05	GrantAccepted; ExitCode=0; 
2026-06-03T18:33:41.2876602+00:00	WorkerEvent	CompositeMart.composite-stage	TaskReady; ExitCode=0; 
2026-06-03T18:33:41.2889180+00:00	WorkerEvent	Layer05Node05.refresh-l05-n05	TaskStarted; ExitCode=0; 
2026-06-03T18:33:41.2898661+00:00	WorkerEvent	Layer05Node01	PipelineStarted; ExitCode=0; pipeline started
2026-06-03T18:33:41.2917750+00:00	WorkerStarting	Layer07Node05	meta-pipeline
2026-06-03T18:33:41.4373286+00:00	WorkerStarted	Layer07Node05	30104
2026-06-03T18:33:41.4380559+00:00	WorkerControlPipe	Layer07Node05	meta-orchestration-0a8dbafd6f06497095de8b7b7439455d
2026-06-03T18:33:41.4388695+00:00	WorkerLog	Layer07Node05	stdout=C:\Users\jimmy\Desktop\meta-bi\Samples\Demos\MetaOrchestrationHairballCliIntegration\Runs\hairball-seed-20260530\RunArtifacts\runs\20260603-183303_2d830a7422d34edfb67c3121c397d5c0\logs\Layer07Node05-30104.stdout.log; stderr=C:\Users\jimmy\Desktop\meta-bi\Samples\Demos\MetaOrchestrationHairballCliIntegration\Runs\hairball-seed-20260530\RunArtifacts\runs\20260603-183303_2d830a7422d34edfb67c3121c397d5c0\logs\Layer07Node05-30104.stderr.log
2026-06-03T18:33:41.4394157+00:00	WorkerEvent	BridgeL05L06	PipelineStarted; ExitCode=0; pipeline started
2026-06-03T18:33:41.4402265+00:00	WorkerEvent	Layer05Node01.select-l05-n01	TaskReady; ExitCode=0; 
2026-06-03T18:33:41.4413586+00:00	WorkerEvent	Layer05Node08	WorkerOnline; ExitCode=0; online
2026-06-03T18:33:41.4435161+00:00	WorkerEvent	BridgeL05L06.bridge-l05-l06-collect	TaskReady; ExitCode=0; 
2026-06-03T18:33:41.4443219+00:00	WorkerEvent	Layer05Node08	WorkerReady; ExitCode=0; ready
2026-06-03T18:33:41.4493451+00:00	StartPipeline	Layer05Node08	Layer05Node08
2026-06-03T18:33:41.4525617+00:00	GrantTask	Layer05Node01.select-l05-n01	Layer05Node01.select-l05-n01; GrantId=grant-83; Attempt=1
2026-06-03T18:33:41.4530349+00:00	WorkerResuming	BridgeL07L08	ResumeTaskId=BridgeL07L08.bridge-l07-l08-collect; Executable=meta-pipeline
2026-06-03T18:33:41.6146489+00:00	WorkerStarted	BridgeL07L08	31580
2026-06-03T18:33:41.6154040+00:00	WorkerControlPipe	BridgeL07L08	meta-orchestration-b69d2b28874c4d5d878c076902bfdd05
2026-06-03T18:33:41.6159028+00:00	WorkerLog	BridgeL07L08	stdout=C:\Users\jimmy\Desktop\meta-bi\Samples\Demos\MetaOrchestrationHairballCliIntegration\Runs\hairball-seed-20260530\RunArtifacts\runs\20260603-183303_2d830a7422d34edfb67c3121c397d5c0\logs\BridgeL07L08-31580.stdout.log; stderr=C:\Users\jimmy\Desktop\meta-bi\Samples\Demos\MetaOrchestrationHairballCliIntegration\Runs\hairball-seed-20260530\RunArtifacts\runs\20260603-183303_2d830a7422d34edfb67c3121c397d5c0\logs\BridgeL07L08-31580.stderr.log
2026-06-03T18:33:41.6166882+00:00	WorkerEvent	Layer05Node01.select-l05-n01	GrantAccepted; ExitCode=0; 
2026-06-03T18:33:41.6175987+00:00	WorkerEvent	Layer07Node05	WorkerOnline; ExitCode=0; online
2026-06-03T18:33:41.6209984+00:00	WorkerEvent	Layer05Node01.select-l05-n01	TaskStarted; ExitCode=0; 
2026-06-03T18:33:41.6234658+00:00	WorkerResuming	Layer05Hub	ResumeTaskId=Layer05Hub.hub-l05-stage; Executable=meta-pipeline
2026-06-03T18:33:41.8001269+00:00	WorkerStarted	Layer05Hub	21864
2026-06-03T18:33:41.8006825+00:00	WorkerControlPipe	Layer05Hub	meta-orchestration-e307b498243d47cbbc27bec04c05badb
2026-06-03T18:33:41.8010803+00:00	WorkerLog	Layer05Hub	stdout=C:\Users\jimmy\Desktop\meta-bi\Samples\Demos\MetaOrchestrationHairballCliIntegration\Runs\hairball-seed-20260530\RunArtifacts\runs\20260603-183303_2d830a7422d34edfb67c3121c397d5c0\logs\Layer05Hub-21864.stdout.log; stderr=C:\Users\jimmy\Desktop\meta-bi\Samples\Demos\MetaOrchestrationHairballCliIntegration\Runs\hairball-seed-20260530\RunArtifacts\runs\20260603-183303_2d830a7422d34edfb67c3121c397d5c0\logs\Layer05Hub-21864.stderr.log
2026-06-03T18:33:41.8017468+00:00	WorkerEvent	Layer08Node06.select-l08-n06	TaskSucceeded; ExitCode=0; 
2026-06-03T18:33:41.8025611+00:00	TaskSucceeded	Layer08Node06.select-l08-n06	0
2026-06-03T18:33:41.8029744+00:00	WorkerEvent	BridgeL07L08	WorkerOnline; ExitCode=0; online
2026-06-03T18:33:41.8041503+00:00	WorkerEvent	Layer07Node05	WorkerReady; ExitCode=0; ready
2026-06-03T18:33:41.8051601+00:00	StartPipeline	Layer07Node05	Layer07Node05
2026-06-03T18:33:41.8061064+00:00	WorkerEvent	BridgeL07L08	WorkerReady; ExitCode=0; ready
2026-06-03T18:33:41.8152025+00:00	StartPipeline	BridgeL07L08	BridgeL07L08
2026-06-03T18:33:41.8161018+00:00	WorkerProcessExited	Layer08Node06	ExitCode=0; worker process exited
2026-06-03T18:33:41.8168342+00:00	PipelineCompleted	Layer08Node06	
2026-06-03T18:33:41.8260647+00:00	WorkerStarting	Layer05Node06	meta-pipeline
2026-06-03T18:33:42.0692589+00:00	WorkerStarted	Layer05Node06	504
2026-06-03T18:33:42.0697551+00:00	WorkerControlPipe	Layer05Node06	meta-orchestration-efbd91e2812c452980c4ef278a1c07da
2026-06-03T18:33:42.0701715+00:00	WorkerLog	Layer05Node06	stdout=C:\Users\jimmy\Desktop\meta-bi\Samples\Demos\MetaOrchestrationHairballCliIntegration\Runs\hairball-seed-20260530\RunArtifacts\runs\20260603-183303_2d830a7422d34edfb67c3121c397d5c0\logs\Layer05Node06-504.stdout.log; stderr=C:\Users\jimmy\Desktop\meta-bi\Samples\Demos\MetaOrchestrationHairballCliIntegration\Runs\hairball-seed-20260530\RunArtifacts\runs\20260603-183303_2d830a7422d34edfb67c3121c397d5c0\logs\Layer05Node06-504.stderr.log
2026-06-03T18:33:42.0706439+00:00	WorkerEvent	Layer05Node05.refresh-l05-n05	TaskSucceeded; ExitCode=0; 
2026-06-03T18:33:42.0729955+00:00	TaskSucceeded	Layer05Node05.refresh-l05-n05	0
2026-06-03T18:33:42.0736432+00:00	WorkerEvent	Layer06Node05	PipelineStarted; ExitCode=0; pipeline started
2026-06-03T18:33:42.0751198+00:00	WorkerEvent	AuditHairball	PipelineStarted; ExitCode=0; pipeline started
2026-06-03T18:33:42.0764743+00:00	WorkerEvent	Layer06Node05.export-l06-n05	TaskReady; ExitCode=0; 
2026-06-03T18:33:42.0776704+00:00	WorkerEvent	AuditHairball.audit-hairball	TaskReady; ExitCode=0; 
2026-06-03T18:33:42.0784467+00:00	WorkerEvent	Layer05Hub	WorkerOnline; ExitCode=0; online
2026-06-03T18:33:42.0826440+00:00	WorkerEvent	Layer05Hub	WorkerReady; ExitCode=0; ready
2026-06-03T18:33:42.0892443+00:00	StartPipeline	Layer05Hub	Layer05Hub
2026-06-03T18:33:42.0910053+00:00	WorkerProcessExited	Layer05Node05	ExitCode=0; worker process exited
2026-06-03T18:33:42.0952878+00:00	PipelineCompleted	Layer05Node05	
2026-06-03T18:33:42.0967279+00:00	GrantTask	Layer06Node05.export-l06-n05	Layer06Node05.export-l06-n05; GrantId=grant-84; Attempt=1
2026-06-03T18:33:42.0971793+00:00	WorkerStarting	Layer06Node08	meta-pipeline
2026-06-03T18:33:42.3006826+00:00	WorkerStarted	Layer06Node08	27060
2026-06-03T18:33:42.3016069+00:00	WorkerControlPipe	Layer06Node08	meta-orchestration-f66db595180d4d9b827241cc904e52e1
2026-06-03T18:33:42.3023696+00:00	WorkerLog	Layer06Node08	stdout=C:\Users\jimmy\Desktop\meta-bi\Samples\Demos\MetaOrchestrationHairballCliIntegration\Runs\hairball-seed-20260530\RunArtifacts\runs\20260603-183303_2d830a7422d34edfb67c3121c397d5c0\logs\Layer06Node08-27060.stdout.log; stderr=C:\Users\jimmy\Desktop\meta-bi\Samples\Demos\MetaOrchestrationHairballCliIntegration\Runs\hairball-seed-20260530\RunArtifacts\runs\20260603-183303_2d830a7422d34edfb67c3121c397d5c0\logs\Layer06Node08-27060.stderr.log
2026-06-03T18:33:42.3034574+00:00	WorkerEvent	Layer05Node06	WorkerOnline; ExitCode=0; online
2026-06-03T18:33:42.3045720+00:00	WorkerEvent	Layer06Node05.export-l06-n05	GrantAccepted; ExitCode=0; 
2026-06-03T18:33:42.3105813+00:00	WorkerStarting	Layer06Hub	meta-pipeline
2026-06-03T18:33:42.5476096+00:00	WorkerStarted	Layer06Hub	8444
2026-06-03T18:33:42.5492222+00:00	WorkerControlPipe	Layer06Hub	meta-orchestration-3853c77fa4fc4fefa00b0b91846ab6d8
2026-06-03T18:33:42.5497408+00:00	WorkerLog	Layer06Hub	stdout=C:\Users\jimmy\Desktop\meta-bi\Samples\Demos\MetaOrchestrationHairballCliIntegration\Runs\hairball-seed-20260530\RunArtifacts\runs\20260603-183303_2d830a7422d34edfb67c3121c397d5c0\logs\Layer06Hub-8444.stdout.log; stderr=C:\Users\jimmy\Desktop\meta-bi\Samples\Demos\MetaOrchestrationHairballCliIntegration\Runs\hairball-seed-20260530\RunArtifacts\runs\20260603-183303_2d830a7422d34edfb67c3121c397d5c0\logs\Layer06Hub-8444.stderr.log
2026-06-03T18:33:42.5502663+00:00	WorkerEvent	Layer06Node08	WorkerOnline; ExitCode=0; online
2026-06-03T18:33:42.5511427+00:00	WorkerEvent	Layer05Node01.select-l05-n01	TaskSucceeded; ExitCode=0; 
2026-06-03T18:33:42.5519511+00:00	TaskSucceeded	Layer05Node01.select-l05-n01	0
2026-06-03T18:33:42.5547317+00:00	WorkerEvent	Layer06Node08	WorkerReady; ExitCode=0; ready
2026-06-03T18:33:42.5671171+00:00	StartPipeline	Layer06Node08	Layer06Node08
2026-06-03T18:33:42.5685758+00:00	WorkerEvent	Layer05Node06	WorkerReady; ExitCode=0; ready
2026-06-03T18:33:42.5702141+00:00	StartPipeline	Layer05Node06	Layer05Node06
2026-06-03T18:33:42.5713189+00:00	WorkerEvent	Layer06Node05.export-l06-n05	TaskStarted; ExitCode=0; 
2026-06-03T18:33:42.5853325+00:00	WorkerEvent	Layer05Node08	PipelineStarted; ExitCode=0; pipeline started
2026-06-03T18:33:42.5897150+00:00	WorkerProcessExited	Layer05Node01	ExitCode=0; worker process exited
2026-06-03T18:33:42.5911849+00:00	PipelineCompleted	Layer05Node01	
2026-06-03T18:33:42.5996890+00:00	WorkerEvent	Layer06Hub	WorkerOnline; ExitCode=0; online
2026-06-03T18:33:42.6008036+00:00	WorkerEvent	Layer05Node08.refresh-l05-n08	TaskReady; ExitCode=0; 
2026-06-03T18:33:42.6029888+00:00	GrantTask	Layer05Node08.refresh-l05-n08	Layer05Node08.refresh-l05-n08; GrantId=grant-85; Attempt=1
2026-06-03T18:33:42.6149719+00:00	WorkerStarting	Layer07Hub	meta-pipeline
2026-06-03T18:33:42.8202316+00:00	WorkerStarted	Layer07Hub	2412
2026-06-03T18:33:42.8208762+00:00	WorkerControlPipe	Layer07Hub	meta-orchestration-c04b51b1e4a840cab6ed95dca3bf65b7
2026-06-03T18:33:42.8213482+00:00	WorkerLog	Layer07Hub	stdout=C:\Users\jimmy\Desktop\meta-bi\Samples\Demos\MetaOrchestrationHairballCliIntegration\Runs\hairball-seed-20260530\RunArtifacts\runs\20260603-183303_2d830a7422d34edfb67c3121c397d5c0\logs\Layer07Hub-2412.stdout.log; stderr=C:\Users\jimmy\Desktop\meta-bi\Samples\Demos\MetaOrchestrationHairballCliIntegration\Runs\hairball-seed-20260530\RunArtifacts\runs\20260603-183303_2d830a7422d34edfb67c3121c397d5c0\logs\Layer07Hub-2412.stderr.log
2026-06-03T18:33:42.8219667+00:00	WorkerEvent	Layer06Hub	WorkerReady; ExitCode=0; ready
2026-06-03T18:33:42.8370777+00:00	StartPipeline	Layer06Hub	Layer06Hub
2026-06-03T18:33:42.8380254+00:00	WorkerEvent	Layer05Node08.refresh-l05-n08	GrantAccepted; ExitCode=0; 
2026-06-03T18:33:42.8429241+00:00	WorkerEvent	Layer05Node08.refresh-l05-n08	TaskStarted; ExitCode=0; 
2026-06-03T18:33:42.8540328+00:00	WorkerEvent	Layer07Hub	WorkerOnline; ExitCode=0; online
2026-06-03T18:33:42.8620600+00:00	WorkerEvent	Layer07Hub	WorkerReady; ExitCode=0; ready
2026-06-03T18:33:42.8681161+00:00	StartPipeline	Layer07Hub	Layer07Hub
2026-06-03T18:33:43.0038055+00:00	WorkerEvent	Layer07Node05	PipelineStarted; ExitCode=0; pipeline started
2026-06-03T18:33:43.0120864+00:00	WorkerEvent	Layer07Node05.select-l07-n05	TaskReady; ExitCode=0; 
2026-06-03T18:33:43.0156069+00:00	GrantTask	Layer07Node05.select-l07-n05	Layer07Node05.select-l07-n05; GrantId=grant-86; Attempt=1
2026-06-03T18:33:43.0178102+00:00	WorkerEvent	Layer07Node05.select-l07-n05	GrantAccepted; ExitCode=0; 
2026-06-03T18:33:43.0199701+00:00	WorkerEvent	Layer07Node05.select-l07-n05	TaskStarted; ExitCode=0; 
2026-06-03T18:33:43.2009616+00:00	WorkerEvent	Layer06Node05.export-l06-n05	TaskSucceeded; ExitCode=0; 
2026-06-03T18:33:43.2025221+00:00	TaskSucceeded	Layer06Node05.export-l06-n05	0
2026-06-03T18:33:43.2420679+00:00	WorkerEvent	Layer06Node05	Closed; ExitCode=0; 
2026-06-03T18:33:43.2426658+00:00	WorkerProcessExited	Layer06Node05	ExitCode=0; worker process exited
2026-06-03T18:33:43.2439397+00:00	PipelineCompleted	Layer06Node05	
2026-06-03T18:33:43.2456832+00:00	WorkerStarting	Layer07Node01	meta-pipeline
2026-06-03T18:33:43.4408494+00:00	WorkerStarted	Layer07Node01	17140
2026-06-03T18:33:43.4413835+00:00	WorkerControlPipe	Layer07Node01	meta-orchestration-411c5e8514ac4e50a2c142cc39e2c51e
2026-06-03T18:33:43.4417825+00:00	WorkerLog	Layer07Node01	stdout=C:\Users\jimmy\Desktop\meta-bi\Samples\Demos\MetaOrchestrationHairballCliIntegration\Runs\hairball-seed-20260530\RunArtifacts\runs\20260603-183303_2d830a7422d34edfb67c3121c397d5c0\logs\Layer07Node01-17140.stdout.log; stderr=C:\Users\jimmy\Desktop\meta-bi\Samples\Demos\MetaOrchestrationHairballCliIntegration\Runs\hairball-seed-20260530\RunArtifacts\runs\20260603-183303_2d830a7422d34edfb67c3121c397d5c0\logs\Layer07Node01-17140.stderr.log
2026-06-03T18:33:43.4422405+00:00	WorkerEvent	BridgeL07L08	PipelineStarted; ExitCode=0; pipeline started
2026-06-03T18:33:43.4444726+00:00	WorkerEvent	BridgeL07L08.bridge-l07-l08-collect	TaskReady; ExitCode=0; 
2026-06-03T18:33:43.4473851+00:00	GrantTask	BridgeL07L08.bridge-l07-l08-collect	BridgeL07L08.bridge-l07-l08-collect; GrantId=grant-87; Attempt=1
2026-06-03T18:33:43.4490688+00:00	WorkerEvent	BridgeL07L08.bridge-l07-l08-collect	GrantAccepted; ExitCode=0; 
2026-06-03T18:33:43.4511983+00:00	WorkerEvent	BridgeL07L08.bridge-l07-l08-collect	TaskStarted; ExitCode=0; 
2026-06-03T18:33:43.4945600+00:00	WorkerEvent	Layer07Node01	WorkerOnline; ExitCode=0; online
2026-06-03T18:33:43.4982507+00:00	WorkerEvent	Layer07Node01	WorkerReady; ExitCode=0; ready
2026-06-03T18:33:43.5026508+00:00	StartPipeline	Layer07Node01	Layer07Node01
2026-06-03T18:33:43.5464656+00:00	WorkerEvent	Layer05Node08.refresh-l05-n08	TaskSucceeded; ExitCode=0; 
2026-06-03T18:33:43.5481708+00:00	TaskSucceeded	Layer05Node08.refresh-l05-n08	0
2026-06-03T18:33:43.5771858+00:00	WorkerEvent	Layer05Node08	Closed; ExitCode=0; 
2026-06-03T18:33:43.5777123+00:00	WorkerProcessExited	Layer05Node08	ExitCode=0; worker process exited
2026-06-03T18:33:43.5785447+00:00	PipelineCompleted	Layer05Node08	
2026-06-03T18:33:43.5806494+00:00	WorkerStarting	Layer07Node03	meta-pipeline
2026-06-03T18:33:43.7869303+00:00	WorkerStarted	Layer07Node03	19256
2026-06-03T18:33:43.7874827+00:00	WorkerControlPipe	Layer07Node03	meta-orchestration-7985800bc6db4f2184ec0b5d69622307
2026-06-03T18:33:43.7879080+00:00	WorkerLog	Layer07Node03	stdout=C:\Users\jimmy\Desktop\meta-bi\Samples\Demos\MetaOrchestrationHairballCliIntegration\Runs\hairball-seed-20260530\RunArtifacts\runs\20260603-183303_2d830a7422d34edfb67c3121c397d5c0\logs\Layer07Node03-19256.stdout.log; stderr=C:\Users\jimmy\Desktop\meta-bi\Samples\Demos\MetaOrchestrationHairballCliIntegration\Runs\hairball-seed-20260530\RunArtifacts\runs\20260603-183303_2d830a7422d34edfb67c3121c397d5c0\logs\Layer07Node03-19256.stderr.log
2026-06-03T18:33:43.7883878+00:00	WorkerEvent	Layer06Node08	PipelineStarted; ExitCode=0; pipeline started
2026-06-03T18:33:43.7903930+00:00	WorkerEvent	Layer05Node06	PipelineStarted; ExitCode=0; pipeline started
2026-06-03T18:33:43.7914354+00:00	WorkerEvent	Layer05Hub	PipelineStarted; ExitCode=0; pipeline started
2026-06-03T18:33:43.7945202+00:00	WorkerEvent	Layer06Node08.export-l06-n08	TaskReady; ExitCode=0; 
2026-06-03T18:33:43.7974035+00:00	GrantTask	Layer06Node08.export-l06-n08	Layer06Node08.export-l06-n08; GrantId=grant-88; Attempt=1
2026-06-03T18:33:43.7979551+00:00	WorkerEvent	Layer05Node06.export-l05-n06	TaskReady; ExitCode=0; 
2026-06-03T18:33:43.7989689+00:00	WorkerEvent	Layer05Hub.hub-l05-stage	TaskReady; ExitCode=0; 
2026-06-03T18:33:43.8016612+00:00	GrantTask	Layer05Node06.export-l05-n06	Layer05Node06.export-l05-n06; GrantId=grant-89; Attempt=1
2026-06-03T18:33:43.8030608+00:00	WorkerEvent	Layer06Node08.export-l06-n08	GrantAccepted; ExitCode=0; 
2026-06-03T18:33:43.8051643+00:00	WorkerEvent	Layer05Node06.export-l05-n06	GrantAccepted; ExitCode=0; 
2026-06-03T18:33:43.8097940+00:00	WorkerEvent	Layer06Node08.export-l06-n08	TaskStarted; ExitCode=0; 
2026-06-03T18:33:43.8119868+00:00	WorkerEvent	Layer05Node06.export-l05-n06	TaskStarted; ExitCode=0; 
2026-06-03T18:33:43.8152818+00:00	WorkerEvent	Layer07Node05.select-l07-n05	TaskSucceeded; ExitCode=0; 
2026-06-03T18:33:43.8166147+00:00	TaskSucceeded	Layer07Node05.select-l07-n05	0
2026-06-03T18:33:43.8216964+00:00	WorkerEvent	Layer07Node03	WorkerOnline; ExitCode=0; online
2026-06-03T18:33:43.8301030+00:00	WorkerEvent	Layer07Node03	WorkerReady; ExitCode=0; ready
2026-06-03T18:33:43.8317818+00:00	StartPipeline	Layer07Node03	Layer07Node03
2026-06-03T18:33:43.8936123+00:00	WorkerEvent	Layer07Node05	Closed; ExitCode=0; 
2026-06-03T18:33:43.8942517+00:00	WorkerProcessExited	Layer07Node05	ExitCode=0; worker process exited
2026-06-03T18:33:43.8951202+00:00	PipelineCompleted	Layer07Node05	
2026-06-03T18:33:43.8968740+00:00	WorkerStarting	Layer07Node06	meta-pipeline
2026-06-03T18:33:44.1652334+00:00	WorkerStarted	Layer07Node06	31200
2026-06-03T18:33:44.1660948+00:00	WorkerControlPipe	Layer07Node06	meta-orchestration-74f8a55af1cb4a81a9b2022c92addefd
2026-06-03T18:33:44.1673053+00:00	WorkerLog	Layer07Node06	stdout=C:\Users\jimmy\Desktop\meta-bi\Samples\Demos\MetaOrchestrationHairballCliIntegration\Runs\hairball-seed-20260530\RunArtifacts\runs\20260603-183303_2d830a7422d34edfb67c3121c397d5c0\logs\Layer07Node06-31200.stdout.log; stderr=C:\Users\jimmy\Desktop\meta-bi\Samples\Demos\MetaOrchestrationHairballCliIntegration\Runs\hairball-seed-20260530\RunArtifacts\runs\20260603-183303_2d830a7422d34edfb67c3121c397d5c0\logs\Layer07Node06-31200.stderr.log
2026-06-03T18:33:44.2474895+00:00	WorkerEvent	Layer07Node06	WorkerOnline; ExitCode=0; online
2026-06-03T18:33:44.2498084+00:00	WorkerEvent	Layer07Node06	WorkerReady; ExitCode=0; ready
2026-06-03T18:33:44.3327618+00:00	StartPipeline	Layer07Node06	Layer07Node06
2026-06-03T18:33:44.4420811+00:00	WorkerEvent	Layer07Hub	PipelineStarted; ExitCode=0; pipeline started
2026-06-03T18:33:44.4444837+00:00	WorkerEvent	Layer06Hub	PipelineStarted; ExitCode=0; pipeline started
2026-06-03T18:33:44.4479915+00:00	WorkerEvent	Layer07Hub.hub-l07-stage	TaskReady; ExitCode=0; 
2026-06-03T18:33:44.4503727+00:00	WorkerEvent	Layer06Hub.hub-l06-stage	TaskReady; ExitCode=0; 
2026-06-03T18:33:44.6112428+00:00	WorkerEvent	BridgeL07L08.bridge-l07-l08-collect	TaskSucceeded; ExitCode=0; 
2026-06-03T18:33:44.6123319+00:00	TaskSucceeded	BridgeL07L08.bridge-l07-l08-collect	0
2026-06-03T18:33:44.6144409+00:00	WorkerEvent	BridgeL07L08.bridge-l07-l08-north	TaskReady; ExitCode=0; 
2026-06-03T18:33:44.9335944+00:00	WorkerEvent	Layer05Node06.export-l05-n06	TaskSucceeded; ExitCode=0; 
2026-06-03T18:33:44.9349035+00:00	TaskSucceeded	Layer05Node06.export-l05-n06	0
2026-06-03T18:33:44.9387544+00:00	GrantTask	Layer05Hub.hub-l05-stage	Layer05Hub.hub-l05-stage; GrantId=grant-90; Attempt=1
2026-06-03T18:33:44.9410321+00:00	WorkerEvent	Layer05Hub.hub-l05-stage	GrantAccepted; ExitCode=0; 
2026-06-03T18:33:44.9436042+00:00	WorkerEvent	Layer05Hub.hub-l05-stage	TaskStarted; ExitCode=0; 
2026-06-03T18:33:44.9814444+00:00	WorkerEvent	Layer07Node01	PipelineStarted; ExitCode=0; pipeline started
2026-06-03T18:33:44.9948912+00:00	WorkerEvent	Layer05Node06	Closed; ExitCode=0; 
2026-06-03T18:33:44.9954695+00:00	WorkerProcessExited	Layer05Node06	ExitCode=0; worker process exited
2026-06-03T18:33:45.0006560+00:00	PipelineCompleted	Layer05Node06	
2026-06-03T18:33:45.0027170+00:00	WorkerEvent	Layer07Node01.select-l07-n01	TaskReady; ExitCode=0; 
2026-06-03T18:33:45.0134374+00:00	GrantTask	Layer07Node01.select-l07-n01	Layer07Node01.select-l07-n01; GrantId=grant-91; Attempt=1
2026-06-03T18:33:45.0149944+00:00	WorkerStarting	Layer08Hub	meta-pipeline
2026-06-03T18:33:45.2618220+00:00	WorkerStarted	Layer08Hub	8104
2026-06-03T18:33:45.2627890+00:00	WorkerControlPipe	Layer08Hub	meta-orchestration-227b4f977c2e4433b2bc498101f12400
2026-06-03T18:33:45.2636828+00:00	WorkerLog	Layer08Hub	stdout=C:\Users\jimmy\Desktop\meta-bi\Samples\Demos\MetaOrchestrationHairballCliIntegration\Runs\hairball-seed-20260530\RunArtifacts\runs\20260603-183303_2d830a7422d34edfb67c3121c397d5c0\logs\Layer08Hub-8104.stdout.log; stderr=C:\Users\jimmy\Desktop\meta-bi\Samples\Demos\MetaOrchestrationHairballCliIntegration\Runs\hairball-seed-20260530\RunArtifacts\runs\20260603-183303_2d830a7422d34edfb67c3121c397d5c0\logs\Layer08Hub-8104.stderr.log
2026-06-03T18:33:45.2642908+00:00	WorkerEvent	Layer06Node08.export-l06-n08	TaskSucceeded; ExitCode=0; 
2026-06-03T18:33:45.2652886+00:00	TaskSucceeded	Layer06Node08.export-l06-n08	0
2026-06-03T18:33:45.2659449+00:00	WorkerEvent	Layer07Node01.select-l07-n01	GrantAccepted; ExitCode=0; 
2026-06-03T18:33:45.2671149+00:00	WorkerProcessExited	Layer06Node08	ExitCode=0; worker process exited
2026-06-03T18:33:45.2687649+00:00	PipelineCompleted	Layer06Node08	
2026-06-03T18:33:45.2694444+00:00	WorkerEvent	Layer07Node01.select-l07-n01	TaskStarted; ExitCode=0; 
2026-06-03T18:33:45.2705459+00:00	WorkerEvent	Layer07Node03	PipelineStarted; ExitCode=0; pipeline started
2026-06-03T18:33:45.2772506+00:00	GrantTask	Layer06Hub.hub-l06-stage	Layer06Hub.hub-l06-stage; GrantId=grant-92; Attempt=1
2026-06-03T18:33:45.2781868+00:00	WorkerStarting	Layer08Node01	meta-pipeline
2026-06-03T18:33:45.5528836+00:00	WorkerStarted	Layer08Node01	25492
2026-06-03T18:33:45.5536132+00:00	WorkerControlPipe	Layer08Node01	meta-orchestration-44b1b22445b5412b9cef74ca80bd109c
2026-06-03T18:33:45.5542175+00:00	WorkerLog	Layer08Node01	stdout=C:\Users\jimmy\Desktop\meta-bi\Samples\Demos\MetaOrchestrationHairballCliIntegration\Runs\hairball-seed-20260530\RunArtifacts\runs\20260603-183303_2d830a7422d34edfb67c3121c397d5c0\logs\Layer08Node01-25492.stdout.log; stderr=C:\Users\jimmy\Desktop\meta-bi\Samples\Demos\MetaOrchestrationHairballCliIntegration\Runs\hairball-seed-20260530\RunArtifacts\runs\20260603-183303_2d830a7422d34edfb67c3121c397d5c0\logs\Layer08Node01-25492.stderr.log
2026-06-03T18:33:45.5554958+00:00	WorkerEvent	Layer08Hub	WorkerOnline; ExitCode=0; online
2026-06-03T18:33:45.5579617+00:00	WorkerEvent	Layer06Hub.hub-l06-stage	GrantAccepted; ExitCode=0; 
2026-06-03T18:33:45.5593443+00:00	WorkerEvent	Layer07Node03.refresh-l07-n03	TaskReady; ExitCode=0; 
2026-06-03T18:33:45.5620580+00:00	WorkerEvent	Layer08Hub	WorkerReady; ExitCode=0; ready
2026-06-03T18:33:45.5669686+00:00	StartPipeline	Layer08Hub	Layer08Hub
2026-06-03T18:33:45.5679609+00:00	WorkerEvent	Layer06Hub.hub-l06-stage	TaskStarted; ExitCode=0; 
2026-06-03T18:33:45.5975214+00:00	WorkerEvent	Layer08Node01	WorkerOnline; ExitCode=0; online
2026-06-03T18:33:45.6002416+00:00	WorkerEvent	Layer08Node01	WorkerReady; ExitCode=0; ready
2026-06-03T18:33:45.6317916+00:00	StartPipeline	Layer08Node01	Layer08Node01
2026-06-03T18:33:45.6905403+00:00	WorkerEvent	Layer07Node06	PipelineStarted; ExitCode=0; pipeline started
2026-06-03T18:33:45.6934505+00:00	WorkerEvent	Layer07Node06.export-l07-n06	TaskReady; ExitCode=0; 
2026-06-03T18:33:45.7861899+00:00	WorkerEvent	Layer05Hub.hub-l05-stage	TaskSucceeded; ExitCode=0; 
2026-06-03T18:33:45.7877538+00:00	TaskSucceeded	Layer05Hub.hub-l05-stage	0
2026-06-03T18:33:45.7930858+00:00	GrantTask	BridgeL05L06.bridge-l05-l06-collect	BridgeL05L06.bridge-l05-l06-collect; GrantId=grant-93; Attempt=1
2026-06-03T18:33:45.7936553+00:00	WorkerEvent	Layer05Hub.hub-l05-curate	TaskReady; ExitCode=0; 
2026-06-03T18:33:45.7947243+00:00	WorkerEvent	BridgeL05L06.bridge-l05-l06-collect	GrantAccepted; ExitCode=0; 
2026-06-03T18:33:45.7975673+00:00	GrantTask	Layer05Hub.hub-l05-curate	Layer05Hub.hub-l05-curate; GrantId=grant-94; Attempt=1
2026-06-03T18:33:45.7986403+00:00	WorkerEvent	BridgeL05L06.bridge-l05-l06-collect	TaskStarted; ExitCode=0; 
2026-06-03T18:33:45.8007955+00:00	WorkerEvent	Layer05Hub.hub-l05-curate	GrantAccepted; ExitCode=0; 
2026-06-03T18:33:45.8031586+00:00	WorkerEvent	Layer05Hub.hub-l05-curate	TaskStarted; ExitCode=0; 
2026-06-03T18:33:45.9369408+00:00	WorkerEvent	Layer05Hub.hub-l05-curate	TaskSucceeded; ExitCode=0; 
2026-06-03T18:33:45.9383700+00:00	TaskSucceeded	Layer05Hub.hub-l05-curate	0
2026-06-03T18:33:45.9406135+00:00	WorkerEvent	Layer05Hub.hub-l05-publish	TaskReady; ExitCode=0; 
2026-06-03T18:33:45.9433065+00:00	GrantTask	Layer05Hub.hub-l05-publish	Layer05Hub.hub-l05-publish; GrantId=grant-95; Attempt=1
2026-06-03T18:33:45.9444096+00:00	WorkerEvent	Layer05Hub.hub-l05-publish	GrantAccepted; ExitCode=0; 
2026-06-03T18:33:45.9467234+00:00	WorkerEvent	Layer05Hub.hub-l05-publish	TaskStarted; ExitCode=0; 
2026-06-03T18:33:46.0191070+00:00	WorkerEvent	Layer07Node01.select-l07-n01	TaskSucceeded; ExitCode=0; 
2026-06-03T18:33:46.0202942+00:00	TaskSucceeded	Layer07Node01.select-l07-n01	0
2026-06-03T18:33:46.0239562+00:00	GrantTask	CompositeMart.composite-stage	CompositeMart.composite-stage; GrantId=grant-96; Attempt=1
2026-06-03T18:33:46.0247653+00:00	GrantTask	Layer07Node06.export-l07-n06	Layer07Node06.export-l07-n06; GrantId=grant-97; Attempt=1
2026-06-03T18:33:46.0263420+00:00	WorkerEvent	CompositeMart.composite-stage	GrantAccepted; ExitCode=0; 
2026-06-03T18:33:46.0281158+00:00	WorkerEvent	CompositeMart.composite-stage	TaskStarted; ExitCode=0; 
2026-06-03T18:33:46.0301361+00:00	WorkerEvent	Layer07Node06.export-l07-n06	GrantAccepted; ExitCode=0; 
2026-06-03T18:33:46.0321061+00:00	WorkerEvent	Layer07Node06.export-l07-n06	TaskStarted; ExitCode=0; 
2026-06-03T18:33:46.0424246+00:00	WorkerEvent	Layer07Node01	Closed; ExitCode=0; 
2026-06-03T18:33:46.0430316+00:00	WorkerProcessExited	Layer07Node01	ExitCode=0; worker process exited
2026-06-03T18:33:46.0439714+00:00	PipelineCompleted	Layer07Node01	
2026-06-03T18:33:46.0454360+00:00	WorkerStarting	Layer08Node02	meta-pipeline
2026-06-03T18:33:46.4488526+00:00	WorkerStarted	Layer08Node02	30668
2026-06-03T18:33:46.4499451+00:00	WorkerControlPipe	Layer08Node02	meta-orchestration-704a0699deb14e0cbdf2e4d4b88acef9
2026-06-03T18:33:46.4504580+00:00	WorkerLog	Layer08Node02	stdout=C:\Users\jimmy\Desktop\meta-bi\Samples\Demos\MetaOrchestrationHairballCliIntegration\Runs\hairball-seed-20260530\RunArtifacts\runs\20260603-183303_2d830a7422d34edfb67c3121c397d5c0\logs\Layer08Node02-30668.stdout.log; stderr=C:\Users\jimmy\Desktop\meta-bi\Samples\Demos\MetaOrchestrationHairballCliIntegration\Runs\hairball-seed-20260530\RunArtifacts\runs\20260603-183303_2d830a7422d34edfb67c3121c397d5c0\logs\Layer08Node02-30668.stderr.log
2026-06-03T18:33:46.4509308+00:00	WorkerEvent	Layer06Hub.hub-l06-stage	TaskSucceeded; ExitCode=0; 
2026-06-03T18:33:46.4521346+00:00	TaskSucceeded	Layer06Hub.hub-l06-stage	0
2026-06-03T18:33:46.4535076+00:00	WorkerEvent	Layer05Hub.hub-l05-publish	TaskSucceeded; ExitCode=0; 
2026-06-03T18:33:46.4554065+00:00	TaskSucceeded	Layer05Hub.hub-l05-publish	0
2026-06-03T18:33:46.4566113+00:00	WorkerEvent	Layer06Hub.hub-l06-curate	TaskReady; ExitCode=0; 
2026-06-03T18:33:46.4576305+00:00	WorkerProcessExited	Layer05Hub	ExitCode=0; worker process exited
2026-06-03T18:33:46.4584929+00:00	PipelineCompleted	Layer05Hub	
2026-06-03T18:33:46.4603139+00:00	GrantTask	Layer06Hub.hub-l06-curate	Layer06Hub.hub-l06-curate; GrantId=grant-98; Attempt=1
2026-06-03T18:33:46.4618734+00:00	GrantTask	Layer07Node03.refresh-l07-n03	Layer07Node03.refresh-l07-n03; GrantId=grant-99; Attempt=1
2026-06-03T18:33:46.4624171+00:00	WorkerStarting	Layer08Node03	meta-pipeline
2026-06-03T18:33:46.5989962+00:00	WorkerStarted	Layer08Node03	24140
2026-06-03T18:33:46.5996773+00:00	WorkerControlPipe	Layer08Node03	meta-orchestration-c92eeb48fbeb411caa04e22ed873ac17
2026-06-03T18:33:46.6004001+00:00	WorkerLog	Layer08Node03	stdout=C:\Users\jimmy\Desktop\meta-bi\Samples\Demos\MetaOrchestrationHairballCliIntegration\Runs\hairball-seed-20260530\RunArtifacts\runs\20260603-183303_2d830a7422d34edfb67c3121c397d5c0\logs\Layer08Node03-24140.stdout.log; stderr=C:\Users\jimmy\Desktop\meta-bi\Samples\Demos\MetaOrchestrationHairballCliIntegration\Runs\hairball-seed-20260530\RunArtifacts\runs\20260603-183303_2d830a7422d34edfb67c3121c397d5c0\logs\Layer08Node03-24140.stderr.log
2026-06-03T18:33:46.6010433+00:00	WorkerEvent	Layer06Hub.hub-l06-curate	GrantAccepted; ExitCode=0; 
2026-06-03T18:33:46.6019448+00:00	WorkerEvent	Layer08Node02	WorkerOnline; ExitCode=0; online
2026-06-03T18:33:46.6027427+00:00	WorkerEvent	Layer07Node03.refresh-l07-n03	GrantAccepted; ExitCode=0; 
2026-06-03T18:33:46.6045910+00:00	WorkerEvent	Layer06Hub.hub-l06-curate	TaskStarted; ExitCode=0; 
2026-06-03T18:33:46.6069334+00:00	WorkerEvent	Layer08Node02	WorkerReady; ExitCode=0; ready
2026-06-03T18:33:46.6129745+00:00	StartPipeline	Layer08Node02	Layer08Node02
2026-06-03T18:33:46.6145023+00:00	WorkerEvent	Layer07Node03.refresh-l07-n03	TaskStarted; ExitCode=0; 
2026-06-03T18:33:46.6349377+00:00	WorkerEvent	Layer08Node03	WorkerOnline; ExitCode=0; online
2026-06-03T18:33:46.6506931+00:00	WorkerEvent	Layer08Node03	WorkerReady; ExitCode=0; ready
2026-06-03T18:33:46.6718727+00:00	StartPipeline	Layer08Node03	Layer08Node03
2026-06-03T18:33:46.7127090+00:00	WorkerEvent	Layer08Node01	PipelineStarted; ExitCode=0; pipeline started
2026-06-03T18:33:46.7237029+00:00	WorkerEvent	Layer08Node01.refresh-l08-n01	TaskReady; ExitCode=0; 
2026-06-03T18:33:46.7264628+00:00	GrantTask	Layer08Node01.refresh-l08-n01	Layer08Node01.refresh-l08-n01; GrantId=grant-100; Attempt=1
2026-06-03T18:33:46.7270833+00:00	WorkerEvent	Layer08Node01.refresh-l08-n01	GrantAccepted; ExitCode=0; 
2026-06-03T18:33:46.7292589+00:00	WorkerEvent	Layer08Node01.refresh-l08-n01	TaskStarted; ExitCode=0; 
2026-06-03T18:33:46.8297520+00:00	WorkerEvent	BridgeL05L06.bridge-l05-l06-collect	TaskSucceeded; ExitCode=0; 
2026-06-03T18:33:46.8355342+00:00	TaskSucceeded	BridgeL05L06.bridge-l05-l06-collect	0
2026-06-03T18:33:46.8368190+00:00	GrantTask	BridgeL07L08.bridge-l07-l08-north	BridgeL07L08.bridge-l07-l08-north; GrantId=grant-101; Attempt=1
2026-06-03T18:33:46.8380320+00:00	WorkerDeferredForCapacity	AuditHairball	Deferred by orchestration to honor max active worker process capacity.
2026-06-03T18:33:46.8406685+00:00	StopPipeline	AuditHairball	Deferred by orchestration to honor max active worker process capacity.
2026-06-03T18:33:46.8412348+00:00	WorkerEvent	BridgeL05L06.bridge-l05-l06-north	TaskReady; ExitCode=0; 
2026-06-03T18:33:46.8422201+00:00	WorkerEvent	CompositeMart.composite-stage	TaskSucceeded; ExitCode=0; 
2026-06-03T18:33:46.8431055+00:00	TaskSucceeded	CompositeMart.composite-stage	0
2026-06-03T18:33:46.8436518+00:00	WorkerEvent	BridgeL07L08.bridge-l07-l08-north	GrantAccepted; ExitCode=0; 
2026-06-03T18:33:46.8652490+00:00	GrantTask	BridgeL05L06.bridge-l05-l06-north	BridgeL05L06.bridge-l05-l06-north; GrantId=grant-102; Attempt=1
2026-06-03T18:33:46.8817745+00:00	WorkerDeferredForCapacity	Layer07Hub	Deferred by orchestration to honor max active worker process capacity.
2026-06-03T18:33:46.8845322+00:00	StopPipeline	Layer07Hub	Deferred by orchestration to honor max active worker process capacity.
2026-06-03T18:33:46.8854643+00:00	WorkerEvent	BridgeL05L06.bridge-l05-l06-north	GrantAccepted; ExitCode=0; 
2026-06-03T18:33:46.8867232+00:00	WorkerEvent	CompositeMart.composite-curate	TaskReady; ExitCode=0; 
2026-06-03T18:33:46.8877969+00:00	WorkerEvent	Layer06Hub.hub-l06-curate	TaskSucceeded; ExitCode=0; 
2026-06-03T18:33:46.8889131+00:00	TaskSucceeded	Layer06Hub.hub-l06-curate	0
2026-06-03T18:33:46.8894668+00:00	WorkerEvent	BridgeL07L08.bridge-l07-l08-north	TaskStarted; ExitCode=0; 
2026-06-03T18:33:46.8909595+00:00	WorkerDeferredForCapacity	CompositeMart	Deferred by orchestration to honor max active worker process capacity.
2026-06-03T18:33:46.8917563+00:00	StopPipeline	CompositeMart	Deferred by orchestration to honor max active worker process capacity.
2026-06-03T18:33:46.8929841+00:00	WorkerEvent	BridgeL05L06.bridge-l05-l06-north	TaskStarted; ExitCode=0; 
2026-06-03T18:33:46.8944621+00:00	WorkerEvent	Layer06Hub.hub-l06-publish	TaskReady; ExitCode=0; 
2026-06-03T18:33:46.9255639+00:00	GrantTask	Layer06Hub.hub-l06-publish	Layer06Hub.hub-l06-publish; GrantId=grant-103; Attempt=1
2026-06-03T18:33:46.9268613+00:00	WorkerEvent	Layer06Hub.hub-l06-publish	GrantAccepted; ExitCode=0; 
2026-06-03T18:33:46.9310165+00:00	WorkerEvent	Layer06Hub.hub-l06-publish	TaskStarted; ExitCode=0; 
2026-06-03T18:33:46.9417365+00:00	WorkerEvent	CompositeMart	Closed; ExitCode=0; 
2026-06-03T18:33:46.9425020+00:00	WorkerProcessExited	CompositeMart	ExitCode=0; worker process exited
2026-06-03T18:33:46.9432732+00:00	WorkerDeferred	CompositeMart	ResumeTaskId=CompositeMart.composite-curate
2026-06-03T18:33:46.9443012+00:00	WorkerStarting	Layer08Node04	meta-pipeline
2026-06-03T18:33:47.3079992+00:00	WorkerStarted	Layer08Node04	6132
2026-06-03T18:33:47.3087309+00:00	WorkerControlPipe	Layer08Node04	meta-orchestration-97c18d6417494e618286fa54d85ec032
2026-06-03T18:33:47.3092566+00:00	WorkerLog	Layer08Node04	stdout=C:\Users\jimmy\Desktop\meta-bi\Samples\Demos\MetaOrchestrationHairballCliIntegration\Runs\hairball-seed-20260530\RunArtifacts\runs\20260603-183303_2d830a7422d34edfb67c3121c397d5c0\logs\Layer08Node04-6132.stdout.log; stderr=C:\Users\jimmy\Desktop\meta-bi\Samples\Demos\MetaOrchestrationHairballCliIntegration\Runs\hairball-seed-20260530\RunArtifacts\runs\20260603-183303_2d830a7422d34edfb67c3121c397d5c0\logs\Layer08Node04-6132.stderr.log
2026-06-03T18:33:47.3098582+00:00	WorkerEvent	BridgeL05L06.bridge-l05-l06-north	TaskSucceeded; ExitCode=0; 
2026-06-03T18:33:47.3110738+00:00	TaskSucceeded	BridgeL05L06.bridge-l05-l06-north	0
2026-06-03T18:33:47.3117636+00:00	WorkerEvent	Layer07Hub	Closed; ExitCode=0; 
2026-06-03T18:33:47.3140270+00:00	WorkerProcessExited	Layer07Hub	ExitCode=0; worker process exited
2026-06-03T18:33:47.3150067+00:00	WorkerDeferred	Layer07Hub	ResumeTaskId=Layer07Hub.hub-l07-stage
2026-06-03T18:33:47.3157157+00:00	WorkerEvent	Layer08Hub	PipelineStarted; ExitCode=0; pipeline started
2026-06-03T18:33:47.3166616+00:00	WorkerEvent	AuditHairball	Closed; ExitCode=0; 
2026-06-03T18:33:47.3171468+00:00	WorkerProcessExited	AuditHairball	ExitCode=0; worker process exited
2026-06-03T18:33:47.3179378+00:00	WorkerDeferred	AuditHairball	ResumeTaskId=AuditHairball.audit-hairball
2026-06-03T18:33:47.3184048+00:00	WorkerEvent	BridgeL07L08.bridge-l07-l08-north	TaskSucceeded; ExitCode=0; 
2026-06-03T18:33:47.3192576+00:00	TaskSucceeded	BridgeL07L08.bridge-l07-l08-north	0
2026-06-03T18:33:47.3197510+00:00	WorkerEvent	Layer07Node06.export-l07-n06	TaskSucceeded; ExitCode=0; 
2026-06-03T18:33:47.3207827+00:00	TaskSucceeded	Layer07Node06.export-l07-n06	0
2026-06-03T18:33:47.3213809+00:00	WorkerEvent	BridgeL05L06.bridge-l05-l06-south	TaskReady; ExitCode=0; 
2026-06-03T18:33:47.3223187+00:00	WorkerEvent	Layer08Hub.hub-l08-stage	TaskReady; ExitCode=0; 
2026-06-03T18:33:47.3236508+00:00	WorkerEvent	BridgeL07L08.bridge-l07-l08-south	TaskReady; ExitCode=0; 
2026-06-03T18:33:47.3248239+00:00	WorkerProcessExited	Layer07Node06	ExitCode=0; worker process exited
2026-06-03T18:33:47.3263207+00:00	PipelineCompleted	Layer07Node06	
2026-06-03T18:33:47.3432836+00:00	GrantTask	BridgeL05L06.bridge-l05-l06-south	BridgeL05L06.bridge-l05-l06-south; GrantId=grant-104; Attempt=1
2026-06-03T18:33:47.3442568+00:00	WorkerStarting	Layer08Node08	meta-pipeline
2026-06-03T18:33:47.5793061+00:00	WorkerStarted	Layer08Node08	22716
2026-06-03T18:33:47.5799035+00:00	WorkerControlPipe	Layer08Node08	meta-orchestration-315732d3dc8e4144b7d9225dc2baa6fc
2026-06-03T18:33:47.5804318+00:00	WorkerLog	Layer08Node08	stdout=C:\Users\jimmy\Desktop\meta-bi\Samples\Demos\MetaOrchestrationHairballCliIntegration\Runs\hairball-seed-20260530\RunArtifacts\runs\20260603-183303_2d830a7422d34edfb67c3121c397d5c0\logs\Layer08Node08-22716.stdout.log; stderr=C:\Users\jimmy\Desktop\meta-bi\Samples\Demos\MetaOrchestrationHairballCliIntegration\Runs\hairball-seed-20260530\RunArtifacts\runs\20260603-183303_2d830a7422d34edfb67c3121c397d5c0\logs\Layer08Node08-22716.stderr.log
2026-06-03T18:33:47.5810926+00:00	WorkerEvent	BridgeL05L06.bridge-l05-l06-south	GrantAccepted; ExitCode=0; 
2026-06-03T18:33:47.5872888+00:00	WorkerEvent	Layer08Node04	WorkerOnline; ExitCode=0; online
2026-06-03T18:33:47.5883942+00:00	WorkerEvent	Layer08Node01.refresh-l08-n01	TaskSucceeded; ExitCode=0; 
2026-06-03T18:33:47.5899436+00:00	TaskSucceeded	Layer08Node01.refresh-l08-n01	0
2026-06-03T18:33:47.5906657+00:00	WorkerEvent	Layer06Hub.hub-l06-publish	TaskSucceeded; ExitCode=0; 
2026-06-03T18:33:47.5915414+00:00	TaskSucceeded	Layer06Hub.hub-l06-publish	0
2026-06-03T18:33:47.5920284+00:00	WorkerEvent	Layer07Node03.refresh-l07-n03	TaskSucceeded; ExitCode=0; 
2026-06-03T18:33:47.5927720+00:00	TaskSucceeded	Layer07Node03.refresh-l07-n03	0
2026-06-03T18:33:47.5933811+00:00	WorkerProcessExited	Layer08Node01	ExitCode=0; worker process exited
2026-06-03T18:33:47.5946454+00:00	PipelineCompleted	Layer08Node01	
2026-06-03T18:33:47.5952769+00:00	WorkerProcessExited	Layer07Node03	ExitCode=0; worker process exited
2026-06-03T18:33:47.5961009+00:00	PipelineCompleted	Layer07Node03	
2026-06-03T18:33:47.5965771+00:00	WorkerProcessExited	Layer06Hub	ExitCode=0; worker process exited
2026-06-03T18:33:47.5973282+00:00	PipelineCompleted	Layer06Hub	
2026-06-03T18:33:47.5992301+00:00	GrantTask	BridgeL07L08.bridge-l07-l08-south	BridgeL07L08.bridge-l07-l08-south; GrantId=grant-105; Attempt=1
2026-06-03T18:33:47.5997018+00:00	WorkerResuming	Layer07Hub	ResumeTaskId=Layer07Hub.hub-l07-stage; Executable=meta-pipeline
2026-06-03T18:33:47.7813131+00:00	WorkerStarted	Layer07Hub	26732
2026-06-03T18:33:47.7822815+00:00	WorkerControlPipe	Layer07Hub	meta-orchestration-95546ad25390479392e0999b7e485e7f
2026-06-03T18:33:47.7827811+00:00	WorkerLog	Layer07Hub	stdout=C:\Users\jimmy\Desktop\meta-bi\Samples\Demos\MetaOrchestrationHairballCliIntegration\Runs\hairball-seed-20260530\RunArtifacts\runs\20260603-183303_2d830a7422d34edfb67c3121c397d5c0\logs\Layer07Hub-26732.stdout.log; stderr=C:\Users\jimmy\Desktop\meta-bi\Samples\Demos\MetaOrchestrationHairballCliIntegration\Runs\hairball-seed-20260530\RunArtifacts\runs\20260603-183303_2d830a7422d34edfb67c3121c397d5c0\logs\Layer07Hub-26732.stderr.log
2026-06-03T18:33:47.7832769+00:00	WorkerEvent	BridgeL05L06.bridge-l05-l06-south	TaskStarted; ExitCode=0; 
2026-06-03T18:33:47.7840404+00:00	WorkerEvent	Layer08Node04	WorkerReady; ExitCode=0; ready
2026-06-03T18:33:47.7848613+00:00	StartPipeline	Layer08Node04	Layer08Node04
2026-06-03T18:33:47.7856380+00:00	WorkerEvent	BridgeL05L06.bridge-l05-l06-south	TaskSucceeded; ExitCode=0; 
2026-06-03T18:33:47.7863314+00:00	TaskSucceeded	BridgeL05L06.bridge-l05-l06-south	0
2026-06-03T18:33:47.7871272+00:00	WorkerEvent	BridgeL07L08.bridge-l07-l08-south	GrantAccepted; ExitCode=0; 
2026-06-03T18:33:47.7881653+00:00	WorkerEvent	Layer08Node08	WorkerOnline; ExitCode=0; online
2026-06-03T18:33:47.7917037+00:00	WorkerStarting	RegionalMart02	meta-pipeline
2026-06-03T18:33:47.9567759+00:00	WorkerStarted	RegionalMart02	31604
2026-06-03T18:33:47.9573352+00:00	WorkerControlPipe	RegionalMart02	meta-orchestration-7a62f84aedd540ba9561a194248173d5
2026-06-03T18:33:47.9577633+00:00	WorkerLog	RegionalMart02	stdout=C:\Users\jimmy\Desktop\meta-bi\Samples\Demos\MetaOrchestrationHairballCliIntegration\Runs\hairball-seed-20260530\RunArtifacts\runs\20260603-183303_2d830a7422d34edfb67c3121c397d5c0\logs\RegionalMart02-31604.stdout.log; stderr=C:\Users\jimmy\Desktop\meta-bi\Samples\Demos\MetaOrchestrationHairballCliIntegration\Runs\hairball-seed-20260530\RunArtifacts\runs\20260603-183303_2d830a7422d34edfb67c3121c397d5c0\logs\RegionalMart02-31604.stderr.log
2026-06-03T18:33:47.9582246+00:00	WorkerEvent	BridgeL05L06	Closed; ExitCode=0; 
2026-06-03T18:33:47.9585580+00:00	WorkerProcessExited	BridgeL05L06	ExitCode=0; worker process exited
2026-06-03T18:33:47.9592690+00:00	PipelineCompleted	BridgeL05L06	
2026-06-03T18:33:47.9596348+00:00	WorkerEvent	Layer08Node02	PipelineStarted; ExitCode=0; pipeline started
2026-06-03T18:33:47.9603344+00:00	WorkerEvent	Layer08Node03	PipelineStarted; ExitCode=0; pipeline started
2026-06-03T18:33:47.9610482+00:00	WorkerEvent	Layer08Node02.select-l08-n02	TaskReady; ExitCode=0; 
2026-06-03T18:33:47.9617253+00:00	WorkerEvent	Layer08Node03.export-l08-n03	TaskReady; ExitCode=0; 
2026-06-03T18:33:47.9623963+00:00	WorkerEvent	BridgeL07L08.bridge-l07-l08-south	TaskStarted; ExitCode=0; 
2026-06-03T18:33:47.9631653+00:00	WorkerEvent	Layer08Node08	WorkerReady; ExitCode=0; ready
2026-06-03T18:33:47.9639669+00:00	StartPipeline	Layer08Node08	Layer08Node08
2026-06-03T18:33:47.9647007+00:00	WorkerEvent	BridgeL07L08.bridge-l07-l08-south	TaskSucceeded; ExitCode=0; 
2026-06-03T18:33:47.9656497+00:00	TaskSucceeded	BridgeL07L08.bridge-l07-l08-south	0
2026-06-03T18:33:47.9661056+00:00	WorkerEvent	Layer07Hub	WorkerOnline; ExitCode=0; online
2026-06-03T18:33:47.9682915+00:00	GrantTask	Layer08Node02.select-l08-n02	Layer08Node02.select-l08-n02; GrantId=grant-106; Attempt=1
2026-06-03T18:33:47.9687845+00:00	GrantTask	Layer08Node03.export-l08-n03	Layer08Node03.export-l08-n03; GrantId=grant-107; Attempt=1
2026-06-03T18:33:47.9693179+00:00	WorkerResuming	AuditHairball	ResumeTaskId=AuditHairball.audit-hairball; Executable=meta-pipeline
2026-06-03T18:33:48.1058197+00:00	WorkerStarted	AuditHairball	10368
2026-06-03T18:33:48.1070156+00:00	WorkerControlPipe	AuditHairball	meta-orchestration-26d49d76e6e94df29ff19a04e3e5de7b
2026-06-03T18:33:48.1076736+00:00	WorkerLog	AuditHairball	stdout=C:\Users\jimmy\Desktop\meta-bi\Samples\Demos\MetaOrchestrationHairballCliIntegration\Runs\hairball-seed-20260530\RunArtifacts\runs\20260603-183303_2d830a7422d34edfb67c3121c397d5c0\logs\AuditHairball-10368.stdout.log; stderr=C:\Users\jimmy\Desktop\meta-bi\Samples\Demos\MetaOrchestrationHairballCliIntegration\Runs\hairball-seed-20260530\RunArtifacts\runs\20260603-183303_2d830a7422d34edfb67c3121c397d5c0\logs\AuditHairball-10368.stderr.log
2026-06-03T18:33:48.1081396+00:00	WorkerEvent	RegionalMart02	WorkerOnline; ExitCode=0; online
2026-06-03T18:33:48.1092767+00:00	WorkerEvent	Layer08Node02.select-l08-n02	GrantAccepted; ExitCode=0; 
2026-06-03T18:33:48.1118585+00:00	WorkerEvent	RegionalMart02	WorkerReady; ExitCode=0; ready
2026-06-03T18:33:48.1166162+00:00	StartPipeline	RegionalMart02	RegionalMart02
2026-06-03T18:33:48.1181079+00:00	WorkerEvent	Layer08Node02.select-l08-n02	TaskStarted; ExitCode=0; 
2026-06-03T18:33:48.1223262+00:00	WorkerEvent	Layer08Node03.export-l08-n03	GrantAccepted; ExitCode=0; 
2026-06-03T18:33:48.1234877+00:00	WorkerEvent	BridgeL07L08	Closed; ExitCode=0; 
2026-06-03T18:33:48.1240830+00:00	WorkerProcessExited	BridgeL07L08	ExitCode=0; worker process exited
2026-06-03T18:33:48.1249652+00:00	PipelineCompleted	BridgeL07L08	
2026-06-03T18:33:48.1254246+00:00	WorkerEvent	Layer08Node03.export-l08-n03	TaskStarted; ExitCode=0; 
2026-06-03T18:33:48.1262274+00:00	WorkerEvent	Layer07Hub	WorkerReady; ExitCode=0; ready
2026-06-03T18:33:48.1271161+00:00	StartPipeline	Layer07Hub	Layer07Hub
2026-06-03T18:33:48.1287221+00:00	WorkerResuming	CompositeMart	ResumeTaskId=CompositeMart.composite-curate; Executable=meta-pipeline
2026-06-03T18:33:48.3134102+00:00	WorkerStarted	CompositeMart	27124
2026-06-03T18:33:48.3138775+00:00	WorkerControlPipe	CompositeMart	meta-orchestration-b5524d6b16274c01b7b8f88a6b036e71
2026-06-03T18:33:48.3142886+00:00	WorkerLog	CompositeMart	stdout=C:\Users\jimmy\Desktop\meta-bi\Samples\Demos\MetaOrchestrationHairballCliIntegration\Runs\hairball-seed-20260530\RunArtifacts\runs\20260603-183303_2d830a7422d34edfb67c3121c397d5c0\logs\CompositeMart-27124.stdout.log; stderr=C:\Users\jimmy\Desktop\meta-bi\Samples\Demos\MetaOrchestrationHairballCliIntegration\Runs\hairball-seed-20260530\RunArtifacts\runs\20260603-183303_2d830a7422d34edfb67c3121c397d5c0\logs\CompositeMart-27124.stderr.log
2026-06-03T18:33:48.3148532+00:00	WorkerEvent	AuditHairball	WorkerOnline; ExitCode=0; online
2026-06-03T18:33:48.3172236+00:00	WorkerStarting	PublishHairballFinal	meta-pipeline
2026-06-03T18:33:48.5440568+00:00	WorkerStarted	PublishHairballFinal	7740
2026-06-03T18:33:48.5471259+00:00	WorkerControlPipe	PublishHairballFinal	meta-orchestration-94c9446a753342c394eee0994d1072c5
2026-06-03T18:33:48.5478430+00:00	WorkerLog	PublishHairballFinal	stdout=C:\Users\jimmy\Desktop\meta-bi\Samples\Demos\MetaOrchestrationHairballCliIntegration\Runs\hairball-seed-20260530\RunArtifacts\runs\20260603-183303_2d830a7422d34edfb67c3121c397d5c0\logs\PublishHairballFinal-7740.stdout.log; stderr=C:\Users\jimmy\Desktop\meta-bi\Samples\Demos\MetaOrchestrationHairballCliIntegration\Runs\hairball-seed-20260530\RunArtifacts\runs\20260603-183303_2d830a7422d34edfb67c3121c397d5c0\logs\PublishHairballFinal-7740.stderr.log
2026-06-03T18:33:48.5778008+00:00	WorkerEvent	AuditHairball	WorkerReady; ExitCode=0; ready
2026-06-03T18:33:48.5817380+00:00	StartPipeline	AuditHairball	AuditHairball
2026-06-03T18:33:48.5859318+00:00	WorkerEvent	PublishHairballFinal	WorkerOnline; ExitCode=0; online
2026-06-03T18:33:48.5976528+00:00	WorkerEvent	CompositeMart	WorkerOnline; ExitCode=0; online
2026-06-03T18:33:48.6323742+00:00	WorkerEvent	PublishHairballFinal	WorkerReady; ExitCode=0; ready
2026-06-03T18:33:48.6434997+00:00	StartPipeline	PublishHairballFinal	PublishHairballFinal
2026-06-03T18:33:48.6534490+00:00	WorkerEvent	CompositeMart	WorkerReady; ExitCode=0; ready
2026-06-03T18:33:48.6605932+00:00	StartPipeline	CompositeMart	CompositeMart
2026-06-03T18:33:48.6633699+00:00	WorkerStarting	RegionalMart01	meta-pipeline
2026-06-03T18:33:48.8404132+00:00	WorkerStarted	RegionalMart01	18724
2026-06-03T18:33:48.8410206+00:00	WorkerControlPipe	RegionalMart01	meta-orchestration-bafe0fa8c1d94bfead4bfdd283d0b25a
2026-06-03T18:33:48.8415141+00:00	WorkerLog	RegionalMart01	stdout=C:\Users\jimmy\Desktop\meta-bi\Samples\Demos\MetaOrchestrationHairballCliIntegration\Runs\hairball-seed-20260530\RunArtifacts\runs\20260603-183303_2d830a7422d34edfb67c3121c397d5c0\logs\RegionalMart01-18724.stdout.log; stderr=C:\Users\jimmy\Desktop\meta-bi\Samples\Demos\MetaOrchestrationHairballCliIntegration\Runs\hairball-seed-20260530\RunArtifacts\runs\20260603-183303_2d830a7422d34edfb67c3121c397d5c0\logs\RegionalMart01-18724.stderr.log
2026-06-03T18:33:48.8429291+00:00	WorkerStarting	RegionalMart03	meta-pipeline
2026-06-03T18:33:49.0150463+00:00	WorkerStarted	RegionalMart03	18452
2026-06-03T18:33:49.0157890+00:00	WorkerControlPipe	RegionalMart03	meta-orchestration-b2b2e118c6e6425a8a813306d4f8caed
2026-06-03T18:33:49.0162303+00:00	WorkerLog	RegionalMart03	stdout=C:\Users\jimmy\Desktop\meta-bi\Samples\Demos\MetaOrchestrationHairballCliIntegration\Runs\hairball-seed-20260530\RunArtifacts\runs\20260603-183303_2d830a7422d34edfb67c3121c397d5c0\logs\RegionalMart03-18452.stdout.log; stderr=C:\Users\jimmy\Desktop\meta-bi\Samples\Demos\MetaOrchestrationHairballCliIntegration\Runs\hairball-seed-20260530\RunArtifacts\runs\20260603-183303_2d830a7422d34edfb67c3121c397d5c0\logs\RegionalMart03-18452.stderr.log
2026-06-03T18:33:49.0167914+00:00	WorkerEvent	Layer08Node04	PipelineStarted; ExitCode=0; pipeline started
2026-06-03T18:33:49.0177698+00:00	WorkerEvent	Layer08Node02.select-l08-n02	TaskSucceeded; ExitCode=0; 
2026-06-03T18:33:49.0185404+00:00	TaskSucceeded	Layer08Node02.select-l08-n02	0
2026-06-03T18:33:49.0189904+00:00	WorkerEvent	RegionalMart01	WorkerOnline; ExitCode=0; online
2026-06-03T18:33:49.0207364+00:00	WorkerEvent	Layer08Node08	PipelineStarted; ExitCode=0; pipeline started
2026-06-03T18:33:49.0228058+00:00	WorkerProcessExited	Layer08Node02	ExitCode=0; worker process exited
2026-06-03T18:33:49.0279291+00:00	PipelineCompleted	Layer08Node02	
2026-06-03T18:33:49.0285453+00:00	WorkerEvent	Layer08Node04.select-l08-n04	TaskReady; ExitCode=0; 
2026-06-03T18:33:49.0294881+00:00	WorkerEvent	RegionalMart01	WorkerReady; ExitCode=0; ready
2026-06-03T18:33:49.0303529+00:00	StartPipeline	RegionalMart01	RegionalMart01
2026-06-03T18:33:49.0311131+00:00	WorkerEvent	Layer08Node03.export-l08-n03	TaskSucceeded; ExitCode=0; 
2026-06-03T18:33:49.0319514+00:00	TaskSucceeded	Layer08Node03.export-l08-n03	0
2026-06-03T18:33:49.0324605+00:00	WorkerEvent	Layer08Node08.refresh-l08-n08	TaskReady; ExitCode=0; 
2026-06-03T18:33:49.0342373+00:00	GrantTask	Layer08Node04.select-l08-n04	Layer08Node04.select-l08-n04; GrantId=grant-108; Attempt=1
2026-06-03T18:33:49.0357746+00:00	GrantTask	Layer08Node08.refresh-l08-n08	Layer08Node08.refresh-l08-n08; GrantId=grant-109; Attempt=1
2026-06-03T18:33:49.0377058+00:00	WorkerStarting	RegionalMart04	meta-pipeline
2026-06-03T18:33:49.1924217+00:00	WorkerStarted	RegionalMart04	26688
2026-06-03T18:33:49.1929748+00:00	WorkerControlPipe	RegionalMart04	meta-orchestration-12fe662ad16e414ebc215d972d9df645
2026-06-03T18:33:49.1935124+00:00	WorkerLog	RegionalMart04	stdout=C:\Users\jimmy\Desktop\meta-bi\Samples\Demos\MetaOrchestrationHairballCliIntegration\Runs\hairball-seed-20260530\RunArtifacts\runs\20260603-183303_2d830a7422d34edfb67c3121c397d5c0\logs\RegionalMart04-26688.stdout.log; stderr=C:\Users\jimmy\Desktop\meta-bi\Samples\Demos\MetaOrchestrationHairballCliIntegration\Runs\hairball-seed-20260530\RunArtifacts\runs\20260603-183303_2d830a7422d34edfb67c3121c397d5c0\logs\RegionalMart04-26688.stderr.log
2026-06-03T18:33:49.1940631+00:00	WorkerEvent	Layer08Node04.select-l08-n04	GrantAccepted; ExitCode=0; 
2026-06-03T18:33:49.1949465+00:00	WorkerEvent	RegionalMart03	WorkerOnline; ExitCode=0; online
2026-06-03T18:33:49.1957236+00:00	WorkerEvent	Layer08Node03	Closed; ExitCode=0; 
2026-06-03T18:33:49.1960954+00:00	WorkerProcessExited	Layer08Node03	ExitCode=0; worker process exited
2026-06-03T18:33:49.1968147+00:00	PipelineCompleted	Layer08Node03	
2026-06-03T18:33:49.1972002+00:00	WorkerEvent	Layer08Node04.select-l08-n04	TaskStarted; ExitCode=0; 
2026-06-03T18:33:49.1978906+00:00	WorkerEvent	RegionalMart03	WorkerReady; ExitCode=0; ready
2026-06-03T18:33:49.2099581+00:00	StartPipeline	RegionalMart03	RegionalMart03
2026-06-03T18:33:49.2110266+00:00	WorkerEvent	Layer08Node08.refresh-l08-n08	GrantAccepted; ExitCode=0; 
2026-06-03T18:33:49.2124752+00:00	WorkerEvent	Layer08Node08.refresh-l08-n08	TaskStarted; ExitCode=0; 
2026-06-03T18:33:49.2251061+00:00	WorkerEvent	RegionalMart04	WorkerOnline; ExitCode=0; online
2026-06-03T18:33:49.2267261+00:00	WorkerEvent	RegionalMart04	WorkerReady; ExitCode=0; ready
2026-06-03T18:33:49.2328528+00:00	StartPipeline	RegionalMart04	RegionalMart04
2026-06-03T18:33:49.4556585+00:00	WorkerEvent	AuditHairball	PipelineStarted; ExitCode=0; pipeline started
2026-06-03T18:33:49.4596104+00:00	WorkerEvent	AuditHairball.audit-hairball	TaskReady; ExitCode=0; 
2026-06-03T18:33:49.5956484+00:00	WorkerEvent	Layer07Hub	PipelineStarted; ExitCode=0; pipeline started
2026-06-03T18:33:49.5971804+00:00	WorkerEvent	Layer07Hub.hub-l07-stage	TaskReady; ExitCode=0; 
2026-06-03T18:33:49.6014985+00:00	GrantTask	Layer07Hub.hub-l07-stage	Layer07Hub.hub-l07-stage; GrantId=grant-110; Attempt=1
2026-06-03T18:33:49.6060006+00:00	WorkerEvent	Layer07Hub.hub-l07-stage	GrantAccepted; ExitCode=0; 
2026-06-03T18:33:49.6074725+00:00	WorkerEvent	Layer07Hub.hub-l07-stage	TaskStarted; ExitCode=0; 
2026-06-03T18:33:49.7350164+00:00	WorkerEvent	RegionalMart02	PipelineStarted; ExitCode=0; pipeline started
2026-06-03T18:33:49.7390868+00:00	WorkerEvent	RegionalMart02.regional-02-stage	TaskReady; ExitCode=0; 
2026-06-03T18:33:49.7408380+00:00	GrantTask	RegionalMart02.regional-02-stage	RegionalMart02.regional-02-stage; GrantId=grant-111; Attempt=1
2026-06-03T18:33:49.7417621+00:00	WorkerEvent	RegionalMart02.regional-02-stage	GrantAccepted; ExitCode=0; 
2026-06-03T18:33:49.7429974+00:00	WorkerEvent	RegionalMart02.regional-02-stage	TaskStarted; ExitCode=0; 
2026-06-03T18:33:49.7526654+00:00	WorkerEvent	PublishHairballFinal	PipelineStarted; ExitCode=0; pipeline started
2026-06-03T18:33:49.7678356+00:00	WorkerEvent	PublishHairballFinal.publish-hairball-final	TaskReady; ExitCode=0; 
2026-06-03T18:33:49.9005498+00:00	WorkerEvent	Layer08Node08.refresh-l08-n08	TaskSucceeded; ExitCode=0; 
2026-06-03T18:33:49.9018387+00:00	TaskSucceeded	Layer08Node08.refresh-l08-n08	0
2026-06-03T18:33:49.9413377+00:00	WorkerEvent	Layer08Node08	Closed; ExitCode=0; 
2026-06-03T18:33:49.9430557+00:00	WorkerProcessExited	Layer08Node08	ExitCode=0; worker process exited
2026-06-03T18:33:49.9441104+00:00	PipelineCompleted	Layer08Node08	
2026-06-03T18:33:50.0050535+00:00	WorkerEvent	Layer08Node04.select-l08-n04	TaskSucceeded; ExitCode=0; 
2026-06-03T18:33:50.0070895+00:00	TaskSucceeded	Layer08Node04.select-l08-n04	0
2026-06-03T18:33:50.0085161+00:00	GrantTask	Layer08Hub.hub-l08-stage	Layer08Hub.hub-l08-stage; GrantId=grant-112; Attempt=1
2026-06-03T18:33:50.0130751+00:00	WorkerEvent	Layer08Hub.hub-l08-stage	GrantAccepted; ExitCode=0; 
2026-06-03T18:33:50.0155555+00:00	WorkerEvent	Layer08Hub.hub-l08-stage	TaskStarted; ExitCode=0; 
2026-06-03T18:33:50.0243018+00:00	WorkerEvent	Layer08Node04	Closed; ExitCode=0; 
2026-06-03T18:33:50.0248055+00:00	WorkerProcessExited	Layer08Node04	ExitCode=0; worker process exited
2026-06-03T18:33:50.0258030+00:00	PipelineCompleted	Layer08Node04	
2026-06-03T18:33:50.3582764+00:00	WorkerEvent	CompositeMart	PipelineStarted; ExitCode=0; pipeline started
2026-06-03T18:33:50.3612203+00:00	WorkerEvent	CompositeMart.composite-curate	TaskReady; ExitCode=0; 
2026-06-03T18:33:50.3639353+00:00	GrantTask	CompositeMart.composite-curate	CompositeMart.composite-curate; GrantId=grant-113; Attempt=1
2026-06-03T18:33:50.3678784+00:00	WorkerEvent	CompositeMart.composite-curate	GrantAccepted; ExitCode=0; 
2026-06-03T18:33:50.3701777+00:00	WorkerEvent	CompositeMart.composite-curate	TaskStarted; ExitCode=0; 
2026-06-03T18:33:50.3887441+00:00	WorkerEvent	Layer07Hub.hub-l07-stage	TaskSucceeded; ExitCode=0; 
2026-06-03T18:33:50.3897993+00:00	TaskSucceeded	Layer07Hub.hub-l07-stage	0
2026-06-03T18:33:50.3908396+00:00	WorkerEvent	Layer07Hub.hub-l07-curate	TaskReady; ExitCode=0; 
2026-06-03T18:33:50.3946091+00:00	GrantTask	Layer07Hub.hub-l07-curate	Layer07Hub.hub-l07-curate; GrantId=grant-114; Attempt=1
2026-06-03T18:33:50.3950800+00:00	WorkerEvent	Layer07Hub.hub-l07-curate	GrantAccepted; ExitCode=0; 
2026-06-03T18:33:50.3964285+00:00	WorkerEvent	Layer07Hub.hub-l07-curate	TaskStarted; ExitCode=0; 
2026-06-03T18:33:50.4327970+00:00	WorkerEvent	RegionalMart02.regional-02-stage	TaskSucceeded; ExitCode=0; 
2026-06-03T18:33:50.4346118+00:00	TaskSucceeded	RegionalMart02.regional-02-stage	0
2026-06-03T18:33:50.4377263+00:00	WorkerEvent	RegionalMart02.regional-02-curate	TaskReady; ExitCode=0; 
2026-06-03T18:33:50.4415350+00:00	GrantTask	RegionalMart02.regional-02-curate	RegionalMart02.regional-02-curate; GrantId=grant-115; Attempt=1
2026-06-03T18:33:50.4427191+00:00	WorkerEvent	RegionalMart02.regional-02-curate	GrantAccepted; ExitCode=0; 
2026-06-03T18:33:50.4468125+00:00	WorkerEvent	RegionalMart02.regional-02-curate	TaskStarted; ExitCode=0; 
2026-06-03T18:33:50.5428042+00:00	WorkerEvent	Layer07Hub.hub-l07-curate	TaskSucceeded; ExitCode=0; 
2026-06-03T18:33:50.5437472+00:00	TaskSucceeded	Layer07Hub.hub-l07-curate	0
2026-06-03T18:33:50.5447270+00:00	WorkerEvent	Layer07Hub.hub-l07-publish	TaskReady; ExitCode=0; 
2026-06-03T18:33:50.5461959+00:00	GrantTask	Layer07Hub.hub-l07-publish	Layer07Hub.hub-l07-publish; GrantId=grant-116; Attempt=1
2026-06-03T18:33:50.5466301+00:00	WorkerEvent	RegionalMart01	PipelineStarted; ExitCode=0; pipeline started
2026-06-03T18:33:50.5473697+00:00	WorkerEvent	Layer07Hub.hub-l07-publish	GrantAccepted; ExitCode=0; 
2026-06-03T18:33:50.5486281+00:00	WorkerEvent	Layer07Hub.hub-l07-publish	TaskStarted; ExitCode=0; 
2026-06-03T18:33:50.5503270+00:00	WorkerEvent	RegionalMart01.regional-01-stage	TaskReady; ExitCode=0; 
2026-06-03T18:33:50.5523087+00:00	GrantTask	RegionalMart01.regional-01-stage	RegionalMart01.regional-01-stage; GrantId=grant-117; Attempt=1
2026-06-03T18:33:50.5553563+00:00	WorkerEvent	RegionalMart01.regional-01-stage	GrantAccepted; ExitCode=0; 
2026-06-03T18:33:50.5577299+00:00	WorkerEvent	RegionalMart01.regional-01-stage	TaskStarted; ExitCode=0; 
2026-06-03T18:33:50.6358102+00:00	WorkerEvent	RegionalMart02.regional-02-curate	TaskSucceeded; ExitCode=0; 
2026-06-03T18:33:50.6372754+00:00	TaskSucceeded	RegionalMart02.regional-02-curate	0
2026-06-03T18:33:50.6388872+00:00	WorkerEvent	RegionalMart02.regional-02-publish	TaskReady; ExitCode=0; 
2026-06-03T18:33:50.6408078+00:00	GrantTask	RegionalMart02.regional-02-publish	RegionalMart02.regional-02-publish; GrantId=grant-118; Attempt=1
2026-06-03T18:33:50.6418319+00:00	WorkerEvent	RegionalMart02.regional-02-publish	GrantAccepted; ExitCode=0; 
2026-06-03T18:33:50.6434434+00:00	WorkerEvent	RegionalMart02.regional-02-publish	TaskStarted; ExitCode=0; 
2026-06-03T18:33:50.7100433+00:00	WorkerEvent	Layer08Hub.hub-l08-stage	TaskSucceeded; ExitCode=0; 
2026-06-03T18:33:50.7308054+00:00	TaskSucceeded	Layer08Hub.hub-l08-stage	0
2026-06-03T18:33:50.7319249+00:00	WorkerEvent	Layer08Hub.hub-l08-curate	TaskReady; ExitCode=0; 
2026-06-03T18:33:50.7343276+00:00	GrantTask	Layer08Hub.hub-l08-curate	Layer08Hub.hub-l08-curate; GrantId=grant-119; Attempt=1
2026-06-03T18:33:50.7388351+00:00	WorkerEvent	Layer08Hub.hub-l08-curate	GrantAccepted; ExitCode=0; 
2026-06-03T18:33:50.7407163+00:00	WorkerEvent	Layer08Hub.hub-l08-curate	TaskStarted; ExitCode=0; 
2026-06-03T18:33:50.8344460+00:00	WorkerEvent	RegionalMart03	PipelineStarted; ExitCode=0; pipeline started
2026-06-03T18:33:50.8369386+00:00	WorkerEvent	RegionalMart03.regional-03-stage	TaskReady; ExitCode=0; 
2026-06-03T18:33:50.8487342+00:00	WorkerEvent	RegionalMart04	PipelineStarted; ExitCode=0; pipeline started
2026-06-03T18:33:50.8512892+00:00	WorkerEvent	Layer07Hub.hub-l07-publish	TaskSucceeded; ExitCode=0; 
2026-06-03T18:33:50.8524353+00:00	TaskSucceeded	Layer07Hub.hub-l07-publish	0
2026-06-03T18:33:50.8540010+00:00	WorkerEvent	RegionalMart04.regional-04-stage	TaskReady; ExitCode=0; 
2026-06-03T18:33:50.8918926+00:00	WorkerEvent	Layer07Hub	Closed; ExitCode=0; 
2026-06-03T18:33:50.8924107+00:00	WorkerProcessExited	Layer07Hub	ExitCode=0; worker process exited
2026-06-03T18:33:50.8931464+00:00	PipelineCompleted	Layer07Hub	
2026-06-03T18:33:50.8960738+00:00	WorkerEvent	RegionalMart02.regional-02-publish	TaskSucceeded; ExitCode=0; 
2026-06-03T18:33:50.8969163+00:00	TaskSucceeded	RegionalMart02.regional-02-publish	0
2026-06-03T18:33:50.8974122+00:00	WorkerEvent	Layer08Hub.hub-l08-curate	TaskSucceeded; ExitCode=0; 
2026-06-03T18:33:50.8981689+00:00	TaskSucceeded	Layer08Hub.hub-l08-curate	0
2026-06-03T18:33:50.8986173+00:00	WorkerEvent	RegionalMart02.regional-02-audit	TaskReady; ExitCode=0; 
2026-06-03T18:33:50.8994578+00:00	WorkerEvent	Layer08Hub.hub-l08-publish	TaskReady; ExitCode=0; 
2026-06-03T18:33:50.9018029+00:00	GrantTask	Layer08Hub.hub-l08-publish	Layer08Hub.hub-l08-publish; GrantId=grant-120; Attempt=1
2026-06-03T18:33:50.9025102+00:00	GrantTask	RegionalMart02.regional-02-audit	RegionalMart02.regional-02-audit; GrantId=grant-121; Attempt=1
2026-06-03T18:33:50.9030154+00:00	WorkerEvent	Layer08Hub.hub-l08-publish	GrantAccepted; ExitCode=0; 
2026-06-03T18:33:50.9046089+00:00	WorkerEvent	Layer08Hub.hub-l08-publish	TaskStarted; ExitCode=0; 
2026-06-03T18:33:50.9055150+00:00	WorkerEvent	RegionalMart02.regional-02-audit	GrantAccepted; ExitCode=0; 
2026-06-03T18:33:50.9067220+00:00	WorkerEvent	RegionalMart02.regional-02-audit	TaskStarted; ExitCode=0; 
2026-06-03T18:33:50.9980351+00:00	WorkerEvent	CompositeMart.composite-curate	TaskSucceeded; ExitCode=0; 
2026-06-03T18:33:50.9991565+00:00	TaskSucceeded	CompositeMart.composite-curate	0
2026-06-03T18:33:51.0006876+00:00	WorkerEvent	CompositeMart.composite-reconcile	TaskReady; ExitCode=0; 
2026-06-03T18:33:51.0027310+00:00	GrantTask	CompositeMart.composite-reconcile	CompositeMart.composite-reconcile; GrantId=grant-122; Attempt=1
2026-06-03T18:33:51.0060864+00:00	WorkerEvent	CompositeMart.composite-reconcile	GrantAccepted; ExitCode=0; 
2026-06-03T18:33:51.0088068+00:00	WorkerEvent	CompositeMart.composite-reconcile	TaskStarted; ExitCode=0; 
2026-06-03T18:33:51.0452566+00:00	WorkerEvent	RegionalMart02.regional-02-audit	TaskSucceeded; ExitCode=0; 
2026-06-03T18:33:51.0462261+00:00	TaskSucceeded	RegionalMart02.regional-02-audit	0
2026-06-03T18:33:51.0872441+00:00	WorkerEvent	RegionalMart02	Closed; ExitCode=0; 
2026-06-03T18:33:51.0880575+00:00	WorkerProcessExited	RegionalMart02	ExitCode=0; worker process exited
2026-06-03T18:33:51.0889376+00:00	PipelineCompleted	RegionalMart02	
2026-06-03T18:33:51.1064930+00:00	WorkerEvent	Layer08Hub.hub-l08-publish	TaskSucceeded; ExitCode=0; 
2026-06-03T18:33:51.1077870+00:00	TaskSucceeded	Layer08Hub.hub-l08-publish	0
2026-06-03T18:33:51.1469345+00:00	WorkerEvent	Layer08Hub	Closed; ExitCode=0; 
2026-06-03T18:33:51.1474027+00:00	WorkerProcessExited	Layer08Hub	ExitCode=0; worker process exited
2026-06-03T18:33:51.1481538+00:00	PipelineCompleted	Layer08Hub	
2026-06-03T18:33:51.2152882+00:00	WorkerEvent	CompositeMart.composite-reconcile	TaskSucceeded; ExitCode=0; 
2026-06-03T18:33:51.2160071+00:00	TaskSucceeded	CompositeMart.composite-reconcile	0
2026-06-03T18:33:51.2170313+00:00	WorkerEvent	CompositeMart.composite-certify	TaskReady; ExitCode=0; 
2026-06-03T18:33:51.2184592+00:00	GrantTask	CompositeMart.composite-certify	CompositeMart.composite-certify; GrantId=grant-123; Attempt=1
2026-06-03T18:33:51.2195359+00:00	WorkerEvent	CompositeMart.composite-certify	GrantAccepted; ExitCode=0; 
2026-06-03T18:33:51.2209459+00:00	WorkerEvent	CompositeMart.composite-certify	TaskStarted; ExitCode=0; 
2026-06-03T18:33:51.2225365+00:00	WorkerEvent	RegionalMart01.regional-01-stage	TaskSucceeded; ExitCode=0; 
2026-06-03T18:33:51.2232363+00:00	TaskSucceeded	RegionalMart01.regional-01-stage	0
2026-06-03T18:33:51.2240968+00:00	WorkerEvent	RegionalMart01.regional-01-curate	TaskReady; ExitCode=0; 
2026-06-03T18:33:51.2251032+00:00	GrantTask	RegionalMart01.regional-01-curate	RegionalMart01.regional-01-curate; GrantId=grant-124; Attempt=1
2026-06-03T18:33:51.2254919+00:00	WorkerEvent	RegionalMart01.regional-01-curate	GrantAccepted; ExitCode=0; 
2026-06-03T18:33:51.2264682+00:00	WorkerEvent	RegionalMart01.regional-01-curate	TaskStarted; ExitCode=0; 
2026-06-03T18:33:51.3209899+00:00	WorkerEvent	RegionalMart01.regional-01-curate	TaskSucceeded; ExitCode=0; 
2026-06-03T18:33:51.3228575+00:00	TaskSucceeded	RegionalMart01.regional-01-curate	0
2026-06-03T18:33:51.3244876+00:00	GrantTask	RegionalMart03.regional-03-stage	RegionalMart03.regional-03-stage; GrantId=grant-125; Attempt=1
2026-06-03T18:33:51.3252513+00:00	WorkerEvent	RegionalMart01.regional-01-publish	TaskReady; ExitCode=0; 
2026-06-03T18:33:51.3261669+00:00	WorkerEvent	RegionalMart03.regional-03-stage	GrantAccepted; ExitCode=0; 
2026-06-03T18:33:51.3279354+00:00	GrantTask	RegionalMart01.regional-01-publish	RegionalMart01.regional-01-publish; GrantId=grant-126; Attempt=1
2026-06-03T18:33:51.3285073+00:00	WorkerEvent	RegionalMart03.regional-03-stage	TaskStarted; ExitCode=0; 
2026-06-03T18:33:51.3292519+00:00	WorkerEvent	RegionalMart01.regional-01-publish	GrantAccepted; ExitCode=0; 
2026-06-03T18:33:51.3300681+00:00	WorkerEvent	CompositeMart.composite-certify	TaskSucceeded; ExitCode=0; 
2026-06-03T18:33:51.3307342+00:00	TaskSucceeded	CompositeMart.composite-certify	0
2026-06-03T18:33:51.3311213+00:00	WorkerEvent	RegionalMart01.regional-01-publish	TaskStarted; ExitCode=0; 
2026-06-03T18:33:51.3316925+00:00	WorkerEvent	CompositeMart.composite-publish	TaskReady; ExitCode=0; 
2026-06-03T18:33:51.3328680+00:00	GrantTask	CompositeMart.composite-publish	CompositeMart.composite-publish; GrantId=grant-127; Attempt=1
2026-06-03T18:33:51.3333664+00:00	WorkerEvent	CompositeMart.composite-publish	GrantAccepted; ExitCode=0; 
2026-06-03T18:33:51.3344178+00:00	WorkerEvent	CompositeMart.composite-publish	TaskStarted; ExitCode=0; 
2026-06-03T18:33:51.4948437+00:00	WorkerEvent	CompositeMart.composite-publish	TaskSucceeded; ExitCode=0; 
2026-06-03T18:33:51.4955176+00:00	TaskSucceeded	CompositeMart.composite-publish	0
2026-06-03T18:33:51.4963016+00:00	GrantTask	PublishHairballFinal.publish-hairball-final	PublishHairballFinal.publish-hairball-final; GrantId=grant-128; Attempt=1
2026-06-03T18:33:51.4971382+00:00	WorkerEvent	PublishHairballFinal.publish-hairball-final	GrantAccepted; ExitCode=0; 
2026-06-03T18:33:51.4982476+00:00	WorkerEvent	PublishHairballFinal.publish-hairball-final	TaskStarted; ExitCode=0; 
2026-06-03T18:33:51.5053043+00:00	WorkerEvent	RegionalMart01.regional-01-publish	TaskSucceeded; ExitCode=0; 
2026-06-03T18:33:51.5063116+00:00	TaskSucceeded	RegionalMart01.regional-01-publish	0
2026-06-03T18:33:51.5071410+00:00	WorkerEvent	RegionalMart01.regional-01-audit	TaskReady; ExitCode=0; 
2026-06-03T18:33:51.5083889+00:00	GrantTask	RegionalMart01.regional-01-audit	RegionalMart01.regional-01-audit; GrantId=grant-129; Attempt=1
2026-06-03T18:33:51.5087864+00:00	WorkerEvent	RegionalMart01.regional-01-audit	GrantAccepted; ExitCode=0; 
2026-06-03T18:33:51.5097366+00:00	WorkerEvent	RegionalMart01.regional-01-audit	TaskStarted; ExitCode=0; 
2026-06-03T18:33:51.5108039+00:00	WorkerEvent	CompositeMart	Closed; ExitCode=0; 
2026-06-03T18:33:51.5111760+00:00	WorkerProcessExited	CompositeMart	ExitCode=0; worker process exited
2026-06-03T18:33:51.5117009+00:00	PipelineCompleted	CompositeMart	
2026-06-03T18:33:51.6128753+00:00	WorkerEvent	RegionalMart01.regional-01-audit	TaskSucceeded; ExitCode=0; 
2026-06-03T18:33:51.6138849+00:00	TaskSucceeded	RegionalMart01.regional-01-audit	0
2026-06-03T18:33:51.6493687+00:00	WorkerEvent	RegionalMart01	Closed; ExitCode=0; 
2026-06-03T18:33:51.6497383+00:00	WorkerProcessExited	RegionalMart01	ExitCode=0; worker process exited
2026-06-03T18:33:51.6505164+00:00	PipelineCompleted	RegionalMart01	
2026-06-03T18:33:51.7892440+00:00	WorkerEvent	RegionalMart03.regional-03-stage	TaskSucceeded; ExitCode=0; 
2026-06-03T18:33:51.7899554+00:00	TaskSucceeded	RegionalMart03.regional-03-stage	0
2026-06-03T18:33:51.7906500+00:00	WorkerEvent	RegionalMart03.regional-03-curate	TaskReady; ExitCode=0; 
2026-06-03T18:33:51.7914107+00:00	GrantTask	RegionalMart03.regional-03-curate	RegionalMart03.regional-03-curate; GrantId=grant-130; Attempt=1
2026-06-03T18:33:51.7917650+00:00	WorkerEvent	RegionalMart03.regional-03-curate	GrantAccepted; ExitCode=0; 
2026-06-03T18:33:51.7926679+00:00	WorkerEvent	RegionalMart03.regional-03-curate	TaskStarted; ExitCode=0; 
2026-06-03T18:33:51.8703430+00:00	WorkerEvent	RegionalMart03.regional-03-curate	TaskSucceeded; ExitCode=0; 
2026-06-03T18:33:51.8709475+00:00	TaskSucceeded	RegionalMart03.regional-03-curate	0
2026-06-03T18:33:51.8715146+00:00	WorkerEvent	RegionalMart03.regional-03-publish	TaskReady; ExitCode=0; 
2026-06-03T18:33:51.8722338+00:00	GrantTask	RegionalMart03.regional-03-publish	RegionalMart03.regional-03-publish; GrantId=grant-131; Attempt=1
2026-06-03T18:33:51.8725696+00:00	WorkerEvent	RegionalMart03.regional-03-publish	GrantAccepted; ExitCode=0; 
2026-06-03T18:33:51.8736590+00:00	WorkerEvent	RegionalMart03.regional-03-publish	TaskStarted; ExitCode=0; 
2026-06-03T18:33:51.9374089+00:00	WorkerEvent	PublishHairballFinal.publish-hairball-final	TaskSucceeded; ExitCode=0; 
2026-06-03T18:33:51.9382134+00:00	TaskSucceeded	PublishHairballFinal.publish-hairball-final	0
2026-06-03T18:33:51.9601480+00:00	WorkerEvent	PublishHairballFinal	Closed; ExitCode=0; 
2026-06-03T18:33:51.9604684+00:00	WorkerProcessExited	PublishHairballFinal	ExitCode=0; worker process exited
2026-06-03T18:33:51.9609689+00:00	PipelineCompleted	PublishHairballFinal	
2026-06-03T18:33:51.9796088+00:00	WorkerEvent	RegionalMart03.regional-03-publish	TaskSucceeded; ExitCode=0; 
2026-06-03T18:33:51.9801620+00:00	TaskSucceeded	RegionalMart03.regional-03-publish	0
2026-06-03T18:33:51.9808544+00:00	GrantTask	RegionalMart04.regional-04-stage	RegionalMart04.regional-04-stage; GrantId=grant-132; Attempt=1
2026-06-03T18:33:51.9812555+00:00	WorkerEvent	RegionalMart03.regional-03-audit	TaskReady; ExitCode=0; 
2026-06-03T18:33:51.9819009+00:00	WorkerEvent	RegionalMart04.regional-04-stage	GrantAccepted; ExitCode=0; 
2026-06-03T18:33:51.9825855+00:00	GrantTask	RegionalMart03.regional-03-audit	RegionalMart03.regional-03-audit; GrantId=grant-133; Attempt=1
2026-06-03T18:33:51.9828809+00:00	WorkerEvent	RegionalMart03.regional-03-audit	GrantAccepted; ExitCode=0; 
2026-06-03T18:33:51.9833397+00:00	WorkerEvent	RegionalMart04.regional-04-stage	TaskStarted; ExitCode=0; 
2026-06-03T18:33:51.9837564+00:00	WorkerEvent	RegionalMart03.regional-03-audit	TaskStarted; ExitCode=0; 
2026-06-03T18:33:52.0512716+00:00	WorkerEvent	RegionalMart03.regional-03-audit	TaskSucceeded; ExitCode=0; 
2026-06-03T18:33:52.0523374+00:00	TaskSucceeded	RegionalMart03.regional-03-audit	0
2026-06-03T18:33:52.0799688+00:00	WorkerEvent	RegionalMart03	Closed; ExitCode=0; 
2026-06-03T18:33:52.0804887+00:00	WorkerProcessExited	RegionalMart03	ExitCode=0; worker process exited
2026-06-03T18:33:52.0811131+00:00	PipelineCompleted	RegionalMart03	
2026-06-03T18:33:52.3326974+00:00	WorkerEvent	RegionalMart04.regional-04-stage	TaskSucceeded; ExitCode=0; 
2026-06-03T18:33:52.3332591+00:00	TaskSucceeded	RegionalMart04.regional-04-stage	0
2026-06-03T18:33:52.3338562+00:00	WorkerEvent	RegionalMart04.regional-04-curate	TaskReady; ExitCode=0; 
2026-06-03T18:33:52.3371068+00:00	GrantTask	RegionalMart04.regional-04-curate	RegionalMart04.regional-04-curate; GrantId=grant-134; Attempt=1
2026-06-03T18:33:52.3377189+00:00	WorkerEvent	RegionalMart04.regional-04-curate	GrantAccepted; ExitCode=0; 
2026-06-03T18:33:52.3389580+00:00	WorkerEvent	RegionalMart04.regional-04-curate	TaskStarted; ExitCode=0; 
2026-06-03T18:33:52.4098810+00:00	WorkerEvent	RegionalMart04.regional-04-curate	TaskSucceeded; ExitCode=0; 
2026-06-03T18:33:52.4105407+00:00	TaskSucceeded	RegionalMart04.regional-04-curate	0
2026-06-03T18:33:52.4110884+00:00	WorkerEvent	RegionalMart04.regional-04-publish	TaskReady; ExitCode=0; 
2026-06-03T18:33:52.4117808+00:00	GrantTask	RegionalMart04.regional-04-publish	RegionalMart04.regional-04-publish; GrantId=grant-135; Attempt=1
2026-06-03T18:33:52.4121159+00:00	WorkerEvent	RegionalMart04.regional-04-publish	GrantAccepted; ExitCode=0; 
2026-06-03T18:33:52.4129333+00:00	WorkerEvent	RegionalMart04.regional-04-publish	TaskStarted; ExitCode=0; 
2026-06-03T18:33:52.5177180+00:00	WorkerEvent	RegionalMart04.regional-04-publish	TaskSucceeded; ExitCode=0; 
2026-06-03T18:33:52.5183863+00:00	TaskSucceeded	RegionalMart04.regional-04-publish	0
2026-06-03T18:33:52.5194769+00:00	GrantTask	AuditHairball.audit-hairball	AuditHairball.audit-hairball; GrantId=grant-136; Attempt=1
2026-06-03T18:33:52.5200068+00:00	WorkerEvent	RegionalMart04.regional-04-audit	TaskReady; ExitCode=0; 
2026-06-03T18:33:52.5205244+00:00	WorkerEvent	AuditHairball.audit-hairball	GrantAccepted; ExitCode=0; 
2026-06-03T18:33:52.5216863+00:00	GrantTask	RegionalMart04.regional-04-audit	RegionalMart04.regional-04-audit; GrantId=grant-137; Attempt=1
2026-06-03T18:33:52.5221194+00:00	WorkerEvent	AuditHairball.audit-hairball	TaskStarted; ExitCode=0; 
2026-06-03T18:33:52.5230736+00:00	WorkerEvent	RegionalMart04.regional-04-audit	GrantAccepted; ExitCode=0; 
2026-06-03T18:33:52.5237130+00:00	WorkerEvent	RegionalMart04.regional-04-audit	TaskStarted; ExitCode=0; 
2026-06-03T18:33:52.5799589+00:00	WorkerEvent	RegionalMart04.regional-04-audit	TaskSucceeded; ExitCode=0; 
2026-06-03T18:33:52.5805604+00:00	TaskSucceeded	RegionalMart04.regional-04-audit	0
2026-06-03T18:33:52.6062363+00:00	WorkerEvent	RegionalMart04	Closed; ExitCode=0; 
2026-06-03T18:33:52.6065432+00:00	WorkerProcessExited	RegionalMart04	ExitCode=0; worker process exited
2026-06-03T18:33:52.6071194+00:00	PipelineCompleted	RegionalMart04	
2026-06-03T18:33:52.8015566+00:00	WorkerEvent	AuditHairball.audit-hairball	TaskSucceeded; ExitCode=0; 
2026-06-03T18:33:52.8024186+00:00	TaskSucceeded	AuditHairball.audit-hairball	0
2026-06-03T18:33:52.8216134+00:00	WorkerEvent	AuditHairball	Closed; ExitCode=0; 
2026-06-03T18:33:52.8219367+00:00	WorkerProcessExited	AuditHairball	ExitCode=0; worker process exited
2026-06-03T18:33:52.8225903+00:00	PipelineCompleted	AuditHairball	
2026-06-03T18:33:52.8235989+00:00	WorkerLogSummary	ExtractSeed01	stdout=C:\Users\jimmy\Desktop\meta-bi\Samples\Demos\MetaOrchestrationHairballCliIntegration\Runs\hairball-seed-20260530\RunArtifacts\runs\20260603-183303_2d830a7422d34edfb67c3121c397d5c0\logs\ExtractSeed01-30624.stdout.log; stdoutBytes=0; stdoutTruncated=False; stdoutDroppedBytes=0; stderr=C:\Users\jimmy\Desktop\meta-bi\Samples\Demos\MetaOrchestrationHairballCliIntegration\Runs\hairball-seed-20260530\RunArtifacts\runs\20260603-183303_2d830a7422d34edfb67c3121c397d5c0\logs\ExtractSeed01-30624.stderr.log; stderrBytes=0; stderrTruncated=False; stderrDroppedBytes=0
2026-06-03T18:33:52.8246352+00:00	WorkerLogSummary	ExtractSeed02	stdout=C:\Users\jimmy\Desktop\meta-bi\Samples\Demos\MetaOrchestrationHairballCliIntegration\Runs\hairball-seed-20260530\RunArtifacts\runs\20260603-183303_2d830a7422d34edfb67c3121c397d5c0\logs\ExtractSeed02-21612.stdout.log; stdoutBytes=0; stdoutTruncated=False; stdoutDroppedBytes=0; stderr=C:\Users\jimmy\Desktop\meta-bi\Samples\Demos\MetaOrchestrationHairballCliIntegration\Runs\hairball-seed-20260530\RunArtifacts\runs\20260603-183303_2d830a7422d34edfb67c3121c397d5c0\logs\ExtractSeed02-21612.stderr.log; stderrBytes=0; stderrTruncated=False; stderrDroppedBytes=0
2026-06-03T18:33:52.8250965+00:00	WorkerLogSummary	ExtractSeed03	stdout=C:\Users\jimmy\Desktop\meta-bi\Samples\Demos\MetaOrchestrationHairballCliIntegration\Runs\hairball-seed-20260530\RunArtifacts\runs\20260603-183303_2d830a7422d34edfb67c3121c397d5c0\logs\ExtractSeed03-19820.stdout.log; stdoutBytes=0; stdoutTruncated=False; stdoutDroppedBytes=0; stderr=C:\Users\jimmy\Desktop\meta-bi\Samples\Demos\MetaOrchestrationHairballCliIntegration\Runs\hairball-seed-20260530\RunArtifacts\runs\20260603-183303_2d830a7422d34edfb67c3121c397d5c0\logs\ExtractSeed03-19820.stderr.log; stderrBytes=0; stderrTruncated=False; stderrDroppedBytes=0
2026-06-03T18:33:52.8255155+00:00	WorkerLogSummary	ExtractSeed04	stdout=C:\Users\jimmy\Desktop\meta-bi\Samples\Demos\MetaOrchestrationHairballCliIntegration\Runs\hairball-seed-20260530\RunArtifacts\runs\20260603-183303_2d830a7422d34edfb67c3121c397d5c0\logs\ExtractSeed04-26960.stdout.log; stdoutBytes=0; stdoutTruncated=False; stdoutDroppedBytes=0; stderr=C:\Users\jimmy\Desktop\meta-bi\Samples\Demos\MetaOrchestrationHairballCliIntegration\Runs\hairball-seed-20260530\RunArtifacts\runs\20260603-183303_2d830a7422d34edfb67c3121c397d5c0\logs\ExtractSeed04-26960.stderr.log; stderrBytes=0; stderrTruncated=False; stderrDroppedBytes=0
2026-06-03T18:33:52.8259074+00:00	WorkerLogSummary	ExtractSeed05	stdout=C:\Users\jimmy\Desktop\meta-bi\Samples\Demos\MetaOrchestrationHairballCliIntegration\Runs\hairball-seed-20260530\RunArtifacts\runs\20260603-183303_2d830a7422d34edfb67c3121c397d5c0\logs\ExtractSeed05-31496.stdout.log; stdoutBytes=0; stdoutTruncated=False; stdoutDroppedBytes=0; stderr=C:\Users\jimmy\Desktop\meta-bi\Samples\Demos\MetaOrchestrationHairballCliIntegration\Runs\hairball-seed-20260530\RunArtifacts\runs\20260603-183303_2d830a7422d34edfb67c3121c397d5c0\logs\ExtractSeed05-31496.stderr.log; stderrBytes=0; stderrTruncated=False; stderrDroppedBytes=0
2026-06-03T18:33:52.8263407+00:00	WorkerLogSummary	ExtractSeed06	stdout=C:\Users\jimmy\Desktop\meta-bi\Samples\Demos\MetaOrchestrationHairballCliIntegration\Runs\hairball-seed-20260530\RunArtifacts\runs\20260603-183303_2d830a7422d34edfb67c3121c397d5c0\logs\ExtractSeed06-30452.stdout.log; stdoutBytes=0; stdoutTruncated=False; stdoutDroppedBytes=0; stderr=C:\Users\jimmy\Desktop\meta-bi\Samples\Demos\MetaOrchestrationHairballCliIntegration\Runs\hairball-seed-20260530\RunArtifacts\runs\20260603-183303_2d830a7422d34edfb67c3121c397d5c0\logs\ExtractSeed06-30452.stderr.log; stderrBytes=0; stderrTruncated=False; stderrDroppedBytes=0
2026-06-03T18:33:52.8268441+00:00	WorkerLogSummary	ExtractSeed07	stdout=C:\Users\jimmy\Desktop\meta-bi\Samples\Demos\MetaOrchestrationHairballCliIntegration\Runs\hairball-seed-20260530\RunArtifacts\runs\20260603-183303_2d830a7422d34edfb67c3121c397d5c0\logs\ExtractSeed07-25012.stdout.log; stdoutBytes=0; stdoutTruncated=False; stdoutDroppedBytes=0; stderr=C:\Users\jimmy\Desktop\meta-bi\Samples\Demos\MetaOrchestrationHairballCliIntegration\Runs\hairball-seed-20260530\RunArtifacts\runs\20260603-183303_2d830a7422d34edfb67c3121c397d5c0\logs\ExtractSeed07-25012.stderr.log; stderrBytes=0; stderrTruncated=False; stderrDroppedBytes=0
2026-06-03T18:33:52.8275640+00:00	WorkerLogSummary	ExtractSeed08	stdout=C:\Users\jimmy\Desktop\meta-bi\Samples\Demos\MetaOrchestrationHairballCliIntegration\Runs\hairball-seed-20260530\RunArtifacts\runs\20260603-183303_2d830a7422d34edfb67c3121c397d5c0\logs\ExtractSeed08-7964.stdout.log; stdoutBytes=0; stdoutTruncated=False; stdoutDroppedBytes=0; stderr=C:\Users\jimmy\Desktop\meta-bi\Samples\Demos\MetaOrchestrationHairballCliIntegration\Runs\hairball-seed-20260530\RunArtifacts\runs\20260603-183303_2d830a7422d34edfb67c3121c397d5c0\logs\ExtractSeed08-7964.stderr.log; stderrBytes=0; stderrTruncated=False; stderrDroppedBytes=0
2026-06-03T18:33:52.8282189+00:00	WorkerLogSummary	AuditHairball	stdout=C:\Users\jimmy\Desktop\meta-bi\Samples\Demos\MetaOrchestrationHairballCliIntegration\Runs\hairball-seed-20260530\RunArtifacts\runs\20260603-183303_2d830a7422d34edfb67c3121c397d5c0\logs\AuditHairball-6540.stdout.log; stdoutBytes=0; stdoutTruncated=False; stdoutDroppedBytes=0; stderr=C:\Users\jimmy\Desktop\meta-bi\Samples\Demos\MetaOrchestrationHairballCliIntegration\Runs\hairball-seed-20260530\RunArtifacts\runs\20260603-183303_2d830a7422d34edfb67c3121c397d5c0\logs\AuditHairball-6540.stderr.log; stderrBytes=0; stderrTruncated=False; stderrDroppedBytes=0
2026-06-03T18:33:52.8287437+00:00	WorkerLogSummary	BridgeL01L02	stdout=C:\Users\jimmy\Desktop\meta-bi\Samples\Demos\MetaOrchestrationHairballCliIntegration\Runs\hairball-seed-20260530\RunArtifacts\runs\20260603-183303_2d830a7422d34edfb67c3121c397d5c0\logs\BridgeL01L02-3780.stdout.log; stdoutBytes=0; stdoutTruncated=False; stdoutDroppedBytes=0; stderr=C:\Users\jimmy\Desktop\meta-bi\Samples\Demos\MetaOrchestrationHairballCliIntegration\Runs\hairball-seed-20260530\RunArtifacts\runs\20260603-183303_2d830a7422d34edfb67c3121c397d5c0\logs\BridgeL01L02-3780.stderr.log; stderrBytes=0; stderrTruncated=False; stderrDroppedBytes=0
2026-06-03T18:33:52.8296741+00:00	WorkerLogSummary	BridgeL03L04	stdout=C:\Users\jimmy\Desktop\meta-bi\Samples\Demos\MetaOrchestrationHairballCliIntegration\Runs\hairball-seed-20260530\RunArtifacts\runs\20260603-183303_2d830a7422d34edfb67c3121c397d5c0\logs\BridgeL03L04-24496.stdout.log; stdoutBytes=0; stdoutTruncated=False; stdoutDroppedBytes=0; stderr=C:\Users\jimmy\Desktop\meta-bi\Samples\Demos\MetaOrchestrationHairballCliIntegration\Runs\hairball-seed-20260530\RunArtifacts\runs\20260603-183303_2d830a7422d34edfb67c3121c397d5c0\logs\BridgeL03L04-24496.stderr.log; stderrBytes=0; stderrTruncated=False; stderrDroppedBytes=0
2026-06-03T18:33:52.8300972+00:00	WorkerLogSummary	BridgeL05L06	stdout=C:\Users\jimmy\Desktop\meta-bi\Samples\Demos\MetaOrchestrationHairballCliIntegration\Runs\hairball-seed-20260530\RunArtifacts\runs\20260603-183303_2d830a7422d34edfb67c3121c397d5c0\logs\BridgeL05L06-8152.stdout.log; stdoutBytes=0; stdoutTruncated=False; stdoutDroppedBytes=0; stderr=C:\Users\jimmy\Desktop\meta-bi\Samples\Demos\MetaOrchestrationHairballCliIntegration\Runs\hairball-seed-20260530\RunArtifacts\runs\20260603-183303_2d830a7422d34edfb67c3121c397d5c0\logs\BridgeL05L06-8152.stderr.log; stderrBytes=0; stderrTruncated=False; stderrDroppedBytes=0
2026-06-03T18:33:52.8308434+00:00	WorkerLogSummary	BridgeL07L08	stdout=C:\Users\jimmy\Desktop\meta-bi\Samples\Demos\MetaOrchestrationHairballCliIntegration\Runs\hairball-seed-20260530\RunArtifacts\runs\20260603-183303_2d830a7422d34edfb67c3121c397d5c0\logs\BridgeL07L08-30940.stdout.log; stdoutBytes=0; stdoutTruncated=False; stdoutDroppedBytes=0; stderr=C:\Users\jimmy\Desktop\meta-bi\Samples\Demos\MetaOrchestrationHairballCliIntegration\Runs\hairball-seed-20260530\RunArtifacts\runs\20260603-183303_2d830a7422d34edfb67c3121c397d5c0\logs\BridgeL07L08-30940.stderr.log; stderrBytes=0; stderrTruncated=False; stderrDroppedBytes=0
2026-06-03T18:33:52.8312370+00:00	WorkerLogSummary	CompositeMart	stdout=C:\Users\jimmy\Desktop\meta-bi\Samples\Demos\MetaOrchestrationHairballCliIntegration\Runs\hairball-seed-20260530\RunArtifacts\runs\20260603-183303_2d830a7422d34edfb67c3121c397d5c0\logs\CompositeMart-20060.stdout.log; stdoutBytes=0; stdoutTruncated=False; stdoutDroppedBytes=0; stderr=C:\Users\jimmy\Desktop\meta-bi\Samples\Demos\MetaOrchestrationHairballCliIntegration\Runs\hairball-seed-20260530\RunArtifacts\runs\20260603-183303_2d830a7422d34edfb67c3121c397d5c0\logs\CompositeMart-20060.stderr.log; stderrBytes=0; stderrTruncated=False; stderrDroppedBytes=0
2026-06-03T18:33:52.8318601+00:00	WorkerLogSummary	Layer01Hub	stdout=C:\Users\jimmy\Desktop\meta-bi\Samples\Demos\MetaOrchestrationHairballCliIntegration\Runs\hairball-seed-20260530\RunArtifacts\runs\20260603-183303_2d830a7422d34edfb67c3121c397d5c0\logs\Layer01Hub-17236.stdout.log; stdoutBytes=0; stdoutTruncated=False; stdoutDroppedBytes=0; stderr=C:\Users\jimmy\Desktop\meta-bi\Samples\Demos\MetaOrchestrationHairballCliIntegration\Runs\hairball-seed-20260530\RunArtifacts\runs\20260603-183303_2d830a7422d34edfb67c3121c397d5c0\logs\Layer01Hub-17236.stderr.log; stderrBytes=0; stderrTruncated=False; stderrDroppedBytes=0
2026-06-03T18:33:52.8322629+00:00	WorkerLogSummary	Layer01Node06	stdout=C:\Users\jimmy\Desktop\meta-bi\Samples\Demos\MetaOrchestrationHairballCliIntegration\Runs\hairball-seed-20260530\RunArtifacts\runs\20260603-183303_2d830a7422d34edfb67c3121c397d5c0\logs\Layer01Node06-24536.stdout.log; stdoutBytes=0; stdoutTruncated=False; stdoutDroppedBytes=0; stderr=C:\Users\jimmy\Desktop\meta-bi\Samples\Demos\MetaOrchestrationHairballCliIntegration\Runs\hairball-seed-20260530\RunArtifacts\runs\20260603-183303_2d830a7422d34edfb67c3121c397d5c0\logs\Layer01Node06-24536.stderr.log; stderrBytes=0; stderrTruncated=False; stderrDroppedBytes=0
2026-06-03T18:33:52.8328310+00:00	WorkerLogSummary	Layer01Node01	stdout=C:\Users\jimmy\Desktop\meta-bi\Samples\Demos\MetaOrchestrationHairballCliIntegration\Runs\hairball-seed-20260530\RunArtifacts\runs\20260603-183303_2d830a7422d34edfb67c3121c397d5c0\logs\Layer01Node01-7388.stdout.log; stdoutBytes=0; stdoutTruncated=False; stdoutDroppedBytes=0; stderr=C:\Users\jimmy\Desktop\meta-bi\Samples\Demos\MetaOrchestrationHairballCliIntegration\Runs\hairball-seed-20260530\RunArtifacts\runs\20260603-183303_2d830a7422d34edfb67c3121c397d5c0\logs\Layer01Node01-7388.stderr.log; stderrBytes=0; stderrTruncated=False; stderrDroppedBytes=0
2026-06-03T18:33:52.8332591+00:00	WorkerLogSummary	Layer01Node07	stdout=C:\Users\jimmy\Desktop\meta-bi\Samples\Demos\MetaOrchestrationHairballCliIntegration\Runs\hairball-seed-20260530\RunArtifacts\runs\20260603-183303_2d830a7422d34edfb67c3121c397d5c0\logs\Layer01Node07-6796.stdout.log; stdoutBytes=0; stdoutTruncated=False; stdoutDroppedBytes=0; stderr=C:\Users\jimmy\Desktop\meta-bi\Samples\Demos\MetaOrchestrationHairballCliIntegration\Runs\hairball-seed-20260530\RunArtifacts\runs\20260603-183303_2d830a7422d34edfb67c3121c397d5c0\logs\Layer01Node07-6796.stderr.log; stderrBytes=0; stderrTruncated=False; stderrDroppedBytes=0
2026-06-03T18:33:52.8338768+00:00	WorkerLogSummary	Layer03Node09	stdout=C:\Users\jimmy\Desktop\meta-bi\Samples\Demos\MetaOrchestrationHairballCliIntegration\Runs\hairball-seed-20260530\RunArtifacts\runs\20260603-183303_2d830a7422d34edfb67c3121c397d5c0\logs\Layer03Node09-29728.stdout.log; stdoutBytes=0; stdoutTruncated=False; stdoutDroppedBytes=0; stderr=C:\Users\jimmy\Desktop\meta-bi\Samples\Demos\MetaOrchestrationHairballCliIntegration\Runs\hairball-seed-20260530\RunArtifacts\runs\20260603-183303_2d830a7422d34edfb67c3121c397d5c0\logs\Layer03Node09-29728.stderr.log; stderrBytes=0; stderrTruncated=False; stderrDroppedBytes=0
2026-06-03T18:33:52.8343608+00:00	WorkerLogSummary	Layer01Node02	stdout=C:\Users\jimmy\Desktop\meta-bi\Samples\Demos\MetaOrchestrationHairballCliIntegration\Runs\hairball-seed-20260530\RunArtifacts\runs\20260603-183303_2d830a7422d34edfb67c3121c397d5c0\logs\Layer01Node02-24212.stdout.log; stdoutBytes=0; stdoutTruncated=False; stdoutDroppedBytes=0; stderr=C:\Users\jimmy\Desktop\meta-bi\Samples\Demos\MetaOrchestrationHairballCliIntegration\Runs\hairball-seed-20260530\RunArtifacts\runs\20260603-183303_2d830a7422d34edfb67c3121c397d5c0\logs\Layer01Node02-24212.stderr.log; stderrBytes=0; stderrTruncated=False; stderrDroppedBytes=0
2026-06-03T18:33:52.8348979+00:00	WorkerLogSummary	Layer02Node03	stdout=C:\Users\jimmy\Desktop\meta-bi\Samples\Demos\MetaOrchestrationHairballCliIntegration\Runs\hairball-seed-20260530\RunArtifacts\runs\20260603-183303_2d830a7422d34edfb67c3121c397d5c0\logs\Layer02Node03-9128.stdout.log; stdoutBytes=0; stdoutTruncated=False; stdoutDroppedBytes=0; stderr=C:\Users\jimmy\Desktop\meta-bi\Samples\Demos\MetaOrchestrationHairballCliIntegration\Runs\hairball-seed-20260530\RunArtifacts\runs\20260603-183303_2d830a7422d34edfb67c3121c397d5c0\logs\Layer02Node03-9128.stderr.log; stderrBytes=0; stderrTruncated=False; stderrDroppedBytes=0
2026-06-03T18:33:52.8354546+00:00	WorkerLogSummary	AuditHairball	stdout=C:\Users\jimmy\Desktop\meta-bi\Samples\Demos\MetaOrchestrationHairballCliIntegration\Runs\hairball-seed-20260530\RunArtifacts\runs\20260603-183303_2d830a7422d34edfb67c3121c397d5c0\logs\AuditHairball-23972.stdout.log; stdoutBytes=0; stdoutTruncated=False; stdoutDroppedBytes=0; stderr=C:\Users\jimmy\Desktop\meta-bi\Samples\Demos\MetaOrchestrationHairballCliIntegration\Runs\hairball-seed-20260530\RunArtifacts\runs\20260603-183303_2d830a7422d34edfb67c3121c397d5c0\logs\AuditHairball-23972.stderr.log; stderrBytes=0; stderrTruncated=False; stderrDroppedBytes=0
2026-06-03T18:33:52.8358933+00:00	WorkerLogSummary	Layer01Node04	stdout=C:\Users\jimmy\Desktop\meta-bi\Samples\Demos\MetaOrchestrationHairballCliIntegration\Runs\hairball-seed-20260530\RunArtifacts\runs\20260603-183303_2d830a7422d34edfb67c3121c397d5c0\logs\Layer01Node04-26252.stdout.log; stdoutBytes=0; stdoutTruncated=False; stdoutDroppedBytes=0; stderr=C:\Users\jimmy\Desktop\meta-bi\Samples\Demos\MetaOrchestrationHairballCliIntegration\Runs\hairball-seed-20260530\RunArtifacts\runs\20260603-183303_2d830a7422d34edfb67c3121c397d5c0\logs\Layer01Node04-26252.stderr.log; stderrBytes=0; stderrTruncated=False; stderrDroppedBytes=0
2026-06-03T18:33:52.8363937+00:00	WorkerLogSummary	Layer01Node03	stdout=C:\Users\jimmy\Desktop\meta-bi\Samples\Demos\MetaOrchestrationHairballCliIntegration\Runs\hairball-seed-20260530\RunArtifacts\runs\20260603-183303_2d830a7422d34edfb67c3121c397d5c0\logs\Layer01Node03-26692.stdout.log; stdoutBytes=0; stdoutTruncated=False; stdoutDroppedBytes=0; stderr=C:\Users\jimmy\Desktop\meta-bi\Samples\Demos\MetaOrchestrationHairballCliIntegration\Runs\hairball-seed-20260530\RunArtifacts\runs\20260603-183303_2d830a7422d34edfb67c3121c397d5c0\logs\Layer01Node03-26692.stderr.log; stderrBytes=0; stderrTruncated=False; stderrDroppedBytes=0
2026-06-03T18:33:52.8367148+00:00	WorkerLogSummary	Layer01Node05	stdout=C:\Users\jimmy\Desktop\meta-bi\Samples\Demos\MetaOrchestrationHairballCliIntegration\Runs\hairball-seed-20260530\RunArtifacts\runs\20260603-183303_2d830a7422d34edfb67c3121c397d5c0\logs\Layer01Node05-20624.stdout.log; stdoutBytes=0; stdoutTruncated=False; stdoutDroppedBytes=0; stderr=C:\Users\jimmy\Desktop\meta-bi\Samples\Demos\MetaOrchestrationHairballCliIntegration\Runs\hairball-seed-20260530\RunArtifacts\runs\20260603-183303_2d830a7422d34edfb67c3121c397d5c0\logs\Layer01Node05-20624.stderr.log; stderrBytes=0; stderrTruncated=False; stderrDroppedBytes=0
2026-06-03T18:33:52.8370511+00:00	WorkerLogSummary	Layer01Node09	stdout=C:\Users\jimmy\Desktop\meta-bi\Samples\Demos\MetaOrchestrationHairballCliIntegration\Runs\hairball-seed-20260530\RunArtifacts\runs\20260603-183303_2d830a7422d34edfb67c3121c397d5c0\logs\Layer01Node09-19632.stdout.log; stdoutBytes=0; stdoutTruncated=False; stdoutDroppedBytes=0; stderr=C:\Users\jimmy\Desktop\meta-bi\Samples\Demos\MetaOrchestrationHairballCliIntegration\Runs\hairball-seed-20260530\RunArtifacts\runs\20260603-183303_2d830a7422d34edfb67c3121c397d5c0\logs\Layer01Node09-19632.stderr.log; stderrBytes=0; stderrTruncated=False; stderrDroppedBytes=0
2026-06-03T18:33:52.8373968+00:00	WorkerLogSummary	BridgeL01L02	stdout=C:\Users\jimmy\Desktop\meta-bi\Samples\Demos\MetaOrchestrationHairballCliIntegration\Runs\hairball-seed-20260530\RunArtifacts\runs\20260603-183303_2d830a7422d34edfb67c3121c397d5c0\logs\BridgeL01L02-7816.stdout.log; stdoutBytes=0; stdoutTruncated=False; stdoutDroppedBytes=0; stderr=C:\Users\jimmy\Desktop\meta-bi\Samples\Demos\MetaOrchestrationHairballCliIntegration\Runs\hairball-seed-20260530\RunArtifacts\runs\20260603-183303_2d830a7422d34edfb67c3121c397d5c0\logs\BridgeL01L02-7816.stderr.log; stderrBytes=0; stderrTruncated=False; stderrDroppedBytes=0
2026-06-03T18:33:52.8380353+00:00	WorkerLogSummary	BridgeL03L04	stdout=C:\Users\jimmy\Desktop\meta-bi\Samples\Demos\MetaOrchestrationHairballCliIntegration\Runs\hairball-seed-20260530\RunArtifacts\runs\20260603-183303_2d830a7422d34edfb67c3121c397d5c0\logs\BridgeL03L04-652.stdout.log; stdoutBytes=0; stdoutTruncated=False; stdoutDroppedBytes=0; stderr=C:\Users\jimmy\Desktop\meta-bi\Samples\Demos\MetaOrchestrationHairballCliIntegration\Runs\hairball-seed-20260530\RunArtifacts\runs\20260603-183303_2d830a7422d34edfb67c3121c397d5c0\logs\BridgeL03L04-652.stderr.log; stderrBytes=0; stderrTruncated=False; stderrDroppedBytes=0
2026-06-03T18:33:52.8384621+00:00	WorkerLogSummary	BridgeL05L06	stdout=C:\Users\jimmy\Desktop\meta-bi\Samples\Demos\MetaOrchestrationHairballCliIntegration\Runs\hairball-seed-20260530\RunArtifacts\runs\20260603-183303_2d830a7422d34edfb67c3121c397d5c0\logs\BridgeL05L06-30532.stdout.log; stdoutBytes=0; stdoutTruncated=False; stdoutDroppedBytes=0; stderr=C:\Users\jimmy\Desktop\meta-bi\Samples\Demos\MetaOrchestrationHairballCliIntegration\Runs\hairball-seed-20260530\RunArtifacts\runs\20260603-183303_2d830a7422d34edfb67c3121c397d5c0\logs\BridgeL05L06-30532.stderr.log; stderrBytes=0; stderrTruncated=False; stderrDroppedBytes=0
2026-06-03T18:33:52.8388419+00:00	WorkerLogSummary	Layer01Node08	stdout=C:\Users\jimmy\Desktop\meta-bi\Samples\Demos\MetaOrchestrationHairballCliIntegration\Runs\hairball-seed-20260530\RunArtifacts\runs\20260603-183303_2d830a7422d34edfb67c3121c397d5c0\logs\Layer01Node08-31524.stdout.log; stdoutBytes=0; stdoutTruncated=False; stdoutDroppedBytes=0; stderr=C:\Users\jimmy\Desktop\meta-bi\Samples\Demos\MetaOrchestrationHairballCliIntegration\Runs\hairball-seed-20260530\RunArtifacts\runs\20260603-183303_2d830a7422d34edfb67c3121c397d5c0\logs\Layer01Node08-31524.stderr.log; stderrBytes=0; stderrTruncated=False; stderrDroppedBytes=0
2026-06-03T18:33:52.8392134+00:00	WorkerLogSummary	Layer02Hub	stdout=C:\Users\jimmy\Desktop\meta-bi\Samples\Demos\MetaOrchestrationHairballCliIntegration\Runs\hairball-seed-20260530\RunArtifacts\runs\20260603-183303_2d830a7422d34edfb67c3121c397d5c0\logs\Layer02Hub-25536.stdout.log; stdoutBytes=0; stdoutTruncated=False; stdoutDroppedBytes=0; stderr=C:\Users\jimmy\Desktop\meta-bi\Samples\Demos\MetaOrchestrationHairballCliIntegration\Runs\hairball-seed-20260530\RunArtifacts\runs\20260603-183303_2d830a7422d34edfb67c3121c397d5c0\logs\Layer02Hub-25536.stderr.log; stderrBytes=0; stderrTruncated=False; stderrDroppedBytes=0
2026-06-03T18:33:52.8398246+00:00	WorkerLogSummary	Layer02Node05	stdout=C:\Users\jimmy\Desktop\meta-bi\Samples\Demos\MetaOrchestrationHairballCliIntegration\Runs\hairball-seed-20260530\RunArtifacts\runs\20260603-183303_2d830a7422d34edfb67c3121c397d5c0\logs\Layer02Node05-15624.stdout.log; stdoutBytes=0; stdoutTruncated=False; stdoutDroppedBytes=0; stderr=C:\Users\jimmy\Desktop\meta-bi\Samples\Demos\MetaOrchestrationHairballCliIntegration\Runs\hairball-seed-20260530\RunArtifacts\runs\20260603-183303_2d830a7422d34edfb67c3121c397d5c0\logs\Layer02Node05-15624.stderr.log; stderrBytes=0; stderrTruncated=False; stderrDroppedBytes=0
2026-06-03T18:33:52.8404815+00:00	WorkerLogSummary	Layer02Node01	stdout=C:\Users\jimmy\Desktop\meta-bi\Samples\Demos\MetaOrchestrationHairballCliIntegration\Runs\hairball-seed-20260530\RunArtifacts\runs\20260603-183303_2d830a7422d34edfb67c3121c397d5c0\logs\Layer02Node01-2556.stdout.log; stdoutBytes=0; stdoutTruncated=False; stdoutDroppedBytes=0; stderr=C:\Users\jimmy\Desktop\meta-bi\Samples\Demos\MetaOrchestrationHairballCliIntegration\Runs\hairball-seed-20260530\RunArtifacts\runs\20260603-183303_2d830a7422d34edfb67c3121c397d5c0\logs\Layer02Node01-2556.stderr.log; stderrBytes=0; stderrTruncated=False; stderrDroppedBytes=0
2026-06-03T18:33:52.8409065+00:00	WorkerLogSummary	Layer02Node02	stdout=C:\Users\jimmy\Desktop\meta-bi\Samples\Demos\MetaOrchestrationHairballCliIntegration\Runs\hairball-seed-20260530\RunArtifacts\runs\20260603-183303_2d830a7422d34edfb67c3121c397d5c0\logs\Layer02Node02-17324.stdout.log; stdoutBytes=0; stdoutTruncated=False; stdoutDroppedBytes=0; stderr=C:\Users\jimmy\Desktop\meta-bi\Samples\Demos\MetaOrchestrationHairballCliIntegration\Runs\hairball-seed-20260530\RunArtifacts\runs\20260603-183303_2d830a7422d34edfb67c3121c397d5c0\logs\Layer02Node02-17324.stderr.log; stderrBytes=0; stderrTruncated=False; stderrDroppedBytes=0
2026-06-03T18:33:52.8413167+00:00	WorkerLogSummary	Layer02Node04	stdout=C:\Users\jimmy\Desktop\meta-bi\Samples\Demos\MetaOrchestrationHairballCliIntegration\Runs\hairball-seed-20260530\RunArtifacts\runs\20260603-183303_2d830a7422d34edfb67c3121c397d5c0\logs\Layer02Node04-25204.stdout.log; stdoutBytes=0; stdoutTruncated=False; stdoutDroppedBytes=0; stderr=C:\Users\jimmy\Desktop\meta-bi\Samples\Demos\MetaOrchestrationHairballCliIntegration\Runs\hairball-seed-20260530\RunArtifacts\runs\20260603-183303_2d830a7422d34edfb67c3121c397d5c0\logs\Layer02Node04-25204.stderr.log; stderrBytes=0; stderrTruncated=False; stderrDroppedBytes=0
2026-06-03T18:33:52.8416741+00:00	WorkerLogSummary	Layer02Node08	stdout=C:\Users\jimmy\Desktop\meta-bi\Samples\Demos\MetaOrchestrationHairballCliIntegration\Runs\hairball-seed-20260530\RunArtifacts\runs\20260603-183303_2d830a7422d34edfb67c3121c397d5c0\logs\Layer02Node08-28020.stdout.log; stdoutBytes=0; stdoutTruncated=False; stdoutDroppedBytes=0; stderr=C:\Users\jimmy\Desktop\meta-bi\Samples\Demos\MetaOrchestrationHairballCliIntegration\Runs\hairball-seed-20260530\RunArtifacts\runs\20260603-183303_2d830a7422d34edfb67c3121c397d5c0\logs\Layer02Node08-28020.stderr.log; stderrBytes=0; stderrTruncated=False; stderrDroppedBytes=0
2026-06-03T18:33:52.8421898+00:00	WorkerLogSummary	AuditHairball	stdout=C:\Users\jimmy\Desktop\meta-bi\Samples\Demos\MetaOrchestrationHairballCliIntegration\Runs\hairball-seed-20260530\RunArtifacts\runs\20260603-183303_2d830a7422d34edfb67c3121c397d5c0\logs\AuditHairball-31540.stdout.log; stdoutBytes=0; stdoutTruncated=False; stdoutDroppedBytes=0; stderr=C:\Users\jimmy\Desktop\meta-bi\Samples\Demos\MetaOrchestrationHairballCliIntegration\Runs\hairball-seed-20260530\RunArtifacts\runs\20260603-183303_2d830a7422d34edfb67c3121c397d5c0\logs\AuditHairball-31540.stderr.log; stderrBytes=0; stderrTruncated=False; stderrDroppedBytes=0
2026-06-03T18:33:52.8426534+00:00	WorkerLogSummary	Layer02Node06	stdout=C:\Users\jimmy\Desktop\meta-bi\Samples\Demos\MetaOrchestrationHairballCliIntegration\Runs\hairball-seed-20260530\RunArtifacts\runs\20260603-183303_2d830a7422d34edfb67c3121c397d5c0\logs\Layer02Node06-16220.stdout.log; stdoutBytes=0; stdoutTruncated=False; stdoutDroppedBytes=0; stderr=C:\Users\jimmy\Desktop\meta-bi\Samples\Demos\MetaOrchestrationHairballCliIntegration\Runs\hairball-seed-20260530\RunArtifacts\runs\20260603-183303_2d830a7422d34edfb67c3121c397d5c0\logs\Layer02Node06-16220.stderr.log; stderrBytes=0; stderrTruncated=False; stderrDroppedBytes=0
2026-06-03T18:33:52.8430273+00:00	WorkerLogSummary	Layer03Node02	stdout=C:\Users\jimmy\Desktop\meta-bi\Samples\Demos\MetaOrchestrationHairballCliIntegration\Runs\hairball-seed-20260530\RunArtifacts\runs\20260603-183303_2d830a7422d34edfb67c3121c397d5c0\logs\Layer03Node02-29812.stdout.log; stdoutBytes=0; stdoutTruncated=False; stdoutDroppedBytes=0; stderr=C:\Users\jimmy\Desktop\meta-bi\Samples\Demos\MetaOrchestrationHairballCliIntegration\Runs\hairball-seed-20260530\RunArtifacts\runs\20260603-183303_2d830a7422d34edfb67c3121c397d5c0\logs\Layer03Node02-29812.stderr.log; stderrBytes=0; stderrTruncated=False; stderrDroppedBytes=0
2026-06-03T18:33:52.8434989+00:00	WorkerLogSummary	Layer03Node03	stdout=C:\Users\jimmy\Desktop\meta-bi\Samples\Demos\MetaOrchestrationHairballCliIntegration\Runs\hairball-seed-20260530\RunArtifacts\runs\20260603-183303_2d830a7422d34edfb67c3121c397d5c0\logs\Layer03Node03-3452.stdout.log; stdoutBytes=0; stdoutTruncated=False; stdoutDroppedBytes=0; stderr=C:\Users\jimmy\Desktop\meta-bi\Samples\Demos\MetaOrchestrationHairballCliIntegration\Runs\hairball-seed-20260530\RunArtifacts\runs\20260603-183303_2d830a7422d34edfb67c3121c397d5c0\logs\Layer03Node03-3452.stderr.log; stderrBytes=0; stderrTruncated=False; stderrDroppedBytes=0
2026-06-03T18:33:52.8440027+00:00	WorkerLogSummary	Layer03Node10	stdout=C:\Users\jimmy\Desktop\meta-bi\Samples\Demos\MetaOrchestrationHairballCliIntegration\Runs\hairball-seed-20260530\RunArtifacts\runs\20260603-183303_2d830a7422d34edfb67c3121c397d5c0\logs\Layer03Node10-26044.stdout.log; stdoutBytes=0; stdoutTruncated=False; stdoutDroppedBytes=0; stderr=C:\Users\jimmy\Desktop\meta-bi\Samples\Demos\MetaOrchestrationHairballCliIntegration\Runs\hairball-seed-20260530\RunArtifacts\runs\20260603-183303_2d830a7422d34edfb67c3121c397d5c0\logs\Layer03Node10-26044.stderr.log; stderrBytes=0; stderrTruncated=False; stderrDroppedBytes=0
2026-06-03T18:33:52.8444459+00:00	WorkerLogSummary	Layer06Node02	stdout=C:\Users\jimmy\Desktop\meta-bi\Samples\Demos\MetaOrchestrationHairballCliIntegration\Runs\hairball-seed-20260530\RunArtifacts\runs\20260603-183303_2d830a7422d34edfb67c3121c397d5c0\logs\Layer06Node02-23232.stdout.log; stdoutBytes=0; stdoutTruncated=False; stdoutDroppedBytes=0; stderr=C:\Users\jimmy\Desktop\meta-bi\Samples\Demos\MetaOrchestrationHairballCliIntegration\Runs\hairball-seed-20260530\RunArtifacts\runs\20260603-183303_2d830a7422d34edfb67c3121c397d5c0\logs\Layer06Node02-23232.stderr.log; stderrBytes=0; stderrTruncated=False; stderrDroppedBytes=0
2026-06-03T18:33:52.8448754+00:00	WorkerLogSummary	BridgeL01L02	stdout=C:\Users\jimmy\Desktop\meta-bi\Samples\Demos\MetaOrchestrationHairballCliIntegration\Runs\hairball-seed-20260530\RunArtifacts\runs\20260603-183303_2d830a7422d34edfb67c3121c397d5c0\logs\BridgeL01L02-10316.stdout.log; stdoutBytes=0; stdoutTruncated=False; stdoutDroppedBytes=0; stderr=C:\Users\jimmy\Desktop\meta-bi\Samples\Demos\MetaOrchestrationHairballCliIntegration\Runs\hairball-seed-20260530\RunArtifacts\runs\20260603-183303_2d830a7422d34edfb67c3121c397d5c0\logs\BridgeL01L02-10316.stderr.log; stderrBytes=0; stderrTruncated=False; stderrDroppedBytes=0
2026-06-03T18:33:52.8452860+00:00	WorkerLogSummary	BridgeL03L04	stdout=C:\Users\jimmy\Desktop\meta-bi\Samples\Demos\MetaOrchestrationHairballCliIntegration\Runs\hairball-seed-20260530\RunArtifacts\runs\20260603-183303_2d830a7422d34edfb67c3121c397d5c0\logs\BridgeL03L04-20496.stdout.log; stdoutBytes=0; stdoutTruncated=False; stdoutDroppedBytes=0; stderr=C:\Users\jimmy\Desktop\meta-bi\Samples\Demos\MetaOrchestrationHairballCliIntegration\Runs\hairball-seed-20260530\RunArtifacts\runs\20260603-183303_2d830a7422d34edfb67c3121c397d5c0\logs\BridgeL03L04-20496.stderr.log; stderrBytes=0; stderrTruncated=False; stderrDroppedBytes=0
2026-06-03T18:33:52.8456707+00:00	WorkerLogSummary	BridgeL05L06	stdout=C:\Users\jimmy\Desktop\meta-bi\Samples\Demos\MetaOrchestrationHairballCliIntegration\Runs\hairball-seed-20260530\RunArtifacts\runs\20260603-183303_2d830a7422d34edfb67c3121c397d5c0\logs\BridgeL05L06-456.stdout.log; stdoutBytes=0; stdoutTruncated=False; stdoutDroppedBytes=0; stderr=C:\Users\jimmy\Desktop\meta-bi\Samples\Demos\MetaOrchestrationHairballCliIntegration\Runs\hairball-seed-20260530\RunArtifacts\runs\20260603-183303_2d830a7422d34edfb67c3121c397d5c0\logs\BridgeL05L06-456.stderr.log; stderrBytes=0; stderrTruncated=False; stderrDroppedBytes=0
2026-06-03T18:33:52.8460561+00:00	WorkerLogSummary	Layer02Node07	stdout=C:\Users\jimmy\Desktop\meta-bi\Samples\Demos\MetaOrchestrationHairballCliIntegration\Runs\hairball-seed-20260530\RunArtifacts\runs\20260603-183303_2d830a7422d34edfb67c3121c397d5c0\logs\Layer02Node07-29088.stdout.log; stdoutBytes=0; stdoutTruncated=False; stdoutDroppedBytes=0; stderr=C:\Users\jimmy\Desktop\meta-bi\Samples\Demos\MetaOrchestrationHairballCliIntegration\Runs\hairball-seed-20260530\RunArtifacts\runs\20260603-183303_2d830a7422d34edfb67c3121c397d5c0\logs\Layer02Node07-29088.stderr.log; stderrBytes=0; stderrTruncated=False; stderrDroppedBytes=0
2026-06-03T18:33:52.8467553+00:00	WorkerLogSummary	BridgeL07L08	stdout=C:\Users\jimmy\Desktop\meta-bi\Samples\Demos\MetaOrchestrationHairballCliIntegration\Runs\hairball-seed-20260530\RunArtifacts\runs\20260603-183303_2d830a7422d34edfb67c3121c397d5c0\logs\BridgeL07L08-28436.stdout.log; stdoutBytes=0; stdoutTruncated=False; stdoutDroppedBytes=0; stderr=C:\Users\jimmy\Desktop\meta-bi\Samples\Demos\MetaOrchestrationHairballCliIntegration\Runs\hairball-seed-20260530\RunArtifacts\runs\20260603-183303_2d830a7422d34edfb67c3121c397d5c0\logs\BridgeL07L08-28436.stderr.log; stderrBytes=0; stderrTruncated=False; stderrDroppedBytes=0
2026-06-03T18:33:52.8471672+00:00	WorkerLogSummary	Layer03Node06	stdout=C:\Users\jimmy\Desktop\meta-bi\Samples\Demos\MetaOrchestrationHairballCliIntegration\Runs\hairball-seed-20260530\RunArtifacts\runs\20260603-183303_2d830a7422d34edfb67c3121c397d5c0\logs\Layer03Node06-26148.stdout.log; stdoutBytes=0; stdoutTruncated=False; stdoutDroppedBytes=0; stderr=C:\Users\jimmy\Desktop\meta-bi\Samples\Demos\MetaOrchestrationHairballCliIntegration\Runs\hairball-seed-20260530\RunArtifacts\runs\20260603-183303_2d830a7422d34edfb67c3121c397d5c0\logs\Layer03Node06-26148.stderr.log; stderrBytes=0; stderrTruncated=False; stderrDroppedBytes=0
2026-06-03T18:33:52.8475587+00:00	WorkerLogSummary	Layer04Node03	stdout=C:\Users\jimmy\Desktop\meta-bi\Samples\Demos\MetaOrchestrationHairballCliIntegration\Runs\hairball-seed-20260530\RunArtifacts\runs\20260603-183303_2d830a7422d34edfb67c3121c397d5c0\logs\Layer04Node03-30248.stdout.log; stdoutBytes=0; stdoutTruncated=False; stdoutDroppedBytes=0; stderr=C:\Users\jimmy\Desktop\meta-bi\Samples\Demos\MetaOrchestrationHairballCliIntegration\Runs\hairball-seed-20260530\RunArtifacts\runs\20260603-183303_2d830a7422d34edfb67c3121c397d5c0\logs\Layer04Node03-30248.stderr.log; stderrBytes=0; stderrTruncated=False; stderrDroppedBytes=0
2026-06-03T18:33:52.8480223+00:00	WorkerLogSummary	Layer06Node06	stdout=C:\Users\jimmy\Desktop\meta-bi\Samples\Demos\MetaOrchestrationHairballCliIntegration\Runs\hairball-seed-20260530\RunArtifacts\runs\20260603-183303_2d830a7422d34edfb67c3121c397d5c0\logs\Layer06Node06-12268.stdout.log; stdoutBytes=0; stdoutTruncated=False; stdoutDroppedBytes=0; stderr=C:\Users\jimmy\Desktop\meta-bi\Samples\Demos\MetaOrchestrationHairballCliIntegration\Runs\hairball-seed-20260530\RunArtifacts\runs\20260603-183303_2d830a7422d34edfb67c3121c397d5c0\logs\Layer06Node06-12268.stderr.log; stderrBytes=0; stderrTruncated=False; stderrDroppedBytes=0
2026-06-03T18:33:52.8484891+00:00	WorkerLogSummary	Layer06Node09	stdout=C:\Users\jimmy\Desktop\meta-bi\Samples\Demos\MetaOrchestrationHairballCliIntegration\Runs\hairball-seed-20260530\RunArtifacts\runs\20260603-183303_2d830a7422d34edfb67c3121c397d5c0\logs\Layer06Node09-15884.stdout.log; stdoutBytes=0; stdoutTruncated=False; stdoutDroppedBytes=0; stderr=C:\Users\jimmy\Desktop\meta-bi\Samples\Demos\MetaOrchestrationHairballCliIntegration\Runs\hairball-seed-20260530\RunArtifacts\runs\20260603-183303_2d830a7422d34edfb67c3121c397d5c0\logs\Layer06Node09-15884.stderr.log; stderrBytes=0; stderrTruncated=False; stderrDroppedBytes=0
2026-06-03T18:33:52.8491691+00:00	WorkerLogSummary	AuditHairball	stdout=C:\Users\jimmy\Desktop\meta-bi\Samples\Demos\MetaOrchestrationHairballCliIntegration\Runs\hairball-seed-20260530\RunArtifacts\runs\20260603-183303_2d830a7422d34edfb67c3121c397d5c0\logs\AuditHairball-24368.stdout.log; stdoutBytes=0; stdoutTruncated=False; stdoutDroppedBytes=0; stderr=C:\Users\jimmy\Desktop\meta-bi\Samples\Demos\MetaOrchestrationHairballCliIntegration\Runs\hairball-seed-20260530\RunArtifacts\runs\20260603-183303_2d830a7422d34edfb67c3121c397d5c0\logs\AuditHairball-24368.stderr.log; stderrBytes=0; stderrTruncated=False; stderrDroppedBytes=0
2026-06-03T18:33:52.8497209+00:00	WorkerLogSummary	CompositeMart	stdout=C:\Users\jimmy\Desktop\meta-bi\Samples\Demos\MetaOrchestrationHairballCliIntegration\Runs\hairball-seed-20260530\RunArtifacts\runs\20260603-183303_2d830a7422d34edfb67c3121c397d5c0\logs\CompositeMart-19832.stdout.log; stdoutBytes=0; stdoutTruncated=False; stdoutDroppedBytes=0; stderr=C:\Users\jimmy\Desktop\meta-bi\Samples\Demos\MetaOrchestrationHairballCliIntegration\Runs\hairball-seed-20260530\RunArtifacts\runs\20260603-183303_2d830a7422d34edfb67c3121c397d5c0\logs\CompositeMart-19832.stderr.log; stderrBytes=0; stderrTruncated=False; stderrDroppedBytes=0
2026-06-03T18:33:52.8501671+00:00	WorkerLogSummary	Layer02Hub	stdout=C:\Users\jimmy\Desktop\meta-bi\Samples\Demos\MetaOrchestrationHairballCliIntegration\Runs\hairball-seed-20260530\RunArtifacts\runs\20260603-183303_2d830a7422d34edfb67c3121c397d5c0\logs\Layer02Hub-5964.stdout.log; stdoutBytes=0; stdoutTruncated=False; stdoutDroppedBytes=0; stderr=C:\Users\jimmy\Desktop\meta-bi\Samples\Demos\MetaOrchestrationHairballCliIntegration\Runs\hairball-seed-20260530\RunArtifacts\runs\20260603-183303_2d830a7422d34edfb67c3121c397d5c0\logs\Layer02Hub-5964.stderr.log; stderrBytes=0; stderrTruncated=False; stderrDroppedBytes=0
2026-06-03T18:33:52.8505958+00:00	WorkerLogSummary	Layer03Hub	stdout=C:\Users\jimmy\Desktop\meta-bi\Samples\Demos\MetaOrchestrationHairballCliIntegration\Runs\hairball-seed-20260530\RunArtifacts\runs\20260603-183303_2d830a7422d34edfb67c3121c397d5c0\logs\Layer03Hub-7804.stdout.log; stdoutBytes=0; stdoutTruncated=False; stdoutDroppedBytes=0; stderr=C:\Users\jimmy\Desktop\meta-bi\Samples\Demos\MetaOrchestrationHairballCliIntegration\Runs\hairball-seed-20260530\RunArtifacts\runs\20260603-183303_2d830a7422d34edfb67c3121c397d5c0\logs\Layer03Hub-7804.stderr.log; stderrBytes=0; stderrTruncated=False; stderrDroppedBytes=0
2026-06-03T18:33:52.8510855+00:00	WorkerLogSummary	Layer03Node07	stdout=C:\Users\jimmy\Desktop\meta-bi\Samples\Demos\MetaOrchestrationHairballCliIntegration\Runs\hairball-seed-20260530\RunArtifacts\runs\20260603-183303_2d830a7422d34edfb67c3121c397d5c0\logs\Layer03Node07-29692.stdout.log; stdoutBytes=0; stdoutTruncated=False; stdoutDroppedBytes=0; stderr=C:\Users\jimmy\Desktop\meta-bi\Samples\Demos\MetaOrchestrationHairballCliIntegration\Runs\hairball-seed-20260530\RunArtifacts\runs\20260603-183303_2d830a7422d34edfb67c3121c397d5c0\logs\Layer03Node07-29692.stderr.log; stderrBytes=0; stderrTruncated=False; stderrDroppedBytes=0
2026-06-03T18:33:52.8516349+00:00	WorkerLogSummary	BridgeL01L02	stdout=C:\Users\jimmy\Desktop\meta-bi\Samples\Demos\MetaOrchestrationHairballCliIntegration\Runs\hairball-seed-20260530\RunArtifacts\runs\20260603-183303_2d830a7422d34edfb67c3121c397d5c0\logs\BridgeL01L02-23932.stdout.log; stdoutBytes=0; stdoutTruncated=False; stdoutDroppedBytes=0; stderr=C:\Users\jimmy\Desktop\meta-bi\Samples\Demos\MetaOrchestrationHairballCliIntegration\Runs\hairball-seed-20260530\RunArtifacts\runs\20260603-183303_2d830a7422d34edfb67c3121c397d5c0\logs\BridgeL01L02-23932.stderr.log; stderrBytes=0; stderrTruncated=False; stderrDroppedBytes=0
2026-06-03T18:33:52.8521005+00:00	WorkerLogSummary	BridgeL03L04	stdout=C:\Users\jimmy\Desktop\meta-bi\Samples\Demos\MetaOrchestrationHairballCliIntegration\Runs\hairball-seed-20260530\RunArtifacts\runs\20260603-183303_2d830a7422d34edfb67c3121c397d5c0\logs\BridgeL03L04-29036.stdout.log; stdoutBytes=0; stdoutTruncated=False; stdoutDroppedBytes=0; stderr=C:\Users\jimmy\Desktop\meta-bi\Samples\Demos\MetaOrchestrationHairballCliIntegration\Runs\hairball-seed-20260530\RunArtifacts\runs\20260603-183303_2d830a7422d34edfb67c3121c397d5c0\logs\BridgeL03L04-29036.stderr.log; stderrBytes=0; stderrTruncated=False; stderrDroppedBytes=0
2026-06-03T18:33:52.8525127+00:00	WorkerLogSummary	BridgeL05L06	stdout=C:\Users\jimmy\Desktop\meta-bi\Samples\Demos\MetaOrchestrationHairballCliIntegration\Runs\hairball-seed-20260530\RunArtifacts\runs\20260603-183303_2d830a7422d34edfb67c3121c397d5c0\logs\BridgeL05L06-5732.stdout.log; stdoutBytes=0; stdoutTruncated=False; stdoutDroppedBytes=0; stderr=C:\Users\jimmy\Desktop\meta-bi\Samples\Demos\MetaOrchestrationHairballCliIntegration\Runs\hairball-seed-20260530\RunArtifacts\runs\20260603-183303_2d830a7422d34edfb67c3121c397d5c0\logs\BridgeL05L06-5732.stderr.log; stderrBytes=0; stderrTruncated=False; stderrDroppedBytes=0
2026-06-03T18:33:52.8528802+00:00	WorkerLogSummary	BridgeL07L08	stdout=C:\Users\jimmy\Desktop\meta-bi\Samples\Demos\MetaOrchestrationHairballCliIntegration\Runs\hairball-seed-20260530\RunArtifacts\runs\20260603-183303_2d830a7422d34edfb67c3121c397d5c0\logs\BridgeL07L08-2648.stdout.log; stdoutBytes=0; stdoutTruncated=False; stdoutDroppedBytes=0; stderr=C:\Users\jimmy\Desktop\meta-bi\Samples\Demos\MetaOrchestrationHairballCliIntegration\Runs\hairball-seed-20260530\RunArtifacts\runs\20260603-183303_2d830a7422d34edfb67c3121c397d5c0\logs\BridgeL07L08-2648.stderr.log; stderrBytes=0; stderrTruncated=False; stderrDroppedBytes=0
2026-06-03T18:33:52.8532993+00:00	WorkerLogSummary	Layer03Node01	stdout=C:\Users\jimmy\Desktop\meta-bi\Samples\Demos\MetaOrchestrationHairballCliIntegration\Runs\hairball-seed-20260530\RunArtifacts\runs\20260603-183303_2d830a7422d34edfb67c3121c397d5c0\logs\Layer03Node01-2520.stdout.log; stdoutBytes=0; stdoutTruncated=False; stdoutDroppedBytes=0; stderr=C:\Users\jimmy\Desktop\meta-bi\Samples\Demos\MetaOrchestrationHairballCliIntegration\Runs\hairball-seed-20260530\RunArtifacts\runs\20260603-183303_2d830a7422d34edfb67c3121c397d5c0\logs\Layer03Node01-2520.stderr.log; stderrBytes=0; stderrTruncated=False; stderrDroppedBytes=0
2026-06-03T18:33:52.8536470+00:00	WorkerLogSummary	Layer03Node04	stdout=C:\Users\jimmy\Desktop\meta-bi\Samples\Demos\MetaOrchestrationHairballCliIntegration\Runs\hairball-seed-20260530\RunArtifacts\runs\20260603-183303_2d830a7422d34edfb67c3121c397d5c0\logs\Layer03Node04-12356.stdout.log; stdoutBytes=0; stdoutTruncated=False; stdoutDroppedBytes=0; stderr=C:\Users\jimmy\Desktop\meta-bi\Samples\Demos\MetaOrchestrationHairballCliIntegration\Runs\hairball-seed-20260530\RunArtifacts\runs\20260603-183303_2d830a7422d34edfb67c3121c397d5c0\logs\Layer03Node04-12356.stderr.log; stderrBytes=0; stderrTruncated=False; stderrDroppedBytes=0
2026-06-03T18:33:52.8539682+00:00	WorkerLogSummary	Layer03Node05	stdout=C:\Users\jimmy\Desktop\meta-bi\Samples\Demos\MetaOrchestrationHairballCliIntegration\Runs\hairball-seed-20260530\RunArtifacts\runs\20260603-183303_2d830a7422d34edfb67c3121c397d5c0\logs\Layer03Node05-12736.stdout.log; stdoutBytes=0; stdoutTruncated=False; stdoutDroppedBytes=0; stderr=C:\Users\jimmy\Desktop\meta-bi\Samples\Demos\MetaOrchestrationHairballCliIntegration\Runs\hairball-seed-20260530\RunArtifacts\runs\20260603-183303_2d830a7422d34edfb67c3121c397d5c0\logs\Layer03Node05-12736.stderr.log; stderrBytes=0; stderrTruncated=False; stderrDroppedBytes=0
2026-06-03T18:33:52.8543041+00:00	WorkerLogSummary	Layer04Node04	stdout=C:\Users\jimmy\Desktop\meta-bi\Samples\Demos\MetaOrchestrationHairballCliIntegration\Runs\hairball-seed-20260530\RunArtifacts\runs\20260603-183303_2d830a7422d34edfb67c3121c397d5c0\logs\Layer04Node04-25508.stdout.log; stdoutBytes=0; stdoutTruncated=False; stdoutDroppedBytes=0; stderr=C:\Users\jimmy\Desktop\meta-bi\Samples\Demos\MetaOrchestrationHairballCliIntegration\Runs\hairball-seed-20260530\RunArtifacts\runs\20260603-183303_2d830a7422d34edfb67c3121c397d5c0\logs\Layer04Node04-25508.stderr.log; stderrBytes=0; stderrTruncated=False; stderrDroppedBytes=0
2026-06-03T18:33:52.8550983+00:00	WorkerLogSummary	AuditHairball	stdout=C:\Users\jimmy\Desktop\meta-bi\Samples\Demos\MetaOrchestrationHairballCliIntegration\Runs\hairball-seed-20260530\RunArtifacts\runs\20260603-183303_2d830a7422d34edfb67c3121c397d5c0\logs\AuditHairball-5452.stdout.log; stdoutBytes=0; stdoutTruncated=False; stdoutDroppedBytes=0; stderr=C:\Users\jimmy\Desktop\meta-bi\Samples\Demos\MetaOrchestrationHairballCliIntegration\Runs\hairball-seed-20260530\RunArtifacts\runs\20260603-183303_2d830a7422d34edfb67c3121c397d5c0\logs\AuditHairball-5452.stderr.log; stderrBytes=0; stderrTruncated=False; stderrDroppedBytes=0
2026-06-03T18:33:52.8554256+00:00	WorkerLogSummary	Layer03Node08	stdout=C:\Users\jimmy\Desktop\meta-bi\Samples\Demos\MetaOrchestrationHairballCliIntegration\Runs\hairball-seed-20260530\RunArtifacts\runs\20260603-183303_2d830a7422d34edfb67c3121c397d5c0\logs\Layer03Node08-14648.stdout.log; stdoutBytes=0; stdoutTruncated=False; stdoutDroppedBytes=0; stderr=C:\Users\jimmy\Desktop\meta-bi\Samples\Demos\MetaOrchestrationHairballCliIntegration\Runs\hairball-seed-20260530\RunArtifacts\runs\20260603-183303_2d830a7422d34edfb67c3121c397d5c0\logs\Layer03Node08-14648.stderr.log; stderrBytes=0; stderrTruncated=False; stderrDroppedBytes=0
2026-06-03T18:33:52.8557922+00:00	WorkerLogSummary	CompositeMart	stdout=C:\Users\jimmy\Desktop\meta-bi\Samples\Demos\MetaOrchestrationHairballCliIntegration\Runs\hairball-seed-20260530\RunArtifacts\runs\20260603-183303_2d830a7422d34edfb67c3121c397d5c0\logs\CompositeMart-14496.stdout.log; stdoutBytes=0; stdoutTruncated=False; stdoutDroppedBytes=0; stderr=C:\Users\jimmy\Desktop\meta-bi\Samples\Demos\MetaOrchestrationHairballCliIntegration\Runs\hairball-seed-20260530\RunArtifacts\runs\20260603-183303_2d830a7422d34edfb67c3121c397d5c0\logs\CompositeMart-14496.stderr.log; stderrBytes=0; stderrTruncated=False; stderrDroppedBytes=0
2026-06-03T18:33:52.8561192+00:00	WorkerLogSummary	Layer03Hub	stdout=C:\Users\jimmy\Desktop\meta-bi\Samples\Demos\MetaOrchestrationHairballCliIntegration\Runs\hairball-seed-20260530\RunArtifacts\runs\20260603-183303_2d830a7422d34edfb67c3121c397d5c0\logs\Layer03Hub-4768.stdout.log; stdoutBytes=0; stdoutTruncated=False; stdoutDroppedBytes=0; stderr=C:\Users\jimmy\Desktop\meta-bi\Samples\Demos\MetaOrchestrationHairballCliIntegration\Runs\hairball-seed-20260530\RunArtifacts\runs\20260603-183303_2d830a7422d34edfb67c3121c397d5c0\logs\Layer03Hub-4768.stderr.log; stderrBytes=0; stderrTruncated=False; stderrDroppedBytes=0
2026-06-03T18:33:52.8564440+00:00	WorkerLogSummary	Layer08Node07	stdout=C:\Users\jimmy\Desktop\meta-bi\Samples\Demos\MetaOrchestrationHairballCliIntegration\Runs\hairball-seed-20260530\RunArtifacts\runs\20260603-183303_2d830a7422d34edfb67c3121c397d5c0\logs\Layer08Node07-16368.stdout.log; stdoutBytes=0; stdoutTruncated=False; stdoutDroppedBytes=0; stderr=C:\Users\jimmy\Desktop\meta-bi\Samples\Demos\MetaOrchestrationHairballCliIntegration\Runs\hairball-seed-20260530\RunArtifacts\runs\20260603-183303_2d830a7422d34edfb67c3121c397d5c0\logs\Layer08Node07-16368.stderr.log; stderrBytes=0; stderrTruncated=False; stderrDroppedBytes=0
2026-06-03T18:33:52.8571138+00:00	WorkerLogSummary	BridgeL03L04	stdout=C:\Users\jimmy\Desktop\meta-bi\Samples\Demos\MetaOrchestrationHairballCliIntegration\Runs\hairball-seed-20260530\RunArtifacts\runs\20260603-183303_2d830a7422d34edfb67c3121c397d5c0\logs\BridgeL03L04-29324.stdout.log; stdoutBytes=0; stdoutTruncated=False; stdoutDroppedBytes=0; stderr=C:\Users\jimmy\Desktop\meta-bi\Samples\Demos\MetaOrchestrationHairballCliIntegration\Runs\hairball-seed-20260530\RunArtifacts\runs\20260603-183303_2d830a7422d34edfb67c3121c397d5c0\logs\BridgeL03L04-29324.stderr.log; stderrBytes=0; stderrTruncated=False; stderrDroppedBytes=0
2026-06-03T18:33:52.8574894+00:00	WorkerLogSummary	Layer04Node06	stdout=C:\Users\jimmy\Desktop\meta-bi\Samples\Demos\MetaOrchestrationHairballCliIntegration\Runs\hairball-seed-20260530\RunArtifacts\runs\20260603-183303_2d830a7422d34edfb67c3121c397d5c0\logs\Layer04Node06-24388.stdout.log; stdoutBytes=0; stdoutTruncated=False; stdoutDroppedBytes=0; stderr=C:\Users\jimmy\Desktop\meta-bi\Samples\Demos\MetaOrchestrationHairballCliIntegration\Runs\hairball-seed-20260530\RunArtifacts\runs\20260603-183303_2d830a7422d34edfb67c3121c397d5c0\logs\Layer04Node06-24388.stderr.log; stderrBytes=0; stderrTruncated=False; stderrDroppedBytes=0
2026-06-03T18:33:52.8578651+00:00	WorkerLogSummary	Layer04Node09	stdout=C:\Users\jimmy\Desktop\meta-bi\Samples\Demos\MetaOrchestrationHairballCliIntegration\Runs\hairball-seed-20260530\RunArtifacts\runs\20260603-183303_2d830a7422d34edfb67c3121c397d5c0\logs\Layer04Node09-2560.stdout.log; stdoutBytes=0; stdoutTruncated=False; stdoutDroppedBytes=0; stderr=C:\Users\jimmy\Desktop\meta-bi\Samples\Demos\MetaOrchestrationHairballCliIntegration\Runs\hairball-seed-20260530\RunArtifacts\runs\20260603-183303_2d830a7422d34edfb67c3121c397d5c0\logs\Layer04Node09-2560.stderr.log; stderrBytes=0; stderrTruncated=False; stderrDroppedBytes=0
2026-06-03T18:33:52.8584034+00:00	WorkerLogSummary	Layer07Node02	stdout=C:\Users\jimmy\Desktop\meta-bi\Samples\Demos\MetaOrchestrationHairballCliIntegration\Runs\hairball-seed-20260530\RunArtifacts\runs\20260603-183303_2d830a7422d34edfb67c3121c397d5c0\logs\Layer07Node02-22000.stdout.log; stdoutBytes=0; stdoutTruncated=False; stdoutDroppedBytes=0; stderr=C:\Users\jimmy\Desktop\meta-bi\Samples\Demos\MetaOrchestrationHairballCliIntegration\Runs\hairball-seed-20260530\RunArtifacts\runs\20260603-183303_2d830a7422d34edfb67c3121c397d5c0\logs\Layer07Node02-22000.stderr.log; stderrBytes=0; stderrTruncated=False; stderrDroppedBytes=0
2026-06-03T18:33:52.8587696+00:00	WorkerLogSummary	BridgeL05L06	stdout=C:\Users\jimmy\Desktop\meta-bi\Samples\Demos\MetaOrchestrationHairballCliIntegration\Runs\hairball-seed-20260530\RunArtifacts\runs\20260603-183303_2d830a7422d34edfb67c3121c397d5c0\logs\BridgeL05L06-5524.stdout.log; stdoutBytes=0; stdoutTruncated=False; stdoutDroppedBytes=0; stderr=C:\Users\jimmy\Desktop\meta-bi\Samples\Demos\MetaOrchestrationHairballCliIntegration\Runs\hairball-seed-20260530\RunArtifacts\runs\20260603-183303_2d830a7422d34edfb67c3121c397d5c0\logs\BridgeL05L06-5524.stderr.log; stderrBytes=0; stderrTruncated=False; stderrDroppedBytes=0
2026-06-03T18:33:52.8590943+00:00	WorkerLogSummary	Layer06Node03	stdout=C:\Users\jimmy\Desktop\meta-bi\Samples\Demos\MetaOrchestrationHairballCliIntegration\Runs\hairball-seed-20260530\RunArtifacts\runs\20260603-183303_2d830a7422d34edfb67c3121c397d5c0\logs\Layer06Node03-7704.stdout.log; stdoutBytes=0; stdoutTruncated=False; stdoutDroppedBytes=0; stderr=C:\Users\jimmy\Desktop\meta-bi\Samples\Demos\MetaOrchestrationHairballCliIntegration\Runs\hairball-seed-20260530\RunArtifacts\runs\20260603-183303_2d830a7422d34edfb67c3121c397d5c0\logs\Layer06Node03-7704.stderr.log; stderrBytes=0; stderrTruncated=False; stderrDroppedBytes=0
2026-06-03T18:33:52.8595474+00:00	WorkerLogSummary	BridgeL07L08	stdout=C:\Users\jimmy\Desktop\meta-bi\Samples\Demos\MetaOrchestrationHairballCliIntegration\Runs\hairball-seed-20260530\RunArtifacts\runs\20260603-183303_2d830a7422d34edfb67c3121c397d5c0\logs\BridgeL07L08-31356.stdout.log; stdoutBytes=0; stdoutTruncated=False; stdoutDroppedBytes=0; stderr=C:\Users\jimmy\Desktop\meta-bi\Samples\Demos\MetaOrchestrationHairballCliIntegration\Runs\hairball-seed-20260530\RunArtifacts\runs\20260603-183303_2d830a7422d34edfb67c3121c397d5c0\logs\BridgeL07L08-31356.stderr.log; stderrBytes=0; stderrTruncated=False; stderrDroppedBytes=0
2026-06-03T18:33:52.8598934+00:00	WorkerLogSummary	Layer04Node07	stdout=C:\Users\jimmy\Desktop\meta-bi\Samples\Demos\MetaOrchestrationHairballCliIntegration\Runs\hairball-seed-20260530\RunArtifacts\runs\20260603-183303_2d830a7422d34edfb67c3121c397d5c0\logs\Layer04Node07-30064.stdout.log; stdoutBytes=0; stdoutTruncated=False; stdoutDroppedBytes=0; stderr=C:\Users\jimmy\Desktop\meta-bi\Samples\Demos\MetaOrchestrationHairballCliIntegration\Runs\hairball-seed-20260530\RunArtifacts\runs\20260603-183303_2d830a7422d34edfb67c3121c397d5c0\logs\Layer04Node07-30064.stderr.log; stderrBytes=0; stderrTruncated=False; stderrDroppedBytes=0
2026-06-03T18:33:52.8602436+00:00	WorkerLogSummary	Layer04Node01	stdout=C:\Users\jimmy\Desktop\meta-bi\Samples\Demos\MetaOrchestrationHairballCliIntegration\Runs\hairball-seed-20260530\RunArtifacts\runs\20260603-183303_2d830a7422d34edfb67c3121c397d5c0\logs\Layer04Node01-23388.stdout.log; stdoutBytes=0; stdoutTruncated=False; stdoutDroppedBytes=0; stderr=C:\Users\jimmy\Desktop\meta-bi\Samples\Demos\MetaOrchestrationHairballCliIntegration\Runs\hairball-seed-20260530\RunArtifacts\runs\20260603-183303_2d830a7422d34edfb67c3121c397d5c0\logs\Layer04Node01-23388.stderr.log; stderrBytes=0; stderrTruncated=False; stderrDroppedBytes=0
2026-06-03T18:33:52.8609452+00:00	WorkerLogSummary	Layer04Node02	stdout=C:\Users\jimmy\Desktop\meta-bi\Samples\Demos\MetaOrchestrationHairballCliIntegration\Runs\hairball-seed-20260530\RunArtifacts\runs\20260603-183303_2d830a7422d34edfb67c3121c397d5c0\logs\Layer04Node02-20936.stdout.log; stdoutBytes=0; stdoutTruncated=False; stdoutDroppedBytes=0; stderr=C:\Users\jimmy\Desktop\meta-bi\Samples\Demos\MetaOrchestrationHairballCliIntegration\Runs\hairball-seed-20260530\RunArtifacts\runs\20260603-183303_2d830a7422d34edfb67c3121c397d5c0\logs\Layer04Node02-20936.stderr.log; stderrBytes=0; stderrTruncated=False; stderrDroppedBytes=0
2026-06-03T18:33:52.8613562+00:00	WorkerLogSummary	Layer04Node05	stdout=C:\Users\jimmy\Desktop\meta-bi\Samples\Demos\MetaOrchestrationHairballCliIntegration\Runs\hairball-seed-20260530\RunArtifacts\runs\20260603-183303_2d830a7422d34edfb67c3121c397d5c0\logs\Layer04Node05-26748.stdout.log; stdoutBytes=0; stdoutTruncated=False; stdoutDroppedBytes=0; stderr=C:\Users\jimmy\Desktop\meta-bi\Samples\Demos\MetaOrchestrationHairballCliIntegration\Runs\hairball-seed-20260530\RunArtifacts\runs\20260603-183303_2d830a7422d34edfb67c3121c397d5c0\logs\Layer04Node05-26748.stderr.log; stderrBytes=0; stderrTruncated=False; stderrDroppedBytes=0
2026-06-03T18:33:52.8616827+00:00	WorkerLogSummary	Layer04Node08	stdout=C:\Users\jimmy\Desktop\meta-bi\Samples\Demos\MetaOrchestrationHairballCliIntegration\Runs\hairball-seed-20260530\RunArtifacts\runs\20260603-183303_2d830a7422d34edfb67c3121c397d5c0\logs\Layer04Node08-29828.stdout.log; stdoutBytes=0; stdoutTruncated=False; stdoutDroppedBytes=0; stderr=C:\Users\jimmy\Desktop\meta-bi\Samples\Demos\MetaOrchestrationHairballCliIntegration\Runs\hairball-seed-20260530\RunArtifacts\runs\20260603-183303_2d830a7422d34edfb67c3121c397d5c0\logs\Layer04Node08-29828.stderr.log; stderrBytes=0; stderrTruncated=False; stderrDroppedBytes=0
2026-06-03T18:33:52.8619914+00:00	WorkerLogSummary	Layer05Node02	stdout=C:\Users\jimmy\Desktop\meta-bi\Samples\Demos\MetaOrchestrationHairballCliIntegration\Runs\hairball-seed-20260530\RunArtifacts\runs\20260603-183303_2d830a7422d34edfb67c3121c397d5c0\logs\Layer05Node02-20268.stdout.log; stdoutBytes=0; stdoutTruncated=False; stdoutDroppedBytes=0; stderr=C:\Users\jimmy\Desktop\meta-bi\Samples\Demos\MetaOrchestrationHairballCliIntegration\Runs\hairball-seed-20260530\RunArtifacts\runs\20260603-183303_2d830a7422d34edfb67c3121c397d5c0\logs\Layer05Node02-20268.stderr.log; stderrBytes=0; stderrTruncated=False; stderrDroppedBytes=0
2026-06-03T18:33:52.8622968+00:00	WorkerLogSummary	Layer05Node03	stdout=C:\Users\jimmy\Desktop\meta-bi\Samples\Demos\MetaOrchestrationHairballCliIntegration\Runs\hairball-seed-20260530\RunArtifacts\runs\20260603-183303_2d830a7422d34edfb67c3121c397d5c0\logs\Layer05Node03-24808.stdout.log; stdoutBytes=0; stdoutTruncated=False; stdoutDroppedBytes=0; stderr=C:\Users\jimmy\Desktop\meta-bi\Samples\Demos\MetaOrchestrationHairballCliIntegration\Runs\hairball-seed-20260530\RunArtifacts\runs\20260603-183303_2d830a7422d34edfb67c3121c397d5c0\logs\Layer05Node03-24808.stderr.log; stderrBytes=0; stderrTruncated=False; stderrDroppedBytes=0
2026-06-03T18:33:52.8626206+00:00	WorkerLogSummary	Layer07Node07	stdout=C:\Users\jimmy\Desktop\meta-bi\Samples\Demos\MetaOrchestrationHairballCliIntegration\Runs\hairball-seed-20260530\RunArtifacts\runs\20260603-183303_2d830a7422d34edfb67c3121c397d5c0\logs\Layer07Node07-29120.stdout.log; stdoutBytes=0; stdoutTruncated=False; stdoutDroppedBytes=0; stderr=C:\Users\jimmy\Desktop\meta-bi\Samples\Demos\MetaOrchestrationHairballCliIntegration\Runs\hairball-seed-20260530\RunArtifacts\runs\20260603-183303_2d830a7422d34edfb67c3121c397d5c0\logs\Layer07Node07-29120.stderr.log; stderrBytes=0; stderrTruncated=False; stderrDroppedBytes=0
2026-06-03T18:33:52.8629832+00:00	WorkerLogSummary	AuditHairball	stdout=C:\Users\jimmy\Desktop\meta-bi\Samples\Demos\MetaOrchestrationHairballCliIntegration\Runs\hairball-seed-20260530\RunArtifacts\runs\20260603-183303_2d830a7422d34edfb67c3121c397d5c0\logs\AuditHairball-3512.stdout.log; stdoutBytes=0; stdoutTruncated=False; stdoutDroppedBytes=0; stderr=C:\Users\jimmy\Desktop\meta-bi\Samples\Demos\MetaOrchestrationHairballCliIntegration\Runs\hairball-seed-20260530\RunArtifacts\runs\20260603-183303_2d830a7422d34edfb67c3121c397d5c0\logs\AuditHairball-3512.stderr.log; stderrBytes=0; stderrTruncated=False; stderrDroppedBytes=0
2026-06-03T18:33:52.8633043+00:00	WorkerLogSummary	BridgeL03L04	stdout=C:\Users\jimmy\Desktop\meta-bi\Samples\Demos\MetaOrchestrationHairballCliIntegration\Runs\hairball-seed-20260530\RunArtifacts\runs\20260603-183303_2d830a7422d34edfb67c3121c397d5c0\logs\BridgeL03L04-19788.stdout.log; stdoutBytes=0; stdoutTruncated=False; stdoutDroppedBytes=0; stderr=C:\Users\jimmy\Desktop\meta-bi\Samples\Demos\MetaOrchestrationHairballCliIntegration\Runs\hairball-seed-20260530\RunArtifacts\runs\20260603-183303_2d830a7422d34edfb67c3121c397d5c0\logs\BridgeL03L04-19788.stderr.log; stderrBytes=0; stderrTruncated=False; stderrDroppedBytes=0
2026-06-03T18:33:52.8636375+00:00	WorkerLogSummary	CompositeMart	stdout=C:\Users\jimmy\Desktop\meta-bi\Samples\Demos\MetaOrchestrationHairballCliIntegration\Runs\hairball-seed-20260530\RunArtifacts\runs\20260603-183303_2d830a7422d34edfb67c3121c397d5c0\logs\CompositeMart-14964.stdout.log; stdoutBytes=0; stdoutTruncated=False; stdoutDroppedBytes=0; stderr=C:\Users\jimmy\Desktop\meta-bi\Samples\Demos\MetaOrchestrationHairballCliIntegration\Runs\hairball-seed-20260530\RunArtifacts\runs\20260603-183303_2d830a7422d34edfb67c3121c397d5c0\logs\CompositeMart-14964.stderr.log; stderrBytes=0; stderrTruncated=False; stderrDroppedBytes=0
2026-06-03T18:33:52.8639620+00:00	WorkerLogSummary	Layer04Hub	stdout=C:\Users\jimmy\Desktop\meta-bi\Samples\Demos\MetaOrchestrationHairballCliIntegration\Runs\hairball-seed-20260530\RunArtifacts\runs\20260603-183303_2d830a7422d34edfb67c3121c397d5c0\logs\Layer04Hub-412.stdout.log; stdoutBytes=0; stdoutTruncated=False; stdoutDroppedBytes=0; stderr=C:\Users\jimmy\Desktop\meta-bi\Samples\Demos\MetaOrchestrationHairballCliIntegration\Runs\hairball-seed-20260530\RunArtifacts\runs\20260603-183303_2d830a7422d34edfb67c3121c397d5c0\logs\Layer04Hub-412.stderr.log; stderrBytes=0; stderrTruncated=False; stderrDroppedBytes=0
2026-06-03T18:33:52.8642697+00:00	WorkerLogSummary	Layer05Node07	stdout=C:\Users\jimmy\Desktop\meta-bi\Samples\Demos\MetaOrchestrationHairballCliIntegration\Runs\hairball-seed-20260530\RunArtifacts\runs\20260603-183303_2d830a7422d34edfb67c3121c397d5c0\logs\Layer05Node07-25512.stdout.log; stdoutBytes=0; stdoutTruncated=False; stdoutDroppedBytes=0; stderr=C:\Users\jimmy\Desktop\meta-bi\Samples\Demos\MetaOrchestrationHairballCliIntegration\Runs\hairball-seed-20260530\RunArtifacts\runs\20260603-183303_2d830a7422d34edfb67c3121c397d5c0\logs\Layer05Node07-25512.stderr.log; stderrBytes=0; stderrTruncated=False; stderrDroppedBytes=0
2026-06-03T18:33:52.8646431+00:00	WorkerLogSummary	Layer07Node04	stdout=C:\Users\jimmy\Desktop\meta-bi\Samples\Demos\MetaOrchestrationHairballCliIntegration\Runs\hairball-seed-20260530\RunArtifacts\runs\20260603-183303_2d830a7422d34edfb67c3121c397d5c0\logs\Layer07Node04-19000.stdout.log; stdoutBytes=0; stdoutTruncated=False; stdoutDroppedBytes=0; stderr=C:\Users\jimmy\Desktop\meta-bi\Samples\Demos\MetaOrchestrationHairballCliIntegration\Runs\hairball-seed-20260530\RunArtifacts\runs\20260603-183303_2d830a7422d34edfb67c3121c397d5c0\logs\Layer07Node04-19000.stderr.log; stderrBytes=0; stderrTruncated=False; stderrDroppedBytes=0
2026-06-03T18:33:52.8650095+00:00	WorkerLogSummary	Layer08Node05	stdout=C:\Users\jimmy\Desktop\meta-bi\Samples\Demos\MetaOrchestrationHairballCliIntegration\Runs\hairball-seed-20260530\RunArtifacts\runs\20260603-183303_2d830a7422d34edfb67c3121c397d5c0\logs\Layer08Node05-26628.stdout.log; stdoutBytes=0; stdoutTruncated=False; stdoutDroppedBytes=0; stderr=C:\Users\jimmy\Desktop\meta-bi\Samples\Demos\MetaOrchestrationHairballCliIntegration\Runs\hairball-seed-20260530\RunArtifacts\runs\20260603-183303_2d830a7422d34edfb67c3121c397d5c0\logs\Layer08Node05-26628.stderr.log; stderrBytes=0; stderrTruncated=False; stderrDroppedBytes=0
2026-06-03T18:33:52.8653323+00:00	WorkerLogSummary	Layer05Hub	stdout=C:\Users\jimmy\Desktop\meta-bi\Samples\Demos\MetaOrchestrationHairballCliIntegration\Runs\hairball-seed-20260530\RunArtifacts\runs\20260603-183303_2d830a7422d34edfb67c3121c397d5c0\logs\Layer05Hub-28596.stdout.log; stdoutBytes=0; stdoutTruncated=False; stdoutDroppedBytes=0; stderr=C:\Users\jimmy\Desktop\meta-bi\Samples\Demos\MetaOrchestrationHairballCliIntegration\Runs\hairball-seed-20260530\RunArtifacts\runs\20260603-183303_2d830a7422d34edfb67c3121c397d5c0\logs\Layer05Hub-28596.stderr.log; stderrBytes=0; stderrTruncated=False; stderrDroppedBytes=0
2026-06-03T18:33:52.8656659+00:00	WorkerLogSummary	Layer06Node04	stdout=C:\Users\jimmy\Desktop\meta-bi\Samples\Demos\MetaOrchestrationHairballCliIntegration\Runs\hairball-seed-20260530\RunArtifacts\runs\20260603-183303_2d830a7422d34edfb67c3121c397d5c0\logs\Layer06Node04-21640.stdout.log; stdoutBytes=0; stdoutTruncated=False; stdoutDroppedBytes=0; stderr=C:\Users\jimmy\Desktop\meta-bi\Samples\Demos\MetaOrchestrationHairballCliIntegration\Runs\hairball-seed-20260530\RunArtifacts\runs\20260603-183303_2d830a7422d34edfb67c3121c397d5c0\logs\Layer06Node04-21640.stderr.log; stderrBytes=0; stderrTruncated=False; stderrDroppedBytes=0
2026-06-03T18:33:52.8660419+00:00	WorkerLogSummary	AuditHairball	stdout=C:\Users\jimmy\Desktop\meta-bi\Samples\Demos\MetaOrchestrationHairballCliIntegration\Runs\hairball-seed-20260530\RunArtifacts\runs\20260603-183303_2d830a7422d34edfb67c3121c397d5c0\logs\AuditHairball-30836.stdout.log; stdoutBytes=0; stdoutTruncated=False; stdoutDroppedBytes=0; stderr=C:\Users\jimmy\Desktop\meta-bi\Samples\Demos\MetaOrchestrationHairballCliIntegration\Runs\hairball-seed-20260530\RunArtifacts\runs\20260603-183303_2d830a7422d34edfb67c3121c397d5c0\logs\AuditHairball-30836.stderr.log; stderrBytes=0; stderrTruncated=False; stderrDroppedBytes=0
2026-06-03T18:33:52.8667625+00:00	WorkerLogSummary	BridgeL03L04	stdout=C:\Users\jimmy\Desktop\meta-bi\Samples\Demos\MetaOrchestrationHairballCliIntegration\Runs\hairball-seed-20260530\RunArtifacts\runs\20260603-183303_2d830a7422d34edfb67c3121c397d5c0\logs\BridgeL03L04-644.stdout.log; stdoutBytes=0; stdoutTruncated=False; stdoutDroppedBytes=0; stderr=C:\Users\jimmy\Desktop\meta-bi\Samples\Demos\MetaOrchestrationHairballCliIntegration\Runs\hairball-seed-20260530\RunArtifacts\runs\20260603-183303_2d830a7422d34edfb67c3121c397d5c0\logs\BridgeL03L04-644.stderr.log; stderrBytes=0; stderrTruncated=False; stderrDroppedBytes=0
2026-06-03T18:33:52.8671121+00:00	WorkerLogSummary	BridgeL05L06	stdout=C:\Users\jimmy\Desktop\meta-bi\Samples\Demos\MetaOrchestrationHairballCliIntegration\Runs\hairball-seed-20260530\RunArtifacts\runs\20260603-183303_2d830a7422d34edfb67c3121c397d5c0\logs\BridgeL05L06-22316.stdout.log; stdoutBytes=0; stdoutTruncated=False; stdoutDroppedBytes=0; stderr=C:\Users\jimmy\Desktop\meta-bi\Samples\Demos\MetaOrchestrationHairballCliIntegration\Runs\hairball-seed-20260530\RunArtifacts\runs\20260603-183303_2d830a7422d34edfb67c3121c397d5c0\logs\BridgeL05L06-22316.stderr.log; stderrBytes=0; stderrTruncated=False; stderrDroppedBytes=0
2026-06-03T18:33:52.8676537+00:00	WorkerLogSummary	BridgeL07L08	stdout=C:\Users\jimmy\Desktop\meta-bi\Samples\Demos\MetaOrchestrationHairballCliIntegration\Runs\hairball-seed-20260530\RunArtifacts\runs\20260603-183303_2d830a7422d34edfb67c3121c397d5c0\logs\BridgeL07L08-31388.stdout.log; stdoutBytes=0; stdoutTruncated=False; stdoutDroppedBytes=0; stderr=C:\Users\jimmy\Desktop\meta-bi\Samples\Demos\MetaOrchestrationHairballCliIntegration\Runs\hairball-seed-20260530\RunArtifacts\runs\20260603-183303_2d830a7422d34edfb67c3121c397d5c0\logs\BridgeL07L08-31388.stderr.log; stderrBytes=0; stderrTruncated=False; stderrDroppedBytes=0
2026-06-03T18:33:52.8681752+00:00	WorkerLogSummary	Layer05Node01	stdout=C:\Users\jimmy\Desktop\meta-bi\Samples\Demos\MetaOrchestrationHairballCliIntegration\Runs\hairball-seed-20260530\RunArtifacts\runs\20260603-183303_2d830a7422d34edfb67c3121c397d5c0\logs\Layer05Node01-14692.stdout.log; stdoutBytes=0; stdoutTruncated=False; stdoutDroppedBytes=0; stderr=C:\Users\jimmy\Desktop\meta-bi\Samples\Demos\MetaOrchestrationHairballCliIntegration\Runs\hairball-seed-20260530\RunArtifacts\runs\20260603-183303_2d830a7422d34edfb67c3121c397d5c0\logs\Layer05Node01-14692.stderr.log; stderrBytes=0; stderrTruncated=False; stderrDroppedBytes=0
2026-06-03T18:33:52.8687950+00:00	WorkerLogSummary	Layer07Node08	stdout=C:\Users\jimmy\Desktop\meta-bi\Samples\Demos\MetaOrchestrationHairballCliIntegration\Runs\hairball-seed-20260530\RunArtifacts\runs\20260603-183303_2d830a7422d34edfb67c3121c397d5c0\logs\Layer07Node08-17712.stdout.log; stdoutBytes=0; stdoutTruncated=False; stdoutDroppedBytes=0; stderr=C:\Users\jimmy\Desktop\meta-bi\Samples\Demos\MetaOrchestrationHairballCliIntegration\Runs\hairball-seed-20260530\RunArtifacts\runs\20260603-183303_2d830a7422d34edfb67c3121c397d5c0\logs\Layer07Node08-17712.stderr.log; stderrBytes=0; stderrTruncated=False; stderrDroppedBytes=0
2026-06-03T18:33:52.8694197+00:00	WorkerLogSummary	Layer06Node01	stdout=C:\Users\jimmy\Desktop\meta-bi\Samples\Demos\MetaOrchestrationHairballCliIntegration\Runs\hairball-seed-20260530\RunArtifacts\runs\20260603-183303_2d830a7422d34edfb67c3121c397d5c0\logs\Layer06Node01-30404.stdout.log; stdoutBytes=0; stdoutTruncated=False; stdoutDroppedBytes=0; stderr=C:\Users\jimmy\Desktop\meta-bi\Samples\Demos\MetaOrchestrationHairballCliIntegration\Runs\hairball-seed-20260530\RunArtifacts\runs\20260603-183303_2d830a7422d34edfb67c3121c397d5c0\logs\Layer06Node01-30404.stderr.log; stderrBytes=0; stderrTruncated=False; stderrDroppedBytes=0
2026-06-03T18:33:52.8701475+00:00	WorkerLogSummary	Layer06Node07	stdout=C:\Users\jimmy\Desktop\meta-bi\Samples\Demos\MetaOrchestrationHairballCliIntegration\Runs\hairball-seed-20260530\RunArtifacts\runs\20260603-183303_2d830a7422d34edfb67c3121c397d5c0\logs\Layer06Node07-25252.stdout.log; stdoutBytes=0; stdoutTruncated=False; stdoutDroppedBytes=0; stderr=C:\Users\jimmy\Desktop\meta-bi\Samples\Demos\MetaOrchestrationHairballCliIntegration\Runs\hairball-seed-20260530\RunArtifacts\runs\20260603-183303_2d830a7422d34edfb67c3121c397d5c0\logs\Layer06Node07-25252.stderr.log; stderrBytes=0; stderrTruncated=False; stderrDroppedBytes=0
2026-06-03T18:33:52.8705009+00:00	WorkerLogSummary	Layer06Node10	stdout=C:\Users\jimmy\Desktop\meta-bi\Samples\Demos\MetaOrchestrationHairballCliIntegration\Runs\hairball-seed-20260530\RunArtifacts\runs\20260603-183303_2d830a7422d34edfb67c3121c397d5c0\logs\Layer06Node10-27700.stdout.log; stdoutBytes=0; stdoutTruncated=False; stdoutDroppedBytes=0; stderr=C:\Users\jimmy\Desktop\meta-bi\Samples\Demos\MetaOrchestrationHairballCliIntegration\Runs\hairball-seed-20260530\RunArtifacts\runs\20260603-183303_2d830a7422d34edfb67c3121c397d5c0\logs\Layer06Node10-27700.stderr.log; stderrBytes=0; stderrTruncated=False; stderrDroppedBytes=0
2026-06-03T18:33:52.8708554+00:00	WorkerLogSummary	Layer05Node04	stdout=C:\Users\jimmy\Desktop\meta-bi\Samples\Demos\MetaOrchestrationHairballCliIntegration\Runs\hairball-seed-20260530\RunArtifacts\runs\20260603-183303_2d830a7422d34edfb67c3121c397d5c0\logs\Layer05Node04-19620.stdout.log; stdoutBytes=0; stdoutTruncated=False; stdoutDroppedBytes=0; stderr=C:\Users\jimmy\Desktop\meta-bi\Samples\Demos\MetaOrchestrationHairballCliIntegration\Runs\hairball-seed-20260530\RunArtifacts\runs\20260603-183303_2d830a7422d34edfb67c3121c397d5c0\logs\Layer05Node04-19620.stderr.log; stderrBytes=0; stderrTruncated=False; stderrDroppedBytes=0
2026-06-03T18:33:52.8711972+00:00	WorkerLogSummary	Layer08Node06	stdout=C:\Users\jimmy\Desktop\meta-bi\Samples\Demos\MetaOrchestrationHairballCliIntegration\Runs\hairball-seed-20260530\RunArtifacts\runs\20260603-183303_2d830a7422d34edfb67c3121c397d5c0\logs\Layer08Node06-26388.stdout.log; stdoutBytes=0; stdoutTruncated=False; stdoutDroppedBytes=0; stderr=C:\Users\jimmy\Desktop\meta-bi\Samples\Demos\MetaOrchestrationHairballCliIntegration\Runs\hairball-seed-20260530\RunArtifacts\runs\20260603-183303_2d830a7422d34edfb67c3121c397d5c0\logs\Layer08Node06-26388.stderr.log; stderrBytes=0; stderrTruncated=False; stderrDroppedBytes=0
2026-06-03T18:33:52.8715291+00:00	WorkerLogSummary	AuditHairball	stdout=C:\Users\jimmy\Desktop\meta-bi\Samples\Demos\MetaOrchestrationHairballCliIntegration\Runs\hairball-seed-20260530\RunArtifacts\runs\20260603-183303_2d830a7422d34edfb67c3121c397d5c0\logs\AuditHairball-28008.stdout.log; stdoutBytes=0; stdoutTruncated=False; stdoutDroppedBytes=0; stderr=C:\Users\jimmy\Desktop\meta-bi\Samples\Demos\MetaOrchestrationHairballCliIntegration\Runs\hairball-seed-20260530\RunArtifacts\runs\20260603-183303_2d830a7422d34edfb67c3121c397d5c0\logs\AuditHairball-28008.stderr.log; stderrBytes=0; stderrTruncated=False; stderrDroppedBytes=0
2026-06-03T18:33:52.8718919+00:00	WorkerLogSummary	CompositeMart	stdout=C:\Users\jimmy\Desktop\meta-bi\Samples\Demos\MetaOrchestrationHairballCliIntegration\Runs\hairball-seed-20260530\RunArtifacts\runs\20260603-183303_2d830a7422d34edfb67c3121c397d5c0\logs\CompositeMart-29760.stdout.log; stdoutBytes=0; stdoutTruncated=False; stdoutDroppedBytes=0; stderr=C:\Users\jimmy\Desktop\meta-bi\Samples\Demos\MetaOrchestrationHairballCliIntegration\Runs\hairball-seed-20260530\RunArtifacts\runs\20260603-183303_2d830a7422d34edfb67c3121c397d5c0\logs\CompositeMart-29760.stderr.log; stderrBytes=0; stderrTruncated=False; stderrDroppedBytes=0
2026-06-03T18:33:52.8724125+00:00	WorkerLogSummary	Layer05Node05	stdout=C:\Users\jimmy\Desktop\meta-bi\Samples\Demos\MetaOrchestrationHairballCliIntegration\Runs\hairball-seed-20260530\RunArtifacts\runs\20260603-183303_2d830a7422d34edfb67c3121c397d5c0\logs\Layer05Node05-6592.stdout.log; stdoutBytes=0; stdoutTruncated=False; stdoutDroppedBytes=0; stderr=C:\Users\jimmy\Desktop\meta-bi\Samples\Demos\MetaOrchestrationHairballCliIntegration\Runs\hairball-seed-20260530\RunArtifacts\runs\20260603-183303_2d830a7422d34edfb67c3121c397d5c0\logs\Layer05Node05-6592.stderr.log; stderrBytes=0; stderrTruncated=False; stderrDroppedBytes=0
2026-06-03T18:33:52.8730424+00:00	WorkerLogSummary	Layer05Node01	stdout=C:\Users\jimmy\Desktop\meta-bi\Samples\Demos\MetaOrchestrationHairballCliIntegration\Runs\hairball-seed-20260530\RunArtifacts\runs\20260603-183303_2d830a7422d34edfb67c3121c397d5c0\logs\Layer05Node01-27704.stdout.log; stdoutBytes=0; stdoutTruncated=False; stdoutDroppedBytes=0; stderr=C:\Users\jimmy\Desktop\meta-bi\Samples\Demos\MetaOrchestrationHairballCliIntegration\Runs\hairball-seed-20260530\RunArtifacts\runs\20260603-183303_2d830a7422d34edfb67c3121c397d5c0\logs\Layer05Node01-27704.stderr.log; stderrBytes=0; stderrTruncated=False; stderrDroppedBytes=0
2026-06-03T18:33:52.8734913+00:00	WorkerLogSummary	BridgeL05L06	stdout=C:\Users\jimmy\Desktop\meta-bi\Samples\Demos\MetaOrchestrationHairballCliIntegration\Runs\hairball-seed-20260530\RunArtifacts\runs\20260603-183303_2d830a7422d34edfb67c3121c397d5c0\logs\BridgeL05L06-4036.stdout.log; stdoutBytes=0; stdoutTruncated=False; stdoutDroppedBytes=0; stderr=C:\Users\jimmy\Desktop\meta-bi\Samples\Demos\MetaOrchestrationHairballCliIntegration\Runs\hairball-seed-20260530\RunArtifacts\runs\20260603-183303_2d830a7422d34edfb67c3121c397d5c0\logs\BridgeL05L06-4036.stderr.log; stderrBytes=0; stderrTruncated=False; stderrDroppedBytes=0
2026-06-03T18:33:52.8738348+00:00	WorkerLogSummary	Layer06Node05	stdout=C:\Users\jimmy\Desktop\meta-bi\Samples\Demos\MetaOrchestrationHairballCliIntegration\Runs\hairball-seed-20260530\RunArtifacts\runs\20260603-183303_2d830a7422d34edfb67c3121c397d5c0\logs\Layer06Node05-13172.stdout.log; stdoutBytes=0; stdoutTruncated=False; stdoutDroppedBytes=0; stderr=C:\Users\jimmy\Desktop\meta-bi\Samples\Demos\MetaOrchestrationHairballCliIntegration\Runs\hairball-seed-20260530\RunArtifacts\runs\20260603-183303_2d830a7422d34edfb67c3121c397d5c0\logs\Layer06Node05-13172.stderr.log; stderrBytes=0; stderrTruncated=False; stderrDroppedBytes=0
2026-06-03T18:33:52.8742751+00:00	WorkerLogSummary	AuditHairball	stdout=C:\Users\jimmy\Desktop\meta-bi\Samples\Demos\MetaOrchestrationHairballCliIntegration\Runs\hairball-seed-20260530\RunArtifacts\runs\20260603-183303_2d830a7422d34edfb67c3121c397d5c0\logs\AuditHairball-23900.stdout.log; stdoutBytes=0; stdoutTruncated=False; stdoutDroppedBytes=0; stderr=C:\Users\jimmy\Desktop\meta-bi\Samples\Demos\MetaOrchestrationHairballCliIntegration\Runs\hairball-seed-20260530\RunArtifacts\runs\20260603-183303_2d830a7422d34edfb67c3121c397d5c0\logs\AuditHairball-23900.stderr.log; stderrBytes=0; stderrTruncated=False; stderrDroppedBytes=0
2026-06-03T18:33:52.8746164+00:00	WorkerLogSummary	Layer05Node08	stdout=C:\Users\jimmy\Desktop\meta-bi\Samples\Demos\MetaOrchestrationHairballCliIntegration\Runs\hairball-seed-20260530\RunArtifacts\runs\20260603-183303_2d830a7422d34edfb67c3121c397d5c0\logs\Layer05Node08-31364.stdout.log; stdoutBytes=0; stdoutTruncated=False; stdoutDroppedBytes=0; stderr=C:\Users\jimmy\Desktop\meta-bi\Samples\Demos\MetaOrchestrationHairballCliIntegration\Runs\hairball-seed-20260530\RunArtifacts\runs\20260603-183303_2d830a7422d34edfb67c3121c397d5c0\logs\Layer05Node08-31364.stderr.log; stderrBytes=0; stderrTruncated=False; stderrDroppedBytes=0
2026-06-03T18:33:52.8749173+00:00	WorkerLogSummary	Layer07Node05	stdout=C:\Users\jimmy\Desktop\meta-bi\Samples\Demos\MetaOrchestrationHairballCliIntegration\Runs\hairball-seed-20260530\RunArtifacts\runs\20260603-183303_2d830a7422d34edfb67c3121c397d5c0\logs\Layer07Node05-30104.stdout.log; stdoutBytes=0; stdoutTruncated=False; stdoutDroppedBytes=0; stderr=C:\Users\jimmy\Desktop\meta-bi\Samples\Demos\MetaOrchestrationHairballCliIntegration\Runs\hairball-seed-20260530\RunArtifacts\runs\20260603-183303_2d830a7422d34edfb67c3121c397d5c0\logs\Layer07Node05-30104.stderr.log; stderrBytes=0; stderrTruncated=False; stderrDroppedBytes=0
2026-06-03T18:33:52.8753787+00:00	WorkerLogSummary	BridgeL07L08	stdout=C:\Users\jimmy\Desktop\meta-bi\Samples\Demos\MetaOrchestrationHairballCliIntegration\Runs\hairball-seed-20260530\RunArtifacts\runs\20260603-183303_2d830a7422d34edfb67c3121c397d5c0\logs\BridgeL07L08-31580.stdout.log; stdoutBytes=0; stdoutTruncated=False; stdoutDroppedBytes=0; stderr=C:\Users\jimmy\Desktop\meta-bi\Samples\Demos\MetaOrchestrationHairballCliIntegration\Runs\hairball-seed-20260530\RunArtifacts\runs\20260603-183303_2d830a7422d34edfb67c3121c397d5c0\logs\BridgeL07L08-31580.stderr.log; stderrBytes=0; stderrTruncated=False; stderrDroppedBytes=0
2026-06-03T18:33:52.8757764+00:00	WorkerLogSummary	Layer05Hub	stdout=C:\Users\jimmy\Desktop\meta-bi\Samples\Demos\MetaOrchestrationHairballCliIntegration\Runs\hairball-seed-20260530\RunArtifacts\runs\20260603-183303_2d830a7422d34edfb67c3121c397d5c0\logs\Layer05Hub-21864.stdout.log; stdoutBytes=0; stdoutTruncated=False; stdoutDroppedBytes=0; stderr=C:\Users\jimmy\Desktop\meta-bi\Samples\Demos\MetaOrchestrationHairballCliIntegration\Runs\hairball-seed-20260530\RunArtifacts\runs\20260603-183303_2d830a7422d34edfb67c3121c397d5c0\logs\Layer05Hub-21864.stderr.log; stderrBytes=0; stderrTruncated=False; stderrDroppedBytes=0
2026-06-03T18:33:52.8761462+00:00	WorkerLogSummary	Layer05Node06	stdout=C:\Users\jimmy\Desktop\meta-bi\Samples\Demos\MetaOrchestrationHairballCliIntegration\Runs\hairball-seed-20260530\RunArtifacts\runs\20260603-183303_2d830a7422d34edfb67c3121c397d5c0\logs\Layer05Node06-504.stdout.log; stdoutBytes=0; stdoutTruncated=False; stdoutDroppedBytes=0; stderr=C:\Users\jimmy\Desktop\meta-bi\Samples\Demos\MetaOrchestrationHairballCliIntegration\Runs\hairball-seed-20260530\RunArtifacts\runs\20260603-183303_2d830a7422d34edfb67c3121c397d5c0\logs\Layer05Node06-504.stderr.log; stderrBytes=0; stderrTruncated=False; stderrDroppedBytes=0
2026-06-03T18:33:52.8765073+00:00	WorkerLogSummary	Layer06Node08	stdout=C:\Users\jimmy\Desktop\meta-bi\Samples\Demos\MetaOrchestrationHairballCliIntegration\Runs\hairball-seed-20260530\RunArtifacts\runs\20260603-183303_2d830a7422d34edfb67c3121c397d5c0\logs\Layer06Node08-27060.stdout.log; stdoutBytes=0; stdoutTruncated=False; stdoutDroppedBytes=0; stderr=C:\Users\jimmy\Desktop\meta-bi\Samples\Demos\MetaOrchestrationHairballCliIntegration\Runs\hairball-seed-20260530\RunArtifacts\runs\20260603-183303_2d830a7422d34edfb67c3121c397d5c0\logs\Layer06Node08-27060.stderr.log; stderrBytes=0; stderrTruncated=False; stderrDroppedBytes=0
2026-06-03T18:33:52.8768719+00:00	WorkerLogSummary	Layer06Hub	stdout=C:\Users\jimmy\Desktop\meta-bi\Samples\Demos\MetaOrchestrationHairballCliIntegration\Runs\hairball-seed-20260530\RunArtifacts\runs\20260603-183303_2d830a7422d34edfb67c3121c397d5c0\logs\Layer06Hub-8444.stdout.log; stdoutBytes=0; stdoutTruncated=False; stdoutDroppedBytes=0; stderr=C:\Users\jimmy\Desktop\meta-bi\Samples\Demos\MetaOrchestrationHairballCliIntegration\Runs\hairball-seed-20260530\RunArtifacts\runs\20260603-183303_2d830a7422d34edfb67c3121c397d5c0\logs\Layer06Hub-8444.stderr.log; stderrBytes=0; stderrTruncated=False; stderrDroppedBytes=0
2026-06-03T18:33:52.8776316+00:00	WorkerLogSummary	Layer07Hub	stdout=C:\Users\jimmy\Desktop\meta-bi\Samples\Demos\MetaOrchestrationHairballCliIntegration\Runs\hairball-seed-20260530\RunArtifacts\runs\20260603-183303_2d830a7422d34edfb67c3121c397d5c0\logs\Layer07Hub-2412.stdout.log; stdoutBytes=0; stdoutTruncated=False; stdoutDroppedBytes=0; stderr=C:\Users\jimmy\Desktop\meta-bi\Samples\Demos\MetaOrchestrationHairballCliIntegration\Runs\hairball-seed-20260530\RunArtifacts\runs\20260603-183303_2d830a7422d34edfb67c3121c397d5c0\logs\Layer07Hub-2412.stderr.log; stderrBytes=0; stderrTruncated=False; stderrDroppedBytes=0
2026-06-03T18:33:52.8780237+00:00	WorkerLogSummary	Layer07Node01	stdout=C:\Users\jimmy\Desktop\meta-bi\Samples\Demos\MetaOrchestrationHairballCliIntegration\Runs\hairball-seed-20260530\RunArtifacts\runs\20260603-183303_2d830a7422d34edfb67c3121c397d5c0\logs\Layer07Node01-17140.stdout.log; stdoutBytes=0; stdoutTruncated=False; stdoutDroppedBytes=0; stderr=C:\Users\jimmy\Desktop\meta-bi\Samples\Demos\MetaOrchestrationHairballCliIntegration\Runs\hairball-seed-20260530\RunArtifacts\runs\20260603-183303_2d830a7422d34edfb67c3121c397d5c0\logs\Layer07Node01-17140.stderr.log; stderrBytes=0; stderrTruncated=False; stderrDroppedBytes=0
2026-06-03T18:33:52.8784116+00:00	WorkerLogSummary	Layer07Node03	stdout=C:\Users\jimmy\Desktop\meta-bi\Samples\Demos\MetaOrchestrationHairballCliIntegration\Runs\hairball-seed-20260530\RunArtifacts\runs\20260603-183303_2d830a7422d34edfb67c3121c397d5c0\logs\Layer07Node03-19256.stdout.log; stdoutBytes=0; stdoutTruncated=False; stdoutDroppedBytes=0; stderr=C:\Users\jimmy\Desktop\meta-bi\Samples\Demos\MetaOrchestrationHairballCliIntegration\Runs\hairball-seed-20260530\RunArtifacts\runs\20260603-183303_2d830a7422d34edfb67c3121c397d5c0\logs\Layer07Node03-19256.stderr.log; stderrBytes=0; stderrTruncated=False; stderrDroppedBytes=0
2026-06-03T18:33:52.8788634+00:00	WorkerLogSummary	Layer07Node06	stdout=C:\Users\jimmy\Desktop\meta-bi\Samples\Demos\MetaOrchestrationHairballCliIntegration\Runs\hairball-seed-20260530\RunArtifacts\runs\20260603-183303_2d830a7422d34edfb67c3121c397d5c0\logs\Layer07Node06-31200.stdout.log; stdoutBytes=0; stdoutTruncated=False; stdoutDroppedBytes=0; stderr=C:\Users\jimmy\Desktop\meta-bi\Samples\Demos\MetaOrchestrationHairballCliIntegration\Runs\hairball-seed-20260530\RunArtifacts\runs\20260603-183303_2d830a7422d34edfb67c3121c397d5c0\logs\Layer07Node06-31200.stderr.log; stderrBytes=0; stderrTruncated=False; stderrDroppedBytes=0
2026-06-03T18:33:52.8792833+00:00	WorkerLogSummary	Layer08Hub	stdout=C:\Users\jimmy\Desktop\meta-bi\Samples\Demos\MetaOrchestrationHairballCliIntegration\Runs\hairball-seed-20260530\RunArtifacts\runs\20260603-183303_2d830a7422d34edfb67c3121c397d5c0\logs\Layer08Hub-8104.stdout.log; stdoutBytes=0; stdoutTruncated=False; stdoutDroppedBytes=0; stderr=C:\Users\jimmy\Desktop\meta-bi\Samples\Demos\MetaOrchestrationHairballCliIntegration\Runs\hairball-seed-20260530\RunArtifacts\runs\20260603-183303_2d830a7422d34edfb67c3121c397d5c0\logs\Layer08Hub-8104.stderr.log; stderrBytes=0; stderrTruncated=False; stderrDroppedBytes=0
2026-06-03T18:33:52.8799297+00:00	WorkerLogSummary	Layer08Node01	stdout=C:\Users\jimmy\Desktop\meta-bi\Samples\Demos\MetaOrchestrationHairballCliIntegration\Runs\hairball-seed-20260530\RunArtifacts\runs\20260603-183303_2d830a7422d34edfb67c3121c397d5c0\logs\Layer08Node01-25492.stdout.log; stdoutBytes=0; stdoutTruncated=False; stdoutDroppedBytes=0; stderr=C:\Users\jimmy\Desktop\meta-bi\Samples\Demos\MetaOrchestrationHairballCliIntegration\Runs\hairball-seed-20260530\RunArtifacts\runs\20260603-183303_2d830a7422d34edfb67c3121c397d5c0\logs\Layer08Node01-25492.stderr.log; stderrBytes=0; stderrTruncated=False; stderrDroppedBytes=0
2026-06-03T18:33:52.8804314+00:00	WorkerLogSummary	Layer08Node02	stdout=C:\Users\jimmy\Desktop\meta-bi\Samples\Demos\MetaOrchestrationHairballCliIntegration\Runs\hairball-seed-20260530\RunArtifacts\runs\20260603-183303_2d830a7422d34edfb67c3121c397d5c0\logs\Layer08Node02-30668.stdout.log; stdoutBytes=0; stdoutTruncated=False; stdoutDroppedBytes=0; stderr=C:\Users\jimmy\Desktop\meta-bi\Samples\Demos\MetaOrchestrationHairballCliIntegration\Runs\hairball-seed-20260530\RunArtifacts\runs\20260603-183303_2d830a7422d34edfb67c3121c397d5c0\logs\Layer08Node02-30668.stderr.log; stderrBytes=0; stderrTruncated=False; stderrDroppedBytes=0
2026-06-03T18:33:52.8812865+00:00	WorkerLogSummary	Layer08Node03	stdout=C:\Users\jimmy\Desktop\meta-bi\Samples\Demos\MetaOrchestrationHairballCliIntegration\Runs\hairball-seed-20260530\RunArtifacts\runs\20260603-183303_2d830a7422d34edfb67c3121c397d5c0\logs\Layer08Node03-24140.stdout.log; stdoutBytes=0; stdoutTruncated=False; stdoutDroppedBytes=0; stderr=C:\Users\jimmy\Desktop\meta-bi\Samples\Demos\MetaOrchestrationHairballCliIntegration\Runs\hairball-seed-20260530\RunArtifacts\runs\20260603-183303_2d830a7422d34edfb67c3121c397d5c0\logs\Layer08Node03-24140.stderr.log; stderrBytes=0; stderrTruncated=False; stderrDroppedBytes=0
2026-06-03T18:33:52.8815776+00:00	WorkerLogSummary	Layer08Node04	stdout=C:\Users\jimmy\Desktop\meta-bi\Samples\Demos\MetaOrchestrationHairballCliIntegration\Runs\hairball-seed-20260530\RunArtifacts\runs\20260603-183303_2d830a7422d34edfb67c3121c397d5c0\logs\Layer08Node04-6132.stdout.log; stdoutBytes=0; stdoutTruncated=False; stdoutDroppedBytes=0; stderr=C:\Users\jimmy\Desktop\meta-bi\Samples\Demos\MetaOrchestrationHairballCliIntegration\Runs\hairball-seed-20260530\RunArtifacts\runs\20260603-183303_2d830a7422d34edfb67c3121c397d5c0\logs\Layer08Node04-6132.stderr.log; stderrBytes=0; stderrTruncated=False; stderrDroppedBytes=0
2026-06-03T18:33:52.8818267+00:00	WorkerLogSummary	Layer08Node08	stdout=C:\Users\jimmy\Desktop\meta-bi\Samples\Demos\MetaOrchestrationHairballCliIntegration\Runs\hairball-seed-20260530\RunArtifacts\runs\20260603-183303_2d830a7422d34edfb67c3121c397d5c0\logs\Layer08Node08-22716.stdout.log; stdoutBytes=0; stdoutTruncated=False; stdoutDroppedBytes=0; stderr=C:\Users\jimmy\Desktop\meta-bi\Samples\Demos\MetaOrchestrationHairballCliIntegration\Runs\hairball-seed-20260530\RunArtifacts\runs\20260603-183303_2d830a7422d34edfb67c3121c397d5c0\logs\Layer08Node08-22716.stderr.log; stderrBytes=0; stderrTruncated=False; stderrDroppedBytes=0
2026-06-03T18:33:52.8821709+00:00	WorkerLogSummary	Layer07Hub	stdout=C:\Users\jimmy\Desktop\meta-bi\Samples\Demos\MetaOrchestrationHairballCliIntegration\Runs\hairball-seed-20260530\RunArtifacts\runs\20260603-183303_2d830a7422d34edfb67c3121c397d5c0\logs\Layer07Hub-26732.stdout.log; stdoutBytes=0; stdoutTruncated=False; stdoutDroppedBytes=0; stderr=C:\Users\jimmy\Desktop\meta-bi\Samples\Demos\MetaOrchestrationHairballCliIntegration\Runs\hairball-seed-20260530\RunArtifacts\runs\20260603-183303_2d830a7422d34edfb67c3121c397d5c0\logs\Layer07Hub-26732.stderr.log; stderrBytes=0; stderrTruncated=False; stderrDroppedBytes=0
2026-06-03T18:33:52.8825580+00:00	WorkerLogSummary	RegionalMart02	stdout=C:\Users\jimmy\Desktop\meta-bi\Samples\Demos\MetaOrchestrationHairballCliIntegration\Runs\hairball-seed-20260530\RunArtifacts\runs\20260603-183303_2d830a7422d34edfb67c3121c397d5c0\logs\RegionalMart02-31604.stdout.log; stdoutBytes=0; stdoutTruncated=False; stdoutDroppedBytes=0; stderr=C:\Users\jimmy\Desktop\meta-bi\Samples\Demos\MetaOrchestrationHairballCliIntegration\Runs\hairball-seed-20260530\RunArtifacts\runs\20260603-183303_2d830a7422d34edfb67c3121c397d5c0\logs\RegionalMart02-31604.stderr.log; stderrBytes=0; stderrTruncated=False; stderrDroppedBytes=0
2026-06-03T18:33:52.8831183+00:00	WorkerLogSummary	AuditHairball	stdout=C:\Users\jimmy\Desktop\meta-bi\Samples\Demos\MetaOrchestrationHairballCliIntegration\Runs\hairball-seed-20260530\RunArtifacts\runs\20260603-183303_2d830a7422d34edfb67c3121c397d5c0\logs\AuditHairball-10368.stdout.log; stdoutBytes=0; stdoutTruncated=False; stdoutDroppedBytes=0; stderr=C:\Users\jimmy\Desktop\meta-bi\Samples\Demos\MetaOrchestrationHairballCliIntegration\Runs\hairball-seed-20260530\RunArtifacts\runs\20260603-183303_2d830a7422d34edfb67c3121c397d5c0\logs\AuditHairball-10368.stderr.log; stderrBytes=0; stderrTruncated=False; stderrDroppedBytes=0
2026-06-03T18:33:52.8835216+00:00	WorkerLogSummary	CompositeMart	stdout=C:\Users\jimmy\Desktop\meta-bi\Samples\Demos\MetaOrchestrationHairballCliIntegration\Runs\hairball-seed-20260530\RunArtifacts\runs\20260603-183303_2d830a7422d34edfb67c3121c397d5c0\logs\CompositeMart-27124.stdout.log; stdoutBytes=0; stdoutTruncated=False; stdoutDroppedBytes=0; stderr=C:\Users\jimmy\Desktop\meta-bi\Samples\Demos\MetaOrchestrationHairballCliIntegration\Runs\hairball-seed-20260530\RunArtifacts\runs\20260603-183303_2d830a7422d34edfb67c3121c397d5c0\logs\CompositeMart-27124.stderr.log; stderrBytes=0; stderrTruncated=False; stderrDroppedBytes=0
2026-06-03T18:33:52.8839701+00:00	WorkerLogSummary	PublishHairballFinal	stdout=C:\Users\jimmy\Desktop\meta-bi\Samples\Demos\MetaOrchestrationHairballCliIntegration\Runs\hairball-seed-20260530\RunArtifacts\runs\20260603-183303_2d830a7422d34edfb67c3121c397d5c0\logs\PublishHairballFinal-7740.stdout.log; stdoutBytes=0; stdoutTruncated=False; stdoutDroppedBytes=0; stderr=C:\Users\jimmy\Desktop\meta-bi\Samples\Demos\MetaOrchestrationHairballCliIntegration\Runs\hairball-seed-20260530\RunArtifacts\runs\20260603-183303_2d830a7422d34edfb67c3121c397d5c0\logs\PublishHairballFinal-7740.stderr.log; stderrBytes=0; stderrTruncated=False; stderrDroppedBytes=0
2026-06-03T18:33:52.8844834+00:00	WorkerLogSummary	RegionalMart01	stdout=C:\Users\jimmy\Desktop\meta-bi\Samples\Demos\MetaOrchestrationHairballCliIntegration\Runs\hairball-seed-20260530\RunArtifacts\runs\20260603-183303_2d830a7422d34edfb67c3121c397d5c0\logs\RegionalMart01-18724.stdout.log; stdoutBytes=0; stdoutTruncated=False; stdoutDroppedBytes=0; stderr=C:\Users\jimmy\Desktop\meta-bi\Samples\Demos\MetaOrchestrationHairballCliIntegration\Runs\hairball-seed-20260530\RunArtifacts\runs\20260603-183303_2d830a7422d34edfb67c3121c397d5c0\logs\RegionalMart01-18724.stderr.log; stderrBytes=0; stderrTruncated=False; stderrDroppedBytes=0
2026-06-03T18:33:52.8853080+00:00	WorkerLogSummary	RegionalMart03	stdout=C:\Users\jimmy\Desktop\meta-bi\Samples\Demos\MetaOrchestrationHairballCliIntegration\Runs\hairball-seed-20260530\RunArtifacts\runs\20260603-183303_2d830a7422d34edfb67c3121c397d5c0\logs\RegionalMart03-18452.stdout.log; stdoutBytes=0; stdoutTruncated=False; stdoutDroppedBytes=0; stderr=C:\Users\jimmy\Desktop\meta-bi\Samples\Demos\MetaOrchestrationHairballCliIntegration\Runs\hairball-seed-20260530\RunArtifacts\runs\20260603-183303_2d830a7422d34edfb67c3121c397d5c0\logs\RegionalMart03-18452.stderr.log; stderrBytes=0; stderrTruncated=False; stderrDroppedBytes=0
2026-06-03T18:33:52.8860214+00:00	WorkerLogSummary	RegionalMart04	stdout=C:\Users\jimmy\Desktop\meta-bi\Samples\Demos\MetaOrchestrationHairballCliIntegration\Runs\hairball-seed-20260530\RunArtifacts\runs\20260603-183303_2d830a7422d34edfb67c3121c397d5c0\logs\RegionalMart04-26688.stdout.log; stdoutBytes=0; stdoutTruncated=False; stdoutDroppedBytes=0; stderr=C:\Users\jimmy\Desktop\meta-bi\Samples\Demos\MetaOrchestrationHairballCliIntegration\Runs\hairball-seed-20260530\RunArtifacts\runs\20260603-183303_2d830a7422d34edfb67c3121c397d5c0\logs\RegionalMart04-26688.stderr.log; stderrBytes=0; stderrTruncated=False; stderrDroppedBytes=0
2026-06-03T18:33:52.8868103+00:00	RunCompleted	DefaultRunPlan	Succeeded
