OccurredAtUtc	EventKind	Subject	Detail
2026-06-03T18:10:47.3849520+00:00	RunStarted	orchestration	C:\Users\jimmy\Desktop\meta-bi\Samples\Demos\MetaOrchestrationHairballCliIntegration\Runs\hairball-seed-20260530\OrchestrationWS
2026-06-03T18:10:47.3978189+00:00	Process	meta-orchestration	25400
2026-06-03T18:10:47.3981925+00:00	PipelineExecutable	meta-pipeline	
2026-06-03T18:10:47.3986311+00:00	PipelineWorkspace	C:\Users\jimmy\Desktop\meta-bi\Samples\Demos\MetaOrchestrationHairballCliIntegration\Runs\hairball-seed-20260530\PipelineWS	
2026-06-03T18:10:47.3990294+00:00	TransformWorkspace	C:\Users\jimmy\Desktop\meta-bi\Samples\Demos\MetaOrchestrationHairballCliIntegration\Runs\hairball-seed-20260530\TransformWS	
2026-06-03T18:10:47.3994533+00:00	BindingWorkspace	C:\Users\jimmy\Desktop\meta-bi\Samples\Demos\MetaOrchestrationHairballCliIntegration\Runs\hairball-seed-20260530\BindingWS	
2026-06-03T18:10:47.4182766+00:00	LeaseAcquired	C:\Users\jimmy\Desktop\meta-bi\Samples\Demos\MetaOrchestrationHairballCliIntegration\Runs\hairball-seed-20260530\OrchestrationWS	C:\Users\jimmy\Desktop\meta-bi\Samples\Demos\MetaOrchestrationHairballCliIntegration\Runs\hairball-seed-20260530\RunArtifacts\leases\b30631311a63a1938a1d960e11d1b12772a5b649874a11ab9e9983ed17563480.tsv
2026-06-03T18:10:47.4202431+00:00	Phase	Loading	C:\Users\jimmy\Desktop\meta-bi\Samples\Demos\MetaOrchestrationHairballCliIntegration\Runs\hairball-seed-20260530\OrchestrationWS
2026-06-03T18:10:47.5403751+00:00	Phase	Building	C:\Users\jimmy\Desktop\meta-bi\Samples\Demos\MetaOrchestrationHairballCliIntegration\Runs\hairball-seed-20260530\OrchestrationWS
2026-06-03T18:10:47.5571074+00:00	Phase	Saving	C:\Users\jimmy\Desktop\meta-bi\Samples\Demos\MetaOrchestrationHairballCliIntegration\Runs\hairball-seed-20260530\OrchestrationWS
2026-06-03T18:10:47.6529551+00:00	RetryPolicyResolved	DefaultRetryPolicy	MaxAttempts=3; RetryableFailureClasses=6
2026-06-03T18:10:47.6580698+00:00	RunPlanReady	DefaultRunPlan	137
2026-06-03T18:10:47.7312978+00:00	WorkerStarting	ExtractSeed01	meta-pipeline
2026-06-03T18:10:47.8572652+00:00	WorkerStarted	ExtractSeed01	9968
2026-06-03T18:10:47.8577052+00:00	WorkerControlPipe	ExtractSeed01	meta-orchestration-38273b4806394f528ca82ba5d20df223
2026-06-03T18:10:47.8580997+00:00	WorkerLog	ExtractSeed01	stdout=C:\Users\jimmy\Desktop\meta-bi\Samples\Demos\MetaOrchestrationHairballCliIntegration\Runs\hairball-seed-20260530\RunArtifacts\runs\20260603-181047_f9520fe0ba0e47178389df2fe09b408e\logs\ExtractSeed01-9968.stdout.log; stderr=C:\Users\jimmy\Desktop\meta-bi\Samples\Demos\MetaOrchestrationHairballCliIntegration\Runs\hairball-seed-20260530\RunArtifacts\runs\20260603-181047_f9520fe0ba0e47178389df2fe09b408e\logs\ExtractSeed01-9968.stderr.log
2026-06-03T18:10:47.8619117+00:00	WorkerStarting	ExtractSeed02	meta-pipeline
2026-06-03T18:10:47.9747913+00:00	WorkerStarted	ExtractSeed02	29188
2026-06-03T18:10:47.9752549+00:00	WorkerControlPipe	ExtractSeed02	meta-orchestration-f1072a44bf08454ba83f39146352b12f
2026-06-03T18:10:47.9756818+00:00	WorkerLog	ExtractSeed02	stdout=C:\Users\jimmy\Desktop\meta-bi\Samples\Demos\MetaOrchestrationHairballCliIntegration\Runs\hairball-seed-20260530\RunArtifacts\runs\20260603-181047_f9520fe0ba0e47178389df2fe09b408e\logs\ExtractSeed02-29188.stdout.log; stderr=C:\Users\jimmy\Desktop\meta-bi\Samples\Demos\MetaOrchestrationHairballCliIntegration\Runs\hairball-seed-20260530\RunArtifacts\runs\20260603-181047_f9520fe0ba0e47178389df2fe09b408e\logs\ExtractSeed02-29188.stderr.log
2026-06-03T18:10:47.9817427+00:00	WorkerEvent	ExtractSeed01	WorkerOnline; ExitCode=0; online
2026-06-03T18:10:47.9936323+00:00	WorkerStarting	ExtractSeed03	meta-pipeline
2026-06-03T18:10:48.1087066+00:00	WorkerStarted	ExtractSeed03	10064
2026-06-03T18:10:48.1091437+00:00	WorkerControlPipe	ExtractSeed03	meta-orchestration-3c88d7bdd8b54a9b9122935cc7b9bec9
2026-06-03T18:10:48.1094719+00:00	WorkerLog	ExtractSeed03	stdout=C:\Users\jimmy\Desktop\meta-bi\Samples\Demos\MetaOrchestrationHairballCliIntegration\Runs\hairball-seed-20260530\RunArtifacts\runs\20260603-181047_f9520fe0ba0e47178389df2fe09b408e\logs\ExtractSeed03-10064.stdout.log; stderr=C:\Users\jimmy\Desktop\meta-bi\Samples\Demos\MetaOrchestrationHairballCliIntegration\Runs\hairball-seed-20260530\RunArtifacts\runs\20260603-181047_f9520fe0ba0e47178389df2fe09b408e\logs\ExtractSeed03-10064.stderr.log
2026-06-03T18:10:48.1098731+00:00	WorkerEvent	ExtractSeed01	WorkerReady; ExitCode=0; ready
2026-06-03T18:10:48.1185046+00:00	StartPipeline	ExtractSeed01	ExtractSeed01
2026-06-03T18:10:48.1204711+00:00	WorkerEvent	ExtractSeed02	WorkerOnline; ExitCode=0; online
2026-06-03T18:10:48.1227795+00:00	WorkerStarting	ExtractSeed04	meta-pipeline
2026-06-03T18:10:48.2613281+00:00	WorkerStarted	ExtractSeed04	24352
2026-06-03T18:10:48.2618023+00:00	WorkerControlPipe	ExtractSeed04	meta-orchestration-7c539a924aa64110ac514215ad1845d9
2026-06-03T18:10:48.2622559+00:00	WorkerLog	ExtractSeed04	stdout=C:\Users\jimmy\Desktop\meta-bi\Samples\Demos\MetaOrchestrationHairballCliIntegration\Runs\hairball-seed-20260530\RunArtifacts\runs\20260603-181047_f9520fe0ba0e47178389df2fe09b408e\logs\ExtractSeed04-24352.stdout.log; stderr=C:\Users\jimmy\Desktop\meta-bi\Samples\Demos\MetaOrchestrationHairballCliIntegration\Runs\hairball-seed-20260530\RunArtifacts\runs\20260603-181047_f9520fe0ba0e47178389df2fe09b408e\logs\ExtractSeed04-24352.stderr.log
2026-06-03T18:10:48.2628896+00:00	WorkerEvent	ExtractSeed02	WorkerReady; ExitCode=0; ready
2026-06-03T18:10:48.2646446+00:00	StartPipeline	ExtractSeed02	ExtractSeed02
2026-06-03T18:10:48.2661313+00:00	WorkerEvent	ExtractSeed03	WorkerOnline; ExitCode=0; online
2026-06-03T18:10:48.2685302+00:00	WorkerStarting	ExtractSeed05	meta-pipeline
2026-06-03T18:10:48.4344023+00:00	WorkerStarted	ExtractSeed05	25364
2026-06-03T18:10:48.4350457+00:00	WorkerControlPipe	ExtractSeed05	meta-orchestration-8c5dc0f30b384485b6a1725b8189eb3e
2026-06-03T18:10:48.4357677+00:00	WorkerLog	ExtractSeed05	stdout=C:\Users\jimmy\Desktop\meta-bi\Samples\Demos\MetaOrchestrationHairballCliIntegration\Runs\hairball-seed-20260530\RunArtifacts\runs\20260603-181047_f9520fe0ba0e47178389df2fe09b408e\logs\ExtractSeed05-25364.stdout.log; stderr=C:\Users\jimmy\Desktop\meta-bi\Samples\Demos\MetaOrchestrationHairballCliIntegration\Runs\hairball-seed-20260530\RunArtifacts\runs\20260603-181047_f9520fe0ba0e47178389df2fe09b408e\logs\ExtractSeed05-25364.stderr.log
2026-06-03T18:10:48.4366716+00:00	WorkerEvent	ExtractSeed03	WorkerReady; ExitCode=0; ready
2026-06-03T18:10:48.4382827+00:00	StartPipeline	ExtractSeed03	ExtractSeed03
2026-06-03T18:10:48.4404418+00:00	WorkerEvent	ExtractSeed04	WorkerOnline; ExitCode=0; online
2026-06-03T18:10:48.4424160+00:00	WorkerStarting	ExtractSeed06	meta-pipeline
2026-06-03T18:10:49.2807970+00:00	WorkerStarted	ExtractSeed06	28840
2026-06-03T18:10:49.2819415+00:00	WorkerControlPipe	ExtractSeed06	meta-orchestration-688b21e0653a4df8bb63f06e32ee5f46
2026-06-03T18:10:49.2832082+00:00	WorkerLog	ExtractSeed06	stdout=C:\Users\jimmy\Desktop\meta-bi\Samples\Demos\MetaOrchestrationHairballCliIntegration\Runs\hairball-seed-20260530\RunArtifacts\runs\20260603-181047_f9520fe0ba0e47178389df2fe09b408e\logs\ExtractSeed06-28840.stdout.log; stderr=C:\Users\jimmy\Desktop\meta-bi\Samples\Demos\MetaOrchestrationHairballCliIntegration\Runs\hairball-seed-20260530\RunArtifacts\runs\20260603-181047_f9520fe0ba0e47178389df2fe09b408e\logs\ExtractSeed06-28840.stderr.log
2026-06-03T18:10:49.2839833+00:00	WorkerEvent	ExtractSeed04	WorkerReady; ExitCode=0; ready
2026-06-03T18:10:49.2859105+00:00	StartPipeline	ExtractSeed04	ExtractSeed04
2026-06-03T18:10:49.2871781+00:00	WorkerEvent	ExtractSeed01	PipelineStarted; ExitCode=0; pipeline started
2026-06-03T18:10:49.2892168+00:00	WorkerEvent	ExtractSeed05	WorkerOnline; ExitCode=0; online
2026-06-03T18:10:49.2917545+00:00	WorkerEvent	ExtractSeed06	WorkerOnline; ExitCode=0; online
2026-06-03T18:10:49.2934080+00:00	WorkerStarting	ExtractSeed07	meta-pipeline
2026-06-03T18:10:50.2831790+00:00	WorkerStarted	ExtractSeed07	6796
2026-06-03T18:10:50.2839406+00:00	WorkerControlPipe	ExtractSeed07	meta-orchestration-98f5d16dd87745e9a55affbac48350cf
2026-06-03T18:10:50.2847080+00:00	WorkerLog	ExtractSeed07	stdout=C:\Users\jimmy\Desktop\meta-bi\Samples\Demos\MetaOrchestrationHairballCliIntegration\Runs\hairball-seed-20260530\RunArtifacts\runs\20260603-181047_f9520fe0ba0e47178389df2fe09b408e\logs\ExtractSeed07-6796.stdout.log; stderr=C:\Users\jimmy\Desktop\meta-bi\Samples\Demos\MetaOrchestrationHairballCliIntegration\Runs\hairball-seed-20260530\RunArtifacts\runs\20260603-181047_f9520fe0ba0e47178389df2fe09b408e\logs\ExtractSeed07-6796.stderr.log
2026-06-03T18:10:50.2864636+00:00	WorkerEvent	ExtractSeed01.extract-seed-01	TaskReady; ExitCode=0; 
2026-06-03T18:10:50.2966430+00:00	WorkerEvent	ExtractSeed02	PipelineStarted; ExitCode=0; pipeline started
2026-06-03T18:10:50.2993555+00:00	WorkerEvent	ExtractSeed05	WorkerReady; ExitCode=0; ready
2026-06-03T18:10:50.3020650+00:00	StartPipeline	ExtractSeed05	ExtractSeed05
2026-06-03T18:10:50.3035313+00:00	WorkerEvent	ExtractSeed02.extract-seed-02	TaskReady; ExitCode=0; 
2026-06-03T18:10:50.3063117+00:00	WorkerEvent	ExtractSeed03	PipelineStarted; ExitCode=0; pipeline started
2026-06-03T18:10:50.3075053+00:00	WorkerEvent	ExtractSeed06	WorkerReady; ExitCode=0; ready
2026-06-03T18:10:50.3088554+00:00	StartPipeline	ExtractSeed06	ExtractSeed06
2026-06-03T18:10:50.3099706+00:00	WorkerEvent	ExtractSeed03.extract-seed-03	TaskReady; ExitCode=0; 
2026-06-03T18:10:50.3109776+00:00	WorkerEvent	ExtractSeed07	WorkerOnline; ExitCode=0; online
2026-06-03T18:10:50.3303427+00:00	GrantTask	ExtractSeed01.extract-seed-01	ExtractSeed01.extract-seed-01; GrantId=grant-1; Attempt=1
2026-06-03T18:10:50.3320448+00:00	GrantTask	ExtractSeed02.extract-seed-02	ExtractSeed02.extract-seed-02; GrantId=grant-2; Attempt=1
2026-06-03T18:10:50.3330269+00:00	GrantTask	ExtractSeed03.extract-seed-03	ExtractSeed03.extract-seed-03; GrantId=grant-3; Attempt=1
2026-06-03T18:10:50.3348034+00:00	WorkerStarting	ExtractSeed08	meta-pipeline
2026-06-03T18:10:51.2860007+00:00	WorkerStarted	ExtractSeed08	28152
2026-06-03T18:10:51.2875943+00:00	WorkerControlPipe	ExtractSeed08	meta-orchestration-655641c03c194dbbb3dbfccc621a7144
2026-06-03T18:10:51.2881268+00:00	WorkerLog	ExtractSeed08	stdout=C:\Users\jimmy\Desktop\meta-bi\Samples\Demos\MetaOrchestrationHairballCliIntegration\Runs\hairball-seed-20260530\RunArtifacts\runs\20260603-181047_f9520fe0ba0e47178389df2fe09b408e\logs\ExtractSeed08-28152.stdout.log; stderr=C:\Users\jimmy\Desktop\meta-bi\Samples\Demos\MetaOrchestrationHairballCliIntegration\Runs\hairball-seed-20260530\RunArtifacts\runs\20260603-181047_f9520fe0ba0e47178389df2fe09b408e\logs\ExtractSeed08-28152.stderr.log
2026-06-03T18:10:51.2889021+00:00	WorkerEvent	ExtractSeed01.extract-seed-01	GrantAccepted; ExitCode=0; 
2026-06-03T18:10:51.2927763+00:00	WorkerEvent	ExtractSeed02.extract-seed-02	GrantAccepted; ExitCode=0; 
2026-06-03T18:10:51.2936266+00:00	WorkerEvent	ExtractSeed03.extract-seed-03	GrantAccepted; ExitCode=0; 
2026-06-03T18:10:51.2944066+00:00	WorkerEvent	ExtractSeed04	PipelineStarted; ExitCode=0; pipeline started
2026-06-03T18:10:51.2951857+00:00	WorkerEvent	ExtractSeed07	WorkerReady; ExitCode=0; ready
2026-06-03T18:10:51.2962939+00:00	StartPipeline	ExtractSeed07	ExtractSeed07
2026-06-03T18:10:51.2982509+00:00	WorkerEvent	ExtractSeed01.extract-seed-01	TaskStarted; ExitCode=0; 
2026-06-03T18:10:51.3027740+00:00	WorkerEvent	ExtractSeed02.extract-seed-02	TaskStarted; ExitCode=0; 
2026-06-03T18:10:51.3038122+00:00	WorkerEvent	ExtractSeed03.extract-seed-03	TaskStarted; ExitCode=0; 
2026-06-03T18:10:51.3049928+00:00	WorkerEvent	ExtractSeed04.extract-seed-04	TaskReady; ExitCode=0; 
2026-06-03T18:10:51.3069855+00:00	WorkerEvent	ExtractSeed08	WorkerOnline; ExitCode=0; online
2026-06-03T18:10:51.3113728+00:00	GrantTask	ExtractSeed04.extract-seed-04	ExtractSeed04.extract-seed-04; GrantId=grant-4; Attempt=1
2026-06-03T18:10:51.3122082+00:00	WorkerStarting	AuditHairball	meta-pipeline
2026-06-03T18:10:52.4414118+00:00	WorkerStarted	AuditHairball	12812
2026-06-03T18:10:52.4421729+00:00	WorkerControlPipe	AuditHairball	meta-orchestration-8e685e0d3d114b6f928c0c19865ae23d
2026-06-03T18:10:52.4427847+00:00	WorkerLog	AuditHairball	stdout=C:\Users\jimmy\Desktop\meta-bi\Samples\Demos\MetaOrchestrationHairballCliIntegration\Runs\hairball-seed-20260530\RunArtifacts\runs\20260603-181047_f9520fe0ba0e47178389df2fe09b408e\logs\AuditHairball-12812.stdout.log; stderr=C:\Users\jimmy\Desktop\meta-bi\Samples\Demos\MetaOrchestrationHairballCliIntegration\Runs\hairball-seed-20260530\RunArtifacts\runs\20260603-181047_f9520fe0ba0e47178389df2fe09b408e\logs\AuditHairball-12812.stderr.log
2026-06-03T18:10:52.4435662+00:00	WorkerEvent	ExtractSeed04.extract-seed-04	GrantAccepted; ExitCode=0; 
2026-06-03T18:10:52.4448619+00:00	WorkerEvent	ExtractSeed08	WorkerReady; ExitCode=0; ready
2026-06-03T18:10:52.4463128+00:00	StartPipeline	ExtractSeed08	ExtractSeed08
2026-06-03T18:10:52.4485956+00:00	WorkerEvent	ExtractSeed02.extract-seed-02	TaskSucceeded; ExitCode=0; 
2026-06-03T18:10:52.4571087+00:00	TaskSucceeded	ExtractSeed02.extract-seed-02	0
2026-06-03T18:10:52.4678065+00:00	PipelineCompleted	ExtractSeed02	
2026-06-03T18:10:52.4691275+00:00	WorkerEvent	ExtractSeed01.extract-seed-01	TaskSucceeded; ExitCode=0; 
2026-06-03T18:10:52.4739541+00:00	TaskSucceeded	ExtractSeed01.extract-seed-01	0
2026-06-03T18:10:52.4754093+00:00	WorkerEvent	ExtractSeed03.extract-seed-03	TaskSucceeded; ExitCode=0; 
2026-06-03T18:10:52.4764023+00:00	TaskSucceeded	ExtractSeed03.extract-seed-03	0
2026-06-03T18:10:52.4794690+00:00	PipelineCompleted	ExtractSeed03	
2026-06-03T18:10:52.4808092+00:00	WorkerEvent	ExtractSeed04.extract-seed-04	TaskStarted; ExitCode=0; 
2026-06-03T18:10:52.4880297+00:00	WorkerEvent	ExtractSeed05	PipelineStarted; ExitCode=0; pipeline started
2026-06-03T18:10:52.4892005+00:00	WorkerEvent	ExtractSeed06	PipelineStarted; ExitCode=0; pipeline started
2026-06-03T18:10:52.4904549+00:00	WorkerEvent	ExtractSeed05.extract-seed-05	TaskReady; ExitCode=0; 
2026-06-03T18:10:52.4914652+00:00	WorkerEvent	AuditHairball	WorkerOnline; ExitCode=0; online
2026-06-03T18:10:52.4923045+00:00	WorkerEvent	ExtractSeed06.extract-seed-06	TaskReady; ExitCode=0; 
2026-06-03T18:10:52.5002914+00:00	GrantTask	ExtractSeed05.extract-seed-05	ExtractSeed05.extract-seed-05; GrantId=grant-5; Attempt=1
2026-06-03T18:10:52.5034027+00:00	GrantTask	ExtractSeed06.extract-seed-06	ExtractSeed06.extract-seed-06; GrantId=grant-6; Attempt=1
2026-06-03T18:10:52.5041266+00:00	WorkerStarting	BridgeL01L02	meta-pipeline
2026-06-03T18:10:52.8824565+00:00	WorkerStarted	BridgeL01L02	9144
2026-06-03T18:10:52.8834141+00:00	WorkerControlPipe	BridgeL01L02	meta-orchestration-1148d4c5759a4a7d8f48dc945904201c
2026-06-03T18:10:52.8843165+00:00	WorkerLog	BridgeL01L02	stdout=C:\Users\jimmy\Desktop\meta-bi\Samples\Demos\MetaOrchestrationHairballCliIntegration\Runs\hairball-seed-20260530\RunArtifacts\runs\20260603-181047_f9520fe0ba0e47178389df2fe09b408e\logs\BridgeL01L02-9144.stdout.log; stderr=C:\Users\jimmy\Desktop\meta-bi\Samples\Demos\MetaOrchestrationHairballCliIntegration\Runs\hairball-seed-20260530\RunArtifacts\runs\20260603-181047_f9520fe0ba0e47178389df2fe09b408e\logs\BridgeL01L02-9144.stderr.log
2026-06-03T18:10:52.8858841+00:00	WorkerEvent	ExtractSeed01	Closed; ExitCode=0; 
2026-06-03T18:10:52.8868946+00:00	PipelineCompleted	ExtractSeed01	
2026-06-03T18:10:52.8880624+00:00	WorkerEvent	ExtractSeed05.extract-seed-05	GrantAccepted; ExitCode=0; 
2026-06-03T18:10:52.8908553+00:00	WorkerEvent	ExtractSeed06.extract-seed-06	GrantAccepted; ExitCode=0; 
2026-06-03T18:10:52.8918275+00:00	WorkerEvent	ExtractSeed05.extract-seed-05	TaskStarted; ExitCode=0; 
2026-06-03T18:10:52.8927473+00:00	WorkerEvent	AuditHairball	WorkerReady; ExitCode=0; ready
2026-06-03T18:10:52.8940373+00:00	StartPipeline	AuditHairball	AuditHairball
2026-06-03T18:10:52.8951558+00:00	WorkerEvent	ExtractSeed06.extract-seed-06	TaskStarted; ExitCode=0; 
2026-06-03T18:10:52.8988379+00:00	WorkerStarting	BridgeL03L04	meta-pipeline
2026-06-03T18:10:53.8779250+00:00	WorkerStarted	BridgeL03L04	6672
2026-06-03T18:10:53.8788039+00:00	WorkerControlPipe	BridgeL03L04	meta-orchestration-b978c1eeafbf42c3a31b02c7f90d89e3
2026-06-03T18:10:53.8799747+00:00	WorkerLog	BridgeL03L04	stdout=C:\Users\jimmy\Desktop\meta-bi\Samples\Demos\MetaOrchestrationHairballCliIntegration\Runs\hairball-seed-20260530\RunArtifacts\runs\20260603-181047_f9520fe0ba0e47178389df2fe09b408e\logs\BridgeL03L04-6672.stdout.log; stderr=C:\Users\jimmy\Desktop\meta-bi\Samples\Demos\MetaOrchestrationHairballCliIntegration\Runs\hairball-seed-20260530\RunArtifacts\runs\20260603-181047_f9520fe0ba0e47178389df2fe09b408e\logs\BridgeL03L04-6672.stderr.log
2026-06-03T18:10:53.8817479+00:00	WorkerEvent	BridgeL01L02	WorkerOnline; ExitCode=0; online
2026-06-03T18:10:53.8827279+00:00	WorkerEvent	ExtractSeed04.extract-seed-04	TaskSucceeded; ExitCode=0; 
2026-06-03T18:10:53.8836603+00:00	TaskSucceeded	ExtractSeed04.extract-seed-04	0
2026-06-03T18:10:53.8844858+00:00	PipelineCompleted	ExtractSeed04	
2026-06-03T18:10:53.8850389+00:00	WorkerEvent	ExtractSeed07	PipelineStarted; ExitCode=0; pipeline started
2026-06-03T18:10:53.8877996+00:00	WorkerStarting	BridgeL05L06	meta-pipeline
2026-06-03T18:10:54.2388707+00:00	WorkerStarted	BridgeL05L06	14540
2026-06-03T18:10:54.2396108+00:00	WorkerControlPipe	BridgeL05L06	meta-orchestration-bd7d0eaa90424f12a853747b5dedfaf9
2026-06-03T18:10:54.2402924+00:00	WorkerLog	BridgeL05L06	stdout=C:\Users\jimmy\Desktop\meta-bi\Samples\Demos\MetaOrchestrationHairballCliIntegration\Runs\hairball-seed-20260530\RunArtifacts\runs\20260603-181047_f9520fe0ba0e47178389df2fe09b408e\logs\BridgeL05L06-14540.stdout.log; stderr=C:\Users\jimmy\Desktop\meta-bi\Samples\Demos\MetaOrchestrationHairballCliIntegration\Runs\hairball-seed-20260530\RunArtifacts\runs\20260603-181047_f9520fe0ba0e47178389df2fe09b408e\logs\BridgeL05L06-14540.stderr.log
2026-06-03T18:10:54.2411325+00:00	WorkerEvent	BridgeL03L04	WorkerOnline; ExitCode=0; online
2026-06-03T18:10:54.2421044+00:00	WorkerEvent	BridgeL01L02	WorkerReady; ExitCode=0; ready
2026-06-03T18:10:54.2431975+00:00	StartPipeline	BridgeL01L02	BridgeL01L02
2026-06-03T18:10:54.2442924+00:00	WorkerEvent	BridgeL03L04	WorkerReady; ExitCode=0; ready
2026-06-03T18:10:54.2550866+00:00	StartPipeline	BridgeL03L04	BridgeL03L04
2026-06-03T18:10:54.2564358+00:00	WorkerEvent	ExtractSeed05.extract-seed-05	TaskSucceeded; ExitCode=0; 
2026-06-03T18:10:54.2593603+00:00	TaskSucceeded	ExtractSeed05.extract-seed-05	0
2026-06-03T18:10:54.2613871+00:00	PipelineCompleted	ExtractSeed05	
2026-06-03T18:10:54.2633989+00:00	WorkerEvent	ExtractSeed07.extract-seed-07	TaskReady; ExitCode=0; 
2026-06-03T18:10:54.2670210+00:00	GrantTask	ExtractSeed07.extract-seed-07	ExtractSeed07.extract-seed-07; GrantId=grant-7; Attempt=1
2026-06-03T18:10:54.2678195+00:00	WorkerStarting	BridgeL07L08	meta-pipeline
2026-06-03T18:10:54.5473628+00:00	WorkerStarted	BridgeL07L08	30588
2026-06-03T18:10:54.5484967+00:00	WorkerControlPipe	BridgeL07L08	meta-orchestration-77f7e242aa1b4febbd54cab3a7248da8
2026-06-03T18:10:54.5496475+00:00	WorkerLog	BridgeL07L08	stdout=C:\Users\jimmy\Desktop\meta-bi\Samples\Demos\MetaOrchestrationHairballCliIntegration\Runs\hairball-seed-20260530\RunArtifacts\runs\20260603-181047_f9520fe0ba0e47178389df2fe09b408e\logs\BridgeL07L08-30588.stdout.log; stderr=C:\Users\jimmy\Desktop\meta-bi\Samples\Demos\MetaOrchestrationHairballCliIntegration\Runs\hairball-seed-20260530\RunArtifacts\runs\20260603-181047_f9520fe0ba0e47178389df2fe09b408e\logs\BridgeL07L08-30588.stderr.log
2026-06-03T18:10:54.5521862+00:00	WorkerEvent	BridgeL05L06	WorkerOnline; ExitCode=0; online
2026-06-03T18:10:54.5532597+00:00	WorkerEvent	ExtractSeed06.extract-seed-06	TaskSucceeded; ExitCode=0; 
2026-06-03T18:10:54.5544147+00:00	TaskSucceeded	ExtractSeed06.extract-seed-06	0
2026-06-03T18:10:54.5552659+00:00	PipelineCompleted	ExtractSeed06	
2026-06-03T18:10:54.5558597+00:00	WorkerEvent	ExtractSeed07.extract-seed-07	GrantAccepted; ExitCode=0; 
2026-06-03T18:10:54.5612080+00:00	WorkerStarting	CompositeMart	meta-pipeline
2026-06-03T18:10:56.3279473+00:00	WorkerStarted	CompositeMart	11416
2026-06-03T18:10:56.3291453+00:00	WorkerControlPipe	CompositeMart	meta-orchestration-634167b763c64d11a762546f3cea1a8b
2026-06-03T18:10:56.3297998+00:00	WorkerLog	CompositeMart	stdout=C:\Users\jimmy\Desktop\meta-bi\Samples\Demos\MetaOrchestrationHairballCliIntegration\Runs\hairball-seed-20260530\RunArtifacts\runs\20260603-181047_f9520fe0ba0e47178389df2fe09b408e\logs\CompositeMart-11416.stdout.log; stderr=C:\Users\jimmy\Desktop\meta-bi\Samples\Demos\MetaOrchestrationHairballCliIntegration\Runs\hairball-seed-20260530\RunArtifacts\runs\20260603-181047_f9520fe0ba0e47178389df2fe09b408e\logs\CompositeMart-11416.stderr.log
2026-06-03T18:10:56.3306917+00:00	WorkerEvent	BridgeL05L06	WorkerReady; ExitCode=0; ready
2026-06-03T18:10:56.3322992+00:00	StartPipeline	BridgeL05L06	BridgeL05L06
2026-06-03T18:10:56.3336237+00:00	WorkerEvent	BridgeL07L08	WorkerOnline; ExitCode=0; online
2026-06-03T18:10:56.3361144+00:00	WorkerEvent	CompositeMart	WorkerOnline; ExitCode=0; online
2026-06-03T18:10:56.3371747+00:00	WorkerEvent	ExtractSeed07.extract-seed-07	TaskStarted; ExitCode=0; 
2026-06-03T18:10:56.3382553+00:00	WorkerEvent	ExtractSeed08	PipelineStarted; ExitCode=0; pipeline started
2026-06-03T18:10:56.3390837+00:00	WorkerEvent	AuditHairball	PipelineStarted; ExitCode=0; pipeline started
2026-06-03T18:10:56.3418312+00:00	WorkerStarting	Layer01Hub	meta-pipeline
2026-06-03T18:10:57.3288166+00:00	WorkerStarted	Layer01Hub	4320
2026-06-03T18:10:57.3295312+00:00	WorkerControlPipe	Layer01Hub	meta-orchestration-f2e20733220c4e8eb3f5052e28ef776a
2026-06-03T18:10:57.3300345+00:00	WorkerLog	Layer01Hub	stdout=C:\Users\jimmy\Desktop\meta-bi\Samples\Demos\MetaOrchestrationHairballCliIntegration\Runs\hairball-seed-20260530\RunArtifacts\runs\20260603-181047_f9520fe0ba0e47178389df2fe09b408e\logs\Layer01Hub-4320.stdout.log; stderr=C:\Users\jimmy\Desktop\meta-bi\Samples\Demos\MetaOrchestrationHairballCliIntegration\Runs\hairball-seed-20260530\RunArtifacts\runs\20260603-181047_f9520fe0ba0e47178389df2fe09b408e\logs\Layer01Hub-4320.stderr.log
2026-06-03T18:10:57.3311106+00:00	WorkerEvent	BridgeL03L04	PipelineStarted; ExitCode=0; pipeline started
2026-06-03T18:10:57.3321208+00:00	WorkerEvent	BridgeL01L02	PipelineStarted; ExitCode=0; pipeline started
2026-06-03T18:10:57.3332993+00:00	WorkerEvent	BridgeL07L08	WorkerReady; ExitCode=0; ready
2026-06-03T18:10:57.3358010+00:00	StartPipeline	BridgeL07L08	BridgeL07L08
2026-06-03T18:10:57.3366366+00:00	WorkerEvent	BridgeL03L04.bridge-l03-l04-collect	TaskReady; ExitCode=0; 
2026-06-03T18:10:57.3412655+00:00	WorkerEvent	Layer01Hub	WorkerOnline; ExitCode=0; online
2026-06-03T18:10:57.3420558+00:00	WorkerEvent	BridgeL01L02.bridge-l01-l02-collect	TaskReady; ExitCode=0; 
2026-06-03T18:10:57.3428390+00:00	WorkerEvent	CompositeMart	WorkerReady; ExitCode=0; ready
2026-06-03T18:10:57.3442325+00:00	StartPipeline	CompositeMart	CompositeMart
2026-06-03T18:10:57.3456832+00:00	WorkerEvent	Layer01Hub	WorkerReady; ExitCode=0; ready
2026-06-03T18:10:57.3537965+00:00	StartPipeline	Layer01Hub	Layer01Hub
2026-06-03T18:10:57.3551531+00:00	WorkerEvent	ExtractSeed07.extract-seed-07	TaskSucceeded; ExitCode=0; 
2026-06-03T18:10:57.3558109+00:00	TaskSucceeded	ExtractSeed07.extract-seed-07	0
2026-06-03T18:10:57.3567558+00:00	PipelineCompleted	ExtractSeed07	
2026-06-03T18:10:57.3573887+00:00	WorkerEvent	ExtractSeed08.extract-seed-08	TaskReady; ExitCode=0; 
2026-06-03T18:10:57.3582250+00:00	WorkerEvent	AuditHairball.audit-hairball	TaskReady; ExitCode=0; 
2026-06-03T18:10:57.3598101+00:00	GrantTask	ExtractSeed08.extract-seed-08	ExtractSeed08.extract-seed-08; GrantId=grant-8; Attempt=1
2026-06-03T18:10:57.3607645+00:00	WorkerStarting	Layer01Node06	meta-pipeline
2026-06-03T18:10:58.3316391+00:00	WorkerStarted	Layer01Node06	6240
2026-06-03T18:10:58.3327918+00:00	WorkerControlPipe	Layer01Node06	meta-orchestration-670679f8ae14447898edb86ce07d9cf3
2026-06-03T18:10:58.3335198+00:00	WorkerLog	Layer01Node06	stdout=C:\Users\jimmy\Desktop\meta-bi\Samples\Demos\MetaOrchestrationHairballCliIntegration\Runs\hairball-seed-20260530\RunArtifacts\runs\20260603-181047_f9520fe0ba0e47178389df2fe09b408e\logs\Layer01Node06-6240.stdout.log; stderr=C:\Users\jimmy\Desktop\meta-bi\Samples\Demos\MetaOrchestrationHairballCliIntegration\Runs\hairball-seed-20260530\RunArtifacts\runs\20260603-181047_f9520fe0ba0e47178389df2fe09b408e\logs\Layer01Node06-6240.stderr.log
2026-06-03T18:10:58.3361332+00:00	WorkerEvent	ExtractSeed08.extract-seed-08	GrantAccepted; ExitCode=0; 
2026-06-03T18:10:58.3397003+00:00	WorkerStarting	Layer01Node01	meta-pipeline
2026-06-03T18:10:59.3357129+00:00	WorkerStarted	Layer01Node01	12724
2026-06-03T18:10:59.3365465+00:00	WorkerControlPipe	Layer01Node01	meta-orchestration-1372a02a83d2427e8cd433cb72390b5d
2026-06-03T18:10:59.3371477+00:00	WorkerLog	Layer01Node01	stdout=C:\Users\jimmy\Desktop\meta-bi\Samples\Demos\MetaOrchestrationHairballCliIntegration\Runs\hairball-seed-20260530\RunArtifacts\runs\20260603-181047_f9520fe0ba0e47178389df2fe09b408e\logs\Layer01Node01-12724.stdout.log; stderr=C:\Users\jimmy\Desktop\meta-bi\Samples\Demos\MetaOrchestrationHairballCliIntegration\Runs\hairball-seed-20260530\RunArtifacts\runs\20260603-181047_f9520fe0ba0e47178389df2fe09b408e\logs\Layer01Node01-12724.stderr.log
2026-06-03T18:10:59.3378539+00:00	WorkerEvent	BridgeL05L06	PipelineStarted; ExitCode=0; pipeline started
2026-06-03T18:10:59.3386913+00:00	WorkerEvent	Layer01Node06	WorkerOnline; ExitCode=0; online
2026-06-03T18:10:59.3395940+00:00	WorkerEvent	ExtractSeed08.extract-seed-08	TaskStarted; ExitCode=0; 
2026-06-03T18:10:59.3424091+00:00	WorkerStarting	Layer01Node02	meta-pipeline
2026-06-03T18:11:00.3378652+00:00	WorkerStarted	Layer01Node02	10316
2026-06-03T18:11:00.3387818+00:00	WorkerControlPipe	Layer01Node02	meta-orchestration-5c797d3cd2614023990ee7884e97838d
2026-06-03T18:11:00.3393325+00:00	WorkerLog	Layer01Node02	stdout=C:\Users\jimmy\Desktop\meta-bi\Samples\Demos\MetaOrchestrationHairballCliIntegration\Runs\hairball-seed-20260530\RunArtifacts\runs\20260603-181047_f9520fe0ba0e47178389df2fe09b408e\logs\Layer01Node02-10316.stdout.log; stderr=C:\Users\jimmy\Desktop\meta-bi\Samples\Demos\MetaOrchestrationHairballCliIntegration\Runs\hairball-seed-20260530\RunArtifacts\runs\20260603-181047_f9520fe0ba0e47178389df2fe09b408e\logs\Layer01Node02-10316.stderr.log
2026-06-03T18:11:00.3399266+00:00	WorkerEvent	Layer01Hub	PipelineStarted; ExitCode=0; pipeline started
2026-06-03T18:11:00.3408640+00:00	WorkerEvent	BridgeL05L06.bridge-l05-l06-collect	TaskReady; ExitCode=0; 
2026-06-03T18:11:00.3417542+00:00	WorkerEvent	BridgeL07L08	PipelineStarted; ExitCode=0; pipeline started
2026-06-03T18:11:00.3433193+00:00	WorkerEvent	CompositeMart	PipelineStarted; ExitCode=0; pipeline started
2026-06-03T18:11:00.3450873+00:00	WorkerEvent	Layer01Node06	WorkerReady; ExitCode=0; ready
2026-06-03T18:11:00.3465893+00:00	StartPipeline	Layer01Node06	Layer01Node06
2026-06-03T18:11:00.3487878+00:00	WorkerEvent	Layer01Hub.hub-l01-stage	TaskReady; ExitCode=0; 
2026-06-03T18:11:00.3496851+00:00	WorkerEvent	BridgeL07L08.bridge-l07-l08-collect	TaskReady; ExitCode=0; 
2026-06-03T18:11:00.3503757+00:00	WorkerEvent	CompositeMart.composite-stage	TaskReady; ExitCode=0; 
2026-06-03T18:11:00.3519674+00:00	WorkerEvent	ExtractSeed08.extract-seed-08	TaskSucceeded; ExitCode=0; 
2026-06-03T18:11:00.3527802+00:00	TaskSucceeded	ExtractSeed08.extract-seed-08	0
2026-06-03T18:11:00.3535011+00:00	PipelineCompleted	ExtractSeed08	
2026-06-03T18:11:00.3539572+00:00	WorkerEvent	Layer01Node01	WorkerOnline; ExitCode=0; online
2026-06-03T18:11:00.3545915+00:00	WorkerEvent	Layer01Node02	WorkerOnline; ExitCode=0; online
2026-06-03T18:11:00.3555282+00:00	WorkerStarting	Layer01Node07	meta-pipeline
2026-06-03T18:11:01.3396114+00:00	WorkerStarted	Layer01Node07	20996
2026-06-03T18:11:01.3401657+00:00	WorkerControlPipe	Layer01Node07	meta-orchestration-4ed20ee075604c06af9d1270f5a2b65d
2026-06-03T18:11:01.3405122+00:00	WorkerLog	Layer01Node07	stdout=C:\Users\jimmy\Desktop\meta-bi\Samples\Demos\MetaOrchestrationHairballCliIntegration\Runs\hairball-seed-20260530\RunArtifacts\runs\20260603-181047_f9520fe0ba0e47178389df2fe09b408e\logs\Layer01Node07-20996.stdout.log; stderr=C:\Users\jimmy\Desktop\meta-bi\Samples\Demos\MetaOrchestrationHairballCliIntegration\Runs\hairball-seed-20260530\RunArtifacts\runs\20260603-181047_f9520fe0ba0e47178389df2fe09b408e\logs\Layer01Node07-20996.stderr.log
2026-06-03T18:11:01.3413657+00:00	WorkerEvent	Layer01Node01	WorkerReady; ExitCode=0; ready
2026-06-03T18:11:01.3435592+00:00	StartPipeline	Layer01Node01	Layer01Node01
2026-06-03T18:11:01.3445968+00:00	WorkerEvent	Layer01Node07	WorkerOnline; ExitCode=0; online
2026-06-03T18:11:01.3462451+00:00	WorkerEvent	Layer01Node02	WorkerReady; ExitCode=0; ready
2026-06-03T18:11:01.3474714+00:00	StartPipeline	Layer01Node02	Layer01Node02
2026-06-03T18:11:01.3482147+00:00	WorkerEvent	Layer01Node07	WorkerReady; ExitCode=0; ready
2026-06-03T18:11:02.3431294+00:00	StartPipeline	Layer01Node07	Layer01Node07
2026-06-03T18:11:02.3471589+00:00	WorkerStarting	Layer03Node09	meta-pipeline
2026-06-03T18:11:03.3469166+00:00	WorkerStarted	Layer03Node09	28956
2026-06-03T18:11:03.3474497+00:00	WorkerControlPipe	Layer03Node09	meta-orchestration-e89c71a4fb8c4d4cb0564ba734a02383
2026-06-03T18:11:03.3477406+00:00	WorkerLog	Layer03Node09	stdout=C:\Users\jimmy\Desktop\meta-bi\Samples\Demos\MetaOrchestrationHairballCliIntegration\Runs\hairball-seed-20260530\RunArtifacts\runs\20260603-181047_f9520fe0ba0e47178389df2fe09b408e\logs\Layer03Node09-28956.stdout.log; stderr=C:\Users\jimmy\Desktop\meta-bi\Samples\Demos\MetaOrchestrationHairballCliIntegration\Runs\hairball-seed-20260530\RunArtifacts\runs\20260603-181047_f9520fe0ba0e47178389df2fe09b408e\logs\Layer03Node09-28956.stderr.log
2026-06-03T18:11:03.3480859+00:00	WorkerEvent	Layer01Node06	PipelineStarted; ExitCode=0; pipeline started
2026-06-03T18:11:03.3489112+00:00	WorkerEvent	Layer01Node07	PipelineStarted; ExitCode=0; pipeline started
2026-06-03T18:11:03.3495906+00:00	WorkerEvent	Layer01Node01	PipelineStarted; ExitCode=0; pipeline started
2026-06-03T18:11:03.3501964+00:00	WorkerEvent	Layer01Node02	PipelineStarted; ExitCode=0; pipeline started
2026-06-03T18:11:03.3646302+00:00	WorkerEvent	Layer03Node09	WorkerOnline; ExitCode=0; online
2026-06-03T18:11:03.3675717+00:00	WorkerEvent	Layer01Node06.refresh-l01-n06	TaskReady; ExitCode=0; 
2026-06-03T18:11:03.3693677+00:00	GrantTask	Layer01Node06.refresh-l01-n06	Layer01Node06.refresh-l01-n06; GrantId=grant-9; Attempt=1
2026-06-03T18:11:03.3697652+00:00	WorkerEvent	Layer01Node07.refresh-l01-n07	TaskReady; ExitCode=0; 
2026-06-03T18:11:03.3702119+00:00	WorkerEvent	Layer01Node01.export-l01-n01	TaskReady; ExitCode=0; 
2026-06-03T18:11:03.3707628+00:00	WorkerEvent	Layer01Node02.select-l01-n02	TaskReady; ExitCode=0; 
2026-06-03T18:11:03.3712651+00:00	WorkerEvent	Layer03Node09	WorkerReady; ExitCode=0; ready
2026-06-03T18:11:04.3484414+00:00	StartPipeline	Layer03Node09	Layer03Node09
2026-06-03T18:11:04.3492803+00:00	WorkerEvent	Layer01Node06.refresh-l01-n06	GrantAccepted; ExitCode=0; 
2026-06-03T18:11:04.3542978+00:00	GrantTask	Layer01Node01.export-l01-n01	Layer01Node01.export-l01-n01; GrantId=grant-10; Attempt=1
2026-06-03T18:11:04.3551760+00:00	GrantTask	Layer01Node07.refresh-l01-n07	Layer01Node07.refresh-l01-n07; GrantId=grant-11; Attempt=1
2026-06-03T18:11:04.3556846+00:00	WorkerEvent	Layer01Node06.refresh-l01-n06	TaskStarted; ExitCode=0; 
2026-06-03T18:11:04.3579011+00:00	WorkerEvent	Layer01Node01.export-l01-n01	GrantAccepted; ExitCode=0; 
2026-06-03T18:11:04.3589764+00:00	WorkerEvent	Layer03Node09	PipelineStarted; ExitCode=0; pipeline started
2026-06-03T18:11:04.3611025+00:00	WorkerEvent	Layer01Node07.refresh-l01-n07	GrantAccepted; ExitCode=0; 
2026-06-03T18:11:04.3633867+00:00	WorkerEvent	Layer01Node01.export-l01-n01	TaskStarted; ExitCode=0; 
2026-06-03T18:11:04.3680026+00:00	WorkerEvent	Layer03Node09.refresh-l03-n09	TaskReady; ExitCode=0; 
2026-06-03T18:11:04.3720259+00:00	GrantTask	Layer03Node09.refresh-l03-n09	Layer03Node09.refresh-l03-n09; GrantId=grant-12; Attempt=1
2026-06-03T18:11:04.3725716+00:00	WorkerEvent	Layer01Node07.refresh-l01-n07	TaskStarted; ExitCode=0; 
2026-06-03T18:11:04.3769307+00:00	WorkerEvent	Layer03Node09.refresh-l03-n09	GrantAccepted; ExitCode=0; 
2026-06-03T18:11:04.3798720+00:00	WorkerEvent	Layer03Node09.refresh-l03-n09	TaskStarted; ExitCode=0; 
2026-06-03T18:11:05.0813338+00:00	WorkerEvent	Layer03Node09.refresh-l03-n09	TaskSucceeded; ExitCode=0; 
2026-06-03T18:11:05.0825307+00:00	TaskSucceeded	Layer03Node09.refresh-l03-n09	0
2026-06-03T18:11:05.0843057+00:00	PipelineCompleted	Layer03Node09	
2026-06-03T18:11:05.0853044+00:00	WorkerEvent	Layer01Node06.refresh-l01-n06	TaskSucceeded; ExitCode=0; 
2026-06-03T18:11:05.0863725+00:00	TaskSucceeded	Layer01Node06.refresh-l01-n06	0
2026-06-03T18:11:05.0879211+00:00	WorkerStarting	Layer02Node03	meta-pipeline
2026-06-03T18:11:05.2789430+00:00	WorkerStarted	Layer02Node03	24336
2026-06-03T18:11:05.2796594+00:00	WorkerControlPipe	Layer02Node03	meta-orchestration-4529d195ff494496a4da08e3c0237d11
2026-06-03T18:11:05.2806111+00:00	WorkerLog	Layer02Node03	stdout=C:\Users\jimmy\Desktop\meta-bi\Samples\Demos\MetaOrchestrationHairballCliIntegration\Runs\hairball-seed-20260530\RunArtifacts\runs\20260603-181047_f9520fe0ba0e47178389df2fe09b408e\logs\Layer02Node03-24336.stdout.log; stderr=C:\Users\jimmy\Desktop\meta-bi\Samples\Demos\MetaOrchestrationHairballCliIntegration\Runs\hairball-seed-20260530\RunArtifacts\runs\20260603-181047_f9520fe0ba0e47178389df2fe09b408e\logs\Layer02Node03-24336.stderr.log
2026-06-03T18:11:05.2812375+00:00	WorkerEvent	Layer01Node06	Closed; ExitCode=0; 
2026-06-03T18:11:05.2820499+00:00	PipelineCompleted	Layer01Node06	
2026-06-03T18:11:05.2828129+00:00	WorkerEvent	Layer01Node07.refresh-l01-n07	TaskSucceeded; ExitCode=0; 
2026-06-03T18:11:05.2837692+00:00	TaskSucceeded	Layer01Node07.refresh-l01-n07	0
2026-06-03T18:11:05.2846799+00:00	PipelineCompleted	Layer01Node07	
2026-06-03T18:11:05.2874970+00:00	WorkerStarting	Layer01Node03	meta-pipeline
2026-06-03T18:11:05.4615903+00:00	WorkerStarted	Layer01Node03	25308
2026-06-03T18:11:05.4621817+00:00	WorkerControlPipe	Layer01Node03	meta-orchestration-15b3abafcf7440ed898b7e19fbdca4f8
2026-06-03T18:11:05.4627509+00:00	WorkerLog	Layer01Node03	stdout=C:\Users\jimmy\Desktop\meta-bi\Samples\Demos\MetaOrchestrationHairballCliIntegration\Runs\hairball-seed-20260530\RunArtifacts\runs\20260603-181047_f9520fe0ba0e47178389df2fe09b408e\logs\Layer01Node03-25308.stdout.log; stderr=C:\Users\jimmy\Desktop\meta-bi\Samples\Demos\MetaOrchestrationHairballCliIntegration\Runs\hairball-seed-20260530\RunArtifacts\runs\20260603-181047_f9520fe0ba0e47178389df2fe09b408e\logs\Layer01Node03-25308.stderr.log
2026-06-03T18:11:05.4632713+00:00	WorkerEvent	Layer01Node01.export-l01-n01	TaskSucceeded; ExitCode=0; 
2026-06-03T18:11:05.4643127+00:00	TaskSucceeded	Layer01Node01.export-l01-n01	0
2026-06-03T18:11:05.4651240+00:00	PipelineCompleted	Layer01Node01	
2026-06-03T18:11:05.4657491+00:00	WorkerEvent	Layer02Node03	WorkerOnline; ExitCode=0; online
2026-06-03T18:11:05.4672507+00:00	GrantTask	Layer01Node02.select-l01-n02	Layer01Node02.select-l01-n02; GrantId=grant-13; Attempt=1
2026-06-03T18:11:05.4679002+00:00	WorkerStarting	Layer01Node04	meta-pipeline
2026-06-03T18:11:05.6420251+00:00	WorkerStarted	Layer01Node04	10284
2026-06-03T18:11:05.6431722+00:00	WorkerControlPipe	Layer01Node04	meta-orchestration-95686bb651694872bd113dbede3ed260
2026-06-03T18:11:05.6438458+00:00	WorkerLog	Layer01Node04	stdout=C:\Users\jimmy\Desktop\meta-bi\Samples\Demos\MetaOrchestrationHairballCliIntegration\Runs\hairball-seed-20260530\RunArtifacts\runs\20260603-181047_f9520fe0ba0e47178389df2fe09b408e\logs\Layer01Node04-10284.stdout.log; stderr=C:\Users\jimmy\Desktop\meta-bi\Samples\Demos\MetaOrchestrationHairballCliIntegration\Runs\hairball-seed-20260530\RunArtifacts\runs\20260603-181047_f9520fe0ba0e47178389df2fe09b408e\logs\Layer01Node04-10284.stderr.log
2026-06-03T18:11:05.6445094+00:00	WorkerEvent	Layer01Node03	WorkerOnline; ExitCode=0; online
2026-06-03T18:11:05.6455085+00:00	WorkerEvent	Layer01Node02.select-l01-n02	GrantAccepted; ExitCode=0; 
2026-06-03T18:11:05.6463925+00:00	WorkerEvent	Layer01Node03	WorkerReady; ExitCode=0; ready
2026-06-03T18:11:05.6503754+00:00	StartPipeline	Layer01Node03	Layer01Node03
2026-06-03T18:11:05.6514000+00:00	WorkerEvent	Layer01Node02.select-l01-n02	TaskStarted; ExitCode=0; 
2026-06-03T18:11:05.6521785+00:00	WorkerEvent	Layer02Node03	WorkerReady; ExitCode=0; ready
2026-06-03T18:11:05.6531532+00:00	StartPipeline	Layer02Node03	Layer02Node03
2026-06-03T18:11:05.6571764+00:00	WorkerStarting	Layer01Node05	meta-pipeline
2026-06-03T18:11:05.8406234+00:00	WorkerStarted	Layer01Node05	23460
2026-06-03T18:11:05.8413935+00:00	WorkerControlPipe	Layer01Node05	meta-orchestration-c38b15f5daa249dbb30d6c01e1263117
2026-06-03T18:11:05.8420784+00:00	WorkerLog	Layer01Node05	stdout=C:\Users\jimmy\Desktop\meta-bi\Samples\Demos\MetaOrchestrationHairballCliIntegration\Runs\hairball-seed-20260530\RunArtifacts\runs\20260603-181047_f9520fe0ba0e47178389df2fe09b408e\logs\Layer01Node05-23460.stdout.log; stderr=C:\Users\jimmy\Desktop\meta-bi\Samples\Demos\MetaOrchestrationHairballCliIntegration\Runs\hairball-seed-20260530\RunArtifacts\runs\20260603-181047_f9520fe0ba0e47178389df2fe09b408e\logs\Layer01Node05-23460.stderr.log
2026-06-03T18:11:05.8429548+00:00	WorkerEvent	Layer01Node04	WorkerOnline; ExitCode=0; online
2026-06-03T18:11:05.8473977+00:00	WorkerEvent	Layer01Node04	WorkerReady; ExitCode=0; ready
2026-06-03T18:11:05.8539015+00:00	StartPipeline	Layer01Node04	Layer01Node04
2026-06-03T18:11:05.8896185+00:00	WorkerEvent	Layer01Node05	WorkerOnline; ExitCode=0; online
2026-06-03T18:11:05.8947874+00:00	WorkerEvent	Layer01Node05	WorkerReady; ExitCode=0; ready
2026-06-03T18:11:05.9017849+00:00	StartPipeline	Layer01Node05	Layer01Node05
2026-06-03T18:11:06.5310860+00:00	WorkerEvent	Layer01Node02.select-l01-n02	TaskSucceeded; ExitCode=0; 
2026-06-03T18:11:06.5323067+00:00	TaskSucceeded	Layer01Node02.select-l01-n02	0
2026-06-03T18:11:06.5362023+00:00	WorkerDeferredForCapacity	AuditHairball	Deferred by orchestration to honor max active worker process capacity.
2026-06-03T18:11:06.5373816+00:00	StopPipeline	AuditHairball	Deferred by orchestration to honor max active worker process capacity.
2026-06-03T18:11:06.5410327+00:00	WorkerDeferredForCapacity	BridgeL01L02	Deferred by orchestration to honor max active worker process capacity.
2026-06-03T18:11:06.5451022+00:00	StopPipeline	BridgeL01L02	Deferred by orchestration to honor max active worker process capacity.
2026-06-03T18:11:06.5499143+00:00	WorkerDeferredForCapacity	BridgeL03L04	Deferred by orchestration to honor max active worker process capacity.
2026-06-03T18:11:06.5523031+00:00	StopPipeline	BridgeL03L04	Deferred by orchestration to honor max active worker process capacity.
2026-06-03T18:11:06.5554472+00:00	WorkerDeferredForCapacity	BridgeL05L06	Deferred by orchestration to honor max active worker process capacity.
2026-06-03T18:11:06.5570678+00:00	StopPipeline	BridgeL05L06	Deferred by orchestration to honor max active worker process capacity.
2026-06-03T18:11:06.5630250+00:00	WorkerDeferredForCapacity	BridgeL07L08	Deferred by orchestration to honor max active worker process capacity.
2026-06-03T18:11:06.5639516+00:00	StopPipeline	BridgeL07L08	Deferred by orchestration to honor max active worker process capacity.
2026-06-03T18:11:06.5691025+00:00	WorkerDeferredForCapacity	CompositeMart	Deferred by orchestration to honor max active worker process capacity.
2026-06-03T18:11:06.5698059+00:00	StopPipeline	CompositeMart	Deferred by orchestration to honor max active worker process capacity.
2026-06-03T18:11:06.5823170+00:00	WorkerDeferredForCapacity	Layer01Hub	Deferred by orchestration to honor max active worker process capacity.
2026-06-03T18:11:06.5831733+00:00	StopPipeline	Layer01Hub	Deferred by orchestration to honor max active worker process capacity.
2026-06-03T18:11:06.6187729+00:00	WorkerEvent	Layer01Node02	Closed; ExitCode=0; 
2026-06-03T18:11:06.6197352+00:00	PipelineCompleted	Layer01Node02	
2026-06-03T18:11:06.6208075+00:00	WorkerStarting	Layer01Node09	meta-pipeline
2026-06-03T18:11:06.9344624+00:00	WorkerStarted	Layer01Node09	29272
2026-06-03T18:11:06.9363076+00:00	WorkerControlPipe	Layer01Node09	meta-orchestration-510c9805afdd400d8094db7539f41c3e
2026-06-03T18:11:06.9381708+00:00	WorkerLog	Layer01Node09	stdout=C:\Users\jimmy\Desktop\meta-bi\Samples\Demos\MetaOrchestrationHairballCliIntegration\Runs\hairball-seed-20260530\RunArtifacts\runs\20260603-181047_f9520fe0ba0e47178389df2fe09b408e\logs\Layer01Node09-29272.stdout.log; stderr=C:\Users\jimmy\Desktop\meta-bi\Samples\Demos\MetaOrchestrationHairballCliIntegration\Runs\hairball-seed-20260530\RunArtifacts\runs\20260603-181047_f9520fe0ba0e47178389df2fe09b408e\logs\Layer01Node09-29272.stderr.log
2026-06-03T18:11:06.9391812+00:00	WorkerEvent	BridgeL03L04	Closed; ExitCode=0; 
2026-06-03T18:11:06.9420008+00:00	WorkerDeferred	BridgeL03L04	ResumeTaskId=BridgeL03L04.bridge-l03-l04-collect
2026-06-03T18:11:06.9434014+00:00	WorkerEvent	Layer01Hub	Closed; ExitCode=0; 
2026-06-03T18:11:06.9446760+00:00	WorkerDeferred	Layer01Hub	ResumeTaskId=Layer01Hub.hub-l01-stage
2026-06-03T18:11:06.9454065+00:00	WorkerEvent	BridgeL01L02	Closed; ExitCode=0; 
2026-06-03T18:11:06.9463635+00:00	WorkerDeferred	BridgeL01L02	ResumeTaskId=BridgeL01L02.bridge-l01-l02-collect
2026-06-03T18:11:06.9482592+00:00	WorkerEvent	BridgeL05L06	Closed; ExitCode=0; 
2026-06-03T18:11:06.9491946+00:00	WorkerDeferred	BridgeL05L06	ResumeTaskId=BridgeL05L06.bridge-l05-l06-collect
2026-06-03T18:11:06.9498638+00:00	WorkerEvent	BridgeL07L08	Closed; ExitCode=0; 
2026-06-03T18:11:06.9509575+00:00	WorkerDeferred	BridgeL07L08	ResumeTaskId=BridgeL07L08.bridge-l07-l08-collect
2026-06-03T18:11:06.9516057+00:00	WorkerEvent	CompositeMart	Closed; ExitCode=0; 
2026-06-03T18:11:06.9524178+00:00	WorkerDeferred	CompositeMart	ResumeTaskId=CompositeMart.composite-stage
2026-06-03T18:11:06.9530374+00:00	WorkerEvent	AuditHairball	Closed; ExitCode=0; 
2026-06-03T18:11:06.9599327+00:00	WorkerDeferred	AuditHairball	ResumeTaskId=AuditHairball.audit-hairball
2026-06-03T18:11:06.9637600+00:00	WorkerResuming	AuditHairball	ResumeTaskId=AuditHairball.audit-hairball; Executable=meta-pipeline
2026-06-03T18:11:07.2132115+00:00	WorkerStarted	AuditHairball	24560
2026-06-03T18:11:07.2139108+00:00	WorkerControlPipe	AuditHairball	meta-orchestration-7b269641ce9a4008afc9a4d7a45e683f
2026-06-03T18:11:07.2144388+00:00	WorkerLog	AuditHairball	stdout=C:\Users\jimmy\Desktop\meta-bi\Samples\Demos\MetaOrchestrationHairballCliIntegration\Runs\hairball-seed-20260530\RunArtifacts\runs\20260603-181047_f9520fe0ba0e47178389df2fe09b408e\logs\AuditHairball-24560.stdout.log; stderr=C:\Users\jimmy\Desktop\meta-bi\Samples\Demos\MetaOrchestrationHairballCliIntegration\Runs\hairball-seed-20260530\RunArtifacts\runs\20260603-181047_f9520fe0ba0e47178389df2fe09b408e\logs\AuditHairball-24560.stderr.log
2026-06-03T18:11:07.2150451+00:00	WorkerEvent	Layer01Node03	PipelineStarted; ExitCode=0; pipeline started
2026-06-03T18:11:07.2161700+00:00	WorkerEvent	Layer01Node09	WorkerOnline; ExitCode=0; online
2026-06-03T18:11:07.2175319+00:00	WorkerEvent	Layer01Node03.select-l01-n03	TaskReady; ExitCode=0; 
2026-06-03T18:11:07.2185377+00:00	WorkerEvent	Layer01Node09	WorkerReady; ExitCode=0; ready
2026-06-03T18:11:07.2274486+00:00	StartPipeline	Layer01Node09	Layer01Node09
2026-06-03T18:11:07.2296078+00:00	WorkerEvent	Layer02Node03	PipelineStarted; ExitCode=0; pipeline started
2026-06-03T18:11:07.2338408+00:00	GrantTask	Layer01Node03.select-l01-n03	Layer01Node03.select-l01-n03; GrantId=grant-14; Attempt=1
2026-06-03T18:11:07.2344762+00:00	WorkerResuming	BridgeL01L02	ResumeTaskId=BridgeL01L02.bridge-l01-l02-collect; Executable=meta-pipeline
2026-06-03T18:11:07.4535685+00:00	WorkerStarted	BridgeL01L02	27756
2026-06-03T18:11:07.4544188+00:00	WorkerControlPipe	BridgeL01L02	meta-orchestration-8e07660ffa664c8eab132b1b578def74
2026-06-03T18:11:07.4563386+00:00	WorkerLog	BridgeL01L02	stdout=C:\Users\jimmy\Desktop\meta-bi\Samples\Demos\MetaOrchestrationHairballCliIntegration\Runs\hairball-seed-20260530\RunArtifacts\runs\20260603-181047_f9520fe0ba0e47178389df2fe09b408e\logs\BridgeL01L02-27756.stdout.log; stderr=C:\Users\jimmy\Desktop\meta-bi\Samples\Demos\MetaOrchestrationHairballCliIntegration\Runs\hairball-seed-20260530\RunArtifacts\runs\20260603-181047_f9520fe0ba0e47178389df2fe09b408e\logs\BridgeL01L02-27756.stderr.log
2026-06-03T18:11:07.4573212+00:00	WorkerEvent	Layer01Node05	PipelineStarted; ExitCode=0; pipeline started
2026-06-03T18:11:07.4595557+00:00	WorkerEvent	Layer01Node03.select-l01-n03	GrantAccepted; ExitCode=0; 
2026-06-03T18:11:07.4616598+00:00	WorkerEvent	Layer01Node05.export-l01-n05	TaskReady; ExitCode=0; 
2026-06-03T18:11:07.4627610+00:00	WorkerEvent	AuditHairball	WorkerOnline; ExitCode=0; online
2026-06-03T18:11:07.4639352+00:00	WorkerEvent	Layer01Node03.select-l01-n03	TaskStarted; ExitCode=0; 
2026-06-03T18:11:07.4651202+00:00	WorkerEvent	AuditHairball	WorkerReady; ExitCode=0; ready
2026-06-03T18:11:07.4737648+00:00	StartPipeline	AuditHairball	AuditHairball
2026-06-03T18:11:07.4751138+00:00	WorkerEvent	Layer01Node04	PipelineStarted; ExitCode=0; pipeline started
2026-06-03T18:11:07.4769535+00:00	WorkerEvent	Layer02Node03.select-l02-n03	TaskReady; ExitCode=0; 
2026-06-03T18:11:07.4785787+00:00	WorkerEvent	Layer01Node04.export-l01-n04	TaskReady; ExitCode=0; 
2026-06-03T18:11:07.4863892+00:00	GrantTask	Layer01Node04.export-l01-n04	Layer01Node04.export-l01-n04; GrantId=grant-15; Attempt=1
2026-06-03T18:11:07.4873053+00:00	GrantTask	Layer01Node05.export-l01-n05	Layer01Node05.export-l01-n05; GrantId=grant-16; Attempt=1
2026-06-03T18:11:07.4886432+00:00	GrantTask	Layer02Node03.select-l02-n03	Layer02Node03.select-l02-n03; GrantId=grant-17; Attempt=1
2026-06-03T18:11:07.4902872+00:00	WorkerResuming	BridgeL03L04	ResumeTaskId=BridgeL03L04.bridge-l03-l04-collect; Executable=meta-pipeline
2026-06-03T18:11:07.7711756+00:00	WorkerStarted	BridgeL03L04	22424
2026-06-03T18:11:07.7729292+00:00	WorkerControlPipe	BridgeL03L04	meta-orchestration-eb0095047dba48dbba6d786ab3761560
2026-06-03T18:11:07.7739393+00:00	WorkerLog	BridgeL03L04	stdout=C:\Users\jimmy\Desktop\meta-bi\Samples\Demos\MetaOrchestrationHairballCliIntegration\Runs\hairball-seed-20260530\RunArtifacts\runs\20260603-181047_f9520fe0ba0e47178389df2fe09b408e\logs\BridgeL03L04-22424.stdout.log; stderr=C:\Users\jimmy\Desktop\meta-bi\Samples\Demos\MetaOrchestrationHairballCliIntegration\Runs\hairball-seed-20260530\RunArtifacts\runs\20260603-181047_f9520fe0ba0e47178389df2fe09b408e\logs\BridgeL03L04-22424.stderr.log
2026-06-03T18:11:07.7752008+00:00	WorkerEvent	BridgeL01L02	WorkerOnline; ExitCode=0; online
2026-06-03T18:11:07.7771320+00:00	WorkerEvent	Layer01Node05.export-l01-n05	GrantAccepted; ExitCode=0; 
2026-06-03T18:11:07.7784731+00:00	WorkerEvent	Layer01Node04.export-l01-n04	GrantAccepted; ExitCode=0; 
2026-06-03T18:11:07.7795252+00:00	WorkerEvent	Layer02Node03.select-l02-n03	GrantAccepted; ExitCode=0; 
2026-06-03T18:11:07.7833275+00:00	WorkerResuming	BridgeL05L06	ResumeTaskId=BridgeL05L06.bridge-l05-l06-collect; Executable=meta-pipeline
2026-06-03T18:11:08.0978531+00:00	WorkerStarted	BridgeL05L06	29596
2026-06-03T18:11:08.0988039+00:00	WorkerControlPipe	BridgeL05L06	meta-orchestration-e1008c299e90442d9c445be7ff58653f
2026-06-03T18:11:08.0995006+00:00	WorkerLog	BridgeL05L06	stdout=C:\Users\jimmy\Desktop\meta-bi\Samples\Demos\MetaOrchestrationHairballCliIntegration\Runs\hairball-seed-20260530\RunArtifacts\runs\20260603-181047_f9520fe0ba0e47178389df2fe09b408e\logs\BridgeL05L06-29596.stdout.log; stderr=C:\Users\jimmy\Desktop\meta-bi\Samples\Demos\MetaOrchestrationHairballCliIntegration\Runs\hairball-seed-20260530\RunArtifacts\runs\20260603-181047_f9520fe0ba0e47178389df2fe09b408e\logs\BridgeL05L06-29596.stderr.log
2026-06-03T18:11:08.1011140+00:00	WorkerEvent	BridgeL03L04	WorkerOnline; ExitCode=0; online
2026-06-03T18:11:08.1023057+00:00	WorkerEvent	BridgeL01L02	WorkerReady; ExitCode=0; ready
2026-06-03T18:11:08.1034808+00:00	StartPipeline	BridgeL01L02	BridgeL01L02
2026-06-03T18:11:08.1045433+00:00	WorkerEvent	BridgeL03L04	WorkerReady; ExitCode=0; ready
2026-06-03T18:11:08.1334952+00:00	StartPipeline	BridgeL03L04	BridgeL03L04
2026-06-03T18:11:08.1348444+00:00	WorkerEvent	Layer01Node05.export-l01-n05	TaskStarted; ExitCode=0; 
2026-06-03T18:11:08.1364436+00:00	WorkerEvent	Layer01Node04.export-l01-n04	TaskStarted; ExitCode=0; 
2026-06-03T18:11:08.1378414+00:00	WorkerEvent	Layer02Node03.select-l02-n03	TaskStarted; ExitCode=0; 
2026-06-03T18:11:08.1606691+00:00	WorkerResuming	BridgeL07L08	ResumeTaskId=BridgeL07L08.bridge-l07-l08-collect; Executable=meta-pipeline
2026-06-03T18:11:08.6516656+00:00	WorkerStarted	BridgeL07L08	27052
2026-06-03T18:11:08.6560751+00:00	WorkerControlPipe	BridgeL07L08	meta-orchestration-866b63d88ecc47b28e362c8f52c438ea
2026-06-03T18:11:08.6570920+00:00	WorkerLog	BridgeL07L08	stdout=C:\Users\jimmy\Desktop\meta-bi\Samples\Demos\MetaOrchestrationHairballCliIntegration\Runs\hairball-seed-20260530\RunArtifacts\runs\20260603-181047_f9520fe0ba0e47178389df2fe09b408e\logs\BridgeL07L08-27052.stdout.log; stderr=C:\Users\jimmy\Desktop\meta-bi\Samples\Demos\MetaOrchestrationHairballCliIntegration\Runs\hairball-seed-20260530\RunArtifacts\runs\20260603-181047_f9520fe0ba0e47178389df2fe09b408e\logs\BridgeL07L08-27052.stderr.log
2026-06-03T18:11:08.6578977+00:00	WorkerEvent	BridgeL05L06	WorkerOnline; ExitCode=0; online
2026-06-03T18:11:08.6667295+00:00	WorkerResuming	CompositeMart	ResumeTaskId=CompositeMart.composite-stage; Executable=meta-pipeline
2026-06-03T18:11:09.2000449+00:00	WorkerStarted	CompositeMart	27824
2026-06-03T18:11:09.2008874+00:00	WorkerControlPipe	CompositeMart	meta-orchestration-f60015ff43874488858a745040a16bfb
2026-06-03T18:11:09.2015977+00:00	WorkerLog	CompositeMart	stdout=C:\Users\jimmy\Desktop\meta-bi\Samples\Demos\MetaOrchestrationHairballCliIntegration\Runs\hairball-seed-20260530\RunArtifacts\runs\20260603-181047_f9520fe0ba0e47178389df2fe09b408e\logs\CompositeMart-27824.stdout.log; stderr=C:\Users\jimmy\Desktop\meta-bi\Samples\Demos\MetaOrchestrationHairballCliIntegration\Runs\hairball-seed-20260530\RunArtifacts\runs\20260603-181047_f9520fe0ba0e47178389df2fe09b408e\logs\CompositeMart-27824.stderr.log
2026-06-03T18:11:09.2023770+00:00	WorkerEvent	BridgeL07L08	WorkerOnline; ExitCode=0; online
2026-06-03T18:11:09.2036092+00:00	WorkerEvent	BridgeL05L06	WorkerReady; ExitCode=0; ready
2026-06-03T18:11:09.2067675+00:00	StartPipeline	BridgeL05L06	BridgeL05L06
2026-06-03T18:11:09.2105499+00:00	WorkerEvent	BridgeL07L08	WorkerReady; ExitCode=0; ready
2026-06-03T18:11:09.2372069+00:00	StartPipeline	BridgeL07L08	BridgeL07L08
2026-06-03T18:11:09.2397204+00:00	WorkerEvent	Layer01Node03.select-l01-n03	TaskSucceeded; ExitCode=0; 
2026-06-03T18:11:09.2408883+00:00	TaskSucceeded	Layer01Node03.select-l01-n03	0
2026-06-03T18:11:09.2419193+00:00	PipelineCompleted	Layer01Node03	
2026-06-03T18:11:09.2459012+00:00	WorkerResuming	Layer01Hub	ResumeTaskId=Layer01Hub.hub-l01-stage; Executable=meta-pipeline
2026-06-03T18:11:09.7621096+00:00	WorkerStarted	Layer01Hub	28388
2026-06-03T18:11:09.7691147+00:00	WorkerControlPipe	Layer01Hub	meta-orchestration-50a3009bd82149fe9f83d7e9ea3f8830
2026-06-03T18:11:09.7699017+00:00	WorkerLog	Layer01Hub	stdout=C:\Users\jimmy\Desktop\meta-bi\Samples\Demos\MetaOrchestrationHairballCliIntegration\Runs\hairball-seed-20260530\RunArtifacts\runs\20260603-181047_f9520fe0ba0e47178389df2fe09b408e\logs\Layer01Hub-28388.stdout.log; stderr=C:\Users\jimmy\Desktop\meta-bi\Samples\Demos\MetaOrchestrationHairballCliIntegration\Runs\hairball-seed-20260530\RunArtifacts\runs\20260603-181047_f9520fe0ba0e47178389df2fe09b408e\logs\Layer01Hub-28388.stderr.log
2026-06-03T18:11:09.7716629+00:00	WorkerEvent	CompositeMart	WorkerOnline; ExitCode=0; online
2026-06-03T18:11:09.7818617+00:00	WorkerEvent	AuditHairball	PipelineStarted; ExitCode=0; pipeline started
2026-06-03T18:11:09.7984344+00:00	WorkerEvent	CompositeMart	WorkerReady; ExitCode=0; ready
2026-06-03T18:11:09.7996697+00:00	StartPipeline	CompositeMart	CompositeMart
2026-06-03T18:11:09.8008043+00:00	WorkerEvent	AuditHairball.audit-hairball	TaskReady; ExitCode=0; 
2026-06-03T18:11:09.8024509+00:00	WorkerEvent	Layer01Node09	PipelineStarted; ExitCode=0; pipeline started
2026-06-03T18:11:09.8054539+00:00	WorkerEvent	Layer02Node03.select-l02-n03	TaskSucceeded; ExitCode=0; 
2026-06-03T18:11:09.8069173+00:00	TaskSucceeded	Layer02Node03.select-l02-n03	0
2026-06-03T18:11:09.8081601+00:00	PipelineCompleted	Layer02Node03	
2026-06-03T18:11:09.8088179+00:00	WorkerEvent	Layer01Node09.refresh-l01-n09	TaskReady; ExitCode=0; 
2026-06-03T18:11:09.8487352+00:00	GrantTask	Layer01Node09.refresh-l01-n09	Layer01Node09.refresh-l01-n09; GrantId=grant-18; Attempt=1
2026-06-03T18:11:09.8495911+00:00	WorkerStarting	Layer01Node08	meta-pipeline
2026-06-03T18:11:10.2648047+00:00	WorkerStarted	Layer01Node08	29740
2026-06-03T18:11:10.2656938+00:00	WorkerControlPipe	Layer01Node08	meta-orchestration-b41405b7eae747fc8cfeaadb6876b94b
2026-06-03T18:11:10.2663440+00:00	WorkerLog	Layer01Node08	stdout=C:\Users\jimmy\Desktop\meta-bi\Samples\Demos\MetaOrchestrationHairballCliIntegration\Runs\hairball-seed-20260530\RunArtifacts\runs\20260603-181047_f9520fe0ba0e47178389df2fe09b408e\logs\Layer01Node08-29740.stdout.log; stderr=C:\Users\jimmy\Desktop\meta-bi\Samples\Demos\MetaOrchestrationHairballCliIntegration\Runs\hairball-seed-20260530\RunArtifacts\runs\20260603-181047_f9520fe0ba0e47178389df2fe09b408e\logs\Layer01Node08-29740.stderr.log
2026-06-03T18:11:10.2670632+00:00	WorkerEvent	Layer01Node05.export-l01-n05	TaskSucceeded; ExitCode=0; 
2026-06-03T18:11:10.2791600+00:00	TaskSucceeded	Layer01Node05.export-l01-n05	0
2026-06-03T18:11:10.2803343+00:00	PipelineCompleted	Layer01Node05	
2026-06-03T18:11:10.2810236+00:00	WorkerEvent	Layer01Hub	WorkerOnline; ExitCode=0; online
2026-06-03T18:11:10.2819602+00:00	WorkerEvent	Layer01Node04.export-l01-n04	TaskSucceeded; ExitCode=0; 
2026-06-03T18:11:10.2828132+00:00	TaskSucceeded	Layer01Node04.export-l01-n04	0
2026-06-03T18:11:10.2843358+00:00	PipelineCompleted	Layer01Node04	
2026-06-03T18:11:10.2850824+00:00	WorkerEvent	Layer01Hub	WorkerReady; ExitCode=0; ready
2026-06-03T18:11:10.3075905+00:00	StartPipeline	Layer01Hub	Layer01Hub
2026-06-03T18:11:10.3089563+00:00	WorkerEvent	Layer01Node09.refresh-l01-n09	GrantAccepted; ExitCode=0; 
2026-06-03T18:11:10.3108967+00:00	WorkerStarting	Layer02Node05	meta-pipeline
2026-06-03T18:11:10.8545917+00:00	WorkerStarted	Layer02Node05	7784
2026-06-03T18:11:10.8553742+00:00	WorkerControlPipe	Layer02Node05	meta-orchestration-fd9f45f3b1c04f9699a14d76d7a68dad
2026-06-03T18:11:10.8560758+00:00	WorkerLog	Layer02Node05	stdout=C:\Users\jimmy\Desktop\meta-bi\Samples\Demos\MetaOrchestrationHairballCliIntegration\Runs\hairball-seed-20260530\RunArtifacts\runs\20260603-181047_f9520fe0ba0e47178389df2fe09b408e\logs\Layer02Node05-7784.stdout.log; stderr=C:\Users\jimmy\Desktop\meta-bi\Samples\Demos\MetaOrchestrationHairballCliIntegration\Runs\hairball-seed-20260530\RunArtifacts\runs\20260603-181047_f9520fe0ba0e47178389df2fe09b408e\logs\Layer02Node05-7784.stderr.log
2026-06-03T18:11:10.8567698+00:00	WorkerEvent	Layer01Node09.refresh-l01-n09	TaskStarted; ExitCode=0; 
2026-06-03T18:11:10.8578083+00:00	WorkerEvent	Layer01Node08	WorkerOnline; ExitCode=0; online
2026-06-03T18:11:10.8617175+00:00	WorkerStarting	Layer02Hub	meta-pipeline
2026-06-03T18:11:11.3521123+00:00	WorkerStarted	Layer02Hub	16164
2026-06-03T18:11:11.3606013+00:00	WorkerControlPipe	Layer02Hub	meta-orchestration-909f2d23766a42448cd41723cc926997
2026-06-03T18:11:11.3676444+00:00	WorkerLog	Layer02Hub	stdout=C:\Users\jimmy\Desktop\meta-bi\Samples\Demos\MetaOrchestrationHairballCliIntegration\Runs\hairball-seed-20260530\RunArtifacts\runs\20260603-181047_f9520fe0ba0e47178389df2fe09b408e\logs\Layer02Hub-16164.stdout.log; stderr=C:\Users\jimmy\Desktop\meta-bi\Samples\Demos\MetaOrchestrationHairballCliIntegration\Runs\hairball-seed-20260530\RunArtifacts\runs\20260603-181047_f9520fe0ba0e47178389df2fe09b408e\logs\Layer02Hub-16164.stderr.log
2026-06-03T18:11:11.3697773+00:00	WorkerEvent	BridgeL03L04	PipelineStarted; ExitCode=0; pipeline started
2026-06-03T18:11:11.3716580+00:00	WorkerEvent	BridgeL01L02	PipelineStarted; ExitCode=0; pipeline started
2026-06-03T18:11:11.3855796+00:00	WorkerEvent	BridgeL03L04.bridge-l03-l04-collect	TaskReady; ExitCode=0; 
2026-06-03T18:11:11.3924689+00:00	WorkerEvent	BridgeL01L02.bridge-l01-l02-collect	TaskReady; ExitCode=0; 
2026-06-03T18:11:11.3946295+00:00	WorkerEvent	Layer02Node05	WorkerOnline; ExitCode=0; online
2026-06-03T18:11:11.3962805+00:00	WorkerEvent	Layer01Node08	WorkerReady; ExitCode=0; ready
2026-06-03T18:11:11.3974505+00:00	StartPipeline	Layer01Node08	Layer01Node08
2026-06-03T18:11:11.3985288+00:00	WorkerEvent	Layer02Node05	WorkerReady; ExitCode=0; ready
2026-06-03T18:11:11.4182285+00:00	StartPipeline	Layer02Node05	Layer02Node05
2026-06-03T18:11:11.4295601+00:00	WorkerStarting	Layer02Node01	meta-pipeline
2026-06-03T18:11:12.2259159+00:00	WorkerStarted	Layer02Node01	30528
2026-06-03T18:11:12.2268771+00:00	WorkerControlPipe	Layer02Node01	meta-orchestration-1327a96a28ba49b194ce0c0c8fdc6c8c
2026-06-03T18:11:12.2276346+00:00	WorkerLog	Layer02Node01	stdout=C:\Users\jimmy\Desktop\meta-bi\Samples\Demos\MetaOrchestrationHairballCliIntegration\Runs\hairball-seed-20260530\RunArtifacts\runs\20260603-181047_f9520fe0ba0e47178389df2fe09b408e\logs\Layer02Node01-30528.stdout.log; stderr=C:\Users\jimmy\Desktop\meta-bi\Samples\Demos\MetaOrchestrationHairballCliIntegration\Runs\hairball-seed-20260530\RunArtifacts\runs\20260603-181047_f9520fe0ba0e47178389df2fe09b408e\logs\Layer02Node01-30528.stderr.log
2026-06-03T18:11:12.2284212+00:00	WorkerEvent	Layer02Hub	WorkerOnline; ExitCode=0; online
2026-06-03T18:11:12.2294099+00:00	WorkerEvent	Layer01Node09.refresh-l01-n09	TaskSucceeded; ExitCode=0; 
2026-06-03T18:11:12.2302142+00:00	TaskSucceeded	Layer01Node09.refresh-l01-n09	0
2026-06-03T18:11:12.2314248+00:00	PipelineCompleted	Layer01Node09	
2026-06-03T18:11:12.2326101+00:00	WorkerStarting	Layer02Node02	meta-pipeline
2026-06-03T18:11:14.7281066+00:00	WorkerStarted	Layer02Node02	5140
2026-06-03T18:11:14.7288391+00:00	WorkerControlPipe	Layer02Node02	meta-orchestration-f0c3d4291d094ba6bc898f01d35bf9e3
2026-06-03T18:11:14.7293873+00:00	WorkerLog	Layer02Node02	stdout=C:\Users\jimmy\Desktop\meta-bi\Samples\Demos\MetaOrchestrationHairballCliIntegration\Runs\hairball-seed-20260530\RunArtifacts\runs\20260603-181047_f9520fe0ba0e47178389df2fe09b408e\logs\Layer02Node02-5140.stdout.log; stderr=C:\Users\jimmy\Desktop\meta-bi\Samples\Demos\MetaOrchestrationHairballCliIntegration\Runs\hairball-seed-20260530\RunArtifacts\runs\20260603-181047_f9520fe0ba0e47178389df2fe09b408e\logs\Layer02Node02-5140.stderr.log
2026-06-03T18:11:14.7300516+00:00	WorkerEvent	Layer02Node01	WorkerOnline; ExitCode=0; online
2026-06-03T18:11:14.7309153+00:00	WorkerEvent	BridgeL07L08	PipelineStarted; ExitCode=0; pipeline started
2026-06-03T18:11:14.7319974+00:00	WorkerEvent	BridgeL05L06	PipelineStarted; ExitCode=0; pipeline started
2026-06-03T18:11:14.7332489+00:00	WorkerEvent	Layer02Hub	WorkerReady; ExitCode=0; ready
2026-06-03T18:11:14.7357276+00:00	StartPipeline	Layer02Hub	Layer02Hub
2026-06-03T18:11:14.7371749+00:00	WorkerEvent	Layer02Node01	WorkerReady; ExitCode=0; ready
2026-06-03T18:11:15.7296761+00:00	StartPipeline	Layer02Node01	Layer02Node01
2026-06-03T18:11:15.7306831+00:00	WorkerEvent	CompositeMart	PipelineStarted; ExitCode=0; pipeline started
2026-06-03T18:11:15.7315324+00:00	WorkerEvent	BridgeL07L08.bridge-l07-l08-collect	TaskReady; ExitCode=0; 
2026-06-03T18:11:15.7326267+00:00	WorkerEvent	BridgeL05L06.bridge-l05-l06-collect	TaskReady; ExitCode=0; 
2026-06-03T18:11:15.7341632+00:00	WorkerEvent	Layer01Hub	PipelineStarted; ExitCode=0; pipeline started
2026-06-03T18:11:15.7364223+00:00	WorkerEvent	Layer02Node05	PipelineStarted; ExitCode=0; pipeline started
2026-06-03T18:11:15.7390691+00:00	WorkerEvent	Layer02Node02	WorkerOnline; ExitCode=0; online
2026-06-03T18:11:15.7403461+00:00	WorkerEvent	Layer01Node08	PipelineStarted; ExitCode=0; pipeline started
2026-06-03T18:11:15.7433204+00:00	WorkerEvent	CompositeMart.composite-stage	TaskReady; ExitCode=0; 
2026-06-03T18:11:15.7461926+00:00	WorkerEvent	Layer01Hub.hub-l01-stage	TaskReady; ExitCode=0; 
2026-06-03T18:11:15.7503602+00:00	GrantTask	Layer01Hub.hub-l01-stage	Layer01Hub.hub-l01-stage; GrantId=grant-19; Attempt=1
2026-06-03T18:11:15.7520700+00:00	WorkerEvent	Layer02Node05.select-l02-n05	TaskReady; ExitCode=0; 
2026-06-03T18:11:15.7531166+00:00	WorkerEvent	Layer02Node02	WorkerReady; ExitCode=0; ready
2026-06-03T18:11:15.7546699+00:00	StartPipeline	Layer02Node02	Layer02Node02
2026-06-03T18:11:15.7561155+00:00	WorkerEvent	Layer01Hub.hub-l01-stage	GrantAccepted; ExitCode=0; 
2026-06-03T18:11:15.7570495+00:00	WorkerEvent	Layer01Node08.select-l01-n08	TaskReady; ExitCode=0; 
2026-06-03T18:11:15.7604781+00:00	GrantTask	Layer01Node08.select-l01-n08	Layer01Node08.select-l01-n08; GrantId=grant-20; Attempt=1
2026-06-03T18:11:15.7620147+00:00	GrantTask	Layer02Node05.select-l02-n05	Layer02Node05.select-l02-n05; GrantId=grant-21; Attempt=1
2026-06-03T18:11:15.7626052+00:00	WorkerEvent	Layer01Hub.hub-l01-stage	TaskStarted; ExitCode=0; 
2026-06-03T18:11:15.7660431+00:00	WorkerEvent	Layer01Node08.select-l01-n08	GrantAccepted; ExitCode=0; 
2026-06-03T18:11:15.7709049+00:00	WorkerEvent	Layer01Node08.select-l01-n08	TaskStarted; ExitCode=0; 
2026-06-03T18:11:15.7746148+00:00	WorkerEvent	Layer02Node05.select-l02-n05	GrantAccepted; ExitCode=0; 
2026-06-03T18:11:15.7778398+00:00	WorkerEvent	Layer02Node05.select-l02-n05	TaskStarted; ExitCode=0; 
2026-06-03T18:11:16.0097887+00:00	WorkerEvent	Layer02Node01	PipelineStarted; ExitCode=0; pipeline started
2026-06-03T18:11:16.0159697+00:00	WorkerEvent	Layer02Node01.select-l02-n01	TaskReady; ExitCode=0; 
2026-06-03T18:11:16.5525503+00:00	WorkerEvent	Layer02Hub	PipelineStarted; ExitCode=0; pipeline started
2026-06-03T18:11:16.5637520+00:00	WorkerEvent	Layer02Hub.hub-l02-stage	TaskReady; ExitCode=0; 
2026-06-03T18:11:16.7969956+00:00	WorkerEvent	Layer01Hub.hub-l01-stage	TaskSucceeded; ExitCode=0; 
2026-06-03T18:11:16.7983542+00:00	TaskSucceeded	Layer01Hub.hub-l01-stage	0
2026-06-03T18:11:16.7997770+00:00	WorkerDeferredForCapacity	AuditHairball	Deferred by orchestration to honor max active worker process capacity.
2026-06-03T18:11:16.8017709+00:00	StopPipeline	AuditHairball	Deferred by orchestration to honor max active worker process capacity.
2026-06-03T18:11:16.8028532+00:00	WorkerEvent	Layer01Hub.hub-l01-curate	TaskReady; ExitCode=0; 
2026-06-03T18:11:16.8057385+00:00	GrantTask	Layer01Hub.hub-l01-curate	Layer01Hub.hub-l01-curate; GrantId=grant-22; Attempt=1
2026-06-03T18:11:16.8065628+00:00	WorkerDeferredForCapacity	BridgeL01L02	Deferred by orchestration to honor max active worker process capacity.
2026-06-03T18:11:16.8072591+00:00	StopPipeline	BridgeL01L02	Deferred by orchestration to honor max active worker process capacity.
2026-06-03T18:11:16.8098052+00:00	WorkerDeferredForCapacity	BridgeL03L04	Deferred by orchestration to honor max active worker process capacity.
2026-06-03T18:11:16.8105832+00:00	StopPipeline	BridgeL03L04	Deferred by orchestration to honor max active worker process capacity.
2026-06-03T18:11:16.8118861+00:00	WorkerEvent	Layer01Hub.hub-l01-curate	GrantAccepted; ExitCode=0; 
2026-06-03T18:11:16.8133600+00:00	WorkerDeferredForCapacity	BridgeL05L06	Deferred by orchestration to honor max active worker process capacity.
2026-06-03T18:11:16.8140725+00:00	StopPipeline	BridgeL05L06	Deferred by orchestration to honor max active worker process capacity.
2026-06-03T18:11:16.8149543+00:00	WorkerEvent	Layer01Hub.hub-l01-curate	TaskStarted; ExitCode=0; 
2026-06-03T18:11:16.8160640+00:00	WorkerEvent	Layer01Node08.select-l01-n08	TaskSucceeded; ExitCode=0; 
2026-06-03T18:11:16.8179907+00:00	TaskSucceeded	Layer01Node08.select-l01-n08	0
2026-06-03T18:11:16.8195620+00:00	WorkerDeferredForCapacity	BridgeL07L08	Deferred by orchestration to honor max active worker process capacity.
2026-06-03T18:11:16.8263588+00:00	StopPipeline	BridgeL07L08	Deferred by orchestration to honor max active worker process capacity.
2026-06-03T18:11:16.8279904+00:00	WorkerDeferredForCapacity	CompositeMart	Deferred by orchestration to honor max active worker process capacity.
2026-06-03T18:11:16.8287153+00:00	StopPipeline	CompositeMart	Deferred by orchestration to honor max active worker process capacity.
2026-06-03T18:11:16.8369551+00:00	WorkerDeferredForCapacity	Layer02Hub	Deferred by orchestration to honor max active worker process capacity.
2026-06-03T18:11:16.8384776+00:00	StopPipeline	Layer02Hub	Deferred by orchestration to honor max active worker process capacity.
2026-06-03T18:11:16.8518160+00:00	WorkerEvent	Layer02Node05.select-l02-n05	TaskSucceeded; ExitCode=0; 
2026-06-03T18:11:16.8530702+00:00	TaskSucceeded	Layer02Node05.select-l02-n05	0
2026-06-03T18:11:16.8599388+00:00	WorkerDeferredForCapacity	Layer02Node01	Deferred by orchestration to honor max active worker process capacity.
2026-06-03T18:11:16.8609078+00:00	StopPipeline	Layer02Node01	Deferred by orchestration to honor max active worker process capacity.
2026-06-03T18:11:16.8710997+00:00	WorkerEvent	AuditHairball	Closed; ExitCode=0; 
2026-06-03T18:11:16.8721892+00:00	WorkerDeferred	AuditHairball	ResumeTaskId=AuditHairball.audit-hairball
2026-06-03T18:11:16.8733101+00:00	WorkerStarting	Layer02Node04	meta-pipeline
2026-06-03T18:11:17.2571599+00:00	WorkerStarted	Layer02Node04	29736
2026-06-03T18:11:17.2581020+00:00	WorkerControlPipe	Layer02Node04	meta-orchestration-4f9276b6a5db46fdb054a26aaa61a995
2026-06-03T18:11:17.2588528+00:00	WorkerLog	Layer02Node04	stdout=C:\Users\jimmy\Desktop\meta-bi\Samples\Demos\MetaOrchestrationHairballCliIntegration\Runs\hairball-seed-20260530\RunArtifacts\runs\20260603-181047_f9520fe0ba0e47178389df2fe09b408e\logs\Layer02Node04-29736.stdout.log; stderr=C:\Users\jimmy\Desktop\meta-bi\Samples\Demos\MetaOrchestrationHairballCliIntegration\Runs\hairball-seed-20260530\RunArtifacts\runs\20260603-181047_f9520fe0ba0e47178389df2fe09b408e\logs\Layer02Node04-29736.stderr.log
2026-06-03T18:11:17.2597197+00:00	WorkerEvent	Layer02Node01	Closed; ExitCode=0; 
2026-06-03T18:11:17.2609685+00:00	WorkerDeferred	Layer02Node01	ResumeTaskId=Layer02Node01.select-l02-n01
2026-06-03T18:11:17.2621436+00:00	WorkerEvent	CompositeMart	Closed; ExitCode=0; 
2026-06-03T18:11:17.2634986+00:00	WorkerDeferred	CompositeMart	ResumeTaskId=CompositeMart.composite-stage
2026-06-03T18:11:17.2644350+00:00	WorkerEvent	BridgeL07L08	Closed; ExitCode=0; 
2026-06-03T18:11:17.2654105+00:00	WorkerDeferred	BridgeL07L08	ResumeTaskId=BridgeL07L08.bridge-l07-l08-collect
2026-06-03T18:11:17.2661314+00:00	WorkerEvent	BridgeL05L06	Closed; ExitCode=0; 
2026-06-03T18:11:17.2679463+00:00	WorkerDeferred	BridgeL05L06	ResumeTaskId=BridgeL05L06.bridge-l05-l06-collect
2026-06-03T18:11:17.2687594+00:00	WorkerEvent	BridgeL03L04	Closed; ExitCode=0; 
2026-06-03T18:11:17.2698923+00:00	WorkerDeferred	BridgeL03L04	ResumeTaskId=BridgeL03L04.bridge-l03-l04-collect
2026-06-03T18:11:17.2708598+00:00	WorkerEvent	BridgeL01L02	Closed; ExitCode=0; 
2026-06-03T18:11:17.2723866+00:00	WorkerDeferred	BridgeL01L02	ResumeTaskId=BridgeL01L02.bridge-l01-l02-collect
2026-06-03T18:11:17.2732623+00:00	WorkerEvent	Layer02Hub	Closed; ExitCode=0; 
2026-06-03T18:11:17.2742183+00:00	WorkerDeferred	Layer02Hub	ResumeTaskId=Layer02Hub.hub-l02-stage
2026-06-03T18:11:17.2748605+00:00	WorkerEvent	Layer01Hub.hub-l01-curate	TaskSucceeded; ExitCode=0; 
2026-06-03T18:11:17.2782108+00:00	TaskSucceeded	Layer01Hub.hub-l01-curate	0
2026-06-03T18:11:17.2790828+00:00	WorkerEvent	Layer02Node05	Closed; ExitCode=0; 
2026-06-03T18:11:17.2801123+00:00	PipelineCompleted	Layer02Node05	
2026-06-03T18:11:17.2809758+00:00	WorkerEvent	Layer01Node08	Closed; ExitCode=0; 
2026-06-03T18:11:17.2819752+00:00	PipelineCompleted	Layer01Node08	
2026-06-03T18:11:17.2826954+00:00	WorkerEvent	Layer01Hub.hub-l01-publish	TaskReady; ExitCode=0; 
2026-06-03T18:11:17.2894543+00:00	GrantTask	Layer01Hub.hub-l01-publish	Layer01Hub.hub-l01-publish; GrantId=grant-23; Attempt=1
2026-06-03T18:11:17.2909217+00:00	WorkerResuming	Layer02Node01	ResumeTaskId=Layer02Node01.select-l02-n01; Executable=meta-pipeline
2026-06-03T18:11:17.6049589+00:00	WorkerStarted	Layer02Node01	8980
2026-06-03T18:11:17.6068680+00:00	WorkerControlPipe	Layer02Node01	meta-orchestration-c2d67a7170134644927f0b2be7a35a41
2026-06-03T18:11:17.6078375+00:00	WorkerLog	Layer02Node01	stdout=C:\Users\jimmy\Desktop\meta-bi\Samples\Demos\MetaOrchestrationHairballCliIntegration\Runs\hairball-seed-20260530\RunArtifacts\runs\20260603-181047_f9520fe0ba0e47178389df2fe09b408e\logs\Layer02Node01-8980.stdout.log; stderr=C:\Users\jimmy\Desktop\meta-bi\Samples\Demos\MetaOrchestrationHairballCliIntegration\Runs\hairball-seed-20260530\RunArtifacts\runs\20260603-181047_f9520fe0ba0e47178389df2fe09b408e\logs\Layer02Node01-8980.stderr.log
2026-06-03T18:11:17.6086749+00:00	WorkerEvent	Layer01Hub.hub-l01-publish	GrantAccepted; ExitCode=0; 
2026-06-03T18:11:17.6098172+00:00	WorkerEvent	Layer02Node04	WorkerOnline; ExitCode=0; online
2026-06-03T18:11:17.6153045+00:00	WorkerEvent	Layer02Node02	PipelineStarted; ExitCode=0; pipeline started
2026-06-03T18:11:17.6191944+00:00	WorkerEvent	Layer01Hub.hub-l01-publish	TaskStarted; ExitCode=0; 
2026-06-03T18:11:17.6203792+00:00	WorkerEvent	Layer02Node04	WorkerReady; ExitCode=0; ready
2026-06-03T18:11:17.6479432+00:00	StartPipeline	Layer02Node04	Layer02Node04
2026-06-03T18:11:17.6514247+00:00	WorkerEvent	Layer02Node02.refresh-l02-n02	TaskReady; ExitCode=0; 
2026-06-03T18:11:17.6563179+00:00	GrantTask	Layer02Node02.refresh-l02-n02	Layer02Node02.refresh-l02-n02; GrantId=grant-24; Attempt=1
2026-06-03T18:11:17.6575791+00:00	WorkerStarting	Layer03Node03	meta-pipeline
2026-06-03T18:11:17.9720226+00:00	WorkerStarted	Layer03Node03	14696
2026-06-03T18:11:17.9731099+00:00	WorkerControlPipe	Layer03Node03	meta-orchestration-1f38d19253964734b8c5454b40b4955b
2026-06-03T18:11:17.9747234+00:00	WorkerLog	Layer03Node03	stdout=C:\Users\jimmy\Desktop\meta-bi\Samples\Demos\MetaOrchestrationHairballCliIntegration\Runs\hairball-seed-20260530\RunArtifacts\runs\20260603-181047_f9520fe0ba0e47178389df2fe09b408e\logs\Layer03Node03-14696.stdout.log; stderr=C:\Users\jimmy\Desktop\meta-bi\Samples\Demos\MetaOrchestrationHairballCliIntegration\Runs\hairball-seed-20260530\RunArtifacts\runs\20260603-181047_f9520fe0ba0e47178389df2fe09b408e\logs\Layer03Node03-14696.stderr.log
2026-06-03T18:11:17.9758633+00:00	WorkerEvent	Layer01Hub.hub-l01-publish	TaskSucceeded; ExitCode=0; 
2026-06-03T18:11:17.9769639+00:00	TaskSucceeded	Layer01Hub.hub-l01-publish	0
2026-06-03T18:11:17.9780027+00:00	PipelineCompleted	Layer01Hub	
2026-06-03T18:11:17.9790212+00:00	WorkerEvent	Layer02Node02.refresh-l02-n02	GrantAccepted; ExitCode=0; 
2026-06-03T18:11:17.9801481+00:00	WorkerEvent	Layer02Node01	WorkerOnline; ExitCode=0; online
2026-06-03T18:11:17.9820333+00:00	WorkerStarting	Layer02Node08	meta-pipeline
2026-06-03T18:11:18.2417447+00:00	WorkerStarted	Layer02Node08	26700
2026-06-03T18:11:18.2425984+00:00	WorkerControlPipe	Layer02Node08	meta-orchestration-dc638be2f1f147d0981ce9eca1532675
2026-06-03T18:11:18.2433483+00:00	WorkerLog	Layer02Node08	stdout=C:\Users\jimmy\Desktop\meta-bi\Samples\Demos\MetaOrchestrationHairballCliIntegration\Runs\hairball-seed-20260530\RunArtifacts\runs\20260603-181047_f9520fe0ba0e47178389df2fe09b408e\logs\Layer02Node08-26700.stdout.log; stderr=C:\Users\jimmy\Desktop\meta-bi\Samples\Demos\MetaOrchestrationHairballCliIntegration\Runs\hairball-seed-20260530\RunArtifacts\runs\20260603-181047_f9520fe0ba0e47178389df2fe09b408e\logs\Layer02Node08-26700.stderr.log
2026-06-03T18:11:18.2442868+00:00	WorkerEvent	Layer03Node03	WorkerOnline; ExitCode=0; online
2026-06-03T18:11:18.2454451+00:00	WorkerEvent	Layer02Node02.refresh-l02-n02	TaskStarted; ExitCode=0; 
2026-06-03T18:11:18.2465221+00:00	WorkerEvent	Layer03Node03	WorkerReady; ExitCode=0; ready
2026-06-03T18:11:18.2601897+00:00	StartPipeline	Layer03Node03	Layer03Node03
2026-06-03T18:11:18.2617209+00:00	WorkerEvent	Layer02Node01	WorkerReady; ExitCode=0; ready
2026-06-03T18:11:18.2704132+00:00	StartPipeline	Layer02Node01	Layer02Node01
2026-06-03T18:11:18.2818448+00:00	WorkerResuming	AuditHairball	ResumeTaskId=AuditHairball.audit-hairball; Executable=meta-pipeline
2026-06-03T18:11:18.6103646+00:00	WorkerStarted	AuditHairball	8316
2026-06-03T18:11:18.6119877+00:00	WorkerControlPipe	AuditHairball	meta-orchestration-02074ab10c6d4ed783cba9bada9193dc
2026-06-03T18:11:18.6127839+00:00	WorkerLog	AuditHairball	stdout=C:\Users\jimmy\Desktop\meta-bi\Samples\Demos\MetaOrchestrationHairballCliIntegration\Runs\hairball-seed-20260530\RunArtifacts\runs\20260603-181047_f9520fe0ba0e47178389df2fe09b408e\logs\AuditHairball-8316.stdout.log; stderr=C:\Users\jimmy\Desktop\meta-bi\Samples\Demos\MetaOrchestrationHairballCliIntegration\Runs\hairball-seed-20260530\RunArtifacts\runs\20260603-181047_f9520fe0ba0e47178389df2fe09b408e\logs\AuditHairball-8316.stderr.log
2026-06-03T18:11:18.6140725+00:00	WorkerEvent	Layer02Node08	WorkerOnline; ExitCode=0; online
2026-06-03T18:11:18.6195865+00:00	WorkerResuming	BridgeL01L02	ResumeTaskId=BridgeL01L02.bridge-l01-l02-collect; Executable=meta-pipeline
2026-06-03T18:11:18.9817333+00:00	WorkerStarted	BridgeL01L02	28908
2026-06-03T18:11:18.9839958+00:00	WorkerControlPipe	BridgeL01L02	meta-orchestration-20a2070efc80481c88f953f6cd7d29b5
2026-06-03T18:11:18.9849400+00:00	WorkerLog	BridgeL01L02	stdout=C:\Users\jimmy\Desktop\meta-bi\Samples\Demos\MetaOrchestrationHairballCliIntegration\Runs\hairball-seed-20260530\RunArtifacts\runs\20260603-181047_f9520fe0ba0e47178389df2fe09b408e\logs\BridgeL01L02-28908.stdout.log; stderr=C:\Users\jimmy\Desktop\meta-bi\Samples\Demos\MetaOrchestrationHairballCliIntegration\Runs\hairball-seed-20260530\RunArtifacts\runs\20260603-181047_f9520fe0ba0e47178389df2fe09b408e\logs\BridgeL01L02-28908.stderr.log
2026-06-03T18:11:18.9867147+00:00	WorkerEvent	AuditHairball	WorkerOnline; ExitCode=0; online
2026-06-03T18:11:18.9879964+00:00	WorkerEvent	Layer02Node08	WorkerReady; ExitCode=0; ready
2026-06-03T18:11:18.9895417+00:00	StartPipeline	Layer02Node08	Layer02Node08
2026-06-03T18:11:18.9928838+00:00	WorkerEvent	AuditHairball	WorkerReady; ExitCode=0; ready
2026-06-03T18:11:19.0263696+00:00	StartPipeline	AuditHairball	AuditHairball
2026-06-03T18:11:19.0312643+00:00	WorkerResuming	BridgeL03L04	ResumeTaskId=BridgeL03L04.bridge-l03-l04-collect; Executable=meta-pipeline
2026-06-03T18:11:19.4220893+00:00	WorkerStarted	BridgeL03L04	7776
2026-06-03T18:11:19.4231406+00:00	WorkerControlPipe	BridgeL03L04	meta-orchestration-c93a5ac7e1d64837a808d5040ce03987
2026-06-03T18:11:19.4238453+00:00	WorkerLog	BridgeL03L04	stdout=C:\Users\jimmy\Desktop\meta-bi\Samples\Demos\MetaOrchestrationHairballCliIntegration\Runs\hairball-seed-20260530\RunArtifacts\runs\20260603-181047_f9520fe0ba0e47178389df2fe09b408e\logs\BridgeL03L04-7776.stdout.log; stderr=C:\Users\jimmy\Desktop\meta-bi\Samples\Demos\MetaOrchestrationHairballCliIntegration\Runs\hairball-seed-20260530\RunArtifacts\runs\20260603-181047_f9520fe0ba0e47178389df2fe09b408e\logs\BridgeL03L04-7776.stderr.log
2026-06-03T18:11:19.4245716+00:00	WorkerEvent	BridgeL01L02	WorkerOnline; ExitCode=0; online
2026-06-03T18:11:19.4259535+00:00	WorkerEvent	Layer02Node02.refresh-l02-n02	TaskSucceeded; ExitCode=0; 
2026-06-03T18:11:19.4273841+00:00	TaskSucceeded	Layer02Node02.refresh-l02-n02	0
2026-06-03T18:11:19.4289743+00:00	PipelineCompleted	Layer02Node02	
2026-06-03T18:11:19.4302648+00:00	WorkerStarting	Layer02Node06	meta-pipeline
2026-06-03T18:11:19.7979722+00:00	WorkerStarted	Layer02Node06	30940
2026-06-03T18:11:19.8011707+00:00	WorkerControlPipe	Layer02Node06	meta-orchestration-61cf3567f6e047cba6a862350169830a
2026-06-03T18:11:19.8078596+00:00	WorkerLog	Layer02Node06	stdout=C:\Users\jimmy\Desktop\meta-bi\Samples\Demos\MetaOrchestrationHairballCliIntegration\Runs\hairball-seed-20260530\RunArtifacts\runs\20260603-181047_f9520fe0ba0e47178389df2fe09b408e\logs\Layer02Node06-30940.stdout.log; stderr=C:\Users\jimmy\Desktop\meta-bi\Samples\Demos\MetaOrchestrationHairballCliIntegration\Runs\hairball-seed-20260530\RunArtifacts\runs\20260603-181047_f9520fe0ba0e47178389df2fe09b408e\logs\Layer02Node06-30940.stderr.log
2026-06-03T18:11:19.8088049+00:00	WorkerEvent	BridgeL03L04	WorkerOnline; ExitCode=0; online
2026-06-03T18:11:19.8102396+00:00	WorkerEvent	BridgeL01L02	WorkerReady; ExitCode=0; ready
2026-06-03T18:11:19.8293726+00:00	StartPipeline	BridgeL01L02	BridgeL01L02
2026-06-03T18:11:19.8308998+00:00	WorkerEvent	BridgeL03L04	WorkerReady; ExitCode=0; ready
2026-06-03T18:11:19.8410174+00:00	StartPipeline	BridgeL03L04	BridgeL03L04
2026-06-03T18:11:19.8538288+00:00	WorkerEvent	Layer02Node04	PipelineStarted; ExitCode=0; pipeline started
2026-06-03T18:11:19.8674336+00:00	WorkerStarting	Layer03Node10	meta-pipeline
2026-06-03T18:11:20.3174421+00:00	WorkerStarted	Layer03Node10	23828
2026-06-03T18:11:20.3185214+00:00	WorkerControlPipe	Layer03Node10	meta-orchestration-fce5bad6e48247648207af52fb49186d
2026-06-03T18:11:20.3194088+00:00	WorkerLog	Layer03Node10	stdout=C:\Users\jimmy\Desktop\meta-bi\Samples\Demos\MetaOrchestrationHairballCliIntegration\Runs\hairball-seed-20260530\RunArtifacts\runs\20260603-181047_f9520fe0ba0e47178389df2fe09b408e\logs\Layer03Node10-23828.stdout.log; stderr=C:\Users\jimmy\Desktop\meta-bi\Samples\Demos\MetaOrchestrationHairballCliIntegration\Runs\hairball-seed-20260530\RunArtifacts\runs\20260603-181047_f9520fe0ba0e47178389df2fe09b408e\logs\Layer03Node10-23828.stderr.log
2026-06-03T18:11:20.3201825+00:00	WorkerEvent	Layer02Node04.export-l02-n04	TaskReady; ExitCode=0; 
2026-06-03T18:11:20.3211897+00:00	WorkerEvent	Layer02Node06	WorkerOnline; ExitCode=0; online
2026-06-03T18:11:20.3293369+00:00	GrantTask	Layer02Node04.export-l02-n04	Layer02Node04.export-l02-n04; GrantId=grant-25; Attempt=1
2026-06-03T18:11:20.3301206+00:00	WorkerResuming	BridgeL05L06	ResumeTaskId=BridgeL05L06.bridge-l05-l06-collect; Executable=meta-pipeline
2026-06-03T18:11:20.8521978+00:00	WorkerStarted	BridgeL05L06	27820
2026-06-03T18:11:20.8530884+00:00	WorkerControlPipe	BridgeL05L06	meta-orchestration-1f29ababa2b64f97b17933b7b1e09626
2026-06-03T18:11:20.8538013+00:00	WorkerLog	BridgeL05L06	stdout=C:\Users\jimmy\Desktop\meta-bi\Samples\Demos\MetaOrchestrationHairballCliIntegration\Runs\hairball-seed-20260530\RunArtifacts\runs\20260603-181047_f9520fe0ba0e47178389df2fe09b408e\logs\BridgeL05L06-27820.stdout.log; stderr=C:\Users\jimmy\Desktop\meta-bi\Samples\Demos\MetaOrchestrationHairballCliIntegration\Runs\hairball-seed-20260530\RunArtifacts\runs\20260603-181047_f9520fe0ba0e47178389df2fe09b408e\logs\BridgeL05L06-27820.stderr.log
2026-06-03T18:11:20.8546876+00:00	WorkerEvent	Layer03Node10	WorkerOnline; ExitCode=0; online
2026-06-03T18:11:20.8563180+00:00	WorkerEvent	Layer02Node04.export-l02-n04	GrantAccepted; ExitCode=0; 
2026-06-03T18:11:20.8600539+00:00	WorkerEvent	Layer03Node10	WorkerReady; ExitCode=0; ready
2026-06-03T18:11:20.8683489+00:00	StartPipeline	Layer03Node10	Layer03Node10
2026-06-03T18:11:20.8708977+00:00	WorkerEvent	Layer02Node04.export-l02-n04	TaskStarted; ExitCode=0; 
2026-06-03T18:11:20.8778791+00:00	WorkerEvent	Layer03Node03	PipelineStarted; ExitCode=0; pipeline started
2026-06-03T18:11:20.8797722+00:00	WorkerEvent	Layer02Node06	WorkerReady; ExitCode=0; ready
2026-06-03T18:11:20.8822369+00:00	StartPipeline	Layer02Node06	Layer02Node06
2026-06-03T18:11:20.8853648+00:00	WorkerEvent	Layer03Node03.export-l03-n03	TaskReady; ExitCode=0; 
2026-06-03T18:11:20.8918505+00:00	WorkerEvent	Layer02Node01	PipelineStarted; ExitCode=0; pipeline started
2026-06-03T18:11:20.9111536+00:00	GrantTask	Layer03Node03.export-l03-n03	Layer03Node03.export-l03-n03; GrantId=grant-26; Attempt=1
2026-06-03T18:11:20.9121555+00:00	WorkerResuming	BridgeL07L08	ResumeTaskId=BridgeL07L08.bridge-l07-l08-collect; Executable=meta-pipeline
2026-06-03T18:11:21.4417040+00:00	WorkerStarted	BridgeL07L08	28292
2026-06-03T18:11:21.4428065+00:00	WorkerControlPipe	BridgeL07L08	meta-orchestration-f9d84d1b0f1543ec9f4c8f63a9d1ca59
2026-06-03T18:11:21.4435340+00:00	WorkerLog	BridgeL07L08	stdout=C:\Users\jimmy\Desktop\meta-bi\Samples\Demos\MetaOrchestrationHairballCliIntegration\Runs\hairball-seed-20260530\RunArtifacts\runs\20260603-181047_f9520fe0ba0e47178389df2fe09b408e\logs\BridgeL07L08-28292.stdout.log; stderr=C:\Users\jimmy\Desktop\meta-bi\Samples\Demos\MetaOrchestrationHairballCliIntegration\Runs\hairball-seed-20260530\RunArtifacts\runs\20260603-181047_f9520fe0ba0e47178389df2fe09b408e\logs\BridgeL07L08-28292.stderr.log
2026-06-03T18:11:21.4444749+00:00	WorkerEvent	BridgeL05L06	WorkerOnline; ExitCode=0; online
2026-06-03T18:11:21.4463397+00:00	WorkerEvent	AuditHairball	PipelineStarted; ExitCode=0; pipeline started
2026-06-03T18:11:21.4506202+00:00	WorkerEvent	Layer02Node08	PipelineStarted; ExitCode=0; pipeline started
2026-06-03T18:11:21.4517237+00:00	WorkerEvent	BridgeL05L06	WorkerReady; ExitCode=0; ready
2026-06-03T18:11:21.4908180+00:00	StartPipeline	BridgeL05L06	BridgeL05L06
2026-06-03T18:11:21.4921876+00:00	WorkerEvent	AuditHairball.audit-hairball	TaskReady; ExitCode=0; 
2026-06-03T18:11:21.4933189+00:00	WorkerEvent	Layer02Node08.refresh-l02-n08	TaskReady; ExitCode=0; 
2026-06-03T18:11:21.4943917+00:00	WorkerEvent	Layer03Node03.export-l03-n03	GrantAccepted; ExitCode=0; 
2026-06-03T18:11:21.4955031+00:00	WorkerEvent	Layer02Node01.select-l02-n01	TaskReady; ExitCode=0; 
2026-06-03T18:11:21.5012048+00:00	GrantTask	Layer02Node01.select-l02-n01	Layer02Node01.select-l02-n01; GrantId=grant-27; Attempt=1
2026-06-03T18:11:21.5023464+00:00	GrantTask	Layer02Node08.refresh-l02-n08	Layer02Node08.refresh-l02-n08; GrantId=grant-28; Attempt=1
2026-06-03T18:11:21.5031663+00:00	WorkerResuming	CompositeMart	ResumeTaskId=CompositeMart.composite-stage; Executable=meta-pipeline
2026-06-03T18:11:22.0988555+00:00	WorkerStarted	CompositeMart	30004
2026-06-03T18:11:22.1001747+00:00	WorkerControlPipe	CompositeMart	meta-orchestration-6ff2b635230941dabe7b046f98791d26
2026-06-03T18:11:22.1011656+00:00	WorkerLog	CompositeMart	stdout=C:\Users\jimmy\Desktop\meta-bi\Samples\Demos\MetaOrchestrationHairballCliIntegration\Runs\hairball-seed-20260530\RunArtifacts\runs\20260603-181047_f9520fe0ba0e47178389df2fe09b408e\logs\CompositeMart-30004.stdout.log; stderr=C:\Users\jimmy\Desktop\meta-bi\Samples\Demos\MetaOrchestrationHairballCliIntegration\Runs\hairball-seed-20260530\RunArtifacts\runs\20260603-181047_f9520fe0ba0e47178389df2fe09b408e\logs\CompositeMart-30004.stderr.log
2026-06-03T18:11:22.1020823+00:00	WorkerEvent	BridgeL07L08	WorkerOnline; ExitCode=0; online
2026-06-03T18:11:22.1032277+00:00	WorkerEvent	Layer02Node08.refresh-l02-n08	GrantAccepted; ExitCode=0; 
2026-06-03T18:11:22.1045619+00:00	WorkerEvent	Layer03Node03.export-l03-n03	TaskStarted; ExitCode=0; 
2026-06-03T18:11:22.1085751+00:00	WorkerEvent	Layer02Node01.select-l02-n01	GrantAccepted; ExitCode=0; 
2026-06-03T18:11:22.1127072+00:00	WorkerEvent	BridgeL07L08	WorkerReady; ExitCode=0; ready
2026-06-03T18:11:22.1479857+00:00	StartPipeline	BridgeL07L08	BridgeL07L08
2026-06-03T18:11:22.1498503+00:00	WorkerEvent	Layer02Node08.refresh-l02-n08	TaskStarted; ExitCode=0; 
2026-06-03T18:11:22.1509055+00:00	WorkerEvent	Layer02Node01.select-l02-n01	TaskStarted; ExitCode=0; 
2026-06-03T18:11:22.1993393+00:00	WorkerEvent	CompositeMart	WorkerOnline; ExitCode=0; online
2026-06-03T18:11:22.2909131+00:00	WorkerEvent	CompositeMart	WorkerReady; ExitCode=0; ready
2026-06-03T18:11:22.2987450+00:00	StartPipeline	CompositeMart	CompositeMart
2026-06-03T18:11:23.2100492+00:00	WorkerEvent	BridgeL03L04	PipelineStarted; ExitCode=0; pipeline started
2026-06-03T18:11:23.2312231+00:00	WorkerEvent	BridgeL03L04.bridge-l03-l04-collect	TaskReady; ExitCode=0; 
2026-06-03T18:11:23.3542407+00:00	WorkerEvent	BridgeL01L02	PipelineStarted; ExitCode=0; pipeline started
2026-06-03T18:11:23.3672546+00:00	WorkerEvent	BridgeL01L02.bridge-l01-l02-collect	TaskReady; ExitCode=0; 
2026-06-03T18:11:23.4477779+00:00	WorkerEvent	Layer03Node10	PipelineStarted; ExitCode=0; pipeline started
2026-06-03T18:11:23.4528320+00:00	WorkerEvent	Layer03Node10.refresh-l03-n10	TaskReady; ExitCode=0; 
2026-06-03T18:11:23.4571396+00:00	GrantTask	Layer03Node10.refresh-l03-n10	Layer03Node10.refresh-l03-n10; GrantId=grant-29; Attempt=1
2026-06-03T18:11:23.4607518+00:00	WorkerEvent	Layer03Node10.refresh-l03-n10	GrantAccepted; ExitCode=0; 
2026-06-03T18:11:23.4788515+00:00	WorkerEvent	Layer03Node10.refresh-l03-n10	TaskStarted; ExitCode=0; 
2026-06-03T18:11:23.5283022+00:00	WorkerEvent	Layer02Node06	PipelineStarted; ExitCode=0; pipeline started
2026-06-03T18:11:23.5375074+00:00	WorkerEvent	Layer02Node06.refresh-l02-n06	TaskReady; ExitCode=0; 
2026-06-03T18:11:23.5529163+00:00	GrantTask	Layer02Node06.refresh-l02-n06	Layer02Node06.refresh-l02-n06; GrantId=grant-30; Attempt=1
2026-06-03T18:11:23.5602186+00:00	WorkerEvent	Layer02Node06.refresh-l02-n06	GrantAccepted; ExitCode=0; 
2026-06-03T18:11:23.5706708+00:00	WorkerEvent	Layer02Node06.refresh-l02-n06	TaskStarted; ExitCode=0; 
2026-06-03T18:11:23.7076239+00:00	WorkerEvent	Layer02Node04.export-l02-n04	TaskSucceeded; ExitCode=0; 
2026-06-03T18:11:23.7088705+00:00	TaskSucceeded	Layer02Node04.export-l02-n04	0
2026-06-03T18:11:23.7109835+00:00	WorkerDeferredForCapacity	AuditHairball	Deferred by orchestration to honor max active worker process capacity.
2026-06-03T18:11:23.7119137+00:00	StopPipeline	AuditHairball	Deferred by orchestration to honor max active worker process capacity.
2026-06-03T18:11:23.7144944+00:00	WorkerDeferredForCapacity	BridgeL01L02	Deferred by orchestration to honor max active worker process capacity.
2026-06-03T18:11:23.7181942+00:00	StopPipeline	BridgeL01L02	Deferred by orchestration to honor max active worker process capacity.
2026-06-03T18:11:23.7222872+00:00	WorkerDeferredForCapacity	BridgeL03L04	Deferred by orchestration to honor max active worker process capacity.
2026-06-03T18:11:23.7262908+00:00	StopPipeline	BridgeL03L04	Deferred by orchestration to honor max active worker process capacity.
2026-06-03T18:11:23.7864557+00:00	WorkerEvent	AuditHairball	Closed; ExitCode=0; 
2026-06-03T18:11:23.7877147+00:00	WorkerDeferred	AuditHairball	ResumeTaskId=AuditHairball.audit-hairball
2026-06-03T18:11:23.7896549+00:00	WorkerStarting	Layer02Node07	meta-pipeline
2026-06-03T18:11:24.3219298+00:00	WorkerStarted	Layer02Node07	25588
2026-06-03T18:11:24.3338259+00:00	WorkerControlPipe	Layer02Node07	meta-orchestration-72d00003e3b043a39003d95869a35ca2
2026-06-03T18:11:24.3677170+00:00	WorkerLog	Layer02Node07	stdout=C:\Users\jimmy\Desktop\meta-bi\Samples\Demos\MetaOrchestrationHairballCliIntegration\Runs\hairball-seed-20260530\RunArtifacts\runs\20260603-181047_f9520fe0ba0e47178389df2fe09b408e\logs\Layer02Node07-25588.stdout.log; stderr=C:\Users\jimmy\Desktop\meta-bi\Samples\Demos\MetaOrchestrationHairballCliIntegration\Runs\hairball-seed-20260530\RunArtifacts\runs\20260603-181047_f9520fe0ba0e47178389df2fe09b408e\logs\Layer02Node07-25588.stderr.log
2026-06-03T18:11:24.3695407+00:00	WorkerEvent	BridgeL03L04	Closed; ExitCode=0; 
2026-06-03T18:11:24.3727848+00:00	WorkerDeferred	BridgeL03L04	ResumeTaskId=BridgeL03L04.bridge-l03-l04-collect
2026-06-03T18:11:24.3737260+00:00	WorkerEvent	BridgeL01L02	Closed; ExitCode=0; 
2026-06-03T18:11:24.3811000+00:00	WorkerDeferred	BridgeL01L02	ResumeTaskId=BridgeL01L02.bridge-l01-l02-collect
2026-06-03T18:11:24.3819687+00:00	WorkerEvent	Layer02Node04	Closed; ExitCode=0; 
2026-06-03T18:11:24.3833380+00:00	PipelineCompleted	Layer02Node04	
2026-06-03T18:11:24.3841196+00:00	WorkerEvent	Layer03Node03.export-l03-n03	TaskSucceeded; ExitCode=0; 
2026-06-03T18:11:24.3853293+00:00	TaskSucceeded	Layer03Node03.export-l03-n03	0
2026-06-03T18:11:24.3864149+00:00	PipelineCompleted	Layer03Node03	
2026-06-03T18:11:24.3875256+00:00	WorkerEvent	Layer02Node01.select-l02-n01	TaskSucceeded; ExitCode=0; 
2026-06-03T18:11:24.3895947+00:00	TaskSucceeded	Layer02Node01.select-l02-n01	0
2026-06-03T18:11:24.3909999+00:00	PipelineCompleted	Layer02Node01	
2026-06-03T18:11:24.3929000+00:00	WorkerStarting	Layer03Node02	meta-pipeline
2026-06-03T18:11:24.8338691+00:00	WorkerStarted	Layer03Node02	25244
2026-06-03T18:11:24.8355297+00:00	WorkerControlPipe	Layer03Node02	meta-orchestration-361553ba02c74c0da3617507526ec38e
2026-06-03T18:11:24.8366781+00:00	WorkerLog	Layer03Node02	stdout=C:\Users\jimmy\Desktop\meta-bi\Samples\Demos\MetaOrchestrationHairballCliIntegration\Runs\hairball-seed-20260530\RunArtifacts\runs\20260603-181047_f9520fe0ba0e47178389df2fe09b408e\logs\Layer03Node02-25244.stdout.log; stderr=C:\Users\jimmy\Desktop\meta-bi\Samples\Demos\MetaOrchestrationHairballCliIntegration\Runs\hairball-seed-20260530\RunArtifacts\runs\20260603-181047_f9520fe0ba0e47178389df2fe09b408e\logs\Layer03Node02-25244.stderr.log
2026-06-03T18:11:24.8389442+00:00	WorkerEvent	Layer02Node07	WorkerOnline; ExitCode=0; online
2026-06-03T18:11:24.8405499+00:00	WorkerEvent	Layer02Node08.refresh-l02-n08	TaskSucceeded; ExitCode=0; 
2026-06-03T18:11:24.8414478+00:00	TaskSucceeded	Layer02Node08.refresh-l02-n08	0
2026-06-03T18:11:24.8492731+00:00	PipelineCompleted	Layer02Node08	
2026-06-03T18:11:24.8505743+00:00	WorkerEvent	Layer02Node07	WorkerReady; ExitCode=0; ready
2026-06-03T18:11:24.8757966+00:00	StartPipeline	Layer02Node07	Layer02Node07
2026-06-03T18:11:24.8816475+00:00	WorkerStarting	Layer03Node06	meta-pipeline
2026-06-03T18:11:25.2353329+00:00	WorkerStarted	Layer03Node06	28136
2026-06-03T18:11:25.2369092+00:00	WorkerControlPipe	Layer03Node06	meta-orchestration-ebe27f4c92d44ceabd65eca5fc8f5c24
2026-06-03T18:11:25.2386274+00:00	WorkerLog	Layer03Node06	stdout=C:\Users\jimmy\Desktop\meta-bi\Samples\Demos\MetaOrchestrationHairballCliIntegration\Runs\hairball-seed-20260530\RunArtifacts\runs\20260603-181047_f9520fe0ba0e47178389df2fe09b408e\logs\Layer03Node06-28136.stdout.log; stderr=C:\Users\jimmy\Desktop\meta-bi\Samples\Demos\MetaOrchestrationHairballCliIntegration\Runs\hairball-seed-20260530\RunArtifacts\runs\20260603-181047_f9520fe0ba0e47178389df2fe09b408e\logs\Layer03Node06-28136.stderr.log
2026-06-03T18:11:25.2395713+00:00	WorkerEvent	Layer03Node10.refresh-l03-n10	TaskSucceeded; ExitCode=0; 
2026-06-03T18:11:25.2406927+00:00	TaskSucceeded	Layer03Node10.refresh-l03-n10	0
2026-06-03T18:11:25.2420187+00:00	PipelineCompleted	Layer03Node10	
2026-06-03T18:11:25.2432543+00:00	WorkerEvent	Layer02Node06.refresh-l02-n06	TaskSucceeded; ExitCode=0; 
2026-06-03T18:11:25.2446169+00:00	TaskSucceeded	Layer02Node06.refresh-l02-n06	0
2026-06-03T18:11:25.2492708+00:00	PipelineCompleted	Layer02Node06	
2026-06-03T18:11:25.2503147+00:00	WorkerEvent	Layer03Node02	WorkerOnline; ExitCode=0; online
2026-06-03T18:11:25.2518756+00:00	WorkerEvent	BridgeL05L06	PipelineStarted; ExitCode=0; pipeline started
2026-06-03T18:11:25.2545985+00:00	WorkerEvent	Layer03Node02	WorkerReady; ExitCode=0; ready
2026-06-03T18:11:25.2858192+00:00	StartPipeline	Layer03Node02	Layer03Node02
2026-06-03T18:11:25.2871651+00:00	WorkerEvent	BridgeL05L06.bridge-l05-l06-collect	TaskReady; ExitCode=0; 
2026-06-03T18:11:25.2891572+00:00	WorkerStarting	Layer04Node03	meta-pipeline
2026-06-03T18:11:25.6655610+00:00	WorkerStarted	Layer04Node03	20712
2026-06-03T18:11:25.6782989+00:00	WorkerControlPipe	Layer04Node03	meta-orchestration-82b61a5b22b143c4a80019e445db885b
2026-06-03T18:11:25.6843031+00:00	WorkerLog	Layer04Node03	stdout=C:\Users\jimmy\Desktop\meta-bi\Samples\Demos\MetaOrchestrationHairballCliIntegration\Runs\hairball-seed-20260530\RunArtifacts\runs\20260603-181047_f9520fe0ba0e47178389df2fe09b408e\logs\Layer04Node03-20712.stdout.log; stderr=C:\Users\jimmy\Desktop\meta-bi\Samples\Demos\MetaOrchestrationHairballCliIntegration\Runs\hairball-seed-20260530\RunArtifacts\runs\20260603-181047_f9520fe0ba0e47178389df2fe09b408e\logs\Layer04Node03-20712.stderr.log
2026-06-03T18:11:25.6926506+00:00	WorkerEvent	BridgeL07L08	PipelineStarted; ExitCode=0; pipeline started
2026-06-03T18:11:25.6990864+00:00	WorkerEvent	Layer03Node06	WorkerOnline; ExitCode=0; online
2026-06-03T18:11:25.7057089+00:00	WorkerEvent	BridgeL07L08.bridge-l07-l08-collect	TaskReady; ExitCode=0; 
2026-06-03T18:11:25.7073847+00:00	WorkerEvent	Layer03Node06	WorkerReady; ExitCode=0; ready
2026-06-03T18:11:25.7447778+00:00	StartPipeline	Layer03Node06	Layer03Node06
2026-06-03T18:11:25.7547986+00:00	WorkerEvent	Layer04Node03	WorkerOnline; ExitCode=0; online
2026-06-03T18:11:25.7604321+00:00	WorkerStarting	Layer06Node02	meta-pipeline
2026-06-03T18:11:26.2990995+00:00	WorkerStarted	Layer06Node02	31656
2026-06-03T18:11:26.3000964+00:00	WorkerControlPipe	Layer06Node02	meta-orchestration-7c315acab6594d56b3f501b1b34323b9
2026-06-03T18:11:26.3009011+00:00	WorkerLog	Layer06Node02	stdout=C:\Users\jimmy\Desktop\meta-bi\Samples\Demos\MetaOrchestrationHairballCliIntegration\Runs\hairball-seed-20260530\RunArtifacts\runs\20260603-181047_f9520fe0ba0e47178389df2fe09b408e\logs\Layer06Node02-31656.stdout.log; stderr=C:\Users\jimmy\Desktop\meta-bi\Samples\Demos\MetaOrchestrationHairballCliIntegration\Runs\hairball-seed-20260530\RunArtifacts\runs\20260603-181047_f9520fe0ba0e47178389df2fe09b408e\logs\Layer06Node02-31656.stderr.log
2026-06-03T18:11:26.3016959+00:00	WorkerEvent	CompositeMart	PipelineStarted; ExitCode=0; pipeline started
2026-06-03T18:11:26.3035782+00:00	WorkerEvent	Layer04Node03	WorkerReady; ExitCode=0; ready
2026-06-03T18:11:26.3050593+00:00	StartPipeline	Layer04Node03	Layer04Node03
2026-06-03T18:11:26.3068936+00:00	WorkerEvent	CompositeMart.composite-stage	TaskReady; ExitCode=0; 
2026-06-03T18:11:26.3099097+00:00	WorkerStarting	Layer06Node06	meta-pipeline
2026-06-03T18:11:26.8346301+00:00	WorkerStarted	Layer06Node06	6220
2026-06-03T18:11:26.8356107+00:00	WorkerControlPipe	Layer06Node06	meta-orchestration-022cad88e866441da907f945fb5b299d
2026-06-03T18:11:26.8367305+00:00	WorkerLog	Layer06Node06	stdout=C:\Users\jimmy\Desktop\meta-bi\Samples\Demos\MetaOrchestrationHairballCliIntegration\Runs\hairball-seed-20260530\RunArtifacts\runs\20260603-181047_f9520fe0ba0e47178389df2fe09b408e\logs\Layer06Node06-6220.stdout.log; stderr=C:\Users\jimmy\Desktop\meta-bi\Samples\Demos\MetaOrchestrationHairballCliIntegration\Runs\hairball-seed-20260530\RunArtifacts\runs\20260603-181047_f9520fe0ba0e47178389df2fe09b408e\logs\Layer06Node06-6220.stderr.log
2026-06-03T18:11:26.8377173+00:00	WorkerEvent	Layer06Node02	WorkerOnline; ExitCode=0; online
2026-06-03T18:11:26.8408189+00:00	WorkerStarting	Layer06Node09	meta-pipeline
2026-06-03T18:11:27.3152819+00:00	WorkerStarted	Layer06Node09	27636
2026-06-03T18:11:27.3162468+00:00	WorkerControlPipe	Layer06Node09	meta-orchestration-1a2885ca639647a0a743d17f8a71db91
2026-06-03T18:11:27.3169976+00:00	WorkerLog	Layer06Node09	stdout=C:\Users\jimmy\Desktop\meta-bi\Samples\Demos\MetaOrchestrationHairballCliIntegration\Runs\hairball-seed-20260530\RunArtifacts\runs\20260603-181047_f9520fe0ba0e47178389df2fe09b408e\logs\Layer06Node09-27636.stdout.log; stderr=C:\Users\jimmy\Desktop\meta-bi\Samples\Demos\MetaOrchestrationHairballCliIntegration\Runs\hairball-seed-20260530\RunArtifacts\runs\20260603-181047_f9520fe0ba0e47178389df2fe09b408e\logs\Layer06Node09-27636.stderr.log
2026-06-03T18:11:27.3178382+00:00	WorkerEvent	Layer06Node02	WorkerReady; ExitCode=0; ready
2026-06-03T18:11:27.3198180+00:00	StartPipeline	Layer06Node02	Layer06Node02
2026-06-03T18:11:27.3210903+00:00	WorkerEvent	Layer02Node07	PipelineStarted; ExitCode=0; pipeline started
2026-06-03T18:11:27.3221878+00:00	WorkerEvent	Layer06Node06	WorkerOnline; ExitCode=0; online
2026-06-03T18:11:27.3235097+00:00	WorkerEvent	Layer02Node07.refresh-l02-n07	TaskReady; ExitCode=0; 
2026-06-03T18:11:27.3247818+00:00	WorkerEvent	Layer06Node06	WorkerReady; ExitCode=0; ready
2026-06-03T18:11:27.3993181+00:00	StartPipeline	Layer06Node06	Layer06Node06
2026-06-03T18:11:27.4130301+00:00	GrantTask	Layer02Node07.refresh-l02-n07	Layer02Node07.refresh-l02-n07; GrantId=grant-31; Attempt=1
2026-06-03T18:11:27.4144360+00:00	WorkerResuming	AuditHairball	ResumeTaskId=AuditHairball.audit-hairball; Executable=meta-pipeline
2026-06-03T18:11:27.7795228+00:00	WorkerStarted	AuditHairball	31332
2026-06-03T18:11:27.7808901+00:00	WorkerControlPipe	AuditHairball	meta-orchestration-9e1971fd048c44dba2e1a934818ae823
2026-06-03T18:11:27.7821555+00:00	WorkerLog	AuditHairball	stdout=C:\Users\jimmy\Desktop\meta-bi\Samples\Demos\MetaOrchestrationHairballCliIntegration\Runs\hairball-seed-20260530\RunArtifacts\runs\20260603-181047_f9520fe0ba0e47178389df2fe09b408e\logs\AuditHairball-31332.stdout.log; stderr=C:\Users\jimmy\Desktop\meta-bi\Samples\Demos\MetaOrchestrationHairballCliIntegration\Runs\hairball-seed-20260530\RunArtifacts\runs\20260603-181047_f9520fe0ba0e47178389df2fe09b408e\logs\AuditHairball-31332.stderr.log
2026-06-03T18:11:27.7831929+00:00	WorkerEvent	Layer02Node07.refresh-l02-n07	GrantAccepted; ExitCode=0; 
2026-06-03T18:11:27.7861812+00:00	WorkerEvent	Layer06Node09	WorkerOnline; ExitCode=0; online
2026-06-03T18:11:27.7884389+00:00	WorkerEvent	Layer03Node02	PipelineStarted; ExitCode=0; pipeline started
2026-06-03T18:11:27.7921857+00:00	WorkerResuming	BridgeL01L02	ResumeTaskId=BridgeL01L02.bridge-l01-l02-collect; Executable=meta-pipeline
2026-06-03T18:11:28.2158507+00:00	WorkerStarted	BridgeL01L02	26768
2026-06-03T18:11:28.2166834+00:00	WorkerControlPipe	BridgeL01L02	meta-orchestration-b7fb9b531d8146fa83dcf581ee097115
2026-06-03T18:11:28.2175134+00:00	WorkerLog	BridgeL01L02	stdout=C:\Users\jimmy\Desktop\meta-bi\Samples\Demos\MetaOrchestrationHairballCliIntegration\Runs\hairball-seed-20260530\RunArtifacts\runs\20260603-181047_f9520fe0ba0e47178389df2fe09b408e\logs\BridgeL01L02-26768.stdout.log; stderr=C:\Users\jimmy\Desktop\meta-bi\Samples\Demos\MetaOrchestrationHairballCliIntegration\Runs\hairball-seed-20260530\RunArtifacts\runs\20260603-181047_f9520fe0ba0e47178389df2fe09b408e\logs\BridgeL01L02-26768.stderr.log
2026-06-03T18:11:28.2185138+00:00	WorkerEvent	AuditHairball	WorkerOnline; ExitCode=0; online
2026-06-03T18:11:28.2201284+00:00	WorkerEvent	Layer02Node07.refresh-l02-n07	TaskStarted; ExitCode=0; 
2026-06-03T18:11:28.2220920+00:00	WorkerEvent	Layer03Node06	PipelineStarted; ExitCode=0; pipeline started
2026-06-03T18:11:28.2232163+00:00	WorkerEvent	Layer06Node09	WorkerReady; ExitCode=0; ready
2026-06-03T18:11:28.2245384+00:00	StartPipeline	Layer06Node09	Layer06Node09
2026-06-03T18:11:28.2257988+00:00	WorkerEvent	AuditHairball	WorkerReady; ExitCode=0; ready
2026-06-03T18:11:28.2636798+00:00	StartPipeline	AuditHairball	AuditHairball
2026-06-03T18:11:28.2649987+00:00	WorkerEvent	Layer03Node06.refresh-l03-n06	TaskReady; ExitCode=0; 
2026-06-03T18:11:28.2664023+00:00	WorkerEvent	Layer03Node02.export-l03-n02	TaskReady; ExitCode=0; 
2026-06-03T18:11:28.2768597+00:00	GrantTask	Layer03Node02.export-l03-n02	Layer03Node02.export-l03-n02; GrantId=grant-32; Attempt=1
2026-06-03T18:11:28.2847024+00:00	GrantTask	Layer03Node06.refresh-l03-n06	Layer03Node06.refresh-l03-n06; GrantId=grant-33; Attempt=1
2026-06-03T18:11:28.2894328+00:00	WorkerEvent	Layer03Node06.refresh-l03-n06	GrantAccepted; ExitCode=0; 
2026-06-03T18:11:28.2944832+00:00	WorkerEvent	Layer03Node02.export-l03-n02	GrantAccepted; ExitCode=0; 
2026-06-03T18:11:28.2989277+00:00	WorkerEvent	BridgeL01L02	WorkerOnline; ExitCode=0; online
2026-06-03T18:11:28.3126582+00:00	WorkerEvent	Layer03Node06.refresh-l03-n06	TaskStarted; ExitCode=0; 
2026-06-03T18:11:28.3335832+00:00	WorkerEvent	Layer03Node02.export-l03-n02	TaskStarted; ExitCode=0; 
2026-06-03T18:11:28.3380669+00:00	WorkerEvent	BridgeL01L02	WorkerReady; ExitCode=0; ready
2026-06-03T18:11:28.3797005+00:00	StartPipeline	BridgeL01L02	BridgeL01L02
2026-06-03T18:11:28.5890172+00:00	WorkerEvent	Layer04Node03	PipelineStarted; ExitCode=0; pipeline started
2026-06-03T18:11:28.5932683+00:00	WorkerEvent	Layer04Node03.refresh-l04-n03	TaskReady; ExitCode=0; 
2026-06-03T18:11:28.5986449+00:00	GrantTask	Layer04Node03.refresh-l04-n03	Layer04Node03.refresh-l04-n03; GrantId=grant-34; Attempt=1
2026-06-03T18:11:28.6447479+00:00	WorkerEvent	Layer04Node03.refresh-l04-n03	GrantAccepted; ExitCode=0; 
2026-06-03T18:11:28.6507279+00:00	WorkerEvent	Layer04Node03.refresh-l04-n03	TaskStarted; ExitCode=0; 
2026-06-03T18:11:29.4225856+00:00	WorkerEvent	Layer02Node07.refresh-l02-n07	TaskSucceeded; ExitCode=0; 
2026-06-03T18:11:29.4238507+00:00	TaskSucceeded	Layer02Node07.refresh-l02-n07	0
2026-06-03T18:11:29.4257658+00:00	WorkerDeferredForCapacity	BridgeL05L06	Deferred by orchestration to honor max active worker process capacity.
2026-06-03T18:11:29.4275663+00:00	StopPipeline	BridgeL05L06	Deferred by orchestration to honor max active worker process capacity.
2026-06-03T18:11:29.4292278+00:00	WorkerDeferredForCapacity	BridgeL07L08	Deferred by orchestration to honor max active worker process capacity.
2026-06-03T18:11:29.4300299+00:00	StopPipeline	BridgeL07L08	Deferred by orchestration to honor max active worker process capacity.
2026-06-03T18:11:29.4314989+00:00	WorkerDeferredForCapacity	CompositeMart	Deferred by orchestration to honor max active worker process capacity.
2026-06-03T18:11:29.4320823+00:00	StopPipeline	CompositeMart	Deferred by orchestration to honor max active worker process capacity.
2026-06-03T18:11:29.4881041+00:00	WorkerEvent	BridgeL05L06	Closed; ExitCode=0; 
2026-06-03T18:11:29.4901513+00:00	WorkerDeferred	BridgeL05L06	ResumeTaskId=BridgeL05L06.bridge-l05-l06-collect
2026-06-03T18:11:29.4921235+00:00	WorkerResuming	Layer02Hub	ResumeTaskId=Layer02Hub.hub-l02-stage; Executable=meta-pipeline
2026-06-03T18:11:29.9579342+00:00	WorkerStarted	Layer02Hub	11532
2026-06-03T18:11:29.9595756+00:00	WorkerControlPipe	Layer02Hub	meta-orchestration-b29a8397ef9a4dd18c434e48de3a9d48
2026-06-03T18:11:29.9618890+00:00	WorkerLog	Layer02Hub	stdout=C:\Users\jimmy\Desktop\meta-bi\Samples\Demos\MetaOrchestrationHairballCliIntegration\Runs\hairball-seed-20260530\RunArtifacts\runs\20260603-181047_f9520fe0ba0e47178389df2fe09b408e\logs\Layer02Hub-11532.stdout.log; stderr=C:\Users\jimmy\Desktop\meta-bi\Samples\Demos\MetaOrchestrationHairballCliIntegration\Runs\hairball-seed-20260530\RunArtifacts\runs\20260603-181047_f9520fe0ba0e47178389df2fe09b408e\logs\Layer02Hub-11532.stderr.log
2026-06-03T18:11:29.9627969+00:00	WorkerEvent	CompositeMart	Closed; ExitCode=0; 
2026-06-03T18:11:29.9641435+00:00	WorkerDeferred	CompositeMart	ResumeTaskId=CompositeMart.composite-stage
2026-06-03T18:11:29.9649354+00:00	WorkerEvent	BridgeL07L08	Closed; ExitCode=0; 
2026-06-03T18:11:29.9662325+00:00	WorkerDeferred	BridgeL07L08	ResumeTaskId=BridgeL07L08.bridge-l07-l08-collect
2026-06-03T18:11:29.9692709+00:00	WorkerEvent	Layer06Node02	PipelineStarted; ExitCode=0; pipeline started
2026-06-03T18:11:29.9710107+00:00	WorkerEvent	Layer02Node07	Closed; ExitCode=0; 
2026-06-03T18:11:29.9721272+00:00	PipelineCompleted	Layer02Node07	
2026-06-03T18:11:29.9729401+00:00	WorkerEvent	Layer06Node02.export-l06-n02	TaskReady; ExitCode=0; 
2026-06-03T18:11:29.9852656+00:00	GrantTask	Layer06Node02.export-l06-n02	Layer06Node02.export-l06-n02; GrantId=grant-35; Attempt=1
2026-06-03T18:11:29.9864436+00:00	WorkerResuming	BridgeL03L04	ResumeTaskId=BridgeL03L04.bridge-l03-l04-collect; Executable=meta-pipeline
2026-06-03T18:11:30.4437912+00:00	WorkerStarted	BridgeL03L04	28508
2026-06-03T18:11:30.4498589+00:00	WorkerControlPipe	BridgeL03L04	meta-orchestration-0cc61dd9111645c68392cd7e3f1bb821
2026-06-03T18:11:30.4568655+00:00	WorkerLog	BridgeL03L04	stdout=C:\Users\jimmy\Desktop\meta-bi\Samples\Demos\MetaOrchestrationHairballCliIntegration\Runs\hairball-seed-20260530\RunArtifacts\runs\20260603-181047_f9520fe0ba0e47178389df2fe09b408e\logs\BridgeL03L04-28508.stdout.log; stderr=C:\Users\jimmy\Desktop\meta-bi\Samples\Demos\MetaOrchestrationHairballCliIntegration\Runs\hairball-seed-20260530\RunArtifacts\runs\20260603-181047_f9520fe0ba0e47178389df2fe09b408e\logs\BridgeL03L04-28508.stderr.log
2026-06-03T18:11:30.4607232+00:00	WorkerEvent	Layer02Hub	WorkerOnline; ExitCode=0; online
2026-06-03T18:11:30.4640993+00:00	WorkerEvent	Layer06Node02.export-l06-n02	GrantAccepted; ExitCode=0; 
2026-06-03T18:11:30.4654814+00:00	WorkerEvent	Layer03Node06.refresh-l03-n06	TaskSucceeded; ExitCode=0; 
2026-06-03T18:11:30.4668013+00:00	TaskSucceeded	Layer03Node06.refresh-l03-n06	0
2026-06-03T18:11:30.4685250+00:00	PipelineCompleted	Layer03Node06	
2026-06-03T18:11:30.4697417+00:00	WorkerEvent	Layer06Node06	PipelineStarted; ExitCode=0; pipeline started
2026-06-03T18:11:30.4721132+00:00	WorkerEvent	Layer04Node03.refresh-l04-n03	TaskSucceeded; ExitCode=0; 
2026-06-03T18:11:30.4731638+00:00	TaskSucceeded	Layer04Node03.refresh-l04-n03	0
2026-06-03T18:11:30.4747647+00:00	PipelineCompleted	Layer04Node03	
2026-06-03T18:11:30.4760690+00:00	WorkerEvent	Layer02Hub	WorkerReady; ExitCode=0; ready
2026-06-03T18:11:30.5076342+00:00	StartPipeline	Layer02Hub	Layer02Hub
2026-06-03T18:11:30.5104676+00:00	WorkerEvent	Layer06Node02.export-l06-n02	TaskStarted; ExitCode=0; 
2026-06-03T18:11:30.5121147+00:00	WorkerEvent	Layer06Node06.select-l06-n06	TaskReady; ExitCode=0; 
2026-06-03T18:11:30.5139102+00:00	WorkerEvent	Layer03Node02.export-l03-n02	TaskSucceeded; ExitCode=0; 
2026-06-03T18:11:30.5154438+00:00	TaskSucceeded	Layer03Node02.export-l03-n02	0
2026-06-03T18:11:30.5166337+00:00	PipelineCompleted	Layer03Node02	
2026-06-03T18:11:30.5182616+00:00	GrantTask	Layer06Node06.select-l06-n06	Layer06Node06.select-l06-n06; GrantId=grant-36; Attempt=1
2026-06-03T18:11:30.5189782+00:00	WorkerStarting	Layer03Node07	meta-pipeline
2026-06-03T18:11:30.9580506+00:00	WorkerStarted	Layer03Node07	23576
2026-06-03T18:11:30.9644309+00:00	WorkerControlPipe	Layer03Node07	meta-orchestration-14002190eaa94ff8b865c164e90dc33c
2026-06-03T18:11:30.9675659+00:00	WorkerLog	Layer03Node07	stdout=C:\Users\jimmy\Desktop\meta-bi\Samples\Demos\MetaOrchestrationHairballCliIntegration\Runs\hairball-seed-20260530\RunArtifacts\runs\20260603-181047_f9520fe0ba0e47178389df2fe09b408e\logs\Layer03Node07-23576.stdout.log; stderr=C:\Users\jimmy\Desktop\meta-bi\Samples\Demos\MetaOrchestrationHairballCliIntegration\Runs\hairball-seed-20260530\RunArtifacts\runs\20260603-181047_f9520fe0ba0e47178389df2fe09b408e\logs\Layer03Node07-23576.stderr.log
2026-06-03T18:11:30.9781825+00:00	WorkerEvent	AuditHairball	PipelineStarted; ExitCode=0; pipeline started
2026-06-03T18:11:30.9801133+00:00	WorkerEvent	BridgeL03L04	WorkerOnline; ExitCode=0; online
2026-06-03T18:11:30.9954298+00:00	WorkerEvent	AuditHairball.audit-hairball	TaskReady; ExitCode=0; 
2026-06-03T18:11:30.9969115+00:00	WorkerEvent	Layer06Node09	PipelineStarted; ExitCode=0; pipeline started
2026-06-03T18:11:30.9982642+00:00	WorkerEvent	BridgeL03L04	WorkerReady; ExitCode=0; ready
2026-06-03T18:11:31.0241560+00:00	StartPipeline	BridgeL03L04	BridgeL03L04
2026-06-03T18:11:31.0269188+00:00	WorkerEvent	Layer06Node09.select-l06-n09	TaskReady; ExitCode=0; 
2026-06-03T18:11:31.0285515+00:00	WorkerEvent	Layer06Node06.select-l06-n06	GrantAccepted; ExitCode=0; 
2026-06-03T18:11:31.0424637+00:00	GrantTask	Layer06Node09.select-l06-n09	Layer06Node09.select-l06-n09; GrantId=grant-37; Attempt=1
2026-06-03T18:11:31.0442657+00:00	WorkerResuming	BridgeL05L06	ResumeTaskId=BridgeL05L06.bridge-l05-l06-collect; Executable=meta-pipeline
2026-06-03T18:11:31.5810629+00:00	WorkerStarted	BridgeL05L06	25848
2026-06-03T18:11:31.5951417+00:00	WorkerControlPipe	BridgeL05L06	meta-orchestration-dbe8e7792d3b4b969c2c5fc5a0cacc4c
2026-06-03T18:11:31.6004383+00:00	WorkerLog	BridgeL05L06	stdout=C:\Users\jimmy\Desktop\meta-bi\Samples\Demos\MetaOrchestrationHairballCliIntegration\Runs\hairball-seed-20260530\RunArtifacts\runs\20260603-181047_f9520fe0ba0e47178389df2fe09b408e\logs\BridgeL05L06-25848.stdout.log; stderr=C:\Users\jimmy\Desktop\meta-bi\Samples\Demos\MetaOrchestrationHairballCliIntegration\Runs\hairball-seed-20260530\RunArtifacts\runs\20260603-181047_f9520fe0ba0e47178389df2fe09b408e\logs\BridgeL05L06-25848.stderr.log
2026-06-03T18:11:31.6076509+00:00	WorkerEvent	Layer06Node09.select-l06-n09	GrantAccepted; ExitCode=0; 
2026-06-03T18:11:31.6294325+00:00	WorkerEvent	BridgeL01L02	PipelineStarted; ExitCode=0; pipeline started
2026-06-03T18:11:31.6452026+00:00	WorkerEvent	Layer06Node09.select-l06-n09	TaskStarted; ExitCode=0; 
2026-06-03T18:11:31.6506931+00:00	WorkerEvent	BridgeL01L02.bridge-l01-l02-collect	TaskReady; ExitCode=0; 
2026-06-03T18:11:31.6574370+00:00	WorkerEvent	Layer06Node06.select-l06-n06	TaskStarted; ExitCode=0; 
2026-06-03T18:11:31.6624390+00:00	WorkerEvent	Layer03Node07	WorkerOnline; ExitCode=0; online
2026-06-03T18:11:31.6702310+00:00	WorkerResuming	BridgeL07L08	ResumeTaskId=BridgeL07L08.bridge-l07-l08-collect; Executable=meta-pipeline
2026-06-03T18:11:32.0990176+00:00	WorkerStarted	BridgeL07L08	29776
2026-06-03T18:11:32.1010608+00:00	WorkerControlPipe	BridgeL07L08	meta-orchestration-e66fa5c413ef483a9c2b8725a3319284
2026-06-03T18:11:32.1025336+00:00	WorkerLog	BridgeL07L08	stdout=C:\Users\jimmy\Desktop\meta-bi\Samples\Demos\MetaOrchestrationHairballCliIntegration\Runs\hairball-seed-20260530\RunArtifacts\runs\20260603-181047_f9520fe0ba0e47178389df2fe09b408e\logs\BridgeL07L08-29776.stdout.log; stderr=C:\Users\jimmy\Desktop\meta-bi\Samples\Demos\MetaOrchestrationHairballCliIntegration\Runs\hairball-seed-20260530\RunArtifacts\runs\20260603-181047_f9520fe0ba0e47178389df2fe09b408e\logs\BridgeL07L08-29776.stderr.log
2026-06-03T18:11:32.1037349+00:00	WorkerEvent	BridgeL05L06	WorkerOnline; ExitCode=0; online
2026-06-03T18:11:32.1051205+00:00	WorkerEvent	Layer03Node07	WorkerReady; ExitCode=0; ready
2026-06-03T18:11:32.1066137+00:00	StartPipeline	Layer03Node07	Layer03Node07
2026-06-03T18:11:32.1094968+00:00	WorkerEvent	BridgeL05L06	WorkerReady; ExitCode=0; ready
2026-06-03T18:11:32.1616677+00:00	StartPipeline	BridgeL05L06	BridgeL05L06
2026-06-03T18:11:32.1684206+00:00	WorkerResuming	CompositeMart	ResumeTaskId=CompositeMart.composite-stage; Executable=meta-pipeline
2026-06-03T18:11:32.7506115+00:00	WorkerStarted	CompositeMart	2192
2026-06-03T18:11:32.7540402+00:00	WorkerControlPipe	CompositeMart	meta-orchestration-54f90207f5f748b1b45659681ce548d0
2026-06-03T18:11:32.7550577+00:00	WorkerLog	CompositeMart	stdout=C:\Users\jimmy\Desktop\meta-bi\Samples\Demos\MetaOrchestrationHairballCliIntegration\Runs\hairball-seed-20260530\RunArtifacts\runs\20260603-181047_f9520fe0ba0e47178389df2fe09b408e\logs\CompositeMart-2192.stdout.log; stderr=C:\Users\jimmy\Desktop\meta-bi\Samples\Demos\MetaOrchestrationHairballCliIntegration\Runs\hairball-seed-20260530\RunArtifacts\runs\20260603-181047_f9520fe0ba0e47178389df2fe09b408e\logs\CompositeMart-2192.stderr.log
2026-06-03T18:11:32.7606258+00:00	WorkerEvent	BridgeL07L08	WorkerOnline; ExitCode=0; online
2026-06-03T18:11:32.7656187+00:00	WorkerStarting	Layer03Hub	meta-pipeline
2026-06-03T18:11:33.3542691+00:00	WorkerStarted	Layer03Hub	24768
2026-06-03T18:11:33.3562414+00:00	WorkerControlPipe	Layer03Hub	meta-orchestration-54e0dcab306d4099bf9f16cfc7fc6efd
2026-06-03T18:11:33.3570387+00:00	WorkerLog	Layer03Hub	stdout=C:\Users\jimmy\Desktop\meta-bi\Samples\Demos\MetaOrchestrationHairballCliIntegration\Runs\hairball-seed-20260530\RunArtifacts\runs\20260603-181047_f9520fe0ba0e47178389df2fe09b408e\logs\Layer03Hub-24768.stdout.log; stderr=C:\Users\jimmy\Desktop\meta-bi\Samples\Demos\MetaOrchestrationHairballCliIntegration\Runs\hairball-seed-20260530\RunArtifacts\runs\20260603-181047_f9520fe0ba0e47178389df2fe09b408e\logs\Layer03Hub-24768.stderr.log
2026-06-03T18:11:33.3589856+00:00	WorkerEvent	CompositeMart	WorkerOnline; ExitCode=0; online
2026-06-03T18:11:33.3613224+00:00	WorkerEvent	Layer06Node02.export-l06-n02	TaskSucceeded; ExitCode=0; 
2026-06-03T18:11:33.3625550+00:00	TaskSucceeded	Layer06Node02.export-l06-n02	0
2026-06-03T18:11:33.3636939+00:00	PipelineCompleted	Layer06Node02	
2026-06-03T18:11:33.3646337+00:00	WorkerEvent	CompositeMart	WorkerReady; ExitCode=0; ready
2026-06-03T18:11:33.3871784+00:00	StartPipeline	CompositeMart	CompositeMart
2026-06-03T18:11:33.3887583+00:00	WorkerEvent	BridgeL07L08	WorkerReady; ExitCode=0; ready
2026-06-03T18:11:33.3917802+00:00	StartPipeline	BridgeL07L08	BridgeL07L08
2026-06-03T18:11:33.3941529+00:00	WorkerEvent	Layer06Node06.select-l06-n06	TaskSucceeded; ExitCode=0; 
2026-06-03T18:11:33.3969547+00:00	TaskSucceeded	Layer06Node06.select-l06-n06	0
2026-06-03T18:11:33.3982124+00:00	PipelineCompleted	Layer06Node06	
2026-06-03T18:11:33.4023228+00:00	WorkerStarting	Layer03Node01	meta-pipeline
2026-06-03T18:11:34.0232911+00:00	WorkerStarted	Layer03Node01	3844
2026-06-03T18:11:34.0257284+00:00	WorkerControlPipe	Layer03Node01	meta-orchestration-e795a020382144b89c01805d6bd4c1b9
2026-06-03T18:11:34.0267055+00:00	WorkerLog	Layer03Node01	stdout=C:\Users\jimmy\Desktop\meta-bi\Samples\Demos\MetaOrchestrationHairballCliIntegration\Runs\hairball-seed-20260530\RunArtifacts\runs\20260603-181047_f9520fe0ba0e47178389df2fe09b408e\logs\Layer03Node01-3844.stdout.log; stderr=C:\Users\jimmy\Desktop\meta-bi\Samples\Demos\MetaOrchestrationHairballCliIntegration\Runs\hairball-seed-20260530\RunArtifacts\runs\20260603-181047_f9520fe0ba0e47178389df2fe09b408e\logs\Layer03Node01-3844.stderr.log
2026-06-03T18:11:34.0290791+00:00	WorkerEvent	Layer03Hub	WorkerOnline; ExitCode=0; online
2026-06-03T18:11:34.0304927+00:00	WorkerEvent	Layer06Node09.select-l06-n09	TaskSucceeded; ExitCode=0; 
2026-06-03T18:11:34.0317456+00:00	TaskSucceeded	Layer06Node09.select-l06-n09	0
2026-06-03T18:11:34.0328537+00:00	PipelineCompleted	Layer06Node09	
2026-06-03T18:11:34.0335855+00:00	WorkerEvent	Layer03Hub	WorkerReady; ExitCode=0; ready
2026-06-03T18:11:34.0816049+00:00	StartPipeline	Layer03Hub	Layer03Hub
2026-06-03T18:11:34.1006183+00:00	WorkerStarting	Layer03Node04	meta-pipeline
2026-06-03T18:11:34.7375993+00:00	WorkerStarted	Layer03Node04	21080
2026-06-03T18:11:34.7394911+00:00	WorkerControlPipe	Layer03Node04	meta-orchestration-cd01c2048ef241418965e109b22fa2f6
2026-06-03T18:11:34.7554280+00:00	WorkerLog	Layer03Node04	stdout=C:\Users\jimmy\Desktop\meta-bi\Samples\Demos\MetaOrchestrationHairballCliIntegration\Runs\hairball-seed-20260530\RunArtifacts\runs\20260603-181047_f9520fe0ba0e47178389df2fe09b408e\logs\Layer03Node04-21080.stdout.log; stderr=C:\Users\jimmy\Desktop\meta-bi\Samples\Demos\MetaOrchestrationHairballCliIntegration\Runs\hairball-seed-20260530\RunArtifacts\runs\20260603-181047_f9520fe0ba0e47178389df2fe09b408e\logs\Layer03Node04-21080.stderr.log
2026-06-03T18:11:34.7596249+00:00	WorkerEvent	Layer02Hub	PipelineStarted; ExitCode=0; pipeline started
2026-06-03T18:11:34.7612537+00:00	WorkerEvent	Layer03Node01	WorkerOnline; ExitCode=0; online
2026-06-03T18:11:34.7769097+00:00	WorkerStarting	Layer03Node05	meta-pipeline
2026-06-03T18:11:35.3591065+00:00	WorkerStarted	Layer03Node05	14836
2026-06-03T18:11:35.3601411+00:00	WorkerControlPipe	Layer03Node05	meta-orchestration-1301a97315564510a120c7dd47ce61b8
2026-06-03T18:11:35.3614404+00:00	WorkerLog	Layer03Node05	stdout=C:\Users\jimmy\Desktop\meta-bi\Samples\Demos\MetaOrchestrationHairballCliIntegration\Runs\hairball-seed-20260530\RunArtifacts\runs\20260603-181047_f9520fe0ba0e47178389df2fe09b408e\logs\Layer03Node05-14836.stdout.log; stderr=C:\Users\jimmy\Desktop\meta-bi\Samples\Demos\MetaOrchestrationHairballCliIntegration\Runs\hairball-seed-20260530\RunArtifacts\runs\20260603-181047_f9520fe0ba0e47178389df2fe09b408e\logs\Layer03Node05-14836.stderr.log
2026-06-03T18:11:35.3624219+00:00	WorkerEvent	Layer02Hub.hub-l02-stage	TaskReady; ExitCode=0; 
2026-06-03T18:11:35.3636027+00:00	WorkerEvent	BridgeL03L04	PipelineStarted; ExitCode=0; pipeline started
2026-06-03T18:11:35.3659793+00:00	WorkerEvent	Layer03Node04	WorkerOnline; ExitCode=0; online
2026-06-03T18:11:35.3674160+00:00	WorkerEvent	BridgeL03L04.bridge-l03-l04-collect	TaskReady; ExitCode=0; 
2026-06-03T18:11:35.3691234+00:00	WorkerEvent	Layer03Node01	WorkerReady; ExitCode=0; ready
2026-06-03T18:11:35.3711332+00:00	StartPipeline	Layer03Node01	Layer03Node01
2026-06-03T18:11:35.3747386+00:00	WorkerEvent	Layer03Node04	WorkerReady; ExitCode=0; ready
2026-06-03T18:11:35.4048798+00:00	StartPipeline	Layer03Node04	Layer03Node04
2026-06-03T18:11:35.4067512+00:00	WorkerEvent	Layer03Node07	PipelineStarted; ExitCode=0; pipeline started
2026-06-03T18:11:35.4140816+00:00	GrantTask	Layer02Hub.hub-l02-stage	Layer02Hub.hub-l02-stage; GrantId=grant-38; Attempt=1
2026-06-03T18:11:35.4166665+00:00	WorkerEvent	Layer03Node07.refresh-l03-n07	TaskReady; ExitCode=0; 
2026-06-03T18:11:35.4224428+00:00	GrantTask	Layer03Node07.refresh-l03-n07	Layer03Node07.refresh-l03-n07; GrantId=grant-39; Attempt=1
2026-06-03T18:11:35.4281014+00:00	WorkerEvent	Layer02Hub.hub-l02-stage	GrantAccepted; ExitCode=0; 
2026-06-03T18:11:35.4532235+00:00	WorkerEvent	Layer03Node05	WorkerOnline; ExitCode=0; online
2026-06-03T18:11:35.4553112+00:00	WorkerEvent	Layer03Node07.refresh-l03-n07	GrantAccepted; ExitCode=0; 
2026-06-03T18:11:35.4568014+00:00	WorkerEvent	Layer02Hub.hub-l02-stage	TaskStarted; ExitCode=0; 
2026-06-03T18:11:35.4583313+00:00	WorkerEvent	Layer03Node05	WorkerReady; ExitCode=0; ready
2026-06-03T18:11:35.5094481+00:00	StartPipeline	Layer03Node05	Layer03Node05
2026-06-03T18:11:35.5108524+00:00	WorkerEvent	Layer03Node07.refresh-l03-n07	TaskStarted; ExitCode=0; 
2026-06-03T18:11:36.2184772+00:00	WorkerEvent	BridgeL05L06	PipelineStarted; ExitCode=0; pipeline started
2026-06-03T18:11:36.2238453+00:00	WorkerEvent	BridgeL05L06.bridge-l05-l06-collect	TaskReady; ExitCode=0; 
2026-06-03T18:11:36.9621483+00:00	WorkerEvent	BridgeL07L08	PipelineStarted; ExitCode=0; pipeline started
2026-06-03T18:11:36.9685991+00:00	WorkerEvent	BridgeL07L08.bridge-l07-l08-collect	TaskReady; ExitCode=0; 
2026-06-03T18:11:37.3681544+00:00	WorkerEvent	Layer02Hub.hub-l02-stage	TaskSucceeded; ExitCode=0; 
2026-06-03T18:11:37.3719918+00:00	TaskSucceeded	Layer02Hub.hub-l02-stage	0
2026-06-03T18:11:37.3763459+00:00	WorkerEvent	Layer02Hub.hub-l02-curate	TaskReady; ExitCode=0; 
2026-06-03T18:11:37.3808155+00:00	GrantTask	Layer02Hub.hub-l02-curate	Layer02Hub.hub-l02-curate; GrantId=grant-40; Attempt=1
2026-06-03T18:11:37.3920035+00:00	WorkerEvent	Layer02Hub.hub-l02-curate	GrantAccepted; ExitCode=0; 
2026-06-03T18:11:37.3965324+00:00	WorkerEvent	Layer02Hub.hub-l02-curate	TaskStarted; ExitCode=0; 
2026-06-03T18:11:37.4321795+00:00	WorkerEvent	Layer03Node07.refresh-l03-n07	TaskSucceeded; ExitCode=0; 
2026-06-03T18:11:37.4337055+00:00	TaskSucceeded	Layer03Node07.refresh-l03-n07	0
2026-06-03T18:11:37.5260099+00:00	WorkerEvent	Layer03Node07	Closed; ExitCode=0; 
2026-06-03T18:11:37.5278370+00:00	PipelineCompleted	Layer03Node07	
2026-06-03T18:11:37.5308291+00:00	WorkerStarting	Layer03Node08	meta-pipeline
2026-06-03T18:11:37.9995673+00:00	WorkerStarted	Layer03Node08	23468
2026-06-03T18:11:38.0041393+00:00	WorkerControlPipe	Layer03Node08	meta-orchestration-30cb1d0054854da7b5e6c2f1a9951757
2026-06-03T18:11:38.0134544+00:00	WorkerLog	Layer03Node08	stdout=C:\Users\jimmy\Desktop\meta-bi\Samples\Demos\MetaOrchestrationHairballCliIntegration\Runs\hairball-seed-20260530\RunArtifacts\runs\20260603-181047_f9520fe0ba0e47178389df2fe09b408e\logs\Layer03Node08-23468.stdout.log; stderr=C:\Users\jimmy\Desktop\meta-bi\Samples\Demos\MetaOrchestrationHairballCliIntegration\Runs\hairball-seed-20260530\RunArtifacts\runs\20260603-181047_f9520fe0ba0e47178389df2fe09b408e\logs\Layer03Node08-23468.stderr.log
2026-06-03T18:11:38.0148860+00:00	WorkerEvent	CompositeMart	PipelineStarted; ExitCode=0; pipeline started
2026-06-03T18:11:38.0159914+00:00	WorkerEvent	Layer02Hub.hub-l02-curate	TaskSucceeded; ExitCode=0; 
2026-06-03T18:11:38.0168765+00:00	TaskSucceeded	Layer02Hub.hub-l02-curate	0
2026-06-03T18:11:38.0218648+00:00	WorkerEvent	Layer03Node04	PipelineStarted; ExitCode=0; pipeline started
2026-06-03T18:11:38.0275968+00:00	GrantTask	BridgeL01L02.bridge-l01-l02-collect	BridgeL01L02.bridge-l01-l02-collect; GrantId=grant-41; Attempt=1
2026-06-03T18:11:38.0283000+00:00	WorkerDeferredForCapacity	AuditHairball	Deferred by orchestration to honor max active worker process capacity.
2026-06-03T18:11:38.0288773+00:00	StopPipeline	AuditHairball	Deferred by orchestration to honor max active worker process capacity.
2026-06-03T18:11:38.0296705+00:00	WorkerEvent	CompositeMart.composite-stage	TaskReady; ExitCode=0; 
2026-06-03T18:11:38.0311229+00:00	WorkerEvent	Layer02Hub.hub-l02-publish	TaskReady; ExitCode=0; 
2026-06-03T18:11:38.0323246+00:00	WorkerEvent	Layer03Node04.select-l03-n04	TaskReady; ExitCode=0; 
2026-06-03T18:11:38.0362248+00:00	GrantTask	Layer02Hub.hub-l02-publish	Layer02Hub.hub-l02-publish; GrantId=grant-42; Attempt=1
2026-06-03T18:11:38.0507840+00:00	WorkerDeferredForCapacity	BridgeL03L04	Deferred by orchestration to honor max active worker process capacity.
2026-06-03T18:11:38.0516047+00:00	StopPipeline	BridgeL03L04	Deferred by orchestration to honor max active worker process capacity.
2026-06-03T18:11:38.0559986+00:00	WorkerEvent	Layer02Hub.hub-l02-publish	GrantAccepted; ExitCode=0; 
2026-06-03T18:11:38.0574630+00:00	WorkerEvent	BridgeL01L02.bridge-l01-l02-collect	GrantAccepted; ExitCode=0; 
2026-06-03T18:11:38.0590838+00:00	WorkerDeferredForCapacity	BridgeL05L06	Deferred by orchestration to honor max active worker process capacity.
2026-06-03T18:11:38.0598217+00:00	StopPipeline	BridgeL05L06	Deferred by orchestration to honor max active worker process capacity.
2026-06-03T18:11:38.0617764+00:00	WorkerEvent	Layer02Hub.hub-l02-publish	TaskStarted; ExitCode=0; 
2026-06-03T18:11:38.0667775+00:00	WorkerEvent	BridgeL01L02.bridge-l01-l02-collect	TaskStarted; ExitCode=0; 
2026-06-03T18:11:38.0686296+00:00	WorkerDeferredForCapacity	BridgeL07L08	Deferred by orchestration to honor max active worker process capacity.
2026-06-03T18:11:38.0693141+00:00	StopPipeline	BridgeL07L08	Deferred by orchestration to honor max active worker process capacity.
2026-06-03T18:11:38.0956204+00:00	WorkerEvent	Layer03Node08	WorkerOnline; ExitCode=0; online
2026-06-03T18:11:38.0976579+00:00	WorkerDeferredForCapacity	CompositeMart	Deferred by orchestration to honor max active worker process capacity.
2026-06-03T18:11:38.0985931+00:00	StopPipeline	CompositeMart	Deferred by orchestration to honor max active worker process capacity.
2026-06-03T18:11:38.1042281+00:00	WorkerDeferredForCapacity	Layer03Node04	Deferred by orchestration to honor max active worker process capacity.
2026-06-03T18:11:38.1055947+00:00	StopPipeline	Layer03Node04	Deferred by orchestration to honor max active worker process capacity.
2026-06-03T18:11:38.1569835+00:00	WorkerEvent	Layer03Hub	PipelineStarted; ExitCode=0; pipeline started
2026-06-03T18:11:38.1582561+00:00	WorkerEvent	BridgeL05L06	Closed; ExitCode=0; 
2026-06-03T18:11:38.1591597+00:00	WorkerDeferred	BridgeL05L06	ResumeTaskId=BridgeL05L06.bridge-l05-l06-collect
2026-06-03T18:11:38.2297559+00:00	WorkerEvent	Layer03Hub.hub-l03-stage	TaskReady; ExitCode=0; 
2026-06-03T18:11:38.2308935+00:00	WorkerEvent	AuditHairball	Closed; ExitCode=0; 
2026-06-03T18:11:38.2343309+00:00	WorkerDeferred	AuditHairball	ResumeTaskId=AuditHairball.audit-hairball
2026-06-03T18:11:38.2385221+00:00	WorkerEvent	CompositeMart	Closed; ExitCode=0; 
2026-06-03T18:11:38.2399772+00:00	WorkerDeferred	CompositeMart	ResumeTaskId=CompositeMart.composite-stage
2026-06-03T18:11:38.2406660+00:00	WorkerEvent	BridgeL03L04	Closed; ExitCode=0; 
2026-06-03T18:11:38.2415477+00:00	WorkerDeferred	BridgeL03L04	ResumeTaskId=BridgeL03L04.bridge-l03-l04-collect
2026-06-03T18:11:38.2421631+00:00	WorkerEvent	BridgeL07L08	Closed; ExitCode=0; 
2026-06-03T18:11:38.2431967+00:00	WorkerDeferred	BridgeL07L08	ResumeTaskId=BridgeL07L08.bridge-l07-l08-collect
2026-06-03T18:11:38.2439062+00:00	WorkerEvent	Layer03Node04	Closed; ExitCode=0; 
2026-06-03T18:11:38.2447057+00:00	WorkerDeferred	Layer03Node04	ResumeTaskId=Layer03Node04.select-l03-n04
2026-06-03T18:11:38.2453210+00:00	WorkerEvent	Layer03Node08	WorkerReady; ExitCode=0; ready
2026-06-03T18:11:38.2464273+00:00	StartPipeline	Layer03Node08	Layer03Node08
2026-06-03T18:11:38.2480569+00:00	WorkerStarting	Layer04Node04	meta-pipeline
2026-06-03T18:11:38.6653959+00:00	WorkerStarted	Layer04Node04	672
2026-06-03T18:11:38.6665863+00:00	WorkerControlPipe	Layer04Node04	meta-orchestration-ea68c038241b4d7ca92b58cef47b6160
2026-06-03T18:11:38.6674182+00:00	WorkerLog	Layer04Node04	stdout=C:\Users\jimmy\Desktop\meta-bi\Samples\Demos\MetaOrchestrationHairballCliIntegration\Runs\hairball-seed-20260530\RunArtifacts\runs\20260603-181047_f9520fe0ba0e47178389df2fe09b408e\logs\Layer04Node04-672.stdout.log; stderr=C:\Users\jimmy\Desktop\meta-bi\Samples\Demos\MetaOrchestrationHairballCliIntegration\Runs\hairball-seed-20260530\RunArtifacts\runs\20260603-181047_f9520fe0ba0e47178389df2fe09b408e\logs\Layer04Node04-672.stderr.log
2026-06-03T18:11:38.6683399+00:00	WorkerEvent	Layer02Hub.hub-l02-publish	TaskSucceeded; ExitCode=0; 
2026-06-03T18:11:38.6698512+00:00	TaskSucceeded	Layer02Hub.hub-l02-publish	0
2026-06-03T18:11:38.6708944+00:00	PipelineCompleted	Layer02Hub	
2026-06-03T18:11:38.6717316+00:00	WorkerEvent	Layer03Node05	PipelineStarted; ExitCode=0; pipeline started
2026-06-03T18:11:38.6729304+00:00	WorkerEvent	Layer03Node01	PipelineStarted; ExitCode=0; pipeline started
2026-06-03T18:11:38.6773349+00:00	WorkerResuming	AuditHairball	ResumeTaskId=AuditHairball.audit-hairball; Executable=meta-pipeline
2026-06-03T18:11:39.0653900+00:00	WorkerStarted	AuditHairball	23448
2026-06-03T18:11:39.0705040+00:00	WorkerControlPipe	AuditHairball	meta-orchestration-6910fd953eb844c087641c827cd4e129
2026-06-03T18:11:39.0769675+00:00	WorkerLog	AuditHairball	stdout=C:\Users\jimmy\Desktop\meta-bi\Samples\Demos\MetaOrchestrationHairballCliIntegration\Runs\hairball-seed-20260530\RunArtifacts\runs\20260603-181047_f9520fe0ba0e47178389df2fe09b408e\logs\AuditHairball-23448.stdout.log; stderr=C:\Users\jimmy\Desktop\meta-bi\Samples\Demos\MetaOrchestrationHairballCliIntegration\Runs\hairball-seed-20260530\RunArtifacts\runs\20260603-181047_f9520fe0ba0e47178389df2fe09b408e\logs\AuditHairball-23448.stderr.log
2026-06-03T18:11:39.0795945+00:00	WorkerEvent	Layer03Node05.select-l03-n05	TaskReady; ExitCode=0; 
2026-06-03T18:11:39.0831107+00:00	WorkerEvent	Layer04Node04	WorkerOnline; ExitCode=0; online
2026-06-03T18:11:39.0843685+00:00	WorkerEvent	Layer03Node01.select-l03-n01	TaskReady; ExitCode=0; 
2026-06-03T18:11:39.0990424+00:00	GrantTask	Layer03Node01.select-l03-n01	Layer03Node01.select-l03-n01; GrantId=grant-43; Attempt=1
2026-06-03T18:11:39.1013815+00:00	WorkerResuming	BridgeL03L04	ResumeTaskId=BridgeL03L04.bridge-l03-l04-collect; Executable=meta-pipeline
2026-06-03T18:11:39.4093572+00:00	WorkerStarted	BridgeL03L04	25324
2026-06-03T18:11:39.4101602+00:00	WorkerControlPipe	BridgeL03L04	meta-orchestration-72d3c5550d7c40179e691f6d91f3445b
2026-06-03T18:11:39.4113210+00:00	WorkerLog	BridgeL03L04	stdout=C:\Users\jimmy\Desktop\meta-bi\Samples\Demos\MetaOrchestrationHairballCliIntegration\Runs\hairball-seed-20260530\RunArtifacts\runs\20260603-181047_f9520fe0ba0e47178389df2fe09b408e\logs\BridgeL03L04-25324.stdout.log; stderr=C:\Users\jimmy\Desktop\meta-bi\Samples\Demos\MetaOrchestrationHairballCliIntegration\Runs\hairball-seed-20260530\RunArtifacts\runs\20260603-181047_f9520fe0ba0e47178389df2fe09b408e\logs\BridgeL03L04-25324.stderr.log
2026-06-03T18:11:39.4124931+00:00	WorkerEvent	AuditHairball	WorkerOnline; ExitCode=0; online
2026-06-03T18:11:39.4138233+00:00	WorkerEvent	Layer04Node04	WorkerReady; ExitCode=0; ready
2026-06-03T18:11:39.4150820+00:00	StartPipeline	Layer04Node04	Layer04Node04
2026-06-03T18:11:39.4162086+00:00	WorkerEvent	AuditHairball	WorkerReady; ExitCode=0; ready
2026-06-03T18:11:39.4310096+00:00	StartPipeline	AuditHairball	AuditHairball
2026-06-03T18:11:39.4352450+00:00	WorkerEvent	Layer03Node01.select-l03-n01	GrantAccepted; ExitCode=0; 
2026-06-03T18:11:39.4402713+00:00	WorkerResuming	BridgeL05L06	ResumeTaskId=BridgeL05L06.bridge-l05-l06-collect; Executable=meta-pipeline
2026-06-03T18:11:39.9291739+00:00	WorkerStarted	BridgeL05L06	18556
2026-06-03T18:11:39.9466071+00:00	WorkerControlPipe	BridgeL05L06	meta-orchestration-56bf19deff254c86ad9b00d2c378728e
2026-06-03T18:11:39.9630376+00:00	WorkerLog	BridgeL05L06	stdout=C:\Users\jimmy\Desktop\meta-bi\Samples\Demos\MetaOrchestrationHairballCliIntegration\Runs\hairball-seed-20260530\RunArtifacts\runs\20260603-181047_f9520fe0ba0e47178389df2fe09b408e\logs\BridgeL05L06-18556.stdout.log; stderr=C:\Users\jimmy\Desktop\meta-bi\Samples\Demos\MetaOrchestrationHairballCliIntegration\Runs\hairball-seed-20260530\RunArtifacts\runs\20260603-181047_f9520fe0ba0e47178389df2fe09b408e\logs\BridgeL05L06-18556.stderr.log
2026-06-03T18:11:39.9643664+00:00	WorkerEvent	BridgeL01L02.bridge-l01-l02-collect	TaskSucceeded; ExitCode=0; 
2026-06-03T18:11:39.9835427+00:00	TaskSucceeded	BridgeL01L02.bridge-l01-l02-collect	0
2026-06-03T18:11:39.9853422+00:00	WorkerEvent	BridgeL05L06	WorkerOnline; ExitCode=0; online
2026-06-03T18:11:39.9987754+00:00	WorkerEvent	BridgeL01L02.bridge-l01-l02-north	TaskReady; ExitCode=0; 
2026-06-03T18:11:40.0000966+00:00	WorkerEvent	BridgeL03L04	WorkerOnline; ExitCode=0; online
2026-06-03T18:11:40.0013053+00:00	WorkerEvent	Layer03Node01.select-l03-n01	TaskStarted; ExitCode=0; 
2026-06-03T18:11:40.0052277+00:00	GrantTask	BridgeL01L02.bridge-l01-l02-north	BridgeL01L02.bridge-l01-l02-north; GrantId=grant-44; Attempt=1
2026-06-03T18:11:40.0061237+00:00	WorkerStarting	Layer08Node07	meta-pipeline
2026-06-03T18:11:40.4110073+00:00	WorkerStarted	Layer08Node07	23216
2026-06-03T18:11:40.4120887+00:00	WorkerControlPipe	Layer08Node07	meta-orchestration-82ab71bf7a2e41f783fdfc457e8105a3
2026-06-03T18:11:40.4128736+00:00	WorkerLog	Layer08Node07	stdout=C:\Users\jimmy\Desktop\meta-bi\Samples\Demos\MetaOrchestrationHairballCliIntegration\Runs\hairball-seed-20260530\RunArtifacts\runs\20260603-181047_f9520fe0ba0e47178389df2fe09b408e\logs\Layer08Node07-23216.stdout.log; stderr=C:\Users\jimmy\Desktop\meta-bi\Samples\Demos\MetaOrchestrationHairballCliIntegration\Runs\hairball-seed-20260530\RunArtifacts\runs\20260603-181047_f9520fe0ba0e47178389df2fe09b408e\logs\Layer08Node07-23216.stderr.log
2026-06-03T18:11:40.4136896+00:00	WorkerEvent	BridgeL01L02.bridge-l01-l02-north	GrantAccepted; ExitCode=0; 
2026-06-03T18:11:40.4148587+00:00	WorkerEvent	BridgeL05L06	WorkerReady; ExitCode=0; ready
2026-06-03T18:11:40.4250807+00:00	StartPipeline	BridgeL05L06	BridgeL05L06
2026-06-03T18:11:40.4325882+00:00	WorkerEvent	BridgeL01L02.bridge-l01-l02-north	TaskStarted; ExitCode=0; 
2026-06-03T18:11:40.4336938+00:00	WorkerEvent	BridgeL03L04	WorkerReady; ExitCode=0; ready
2026-06-03T18:11:40.4348999+00:00	StartPipeline	BridgeL03L04	BridgeL03L04
2026-06-03T18:11:40.4387373+00:00	WorkerResuming	BridgeL07L08	ResumeTaskId=BridgeL07L08.bridge-l07-l08-collect; Executable=meta-pipeline
2026-06-03T18:11:40.8814183+00:00	WorkerStarted	BridgeL07L08	31632
2026-06-03T18:11:40.8823891+00:00	WorkerControlPipe	BridgeL07L08	meta-orchestration-607d4e3673d148dfa141b194f8f4a544
2026-06-03T18:11:40.8831832+00:00	WorkerLog	BridgeL07L08	stdout=C:\Users\jimmy\Desktop\meta-bi\Samples\Demos\MetaOrchestrationHairballCliIntegration\Runs\hairball-seed-20260530\RunArtifacts\runs\20260603-181047_f9520fe0ba0e47178389df2fe09b408e\logs\BridgeL07L08-31632.stdout.log; stderr=C:\Users\jimmy\Desktop\meta-bi\Samples\Demos\MetaOrchestrationHairballCliIntegration\Runs\hairball-seed-20260530\RunArtifacts\runs\20260603-181047_f9520fe0ba0e47178389df2fe09b408e\logs\BridgeL07L08-31632.stderr.log
2026-06-03T18:11:40.8840251+00:00	WorkerEvent	Layer08Node07	WorkerOnline; ExitCode=0; online
2026-06-03T18:11:40.8857405+00:00	WorkerEvent	BridgeL01L02.bridge-l01-l02-north	TaskSucceeded; ExitCode=0; 
2026-06-03T18:11:40.8869593+00:00	TaskSucceeded	BridgeL01L02.bridge-l01-l02-north	0
2026-06-03T18:11:40.8881009+00:00	WorkerEvent	Layer03Node08	PipelineStarted; ExitCode=0; pipeline started
2026-06-03T18:11:40.8902530+00:00	GrantTask	Layer03Node05.select-l03-n05	Layer03Node05.select-l03-n05; GrantId=grant-45; Attempt=1
2026-06-03T18:11:40.8916480+00:00	WorkerResuming	Layer03Node04	ResumeTaskId=Layer03Node04.select-l03-n04; Executable=meta-pipeline
2026-06-03T18:11:41.3237239+00:00	WorkerStarted	Layer03Node04	19948
2026-06-03T18:11:41.3251267+00:00	WorkerControlPipe	Layer03Node04	meta-orchestration-22b811f539df4b4f85574a5be5eca901
2026-06-03T18:11:41.3259365+00:00	WorkerLog	Layer03Node04	stdout=C:\Users\jimmy\Desktop\meta-bi\Samples\Demos\MetaOrchestrationHairballCliIntegration\Runs\hairball-seed-20260530\RunArtifacts\runs\20260603-181047_f9520fe0ba0e47178389df2fe09b408e\logs\Layer03Node04-19948.stdout.log; stderr=C:\Users\jimmy\Desktop\meta-bi\Samples\Demos\MetaOrchestrationHairballCliIntegration\Runs\hairball-seed-20260530\RunArtifacts\runs\20260603-181047_f9520fe0ba0e47178389df2fe09b408e\logs\Layer03Node04-19948.stderr.log
2026-06-03T18:11:41.3267699+00:00	WorkerEvent	Layer08Node07	WorkerReady; ExitCode=0; ready
2026-06-03T18:11:41.3354115+00:00	StartPipeline	Layer08Node07	Layer08Node07
2026-06-03T18:11:41.3366986+00:00	WorkerEvent	Layer03Node05.select-l03-n05	GrantAccepted; ExitCode=0; 
2026-06-03T18:11:41.3378934+00:00	WorkerEvent	BridgeL01L02.bridge-l01-l02-south	TaskReady; ExitCode=0; 
2026-06-03T18:11:41.3391111+00:00	WorkerEvent	Layer03Node05.select-l03-n05	TaskStarted; ExitCode=0; 
2026-06-03T18:11:41.3404780+00:00	WorkerEvent	BridgeL07L08	WorkerOnline; ExitCode=0; online
2026-06-03T18:11:41.3419242+00:00	WorkerEvent	Layer03Node01.select-l03-n01	TaskSucceeded; ExitCode=0; 
2026-06-03T18:11:41.3437632+00:00	TaskSucceeded	Layer03Node01.select-l03-n01	0
2026-06-03T18:11:41.3494743+00:00	PipelineCompleted	Layer03Node01	
2026-06-03T18:11:41.3574688+00:00	WorkerEvent	BridgeL07L08	WorkerReady; ExitCode=0; ready
2026-06-03T18:11:41.3603740+00:00	StartPipeline	BridgeL07L08	BridgeL07L08
2026-06-03T18:11:41.3629816+00:00	WorkerEvent	Layer03Node08.export-l03-n08	TaskReady; ExitCode=0; 
2026-06-03T18:11:41.3655160+00:00	GrantTask	BridgeL01L02.bridge-l01-l02-south	BridgeL01L02.bridge-l01-l02-south; GrantId=grant-46; Attempt=1
2026-06-03T18:11:41.3666824+00:00	GrantTask	Layer03Node08.export-l03-n08	Layer03Node08.export-l03-n08; GrantId=grant-47; Attempt=1
2026-06-03T18:11:41.3675291+00:00	WorkerStarting	Layer04Node06	meta-pipeline
2026-06-03T18:11:42.3259651+00:00	WorkerStarted	Layer04Node06	28464
2026-06-03T18:11:42.3269736+00:00	WorkerControlPipe	Layer04Node06	meta-orchestration-7f2077d4a82847c2aca26ade9d4d99ee
2026-06-03T18:11:42.3320986+00:00	WorkerLog	Layer04Node06	stdout=C:\Users\jimmy\Desktop\meta-bi\Samples\Demos\MetaOrchestrationHairballCliIntegration\Runs\hairball-seed-20260530\RunArtifacts\runs\20260603-181047_f9520fe0ba0e47178389df2fe09b408e\logs\Layer04Node06-28464.stdout.log; stderr=C:\Users\jimmy\Desktop\meta-bi\Samples\Demos\MetaOrchestrationHairballCliIntegration\Runs\hairball-seed-20260530\RunArtifacts\runs\20260603-181047_f9520fe0ba0e47178389df2fe09b408e\logs\Layer04Node06-28464.stderr.log
2026-06-03T18:11:42.3330730+00:00	WorkerEvent	AuditHairball	PipelineStarted; ExitCode=0; pipeline started
2026-06-03T18:11:42.3343877+00:00	WorkerEvent	BridgeL01L02.bridge-l01-l02-south	GrantAccepted; ExitCode=0; 
2026-06-03T18:11:42.3355793+00:00	WorkerEvent	Layer04Node04	PipelineStarted; ExitCode=0; pipeline started
2026-06-03T18:11:42.3369865+00:00	WorkerEvent	Layer03Node04	WorkerOnline; ExitCode=0; online
2026-06-03T18:11:42.3384605+00:00	WorkerEvent	Layer03Node08.export-l03-n08	GrantAccepted; ExitCode=0; 
2026-06-03T18:11:42.3404655+00:00	WorkerDeferredForCapacity	Layer03Hub	Deferred by orchestration to honor max active worker process capacity.
2026-06-03T18:11:42.3412371+00:00	StopPipeline	Layer03Hub	Deferred by orchestration to honor max active worker process capacity.
2026-06-03T18:11:42.3421774+00:00	WorkerEvent	AuditHairball.audit-hairball	TaskReady; ExitCode=0; 
2026-06-03T18:11:42.3435854+00:00	WorkerEvent	BridgeL01L02.bridge-l01-l02-south	TaskStarted; ExitCode=0; 
2026-06-03T18:11:42.3454249+00:00	WorkerEvent	Layer04Node04.refresh-l04-n04	TaskReady; ExitCode=0; 
2026-06-03T18:11:42.3466190+00:00	WorkerEvent	Layer03Node04	WorkerReady; ExitCode=0; ready
2026-06-03T18:11:42.4183392+00:00	StartPipeline	Layer03Node04	Layer03Node04
2026-06-03T18:11:42.4201209+00:00	WorkerEvent	Layer04Node06	WorkerOnline; ExitCode=0; online
2026-06-03T18:11:42.4218473+00:00	WorkerEvent	Layer03Node08.export-l03-n08	TaskStarted; ExitCode=0; 
2026-06-03T18:11:42.4240749+00:00	GrantTask	Layer04Node04.refresh-l04-n04	Layer04Node04.refresh-l04-n04; GrantId=grant-48; Attempt=1
2026-06-03T18:11:42.4248697+00:00	WorkerDeferredForCapacity	AuditHairball	Deferred by orchestration to honor max active worker process capacity.
2026-06-03T18:11:42.4256667+00:00	StopPipeline	AuditHairball	Deferred by orchestration to honor max active worker process capacity.
2026-06-03T18:11:42.4482576+00:00	WorkerEvent	Layer04Node06	WorkerReady; ExitCode=0; ready
2026-06-03T18:11:42.4501492+00:00	StartPipeline	Layer04Node06	Layer04Node06
2026-06-03T18:11:42.4515525+00:00	WorkerEvent	Layer04Node04.refresh-l04-n04	GrantAccepted; ExitCode=0; 
2026-06-03T18:11:42.4542649+00:00	WorkerEvent	Layer04Node04.refresh-l04-n04	TaskStarted; ExitCode=0; 
2026-06-03T18:11:42.5627906+00:00	WorkerEvent	Layer03Hub	Closed; ExitCode=0; 
2026-06-03T18:11:42.5642077+00:00	WorkerDeferred	Layer03Hub	ResumeTaskId=Layer03Hub.hub-l03-stage
2026-06-03T18:11:42.5661567+00:00	WorkerStarting	Layer04Node09	meta-pipeline
2026-06-03T18:11:44.0946126+00:00	WorkerStarted	Layer04Node09	24492
2026-06-03T18:11:44.0970746+00:00	WorkerControlPipe	Layer04Node09	meta-orchestration-aeb40c0617884ad787631d107c15f8c4
2026-06-03T18:11:44.1014333+00:00	WorkerLog	Layer04Node09	stdout=C:\Users\jimmy\Desktop\meta-bi\Samples\Demos\MetaOrchestrationHairballCliIntegration\Runs\hairball-seed-20260530\RunArtifacts\runs\20260603-181047_f9520fe0ba0e47178389df2fe09b408e\logs\Layer04Node09-24492.stdout.log; stderr=C:\Users\jimmy\Desktop\meta-bi\Samples\Demos\MetaOrchestrationHairballCliIntegration\Runs\hairball-seed-20260530\RunArtifacts\runs\20260603-181047_f9520fe0ba0e47178389df2fe09b408e\logs\Layer04Node09-24492.stderr.log
2026-06-03T18:11:44.1049718+00:00	WorkerEvent	AuditHairball	Closed; ExitCode=0; 
2026-06-03T18:11:44.1066208+00:00	WorkerDeferred	AuditHairball	ResumeTaskId=AuditHairball.audit-hairball
2026-06-03T18:11:44.1115381+00:00	WorkerEvent	Layer03Node05.select-l03-n05	TaskSucceeded; ExitCode=0; 
2026-06-03T18:11:44.1128833+00:00	TaskSucceeded	Layer03Node05.select-l03-n05	0
2026-06-03T18:11:44.1143710+00:00	PipelineCompleted	Layer03Node05	
2026-06-03T18:11:44.1151827+00:00	WorkerEvent	BridgeL01L02.bridge-l01-l02-south	TaskSucceeded; ExitCode=0; 
2026-06-03T18:11:44.1179131+00:00	TaskSucceeded	BridgeL01L02.bridge-l01-l02-south	0
2026-06-03T18:11:44.1194461+00:00	PipelineCompleted	BridgeL01L02	
2026-06-03T18:11:44.1203840+00:00	WorkerEvent	BridgeL05L06	PipelineStarted; ExitCode=0; pipeline started
2026-06-03T18:11:44.1215806+00:00	WorkerEvent	BridgeL03L04	PipelineStarted; ExitCode=0; pipeline started
2026-06-03T18:11:44.1240843+00:00	WorkerStarting	Layer06Node03	meta-pipeline
2026-06-03T18:11:45.2332887+00:00	WorkerStarted	Layer06Node03	26108
2026-06-03T18:11:45.2477542+00:00	WorkerControlPipe	Layer06Node03	meta-orchestration-f4e8bba86e744c3b8da15b8fca0aa7db
2026-06-03T18:11:45.2528132+00:00	WorkerLog	Layer06Node03	stdout=C:\Users\jimmy\Desktop\meta-bi\Samples\Demos\MetaOrchestrationHairballCliIntegration\Runs\hairball-seed-20260530\RunArtifacts\runs\20260603-181047_f9520fe0ba0e47178389df2fe09b408e\logs\Layer06Node03-26108.stdout.log; stderr=C:\Users\jimmy\Desktop\meta-bi\Samples\Demos\MetaOrchestrationHairballCliIntegration\Runs\hairball-seed-20260530\RunArtifacts\runs\20260603-181047_f9520fe0ba0e47178389df2fe09b408e\logs\Layer06Node03-26108.stderr.log
2026-06-03T18:11:45.3071094+00:00	WorkerEvent	Layer04Node09	WorkerOnline; ExitCode=0; online
2026-06-03T18:11:45.3101449+00:00	WorkerEvent	BridgeL07L08	PipelineStarted; ExitCode=0; pipeline started
2026-06-03T18:11:45.3157274+00:00	WorkerEvent	Layer04Node09	WorkerReady; ExitCode=0; ready
2026-06-03T18:11:45.3341433+00:00	StartPipeline	Layer04Node09	Layer04Node09
2026-06-03T18:11:45.3357647+00:00	WorkerEvent	Layer06Node03	WorkerOnline; ExitCode=0; online
2026-06-03T18:11:45.3375249+00:00	WorkerEvent	BridgeL07L08.bridge-l07-l08-collect	TaskReady; ExitCode=0; 
2026-06-03T18:11:45.3389907+00:00	WorkerEvent	BridgeL05L06.bridge-l05-l06-collect	TaskReady; ExitCode=0; 
2026-06-03T18:11:45.3403050+00:00	WorkerEvent	BridgeL03L04.bridge-l03-l04-collect	TaskReady; ExitCode=0; 
2026-06-03T18:11:45.3415172+00:00	WorkerEvent	Layer04Node06	PipelineStarted; ExitCode=0; pipeline started
2026-06-03T18:11:45.3428206+00:00	WorkerEvent	Layer03Node04	PipelineStarted; ExitCode=0; pipeline started
2026-06-03T18:11:45.3467921+00:00	WorkerStarting	Layer07Node02	meta-pipeline
2026-06-03T18:11:46.1764922+00:00	WorkerStarted	Layer07Node02	20580
2026-06-03T18:11:46.1776451+00:00	WorkerControlPipe	Layer07Node02	meta-orchestration-85575c5e6c884ef1adbca1c3687e73c8
2026-06-03T18:11:46.1785215+00:00	WorkerLog	Layer07Node02	stdout=C:\Users\jimmy\Desktop\meta-bi\Samples\Demos\MetaOrchestrationHairballCliIntegration\Runs\hairball-seed-20260530\RunArtifacts\runs\20260603-181047_f9520fe0ba0e47178389df2fe09b408e\logs\Layer07Node02-20580.stdout.log; stderr=C:\Users\jimmy\Desktop\meta-bi\Samples\Demos\MetaOrchestrationHairballCliIntegration\Runs\hairball-seed-20260530\RunArtifacts\runs\20260603-181047_f9520fe0ba0e47178389df2fe09b408e\logs\Layer07Node02-20580.stderr.log
2026-06-03T18:11:46.1795286+00:00	WorkerEvent	Layer08Node07	PipelineStarted; ExitCode=0; pipeline started
2026-06-03T18:11:46.2079649+00:00	WorkerEvent	Layer06Node03	WorkerReady; ExitCode=0; ready
2026-06-03T18:11:46.2170477+00:00	StartPipeline	Layer06Node03	Layer06Node03
2026-06-03T18:11:46.2262378+00:00	WorkerEvent	Layer08Node07.select-l08-n07	TaskReady; ExitCode=0; 
2026-06-03T18:11:46.2466586+00:00	WorkerEvent	Layer07Node02	WorkerOnline; ExitCode=0; online
2026-06-03T18:11:46.2615017+00:00	WorkerEvent	Layer04Node04.refresh-l04-n04	TaskSucceeded; ExitCode=0; 
2026-06-03T18:11:46.2635977+00:00	TaskSucceeded	Layer04Node04.refresh-l04-n04	0
2026-06-03T18:11:46.2652803+00:00	PipelineCompleted	Layer04Node04	
2026-06-03T18:11:46.2661654+00:00	WorkerEvent	Layer04Node06.refresh-l04-n06	TaskReady; ExitCode=0; 
2026-06-03T18:11:46.2674762+00:00	WorkerEvent	Layer03Node04.select-l03-n04	TaskReady; ExitCode=0; 
2026-06-03T18:11:46.2731432+00:00	GrantTask	Layer03Node04.select-l03-n04	Layer03Node04.select-l03-n04; GrantId=grant-49; Attempt=1
2026-06-03T18:11:46.2969785+00:00	GrantTask	Layer04Node06.refresh-l04-n06	Layer04Node06.refresh-l04-n06; GrantId=grant-50; Attempt=1
2026-06-03T18:11:46.2981297+00:00	GrantTask	Layer08Node07.select-l08-n07	Layer08Node07.select-l08-n07; GrantId=grant-51; Attempt=1
2026-06-03T18:11:46.2989875+00:00	WorkerResuming	AuditHairball	ResumeTaskId=AuditHairball.audit-hairball; Executable=meta-pipeline
2026-06-03T18:11:46.7762892+00:00	WorkerStarted	AuditHairball	26732
2026-06-03T18:11:46.7774433+00:00	WorkerControlPipe	AuditHairball	meta-orchestration-e1897a70a56d420d9ae52514656aa853
2026-06-03T18:11:46.7782614+00:00	WorkerLog	AuditHairball	stdout=C:\Users\jimmy\Desktop\meta-bi\Samples\Demos\MetaOrchestrationHairballCliIntegration\Runs\hairball-seed-20260530\RunArtifacts\runs\20260603-181047_f9520fe0ba0e47178389df2fe09b408e\logs\AuditHairball-26732.stdout.log; stderr=C:\Users\jimmy\Desktop\meta-bi\Samples\Demos\MetaOrchestrationHairballCliIntegration\Runs\hairball-seed-20260530\RunArtifacts\runs\20260603-181047_f9520fe0ba0e47178389df2fe09b408e\logs\AuditHairball-26732.stderr.log
2026-06-03T18:11:46.7792745+00:00	WorkerEvent	Layer08Node07.select-l08-n07	GrantAccepted; ExitCode=0; 
2026-06-03T18:11:46.7807240+00:00	WorkerEvent	Layer07Node02	WorkerReady; ExitCode=0; ready
2026-06-03T18:11:46.7823020+00:00	StartPipeline	Layer07Node02	Layer07Node02
2026-06-03T18:11:46.7836314+00:00	WorkerEvent	Layer08Node07.select-l08-n07	TaskStarted; ExitCode=0; 
2026-06-03T18:11:46.7909783+00:00	WorkerEvent	Layer04Node06.refresh-l04-n06	GrantAccepted; ExitCode=0; 
2026-06-03T18:11:46.7929205+00:00	WorkerEvent	Layer03Node04.select-l03-n04	GrantAccepted; ExitCode=0; 
2026-06-03T18:11:46.7942423+00:00	WorkerEvent	Layer04Node06.refresh-l04-n06	TaskStarted; ExitCode=0; 
2026-06-03T18:11:46.7956319+00:00	WorkerEvent	Layer03Node04.select-l03-n04	TaskStarted; ExitCode=0; 
2026-06-03T18:11:46.7968911+00:00	WorkerEvent	Layer03Node08.export-l03-n08	TaskSucceeded; ExitCode=0; 
2026-06-03T18:11:46.7982107+00:00	TaskSucceeded	Layer03Node08.export-l03-n08	0
2026-06-03T18:11:46.7995881+00:00	PipelineCompleted	Layer03Node08	
2026-06-03T18:11:46.8012722+00:00	WorkerStarting	Layer04Node07	meta-pipeline
2026-06-03T18:11:47.4417466+00:00	WorkerStarted	Layer04Node07	17800
2026-06-03T18:11:47.4427133+00:00	WorkerControlPipe	Layer04Node07	meta-orchestration-5a37b4c4030c4ab8a48847f3bdbe8d41
2026-06-03T18:11:47.4435378+00:00	WorkerLog	Layer04Node07	stdout=C:\Users\jimmy\Desktop\meta-bi\Samples\Demos\MetaOrchestrationHairballCliIntegration\Runs\hairball-seed-20260530\RunArtifacts\runs\20260603-181047_f9520fe0ba0e47178389df2fe09b408e\logs\Layer04Node07-17800.stdout.log; stderr=C:\Users\jimmy\Desktop\meta-bi\Samples\Demos\MetaOrchestrationHairballCliIntegration\Runs\hairball-seed-20260530\RunArtifacts\runs\20260603-181047_f9520fe0ba0e47178389df2fe09b408e\logs\Layer04Node07-17800.stderr.log
2026-06-03T18:11:47.4444484+00:00	WorkerEvent	AuditHairball	WorkerOnline; ExitCode=0; online
2026-06-03T18:11:47.4492023+00:00	WorkerResuming	CompositeMart	ResumeTaskId=CompositeMart.composite-stage; Executable=meta-pipeline
2026-06-03T18:11:48.2668771+00:00	WorkerStarted	CompositeMart	28728
2026-06-03T18:11:48.2681608+00:00	WorkerControlPipe	CompositeMart	meta-orchestration-327302706d5641bd937127728f7ab099
2026-06-03T18:11:48.2689581+00:00	WorkerLog	CompositeMart	stdout=C:\Users\jimmy\Desktop\meta-bi\Samples\Demos\MetaOrchestrationHairballCliIntegration\Runs\hairball-seed-20260530\RunArtifacts\runs\20260603-181047_f9520fe0ba0e47178389df2fe09b408e\logs\CompositeMart-28728.stdout.log; stderr=C:\Users\jimmy\Desktop\meta-bi\Samples\Demos\MetaOrchestrationHairballCliIntegration\Runs\hairball-seed-20260530\RunArtifacts\runs\20260603-181047_f9520fe0ba0e47178389df2fe09b408e\logs\CompositeMart-28728.stderr.log
2026-06-03T18:11:48.2698597+00:00	WorkerEvent	Layer04Node09	PipelineStarted; ExitCode=0; pipeline started
2026-06-03T18:11:48.2712214+00:00	WorkerEvent	AuditHairball	WorkerReady; ExitCode=0; ready
2026-06-03T18:11:48.2776104+00:00	StartPipeline	AuditHairball	AuditHairball
2026-06-03T18:11:48.2790179+00:00	WorkerEvent	Layer04Node09.select-l04-n09	TaskReady; ExitCode=0; 
2026-06-03T18:11:48.2803552+00:00	WorkerEvent	Layer04Node07	WorkerOnline; ExitCode=0; online
2026-06-03T18:11:48.3098453+00:00	GrantTask	Layer04Node09.select-l04-n09	Layer04Node09.select-l04-n09; GrantId=grant-52; Attempt=1
2026-06-03T18:11:48.3109888+00:00	WorkerEvent	Layer04Node07	WorkerReady; ExitCode=0; ready
2026-06-03T18:11:48.3126769+00:00	StartPipeline	Layer04Node07	Layer04Node07
2026-06-03T18:11:48.3280592+00:00	WorkerEvent	Layer04Node09.select-l04-n09	GrantAccepted; ExitCode=0; 
2026-06-03T18:11:48.3326104+00:00	WorkerEvent	Layer04Node09.select-l04-n09	TaskStarted; ExitCode=0; 
2026-06-03T18:11:48.3496324+00:00	WorkerEvent	CompositeMart	WorkerOnline; ExitCode=0; online
2026-06-03T18:11:48.3562584+00:00	WorkerEvent	CompositeMart	WorkerReady; ExitCode=0; ready
2026-06-03T18:11:48.3648056+00:00	StartPipeline	CompositeMart	CompositeMart
2026-06-03T18:11:48.5390013+00:00	WorkerEvent	Layer04Node06.refresh-l04-n06	TaskSucceeded; ExitCode=0; 
2026-06-03T18:11:48.5436415+00:00	TaskSucceeded	Layer04Node06.refresh-l04-n06	0
2026-06-03T18:11:48.6991187+00:00	WorkerEvent	Layer04Node06	Closed; ExitCode=0; 
2026-06-03T18:11:48.7163625+00:00	PipelineCompleted	Layer04Node06	
2026-06-03T18:11:48.7332881+00:00	WorkerResuming	Layer03Hub	ResumeTaskId=Layer03Hub.hub-l03-stage; Executable=meta-pipeline
2026-06-03T18:11:49.5940056+00:00	WorkerStarted	Layer03Hub	20676
2026-06-03T18:11:49.5951583+00:00	WorkerControlPipe	Layer03Hub	meta-orchestration-94b4560f5a094e28aabd3452e7b1d221
2026-06-03T18:11:49.5968918+00:00	WorkerLog	Layer03Hub	stdout=C:\Users\jimmy\Desktop\meta-bi\Samples\Demos\MetaOrchestrationHairballCliIntegration\Runs\hairball-seed-20260530\RunArtifacts\runs\20260603-181047_f9520fe0ba0e47178389df2fe09b408e\logs\Layer03Hub-20676.stdout.log; stderr=C:\Users\jimmy\Desktop\meta-bi\Samples\Demos\MetaOrchestrationHairballCliIntegration\Runs\hairball-seed-20260530\RunArtifacts\runs\20260603-181047_f9520fe0ba0e47178389df2fe09b408e\logs\Layer03Hub-20676.stderr.log
2026-06-03T18:11:49.5980401+00:00	WorkerEvent	Layer07Node02	PipelineStarted; ExitCode=0; pipeline started
2026-06-03T18:11:49.5999729+00:00	WorkerEvent	Layer06Node03	PipelineStarted; ExitCode=0; pipeline started
2026-06-03T18:11:49.6021307+00:00	WorkerEvent	Layer03Node04.select-l03-n04	TaskSucceeded; ExitCode=0; 
2026-06-03T18:11:49.6045312+00:00	TaskSucceeded	Layer03Node04.select-l03-n04	0
2026-06-03T18:11:49.6060495+00:00	PipelineCompleted	Layer03Node04	
2026-06-03T18:11:49.6069706+00:00	WorkerEvent	Layer07Node02.select-l07-n02	TaskReady; ExitCode=0; 
2026-06-03T18:11:49.6088134+00:00	WorkerEvent	Layer06Node03.select-l06-n03	TaskReady; ExitCode=0; 
2026-06-03T18:11:49.6144216+00:00	GrantTask	Layer06Node03.select-l06-n03	Layer06Node03.select-l06-n03; GrantId=grant-53; Attempt=1
2026-06-03T18:11:49.6173854+00:00	GrantTask	Layer07Node02.select-l07-n02	Layer07Node02.select-l07-n02; GrantId=grant-54; Attempt=1
2026-06-03T18:11:49.6255594+00:00	WorkerStarting	Layer04Hub	meta-pipeline
2026-06-03T18:11:50.6421022+00:00	WorkerStarted	Layer04Hub	1676
2026-06-03T18:11:50.6486739+00:00	WorkerControlPipe	Layer04Hub	meta-orchestration-7532f08039654f3cba97747be879da67
2026-06-03T18:11:50.6540260+00:00	WorkerLog	Layer04Hub	stdout=C:\Users\jimmy\Desktop\meta-bi\Samples\Demos\MetaOrchestrationHairballCliIntegration\Runs\hairball-seed-20260530\RunArtifacts\runs\20260603-181047_f9520fe0ba0e47178389df2fe09b408e\logs\Layer04Hub-1676.stdout.log; stderr=C:\Users\jimmy\Desktop\meta-bi\Samples\Demos\MetaOrchestrationHairballCliIntegration\Runs\hairball-seed-20260530\RunArtifacts\runs\20260603-181047_f9520fe0ba0e47178389df2fe09b408e\logs\Layer04Hub-1676.stderr.log
2026-06-03T18:11:50.6931666+00:00	WorkerEvent	Layer08Node07.select-l08-n07	TaskSucceeded; ExitCode=0; 
2026-06-03T18:11:50.7005306+00:00	TaskSucceeded	Layer08Node07.select-l08-n07	0
2026-06-03T18:11:50.7593935+00:00	PipelineCompleted	Layer08Node07	
2026-06-03T18:11:50.7766302+00:00	WorkerEvent	Layer07Node02.select-l07-n02	GrantAccepted; ExitCode=0; 
2026-06-03T18:11:50.8373195+00:00	WorkerEvent	Layer04Node09.select-l04-n09	TaskSucceeded; ExitCode=0; 
2026-06-03T18:11:50.8419960+00:00	TaskSucceeded	Layer04Node09.select-l04-n09	0
2026-06-03T18:11:50.8435136+00:00	PipelineCompleted	Layer04Node09	
2026-06-03T18:11:50.8448877+00:00	WorkerEvent	Layer06Node03.select-l06-n03	GrantAccepted; ExitCode=0; 
2026-06-03T18:11:50.8510342+00:00	WorkerEvent	Layer03Hub	WorkerOnline; ExitCode=0; online
2026-06-03T18:11:50.8535492+00:00	WorkerEvent	Layer04Hub	WorkerOnline; ExitCode=0; online
2026-06-03T18:11:50.8579114+00:00	WorkerStarting	Layer04Node01	meta-pipeline
2026-06-03T18:11:51.5289036+00:00	WorkerStarted	Layer04Node01	28148
2026-06-03T18:11:51.5300552+00:00	WorkerControlPipe	Layer04Node01	meta-orchestration-c5a79d8b62f24b2d8e02c7fde5677a0d
2026-06-03T18:11:51.5312912+00:00	WorkerLog	Layer04Node01	stdout=C:\Users\jimmy\Desktop\meta-bi\Samples\Demos\MetaOrchestrationHairballCliIntegration\Runs\hairball-seed-20260530\RunArtifacts\runs\20260603-181047_f9520fe0ba0e47178389df2fe09b408e\logs\Layer04Node01-28148.stdout.log; stderr=C:\Users\jimmy\Desktop\meta-bi\Samples\Demos\MetaOrchestrationHairballCliIntegration\Runs\hairball-seed-20260530\RunArtifacts\runs\20260603-181047_f9520fe0ba0e47178389df2fe09b408e\logs\Layer04Node01-28148.stderr.log
2026-06-03T18:11:51.5322365+00:00	WorkerEvent	Layer07Node02.select-l07-n02	TaskStarted; ExitCode=0; 
2026-06-03T18:11:51.5349686+00:00	WorkerEvent	Layer06Node03.select-l06-n03	TaskStarted; ExitCode=0; 
2026-06-03T18:11:51.5396863+00:00	WorkerEvent	AuditHairball	PipelineStarted; ExitCode=0; pipeline started
2026-06-03T18:11:51.5521687+00:00	WorkerEvent	Layer03Hub	WorkerReady; ExitCode=0; ready
2026-06-03T18:11:51.5536915+00:00	StartPipeline	Layer03Hub	Layer03Hub
2026-06-03T18:11:51.5550430+00:00	WorkerEvent	AuditHairball.audit-hairball	TaskReady; ExitCode=0; 
2026-06-03T18:11:51.5564244+00:00	WorkerEvent	Layer04Hub	WorkerReady; ExitCode=0; ready
2026-06-03T18:11:51.5632304+00:00	StartPipeline	Layer04Hub	Layer04Hub
2026-06-03T18:11:51.5649219+00:00	WorkerEvent	Layer04Node07	PipelineStarted; ExitCode=0; pipeline started
2026-06-03T18:11:51.5701667+00:00	WorkerStarting	Layer04Node02	meta-pipeline
2026-06-03T18:11:52.4285722+00:00	WorkerStarted	Layer04Node02	640
2026-06-03T18:11:52.4297188+00:00	WorkerControlPipe	Layer04Node02	meta-orchestration-d2526ec8e66c45748fa904e94e84b9ba
2026-06-03T18:11:52.4312120+00:00	WorkerLog	Layer04Node02	stdout=C:\Users\jimmy\Desktop\meta-bi\Samples\Demos\MetaOrchestrationHairballCliIntegration\Runs\hairball-seed-20260530\RunArtifacts\runs\20260603-181047_f9520fe0ba0e47178389df2fe09b408e\logs\Layer04Node02-640.stdout.log; stderr=C:\Users\jimmy\Desktop\meta-bi\Samples\Demos\MetaOrchestrationHairballCliIntegration\Runs\hairball-seed-20260530\RunArtifacts\runs\20260603-181047_f9520fe0ba0e47178389df2fe09b408e\logs\Layer04Node02-640.stderr.log
2026-06-03T18:11:52.4321108+00:00	WorkerEvent	Layer04Node01	WorkerOnline; ExitCode=0; online
2026-06-03T18:11:52.4336243+00:00	WorkerEvent	Layer04Node07.refresh-l04-n07	TaskReady; ExitCode=0; 
2026-06-03T18:11:52.4352646+00:00	WorkerEvent	Layer04Node01	WorkerReady; ExitCode=0; ready
2026-06-03T18:11:52.4802280+00:00	StartPipeline	Layer04Node01	Layer04Node01
2026-06-03T18:11:52.4818614+00:00	WorkerEvent	CompositeMart	PipelineStarted; ExitCode=0; pipeline started
2026-06-03T18:11:52.4902419+00:00	GrantTask	Layer04Node07.refresh-l04-n07	Layer04Node07.refresh-l04-n07; GrantId=grant-55; Attempt=1
2026-06-03T18:11:52.4914831+00:00	WorkerEvent	CompositeMart.composite-stage	TaskReady; ExitCode=0; 
2026-06-03T18:11:52.4960895+00:00	WorkerEvent	Layer04Node02	WorkerOnline; ExitCode=0; online
2026-06-03T18:11:52.5217444+00:00	WorkerEvent	Layer04Node07.refresh-l04-n07	GrantAccepted; ExitCode=0; 
2026-06-03T18:11:52.5272195+00:00	WorkerEvent	Layer04Node07.refresh-l04-n07	TaskStarted; ExitCode=0; 
2026-06-03T18:11:52.5988900+00:00	WorkerEvent	Layer04Node02	WorkerReady; ExitCode=0; ready
2026-06-03T18:11:52.6009251+00:00	StartPipeline	Layer04Node02	Layer04Node02
2026-06-03T18:11:52.6048706+00:00	WorkerEvent	Layer07Node02.select-l07-n02	TaskSucceeded; ExitCode=0; 
2026-06-03T18:11:52.6061707+00:00	TaskSucceeded	Layer07Node02.select-l07-n02	0
2026-06-03T18:11:52.7714072+00:00	WorkerEvent	Layer07Node02	Closed; ExitCode=0; 
2026-06-03T18:11:52.7727756+00:00	PipelineCompleted	Layer07Node02	
2026-06-03T18:11:52.7774129+00:00	WorkerStarting	Layer04Node05	meta-pipeline
2026-06-03T18:11:54.1351879+00:00	WorkerStarted	Layer04Node05	29732
2026-06-03T18:11:54.1389172+00:00	WorkerControlPipe	Layer04Node05	meta-orchestration-edc2d72695f74aaea1f44309b7cfb9cf
2026-06-03T18:11:54.1614047+00:00	WorkerLog	Layer04Node05	stdout=C:\Users\jimmy\Desktop\meta-bi\Samples\Demos\MetaOrchestrationHairballCliIntegration\Runs\hairball-seed-20260530\RunArtifacts\runs\20260603-181047_f9520fe0ba0e47178389df2fe09b408e\logs\Layer04Node05-29732.stdout.log; stderr=C:\Users\jimmy\Desktop\meta-bi\Samples\Demos\MetaOrchestrationHairballCliIntegration\Runs\hairball-seed-20260530\RunArtifacts\runs\20260603-181047_f9520fe0ba0e47178389df2fe09b408e\logs\Layer04Node05-29732.stderr.log
2026-06-03T18:11:54.1810250+00:00	WorkerEvent	Layer06Node03.select-l06-n03	TaskSucceeded; ExitCode=0; 
2026-06-03T18:11:54.2507779+00:00	TaskSucceeded	Layer06Node03.select-l06-n03	0
2026-06-03T18:11:54.2965667+00:00	PipelineCompleted	Layer06Node03	
2026-06-03T18:11:54.3396810+00:00	WorkerEvent	Layer04Node05	WorkerOnline; ExitCode=0; online
2026-06-03T18:11:54.3855775+00:00	WorkerEvent	Layer04Node07.refresh-l04-n07	TaskSucceeded; ExitCode=0; 
2026-06-03T18:11:54.3870267+00:00	TaskSucceeded	Layer04Node07.refresh-l04-n07	0
2026-06-03T18:11:54.3979689+00:00	PipelineCompleted	Layer04Node07	
2026-06-03T18:11:54.4075740+00:00	WorkerEvent	Layer04Node05	WorkerReady; ExitCode=0; ready
2026-06-03T18:11:54.4510533+00:00	StartPipeline	Layer04Node05	Layer04Node05
2026-06-03T18:11:54.5244644+00:00	WorkerStarting	Layer04Node08	meta-pipeline
2026-06-03T18:11:55.4534801+00:00	WorkerStarted	Layer04Node08	29488
2026-06-03T18:11:55.4546008+00:00	WorkerControlPipe	Layer04Node08	meta-orchestration-7a0a421b0cdf4bb0b52a8102cd9bbd24
2026-06-03T18:11:55.4553947+00:00	WorkerLog	Layer04Node08	stdout=C:\Users\jimmy\Desktop\meta-bi\Samples\Demos\MetaOrchestrationHairballCliIntegration\Runs\hairball-seed-20260530\RunArtifacts\runs\20260603-181047_f9520fe0ba0e47178389df2fe09b408e\logs\Layer04Node08-29488.stdout.log; stderr=C:\Users\jimmy\Desktop\meta-bi\Samples\Demos\MetaOrchestrationHairballCliIntegration\Runs\hairball-seed-20260530\RunArtifacts\runs\20260603-181047_f9520fe0ba0e47178389df2fe09b408e\logs\Layer04Node08-29488.stderr.log
2026-06-03T18:11:55.4562264+00:00	WorkerEvent	Layer04Node01	PipelineStarted; ExitCode=0; pipeline started
2026-06-03T18:11:55.4575102+00:00	WorkerEvent	Layer04Node02	PipelineStarted; ExitCode=0; pipeline started
2026-06-03T18:11:55.4719726+00:00	WorkerEvent	Layer04Node01.refresh-l04-n01	TaskReady; ExitCode=0; 
2026-06-03T18:11:55.4732833+00:00	WorkerEvent	Layer04Hub	PipelineStarted; ExitCode=0; pipeline started
2026-06-03T18:11:55.4779447+00:00	WorkerStarting	Layer05Hub	meta-pipeline
2026-06-03T18:11:56.4894412+00:00	WorkerStarted	Layer05Hub	19944
2026-06-03T18:11:56.4907669+00:00	WorkerControlPipe	Layer05Hub	meta-orchestration-271ba30d161d47b2936923a23f2f36cd
2026-06-03T18:11:56.4936022+00:00	WorkerLog	Layer05Hub	stdout=C:\Users\jimmy\Desktop\meta-bi\Samples\Demos\MetaOrchestrationHairballCliIntegration\Runs\hairball-seed-20260530\RunArtifacts\runs\20260603-181047_f9520fe0ba0e47178389df2fe09b408e\logs\Layer05Hub-19944.stdout.log; stderr=C:\Users\jimmy\Desktop\meta-bi\Samples\Demos\MetaOrchestrationHairballCliIntegration\Runs\hairball-seed-20260530\RunArtifacts\runs\20260603-181047_f9520fe0ba0e47178389df2fe09b408e\logs\Layer05Hub-19944.stderr.log
2026-06-03T18:11:56.4990502+00:00	WorkerEvent	Layer04Node02.export-l04-n02	TaskReady; ExitCode=0; 
2026-06-03T18:11:56.5010323+00:00	WorkerEvent	Layer03Hub	PipelineStarted; ExitCode=0; pipeline started
2026-06-03T18:11:56.5031066+00:00	WorkerEvent	Layer04Hub.hub-l04-stage	TaskReady; ExitCode=0; 
2026-06-03T18:11:56.5675184+00:00	WorkerEvent	Layer05Hub	WorkerOnline; ExitCode=0; online
2026-06-03T18:11:56.5859161+00:00	WorkerEvent	Layer03Hub.hub-l03-stage	TaskReady; ExitCode=0; 
2026-06-03T18:11:56.6008927+00:00	WorkerEvent	Layer05Hub	WorkerReady; ExitCode=0; ready
2026-06-03T18:11:56.7334296+00:00	StartPipeline	Layer05Hub	Layer05Hub
2026-06-03T18:11:56.7383657+00:00	WorkerEvent	Layer04Node08	WorkerOnline; ExitCode=0; online
2026-06-03T18:11:56.7479551+00:00	GrantTask	Layer03Hub.hub-l03-stage	Layer03Hub.hub-l03-stage; GrantId=grant-56; Attempt=1
2026-06-03T18:11:56.7489139+00:00	WorkerEvent	Layer04Node08	WorkerReady; ExitCode=0; ready
2026-06-03T18:11:56.8805410+00:00	StartPipeline	Layer04Node08	Layer04Node08
2026-06-03T18:11:56.8826763+00:00	WorkerEvent	Layer03Hub.hub-l03-stage	GrantAccepted; ExitCode=0; 
2026-06-03T18:11:56.8923363+00:00	WorkerEvent	Layer03Hub.hub-l03-stage	TaskStarted; ExitCode=0; 
2026-06-03T18:12:02.1468184+00:00	WorkerEvent	Layer03Hub.hub-l03-stage	TaskSucceeded; ExitCode=0; 
2026-06-03T18:12:02.1480188+00:00	TaskSucceeded	Layer03Hub.hub-l03-stage	0
2026-06-03T18:12:02.1500430+00:00	GrantTask	Layer04Node01.refresh-l04-n01	Layer04Node01.refresh-l04-n01; GrantId=grant-57; Attempt=1
2026-06-03T18:12:02.1509703+00:00	WorkerDeferredForCapacity	AuditHairball	Deferred by orchestration to honor max active worker process capacity.
2026-06-03T18:12:02.1515928+00:00	StopPipeline	AuditHairball	Deferred by orchestration to honor max active worker process capacity.
2026-06-03T18:12:02.1524589+00:00	WorkerEvent	Layer04Node01.refresh-l04-n01	GrantAccepted; ExitCode=0; 
2026-06-03T18:12:02.1535071+00:00	WorkerEvent	Layer05Hub	PipelineStarted; ExitCode=0; pipeline started
2026-06-03T18:12:02.1545206+00:00	WorkerEvent	Layer03Hub.hub-l03-curate	TaskReady; ExitCode=0; 
2026-06-03T18:12:02.1555561+00:00	WorkerEvent	Layer04Node08	PipelineStarted; ExitCode=0; pipeline started
2026-06-03T18:12:02.1585328+00:00	GrantTask	Layer03Hub.hub-l03-curate	Layer03Hub.hub-l03-curate; GrantId=grant-58; Attempt=1
2026-06-03T18:12:02.1593031+00:00	WorkerDeferredForCapacity	BridgeL03L04	Deferred by orchestration to honor max active worker process capacity.
2026-06-03T18:12:02.1599107+00:00	StopPipeline	BridgeL03L04	Deferred by orchestration to honor max active worker process capacity.
2026-06-03T18:12:02.1607544+00:00	WorkerEvent	Layer04Node01.refresh-l04-n01	TaskStarted; ExitCode=0; 
2026-06-03T18:12:02.1618159+00:00	WorkerEvent	Layer05Hub.hub-l05-stage	TaskReady; ExitCode=0; 
2026-06-03T18:12:02.1628427+00:00	WorkerEvent	Layer03Hub.hub-l03-curate	GrantAccepted; ExitCode=0; 
2026-06-03T18:12:02.1638858+00:00	WorkerEvent	Layer04Node08.select-l04-n08	TaskReady; ExitCode=0; 
2026-06-03T18:12:02.1668074+00:00	GrantTask	Layer04Node08.select-l04-n08	Layer04Node08.select-l04-n08; GrantId=grant-59; Attempt=1
2026-06-03T18:12:02.1674907+00:00	WorkerDeferredForCapacity	BridgeL05L06	Deferred by orchestration to honor max active worker process capacity.
2026-06-03T18:12:02.1681892+00:00	StopPipeline	BridgeL05L06	Deferred by orchestration to honor max active worker process capacity.
2026-06-03T18:12:02.1689898+00:00	WorkerEvent	Layer04Node05	PipelineStarted; ExitCode=0; pipeline started
2026-06-03T18:12:02.1702563+00:00	WorkerEvent	Layer03Hub.hub-l03-curate	TaskStarted; ExitCode=0; 
2026-06-03T18:12:02.1727536+00:00	WorkerDeferredForCapacity	BridgeL07L08	Deferred by orchestration to honor max active worker process capacity.
2026-06-03T18:12:02.1734923+00:00	StopPipeline	BridgeL07L08	Deferred by orchestration to honor max active worker process capacity.
2026-06-03T18:12:02.1770773+00:00	WorkerEvent	Layer04Node05.select-l04-n05	TaskReady; ExitCode=0; 
2026-06-03T18:12:02.1785161+00:00	WorkerEvent	Layer04Node08.select-l04-n08	GrantAccepted; ExitCode=0; 
2026-06-03T18:12:02.1859189+00:00	GrantTask	Layer04Node05.select-l04-n05	Layer04Node05.select-l04-n05; GrantId=grant-60; Attempt=1
2026-06-03T18:12:02.1866966+00:00	WorkerDeferredForCapacity	CompositeMart	Deferred by orchestration to honor max active worker process capacity.
2026-06-03T18:12:02.1872883+00:00	StopPipeline	CompositeMart	Deferred by orchestration to honor max active worker process capacity.
2026-06-03T18:12:02.1881143+00:00	WorkerEvent	Layer04Node05.select-l04-n05	GrantAccepted; ExitCode=0; 
2026-06-03T18:12:02.1896104+00:00	WorkerEvent	BridgeL03L04	Closed; ExitCode=0; 
2026-06-03T18:12:02.1910683+00:00	WorkerDeferred	BridgeL03L04	ResumeTaskId=BridgeL03L04.bridge-l03-l04-collect
2026-06-03T18:12:02.1917877+00:00	WorkerEvent	Layer04Node08.select-l04-n08	TaskStarted; ExitCode=0; 
2026-06-03T18:12:02.1946442+00:00	WorkerStarting	Layer07Node07	meta-pipeline
2026-06-03T18:12:02.5260607+00:00	WorkerStarted	Layer07Node07	23092
2026-06-03T18:12:02.5268931+00:00	WorkerControlPipe	Layer07Node07	meta-orchestration-538dfa537f9545a39c775b71e9164f24
2026-06-03T18:12:02.5275606+00:00	WorkerLog	Layer07Node07	stdout=C:\Users\jimmy\Desktop\meta-bi\Samples\Demos\MetaOrchestrationHairballCliIntegration\Runs\hairball-seed-20260530\RunArtifacts\runs\20260603-181047_f9520fe0ba0e47178389df2fe09b408e\logs\Layer07Node07-23092.stdout.log; stderr=C:\Users\jimmy\Desktop\meta-bi\Samples\Demos\MetaOrchestrationHairballCliIntegration\Runs\hairball-seed-20260530\RunArtifacts\runs\20260603-181047_f9520fe0ba0e47178389df2fe09b408e\logs\Layer07Node07-23092.stderr.log
2026-06-03T18:12:02.5283987+00:00	WorkerEvent	CompositeMart	Closed; ExitCode=0; 
2026-06-03T18:12:02.5295464+00:00	WorkerDeferred	CompositeMart	ResumeTaskId=CompositeMart.composite-stage
2026-06-03T18:12:02.5303103+00:00	WorkerEvent	Layer04Node05.select-l04-n05	TaskStarted; ExitCode=0; 
2026-06-03T18:12:02.5314493+00:00	WorkerEvent	BridgeL07L08	Closed; ExitCode=0; 
2026-06-03T18:12:02.5325253+00:00	WorkerDeferred	BridgeL07L08	ResumeTaskId=BridgeL07L08.bridge-l07-l08-collect
2026-06-03T18:12:02.5334476+00:00	WorkerEvent	BridgeL05L06	Closed; ExitCode=0; 
2026-06-03T18:12:02.5345235+00:00	WorkerDeferred	BridgeL05L06	ResumeTaskId=BridgeL05L06.bridge-l05-l06-collect
2026-06-03T18:12:02.5351067+00:00	WorkerEvent	AuditHairball	Closed; ExitCode=0; 
2026-06-03T18:12:02.5360584+00:00	WorkerDeferred	AuditHairball	ResumeTaskId=AuditHairball.audit-hairball
2026-06-03T18:12:02.5372229+00:00	WorkerEvent	Layer03Hub.hub-l03-curate	TaskSucceeded; ExitCode=0; 
2026-06-03T18:12:02.5381850+00:00	TaskSucceeded	Layer03Hub.hub-l03-curate	0
2026-06-03T18:12:02.5401140+00:00	GrantTask	Layer04Node02.export-l04-n02	Layer04Node02.export-l04-n02; GrantId=grant-61; Attempt=1
2026-06-03T18:12:02.5408666+00:00	WorkerStarting	Layer05Node03	meta-pipeline
2026-06-03T18:12:02.7677356+00:00	WorkerStarted	Layer05Node03	12388
2026-06-03T18:12:02.7686358+00:00	WorkerControlPipe	Layer05Node03	meta-orchestration-6aae910cb2094731baac1a187fe947a6
2026-06-03T18:12:02.7693260+00:00	WorkerLog	Layer05Node03	stdout=C:\Users\jimmy\Desktop\meta-bi\Samples\Demos\MetaOrchestrationHairballCliIntegration\Runs\hairball-seed-20260530\RunArtifacts\runs\20260603-181047_f9520fe0ba0e47178389df2fe09b408e\logs\Layer05Node03-12388.stdout.log; stderr=C:\Users\jimmy\Desktop\meta-bi\Samples\Demos\MetaOrchestrationHairballCliIntegration\Runs\hairball-seed-20260530\RunArtifacts\runs\20260603-181047_f9520fe0ba0e47178389df2fe09b408e\logs\Layer05Node03-12388.stderr.log
2026-06-03T18:12:02.7701286+00:00	WorkerEvent	Layer04Node02.export-l04-n02	GrantAccepted; ExitCode=0; 
2026-06-03T18:12:02.7713617+00:00	WorkerEvent	Layer07Node07	WorkerOnline; ExitCode=0; online
2026-06-03T18:12:02.7727791+00:00	WorkerEvent	Layer04Node02.export-l04-n02	TaskStarted; ExitCode=0; 
2026-06-03T18:12:02.7744652+00:00	WorkerEvent	Layer07Node07	WorkerReady; ExitCode=0; ready
2026-06-03T18:12:02.7835639+00:00	StartPipeline	Layer07Node07	Layer07Node07
2026-06-03T18:12:02.7851465+00:00	WorkerEvent	Layer03Hub.hub-l03-publish	TaskReady; ExitCode=0; 
2026-06-03T18:12:02.7902181+00:00	GrantTask	Layer03Hub.hub-l03-publish	Layer03Hub.hub-l03-publish; GrantId=grant-62; Attempt=1
2026-06-03T18:12:02.7910429+00:00	WorkerResuming	AuditHairball	ResumeTaskId=AuditHairball.audit-hairball; Executable=meta-pipeline
2026-06-03T18:12:03.1915631+00:00	WorkerStarted	AuditHairball	27892
2026-06-03T18:12:03.1924601+00:00	WorkerControlPipe	AuditHairball	meta-orchestration-2fd480bfc5b24c2f8854a307984d95c4
2026-06-03T18:12:03.1931698+00:00	WorkerLog	AuditHairball	stdout=C:\Users\jimmy\Desktop\meta-bi\Samples\Demos\MetaOrchestrationHairballCliIntegration\Runs\hairball-seed-20260530\RunArtifacts\runs\20260603-181047_f9520fe0ba0e47178389df2fe09b408e\logs\AuditHairball-27892.stdout.log; stderr=C:\Users\jimmy\Desktop\meta-bi\Samples\Demos\MetaOrchestrationHairballCliIntegration\Runs\hairball-seed-20260530\RunArtifacts\runs\20260603-181047_f9520fe0ba0e47178389df2fe09b408e\logs\AuditHairball-27892.stderr.log
2026-06-03T18:12:03.1939042+00:00	WorkerEvent	Layer04Node01.refresh-l04-n01	TaskSucceeded; ExitCode=0; 
2026-06-03T18:12:03.1949614+00:00	TaskSucceeded	Layer04Node01.refresh-l04-n01	0
2026-06-03T18:12:03.1963906+00:00	PipelineCompleted	Layer04Node01	
2026-06-03T18:12:03.1970432+00:00	WorkerEvent	Layer04Node05.select-l04-n05	TaskSucceeded; ExitCode=0; 
2026-06-03T18:12:03.1982746+00:00	TaskSucceeded	Layer04Node05.select-l04-n05	0
2026-06-03T18:12:03.1995416+00:00	PipelineCompleted	Layer04Node05	
2026-06-03T18:12:03.2002869+00:00	WorkerEvent	Layer05Node03	WorkerOnline; ExitCode=0; online
2026-06-03T18:12:03.2013665+00:00	WorkerEvent	Layer03Hub.hub-l03-publish	GrantAccepted; ExitCode=0; 
2026-06-03T18:12:03.2025300+00:00	WorkerEvent	Layer04Node08.select-l04-n08	TaskSucceeded; ExitCode=0; 
2026-06-03T18:12:03.2035153+00:00	TaskSucceeded	Layer04Node08.select-l04-n08	0
2026-06-03T18:12:03.2045362+00:00	PipelineCompleted	Layer04Node08	
2026-06-03T18:12:03.2070375+00:00	GrantTask	Layer04Hub.hub-l04-stage	Layer04Hub.hub-l04-stage; GrantId=grant-63; Attempt=1
2026-06-03T18:12:03.2077984+00:00	WorkerStarting	Layer07Node04	meta-pipeline
2026-06-03T18:12:03.8040234+00:00	WorkerStarted	Layer07Node04	24564
2026-06-03T18:12:03.8049565+00:00	WorkerControlPipe	Layer07Node04	meta-orchestration-24aae0b954f14e0d88387031ae5d2495
2026-06-03T18:12:03.8056564+00:00	WorkerLog	Layer07Node04	stdout=C:\Users\jimmy\Desktop\meta-bi\Samples\Demos\MetaOrchestrationHairballCliIntegration\Runs\hairball-seed-20260530\RunArtifacts\runs\20260603-181047_f9520fe0ba0e47178389df2fe09b408e\logs\Layer07Node04-24564.stdout.log; stderr=C:\Users\jimmy\Desktop\meta-bi\Samples\Demos\MetaOrchestrationHairballCliIntegration\Runs\hairball-seed-20260530\RunArtifacts\runs\20260603-181047_f9520fe0ba0e47178389df2fe09b408e\logs\Layer07Node04-24564.stderr.log
2026-06-03T18:12:03.8069989+00:00	WorkerEvent	Layer04Node02.export-l04-n02	TaskSucceeded; ExitCode=0; 
2026-06-03T18:12:03.8081737+00:00	TaskSucceeded	Layer04Node02.export-l04-n02	0
2026-06-03T18:12:03.8093082+00:00	PipelineCompleted	Layer04Node02	
2026-06-03T18:12:03.8099596+00:00	WorkerEvent	AuditHairball	WorkerOnline; ExitCode=0; online
2026-06-03T18:12:03.8109690+00:00	WorkerEvent	Layer05Node03	WorkerReady; ExitCode=0; ready
2026-06-03T18:12:03.8120246+00:00	StartPipeline	Layer05Node03	Layer05Node03
2026-06-03T18:12:03.8129564+00:00	WorkerEvent	AuditHairball	WorkerReady; ExitCode=0; ready
2026-06-03T18:12:04.6533147+00:00	StartPipeline	AuditHairball	AuditHairball
2026-06-03T18:12:04.6544667+00:00	WorkerEvent	Layer03Hub.hub-l03-publish	TaskStarted; ExitCode=0; 
2026-06-03T18:12:04.6555581+00:00	WorkerEvent	Layer04Hub.hub-l04-stage	GrantAccepted; ExitCode=0; 
2026-06-03T18:12:04.6565713+00:00	WorkerEvent	Layer07Node04	WorkerOnline; ExitCode=0; online
2026-06-03T18:12:04.6588660+00:00	WorkerStarting	Layer05Node07	meta-pipeline
2026-06-03T18:12:04.8412368+00:00	WorkerStarted	Layer05Node07	27508
2026-06-03T18:12:04.8419012+00:00	WorkerControlPipe	Layer05Node07	meta-orchestration-58ad8e09225845638bbe0955d0701ae1
2026-06-03T18:12:04.8429097+00:00	WorkerLog	Layer05Node07	stdout=C:\Users\jimmy\Desktop\meta-bi\Samples\Demos\MetaOrchestrationHairballCliIntegration\Runs\hairball-seed-20260530\RunArtifacts\runs\20260603-181047_f9520fe0ba0e47178389df2fe09b408e\logs\Layer05Node07-27508.stdout.log; stderr=C:\Users\jimmy\Desktop\meta-bi\Samples\Demos\MetaOrchestrationHairballCliIntegration\Runs\hairball-seed-20260530\RunArtifacts\runs\20260603-181047_f9520fe0ba0e47178389df2fe09b408e\logs\Layer05Node07-27508.stderr.log
2026-06-03T18:12:04.8437011+00:00	WorkerEvent	AuditHairball	PipelineStarted; ExitCode=0; pipeline started
2026-06-03T18:12:04.8447620+00:00	WorkerEvent	Layer07Node07	PipelineStarted; ExitCode=0; pipeline started
2026-06-03T18:12:04.8457088+00:00	WorkerEvent	Layer05Node03	PipelineStarted; ExitCode=0; pipeline started
2026-06-03T18:12:04.8466879+00:00	WorkerEvent	Layer03Hub.hub-l03-publish	TaskSucceeded; ExitCode=0; 
2026-06-03T18:12:04.8475648+00:00	TaskSucceeded	Layer03Hub.hub-l03-publish	0
2026-06-03T18:12:04.8485775+00:00	PipelineCompleted	Layer03Hub	
2026-06-03T18:12:04.8492079+00:00	WorkerEvent	Layer04Hub.hub-l04-stage	TaskStarted; ExitCode=0; 
2026-06-03T18:12:04.8500963+00:00	WorkerEvent	Layer07Node04	WorkerReady; ExitCode=0; ready
2026-06-03T18:12:04.8511759+00:00	StartPipeline	Layer07Node04	Layer07Node04
2026-06-03T18:12:04.8520920+00:00	WorkerEvent	AuditHairball.audit-hairball	TaskReady; ExitCode=0; 
2026-06-03T18:12:04.8529460+00:00	WorkerEvent	Layer07Node07.select-l07-n07	TaskReady; ExitCode=0; 
2026-06-03T18:12:04.8538720+00:00	WorkerEvent	Layer05Node03.refresh-l05-n03	TaskReady; ExitCode=0; 
2026-06-03T18:12:04.8562528+00:00	GrantTask	Layer05Node03.refresh-l05-n03	Layer05Node03.refresh-l05-n03; GrantId=grant-64; Attempt=1
2026-06-03T18:12:04.8573011+00:00	GrantTask	Layer07Node07.select-l07-n07	Layer07Node07.select-l07-n07; GrantId=grant-65; Attempt=1
2026-06-03T18:12:04.8584109+00:00	WorkerStarting	Layer05Node02	meta-pipeline
2026-06-03T18:12:05.6565669+00:00	WorkerStarted	Layer05Node02	20500
2026-06-03T18:12:05.6572396+00:00	WorkerControlPipe	Layer05Node02	meta-orchestration-cfe93a5a54f44b599f276e0ab31a3667
2026-06-03T18:12:05.6577535+00:00	WorkerLog	Layer05Node02	stdout=C:\Users\jimmy\Desktop\meta-bi\Samples\Demos\MetaOrchestrationHairballCliIntegration\Runs\hairball-seed-20260530\RunArtifacts\runs\20260603-181047_f9520fe0ba0e47178389df2fe09b408e\logs\Layer05Node02-20500.stdout.log; stderr=C:\Users\jimmy\Desktop\meta-bi\Samples\Demos\MetaOrchestrationHairballCliIntegration\Runs\hairball-seed-20260530\RunArtifacts\runs\20260603-181047_f9520fe0ba0e47178389df2fe09b408e\logs\Layer05Node02-20500.stderr.log
2026-06-03T18:12:05.6583622+00:00	WorkerEvent	Layer05Node07	WorkerOnline; ExitCode=0; online
2026-06-03T18:12:05.6594331+00:00	WorkerEvent	Layer07Node07.select-l07-n07	GrantAccepted; ExitCode=0; 
2026-06-03T18:12:05.6607496+00:00	WorkerEvent	Layer05Node03.refresh-l05-n03	GrantAccepted; ExitCode=0; 
2026-06-03T18:12:05.6639842+00:00	WorkerResuming	BridgeL03L04	ResumeTaskId=BridgeL03L04.bridge-l03-l04-collect; Executable=meta-pipeline
2026-06-03T18:12:06.6590689+00:00	WorkerStarted	BridgeL03L04	16244
2026-06-03T18:12:06.6596805+00:00	WorkerControlPipe	BridgeL03L04	meta-orchestration-4b99a4e86ae94ae785642c137427014c
2026-06-03T18:12:06.6602843+00:00	WorkerLog	BridgeL03L04	stdout=C:\Users\jimmy\Desktop\meta-bi\Samples\Demos\MetaOrchestrationHairballCliIntegration\Runs\hairball-seed-20260530\RunArtifacts\runs\20260603-181047_f9520fe0ba0e47178389df2fe09b408e\logs\BridgeL03L04-16244.stdout.log; stderr=C:\Users\jimmy\Desktop\meta-bi\Samples\Demos\MetaOrchestrationHairballCliIntegration\Runs\hairball-seed-20260530\RunArtifacts\runs\20260603-181047_f9520fe0ba0e47178389df2fe09b408e\logs\BridgeL03L04-16244.stderr.log
2026-06-03T18:12:06.6609150+00:00	WorkerEvent	Layer05Node07	WorkerReady; ExitCode=0; ready
2026-06-03T18:12:06.6620507+00:00	StartPipeline	Layer05Node07	Layer05Node07
2026-06-03T18:12:06.6631407+00:00	WorkerEvent	BridgeL03L04	WorkerOnline; ExitCode=0; online
2026-06-03T18:12:06.6640935+00:00	WorkerEvent	Layer07Node07.select-l07-n07	TaskStarted; ExitCode=0; 
2026-06-03T18:12:06.6654439+00:00	WorkerEvent	Layer05Node03.refresh-l05-n03	TaskStarted; ExitCode=0; 
2026-06-03T18:12:06.6664476+00:00	WorkerEvent	Layer05Node02	WorkerOnline; ExitCode=0; online
2026-06-03T18:12:06.6673494+00:00	WorkerEvent	Layer04Hub.hub-l04-stage	TaskSucceeded; ExitCode=0; 
2026-06-03T18:12:06.6688672+00:00	TaskSucceeded	Layer04Hub.hub-l04-stage	0
2026-06-03T18:12:06.6695753+00:00	WorkerEvent	Layer07Node04	PipelineStarted; ExitCode=0; pipeline started
2026-06-03T18:12:06.6716681+00:00	WorkerStarting	Layer07Node08	meta-pipeline
2026-06-03T18:12:06.8452826+00:00	WorkerStarted	Layer07Node08	23072
2026-06-03T18:12:06.8459151+00:00	WorkerControlPipe	Layer07Node08	meta-orchestration-7e7ce32c54824578928427cd4a414147
2026-06-03T18:12:06.8465377+00:00	WorkerLog	Layer07Node08	stdout=C:\Users\jimmy\Desktop\meta-bi\Samples\Demos\MetaOrchestrationHairballCliIntegration\Runs\hairball-seed-20260530\RunArtifacts\runs\20260603-181047_f9520fe0ba0e47178389df2fe09b408e\logs\Layer07Node08-23072.stdout.log; stderr=C:\Users\jimmy\Desktop\meta-bi\Samples\Demos\MetaOrchestrationHairballCliIntegration\Runs\hairball-seed-20260530\RunArtifacts\runs\20260603-181047_f9520fe0ba0e47178389df2fe09b408e\logs\Layer07Node08-23072.stderr.log
2026-06-03T18:12:06.8471824+00:00	WorkerEvent	BridgeL03L04	WorkerReady; ExitCode=0; ready
2026-06-03T18:12:06.8485129+00:00	StartPipeline	BridgeL03L04	BridgeL03L04
2026-06-03T18:12:06.8496950+00:00	WorkerEvent	Layer07Node07.select-l07-n07	TaskSucceeded; ExitCode=0; 
2026-06-03T18:12:06.8509031+00:00	TaskSucceeded	Layer07Node07.select-l07-n07	0
2026-06-03T18:12:06.8518278+00:00	PipelineCompleted	Layer07Node07	
2026-06-03T18:12:06.8524085+00:00	WorkerEvent	Layer05Node03.refresh-l05-n03	TaskSucceeded; ExitCode=0; 
2026-06-03T18:12:06.8536193+00:00	TaskSucceeded	Layer05Node03.refresh-l05-n03	0
2026-06-03T18:12:06.8547536+00:00	PipelineCompleted	Layer05Node03	
2026-06-03T18:12:06.8553407+00:00	WorkerEvent	Layer05Node02	WorkerReady; ExitCode=0; ready
2026-06-03T18:12:06.8565963+00:00	StartPipeline	Layer05Node02	Layer05Node02
2026-06-03T18:12:06.8575504+00:00	WorkerEvent	Layer04Hub.hub-l04-curate	TaskReady; ExitCode=0; 
2026-06-03T18:12:06.8584435+00:00	WorkerEvent	Layer07Node04.select-l07-n04	TaskReady; ExitCode=0; 
2026-06-03T18:12:06.8609173+00:00	GrantTask	Layer04Hub.hub-l04-curate	Layer04Hub.hub-l04-curate; GrantId=grant-66; Attempt=1
2026-06-03T18:12:06.8617507+00:00	GrantTask	Layer07Node04.select-l07-n04	Layer07Node04.select-l07-n04; GrantId=grant-67; Attempt=1
2026-06-03T18:12:06.8625193+00:00	WorkerStarting	Layer06Node04	meta-pipeline
2026-06-03T18:12:07.0400600+00:00	WorkerStarted	Layer06Node04	10904
2026-06-03T18:12:07.0408506+00:00	WorkerControlPipe	Layer06Node04	meta-orchestration-9264062ce4dc4b3392017fc5282677b9
2026-06-03T18:12:07.0415284+00:00	WorkerLog	Layer06Node04	stdout=C:\Users\jimmy\Desktop\meta-bi\Samples\Demos\MetaOrchestrationHairballCliIntegration\Runs\hairball-seed-20260530\RunArtifacts\runs\20260603-181047_f9520fe0ba0e47178389df2fe09b408e\logs\Layer06Node04-10904.stdout.log; stderr=C:\Users\jimmy\Desktop\meta-bi\Samples\Demos\MetaOrchestrationHairballCliIntegration\Runs\hairball-seed-20260530\RunArtifacts\runs\20260603-181047_f9520fe0ba0e47178389df2fe09b408e\logs\Layer06Node04-10904.stderr.log
2026-06-03T18:12:07.0425418+00:00	WorkerEvent	Layer07Node08	WorkerOnline; ExitCode=0; online
2026-06-03T18:12:07.0450598+00:00	WorkerEvent	Layer04Hub.hub-l04-curate	GrantAccepted; ExitCode=0; 
2026-06-03T18:12:07.0463404+00:00	WorkerEvent	Layer07Node04.select-l07-n04	GrantAccepted; ExitCode=0; 
2026-06-03T18:12:07.0497155+00:00	WorkerResuming	BridgeL05L06	ResumeTaskId=BridgeL05L06.bridge-l05-l06-collect; Executable=meta-pipeline
2026-06-03T18:12:07.2750142+00:00	WorkerStarted	BridgeL05L06	29492
2026-06-03T18:12:07.2758786+00:00	WorkerControlPipe	BridgeL05L06	meta-orchestration-baa0e1489bd7408d9a0eb8b84b925402
2026-06-03T18:12:07.2766828+00:00	WorkerLog	BridgeL05L06	stdout=C:\Users\jimmy\Desktop\meta-bi\Samples\Demos\MetaOrchestrationHairballCliIntegration\Runs\hairball-seed-20260530\RunArtifacts\runs\20260603-181047_f9520fe0ba0e47178389df2fe09b408e\logs\BridgeL05L06-29492.stdout.log; stderr=C:\Users\jimmy\Desktop\meta-bi\Samples\Demos\MetaOrchestrationHairballCliIntegration\Runs\hairball-seed-20260530\RunArtifacts\runs\20260603-181047_f9520fe0ba0e47178389df2fe09b408e\logs\BridgeL05L06-29492.stderr.log
2026-06-03T18:12:07.2778491+00:00	WorkerEvent	Layer07Node08	WorkerReady; ExitCode=0; ready
2026-06-03T18:12:07.2793044+00:00	StartPipeline	Layer07Node08	Layer07Node08
2026-06-03T18:12:07.2803449+00:00	WorkerEvent	Layer06Node04	WorkerOnline; ExitCode=0; online
2026-06-03T18:12:07.2829040+00:00	WorkerEvent	Layer04Hub.hub-l04-curate	TaskStarted; ExitCode=0; 
2026-06-03T18:12:07.2848654+00:00	WorkerEvent	Layer07Node04.select-l07-n04	TaskStarted; ExitCode=0; 
2026-06-03T18:12:07.2904677+00:00	WorkerResuming	BridgeL07L08	ResumeTaskId=BridgeL07L08.bridge-l07-l08-collect; Executable=meta-pipeline
2026-06-03T18:12:07.5413724+00:00	WorkerStarted	BridgeL07L08	26128
2026-06-03T18:12:07.5420257+00:00	WorkerControlPipe	BridgeL07L08	meta-orchestration-74e58945d1d145f89b52ad64314b3fa9
2026-06-03T18:12:07.5427193+00:00	WorkerLog	BridgeL07L08	stdout=C:\Users\jimmy\Desktop\meta-bi\Samples\Demos\MetaOrchestrationHairballCliIntegration\Runs\hairball-seed-20260530\RunArtifacts\runs\20260603-181047_f9520fe0ba0e47178389df2fe09b408e\logs\BridgeL07L08-26128.stdout.log; stderr=C:\Users\jimmy\Desktop\meta-bi\Samples\Demos\MetaOrchestrationHairballCliIntegration\Runs\hairball-seed-20260530\RunArtifacts\runs\20260603-181047_f9520fe0ba0e47178389df2fe09b408e\logs\BridgeL07L08-26128.stderr.log
2026-06-03T18:12:07.5434098+00:00	WorkerEvent	BridgeL05L06	WorkerOnline; ExitCode=0; online
2026-06-03T18:12:07.5445333+00:00	WorkerEvent	Layer06Node04	WorkerReady; ExitCode=0; ready
2026-06-03T18:12:07.5470152+00:00	StartPipeline	Layer06Node04	Layer06Node04
2026-06-03T18:12:07.5481808+00:00	WorkerEvent	BridgeL05L06	WorkerReady; ExitCode=0; ready
2026-06-03T18:12:07.5774203+00:00	StartPipeline	BridgeL05L06	BridgeL05L06
2026-06-03T18:12:07.5788078+00:00	WorkerEvent	Layer04Hub.hub-l04-curate	TaskSucceeded; ExitCode=0; 
2026-06-03T18:12:07.5800254+00:00	TaskSucceeded	Layer04Hub.hub-l04-curate	0
2026-06-03T18:12:07.5832623+00:00	WorkerResuming	CompositeMart	ResumeTaskId=CompositeMart.composite-stage; Executable=meta-pipeline
2026-06-03T18:12:08.0222600+00:00	WorkerStarted	CompositeMart	22016
2026-06-03T18:12:08.0232873+00:00	WorkerControlPipe	CompositeMart	meta-orchestration-53ce0cd708374310bc7f743bde35cfd2
2026-06-03T18:12:08.0239886+00:00	WorkerLog	CompositeMart	stdout=C:\Users\jimmy\Desktop\meta-bi\Samples\Demos\MetaOrchestrationHairballCliIntegration\Runs\hairball-seed-20260530\RunArtifacts\runs\20260603-181047_f9520fe0ba0e47178389df2fe09b408e\logs\CompositeMart-22016.stdout.log; stderr=C:\Users\jimmy\Desktop\meta-bi\Samples\Demos\MetaOrchestrationHairballCliIntegration\Runs\hairball-seed-20260530\RunArtifacts\runs\20260603-181047_f9520fe0ba0e47178389df2fe09b408e\logs\CompositeMart-22016.stderr.log
2026-06-03T18:12:08.0248090+00:00	WorkerEvent	BridgeL07L08	WorkerOnline; ExitCode=0; online
2026-06-03T18:12:08.0263657+00:00	WorkerEvent	Layer04Hub.hub-l04-publish	TaskReady; ExitCode=0; 
2026-06-03T18:12:08.0299521+00:00	GrantTask	Layer04Hub.hub-l04-publish	Layer04Hub.hub-l04-publish; GrantId=grant-68; Attempt=1
2026-06-03T18:12:08.0318068+00:00	WorkerEvent	BridgeL07L08	WorkerReady; ExitCode=0; ready
2026-06-03T18:12:08.0472652+00:00	StartPipeline	BridgeL07L08	BridgeL07L08
2026-06-03T18:12:08.0490140+00:00	WorkerEvent	Layer04Hub.hub-l04-publish	GrantAccepted; ExitCode=0; 
2026-06-03T18:12:08.0527396+00:00	WorkerEvent	Layer04Hub.hub-l04-publish	TaskStarted; ExitCode=0; 
2026-06-03T18:12:08.0805771+00:00	WorkerEvent	CompositeMart	WorkerOnline; ExitCode=0; online
2026-06-03T18:12:08.0871973+00:00	WorkerEvent	CompositeMart	WorkerReady; ExitCode=0; ready
2026-06-03T18:12:08.0916013+00:00	StartPipeline	CompositeMart	CompositeMart
2026-06-03T18:12:08.3966520+00:00	WorkerEvent	Layer07Node04.select-l07-n04	TaskSucceeded; ExitCode=0; 
2026-06-03T18:12:08.3980393+00:00	TaskSucceeded	Layer07Node04.select-l07-n04	0
2026-06-03T18:12:08.4006180+00:00	WorkerDeferredForCapacity	AuditHairball	Deferred by orchestration to honor max active worker process capacity.
2026-06-03T18:12:08.4014506+00:00	StopPipeline	AuditHairball	Deferred by orchestration to honor max active worker process capacity.
2026-06-03T18:12:08.4045818+00:00	WorkerDeferredForCapacity	Layer05Hub	Deferred by orchestration to honor max active worker process capacity.
2026-06-03T18:12:08.4054149+00:00	StopPipeline	Layer05Hub	Deferred by orchestration to honor max active worker process capacity.
2026-06-03T18:12:08.5008101+00:00	WorkerEvent	Layer05Node07	PipelineStarted; ExitCode=0; pipeline started
2026-06-03T18:12:08.5114716+00:00	WorkerEvent	Layer05Node07.export-l05-n07	TaskReady; ExitCode=0; 
2026-06-03T18:12:08.5783884+00:00	GrantTask	Layer05Node07.export-l05-n07	Layer05Node07.export-l05-n07; GrantId=grant-69; Attempt=1
2026-06-03T18:12:08.5793085+00:00	WorkerEvent	AuditHairball	Closed; ExitCode=0; 
2026-06-03T18:12:08.5804784+00:00	WorkerDeferred	AuditHairball	ResumeTaskId=AuditHairball.audit-hairball
2026-06-03T18:12:08.5813002+00:00	WorkerEvent	Layer05Node07.export-l05-n07	GrantAccepted; ExitCode=0; 
2026-06-03T18:12:08.5825461+00:00	WorkerEvent	Layer05Hub	Closed; ExitCode=0; 
2026-06-03T18:12:08.5836534+00:00	WorkerDeferred	Layer05Hub	ResumeTaskId=Layer05Hub.hub-l05-stage
2026-06-03T18:12:08.5844367+00:00	WorkerEvent	Layer05Node07.export-l05-n07	TaskStarted; ExitCode=0; 
2026-06-03T18:12:08.5860641+00:00	WorkerEvent	Layer07Node04	Closed; ExitCode=0; 
2026-06-03T18:12:08.5882943+00:00	PipelineCompleted	Layer07Node04	
2026-06-03T18:12:08.5906349+00:00	WorkerStarting	Layer08Node06	meta-pipeline
2026-06-03T18:12:09.1269973+00:00	WorkerStarted	Layer08Node06	3932
2026-06-03T18:12:09.1284853+00:00	WorkerControlPipe	Layer08Node06	meta-orchestration-1986045b71dc4260854854bdf633ea9d
2026-06-03T18:12:09.1295693+00:00	WorkerLog	Layer08Node06	stdout=C:\Users\jimmy\Desktop\meta-bi\Samples\Demos\MetaOrchestrationHairballCliIntegration\Runs\hairball-seed-20260530\RunArtifacts\runs\20260603-181047_f9520fe0ba0e47178389df2fe09b408e\logs\Layer08Node06-3932.stdout.log; stderr=C:\Users\jimmy\Desktop\meta-bi\Samples\Demos\MetaOrchestrationHairballCliIntegration\Runs\hairball-seed-20260530\RunArtifacts\runs\20260603-181047_f9520fe0ba0e47178389df2fe09b408e\logs\Layer08Node06-3932.stderr.log
2026-06-03T18:12:09.1308532+00:00	WorkerEvent	Layer05Node02	PipelineStarted; ExitCode=0; pipeline started
2026-06-03T18:12:09.1321706+00:00	WorkerEvent	Layer04Hub.hub-l04-publish	TaskSucceeded; ExitCode=0; 
2026-06-03T18:12:09.1332969+00:00	TaskSucceeded	Layer04Hub.hub-l04-publish	0
2026-06-03T18:12:09.1344558+00:00	PipelineCompleted	Layer04Hub	
2026-06-03T18:12:09.1379568+00:00	WorkerResuming	AuditHairball	ResumeTaskId=AuditHairball.audit-hairball; Executable=meta-pipeline
2026-06-03T18:12:09.7331149+00:00	WorkerStarted	AuditHairball	9440
2026-06-03T18:12:09.7339820+00:00	WorkerControlPipe	AuditHairball	meta-orchestration-f1c73cbedd1741d39525c09b5f99ab42
2026-06-03T18:12:09.7367831+00:00	WorkerLog	AuditHairball	stdout=C:\Users\jimmy\Desktop\meta-bi\Samples\Demos\MetaOrchestrationHairballCliIntegration\Runs\hairball-seed-20260530\RunArtifacts\runs\20260603-181047_f9520fe0ba0e47178389df2fe09b408e\logs\AuditHairball-9440.stdout.log; stderr=C:\Users\jimmy\Desktop\meta-bi\Samples\Demos\MetaOrchestrationHairballCliIntegration\Runs\hairball-seed-20260530\RunArtifacts\runs\20260603-181047_f9520fe0ba0e47178389df2fe09b408e\logs\AuditHairball-9440.stderr.log
2026-06-03T18:12:09.7375685+00:00	WorkerEvent	Layer07Node08	PipelineStarted; ExitCode=0; pipeline started
2026-06-03T18:12:09.7397085+00:00	WorkerEvent	BridgeL03L04	PipelineStarted; ExitCode=0; pipeline started
2026-06-03T18:12:09.7410144+00:00	WorkerEvent	Layer05Node02.select-l05-n02	TaskReady; ExitCode=0; 
2026-06-03T18:12:09.7423071+00:00	WorkerEvent	Layer08Node06	WorkerOnline; ExitCode=0; online
2026-06-03T18:12:09.7467638+00:00	GrantTask	Layer05Node02.select-l05-n02	Layer05Node02.select-l05-n02; GrantId=grant-70; Attempt=1
2026-06-03T18:12:09.7474643+00:00	WorkerResuming	Layer05Hub	ResumeTaskId=Layer05Hub.hub-l05-stage; Executable=meta-pipeline
2026-06-03T18:12:10.2051493+00:00	WorkerStarted	Layer05Hub	31668
2026-06-03T18:12:10.2062890+00:00	WorkerControlPipe	Layer05Hub	meta-orchestration-fe4a3ce80e4d4205b909614f122ee183
2026-06-03T18:12:10.2071710+00:00	WorkerLog	Layer05Hub	stdout=C:\Users\jimmy\Desktop\meta-bi\Samples\Demos\MetaOrchestrationHairballCliIntegration\Runs\hairball-seed-20260530\RunArtifacts\runs\20260603-181047_f9520fe0ba0e47178389df2fe09b408e\logs\Layer05Hub-31668.stdout.log; stderr=C:\Users\jimmy\Desktop\meta-bi\Samples\Demos\MetaOrchestrationHairballCliIntegration\Runs\hairball-seed-20260530\RunArtifacts\runs\20260603-181047_f9520fe0ba0e47178389df2fe09b408e\logs\Layer05Hub-31668.stderr.log
2026-06-03T18:12:10.2083133+00:00	WorkerEvent	Layer07Node08.export-l07-n08	TaskReady; ExitCode=0; 
2026-06-03T18:12:10.2103440+00:00	WorkerEvent	BridgeL03L04.bridge-l03-l04-collect	TaskReady; ExitCode=0; 
2026-06-03T18:12:10.2120870+00:00	WorkerEvent	Layer06Node04	PipelineStarted; ExitCode=0; pipeline started
2026-06-03T18:12:10.2136961+00:00	WorkerEvent	Layer05Node02.select-l05-n02	GrantAccepted; ExitCode=0; 
2026-06-03T18:12:10.2164490+00:00	WorkerEvent	AuditHairball	WorkerOnline; ExitCode=0; online
2026-06-03T18:12:10.2191326+00:00	WorkerEvent	Layer06Node04.export-l06-n04	TaskReady; ExitCode=0; 
2026-06-03T18:12:10.2400780+00:00	WorkerEvent	Layer05Node02.select-l05-n02	TaskStarted; ExitCode=0; 
2026-06-03T18:12:10.2414977+00:00	WorkerEvent	AuditHairball	WorkerReady; ExitCode=0; ready
2026-06-03T18:12:10.2428694+00:00	StartPipeline	AuditHairball	AuditHairball
2026-06-03T18:12:10.2444958+00:00	WorkerEvent	Layer08Node06	WorkerReady; ExitCode=0; ready
2026-06-03T18:12:10.2574757+00:00	StartPipeline	Layer08Node06	Layer08Node06
2026-06-03T18:12:10.2625442+00:00	GrantTask	BridgeL03L04.bridge-l03-l04-collect	BridgeL03L04.bridge-l03-l04-collect; GrantId=grant-71; Attempt=1
2026-06-03T18:12:10.2638045+00:00	GrantTask	Layer06Node04.export-l06-n04	Layer06Node04.export-l06-n04; GrantId=grant-72; Attempt=1
2026-06-03T18:12:10.2658241+00:00	GrantTask	Layer07Node08.export-l07-n08	Layer07Node08.export-l07-n08; GrantId=grant-73; Attempt=1
2026-06-03T18:12:10.2668099+00:00	WorkerStarting	Layer05Node01	meta-pipeline
2026-06-03T18:12:10.8893261+00:00	WorkerStarted	Layer05Node01	22632
2026-06-03T18:12:10.8902810+00:00	WorkerControlPipe	Layer05Node01	meta-orchestration-175289a612234af992631224a015cb03
2026-06-03T18:12:10.8910406+00:00	WorkerLog	Layer05Node01	stdout=C:\Users\jimmy\Desktop\meta-bi\Samples\Demos\MetaOrchestrationHairballCliIntegration\Runs\hairball-seed-20260530\RunArtifacts\runs\20260603-181047_f9520fe0ba0e47178389df2fe09b408e\logs\Layer05Node01-22632.stdout.log; stderr=C:\Users\jimmy\Desktop\meta-bi\Samples\Demos\MetaOrchestrationHairballCliIntegration\Runs\hairball-seed-20260530\RunArtifacts\runs\20260603-181047_f9520fe0ba0e47178389df2fe09b408e\logs\Layer05Node01-22632.stderr.log
2026-06-03T18:12:10.8920205+00:00	WorkerEvent	Layer07Node08.export-l07-n08	GrantAccepted; ExitCode=0; 
2026-06-03T18:12:10.8933293+00:00	WorkerEvent	BridgeL03L04.bridge-l03-l04-collect	GrantAccepted; ExitCode=0; 
2026-06-03T18:12:10.8945605+00:00	WorkerEvent	Layer05Hub	WorkerOnline; ExitCode=0; online
2026-06-03T18:12:10.8957515+00:00	WorkerEvent	BridgeL07L08	PipelineStarted; ExitCode=0; pipeline started
2026-06-03T18:12:10.8969073+00:00	WorkerEvent	Layer06Node04.export-l06-n04	GrantAccepted; ExitCode=0; 
2026-06-03T18:12:10.9004070+00:00	WorkerEvent	Layer07Node08.export-l07-n08	TaskStarted; ExitCode=0; 
2026-06-03T18:12:10.9042607+00:00	WorkerEvent	BridgeL03L04.bridge-l03-l04-collect	TaskStarted; ExitCode=0; 
2026-06-03T18:12:10.9245784+00:00	WorkerEvent	Layer05Hub	WorkerReady; ExitCode=0; ready
2026-06-03T18:12:10.9264391+00:00	StartPipeline	Layer05Hub	Layer05Hub
2026-06-03T18:12:10.9277362+00:00	WorkerEvent	BridgeL07L08.bridge-l07-l08-collect	TaskReady; ExitCode=0; 
2026-06-03T18:12:10.9289595+00:00	WorkerEvent	Layer06Node04.export-l06-n04	TaskStarted; ExitCode=0; 
2026-06-03T18:12:10.9386020+00:00	WorkerEvent	BridgeL05L06	PipelineStarted; ExitCode=0; pipeline started
2026-06-03T18:12:10.9424637+00:00	WorkerEvent	BridgeL05L06.bridge-l05-l06-collect	TaskReady; ExitCode=0; 
2026-06-03T18:12:10.9591342+00:00	WorkerEvent	Layer05Node01	WorkerOnline; ExitCode=0; online
2026-06-03T18:12:10.9631917+00:00	WorkerEvent	Layer05Node01	WorkerReady; ExitCode=0; ready
2026-06-03T18:12:10.9899299+00:00	StartPipeline	Layer05Node01	Layer05Node01
2026-06-03T18:12:11.2331489+00:00	WorkerEvent	Layer05Node07.export-l05-n07	TaskSucceeded; ExitCode=0; 
2026-06-03T18:12:11.2362970+00:00	TaskSucceeded	Layer05Node07.export-l05-n07	0
2026-06-03T18:12:11.2382319+00:00	WorkerDeferredForCapacity	BridgeL05L06	Deferred by orchestration to honor max active worker process capacity.
2026-06-03T18:12:11.2390726+00:00	StopPipeline	BridgeL05L06	Deferred by orchestration to honor max active worker process capacity.
2026-06-03T18:12:11.2408189+00:00	WorkerDeferredForCapacity	BridgeL07L08	Deferred by orchestration to honor max active worker process capacity.
2026-06-03T18:12:11.2415621+00:00	StopPipeline	BridgeL07L08	Deferred by orchestration to honor max active worker process capacity.
2026-06-03T18:12:11.2891863+00:00	WorkerEvent	BridgeL05L06	Closed; ExitCode=0; 
2026-06-03T18:12:11.2905528+00:00	WorkerDeferred	BridgeL05L06	ResumeTaskId=BridgeL05L06.bridge-l05-l06-collect
2026-06-03T18:12:11.2923531+00:00	WorkerStarting	Layer06Node01	meta-pipeline
2026-06-03T18:12:11.7624761+00:00	WorkerStarted	Layer06Node01	26244
2026-06-03T18:12:11.7692461+00:00	WorkerControlPipe	Layer06Node01	meta-orchestration-1c45e6e665bf4fdea5016ee3c2434a9c
2026-06-03T18:12:11.7806701+00:00	WorkerLog	Layer06Node01	stdout=C:\Users\jimmy\Desktop\meta-bi\Samples\Demos\MetaOrchestrationHairballCliIntegration\Runs\hairball-seed-20260530\RunArtifacts\runs\20260603-181047_f9520fe0ba0e47178389df2fe09b408e\logs\Layer06Node01-26244.stdout.log; stderr=C:\Users\jimmy\Desktop\meta-bi\Samples\Demos\MetaOrchestrationHairballCliIntegration\Runs\hairball-seed-20260530\RunArtifacts\runs\20260603-181047_f9520fe0ba0e47178389df2fe09b408e\logs\Layer06Node01-26244.stderr.log
2026-06-03T18:12:11.7980451+00:00	WorkerEvent	Layer05Node07	Closed; ExitCode=0; 
2026-06-03T18:12:11.8151013+00:00	PipelineCompleted	Layer05Node07	
2026-06-03T18:12:11.8279487+00:00	WorkerEvent	BridgeL07L08	Closed; ExitCode=0; 
2026-06-03T18:12:11.8413682+00:00	WorkerDeferred	BridgeL07L08	ResumeTaskId=BridgeL07L08.bridge-l07-l08-collect
2026-06-03T18:12:11.8505085+00:00	WorkerEvent	Layer06Node01	WorkerOnline; ExitCode=0; online
2026-06-03T18:12:11.8657489+00:00	WorkerStarting	Layer06Node07	meta-pipeline
2026-06-03T18:12:12.5367980+00:00	WorkerStarted	Layer06Node07	25188
2026-06-03T18:12:12.5411419+00:00	WorkerControlPipe	Layer06Node07	meta-orchestration-8388d002c25a44b8896e64b154e43bc8
2026-06-03T18:12:12.5433723+00:00	WorkerLog	Layer06Node07	stdout=C:\Users\jimmy\Desktop\meta-bi\Samples\Demos\MetaOrchestrationHairballCliIntegration\Runs\hairball-seed-20260530\RunArtifacts\runs\20260603-181047_f9520fe0ba0e47178389df2fe09b408e\logs\Layer06Node07-25188.stdout.log; stderr=C:\Users\jimmy\Desktop\meta-bi\Samples\Demos\MetaOrchestrationHairballCliIntegration\Runs\hairball-seed-20260530\RunArtifacts\runs\20260603-181047_f9520fe0ba0e47178389df2fe09b408e\logs\Layer06Node07-25188.stderr.log
2026-06-03T18:12:12.5450130+00:00	WorkerEvent	CompositeMart	PipelineStarted; ExitCode=0; pipeline started
2026-06-03T18:12:12.5484620+00:00	WorkerEvent	Layer06Node01	WorkerReady; ExitCode=0; ready
2026-06-03T18:12:12.5543892+00:00	StartPipeline	Layer06Node01	Layer06Node01
2026-06-03T18:12:12.5562421+00:00	WorkerEvent	CompositeMart.composite-stage	TaskReady; ExitCode=0; 
2026-06-03T18:12:12.5580307+00:00	WorkerEvent	Layer05Node02.select-l05-n02	TaskSucceeded; ExitCode=0; 
2026-06-03T18:12:12.5619547+00:00	TaskSucceeded	Layer05Node02.select-l05-n02	0
2026-06-03T18:12:12.5645205+00:00	WorkerStarting	Layer05Node04	meta-pipeline
2026-06-03T18:12:13.0771536+00:00	WorkerStarted	Layer05Node04	7404
2026-06-03T18:12:13.0781533+00:00	WorkerControlPipe	Layer05Node04	meta-orchestration-a46eda619dd245a9bac9249ec7eb71f5
2026-06-03T18:12:13.0789456+00:00	WorkerLog	Layer05Node04	stdout=C:\Users\jimmy\Desktop\meta-bi\Samples\Demos\MetaOrchestrationHairballCliIntegration\Runs\hairball-seed-20260530\RunArtifacts\runs\20260603-181047_f9520fe0ba0e47178389df2fe09b408e\logs\Layer05Node04-7404.stdout.log; stderr=C:\Users\jimmy\Desktop\meta-bi\Samples\Demos\MetaOrchestrationHairballCliIntegration\Runs\hairball-seed-20260530\RunArtifacts\runs\20260603-181047_f9520fe0ba0e47178389df2fe09b408e\logs\Layer05Node04-7404.stderr.log
2026-06-03T18:12:13.0798858+00:00	WorkerEvent	Layer06Node07	WorkerOnline; ExitCode=0; online
2026-06-03T18:12:13.0811608+00:00	WorkerEvent	Layer05Node02	Closed; ExitCode=0; 
2026-06-03T18:12:13.0822546+00:00	PipelineCompleted	Layer05Node02	
2026-06-03T18:12:13.0870881+00:00	WorkerEvent	Layer06Node07	WorkerReady; ExitCode=0; ready
2026-06-03T18:12:13.1013197+00:00	StartPipeline	Layer06Node07	Layer06Node07
2026-06-03T18:12:13.1044682+00:00	WorkerEvent	AuditHairball	PipelineStarted; ExitCode=0; pipeline started
2026-06-03T18:12:13.1064507+00:00	WorkerEvent	Layer08Node06	PipelineStarted; ExitCode=0; pipeline started
2026-06-03T18:12:13.1078534+00:00	WorkerEvent	AuditHairball.audit-hairball	TaskReady; ExitCode=0; 
2026-06-03T18:12:13.1090594+00:00	WorkerEvent	Layer08Node06.select-l08-n06	TaskReady; ExitCode=0; 
2026-06-03T18:12:13.1298595+00:00	GrantTask	Layer08Node06.select-l08-n06	Layer08Node06.select-l08-n06; GrantId=grant-74; Attempt=1
2026-06-03T18:12:13.1309609+00:00	WorkerStarting	Layer06Node10	meta-pipeline
2026-06-03T18:12:13.5355936+00:00	WorkerStarted	Layer06Node10	10296
2026-06-03T18:12:13.5377482+00:00	WorkerControlPipe	Layer06Node10	meta-orchestration-38ccabb6f6b140b5a0315bbca070f5da
2026-06-03T18:12:13.5393201+00:00	WorkerLog	Layer06Node10	stdout=C:\Users\jimmy\Desktop\meta-bi\Samples\Demos\MetaOrchestrationHairballCliIntegration\Runs\hairball-seed-20260530\RunArtifacts\runs\20260603-181047_f9520fe0ba0e47178389df2fe09b408e\logs\Layer06Node10-10296.stdout.log; stderr=C:\Users\jimmy\Desktop\meta-bi\Samples\Demos\MetaOrchestrationHairballCliIntegration\Runs\hairball-seed-20260530\RunArtifacts\runs\20260603-181047_f9520fe0ba0e47178389df2fe09b408e\logs\Layer06Node10-10296.stderr.log
2026-06-03T18:12:13.5410736+00:00	WorkerEvent	Layer07Node08.export-l07-n08	TaskSucceeded; ExitCode=0; 
2026-06-03T18:12:13.5445202+00:00	TaskSucceeded	Layer07Node08.export-l07-n08	0
2026-06-03T18:12:13.5464661+00:00	PipelineCompleted	Layer07Node08	
2026-06-03T18:12:13.5474074+00:00	WorkerEvent	Layer05Node04	WorkerOnline; ExitCode=0; online
2026-06-03T18:12:13.5520315+00:00	WorkerEvent	BridgeL03L04.bridge-l03-l04-collect	TaskSucceeded; ExitCode=0; 
2026-06-03T18:12:13.5532941+00:00	TaskSucceeded	BridgeL03L04.bridge-l03-l04-collect	0
2026-06-03T18:12:13.5541517+00:00	WorkerEvent	Layer06Node04.export-l06-n04	TaskSucceeded; ExitCode=0; 
2026-06-03T18:12:13.5554066+00:00	TaskSucceeded	Layer06Node04.export-l06-n04	0
2026-06-03T18:12:13.5568584+00:00	PipelineCompleted	Layer06Node04	
2026-06-03T18:12:13.5576863+00:00	WorkerEvent	Layer08Node06.select-l08-n06	GrantAccepted; ExitCode=0; 
2026-06-03T18:12:13.5738422+00:00	WorkerStarting	Layer05Node05	meta-pipeline
2026-06-03T18:12:13.9522354+00:00	WorkerStarted	Layer05Node05	30196
2026-06-03T18:12:13.9531911+00:00	WorkerControlPipe	Layer05Node05	meta-orchestration-df9645c587b349beb0a64b844d20e656
2026-06-03T18:12:13.9539150+00:00	WorkerLog	Layer05Node05	stdout=C:\Users\jimmy\Desktop\meta-bi\Samples\Demos\MetaOrchestrationHairballCliIntegration\Runs\hairball-seed-20260530\RunArtifacts\runs\20260603-181047_f9520fe0ba0e47178389df2fe09b408e\logs\Layer05Node05-30196.stdout.log; stderr=C:\Users\jimmy\Desktop\meta-bi\Samples\Demos\MetaOrchestrationHairballCliIntegration\Runs\hairball-seed-20260530\RunArtifacts\runs\20260603-181047_f9520fe0ba0e47178389df2fe09b408e\logs\Layer05Node05-30196.stderr.log
2026-06-03T18:12:13.9570628+00:00	WorkerEvent	Layer05Node04	WorkerReady; ExitCode=0; ready
2026-06-03T18:12:13.9646996+00:00	StartPipeline	Layer05Node04	Layer05Node04
2026-06-03T18:12:13.9662851+00:00	WorkerEvent	BridgeL03L04.bridge-l03-l04-north	TaskReady; ExitCode=0; 
2026-06-03T18:12:13.9678022+00:00	WorkerEvent	Layer05Node01	PipelineStarted; ExitCode=0; pipeline started
2026-06-03T18:12:13.9691735+00:00	WorkerEvent	Layer06Node10	WorkerOnline; ExitCode=0; online
2026-06-03T18:12:13.9704605+00:00	WorkerEvent	Layer08Node06.select-l08-n06	TaskStarted; ExitCode=0; 
2026-06-03T18:12:13.9746394+00:00	GrantTask	BridgeL03L04.bridge-l03-l04-north	BridgeL03L04.bridge-l03-l04-north; GrantId=grant-75; Attempt=1
2026-06-03T18:12:13.9768908+00:00	WorkerStarting	Layer08Node05	meta-pipeline
2026-06-03T18:12:14.5535620+00:00	WorkerStarted	Layer08Node05	20968
2026-06-03T18:12:14.5551801+00:00	WorkerControlPipe	Layer08Node05	meta-orchestration-fe77dc17c0514b3cab56d6fc2f308842
2026-06-03T18:12:14.5560670+00:00	WorkerLog	Layer08Node05	stdout=C:\Users\jimmy\Desktop\meta-bi\Samples\Demos\MetaOrchestrationHairballCliIntegration\Runs\hairball-seed-20260530\RunArtifacts\runs\20260603-181047_f9520fe0ba0e47178389df2fe09b408e\logs\Layer08Node05-20968.stdout.log; stderr=C:\Users\jimmy\Desktop\meta-bi\Samples\Demos\MetaOrchestrationHairballCliIntegration\Runs\hairball-seed-20260530\RunArtifacts\runs\20260603-181047_f9520fe0ba0e47178389df2fe09b408e\logs\Layer08Node05-20968.stderr.log
2026-06-03T18:12:14.5570963+00:00	WorkerEvent	BridgeL03L04.bridge-l03-l04-north	GrantAccepted; ExitCode=0; 
2026-06-03T18:12:14.5589198+00:00	WorkerEvent	Layer05Hub	PipelineStarted; ExitCode=0; pipeline started
2026-06-03T18:12:14.5704107+00:00	WorkerEvent	BridgeL03L04.bridge-l03-l04-north	TaskStarted; ExitCode=0; 
2026-06-03T18:12:14.5717448+00:00	WorkerEvent	Layer05Node01.select-l05-n01	TaskReady; ExitCode=0; 
2026-06-03T18:12:14.5730688+00:00	WorkerEvent	Layer05Hub.hub-l05-stage	TaskReady; ExitCode=0; 
2026-06-03T18:12:14.5743251+00:00	WorkerEvent	Layer05Node05	WorkerOnline; ExitCode=0; online
2026-06-03T18:12:14.5755543+00:00	WorkerEvent	Layer06Node10	WorkerReady; ExitCode=0; ready
2026-06-03T18:12:16.1871150+00:00	StartPipeline	Layer06Node10	Layer06Node10
2026-06-03T18:12:16.1907682+00:00	WorkerEvent	Layer08Node05	WorkerOnline; ExitCode=0; online
2026-06-03T18:12:16.1955774+00:00	WorkerEvent	Layer06Node01	PipelineStarted; ExitCode=0; pipeline started
2026-06-03T18:12:16.1998418+00:00	WorkerEvent	BridgeL03L04.bridge-l03-l04-north	TaskSucceeded; ExitCode=0; 
2026-06-03T18:12:16.2009896+00:00	TaskSucceeded	BridgeL03L04.bridge-l03-l04-north	0
2026-06-03T18:12:16.2042769+00:00	GrantTask	Layer05Node01.select-l05-n01	Layer05Node01.select-l05-n01; GrantId=grant-76; Attempt=1
2026-06-03T18:12:16.2054931+00:00	WorkerEvent	Layer08Node05	WorkerReady; ExitCode=0; ready
2026-06-03T18:12:16.2068226+00:00	StartPipeline	Layer08Node05	Layer08Node05
2026-06-03T18:12:16.2079726+00:00	WorkerEvent	Layer05Node04	PipelineStarted; ExitCode=0; pipeline started
2026-06-03T18:12:16.2092160+00:00	WorkerEvent	BridgeL03L04.bridge-l03-l04-south	TaskReady; ExitCode=0; 
2026-06-03T18:12:16.2104269+00:00	WorkerEvent	Layer06Node07	PipelineStarted; ExitCode=0; pipeline started
2026-06-03T18:12:16.2115504+00:00	WorkerEvent	Layer05Node01.select-l05-n01	GrantAccepted; ExitCode=0; 
2026-06-03T18:12:16.2127889+00:00	WorkerEvent	Layer06Node01.select-l06-n01	TaskReady; ExitCode=0; 
2026-06-03T18:12:16.2139979+00:00	WorkerEvent	Layer06Node10	PipelineStarted; ExitCode=0; pipeline started
2026-06-03T18:12:16.2150780+00:00	WorkerEvent	Layer08Node06.select-l08-n06	TaskSucceeded; ExitCode=0; 
2026-06-03T18:12:16.2161390+00:00	TaskSucceeded	Layer08Node06.select-l08-n06	0
2026-06-03T18:12:16.2171948+00:00	PipelineCompleted	Layer08Node06	
2026-06-03T18:12:16.2205676+00:00	GrantTask	BridgeL03L04.bridge-l03-l04-south	BridgeL03L04.bridge-l03-l04-south; GrantId=grant-77; Attempt=1
2026-06-03T18:12:16.2216178+00:00	GrantTask	Layer06Node01.select-l06-n01	Layer06Node01.select-l06-n01; GrantId=grant-78; Attempt=1
2026-06-03T18:12:16.2222552+00:00	WorkerResuming	BridgeL05L06	ResumeTaskId=BridgeL05L06.bridge-l05-l06-collect; Executable=meta-pipeline
2026-06-03T18:12:17.2045206+00:00	WorkerStarted	BridgeL05L06	27004
2026-06-03T18:12:17.2052774+00:00	WorkerControlPipe	BridgeL05L06	meta-orchestration-3f95cbe08cea43ad90d362dac38b9a63
2026-06-03T18:12:17.2058153+00:00	WorkerLog	BridgeL05L06	stdout=C:\Users\jimmy\Desktop\meta-bi\Samples\Demos\MetaOrchestrationHairballCliIntegration\Runs\hairball-seed-20260530\RunArtifacts\runs\20260603-181047_f9520fe0ba0e47178389df2fe09b408e\logs\BridgeL05L06-27004.stdout.log; stderr=C:\Users\jimmy\Desktop\meta-bi\Samples\Demos\MetaOrchestrationHairballCliIntegration\Runs\hairball-seed-20260530\RunArtifacts\runs\20260603-181047_f9520fe0ba0e47178389df2fe09b408e\logs\BridgeL05L06-27004.stderr.log
2026-06-03T18:12:17.2063995+00:00	WorkerEvent	Layer05Node04.select-l05-n04	TaskReady; ExitCode=0; 
2026-06-03T18:12:17.2072784+00:00	WorkerEvent	BridgeL03L04.bridge-l03-l04-south	GrantAccepted; ExitCode=0; 
2026-06-03T18:12:17.2085300+00:00	WorkerEvent	Layer06Node07.export-l06-n07	TaskReady; ExitCode=0; 
2026-06-03T18:12:17.2094954+00:00	WorkerEvent	Layer05Node01.select-l05-n01	TaskStarted; ExitCode=0; 
2026-06-03T18:12:17.2104474+00:00	WorkerEvent	Layer06Node01.select-l06-n01	GrantAccepted; ExitCode=0; 
2026-06-03T18:12:17.2115455+00:00	WorkerEvent	Layer06Node10.refresh-l06-n10	TaskReady; ExitCode=0; 
2026-06-03T18:12:17.2161440+00:00	GrantTask	Layer05Node04.select-l05-n04	Layer05Node04.select-l05-n04; GrantId=grant-79; Attempt=1
2026-06-03T18:12:17.2169373+00:00	GrantTask	Layer06Node07.export-l06-n07	Layer06Node07.export-l06-n07; GrantId=grant-80; Attempt=1
2026-06-03T18:12:17.2468689+00:00	GrantTask	Layer06Node10.refresh-l06-n10	Layer06Node10.refresh-l06-n10; GrantId=grant-81; Attempt=1
2026-06-03T18:12:17.2475955+00:00	WorkerEvent	Layer05Node04.select-l05-n04	GrantAccepted; ExitCode=0; 
2026-06-03T18:12:17.2488274+00:00	WorkerEvent	Layer08Node05	PipelineStarted; ExitCode=0; pipeline started
2026-06-03T18:12:17.2499748+00:00	WorkerEvent	BridgeL03L04.bridge-l03-l04-south	TaskStarted; ExitCode=0; 
2026-06-03T18:12:17.2509838+00:00	WorkerEvent	Layer06Node07.export-l06-n07	GrantAccepted; ExitCode=0; 
2026-06-03T18:12:17.2519418+00:00	WorkerEvent	Layer05Node01.select-l05-n01	TaskSucceeded; ExitCode=0; 
2026-06-03T18:12:17.2528693+00:00	TaskSucceeded	Layer05Node01.select-l05-n01	0
2026-06-03T18:12:17.2538079+00:00	PipelineCompleted	Layer05Node01	
2026-06-03T18:12:17.2544435+00:00	WorkerEvent	Layer06Node01.select-l06-n01	TaskStarted; ExitCode=0; 
2026-06-03T18:12:17.2554044+00:00	WorkerEvent	Layer08Node05.refresh-l08-n05	TaskReady; ExitCode=0; 
2026-06-03T18:12:17.2564871+00:00	WorkerEvent	Layer05Node04.select-l05-n04	TaskStarted; ExitCode=0; 
2026-06-03T18:12:17.2575862+00:00	WorkerEvent	Layer06Node07.export-l06-n07	TaskStarted; ExitCode=0; 
2026-06-03T18:12:17.2585783+00:00	WorkerEvent	Layer05Node05	WorkerReady; ExitCode=0; ready
2026-06-03T18:12:17.2595986+00:00	StartPipeline	Layer05Node05	Layer05Node05
2026-06-03T18:12:17.2605678+00:00	WorkerEvent	Layer06Node10.refresh-l06-n10	GrantAccepted; ExitCode=0; 
2026-06-03T18:12:17.2615948+00:00	WorkerEvent	BridgeL05L06	WorkerOnline; ExitCode=0; online
2026-06-03T18:12:17.2633727+00:00	GrantTask	Layer08Node05.refresh-l08-n05	Layer08Node05.refresh-l08-n05; GrantId=grant-82; Attempt=1
2026-06-03T18:12:17.2651913+00:00	WorkerStarting	Layer05Node06	meta-pipeline
2026-06-03T18:12:17.6132067+00:00	WorkerStarted	Layer05Node06	15444
2026-06-03T18:12:17.6144163+00:00	WorkerControlPipe	Layer05Node06	meta-orchestration-3cadee9f66244b53ac0af88b2893405e
2026-06-03T18:12:17.6152034+00:00	WorkerLog	Layer05Node06	stdout=C:\Users\jimmy\Desktop\meta-bi\Samples\Demos\MetaOrchestrationHairballCliIntegration\Runs\hairball-seed-20260530\RunArtifacts\runs\20260603-181047_f9520fe0ba0e47178389df2fe09b408e\logs\Layer05Node06-15444.stdout.log; stderr=C:\Users\jimmy\Desktop\meta-bi\Samples\Demos\MetaOrchestrationHairballCliIntegration\Runs\hairball-seed-20260530\RunArtifacts\runs\20260603-181047_f9520fe0ba0e47178389df2fe09b408e\logs\Layer05Node06-15444.stderr.log
2026-06-03T18:12:17.6160219+00:00	WorkerEvent	Layer08Node05.refresh-l08-n05	GrantAccepted; ExitCode=0; 
2026-06-03T18:12:17.6173479+00:00	WorkerEvent	BridgeL03L04.bridge-l03-l04-south	TaskSucceeded; ExitCode=0; 
2026-06-03T18:12:17.6186023+00:00	TaskSucceeded	BridgeL03L04.bridge-l03-l04-south	0
2026-06-03T18:12:17.6239252+00:00	PipelineCompleted	BridgeL03L04	
2026-06-03T18:12:17.6250460+00:00	WorkerEvent	Layer08Node05.refresh-l08-n05	TaskStarted; ExitCode=0; 
2026-06-03T18:12:17.6262810+00:00	WorkerEvent	Layer06Node10.refresh-l06-n10	TaskStarted; ExitCode=0; 
2026-06-03T18:12:17.6278367+00:00	WorkerEvent	BridgeL05L06	WorkerReady; ExitCode=0; ready
2026-06-03T18:12:17.6383242+00:00	StartPipeline	BridgeL05L06	BridgeL05L06
2026-06-03T18:12:17.6406621+00:00	WorkerStarting	Layer06Node05	meta-pipeline
2026-06-03T18:12:18.4348220+00:00	WorkerStarted	Layer06Node05	29812
2026-06-03T18:12:18.4358137+00:00	WorkerControlPipe	Layer06Node05	meta-orchestration-142a7d598c15456088d68bb556e7dc71
2026-06-03T18:12:18.4364787+00:00	WorkerLog	Layer06Node05	stdout=C:\Users\jimmy\Desktop\meta-bi\Samples\Demos\MetaOrchestrationHairballCliIntegration\Runs\hairball-seed-20260530\RunArtifacts\runs\20260603-181047_f9520fe0ba0e47178389df2fe09b408e\logs\Layer06Node05-29812.stdout.log; stderr=C:\Users\jimmy\Desktop\meta-bi\Samples\Demos\MetaOrchestrationHairballCliIntegration\Runs\hairball-seed-20260530\RunArtifacts\runs\20260603-181047_f9520fe0ba0e47178389df2fe09b408e\logs\Layer06Node05-29812.stderr.log
2026-06-03T18:12:18.4372858+00:00	WorkerEvent	Layer05Node04.select-l05-n04	TaskSucceeded; ExitCode=0; 
2026-06-03T18:12:18.4384053+00:00	TaskSucceeded	Layer05Node04.select-l05-n04	0
2026-06-03T18:12:18.4395292+00:00	PipelineCompleted	Layer05Node04	
2026-06-03T18:12:18.4402240+00:00	WorkerEvent	Layer05Node06	WorkerOnline; ExitCode=0; online
2026-06-03T18:12:18.4413898+00:00	WorkerEvent	Layer06Node01.select-l06-n01	TaskSucceeded; ExitCode=0; 
2026-06-03T18:12:18.4426029+00:00	TaskSucceeded	Layer06Node01.select-l06-n01	0
2026-06-03T18:12:18.4436835+00:00	PipelineCompleted	Layer06Node01	
2026-06-03T18:12:18.4443766+00:00	WorkerEvent	Layer06Node10.refresh-l06-n10	TaskSucceeded; ExitCode=0; 
2026-06-03T18:12:18.4454253+00:00	TaskSucceeded	Layer06Node10.refresh-l06-n10	0
2026-06-03T18:12:18.4510475+00:00	PipelineCompleted	Layer06Node10	
2026-06-03T18:12:18.4518631+00:00	WorkerEvent	Layer06Node05	WorkerOnline; ExitCode=0; online
2026-06-03T18:12:18.4530406+00:00	WorkerEvent	Layer05Node06	WorkerReady; ExitCode=0; ready
2026-06-03T18:12:18.4869326+00:00	StartPipeline	Layer05Node06	Layer05Node06
2026-06-03T18:12:18.4882968+00:00	WorkerEvent	Layer06Node05	WorkerReady; ExitCode=0; ready
2026-06-03T18:12:18.4895181+00:00	StartPipeline	Layer06Node05	Layer06Node05
2026-06-03T18:12:18.4912273+00:00	WorkerResuming	BridgeL07L08	ResumeTaskId=BridgeL07L08.bridge-l07-l08-collect; Executable=meta-pipeline
2026-06-03T18:12:18.9258440+00:00	WorkerStarted	BridgeL07L08	6596
2026-06-03T18:12:18.9308380+00:00	WorkerControlPipe	BridgeL07L08	meta-orchestration-c5fe3485ee0e4f8ea3838e3b9eba1f59
2026-06-03T18:12:18.9347210+00:00	WorkerLog	BridgeL07L08	stdout=C:\Users\jimmy\Desktop\meta-bi\Samples\Demos\MetaOrchestrationHairballCliIntegration\Runs\hairball-seed-20260530\RunArtifacts\runs\20260603-181047_f9520fe0ba0e47178389df2fe09b408e\logs\BridgeL07L08-6596.stdout.log; stderr=C:\Users\jimmy\Desktop\meta-bi\Samples\Demos\MetaOrchestrationHairballCliIntegration\Runs\hairball-seed-20260530\RunArtifacts\runs\20260603-181047_f9520fe0ba0e47178389df2fe09b408e\logs\BridgeL07L08-6596.stderr.log
2026-06-03T18:12:18.9363511+00:00	WorkerStarting	Layer05Node08	meta-pipeline
2026-06-03T18:12:19.2807105+00:00	WorkerStarted	Layer05Node08	7128
2026-06-03T18:12:19.2818585+00:00	WorkerControlPipe	Layer05Node08	meta-orchestration-efa40d8c0d1a4e748d010dc3a21aef6d
2026-06-03T18:12:19.2826273+00:00	WorkerLog	Layer05Node08	stdout=C:\Users\jimmy\Desktop\meta-bi\Samples\Demos\MetaOrchestrationHairballCliIntegration\Runs\hairball-seed-20260530\RunArtifacts\runs\20260603-181047_f9520fe0ba0e47178389df2fe09b408e\logs\Layer05Node08-7128.stdout.log; stderr=C:\Users\jimmy\Desktop\meta-bi\Samples\Demos\MetaOrchestrationHairballCliIntegration\Runs\hairball-seed-20260530\RunArtifacts\runs\20260603-181047_f9520fe0ba0e47178389df2fe09b408e\logs\Layer05Node08-7128.stderr.log
2026-06-03T18:12:19.2835903+00:00	WorkerEvent	Layer08Node05.refresh-l08-n05	TaskSucceeded; ExitCode=0; 
2026-06-03T18:12:19.2852762+00:00	TaskSucceeded	Layer08Node05.refresh-l08-n05	0
2026-06-03T18:12:19.2867379+00:00	PipelineCompleted	Layer08Node05	
2026-06-03T18:12:19.2874819+00:00	WorkerEvent	Layer06Node07.export-l06-n07	TaskSucceeded; ExitCode=0; 
2026-06-03T18:12:19.2888741+00:00	TaskSucceeded	Layer06Node07.export-l06-n07	0
2026-06-03T18:12:19.2900263+00:00	PipelineCompleted	Layer06Node07	
2026-06-03T18:12:19.2907033+00:00	WorkerEvent	Layer05Node05	PipelineStarted; ExitCode=0; pipeline started
2026-06-03T18:12:19.2917664+00:00	WorkerEvent	BridgeL07L08	WorkerOnline; ExitCode=0; online
2026-06-03T18:12:19.2938123+00:00	WorkerStarting	Layer07Node05	meta-pipeline
2026-06-03T18:12:19.5913349+00:00	WorkerStarted	Layer07Node05	23532
2026-06-03T18:12:19.5921816+00:00	WorkerControlPipe	Layer07Node05	meta-orchestration-9acf9f4e072e4b04ba6e41d59d2120c6
2026-06-03T18:12:19.5934802+00:00	WorkerLog	Layer07Node05	stdout=C:\Users\jimmy\Desktop\meta-bi\Samples\Demos\MetaOrchestrationHairballCliIntegration\Runs\hairball-seed-20260530\RunArtifacts\runs\20260603-181047_f9520fe0ba0e47178389df2fe09b408e\logs\Layer07Node05-23532.stdout.log; stderr=C:\Users\jimmy\Desktop\meta-bi\Samples\Demos\MetaOrchestrationHairballCliIntegration\Runs\hairball-seed-20260530\RunArtifacts\runs\20260603-181047_f9520fe0ba0e47178389df2fe09b408e\logs\Layer07Node05-23532.stderr.log
2026-06-03T18:12:19.5944709+00:00	WorkerEvent	Layer05Node08	WorkerOnline; ExitCode=0; online
2026-06-03T18:12:19.5959136+00:00	WorkerEvent	Layer05Node05.refresh-l05-n05	TaskReady; ExitCode=0; 
2026-06-03T18:12:19.5984188+00:00	WorkerEvent	BridgeL07L08	WorkerReady; ExitCode=0; ready
2026-06-03T18:12:19.5996053+00:00	StartPipeline	BridgeL07L08	BridgeL07L08
2026-06-03T18:12:19.6017862+00:00	WorkerEvent	Layer05Node08	WorkerReady; ExitCode=0; ready
2026-06-03T18:12:19.6096773+00:00	StartPipeline	Layer05Node08	Layer05Node08
2026-06-03T18:12:19.6188677+00:00	GrantTask	Layer05Node05.refresh-l05-n05	Layer05Node05.refresh-l05-n05; GrantId=grant-83; Attempt=1
2026-06-03T18:12:19.6205329+00:00	WorkerStarting	Layer06Hub	meta-pipeline
2026-06-03T18:12:19.9594420+00:00	WorkerStarted	Layer06Hub	29588
2026-06-03T18:12:19.9605811+00:00	WorkerControlPipe	Layer06Hub	meta-orchestration-14ba0090566642c6b5fc12fd47049ddb
2026-06-03T18:12:19.9613484+00:00	WorkerLog	Layer06Hub	stdout=C:\Users\jimmy\Desktop\meta-bi\Samples\Demos\MetaOrchestrationHairballCliIntegration\Runs\hairball-seed-20260530\RunArtifacts\runs\20260603-181047_f9520fe0ba0e47178389df2fe09b408e\logs\Layer06Hub-29588.stdout.log; stderr=C:\Users\jimmy\Desktop\meta-bi\Samples\Demos\MetaOrchestrationHairballCliIntegration\Runs\hairball-seed-20260530\RunArtifacts\runs\20260603-181047_f9520fe0ba0e47178389df2fe09b408e\logs\Layer06Hub-29588.stderr.log
2026-06-03T18:12:19.9622475+00:00	WorkerEvent	Layer07Node05	WorkerOnline; ExitCode=0; online
2026-06-03T18:12:19.9636919+00:00	WorkerEvent	Layer05Node05.refresh-l05-n05	GrantAccepted; ExitCode=0; 
2026-06-03T18:12:19.9684571+00:00	WorkerStarting	Layer06Node08	meta-pipeline
2026-06-03T18:12:22.2457149+00:00	WorkerStarted	Layer06Node08	24716
2026-06-03T18:12:22.2471322+00:00	WorkerControlPipe	Layer06Node08	meta-orchestration-333edc6d81be4254be06e8acda90137a
2026-06-03T18:12:22.2480222+00:00	WorkerLog	Layer06Node08	stdout=C:\Users\jimmy\Desktop\meta-bi\Samples\Demos\MetaOrchestrationHairballCliIntegration\Runs\hairball-seed-20260530\RunArtifacts\runs\20260603-181047_f9520fe0ba0e47178389df2fe09b408e\logs\Layer06Node08-24716.stdout.log; stderr=C:\Users\jimmy\Desktop\meta-bi\Samples\Demos\MetaOrchestrationHairballCliIntegration\Runs\hairball-seed-20260530\RunArtifacts\runs\20260603-181047_f9520fe0ba0e47178389df2fe09b408e\logs\Layer06Node08-24716.stderr.log
2026-06-03T18:12:22.2493693+00:00	WorkerEvent	Layer06Hub	WorkerOnline; ExitCode=0; online
2026-06-03T18:12:22.2512575+00:00	WorkerEvent	Layer07Node05	WorkerReady; ExitCode=0; ready
2026-06-03T18:12:22.2526403+00:00	StartPipeline	Layer07Node05	Layer07Node05
2026-06-03T18:12:22.2537610+00:00	WorkerEvent	Layer06Hub	WorkerReady; ExitCode=0; ready
2026-06-03T18:12:22.2639681+00:00	StartPipeline	Layer06Hub	Layer06Hub
2026-06-03T18:12:22.2653962+00:00	WorkerEvent	Layer06Node08	WorkerOnline; ExitCode=0; online
2026-06-03T18:12:22.2673094+00:00	WorkerEvent	Layer06Node05	PipelineStarted; ExitCode=0; pipeline started
2026-06-03T18:12:22.2685200+00:00	WorkerEvent	Layer05Node06	PipelineStarted; ExitCode=0; pipeline started
2026-06-03T18:12:22.2697101+00:00	WorkerEvent	Layer05Node08	PipelineStarted; ExitCode=0; pipeline started
2026-06-03T18:12:22.2709742+00:00	WorkerEvent	Layer06Node08	WorkerReady; ExitCode=0; ready
2026-06-03T18:12:22.2866142+00:00	StartPipeline	Layer06Node08	Layer06Node08
2026-06-03T18:12:22.2888240+00:00	WorkerEvent	Layer06Node05.export-l06-n05	TaskReady; ExitCode=0; 
2026-06-03T18:12:22.2902567+00:00	WorkerEvent	Layer05Node06.export-l05-n06	TaskReady; ExitCode=0; 
2026-06-03T18:12:22.2914512+00:00	WorkerEvent	Layer05Node08.refresh-l05-n08	TaskReady; ExitCode=0; 
2026-06-03T18:12:22.2926456+00:00	WorkerEvent	Layer05Node05.refresh-l05-n05	TaskStarted; ExitCode=0; 
2026-06-03T18:12:22.2938014+00:00	WorkerEvent	BridgeL05L06	PipelineStarted; ExitCode=0; pipeline started
2026-06-03T18:12:22.2977859+00:00	GrantTask	Layer05Node06.export-l05-n06	Layer05Node06.export-l05-n06; GrantId=grant-84; Attempt=1
2026-06-03T18:12:22.2987129+00:00	GrantTask	Layer05Node08.refresh-l05-n08	Layer05Node08.refresh-l05-n08; GrantId=grant-85; Attempt=1
2026-06-03T18:12:22.3013425+00:00	GrantTask	Layer06Node05.export-l06-n05	Layer06Node05.export-l06-n05; GrantId=grant-86; Attempt=1
2026-06-03T18:12:22.3023334+00:00	WorkerEvent	Layer05Node05.refresh-l05-n05	TaskSucceeded; ExitCode=0; 
2026-06-03T18:12:22.3039516+00:00	TaskSucceeded	Layer05Node05.refresh-l05-n05	0
2026-06-03T18:12:22.3048685+00:00	WorkerEvent	BridgeL05L06.bridge-l05-l06-collect	TaskReady; ExitCode=0; 
2026-06-03T18:12:22.3492977+00:00	WorkerEvent	Layer05Node06.export-l05-n06	GrantAccepted; ExitCode=0; 
2026-06-03T18:12:22.3529260+00:00	WorkerEvent	Layer05Node05	Closed; ExitCode=0; 
2026-06-03T18:12:22.3634562+00:00	PipelineCompleted	Layer05Node05	
2026-06-03T18:12:22.3646128+00:00	WorkerEvent	Layer06Node05.export-l06-n05	GrantAccepted; ExitCode=0; 
2026-06-03T18:12:22.3660764+00:00	WorkerEvent	Layer05Node06.export-l05-n06	TaskStarted; ExitCode=0; 
2026-06-03T18:12:22.3674192+00:00	WorkerEvent	Layer06Node05.export-l06-n05	TaskStarted; ExitCode=0; 
2026-06-03T18:12:22.3686053+00:00	WorkerEvent	Layer05Node08.refresh-l05-n08	GrantAccepted; ExitCode=0; 
2026-06-03T18:12:22.3721469+00:00	WorkerStarting	Layer07Hub	meta-pipeline
2026-06-03T18:12:23.3403124+00:00	WorkerStarted	Layer07Hub	26548
2026-06-03T18:12:23.3413923+00:00	WorkerControlPipe	Layer07Hub	meta-orchestration-3948f975e3ff4b1db478a605fd5a6e9f
2026-06-03T18:12:23.4727101+00:00	WorkerLog	Layer07Hub	stdout=C:\Users\jimmy\Desktop\meta-bi\Samples\Demos\MetaOrchestrationHairballCliIntegration\Runs\hairball-seed-20260530\RunArtifacts\runs\20260603-181047_f9520fe0ba0e47178389df2fe09b408e\logs\Layer07Hub-26548.stdout.log; stderr=C:\Users\jimmy\Desktop\meta-bi\Samples\Demos\MetaOrchestrationHairballCliIntegration\Runs\hairball-seed-20260530\RunArtifacts\runs\20260603-181047_f9520fe0ba0e47178389df2fe09b408e\logs\Layer07Hub-26548.stderr.log
2026-06-03T18:12:23.4793203+00:00	WorkerEvent	Layer05Node08.refresh-l05-n08	TaskStarted; ExitCode=0; 
2026-06-03T18:12:23.5180374+00:00	WorkerEvent	Layer07Hub	WorkerOnline; ExitCode=0; online
2026-06-03T18:12:23.5234836+00:00	WorkerEvent	BridgeL07L08	PipelineStarted; ExitCode=0; pipeline started
2026-06-03T18:12:23.5350237+00:00	WorkerEvent	Layer07Hub	WorkerReady; ExitCode=0; ready
2026-06-03T18:12:23.5392402+00:00	StartPipeline	Layer07Hub	Layer07Hub
2026-06-03T18:12:23.5466413+00:00	WorkerEvent	BridgeL07L08.bridge-l07-l08-collect	TaskReady; ExitCode=0; 
2026-06-03T18:12:23.6228077+00:00	GrantTask	BridgeL07L08.bridge-l07-l08-collect	BridgeL07L08.bridge-l07-l08-collect; GrantId=grant-87; Attempt=1
2026-06-03T18:12:23.7046197+00:00	WorkerEvent	BridgeL07L08.bridge-l07-l08-collect	GrantAccepted; ExitCode=0; 
2026-06-03T18:12:23.7166812+00:00	WorkerEvent	BridgeL07L08.bridge-l07-l08-collect	TaskStarted; ExitCode=0; 
2026-06-03T18:12:23.9922511+00:00	WorkerEvent	Layer05Node08.refresh-l05-n08	TaskSucceeded; ExitCode=0; 
2026-06-03T18:12:24.0664010+00:00	TaskSucceeded	Layer05Node08.refresh-l05-n08	0
2026-06-03T18:12:24.1923706+00:00	PipelineCompleted	Layer05Node08	
2026-06-03T18:12:24.4665415+00:00	WorkerStarting	Layer07Node01	meta-pipeline
2026-06-03T18:12:26.6821020+00:00	WorkerStarted	Layer07Node01	20076
2026-06-03T18:12:26.6831818+00:00	WorkerControlPipe	Layer07Node01	meta-orchestration-1c62dae8568a4678b3e80955e349c111
2026-06-03T18:12:26.6841280+00:00	WorkerLog	Layer07Node01	stdout=C:\Users\jimmy\Desktop\meta-bi\Samples\Demos\MetaOrchestrationHairballCliIntegration\Runs\hairball-seed-20260530\RunArtifacts\runs\20260603-181047_f9520fe0ba0e47178389df2fe09b408e\logs\Layer07Node01-20076.stdout.log; stderr=C:\Users\jimmy\Desktop\meta-bi\Samples\Demos\MetaOrchestrationHairballCliIntegration\Runs\hairball-seed-20260530\RunArtifacts\runs\20260603-181047_f9520fe0ba0e47178389df2fe09b408e\logs\Layer07Node01-20076.stderr.log
2026-06-03T18:12:26.6851209+00:00	WorkerEvent	Layer06Hub	PipelineStarted; ExitCode=0; pipeline started
2026-06-03T18:12:26.6907581+00:00	WorkerEvent	Layer06Hub.hub-l06-stage	TaskReady; ExitCode=0; 
2026-06-03T18:12:26.7603512+00:00	WorkerEvent	Layer07Node01	WorkerOnline; ExitCode=0; online
2026-06-03T18:12:26.8184614+00:00	WorkerEvent	Layer07Node01	WorkerReady; ExitCode=0; ready
2026-06-03T18:12:26.8372868+00:00	StartPipeline	Layer07Node01	Layer07Node01
2026-06-03T18:12:26.8730126+00:00	WorkerEvent	Layer06Node08	PipelineStarted; ExitCode=0; pipeline started
2026-06-03T18:12:26.8785862+00:00	WorkerEvent	Layer06Node08.export-l06-n08	TaskReady; ExitCode=0; 
2026-06-03T18:12:26.8844735+00:00	GrantTask	Layer06Node08.export-l06-n08	Layer06Node08.export-l06-n08; GrantId=grant-88; Attempt=1
2026-06-03T18:12:26.9175381+00:00	WorkerEvent	Layer07Node05	PipelineStarted; ExitCode=0; pipeline started
2026-06-03T18:12:26.9192765+00:00	WorkerEvent	Layer06Node08.export-l06-n08	GrantAccepted; ExitCode=0; 
2026-06-03T18:12:26.9209679+00:00	WorkerEvent	Layer07Node05.select-l07-n05	TaskReady; ExitCode=0; 
2026-06-03T18:12:26.9224872+00:00	WorkerEvent	Layer06Node08.export-l06-n08	TaskStarted; ExitCode=0; 
2026-06-03T18:12:26.9540758+00:00	GrantTask	Layer07Node05.select-l07-n05	Layer07Node05.select-l07-n05; GrantId=grant-89; Attempt=1
2026-06-03T18:12:26.9558463+00:00	WorkerEvent	Layer07Node05.select-l07-n05	GrantAccepted; ExitCode=0; 
2026-06-03T18:12:26.9620705+00:00	WorkerEvent	Layer07Node05.select-l07-n05	TaskStarted; ExitCode=0; 
2026-06-03T18:12:27.3731236+00:00	WorkerEvent	Layer05Node06.export-l05-n06	TaskSucceeded; ExitCode=0; 
2026-06-03T18:12:27.3776233+00:00	TaskSucceeded	Layer05Node06.export-l05-n06	0
2026-06-03T18:12:27.3827229+00:00	GrantTask	Layer05Hub.hub-l05-stage	Layer05Hub.hub-l05-stage; GrantId=grant-90; Attempt=1
2026-06-03T18:12:27.4260489+00:00	WorkerEvent	Layer05Hub.hub-l05-stage	GrantAccepted; ExitCode=0; 
2026-06-03T18:12:27.4315651+00:00	WorkerEvent	Layer05Hub.hub-l05-stage	TaskStarted; ExitCode=0; 
2026-06-03T18:12:27.5172177+00:00	WorkerEvent	Layer05Node06	Closed; ExitCode=0; 
2026-06-03T18:12:27.5214457+00:00	PipelineCompleted	Layer05Node06	
2026-06-03T18:12:27.5249916+00:00	WorkerStarting	Layer07Node03	meta-pipeline
2026-06-03T18:12:28.2469033+00:00	WorkerStarted	Layer07Node03	536
2026-06-03T18:12:28.2568014+00:00	WorkerControlPipe	Layer07Node03	meta-orchestration-29d3090ff5d24d2598f114bb27debe2d
2026-06-03T18:12:28.2781113+00:00	WorkerLog	Layer07Node03	stdout=C:\Users\jimmy\Desktop\meta-bi\Samples\Demos\MetaOrchestrationHairballCliIntegration\Runs\hairball-seed-20260530\RunArtifacts\runs\20260603-181047_f9520fe0ba0e47178389df2fe09b408e\logs\Layer07Node03-536.stdout.log; stderr=C:\Users\jimmy\Desktop\meta-bi\Samples\Demos\MetaOrchestrationHairballCliIntegration\Runs\hairball-seed-20260530\RunArtifacts\runs\20260603-181047_f9520fe0ba0e47178389df2fe09b408e\logs\Layer07Node03-536.stderr.log
2026-06-03T18:12:28.2853873+00:00	WorkerEvent	Layer06Node05.export-l06-n05	TaskSucceeded; ExitCode=0; 
2026-06-03T18:12:28.3056059+00:00	TaskSucceeded	Layer06Node05.export-l06-n05	0
2026-06-03T18:12:28.3080490+00:00	PipelineCompleted	Layer06Node05	
2026-06-03T18:12:28.3095307+00:00	WorkerEvent	Layer07Hub	PipelineStarted; ExitCode=0; pipeline started
2026-06-03T18:12:28.3120579+00:00	WorkerEvent	BridgeL07L08.bridge-l07-l08-collect	TaskSucceeded; ExitCode=0; 
2026-06-03T18:12:28.3139277+00:00	TaskSucceeded	BridgeL07L08.bridge-l07-l08-collect	0
2026-06-03T18:12:28.3181350+00:00	WorkerStarting	Layer07Node06	meta-pipeline
2026-06-03T18:12:29.0225598+00:00	WorkerStarted	Layer07Node06	7880
2026-06-03T18:12:29.0365787+00:00	WorkerControlPipe	Layer07Node06	meta-orchestration-50ca0eddf83848589fc7e6d6c2b252fc
2026-06-03T18:12:29.0377196+00:00	WorkerLog	Layer07Node06	stdout=C:\Users\jimmy\Desktop\meta-bi\Samples\Demos\MetaOrchestrationHairballCliIntegration\Runs\hairball-seed-20260530\RunArtifacts\runs\20260603-181047_f9520fe0ba0e47178389df2fe09b408e\logs\Layer07Node06-7880.stdout.log; stderr=C:\Users\jimmy\Desktop\meta-bi\Samples\Demos\MetaOrchestrationHairballCliIntegration\Runs\hairball-seed-20260530\RunArtifacts\runs\20260603-181047_f9520fe0ba0e47178389df2fe09b408e\logs\Layer07Node06-7880.stderr.log
2026-06-03T18:12:29.0387127+00:00	WorkerEvent	Layer07Node05.select-l07-n05	TaskSucceeded; ExitCode=0; 
2026-06-03T18:12:29.0401837+00:00	TaskSucceeded	Layer07Node05.select-l07-n05	0
2026-06-03T18:12:29.0425582+00:00	PipelineCompleted	Layer07Node05	
2026-06-03T18:12:29.0445898+00:00	WorkerEvent	Layer07Node03	WorkerOnline; ExitCode=0; online
2026-06-03T18:12:29.0462167+00:00	WorkerEvent	Layer07Hub.hub-l07-stage	TaskReady; ExitCode=0; 
2026-06-03T18:12:29.0481983+00:00	WorkerEvent	BridgeL07L08.bridge-l07-l08-north	TaskReady; ExitCode=0; 
2026-06-03T18:12:29.0523115+00:00	WorkerStarting	Layer08Hub	meta-pipeline
2026-06-03T18:12:29.6632909+00:00	WorkerStarted	Layer08Hub	18248
2026-06-03T18:12:29.6650069+00:00	WorkerControlPipe	Layer08Hub	meta-orchestration-6728290b506142318d13b0e826cb20e0
2026-06-03T18:12:29.6659773+00:00	WorkerLog	Layer08Hub	stdout=C:\Users\jimmy\Desktop\meta-bi\Samples\Demos\MetaOrchestrationHairballCliIntegration\Runs\hairball-seed-20260530\RunArtifacts\runs\20260603-181047_f9520fe0ba0e47178389df2fe09b408e\logs\Layer08Hub-18248.stdout.log; stderr=C:\Users\jimmy\Desktop\meta-bi\Samples\Demos\MetaOrchestrationHairballCliIntegration\Runs\hairball-seed-20260530\RunArtifacts\runs\20260603-181047_f9520fe0ba0e47178389df2fe09b408e\logs\Layer08Hub-18248.stderr.log
2026-06-03T18:12:29.6670576+00:00	WorkerEvent	Layer06Node08.export-l06-n08	TaskSucceeded; ExitCode=0; 
2026-06-03T18:12:29.6684667+00:00	TaskSucceeded	Layer06Node08.export-l06-n08	0
2026-06-03T18:12:29.6698868+00:00	PipelineCompleted	Layer06Node08	
2026-06-03T18:12:29.6708341+00:00	WorkerEvent	Layer07Node06	WorkerOnline; ExitCode=0; online
2026-06-03T18:12:29.6722652+00:00	WorkerEvent	Layer07Node03	WorkerReady; ExitCode=0; ready
2026-06-03T18:12:29.6750286+00:00	StartPipeline	Layer07Node03	Layer07Node03
2026-06-03T18:12:29.6767582+00:00	WorkerEvent	Layer07Node06	WorkerReady; ExitCode=0; ready
2026-06-03T18:12:29.7522601+00:00	StartPipeline	Layer07Node06	Layer07Node06
2026-06-03T18:12:29.7538059+00:00	WorkerEvent	Layer05Hub.hub-l05-stage	TaskSucceeded; ExitCode=0; 
2026-06-03T18:12:29.7553472+00:00	TaskSucceeded	Layer05Hub.hub-l05-stage	0
2026-06-03T18:12:29.7565156+00:00	WorkerEvent	Layer08Hub	WorkerOnline; ExitCode=0; online
2026-06-03T18:12:29.7641475+00:00	GrantTask	BridgeL05L06.bridge-l05-l06-collect	BridgeL05L06.bridge-l05-l06-collect; GrantId=grant-91; Attempt=1
2026-06-03T18:12:29.7653082+00:00	GrantTask	Layer06Hub.hub-l06-stage	Layer06Hub.hub-l06-stage; GrantId=grant-92; Attempt=1
2026-06-03T18:12:29.7662060+00:00	WorkerStarting	Layer08Node01	meta-pipeline
2026-06-03T18:12:30.3474666+00:00	WorkerStarted	Layer08Node01	11068
2026-06-03T18:12:30.3485267+00:00	WorkerControlPipe	Layer08Node01	meta-orchestration-b5e80e869e9945278b12515f0414e458
2026-06-03T18:12:30.3503769+00:00	WorkerLog	Layer08Node01	stdout=C:\Users\jimmy\Desktop\meta-bi\Samples\Demos\MetaOrchestrationHairballCliIntegration\Runs\hairball-seed-20260530\RunArtifacts\runs\20260603-181047_f9520fe0ba0e47178389df2fe09b408e\logs\Layer08Node01-11068.stdout.log; stderr=C:\Users\jimmy\Desktop\meta-bi\Samples\Demos\MetaOrchestrationHairballCliIntegration\Runs\hairball-seed-20260530\RunArtifacts\runs\20260603-181047_f9520fe0ba0e47178389df2fe09b408e\logs\Layer08Node01-11068.stderr.log
2026-06-03T18:12:30.3535210+00:00	WorkerEvent	Layer06Hub.hub-l06-stage	GrantAccepted; ExitCode=0; 
2026-06-03T18:12:30.3553421+00:00	WorkerEvent	Layer05Hub.hub-l05-curate	TaskReady; ExitCode=0; 
2026-06-03T18:12:30.3571186+00:00	WorkerEvent	Layer06Hub.hub-l06-stage	TaskStarted; ExitCode=0; 
2026-06-03T18:12:30.3588383+00:00	WorkerEvent	Layer08Hub	WorkerReady; ExitCode=0; ready
2026-06-03T18:12:30.3606465+00:00	StartPipeline	Layer08Hub	Layer08Hub
2026-06-03T18:12:30.3620363+00:00	WorkerEvent	Layer07Node01	PipelineStarted; ExitCode=0; pipeline started
2026-06-03T18:12:30.3689978+00:00	WorkerEvent	BridgeL05L06.bridge-l05-l06-collect	GrantAccepted; ExitCode=0; 
2026-06-03T18:12:30.3751391+00:00	WorkerEvent	Layer07Node01.select-l07-n01	TaskReady; ExitCode=0; 
2026-06-03T18:12:30.3783589+00:00	WorkerEvent	BridgeL05L06.bridge-l05-l06-collect	TaskStarted; ExitCode=0; 
2026-06-03T18:12:30.3827090+00:00	GrantTask	Layer05Hub.hub-l05-curate	Layer05Hub.hub-l05-curate; GrantId=grant-93; Attempt=1
2026-06-03T18:12:30.3841830+00:00	GrantTask	Layer07Node01.select-l07-n01	Layer07Node01.select-l07-n01; GrantId=grant-94; Attempt=1
2026-06-03T18:12:30.3876734+00:00	WorkerEvent	Layer07Node01.select-l07-n01	GrantAccepted; ExitCode=0; 
2026-06-03T18:12:30.3959579+00:00	WorkerEvent	Layer07Node01.select-l07-n01	TaskStarted; ExitCode=0; 
2026-06-03T18:12:30.5712587+00:00	WorkerEvent	Layer08Node01	WorkerOnline; ExitCode=0; online
2026-06-03T18:12:30.5854952+00:00	WorkerEvent	Layer05Hub.hub-l05-curate	GrantAccepted; ExitCode=0; 
2026-06-03T18:12:30.5887280+00:00	WorkerEvent	Layer08Node01	WorkerReady; ExitCode=0; ready
2026-06-03T18:12:30.6714303+00:00	StartPipeline	Layer08Node01	Layer08Node01
2026-06-03T18:12:30.6771202+00:00	WorkerEvent	Layer05Hub.hub-l05-curate	TaskStarted; ExitCode=0; 
2026-06-03T18:12:31.0052021+00:00	WorkerEvent	Layer05Hub.hub-l05-curate	TaskSucceeded; ExitCode=0; 
2026-06-03T18:12:31.0133634+00:00	TaskSucceeded	Layer05Hub.hub-l05-curate	0
2026-06-03T18:12:31.0231563+00:00	WorkerEvent	Layer05Hub.hub-l05-publish	TaskReady; ExitCode=0; 
2026-06-03T18:12:31.0605303+00:00	GrantTask	Layer05Hub.hub-l05-publish	Layer05Hub.hub-l05-publish; GrantId=grant-95; Attempt=1
2026-06-03T18:12:31.0681544+00:00	WorkerEvent	Layer05Hub.hub-l05-publish	GrantAccepted; ExitCode=0; 
2026-06-03T18:12:31.0772275+00:00	WorkerEvent	Layer05Hub.hub-l05-publish	TaskStarted; ExitCode=0; 
2026-06-03T18:12:32.3316997+00:00	WorkerEvent	Layer07Node06	PipelineStarted; ExitCode=0; pipeline started
2026-06-03T18:12:32.3452963+00:00	WorkerEvent	Layer07Node06.export-l07-n06	TaskReady; ExitCode=0; 
2026-06-03T18:12:32.3743652+00:00	WorkerEvent	Layer07Node03	PipelineStarted; ExitCode=0; pipeline started
2026-06-03T18:12:32.3798283+00:00	WorkerEvent	Layer07Node03.refresh-l07-n03	TaskReady; ExitCode=0; 
2026-06-03T18:12:32.3836942+00:00	WorkerEvent	Layer06Hub.hub-l06-stage	TaskSucceeded; ExitCode=0; 
2026-06-03T18:12:32.3846120+00:00	TaskSucceeded	Layer06Hub.hub-l06-stage	0
2026-06-03T18:12:32.3879678+00:00	WorkerEvent	Layer05Hub.hub-l05-publish	TaskSucceeded; ExitCode=0; 
2026-06-03T18:12:32.3977171+00:00	TaskSucceeded	Layer05Hub.hub-l05-publish	0
2026-06-03T18:12:32.4022784+00:00	PipelineCompleted	Layer05Hub	
2026-06-03T18:12:32.4034928+00:00	WorkerEvent	Layer06Hub.hub-l06-curate	TaskReady; ExitCode=0; 
2026-06-03T18:12:32.4089529+00:00	GrantTask	Layer06Hub.hub-l06-curate	Layer06Hub.hub-l06-curate; GrantId=grant-96; Attempt=1
2026-06-03T18:12:32.4118177+00:00	GrantTask	Layer07Node03.refresh-l07-n03	Layer07Node03.refresh-l07-n03; GrantId=grant-97; Attempt=1
2026-06-03T18:12:32.4380861+00:00	WorkerStarting	Layer08Node02	meta-pipeline
2026-06-03T18:12:32.6629108+00:00	WorkerStarted	Layer08Node02	6648
2026-06-03T18:12:32.6654534+00:00	WorkerControlPipe	Layer08Node02	meta-orchestration-d2e718a29ee140bc8f00e74e747e5134
2026-06-03T18:12:32.6680222+00:00	WorkerLog	Layer08Node02	stdout=C:\Users\jimmy\Desktop\meta-bi\Samples\Demos\MetaOrchestrationHairballCliIntegration\Runs\hairball-seed-20260530\RunArtifacts\runs\20260603-181047_f9520fe0ba0e47178389df2fe09b408e\logs\Layer08Node02-6648.stdout.log; stderr=C:\Users\jimmy\Desktop\meta-bi\Samples\Demos\MetaOrchestrationHairballCliIntegration\Runs\hairball-seed-20260530\RunArtifacts\runs\20260603-181047_f9520fe0ba0e47178389df2fe09b408e\logs\Layer08Node02-6648.stderr.log
2026-06-03T18:12:32.6708816+00:00	WorkerEvent	Layer06Hub.hub-l06-curate	GrantAccepted; ExitCode=0; 
2026-06-03T18:12:32.6801970+00:00	WorkerEvent	Layer08Node01	PipelineStarted; ExitCode=0; pipeline started
2026-06-03T18:12:32.6863333+00:00	WorkerEvent	Layer06Hub.hub-l06-curate	TaskStarted; ExitCode=0; 
2026-06-03T18:12:32.6975274+00:00	WorkerEvent	Layer08Node01.refresh-l08-n01	TaskReady; ExitCode=0; 
2026-06-03T18:12:32.7007114+00:00	WorkerEvent	Layer07Node03.refresh-l07-n03	GrantAccepted; ExitCode=0; 
2026-06-03T18:12:32.7018383+00:00	WorkerEvent	Layer07Node01.select-l07-n01	TaskSucceeded; ExitCode=0; 
2026-06-03T18:12:32.7025826+00:00	TaskSucceeded	Layer07Node01.select-l07-n01	0
2026-06-03T18:12:32.7032832+00:00	PipelineCompleted	Layer07Node01	
2026-06-03T18:12:32.7038755+00:00	WorkerEvent	BridgeL05L06.bridge-l05-l06-collect	TaskSucceeded; ExitCode=0; 
2026-06-03T18:12:32.7045659+00:00	TaskSucceeded	BridgeL05L06.bridge-l05-l06-collect	0
2026-06-03T18:12:32.7053214+00:00	WorkerEvent	Layer08Node02	WorkerOnline; ExitCode=0; online
2026-06-03T18:12:32.7063237+00:00	WorkerEvent	Layer07Node03.refresh-l07-n03	TaskStarted; ExitCode=0; 
2026-06-03T18:12:32.7200665+00:00	WorkerEvent	Layer08Node02	WorkerReady; ExitCode=0; ready
2026-06-03T18:12:32.7217528+00:00	StartPipeline	Layer08Node02	Layer08Node02
2026-06-03T18:12:32.7228378+00:00	WorkerEvent	BridgeL05L06.bridge-l05-l06-north	TaskReady; ExitCode=0; 
2026-06-03T18:12:32.7256031+00:00	GrantTask	BridgeL05L06.bridge-l05-l06-north	BridgeL05L06.bridge-l05-l06-north; GrantId=grant-98; Attempt=1
2026-06-03T18:12:32.7262296+00:00	GrantTask	BridgeL07L08.bridge-l07-l08-north	BridgeL07L08.bridge-l07-l08-north; GrantId=grant-99; Attempt=1
2026-06-03T18:12:32.7269215+00:00	GrantTask	CompositeMart.composite-stage	CompositeMart.composite-stage; GrantId=grant-100; Attempt=1
2026-06-03T18:12:32.7306453+00:00	GrantTask	Layer07Node06.export-l07-n06	Layer07Node06.export-l07-n06; GrantId=grant-101; Attempt=1
2026-06-03T18:12:32.7323285+00:00	GrantTask	Layer08Node01.refresh-l08-n01	Layer08Node01.refresh-l08-n01; GrantId=grant-102; Attempt=1
2026-06-03T18:12:32.7329397+00:00	WorkerStarting	Layer08Node03	meta-pipeline
2026-06-03T18:12:33.0206572+00:00	WorkerStarted	Layer08Node03	16256
2026-06-03T18:12:33.0318512+00:00	WorkerControlPipe	Layer08Node03	meta-orchestration-a700eb89db1241babe4b73daaf9aa24f
2026-06-03T18:12:33.0343765+00:00	WorkerLog	Layer08Node03	stdout=C:\Users\jimmy\Desktop\meta-bi\Samples\Demos\MetaOrchestrationHairballCliIntegration\Runs\hairball-seed-20260530\RunArtifacts\runs\20260603-181047_f9520fe0ba0e47178389df2fe09b408e\logs\Layer08Node03-16256.stdout.log; stderr=C:\Users\jimmy\Desktop\meta-bi\Samples\Demos\MetaOrchestrationHairballCliIntegration\Runs\hairball-seed-20260530\RunArtifacts\runs\20260603-181047_f9520fe0ba0e47178389df2fe09b408e\logs\Layer08Node03-16256.stderr.log
2026-06-03T18:12:33.0371419+00:00	WorkerEvent	Layer06Hub.hub-l06-curate	TaskSucceeded; ExitCode=0; 
2026-06-03T18:12:33.0508761+00:00	TaskSucceeded	Layer06Hub.hub-l06-curate	0
2026-06-03T18:12:33.0534814+00:00	WorkerEvent	Layer08Node01.refresh-l08-n01	GrantAccepted; ExitCode=0; 
2026-06-03T18:12:33.0575319+00:00	WorkerEvent	Layer06Hub.hub-l06-publish	TaskReady; ExitCode=0; 
2026-06-03T18:12:33.0650716+00:00	WorkerEvent	Layer08Node01.refresh-l08-n01	TaskStarted; ExitCode=0; 
2026-06-03T18:12:33.0793360+00:00	WorkerEvent	CompositeMart.composite-stage	GrantAccepted; ExitCode=0; 
2026-06-03T18:12:33.0831235+00:00	WorkerEvent	Layer07Node06.export-l07-n06	GrantAccepted; ExitCode=0; 
2026-06-03T18:12:33.0922562+00:00	WorkerEvent	CompositeMart.composite-stage	TaskStarted; ExitCode=0; 
2026-06-03T18:12:33.0956600+00:00	WorkerEvent	Layer08Node03	WorkerOnline; ExitCode=0; online
2026-06-03T18:12:33.0988321+00:00	WorkerEvent	Layer07Node06.export-l07-n06	TaskStarted; ExitCode=0; 
2026-06-03T18:12:33.0996899+00:00	WorkerEvent	BridgeL07L08.bridge-l07-l08-north	GrantAccepted; ExitCode=0; 
2026-06-03T18:12:33.1004499+00:00	WorkerEvent	BridgeL05L06.bridge-l05-l06-north	GrantAccepted; ExitCode=0; 
2026-06-03T18:12:33.1018291+00:00	GrantTask	Layer06Hub.hub-l06-publish	Layer06Hub.hub-l06-publish; GrantId=grant-103; Attempt=1
2026-06-03T18:12:33.1022894+00:00	WorkerDeferredForCapacity	AuditHairball	Deferred by orchestration to honor max active worker process capacity.
2026-06-03T18:12:33.1026467+00:00	StopPipeline	AuditHairball	Deferred by orchestration to honor max active worker process capacity.
2026-06-03T18:12:33.1192214+00:00	WorkerEvent	Layer08Node03	WorkerReady; ExitCode=0; ready
2026-06-03T18:12:33.1334368+00:00	StartPipeline	Layer08Node03	Layer08Node03
2026-06-03T18:12:33.1342380+00:00	WorkerEvent	Layer06Hub.hub-l06-publish	GrantAccepted; ExitCode=0; 
2026-06-03T18:12:33.1349238+00:00	WorkerEvent	BridgeL07L08.bridge-l07-l08-north	TaskStarted; ExitCode=0; 
2026-06-03T18:12:33.1355437+00:00	WorkerEvent	Layer06Hub.hub-l06-publish	TaskStarted; ExitCode=0; 
2026-06-03T18:12:33.1361453+00:00	WorkerEvent	BridgeL05L06.bridge-l05-l06-north	TaskStarted; ExitCode=0; 
2026-06-03T18:12:33.1373154+00:00	WorkerDeferredForCapacity	Layer07Hub	Deferred by orchestration to honor max active worker process capacity.
2026-06-03T18:12:33.1470098+00:00	StopPipeline	Layer07Hub	Deferred by orchestration to honor max active worker process capacity.
2026-06-03T18:12:33.2358973+00:00	WorkerEvent	AuditHairball	Closed; ExitCode=0; 
2026-06-03T18:12:33.2369651+00:00	WorkerDeferred	AuditHairball	ResumeTaskId=AuditHairball.audit-hairball
2026-06-03T18:12:33.2374249+00:00	WorkerEvent	Layer08Hub	PipelineStarted; ExitCode=0; pipeline started
2026-06-03T18:12:33.2386271+00:00	WorkerStarting	Layer08Node04	meta-pipeline
2026-06-03T18:12:33.9032903+00:00	WorkerStarted	Layer08Node04	6692
2026-06-03T18:12:33.9071888+00:00	WorkerControlPipe	Layer08Node04	meta-orchestration-60f5681e295e4ed1b93995ba364a85d1
2026-06-03T18:12:33.9077631+00:00	WorkerLog	Layer08Node04	stdout=C:\Users\jimmy\Desktop\meta-bi\Samples\Demos\MetaOrchestrationHairballCliIntegration\Runs\hairball-seed-20260530\RunArtifacts\runs\20260603-181047_f9520fe0ba0e47178389df2fe09b408e\logs\Layer08Node04-6692.stdout.log; stderr=C:\Users\jimmy\Desktop\meta-bi\Samples\Demos\MetaOrchestrationHairballCliIntegration\Runs\hairball-seed-20260530\RunArtifacts\runs\20260603-181047_f9520fe0ba0e47178389df2fe09b408e\logs\Layer08Node04-6692.stderr.log
2026-06-03T18:12:33.9141674+00:00	WorkerEvent	Layer06Hub.hub-l06-publish	TaskSucceeded; ExitCode=0; 
2026-06-03T18:12:33.9173228+00:00	TaskSucceeded	Layer06Hub.hub-l06-publish	0
2026-06-03T18:12:33.9179917+00:00	PipelineCompleted	Layer06Hub	
2026-06-03T18:12:33.9185452+00:00	WorkerEvent	Layer08Hub.hub-l08-stage	TaskReady; ExitCode=0; 
2026-06-03T18:12:33.9192103+00:00	WorkerEvent	Layer07Hub	Closed; ExitCode=0; 
2026-06-03T18:12:33.9197910+00:00	WorkerDeferred	Layer07Hub	ResumeTaskId=Layer07Hub.hub-l07-stage
2026-06-03T18:12:33.9201435+00:00	WorkerEvent	BridgeL07L08.bridge-l07-l08-north	TaskSucceeded; ExitCode=0; 
2026-06-03T18:12:33.9207958+00:00	TaskSucceeded	BridgeL07L08.bridge-l07-l08-north	0
2026-06-03T18:12:33.9216049+00:00	WorkerEvent	BridgeL05L06.bridge-l05-l06-north	TaskSucceeded; ExitCode=0; 
2026-06-03T18:12:33.9227802+00:00	TaskSucceeded	BridgeL05L06.bridge-l05-l06-north	0
2026-06-03T18:12:33.9249044+00:00	WorkerStarting	Layer08Node08	meta-pipeline
2026-06-03T18:12:34.3421973+00:00	WorkerStarted	Layer08Node08	8312
2026-06-03T18:12:34.3430502+00:00	WorkerControlPipe	Layer08Node08	meta-orchestration-df147fc09fb64c0c9041df910def46fc
2026-06-03T18:12:34.3440462+00:00	WorkerLog	Layer08Node08	stdout=C:\Users\jimmy\Desktop\meta-bi\Samples\Demos\MetaOrchestrationHairballCliIntegration\Runs\hairball-seed-20260530\RunArtifacts\runs\20260603-181047_f9520fe0ba0e47178389df2fe09b408e\logs\Layer08Node08-8312.stdout.log; stderr=C:\Users\jimmy\Desktop\meta-bi\Samples\Demos\MetaOrchestrationHairballCliIntegration\Runs\hairball-seed-20260530\RunArtifacts\runs\20260603-181047_f9520fe0ba0e47178389df2fe09b408e\logs\Layer08Node08-8312.stderr.log
2026-06-03T18:12:34.3448269+00:00	WorkerEvent	Layer08Node01.refresh-l08-n01	TaskSucceeded; ExitCode=0; 
2026-06-03T18:12:34.3457279+00:00	TaskSucceeded	Layer08Node01.refresh-l08-n01	0
2026-06-03T18:12:34.3477087+00:00	PipelineCompleted	Layer08Node01	
2026-06-03T18:12:34.3484798+00:00	WorkerEvent	CompositeMart.composite-stage	TaskSucceeded; ExitCode=0; 
2026-06-03T18:12:34.3493878+00:00	TaskSucceeded	CompositeMart.composite-stage	0
2026-06-03T18:12:34.3499356+00:00	WorkerEvent	BridgeL07L08.bridge-l07-l08-south	TaskReady; ExitCode=0; 
2026-06-03T18:12:34.3506863+00:00	WorkerEvent	Layer08Node04	WorkerOnline; ExitCode=0; online
2026-06-03T18:12:34.3513519+00:00	WorkerEvent	BridgeL05L06.bridge-l05-l06-south	TaskReady; ExitCode=0; 
2026-06-03T18:12:34.3528304+00:00	GrantTask	BridgeL05L06.bridge-l05-l06-south	BridgeL05L06.bridge-l05-l06-south; GrantId=grant-104; Attempt=1
2026-06-03T18:12:34.3533206+00:00	GrantTask	BridgeL07L08.bridge-l07-l08-south	BridgeL07L08.bridge-l07-l08-south; GrantId=grant-105; Attempt=1
2026-06-03T18:12:34.3538331+00:00	WorkerStarting	RegionalMart02	meta-pipeline
2026-06-03T18:12:34.6285958+00:00	WorkerStarted	RegionalMart02	8640
2026-06-03T18:12:34.6333352+00:00	WorkerControlPipe	RegionalMart02	meta-orchestration-910aaeb64b374f3da1e51e7032ee6e0f
2026-06-03T18:12:34.6346071+00:00	WorkerLog	RegionalMart02	stdout=C:\Users\jimmy\Desktop\meta-bi\Samples\Demos\MetaOrchestrationHairballCliIntegration\Runs\hairball-seed-20260530\RunArtifacts\runs\20260603-181047_f9520fe0ba0e47178389df2fe09b408e\logs\RegionalMart02-8640.stdout.log; stderr=C:\Users\jimmy\Desktop\meta-bi\Samples\Demos\MetaOrchestrationHairballCliIntegration\Runs\hairball-seed-20260530\RunArtifacts\runs\20260603-181047_f9520fe0ba0e47178389df2fe09b408e\logs\RegionalMart02-8640.stderr.log
2026-06-03T18:12:34.6354743+00:00	WorkerEvent	CompositeMart.composite-curate	TaskReady; ExitCode=0; 
2026-06-03T18:12:34.6408010+00:00	WorkerEvent	Layer08Node02	PipelineStarted; ExitCode=0; pipeline started
2026-06-03T18:12:34.6425534+00:00	WorkerEvent	Layer07Node03.refresh-l07-n03	TaskSucceeded; ExitCode=0; 
2026-06-03T18:12:34.6440322+00:00	TaskSucceeded	Layer07Node03.refresh-l07-n03	0
2026-06-03T18:12:34.6457200+00:00	PipelineCompleted	Layer07Node03	
2026-06-03T18:12:34.6467136+00:00	WorkerEvent	Layer08Node02.select-l08-n02	TaskReady; ExitCode=0; 
2026-06-03T18:12:34.6528760+00:00	WorkerEvent	Layer08Node08	WorkerOnline; ExitCode=0; online
2026-06-03T18:12:34.6545798+00:00	WorkerEvent	BridgeL07L08.bridge-l07-l08-south	GrantAccepted; ExitCode=0; 
2026-06-03T18:12:34.6555316+00:00	WorkerEvent	Layer08Node04	WorkerReady; ExitCode=0; ready
2026-06-03T18:12:34.6574780+00:00	StartPipeline	Layer08Node04	Layer08Node04
2026-06-03T18:12:34.6586849+00:00	WorkerEvent	Layer08Node08	WorkerReady; ExitCode=0; ready
2026-06-03T18:12:34.6808881+00:00	StartPipeline	Layer08Node08	Layer08Node08
2026-06-03T18:12:34.7173917+00:00	WorkerEvent	RegionalMart02	WorkerOnline; ExitCode=0; online
2026-06-03T18:12:34.7372220+00:00	WorkerEvent	BridgeL07L08.bridge-l07-l08-south	TaskStarted; ExitCode=0; 
2026-06-03T18:12:34.7484455+00:00	WorkerEvent	RegionalMart02	WorkerReady; ExitCode=0; ready
2026-06-03T18:12:34.7502569+00:00	StartPipeline	RegionalMart02	RegionalMart02
2026-06-03T18:12:34.7512393+00:00	WorkerEvent	BridgeL05L06.bridge-l05-l06-south	GrantAccepted; ExitCode=0; 
2026-06-03T18:12:34.7530461+00:00	GrantTask	Layer08Node02.select-l08-n02	Layer08Node02.select-l08-n02; GrantId=grant-106; Attempt=1
2026-06-03T18:12:34.7535056+00:00	WorkerResuming	AuditHairball	ResumeTaskId=AuditHairball.audit-hairball; Executable=meta-pipeline
2026-06-03T18:12:35.1807373+00:00	WorkerStarted	AuditHairball	28080
2026-06-03T18:12:35.1816250+00:00	WorkerControlPipe	AuditHairball	meta-orchestration-1c922b701ad04c7e8258c9813d7b7fd7
2026-06-03T18:12:35.1833939+00:00	WorkerLog	AuditHairball	stdout=C:\Users\jimmy\Desktop\meta-bi\Samples\Demos\MetaOrchestrationHairballCliIntegration\Runs\hairball-seed-20260530\RunArtifacts\runs\20260603-181047_f9520fe0ba0e47178389df2fe09b408e\logs\AuditHairball-28080.stdout.log; stderr=C:\Users\jimmy\Desktop\meta-bi\Samples\Demos\MetaOrchestrationHairballCliIntegration\Runs\hairball-seed-20260530\RunArtifacts\runs\20260603-181047_f9520fe0ba0e47178389df2fe09b408e\logs\AuditHairball-28080.stderr.log
2026-06-03T18:12:35.1987118+00:00	WorkerEvent	Layer07Node06.export-l07-n06	TaskSucceeded; ExitCode=0; 
2026-06-03T18:12:35.2020269+00:00	TaskSucceeded	Layer07Node06.export-l07-n06	0
2026-06-03T18:12:35.2152035+00:00	PipelineCompleted	Layer07Node06	
2026-06-03T18:12:35.2177314+00:00	WorkerEvent	Layer08Node02.select-l08-n02	GrantAccepted; ExitCode=0; 
2026-06-03T18:12:35.2229422+00:00	WorkerEvent	AuditHairball	WorkerOnline; ExitCode=0; online
2026-06-03T18:12:35.2257164+00:00	WorkerEvent	Layer08Node02.select-l08-n02	TaskStarted; ExitCode=0; 
2026-06-03T18:12:35.2326230+00:00	WorkerEvent	Layer08Node03	PipelineStarted; ExitCode=0; pipeline started
2026-06-03T18:12:35.2342109+00:00	WorkerEvent	BridgeL07L08.bridge-l07-l08-south	TaskSucceeded; ExitCode=0; 
2026-06-03T18:12:35.2357958+00:00	TaskSucceeded	BridgeL07L08.bridge-l07-l08-south	0
2026-06-03T18:12:35.2364783+00:00	PipelineCompleted	BridgeL07L08	
2026-06-03T18:12:35.2370123+00:00	WorkerEvent	AuditHairball	WorkerReady; ExitCode=0; ready
2026-06-03T18:12:35.2556291+00:00	StartPipeline	AuditHairball	AuditHairball
2026-06-03T18:12:35.2579175+00:00	WorkerEvent	Layer08Node03.export-l08-n03	TaskReady; ExitCode=0; 
2026-06-03T18:12:35.2595158+00:00	WorkerEvent	BridgeL05L06.bridge-l05-l06-south	TaskStarted; ExitCode=0; 
2026-06-03T18:12:35.2621930+00:00	GrantTask	Layer08Node03.export-l08-n03	Layer08Node03.export-l08-n03; GrantId=grant-107; Attempt=1
2026-06-03T18:12:35.2630945+00:00	WorkerResuming	Layer07Hub	ResumeTaskId=Layer07Hub.hub-l07-stage; Executable=meta-pipeline
2026-06-03T18:12:35.7187295+00:00	WorkerStarted	Layer07Hub	26120
2026-06-03T18:12:35.7192837+00:00	WorkerControlPipe	Layer07Hub	meta-orchestration-430c134105e741ea92ad09c79feb11e2
2026-06-03T18:12:35.7196497+00:00	WorkerLog	Layer07Hub	stdout=C:\Users\jimmy\Desktop\meta-bi\Samples\Demos\MetaOrchestrationHairballCliIntegration\Runs\hairball-seed-20260530\RunArtifacts\runs\20260603-181047_f9520fe0ba0e47178389df2fe09b408e\logs\Layer07Hub-26120.stdout.log; stderr=C:\Users\jimmy\Desktop\meta-bi\Samples\Demos\MetaOrchestrationHairballCliIntegration\Runs\hairball-seed-20260530\RunArtifacts\runs\20260603-181047_f9520fe0ba0e47178389df2fe09b408e\logs\Layer07Hub-26120.stderr.log
2026-06-03T18:12:35.7201673+00:00	WorkerEvent	Layer08Node03.export-l08-n03	GrantAccepted; ExitCode=0; 
2026-06-03T18:12:35.7211767+00:00	WorkerEvent	BridgeL05L06.bridge-l05-l06-south	TaskSucceeded; ExitCode=0; 
2026-06-03T18:12:35.7222036+00:00	TaskSucceeded	BridgeL05L06.bridge-l05-l06-south	0
2026-06-03T18:12:35.7229472+00:00	PipelineCompleted	BridgeL05L06	
2026-06-03T18:12:35.7234553+00:00	WorkerEvent	Layer08Node03.export-l08-n03	TaskStarted; ExitCode=0; 
2026-06-03T18:12:35.7250709+00:00	WorkerStarting	PublishHairballFinal	meta-pipeline
2026-06-03T18:12:36.0176442+00:00	WorkerStarted	PublishHairballFinal	22416
2026-06-03T18:12:36.0183915+00:00	WorkerControlPipe	PublishHairballFinal	meta-orchestration-93deb8e4fe0843939e27f87c4c810f76
2026-06-03T18:12:36.0190658+00:00	WorkerLog	PublishHairballFinal	stdout=C:\Users\jimmy\Desktop\meta-bi\Samples\Demos\MetaOrchestrationHairballCliIntegration\Runs\hairball-seed-20260530\RunArtifacts\runs\20260603-181047_f9520fe0ba0e47178389df2fe09b408e\logs\PublishHairballFinal-22416.stdout.log; stderr=C:\Users\jimmy\Desktop\meta-bi\Samples\Demos\MetaOrchestrationHairballCliIntegration\Runs\hairball-seed-20260530\RunArtifacts\runs\20260603-181047_f9520fe0ba0e47178389df2fe09b408e\logs\PublishHairballFinal-22416.stderr.log
2026-06-03T18:12:36.0228876+00:00	WorkerEvent	Layer08Node08	PipelineStarted; ExitCode=0; pipeline started
2026-06-03T18:12:36.0250939+00:00	WorkerEvent	Layer07Hub	WorkerOnline; ExitCode=0; online
2026-06-03T18:12:36.0274549+00:00	WorkerStarting	RegionalMart01	meta-pipeline
2026-06-03T18:12:36.2321081+00:00	WorkerStarted	RegionalMart01	30204
2026-06-03T18:12:36.2326481+00:00	WorkerControlPipe	RegionalMart01	meta-orchestration-1d9bf09e5b784a148632a5e3d42325df
2026-06-03T18:12:36.2331759+00:00	WorkerLog	RegionalMart01	stdout=C:\Users\jimmy\Desktop\meta-bi\Samples\Demos\MetaOrchestrationHairballCliIntegration\Runs\hairball-seed-20260530\RunArtifacts\runs\20260603-181047_f9520fe0ba0e47178389df2fe09b408e\logs\RegionalMart01-30204.stdout.log; stderr=C:\Users\jimmy\Desktop\meta-bi\Samples\Demos\MetaOrchestrationHairballCliIntegration\Runs\hairball-seed-20260530\RunArtifacts\runs\20260603-181047_f9520fe0ba0e47178389df2fe09b408e\logs\RegionalMart01-30204.stderr.log
2026-06-03T18:12:36.2340630+00:00	WorkerEvent	Layer08Node02.select-l08-n02	TaskSucceeded; ExitCode=0; 
2026-06-03T18:12:36.2352977+00:00	TaskSucceeded	Layer08Node02.select-l08-n02	0
2026-06-03T18:12:36.2360414+00:00	PipelineCompleted	Layer08Node02	
2026-06-03T18:12:36.2381783+00:00	WorkerEvent	Layer08Node08.refresh-l08-n08	TaskReady; ExitCode=0; 
2026-06-03T18:12:36.2656805+00:00	WorkerEvent	Layer07Hub	WorkerReady; ExitCode=0; ready
2026-06-03T18:12:36.2667954+00:00	StartPipeline	Layer07Hub	Layer07Hub
2026-06-03T18:12:36.2678203+00:00	WorkerEvent	Layer08Node04	PipelineStarted; ExitCode=0; pipeline started
2026-06-03T18:12:36.2718598+00:00	WorkerEvent	PublishHairballFinal	WorkerOnline; ExitCode=0; online
2026-06-03T18:12:36.2744934+00:00	WorkerEvent	Layer08Node04.select-l08-n04	TaskReady; ExitCode=0; 
2026-06-03T18:12:36.2752836+00:00	WorkerEvent	PublishHairballFinal	WorkerReady; ExitCode=0; ready
2026-06-03T18:12:36.2800594+00:00	StartPipeline	PublishHairballFinal	PublishHairballFinal
2026-06-03T18:12:36.2820132+00:00	WorkerEvent	RegionalMart01	WorkerOnline; ExitCode=0; online
2026-06-03T18:12:36.2903778+00:00	GrantTask	Layer08Node04.select-l08-n04	Layer08Node04.select-l08-n04; GrantId=grant-108; Attempt=1
2026-06-03T18:12:36.2946043+00:00	GrantTask	Layer08Node08.refresh-l08-n08	Layer08Node08.refresh-l08-n08; GrantId=grant-109; Attempt=1
2026-06-03T18:12:36.2952531+00:00	WorkerStarting	RegionalMart03	meta-pipeline
2026-06-03T18:12:36.5190942+00:00	WorkerStarted	RegionalMart03	30316
2026-06-03T18:12:36.5219968+00:00	WorkerControlPipe	RegionalMart03	meta-orchestration-133eae7cf02543ca8ba53382e777e1f0
2026-06-03T18:12:36.5226032+00:00	WorkerLog	RegionalMart03	stdout=C:\Users\jimmy\Desktop\meta-bi\Samples\Demos\MetaOrchestrationHairballCliIntegration\Runs\hairball-seed-20260530\RunArtifacts\runs\20260603-181047_f9520fe0ba0e47178389df2fe09b408e\logs\RegionalMart03-30316.stdout.log; stderr=C:\Users\jimmy\Desktop\meta-bi\Samples\Demos\MetaOrchestrationHairballCliIntegration\Runs\hairball-seed-20260530\RunArtifacts\runs\20260603-181047_f9520fe0ba0e47178389df2fe09b408e\logs\RegionalMart03-30316.stderr.log
2026-06-03T18:12:36.5230688+00:00	WorkerEvent	RegionalMart01	WorkerReady; ExitCode=0; ready
2026-06-03T18:12:36.5238899+00:00	StartPipeline	RegionalMart01	RegionalMart01
2026-06-03T18:12:36.5247702+00:00	WorkerEvent	Layer08Node08.refresh-l08-n08	GrantAccepted; ExitCode=0; 
2026-06-03T18:12:36.5257607+00:00	WorkerEvent	Layer08Node04.select-l08-n04	GrantAccepted; ExitCode=0; 
2026-06-03T18:12:36.5271059+00:00	WorkerStarting	RegionalMart04	meta-pipeline
2026-06-03T18:12:36.7841053+00:00	WorkerStarted	RegionalMart04	19144
2026-06-03T18:12:36.7856337+00:00	WorkerControlPipe	RegionalMart04	meta-orchestration-ee8f76377eec46f58dac290f846721e3
2026-06-03T18:12:36.7863600+00:00	WorkerLog	RegionalMart04	stdout=C:\Users\jimmy\Desktop\meta-bi\Samples\Demos\MetaOrchestrationHairballCliIntegration\Runs\hairball-seed-20260530\RunArtifacts\runs\20260603-181047_f9520fe0ba0e47178389df2fe09b408e\logs\RegionalMart04-19144.stdout.log; stderr=C:\Users\jimmy\Desktop\meta-bi\Samples\Demos\MetaOrchestrationHairballCliIntegration\Runs\hairball-seed-20260530\RunArtifacts\runs\20260603-181047_f9520fe0ba0e47178389df2fe09b408e\logs\RegionalMart04-19144.stderr.log
2026-06-03T18:12:36.7870450+00:00	WorkerEvent	RegionalMart02	PipelineStarted; ExitCode=0; pipeline started
2026-06-03T18:12:36.7882505+00:00	WorkerEvent	RegionalMart03	WorkerOnline; ExitCode=0; online
2026-06-03T18:12:36.7899220+00:00	WorkerEvent	AuditHairball	PipelineStarted; ExitCode=0; pipeline started
2026-06-03T18:12:36.7912165+00:00	WorkerEvent	Layer08Node03.export-l08-n03	TaskSucceeded; ExitCode=0; 
2026-06-03T18:12:36.7922219+00:00	TaskSucceeded	Layer08Node03.export-l08-n03	0
2026-06-03T18:12:36.7931075+00:00	PipelineCompleted	Layer08Node03	
2026-06-03T18:12:36.7955649+00:00	WorkerEvent	Layer08Node08.refresh-l08-n08	TaskStarted; ExitCode=0; 
2026-06-03T18:12:36.7963851+00:00	WorkerEvent	Layer08Node04.select-l08-n04	TaskStarted; ExitCode=0; 
2026-06-03T18:12:36.7974722+00:00	WorkerEvent	RegionalMart03	WorkerReady; ExitCode=0; ready
2026-06-03T18:12:36.8154888+00:00	StartPipeline	RegionalMart03	RegionalMart03
2026-06-03T18:12:36.8162895+00:00	WorkerEvent	RegionalMart02.regional-02-stage	TaskReady; ExitCode=0; 
2026-06-03T18:12:36.8168740+00:00	WorkerEvent	AuditHairball.audit-hairball	TaskReady; ExitCode=0; 
2026-06-03T18:12:36.8227971+00:00	GrantTask	RegionalMart02.regional-02-stage	RegionalMart02.regional-02-stage; GrantId=grant-110; Attempt=1
2026-06-03T18:12:36.8237828+00:00	WorkerEvent	RegionalMart02.regional-02-stage	GrantAccepted; ExitCode=0; 
2026-06-03T18:12:36.8256806+00:00	WorkerEvent	RegionalMart02.regional-02-stage	TaskStarted; ExitCode=0; 
2026-06-03T18:12:36.8270306+00:00	WorkerEvent	RegionalMart04	WorkerOnline; ExitCode=0; online
2026-06-03T18:12:36.8472834+00:00	WorkerEvent	RegionalMart04	WorkerReady; ExitCode=0; ready
2026-06-03T18:12:36.8551576+00:00	StartPipeline	RegionalMart04	RegionalMart04
2026-06-03T18:12:37.2746865+00:00	WorkerEvent	Layer08Node08.refresh-l08-n08	TaskSucceeded; ExitCode=0; 
2026-06-03T18:12:37.2758936+00:00	TaskSucceeded	Layer08Node08.refresh-l08-n08	0
2026-06-03T18:12:37.3230708+00:00	WorkerEvent	Layer08Node08	Closed; ExitCode=0; 
2026-06-03T18:12:37.3240664+00:00	PipelineCompleted	Layer08Node08	
2026-06-03T18:12:37.3983107+00:00	WorkerEvent	Layer08Node04.select-l08-n04	TaskSucceeded; ExitCode=0; 
2026-06-03T18:12:37.3991461+00:00	TaskSucceeded	Layer08Node04.select-l08-n04	0
2026-06-03T18:12:37.4003731+00:00	GrantTask	CompositeMart.composite-curate	CompositeMart.composite-curate; GrantId=grant-111; Attempt=1
2026-06-03T18:12:37.4020188+00:00	GrantTask	Layer08Hub.hub-l08-stage	Layer08Hub.hub-l08-stage; GrantId=grant-112; Attempt=1
2026-06-03T18:12:37.4060623+00:00	WorkerEvent	CompositeMart.composite-curate	GrantAccepted; ExitCode=0; 
2026-06-03T18:12:37.4092366+00:00	WorkerEvent	Layer08Hub.hub-l08-stage	GrantAccepted; ExitCode=0; 
2026-06-03T18:12:37.4103540+00:00	WorkerEvent	CompositeMart.composite-curate	TaskStarted; ExitCode=0; 
2026-06-03T18:12:37.4117132+00:00	WorkerEvent	Layer08Hub.hub-l08-stage	TaskStarted; ExitCode=0; 
2026-06-03T18:12:37.4665151+00:00	WorkerEvent	Layer08Node04	Closed; ExitCode=0; 
2026-06-03T18:12:37.4674277+00:00	PipelineCompleted	Layer08Node04	
2026-06-03T18:12:37.5232621+00:00	WorkerEvent	PublishHairballFinal	PipelineStarted; ExitCode=0; pipeline started
2026-06-03T18:12:37.5250922+00:00	WorkerEvent	PublishHairballFinal.publish-hairball-final	TaskReady; ExitCode=0; 
2026-06-03T18:12:37.5336949+00:00	WorkerEvent	CompositeMart.composite-curate	TaskSucceeded; ExitCode=0; 
2026-06-03T18:12:37.5348023+00:00	TaskSucceeded	CompositeMart.composite-curate	0
2026-06-03T18:12:37.5397196+00:00	WorkerEvent	CompositeMart.composite-reconcile	TaskReady; ExitCode=0; 
2026-06-03T18:12:37.5412432+00:00	GrantTask	CompositeMart.composite-reconcile	CompositeMart.composite-reconcile; GrantId=grant-113; Attempt=1
2026-06-03T18:12:37.5421430+00:00	WorkerEvent	CompositeMart.composite-reconcile	GrantAccepted; ExitCode=0; 
2026-06-03T18:12:37.5433706+00:00	WorkerEvent	CompositeMart.composite-reconcile	TaskStarted; ExitCode=0; 
2026-06-03T18:12:37.5614566+00:00	WorkerEvent	RegionalMart02.regional-02-stage	TaskSucceeded; ExitCode=0; 
2026-06-03T18:12:37.5623123+00:00	TaskSucceeded	RegionalMart02.regional-02-stage	0
2026-06-03T18:12:37.5631308+00:00	WorkerEvent	RegionalMart02.regional-02-curate	TaskReady; ExitCode=0; 
2026-06-03T18:12:37.5675305+00:00	GrantTask	RegionalMart02.regional-02-curate	RegionalMart02.regional-02-curate; GrantId=grant-114; Attempt=1
2026-06-03T18:12:37.5685725+00:00	WorkerEvent	RegionalMart02.regional-02-curate	GrantAccepted; ExitCode=0; 
2026-06-03T18:12:37.5704283+00:00	WorkerEvent	RegionalMart02.regional-02-curate	TaskStarted; ExitCode=0; 
2026-06-03T18:12:37.6725475+00:00	WorkerEvent	CompositeMart.composite-reconcile	TaskSucceeded; ExitCode=0; 
2026-06-03T18:12:37.6736018+00:00	TaskSucceeded	CompositeMart.composite-reconcile	0
2026-06-03T18:12:37.6749512+00:00	WorkerEvent	CompositeMart.composite-certify	TaskReady; ExitCode=0; 
2026-06-03T18:12:37.6784952+00:00	GrantTask	CompositeMart.composite-certify	CompositeMart.composite-certify; GrantId=grant-115; Attempt=1
2026-06-03T18:12:37.6794415+00:00	WorkerEvent	CompositeMart.composite-certify	GrantAccepted; ExitCode=0; 
2026-06-03T18:12:37.6806879+00:00	WorkerEvent	CompositeMart.composite-certify	TaskStarted; ExitCode=0; 
2026-06-03T18:12:37.7165886+00:00	WorkerEvent	RegionalMart02.regional-02-curate	TaskSucceeded; ExitCode=0; 
2026-06-03T18:12:37.7175455+00:00	TaskSucceeded	RegionalMart02.regional-02-curate	0
2026-06-03T18:12:37.7186708+00:00	WorkerEvent	RegionalMart02.regional-02-publish	TaskReady; ExitCode=0; 
2026-06-03T18:12:37.7236690+00:00	GrantTask	RegionalMart02.regional-02-publish	RegionalMart02.regional-02-publish; GrantId=grant-116; Attempt=1
2026-06-03T18:12:37.7249143+00:00	WorkerEvent	RegionalMart02.regional-02-publish	GrantAccepted; ExitCode=0; 
2026-06-03T18:12:37.7269557+00:00	WorkerEvent	RegionalMart02.regional-02-publish	TaskStarted; ExitCode=0; 
2026-06-03T18:12:37.7774940+00:00	WorkerEvent	CompositeMart.composite-certify	TaskSucceeded; ExitCode=0; 
2026-06-03T18:12:37.7784871+00:00	TaskSucceeded	CompositeMart.composite-certify	0
2026-06-03T18:12:37.7793940+00:00	WorkerEvent	CompositeMart.composite-publish	TaskReady; ExitCode=0; 
2026-06-03T18:12:37.7810257+00:00	GrantTask	CompositeMart.composite-publish	CompositeMart.composite-publish; GrantId=grant-117; Attempt=1
2026-06-03T18:12:37.7815653+00:00	WorkerEvent	CompositeMart.composite-publish	GrantAccepted; ExitCode=0; 
2026-06-03T18:12:37.7826094+00:00	WorkerEvent	CompositeMart.composite-publish	TaskStarted; ExitCode=0; 
2026-06-03T18:12:37.9226956+00:00	WorkerEvent	Layer07Hub	PipelineStarted; ExitCode=0; pipeline started
2026-06-03T18:12:37.9258542+00:00	WorkerEvent	Layer07Hub.hub-l07-stage	TaskReady; ExitCode=0; 
2026-06-03T18:12:37.9280195+00:00	GrantTask	Layer07Hub.hub-l07-stage	Layer07Hub.hub-l07-stage; GrantId=grant-118; Attempt=1
2026-06-03T18:12:37.9293971+00:00	WorkerEvent	Layer07Hub.hub-l07-stage	GrantAccepted; ExitCode=0; 
2026-06-03T18:12:37.9305599+00:00	WorkerEvent	Layer07Hub.hub-l07-stage	TaskStarted; ExitCode=0; 
2026-06-03T18:12:37.9636011+00:00	WorkerEvent	CompositeMart.composite-publish	TaskSucceeded; ExitCode=0; 
2026-06-03T18:12:37.9645758+00:00	TaskSucceeded	CompositeMart.composite-publish	0
2026-06-03T18:12:37.9652446+00:00	WorkerEvent	RegionalMart02.regional-02-publish	TaskSucceeded; ExitCode=0; 
2026-06-03T18:12:37.9664531+00:00	TaskSucceeded	RegionalMart02.regional-02-publish	0
2026-06-03T18:12:37.9676479+00:00	WorkerEvent	RegionalMart02.regional-02-audit	TaskReady; ExitCode=0; 
2026-06-03T18:12:37.9693742+00:00	GrantTask	RegionalMart02.regional-02-audit	RegionalMart02.regional-02-audit; GrantId=grant-119; Attempt=1
2026-06-03T18:12:37.9712294+00:00	WorkerEvent	RegionalMart02.regional-02-audit	GrantAccepted; ExitCode=0; 
2026-06-03T18:12:37.9728244+00:00	WorkerEvent	RegionalMart02.regional-02-audit	TaskStarted; ExitCode=0; 
2026-06-03T18:12:38.0312172+00:00	WorkerEvent	CompositeMart	Closed; ExitCode=0; 
2026-06-03T18:12:38.0322847+00:00	PipelineCompleted	CompositeMart	
2026-06-03T18:12:38.1417953+00:00	WorkerEvent	RegionalMart02.regional-02-audit	TaskSucceeded; ExitCode=0; 
2026-06-03T18:12:38.1433605+00:00	TaskSucceeded	RegionalMart02.regional-02-audit	0
2026-06-03T18:12:38.1926390+00:00	WorkerEvent	RegionalMart02	Closed; ExitCode=0; 
2026-06-03T18:12:38.1938887+00:00	PipelineCompleted	RegionalMart02	
2026-06-03T18:12:38.1980011+00:00	WorkerEvent	Layer08Hub.hub-l08-stage	TaskSucceeded; ExitCode=0; 
2026-06-03T18:12:38.1990407+00:00	TaskSucceeded	Layer08Hub.hub-l08-stage	0
2026-06-03T18:12:38.2003477+00:00	WorkerEvent	Layer08Hub.hub-l08-curate	TaskReady; ExitCode=0; 
2026-06-03T18:12:38.2064381+00:00	GrantTask	Layer08Hub.hub-l08-curate	Layer08Hub.hub-l08-curate; GrantId=grant-120; Attempt=1
2026-06-03T18:12:38.2076142+00:00	WorkerEvent	Layer08Hub.hub-l08-curate	GrantAccepted; ExitCode=0; 
2026-06-03T18:12:38.2107531+00:00	WorkerEvent	Layer08Hub.hub-l08-curate	TaskStarted; ExitCode=0; 
2026-06-03T18:12:38.3579231+00:00	WorkerEvent	RegionalMart01	PipelineStarted; ExitCode=0; pipeline started
2026-06-03T18:12:38.3615050+00:00	WorkerEvent	RegionalMart01.regional-01-stage	TaskReady; ExitCode=0; 
2026-06-03T18:12:38.3635677+00:00	GrantTask	RegionalMart01.regional-01-stage	RegionalMart01.regional-01-stage; GrantId=grant-121; Attempt=1
2026-06-03T18:12:38.3644668+00:00	WorkerEvent	Layer08Hub.hub-l08-curate	TaskSucceeded; ExitCode=0; 
2026-06-03T18:12:38.3660802+00:00	TaskSucceeded	Layer08Hub.hub-l08-curate	0
2026-06-03T18:12:38.3671802+00:00	WorkerEvent	RegionalMart01.regional-01-stage	GrantAccepted; ExitCode=0; 
2026-06-03T18:12:38.3687117+00:00	WorkerEvent	Layer08Hub.hub-l08-publish	TaskReady; ExitCode=0; 
2026-06-03T18:12:38.3981965+00:00	GrantTask	Layer08Hub.hub-l08-publish	Layer08Hub.hub-l08-publish; GrantId=grant-122; Attempt=1
2026-06-03T18:12:38.3992309+00:00	WorkerEvent	RegionalMart01.regional-01-stage	TaskStarted; ExitCode=0; 
2026-06-03T18:12:38.4000994+00:00	WorkerEvent	Layer08Hub.hub-l08-publish	GrantAccepted; ExitCode=0; 
2026-06-03T18:12:38.4024095+00:00	WorkerEvent	Layer08Hub.hub-l08-publish	TaskStarted; ExitCode=0; 
2026-06-03T18:12:38.5376053+00:00	WorkerEvent	RegionalMart03	PipelineStarted; ExitCode=0; pipeline started
2026-06-03T18:12:38.5408776+00:00	WorkerEvent	RegionalMart03.regional-03-stage	TaskReady; ExitCode=0; 
2026-06-03T18:12:38.6411255+00:00	WorkerEvent	Layer08Hub.hub-l08-publish	TaskSucceeded; ExitCode=0; 
2026-06-03T18:12:38.6421805+00:00	TaskSucceeded	Layer08Hub.hub-l08-publish	0
2026-06-03T18:12:38.6783887+00:00	WorkerEvent	RegionalMart04	PipelineStarted; ExitCode=0; pipeline started
2026-06-03T18:12:38.6834721+00:00	WorkerEvent	RegionalMart04.regional-04-stage	TaskReady; ExitCode=0; 
2026-06-03T18:12:38.6898988+00:00	WorkerEvent	Layer08Hub	Closed; ExitCode=0; 
2026-06-03T18:12:38.6926513+00:00	PipelineCompleted	Layer08Hub	
2026-06-03T18:12:38.7668228+00:00	WorkerEvent	Layer07Hub.hub-l07-stage	TaskSucceeded; ExitCode=0; 
2026-06-03T18:12:38.7677762+00:00	TaskSucceeded	Layer07Hub.hub-l07-stage	0
2026-06-03T18:12:38.7696265+00:00	WorkerEvent	Layer07Hub.hub-l07-curate	TaskReady; ExitCode=0; 
2026-06-03T18:12:38.7737172+00:00	GrantTask	Layer07Hub.hub-l07-curate	Layer07Hub.hub-l07-curate; GrantId=grant-123; Attempt=1
2026-06-03T18:12:38.7755224+00:00	WorkerEvent	Layer07Hub.hub-l07-curate	GrantAccepted; ExitCode=0; 
2026-06-03T18:12:38.7786222+00:00	WorkerEvent	Layer07Hub.hub-l07-curate	TaskStarted; ExitCode=0; 
2026-06-03T18:12:38.9088236+00:00	WorkerEvent	Layer07Hub.hub-l07-curate	TaskSucceeded; ExitCode=0; 
2026-06-03T18:12:38.9098964+00:00	TaskSucceeded	Layer07Hub.hub-l07-curate	0
2026-06-03T18:12:38.9110015+00:00	WorkerEvent	Layer07Hub.hub-l07-publish	TaskReady; ExitCode=0; 
2026-06-03T18:12:38.9121549+00:00	GrantTask	Layer07Hub.hub-l07-publish	Layer07Hub.hub-l07-publish; GrantId=grant-124; Attempt=1
2026-06-03T18:12:38.9126046+00:00	WorkerEvent	Layer07Hub.hub-l07-publish	GrantAccepted; ExitCode=0; 
2026-06-03T18:12:38.9134848+00:00	WorkerEvent	Layer07Hub.hub-l07-publish	TaskStarted; ExitCode=0; 
2026-06-03T18:12:39.0266296+00:00	WorkerEvent	RegionalMart01.regional-01-stage	TaskSucceeded; ExitCode=0; 
2026-06-03T18:12:39.0276243+00:00	TaskSucceeded	RegionalMart01.regional-01-stage	0
2026-06-03T18:12:39.0286135+00:00	WorkerEvent	RegionalMart01.regional-01-curate	TaskReady; ExitCode=0; 
2026-06-03T18:12:39.0299491+00:00	GrantTask	RegionalMart01.regional-01-curate	RegionalMart01.regional-01-curate; GrantId=grant-125; Attempt=1
2026-06-03T18:12:39.0304233+00:00	WorkerEvent	RegionalMart01.regional-01-curate	GrantAccepted; ExitCode=0; 
2026-06-03T18:12:39.0312736+00:00	WorkerEvent	RegionalMart01.regional-01-curate	TaskStarted; ExitCode=0; 
2026-06-03T18:12:39.1073784+00:00	WorkerEvent	Layer07Hub.hub-l07-publish	TaskSucceeded; ExitCode=0; 
2026-06-03T18:12:39.1083721+00:00	TaskSucceeded	Layer07Hub.hub-l07-publish	0
2026-06-03T18:12:39.1097962+00:00	GrantTask	PublishHairballFinal.publish-hairball-final	PublishHairballFinal.publish-hairball-final; GrantId=grant-126; Attempt=1
2026-06-03T18:12:39.1106523+00:00	WorkerEvent	PublishHairballFinal.publish-hairball-final	GrantAccepted; ExitCode=0; 
2026-06-03T18:12:39.1118625+00:00	WorkerEvent	PublishHairballFinal.publish-hairball-final	TaskStarted; ExitCode=0; 
2026-06-03T18:12:39.1640505+00:00	WorkerEvent	Layer07Hub	Closed; ExitCode=0; 
2026-06-03T18:12:39.1660239+00:00	PipelineCompleted	Layer07Hub	
2026-06-03T18:12:39.1826637+00:00	WorkerEvent	RegionalMart01.regional-01-curate	TaskSucceeded; ExitCode=0; 
2026-06-03T18:12:39.1834103+00:00	TaskSucceeded	RegionalMart01.regional-01-curate	0
2026-06-03T18:12:39.1844279+00:00	GrantTask	RegionalMart03.regional-03-stage	RegionalMart03.regional-03-stage; GrantId=grant-127; Attempt=1
2026-06-03T18:12:39.1848987+00:00	WorkerEvent	RegionalMart01.regional-01-publish	TaskReady; ExitCode=0; 
2026-06-03T18:12:39.1869632+00:00	GrantTask	RegionalMart01.regional-01-publish	RegionalMart01.regional-01-publish; GrantId=grant-128; Attempt=1
2026-06-03T18:12:39.1887176+00:00	WorkerEvent	RegionalMart01.regional-01-publish	GrantAccepted; ExitCode=0; 
2026-06-03T18:12:39.1905263+00:00	WorkerEvent	RegionalMart03.regional-03-stage	GrantAccepted; ExitCode=0; 
2026-06-03T18:12:39.1919846+00:00	WorkerEvent	RegionalMart01.regional-01-publish	TaskStarted; ExitCode=0; 
2026-06-03T18:12:39.1928797+00:00	WorkerEvent	RegionalMart03.regional-03-stage	TaskStarted; ExitCode=0; 
2026-06-03T18:12:39.3437858+00:00	WorkerEvent	RegionalMart01.regional-01-publish	TaskSucceeded; ExitCode=0; 
2026-06-03T18:12:39.3446611+00:00	TaskSucceeded	RegionalMart01.regional-01-publish	0
2026-06-03T18:12:39.3454424+00:00	WorkerEvent	RegionalMart01.regional-01-audit	TaskReady; ExitCode=0; 
2026-06-03T18:12:39.3465638+00:00	GrantTask	RegionalMart01.regional-01-audit	RegionalMart01.regional-01-audit; GrantId=grant-129; Attempt=1
2026-06-03T18:12:39.3469931+00:00	WorkerEvent	RegionalMart01.regional-01-audit	GrantAccepted; ExitCode=0; 
2026-06-03T18:12:39.3478643+00:00	WorkerEvent	RegionalMart01.regional-01-audit	TaskStarted; ExitCode=0; 
2026-06-03T18:12:39.4365436+00:00	WorkerEvent	RegionalMart01.regional-01-audit	TaskSucceeded; ExitCode=0; 
2026-06-03T18:12:39.4379973+00:00	TaskSucceeded	RegionalMart01.regional-01-audit	0
2026-06-03T18:12:39.4758498+00:00	WorkerEvent	RegionalMart01	Closed; ExitCode=0; 
2026-06-03T18:12:39.4769562+00:00	PipelineCompleted	RegionalMart01	
2026-06-03T18:12:39.6298821+00:00	WorkerEvent	PublishHairballFinal.publish-hairball-final	TaskSucceeded; ExitCode=0; 
2026-06-03T18:12:39.6306057+00:00	TaskSucceeded	PublishHairballFinal.publish-hairball-final	0
2026-06-03T18:12:39.6618748+00:00	WorkerEvent	PublishHairballFinal	Closed; ExitCode=0; 
2026-06-03T18:12:39.6626310+00:00	PipelineCompleted	PublishHairballFinal	
2026-06-03T18:12:39.6629935+00:00	WorkerEvent	RegionalMart03.regional-03-stage	TaskSucceeded; ExitCode=0; 
2026-06-03T18:12:39.6633681+00:00	TaskSucceeded	RegionalMart03.regional-03-stage	0
2026-06-03T18:12:39.6639858+00:00	WorkerEvent	RegionalMart03.regional-03-curate	TaskReady; ExitCode=0; 
2026-06-03T18:12:39.6648874+00:00	GrantTask	RegionalMart03.regional-03-curate	RegionalMart03.regional-03-curate; GrantId=grant-130; Attempt=1
2026-06-03T18:12:39.6652308+00:00	WorkerEvent	RegionalMart03.regional-03-curate	GrantAccepted; ExitCode=0; 
2026-06-03T18:12:39.6660318+00:00	WorkerEvent	RegionalMart03.regional-03-curate	TaskStarted; ExitCode=0; 
2026-06-03T18:12:39.7548271+00:00	WorkerEvent	RegionalMart03.regional-03-curate	TaskSucceeded; ExitCode=0; 
2026-06-03T18:12:39.7555346+00:00	TaskSucceeded	RegionalMart03.regional-03-curate	0
2026-06-03T18:12:39.7562273+00:00	WorkerEvent	RegionalMart03.regional-03-publish	TaskReady; ExitCode=0; 
2026-06-03T18:12:39.7573444+00:00	GrantTask	RegionalMart03.regional-03-publish	RegionalMart03.regional-03-publish; GrantId=grant-131; Attempt=1
2026-06-03T18:12:39.7579231+00:00	WorkerEvent	RegionalMart03.regional-03-publish	GrantAccepted; ExitCode=0; 
2026-06-03T18:12:39.7589516+00:00	WorkerEvent	RegionalMart03.regional-03-publish	TaskStarted; ExitCode=0; 
2026-06-03T18:12:39.8830019+00:00	WorkerEvent	RegionalMart03.regional-03-publish	TaskSucceeded; ExitCode=0; 
2026-06-03T18:12:39.8836408+00:00	TaskSucceeded	RegionalMart03.regional-03-publish	0
2026-06-03T18:12:39.8848438+00:00	GrantTask	RegionalMart04.regional-04-stage	RegionalMart04.regional-04-stage; GrantId=grant-132; Attempt=1
2026-06-03T18:12:39.8854292+00:00	WorkerEvent	RegionalMart03.regional-03-audit	TaskReady; ExitCode=0; 
2026-06-03T18:12:39.8873594+00:00	WorkerEvent	RegionalMart04.regional-04-stage	GrantAccepted; ExitCode=0; 
2026-06-03T18:12:39.8893668+00:00	GrantTask	RegionalMart03.regional-03-audit	RegionalMart03.regional-03-audit; GrantId=grant-133; Attempt=1
2026-06-03T18:12:39.8898966+00:00	WorkerEvent	RegionalMart04.regional-04-stage	TaskStarted; ExitCode=0; 
2026-06-03T18:12:39.8908777+00:00	WorkerEvent	RegionalMart03.regional-03-audit	GrantAccepted; ExitCode=0; 
2026-06-03T18:12:39.8924628+00:00	WorkerEvent	RegionalMart03.regional-03-audit	TaskStarted; ExitCode=0; 
2026-06-03T18:12:39.9707418+00:00	WorkerEvent	RegionalMart03.regional-03-audit	TaskSucceeded; ExitCode=0; 
2026-06-03T18:12:39.9720516+00:00	TaskSucceeded	RegionalMart03.regional-03-audit	0
2026-06-03T18:12:40.0074163+00:00	WorkerEvent	RegionalMart03	Closed; ExitCode=0; 
2026-06-03T18:12:40.0088418+00:00	PipelineCompleted	RegionalMart03	
2026-06-03T18:12:40.2640301+00:00	WorkerEvent	RegionalMart04.regional-04-stage	TaskSucceeded; ExitCode=0; 
2026-06-03T18:12:40.2646282+00:00	TaskSucceeded	RegionalMart04.regional-04-stage	0
2026-06-03T18:12:40.2651050+00:00	WorkerEvent	RegionalMart04.regional-04-curate	TaskReady; ExitCode=0; 
2026-06-03T18:12:40.2658828+00:00	GrantTask	RegionalMart04.regional-04-curate	RegionalMart04.regional-04-curate; GrantId=grant-134; Attempt=1
2026-06-03T18:12:40.2663539+00:00	WorkerEvent	RegionalMart04.regional-04-curate	GrantAccepted; ExitCode=0; 
2026-06-03T18:12:40.2671007+00:00	WorkerEvent	RegionalMart04.regional-04-curate	TaskStarted; ExitCode=0; 
2026-06-03T18:12:40.3306964+00:00	WorkerEvent	RegionalMart04.regional-04-curate	TaskSucceeded; ExitCode=0; 
2026-06-03T18:12:40.3312406+00:00	TaskSucceeded	RegionalMart04.regional-04-curate	0
2026-06-03T18:12:40.3316788+00:00	WorkerEvent	RegionalMart04.regional-04-publish	TaskReady; ExitCode=0; 
2026-06-03T18:12:40.3324841+00:00	GrantTask	RegionalMart04.regional-04-publish	RegionalMart04.regional-04-publish; GrantId=grant-135; Attempt=1
2026-06-03T18:12:40.3327655+00:00	WorkerEvent	RegionalMart04.regional-04-publish	GrantAccepted; ExitCode=0; 
2026-06-03T18:12:40.3334864+00:00	WorkerEvent	RegionalMart04.regional-04-publish	TaskStarted; ExitCode=0; 
2026-06-03T18:12:40.4264639+00:00	WorkerEvent	RegionalMart04.regional-04-publish	TaskSucceeded; ExitCode=0; 
2026-06-03T18:12:40.4270811+00:00	TaskSucceeded	RegionalMart04.regional-04-publish	0
2026-06-03T18:12:40.4277728+00:00	GrantTask	AuditHairball.audit-hairball	AuditHairball.audit-hairball; GrantId=grant-136; Attempt=1
2026-06-03T18:12:40.4281115+00:00	WorkerEvent	RegionalMart04.regional-04-audit	TaskReady; ExitCode=0; 
2026-06-03T18:12:40.4287196+00:00	WorkerEvent	AuditHairball.audit-hairball	GrantAccepted; ExitCode=0; 
2026-06-03T18:12:40.4295709+00:00	GrantTask	RegionalMart04.regional-04-audit	RegionalMart04.regional-04-audit; GrantId=grant-137; Attempt=1
2026-06-03T18:12:40.4299059+00:00	WorkerEvent	RegionalMart04.regional-04-audit	GrantAccepted; ExitCode=0; 
2026-06-03T18:12:40.4304664+00:00	WorkerEvent	AuditHairball.audit-hairball	TaskStarted; ExitCode=0; 
2026-06-03T18:12:40.4310278+00:00	WorkerEvent	RegionalMart04.regional-04-audit	TaskStarted; ExitCode=0; 
2026-06-03T18:12:40.4923423+00:00	WorkerEvent	RegionalMart04.regional-04-audit	TaskSucceeded; ExitCode=0; 
2026-06-03T18:12:40.4930355+00:00	TaskSucceeded	RegionalMart04.regional-04-audit	0
2026-06-03T18:12:40.5197803+00:00	WorkerEvent	RegionalMart04	Closed; ExitCode=0; 
2026-06-03T18:12:40.5204195+00:00	PipelineCompleted	RegionalMart04	
2026-06-03T18:12:40.6929435+00:00	WorkerEvent	AuditHairball.audit-hairball	TaskSucceeded; ExitCode=0; 
2026-06-03T18:12:40.6936723+00:00	TaskSucceeded	AuditHairball.audit-hairball	0
2026-06-03T18:12:40.7152028+00:00	WorkerEvent	AuditHairball	Closed; ExitCode=0; 
2026-06-03T18:12:40.7158844+00:00	PipelineCompleted	AuditHairball	
2026-06-03T18:12:40.7172077+00:00	WorkerLogSummary	ExtractSeed01	stdout=C:\Users\jimmy\Desktop\meta-bi\Samples\Demos\MetaOrchestrationHairballCliIntegration\Runs\hairball-seed-20260530\RunArtifacts\runs\20260603-181047_f9520fe0ba0e47178389df2fe09b408e\logs\ExtractSeed01-9968.stdout.log; stdoutBytes=0; stdoutTruncated=False; stdoutDroppedBytes=0; stderr=C:\Users\jimmy\Desktop\meta-bi\Samples\Demos\MetaOrchestrationHairballCliIntegration\Runs\hairball-seed-20260530\RunArtifacts\runs\20260603-181047_f9520fe0ba0e47178389df2fe09b408e\logs\ExtractSeed01-9968.stderr.log; stderrBytes=0; stderrTruncated=False; stderrDroppedBytes=0
2026-06-03T18:12:40.7190825+00:00	WorkerLogSummary	ExtractSeed02	stdout=C:\Users\jimmy\Desktop\meta-bi\Samples\Demos\MetaOrchestrationHairballCliIntegration\Runs\hairball-seed-20260530\RunArtifacts\runs\20260603-181047_f9520fe0ba0e47178389df2fe09b408e\logs\ExtractSeed02-29188.stdout.log; stdoutBytes=0; stdoutTruncated=False; stdoutDroppedBytes=0; stderr=C:\Users\jimmy\Desktop\meta-bi\Samples\Demos\MetaOrchestrationHairballCliIntegration\Runs\hairball-seed-20260530\RunArtifacts\runs\20260603-181047_f9520fe0ba0e47178389df2fe09b408e\logs\ExtractSeed02-29188.stderr.log; stderrBytes=0; stderrTruncated=False; stderrDroppedBytes=0
2026-06-03T18:12:40.7201741+00:00	WorkerLogSummary	ExtractSeed03	stdout=C:\Users\jimmy\Desktop\meta-bi\Samples\Demos\MetaOrchestrationHairballCliIntegration\Runs\hairball-seed-20260530\RunArtifacts\runs\20260603-181047_f9520fe0ba0e47178389df2fe09b408e\logs\ExtractSeed03-10064.stdout.log; stdoutBytes=0; stdoutTruncated=False; stdoutDroppedBytes=0; stderr=C:\Users\jimmy\Desktop\meta-bi\Samples\Demos\MetaOrchestrationHairballCliIntegration\Runs\hairball-seed-20260530\RunArtifacts\runs\20260603-181047_f9520fe0ba0e47178389df2fe09b408e\logs\ExtractSeed03-10064.stderr.log; stderrBytes=0; stderrTruncated=False; stderrDroppedBytes=0
2026-06-03T18:12:40.7208995+00:00	WorkerLogSummary	ExtractSeed04	stdout=C:\Users\jimmy\Desktop\meta-bi\Samples\Demos\MetaOrchestrationHairballCliIntegration\Runs\hairball-seed-20260530\RunArtifacts\runs\20260603-181047_f9520fe0ba0e47178389df2fe09b408e\logs\ExtractSeed04-24352.stdout.log; stdoutBytes=0; stdoutTruncated=False; stdoutDroppedBytes=0; stderr=C:\Users\jimmy\Desktop\meta-bi\Samples\Demos\MetaOrchestrationHairballCliIntegration\Runs\hairball-seed-20260530\RunArtifacts\runs\20260603-181047_f9520fe0ba0e47178389df2fe09b408e\logs\ExtractSeed04-24352.stderr.log; stderrBytes=0; stderrTruncated=False; stderrDroppedBytes=0
2026-06-03T18:12:40.7218435+00:00	WorkerLogSummary	ExtractSeed05	stdout=C:\Users\jimmy\Desktop\meta-bi\Samples\Demos\MetaOrchestrationHairballCliIntegration\Runs\hairball-seed-20260530\RunArtifacts\runs\20260603-181047_f9520fe0ba0e47178389df2fe09b408e\logs\ExtractSeed05-25364.stdout.log; stdoutBytes=0; stdoutTruncated=False; stdoutDroppedBytes=0; stderr=C:\Users\jimmy\Desktop\meta-bi\Samples\Demos\MetaOrchestrationHairballCliIntegration\Runs\hairball-seed-20260530\RunArtifacts\runs\20260603-181047_f9520fe0ba0e47178389df2fe09b408e\logs\ExtractSeed05-25364.stderr.log; stderrBytes=0; stderrTruncated=False; stderrDroppedBytes=0
2026-06-03T18:12:40.7227196+00:00	WorkerLogSummary	ExtractSeed06	stdout=C:\Users\jimmy\Desktop\meta-bi\Samples\Demos\MetaOrchestrationHairballCliIntegration\Runs\hairball-seed-20260530\RunArtifacts\runs\20260603-181047_f9520fe0ba0e47178389df2fe09b408e\logs\ExtractSeed06-28840.stdout.log; stdoutBytes=0; stdoutTruncated=False; stdoutDroppedBytes=0; stderr=C:\Users\jimmy\Desktop\meta-bi\Samples\Demos\MetaOrchestrationHairballCliIntegration\Runs\hairball-seed-20260530\RunArtifacts\runs\20260603-181047_f9520fe0ba0e47178389df2fe09b408e\logs\ExtractSeed06-28840.stderr.log; stderrBytes=0; stderrTruncated=False; stderrDroppedBytes=0
2026-06-03T18:12:40.7233425+00:00	WorkerLogSummary	ExtractSeed07	stdout=C:\Users\jimmy\Desktop\meta-bi\Samples\Demos\MetaOrchestrationHairballCliIntegration\Runs\hairball-seed-20260530\RunArtifacts\runs\20260603-181047_f9520fe0ba0e47178389df2fe09b408e\logs\ExtractSeed07-6796.stdout.log; stdoutBytes=0; stdoutTruncated=False; stdoutDroppedBytes=0; stderr=C:\Users\jimmy\Desktop\meta-bi\Samples\Demos\MetaOrchestrationHairballCliIntegration\Runs\hairball-seed-20260530\RunArtifacts\runs\20260603-181047_f9520fe0ba0e47178389df2fe09b408e\logs\ExtractSeed07-6796.stderr.log; stderrBytes=0; stderrTruncated=False; stderrDroppedBytes=0
2026-06-03T18:12:40.7238836+00:00	WorkerLogSummary	ExtractSeed08	stdout=C:\Users\jimmy\Desktop\meta-bi\Samples\Demos\MetaOrchestrationHairballCliIntegration\Runs\hairball-seed-20260530\RunArtifacts\runs\20260603-181047_f9520fe0ba0e47178389df2fe09b408e\logs\ExtractSeed08-28152.stdout.log; stdoutBytes=0; stdoutTruncated=False; stdoutDroppedBytes=0; stderr=C:\Users\jimmy\Desktop\meta-bi\Samples\Demos\MetaOrchestrationHairballCliIntegration\Runs\hairball-seed-20260530\RunArtifacts\runs\20260603-181047_f9520fe0ba0e47178389df2fe09b408e\logs\ExtractSeed08-28152.stderr.log; stderrBytes=0; stderrTruncated=False; stderrDroppedBytes=0
2026-06-03T18:12:40.7243556+00:00	WorkerLogSummary	AuditHairball	stdout=C:\Users\jimmy\Desktop\meta-bi\Samples\Demos\MetaOrchestrationHairballCliIntegration\Runs\hairball-seed-20260530\RunArtifacts\runs\20260603-181047_f9520fe0ba0e47178389df2fe09b408e\logs\AuditHairball-12812.stdout.log; stdoutBytes=0; stdoutTruncated=False; stdoutDroppedBytes=0; stderr=C:\Users\jimmy\Desktop\meta-bi\Samples\Demos\MetaOrchestrationHairballCliIntegration\Runs\hairball-seed-20260530\RunArtifacts\runs\20260603-181047_f9520fe0ba0e47178389df2fe09b408e\logs\AuditHairball-12812.stderr.log; stderrBytes=0; stderrTruncated=False; stderrDroppedBytes=0
2026-06-03T18:12:40.7249098+00:00	WorkerLogSummary	BridgeL01L02	stdout=C:\Users\jimmy\Desktop\meta-bi\Samples\Demos\MetaOrchestrationHairballCliIntegration\Runs\hairball-seed-20260530\RunArtifacts\runs\20260603-181047_f9520fe0ba0e47178389df2fe09b408e\logs\BridgeL01L02-9144.stdout.log; stdoutBytes=0; stdoutTruncated=False; stdoutDroppedBytes=0; stderr=C:\Users\jimmy\Desktop\meta-bi\Samples\Demos\MetaOrchestrationHairballCliIntegration\Runs\hairball-seed-20260530\RunArtifacts\runs\20260603-181047_f9520fe0ba0e47178389df2fe09b408e\logs\BridgeL01L02-9144.stderr.log; stderrBytes=0; stderrTruncated=False; stderrDroppedBytes=0
2026-06-03T18:12:40.7252952+00:00	WorkerLogSummary	BridgeL03L04	stdout=C:\Users\jimmy\Desktop\meta-bi\Samples\Demos\MetaOrchestrationHairballCliIntegration\Runs\hairball-seed-20260530\RunArtifacts\runs\20260603-181047_f9520fe0ba0e47178389df2fe09b408e\logs\BridgeL03L04-6672.stdout.log; stdoutBytes=0; stdoutTruncated=False; stdoutDroppedBytes=0; stderr=C:\Users\jimmy\Desktop\meta-bi\Samples\Demos\MetaOrchestrationHairballCliIntegration\Runs\hairball-seed-20260530\RunArtifacts\runs\20260603-181047_f9520fe0ba0e47178389df2fe09b408e\logs\BridgeL03L04-6672.stderr.log; stderrBytes=0; stderrTruncated=False; stderrDroppedBytes=0
2026-06-03T18:12:40.7257111+00:00	WorkerLogSummary	BridgeL05L06	stdout=C:\Users\jimmy\Desktop\meta-bi\Samples\Demos\MetaOrchestrationHairballCliIntegration\Runs\hairball-seed-20260530\RunArtifacts\runs\20260603-181047_f9520fe0ba0e47178389df2fe09b408e\logs\BridgeL05L06-14540.stdout.log; stdoutBytes=0; stdoutTruncated=False; stdoutDroppedBytes=0; stderr=C:\Users\jimmy\Desktop\meta-bi\Samples\Demos\MetaOrchestrationHairballCliIntegration\Runs\hairball-seed-20260530\RunArtifacts\runs\20260603-181047_f9520fe0ba0e47178389df2fe09b408e\logs\BridgeL05L06-14540.stderr.log; stderrBytes=0; stderrTruncated=False; stderrDroppedBytes=0
2026-06-03T18:12:40.7261557+00:00	WorkerLogSummary	BridgeL07L08	stdout=C:\Users\jimmy\Desktop\meta-bi\Samples\Demos\MetaOrchestrationHairballCliIntegration\Runs\hairball-seed-20260530\RunArtifacts\runs\20260603-181047_f9520fe0ba0e47178389df2fe09b408e\logs\BridgeL07L08-30588.stdout.log; stdoutBytes=0; stdoutTruncated=False; stdoutDroppedBytes=0; stderr=C:\Users\jimmy\Desktop\meta-bi\Samples\Demos\MetaOrchestrationHairballCliIntegration\Runs\hairball-seed-20260530\RunArtifacts\runs\20260603-181047_f9520fe0ba0e47178389df2fe09b408e\logs\BridgeL07L08-30588.stderr.log; stderrBytes=0; stderrTruncated=False; stderrDroppedBytes=0
2026-06-03T18:12:40.7266595+00:00	WorkerLogSummary	CompositeMart	stdout=C:\Users\jimmy\Desktop\meta-bi\Samples\Demos\MetaOrchestrationHairballCliIntegration\Runs\hairball-seed-20260530\RunArtifacts\runs\20260603-181047_f9520fe0ba0e47178389df2fe09b408e\logs\CompositeMart-11416.stdout.log; stdoutBytes=0; stdoutTruncated=False; stdoutDroppedBytes=0; stderr=C:\Users\jimmy\Desktop\meta-bi\Samples\Demos\MetaOrchestrationHairballCliIntegration\Runs\hairball-seed-20260530\RunArtifacts\runs\20260603-181047_f9520fe0ba0e47178389df2fe09b408e\logs\CompositeMart-11416.stderr.log; stderrBytes=0; stderrTruncated=False; stderrDroppedBytes=0
2026-06-03T18:12:40.7271677+00:00	WorkerLogSummary	Layer01Hub	stdout=C:\Users\jimmy\Desktop\meta-bi\Samples\Demos\MetaOrchestrationHairballCliIntegration\Runs\hairball-seed-20260530\RunArtifacts\runs\20260603-181047_f9520fe0ba0e47178389df2fe09b408e\logs\Layer01Hub-4320.stdout.log; stdoutBytes=0; stdoutTruncated=False; stdoutDroppedBytes=0; stderr=C:\Users\jimmy\Desktop\meta-bi\Samples\Demos\MetaOrchestrationHairballCliIntegration\Runs\hairball-seed-20260530\RunArtifacts\runs\20260603-181047_f9520fe0ba0e47178389df2fe09b408e\logs\Layer01Hub-4320.stderr.log; stderrBytes=0; stderrTruncated=False; stderrDroppedBytes=0
2026-06-03T18:12:40.7276309+00:00	WorkerLogSummary	Layer01Node06	stdout=C:\Users\jimmy\Desktop\meta-bi\Samples\Demos\MetaOrchestrationHairballCliIntegration\Runs\hairball-seed-20260530\RunArtifacts\runs\20260603-181047_f9520fe0ba0e47178389df2fe09b408e\logs\Layer01Node06-6240.stdout.log; stdoutBytes=0; stdoutTruncated=False; stdoutDroppedBytes=0; stderr=C:\Users\jimmy\Desktop\meta-bi\Samples\Demos\MetaOrchestrationHairballCliIntegration\Runs\hairball-seed-20260530\RunArtifacts\runs\20260603-181047_f9520fe0ba0e47178389df2fe09b408e\logs\Layer01Node06-6240.stderr.log; stderrBytes=0; stderrTruncated=False; stderrDroppedBytes=0
2026-06-03T18:12:40.7280023+00:00	WorkerLogSummary	Layer01Node01	stdout=C:\Users\jimmy\Desktop\meta-bi\Samples\Demos\MetaOrchestrationHairballCliIntegration\Runs\hairball-seed-20260530\RunArtifacts\runs\20260603-181047_f9520fe0ba0e47178389df2fe09b408e\logs\Layer01Node01-12724.stdout.log; stdoutBytes=0; stdoutTruncated=False; stdoutDroppedBytes=0; stderr=C:\Users\jimmy\Desktop\meta-bi\Samples\Demos\MetaOrchestrationHairballCliIntegration\Runs\hairball-seed-20260530\RunArtifacts\runs\20260603-181047_f9520fe0ba0e47178389df2fe09b408e\logs\Layer01Node01-12724.stderr.log; stderrBytes=0; stderrTruncated=False; stderrDroppedBytes=0
2026-06-03T18:12:40.7283732+00:00	WorkerLogSummary	Layer01Node02	stdout=C:\Users\jimmy\Desktop\meta-bi\Samples\Demos\MetaOrchestrationHairballCliIntegration\Runs\hairball-seed-20260530\RunArtifacts\runs\20260603-181047_f9520fe0ba0e47178389df2fe09b408e\logs\Layer01Node02-10316.stdout.log; stdoutBytes=0; stdoutTruncated=False; stdoutDroppedBytes=0; stderr=C:\Users\jimmy\Desktop\meta-bi\Samples\Demos\MetaOrchestrationHairballCliIntegration\Runs\hairball-seed-20260530\RunArtifacts\runs\20260603-181047_f9520fe0ba0e47178389df2fe09b408e\logs\Layer01Node02-10316.stderr.log; stderrBytes=0; stderrTruncated=False; stderrDroppedBytes=0
2026-06-03T18:12:40.7287025+00:00	WorkerLogSummary	Layer01Node07	stdout=C:\Users\jimmy\Desktop\meta-bi\Samples\Demos\MetaOrchestrationHairballCliIntegration\Runs\hairball-seed-20260530\RunArtifacts\runs\20260603-181047_f9520fe0ba0e47178389df2fe09b408e\logs\Layer01Node07-20996.stdout.log; stdoutBytes=0; stdoutTruncated=False; stdoutDroppedBytes=0; stderr=C:\Users\jimmy\Desktop\meta-bi\Samples\Demos\MetaOrchestrationHairballCliIntegration\Runs\hairball-seed-20260530\RunArtifacts\runs\20260603-181047_f9520fe0ba0e47178389df2fe09b408e\logs\Layer01Node07-20996.stderr.log; stderrBytes=0; stderrTruncated=False; stderrDroppedBytes=0
2026-06-03T18:12:40.7290829+00:00	WorkerLogSummary	Layer03Node09	stdout=C:\Users\jimmy\Desktop\meta-bi\Samples\Demos\MetaOrchestrationHairballCliIntegration\Runs\hairball-seed-20260530\RunArtifacts\runs\20260603-181047_f9520fe0ba0e47178389df2fe09b408e\logs\Layer03Node09-28956.stdout.log; stdoutBytes=0; stdoutTruncated=False; stdoutDroppedBytes=0; stderr=C:\Users\jimmy\Desktop\meta-bi\Samples\Demos\MetaOrchestrationHairballCliIntegration\Runs\hairball-seed-20260530\RunArtifacts\runs\20260603-181047_f9520fe0ba0e47178389df2fe09b408e\logs\Layer03Node09-28956.stderr.log; stderrBytes=0; stderrTruncated=False; stderrDroppedBytes=0
2026-06-03T18:12:40.7294143+00:00	WorkerLogSummary	Layer02Node03	stdout=C:\Users\jimmy\Desktop\meta-bi\Samples\Demos\MetaOrchestrationHairballCliIntegration\Runs\hairball-seed-20260530\RunArtifacts\runs\20260603-181047_f9520fe0ba0e47178389df2fe09b408e\logs\Layer02Node03-24336.stdout.log; stdoutBytes=0; stdoutTruncated=False; stdoutDroppedBytes=0; stderr=C:\Users\jimmy\Desktop\meta-bi\Samples\Demos\MetaOrchestrationHairballCliIntegration\Runs\hairball-seed-20260530\RunArtifacts\runs\20260603-181047_f9520fe0ba0e47178389df2fe09b408e\logs\Layer02Node03-24336.stderr.log; stderrBytes=0; stderrTruncated=False; stderrDroppedBytes=0
2026-06-03T18:12:40.7298294+00:00	WorkerLogSummary	Layer01Node03	stdout=C:\Users\jimmy\Desktop\meta-bi\Samples\Demos\MetaOrchestrationHairballCliIntegration\Runs\hairball-seed-20260530\RunArtifacts\runs\20260603-181047_f9520fe0ba0e47178389df2fe09b408e\logs\Layer01Node03-25308.stdout.log; stdoutBytes=0; stdoutTruncated=False; stdoutDroppedBytes=0; stderr=C:\Users\jimmy\Desktop\meta-bi\Samples\Demos\MetaOrchestrationHairballCliIntegration\Runs\hairball-seed-20260530\RunArtifacts\runs\20260603-181047_f9520fe0ba0e47178389df2fe09b408e\logs\Layer01Node03-25308.stderr.log; stderrBytes=0; stderrTruncated=False; stderrDroppedBytes=0
2026-06-03T18:12:40.7307315+00:00	WorkerLogSummary	Layer01Node04	stdout=C:\Users\jimmy\Desktop\meta-bi\Samples\Demos\MetaOrchestrationHairballCliIntegration\Runs\hairball-seed-20260530\RunArtifacts\runs\20260603-181047_f9520fe0ba0e47178389df2fe09b408e\logs\Layer01Node04-10284.stdout.log; stdoutBytes=0; stdoutTruncated=False; stdoutDroppedBytes=0; stderr=C:\Users\jimmy\Desktop\meta-bi\Samples\Demos\MetaOrchestrationHairballCliIntegration\Runs\hairball-seed-20260530\RunArtifacts\runs\20260603-181047_f9520fe0ba0e47178389df2fe09b408e\logs\Layer01Node04-10284.stderr.log; stderrBytes=0; stderrTruncated=False; stderrDroppedBytes=0
2026-06-03T18:12:40.7313683+00:00	WorkerLogSummary	Layer01Node05	stdout=C:\Users\jimmy\Desktop\meta-bi\Samples\Demos\MetaOrchestrationHairballCliIntegration\Runs\hairball-seed-20260530\RunArtifacts\runs\20260603-181047_f9520fe0ba0e47178389df2fe09b408e\logs\Layer01Node05-23460.stdout.log; stdoutBytes=0; stdoutTruncated=False; stdoutDroppedBytes=0; stderr=C:\Users\jimmy\Desktop\meta-bi\Samples\Demos\MetaOrchestrationHairballCliIntegration\Runs\hairball-seed-20260530\RunArtifacts\runs\20260603-181047_f9520fe0ba0e47178389df2fe09b408e\logs\Layer01Node05-23460.stderr.log; stderrBytes=0; stderrTruncated=False; stderrDroppedBytes=0
2026-06-03T18:12:40.7317168+00:00	WorkerLogSummary	Layer01Node09	stdout=C:\Users\jimmy\Desktop\meta-bi\Samples\Demos\MetaOrchestrationHairballCliIntegration\Runs\hairball-seed-20260530\RunArtifacts\runs\20260603-181047_f9520fe0ba0e47178389df2fe09b408e\logs\Layer01Node09-29272.stdout.log; stdoutBytes=0; stdoutTruncated=False; stdoutDroppedBytes=0; stderr=C:\Users\jimmy\Desktop\meta-bi\Samples\Demos\MetaOrchestrationHairballCliIntegration\Runs\hairball-seed-20260530\RunArtifacts\runs\20260603-181047_f9520fe0ba0e47178389df2fe09b408e\logs\Layer01Node09-29272.stderr.log; stderrBytes=0; stderrTruncated=False; stderrDroppedBytes=0
2026-06-03T18:12:40.7320640+00:00	WorkerLogSummary	AuditHairball	stdout=C:\Users\jimmy\Desktop\meta-bi\Samples\Demos\MetaOrchestrationHairballCliIntegration\Runs\hairball-seed-20260530\RunArtifacts\runs\20260603-181047_f9520fe0ba0e47178389df2fe09b408e\logs\AuditHairball-24560.stdout.log; stdoutBytes=0; stdoutTruncated=False; stdoutDroppedBytes=0; stderr=C:\Users\jimmy\Desktop\meta-bi\Samples\Demos\MetaOrchestrationHairballCliIntegration\Runs\hairball-seed-20260530\RunArtifacts\runs\20260603-181047_f9520fe0ba0e47178389df2fe09b408e\logs\AuditHairball-24560.stderr.log; stderrBytes=0; stderrTruncated=False; stderrDroppedBytes=0
2026-06-03T18:12:40.7324349+00:00	WorkerLogSummary	BridgeL01L02	stdout=C:\Users\jimmy\Desktop\meta-bi\Samples\Demos\MetaOrchestrationHairballCliIntegration\Runs\hairball-seed-20260530\RunArtifacts\runs\20260603-181047_f9520fe0ba0e47178389df2fe09b408e\logs\BridgeL01L02-27756.stdout.log; stdoutBytes=0; stdoutTruncated=False; stdoutDroppedBytes=0; stderr=C:\Users\jimmy\Desktop\meta-bi\Samples\Demos\MetaOrchestrationHairballCliIntegration\Runs\hairball-seed-20260530\RunArtifacts\runs\20260603-181047_f9520fe0ba0e47178389df2fe09b408e\logs\BridgeL01L02-27756.stderr.log; stderrBytes=0; stderrTruncated=False; stderrDroppedBytes=0
2026-06-03T18:12:40.7328093+00:00	WorkerLogSummary	BridgeL03L04	stdout=C:\Users\jimmy\Desktop\meta-bi\Samples\Demos\MetaOrchestrationHairballCliIntegration\Runs\hairball-seed-20260530\RunArtifacts\runs\20260603-181047_f9520fe0ba0e47178389df2fe09b408e\logs\BridgeL03L04-22424.stdout.log; stdoutBytes=0; stdoutTruncated=False; stdoutDroppedBytes=0; stderr=C:\Users\jimmy\Desktop\meta-bi\Samples\Demos\MetaOrchestrationHairballCliIntegration\Runs\hairball-seed-20260530\RunArtifacts\runs\20260603-181047_f9520fe0ba0e47178389df2fe09b408e\logs\BridgeL03L04-22424.stderr.log; stderrBytes=0; stderrTruncated=False; stderrDroppedBytes=0
2026-06-03T18:12:40.7334761+00:00	WorkerLogSummary	BridgeL05L06	stdout=C:\Users\jimmy\Desktop\meta-bi\Samples\Demos\MetaOrchestrationHairballCliIntegration\Runs\hairball-seed-20260530\RunArtifacts\runs\20260603-181047_f9520fe0ba0e47178389df2fe09b408e\logs\BridgeL05L06-29596.stdout.log; stdoutBytes=0; stdoutTruncated=False; stdoutDroppedBytes=0; stderr=C:\Users\jimmy\Desktop\meta-bi\Samples\Demos\MetaOrchestrationHairballCliIntegration\Runs\hairball-seed-20260530\RunArtifacts\runs\20260603-181047_f9520fe0ba0e47178389df2fe09b408e\logs\BridgeL05L06-29596.stderr.log; stderrBytes=0; stderrTruncated=False; stderrDroppedBytes=0
2026-06-03T18:12:40.7339798+00:00	WorkerLogSummary	BridgeL07L08	stdout=C:\Users\jimmy\Desktop\meta-bi\Samples\Demos\MetaOrchestrationHairballCliIntegration\Runs\hairball-seed-20260530\RunArtifacts\runs\20260603-181047_f9520fe0ba0e47178389df2fe09b408e\logs\BridgeL07L08-27052.stdout.log; stdoutBytes=0; stdoutTruncated=False; stdoutDroppedBytes=0; stderr=C:\Users\jimmy\Desktop\meta-bi\Samples\Demos\MetaOrchestrationHairballCliIntegration\Runs\hairball-seed-20260530\RunArtifacts\runs\20260603-181047_f9520fe0ba0e47178389df2fe09b408e\logs\BridgeL07L08-27052.stderr.log; stderrBytes=0; stderrTruncated=False; stderrDroppedBytes=0
2026-06-03T18:12:40.7345854+00:00	WorkerLogSummary	CompositeMart	stdout=C:\Users\jimmy\Desktop\meta-bi\Samples\Demos\MetaOrchestrationHairballCliIntegration\Runs\hairball-seed-20260530\RunArtifacts\runs\20260603-181047_f9520fe0ba0e47178389df2fe09b408e\logs\CompositeMart-27824.stdout.log; stdoutBytes=0; stdoutTruncated=False; stdoutDroppedBytes=0; stderr=C:\Users\jimmy\Desktop\meta-bi\Samples\Demos\MetaOrchestrationHairballCliIntegration\Runs\hairball-seed-20260530\RunArtifacts\runs\20260603-181047_f9520fe0ba0e47178389df2fe09b408e\logs\CompositeMart-27824.stderr.log; stderrBytes=0; stderrTruncated=False; stderrDroppedBytes=0
2026-06-03T18:12:40.7353685+00:00	WorkerLogSummary	Layer01Hub	stdout=C:\Users\jimmy\Desktop\meta-bi\Samples\Demos\MetaOrchestrationHairballCliIntegration\Runs\hairball-seed-20260530\RunArtifacts\runs\20260603-181047_f9520fe0ba0e47178389df2fe09b408e\logs\Layer01Hub-28388.stdout.log; stdoutBytes=0; stdoutTruncated=False; stdoutDroppedBytes=0; stderr=C:\Users\jimmy\Desktop\meta-bi\Samples\Demos\MetaOrchestrationHairballCliIntegration\Runs\hairball-seed-20260530\RunArtifacts\runs\20260603-181047_f9520fe0ba0e47178389df2fe09b408e\logs\Layer01Hub-28388.stderr.log; stderrBytes=0; stderrTruncated=False; stderrDroppedBytes=0
2026-06-03T18:12:40.7365360+00:00	WorkerLogSummary	Layer01Node08	stdout=C:\Users\jimmy\Desktop\meta-bi\Samples\Demos\MetaOrchestrationHairballCliIntegration\Runs\hairball-seed-20260530\RunArtifacts\runs\20260603-181047_f9520fe0ba0e47178389df2fe09b408e\logs\Layer01Node08-29740.stdout.log; stdoutBytes=0; stdoutTruncated=False; stdoutDroppedBytes=0; stderr=C:\Users\jimmy\Desktop\meta-bi\Samples\Demos\MetaOrchestrationHairballCliIntegration\Runs\hairball-seed-20260530\RunArtifacts\runs\20260603-181047_f9520fe0ba0e47178389df2fe09b408e\logs\Layer01Node08-29740.stderr.log; stderrBytes=0; stderrTruncated=False; stderrDroppedBytes=0
2026-06-03T18:12:40.7375151+00:00	WorkerLogSummary	Layer02Node05	stdout=C:\Users\jimmy\Desktop\meta-bi\Samples\Demos\MetaOrchestrationHairballCliIntegration\Runs\hairball-seed-20260530\RunArtifacts\runs\20260603-181047_f9520fe0ba0e47178389df2fe09b408e\logs\Layer02Node05-7784.stdout.log; stdoutBytes=0; stdoutTruncated=False; stdoutDroppedBytes=0; stderr=C:\Users\jimmy\Desktop\meta-bi\Samples\Demos\MetaOrchestrationHairballCliIntegration\Runs\hairball-seed-20260530\RunArtifacts\runs\20260603-181047_f9520fe0ba0e47178389df2fe09b408e\logs\Layer02Node05-7784.stderr.log; stderrBytes=0; stderrTruncated=False; stderrDroppedBytes=0
2026-06-03T18:12:40.7384279+00:00	WorkerLogSummary	Layer02Hub	stdout=C:\Users\jimmy\Desktop\meta-bi\Samples\Demos\MetaOrchestrationHairballCliIntegration\Runs\hairball-seed-20260530\RunArtifacts\runs\20260603-181047_f9520fe0ba0e47178389df2fe09b408e\logs\Layer02Hub-16164.stdout.log; stdoutBytes=0; stdoutTruncated=False; stdoutDroppedBytes=0; stderr=C:\Users\jimmy\Desktop\meta-bi\Samples\Demos\MetaOrchestrationHairballCliIntegration\Runs\hairball-seed-20260530\RunArtifacts\runs\20260603-181047_f9520fe0ba0e47178389df2fe09b408e\logs\Layer02Hub-16164.stderr.log; stderrBytes=0; stderrTruncated=False; stderrDroppedBytes=0
2026-06-03T18:12:40.7389508+00:00	WorkerLogSummary	Layer02Node01	stdout=C:\Users\jimmy\Desktop\meta-bi\Samples\Demos\MetaOrchestrationHairballCliIntegration\Runs\hairball-seed-20260530\RunArtifacts\runs\20260603-181047_f9520fe0ba0e47178389df2fe09b408e\logs\Layer02Node01-30528.stdout.log; stdoutBytes=0; stdoutTruncated=False; stdoutDroppedBytes=0; stderr=C:\Users\jimmy\Desktop\meta-bi\Samples\Demos\MetaOrchestrationHairballCliIntegration\Runs\hairball-seed-20260530\RunArtifacts\runs\20260603-181047_f9520fe0ba0e47178389df2fe09b408e\logs\Layer02Node01-30528.stderr.log; stderrBytes=0; stderrTruncated=False; stderrDroppedBytes=0
2026-06-03T18:12:40.7394586+00:00	WorkerLogSummary	Layer02Node02	stdout=C:\Users\jimmy\Desktop\meta-bi\Samples\Demos\MetaOrchestrationHairballCliIntegration\Runs\hairball-seed-20260530\RunArtifacts\runs\20260603-181047_f9520fe0ba0e47178389df2fe09b408e\logs\Layer02Node02-5140.stdout.log; stdoutBytes=0; stdoutTruncated=False; stdoutDroppedBytes=0; stderr=C:\Users\jimmy\Desktop\meta-bi\Samples\Demos\MetaOrchestrationHairballCliIntegration\Runs\hairball-seed-20260530\RunArtifacts\runs\20260603-181047_f9520fe0ba0e47178389df2fe09b408e\logs\Layer02Node02-5140.stderr.log; stderrBytes=0; stderrTruncated=False; stderrDroppedBytes=0
2026-06-03T18:12:40.7398588+00:00	WorkerLogSummary	Layer02Node04	stdout=C:\Users\jimmy\Desktop\meta-bi\Samples\Demos\MetaOrchestrationHairballCliIntegration\Runs\hairball-seed-20260530\RunArtifacts\runs\20260603-181047_f9520fe0ba0e47178389df2fe09b408e\logs\Layer02Node04-29736.stdout.log; stdoutBytes=0; stdoutTruncated=False; stdoutDroppedBytes=0; stderr=C:\Users\jimmy\Desktop\meta-bi\Samples\Demos\MetaOrchestrationHairballCliIntegration\Runs\hairball-seed-20260530\RunArtifacts\runs\20260603-181047_f9520fe0ba0e47178389df2fe09b408e\logs\Layer02Node04-29736.stderr.log; stderrBytes=0; stderrTruncated=False; stderrDroppedBytes=0
2026-06-03T18:12:40.7401555+00:00	WorkerLogSummary	Layer02Node01	stdout=C:\Users\jimmy\Desktop\meta-bi\Samples\Demos\MetaOrchestrationHairballCliIntegration\Runs\hairball-seed-20260530\RunArtifacts\runs\20260603-181047_f9520fe0ba0e47178389df2fe09b408e\logs\Layer02Node01-8980.stdout.log; stdoutBytes=0; stdoutTruncated=False; stdoutDroppedBytes=0; stderr=C:\Users\jimmy\Desktop\meta-bi\Samples\Demos\MetaOrchestrationHairballCliIntegration\Runs\hairball-seed-20260530\RunArtifacts\runs\20260603-181047_f9520fe0ba0e47178389df2fe09b408e\logs\Layer02Node01-8980.stderr.log; stderrBytes=0; stderrTruncated=False; stderrDroppedBytes=0
2026-06-03T18:12:40.7410372+00:00	WorkerLogSummary	Layer03Node03	stdout=C:\Users\jimmy\Desktop\meta-bi\Samples\Demos\MetaOrchestrationHairballCliIntegration\Runs\hairball-seed-20260530\RunArtifacts\runs\20260603-181047_f9520fe0ba0e47178389df2fe09b408e\logs\Layer03Node03-14696.stdout.log; stdoutBytes=0; stdoutTruncated=False; stdoutDroppedBytes=0; stderr=C:\Users\jimmy\Desktop\meta-bi\Samples\Demos\MetaOrchestrationHairballCliIntegration\Runs\hairball-seed-20260530\RunArtifacts\runs\20260603-181047_f9520fe0ba0e47178389df2fe09b408e\logs\Layer03Node03-14696.stderr.log; stderrBytes=0; stderrTruncated=False; stderrDroppedBytes=0
2026-06-03T18:12:40.7413946+00:00	WorkerLogSummary	Layer02Node08	stdout=C:\Users\jimmy\Desktop\meta-bi\Samples\Demos\MetaOrchestrationHairballCliIntegration\Runs\hairball-seed-20260530\RunArtifacts\runs\20260603-181047_f9520fe0ba0e47178389df2fe09b408e\logs\Layer02Node08-26700.stdout.log; stdoutBytes=0; stdoutTruncated=False; stdoutDroppedBytes=0; stderr=C:\Users\jimmy\Desktop\meta-bi\Samples\Demos\MetaOrchestrationHairballCliIntegration\Runs\hairball-seed-20260530\RunArtifacts\runs\20260603-181047_f9520fe0ba0e47178389df2fe09b408e\logs\Layer02Node08-26700.stderr.log; stderrBytes=0; stderrTruncated=False; stderrDroppedBytes=0
2026-06-03T18:12:40.7418737+00:00	WorkerLogSummary	AuditHairball	stdout=C:\Users\jimmy\Desktop\meta-bi\Samples\Demos\MetaOrchestrationHairballCliIntegration\Runs\hairball-seed-20260530\RunArtifacts\runs\20260603-181047_f9520fe0ba0e47178389df2fe09b408e\logs\AuditHairball-8316.stdout.log; stdoutBytes=0; stdoutTruncated=False; stdoutDroppedBytes=0; stderr=C:\Users\jimmy\Desktop\meta-bi\Samples\Demos\MetaOrchestrationHairballCliIntegration\Runs\hairball-seed-20260530\RunArtifacts\runs\20260603-181047_f9520fe0ba0e47178389df2fe09b408e\logs\AuditHairball-8316.stderr.log; stderrBytes=0; stderrTruncated=False; stderrDroppedBytes=0
2026-06-03T18:12:40.7428375+00:00	WorkerLogSummary	BridgeL01L02	stdout=C:\Users\jimmy\Desktop\meta-bi\Samples\Demos\MetaOrchestrationHairballCliIntegration\Runs\hairball-seed-20260530\RunArtifacts\runs\20260603-181047_f9520fe0ba0e47178389df2fe09b408e\logs\BridgeL01L02-28908.stdout.log; stdoutBytes=0; stdoutTruncated=False; stdoutDroppedBytes=0; stderr=C:\Users\jimmy\Desktop\meta-bi\Samples\Demos\MetaOrchestrationHairballCliIntegration\Runs\hairball-seed-20260530\RunArtifacts\runs\20260603-181047_f9520fe0ba0e47178389df2fe09b408e\logs\BridgeL01L02-28908.stderr.log; stderrBytes=0; stderrTruncated=False; stderrDroppedBytes=0
2026-06-03T18:12:40.7432896+00:00	WorkerLogSummary	BridgeL03L04	stdout=C:\Users\jimmy\Desktop\meta-bi\Samples\Demos\MetaOrchestrationHairballCliIntegration\Runs\hairball-seed-20260530\RunArtifacts\runs\20260603-181047_f9520fe0ba0e47178389df2fe09b408e\logs\BridgeL03L04-7776.stdout.log; stdoutBytes=0; stdoutTruncated=False; stdoutDroppedBytes=0; stderr=C:\Users\jimmy\Desktop\meta-bi\Samples\Demos\MetaOrchestrationHairballCliIntegration\Runs\hairball-seed-20260530\RunArtifacts\runs\20260603-181047_f9520fe0ba0e47178389df2fe09b408e\logs\BridgeL03L04-7776.stderr.log; stderrBytes=0; stderrTruncated=False; stderrDroppedBytes=0
2026-06-03T18:12:40.7436479+00:00	WorkerLogSummary	Layer02Node06	stdout=C:\Users\jimmy\Desktop\meta-bi\Samples\Demos\MetaOrchestrationHairballCliIntegration\Runs\hairball-seed-20260530\RunArtifacts\runs\20260603-181047_f9520fe0ba0e47178389df2fe09b408e\logs\Layer02Node06-30940.stdout.log; stdoutBytes=0; stdoutTruncated=False; stdoutDroppedBytes=0; stderr=C:\Users\jimmy\Desktop\meta-bi\Samples\Demos\MetaOrchestrationHairballCliIntegration\Runs\hairball-seed-20260530\RunArtifacts\runs\20260603-181047_f9520fe0ba0e47178389df2fe09b408e\logs\Layer02Node06-30940.stderr.log; stderrBytes=0; stderrTruncated=False; stderrDroppedBytes=0
2026-06-03T18:12:40.7439927+00:00	WorkerLogSummary	Layer03Node10	stdout=C:\Users\jimmy\Desktop\meta-bi\Samples\Demos\MetaOrchestrationHairballCliIntegration\Runs\hairball-seed-20260530\RunArtifacts\runs\20260603-181047_f9520fe0ba0e47178389df2fe09b408e\logs\Layer03Node10-23828.stdout.log; stdoutBytes=0; stdoutTruncated=False; stdoutDroppedBytes=0; stderr=C:\Users\jimmy\Desktop\meta-bi\Samples\Demos\MetaOrchestrationHairballCliIntegration\Runs\hairball-seed-20260530\RunArtifacts\runs\20260603-181047_f9520fe0ba0e47178389df2fe09b408e\logs\Layer03Node10-23828.stderr.log; stderrBytes=0; stderrTruncated=False; stderrDroppedBytes=0
2026-06-03T18:12:40.7443651+00:00	WorkerLogSummary	BridgeL05L06	stdout=C:\Users\jimmy\Desktop\meta-bi\Samples\Demos\MetaOrchestrationHairballCliIntegration\Runs\hairball-seed-20260530\RunArtifacts\runs\20260603-181047_f9520fe0ba0e47178389df2fe09b408e\logs\BridgeL05L06-27820.stdout.log; stdoutBytes=0; stdoutTruncated=False; stdoutDroppedBytes=0; stderr=C:\Users\jimmy\Desktop\meta-bi\Samples\Demos\MetaOrchestrationHairballCliIntegration\Runs\hairball-seed-20260530\RunArtifacts\runs\20260603-181047_f9520fe0ba0e47178389df2fe09b408e\logs\BridgeL05L06-27820.stderr.log; stderrBytes=0; stderrTruncated=False; stderrDroppedBytes=0
2026-06-03T18:12:40.7448567+00:00	WorkerLogSummary	BridgeL07L08	stdout=C:\Users\jimmy\Desktop\meta-bi\Samples\Demos\MetaOrchestrationHairballCliIntegration\Runs\hairball-seed-20260530\RunArtifacts\runs\20260603-181047_f9520fe0ba0e47178389df2fe09b408e\logs\BridgeL07L08-28292.stdout.log; stdoutBytes=0; stdoutTruncated=False; stdoutDroppedBytes=0; stderr=C:\Users\jimmy\Desktop\meta-bi\Samples\Demos\MetaOrchestrationHairballCliIntegration\Runs\hairball-seed-20260530\RunArtifacts\runs\20260603-181047_f9520fe0ba0e47178389df2fe09b408e\logs\BridgeL07L08-28292.stderr.log; stderrBytes=0; stderrTruncated=False; stderrDroppedBytes=0
2026-06-03T18:12:40.7453239+00:00	WorkerLogSummary	CompositeMart	stdout=C:\Users\jimmy\Desktop\meta-bi\Samples\Demos\MetaOrchestrationHairballCliIntegration\Runs\hairball-seed-20260530\RunArtifacts\runs\20260603-181047_f9520fe0ba0e47178389df2fe09b408e\logs\CompositeMart-30004.stdout.log; stdoutBytes=0; stdoutTruncated=False; stdoutDroppedBytes=0; stderr=C:\Users\jimmy\Desktop\meta-bi\Samples\Demos\MetaOrchestrationHairballCliIntegration\Runs\hairball-seed-20260530\RunArtifacts\runs\20260603-181047_f9520fe0ba0e47178389df2fe09b408e\logs\CompositeMart-30004.stderr.log; stderrBytes=0; stderrTruncated=False; stderrDroppedBytes=0
2026-06-03T18:12:40.7460178+00:00	WorkerLogSummary	Layer02Node07	stdout=C:\Users\jimmy\Desktop\meta-bi\Samples\Demos\MetaOrchestrationHairballCliIntegration\Runs\hairball-seed-20260530\RunArtifacts\runs\20260603-181047_f9520fe0ba0e47178389df2fe09b408e\logs\Layer02Node07-25588.stdout.log; stdoutBytes=0; stdoutTruncated=False; stdoutDroppedBytes=0; stderr=C:\Users\jimmy\Desktop\meta-bi\Samples\Demos\MetaOrchestrationHairballCliIntegration\Runs\hairball-seed-20260530\RunArtifacts\runs\20260603-181047_f9520fe0ba0e47178389df2fe09b408e\logs\Layer02Node07-25588.stderr.log; stderrBytes=0; stderrTruncated=False; stderrDroppedBytes=0
2026-06-03T18:12:40.7463986+00:00	WorkerLogSummary	Layer03Node02	stdout=C:\Users\jimmy\Desktop\meta-bi\Samples\Demos\MetaOrchestrationHairballCliIntegration\Runs\hairball-seed-20260530\RunArtifacts\runs\20260603-181047_f9520fe0ba0e47178389df2fe09b408e\logs\Layer03Node02-25244.stdout.log; stdoutBytes=0; stdoutTruncated=False; stdoutDroppedBytes=0; stderr=C:\Users\jimmy\Desktop\meta-bi\Samples\Demos\MetaOrchestrationHairballCliIntegration\Runs\hairball-seed-20260530\RunArtifacts\runs\20260603-181047_f9520fe0ba0e47178389df2fe09b408e\logs\Layer03Node02-25244.stderr.log; stderrBytes=0; stderrTruncated=False; stderrDroppedBytes=0
2026-06-03T18:12:40.7468133+00:00	WorkerLogSummary	Layer03Node06	stdout=C:\Users\jimmy\Desktop\meta-bi\Samples\Demos\MetaOrchestrationHairballCliIntegration\Runs\hairball-seed-20260530\RunArtifacts\runs\20260603-181047_f9520fe0ba0e47178389df2fe09b408e\logs\Layer03Node06-28136.stdout.log; stdoutBytes=0; stdoutTruncated=False; stdoutDroppedBytes=0; stderr=C:\Users\jimmy\Desktop\meta-bi\Samples\Demos\MetaOrchestrationHairballCliIntegration\Runs\hairball-seed-20260530\RunArtifacts\runs\20260603-181047_f9520fe0ba0e47178389df2fe09b408e\logs\Layer03Node06-28136.stderr.log; stderrBytes=0; stderrTruncated=False; stderrDroppedBytes=0
2026-06-03T18:12:40.7474827+00:00	WorkerLogSummary	Layer04Node03	stdout=C:\Users\jimmy\Desktop\meta-bi\Samples\Demos\MetaOrchestrationHairballCliIntegration\Runs\hairball-seed-20260530\RunArtifacts\runs\20260603-181047_f9520fe0ba0e47178389df2fe09b408e\logs\Layer04Node03-20712.stdout.log; stdoutBytes=0; stdoutTruncated=False; stdoutDroppedBytes=0; stderr=C:\Users\jimmy\Desktop\meta-bi\Samples\Demos\MetaOrchestrationHairballCliIntegration\Runs\hairball-seed-20260530\RunArtifacts\runs\20260603-181047_f9520fe0ba0e47178389df2fe09b408e\logs\Layer04Node03-20712.stderr.log; stderrBytes=0; stderrTruncated=False; stderrDroppedBytes=0
2026-06-03T18:12:40.7478844+00:00	WorkerLogSummary	Layer06Node02	stdout=C:\Users\jimmy\Desktop\meta-bi\Samples\Demos\MetaOrchestrationHairballCliIntegration\Runs\hairball-seed-20260530\RunArtifacts\runs\20260603-181047_f9520fe0ba0e47178389df2fe09b408e\logs\Layer06Node02-31656.stdout.log; stdoutBytes=0; stdoutTruncated=False; stdoutDroppedBytes=0; stderr=C:\Users\jimmy\Desktop\meta-bi\Samples\Demos\MetaOrchestrationHairballCliIntegration\Runs\hairball-seed-20260530\RunArtifacts\runs\20260603-181047_f9520fe0ba0e47178389df2fe09b408e\logs\Layer06Node02-31656.stderr.log; stderrBytes=0; stderrTruncated=False; stderrDroppedBytes=0
2026-06-03T18:12:40.7482604+00:00	WorkerLogSummary	Layer06Node06	stdout=C:\Users\jimmy\Desktop\meta-bi\Samples\Demos\MetaOrchestrationHairballCliIntegration\Runs\hairball-seed-20260530\RunArtifacts\runs\20260603-181047_f9520fe0ba0e47178389df2fe09b408e\logs\Layer06Node06-6220.stdout.log; stdoutBytes=0; stdoutTruncated=False; stdoutDroppedBytes=0; stderr=C:\Users\jimmy\Desktop\meta-bi\Samples\Demos\MetaOrchestrationHairballCliIntegration\Runs\hairball-seed-20260530\RunArtifacts\runs\20260603-181047_f9520fe0ba0e47178389df2fe09b408e\logs\Layer06Node06-6220.stderr.log; stderrBytes=0; stderrTruncated=False; stderrDroppedBytes=0
2026-06-03T18:12:40.7486676+00:00	WorkerLogSummary	Layer06Node09	stdout=C:\Users\jimmy\Desktop\meta-bi\Samples\Demos\MetaOrchestrationHairballCliIntegration\Runs\hairball-seed-20260530\RunArtifacts\runs\20260603-181047_f9520fe0ba0e47178389df2fe09b408e\logs\Layer06Node09-27636.stdout.log; stdoutBytes=0; stdoutTruncated=False; stdoutDroppedBytes=0; stderr=C:\Users\jimmy\Desktop\meta-bi\Samples\Demos\MetaOrchestrationHairballCliIntegration\Runs\hairball-seed-20260530\RunArtifacts\runs\20260603-181047_f9520fe0ba0e47178389df2fe09b408e\logs\Layer06Node09-27636.stderr.log; stderrBytes=0; stderrTruncated=False; stderrDroppedBytes=0
2026-06-03T18:12:40.7490631+00:00	WorkerLogSummary	AuditHairball	stdout=C:\Users\jimmy\Desktop\meta-bi\Samples\Demos\MetaOrchestrationHairballCliIntegration\Runs\hairball-seed-20260530\RunArtifacts\runs\20260603-181047_f9520fe0ba0e47178389df2fe09b408e\logs\AuditHairball-31332.stdout.log; stdoutBytes=0; stdoutTruncated=False; stdoutDroppedBytes=0; stderr=C:\Users\jimmy\Desktop\meta-bi\Samples\Demos\MetaOrchestrationHairballCliIntegration\Runs\hairball-seed-20260530\RunArtifacts\runs\20260603-181047_f9520fe0ba0e47178389df2fe09b408e\logs\AuditHairball-31332.stderr.log; stderrBytes=0; stderrTruncated=False; stderrDroppedBytes=0
2026-06-03T18:12:40.7494359+00:00	WorkerLogSummary	BridgeL01L02	stdout=C:\Users\jimmy\Desktop\meta-bi\Samples\Demos\MetaOrchestrationHairballCliIntegration\Runs\hairball-seed-20260530\RunArtifacts\runs\20260603-181047_f9520fe0ba0e47178389df2fe09b408e\logs\BridgeL01L02-26768.stdout.log; stdoutBytes=0; stdoutTruncated=False; stdoutDroppedBytes=0; stderr=C:\Users\jimmy\Desktop\meta-bi\Samples\Demos\MetaOrchestrationHairballCliIntegration\Runs\hairball-seed-20260530\RunArtifacts\runs\20260603-181047_f9520fe0ba0e47178389df2fe09b408e\logs\BridgeL01L02-26768.stderr.log; stderrBytes=0; stderrTruncated=False; stderrDroppedBytes=0
2026-06-03T18:12:40.7498658+00:00	WorkerLogSummary	Layer02Hub	stdout=C:\Users\jimmy\Desktop\meta-bi\Samples\Demos\MetaOrchestrationHairballCliIntegration\Runs\hairball-seed-20260530\RunArtifacts\runs\20260603-181047_f9520fe0ba0e47178389df2fe09b408e\logs\Layer02Hub-11532.stdout.log; stdoutBytes=0; stdoutTruncated=False; stdoutDroppedBytes=0; stderr=C:\Users\jimmy\Desktop\meta-bi\Samples\Demos\MetaOrchestrationHairballCliIntegration\Runs\hairball-seed-20260530\RunArtifacts\runs\20260603-181047_f9520fe0ba0e47178389df2fe09b408e\logs\Layer02Hub-11532.stderr.log; stderrBytes=0; stderrTruncated=False; stderrDroppedBytes=0
2026-06-03T18:12:40.7561653+00:00	WorkerLogSummary	BridgeL03L04	stdout=C:\Users\jimmy\Desktop\meta-bi\Samples\Demos\MetaOrchestrationHairballCliIntegration\Runs\hairball-seed-20260530\RunArtifacts\runs\20260603-181047_f9520fe0ba0e47178389df2fe09b408e\logs\BridgeL03L04-28508.stdout.log; stdoutBytes=0; stdoutTruncated=False; stdoutDroppedBytes=0; stderr=C:\Users\jimmy\Desktop\meta-bi\Samples\Demos\MetaOrchestrationHairballCliIntegration\Runs\hairball-seed-20260530\RunArtifacts\runs\20260603-181047_f9520fe0ba0e47178389df2fe09b408e\logs\BridgeL03L04-28508.stderr.log; stderrBytes=0; stderrTruncated=False; stderrDroppedBytes=0
2026-06-03T18:12:40.7568504+00:00	WorkerLogSummary	Layer03Node07	stdout=C:\Users\jimmy\Desktop\meta-bi\Samples\Demos\MetaOrchestrationHairballCliIntegration\Runs\hairball-seed-20260530\RunArtifacts\runs\20260603-181047_f9520fe0ba0e47178389df2fe09b408e\logs\Layer03Node07-23576.stdout.log; stdoutBytes=0; stdoutTruncated=False; stdoutDroppedBytes=0; stderr=C:\Users\jimmy\Desktop\meta-bi\Samples\Demos\MetaOrchestrationHairballCliIntegration\Runs\hairball-seed-20260530\RunArtifacts\runs\20260603-181047_f9520fe0ba0e47178389df2fe09b408e\logs\Layer03Node07-23576.stderr.log; stderrBytes=0; stderrTruncated=False; stderrDroppedBytes=0
2026-06-03T18:12:40.7574042+00:00	WorkerLogSummary	BridgeL05L06	stdout=C:\Users\jimmy\Desktop\meta-bi\Samples\Demos\MetaOrchestrationHairballCliIntegration\Runs\hairball-seed-20260530\RunArtifacts\runs\20260603-181047_f9520fe0ba0e47178389df2fe09b408e\logs\BridgeL05L06-25848.stdout.log; stdoutBytes=0; stdoutTruncated=False; stdoutDroppedBytes=0; stderr=C:\Users\jimmy\Desktop\meta-bi\Samples\Demos\MetaOrchestrationHairballCliIntegration\Runs\hairball-seed-20260530\RunArtifacts\runs\20260603-181047_f9520fe0ba0e47178389df2fe09b408e\logs\BridgeL05L06-25848.stderr.log; stderrBytes=0; stderrTruncated=False; stderrDroppedBytes=0
2026-06-03T18:12:40.7578971+00:00	WorkerLogSummary	BridgeL07L08	stdout=C:\Users\jimmy\Desktop\meta-bi\Samples\Demos\MetaOrchestrationHairballCliIntegration\Runs\hairball-seed-20260530\RunArtifacts\runs\20260603-181047_f9520fe0ba0e47178389df2fe09b408e\logs\BridgeL07L08-29776.stdout.log; stdoutBytes=0; stdoutTruncated=False; stdoutDroppedBytes=0; stderr=C:\Users\jimmy\Desktop\meta-bi\Samples\Demos\MetaOrchestrationHairballCliIntegration\Runs\hairball-seed-20260530\RunArtifacts\runs\20260603-181047_f9520fe0ba0e47178389df2fe09b408e\logs\BridgeL07L08-29776.stderr.log; stderrBytes=0; stderrTruncated=False; stderrDroppedBytes=0
2026-06-03T18:12:40.7583696+00:00	WorkerLogSummary	CompositeMart	stdout=C:\Users\jimmy\Desktop\meta-bi\Samples\Demos\MetaOrchestrationHairballCliIntegration\Runs\hairball-seed-20260530\RunArtifacts\runs\20260603-181047_f9520fe0ba0e47178389df2fe09b408e\logs\CompositeMart-2192.stdout.log; stdoutBytes=0; stdoutTruncated=False; stdoutDroppedBytes=0; stderr=C:\Users\jimmy\Desktop\meta-bi\Samples\Demos\MetaOrchestrationHairballCliIntegration\Runs\hairball-seed-20260530\RunArtifacts\runs\20260603-181047_f9520fe0ba0e47178389df2fe09b408e\logs\CompositeMart-2192.stderr.log; stderrBytes=0; stderrTruncated=False; stderrDroppedBytes=0
2026-06-03T18:12:40.7588462+00:00	WorkerLogSummary	Layer03Hub	stdout=C:\Users\jimmy\Desktop\meta-bi\Samples\Demos\MetaOrchestrationHairballCliIntegration\Runs\hairball-seed-20260530\RunArtifacts\runs\20260603-181047_f9520fe0ba0e47178389df2fe09b408e\logs\Layer03Hub-24768.stdout.log; stdoutBytes=0; stdoutTruncated=False; stdoutDroppedBytes=0; stderr=C:\Users\jimmy\Desktop\meta-bi\Samples\Demos\MetaOrchestrationHairballCliIntegration\Runs\hairball-seed-20260530\RunArtifacts\runs\20260603-181047_f9520fe0ba0e47178389df2fe09b408e\logs\Layer03Hub-24768.stderr.log; stderrBytes=0; stderrTruncated=False; stderrDroppedBytes=0
2026-06-03T18:12:40.7593490+00:00	WorkerLogSummary	Layer03Node01	stdout=C:\Users\jimmy\Desktop\meta-bi\Samples\Demos\MetaOrchestrationHairballCliIntegration\Runs\hairball-seed-20260530\RunArtifacts\runs\20260603-181047_f9520fe0ba0e47178389df2fe09b408e\logs\Layer03Node01-3844.stdout.log; stdoutBytes=0; stdoutTruncated=False; stdoutDroppedBytes=0; stderr=C:\Users\jimmy\Desktop\meta-bi\Samples\Demos\MetaOrchestrationHairballCliIntegration\Runs\hairball-seed-20260530\RunArtifacts\runs\20260603-181047_f9520fe0ba0e47178389df2fe09b408e\logs\Layer03Node01-3844.stderr.log; stderrBytes=0; stderrTruncated=False; stderrDroppedBytes=0
2026-06-03T18:12:40.7598471+00:00	WorkerLogSummary	Layer03Node04	stdout=C:\Users\jimmy\Desktop\meta-bi\Samples\Demos\MetaOrchestrationHairballCliIntegration\Runs\hairball-seed-20260530\RunArtifacts\runs\20260603-181047_f9520fe0ba0e47178389df2fe09b408e\logs\Layer03Node04-21080.stdout.log; stdoutBytes=0; stdoutTruncated=False; stdoutDroppedBytes=0; stderr=C:\Users\jimmy\Desktop\meta-bi\Samples\Demos\MetaOrchestrationHairballCliIntegration\Runs\hairball-seed-20260530\RunArtifacts\runs\20260603-181047_f9520fe0ba0e47178389df2fe09b408e\logs\Layer03Node04-21080.stderr.log; stderrBytes=0; stderrTruncated=False; stderrDroppedBytes=0
2026-06-03T18:12:40.7605633+00:00	WorkerLogSummary	Layer03Node05	stdout=C:\Users\jimmy\Desktop\meta-bi\Samples\Demos\MetaOrchestrationHairballCliIntegration\Runs\hairball-seed-20260530\RunArtifacts\runs\20260603-181047_f9520fe0ba0e47178389df2fe09b408e\logs\Layer03Node05-14836.stdout.log; stdoutBytes=0; stdoutTruncated=False; stdoutDroppedBytes=0; stderr=C:\Users\jimmy\Desktop\meta-bi\Samples\Demos\MetaOrchestrationHairballCliIntegration\Runs\hairball-seed-20260530\RunArtifacts\runs\20260603-181047_f9520fe0ba0e47178389df2fe09b408e\logs\Layer03Node05-14836.stderr.log; stderrBytes=0; stderrTruncated=False; stderrDroppedBytes=0
2026-06-03T18:12:40.7611961+00:00	WorkerLogSummary	Layer03Node08	stdout=C:\Users\jimmy\Desktop\meta-bi\Samples\Demos\MetaOrchestrationHairballCliIntegration\Runs\hairball-seed-20260530\RunArtifacts\runs\20260603-181047_f9520fe0ba0e47178389df2fe09b408e\logs\Layer03Node08-23468.stdout.log; stdoutBytes=0; stdoutTruncated=False; stdoutDroppedBytes=0; stderr=C:\Users\jimmy\Desktop\meta-bi\Samples\Demos\MetaOrchestrationHairballCliIntegration\Runs\hairball-seed-20260530\RunArtifacts\runs\20260603-181047_f9520fe0ba0e47178389df2fe09b408e\logs\Layer03Node08-23468.stderr.log; stderrBytes=0; stderrTruncated=False; stderrDroppedBytes=0
2026-06-03T18:12:40.7616388+00:00	WorkerLogSummary	Layer04Node04	stdout=C:\Users\jimmy\Desktop\meta-bi\Samples\Demos\MetaOrchestrationHairballCliIntegration\Runs\hairball-seed-20260530\RunArtifacts\runs\20260603-181047_f9520fe0ba0e47178389df2fe09b408e\logs\Layer04Node04-672.stdout.log; stdoutBytes=0; stdoutTruncated=False; stdoutDroppedBytes=0; stderr=C:\Users\jimmy\Desktop\meta-bi\Samples\Demos\MetaOrchestrationHairballCliIntegration\Runs\hairball-seed-20260530\RunArtifacts\runs\20260603-181047_f9520fe0ba0e47178389df2fe09b408e\logs\Layer04Node04-672.stderr.log; stderrBytes=0; stderrTruncated=False; stderrDroppedBytes=0
2026-06-03T18:12:40.7620528+00:00	WorkerLogSummary	AuditHairball	stdout=C:\Users\jimmy\Desktop\meta-bi\Samples\Demos\MetaOrchestrationHairballCliIntegration\Runs\hairball-seed-20260530\RunArtifacts\runs\20260603-181047_f9520fe0ba0e47178389df2fe09b408e\logs\AuditHairball-23448.stdout.log; stdoutBytes=0; stdoutTruncated=False; stdoutDroppedBytes=0; stderr=C:\Users\jimmy\Desktop\meta-bi\Samples\Demos\MetaOrchestrationHairballCliIntegration\Runs\hairball-seed-20260530\RunArtifacts\runs\20260603-181047_f9520fe0ba0e47178389df2fe09b408e\logs\AuditHairball-23448.stderr.log; stderrBytes=0; stderrTruncated=False; stderrDroppedBytes=0
2026-06-03T18:12:40.7624334+00:00	WorkerLogSummary	BridgeL03L04	stdout=C:\Users\jimmy\Desktop\meta-bi\Samples\Demos\MetaOrchestrationHairballCliIntegration\Runs\hairball-seed-20260530\RunArtifacts\runs\20260603-181047_f9520fe0ba0e47178389df2fe09b408e\logs\BridgeL03L04-25324.stdout.log; stdoutBytes=0; stdoutTruncated=False; stdoutDroppedBytes=0; stderr=C:\Users\jimmy\Desktop\meta-bi\Samples\Demos\MetaOrchestrationHairballCliIntegration\Runs\hairball-seed-20260530\RunArtifacts\runs\20260603-181047_f9520fe0ba0e47178389df2fe09b408e\logs\BridgeL03L04-25324.stderr.log; stderrBytes=0; stderrTruncated=False; stderrDroppedBytes=0
2026-06-03T18:12:40.7631960+00:00	WorkerLogSummary	BridgeL05L06	stdout=C:\Users\jimmy\Desktop\meta-bi\Samples\Demos\MetaOrchestrationHairballCliIntegration\Runs\hairball-seed-20260530\RunArtifacts\runs\20260603-181047_f9520fe0ba0e47178389df2fe09b408e\logs\BridgeL05L06-18556.stdout.log; stdoutBytes=0; stdoutTruncated=False; stdoutDroppedBytes=0; stderr=C:\Users\jimmy\Desktop\meta-bi\Samples\Demos\MetaOrchestrationHairballCliIntegration\Runs\hairball-seed-20260530\RunArtifacts\runs\20260603-181047_f9520fe0ba0e47178389df2fe09b408e\logs\BridgeL05L06-18556.stderr.log; stderrBytes=0; stderrTruncated=False; stderrDroppedBytes=0
2026-06-03T18:12:40.7638149+00:00	WorkerLogSummary	Layer08Node07	stdout=C:\Users\jimmy\Desktop\meta-bi\Samples\Demos\MetaOrchestrationHairballCliIntegration\Runs\hairball-seed-20260530\RunArtifacts\runs\20260603-181047_f9520fe0ba0e47178389df2fe09b408e\logs\Layer08Node07-23216.stdout.log; stdoutBytes=0; stdoutTruncated=False; stdoutDroppedBytes=0; stderr=C:\Users\jimmy\Desktop\meta-bi\Samples\Demos\MetaOrchestrationHairballCliIntegration\Runs\hairball-seed-20260530\RunArtifacts\runs\20260603-181047_f9520fe0ba0e47178389df2fe09b408e\logs\Layer08Node07-23216.stderr.log; stderrBytes=0; stderrTruncated=False; stderrDroppedBytes=0
2026-06-03T18:12:40.7643631+00:00	WorkerLogSummary	BridgeL07L08	stdout=C:\Users\jimmy\Desktop\meta-bi\Samples\Demos\MetaOrchestrationHairballCliIntegration\Runs\hairball-seed-20260530\RunArtifacts\runs\20260603-181047_f9520fe0ba0e47178389df2fe09b408e\logs\BridgeL07L08-31632.stdout.log; stdoutBytes=0; stdoutTruncated=False; stdoutDroppedBytes=0; stderr=C:\Users\jimmy\Desktop\meta-bi\Samples\Demos\MetaOrchestrationHairballCliIntegration\Runs\hairball-seed-20260530\RunArtifacts\runs\20260603-181047_f9520fe0ba0e47178389df2fe09b408e\logs\BridgeL07L08-31632.stderr.log; stderrBytes=0; stderrTruncated=False; stderrDroppedBytes=0
2026-06-03T18:12:40.7648142+00:00	WorkerLogSummary	Layer03Node04	stdout=C:\Users\jimmy\Desktop\meta-bi\Samples\Demos\MetaOrchestrationHairballCliIntegration\Runs\hairball-seed-20260530\RunArtifacts\runs\20260603-181047_f9520fe0ba0e47178389df2fe09b408e\logs\Layer03Node04-19948.stdout.log; stdoutBytes=0; stdoutTruncated=False; stdoutDroppedBytes=0; stderr=C:\Users\jimmy\Desktop\meta-bi\Samples\Demos\MetaOrchestrationHairballCliIntegration\Runs\hairball-seed-20260530\RunArtifacts\runs\20260603-181047_f9520fe0ba0e47178389df2fe09b408e\logs\Layer03Node04-19948.stderr.log; stderrBytes=0; stderrTruncated=False; stderrDroppedBytes=0
2026-06-03T18:12:40.7652338+00:00	WorkerLogSummary	Layer04Node06	stdout=C:\Users\jimmy\Desktop\meta-bi\Samples\Demos\MetaOrchestrationHairballCliIntegration\Runs\hairball-seed-20260530\RunArtifacts\runs\20260603-181047_f9520fe0ba0e47178389df2fe09b408e\logs\Layer04Node06-28464.stdout.log; stdoutBytes=0; stdoutTruncated=False; stdoutDroppedBytes=0; stderr=C:\Users\jimmy\Desktop\meta-bi\Samples\Demos\MetaOrchestrationHairballCliIntegration\Runs\hairball-seed-20260530\RunArtifacts\runs\20260603-181047_f9520fe0ba0e47178389df2fe09b408e\logs\Layer04Node06-28464.stderr.log; stderrBytes=0; stderrTruncated=False; stderrDroppedBytes=0
2026-06-03T18:12:40.7655281+00:00	WorkerLogSummary	Layer04Node09	stdout=C:\Users\jimmy\Desktop\meta-bi\Samples\Demos\MetaOrchestrationHairballCliIntegration\Runs\hairball-seed-20260530\RunArtifacts\runs\20260603-181047_f9520fe0ba0e47178389df2fe09b408e\logs\Layer04Node09-24492.stdout.log; stdoutBytes=0; stdoutTruncated=False; stdoutDroppedBytes=0; stderr=C:\Users\jimmy\Desktop\meta-bi\Samples\Demos\MetaOrchestrationHairballCliIntegration\Runs\hairball-seed-20260530\RunArtifacts\runs\20260603-181047_f9520fe0ba0e47178389df2fe09b408e\logs\Layer04Node09-24492.stderr.log; stderrBytes=0; stderrTruncated=False; stderrDroppedBytes=0
2026-06-03T18:12:40.7659742+00:00	WorkerLogSummary	Layer06Node03	stdout=C:\Users\jimmy\Desktop\meta-bi\Samples\Demos\MetaOrchestrationHairballCliIntegration\Runs\hairball-seed-20260530\RunArtifacts\runs\20260603-181047_f9520fe0ba0e47178389df2fe09b408e\logs\Layer06Node03-26108.stdout.log; stdoutBytes=0; stdoutTruncated=False; stdoutDroppedBytes=0; stderr=C:\Users\jimmy\Desktop\meta-bi\Samples\Demos\MetaOrchestrationHairballCliIntegration\Runs\hairball-seed-20260530\RunArtifacts\runs\20260603-181047_f9520fe0ba0e47178389df2fe09b408e\logs\Layer06Node03-26108.stderr.log; stderrBytes=0; stderrTruncated=False; stderrDroppedBytes=0
2026-06-03T18:12:40.7663963+00:00	WorkerLogSummary	Layer07Node02	stdout=C:\Users\jimmy\Desktop\meta-bi\Samples\Demos\MetaOrchestrationHairballCliIntegration\Runs\hairball-seed-20260530\RunArtifacts\runs\20260603-181047_f9520fe0ba0e47178389df2fe09b408e\logs\Layer07Node02-20580.stdout.log; stdoutBytes=0; stdoutTruncated=False; stdoutDroppedBytes=0; stderr=C:\Users\jimmy\Desktop\meta-bi\Samples\Demos\MetaOrchestrationHairballCliIntegration\Runs\hairball-seed-20260530\RunArtifacts\runs\20260603-181047_f9520fe0ba0e47178389df2fe09b408e\logs\Layer07Node02-20580.stderr.log; stderrBytes=0; stderrTruncated=False; stderrDroppedBytes=0
2026-06-03T18:12:40.7672002+00:00	WorkerLogSummary	AuditHairball	stdout=C:\Users\jimmy\Desktop\meta-bi\Samples\Demos\MetaOrchestrationHairballCliIntegration\Runs\hairball-seed-20260530\RunArtifacts\runs\20260603-181047_f9520fe0ba0e47178389df2fe09b408e\logs\AuditHairball-26732.stdout.log; stdoutBytes=0; stdoutTruncated=False; stdoutDroppedBytes=0; stderr=C:\Users\jimmy\Desktop\meta-bi\Samples\Demos\MetaOrchestrationHairballCliIntegration\Runs\hairball-seed-20260530\RunArtifacts\runs\20260603-181047_f9520fe0ba0e47178389df2fe09b408e\logs\AuditHairball-26732.stderr.log; stderrBytes=0; stderrTruncated=False; stderrDroppedBytes=0
2026-06-03T18:12:40.7679949+00:00	WorkerLogSummary	Layer04Node07	stdout=C:\Users\jimmy\Desktop\meta-bi\Samples\Demos\MetaOrchestrationHairballCliIntegration\Runs\hairball-seed-20260530\RunArtifacts\runs\20260603-181047_f9520fe0ba0e47178389df2fe09b408e\logs\Layer04Node07-17800.stdout.log; stdoutBytes=0; stdoutTruncated=False; stdoutDroppedBytes=0; stderr=C:\Users\jimmy\Desktop\meta-bi\Samples\Demos\MetaOrchestrationHairballCliIntegration\Runs\hairball-seed-20260530\RunArtifacts\runs\20260603-181047_f9520fe0ba0e47178389df2fe09b408e\logs\Layer04Node07-17800.stderr.log; stderrBytes=0; stderrTruncated=False; stderrDroppedBytes=0
2026-06-03T18:12:40.7687086+00:00	WorkerLogSummary	CompositeMart	stdout=C:\Users\jimmy\Desktop\meta-bi\Samples\Demos\MetaOrchestrationHairballCliIntegration\Runs\hairball-seed-20260530\RunArtifacts\runs\20260603-181047_f9520fe0ba0e47178389df2fe09b408e\logs\CompositeMart-28728.stdout.log; stdoutBytes=0; stdoutTruncated=False; stdoutDroppedBytes=0; stderr=C:\Users\jimmy\Desktop\meta-bi\Samples\Demos\MetaOrchestrationHairballCliIntegration\Runs\hairball-seed-20260530\RunArtifacts\runs\20260603-181047_f9520fe0ba0e47178389df2fe09b408e\logs\CompositeMart-28728.stderr.log; stderrBytes=0; stderrTruncated=False; stderrDroppedBytes=0
2026-06-03T18:12:40.7694562+00:00	WorkerLogSummary	Layer03Hub	stdout=C:\Users\jimmy\Desktop\meta-bi\Samples\Demos\MetaOrchestrationHairballCliIntegration\Runs\hairball-seed-20260530\RunArtifacts\runs\20260603-181047_f9520fe0ba0e47178389df2fe09b408e\logs\Layer03Hub-20676.stdout.log; stdoutBytes=0; stdoutTruncated=False; stdoutDroppedBytes=0; stderr=C:\Users\jimmy\Desktop\meta-bi\Samples\Demos\MetaOrchestrationHairballCliIntegration\Runs\hairball-seed-20260530\RunArtifacts\runs\20260603-181047_f9520fe0ba0e47178389df2fe09b408e\logs\Layer03Hub-20676.stderr.log; stderrBytes=0; stderrTruncated=False; stderrDroppedBytes=0
2026-06-03T18:12:40.7698899+00:00	WorkerLogSummary	Layer04Hub	stdout=C:\Users\jimmy\Desktop\meta-bi\Samples\Demos\MetaOrchestrationHairballCliIntegration\Runs\hairball-seed-20260530\RunArtifacts\runs\20260603-181047_f9520fe0ba0e47178389df2fe09b408e\logs\Layer04Hub-1676.stdout.log; stdoutBytes=0; stdoutTruncated=False; stdoutDroppedBytes=0; stderr=C:\Users\jimmy\Desktop\meta-bi\Samples\Demos\MetaOrchestrationHairballCliIntegration\Runs\hairball-seed-20260530\RunArtifacts\runs\20260603-181047_f9520fe0ba0e47178389df2fe09b408e\logs\Layer04Hub-1676.stderr.log; stderrBytes=0; stderrTruncated=False; stderrDroppedBytes=0
2026-06-03T18:12:40.7702753+00:00	WorkerLogSummary	Layer04Node01	stdout=C:\Users\jimmy\Desktop\meta-bi\Samples\Demos\MetaOrchestrationHairballCliIntegration\Runs\hairball-seed-20260530\RunArtifacts\runs\20260603-181047_f9520fe0ba0e47178389df2fe09b408e\logs\Layer04Node01-28148.stdout.log; stdoutBytes=0; stdoutTruncated=False; stdoutDroppedBytes=0; stderr=C:\Users\jimmy\Desktop\meta-bi\Samples\Demos\MetaOrchestrationHairballCliIntegration\Runs\hairball-seed-20260530\RunArtifacts\runs\20260603-181047_f9520fe0ba0e47178389df2fe09b408e\logs\Layer04Node01-28148.stderr.log; stderrBytes=0; stderrTruncated=False; stderrDroppedBytes=0
2026-06-03T18:12:40.7709283+00:00	WorkerLogSummary	Layer04Node02	stdout=C:\Users\jimmy\Desktop\meta-bi\Samples\Demos\MetaOrchestrationHairballCliIntegration\Runs\hairball-seed-20260530\RunArtifacts\runs\20260603-181047_f9520fe0ba0e47178389df2fe09b408e\logs\Layer04Node02-640.stdout.log; stdoutBytes=0; stdoutTruncated=False; stdoutDroppedBytes=0; stderr=C:\Users\jimmy\Desktop\meta-bi\Samples\Demos\MetaOrchestrationHairballCliIntegration\Runs\hairball-seed-20260530\RunArtifacts\runs\20260603-181047_f9520fe0ba0e47178389df2fe09b408e\logs\Layer04Node02-640.stderr.log; stderrBytes=0; stderrTruncated=False; stderrDroppedBytes=0
2026-06-03T18:12:40.7716304+00:00	WorkerLogSummary	Layer04Node05	stdout=C:\Users\jimmy\Desktop\meta-bi\Samples\Demos\MetaOrchestrationHairballCliIntegration\Runs\hairball-seed-20260530\RunArtifacts\runs\20260603-181047_f9520fe0ba0e47178389df2fe09b408e\logs\Layer04Node05-29732.stdout.log; stdoutBytes=0; stdoutTruncated=False; stdoutDroppedBytes=0; stderr=C:\Users\jimmy\Desktop\meta-bi\Samples\Demos\MetaOrchestrationHairballCliIntegration\Runs\hairball-seed-20260530\RunArtifacts\runs\20260603-181047_f9520fe0ba0e47178389df2fe09b408e\logs\Layer04Node05-29732.stderr.log; stderrBytes=0; stderrTruncated=False; stderrDroppedBytes=0
2026-06-03T18:12:40.7726334+00:00	WorkerLogSummary	Layer04Node08	stdout=C:\Users\jimmy\Desktop\meta-bi\Samples\Demos\MetaOrchestrationHairballCliIntegration\Runs\hairball-seed-20260530\RunArtifacts\runs\20260603-181047_f9520fe0ba0e47178389df2fe09b408e\logs\Layer04Node08-29488.stdout.log; stdoutBytes=0; stdoutTruncated=False; stdoutDroppedBytes=0; stderr=C:\Users\jimmy\Desktop\meta-bi\Samples\Demos\MetaOrchestrationHairballCliIntegration\Runs\hairball-seed-20260530\RunArtifacts\runs\20260603-181047_f9520fe0ba0e47178389df2fe09b408e\logs\Layer04Node08-29488.stderr.log; stderrBytes=0; stderrTruncated=False; stderrDroppedBytes=0
2026-06-03T18:12:40.7730988+00:00	WorkerLogSummary	Layer05Hub	stdout=C:\Users\jimmy\Desktop\meta-bi\Samples\Demos\MetaOrchestrationHairballCliIntegration\Runs\hairball-seed-20260530\RunArtifacts\runs\20260603-181047_f9520fe0ba0e47178389df2fe09b408e\logs\Layer05Hub-19944.stdout.log; stdoutBytes=0; stdoutTruncated=False; stdoutDroppedBytes=0; stderr=C:\Users\jimmy\Desktop\meta-bi\Samples\Demos\MetaOrchestrationHairballCliIntegration\Runs\hairball-seed-20260530\RunArtifacts\runs\20260603-181047_f9520fe0ba0e47178389df2fe09b408e\logs\Layer05Hub-19944.stderr.log; stderrBytes=0; stderrTruncated=False; stderrDroppedBytes=0
2026-06-03T18:12:40.7736611+00:00	WorkerLogSummary	Layer07Node07	stdout=C:\Users\jimmy\Desktop\meta-bi\Samples\Demos\MetaOrchestrationHairballCliIntegration\Runs\hairball-seed-20260530\RunArtifacts\runs\20260603-181047_f9520fe0ba0e47178389df2fe09b408e\logs\Layer07Node07-23092.stdout.log; stdoutBytes=0; stdoutTruncated=False; stdoutDroppedBytes=0; stderr=C:\Users\jimmy\Desktop\meta-bi\Samples\Demos\MetaOrchestrationHairballCliIntegration\Runs\hairball-seed-20260530\RunArtifacts\runs\20260603-181047_f9520fe0ba0e47178389df2fe09b408e\logs\Layer07Node07-23092.stderr.log; stderrBytes=0; stderrTruncated=False; stderrDroppedBytes=0
2026-06-03T18:12:40.7744170+00:00	WorkerLogSummary	Layer05Node03	stdout=C:\Users\jimmy\Desktop\meta-bi\Samples\Demos\MetaOrchestrationHairballCliIntegration\Runs\hairball-seed-20260530\RunArtifacts\runs\20260603-181047_f9520fe0ba0e47178389df2fe09b408e\logs\Layer05Node03-12388.stdout.log; stdoutBytes=0; stdoutTruncated=False; stdoutDroppedBytes=0; stderr=C:\Users\jimmy\Desktop\meta-bi\Samples\Demos\MetaOrchestrationHairballCliIntegration\Runs\hairball-seed-20260530\RunArtifacts\runs\20260603-181047_f9520fe0ba0e47178389df2fe09b408e\logs\Layer05Node03-12388.stderr.log; stderrBytes=0; stderrTruncated=False; stderrDroppedBytes=0
2026-06-03T18:12:40.7748489+00:00	WorkerLogSummary	AuditHairball	stdout=C:\Users\jimmy\Desktop\meta-bi\Samples\Demos\MetaOrchestrationHairballCliIntegration\Runs\hairball-seed-20260530\RunArtifacts\runs\20260603-181047_f9520fe0ba0e47178389df2fe09b408e\logs\AuditHairball-27892.stdout.log; stdoutBytes=0; stdoutTruncated=False; stdoutDroppedBytes=0; stderr=C:\Users\jimmy\Desktop\meta-bi\Samples\Demos\MetaOrchestrationHairballCliIntegration\Runs\hairball-seed-20260530\RunArtifacts\runs\20260603-181047_f9520fe0ba0e47178389df2fe09b408e\logs\AuditHairball-27892.stderr.log; stderrBytes=0; stderrTruncated=False; stderrDroppedBytes=0
2026-06-03T18:12:40.7753373+00:00	WorkerLogSummary	Layer07Node04	stdout=C:\Users\jimmy\Desktop\meta-bi\Samples\Demos\MetaOrchestrationHairballCliIntegration\Runs\hairball-seed-20260530\RunArtifacts\runs\20260603-181047_f9520fe0ba0e47178389df2fe09b408e\logs\Layer07Node04-24564.stdout.log; stdoutBytes=0; stdoutTruncated=False; stdoutDroppedBytes=0; stderr=C:\Users\jimmy\Desktop\meta-bi\Samples\Demos\MetaOrchestrationHairballCliIntegration\Runs\hairball-seed-20260530\RunArtifacts\runs\20260603-181047_f9520fe0ba0e47178389df2fe09b408e\logs\Layer07Node04-24564.stderr.log; stderrBytes=0; stderrTruncated=False; stderrDroppedBytes=0
2026-06-03T18:12:40.7757303+00:00	WorkerLogSummary	Layer05Node07	stdout=C:\Users\jimmy\Desktop\meta-bi\Samples\Demos\MetaOrchestrationHairballCliIntegration\Runs\hairball-seed-20260530\RunArtifacts\runs\20260603-181047_f9520fe0ba0e47178389df2fe09b408e\logs\Layer05Node07-27508.stdout.log; stdoutBytes=0; stdoutTruncated=False; stdoutDroppedBytes=0; stderr=C:\Users\jimmy\Desktop\meta-bi\Samples\Demos\MetaOrchestrationHairballCliIntegration\Runs\hairball-seed-20260530\RunArtifacts\runs\20260603-181047_f9520fe0ba0e47178389df2fe09b408e\logs\Layer05Node07-27508.stderr.log; stderrBytes=0; stderrTruncated=False; stderrDroppedBytes=0
2026-06-03T18:12:40.7760308+00:00	WorkerLogSummary	Layer05Node02	stdout=C:\Users\jimmy\Desktop\meta-bi\Samples\Demos\MetaOrchestrationHairballCliIntegration\Runs\hairball-seed-20260530\RunArtifacts\runs\20260603-181047_f9520fe0ba0e47178389df2fe09b408e\logs\Layer05Node02-20500.stdout.log; stdoutBytes=0; stdoutTruncated=False; stdoutDroppedBytes=0; stderr=C:\Users\jimmy\Desktop\meta-bi\Samples\Demos\MetaOrchestrationHairballCliIntegration\Runs\hairball-seed-20260530\RunArtifacts\runs\20260603-181047_f9520fe0ba0e47178389df2fe09b408e\logs\Layer05Node02-20500.stderr.log; stderrBytes=0; stderrTruncated=False; stderrDroppedBytes=0
2026-06-03T18:12:40.7763445+00:00	WorkerLogSummary	BridgeL03L04	stdout=C:\Users\jimmy\Desktop\meta-bi\Samples\Demos\MetaOrchestrationHairballCliIntegration\Runs\hairball-seed-20260530\RunArtifacts\runs\20260603-181047_f9520fe0ba0e47178389df2fe09b408e\logs\BridgeL03L04-16244.stdout.log; stdoutBytes=0; stdoutTruncated=False; stdoutDroppedBytes=0; stderr=C:\Users\jimmy\Desktop\meta-bi\Samples\Demos\MetaOrchestrationHairballCliIntegration\Runs\hairball-seed-20260530\RunArtifacts\runs\20260603-181047_f9520fe0ba0e47178389df2fe09b408e\logs\BridgeL03L04-16244.stderr.log; stderrBytes=0; stderrTruncated=False; stderrDroppedBytes=0
2026-06-03T18:12:40.7767100+00:00	WorkerLogSummary	Layer07Node08	stdout=C:\Users\jimmy\Desktop\meta-bi\Samples\Demos\MetaOrchestrationHairballCliIntegration\Runs\hairball-seed-20260530\RunArtifacts\runs\20260603-181047_f9520fe0ba0e47178389df2fe09b408e\logs\Layer07Node08-23072.stdout.log; stdoutBytes=0; stdoutTruncated=False; stdoutDroppedBytes=0; stderr=C:\Users\jimmy\Desktop\meta-bi\Samples\Demos\MetaOrchestrationHairballCliIntegration\Runs\hairball-seed-20260530\RunArtifacts\runs\20260603-181047_f9520fe0ba0e47178389df2fe09b408e\logs\Layer07Node08-23072.stderr.log; stderrBytes=0; stderrTruncated=False; stderrDroppedBytes=0
2026-06-03T18:12:40.7771259+00:00	WorkerLogSummary	Layer06Node04	stdout=C:\Users\jimmy\Desktop\meta-bi\Samples\Demos\MetaOrchestrationHairballCliIntegration\Runs\hairball-seed-20260530\RunArtifacts\runs\20260603-181047_f9520fe0ba0e47178389df2fe09b408e\logs\Layer06Node04-10904.stdout.log; stdoutBytes=0; stdoutTruncated=False; stdoutDroppedBytes=0; stderr=C:\Users\jimmy\Desktop\meta-bi\Samples\Demos\MetaOrchestrationHairballCliIntegration\Runs\hairball-seed-20260530\RunArtifacts\runs\20260603-181047_f9520fe0ba0e47178389df2fe09b408e\logs\Layer06Node04-10904.stderr.log; stderrBytes=0; stderrTruncated=False; stderrDroppedBytes=0
2026-06-03T18:12:40.7781717+00:00	WorkerLogSummary	BridgeL05L06	stdout=C:\Users\jimmy\Desktop\meta-bi\Samples\Demos\MetaOrchestrationHairballCliIntegration\Runs\hairball-seed-20260530\RunArtifacts\runs\20260603-181047_f9520fe0ba0e47178389df2fe09b408e\logs\BridgeL05L06-29492.stdout.log; stdoutBytes=0; stdoutTruncated=False; stdoutDroppedBytes=0; stderr=C:\Users\jimmy\Desktop\meta-bi\Samples\Demos\MetaOrchestrationHairballCliIntegration\Runs\hairball-seed-20260530\RunArtifacts\runs\20260603-181047_f9520fe0ba0e47178389df2fe09b408e\logs\BridgeL05L06-29492.stderr.log; stderrBytes=0; stderrTruncated=False; stderrDroppedBytes=0
2026-06-03T18:12:40.7787196+00:00	WorkerLogSummary	BridgeL07L08	stdout=C:\Users\jimmy\Desktop\meta-bi\Samples\Demos\MetaOrchestrationHairballCliIntegration\Runs\hairball-seed-20260530\RunArtifacts\runs\20260603-181047_f9520fe0ba0e47178389df2fe09b408e\logs\BridgeL07L08-26128.stdout.log; stdoutBytes=0; stdoutTruncated=False; stdoutDroppedBytes=0; stderr=C:\Users\jimmy\Desktop\meta-bi\Samples\Demos\MetaOrchestrationHairballCliIntegration\Runs\hairball-seed-20260530\RunArtifacts\runs\20260603-181047_f9520fe0ba0e47178389df2fe09b408e\logs\BridgeL07L08-26128.stderr.log; stderrBytes=0; stderrTruncated=False; stderrDroppedBytes=0
2026-06-03T18:12:40.7791148+00:00	WorkerLogSummary	CompositeMart	stdout=C:\Users\jimmy\Desktop\meta-bi\Samples\Demos\MetaOrchestrationHairballCliIntegration\Runs\hairball-seed-20260530\RunArtifacts\runs\20260603-181047_f9520fe0ba0e47178389df2fe09b408e\logs\CompositeMart-22016.stdout.log; stdoutBytes=0; stdoutTruncated=False; stdoutDroppedBytes=0; stderr=C:\Users\jimmy\Desktop\meta-bi\Samples\Demos\MetaOrchestrationHairballCliIntegration\Runs\hairball-seed-20260530\RunArtifacts\runs\20260603-181047_f9520fe0ba0e47178389df2fe09b408e\logs\CompositeMart-22016.stderr.log; stderrBytes=0; stderrTruncated=False; stderrDroppedBytes=0
2026-06-03T18:12:40.7795048+00:00	WorkerLogSummary	Layer08Node06	stdout=C:\Users\jimmy\Desktop\meta-bi\Samples\Demos\MetaOrchestrationHairballCliIntegration\Runs\hairball-seed-20260530\RunArtifacts\runs\20260603-181047_f9520fe0ba0e47178389df2fe09b408e\logs\Layer08Node06-3932.stdout.log; stdoutBytes=0; stdoutTruncated=False; stdoutDroppedBytes=0; stderr=C:\Users\jimmy\Desktop\meta-bi\Samples\Demos\MetaOrchestrationHairballCliIntegration\Runs\hairball-seed-20260530\RunArtifacts\runs\20260603-181047_f9520fe0ba0e47178389df2fe09b408e\logs\Layer08Node06-3932.stderr.log; stderrBytes=0; stderrTruncated=False; stderrDroppedBytes=0
2026-06-03T18:12:40.7800544+00:00	WorkerLogSummary	AuditHairball	stdout=C:\Users\jimmy\Desktop\meta-bi\Samples\Demos\MetaOrchestrationHairballCliIntegration\Runs\hairball-seed-20260530\RunArtifacts\runs\20260603-181047_f9520fe0ba0e47178389df2fe09b408e\logs\AuditHairball-9440.stdout.log; stdoutBytes=0; stdoutTruncated=False; stdoutDroppedBytes=0; stderr=C:\Users\jimmy\Desktop\meta-bi\Samples\Demos\MetaOrchestrationHairballCliIntegration\Runs\hairball-seed-20260530\RunArtifacts\runs\20260603-181047_f9520fe0ba0e47178389df2fe09b408e\logs\AuditHairball-9440.stderr.log; stderrBytes=0; stderrTruncated=False; stderrDroppedBytes=0
2026-06-03T18:12:40.7804657+00:00	WorkerLogSummary	Layer05Hub	stdout=C:\Users\jimmy\Desktop\meta-bi\Samples\Demos\MetaOrchestrationHairballCliIntegration\Runs\hairball-seed-20260530\RunArtifacts\runs\20260603-181047_f9520fe0ba0e47178389df2fe09b408e\logs\Layer05Hub-31668.stdout.log; stdoutBytes=0; stdoutTruncated=False; stdoutDroppedBytes=0; stderr=C:\Users\jimmy\Desktop\meta-bi\Samples\Demos\MetaOrchestrationHairballCliIntegration\Runs\hairball-seed-20260530\RunArtifacts\runs\20260603-181047_f9520fe0ba0e47178389df2fe09b408e\logs\Layer05Hub-31668.stderr.log; stderrBytes=0; stderrTruncated=False; stderrDroppedBytes=0
2026-06-03T18:12:40.7808756+00:00	WorkerLogSummary	Layer05Node01	stdout=C:\Users\jimmy\Desktop\meta-bi\Samples\Demos\MetaOrchestrationHairballCliIntegration\Runs\hairball-seed-20260530\RunArtifacts\runs\20260603-181047_f9520fe0ba0e47178389df2fe09b408e\logs\Layer05Node01-22632.stdout.log; stdoutBytes=0; stdoutTruncated=False; stdoutDroppedBytes=0; stderr=C:\Users\jimmy\Desktop\meta-bi\Samples\Demos\MetaOrchestrationHairballCliIntegration\Runs\hairball-seed-20260530\RunArtifacts\runs\20260603-181047_f9520fe0ba0e47178389df2fe09b408e\logs\Layer05Node01-22632.stderr.log; stderrBytes=0; stderrTruncated=False; stderrDroppedBytes=0
2026-06-03T18:12:40.7813282+00:00	WorkerLogSummary	Layer06Node01	stdout=C:\Users\jimmy\Desktop\meta-bi\Samples\Demos\MetaOrchestrationHairballCliIntegration\Runs\hairball-seed-20260530\RunArtifacts\runs\20260603-181047_f9520fe0ba0e47178389df2fe09b408e\logs\Layer06Node01-26244.stdout.log; stdoutBytes=0; stdoutTruncated=False; stdoutDroppedBytes=0; stderr=C:\Users\jimmy\Desktop\meta-bi\Samples\Demos\MetaOrchestrationHairballCliIntegration\Runs\hairball-seed-20260530\RunArtifacts\runs\20260603-181047_f9520fe0ba0e47178389df2fe09b408e\logs\Layer06Node01-26244.stderr.log; stderrBytes=0; stderrTruncated=False; stderrDroppedBytes=0
2026-06-03T18:12:40.7817735+00:00	WorkerLogSummary	Layer06Node07	stdout=C:\Users\jimmy\Desktop\meta-bi\Samples\Demos\MetaOrchestrationHairballCliIntegration\Runs\hairball-seed-20260530\RunArtifacts\runs\20260603-181047_f9520fe0ba0e47178389df2fe09b408e\logs\Layer06Node07-25188.stdout.log; stdoutBytes=0; stdoutTruncated=False; stdoutDroppedBytes=0; stderr=C:\Users\jimmy\Desktop\meta-bi\Samples\Demos\MetaOrchestrationHairballCliIntegration\Runs\hairball-seed-20260530\RunArtifacts\runs\20260603-181047_f9520fe0ba0e47178389df2fe09b408e\logs\Layer06Node07-25188.stderr.log; stderrBytes=0; stderrTruncated=False; stderrDroppedBytes=0
2026-06-03T18:12:40.7826123+00:00	WorkerLogSummary	Layer05Node04	stdout=C:\Users\jimmy\Desktop\meta-bi\Samples\Demos\MetaOrchestrationHairballCliIntegration\Runs\hairball-seed-20260530\RunArtifacts\runs\20260603-181047_f9520fe0ba0e47178389df2fe09b408e\logs\Layer05Node04-7404.stdout.log; stdoutBytes=0; stdoutTruncated=False; stdoutDroppedBytes=0; stderr=C:\Users\jimmy\Desktop\meta-bi\Samples\Demos\MetaOrchestrationHairballCliIntegration\Runs\hairball-seed-20260530\RunArtifacts\runs\20260603-181047_f9520fe0ba0e47178389df2fe09b408e\logs\Layer05Node04-7404.stderr.log; stderrBytes=0; stderrTruncated=False; stderrDroppedBytes=0
2026-06-03T18:12:40.7830435+00:00	WorkerLogSummary	Layer06Node10	stdout=C:\Users\jimmy\Desktop\meta-bi\Samples\Demos\MetaOrchestrationHairballCliIntegration\Runs\hairball-seed-20260530\RunArtifacts\runs\20260603-181047_f9520fe0ba0e47178389df2fe09b408e\logs\Layer06Node10-10296.stdout.log; stdoutBytes=0; stdoutTruncated=False; stdoutDroppedBytes=0; stderr=C:\Users\jimmy\Desktop\meta-bi\Samples\Demos\MetaOrchestrationHairballCliIntegration\Runs\hairball-seed-20260530\RunArtifacts\runs\20260603-181047_f9520fe0ba0e47178389df2fe09b408e\logs\Layer06Node10-10296.stderr.log; stderrBytes=0; stderrTruncated=False; stderrDroppedBytes=0
2026-06-03T18:12:40.7837889+00:00	WorkerLogSummary	Layer05Node05	stdout=C:\Users\jimmy\Desktop\meta-bi\Samples\Demos\MetaOrchestrationHairballCliIntegration\Runs\hairball-seed-20260530\RunArtifacts\runs\20260603-181047_f9520fe0ba0e47178389df2fe09b408e\logs\Layer05Node05-30196.stdout.log; stdoutBytes=0; stdoutTruncated=False; stdoutDroppedBytes=0; stderr=C:\Users\jimmy\Desktop\meta-bi\Samples\Demos\MetaOrchestrationHairballCliIntegration\Runs\hairball-seed-20260530\RunArtifacts\runs\20260603-181047_f9520fe0ba0e47178389df2fe09b408e\logs\Layer05Node05-30196.stderr.log; stderrBytes=0; stderrTruncated=False; stderrDroppedBytes=0
2026-06-03T18:12:40.7844187+00:00	WorkerLogSummary	Layer08Node05	stdout=C:\Users\jimmy\Desktop\meta-bi\Samples\Demos\MetaOrchestrationHairballCliIntegration\Runs\hairball-seed-20260530\RunArtifacts\runs\20260603-181047_f9520fe0ba0e47178389df2fe09b408e\logs\Layer08Node05-20968.stdout.log; stdoutBytes=0; stdoutTruncated=False; stdoutDroppedBytes=0; stderr=C:\Users\jimmy\Desktop\meta-bi\Samples\Demos\MetaOrchestrationHairballCliIntegration\Runs\hairball-seed-20260530\RunArtifacts\runs\20260603-181047_f9520fe0ba0e47178389df2fe09b408e\logs\Layer08Node05-20968.stderr.log; stderrBytes=0; stderrTruncated=False; stderrDroppedBytes=0
2026-06-03T18:12:40.7851931+00:00	WorkerLogSummary	BridgeL05L06	stdout=C:\Users\jimmy\Desktop\meta-bi\Samples\Demos\MetaOrchestrationHairballCliIntegration\Runs\hairball-seed-20260530\RunArtifacts\runs\20260603-181047_f9520fe0ba0e47178389df2fe09b408e\logs\BridgeL05L06-27004.stdout.log; stdoutBytes=0; stdoutTruncated=False; stdoutDroppedBytes=0; stderr=C:\Users\jimmy\Desktop\meta-bi\Samples\Demos\MetaOrchestrationHairballCliIntegration\Runs\hairball-seed-20260530\RunArtifacts\runs\20260603-181047_f9520fe0ba0e47178389df2fe09b408e\logs\BridgeL05L06-27004.stderr.log; stderrBytes=0; stderrTruncated=False; stderrDroppedBytes=0
2026-06-03T18:12:40.7859844+00:00	WorkerLogSummary	Layer05Node06	stdout=C:\Users\jimmy\Desktop\meta-bi\Samples\Demos\MetaOrchestrationHairballCliIntegration\Runs\hairball-seed-20260530\RunArtifacts\runs\20260603-181047_f9520fe0ba0e47178389df2fe09b408e\logs\Layer05Node06-15444.stdout.log; stdoutBytes=0; stdoutTruncated=False; stdoutDroppedBytes=0; stderr=C:\Users\jimmy\Desktop\meta-bi\Samples\Demos\MetaOrchestrationHairballCliIntegration\Runs\hairball-seed-20260530\RunArtifacts\runs\20260603-181047_f9520fe0ba0e47178389df2fe09b408e\logs\Layer05Node06-15444.stderr.log; stderrBytes=0; stderrTruncated=False; stderrDroppedBytes=0
2026-06-03T18:12:40.7864386+00:00	WorkerLogSummary	Layer06Node05	stdout=C:\Users\jimmy\Desktop\meta-bi\Samples\Demos\MetaOrchestrationHairballCliIntegration\Runs\hairball-seed-20260530\RunArtifacts\runs\20260603-181047_f9520fe0ba0e47178389df2fe09b408e\logs\Layer06Node05-29812.stdout.log; stdoutBytes=0; stdoutTruncated=False; stdoutDroppedBytes=0; stderr=C:\Users\jimmy\Desktop\meta-bi\Samples\Demos\MetaOrchestrationHairballCliIntegration\Runs\hairball-seed-20260530\RunArtifacts\runs\20260603-181047_f9520fe0ba0e47178389df2fe09b408e\logs\Layer06Node05-29812.stderr.log; stderrBytes=0; stderrTruncated=False; stderrDroppedBytes=0
2026-06-03T18:12:40.7871743+00:00	WorkerLogSummary	BridgeL07L08	stdout=C:\Users\jimmy\Desktop\meta-bi\Samples\Demos\MetaOrchestrationHairballCliIntegration\Runs\hairball-seed-20260530\RunArtifacts\runs\20260603-181047_f9520fe0ba0e47178389df2fe09b408e\logs\BridgeL07L08-6596.stdout.log; stdoutBytes=0; stdoutTruncated=False; stdoutDroppedBytes=0; stderr=C:\Users\jimmy\Desktop\meta-bi\Samples\Demos\MetaOrchestrationHairballCliIntegration\Runs\hairball-seed-20260530\RunArtifacts\runs\20260603-181047_f9520fe0ba0e47178389df2fe09b408e\logs\BridgeL07L08-6596.stderr.log; stderrBytes=0; stderrTruncated=False; stderrDroppedBytes=0
2026-06-03T18:12:40.7876841+00:00	WorkerLogSummary	Layer05Node08	stdout=C:\Users\jimmy\Desktop\meta-bi\Samples\Demos\MetaOrchestrationHairballCliIntegration\Runs\hairball-seed-20260530\RunArtifacts\runs\20260603-181047_f9520fe0ba0e47178389df2fe09b408e\logs\Layer05Node08-7128.stdout.log; stdoutBytes=0; stdoutTruncated=False; stdoutDroppedBytes=0; stderr=C:\Users\jimmy\Desktop\meta-bi\Samples\Demos\MetaOrchestrationHairballCliIntegration\Runs\hairball-seed-20260530\RunArtifacts\runs\20260603-181047_f9520fe0ba0e47178389df2fe09b408e\logs\Layer05Node08-7128.stderr.log; stderrBytes=0; stderrTruncated=False; stderrDroppedBytes=0
2026-06-03T18:12:40.7882372+00:00	WorkerLogSummary	Layer07Node05	stdout=C:\Users\jimmy\Desktop\meta-bi\Samples\Demos\MetaOrchestrationHairballCliIntegration\Runs\hairball-seed-20260530\RunArtifacts\runs\20260603-181047_f9520fe0ba0e47178389df2fe09b408e\logs\Layer07Node05-23532.stdout.log; stdoutBytes=0; stdoutTruncated=False; stdoutDroppedBytes=0; stderr=C:\Users\jimmy\Desktop\meta-bi\Samples\Demos\MetaOrchestrationHairballCliIntegration\Runs\hairball-seed-20260530\RunArtifacts\runs\20260603-181047_f9520fe0ba0e47178389df2fe09b408e\logs\Layer07Node05-23532.stderr.log; stderrBytes=0; stderrTruncated=False; stderrDroppedBytes=0
2026-06-03T18:12:40.7886479+00:00	WorkerLogSummary	Layer06Hub	stdout=C:\Users\jimmy\Desktop\meta-bi\Samples\Demos\MetaOrchestrationHairballCliIntegration\Runs\hairball-seed-20260530\RunArtifacts\runs\20260603-181047_f9520fe0ba0e47178389df2fe09b408e\logs\Layer06Hub-29588.stdout.log; stdoutBytes=0; stdoutTruncated=False; stdoutDroppedBytes=0; stderr=C:\Users\jimmy\Desktop\meta-bi\Samples\Demos\MetaOrchestrationHairballCliIntegration\Runs\hairball-seed-20260530\RunArtifacts\runs\20260603-181047_f9520fe0ba0e47178389df2fe09b408e\logs\Layer06Hub-29588.stderr.log; stderrBytes=0; stderrTruncated=False; stderrDroppedBytes=0
2026-06-03T18:12:40.7890864+00:00	WorkerLogSummary	Layer06Node08	stdout=C:\Users\jimmy\Desktop\meta-bi\Samples\Demos\MetaOrchestrationHairballCliIntegration\Runs\hairball-seed-20260530\RunArtifacts\runs\20260603-181047_f9520fe0ba0e47178389df2fe09b408e\logs\Layer06Node08-24716.stdout.log; stdoutBytes=0; stdoutTruncated=False; stdoutDroppedBytes=0; stderr=C:\Users\jimmy\Desktop\meta-bi\Samples\Demos\MetaOrchestrationHairballCliIntegration\Runs\hairball-seed-20260530\RunArtifacts\runs\20260603-181047_f9520fe0ba0e47178389df2fe09b408e\logs\Layer06Node08-24716.stderr.log; stderrBytes=0; stderrTruncated=False; stderrDroppedBytes=0
2026-06-03T18:12:40.7896424+00:00	WorkerLogSummary	Layer07Hub	stdout=C:\Users\jimmy\Desktop\meta-bi\Samples\Demos\MetaOrchestrationHairballCliIntegration\Runs\hairball-seed-20260530\RunArtifacts\runs\20260603-181047_f9520fe0ba0e47178389df2fe09b408e\logs\Layer07Hub-26548.stdout.log; stdoutBytes=0; stdoutTruncated=False; stdoutDroppedBytes=0; stderr=C:\Users\jimmy\Desktop\meta-bi\Samples\Demos\MetaOrchestrationHairballCliIntegration\Runs\hairball-seed-20260530\RunArtifacts\runs\20260603-181047_f9520fe0ba0e47178389df2fe09b408e\logs\Layer07Hub-26548.stderr.log; stderrBytes=0; stderrTruncated=False; stderrDroppedBytes=0
2026-06-03T18:12:40.7902453+00:00	WorkerLogSummary	Layer07Node01	stdout=C:\Users\jimmy\Desktop\meta-bi\Samples\Demos\MetaOrchestrationHairballCliIntegration\Runs\hairball-seed-20260530\RunArtifacts\runs\20260603-181047_f9520fe0ba0e47178389df2fe09b408e\logs\Layer07Node01-20076.stdout.log; stdoutBytes=0; stdoutTruncated=False; stdoutDroppedBytes=0; stderr=C:\Users\jimmy\Desktop\meta-bi\Samples\Demos\MetaOrchestrationHairballCliIntegration\Runs\hairball-seed-20260530\RunArtifacts\runs\20260603-181047_f9520fe0ba0e47178389df2fe09b408e\logs\Layer07Node01-20076.stderr.log; stderrBytes=0; stderrTruncated=False; stderrDroppedBytes=0
2026-06-03T18:12:40.7907154+00:00	WorkerLogSummary	Layer07Node03	stdout=C:\Users\jimmy\Desktop\meta-bi\Samples\Demos\MetaOrchestrationHairballCliIntegration\Runs\hairball-seed-20260530\RunArtifacts\runs\20260603-181047_f9520fe0ba0e47178389df2fe09b408e\logs\Layer07Node03-536.stdout.log; stdoutBytes=0; stdoutTruncated=False; stdoutDroppedBytes=0; stderr=C:\Users\jimmy\Desktop\meta-bi\Samples\Demos\MetaOrchestrationHairballCliIntegration\Runs\hairball-seed-20260530\RunArtifacts\runs\20260603-181047_f9520fe0ba0e47178389df2fe09b408e\logs\Layer07Node03-536.stderr.log; stderrBytes=0; stderrTruncated=False; stderrDroppedBytes=0
2026-06-03T18:12:40.7911158+00:00	WorkerLogSummary	Layer07Node06	stdout=C:\Users\jimmy\Desktop\meta-bi\Samples\Demos\MetaOrchestrationHairballCliIntegration\Runs\hairball-seed-20260530\RunArtifacts\runs\20260603-181047_f9520fe0ba0e47178389df2fe09b408e\logs\Layer07Node06-7880.stdout.log; stdoutBytes=0; stdoutTruncated=False; stdoutDroppedBytes=0; stderr=C:\Users\jimmy\Desktop\meta-bi\Samples\Demos\MetaOrchestrationHairballCliIntegration\Runs\hairball-seed-20260530\RunArtifacts\runs\20260603-181047_f9520fe0ba0e47178389df2fe09b408e\logs\Layer07Node06-7880.stderr.log; stderrBytes=0; stderrTruncated=False; stderrDroppedBytes=0
2026-06-03T18:12:40.7914936+00:00	WorkerLogSummary	Layer08Hub	stdout=C:\Users\jimmy\Desktop\meta-bi\Samples\Demos\MetaOrchestrationHairballCliIntegration\Runs\hairball-seed-20260530\RunArtifacts\runs\20260603-181047_f9520fe0ba0e47178389df2fe09b408e\logs\Layer08Hub-18248.stdout.log; stdoutBytes=0; stdoutTruncated=False; stdoutDroppedBytes=0; stderr=C:\Users\jimmy\Desktop\meta-bi\Samples\Demos\MetaOrchestrationHairballCliIntegration\Runs\hairball-seed-20260530\RunArtifacts\runs\20260603-181047_f9520fe0ba0e47178389df2fe09b408e\logs\Layer08Hub-18248.stderr.log; stderrBytes=0; stderrTruncated=False; stderrDroppedBytes=0
2026-06-03T18:12:40.7919206+00:00	WorkerLogSummary	Layer08Node01	stdout=C:\Users\jimmy\Desktop\meta-bi\Samples\Demos\MetaOrchestrationHairballCliIntegration\Runs\hairball-seed-20260530\RunArtifacts\runs\20260603-181047_f9520fe0ba0e47178389df2fe09b408e\logs\Layer08Node01-11068.stdout.log; stdoutBytes=0; stdoutTruncated=False; stdoutDroppedBytes=0; stderr=C:\Users\jimmy\Desktop\meta-bi\Samples\Demos\MetaOrchestrationHairballCliIntegration\Runs\hairball-seed-20260530\RunArtifacts\runs\20260603-181047_f9520fe0ba0e47178389df2fe09b408e\logs\Layer08Node01-11068.stderr.log; stderrBytes=0; stderrTruncated=False; stderrDroppedBytes=0
2026-06-03T18:12:40.7923265+00:00	WorkerLogSummary	Layer08Node02	stdout=C:\Users\jimmy\Desktop\meta-bi\Samples\Demos\MetaOrchestrationHairballCliIntegration\Runs\hairball-seed-20260530\RunArtifacts\runs\20260603-181047_f9520fe0ba0e47178389df2fe09b408e\logs\Layer08Node02-6648.stdout.log; stdoutBytes=0; stdoutTruncated=False; stdoutDroppedBytes=0; stderr=C:\Users\jimmy\Desktop\meta-bi\Samples\Demos\MetaOrchestrationHairballCliIntegration\Runs\hairball-seed-20260530\RunArtifacts\runs\20260603-181047_f9520fe0ba0e47178389df2fe09b408e\logs\Layer08Node02-6648.stderr.log; stderrBytes=0; stderrTruncated=False; stderrDroppedBytes=0
2026-06-03T18:12:40.7927170+00:00	WorkerLogSummary	Layer08Node03	stdout=C:\Users\jimmy\Desktop\meta-bi\Samples\Demos\MetaOrchestrationHairballCliIntegration\Runs\hairball-seed-20260530\RunArtifacts\runs\20260603-181047_f9520fe0ba0e47178389df2fe09b408e\logs\Layer08Node03-16256.stdout.log; stdoutBytes=0; stdoutTruncated=False; stdoutDroppedBytes=0; stderr=C:\Users\jimmy\Desktop\meta-bi\Samples\Demos\MetaOrchestrationHairballCliIntegration\Runs\hairball-seed-20260530\RunArtifacts\runs\20260603-181047_f9520fe0ba0e47178389df2fe09b408e\logs\Layer08Node03-16256.stderr.log; stderrBytes=0; stderrTruncated=False; stderrDroppedBytes=0
2026-06-03T18:12:40.7931025+00:00	WorkerLogSummary	Layer08Node04	stdout=C:\Users\jimmy\Desktop\meta-bi\Samples\Demos\MetaOrchestrationHairballCliIntegration\Runs\hairball-seed-20260530\RunArtifacts\runs\20260603-181047_f9520fe0ba0e47178389df2fe09b408e\logs\Layer08Node04-6692.stdout.log; stdoutBytes=0; stdoutTruncated=False; stdoutDroppedBytes=0; stderr=C:\Users\jimmy\Desktop\meta-bi\Samples\Demos\MetaOrchestrationHairballCliIntegration\Runs\hairball-seed-20260530\RunArtifacts\runs\20260603-181047_f9520fe0ba0e47178389df2fe09b408e\logs\Layer08Node04-6692.stderr.log; stderrBytes=0; stderrTruncated=False; stderrDroppedBytes=0
2026-06-03T18:12:40.7934782+00:00	WorkerLogSummary	Layer08Node08	stdout=C:\Users\jimmy\Desktop\meta-bi\Samples\Demos\MetaOrchestrationHairballCliIntegration\Runs\hairball-seed-20260530\RunArtifacts\runs\20260603-181047_f9520fe0ba0e47178389df2fe09b408e\logs\Layer08Node08-8312.stdout.log; stdoutBytes=0; stdoutTruncated=False; stdoutDroppedBytes=0; stderr=C:\Users\jimmy\Desktop\meta-bi\Samples\Demos\MetaOrchestrationHairballCliIntegration\Runs\hairball-seed-20260530\RunArtifacts\runs\20260603-181047_f9520fe0ba0e47178389df2fe09b408e\logs\Layer08Node08-8312.stderr.log; stderrBytes=0; stderrTruncated=False; stderrDroppedBytes=0
2026-06-03T18:12:40.7938486+00:00	WorkerLogSummary	RegionalMart02	stdout=C:\Users\jimmy\Desktop\meta-bi\Samples\Demos\MetaOrchestrationHairballCliIntegration\Runs\hairball-seed-20260530\RunArtifacts\runs\20260603-181047_f9520fe0ba0e47178389df2fe09b408e\logs\RegionalMart02-8640.stdout.log; stdoutBytes=0; stdoutTruncated=False; stdoutDroppedBytes=0; stderr=C:\Users\jimmy\Desktop\meta-bi\Samples\Demos\MetaOrchestrationHairballCliIntegration\Runs\hairball-seed-20260530\RunArtifacts\runs\20260603-181047_f9520fe0ba0e47178389df2fe09b408e\logs\RegionalMart02-8640.stderr.log; stderrBytes=0; stderrTruncated=False; stderrDroppedBytes=0
2026-06-03T18:12:40.7942222+00:00	WorkerLogSummary	AuditHairball	stdout=C:\Users\jimmy\Desktop\meta-bi\Samples\Demos\MetaOrchestrationHairballCliIntegration\Runs\hairball-seed-20260530\RunArtifacts\runs\20260603-181047_f9520fe0ba0e47178389df2fe09b408e\logs\AuditHairball-28080.stdout.log; stdoutBytes=0; stdoutTruncated=False; stdoutDroppedBytes=0; stderr=C:\Users\jimmy\Desktop\meta-bi\Samples\Demos\MetaOrchestrationHairballCliIntegration\Runs\hairball-seed-20260530\RunArtifacts\runs\20260603-181047_f9520fe0ba0e47178389df2fe09b408e\logs\AuditHairball-28080.stderr.log; stderrBytes=0; stderrTruncated=False; stderrDroppedBytes=0
2026-06-03T18:12:40.7947983+00:00	WorkerLogSummary	Layer07Hub	stdout=C:\Users\jimmy\Desktop\meta-bi\Samples\Demos\MetaOrchestrationHairballCliIntegration\Runs\hairball-seed-20260530\RunArtifacts\runs\20260603-181047_f9520fe0ba0e47178389df2fe09b408e\logs\Layer07Hub-26120.stdout.log; stdoutBytes=0; stdoutTruncated=False; stdoutDroppedBytes=0; stderr=C:\Users\jimmy\Desktop\meta-bi\Samples\Demos\MetaOrchestrationHairballCliIntegration\Runs\hairball-seed-20260530\RunArtifacts\runs\20260603-181047_f9520fe0ba0e47178389df2fe09b408e\logs\Layer07Hub-26120.stderr.log; stderrBytes=0; stderrTruncated=False; stderrDroppedBytes=0
2026-06-03T18:12:40.7952033+00:00	WorkerLogSummary	PublishHairballFinal	stdout=C:\Users\jimmy\Desktop\meta-bi\Samples\Demos\MetaOrchestrationHairballCliIntegration\Runs\hairball-seed-20260530\RunArtifacts\runs\20260603-181047_f9520fe0ba0e47178389df2fe09b408e\logs\PublishHairballFinal-22416.stdout.log; stdoutBytes=0; stdoutTruncated=False; stdoutDroppedBytes=0; stderr=C:\Users\jimmy\Desktop\meta-bi\Samples\Demos\MetaOrchestrationHairballCliIntegration\Runs\hairball-seed-20260530\RunArtifacts\runs\20260603-181047_f9520fe0ba0e47178389df2fe09b408e\logs\PublishHairballFinal-22416.stderr.log; stderrBytes=0; stderrTruncated=False; stderrDroppedBytes=0
2026-06-03T18:12:40.7960883+00:00	WorkerLogSummary	RegionalMart01	stdout=C:\Users\jimmy\Desktop\meta-bi\Samples\Demos\MetaOrchestrationHairballCliIntegration\Runs\hairball-seed-20260530\RunArtifacts\runs\20260603-181047_f9520fe0ba0e47178389df2fe09b408e\logs\RegionalMart01-30204.stdout.log; stdoutBytes=0; stdoutTruncated=False; stdoutDroppedBytes=0; stderr=C:\Users\jimmy\Desktop\meta-bi\Samples\Demos\MetaOrchestrationHairballCliIntegration\Runs\hairball-seed-20260530\RunArtifacts\runs\20260603-181047_f9520fe0ba0e47178389df2fe09b408e\logs\RegionalMart01-30204.stderr.log; stderrBytes=0; stderrTruncated=False; stderrDroppedBytes=0
2026-06-03T18:12:40.7964717+00:00	WorkerLogSummary	RegionalMart03	stdout=C:\Users\jimmy\Desktop\meta-bi\Samples\Demos\MetaOrchestrationHairballCliIntegration\Runs\hairball-seed-20260530\RunArtifacts\runs\20260603-181047_f9520fe0ba0e47178389df2fe09b408e\logs\RegionalMart03-30316.stdout.log; stdoutBytes=0; stdoutTruncated=False; stdoutDroppedBytes=0; stderr=C:\Users\jimmy\Desktop\meta-bi\Samples\Demos\MetaOrchestrationHairballCliIntegration\Runs\hairball-seed-20260530\RunArtifacts\runs\20260603-181047_f9520fe0ba0e47178389df2fe09b408e\logs\RegionalMart03-30316.stderr.log; stderrBytes=0; stderrTruncated=False; stderrDroppedBytes=0
2026-06-03T18:12:40.7968702+00:00	WorkerLogSummary	RegionalMart04	stdout=C:\Users\jimmy\Desktop\meta-bi\Samples\Demos\MetaOrchestrationHairballCliIntegration\Runs\hairball-seed-20260530\RunArtifacts\runs\20260603-181047_f9520fe0ba0e47178389df2fe09b408e\logs\RegionalMart04-19144.stdout.log; stdoutBytes=0; stdoutTruncated=False; stdoutDroppedBytes=0; stderr=C:\Users\jimmy\Desktop\meta-bi\Samples\Demos\MetaOrchestrationHairballCliIntegration\Runs\hairball-seed-20260530\RunArtifacts\runs\20260603-181047_f9520fe0ba0e47178389df2fe09b408e\logs\RegionalMart04-19144.stderr.log; stderrBytes=0; stderrTruncated=False; stderrDroppedBytes=0
2026-06-03T18:12:40.7977139+00:00	RunCompleted	DefaultRunPlan	Succeeded
