OccurredAtUtc	EventKind	Subject	Detail
2026-06-03T18:48:45.1569271+00:00	RunStarted	orchestration	C:\Users\jimmy\Desktop\meta-bi\Samples\Demos\MetaOrchestrationHairballCliIntegration\Runs\hairball-seed-20260530\OrchestrationWS
2026-06-03T18:48:45.1662513+00:00	Process	meta-orchestration	26788
2026-06-03T18:48:45.1670604+00:00	PipelineExecutable	meta-pipeline	
2026-06-03T18:48:45.1674230+00:00	PipelineWorkspace	C:\Users\jimmy\Desktop\meta-bi\Samples\Demos\MetaOrchestrationHairballCliIntegration\Runs\hairball-seed-20260530\PipelineWS	
2026-06-03T18:48:45.1676680+00:00	TransformWorkspace	C:\Users\jimmy\Desktop\meta-bi\Samples\Demos\MetaOrchestrationHairballCliIntegration\Runs\hairball-seed-20260530\TransformWS	
2026-06-03T18:48:45.1680969+00:00	BindingWorkspace	C:\Users\jimmy\Desktop\meta-bi\Samples\Demos\MetaOrchestrationHairballCliIntegration\Runs\hairball-seed-20260530\BindingWS	
2026-06-03T18:48:45.1777908+00:00	LeaseAcquired	C:\Users\jimmy\Desktop\meta-bi\Samples\Demos\MetaOrchestrationHairballCliIntegration\Runs\hairball-seed-20260530\OrchestrationWS	C:\Users\jimmy\Desktop\meta-bi\Samples\Demos\MetaOrchestrationHairballCliIntegration\Runs\hairball-seed-20260530\RunArtifacts\leases\b30631311a63a1938a1d960e11d1b12772a5b649874a11ab9e9983ed17563480.tsv
2026-06-03T18:48:45.1789389+00:00	Phase	Loading	C:\Users\jimmy\Desktop\meta-bi\Samples\Demos\MetaOrchestrationHairballCliIntegration\Runs\hairball-seed-20260530\OrchestrationWS
2026-06-03T18:48:45.2713006+00:00	Phase	Building	C:\Users\jimmy\Desktop\meta-bi\Samples\Demos\MetaOrchestrationHairballCliIntegration\Runs\hairball-seed-20260530\OrchestrationWS
2026-06-03T18:48:45.2843425+00:00	Phase	Saving	C:\Users\jimmy\Desktop\meta-bi\Samples\Demos\MetaOrchestrationHairballCliIntegration\Runs\hairball-seed-20260530\OrchestrationWS
2026-06-03T18:48:45.3555968+00:00	RetryPolicyResolved	DefaultRetryPolicy	MaxAttempts=3; RetryableFailureClasses=6
2026-06-03T18:48:45.3583473+00:00	RunPlanReady	DefaultRunPlan	137
2026-06-03T18:48:45.4129864+00:00	WorkerStarting	ExtractSeed01	meta-pipeline
2026-06-03T18:48:45.4993956+00:00	WorkerStarted	ExtractSeed01	23320
2026-06-03T18:48:45.4998640+00:00	WorkerControlPipe	ExtractSeed01	meta-orchestration-236d0e306d574f2a85d98e0777ff59ca
2026-06-03T18:48:45.5001752+00:00	WorkerLog	ExtractSeed01	stdout=C:\Users\jimmy\Desktop\meta-bi\Samples\Demos\MetaOrchestrationHairballCliIntegration\Runs\hairball-seed-20260530\RunArtifacts\runs\20260603-184845_ae6b7ebedfd54bb0a97473c44e0b6763\logs\ExtractSeed01-23320.stdout.log; stderr=C:\Users\jimmy\Desktop\meta-bi\Samples\Demos\MetaOrchestrationHairballCliIntegration\Runs\hairball-seed-20260530\RunArtifacts\runs\20260603-184845_ae6b7ebedfd54bb0a97473c44e0b6763\logs\ExtractSeed01-23320.stderr.log
2026-06-03T18:48:45.5045604+00:00	WorkerStarting	ExtractSeed02	meta-pipeline
2026-06-03T18:48:45.5861005+00:00	WorkerStarted	ExtractSeed02	13152
2026-06-03T18:48:45.5865968+00:00	WorkerControlPipe	ExtractSeed02	meta-orchestration-44ef889808c14cc8b4b49281f4c004c6
2026-06-03T18:48:45.5868546+00:00	WorkerLog	ExtractSeed02	stdout=C:\Users\jimmy\Desktop\meta-bi\Samples\Demos\MetaOrchestrationHairballCliIntegration\Runs\hairball-seed-20260530\RunArtifacts\runs\20260603-184845_ae6b7ebedfd54bb0a97473c44e0b6763\logs\ExtractSeed02-13152.stdout.log; stderr=C:\Users\jimmy\Desktop\meta-bi\Samples\Demos\MetaOrchestrationHairballCliIntegration\Runs\hairball-seed-20260530\RunArtifacts\runs\20260603-184845_ae6b7ebedfd54bb0a97473c44e0b6763\logs\ExtractSeed02-13152.stderr.log
2026-06-03T18:48:45.5899133+00:00	WorkerEvent	ExtractSeed01	WorkerOnline; ExitCode=0; online
2026-06-03T18:48:45.5971297+00:00	WorkerStarting	ExtractSeed03	meta-pipeline
2026-06-03T18:48:45.6784835+00:00	WorkerStarted	ExtractSeed03	7876
2026-06-03T18:48:45.6787734+00:00	WorkerControlPipe	ExtractSeed03	meta-orchestration-903fb5d9f0c548828368c062cb18b4e6
2026-06-03T18:48:45.6789930+00:00	WorkerLog	ExtractSeed03	stdout=C:\Users\jimmy\Desktop\meta-bi\Samples\Demos\MetaOrchestrationHairballCliIntegration\Runs\hairball-seed-20260530\RunArtifacts\runs\20260603-184845_ae6b7ebedfd54bb0a97473c44e0b6763\logs\ExtractSeed03-7876.stdout.log; stderr=C:\Users\jimmy\Desktop\meta-bi\Samples\Demos\MetaOrchestrationHairballCliIntegration\Runs\hairball-seed-20260530\RunArtifacts\runs\20260603-184845_ae6b7ebedfd54bb0a97473c44e0b6763\logs\ExtractSeed03-7876.stderr.log
2026-06-03T18:48:45.6793248+00:00	WorkerEvent	ExtractSeed01	WorkerReady; ExitCode=0; ready
2026-06-03T18:48:45.6858416+00:00	StartPipeline	ExtractSeed01	ExtractSeed01
2026-06-03T18:48:45.6867140+00:00	WorkerEvent	ExtractSeed02	WorkerOnline; ExitCode=0; online
2026-06-03T18:48:45.6881245+00:00	WorkerStarting	ExtractSeed04	meta-pipeline
2026-06-03T18:48:45.7768254+00:00	WorkerStarted	ExtractSeed04	6008
2026-06-03T18:48:45.7771492+00:00	WorkerControlPipe	ExtractSeed04	meta-orchestration-7e673338968b44c0837ec91e2c6e3abc
2026-06-03T18:48:45.7773989+00:00	WorkerLog	ExtractSeed04	stdout=C:\Users\jimmy\Desktop\meta-bi\Samples\Demos\MetaOrchestrationHairballCliIntegration\Runs\hairball-seed-20260530\RunArtifacts\runs\20260603-184845_ae6b7ebedfd54bb0a97473c44e0b6763\logs\ExtractSeed04-6008.stdout.log; stderr=C:\Users\jimmy\Desktop\meta-bi\Samples\Demos\MetaOrchestrationHairballCliIntegration\Runs\hairball-seed-20260530\RunArtifacts\runs\20260603-184845_ae6b7ebedfd54bb0a97473c44e0b6763\logs\ExtractSeed04-6008.stderr.log
2026-06-03T18:48:45.7777464+00:00	WorkerEvent	ExtractSeed02	WorkerReady; ExitCode=0; ready
2026-06-03T18:48:45.7783598+00:00	StartPipeline	ExtractSeed02	ExtractSeed02
2026-06-03T18:48:45.7789736+00:00	WorkerEvent	ExtractSeed03	WorkerOnline; ExitCode=0; online
2026-06-03T18:48:45.7797365+00:00	WorkerStarting	ExtractSeed05	meta-pipeline
2026-06-03T18:48:45.8749245+00:00	WorkerStarted	ExtractSeed05	20072
2026-06-03T18:48:45.8753025+00:00	WorkerControlPipe	ExtractSeed05	meta-orchestration-61bdb779e4ec494f9985868fa8c97933
2026-06-03T18:48:45.8755650+00:00	WorkerLog	ExtractSeed05	stdout=C:\Users\jimmy\Desktop\meta-bi\Samples\Demos\MetaOrchestrationHairballCliIntegration\Runs\hairball-seed-20260530\RunArtifacts\runs\20260603-184845_ae6b7ebedfd54bb0a97473c44e0b6763\logs\ExtractSeed05-20072.stdout.log; stderr=C:\Users\jimmy\Desktop\meta-bi\Samples\Demos\MetaOrchestrationHairballCliIntegration\Runs\hairball-seed-20260530\RunArtifacts\runs\20260603-184845_ae6b7ebedfd54bb0a97473c44e0b6763\logs\ExtractSeed05-20072.stderr.log
2026-06-03T18:48:45.8759668+00:00	WorkerEvent	ExtractSeed03	WorkerReady; ExitCode=0; ready
2026-06-03T18:48:45.8767569+00:00	StartPipeline	ExtractSeed03	ExtractSeed03
2026-06-03T18:48:45.8774458+00:00	WorkerEvent	ExtractSeed04	WorkerOnline; ExitCode=0; online
2026-06-03T18:48:45.8782513+00:00	WorkerStarting	ExtractSeed06	meta-pipeline
2026-06-03T18:48:46.4334434+00:00	WorkerStarted	ExtractSeed06	31676
2026-06-03T18:48:46.4356780+00:00	WorkerControlPipe	ExtractSeed06	meta-orchestration-7cfcde4804fe462fa57b68fc185c3478
2026-06-03T18:48:46.4363251+00:00	WorkerLog	ExtractSeed06	stdout=C:\Users\jimmy\Desktop\meta-bi\Samples\Demos\MetaOrchestrationHairballCliIntegration\Runs\hairball-seed-20260530\RunArtifacts\runs\20260603-184845_ae6b7ebedfd54bb0a97473c44e0b6763\logs\ExtractSeed06-31676.stdout.log; stderr=C:\Users\jimmy\Desktop\meta-bi\Samples\Demos\MetaOrchestrationHairballCliIntegration\Runs\hairball-seed-20260530\RunArtifacts\runs\20260603-184845_ae6b7ebedfd54bb0a97473c44e0b6763\logs\ExtractSeed06-31676.stderr.log
2026-06-03T18:48:46.4371378+00:00	WorkerEvent	ExtractSeed04	WorkerReady; ExitCode=0; ready
2026-06-03T18:48:46.4392409+00:00	StartPipeline	ExtractSeed04	ExtractSeed04
2026-06-03T18:48:46.4402318+00:00	WorkerEvent	ExtractSeed01	PipelineStarted; ExitCode=0; pipeline started
2026-06-03T18:48:46.4415156+00:00	WorkerEvent	ExtractSeed05	WorkerOnline; ExitCode=0; online
2026-06-03T18:48:46.4425101+00:00	WorkerEvent	ExtractSeed06	WorkerOnline; ExitCode=0; online
2026-06-03T18:48:46.4446019+00:00	WorkerStarting	ExtractSeed07	meta-pipeline
2026-06-03T18:48:47.4644738+00:00	WorkerStarted	ExtractSeed07	17284
2026-06-03T18:48:47.4649172+00:00	WorkerControlPipe	ExtractSeed07	meta-orchestration-539d9a2765d640a3b6d90141e6b4e0eb
2026-06-03T18:48:47.4651678+00:00	WorkerLog	ExtractSeed07	stdout=C:\Users\jimmy\Desktop\meta-bi\Samples\Demos\MetaOrchestrationHairballCliIntegration\Runs\hairball-seed-20260530\RunArtifacts\runs\20260603-184845_ae6b7ebedfd54bb0a97473c44e0b6763\logs\ExtractSeed07-17284.stdout.log; stderr=C:\Users\jimmy\Desktop\meta-bi\Samples\Demos\MetaOrchestrationHairballCliIntegration\Runs\hairball-seed-20260530\RunArtifacts\runs\20260603-184845_ae6b7ebedfd54bb0a97473c44e0b6763\logs\ExtractSeed07-17284.stderr.log
2026-06-03T18:48:47.4657684+00:00	WorkerEvent	ExtractSeed01.extract-seed-01	TaskReady; ExitCode=0; 
2026-06-03T18:48:47.4688551+00:00	WorkerEvent	ExtractSeed02	PipelineStarted; ExitCode=0; pipeline started
2026-06-03T18:48:47.4694490+00:00	WorkerEvent	ExtractSeed05	WorkerReady; ExitCode=0; ready
2026-06-03T18:48:47.4701450+00:00	StartPipeline	ExtractSeed05	ExtractSeed05
2026-06-03T18:48:47.4709299+00:00	WorkerEvent	ExtractSeed02.extract-seed-02	TaskReady; ExitCode=0; 
2026-06-03T18:48:47.4716700+00:00	WorkerEvent	ExtractSeed03	PipelineStarted; ExitCode=0; pipeline started
2026-06-03T18:48:47.4722583+00:00	WorkerEvent	ExtractSeed04	PipelineStarted; ExitCode=0; pipeline started
2026-06-03T18:48:47.4729561+00:00	WorkerEvent	ExtractSeed06	WorkerReady; ExitCode=0; ready
2026-06-03T18:48:47.4737936+00:00	StartPipeline	ExtractSeed06	ExtractSeed06
2026-06-03T18:48:47.4745086+00:00	WorkerEvent	ExtractSeed03.extract-seed-03	TaskReady; ExitCode=0; 
2026-06-03T18:48:47.4752008+00:00	WorkerEvent	ExtractSeed04.extract-seed-04	TaskReady; ExitCode=0; 
2026-06-03T18:48:47.4759451+00:00	WorkerEvent	ExtractSeed07	WorkerOnline; ExitCode=0; online
2026-06-03T18:48:47.4867470+00:00	GrantTask	ExtractSeed01.extract-seed-01	ExtractSeed01.extract-seed-01; GrantId=grant-1; Attempt=1
2026-06-03T18:48:47.4876153+00:00	GrantTask	ExtractSeed02.extract-seed-02	ExtractSeed02.extract-seed-02; GrantId=grant-2; Attempt=1
2026-06-03T18:48:47.4882476+00:00	GrantTask	ExtractSeed03.extract-seed-03	ExtractSeed03.extract-seed-03; GrantId=grant-3; Attempt=1
2026-06-03T18:48:47.4888589+00:00	GrantTask	ExtractSeed04.extract-seed-04	ExtractSeed04.extract-seed-04; GrantId=grant-4; Attempt=1
2026-06-03T18:48:47.4893430+00:00	WorkerStarting	ExtractSeed08	meta-pipeline
2026-06-03T18:48:48.4813335+00:00	WorkerStarted	ExtractSeed08	30804
2026-06-03T18:48:48.4837919+00:00	WorkerControlPipe	ExtractSeed08	meta-orchestration-ba780ee61e164b49b2c4eae021212e1c
2026-06-03T18:48:48.4842686+00:00	WorkerLog	ExtractSeed08	stdout=C:\Users\jimmy\Desktop\meta-bi\Samples\Demos\MetaOrchestrationHairballCliIntegration\Runs\hairball-seed-20260530\RunArtifacts\runs\20260603-184845_ae6b7ebedfd54bb0a97473c44e0b6763\logs\ExtractSeed08-30804.stdout.log; stderr=C:\Users\jimmy\Desktop\meta-bi\Samples\Demos\MetaOrchestrationHairballCliIntegration\Runs\hairball-seed-20260530\RunArtifacts\runs\20260603-184845_ae6b7ebedfd54bb0a97473c44e0b6763\logs\ExtractSeed08-30804.stderr.log
2026-06-03T18:48:48.4847842+00:00	WorkerEvent	ExtractSeed01.extract-seed-01	GrantAccepted; ExitCode=0; 
2026-06-03T18:48:48.4879424+00:00	WorkerEvent	ExtractSeed02.extract-seed-02	GrantAccepted; ExitCode=0; 
2026-06-03T18:48:48.4888554+00:00	WorkerEvent	ExtractSeed03.extract-seed-03	GrantAccepted; ExitCode=0; 
2026-06-03T18:48:48.4895974+00:00	WorkerEvent	ExtractSeed04.extract-seed-04	GrantAccepted; ExitCode=0; 
2026-06-03T18:48:48.4903617+00:00	WorkerEvent	ExtractSeed07	WorkerReady; ExitCode=0; ready
2026-06-03T18:48:48.4912321+00:00	StartPipeline	ExtractSeed07	ExtractSeed07
2026-06-03T18:48:48.4918359+00:00	WorkerEvent	ExtractSeed01.extract-seed-01	TaskStarted; ExitCode=0; 
2026-06-03T18:48:48.4937227+00:00	WorkerEvent	ExtractSeed02.extract-seed-02	TaskStarted; ExitCode=0; 
2026-06-03T18:48:48.4945743+00:00	WorkerEvent	ExtractSeed03.extract-seed-03	TaskStarted; ExitCode=0; 
2026-06-03T18:48:48.4964194+00:00	WorkerEvent	ExtractSeed04.extract-seed-04	TaskStarted; ExitCode=0; 
2026-06-03T18:48:48.4980451+00:00	WorkerEvent	ExtractSeed05	PipelineStarted; ExitCode=0; pipeline started
2026-06-03T18:48:48.5007341+00:00	WorkerEvent	ExtractSeed06	PipelineStarted; ExitCode=0; pipeline started
2026-06-03T18:48:48.5017983+00:00	WorkerEvent	ExtractSeed08	WorkerOnline; ExitCode=0; online
2026-06-03T18:48:48.5059885+00:00	WorkerStarting	AuditHairball	meta-pipeline
2026-06-03T18:48:49.0950428+00:00	WorkerStarted	AuditHairball	22416
2026-06-03T18:48:49.0955433+00:00	WorkerControlPipe	AuditHairball	meta-orchestration-e17aab6b014b49b8bb8a1e1f353705ae
2026-06-03T18:48:49.0959966+00:00	WorkerLog	AuditHairball	stdout=C:\Users\jimmy\Desktop\meta-bi\Samples\Demos\MetaOrchestrationHairballCliIntegration\Runs\hairball-seed-20260530\RunArtifacts\runs\20260603-184845_ae6b7ebedfd54bb0a97473c44e0b6763\logs\AuditHairball-22416.stdout.log; stderr=C:\Users\jimmy\Desktop\meta-bi\Samples\Demos\MetaOrchestrationHairballCliIntegration\Runs\hairball-seed-20260530\RunArtifacts\runs\20260603-184845_ae6b7ebedfd54bb0a97473c44e0b6763\logs\AuditHairball-22416.stderr.log
2026-06-03T18:48:49.0975863+00:00	WorkerEvent	ExtractSeed01.extract-seed-01	TaskSucceeded; ExitCode=0; 
2026-06-03T18:48:49.1091392+00:00	TaskSucceeded	ExtractSeed01.extract-seed-01	0
2026-06-03T18:48:49.1101452+00:00	WorkerEvent	ExtractSeed02.extract-seed-02	TaskSucceeded; ExitCode=0; 
2026-06-03T18:48:49.1111866+00:00	TaskSucceeded	ExtractSeed02.extract-seed-02	0
2026-06-03T18:48:49.1118611+00:00	WorkerEvent	ExtractSeed03.extract-seed-03	TaskSucceeded; ExitCode=0; 
2026-06-03T18:48:49.1124854+00:00	TaskSucceeded	ExtractSeed03.extract-seed-03	0
2026-06-03T18:48:49.1129734+00:00	WorkerEvent	ExtractSeed04.extract-seed-04	TaskSucceeded; ExitCode=0; 
2026-06-03T18:48:49.1170042+00:00	TaskSucceeded	ExtractSeed04.extract-seed-04	0
2026-06-03T18:48:49.1176372+00:00	WorkerEvent	ExtractSeed05.extract-seed-05	TaskReady; ExitCode=0; 
2026-06-03T18:48:49.1184992+00:00	WorkerEvent	ExtractSeed06.extract-seed-06	TaskReady; ExitCode=0; 
2026-06-03T18:48:49.1192485+00:00	WorkerEvent	ExtractSeed08	WorkerReady; ExitCode=0; ready
2026-06-03T18:48:49.1203686+00:00	StartPipeline	ExtractSeed08	ExtractSeed08
2026-06-03T18:48:49.1212992+00:00	WorkerEvent	AuditHairball	WorkerOnline; ExitCode=0; online
2026-06-03T18:48:49.1250342+00:00	WorkerProcessExited	ExtractSeed01	ExitCode=0; worker process exited
2026-06-03T18:48:49.1370237+00:00	PipelineCompleted	ExtractSeed01	
2026-06-03T18:48:49.1385880+00:00	WorkerEvent	AuditHairball	WorkerReady; ExitCode=0; ready
2026-06-03T18:48:49.1395039+00:00	StartPipeline	AuditHairball	AuditHairball
2026-06-03T18:48:49.1406483+00:00	WorkerProcessExited	ExtractSeed02	ExitCode=0; worker process exited
2026-06-03T18:48:49.1414970+00:00	PipelineCompleted	ExtractSeed02	
2026-06-03T18:48:49.1424242+00:00	WorkerProcessExited	ExtractSeed03	ExitCode=0; worker process exited
2026-06-03T18:48:49.1435376+00:00	PipelineCompleted	ExtractSeed03	
2026-06-03T18:48:49.1440644+00:00	WorkerProcessExited	ExtractSeed04	ExitCode=0; worker process exited
2026-06-03T18:48:49.1448011+00:00	PipelineCompleted	ExtractSeed04	
2026-06-03T18:48:49.1500477+00:00	GrantTask	ExtractSeed05.extract-seed-05	ExtractSeed05.extract-seed-05; GrantId=grant-5; Attempt=1
2026-06-03T18:48:49.1509397+00:00	GrantTask	ExtractSeed06.extract-seed-06	ExtractSeed06.extract-seed-06; GrantId=grant-6; Attempt=1
2026-06-03T18:48:49.1514406+00:00	WorkerStarting	BridgeL01L02	meta-pipeline
2026-06-03T18:48:49.2943866+00:00	WorkerStarted	BridgeL01L02	3068
2026-06-03T18:48:49.2947930+00:00	WorkerControlPipe	BridgeL01L02	meta-orchestration-52526b21e40d4b5696972b6dd91aded2
2026-06-03T18:48:49.2951644+00:00	WorkerLog	BridgeL01L02	stdout=C:\Users\jimmy\Desktop\meta-bi\Samples\Demos\MetaOrchestrationHairballCliIntegration\Runs\hairball-seed-20260530\RunArtifacts\runs\20260603-184845_ae6b7ebedfd54bb0a97473c44e0b6763\logs\BridgeL01L02-3068.stdout.log; stderr=C:\Users\jimmy\Desktop\meta-bi\Samples\Demos\MetaOrchestrationHairballCliIntegration\Runs\hairball-seed-20260530\RunArtifacts\runs\20260603-184845_ae6b7ebedfd54bb0a97473c44e0b6763\logs\BridgeL01L02-3068.stderr.log
2026-06-03T18:48:49.2956427+00:00	WorkerEvent	ExtractSeed05.extract-seed-05	GrantAccepted; ExitCode=0; 
2026-06-03T18:48:49.2978531+00:00	WorkerEvent	ExtractSeed06.extract-seed-06	GrantAccepted; ExitCode=0; 
2026-06-03T18:48:49.3018687+00:00	WorkerEvent	ExtractSeed05.extract-seed-05	TaskStarted; ExitCode=0; 
2026-06-03T18:48:49.3072978+00:00	WorkerStarting	BridgeL03L04	meta-pipeline
2026-06-03T18:48:49.4841449+00:00	WorkerStarted	BridgeL03L04	31112
2026-06-03T18:48:49.4848720+00:00	WorkerControlPipe	BridgeL03L04	meta-orchestration-25d86ae7c193477e98ff145b21275e10
2026-06-03T18:48:49.4858963+00:00	WorkerLog	BridgeL03L04	stdout=C:\Users\jimmy\Desktop\meta-bi\Samples\Demos\MetaOrchestrationHairballCliIntegration\Runs\hairball-seed-20260530\RunArtifacts\runs\20260603-184845_ae6b7ebedfd54bb0a97473c44e0b6763\logs\BridgeL03L04-31112.stdout.log; stderr=C:\Users\jimmy\Desktop\meta-bi\Samples\Demos\MetaOrchestrationHairballCliIntegration\Runs\hairball-seed-20260530\RunArtifacts\runs\20260603-184845_ae6b7ebedfd54bb0a97473c44e0b6763\logs\BridgeL03L04-31112.stderr.log
2026-06-03T18:48:49.4867597+00:00	WorkerEvent	BridgeL01L02	WorkerOnline; ExitCode=0; online
2026-06-03T18:48:49.4880147+00:00	WorkerEvent	ExtractSeed06.extract-seed-06	TaskStarted; ExitCode=0; 
2026-06-03T18:48:49.4887988+00:00	WorkerEvent	BridgeL01L02	WorkerReady; ExitCode=0; ready
2026-06-03T18:48:49.4944352+00:00	StartPipeline	BridgeL01L02	BridgeL01L02
2026-06-03T18:48:49.4956264+00:00	WorkerEvent	ExtractSeed07	PipelineStarted; ExitCode=0; pipeline started
2026-06-03T18:48:49.5028044+00:00	WorkerStarting	BridgeL05L06	meta-pipeline
2026-06-03T18:48:50.0764581+00:00	WorkerStarted	BridgeL05L06	21464
2026-06-03T18:48:50.0779111+00:00	WorkerControlPipe	BridgeL05L06	meta-orchestration-b65ce993ec4a4f3f83089b6571758b7f
2026-06-03T18:48:50.0784970+00:00	WorkerLog	BridgeL05L06	stdout=C:\Users\jimmy\Desktop\meta-bi\Samples\Demos\MetaOrchestrationHairballCliIntegration\Runs\hairball-seed-20260530\RunArtifacts\runs\20260603-184845_ae6b7ebedfd54bb0a97473c44e0b6763\logs\BridgeL05L06-21464.stdout.log; stderr=C:\Users\jimmy\Desktop\meta-bi\Samples\Demos\MetaOrchestrationHairballCliIntegration\Runs\hairball-seed-20260530\RunArtifacts\runs\20260603-184845_ae6b7ebedfd54bb0a97473c44e0b6763\logs\BridgeL05L06-21464.stderr.log
2026-06-03T18:48:50.0798048+00:00	WorkerEvent	BridgeL03L04	WorkerOnline; ExitCode=0; online
2026-06-03T18:48:50.0814149+00:00	WorkerEvent	ExtractSeed05.extract-seed-05	TaskSucceeded; ExitCode=0; 
2026-06-03T18:48:50.0894383+00:00	TaskSucceeded	ExtractSeed05.extract-seed-05	0
2026-06-03T18:48:50.0904275+00:00	WorkerEvent	BridgeL05L06	WorkerOnline; ExitCode=0; online
2026-06-03T18:48:50.0918951+00:00	WorkerEvent	BridgeL03L04	WorkerReady; ExitCode=0; ready
2026-06-03T18:48:50.0930014+00:00	StartPipeline	BridgeL03L04	BridgeL03L04
2026-06-03T18:48:50.0989827+00:00	WorkerEvent	BridgeL05L06	WorkerReady; ExitCode=0; ready
2026-06-03T18:48:50.1143715+00:00	StartPipeline	BridgeL05L06	BridgeL05L06
2026-06-03T18:48:50.1328117+00:00	WorkerEvent	ExtractSeed06.extract-seed-06	TaskSucceeded; ExitCode=0; 
2026-06-03T18:48:50.1337280+00:00	TaskSucceeded	ExtractSeed06.extract-seed-06	0
2026-06-03T18:48:50.1342142+00:00	WorkerEvent	ExtractSeed07.extract-seed-07	TaskReady; ExitCode=0; 
2026-06-03T18:48:50.1509165+00:00	WorkerProcessExited	ExtractSeed05	ExitCode=0; worker process exited
2026-06-03T18:48:50.1517590+00:00	PipelineCompleted	ExtractSeed05	
2026-06-03T18:48:50.1550929+00:00	WorkerProcessExited	ExtractSeed06	ExitCode=0; worker process exited
2026-06-03T18:48:50.1568465+00:00	PipelineCompleted	ExtractSeed06	
2026-06-03T18:48:50.1596116+00:00	GrantTask	ExtractSeed07.extract-seed-07	ExtractSeed07.extract-seed-07; GrantId=grant-7; Attempt=1
2026-06-03T18:48:50.1601089+00:00	WorkerStarting	BridgeL07L08	meta-pipeline
2026-06-03T18:48:50.3661253+00:00	WorkerStarted	BridgeL07L08	10464
2026-06-03T18:48:50.3670039+00:00	WorkerControlPipe	BridgeL07L08	meta-orchestration-647c614f30f5407697dced45907884ed
2026-06-03T18:48:50.3674366+00:00	WorkerLog	BridgeL07L08	stdout=C:\Users\jimmy\Desktop\meta-bi\Samples\Demos\MetaOrchestrationHairballCliIntegration\Runs\hairball-seed-20260530\RunArtifacts\runs\20260603-184845_ae6b7ebedfd54bb0a97473c44e0b6763\logs\BridgeL07L08-10464.stdout.log; stderr=C:\Users\jimmy\Desktop\meta-bi\Samples\Demos\MetaOrchestrationHairballCliIntegration\Runs\hairball-seed-20260530\RunArtifacts\runs\20260603-184845_ae6b7ebedfd54bb0a97473c44e0b6763\logs\BridgeL07L08-10464.stderr.log
2026-06-03T18:48:50.3710291+00:00	WorkerEvent	ExtractSeed07.extract-seed-07	GrantAccepted; ExitCode=0; 
2026-06-03T18:48:50.3718887+00:00	WorkerEvent	ExtractSeed08	PipelineStarted; ExitCode=0; pipeline started
2026-06-03T18:48:50.3725291+00:00	WorkerEvent	AuditHairball	PipelineStarted; ExitCode=0; pipeline started
2026-06-03T18:48:50.3808093+00:00	WorkerStarting	CompositeMart	meta-pipeline
2026-06-03T18:48:51.0137538+00:00	WorkerStarted	CompositeMart	11292
2026-06-03T18:48:51.0154849+00:00	WorkerControlPipe	CompositeMart	meta-orchestration-73e11072a9024c5e9b1a113bc2778cdc
2026-06-03T18:48:51.0159408+00:00	WorkerLog	CompositeMart	stdout=C:\Users\jimmy\Desktop\meta-bi\Samples\Demos\MetaOrchestrationHairballCliIntegration\Runs\hairball-seed-20260530\RunArtifacts\runs\20260603-184845_ae6b7ebedfd54bb0a97473c44e0b6763\logs\CompositeMart-11292.stdout.log; stderr=C:\Users\jimmy\Desktop\meta-bi\Samples\Demos\MetaOrchestrationHairballCliIntegration\Runs\hairball-seed-20260530\RunArtifacts\runs\20260603-184845_ae6b7ebedfd54bb0a97473c44e0b6763\logs\CompositeMart-11292.stderr.log
2026-06-03T18:48:51.0164841+00:00	WorkerEvent	BridgeL07L08	WorkerOnline; ExitCode=0; online
2026-06-03T18:48:51.0173245+00:00	WorkerEvent	ExtractSeed07.extract-seed-07	TaskStarted; ExitCode=0; 
2026-06-03T18:48:51.0181470+00:00	WorkerEvent	ExtractSeed08.extract-seed-08	TaskReady; ExitCode=0; 
2026-06-03T18:48:51.0188925+00:00	WorkerEvent	AuditHairball.audit-hairball	TaskReady; ExitCode=0; 
2026-06-03T18:48:51.0219226+00:00	GrantTask	ExtractSeed08.extract-seed-08	ExtractSeed08.extract-seed-08; GrantId=grant-8; Attempt=1
2026-06-03T18:48:51.0229827+00:00	WorkerStarting	Layer01Hub	meta-pipeline
2026-06-03T18:48:52.0319714+00:00	WorkerStarted	Layer01Hub	12656
2026-06-03T18:48:52.0337737+00:00	WorkerControlPipe	Layer01Hub	meta-orchestration-e7ac7394a21d465285d80aa769a218d5
2026-06-03T18:48:52.0352575+00:00	WorkerLog	Layer01Hub	stdout=C:\Users\jimmy\Desktop\meta-bi\Samples\Demos\MetaOrchestrationHairballCliIntegration\Runs\hairball-seed-20260530\RunArtifacts\runs\20260603-184845_ae6b7ebedfd54bb0a97473c44e0b6763\logs\Layer01Hub-12656.stdout.log; stderr=C:\Users\jimmy\Desktop\meta-bi\Samples\Demos\MetaOrchestrationHairballCliIntegration\Runs\hairball-seed-20260530\RunArtifacts\runs\20260603-184845_ae6b7ebedfd54bb0a97473c44e0b6763\logs\Layer01Hub-12656.stderr.log
2026-06-03T18:48:52.0367520+00:00	WorkerEvent	BridgeL01L02	PipelineStarted; ExitCode=0; pipeline started
2026-06-03T18:48:52.0388747+00:00	WorkerEvent	CompositeMart	WorkerOnline; ExitCode=0; online
2026-06-03T18:48:52.0401259+00:00	WorkerEvent	BridgeL07L08	WorkerReady; ExitCode=0; ready
2026-06-03T18:48:52.0418308+00:00	StartPipeline	BridgeL07L08	BridgeL07L08
2026-06-03T18:48:52.0433117+00:00	WorkerEvent	Layer01Hub	WorkerOnline; ExitCode=0; online
2026-06-03T18:48:52.0454065+00:00	WorkerEvent	BridgeL05L06	PipelineStarted; ExitCode=0; pipeline started
2026-06-03T18:48:52.0493554+00:00	WorkerEvent	BridgeL03L04	PipelineStarted; ExitCode=0; pipeline started
2026-06-03T18:48:52.0514921+00:00	WorkerEvent	BridgeL01L02.bridge-l01-l02-collect	TaskReady; ExitCode=0; 
2026-06-03T18:48:52.0534429+00:00	WorkerEvent	CompositeMart	WorkerReady; ExitCode=0; ready
2026-06-03T18:48:52.0551365+00:00	StartPipeline	CompositeMart	CompositeMart
2026-06-03T18:48:52.0561118+00:00	WorkerEvent	Layer01Hub	WorkerReady; ExitCode=0; ready
2026-06-03T18:48:52.0581349+00:00	StartPipeline	Layer01Hub	Layer01Hub
2026-06-03T18:48:52.0596972+00:00	WorkerEvent	BridgeL05L06.bridge-l05-l06-collect	TaskReady; ExitCode=0; 
2026-06-03T18:48:52.0605021+00:00	WorkerEvent	BridgeL03L04.bridge-l03-l04-collect	TaskReady; ExitCode=0; 
2026-06-03T18:48:52.0621907+00:00	WorkerEvent	ExtractSeed07.extract-seed-07	TaskSucceeded; ExitCode=0; 
2026-06-03T18:48:52.0638587+00:00	TaskSucceeded	ExtractSeed07.extract-seed-07	0
2026-06-03T18:48:52.0655769+00:00	WorkerEvent	ExtractSeed08.extract-seed-08	GrantAccepted; ExitCode=0; 
2026-06-03T18:48:52.0673779+00:00	WorkerProcessExited	ExtractSeed07	ExitCode=0; worker process exited
2026-06-03T18:48:52.0685301+00:00	PipelineCompleted	ExtractSeed07	
2026-06-03T18:48:52.0699504+00:00	WorkerStarting	Layer01Node06	meta-pipeline
2026-06-03T18:48:53.0326668+00:00	WorkerStarted	Layer01Node06	25392
2026-06-03T18:48:53.0358291+00:00	WorkerControlPipe	Layer01Node06	meta-orchestration-1ab7c37d958a4a69814520ca50ddbcec
2026-06-03T18:48:53.0369485+00:00	WorkerLog	Layer01Node06	stdout=C:\Users\jimmy\Desktop\meta-bi\Samples\Demos\MetaOrchestrationHairballCliIntegration\Runs\hairball-seed-20260530\RunArtifacts\runs\20260603-184845_ae6b7ebedfd54bb0a97473c44e0b6763\logs\Layer01Node06-25392.stdout.log; stderr=C:\Users\jimmy\Desktop\meta-bi\Samples\Demos\MetaOrchestrationHairballCliIntegration\Runs\hairball-seed-20260530\RunArtifacts\runs\20260603-184845_ae6b7ebedfd54bb0a97473c44e0b6763\logs\Layer01Node06-25392.stderr.log
2026-06-03T18:48:53.0380461+00:00	WorkerEvent	ExtractSeed08.extract-seed-08	TaskStarted; ExitCode=0; 
2026-06-03T18:48:53.0430095+00:00	WorkerStarting	Layer01Node01	meta-pipeline
2026-06-03T18:48:54.0530814+00:00	WorkerStarted	Layer01Node01	27124
2026-06-03T18:48:54.0535386+00:00	WorkerControlPipe	Layer01Node01	meta-orchestration-224d82c3ab4344c0912c27e05e439b0f
2026-06-03T18:48:54.0538819+00:00	WorkerLog	Layer01Node01	stdout=C:\Users\jimmy\Desktop\meta-bi\Samples\Demos\MetaOrchestrationHairballCliIntegration\Runs\hairball-seed-20260530\RunArtifacts\runs\20260603-184845_ae6b7ebedfd54bb0a97473c44e0b6763\logs\Layer01Node01-27124.stdout.log; stderr=C:\Users\jimmy\Desktop\meta-bi\Samples\Demos\MetaOrchestrationHairballCliIntegration\Runs\hairball-seed-20260530\RunArtifacts\runs\20260603-184845_ae6b7ebedfd54bb0a97473c44e0b6763\logs\Layer01Node01-27124.stderr.log
2026-06-03T18:48:54.0543041+00:00	WorkerEvent	Layer01Hub	PipelineStarted; ExitCode=0; pipeline started
2026-06-03T18:48:54.0548873+00:00	WorkerEvent	BridgeL07L08	PipelineStarted; ExitCode=0; pipeline started
2026-06-03T18:48:54.0556962+00:00	WorkerEvent	Layer01Node06	WorkerOnline; ExitCode=0; online
2026-06-03T18:48:54.0563824+00:00	WorkerEvent	ExtractSeed08.extract-seed-08	TaskSucceeded; ExitCode=0; 
2026-06-03T18:48:54.0569897+00:00	TaskSucceeded	ExtractSeed08.extract-seed-08	0
2026-06-03T18:48:54.0573398+00:00	WorkerProcessExited	ExtractSeed08	ExitCode=0; worker process exited
2026-06-03T18:48:54.0580467+00:00	PipelineCompleted	ExtractSeed08	
2026-06-03T18:48:54.0590799+00:00	WorkerStarting	Layer01Node07	meta-pipeline
2026-06-03T18:48:55.0777539+00:00	WorkerStarted	Layer01Node07	564
2026-06-03T18:48:55.0785775+00:00	WorkerControlPipe	Layer01Node07	meta-orchestration-189668aed4564c74a32096c884a1018b
2026-06-03T18:48:55.0793554+00:00	WorkerLog	Layer01Node07	stdout=C:\Users\jimmy\Desktop\meta-bi\Samples\Demos\MetaOrchestrationHairballCliIntegration\Runs\hairball-seed-20260530\RunArtifacts\runs\20260603-184845_ae6b7ebedfd54bb0a97473c44e0b6763\logs\Layer01Node07-564.stdout.log; stderr=C:\Users\jimmy\Desktop\meta-bi\Samples\Demos\MetaOrchestrationHairballCliIntegration\Runs\hairball-seed-20260530\RunArtifacts\runs\20260603-184845_ae6b7ebedfd54bb0a97473c44e0b6763\logs\Layer01Node07-564.stderr.log
2026-06-03T18:48:55.0797516+00:00	WorkerEvent	Layer01Hub.hub-l01-stage	TaskReady; ExitCode=0; 
2026-06-03T18:48:55.0804987+00:00	WorkerEvent	CompositeMart	PipelineStarted; ExitCode=0; pipeline started
2026-06-03T18:48:55.0810988+00:00	WorkerEvent	BridgeL07L08.bridge-l07-l08-collect	TaskReady; ExitCode=0; 
2026-06-03T18:48:55.0816872+00:00	WorkerEvent	Layer01Node06	WorkerReady; ExitCode=0; ready
2026-06-03T18:48:55.0826779+00:00	StartPipeline	Layer01Node06	Layer01Node06
2026-06-03T18:48:55.0834978+00:00	WorkerEvent	CompositeMart.composite-stage	TaskReady; ExitCode=0; 
2026-06-03T18:48:55.0842490+00:00	WorkerEvent	Layer01Node07	WorkerOnline; ExitCode=0; online
2026-06-03T18:48:55.0849041+00:00	WorkerEvent	Layer01Node01	WorkerOnline; ExitCode=0; online
2026-06-03T18:48:55.0859167+00:00	WorkerStarting	Layer03Node09	meta-pipeline
2026-06-03T18:48:56.1155932+00:00	WorkerStarted	Layer03Node09	23868
2026-06-03T18:48:56.1162442+00:00	WorkerControlPipe	Layer03Node09	meta-orchestration-845502498a574c38b9d998667c2d043a
2026-06-03T18:48:56.1165743+00:00	WorkerLog	Layer03Node09	stdout=C:\Users\jimmy\Desktop\meta-bi\Samples\Demos\MetaOrchestrationHairballCliIntegration\Runs\hairball-seed-20260530\RunArtifacts\runs\20260603-184845_ae6b7ebedfd54bb0a97473c44e0b6763\logs\Layer03Node09-23868.stdout.log; stderr=C:\Users\jimmy\Desktop\meta-bi\Samples\Demos\MetaOrchestrationHairballCliIntegration\Runs\hairball-seed-20260530\RunArtifacts\runs\20260603-184845_ae6b7ebedfd54bb0a97473c44e0b6763\logs\Layer03Node09-23868.stderr.log
2026-06-03T18:48:56.1170606+00:00	WorkerEvent	Layer01Node07	WorkerReady; ExitCode=0; ready
2026-06-03T18:48:56.1180809+00:00	StartPipeline	Layer01Node07	Layer01Node07
2026-06-03T18:48:56.1197451+00:00	WorkerEvent	Layer01Node06	PipelineStarted; ExitCode=0; pipeline started
2026-06-03T18:48:56.1204126+00:00	WorkerEvent	Layer01Node01	WorkerReady; ExitCode=0; ready
2026-06-03T18:48:56.1210126+00:00	StartPipeline	Layer01Node01	Layer01Node01
2026-06-03T18:48:56.1216363+00:00	WorkerEvent	Layer01Node06.refresh-l01-n06	TaskReady; ExitCode=0; 
2026-06-03T18:48:56.1221044+00:00	WorkerEvent	Layer03Node09	WorkerOnline; ExitCode=0; online
2026-06-03T18:48:56.1239854+00:00	GrantTask	Layer01Node06.refresh-l01-n06	Layer01Node06.refresh-l01-n06; GrantId=grant-9; Attempt=1
2026-06-03T18:48:56.1244533+00:00	WorkerStarting	Layer01Node02	meta-pipeline
2026-06-03T18:48:57.1551168+00:00	WorkerStarted	Layer01Node02	12872
2026-06-03T18:48:57.1555068+00:00	WorkerControlPipe	Layer01Node02	meta-orchestration-6b3eb61ed56c4ec19278b54bc435b93e
2026-06-03T18:48:57.1558433+00:00	WorkerLog	Layer01Node02	stdout=C:\Users\jimmy\Desktop\meta-bi\Samples\Demos\MetaOrchestrationHairballCliIntegration\Runs\hairball-seed-20260530\RunArtifacts\runs\20260603-184845_ae6b7ebedfd54bb0a97473c44e0b6763\logs\Layer01Node02-12872.stdout.log; stderr=C:\Users\jimmy\Desktop\meta-bi\Samples\Demos\MetaOrchestrationHairballCliIntegration\Runs\hairball-seed-20260530\RunArtifacts\runs\20260603-184845_ae6b7ebedfd54bb0a97473c44e0b6763\logs\Layer01Node02-12872.stderr.log
2026-06-03T18:48:57.1599319+00:00	WorkerEvent	Layer01Node06.refresh-l01-n06	GrantAccepted; ExitCode=0; 
2026-06-03T18:48:57.1611560+00:00	WorkerEvent	Layer03Node09	WorkerReady; ExitCode=0; ready
2026-06-03T18:48:57.1623563+00:00	StartPipeline	Layer03Node09	Layer03Node09
2026-06-03T18:48:57.1632297+00:00	WorkerEvent	Layer01Node06.refresh-l01-n06	TaskStarted; ExitCode=0; 
2026-06-03T18:48:57.1643628+00:00	WorkerEvent	Layer01Node07	PipelineStarted; ExitCode=0; pipeline started
2026-06-03T18:48:57.1649357+00:00	WorkerEvent	Layer01Node01	PipelineStarted; ExitCode=0; pipeline started
2026-06-03T18:48:57.1657580+00:00	WorkerEvent	Layer01Node02	WorkerOnline; ExitCode=0; online
2026-06-03T18:48:57.1762659+00:00	WorkerEvent	Layer01Node07.refresh-l01-n07	TaskReady; ExitCode=0; 
2026-06-03T18:48:57.1791084+00:00	GrantTask	Layer01Node07.refresh-l01-n07	Layer01Node07.refresh-l01-n07; GrantId=grant-10; Attempt=1
2026-06-03T18:48:57.1797032+00:00	WorkerEvent	Layer01Node01.export-l01-n01	TaskReady; ExitCode=0; 
2026-06-03T18:48:57.1806246+00:00	WorkerEvent	Layer01Node02	WorkerReady; ExitCode=0; ready
2026-06-03T18:48:57.1814296+00:00	StartPipeline	Layer01Node02	Layer01Node02
2026-06-03T18:48:57.1821559+00:00	WorkerEvent	Layer01Node07.refresh-l01-n07	GrantAccepted; ExitCode=0; 
2026-06-03T18:48:57.1843493+00:00	GrantTask	Layer01Node01.export-l01-n01	Layer01Node01.export-l01-n01; GrantId=grant-11; Attempt=1
2026-06-03T18:48:57.1849607+00:00	WorkerEvent	Layer01Node07.refresh-l01-n07	TaskStarted; ExitCode=0; 
2026-06-03T18:48:57.1884672+00:00	WorkerEvent	Layer01Node01.export-l01-n01	GrantAccepted; ExitCode=0; 
2026-06-03T18:48:57.1921785+00:00	WorkerEvent	Layer01Node01.export-l01-n01	TaskStarted; ExitCode=0; 
2026-06-03T18:48:57.6405688+00:00	WorkerEvent	Layer01Node06.refresh-l01-n06	TaskSucceeded; ExitCode=0; 
2026-06-03T18:48:57.6416906+00:00	TaskSucceeded	Layer01Node06.refresh-l01-n06	0
2026-06-03T18:48:57.6451010+00:00	WorkerDeferredForCapacity	AuditHairball	Deferred by orchestration to honor max active worker process capacity.
2026-06-03T18:48:57.6457513+00:00	StopPipeline	AuditHairball	Deferred by orchestration to honor max active worker process capacity.
2026-06-03T18:48:57.6465819+00:00	WorkerProcessExited	Layer01Node06	ExitCode=0; worker process exited
2026-06-03T18:48:57.6473953+00:00	PipelineCompleted	Layer01Node06	
2026-06-03T18:48:57.6480987+00:00	WorkerStarting	Layer02Node03	meta-pipeline
2026-06-03T18:48:57.7558080+00:00	WorkerStarted	Layer02Node03	24220
2026-06-03T18:48:57.7563101+00:00	WorkerControlPipe	Layer02Node03	meta-orchestration-79cb6f4fb28b40b5838fba8e0269f4b7
2026-06-03T18:48:57.7566543+00:00	WorkerLog	Layer02Node03	stdout=C:\Users\jimmy\Desktop\meta-bi\Samples\Demos\MetaOrchestrationHairballCliIntegration\Runs\hairball-seed-20260530\RunArtifacts\runs\20260603-184845_ae6b7ebedfd54bb0a97473c44e0b6763\logs\Layer02Node03-24220.stdout.log; stderr=C:\Users\jimmy\Desktop\meta-bi\Samples\Demos\MetaOrchestrationHairballCliIntegration\Runs\hairball-seed-20260530\RunArtifacts\runs\20260603-184845_ae6b7ebedfd54bb0a97473c44e0b6763\logs\Layer02Node03-24220.stderr.log
2026-06-03T18:48:57.7570960+00:00	WorkerEvent	Layer01Node07.refresh-l01-n07	TaskSucceeded; ExitCode=0; 
2026-06-03T18:48:57.7578612+00:00	TaskSucceeded	Layer01Node07.refresh-l01-n07	0
2026-06-03T18:48:57.7585165+00:00	WorkerEvent	AuditHairball	Closed; ExitCode=0; worker control channel closed
2026-06-03T18:48:57.7589702+00:00	WorkerProcessExited	AuditHairball	ExitCode=0; worker control channel closed
2026-06-03T18:48:57.7606349+00:00	WorkerDeferred	AuditHairball	ResumeTaskId=AuditHairball.audit-hairball
2026-06-03T18:48:57.7612287+00:00	WorkerEvent	Layer03Node09	PipelineStarted; ExitCode=0; pipeline started
2026-06-03T18:48:57.7619098+00:00	WorkerProcessExited	Layer01Node07	ExitCode=0; worker process exited
2026-06-03T18:48:57.7626223+00:00	PipelineCompleted	Layer01Node07	
2026-06-03T18:48:57.7630087+00:00	WorkerEvent	Layer03Node09.refresh-l03-n09	TaskReady; ExitCode=0; 
2026-06-03T18:48:57.7651973+00:00	GrantTask	Layer03Node09.refresh-l03-n09	Layer03Node09.refresh-l03-n09; GrantId=grant-12; Attempt=1
2026-06-03T18:48:57.7656748+00:00	WorkerResuming	AuditHairball	ResumeTaskId=AuditHairball.audit-hairball; Executable=meta-pipeline
2026-06-03T18:48:57.8659167+00:00	WorkerStarted	AuditHairball	23940
2026-06-03T18:48:57.8662897+00:00	WorkerControlPipe	AuditHairball	meta-orchestration-91e4f85a0320414a8fea66d41203ffc8
2026-06-03T18:48:57.8666265+00:00	WorkerLog	AuditHairball	stdout=C:\Users\jimmy\Desktop\meta-bi\Samples\Demos\MetaOrchestrationHairballCliIntegration\Runs\hairball-seed-20260530\RunArtifacts\runs\20260603-184845_ae6b7ebedfd54bb0a97473c44e0b6763\logs\AuditHairball-23940.stdout.log; stderr=C:\Users\jimmy\Desktop\meta-bi\Samples\Demos\MetaOrchestrationHairballCliIntegration\Runs\hairball-seed-20260530\RunArtifacts\runs\20260603-184845_ae6b7ebedfd54bb0a97473c44e0b6763\logs\AuditHairball-23940.stderr.log
2026-06-03T18:48:57.8670775+00:00	WorkerEvent	Layer02Node03	WorkerOnline; ExitCode=0; online
2026-06-03T18:48:57.8678279+00:00	WorkerEvent	Layer01Node01.export-l01-n01	TaskSucceeded; ExitCode=0; 
2026-06-03T18:48:57.8684655+00:00	TaskSucceeded	Layer01Node01.export-l01-n01	0
2026-06-03T18:48:57.8688265+00:00	WorkerEvent	Layer02Node03	WorkerReady; ExitCode=0; ready
2026-06-03T18:48:57.8719580+00:00	StartPipeline	Layer02Node03	Layer02Node03
2026-06-03T18:48:57.8727626+00:00	WorkerEvent	Layer03Node09.refresh-l03-n09	GrantAccepted; ExitCode=0; 
2026-06-03T18:48:57.8736441+00:00	WorkerEvent	Layer01Node02	PipelineStarted; ExitCode=0; pipeline started
2026-06-03T18:48:57.8746302+00:00	WorkerEvent	Layer03Node09.refresh-l03-n09	TaskStarted; ExitCode=0; 
2026-06-03T18:48:57.8755082+00:00	WorkerEvent	Layer01Node02.select-l01-n02	TaskReady; ExitCode=0; 
2026-06-03T18:48:57.8764034+00:00	WorkerProcessExited	Layer01Node01	ExitCode=0; worker process exited
2026-06-03T18:48:57.8771638+00:00	PipelineCompleted	Layer01Node01	
2026-06-03T18:48:57.8783331+00:00	GrantTask	Layer01Node02.select-l01-n02	Layer01Node02.select-l01-n02; GrantId=grant-13; Attempt=1
2026-06-03T18:48:57.8787926+00:00	WorkerStarting	Layer01Node04	meta-pipeline
2026-06-03T18:48:57.9908641+00:00	WorkerStarted	Layer01Node04	5760
2026-06-03T18:48:57.9915804+00:00	WorkerControlPipe	Layer01Node04	meta-orchestration-18f9132592a74cb9b137b339dee8cdc0
2026-06-03T18:48:57.9921654+00:00	WorkerLog	Layer01Node04	stdout=C:\Users\jimmy\Desktop\meta-bi\Samples\Demos\MetaOrchestrationHairballCliIntegration\Runs\hairball-seed-20260530\RunArtifacts\runs\20260603-184845_ae6b7ebedfd54bb0a97473c44e0b6763\logs\Layer01Node04-5760.stdout.log; stderr=C:\Users\jimmy\Desktop\meta-bi\Samples\Demos\MetaOrchestrationHairballCliIntegration\Runs\hairball-seed-20260530\RunArtifacts\runs\20260603-184845_ae6b7ebedfd54bb0a97473c44e0b6763\logs\Layer01Node04-5760.stderr.log
2026-06-03T18:48:57.9927899+00:00	WorkerEvent	AuditHairball	WorkerOnline; ExitCode=0; online
2026-06-03T18:48:57.9939102+00:00	WorkerEvent	Layer01Node02.select-l01-n02	GrantAccepted; ExitCode=0; 
2026-06-03T18:48:57.9967617+00:00	WorkerStarting	Layer01Node03	meta-pipeline
2026-06-03T18:48:58.3275532+00:00	WorkerStarted	Layer01Node03	31412
2026-06-03T18:48:58.3281750+00:00	WorkerControlPipe	Layer01Node03	meta-orchestration-b8e7094cee944193818968a776811d6d
2026-06-03T18:48:58.3285730+00:00	WorkerLog	Layer01Node03	stdout=C:\Users\jimmy\Desktop\meta-bi\Samples\Demos\MetaOrchestrationHairballCliIntegration\Runs\hairball-seed-20260530\RunArtifacts\runs\20260603-184845_ae6b7ebedfd54bb0a97473c44e0b6763\logs\Layer01Node03-31412.stdout.log; stderr=C:\Users\jimmy\Desktop\meta-bi\Samples\Demos\MetaOrchestrationHairballCliIntegration\Runs\hairball-seed-20260530\RunArtifacts\runs\20260603-184845_ae6b7ebedfd54bb0a97473c44e0b6763\logs\Layer01Node03-31412.stderr.log
2026-06-03T18:48:58.3290652+00:00	WorkerEvent	AuditHairball	WorkerReady; ExitCode=0; ready
2026-06-03T18:48:58.3299489+00:00	StartPipeline	AuditHairball	AuditHairball
2026-06-03T18:48:58.3308228+00:00	WorkerEvent	Layer01Node03	WorkerOnline; ExitCode=0; online
2026-06-03T18:48:58.3318187+00:00	WorkerEvent	Layer01Node04	WorkerOnline; ExitCode=0; online
2026-06-03T18:48:58.3326025+00:00	WorkerEvent	Layer03Node09.refresh-l03-n09	TaskSucceeded; ExitCode=0; 
2026-06-03T18:48:58.3334343+00:00	TaskSucceeded	Layer03Node09.refresh-l03-n09	0
2026-06-03T18:48:58.3338335+00:00	WorkerEvent	Layer01Node02.select-l01-n02	TaskStarted; ExitCode=0; 
2026-06-03T18:48:58.3344489+00:00	WorkerProcessExited	Layer03Node09	ExitCode=0; worker process exited
2026-06-03T18:48:58.3356313+00:00	PipelineCompleted	Layer03Node09	
2026-06-03T18:48:58.3380443+00:00	WorkerStarting	Layer01Node05	meta-pipeline
2026-06-03T18:48:58.4577201+00:00	WorkerStarted	Layer01Node05	5892
2026-06-03T18:48:58.4583891+00:00	WorkerControlPipe	Layer01Node05	meta-orchestration-a58f29a527db42c49e05f262fd59114c
2026-06-03T18:48:58.4590715+00:00	WorkerLog	Layer01Node05	stdout=C:\Users\jimmy\Desktop\meta-bi\Samples\Demos\MetaOrchestrationHairballCliIntegration\Runs\hairball-seed-20260530\RunArtifacts\runs\20260603-184845_ae6b7ebedfd54bb0a97473c44e0b6763\logs\Layer01Node05-5892.stdout.log; stderr=C:\Users\jimmy\Desktop\meta-bi\Samples\Demos\MetaOrchestrationHairballCliIntegration\Runs\hairball-seed-20260530\RunArtifacts\runs\20260603-184845_ae6b7ebedfd54bb0a97473c44e0b6763\logs\Layer01Node05-5892.stderr.log
2026-06-03T18:48:58.4596950+00:00	WorkerEvent	Layer01Node03	WorkerReady; ExitCode=0; ready
2026-06-03T18:48:58.4605796+00:00	StartPipeline	Layer01Node03	Layer01Node03
2026-06-03T18:48:58.4615672+00:00	WorkerEvent	Layer01Node04	WorkerReady; ExitCode=0; ready
2026-06-03T18:48:58.4625262+00:00	StartPipeline	Layer01Node04	Layer01Node04
2026-06-03T18:48:58.4644774+00:00	WorkerEvent	Layer01Node02.select-l01-n02	TaskSucceeded; ExitCode=0; 
2026-06-03T18:48:58.4660772+00:00	TaskSucceeded	Layer01Node02.select-l01-n02	0
2026-06-03T18:48:58.4665755+00:00	WorkerProcessExited	Layer01Node02	ExitCode=0; worker process exited
2026-06-03T18:48:58.4684203+00:00	PipelineCompleted	Layer01Node02	
2026-06-03T18:48:58.4700273+00:00	WorkerStarting	Layer01Node09	meta-pipeline
2026-06-03T18:48:59.1919502+00:00	WorkerStarted	Layer01Node09	11708
2026-06-03T18:48:59.1926131+00:00	WorkerControlPipe	Layer01Node09	meta-orchestration-0ff8ce2ed24f4ebd8a7b71243b8ceda7
2026-06-03T18:48:59.1929972+00:00	WorkerLog	Layer01Node09	stdout=C:\Users\jimmy\Desktop\meta-bi\Samples\Demos\MetaOrchestrationHairballCliIntegration\Runs\hairball-seed-20260530\RunArtifacts\runs\20260603-184845_ae6b7ebedfd54bb0a97473c44e0b6763\logs\Layer01Node09-11708.stdout.log; stderr=C:\Users\jimmy\Desktop\meta-bi\Samples\Demos\MetaOrchestrationHairballCliIntegration\Runs\hairball-seed-20260530\RunArtifacts\runs\20260603-184845_ae6b7ebedfd54bb0a97473c44e0b6763\logs\Layer01Node09-11708.stderr.log
2026-06-03T18:48:59.1934999+00:00	WorkerEvent	Layer02Node03	PipelineStarted; ExitCode=0; pipeline started
2026-06-03T18:48:59.1943226+00:00	WorkerEvent	Layer01Node05	WorkerOnline; ExitCode=0; online
2026-06-03T18:48:59.1970241+00:00	WorkerEvent	AuditHairball	PipelineStarted; ExitCode=0; pipeline started
2026-06-03T18:48:59.1995277+00:00	WorkerEvent	Layer01Node04	PipelineStarted; ExitCode=0; pipeline started
2026-06-03T18:48:59.2034724+00:00	WorkerEvent	Layer01Node03	PipelineStarted; ExitCode=0; pipeline started
2026-06-03T18:48:59.2060713+00:00	WorkerEvent	Layer01Node09	WorkerOnline; ExitCode=0; online
2026-06-03T18:48:59.2088603+00:00	WorkerEvent	Layer02Node03.select-l02-n03	TaskReady; ExitCode=0; 
2026-06-03T18:48:59.2109449+00:00	GrantTask	Layer02Node03.select-l02-n03	Layer02Node03.select-l02-n03; GrantId=grant-14; Attempt=1
2026-06-03T18:48:59.2115113+00:00	WorkerEvent	Layer01Node03.select-l01-n03	TaskReady; ExitCode=0; 
2026-06-03T18:48:59.2121036+00:00	WorkerEvent	AuditHairball.audit-hairball	TaskReady; ExitCode=0; 
2026-06-03T18:48:59.2127342+00:00	WorkerEvent	Layer01Node04.export-l01-n04	TaskReady; ExitCode=0; 
2026-06-03T18:48:59.2135509+00:00	WorkerEvent	Layer01Node05	WorkerReady; ExitCode=0; ready
2026-06-03T18:48:59.2142407+00:00	StartPipeline	Layer01Node05	Layer01Node05
2026-06-03T18:48:59.2149757+00:00	WorkerEvent	Layer02Node03.select-l02-n03	GrantAccepted; ExitCode=0; 
2026-06-03T18:48:59.2157899+00:00	WorkerEvent	Layer01Node09	WorkerReady; ExitCode=0; ready
2026-06-03T18:48:59.2166116+00:00	StartPipeline	Layer01Node09	Layer01Node09
2026-06-03T18:48:59.2175344+00:00	WorkerEvent	Layer02Node03.select-l02-n03	TaskStarted; ExitCode=0; 
2026-06-03T18:48:59.6346502+00:00	GrantTask	Layer01Node03.select-l01-n03	Layer01Node03.select-l01-n03; GrantId=grant-15; Attempt=1
2026-06-03T18:48:59.6353580+00:00	GrantTask	Layer01Node04.export-l01-n04	Layer01Node04.export-l01-n04; GrantId=grant-16; Attempt=1
2026-06-03T18:48:59.6357664+00:00	WorkerEvent	Layer02Node03.select-l02-n03	TaskSucceeded; ExitCode=0; 
2026-06-03T18:48:59.6364564+00:00	TaskSucceeded	Layer02Node03.select-l02-n03	0
2026-06-03T18:48:59.6368046+00:00	WorkerEvent	Layer01Node03.select-l01-n03	GrantAccepted; ExitCode=0; 
2026-06-03T18:48:59.6375185+00:00	WorkerEvent	Layer01Node04.export-l01-n04	GrantAccepted; ExitCode=0; 
2026-06-03T18:48:59.6382038+00:00	WorkerEvent	Layer01Node03.select-l01-n03	TaskStarted; ExitCode=0; 
2026-06-03T18:48:59.6388225+00:00	WorkerEvent	Layer01Node04.export-l01-n04	TaskStarted; ExitCode=0; 
2026-06-03T18:48:59.6394450+00:00	WorkerProcessExited	Layer02Node03	ExitCode=0; worker process exited
2026-06-03T18:48:59.6406709+00:00	PipelineCompleted	Layer02Node03	
2026-06-03T18:48:59.6433113+00:00	WorkerStarting	Layer01Node08	meta-pipeline
2026-06-03T18:49:00.0602446+00:00	WorkerStarted	Layer01Node08	24312
2026-06-03T18:49:00.0606380+00:00	WorkerControlPipe	Layer01Node08	meta-orchestration-bb12aff9a681426496dc9516688dc569
2026-06-03T18:49:00.0609629+00:00	WorkerLog	Layer01Node08	stdout=C:\Users\jimmy\Desktop\meta-bi\Samples\Demos\MetaOrchestrationHairballCliIntegration\Runs\hairball-seed-20260530\RunArtifacts\runs\20260603-184845_ae6b7ebedfd54bb0a97473c44e0b6763\logs\Layer01Node08-24312.stdout.log; stderr=C:\Users\jimmy\Desktop\meta-bi\Samples\Demos\MetaOrchestrationHairballCliIntegration\Runs\hairball-seed-20260530\RunArtifacts\runs\20260603-184845_ae6b7ebedfd54bb0a97473c44e0b6763\logs\Layer01Node08-24312.stderr.log
2026-06-03T18:49:00.0613556+00:00	WorkerEvent	Layer01Node03.select-l01-n03	TaskSucceeded; ExitCode=0; 
2026-06-03T18:49:00.0622370+00:00	TaskSucceeded	Layer01Node03.select-l01-n03	0
2026-06-03T18:49:00.0626050+00:00	WorkerEvent	Layer01Node08	WorkerOnline; ExitCode=0; online
2026-06-03T18:49:00.0636874+00:00	WorkerEvent	Layer01Node05	PipelineStarted; ExitCode=0; pipeline started
2026-06-03T18:49:00.0643864+00:00	WorkerEvent	Layer01Node08	WorkerReady; ExitCode=0; ready
2026-06-03T18:49:00.0673874+00:00	StartPipeline	Layer01Node08	Layer01Node08
2026-06-03T18:49:00.0681726+00:00	WorkerEvent	Layer01Node05.export-l01-n05	TaskReady; ExitCode=0; 
2026-06-03T18:49:00.0688610+00:00	WorkerEvent	Layer01Node09	PipelineStarted; ExitCode=0; pipeline started
2026-06-03T18:49:00.0694430+00:00	WorkerProcessExited	Layer01Node03	ExitCode=0; worker process exited
2026-06-03T18:49:00.0701200+00:00	PipelineCompleted	Layer01Node03	
2026-06-03T18:49:00.0704898+00:00	WorkerEvent	Layer01Node09.refresh-l01-n09	TaskReady; ExitCode=0; 
2026-06-03T18:49:00.0729568+00:00	GrantTask	Layer01Node05.export-l01-n05	Layer01Node05.export-l01-n05; GrantId=grant-17; Attempt=1
2026-06-03T18:49:00.0748010+00:00	GrantTask	Layer01Node09.refresh-l01-n09	Layer01Node09.refresh-l01-n09; GrantId=grant-18; Attempt=1
2026-06-03T18:49:00.0754129+00:00	WorkerStarting	Layer02Hub	meta-pipeline
2026-06-03T18:49:00.1723594+00:00	WorkerStarted	Layer02Hub	27632
2026-06-03T18:49:00.1728214+00:00	WorkerControlPipe	Layer02Hub	meta-orchestration-b3d77d0e1ed2439bbc6e5bff0bb946ed
2026-06-03T18:49:00.1731736+00:00	WorkerLog	Layer02Hub	stdout=C:\Users\jimmy\Desktop\meta-bi\Samples\Demos\MetaOrchestrationHairballCliIntegration\Runs\hairball-seed-20260530\RunArtifacts\runs\20260603-184845_ae6b7ebedfd54bb0a97473c44e0b6763\logs\Layer02Hub-27632.stdout.log; stderr=C:\Users\jimmy\Desktop\meta-bi\Samples\Demos\MetaOrchestrationHairballCliIntegration\Runs\hairball-seed-20260530\RunArtifacts\runs\20260603-184845_ae6b7ebedfd54bb0a97473c44e0b6763\logs\Layer02Hub-27632.stderr.log
2026-06-03T18:49:00.1737102+00:00	WorkerEvent	Layer01Node04.export-l01-n04	TaskSucceeded; ExitCode=0; 
2026-06-03T18:49:00.1746689+00:00	TaskSucceeded	Layer01Node04.export-l01-n04	0
2026-06-03T18:49:00.1752521+00:00	WorkerEvent	Layer01Node05.export-l01-n05	GrantAccepted; ExitCode=0; 
2026-06-03T18:49:00.1759528+00:00	WorkerEvent	Layer01Node09.refresh-l01-n09	GrantAccepted; ExitCode=0; 
2026-06-03T18:49:00.1768397+00:00	WorkerEvent	Layer01Node05.export-l01-n05	TaskStarted; ExitCode=0; 
2026-06-03T18:49:00.1775844+00:00	WorkerEvent	Layer01Node09.refresh-l01-n09	TaskStarted; ExitCode=0; 
2026-06-03T18:49:00.1785911+00:00	WorkerProcessExited	Layer01Node04	ExitCode=0; worker process exited
2026-06-03T18:49:00.1793025+00:00	PipelineCompleted	Layer01Node04	
2026-06-03T18:49:00.1801284+00:00	WorkerStarting	Layer02Node05	meta-pipeline
2026-06-03T18:49:00.6113127+00:00	WorkerStarted	Layer02Node05	18136
2026-06-03T18:49:00.6119396+00:00	WorkerControlPipe	Layer02Node05	meta-orchestration-b340752b05724f7489af23d951ab6f5c
2026-06-03T18:49:00.6122842+00:00	WorkerLog	Layer02Node05	stdout=C:\Users\jimmy\Desktop\meta-bi\Samples\Demos\MetaOrchestrationHairballCliIntegration\Runs\hairball-seed-20260530\RunArtifacts\runs\20260603-184845_ae6b7ebedfd54bb0a97473c44e0b6763\logs\Layer02Node05-18136.stdout.log; stderr=C:\Users\jimmy\Desktop\meta-bi\Samples\Demos\MetaOrchestrationHairballCliIntegration\Runs\hairball-seed-20260530\RunArtifacts\runs\20260603-184845_ae6b7ebedfd54bb0a97473c44e0b6763\logs\Layer02Node05-18136.stderr.log
2026-06-03T18:49:00.6127726+00:00	WorkerEvent	Layer02Hub	WorkerOnline; ExitCode=0; online
2026-06-03T18:49:00.6137060+00:00	WorkerEvent	Layer01Node09.refresh-l01-n09	TaskSucceeded; ExitCode=0; 
2026-06-03T18:49:00.6143988+00:00	TaskSucceeded	Layer01Node09.refresh-l01-n09	0
2026-06-03T18:49:00.6156603+00:00	WorkerDeferredForCapacity	AuditHairball	Deferred by orchestration to honor max active worker process capacity.
2026-06-03T18:49:00.6162521+00:00	StopPipeline	AuditHairball	Deferred by orchestration to honor max active worker process capacity.
2026-06-03T18:49:00.6169164+00:00	WorkerEvent	Layer02Hub	WorkerReady; ExitCode=0; ready
2026-06-03T18:49:00.6194682+00:00	StartPipeline	Layer02Hub	Layer02Hub
2026-06-03T18:49:00.6204449+00:00	WorkerEvent	Layer02Node05	WorkerOnline; ExitCode=0; online
2026-06-03T18:49:00.6245809+00:00	WorkerEvent	AuditHairball	Closed; ExitCode=0; worker control channel closed
2026-06-03T18:49:00.6281170+00:00	WorkerProcessExited	AuditHairball	ExitCode=0; worker control channel closed
2026-06-03T18:49:00.6340440+00:00	WorkerDeferred	AuditHairball	ResumeTaskId=AuditHairball.audit-hairball
2026-06-03T18:49:00.6346530+00:00	WorkerEvent	Layer02Node05	WorkerReady; ExitCode=0; ready
2026-06-03T18:49:00.6356950+00:00	StartPipeline	Layer02Node05	Layer02Node05
2026-06-03T18:49:00.6364312+00:00	WorkerProcessExited	Layer01Node09	ExitCode=0; worker process exited
2026-06-03T18:49:00.6370878+00:00	PipelineCompleted	Layer01Node09	
2026-06-03T18:49:00.6427671+00:00	WorkerStarting	Layer02Node02	meta-pipeline
2026-06-03T18:49:00.7711328+00:00	WorkerStarted	Layer02Node02	30428
2026-06-03T18:49:00.7715966+00:00	WorkerControlPipe	Layer02Node02	meta-orchestration-b68ec8c5bc0e4428815153126f264c7c
2026-06-03T18:49:00.7720480+00:00	WorkerLog	Layer02Node02	stdout=C:\Users\jimmy\Desktop\meta-bi\Samples\Demos\MetaOrchestrationHairballCliIntegration\Runs\hairball-seed-20260530\RunArtifacts\runs\20260603-184845_ae6b7ebedfd54bb0a97473c44e0b6763\logs\Layer02Node02-30428.stdout.log; stderr=C:\Users\jimmy\Desktop\meta-bi\Samples\Demos\MetaOrchestrationHairballCliIntegration\Runs\hairball-seed-20260530\RunArtifacts\runs\20260603-184845_ae6b7ebedfd54bb0a97473c44e0b6763\logs\Layer02Node02-30428.stderr.log
2026-06-03T18:49:00.7725778+00:00	WorkerEvent	Layer01Node08	PipelineStarted; ExitCode=0; pipeline started
2026-06-03T18:49:00.7749564+00:00	WorkerEvent	Layer01Node05.export-l01-n05	TaskSucceeded; ExitCode=0; 
2026-06-03T18:49:00.7769635+00:00	TaskSucceeded	Layer01Node05.export-l01-n05	0
2026-06-03T18:49:00.7774421+00:00	WorkerEvent	Layer01Node08.select-l01-n08	TaskReady; ExitCode=0; 
2026-06-03T18:49:00.7784362+00:00	WorkerProcessExited	Layer01Node05	ExitCode=0; worker process exited
2026-06-03T18:49:00.7797282+00:00	PipelineCompleted	Layer01Node05	
2026-06-03T18:49:00.7838320+00:00	GrantTask	Layer01Hub.hub-l01-stage	Layer01Hub.hub-l01-stage; GrantId=grant-19; Attempt=1
2026-06-03T18:49:00.7844759+00:00	GrantTask	Layer01Node08.select-l01-n08	Layer01Node08.select-l01-n08; GrantId=grant-20; Attempt=1
2026-06-03T18:49:00.7849599+00:00	WorkerResuming	AuditHairball	ResumeTaskId=AuditHairball.audit-hairball; Executable=meta-pipeline
2026-06-03T18:49:00.9029637+00:00	WorkerStarted	AuditHairball	29108
2026-06-03T18:49:00.9033438+00:00	WorkerControlPipe	AuditHairball	meta-orchestration-590ad728be8a4c6c851148cf8fabfd08
2026-06-03T18:49:00.9037186+00:00	WorkerLog	AuditHairball	stdout=C:\Users\jimmy\Desktop\meta-bi\Samples\Demos\MetaOrchestrationHairballCliIntegration\Runs\hairball-seed-20260530\RunArtifacts\runs\20260603-184845_ae6b7ebedfd54bb0a97473c44e0b6763\logs\AuditHairball-29108.stdout.log; stderr=C:\Users\jimmy\Desktop\meta-bi\Samples\Demos\MetaOrchestrationHairballCliIntegration\Runs\hairball-seed-20260530\RunArtifacts\runs\20260603-184845_ae6b7ebedfd54bb0a97473c44e0b6763\logs\AuditHairball-29108.stderr.log
2026-06-03T18:49:00.9041781+00:00	WorkerEvent	Layer01Hub.hub-l01-stage	GrantAccepted; ExitCode=0; 
2026-06-03T18:49:00.9049827+00:00	WorkerEvent	Layer01Node08.select-l01-n08	GrantAccepted; ExitCode=0; 
2026-06-03T18:49:00.9058821+00:00	WorkerEvent	Layer02Node02	WorkerOnline; ExitCode=0; online
2026-06-03T18:49:00.9086575+00:00	WorkerStarting	Layer02Node01	meta-pipeline
2026-06-03T18:49:01.7227775+00:00	WorkerStarted	Layer02Node01	30744
2026-06-03T18:49:01.7236650+00:00	WorkerControlPipe	Layer02Node01	meta-orchestration-07570b8dba4f46a7854d93c55f95b87f
2026-06-03T18:49:01.7241558+00:00	WorkerLog	Layer02Node01	stdout=C:\Users\jimmy\Desktop\meta-bi\Samples\Demos\MetaOrchestrationHairballCliIntegration\Runs\hairball-seed-20260530\RunArtifacts\runs\20260603-184845_ae6b7ebedfd54bb0a97473c44e0b6763\logs\Layer02Node01-30744.stdout.log; stderr=C:\Users\jimmy\Desktop\meta-bi\Samples\Demos\MetaOrchestrationHairballCliIntegration\Runs\hairball-seed-20260530\RunArtifacts\runs\20260603-184845_ae6b7ebedfd54bb0a97473c44e0b6763\logs\Layer02Node01-30744.stderr.log
2026-06-03T18:49:01.7247144+00:00	WorkerEvent	Layer01Hub.hub-l01-stage	TaskStarted; ExitCode=0; 
2026-06-03T18:49:01.7255242+00:00	WorkerEvent	Layer01Node08.select-l01-n08	TaskStarted; ExitCode=0; 
2026-06-03T18:49:01.7262602+00:00	WorkerEvent	Layer02Node02	WorkerReady; ExitCode=0; ready
2026-06-03T18:49:01.7270682+00:00	StartPipeline	Layer02Node02	Layer02Node02
2026-06-03T18:49:01.7277142+00:00	WorkerEvent	Layer01Hub.hub-l01-stage	TaskSucceeded; ExitCode=0; 
2026-06-03T18:49:01.7283531+00:00	TaskSucceeded	Layer01Hub.hub-l01-stage	0
2026-06-03T18:49:01.7287986+00:00	WorkerEvent	Layer01Node08.select-l01-n08	TaskSucceeded; ExitCode=0; 
2026-06-03T18:49:01.7293281+00:00	TaskSucceeded	Layer01Node08.select-l01-n08	0
2026-06-03T18:49:01.7298810+00:00	WorkerEvent	Layer01Node08	Closed; ExitCode=-1; worker control channel closed
2026-06-03T18:49:01.7345256+00:00	WorkerProcessExited	Layer01Node08	ExitCode=0; worker control channel closed
2026-06-03T18:49:01.7351619+00:00	PipelineCompleted	Layer01Node08	
2026-06-03T18:49:01.7355300+00:00	WorkerEvent	Layer02Hub	PipelineStarted; ExitCode=0; pipeline started
2026-06-03T18:49:01.7361862+00:00	WorkerEvent	Layer02Node05	PipelineStarted; ExitCode=0; pipeline started
2026-06-03T18:49:01.7368603+00:00	WorkerEvent	AuditHairball	WorkerOnline; ExitCode=0; online
2026-06-03T18:49:01.7375185+00:00	WorkerEvent	Layer02Node01	WorkerOnline; ExitCode=0; online
2026-06-03T18:49:01.7383819+00:00	WorkerStarting	Layer02Node04	meta-pipeline
2026-06-03T18:49:02.7250417+00:00	WorkerStarted	Layer02Node04	12812
2026-06-03T18:49:02.7256977+00:00	WorkerControlPipe	Layer02Node04	meta-orchestration-78a7151df0fc4b3a9f1ca340d4294c51
2026-06-03T18:49:02.7261813+00:00	WorkerLog	Layer02Node04	stdout=C:\Users\jimmy\Desktop\meta-bi\Samples\Demos\MetaOrchestrationHairballCliIntegration\Runs\hairball-seed-20260530\RunArtifacts\runs\20260603-184845_ae6b7ebedfd54bb0a97473c44e0b6763\logs\Layer02Node04-12812.stdout.log; stderr=C:\Users\jimmy\Desktop\meta-bi\Samples\Demos\MetaOrchestrationHairballCliIntegration\Runs\hairball-seed-20260530\RunArtifacts\runs\20260603-184845_ae6b7ebedfd54bb0a97473c44e0b6763\logs\Layer02Node04-12812.stderr.log
2026-06-03T18:49:02.7268829+00:00	WorkerEvent	Layer01Hub.hub-l01-curate	TaskReady; ExitCode=0; 
2026-06-03T18:49:02.7278894+00:00	WorkerEvent	Layer02Hub.hub-l02-stage	TaskReady; ExitCode=0; 
2026-06-03T18:49:02.7287969+00:00	WorkerEvent	Layer02Node05.select-l02-n05	TaskReady; ExitCode=0; 
2026-06-03T18:49:02.7296455+00:00	WorkerEvent	AuditHairball	WorkerReady; ExitCode=0; ready
2026-06-03T18:49:02.7308556+00:00	StartPipeline	AuditHairball	AuditHairball
2026-06-03T18:49:02.7319291+00:00	WorkerEvent	Layer02Node04	WorkerOnline; ExitCode=0; online
2026-06-03T18:49:02.7330029+00:00	WorkerEvent	Layer02Node02	PipelineStarted; ExitCode=0; pipeline started
2026-06-03T18:49:02.7340789+00:00	WorkerEvent	Layer02Node01	WorkerReady; ExitCode=0; ready
2026-06-03T18:49:02.7352269+00:00	StartPipeline	Layer02Node01	Layer02Node01
2026-06-03T18:49:02.7361643+00:00	WorkerEvent	Layer02Node04	WorkerReady; ExitCode=0; ready
2026-06-03T18:49:02.7401339+00:00	StartPipeline	Layer02Node04	Layer02Node04
2026-06-03T18:49:02.7418321+00:00	WorkerEvent	Layer02Node02.refresh-l02-n02	TaskReady; ExitCode=0; 
2026-06-03T18:49:02.7451123+00:00	GrantTask	Layer01Hub.hub-l01-curate	Layer01Hub.hub-l01-curate; GrantId=grant-21; Attempt=1
2026-06-03T18:49:02.7458371+00:00	GrantTask	Layer02Node02.refresh-l02-n02	Layer02Node02.refresh-l02-n02; GrantId=grant-22; Attempt=1
2026-06-03T18:49:02.7466445+00:00	GrantTask	Layer02Node05.select-l02-n05	Layer02Node05.select-l02-n05; GrantId=grant-23; Attempt=1
2026-06-03T18:49:02.7472629+00:00	WorkerEvent	Layer01Hub.hub-l01-curate	GrantAccepted; ExitCode=0; 
2026-06-03T18:49:02.7483301+00:00	WorkerEvent	Layer02Node02.refresh-l02-n02	GrantAccepted; ExitCode=0; 
2026-06-03T18:49:02.7517558+00:00	WorkerEvent	Layer02Node05.select-l02-n05	GrantAccepted; ExitCode=0; 
2026-06-03T18:49:02.7564953+00:00	WorkerEvent	Layer01Hub.hub-l01-curate	TaskStarted; ExitCode=0; 
2026-06-03T18:49:02.7605312+00:00	WorkerEvent	Layer02Node02.refresh-l02-n02	TaskStarted; ExitCode=0; 
2026-06-03T18:49:02.7626982+00:00	WorkerEvent	Layer02Node05.select-l02-n05	TaskStarted; ExitCode=0; 
2026-06-03T18:49:02.8134525+00:00	WorkerEvent	Layer01Hub.hub-l01-curate	TaskSucceeded; ExitCode=0; 
2026-06-03T18:49:02.8141832+00:00	TaskSucceeded	Layer01Hub.hub-l01-curate	0
2026-06-03T18:49:02.8162008+00:00	WorkerEvent	Layer01Hub.hub-l01-publish	TaskReady; ExitCode=0; 
2026-06-03T18:49:02.8182232+00:00	GrantTask	Layer01Hub.hub-l01-publish	Layer01Hub.hub-l01-publish; GrantId=grant-24; Attempt=1
2026-06-03T18:49:02.8200287+00:00	WorkerEvent	Layer01Hub.hub-l01-publish	GrantAccepted; ExitCode=0; 
2026-06-03T18:49:02.8229331+00:00	WorkerEvent	Layer01Hub.hub-l01-publish	TaskStarted; ExitCode=0; 
2026-06-03T18:49:02.9218112+00:00	WorkerEvent	Layer01Hub.hub-l01-publish	TaskSucceeded; ExitCode=0; 
2026-06-03T18:49:02.9228724+00:00	TaskSucceeded	Layer01Hub.hub-l01-publish	0
2026-06-03T18:49:02.9238862+00:00	WorkerDeferredForCapacity	BridgeL01L02	Deferred by orchestration to honor max active worker process capacity.
2026-06-03T18:49:02.9246749+00:00	StopPipeline	BridgeL01L02	Deferred by orchestration to honor max active worker process capacity.
2026-06-03T18:49:02.9251836+00:00	WorkerEvent	Layer01Hub	Closed; ExitCode=-1; worker control channel closed
2026-06-03T18:49:02.9259822+00:00	PipelineCompleted	Layer01Hub	
2026-06-03T18:49:02.9267390+00:00	WorkerStarting	Layer02Node08	meta-pipeline
2026-06-03T18:49:03.0463561+00:00	WorkerStarted	Layer02Node08	29368
2026-06-03T18:49:03.0467008+00:00	WorkerControlPipe	Layer02Node08	meta-orchestration-f9e515a462094db29d4f48de26dd39c3
2026-06-03T18:49:03.0469923+00:00	WorkerLog	Layer02Node08	stdout=C:\Users\jimmy\Desktop\meta-bi\Samples\Demos\MetaOrchestrationHairballCliIntegration\Runs\hairball-seed-20260530\RunArtifacts\runs\20260603-184845_ae6b7ebedfd54bb0a97473c44e0b6763\logs\Layer02Node08-29368.stdout.log; stderr=C:\Users\jimmy\Desktop\meta-bi\Samples\Demos\MetaOrchestrationHairballCliIntegration\Runs\hairball-seed-20260530\RunArtifacts\runs\20260603-184845_ae6b7ebedfd54bb0a97473c44e0b6763\logs\Layer02Node08-29368.stderr.log
2026-06-03T18:49:03.0473775+00:00	WorkerEvent	BridgeL01L02	Closed; ExitCode=0; worker control channel closed
2026-06-03T18:49:03.0477401+00:00	WorkerProcessExited	BridgeL01L02	ExitCode=0; worker control channel closed
2026-06-03T18:49:03.0484377+00:00	WorkerDeferred	BridgeL01L02	ResumeTaskId=BridgeL01L02.bridge-l01-l02-collect
2026-06-03T18:49:03.0487519+00:00	WorkerProcessExited	Layer01Hub	ExitCode=0; worker process exited
2026-06-03T18:49:03.0499612+00:00	WorkerResuming	BridgeL01L02	ResumeTaskId=BridgeL01L02.bridge-l01-l02-collect; Executable=meta-pipeline
2026-06-03T18:49:03.2220051+00:00	WorkerStarted	BridgeL01L02	21808
2026-06-03T18:49:03.2227963+00:00	WorkerControlPipe	BridgeL01L02	meta-orchestration-a754a8f5cc41430999c70f1626ae7766
2026-06-03T18:49:03.2252546+00:00	WorkerLog	BridgeL01L02	stdout=C:\Users\jimmy\Desktop\meta-bi\Samples\Demos\MetaOrchestrationHairballCliIntegration\Runs\hairball-seed-20260530\RunArtifacts\runs\20260603-184845_ae6b7ebedfd54bb0a97473c44e0b6763\logs\BridgeL01L02-21808.stdout.log; stderr=C:\Users\jimmy\Desktop\meta-bi\Samples\Demos\MetaOrchestrationHairballCliIntegration\Runs\hairball-seed-20260530\RunArtifacts\runs\20260603-184845_ae6b7ebedfd54bb0a97473c44e0b6763\logs\BridgeL01L02-21808.stderr.log
2026-06-03T18:49:03.2258705+00:00	WorkerEvent	Layer02Node08	WorkerOnline; ExitCode=0; online
2026-06-03T18:49:03.2283329+00:00	WorkerEvent	Layer02Node08	WorkerReady; ExitCode=0; ready
2026-06-03T18:49:03.2357197+00:00	StartPipeline	Layer02Node08	Layer02Node08
2026-06-03T18:49:03.2531556+00:00	WorkerEvent	BridgeL01L02	WorkerOnline; ExitCode=0; online
2026-06-03T18:49:03.2584651+00:00	WorkerEvent	Layer02Node02.refresh-l02-n02	TaskSucceeded; ExitCode=0; 
2026-06-03T18:49:03.2598481+00:00	TaskSucceeded	Layer02Node02.refresh-l02-n02	0
2026-06-03T18:49:03.2612243+00:00	WorkerDeferredForCapacity	BridgeL03L04	Deferred by orchestration to honor max active worker process capacity.
2026-06-03T18:49:03.2616997+00:00	StopPipeline	BridgeL03L04	Deferred by orchestration to honor max active worker process capacity.
2026-06-03T18:49:03.2623144+00:00	WorkerEvent	Layer02Node02	Closed; ExitCode=-1; worker control channel closed
2026-06-03T18:49:03.2633251+00:00	PipelineCompleted	Layer02Node02	
2026-06-03T18:49:03.2646323+00:00	WorkerStarting	Layer02Node06	meta-pipeline
2026-06-03T18:49:03.3834339+00:00	WorkerStarted	Layer02Node06	8000
2026-06-03T18:49:03.3838338+00:00	WorkerControlPipe	Layer02Node06	meta-orchestration-7be3a1a8a83f492d83947ee5e8db3fb9
2026-06-03T18:49:03.3841600+00:00	WorkerLog	Layer02Node06	stdout=C:\Users\jimmy\Desktop\meta-bi\Samples\Demos\MetaOrchestrationHairballCliIntegration\Runs\hairball-seed-20260530\RunArtifacts\runs\20260603-184845_ae6b7ebedfd54bb0a97473c44e0b6763\logs\Layer02Node06-8000.stdout.log; stderr=C:\Users\jimmy\Desktop\meta-bi\Samples\Demos\MetaOrchestrationHairballCliIntegration\Runs\hairball-seed-20260530\RunArtifacts\runs\20260603-184845_ae6b7ebedfd54bb0a97473c44e0b6763\logs\Layer02Node06-8000.stderr.log
2026-06-03T18:49:03.3845618+00:00	WorkerEvent	BridgeL03L04	Closed; ExitCode=0; worker control channel closed
2026-06-03T18:49:03.3850106+00:00	WorkerProcessExited	BridgeL03L04	ExitCode=0; worker control channel closed
2026-06-03T18:49:03.3857185+00:00	WorkerDeferred	BridgeL03L04	ResumeTaskId=BridgeL03L04.bridge-l03-l04-collect
2026-06-03T18:49:03.3861113+00:00	WorkerEvent	BridgeL01L02	WorkerReady; ExitCode=0; ready
2026-06-03T18:49:03.3869883+00:00	StartPipeline	BridgeL01L02	BridgeL01L02
2026-06-03T18:49:03.3877365+00:00	WorkerEvent	Layer02Node05.select-l02-n05	TaskSucceeded; ExitCode=0; 
2026-06-03T18:49:03.3885180+00:00	TaskSucceeded	Layer02Node05.select-l02-n05	0
2026-06-03T18:49:03.3889171+00:00	WorkerProcessExited	Layer02Node05	ExitCode=0; worker process exited
2026-06-03T18:49:03.3900915+00:00	PipelineCompleted	Layer02Node05	
2026-06-03T18:49:03.3908032+00:00	WorkerProcessExited	Layer02Node02	ExitCode=0; worker process exited
2026-06-03T18:49:03.3915363+00:00	WorkerStarting	Layer03Node03	meta-pipeline
2026-06-03T18:49:03.4970752+00:00	WorkerStarted	Layer03Node03	31604
2026-06-03T18:49:03.4974770+00:00	WorkerControlPipe	Layer03Node03	meta-orchestration-279ae7575b544e02a876b28b6ba7baa6
2026-06-03T18:49:03.4977827+00:00	WorkerLog	Layer03Node03	stdout=C:\Users\jimmy\Desktop\meta-bi\Samples\Demos\MetaOrchestrationHairballCliIntegration\Runs\hairball-seed-20260530\RunArtifacts\runs\20260603-184845_ae6b7ebedfd54bb0a97473c44e0b6763\logs\Layer03Node03-31604.stdout.log; stderr=C:\Users\jimmy\Desktop\meta-bi\Samples\Demos\MetaOrchestrationHairballCliIntegration\Runs\hairball-seed-20260530\RunArtifacts\runs\20260603-184845_ae6b7ebedfd54bb0a97473c44e0b6763\logs\Layer03Node03-31604.stderr.log
2026-06-03T18:49:03.4981351+00:00	WorkerEvent	Layer02Node04	PipelineStarted; ExitCode=0; pipeline started
2026-06-03T18:49:03.4987652+00:00	WorkerEvent	Layer02Node06	WorkerOnline; ExitCode=0; online
2026-06-03T18:49:03.4996697+00:00	WorkerEvent	Layer02Node04.export-l02-n04	TaskReady; ExitCode=0; 
2026-06-03T18:49:03.5004633+00:00	WorkerEvent	Layer02Node06	WorkerReady; ExitCode=0; ready
2026-06-03T18:49:03.5041272+00:00	StartPipeline	Layer02Node06	Layer02Node06
2026-06-03T18:49:03.5060268+00:00	WorkerEvent	AuditHairball	PipelineStarted; ExitCode=0; pipeline started
2026-06-03T18:49:03.5083282+00:00	GrantTask	Layer02Node04.export-l02-n04	Layer02Node04.export-l02-n04; GrantId=grant-25; Attempt=1
2026-06-03T18:49:03.5088156+00:00	WorkerStarting	Layer03Node10	meta-pipeline
2026-06-03T18:49:03.6139737+00:00	WorkerStarted	Layer03Node10	25964
2026-06-03T18:49:03.6143780+00:00	WorkerControlPipe	Layer03Node10	meta-orchestration-8f9551f01b1a4fb0b13e5016f3345762
2026-06-03T18:49:03.6147593+00:00	WorkerLog	Layer03Node10	stdout=C:\Users\jimmy\Desktop\meta-bi\Samples\Demos\MetaOrchestrationHairballCliIntegration\Runs\hairball-seed-20260530\RunArtifacts\runs\20260603-184845_ae6b7ebedfd54bb0a97473c44e0b6763\logs\Layer03Node10-25964.stdout.log; stderr=C:\Users\jimmy\Desktop\meta-bi\Samples\Demos\MetaOrchestrationHairballCliIntegration\Runs\hairball-seed-20260530\RunArtifacts\runs\20260603-184845_ae6b7ebedfd54bb0a97473c44e0b6763\logs\Layer03Node10-25964.stderr.log
2026-06-03T18:49:03.6152404+00:00	WorkerEvent	Layer02Node04.export-l02-n04	GrantAccepted; ExitCode=0; 
2026-06-03T18:49:03.6162140+00:00	WorkerEvent	Layer03Node03	WorkerOnline; ExitCode=0; online
2026-06-03T18:49:03.6170916+00:00	WorkerEvent	AuditHairball.audit-hairball	TaskReady; ExitCode=0; 
2026-06-03T18:49:03.6177830+00:00	WorkerEvent	Layer02Node01	PipelineStarted; ExitCode=0; pipeline started
2026-06-03T18:49:03.6220109+00:00	WorkerEvent	Layer02Node04.export-l02-n04	TaskStarted; ExitCode=0; 
2026-06-03T18:49:03.6260646+00:00	WorkerEvent	Layer03Node03	WorkerReady; ExitCode=0; ready
2026-06-03T18:49:03.6271150+00:00	StartPipeline	Layer03Node03	Layer03Node03
2026-06-03T18:49:03.6278302+00:00	WorkerEvent	Layer02Node01.select-l02-n01	TaskReady; ExitCode=0; 
2026-06-03T18:49:03.6303584+00:00	GrantTask	Layer02Node01.select-l02-n01	Layer02Node01.select-l02-n01; GrantId=grant-26; Attempt=1
2026-06-03T18:49:03.6332257+00:00	WorkerEvent	Layer02Node01.select-l02-n01	GrantAccepted; ExitCode=0; 
2026-06-03T18:49:03.6491574+00:00	WorkerEvent	Layer02Node01.select-l02-n01	TaskStarted; ExitCode=0; 
2026-06-03T18:49:03.6574935+00:00	WorkerEvent	Layer03Node10	WorkerOnline; ExitCode=0; online
2026-06-03T18:49:03.6600668+00:00	WorkerEvent	Layer03Node10	WorkerReady; ExitCode=0; ready
2026-06-03T18:49:03.6657553+00:00	StartPipeline	Layer03Node10	Layer03Node10
2026-06-03T18:49:03.9716491+00:00	WorkerEvent	Layer02Node08	PipelineStarted; ExitCode=0; pipeline started
2026-06-03T18:49:03.9751095+00:00	WorkerEvent	Layer02Node08.refresh-l02-n08	TaskReady; ExitCode=0; 
2026-06-03T18:49:03.9782812+00:00	GrantTask	Layer02Node08.refresh-l02-n08	Layer02Node08.refresh-l02-n08; GrantId=grant-27; Attempt=1
2026-06-03T18:49:03.9806338+00:00	WorkerEvent	Layer02Node08.refresh-l02-n08	GrantAccepted; ExitCode=0; 
2026-06-03T18:49:03.9842451+00:00	WorkerEvent	Layer02Node08.refresh-l02-n08	TaskStarted; ExitCode=0; 
2026-06-03T18:49:04.2405375+00:00	WorkerEvent	Layer02Node04.export-l02-n04	TaskSucceeded; ExitCode=0; 
2026-06-03T18:49:04.2416347+00:00	TaskSucceeded	Layer02Node04.export-l02-n04	0
2026-06-03T18:49:04.2430531+00:00	WorkerDeferredForCapacity	AuditHairball	Deferred by orchestration to honor max active worker process capacity.
2026-06-03T18:49:04.2439805+00:00	StopPipeline	AuditHairball	Deferred by orchestration to honor max active worker process capacity.
2026-06-03T18:49:04.2473057+00:00	WorkerEvent	Layer02Node04	Closed; ExitCode=-1; worker control channel closed
2026-06-03T18:49:04.2481644+00:00	PipelineCompleted	Layer02Node04	
2026-06-03T18:49:04.2490593+00:00	WorkerStarting	Layer02Node07	meta-pipeline
2026-06-03T18:49:04.4411856+00:00	WorkerStarted	Layer02Node07	6612
2026-06-03T18:49:04.4417554+00:00	WorkerControlPipe	Layer02Node07	meta-orchestration-ffeb2d3ff02d45ca8d079dab6508d4bc
2026-06-03T18:49:04.4422154+00:00	WorkerLog	Layer02Node07	stdout=C:\Users\jimmy\Desktop\meta-bi\Samples\Demos\MetaOrchestrationHairballCliIntegration\Runs\hairball-seed-20260530\RunArtifacts\runs\20260603-184845_ae6b7ebedfd54bb0a97473c44e0b6763\logs\Layer02Node07-6612.stdout.log; stderr=C:\Users\jimmy\Desktop\meta-bi\Samples\Demos\MetaOrchestrationHairballCliIntegration\Runs\hairball-seed-20260530\RunArtifacts\runs\20260603-184845_ae6b7ebedfd54bb0a97473c44e0b6763\logs\Layer02Node07-6612.stderr.log
2026-06-03T18:49:04.4427783+00:00	WorkerEvent	Layer02Node06	PipelineStarted; ExitCode=0; pipeline started
2026-06-03T18:49:04.4437335+00:00	WorkerEvent	AuditHairball	Closed; ExitCode=-1; worker control channel closed
2026-06-03T18:49:04.4442184+00:00	WorkerProcessExited	AuditHairball	ExitCode=0; worker control channel closed
2026-06-03T18:49:04.4458682+00:00	WorkerDeferred	AuditHairball	ResumeTaskId=AuditHairball.audit-hairball
2026-06-03T18:49:04.4463835+00:00	WorkerEvent	Layer02Node06.refresh-l02-n06	TaskReady; ExitCode=0; 
2026-06-03T18:49:04.4476122+00:00	WorkerEvent	Layer02Node01.select-l02-n01	TaskSucceeded; ExitCode=0; 
2026-06-03T18:49:04.4486796+00:00	TaskSucceeded	Layer02Node01.select-l02-n01	0
2026-06-03T18:49:04.4492018+00:00	WorkerProcessExited	Layer02Node04	ExitCode=0; worker process exited
2026-06-03T18:49:04.4496091+00:00	WorkerProcessExited	Layer02Node01	ExitCode=0; worker process exited
2026-06-03T18:49:04.4502924+00:00	PipelineCompleted	Layer02Node01	
2026-06-03T18:49:04.4517513+00:00	GrantTask	Layer02Node06.refresh-l02-n06	Layer02Node06.refresh-l02-n06; GrantId=grant-28; Attempt=1
2026-06-03T18:49:04.4527302+00:00	WorkerStarting	Layer03Node02	meta-pipeline
2026-06-03T18:49:04.5830283+00:00	WorkerStarted	Layer03Node02	14500
2026-06-03T18:49:04.5835224+00:00	WorkerControlPipe	Layer03Node02	meta-orchestration-c6f7067208b7490486dd434bc92ee955
2026-06-03T18:49:04.5839338+00:00	WorkerLog	Layer03Node02	stdout=C:\Users\jimmy\Desktop\meta-bi\Samples\Demos\MetaOrchestrationHairballCliIntegration\Runs\hairball-seed-20260530\RunArtifacts\runs\20260603-184845_ae6b7ebedfd54bb0a97473c44e0b6763\logs\Layer03Node02-14500.stdout.log; stderr=C:\Users\jimmy\Desktop\meta-bi\Samples\Demos\MetaOrchestrationHairballCliIntegration\Runs\hairball-seed-20260530\RunArtifacts\runs\20260603-184845_ae6b7ebedfd54bb0a97473c44e0b6763\logs\Layer03Node02-14500.stderr.log
2026-06-03T18:49:04.5844681+00:00	WorkerEvent	Layer02Node08.refresh-l02-n08	TaskSucceeded; ExitCode=0; 
2026-06-03T18:49:04.5853203+00:00	TaskSucceeded	Layer02Node08.refresh-l02-n08	0
2026-06-03T18:49:04.5858764+00:00	WorkerEvent	Layer03Node10	PipelineStarted; ExitCode=0; pipeline started
2026-06-03T18:49:04.5867087+00:00	WorkerEvent	BridgeL01L02	PipelineStarted; ExitCode=0; pipeline started
2026-06-03T18:49:04.5880104+00:00	WorkerEvent	Layer03Node10.refresh-l03-n10	TaskReady; ExitCode=0; 
2026-06-03T18:49:04.5893879+00:00	WorkerEvent	BridgeL01L02.bridge-l01-l02-collect	TaskReady; ExitCode=0; 
2026-06-03T18:49:04.5904489+00:00	WorkerEvent	Layer02Node07	WorkerOnline; ExitCode=0; online
2026-06-03T18:49:04.5913715+00:00	WorkerEvent	Layer02Node06.refresh-l02-n06	GrantAccepted; ExitCode=0; 
2026-06-03T18:49:04.5921303+00:00	WorkerEvent	Layer02Node07	WorkerReady; ExitCode=0; ready
2026-06-03T18:49:04.5960277+00:00	StartPipeline	Layer02Node07	Layer02Node07
2026-06-03T18:49:04.5969146+00:00	WorkerEvent	Layer02Node06.refresh-l02-n06	TaskStarted; ExitCode=0; 
2026-06-03T18:49:04.5978695+00:00	WorkerEvent	Layer03Node03	PipelineStarted; ExitCode=0; pipeline started
2026-06-03T18:49:04.5987087+00:00	WorkerProcessExited	Layer02Node08	ExitCode=0; worker process exited
2026-06-03T18:49:04.5994839+00:00	PipelineCompleted	Layer02Node08	
2026-06-03T18:49:04.5999017+00:00	WorkerEvent	Layer03Node03.export-l03-n03	TaskReady; ExitCode=0; 
2026-06-03T18:49:04.6016857+00:00	GrantTask	Layer03Node03.export-l03-n03	Layer03Node03.export-l03-n03; GrantId=grant-29; Attempt=1
2026-06-03T18:49:04.6024958+00:00	GrantTask	Layer03Node10.refresh-l03-n10	Layer03Node10.refresh-l03-n10; GrantId=grant-30; Attempt=1
2026-06-03T18:49:04.6029836+00:00	WorkerStarting	Layer03Node06	meta-pipeline
2026-06-03T18:49:04.7169092+00:00	WorkerStarted	Layer03Node06	23216
2026-06-03T18:49:04.7174151+00:00	WorkerControlPipe	Layer03Node06	meta-orchestration-040d9b83f6eb4ad799132cbb4c5d7508
2026-06-03T18:49:04.7177797+00:00	WorkerLog	Layer03Node06	stdout=C:\Users\jimmy\Desktop\meta-bi\Samples\Demos\MetaOrchestrationHairballCliIntegration\Runs\hairball-seed-20260530\RunArtifacts\runs\20260603-184845_ae6b7ebedfd54bb0a97473c44e0b6763\logs\Layer03Node06-23216.stdout.log; stderr=C:\Users\jimmy\Desktop\meta-bi\Samples\Demos\MetaOrchestrationHairballCliIntegration\Runs\hairball-seed-20260530\RunArtifacts\runs\20260603-184845_ae6b7ebedfd54bb0a97473c44e0b6763\logs\Layer03Node06-23216.stderr.log
2026-06-03T18:49:04.7182489+00:00	WorkerEvent	Layer03Node10.refresh-l03-n10	GrantAccepted; ExitCode=0; 
2026-06-03T18:49:04.7191130+00:00	WorkerEvent	Layer03Node03.export-l03-n03	GrantAccepted; ExitCode=0; 
2026-06-03T18:49:04.7202043+00:00	WorkerEvent	Layer03Node10.refresh-l03-n10	TaskStarted; ExitCode=0; 
2026-06-03T18:49:04.7217630+00:00	WorkerEvent	Layer03Node03.export-l03-n03	TaskStarted; ExitCode=0; 
2026-06-03T18:49:04.7232925+00:00	WorkerEvent	Layer03Node02	WorkerOnline; ExitCode=0; online
2026-06-03T18:49:04.7246112+00:00	WorkerStarting	Layer04Node03	meta-pipeline
2026-06-03T18:49:04.8633368+00:00	WorkerStarted	Layer04Node03	24916
2026-06-03T18:49:04.8637965+00:00	WorkerControlPipe	Layer04Node03	meta-orchestration-7572bcccdbad4d8f80d3f45339a308da
2026-06-03T18:49:04.8641920+00:00	WorkerLog	Layer04Node03	stdout=C:\Users\jimmy\Desktop\meta-bi\Samples\Demos\MetaOrchestrationHairballCliIntegration\Runs\hairball-seed-20260530\RunArtifacts\runs\20260603-184845_ae6b7ebedfd54bb0a97473c44e0b6763\logs\Layer04Node03-24916.stdout.log; stderr=C:\Users\jimmy\Desktop\meta-bi\Samples\Demos\MetaOrchestrationHairballCliIntegration\Runs\hairball-seed-20260530\RunArtifacts\runs\20260603-184845_ae6b7ebedfd54bb0a97473c44e0b6763\logs\Layer04Node03-24916.stderr.log
2026-06-03T18:49:04.8647861+00:00	WorkerEvent	Layer03Node06	WorkerOnline; ExitCode=0; online
2026-06-03T18:49:04.8658141+00:00	WorkerEvent	Layer03Node02	WorkerReady; ExitCode=0; ready
2026-06-03T18:49:04.8666470+00:00	StartPipeline	Layer03Node02	Layer03Node02
2026-06-03T18:49:04.8674210+00:00	WorkerEvent	Layer03Node06	WorkerReady; ExitCode=0; ready
2026-06-03T18:49:04.8731615+00:00	StartPipeline	Layer03Node06	Layer03Node06
2026-06-03T18:49:04.8749197+00:00	WorkerDeferredForCapacity	BridgeL01L02	Deferred by orchestration to honor max active worker process capacity.
2026-06-03T18:49:04.8800754+00:00	StopPipeline	BridgeL01L02	Deferred by orchestration to honor max active worker process capacity.
2026-06-03T18:49:04.8839737+00:00	WorkerDeferredForCapacity	BridgeL05L06	Deferred by orchestration to honor max active worker process capacity.
2026-06-03T18:49:04.8845465+00:00	StopPipeline	BridgeL05L06	Deferred by orchestration to honor max active worker process capacity.
2026-06-03T18:49:04.8859652+00:00	WorkerDeferredForCapacity	BridgeL07L08	Deferred by orchestration to honor max active worker process capacity.
2026-06-03T18:49:04.8864447+00:00	StopPipeline	BridgeL07L08	Deferred by orchestration to honor max active worker process capacity.
2026-06-03T18:49:04.8869869+00:00	WorkerEvent	BridgeL01L02	Closed; ExitCode=0; worker control channel closed
2026-06-03T18:49:04.8880268+00:00	WorkerProcessExited	BridgeL01L02	ExitCode=0; worker control channel closed
2026-06-03T18:49:04.8888624+00:00	WorkerDeferred	BridgeL01L02	ResumeTaskId=BridgeL01L02.bridge-l01-l02-collect
2026-06-03T18:49:04.8901541+00:00	WorkerStarting	Layer06Node02	meta-pipeline
2026-06-03T18:49:05.0579482+00:00	WorkerStarted	Layer06Node02	16984
2026-06-03T18:49:05.0584953+00:00	WorkerControlPipe	Layer06Node02	meta-orchestration-d19e28b4884d421ba5b6dd30354f680b
2026-06-03T18:49:05.0588778+00:00	WorkerLog	Layer06Node02	stdout=C:\Users\jimmy\Desktop\meta-bi\Samples\Demos\MetaOrchestrationHairballCliIntegration\Runs\hairball-seed-20260530\RunArtifacts\runs\20260603-184845_ae6b7ebedfd54bb0a97473c44e0b6763\logs\Layer06Node02-16984.stdout.log; stderr=C:\Users\jimmy\Desktop\meta-bi\Samples\Demos\MetaOrchestrationHairballCliIntegration\Runs\hairball-seed-20260530\RunArtifacts\runs\20260603-184845_ae6b7ebedfd54bb0a97473c44e0b6763\logs\Layer06Node02-16984.stderr.log
2026-06-03T18:49:05.0599976+00:00	WorkerEvent	BridgeL05L06	Closed; ExitCode=0; worker control channel closed
2026-06-03T18:49:05.0606606+00:00	WorkerProcessExited	BridgeL05L06	ExitCode=0; worker control channel closed
2026-06-03T18:49:05.0614467+00:00	WorkerDeferred	BridgeL05L06	ResumeTaskId=BridgeL05L06.bridge-l05-l06-collect
2026-06-03T18:49:05.0618588+00:00	WorkerEvent	BridgeL07L08	Closed; ExitCode=-1; worker control channel closed
2026-06-03T18:49:05.0623379+00:00	WorkerProcessExited	BridgeL07L08	ExitCode=0; worker control channel closed
2026-06-03T18:49:05.0630384+00:00	WorkerDeferred	BridgeL07L08	ResumeTaskId=BridgeL07L08.bridge-l07-l08-collect
2026-06-03T18:49:05.0634320+00:00	WorkerEvent	Layer04Node03	WorkerOnline; ExitCode=0; online
2026-06-03T18:49:05.0667513+00:00	WorkerResuming	AuditHairball	ResumeTaskId=AuditHairball.audit-hairball; Executable=meta-pipeline
2026-06-03T18:49:05.2218509+00:00	WorkerStarted	AuditHairball	15036
2026-06-03T18:49:05.2226901+00:00	WorkerControlPipe	AuditHairball	meta-orchestration-e033f5a117844d3e8eafc233745fb028
2026-06-03T18:49:05.2231937+00:00	WorkerLog	AuditHairball	stdout=C:\Users\jimmy\Desktop\meta-bi\Samples\Demos\MetaOrchestrationHairballCliIntegration\Runs\hairball-seed-20260530\RunArtifacts\runs\20260603-184845_ae6b7ebedfd54bb0a97473c44e0b6763\logs\AuditHairball-15036.stdout.log; stderr=C:\Users\jimmy\Desktop\meta-bi\Samples\Demos\MetaOrchestrationHairballCliIntegration\Runs\hairball-seed-20260530\RunArtifacts\runs\20260603-184845_ae6b7ebedfd54bb0a97473c44e0b6763\logs\AuditHairball-15036.stderr.log
2026-06-03T18:49:05.2238961+00:00	WorkerEvent	Layer06Node02	WorkerOnline; ExitCode=0; online
2026-06-03T18:49:05.2246634+00:00	WorkerEvent	Layer02Node06.refresh-l02-n06	TaskSucceeded; ExitCode=0; 
2026-06-03T18:49:05.2255190+00:00	TaskSucceeded	Layer02Node06.refresh-l02-n06	0
2026-06-03T18:49:05.2260007+00:00	WorkerEvent	Layer04Node03	WorkerReady; ExitCode=0; ready
2026-06-03T18:49:05.2272805+00:00	StartPipeline	Layer04Node03	Layer04Node03
2026-06-03T18:49:05.2307189+00:00	WorkerEvent	Layer06Node02	WorkerReady; ExitCode=0; ready
2026-06-03T18:49:05.2316391+00:00	StartPipeline	Layer06Node02	Layer06Node02
2026-06-03T18:49:05.2324405+00:00	WorkerProcessExited	Layer02Node06	ExitCode=0; worker process exited
2026-06-03T18:49:05.2331866+00:00	PipelineCompleted	Layer02Node06	
2026-06-03T18:49:05.2362617+00:00	WorkerStarting	Layer06Node06	meta-pipeline
2026-06-03T18:49:05.4167212+00:00	WorkerStarted	Layer06Node06	24652
2026-06-03T18:49:05.4172481+00:00	WorkerControlPipe	Layer06Node06	meta-orchestration-e655b62440464dac8420979a301edaa5
2026-06-03T18:49:05.4177218+00:00	WorkerLog	Layer06Node06	stdout=C:\Users\jimmy\Desktop\meta-bi\Samples\Demos\MetaOrchestrationHairballCliIntegration\Runs\hairball-seed-20260530\RunArtifacts\runs\20260603-184845_ae6b7ebedfd54bb0a97473c44e0b6763\logs\Layer06Node06-24652.stdout.log; stderr=C:\Users\jimmy\Desktop\meta-bi\Samples\Demos\MetaOrchestrationHairballCliIntegration\Runs\hairball-seed-20260530\RunArtifacts\runs\20260603-184845_ae6b7ebedfd54bb0a97473c44e0b6763\logs\Layer06Node06-24652.stderr.log
2026-06-03T18:49:05.4182834+00:00	WorkerEvent	Layer03Node10.refresh-l03-n10	TaskSucceeded; ExitCode=0; 
2026-06-03T18:49:05.4191827+00:00	TaskSucceeded	Layer03Node10.refresh-l03-n10	0
2026-06-03T18:49:05.4196253+00:00	WorkerEvent	AuditHairball	WorkerOnline; ExitCode=0; online
2026-06-03T18:49:05.4207338+00:00	WorkerProcessExited	Layer03Node10	ExitCode=0; worker process exited
2026-06-03T18:49:05.4224754+00:00	PipelineCompleted	Layer03Node10	
2026-06-03T18:49:05.4247912+00:00	WorkerResuming	BridgeL01L02	ResumeTaskId=BridgeL01L02.bridge-l01-l02-collect; Executable=meta-pipeline
2026-06-03T18:49:05.5843144+00:00	WorkerStarted	BridgeL01L02	27900
2026-06-03T18:49:05.5848388+00:00	WorkerControlPipe	BridgeL01L02	meta-orchestration-cffb46756568442587a9432165899795
2026-06-03T18:49:05.5853029+00:00	WorkerLog	BridgeL01L02	stdout=C:\Users\jimmy\Desktop\meta-bi\Samples\Demos\MetaOrchestrationHairballCliIntegration\Runs\hairball-seed-20260530\RunArtifacts\runs\20260603-184845_ae6b7ebedfd54bb0a97473c44e0b6763\logs\BridgeL01L02-27900.stdout.log; stderr=C:\Users\jimmy\Desktop\meta-bi\Samples\Demos\MetaOrchestrationHairballCliIntegration\Runs\hairball-seed-20260530\RunArtifacts\runs\20260603-184845_ae6b7ebedfd54bb0a97473c44e0b6763\logs\BridgeL01L02-27900.stderr.log
2026-06-03T18:49:05.5858207+00:00	WorkerEvent	AuditHairball	WorkerReady; ExitCode=0; ready
2026-06-03T18:49:05.5881813+00:00	StartPipeline	AuditHairball	AuditHairball
2026-06-03T18:49:05.5917332+00:00	WorkerEvent	Layer02Node07	PipelineStarted; ExitCode=0; pipeline started
2026-06-03T18:49:05.5931624+00:00	WorkerEvent	Layer06Node06	WorkerOnline; ExitCode=0; online
2026-06-03T18:49:05.5947862+00:00	WorkerEvent	Layer03Node03.export-l03-n03	TaskSucceeded; ExitCode=0; 
2026-06-03T18:49:05.5966846+00:00	TaskSucceeded	Layer03Node03.export-l03-n03	0
2026-06-03T18:49:05.5983816+00:00	WorkerEvent	Layer02Node07.refresh-l02-n07	TaskReady; ExitCode=0; 
2026-06-03T18:49:05.6005143+00:00	WorkerEvent	Layer06Node06	WorkerReady; ExitCode=0; ready
2026-06-03T18:49:05.6038695+00:00	StartPipeline	Layer06Node06	Layer06Node06
2026-06-03T18:49:05.6055044+00:00	WorkerProcessExited	Layer03Node03	ExitCode=0; worker process exited
2026-06-03T18:49:05.6089101+00:00	PipelineCompleted	Layer03Node03	
2026-06-03T18:49:05.6124342+00:00	GrantTask	Layer02Node07.refresh-l02-n07	Layer02Node07.refresh-l02-n07; GrantId=grant-31; Attempt=1
2026-06-03T18:49:05.6131564+00:00	WorkerStarting	Layer06Node09	meta-pipeline
2026-06-03T18:49:05.7582842+00:00	WorkerStarted	Layer06Node09	9444
2026-06-03T18:49:05.7588398+00:00	WorkerControlPipe	Layer06Node09	meta-orchestration-360c4691afca4e54a2c78fd5c14e6cdb
2026-06-03T18:49:05.7592490+00:00	WorkerLog	Layer06Node09	stdout=C:\Users\jimmy\Desktop\meta-bi\Samples\Demos\MetaOrchestrationHairballCliIntegration\Runs\hairball-seed-20260530\RunArtifacts\runs\20260603-184845_ae6b7ebedfd54bb0a97473c44e0b6763\logs\Layer06Node09-9444.stdout.log; stderr=C:\Users\jimmy\Desktop\meta-bi\Samples\Demos\MetaOrchestrationHairballCliIntegration\Runs\hairball-seed-20260530\RunArtifacts\runs\20260603-184845_ae6b7ebedfd54bb0a97473c44e0b6763\logs\Layer06Node09-9444.stderr.log
2026-06-03T18:49:05.7597480+00:00	WorkerEvent	BridgeL01L02	WorkerOnline; ExitCode=0; online
2026-06-03T18:49:05.7605379+00:00	WorkerEvent	Layer02Node07.refresh-l02-n07	GrantAccepted; ExitCode=0; 
2026-06-03T18:49:05.7613959+00:00	WorkerEvent	BridgeL01L02	WorkerReady; ExitCode=0; ready
2026-06-03T18:49:05.7664296+00:00	StartPipeline	BridgeL01L02	BridgeL01L02
2026-06-03T18:49:05.7672991+00:00	WorkerEvent	Layer02Node07.refresh-l02-n07	TaskStarted; ExitCode=0; 
2026-06-03T18:49:05.7696723+00:00	WorkerResuming	BridgeL03L04	ResumeTaskId=BridgeL03L04.bridge-l03-l04-collect; Executable=meta-pipeline
2026-06-03T18:49:05.9525631+00:00	WorkerStarted	BridgeL03L04	28936
2026-06-03T18:49:05.9530998+00:00	WorkerControlPipe	BridgeL03L04	meta-orchestration-3870b3e731af4b79a010a1d08f36c84e
2026-06-03T18:49:05.9537304+00:00	WorkerLog	BridgeL03L04	stdout=C:\Users\jimmy\Desktop\meta-bi\Samples\Demos\MetaOrchestrationHairballCliIntegration\Runs\hairball-seed-20260530\RunArtifacts\runs\20260603-184845_ae6b7ebedfd54bb0a97473c44e0b6763\logs\BridgeL03L04-28936.stdout.log; stderr=C:\Users\jimmy\Desktop\meta-bi\Samples\Demos\MetaOrchestrationHairballCliIntegration\Runs\hairball-seed-20260530\RunArtifacts\runs\20260603-184845_ae6b7ebedfd54bb0a97473c44e0b6763\logs\BridgeL03L04-28936.stderr.log
2026-06-03T18:49:05.9544207+00:00	WorkerEvent	Layer03Node06	PipelineStarted; ExitCode=0; pipeline started
2026-06-03T18:49:05.9556443+00:00	WorkerEvent	Layer06Node09	WorkerOnline; ExitCode=0; online
2026-06-03T18:49:05.9574669+00:00	WorkerEvent	Layer03Node06.refresh-l03-n06	TaskReady; ExitCode=0; 
2026-06-03T18:49:05.9593865+00:00	WorkerEvent	Layer06Node09	WorkerReady; ExitCode=0; ready
2026-06-03T18:49:05.9648267+00:00	StartPipeline	Layer06Node09	Layer06Node09
2026-06-03T18:49:05.9658149+00:00	WorkerEvent	Layer03Node02	PipelineStarted; ExitCode=0; pipeline started
2026-06-03T18:49:05.9684041+00:00	GrantTask	Layer03Node06.refresh-l03-n06	Layer03Node06.refresh-l03-n06; GrantId=grant-32; Attempt=1
2026-06-03T18:49:05.9702153+00:00	WorkerEvent	Layer03Node02.export-l03-n02	TaskReady; ExitCode=0; 
2026-06-03T18:49:05.9733265+00:00	GrantTask	Layer03Node02.export-l03-n02	Layer03Node02.export-l03-n02; GrantId=grant-33; Attempt=1
2026-06-03T18:49:05.9740881+00:00	WorkerEvent	Layer03Node06.refresh-l03-n06	GrantAccepted; ExitCode=0; 
2026-06-03T18:49:05.9990987+00:00	WorkerEvent	Layer03Node06.refresh-l03-n06	TaskStarted; ExitCode=0; 
2026-06-03T18:49:06.0126040+00:00	WorkerEvent	BridgeL03L04	WorkerOnline; ExitCode=0; online
2026-06-03T18:49:06.0136446+00:00	WorkerEvent	Layer03Node02.export-l03-n02	GrantAccepted; ExitCode=0; 
2026-06-03T18:49:06.0248916+00:00	WorkerEvent	BridgeL03L04	WorkerReady; ExitCode=0; ready
2026-06-03T18:49:06.0259948+00:00	StartPipeline	BridgeL03L04	BridgeL03L04
2026-06-03T18:49:06.0268238+00:00	WorkerEvent	Layer03Node02.export-l03-n02	TaskStarted; ExitCode=0; 
2026-06-03T18:49:06.1825513+00:00	WorkerEvent	Layer04Node03	PipelineStarted; ExitCode=0; pipeline started
2026-06-03T18:49:06.1854836+00:00	WorkerEvent	Layer04Node03.refresh-l04-n03	TaskReady; ExitCode=0; 
2026-06-03T18:49:06.1915782+00:00	GrantTask	Layer04Node03.refresh-l04-n03	Layer04Node03.refresh-l04-n03; GrantId=grant-34; Attempt=1
2026-06-03T18:49:06.1960132+00:00	WorkerEvent	Layer04Node03.refresh-l04-n03	GrantAccepted; ExitCode=0; 
2026-06-03T18:49:06.2007975+00:00	WorkerEvent	Layer04Node03.refresh-l04-n03	TaskStarted; ExitCode=0; 
2026-06-03T18:49:06.2632516+00:00	WorkerEvent	Layer06Node02	PipelineStarted; ExitCode=0; pipeline started
2026-06-03T18:49:06.2667816+00:00	WorkerEvent	Layer06Node02.export-l06-n02	TaskReady; ExitCode=0; 
2026-06-03T18:49:06.2753182+00:00	GrantTask	Layer06Node02.export-l06-n02	Layer06Node02.export-l06-n02; GrantId=grant-35; Attempt=1
2026-06-03T18:49:06.2817264+00:00	WorkerEvent	Layer06Node02.export-l06-n02	GrantAccepted; ExitCode=0; 
2026-06-03T18:49:06.2946817+00:00	WorkerEvent	Layer06Node02.export-l06-n02	TaskStarted; ExitCode=0; 
2026-06-03T18:49:06.4563875+00:00	WorkerEvent	Layer02Node07.refresh-l02-n07	TaskSucceeded; ExitCode=0; 
2026-06-03T18:49:06.4578975+00:00	TaskSucceeded	Layer02Node07.refresh-l02-n07	0
2026-06-03T18:49:06.4610987+00:00	GrantTask	Layer02Hub.hub-l02-stage	Layer02Hub.hub-l02-stage; GrantId=grant-36; Attempt=1
2026-06-03T18:49:06.4665719+00:00	WorkerEvent	Layer02Node07	Closed; ExitCode=-1; worker control channel closed
2026-06-03T18:49:06.4671422+00:00	WorkerProcessExited	Layer02Node07	ExitCode=0; worker control channel closed
2026-06-03T18:49:06.4680580+00:00	PipelineCompleted	Layer02Node07	
2026-06-03T18:49:06.4732904+00:00	WorkerResuming	BridgeL05L06	ResumeTaskId=BridgeL05L06.bridge-l05-l06-collect; Executable=meta-pipeline
2026-06-03T18:49:06.7497423+00:00	WorkerStarted	BridgeL05L06	23664
2026-06-03T18:49:06.7502552+00:00	WorkerControlPipe	BridgeL05L06	meta-orchestration-d77bce835dc54450b406c60f6a7df54d
2026-06-03T18:49:06.7506641+00:00	WorkerLog	BridgeL05L06	stdout=C:\Users\jimmy\Desktop\meta-bi\Samples\Demos\MetaOrchestrationHairballCliIntegration\Runs\hairball-seed-20260530\RunArtifacts\runs\20260603-184845_ae6b7ebedfd54bb0a97473c44e0b6763\logs\BridgeL05L06-23664.stdout.log; stderr=C:\Users\jimmy\Desktop\meta-bi\Samples\Demos\MetaOrchestrationHairballCliIntegration\Runs\hairball-seed-20260530\RunArtifacts\runs\20260603-184845_ae6b7ebedfd54bb0a97473c44e0b6763\logs\BridgeL05L06-23664.stderr.log
2026-06-03T18:49:06.7512257+00:00	WorkerEvent	Layer03Node06.refresh-l03-n06	TaskSucceeded; ExitCode=0; 
2026-06-03T18:49:06.7520713+00:00	TaskSucceeded	Layer03Node06.refresh-l03-n06	0
2026-06-03T18:49:06.7525771+00:00	WorkerEvent	AuditHairball	PipelineStarted; ExitCode=0; pipeline started
2026-06-03T18:49:06.7537871+00:00	WorkerEvent	Layer02Hub.hub-l02-stage	GrantAccepted; ExitCode=0; 
2026-06-03T18:49:06.7590810+00:00	WorkerEvent	AuditHairball.audit-hairball	TaskReady; ExitCode=0; 
2026-06-03T18:49:06.7600390+00:00	WorkerProcessExited	Layer03Node06	ExitCode=0; worker process exited
2026-06-03T18:49:06.7608845+00:00	PipelineCompleted	Layer03Node06	
2026-06-03T18:49:06.7676438+00:00	WorkerEvent	Layer02Hub.hub-l02-stage	TaskStarted; ExitCode=0; 
2026-06-03T18:49:06.7902465+00:00	WorkerStarting	Layer03Node07	meta-pipeline
2026-06-03T18:49:07.0145292+00:00	WorkerStarted	Layer03Node07	26132
2026-06-03T18:49:07.0152344+00:00	WorkerControlPipe	Layer03Node07	meta-orchestration-687c33a25eaa43a5ae74cd5d7a246c62
2026-06-03T18:49:07.0163775+00:00	WorkerLog	Layer03Node07	stdout=C:\Users\jimmy\Desktop\meta-bi\Samples\Demos\MetaOrchestrationHairballCliIntegration\Runs\hairball-seed-20260530\RunArtifacts\runs\20260603-184845_ae6b7ebedfd54bb0a97473c44e0b6763\logs\Layer03Node07-26132.stdout.log; stderr=C:\Users\jimmy\Desktop\meta-bi\Samples\Demos\MetaOrchestrationHairballCliIntegration\Runs\hairball-seed-20260530\RunArtifacts\runs\20260603-184845_ae6b7ebedfd54bb0a97473c44e0b6763\logs\Layer03Node07-26132.stderr.log
2026-06-03T18:49:07.0171246+00:00	WorkerEvent	BridgeL05L06	WorkerOnline; ExitCode=0; online
2026-06-03T18:49:07.0182468+00:00	WorkerEvent	Layer06Node06	PipelineStarted; ExitCode=0; pipeline started
2026-06-03T18:49:07.0192869+00:00	WorkerEvent	BridgeL05L06	WorkerReady; ExitCode=0; ready
2026-06-03T18:49:07.0283139+00:00	StartPipeline	BridgeL05L06	BridgeL05L06
2026-06-03T18:49:07.0300109+00:00	WorkerEvent	Layer06Node06.select-l06-n06	TaskReady; ExitCode=0; 
2026-06-03T18:49:07.0312972+00:00	WorkerEvent	Layer03Node02.export-l03-n02	TaskSucceeded; ExitCode=0; 
2026-06-03T18:49:07.0335161+00:00	TaskSucceeded	Layer03Node02.export-l03-n02	0
2026-06-03T18:49:07.0340846+00:00	WorkerProcessExited	Layer03Node02	ExitCode=0; worker process exited
2026-06-03T18:49:07.0350282+00:00	PipelineCompleted	Layer03Node02	
2026-06-03T18:49:07.0380323+00:00	GrantTask	Layer06Node06.select-l06-n06	Layer06Node06.select-l06-n06; GrantId=grant-37; Attempt=1
2026-06-03T18:49:07.0415714+00:00	WorkerResuming	BridgeL07L08	ResumeTaskId=BridgeL07L08.bridge-l07-l08-collect; Executable=meta-pipeline
2026-06-03T18:49:07.2290803+00:00	WorkerStarted	BridgeL07L08	31200
2026-06-03T18:49:07.2300397+00:00	WorkerControlPipe	BridgeL07L08	meta-orchestration-4c79b6e4b8794b6ea03ea8e277f1059b
2026-06-03T18:49:07.2310331+00:00	WorkerLog	BridgeL07L08	stdout=C:\Users\jimmy\Desktop\meta-bi\Samples\Demos\MetaOrchestrationHairballCliIntegration\Runs\hairball-seed-20260530\RunArtifacts\runs\20260603-184845_ae6b7ebedfd54bb0a97473c44e0b6763\logs\BridgeL07L08-31200.stdout.log; stderr=C:\Users\jimmy\Desktop\meta-bi\Samples\Demos\MetaOrchestrationHairballCliIntegration\Runs\hairball-seed-20260530\RunArtifacts\runs\20260603-184845_ae6b7ebedfd54bb0a97473c44e0b6763\logs\BridgeL07L08-31200.stderr.log
2026-06-03T18:49:07.2318652+00:00	WorkerEvent	Layer03Node07	WorkerOnline; ExitCode=0; online
2026-06-03T18:49:07.2334627+00:00	WorkerEvent	Layer06Node02.export-l06-n02	TaskSucceeded; ExitCode=0; 
2026-06-03T18:49:07.2343485+00:00	TaskSucceeded	Layer06Node02.export-l06-n02	0
2026-06-03T18:49:07.2348413+00:00	WorkerEvent	Layer06Node06.select-l06-n06	GrantAccepted; ExitCode=0; 
2026-06-03T18:49:07.2356859+00:00	WorkerEvent	Layer04Node03.refresh-l04-n03	TaskSucceeded; ExitCode=0; 
2026-06-03T18:49:07.2484106+00:00	TaskSucceeded	Layer04Node03.refresh-l04-n03	0
2026-06-03T18:49:07.2489305+00:00	WorkerEvent	Layer03Node07	WorkerReady; ExitCode=0; ready
2026-06-03T18:49:07.2498205+00:00	StartPipeline	Layer03Node07	Layer03Node07
2026-06-03T18:49:07.2506341+00:00	WorkerEvent	Layer06Node06.select-l06-n06	TaskStarted; ExitCode=0; 
2026-06-03T18:49:07.2524885+00:00	WorkerProcessExited	Layer06Node02	ExitCode=0; worker process exited
2026-06-03T18:49:07.2538426+00:00	PipelineCompleted	Layer06Node02	
2026-06-03T18:49:07.2545124+00:00	WorkerProcessExited	Layer04Node03	ExitCode=0; worker process exited
2026-06-03T18:49:07.2554027+00:00	PipelineCompleted	Layer04Node03	
2026-06-03T18:49:07.2576346+00:00	WorkerStarting	Layer03Hub	meta-pipeline
2026-06-03T18:49:07.3839126+00:00	WorkerStarted	Layer03Hub	18512
2026-06-03T18:49:07.3844060+00:00	WorkerControlPipe	Layer03Hub	meta-orchestration-405ad0e34e674b3c8e9f4440f4c00d2e
2026-06-03T18:49:07.3849888+00:00	WorkerLog	Layer03Hub	stdout=C:\Users\jimmy\Desktop\meta-bi\Samples\Demos\MetaOrchestrationHairballCliIntegration\Runs\hairball-seed-20260530\RunArtifacts\runs\20260603-184845_ae6b7ebedfd54bb0a97473c44e0b6763\logs\Layer03Hub-18512.stdout.log; stderr=C:\Users\jimmy\Desktop\meta-bi\Samples\Demos\MetaOrchestrationHairballCliIntegration\Runs\hairball-seed-20260530\RunArtifacts\runs\20260603-184845_ae6b7ebedfd54bb0a97473c44e0b6763\logs\Layer03Hub-18512.stderr.log
2026-06-03T18:49:07.3856050+00:00	WorkerEvent	BridgeL01L02	PipelineStarted; ExitCode=0; pipeline started
2026-06-03T18:49:07.3874097+00:00	WorkerEvent	Layer06Node09	PipelineStarted; ExitCode=0; pipeline started
2026-06-03T18:49:07.3890510+00:00	WorkerEvent	BridgeL01L02.bridge-l01-l02-collect	TaskReady; ExitCode=0; 
2026-06-03T18:49:07.3907274+00:00	WorkerEvent	Layer06Node09.select-l06-n09	TaskReady; ExitCode=0; 
2026-06-03T18:49:07.3923954+00:00	WorkerEvent	BridgeL07L08	WorkerOnline; ExitCode=0; online
2026-06-03T18:49:07.3996021+00:00	GrantTask	Layer06Node09.select-l06-n09	Layer06Node09.select-l06-n09; GrantId=grant-38; Attempt=1
2026-06-03T18:49:07.4011533+00:00	WorkerStarting	Layer03Node01	meta-pipeline
2026-06-03T18:49:07.5367352+00:00	WorkerStarted	Layer03Node01	8908
2026-06-03T18:49:07.5373640+00:00	WorkerControlPipe	Layer03Node01	meta-orchestration-e9bdf1b7304847cf9faa6fa48b980466
2026-06-03T18:49:07.5377531+00:00	WorkerLog	Layer03Node01	stdout=C:\Users\jimmy\Desktop\meta-bi\Samples\Demos\MetaOrchestrationHairballCliIntegration\Runs\hairball-seed-20260530\RunArtifacts\runs\20260603-184845_ae6b7ebedfd54bb0a97473c44e0b6763\logs\Layer03Node01-8908.stdout.log; stderr=C:\Users\jimmy\Desktop\meta-bi\Samples\Demos\MetaOrchestrationHairballCliIntegration\Runs\hairball-seed-20260530\RunArtifacts\runs\20260603-184845_ae6b7ebedfd54bb0a97473c44e0b6763\logs\Layer03Node01-8908.stderr.log
2026-06-03T18:49:07.5382266+00:00	WorkerEvent	BridgeL03L04	PipelineStarted; ExitCode=0; pipeline started
2026-06-03T18:49:07.5391247+00:00	WorkerEvent	Layer06Node09.select-l06-n09	GrantAccepted; ExitCode=0; 
2026-06-03T18:49:07.5400306+00:00	WorkerEvent	Layer03Hub	WorkerOnline; ExitCode=0; online
2026-06-03T18:49:07.5410747+00:00	WorkerEvent	BridgeL07L08	WorkerReady; ExitCode=0; ready
2026-06-03T18:49:07.5419200+00:00	StartPipeline	BridgeL07L08	BridgeL07L08
2026-06-03T18:49:07.5447662+00:00	WorkerEvent	BridgeL03L04.bridge-l03-l04-collect	TaskReady; ExitCode=0; 
2026-06-03T18:49:07.5455424+00:00	WorkerEvent	Layer06Node09.select-l06-n09	TaskStarted; ExitCode=0; 
2026-06-03T18:49:07.5462294+00:00	WorkerEvent	Layer03Hub	WorkerReady; ExitCode=0; ready
2026-06-03T18:49:07.5636232+00:00	StartPipeline	Layer03Hub	Layer03Hub
2026-06-03T18:49:07.5661374+00:00	WorkerEvent	Layer02Hub.hub-l02-stage	TaskSucceeded; ExitCode=0; 
2026-06-03T18:49:07.5673051+00:00	TaskSucceeded	Layer02Hub.hub-l02-stage	0
2026-06-03T18:49:07.5703117+00:00	WorkerEvent	Layer02Hub.hub-l02-curate	TaskReady; ExitCode=0; 
2026-06-03T18:49:07.5760525+00:00	GrantTask	Layer02Hub.hub-l02-curate	Layer02Hub.hub-l02-curate; GrantId=grant-39; Attempt=1
2026-06-03T18:49:07.5768646+00:00	WorkerEvent	Layer03Node01	WorkerOnline; ExitCode=0; online
2026-06-03T18:49:07.5808870+00:00	WorkerEvent	Layer02Hub.hub-l02-curate	GrantAccepted; ExitCode=0; 
2026-06-03T18:49:07.5841165+00:00	WorkerEvent	Layer03Node01	WorkerReady; ExitCode=0; ready
2026-06-03T18:49:07.5898468+00:00	StartPipeline	Layer03Node01	Layer03Node01
2026-06-03T18:49:07.5908827+00:00	WorkerEvent	Layer02Hub.hub-l02-curate	TaskStarted; ExitCode=0; 
2026-06-03T18:49:07.7620245+00:00	WorkerEvent	Layer02Hub.hub-l02-curate	TaskSucceeded; ExitCode=0; 
2026-06-03T18:49:07.7630298+00:00	TaskSucceeded	Layer02Hub.hub-l02-curate	0
2026-06-03T18:49:07.7643207+00:00	GrantTask	BridgeL01L02.bridge-l01-l02-collect	BridgeL01L02.bridge-l01-l02-collect; GrantId=grant-40; Attempt=1
2026-06-03T18:49:07.7665304+00:00	WorkerDeferredForCapacity	AuditHairball	Deferred by orchestration to honor max active worker process capacity.
2026-06-03T18:49:07.7669959+00:00	StopPipeline	AuditHairball	Deferred by orchestration to honor max active worker process capacity.
2026-06-03T18:49:07.7675521+00:00	WorkerEvent	Layer02Hub.hub-l02-publish	TaskReady; ExitCode=0; 
2026-06-03T18:49:07.7707315+00:00	GrantTask	Layer02Hub.hub-l02-publish	Layer02Hub.hub-l02-publish; GrantId=grant-41; Attempt=1
2026-06-03T18:49:07.7714005+00:00	WorkerDeferredForCapacity	BridgeL03L04	Deferred by orchestration to honor max active worker process capacity.
2026-06-03T18:49:07.7718293+00:00	StopPipeline	BridgeL03L04	Deferred by orchestration to honor max active worker process capacity.
2026-06-03T18:49:07.7723678+00:00	WorkerEvent	BridgeL01L02.bridge-l01-l02-collect	GrantAccepted; ExitCode=0; 
2026-06-03T18:49:07.7731977+00:00	WorkerEvent	Layer02Hub.hub-l02-publish	GrantAccepted; ExitCode=0; 
2026-06-03T18:49:07.7777008+00:00	WorkerDeferredForCapacity	CompositeMart	Deferred by orchestration to honor max active worker process capacity.
2026-06-03T18:49:07.7782212+00:00	StopPipeline	CompositeMart	Deferred by orchestration to honor max active worker process capacity.
2026-06-03T18:49:07.7788030+00:00	WorkerEvent	BridgeL03L04	Closed; ExitCode=-1; worker control channel closed
2026-06-03T18:49:07.7792465+00:00	WorkerProcessExited	BridgeL03L04	ExitCode=0; worker control channel closed
2026-06-03T18:49:07.7801302+00:00	WorkerDeferred	BridgeL03L04	ResumeTaskId=BridgeL03L04.bridge-l03-l04-collect
2026-06-03T18:49:07.7805962+00:00	WorkerEvent	BridgeL01L02.bridge-l01-l02-collect	TaskStarted; ExitCode=0; 
2026-06-03T18:49:07.7814252+00:00	WorkerEvent	Layer02Hub.hub-l02-publish	TaskStarted; ExitCode=0; 
2026-06-03T18:49:07.7826330+00:00	WorkerStarting	Layer04Node04	meta-pipeline
2026-06-03T18:49:08.1239254+00:00	WorkerStarted	Layer04Node04	10280
2026-06-03T18:49:08.1247858+00:00	WorkerControlPipe	Layer04Node04	meta-orchestration-9ed00b4eea4448f083fa2739ae57b408
2026-06-03T18:49:08.1253020+00:00	WorkerLog	Layer04Node04	stdout=C:\Users\jimmy\Desktop\meta-bi\Samples\Demos\MetaOrchestrationHairballCliIntegration\Runs\hairball-seed-20260530\RunArtifacts\runs\20260603-184845_ae6b7ebedfd54bb0a97473c44e0b6763\logs\Layer04Node04-10280.stdout.log; stderr=C:\Users\jimmy\Desktop\meta-bi\Samples\Demos\MetaOrchestrationHairballCliIntegration\Runs\hairball-seed-20260530\RunArtifacts\runs\20260603-184845_ae6b7ebedfd54bb0a97473c44e0b6763\logs\Layer04Node04-10280.stderr.log
2026-06-03T18:49:08.1258690+00:00	WorkerEvent	CompositeMart	Closed; ExitCode=0; worker control channel closed
2026-06-03T18:49:08.1264397+00:00	WorkerProcessExited	CompositeMart	ExitCode=0; worker control channel closed
2026-06-03T18:49:08.1272438+00:00	WorkerDeferred	CompositeMart	ResumeTaskId=CompositeMart.composite-stage
2026-06-03T18:49:08.1277696+00:00	WorkerEvent	AuditHairball	Closed; ExitCode=0; worker control channel closed
2026-06-03T18:49:08.1281877+00:00	WorkerProcessExited	AuditHairball	ExitCode=0; worker control channel closed
2026-06-03T18:49:08.1331695+00:00	WorkerDeferred	AuditHairball	ResumeTaskId=AuditHairball.audit-hairball
2026-06-03T18:49:08.1451725+00:00	WorkerEvent	Layer06Node06.select-l06-n06	TaskSucceeded; ExitCode=0; 
2026-06-03T18:49:08.1461748+00:00	TaskSucceeded	Layer06Node06.select-l06-n06	0
2026-06-03T18:49:08.1466242+00:00	WorkerProcessExited	Layer06Node06	ExitCode=0; worker process exited
2026-06-03T18:49:08.1473101+00:00	PipelineCompleted	Layer06Node06	
2026-06-03T18:49:08.1518151+00:00	WorkerResuming	AuditHairball	ResumeTaskId=AuditHairball.audit-hairball; Executable=meta-pipeline
2026-06-03T18:49:08.4149354+00:00	WorkerStarted	AuditHairball	5112
2026-06-03T18:49:08.4182170+00:00	WorkerControlPipe	AuditHairball	meta-orchestration-6b6714c1cbb6417f982dd8c365a082fc
2026-06-03T18:49:08.4224783+00:00	WorkerLog	AuditHairball	stdout=C:\Users\jimmy\Desktop\meta-bi\Samples\Demos\MetaOrchestrationHairballCliIntegration\Runs\hairball-seed-20260530\RunArtifacts\runs\20260603-184845_ae6b7ebedfd54bb0a97473c44e0b6763\logs\AuditHairball-5112.stdout.log; stderr=C:\Users\jimmy\Desktop\meta-bi\Samples\Demos\MetaOrchestrationHairballCliIntegration\Runs\hairball-seed-20260530\RunArtifacts\runs\20260603-184845_ae6b7ebedfd54bb0a97473c44e0b6763\logs\AuditHairball-5112.stderr.log
2026-06-03T18:49:08.4231737+00:00	WorkerEvent	Layer03Node07	PipelineStarted; ExitCode=0; pipeline started
2026-06-03T18:49:08.4241123+00:00	WorkerEvent	Layer04Node04	WorkerOnline; ExitCode=0; online
2026-06-03T18:49:08.4250801+00:00	WorkerEvent	BridgeL05L06	PipelineStarted; ExitCode=0; pipeline started
2026-06-03T18:49:08.4259924+00:00	WorkerEvent	Layer03Node07.refresh-l03-n07	TaskReady; ExitCode=0; 
2026-06-03T18:49:08.4269741+00:00	WorkerEvent	Layer04Node04	WorkerReady; ExitCode=0; ready
2026-06-03T18:49:08.4321339+00:00	StartPipeline	Layer04Node04	Layer04Node04
2026-06-03T18:49:08.4330986+00:00	WorkerEvent	BridgeL05L06.bridge-l05-l06-collect	TaskReady; ExitCode=0; 
2026-06-03T18:49:08.4338603+00:00	WorkerEvent	Layer02Hub.hub-l02-publish	TaskSucceeded; ExitCode=0; 
2026-06-03T18:49:08.4346210+00:00	TaskSucceeded	Layer02Hub.hub-l02-publish	0
2026-06-03T18:49:08.4353881+00:00	WorkerEvent	Layer06Node09.select-l06-n09	TaskSucceeded; ExitCode=0; 
2026-06-03T18:49:08.4379901+00:00	TaskSucceeded	Layer06Node09.select-l06-n09	0
2026-06-03T18:49:08.4385942+00:00	WorkerProcessExited	Layer02Hub	ExitCode=0; worker process exited
2026-06-03T18:49:08.4404107+00:00	PipelineCompleted	Layer02Hub	
2026-06-03T18:49:08.4411375+00:00	WorkerProcessExited	Layer06Node09	ExitCode=0; worker process exited
2026-06-03T18:49:08.4427979+00:00	PipelineCompleted	Layer06Node09	
2026-06-03T18:49:08.4503127+00:00	GrantTask	Layer03Node07.refresh-l03-n07	Layer03Node07.refresh-l03-n07; GrantId=grant-42; Attempt=1
2026-06-03T18:49:08.4509088+00:00	WorkerStarting	Layer03Node08	meta-pipeline
2026-06-03T18:49:08.6673768+00:00	WorkerStarted	Layer03Node08	6992
2026-06-03T18:49:08.6680367+00:00	WorkerControlPipe	Layer03Node08	meta-orchestration-384b7663e9c44e4b8bfff6e84378d01b
2026-06-03T18:49:08.6688482+00:00	WorkerLog	Layer03Node08	stdout=C:\Users\jimmy\Desktop\meta-bi\Samples\Demos\MetaOrchestrationHairballCliIntegration\Runs\hairball-seed-20260530\RunArtifacts\runs\20260603-184845_ae6b7ebedfd54bb0a97473c44e0b6763\logs\Layer03Node08-6992.stdout.log; stderr=C:\Users\jimmy\Desktop\meta-bi\Samples\Demos\MetaOrchestrationHairballCliIntegration\Runs\hairball-seed-20260530\RunArtifacts\runs\20260603-184845_ae6b7ebedfd54bb0a97473c44e0b6763\logs\Layer03Node08-6992.stderr.log
2026-06-03T18:49:08.6699463+00:00	WorkerEvent	Layer03Node07.refresh-l03-n07	GrantAccepted; ExitCode=0; 
2026-06-03T18:49:08.6713699+00:00	WorkerEvent	AuditHairball	WorkerOnline; ExitCode=0; online
2026-06-03T18:49:08.6760431+00:00	WorkerResuming	BridgeL03L04	ResumeTaskId=BridgeL03L04.bridge-l03-l04-collect; Executable=meta-pipeline
2026-06-03T18:49:08.8457674+00:00	WorkerStarted	BridgeL03L04	12480
2026-06-03T18:49:08.8463415+00:00	WorkerControlPipe	BridgeL03L04	meta-orchestration-8523e0f90fa242a2bb5b6ed0376828ee
2026-06-03T18:49:08.8468781+00:00	WorkerLog	BridgeL03L04	stdout=C:\Users\jimmy\Desktop\meta-bi\Samples\Demos\MetaOrchestrationHairballCliIntegration\Runs\hairball-seed-20260530\RunArtifacts\runs\20260603-184845_ae6b7ebedfd54bb0a97473c44e0b6763\logs\BridgeL03L04-12480.stdout.log; stderr=C:\Users\jimmy\Desktop\meta-bi\Samples\Demos\MetaOrchestrationHairballCliIntegration\Runs\hairball-seed-20260530\RunArtifacts\runs\20260603-184845_ae6b7ebedfd54bb0a97473c44e0b6763\logs\BridgeL03L04-12480.stderr.log
2026-06-03T18:49:08.8474554+00:00	WorkerEvent	Layer03Node07.refresh-l03-n07	TaskStarted; ExitCode=0; 
2026-06-03T18:49:08.8483656+00:00	WorkerEvent	BridgeL01L02.bridge-l01-l02-collect	TaskSucceeded; ExitCode=0; 
2026-06-03T18:49:08.8492859+00:00	TaskSucceeded	BridgeL01L02.bridge-l01-l02-collect	0
2026-06-03T18:49:08.8497724+00:00	WorkerEvent	Layer03Node01	PipelineStarted; ExitCode=0; pipeline started
2026-06-03T18:49:08.8511027+00:00	WorkerEvent	BridgeL01L02.bridge-l01-l02-north	TaskReady; ExitCode=0; 
2026-06-03T18:49:08.8524100+00:00	WorkerEvent	Layer03Node01.select-l03-n01	TaskReady; ExitCode=0; 
2026-06-03T18:49:08.8534605+00:00	WorkerEvent	AuditHairball	WorkerReady; ExitCode=0; ready
2026-06-03T18:49:08.8552551+00:00	StartPipeline	AuditHairball	AuditHairball
2026-06-03T18:49:08.8588924+00:00	WorkerEvent	Layer03Node08	WorkerOnline; ExitCode=0; online
2026-06-03T18:49:08.8859115+00:00	GrantTask	BridgeL01L02.bridge-l01-l02-north	BridgeL01L02.bridge-l01-l02-north; GrantId=grant-43; Attempt=1
2026-06-03T18:49:08.8895559+00:00	GrantTask	Layer03Node01.select-l03-n01	Layer03Node01.select-l03-n01; GrantId=grant-44; Attempt=1
2026-06-03T18:49:08.8900717+00:00	WorkerStarting	Layer08Node07	meta-pipeline
2026-06-03T18:49:09.0949699+00:00	WorkerStarted	Layer08Node07	27796
2026-06-03T18:49:09.0956367+00:00	WorkerControlPipe	Layer08Node07	meta-orchestration-e2a51f73267b471a881f9aa01658f961
2026-06-03T18:49:09.0963473+00:00	WorkerLog	Layer08Node07	stdout=C:\Users\jimmy\Desktop\meta-bi\Samples\Demos\MetaOrchestrationHairballCliIntegration\Runs\hairball-seed-20260530\RunArtifacts\runs\20260603-184845_ae6b7ebedfd54bb0a97473c44e0b6763\logs\Layer08Node07-27796.stdout.log; stderr=C:\Users\jimmy\Desktop\meta-bi\Samples\Demos\MetaOrchestrationHairballCliIntegration\Runs\hairball-seed-20260530\RunArtifacts\runs\20260603-184845_ae6b7ebedfd54bb0a97473c44e0b6763\logs\Layer08Node07-27796.stderr.log
2026-06-03T18:49:09.0972944+00:00	WorkerEvent	BridgeL01L02.bridge-l01-l02-north	GrantAccepted; ExitCode=0; 
2026-06-03T18:49:09.0992923+00:00	WorkerEvent	Layer03Node01.select-l03-n01	GrantAccepted; ExitCode=0; 
2026-06-03T18:49:09.1002541+00:00	WorkerEvent	BridgeL03L04	WorkerOnline; ExitCode=0; online
2026-06-03T18:49:09.1011957+00:00	WorkerEvent	Layer03Node08	WorkerReady; ExitCode=0; ready
2026-06-03T18:49:09.1053747+00:00	StartPipeline	Layer03Node08	Layer03Node08
2026-06-03T18:49:09.1065472+00:00	WorkerEvent	BridgeL01L02.bridge-l01-l02-north	TaskStarted; ExitCode=0; 
2026-06-03T18:49:09.1075317+00:00	WorkerEvent	Layer03Node01.select-l03-n01	TaskStarted; ExitCode=0; 
2026-06-03T18:49:09.1083732+00:00	WorkerEvent	BridgeL03L04	WorkerReady; ExitCode=0; ready
2026-06-03T18:49:09.1179242+00:00	StartPipeline	BridgeL03L04	BridgeL03L04
2026-06-03T18:49:09.1194056+00:00	WorkerEvent	Layer03Hub	PipelineStarted; ExitCode=0; pipeline started
2026-06-03T18:49:09.1206267+00:00	WorkerEvent	BridgeL07L08	PipelineStarted; ExitCode=0; pipeline started
2026-06-03T18:49:09.1219628+00:00	WorkerEvent	Layer03Hub.hub-l03-stage	TaskReady; ExitCode=0; 
2026-06-03T18:49:09.1229211+00:00	WorkerEvent	BridgeL07L08.bridge-l07-l08-collect	TaskReady; ExitCode=0; 
2026-06-03T18:49:09.1261870+00:00	WorkerResuming	CompositeMart	ResumeTaskId=CompositeMart.composite-stage; Executable=meta-pipeline
2026-06-03T18:49:09.3157439+00:00	WorkerStarted	CompositeMart	21708
2026-06-03T18:49:09.3163223+00:00	WorkerControlPipe	CompositeMart	meta-orchestration-4b4d59071d81425c9969434ab12d9750
2026-06-03T18:49:09.3168172+00:00	WorkerLog	CompositeMart	stdout=C:\Users\jimmy\Desktop\meta-bi\Samples\Demos\MetaOrchestrationHairballCliIntegration\Runs\hairball-seed-20260530\RunArtifacts\runs\20260603-184845_ae6b7ebedfd54bb0a97473c44e0b6763\logs\CompositeMart-21708.stdout.log; stderr=C:\Users\jimmy\Desktop\meta-bi\Samples\Demos\MetaOrchestrationHairballCliIntegration\Runs\hairball-seed-20260530\RunArtifacts\runs\20260603-184845_ae6b7ebedfd54bb0a97473c44e0b6763\logs\CompositeMart-21708.stderr.log
2026-06-03T18:49:09.3173799+00:00	WorkerEvent	Layer08Node07	WorkerOnline; ExitCode=0; online
2026-06-03T18:49:09.3228998+00:00	WorkerEvent	Layer08Node07	WorkerReady; ExitCode=0; ready
2026-06-03T18:49:09.3297822+00:00	StartPipeline	Layer08Node07	Layer08Node07
2026-06-03T18:49:09.3611022+00:00	WorkerEvent	CompositeMart	WorkerOnline; ExitCode=0; online
2026-06-03T18:49:09.3661632+00:00	WorkerEvent	CompositeMart	WorkerReady; ExitCode=0; ready
2026-06-03T18:49:09.4060754+00:00	StartPipeline	CompositeMart	CompositeMart
2026-06-03T18:49:09.4332195+00:00	WorkerEvent	BridgeL01L02.bridge-l01-l02-north	TaskSucceeded; ExitCode=0; 
2026-06-03T18:49:09.4342995+00:00	TaskSucceeded	BridgeL01L02.bridge-l01-l02-north	0
2026-06-03T18:49:09.4360689+00:00	WorkerDeferredForCapacity	BridgeL05L06	Deferred by orchestration to honor max active worker process capacity.
2026-06-03T18:49:09.4372811+00:00	StopPipeline	BridgeL05L06	Deferred by orchestration to honor max active worker process capacity.
2026-06-03T18:49:09.4378772+00:00	WorkerEvent	BridgeL01L02.bridge-l01-l02-south	TaskReady; ExitCode=0; 
2026-06-03T18:49:09.4392898+00:00	GrantTask	BridgeL01L02.bridge-l01-l02-south	BridgeL01L02.bridge-l01-l02-south; GrantId=grant-45; Attempt=1
2026-06-03T18:49:09.4397468+00:00	WorkerDeferredForCapacity	BridgeL07L08	Deferred by orchestration to honor max active worker process capacity.
2026-06-03T18:49:09.4401549+00:00	StopPipeline	BridgeL07L08	Deferred by orchestration to honor max active worker process capacity.
2026-06-03T18:49:09.4417287+00:00	WorkerEvent	BridgeL01L02.bridge-l01-l02-south	GrantAccepted; ExitCode=0; 
2026-06-03T18:49:09.4435606+00:00	WorkerDeferredForCapacity	Layer03Hub	Deferred by orchestration to honor max active worker process capacity.
2026-06-03T18:49:09.4440192+00:00	StopPipeline	Layer03Hub	Deferred by orchestration to honor max active worker process capacity.
2026-06-03T18:49:09.4445597+00:00	WorkerEvent	BridgeL01L02.bridge-l01-l02-south	TaskStarted; ExitCode=0; 
2026-06-03T18:49:09.4500629+00:00	WorkerEvent	BridgeL05L06	Closed; ExitCode=-1; worker control channel closed
2026-06-03T18:49:09.4511290+00:00	WorkerDeferred	BridgeL05L06	ResumeTaskId=BridgeL05L06.bridge-l05-l06-collect
2026-06-03T18:49:09.4531914+00:00	WorkerStarting	Layer03Node04	meta-pipeline
2026-06-03T18:49:09.7109719+00:00	WorkerStarted	Layer03Node04	28620
2026-06-03T18:49:09.7117126+00:00	WorkerControlPipe	Layer03Node04	meta-orchestration-00169a6bce314d79bfae3ecd8f16fcaa
2026-06-03T18:49:09.7145477+00:00	WorkerLog	Layer03Node04	stdout=C:\Users\jimmy\Desktop\meta-bi\Samples\Demos\MetaOrchestrationHairballCliIntegration\Runs\hairball-seed-20260530\RunArtifacts\runs\20260603-184845_ae6b7ebedfd54bb0a97473c44e0b6763\logs\Layer03Node04-28620.stdout.log; stderr=C:\Users\jimmy\Desktop\meta-bi\Samples\Demos\MetaOrchestrationHairballCliIntegration\Runs\hairball-seed-20260530\RunArtifacts\runs\20260603-184845_ae6b7ebedfd54bb0a97473c44e0b6763\logs\Layer03Node04-28620.stderr.log
2026-06-03T18:49:09.7287139+00:00	WorkerEvent	Layer03Node07.refresh-l03-n07	TaskSucceeded; ExitCode=0; 
2026-06-03T18:49:09.7296719+00:00	TaskSucceeded	Layer03Node07.refresh-l03-n07	0
2026-06-03T18:49:09.7301355+00:00	WorkerEvent	Layer04Node04	PipelineStarted; ExitCode=0; pipeline started
2026-06-03T18:49:09.7309351+00:00	WorkerEvent	BridgeL01L02.bridge-l01-l02-south	TaskSucceeded; ExitCode=0; 
2026-06-03T18:49:09.7465775+00:00	TaskSucceeded	BridgeL01L02.bridge-l01-l02-south	0
2026-06-03T18:49:09.7470947+00:00	WorkerEvent	Layer04Node04.refresh-l04-n04	TaskReady; ExitCode=0; 
2026-06-03T18:49:09.7480511+00:00	WorkerEvent	Layer03Hub	Closed; ExitCode=-1; worker control channel closed
2026-06-03T18:49:09.7484908+00:00	WorkerProcessExited	Layer03Hub	ExitCode=0; worker control channel closed
2026-06-03T18:49:09.7492054+00:00	WorkerDeferred	Layer03Hub	ResumeTaskId=Layer03Hub.hub-l03-stage
2026-06-03T18:49:09.7496122+00:00	WorkerEvent	BridgeL07L08	Closed; ExitCode=-1; worker control channel closed
2026-06-03T18:49:09.7501667+00:00	WorkerProcessExited	BridgeL07L08	ExitCode=0; worker control channel closed
2026-06-03T18:49:09.7509145+00:00	WorkerDeferred	BridgeL07L08	ResumeTaskId=BridgeL07L08.bridge-l07-l08-collect
2026-06-03T18:49:09.7516466+00:00	WorkerProcessExited	BridgeL05L06	ExitCode=0; worker process exited
2026-06-03T18:49:09.7521839+00:00	WorkerProcessExited	BridgeL01L02	ExitCode=0; worker process exited
2026-06-03T18:49:09.7530172+00:00	PipelineCompleted	BridgeL01L02	
2026-06-03T18:49:09.7535593+00:00	WorkerProcessExited	Layer03Node07	ExitCode=0; worker process exited
2026-06-03T18:49:09.7544693+00:00	PipelineCompleted	Layer03Node07	
2026-06-03T18:49:09.7555620+00:00	GrantTask	Layer04Node04.refresh-l04-n04	Layer04Node04.refresh-l04-n04; GrantId=grant-46; Attempt=1
2026-06-03T18:49:09.7677556+00:00	WorkerStarting	Layer03Node05	meta-pipeline
2026-06-03T18:49:10.0089341+00:00	WorkerStarted	Layer03Node05	20972
2026-06-03T18:49:10.0095708+00:00	WorkerControlPipe	Layer03Node05	meta-orchestration-f75c2787875840b9add75a1dc8bc5004
2026-06-03T18:49:10.0100547+00:00	WorkerLog	Layer03Node05	stdout=C:\Users\jimmy\Desktop\meta-bi\Samples\Demos\MetaOrchestrationHairballCliIntegration\Runs\hairball-seed-20260530\RunArtifacts\runs\20260603-184845_ae6b7ebedfd54bb0a97473c44e0b6763\logs\Layer03Node05-20972.stdout.log; stderr=C:\Users\jimmy\Desktop\meta-bi\Samples\Demos\MetaOrchestrationHairballCliIntegration\Runs\hairball-seed-20260530\RunArtifacts\runs\20260603-184845_ae6b7ebedfd54bb0a97473c44e0b6763\logs\Layer03Node05-20972.stderr.log
2026-06-03T18:49:10.0105700+00:00	WorkerEvent	Layer04Node04.refresh-l04-n04	GrantAccepted; ExitCode=0; 
2026-06-03T18:49:10.0115106+00:00	WorkerEvent	Layer03Node01.select-l03-n01	TaskSucceeded; ExitCode=0; 
2026-06-03T18:49:10.0123362+00:00	TaskSucceeded	Layer03Node01.select-l03-n01	0
2026-06-03T18:49:10.0127913+00:00	WorkerEvent	Layer04Node04.refresh-l04-n04	TaskStarted; ExitCode=0; 
2026-06-03T18:49:10.0137106+00:00	WorkerEvent	Layer03Node04	WorkerOnline; ExitCode=0; online
2026-06-03T18:49:10.0146338+00:00	WorkerProcessExited	Layer03Node01	ExitCode=0; worker process exited
2026-06-03T18:49:10.0165138+00:00	PipelineCompleted	Layer03Node01	
2026-06-03T18:49:10.0170429+00:00	WorkerEvent	Layer03Node04	WorkerReady; ExitCode=0; ready
2026-06-03T18:49:10.0416888+00:00	StartPipeline	Layer03Node04	Layer03Node04
2026-06-03T18:49:10.0489808+00:00	WorkerStarting	Layer04Node06	meta-pipeline
2026-06-03T18:49:10.2226805+00:00	WorkerStarted	Layer04Node06	22236
2026-06-03T18:49:10.2232925+00:00	WorkerControlPipe	Layer04Node06	meta-orchestration-123a4e8df2394503858d5f335a9e999c
2026-06-03T18:49:10.2237604+00:00	WorkerLog	Layer04Node06	stdout=C:\Users\jimmy\Desktop\meta-bi\Samples\Demos\MetaOrchestrationHairballCliIntegration\Runs\hairball-seed-20260530\RunArtifacts\runs\20260603-184845_ae6b7ebedfd54bb0a97473c44e0b6763\logs\Layer04Node06-22236.stdout.log; stderr=C:\Users\jimmy\Desktop\meta-bi\Samples\Demos\MetaOrchestrationHairballCliIntegration\Runs\hairball-seed-20260530\RunArtifacts\runs\20260603-184845_ae6b7ebedfd54bb0a97473c44e0b6763\logs\Layer04Node06-22236.stderr.log
2026-06-03T18:49:10.2244001+00:00	WorkerEvent	AuditHairball	PipelineStarted; ExitCode=0; pipeline started
2026-06-03T18:49:10.2254639+00:00	WorkerEvent	Layer03Node05	WorkerOnline; ExitCode=0; online
2026-06-03T18:49:10.2265916+00:00	WorkerEvent	AuditHairball.audit-hairball	TaskReady; ExitCode=0; 
2026-06-03T18:49:10.2279834+00:00	WorkerStarting	Layer04Node09	meta-pipeline
2026-06-03T18:49:10.4154618+00:00	WorkerStarted	Layer04Node09	7108
2026-06-03T18:49:10.4166420+00:00	WorkerControlPipe	Layer04Node09	meta-orchestration-7c1203e81edc4eb1bf8c1812e7d963b3
2026-06-03T18:49:10.4205231+00:00	WorkerLog	Layer04Node09	stdout=C:\Users\jimmy\Desktop\meta-bi\Samples\Demos\MetaOrchestrationHairballCliIntegration\Runs\hairball-seed-20260530\RunArtifacts\runs\20260603-184845_ae6b7ebedfd54bb0a97473c44e0b6763\logs\Layer04Node09-7108.stdout.log; stderr=C:\Users\jimmy\Desktop\meta-bi\Samples\Demos\MetaOrchestrationHairballCliIntegration\Runs\hairball-seed-20260530\RunArtifacts\runs\20260603-184845_ae6b7ebedfd54bb0a97473c44e0b6763\logs\Layer04Node09-7108.stderr.log
2026-06-03T18:49:10.4211548+00:00	WorkerEvent	Layer04Node06	WorkerOnline; ExitCode=0; online
2026-06-03T18:49:10.4223793+00:00	WorkerEvent	Layer03Node08	PipelineStarted; ExitCode=0; pipeline started
2026-06-03T18:49:10.4264225+00:00	WorkerEvent	Layer04Node06	WorkerReady; ExitCode=0; ready
2026-06-03T18:49:10.4365395+00:00	StartPipeline	Layer04Node06	Layer04Node06
2026-06-03T18:49:10.4391252+00:00	WorkerEvent	Layer03Node08.export-l03-n08	TaskReady; ExitCode=0; 
2026-06-03T18:49:10.4399827+00:00	WorkerEvent	Layer03Node05	WorkerReady; ExitCode=0; ready
2026-06-03T18:49:10.4409254+00:00	StartPipeline	Layer03Node05	Layer03Node05
2026-06-03T18:49:10.4494323+00:00	GrantTask	Layer03Node08.export-l03-n08	Layer03Node08.export-l03-n08; GrantId=grant-47; Attempt=1
2026-06-03T18:49:10.4560079+00:00	WorkerStarting	Layer07Node02	meta-pipeline
2026-06-03T18:49:10.6987132+00:00	WorkerStarted	Layer07Node02	9484
2026-06-03T18:49:10.6992218+00:00	WorkerControlPipe	Layer07Node02	meta-orchestration-9636c4054e1f46e397cfed214bef9fe8
2026-06-03T18:49:10.6996585+00:00	WorkerLog	Layer07Node02	stdout=C:\Users\jimmy\Desktop\meta-bi\Samples\Demos\MetaOrchestrationHairballCliIntegration\Runs\hairball-seed-20260530\RunArtifacts\runs\20260603-184845_ae6b7ebedfd54bb0a97473c44e0b6763\logs\Layer07Node02-9484.stdout.log; stderr=C:\Users\jimmy\Desktop\meta-bi\Samples\Demos\MetaOrchestrationHairballCliIntegration\Runs\hairball-seed-20260530\RunArtifacts\runs\20260603-184845_ae6b7ebedfd54bb0a97473c44e0b6763\logs\Layer07Node02-9484.stderr.log
2026-06-03T18:49:10.7003251+00:00	WorkerEvent	Layer08Node07	PipelineStarted; ExitCode=0; pipeline started
2026-06-03T18:49:10.7045627+00:00	WorkerEvent	BridgeL03L04	PipelineStarted; ExitCode=0; pipeline started
2026-06-03T18:49:10.7088938+00:00	WorkerEvent	Layer08Node07.select-l08-n07	TaskReady; ExitCode=0; 
2026-06-03T18:49:10.7099679+00:00	WorkerEvent	Layer03Node08.export-l03-n08	GrantAccepted; ExitCode=0; 
2026-06-03T18:49:10.7108914+00:00	WorkerEvent	Layer04Node09	WorkerOnline; ExitCode=0; online
2026-06-03T18:49:10.7336753+00:00	WorkerEvent	BridgeL03L04.bridge-l03-l04-collect	TaskReady; ExitCode=0; 
2026-06-03T18:49:10.7459936+00:00	WorkerEvent	Layer07Node02	WorkerOnline; ExitCode=0; online
2026-06-03T18:49:10.7470796+00:00	WorkerEvent	Layer03Node08.export-l03-n08	TaskStarted; ExitCode=0; 
2026-06-03T18:49:10.7480287+00:00	WorkerEvent	Layer04Node09	WorkerReady; ExitCode=0; ready
2026-06-03T18:49:10.7489856+00:00	StartPipeline	Layer04Node09	Layer04Node09
2026-06-03T18:49:10.7639104+00:00	GrantTask	Layer08Node07.select-l08-n07	Layer08Node07.select-l08-n07; GrantId=grant-48; Attempt=1
2026-06-03T18:49:10.7645212+00:00	WorkerResuming	BridgeL05L06	ResumeTaskId=BridgeL05L06.bridge-l05-l06-collect; Executable=meta-pipeline
2026-06-03T18:49:11.0089756+00:00	WorkerStarted	BridgeL05L06	26444
2026-06-03T18:49:11.0096918+00:00	WorkerControlPipe	BridgeL05L06	meta-orchestration-e2649fa2588f4d5db7be3a2c1dc59b75
2026-06-03T18:49:11.0101332+00:00	WorkerLog	BridgeL05L06	stdout=C:\Users\jimmy\Desktop\meta-bi\Samples\Demos\MetaOrchestrationHairballCliIntegration\Runs\hairball-seed-20260530\RunArtifacts\runs\20260603-184845_ae6b7ebedfd54bb0a97473c44e0b6763\logs\BridgeL05L06-26444.stdout.log; stderr=C:\Users\jimmy\Desktop\meta-bi\Samples\Demos\MetaOrchestrationHairballCliIntegration\Runs\hairball-seed-20260530\RunArtifacts\runs\20260603-184845_ae6b7ebedfd54bb0a97473c44e0b6763\logs\BridgeL05L06-26444.stderr.log
2026-06-03T18:49:11.0107840+00:00	WorkerEvent	Layer04Node04.refresh-l04-n04	TaskSucceeded; ExitCode=0; 
2026-06-03T18:49:11.0116433+00:00	TaskSucceeded	Layer04Node04.refresh-l04-n04	0
2026-06-03T18:49:11.0124896+00:00	WorkerEvent	Layer07Node02	WorkerReady; ExitCode=0; ready
2026-06-03T18:49:11.0147453+00:00	StartPipeline	Layer07Node02	Layer07Node02
2026-06-03T18:49:11.0157662+00:00	WorkerEvent	Layer08Node07.select-l08-n07	GrantAccepted; ExitCode=0; 
2026-06-03T18:49:11.0166602+00:00	WorkerProcessExited	Layer04Node04	ExitCode=0; worker process exited
2026-06-03T18:49:11.0381361+00:00	PipelineCompleted	Layer04Node04	
2026-06-03T18:49:11.0386453+00:00	WorkerEvent	Layer08Node07.select-l08-n07	TaskStarted; ExitCode=0; 
2026-06-03T18:49:11.0503610+00:00	WorkerResuming	BridgeL07L08	ResumeTaskId=BridgeL07L08.bridge-l07-l08-collect; Executable=meta-pipeline
2026-06-03T18:49:11.2579392+00:00	WorkerStarted	BridgeL07L08	22524
2026-06-03T18:49:11.2586111+00:00	WorkerControlPipe	BridgeL07L08	meta-orchestration-344ce5ec6fd7493abb6c19aed0c02704
2026-06-03T18:49:11.2590703+00:00	WorkerLog	BridgeL07L08	stdout=C:\Users\jimmy\Desktop\meta-bi\Samples\Demos\MetaOrchestrationHairballCliIntegration\Runs\hairball-seed-20260530\RunArtifacts\runs\20260603-184845_ae6b7ebedfd54bb0a97473c44e0b6763\logs\BridgeL07L08-22524.stdout.log; stderr=C:\Users\jimmy\Desktop\meta-bi\Samples\Demos\MetaOrchestrationHairballCliIntegration\Runs\hairball-seed-20260530\RunArtifacts\runs\20260603-184845_ae6b7ebedfd54bb0a97473c44e0b6763\logs\BridgeL07L08-22524.stderr.log
2026-06-03T18:49:11.2596630+00:00	WorkerEvent	BridgeL05L06	WorkerOnline; ExitCode=0; online
2026-06-03T18:49:11.2611389+00:00	WorkerEvent	CompositeMart	PipelineStarted; ExitCode=0; pipeline started
2026-06-03T18:49:11.2628529+00:00	WorkerEvent	BridgeL05L06	WorkerReady; ExitCode=0; ready
2026-06-03T18:49:11.2729632+00:00	StartPipeline	BridgeL05L06	BridgeL05L06
2026-06-03T18:49:11.2738852+00:00	WorkerEvent	CompositeMart.composite-stage	TaskReady; ExitCode=0; 
2026-06-03T18:49:11.2746836+00:00	WorkerEvent	Layer03Node04	PipelineStarted; ExitCode=0; pipeline started
2026-06-03T18:49:11.2872206+00:00	WorkerEvent	Layer03Node04.select-l03-n04	TaskReady; ExitCode=0; 
2026-06-03T18:49:11.2908418+00:00	GrantTask	Layer03Node04.select-l03-n04	Layer03Node04.select-l03-n04; GrantId=grant-49; Attempt=1
2026-06-03T18:49:11.3023730+00:00	WorkerEvent	BridgeL07L08	WorkerOnline; ExitCode=0; online
2026-06-03T18:49:11.3139162+00:00	WorkerEvent	BridgeL07L08	WorkerReady; ExitCode=0; ready
2026-06-03T18:49:11.3259540+00:00	StartPipeline	BridgeL07L08	BridgeL07L08
2026-06-03T18:49:11.3275864+00:00	WorkerEvent	Layer03Node04.select-l03-n04	GrantAccepted; ExitCode=0; 
2026-06-03T18:49:11.3318343+00:00	WorkerEvent	Layer03Node04.select-l03-n04	TaskStarted; ExitCode=0; 
2026-06-03T18:49:11.6390562+00:00	WorkerEvent	Layer04Node06	PipelineStarted; ExitCode=0; pipeline started
2026-06-03T18:49:11.6429947+00:00	WorkerEvent	Layer04Node06.refresh-l04-n06	TaskReady; ExitCode=0; 
2026-06-03T18:49:11.6474451+00:00	GrantTask	Layer04Node06.refresh-l04-n06	Layer04Node06.refresh-l04-n06; GrantId=grant-50; Attempt=1
2026-06-03T18:49:11.6525611+00:00	WorkerEvent	Layer04Node06.refresh-l04-n06	GrantAccepted; ExitCode=0; 
2026-06-03T18:49:11.6753634+00:00	WorkerEvent	Layer04Node06.refresh-l04-n06	TaskStarted; ExitCode=0; 
2026-06-03T18:49:11.6762346+00:00	WorkerEvent	Layer03Node05	PipelineStarted; ExitCode=0; pipeline started
2026-06-03T18:49:11.6887175+00:00	WorkerEvent	Layer03Node05.select-l03-n05	TaskReady; ExitCode=0; 
2026-06-03T18:49:11.6924995+00:00	GrantTask	Layer03Node05.select-l03-n05	Layer03Node05.select-l03-n05; GrantId=grant-51; Attempt=1
2026-06-03T18:49:11.6982185+00:00	WorkerEvent	Layer03Node05.select-l03-n05	GrantAccepted; ExitCode=0; 
2026-06-03T18:49:11.7040895+00:00	WorkerEvent	Layer03Node05.select-l03-n05	TaskStarted; ExitCode=0; 
2026-06-03T18:49:11.9271893+00:00	WorkerEvent	Layer08Node07.select-l08-n07	TaskSucceeded; ExitCode=0; 
2026-06-03T18:49:11.9287041+00:00	TaskSucceeded	Layer08Node07.select-l08-n07	0
2026-06-03T18:49:11.9293476+00:00	WorkerEvent	Layer08Node07	Closed; ExitCode=-1; worker control channel closed
2026-06-03T18:49:11.9305912+00:00	PipelineCompleted	Layer08Node07	
2026-06-03T18:49:11.9331737+00:00	WorkerResuming	Layer03Hub	ResumeTaskId=Layer03Hub.hub-l03-stage; Executable=meta-pipeline
2026-06-03T18:49:12.1575006+00:00	WorkerStarted	Layer03Hub	7632
2026-06-03T18:49:12.1596666+00:00	WorkerControlPipe	Layer03Hub	meta-orchestration-0e4be8e654e745708836f6e56cf53329
2026-06-03T18:49:12.1625301+00:00	WorkerLog	Layer03Hub	stdout=C:\Users\jimmy\Desktop\meta-bi\Samples\Demos\MetaOrchestrationHairballCliIntegration\Runs\hairball-seed-20260530\RunArtifacts\runs\20260603-184845_ae6b7ebedfd54bb0a97473c44e0b6763\logs\Layer03Hub-7632.stdout.log; stderr=C:\Users\jimmy\Desktop\meta-bi\Samples\Demos\MetaOrchestrationHairballCliIntegration\Runs\hairball-seed-20260530\RunArtifacts\runs\20260603-184845_ae6b7ebedfd54bb0a97473c44e0b6763\logs\Layer03Hub-7632.stderr.log
2026-06-03T18:49:12.1638556+00:00	WorkerEvent	Layer03Node08.export-l03-n08	TaskSucceeded; ExitCode=0; 
2026-06-03T18:49:12.1647799+00:00	TaskSucceeded	Layer03Node08.export-l03-n08	0
2026-06-03T18:49:12.1652753+00:00	WorkerEvent	Layer04Node09	PipelineStarted; ExitCode=0; pipeline started
2026-06-03T18:49:12.1663233+00:00	WorkerProcessExited	Layer08Node07	ExitCode=0; worker process exited
2026-06-03T18:49:12.1705187+00:00	WorkerProcessExited	Layer03Node08	ExitCode=0; worker process exited
2026-06-03T18:49:12.1714820+00:00	PipelineCompleted	Layer03Node08	
2026-06-03T18:49:12.1750574+00:00	WorkerStarting	Layer04Node07	meta-pipeline
2026-06-03T18:49:12.3632246+00:00	WorkerStarted	Layer04Node07	2948
2026-06-03T18:49:12.3637510+00:00	WorkerControlPipe	Layer04Node07	meta-orchestration-6809efb358bb48879c2b9ae720ad4249
2026-06-03T18:49:12.3641750+00:00	WorkerLog	Layer04Node07	stdout=C:\Users\jimmy\Desktop\meta-bi\Samples\Demos\MetaOrchestrationHairballCliIntegration\Runs\hairball-seed-20260530\RunArtifacts\runs\20260603-184845_ae6b7ebedfd54bb0a97473c44e0b6763\logs\Layer04Node07-2948.stdout.log; stderr=C:\Users\jimmy\Desktop\meta-bi\Samples\Demos\MetaOrchestrationHairballCliIntegration\Runs\hairball-seed-20260530\RunArtifacts\runs\20260603-184845_ae6b7ebedfd54bb0a97473c44e0b6763\logs\Layer04Node07-2948.stderr.log
2026-06-03T18:49:12.3646660+00:00	WorkerEvent	Layer07Node02	PipelineStarted; ExitCode=0; pipeline started
2026-06-03T18:49:12.3656874+00:00	WorkerEvent	Layer04Node06.refresh-l04-n06	TaskSucceeded; ExitCode=0; 
2026-06-03T18:49:12.3666991+00:00	TaskSucceeded	Layer04Node06.refresh-l04-n06	0
2026-06-03T18:49:12.3673381+00:00	WorkerEvent	Layer03Hub	WorkerOnline; ExitCode=0; online
2026-06-03T18:49:12.3684539+00:00	WorkerEvent	Layer07Node02.select-l07-n02	TaskReady; ExitCode=0; 
2026-06-03T18:49:12.3697742+00:00	WorkerEvent	Layer03Hub	WorkerReady; ExitCode=0; ready
2026-06-03T18:49:12.3768423+00:00	StartPipeline	Layer03Hub	Layer03Hub
2026-06-03T18:49:12.3778671+00:00	WorkerEvent	Layer03Node04.select-l03-n04	TaskSucceeded; ExitCode=0; 
2026-06-03T18:49:12.3786341+00:00	TaskSucceeded	Layer03Node04.select-l03-n04	0
2026-06-03T18:49:12.3793334+00:00	WorkerEvent	Layer04Node09.select-l04-n09	TaskReady; ExitCode=0; 
2026-06-03T18:49:12.3806438+00:00	WorkerProcessExited	Layer04Node06	ExitCode=0; worker process exited
2026-06-03T18:49:12.3824273+00:00	PipelineCompleted	Layer04Node06	
2026-06-03T18:49:12.3840628+00:00	WorkerProcessExited	Layer03Node04	ExitCode=0; worker process exited
2026-06-03T18:49:12.3854975+00:00	PipelineCompleted	Layer03Node04	
2026-06-03T18:49:12.3885534+00:00	GrantTask	Layer04Node09.select-l04-n09	Layer04Node09.select-l04-n09; GrantId=grant-52; Attempt=1
2026-06-03T18:49:12.3894006+00:00	GrantTask	Layer07Node02.select-l07-n02	Layer07Node02.select-l07-n02; GrantId=grant-53; Attempt=1
2026-06-03T18:49:12.3898763+00:00	WorkerStarting	Layer04Hub	meta-pipeline
2026-06-03T18:49:12.5355618+00:00	WorkerStarted	Layer04Hub	27460
2026-06-03T18:49:12.5360406+00:00	WorkerControlPipe	Layer04Hub	meta-orchestration-768bec215ddc4c7a9771141664eb36c6
2026-06-03T18:49:12.5364679+00:00	WorkerLog	Layer04Hub	stdout=C:\Users\jimmy\Desktop\meta-bi\Samples\Demos\MetaOrchestrationHairballCliIntegration\Runs\hairball-seed-20260530\RunArtifacts\runs\20260603-184845_ae6b7ebedfd54bb0a97473c44e0b6763\logs\Layer04Hub-27460.stdout.log; stderr=C:\Users\jimmy\Desktop\meta-bi\Samples\Demos\MetaOrchestrationHairballCliIntegration\Runs\hairball-seed-20260530\RunArtifacts\runs\20260603-184845_ae6b7ebedfd54bb0a97473c44e0b6763\logs\Layer04Hub-27460.stderr.log
2026-06-03T18:49:12.5369994+00:00	WorkerEvent	Layer07Node02.select-l07-n02	GrantAccepted; ExitCode=0; 
2026-06-03T18:49:12.5381050+00:00	WorkerEvent	Layer04Node07	WorkerOnline; ExitCode=0; online
2026-06-03T18:49:12.5391071+00:00	WorkerEvent	Layer07Node02.select-l07-n02	TaskStarted; ExitCode=0; 
2026-06-03T18:49:12.5403245+00:00	WorkerEvent	Layer04Node07	WorkerReady; ExitCode=0; ready
2026-06-03T18:49:12.5432654+00:00	StartPipeline	Layer04Node07	Layer04Node07
2026-06-03T18:49:12.5442311+00:00	WorkerEvent	Layer04Node09.select-l04-n09	GrantAccepted; ExitCode=0; 
2026-06-03T18:49:12.5452045+00:00	WorkerEvent	Layer03Node05.select-l03-n05	TaskSucceeded; ExitCode=0; 
2026-06-03T18:49:12.5477590+00:00	TaskSucceeded	Layer03Node05.select-l03-n05	0
2026-06-03T18:49:12.5482723+00:00	WorkerEvent	Layer04Node09.select-l04-n09	TaskStarted; ExitCode=0; 
2026-06-03T18:49:12.5491142+00:00	WorkerProcessExited	Layer03Node05	ExitCode=0; worker process exited
2026-06-03T18:49:12.5511668+00:00	PipelineCompleted	Layer03Node05	
2026-06-03T18:49:12.5531727+00:00	WorkerStarting	Layer06Node03	meta-pipeline
2026-06-03T18:49:12.6914939+00:00	WorkerStarted	Layer06Node03	28800
2026-06-03T18:49:12.6920047+00:00	WorkerControlPipe	Layer06Node03	meta-orchestration-1375118ca9cc46b28eab22718e9d987a
2026-06-03T18:49:12.6924506+00:00	WorkerLog	Layer06Node03	stdout=C:\Users\jimmy\Desktop\meta-bi\Samples\Demos\MetaOrchestrationHairballCliIntegration\Runs\hairball-seed-20260530\RunArtifacts\runs\20260603-184845_ae6b7ebedfd54bb0a97473c44e0b6763\logs\Layer06Node03-28800.stdout.log; stderr=C:\Users\jimmy\Desktop\meta-bi\Samples\Demos\MetaOrchestrationHairballCliIntegration\Runs\hairball-seed-20260530\RunArtifacts\runs\20260603-184845_ae6b7ebedfd54bb0a97473c44e0b6763\logs\Layer06Node03-28800.stderr.log
2026-06-03T18:49:12.6929640+00:00	WorkerEvent	Layer04Hub	WorkerOnline; ExitCode=0; online
2026-06-03T18:49:12.6960309+00:00	WorkerStarting	Layer04Node01	meta-pipeline
2026-06-03T18:49:12.9362189+00:00	WorkerStarted	Layer04Node01	1748
2026-06-03T18:49:12.9367974+00:00	WorkerControlPipe	Layer04Node01	meta-orchestration-6027b7381b99415b929f8fc81c089a25
2026-06-03T18:49:12.9372121+00:00	WorkerLog	Layer04Node01	stdout=C:\Users\jimmy\Desktop\meta-bi\Samples\Demos\MetaOrchestrationHairballCliIntegration\Runs\hairball-seed-20260530\RunArtifacts\runs\20260603-184845_ae6b7ebedfd54bb0a97473c44e0b6763\logs\Layer04Node01-1748.stdout.log; stderr=C:\Users\jimmy\Desktop\meta-bi\Samples\Demos\MetaOrchestrationHairballCliIntegration\Runs\hairball-seed-20260530\RunArtifacts\runs\20260603-184845_ae6b7ebedfd54bb0a97473c44e0b6763\logs\Layer04Node01-1748.stderr.log
2026-06-03T18:49:12.9377602+00:00	WorkerEvent	BridgeL05L06	PipelineStarted; ExitCode=0; pipeline started
2026-06-03T18:49:12.9386032+00:00	WorkerEvent	BridgeL07L08	PipelineStarted; ExitCode=0; pipeline started
2026-06-03T18:49:12.9394295+00:00	WorkerEvent	Layer04Hub	WorkerReady; ExitCode=0; ready
2026-06-03T18:49:12.9404031+00:00	StartPipeline	Layer04Hub	Layer04Hub
2026-06-03T18:49:12.9413004+00:00	WorkerEvent	BridgeL05L06.bridge-l05-l06-collect	TaskReady; ExitCode=0; 
2026-06-03T18:49:12.9422212+00:00	WorkerEvent	BridgeL07L08.bridge-l07-l08-collect	TaskReady; ExitCode=0; 
2026-06-03T18:49:12.9430777+00:00	WorkerEvent	Layer06Node03	WorkerOnline; ExitCode=0; online
2026-06-03T18:49:12.9459877+00:00	WorkerEvent	Layer06Node03	WorkerReady; ExitCode=0; ready
2026-06-03T18:49:12.9571899+00:00	StartPipeline	Layer06Node03	Layer06Node03
2026-06-03T18:49:12.9800279+00:00	WorkerEvent	Layer04Node01	WorkerOnline; ExitCode=0; online
2026-06-03T18:49:12.9870121+00:00	WorkerEvent	Layer04Node01	WorkerReady; ExitCode=0; ready
2026-06-03T18:49:12.9908529+00:00	StartPipeline	Layer04Node01	Layer04Node01
2026-06-03T18:49:13.2728053+00:00	WorkerEvent	Layer04Node09.select-l04-n09	TaskSucceeded; ExitCode=0; 
2026-06-03T18:49:13.2743860+00:00	TaskSucceeded	Layer04Node09.select-l04-n09	0
2026-06-03T18:49:13.2753294+00:00	WorkerEvent	Layer04Node09	Closed; ExitCode=-1; worker control channel closed
2026-06-03T18:49:13.2762037+00:00	PipelineCompleted	Layer04Node09	
2026-06-03T18:49:13.2875271+00:00	WorkerStarting	Layer04Node02	meta-pipeline
2026-06-03T18:49:13.4785090+00:00	WorkerStarted	Layer04Node02	27388
2026-06-03T18:49:13.4791227+00:00	WorkerControlPipe	Layer04Node02	meta-orchestration-eaa00dc335cc4d0da040053ef74bafa3
2026-06-03T18:49:13.4797220+00:00	WorkerLog	Layer04Node02	stdout=C:\Users\jimmy\Desktop\meta-bi\Samples\Demos\MetaOrchestrationHairballCliIntegration\Runs\hairball-seed-20260530\RunArtifacts\runs\20260603-184845_ae6b7ebedfd54bb0a97473c44e0b6763\logs\Layer04Node02-27388.stdout.log; stderr=C:\Users\jimmy\Desktop\meta-bi\Samples\Demos\MetaOrchestrationHairballCliIntegration\Runs\hairball-seed-20260530\RunArtifacts\runs\20260603-184845_ae6b7ebedfd54bb0a97473c44e0b6763\logs\Layer04Node02-27388.stderr.log
2026-06-03T18:49:13.4803239+00:00	WorkerEvent	Layer07Node02.select-l07-n02	TaskSucceeded; ExitCode=0; 
2026-06-03T18:49:13.4812324+00:00	TaskSucceeded	Layer07Node02.select-l07-n02	0
2026-06-03T18:49:13.4817135+00:00	WorkerProcessExited	Layer07Node02	ExitCode=0; worker process exited
2026-06-03T18:49:13.4849237+00:00	PipelineCompleted	Layer07Node02	
2026-06-03T18:49:13.4855233+00:00	WorkerProcessExited	Layer04Node09	ExitCode=0; worker process exited
2026-06-03T18:49:13.4878266+00:00	WorkerStarting	Layer04Node05	meta-pipeline
2026-06-03T18:49:13.6290094+00:00	WorkerStarted	Layer04Node05	31148
2026-06-03T18:49:13.6294606+00:00	WorkerControlPipe	Layer04Node05	meta-orchestration-96e62a57b0314a869a43f22aebe6cfa3
2026-06-03T18:49:13.6299056+00:00	WorkerLog	Layer04Node05	stdout=C:\Users\jimmy\Desktop\meta-bi\Samples\Demos\MetaOrchestrationHairballCliIntegration\Runs\hairball-seed-20260530\RunArtifacts\runs\20260603-184845_ae6b7ebedfd54bb0a97473c44e0b6763\logs\Layer04Node05-31148.stdout.log; stderr=C:\Users\jimmy\Desktop\meta-bi\Samples\Demos\MetaOrchestrationHairballCliIntegration\Runs\hairball-seed-20260530\RunArtifacts\runs\20260603-184845_ae6b7ebedfd54bb0a97473c44e0b6763\logs\Layer04Node05-31148.stderr.log
2026-06-03T18:49:13.6304939+00:00	WorkerEvent	Layer04Node07	PipelineStarted; ExitCode=0; pipeline started
2026-06-03T18:49:13.6316555+00:00	WorkerEvent	Layer04Node02	WorkerOnline; ExitCode=0; online
2026-06-03T18:49:13.6328560+00:00	WorkerEvent	Layer04Node07.refresh-l04-n07	TaskReady; ExitCode=0; 
2026-06-03T18:49:13.6339845+00:00	WorkerEvent	Layer04Node02	WorkerReady; ExitCode=0; ready
2026-06-03T18:49:13.6387665+00:00	StartPipeline	Layer04Node02	Layer04Node02
2026-06-03T18:49:13.6415965+00:00	GrantTask	Layer04Node07.refresh-l04-n07	Layer04Node07.refresh-l04-n07; GrantId=grant-54; Attempt=1
2026-06-03T18:49:13.6421575+00:00	WorkerEvent	Layer04Node07.refresh-l04-n07	GrantAccepted; ExitCode=0; 
2026-06-03T18:49:13.6446244+00:00	WorkerEvent	Layer04Node07.refresh-l04-n07	TaskStarted; ExitCode=0; 
2026-06-03T18:49:13.6598133+00:00	WorkerEvent	Layer04Node05	WorkerOnline; ExitCode=0; online
2026-06-03T18:49:13.6640912+00:00	WorkerEvent	Layer04Node05	WorkerReady; ExitCode=0; ready
2026-06-03T18:49:13.6679948+00:00	StartPipeline	Layer04Node05	Layer04Node05
2026-06-03T18:49:13.7608295+00:00	WorkerEvent	Layer03Hub	PipelineStarted; ExitCode=0; pipeline started
2026-06-03T18:49:13.7659769+00:00	WorkerEvent	Layer03Hub.hub-l03-stage	TaskReady; ExitCode=0; 
2026-06-03T18:49:13.7698697+00:00	GrantTask	Layer03Hub.hub-l03-stage	Layer03Hub.hub-l03-stage; GrantId=grant-55; Attempt=1
2026-06-03T18:49:13.7719998+00:00	WorkerEvent	Layer03Hub.hub-l03-stage	GrantAccepted; ExitCode=0; 
2026-06-03T18:49:13.7744776+00:00	WorkerEvent	Layer03Hub.hub-l03-stage	TaskStarted; ExitCode=0; 
2026-06-03T18:49:13.9119036+00:00	WorkerEvent	Layer04Node01	PipelineStarted; ExitCode=0; pipeline started
2026-06-03T18:49:13.9145358+00:00	WorkerEvent	Layer04Node01.refresh-l04-n01	TaskReady; ExitCode=0; 
2026-06-03T18:49:13.9447561+00:00	WorkerEvent	Layer06Node03	PipelineStarted; ExitCode=0; pipeline started
2026-06-03T18:49:13.9476593+00:00	WorkerEvent	Layer06Node03.select-l06-n03	TaskReady; ExitCode=0; 
2026-06-03T18:49:13.9526393+00:00	GrantTask	Layer06Node03.select-l06-n03	Layer06Node03.select-l06-n03; GrantId=grant-56; Attempt=1
2026-06-03T18:49:13.9546170+00:00	WorkerEvent	Layer06Node03.select-l06-n03	GrantAccepted; ExitCode=0; 
2026-06-03T18:49:13.9574939+00:00	WorkerEvent	Layer06Node03.select-l06-n03	TaskStarted; ExitCode=0; 
2026-06-03T18:49:14.1391435+00:00	WorkerEvent	Layer04Hub	PipelineStarted; ExitCode=0; pipeline started
2026-06-03T18:49:14.1422441+00:00	WorkerEvent	Layer04Hub.hub-l04-stage	TaskReady; ExitCode=0; 
2026-06-03T18:49:14.1639655+00:00	WorkerEvent	Layer04Node07.refresh-l04-n07	TaskSucceeded; ExitCode=0; 
2026-06-03T18:49:14.1649831+00:00	TaskSucceeded	Layer04Node07.refresh-l04-n07	0
2026-06-03T18:49:14.1683507+00:00	WorkerEvent	Layer04Node07	Closed; ExitCode=-1; worker control channel closed
2026-06-03T18:49:14.1693368+00:00	PipelineCompleted	Layer04Node07	
2026-06-03T18:49:14.1714873+00:00	WorkerStarting	Layer04Node08	meta-pipeline
2026-06-03T18:49:14.2920322+00:00	WorkerStarted	Layer04Node08	26308
2026-06-03T18:49:14.2925211+00:00	WorkerControlPipe	Layer04Node08	meta-orchestration-2435e4a23adb44ef8d3cd33e14e87b1c
2026-06-03T18:49:14.2929172+00:00	WorkerLog	Layer04Node08	stdout=C:\Users\jimmy\Desktop\meta-bi\Samples\Demos\MetaOrchestrationHairballCliIntegration\Runs\hairball-seed-20260530\RunArtifacts\runs\20260603-184845_ae6b7ebedfd54bb0a97473c44e0b6763\logs\Layer04Node08-26308.stdout.log; stderr=C:\Users\jimmy\Desktop\meta-bi\Samples\Demos\MetaOrchestrationHairballCliIntegration\Runs\hairball-seed-20260530\RunArtifacts\runs\20260603-184845_ae6b7ebedfd54bb0a97473c44e0b6763\logs\Layer04Node08-26308.stderr.log
2026-06-03T18:49:14.2934801+00:00	WorkerProcessExited	Layer04Node07	ExitCode=0; worker process exited
2026-06-03T18:49:14.3110647+00:00	WorkerEvent	Layer03Hub.hub-l03-stage	TaskSucceeded; ExitCode=0; 
2026-06-03T18:49:14.3127422+00:00	TaskSucceeded	Layer03Hub.hub-l03-stage	0
2026-06-03T18:49:14.3186727+00:00	GrantTask	Layer04Node01.refresh-l04-n01	Layer04Node01.refresh-l04-n01; GrantId=grant-57; Attempt=1
2026-06-03T18:49:14.3213396+00:00	WorkerDeferredForCapacity	AuditHairball	Deferred by orchestration to honor max active worker process capacity.
2026-06-03T18:49:14.3220386+00:00	StopPipeline	AuditHairball	Deferred by orchestration to honor max active worker process capacity.
2026-06-03T18:49:14.3226682+00:00	WorkerEvent	Layer04Node01.refresh-l04-n01	GrantAccepted; ExitCode=0; 
2026-06-03T18:49:14.3236121+00:00	WorkerEvent	Layer03Hub.hub-l03-curate	TaskReady; ExitCode=0; 
2026-06-03T18:49:14.3257399+00:00	GrantTask	Layer03Hub.hub-l03-curate	Layer03Hub.hub-l03-curate; GrantId=grant-58; Attempt=1
2026-06-03T18:49:14.3289584+00:00	WorkerDeferredForCapacity	BridgeL03L04	Deferred by orchestration to honor max active worker process capacity.
2026-06-03T18:49:14.3294138+00:00	StopPipeline	BridgeL03L04	Deferred by orchestration to honor max active worker process capacity.
2026-06-03T18:49:14.3300979+00:00	WorkerEvent	Layer04Node01.refresh-l04-n01	TaskStarted; ExitCode=0; 
2026-06-03T18:49:14.3329064+00:00	WorkerEvent	Layer03Hub.hub-l03-curate	GrantAccepted; ExitCode=0; 
2026-06-03T18:49:14.3356419+00:00	WorkerEvent	AuditHairball	Closed; ExitCode=-1; worker control channel closed
2026-06-03T18:49:14.3362337+00:00	WorkerProcessExited	AuditHairball	ExitCode=0; worker control channel closed
2026-06-03T18:49:14.3377975+00:00	WorkerDeferred	AuditHairball	ResumeTaskId=AuditHairball.audit-hairball
2026-06-03T18:49:14.3393521+00:00	WorkerStarting	Layer07Node07	meta-pipeline
2026-06-03T18:49:14.4889449+00:00	WorkerStarted	Layer07Node07	26388
2026-06-03T18:49:14.4895427+00:00	WorkerControlPipe	Layer07Node07	meta-orchestration-332a326a952e4174bc94630b4f90b8c7
2026-06-03T18:49:14.4901381+00:00	WorkerLog	Layer07Node07	stdout=C:\Users\jimmy\Desktop\meta-bi\Samples\Demos\MetaOrchestrationHairballCliIntegration\Runs\hairball-seed-20260530\RunArtifacts\runs\20260603-184845_ae6b7ebedfd54bb0a97473c44e0b6763\logs\Layer07Node07-26388.stdout.log; stderr=C:\Users\jimmy\Desktop\meta-bi\Samples\Demos\MetaOrchestrationHairballCliIntegration\Runs\hairball-seed-20260530\RunArtifacts\runs\20260603-184845_ae6b7ebedfd54bb0a97473c44e0b6763\logs\Layer07Node07-26388.stderr.log
2026-06-03T18:49:14.4906666+00:00	WorkerEvent	Layer03Hub.hub-l03-curate	TaskStarted; ExitCode=0; 
2026-06-03T18:49:14.4915488+00:00	WorkerEvent	BridgeL03L04	Closed; ExitCode=-1; worker control channel closed
2026-06-03T18:49:14.4921613+00:00	WorkerProcessExited	BridgeL03L04	ExitCode=0; worker control channel closed
2026-06-03T18:49:14.4932713+00:00	WorkerDeferred	BridgeL03L04	ResumeTaskId=BridgeL03L04.bridge-l03-l04-collect
2026-06-03T18:49:14.4937426+00:00	WorkerEvent	Layer03Hub.hub-l03-curate	TaskSucceeded; ExitCode=0; 
2026-06-03T18:49:14.4946457+00:00	TaskSucceeded	Layer03Hub.hub-l03-curate	0
2026-06-03T18:49:14.4951678+00:00	WorkerEvent	Layer04Node08	WorkerOnline; ExitCode=0; online
2026-06-03T18:49:14.4962451+00:00	WorkerEvent	Layer03Hub.hub-l03-publish	TaskReady; ExitCode=0; 
2026-06-03T18:49:14.4972046+00:00	WorkerEvent	Layer04Node08	WorkerReady; ExitCode=0; ready
2026-06-03T18:49:14.5060038+00:00	StartPipeline	Layer04Node08	Layer04Node08
2026-06-03T18:49:14.5079246+00:00	GrantTask	Layer03Hub.hub-l03-publish	Layer03Hub.hub-l03-publish; GrantId=grant-59; Attempt=1
2026-06-03T18:49:14.5084668+00:00	WorkerStarting	Layer05Node03	meta-pipeline
2026-06-03T18:49:14.7900629+00:00	WorkerStarted	Layer05Node03	4884
2026-06-03T18:49:14.7908680+00:00	WorkerControlPipe	Layer05Node03	meta-orchestration-4e029ea9c5ae411f93d520ff15ca4624
2026-06-03T18:49:14.7914044+00:00	WorkerLog	Layer05Node03	stdout=C:\Users\jimmy\Desktop\meta-bi\Samples\Demos\MetaOrchestrationHairballCliIntegration\Runs\hairball-seed-20260530\RunArtifacts\runs\20260603-184845_ae6b7ebedfd54bb0a97473c44e0b6763\logs\Layer05Node03-4884.stdout.log; stderr=C:\Users\jimmy\Desktop\meta-bi\Samples\Demos\MetaOrchestrationHairballCliIntegration\Runs\hairball-seed-20260530\RunArtifacts\runs\20260603-184845_ae6b7ebedfd54bb0a97473c44e0b6763\logs\Layer05Node03-4884.stderr.log
2026-06-03T18:49:14.7920639+00:00	WorkerEvent	Layer04Node05	PipelineStarted; ExitCode=0; pipeline started
2026-06-03T18:49:14.7939805+00:00	WorkerEvent	Layer03Hub.hub-l03-publish	GrantAccepted; ExitCode=0; 
2026-06-03T18:49:14.7952019+00:00	WorkerEvent	Layer07Node07	WorkerOnline; ExitCode=0; online
2026-06-03T18:49:14.8078669+00:00	WorkerEvent	Layer04Node05.select-l04-n05	TaskReady; ExitCode=0; 
2026-06-03T18:49:14.8088600+00:00	WorkerEvent	Layer03Hub.hub-l03-publish	TaskStarted; ExitCode=0; 
2026-06-03T18:49:14.8098290+00:00	WorkerEvent	Layer04Node02	PipelineStarted; ExitCode=0; pipeline started
2026-06-03T18:49:14.8107727+00:00	WorkerEvent	Layer06Node03.select-l06-n03	TaskSucceeded; ExitCode=0; 
2026-06-03T18:49:14.8116018+00:00	TaskSucceeded	Layer06Node03.select-l06-n03	0
2026-06-03T18:49:14.8120617+00:00	WorkerProcessExited	Layer06Node03	ExitCode=0; worker process exited
2026-06-03T18:49:14.8128566+00:00	PipelineCompleted	Layer06Node03	
2026-06-03T18:49:14.8257097+00:00	GrantTask	Layer04Node05.select-l04-n05	Layer04Node05.select-l04-n05; GrantId=grant-60; Attempt=1
2026-06-03T18:49:14.8266020+00:00	WorkerResuming	AuditHairball	ResumeTaskId=AuditHairball.audit-hairball; Executable=meta-pipeline
2026-06-03T18:49:15.1070990+00:00	WorkerStarted	AuditHairball	29212
2026-06-03T18:49:15.1076168+00:00	WorkerControlPipe	AuditHairball	meta-orchestration-14416a5c291641e68f25b42a73fcfa34
2026-06-03T18:49:15.1080355+00:00	WorkerLog	AuditHairball	stdout=C:\Users\jimmy\Desktop\meta-bi\Samples\Demos\MetaOrchestrationHairballCliIntegration\Runs\hairball-seed-20260530\RunArtifacts\runs\20260603-184845_ae6b7ebedfd54bb0a97473c44e0b6763\logs\AuditHairball-29212.stdout.log; stderr=C:\Users\jimmy\Desktop\meta-bi\Samples\Demos\MetaOrchestrationHairballCliIntegration\Runs\hairball-seed-20260530\RunArtifacts\runs\20260603-184845_ae6b7ebedfd54bb0a97473c44e0b6763\logs\AuditHairball-29212.stderr.log
2026-06-03T18:49:15.1085562+00:00	WorkerEvent	Layer04Node05.select-l04-n05	GrantAccepted; ExitCode=0; 
2026-06-03T18:49:15.1101024+00:00	WorkerEvent	Layer05Node03	WorkerOnline; ExitCode=0; online
2026-06-03T18:49:15.1112450+00:00	WorkerEvent	Layer07Node07	WorkerReady; ExitCode=0; ready
2026-06-03T18:49:15.1122871+00:00	StartPipeline	Layer07Node07	Layer07Node07
2026-06-03T18:49:15.1131799+00:00	WorkerEvent	Layer04Node05.select-l04-n05	TaskStarted; ExitCode=0; 
2026-06-03T18:49:15.1141168+00:00	WorkerEvent	Layer05Node03	WorkerReady; ExitCode=0; ready
2026-06-03T18:49:15.1455279+00:00	StartPipeline	Layer05Node03	Layer05Node03
2026-06-03T18:49:15.1466508+00:00	WorkerEvent	Layer04Node01.refresh-l04-n01	TaskSucceeded; ExitCode=0; 
2026-06-03T18:49:15.1539518+00:00	TaskSucceeded	Layer04Node01.refresh-l04-n01	0
2026-06-03T18:49:15.1545809+00:00	WorkerEvent	Layer04Node02.export-l04-n02	TaskReady; ExitCode=0; 
2026-06-03T18:49:15.1783295+00:00	GrantTask	Layer04Node02.export-l04-n02	Layer04Node02.export-l04-n02; GrantId=grant-61; Attempt=1
2026-06-03T18:49:15.1789555+00:00	WorkerEvent	AuditHairball	WorkerOnline; ExitCode=0; online
2026-06-03T18:49:15.2163324+00:00	WorkerEvent	Layer04Node02.export-l04-n02	GrantAccepted; ExitCode=0; 
2026-06-03T18:49:15.2333171+00:00	WorkerEvent	AuditHairball	WorkerReady; ExitCode=0; ready
2026-06-03T18:49:15.2355600+00:00	StartPipeline	AuditHairball	AuditHairball
2026-06-03T18:49:15.2451275+00:00	WorkerEvent	Layer04Node02.export-l04-n02	TaskStarted; ExitCode=0; 
2026-06-03T18:49:15.2471687+00:00	WorkerProcessExited	Layer04Node01	ExitCode=0; worker process exited
2026-06-03T18:49:15.2494008+00:00	PipelineCompleted	Layer04Node01	
2026-06-03T18:49:15.2523095+00:00	WorkerResuming	BridgeL03L04	ResumeTaskId=BridgeL03L04.bridge-l03-l04-collect; Executable=meta-pipeline
2026-06-03T18:49:15.4924681+00:00	WorkerStarted	BridgeL03L04	27724
2026-06-03T18:49:15.4930324+00:00	WorkerControlPipe	BridgeL03L04	meta-orchestration-2e052b4b242643119b0e779a2281636b
2026-06-03T18:49:15.4935166+00:00	WorkerLog	BridgeL03L04	stdout=C:\Users\jimmy\Desktop\meta-bi\Samples\Demos\MetaOrchestrationHairballCliIntegration\Runs\hairball-seed-20260530\RunArtifacts\runs\20260603-184845_ae6b7ebedfd54bb0a97473c44e0b6763\logs\BridgeL03L04-27724.stdout.log; stderr=C:\Users\jimmy\Desktop\meta-bi\Samples\Demos\MetaOrchestrationHairballCliIntegration\Runs\hairball-seed-20260530\RunArtifacts\runs\20260603-184845_ae6b7ebedfd54bb0a97473c44e0b6763\logs\BridgeL03L04-27724.stderr.log
2026-06-03T18:49:15.4942484+00:00	WorkerEvent	Layer03Hub.hub-l03-publish	TaskSucceeded; ExitCode=0; 
2026-06-03T18:49:15.4950613+00:00	TaskSucceeded	Layer03Hub.hub-l03-publish	0
2026-06-03T18:49:15.4955016+00:00	WorkerProcessExited	Layer03Hub	ExitCode=0; worker process exited
2026-06-03T18:49:15.4963865+00:00	PipelineCompleted	Layer03Hub	
2026-06-03T18:49:15.4973674+00:00	WorkerStarting	Layer05Node02	meta-pipeline
2026-06-03T18:49:15.6909202+00:00	WorkerStarted	Layer05Node02	31280
2026-06-03T18:49:15.6914933+00:00	WorkerControlPipe	Layer05Node02	meta-orchestration-25faff33c2264e1d93ce1841768aba1e
2026-06-03T18:49:15.6921354+00:00	WorkerLog	Layer05Node02	stdout=C:\Users\jimmy\Desktop\meta-bi\Samples\Demos\MetaOrchestrationHairballCliIntegration\Runs\hairball-seed-20260530\RunArtifacts\runs\20260603-184845_ae6b7ebedfd54bb0a97473c44e0b6763\logs\Layer05Node02-31280.stdout.log; stderr=C:\Users\jimmy\Desktop\meta-bi\Samples\Demos\MetaOrchestrationHairballCliIntegration\Runs\hairball-seed-20260530\RunArtifacts\runs\20260603-184845_ae6b7ebedfd54bb0a97473c44e0b6763\logs\Layer05Node02-31280.stderr.log
2026-06-03T18:49:15.6928827+00:00	WorkerEvent	BridgeL03L04	WorkerOnline; ExitCode=0; online
2026-06-03T18:49:15.7006559+00:00	WorkerEvent	BridgeL03L04	WorkerReady; ExitCode=0; ready
2026-06-03T18:49:15.7048936+00:00	StartPipeline	BridgeL03L04	BridgeL03L04
2026-06-03T18:49:15.7254566+00:00	WorkerEvent	Layer05Node02	WorkerOnline; ExitCode=0; online
2026-06-03T18:49:15.7311573+00:00	WorkerEvent	Layer05Node02	WorkerReady; ExitCode=0; ready
2026-06-03T18:49:15.7379764+00:00	StartPipeline	Layer05Node02	Layer05Node02
2026-06-03T18:49:15.9015774+00:00	WorkerEvent	Layer04Node08	PipelineStarted; ExitCode=0; pipeline started
2026-06-03T18:49:15.9053401+00:00	WorkerEvent	Layer04Node08.select-l04-n08	TaskReady; ExitCode=0; 
2026-06-03T18:49:15.9092983+00:00	GrantTask	Layer04Node08.select-l04-n08	Layer04Node08.select-l04-n08; GrantId=grant-62; Attempt=1
2026-06-03T18:49:15.9130371+00:00	WorkerEvent	Layer04Node08.select-l04-n08	GrantAccepted; ExitCode=0; 
2026-06-03T18:49:15.9168433+00:00	WorkerEvent	Layer04Node08.select-l04-n08	TaskStarted; ExitCode=0; 
2026-06-03T18:49:15.9287284+00:00	WorkerEvent	Layer04Node05.select-l04-n05	TaskSucceeded; ExitCode=0; 
2026-06-03T18:49:15.9303776+00:00	TaskSucceeded	Layer04Node05.select-l04-n05	0
2026-06-03T18:49:15.9330579+00:00	WorkerEvent	Layer04Node05	Closed; ExitCode=-1; worker control channel closed
2026-06-03T18:49:15.9339916+00:00	PipelineCompleted	Layer04Node05	
2026-06-03T18:49:15.9353940+00:00	WorkerStarting	Layer07Node04	meta-pipeline
2026-06-03T18:49:16.1738915+00:00	WorkerStarted	Layer07Node04	13140
2026-06-03T18:49:16.1745384+00:00	WorkerControlPipe	Layer07Node04	meta-orchestration-ddcc0f8cf0a544eeb0ec87bd76658422
2026-06-03T18:49:16.1750396+00:00	WorkerLog	Layer07Node04	stdout=C:\Users\jimmy\Desktop\meta-bi\Samples\Demos\MetaOrchestrationHairballCliIntegration\Runs\hairball-seed-20260530\RunArtifacts\runs\20260603-184845_ae6b7ebedfd54bb0a97473c44e0b6763\logs\Layer07Node04-13140.stdout.log; stderr=C:\Users\jimmy\Desktop\meta-bi\Samples\Demos\MetaOrchestrationHairballCliIntegration\Runs\hairball-seed-20260530\RunArtifacts\runs\20260603-184845_ae6b7ebedfd54bb0a97473c44e0b6763\logs\Layer07Node04-13140.stderr.log
2026-06-03T18:49:16.1755517+00:00	WorkerProcessExited	Layer04Node05	ExitCode=0; worker process exited
2026-06-03T18:49:16.2003773+00:00	WorkerEvent	Layer04Node02.export-l04-n02	TaskSucceeded; ExitCode=0; 
2026-06-03T18:49:16.2038114+00:00	TaskSucceeded	Layer04Node02.export-l04-n02	0
2026-06-03T18:49:16.2133527+00:00	WorkerDeferredForCapacity	BridgeL05L06	Deferred by orchestration to honor max active worker process capacity.
2026-06-03T18:49:16.2138997+00:00	StopPipeline	BridgeL05L06	Deferred by orchestration to honor max active worker process capacity.
2026-06-03T18:49:16.2161018+00:00	WorkerDeferredForCapacity	BridgeL07L08	Deferred by orchestration to honor max active worker process capacity.
2026-06-03T18:49:16.2165923+00:00	StopPipeline	BridgeL07L08	Deferred by orchestration to honor max active worker process capacity.
2026-06-03T18:49:16.2280102+00:00	WorkerDeferredForCapacity	CompositeMart	Deferred by orchestration to honor max active worker process capacity.
2026-06-03T18:49:16.2287517+00:00	StopPipeline	CompositeMart	Deferred by orchestration to honor max active worker process capacity.
2026-06-03T18:49:16.2381301+00:00	WorkerEvent	BridgeL05L06	Closed; ExitCode=-1; worker control channel closed
2026-06-03T18:49:16.2391165+00:00	WorkerDeferred	BridgeL05L06	ResumeTaskId=BridgeL05L06.bridge-l05-l06-collect
2026-06-03T18:49:16.2395414+00:00	WorkerEvent	Layer07Node04	WorkerOnline; ExitCode=0; online
2026-06-03T18:49:16.2416690+00:00	WorkerEvent	BridgeL07L08	Closed; ExitCode=-1; worker control channel closed
2026-06-03T18:49:16.2421370+00:00	WorkerProcessExited	BridgeL07L08	ExitCode=0; worker control channel closed
2026-06-03T18:49:16.2432325+00:00	WorkerDeferred	BridgeL07L08	ResumeTaskId=BridgeL07L08.bridge-l07-l08-collect
2026-06-03T18:49:16.2437319+00:00	WorkerEvent	Layer07Node04	WorkerReady; ExitCode=0; ready
2026-06-03T18:49:16.2902122+00:00	StartPipeline	Layer07Node04	Layer07Node04
2026-06-03T18:49:16.2911576+00:00	WorkerProcessExited	Layer04Node02	ExitCode=0; worker process exited
2026-06-03T18:49:16.2922835+00:00	PipelineCompleted	Layer04Node02	
2026-06-03T18:49:16.2928812+00:00	WorkerProcessExited	BridgeL05L06	ExitCode=0; worker process exited
2026-06-03T18:49:16.2945320+00:00	WorkerStarting	Layer05Node07	meta-pipeline
2026-06-03T18:49:16.5843743+00:00	WorkerStarted	Layer05Node07	11436
2026-06-03T18:49:16.5851124+00:00	WorkerControlPipe	Layer05Node07	meta-orchestration-f30a2c70e64d47a0b9a4cbf54c9dfea1
2026-06-03T18:49:16.5859053+00:00	WorkerLog	Layer05Node07	stdout=C:\Users\jimmy\Desktop\meta-bi\Samples\Demos\MetaOrchestrationHairballCliIntegration\Runs\hairball-seed-20260530\RunArtifacts\runs\20260603-184845_ae6b7ebedfd54bb0a97473c44e0b6763\logs\Layer05Node07-11436.stdout.log; stderr=C:\Users\jimmy\Desktop\meta-bi\Samples\Demos\MetaOrchestrationHairballCliIntegration\Runs\hairball-seed-20260530\RunArtifacts\runs\20260603-184845_ae6b7ebedfd54bb0a97473c44e0b6763\logs\Layer05Node07-11436.stderr.log
2026-06-03T18:49:16.5865006+00:00	WorkerEvent	CompositeMart	Closed; ExitCode=-1; worker control channel closed
2026-06-03T18:49:16.5869174+00:00	WorkerProcessExited	CompositeMart	ExitCode=0; worker control channel closed
2026-06-03T18:49:16.5886467+00:00	WorkerDeferred	CompositeMart	ResumeTaskId=CompositeMart.composite-stage
2026-06-03T18:49:16.5891580+00:00	WorkerEvent	Layer05Node03	PipelineStarted; ExitCode=0; pipeline started
2026-06-03T18:49:16.5899972+00:00	WorkerEvent	Layer07Node07	PipelineStarted; ExitCode=0; pipeline started
2026-06-03T18:49:16.5914203+00:00	WorkerEvent	AuditHairball	PipelineStarted; ExitCode=0; pipeline started
2026-06-03T18:49:16.5925693+00:00	WorkerEvent	Layer05Node03.refresh-l05-n03	TaskReady; ExitCode=0; 
2026-06-03T18:49:16.6027997+00:00	WorkerEvent	Layer07Node07.select-l07-n07	TaskReady; ExitCode=0; 
2026-06-03T18:49:16.6058106+00:00	WorkerEvent	AuditHairball.audit-hairball	TaskReady; ExitCode=0; 
2026-06-03T18:49:16.6132719+00:00	GrantTask	Layer05Node03.refresh-l05-n03	Layer05Node03.refresh-l05-n03; GrantId=grant-63; Attempt=1
2026-06-03T18:49:16.6183020+00:00	GrantTask	Layer07Node07.select-l07-n07	Layer07Node07.select-l07-n07; GrantId=grant-64; Attempt=1
2026-06-03T18:49:16.6214871+00:00	WorkerResuming	BridgeL05L06	ResumeTaskId=BridgeL05L06.bridge-l05-l06-collect; Executable=meta-pipeline
2026-06-03T18:49:16.7967297+00:00	WorkerStarted	BridgeL05L06	23928
2026-06-03T18:49:16.7977457+00:00	WorkerControlPipe	BridgeL05L06	meta-orchestration-7a997d082a5a43838171bf3c6bab8382
2026-06-03T18:49:16.7982989+00:00	WorkerLog	BridgeL05L06	stdout=C:\Users\jimmy\Desktop\meta-bi\Samples\Demos\MetaOrchestrationHairballCliIntegration\Runs\hairball-seed-20260530\RunArtifacts\runs\20260603-184845_ae6b7ebedfd54bb0a97473c44e0b6763\logs\BridgeL05L06-23928.stdout.log; stderr=C:\Users\jimmy\Desktop\meta-bi\Samples\Demos\MetaOrchestrationHairballCliIntegration\Runs\hairball-seed-20260530\RunArtifacts\runs\20260603-184845_ae6b7ebedfd54bb0a97473c44e0b6763\logs\BridgeL05L06-23928.stderr.log
2026-06-03T18:49:16.7991581+00:00	WorkerEvent	Layer05Node07	WorkerOnline; ExitCode=0; online
2026-06-03T18:49:16.7999933+00:00	WorkerEvent	Layer05Node03.refresh-l05-n03	GrantAccepted; ExitCode=0; 
2026-06-03T18:49:16.8009014+00:00	WorkerEvent	Layer05Node07	WorkerReady; ExitCode=0; ready
2026-06-03T18:49:16.8068559+00:00	StartPipeline	Layer05Node07	Layer05Node07
2026-06-03T18:49:16.8076814+00:00	WorkerEvent	Layer05Node03.refresh-l05-n03	TaskStarted; ExitCode=0; 
2026-06-03T18:49:16.8086215+00:00	WorkerEvent	Layer07Node07.select-l07-n07	GrantAccepted; ExitCode=0; 
2026-06-03T18:49:16.8161385+00:00	WorkerEvent	Layer04Node08.select-l04-n08	TaskSucceeded; ExitCode=0; 
2026-06-03T18:49:16.8234983+00:00	TaskSucceeded	Layer04Node08.select-l04-n08	0
2026-06-03T18:49:16.8239634+00:00	WorkerEvent	Layer07Node07.select-l07-n07	TaskStarted; ExitCode=0; 
2026-06-03T18:49:16.8247345+00:00	WorkerProcessExited	Layer04Node08	ExitCode=0; worker process exited
2026-06-03T18:49:16.8254703+00:00	PipelineCompleted	Layer04Node08	
2026-06-03T18:49:16.8277371+00:00	GrantTask	Layer04Hub.hub-l04-stage	Layer04Hub.hub-l04-stage; GrantId=grant-65; Attempt=1
2026-06-03T18:49:16.8330304+00:00	WorkerResuming	BridgeL07L08	ResumeTaskId=BridgeL07L08.bridge-l07-l08-collect; Executable=meta-pipeline
2026-06-03T18:49:16.9978299+00:00	WorkerStarted	BridgeL07L08	7388
2026-06-03T18:49:16.9988565+00:00	WorkerControlPipe	BridgeL07L08	meta-orchestration-5bde98de253e4ca78bb4484661b6b151
2026-06-03T18:49:16.9993920+00:00	WorkerLog	BridgeL07L08	stdout=C:\Users\jimmy\Desktop\meta-bi\Samples\Demos\MetaOrchestrationHairballCliIntegration\Runs\hairball-seed-20260530\RunArtifacts\runs\20260603-184845_ae6b7ebedfd54bb0a97473c44e0b6763\logs\BridgeL07L08-7388.stdout.log; stderr=C:\Users\jimmy\Desktop\meta-bi\Samples\Demos\MetaOrchestrationHairballCliIntegration\Runs\hairball-seed-20260530\RunArtifacts\runs\20260603-184845_ae6b7ebedfd54bb0a97473c44e0b6763\logs\BridgeL07L08-7388.stderr.log
2026-06-03T18:49:16.9999560+00:00	WorkerEvent	BridgeL05L06	WorkerOnline; ExitCode=0; online
2026-06-03T18:49:17.0008728+00:00	WorkerEvent	Layer05Node02	PipelineStarted; ExitCode=0; pipeline started
2026-06-03T18:49:17.0029031+00:00	WorkerEvent	BridgeL05L06	WorkerReady; ExitCode=0; ready
2026-06-03T18:49:17.0094854+00:00	StartPipeline	BridgeL05L06	BridgeL05L06
2026-06-03T18:49:17.0104382+00:00	WorkerEvent	Layer05Node02.select-l05-n02	TaskReady; ExitCode=0; 
2026-06-03T18:49:17.0115785+00:00	WorkerEvent	Layer04Hub.hub-l04-stage	GrantAccepted; ExitCode=0; 
2026-06-03T18:49:17.0179661+00:00	GrantTask	Layer05Node02.select-l05-n02	Layer05Node02.select-l05-n02; GrantId=grant-66; Attempt=1
2026-06-03T18:49:17.0184305+00:00	WorkerResuming	CompositeMart	ResumeTaskId=CompositeMart.composite-stage; Executable=meta-pipeline
2026-06-03T18:49:17.1934885+00:00	WorkerStarted	CompositeMart	14484
2026-06-03T18:49:17.1943514+00:00	WorkerControlPipe	CompositeMart	meta-orchestration-acf7902789444d76a0e07a3b97c902cd
2026-06-03T18:49:17.1949542+00:00	WorkerLog	CompositeMart	stdout=C:\Users\jimmy\Desktop\meta-bi\Samples\Demos\MetaOrchestrationHairballCliIntegration\Runs\hairball-seed-20260530\RunArtifacts\runs\20260603-184845_ae6b7ebedfd54bb0a97473c44e0b6763\logs\CompositeMart-14484.stdout.log; stderr=C:\Users\jimmy\Desktop\meta-bi\Samples\Demos\MetaOrchestrationHairballCliIntegration\Runs\hairball-seed-20260530\RunArtifacts\runs\20260603-184845_ae6b7ebedfd54bb0a97473c44e0b6763\logs\CompositeMart-14484.stderr.log
2026-06-03T18:49:17.1956084+00:00	WorkerEvent	Layer05Node02.select-l05-n02	GrantAccepted; ExitCode=0; 
2026-06-03T18:49:17.1965186+00:00	WorkerEvent	Layer04Hub.hub-l04-stage	TaskStarted; ExitCode=0; 
2026-06-03T18:49:17.1976987+00:00	WorkerEvent	BridgeL07L08	WorkerOnline; ExitCode=0; online
2026-06-03T18:49:17.2001605+00:00	WorkerStarting	Layer05Hub	meta-pipeline
2026-06-03T18:49:17.4298748+00:00	WorkerStarted	Layer05Hub	30576
2026-06-03T18:49:17.4324930+00:00	WorkerControlPipe	Layer05Hub	meta-orchestration-02a48b93fbe84457bf80afa69869bfe4
2026-06-03T18:49:17.4330539+00:00	WorkerLog	Layer05Hub	stdout=C:\Users\jimmy\Desktop\meta-bi\Samples\Demos\MetaOrchestrationHairballCliIntegration\Runs\hairball-seed-20260530\RunArtifacts\runs\20260603-184845_ae6b7ebedfd54bb0a97473c44e0b6763\logs\Layer05Hub-30576.stdout.log; stderr=C:\Users\jimmy\Desktop\meta-bi\Samples\Demos\MetaOrchestrationHairballCliIntegration\Runs\hairball-seed-20260530\RunArtifacts\runs\20260603-184845_ae6b7ebedfd54bb0a97473c44e0b6763\logs\Layer05Hub-30576.stderr.log
2026-06-03T18:49:17.4337348+00:00	WorkerEvent	CompositeMart	WorkerOnline; ExitCode=0; online
2026-06-03T18:49:17.4349436+00:00	WorkerEvent	BridgeL03L04	PipelineStarted; ExitCode=0; pipeline started
2026-06-03T18:49:17.4399671+00:00	WorkerEvent	CompositeMart	WorkerReady; ExitCode=0; ready
2026-06-03T18:49:17.4490897+00:00	StartPipeline	CompositeMart	CompositeMart
2026-06-03T18:49:17.4501044+00:00	WorkerEvent	BridgeL03L04.bridge-l03-l04-collect	TaskReady; ExitCode=0; 
2026-06-03T18:49:17.4509933+00:00	WorkerEvent	Layer05Node02.select-l05-n02	TaskStarted; ExitCode=0; 
2026-06-03T18:49:17.4517988+00:00	WorkerEvent	BridgeL07L08	WorkerReady; ExitCode=0; ready
2026-06-03T18:49:17.4526930+00:00	StartPipeline	BridgeL07L08	BridgeL07L08
2026-06-03T18:49:17.4669310+00:00	WorkerEvent	Layer05Hub	WorkerOnline; ExitCode=0; online
2026-06-03T18:49:17.4695001+00:00	WorkerEvent	Layer05Hub	WorkerReady; ExitCode=0; ready
2026-06-03T18:49:17.5100281+00:00	StartPipeline	Layer05Hub	Layer05Hub
2026-06-03T18:49:17.5730156+00:00	WorkerEvent	Layer07Node04	PipelineStarted; ExitCode=0; pipeline started
2026-06-03T18:49:17.5961959+00:00	WorkerEvent	Layer07Node04.select-l07-n04	TaskReady; ExitCode=0; 
2026-06-03T18:49:17.6179071+00:00	GrantTask	Layer07Node04.select-l07-n04	Layer07Node04.select-l07-n04; GrantId=grant-67; Attempt=1
2026-06-03T18:49:17.6184741+00:00	WorkerEvent	Layer05Node03.refresh-l05-n03	TaskSucceeded; ExitCode=0; 
2026-06-03T18:49:17.6218505+00:00	TaskSucceeded	Layer05Node03.refresh-l05-n03	0
2026-06-03T18:49:17.6224688+00:00	WorkerEvent	Layer07Node04.select-l07-n04	GrantAccepted; ExitCode=0; 
2026-06-03T18:49:17.6240194+00:00	WorkerDeferredForCapacity	AuditHairball	Deferred by orchestration to honor max active worker process capacity.
2026-06-03T18:49:17.6244753+00:00	StopPipeline	AuditHairball	Deferred by orchestration to honor max active worker process capacity.
2026-06-03T18:49:17.6331558+00:00	WorkerEvent	Layer07Node04.select-l07-n04	TaskStarted; ExitCode=0; 
2026-06-03T18:49:17.6350907+00:00	WorkerDeferredForCapacity	BridgeL03L04	Deferred by orchestration to honor max active worker process capacity.
2026-06-03T18:49:17.6355963+00:00	StopPipeline	BridgeL03L04	Deferred by orchestration to honor max active worker process capacity.
2026-06-03T18:49:17.6443668+00:00	WorkerProcessExited	Layer05Node03	ExitCode=0; worker process exited
2026-06-03T18:49:17.6455996+00:00	PipelineCompleted	Layer05Node03	
2026-06-03T18:49:17.6460813+00:00	WorkerEvent	BridgeL03L04	Closed; ExitCode=0; worker control channel closed
2026-06-03T18:49:17.6464761+00:00	WorkerProcessExited	BridgeL03L04	ExitCode=0; worker control channel closed
2026-06-03T18:49:17.6475119+00:00	WorkerDeferred	BridgeL03L04	ResumeTaskId=BridgeL03L04.bridge-l03-l04-collect
2026-06-03T18:49:17.6480937+00:00	WorkerEvent	AuditHairball	Closed; ExitCode=-1; worker control channel closed
2026-06-03T18:49:17.6484910+00:00	WorkerProcessExited	AuditHairball	ExitCode=0; worker control channel closed
2026-06-03T18:49:17.6492927+00:00	WorkerDeferred	AuditHairball	ResumeTaskId=AuditHairball.audit-hairball
2026-06-03T18:49:17.6532892+00:00	WorkerStarting	Layer06Node04	meta-pipeline
2026-06-03T18:49:17.9276606+00:00	WorkerStarted	Layer06Node04	9652
2026-06-03T18:49:17.9285376+00:00	WorkerControlPipe	Layer06Node04	meta-orchestration-5eea50e4d171419c94bcbebfa063f6f0
2026-06-03T18:49:17.9358047+00:00	WorkerLog	Layer06Node04	stdout=C:\Users\jimmy\Desktop\meta-bi\Samples\Demos\MetaOrchestrationHairballCliIntegration\Runs\hairball-seed-20260530\RunArtifacts\runs\20260603-184845_ae6b7ebedfd54bb0a97473c44e0b6763\logs\Layer06Node04-9652.stdout.log; stderr=C:\Users\jimmy\Desktop\meta-bi\Samples\Demos\MetaOrchestrationHairballCliIntegration\Runs\hairball-seed-20260530\RunArtifacts\runs\20260603-184845_ae6b7ebedfd54bb0a97473c44e0b6763\logs\Layer06Node04-9652.stderr.log
2026-06-03T18:49:17.9372980+00:00	WorkerEvent	Layer07Node07.select-l07-n07	TaskSucceeded; ExitCode=0; 
2026-06-03T18:49:17.9523536+00:00	TaskSucceeded	Layer07Node07.select-l07-n07	0
2026-06-03T18:49:17.9529452+00:00	WorkerProcessExited	Layer07Node07	ExitCode=0; worker process exited
2026-06-03T18:49:17.9539693+00:00	PipelineCompleted	Layer07Node07	
2026-06-03T18:49:17.9612796+00:00	WorkerResuming	AuditHairball	ResumeTaskId=AuditHairball.audit-hairball; Executable=meta-pipeline
2026-06-03T18:49:18.1826189+00:00	WorkerStarted	AuditHairball	16128
2026-06-03T18:49:18.1835204+00:00	WorkerControlPipe	AuditHairball	meta-orchestration-1ba74aa54bcd45b0a74bed149c33b40a
2026-06-03T18:49:18.1843041+00:00	WorkerLog	AuditHairball	stdout=C:\Users\jimmy\Desktop\meta-bi\Samples\Demos\MetaOrchestrationHairballCliIntegration\Runs\hairball-seed-20260530\RunArtifacts\runs\20260603-184845_ae6b7ebedfd54bb0a97473c44e0b6763\logs\AuditHairball-16128.stdout.log; stderr=C:\Users\jimmy\Desktop\meta-bi\Samples\Demos\MetaOrchestrationHairballCliIntegration\Runs\hairball-seed-20260530\RunArtifacts\runs\20260603-184845_ae6b7ebedfd54bb0a97473c44e0b6763\logs\AuditHairball-16128.stderr.log
2026-06-03T18:49:18.1854525+00:00	WorkerEvent	Layer05Node07	PipelineStarted; ExitCode=0; pipeline started
2026-06-03T18:49:18.1863912+00:00	WorkerEvent	Layer05Node02.select-l05-n02	TaskSucceeded; ExitCode=0; 
2026-06-03T18:49:18.1872560+00:00	TaskSucceeded	Layer05Node02.select-l05-n02	0
2026-06-03T18:49:18.1878231+00:00	WorkerEvent	Layer06Node04	WorkerOnline; ExitCode=0; online
2026-06-03T18:49:18.1886526+00:00	WorkerProcessExited	Layer05Node02	ExitCode=0; worker process exited
2026-06-03T18:49:18.1894650+00:00	PipelineCompleted	Layer05Node02	
2026-06-03T18:49:18.1936296+00:00	WorkerStarting	Layer08Node05	meta-pipeline
2026-06-03T18:49:18.3791662+00:00	WorkerStarted	Layer08Node05	27456
2026-06-03T18:49:18.3811808+00:00	WorkerControlPipe	Layer08Node05	meta-orchestration-41877c5216d54c6ca4de7b7fb7d8225c
2026-06-03T18:49:18.3817355+00:00	WorkerLog	Layer08Node05	stdout=C:\Users\jimmy\Desktop\meta-bi\Samples\Demos\MetaOrchestrationHairballCliIntegration\Runs\hairball-seed-20260530\RunArtifacts\runs\20260603-184845_ae6b7ebedfd54bb0a97473c44e0b6763\logs\Layer08Node05-27456.stdout.log; stderr=C:\Users\jimmy\Desktop\meta-bi\Samples\Demos\MetaOrchestrationHairballCliIntegration\Runs\hairball-seed-20260530\RunArtifacts\runs\20260603-184845_ae6b7ebedfd54bb0a97473c44e0b6763\logs\Layer08Node05-27456.stderr.log
2026-06-03T18:49:18.3823691+00:00	WorkerEvent	Layer05Node07.export-l05-n07	TaskReady; ExitCode=0; 
2026-06-03T18:49:18.3832135+00:00	WorkerEvent	Layer04Hub.hub-l04-stage	TaskSucceeded; ExitCode=0; 
2026-06-03T18:49:18.3847690+00:00	TaskSucceeded	Layer04Hub.hub-l04-stage	0
2026-06-03T18:49:18.3853490+00:00	WorkerEvent	AuditHairball	WorkerOnline; ExitCode=0; online
2026-06-03T18:49:18.3862251+00:00	WorkerEvent	Layer06Node04	WorkerReady; ExitCode=0; ready
2026-06-03T18:49:18.3886704+00:00	StartPipeline	Layer06Node04	Layer06Node04
2026-06-03T18:49:18.3896870+00:00	WorkerEvent	Layer04Hub.hub-l04-curate	TaskReady; ExitCode=0; 
2026-06-03T18:49:18.3906270+00:00	WorkerEvent	AuditHairball	WorkerReady; ExitCode=0; ready
2026-06-03T18:49:18.4013024+00:00	StartPipeline	AuditHairball	AuditHairball
2026-06-03T18:49:18.4151620+00:00	GrantTask	Layer04Hub.hub-l04-curate	Layer04Hub.hub-l04-curate; GrantId=grant-68; Attempt=1
2026-06-03T18:49:18.4177702+00:00	GrantTask	Layer05Node07.export-l05-n07	Layer05Node07.export-l05-n07; GrantId=grant-69; Attempt=1
2026-06-03T18:49:18.4181944+00:00	WorkerResuming	BridgeL03L04	ResumeTaskId=BridgeL03L04.bridge-l03-l04-collect; Executable=meta-pipeline
2026-06-03T18:49:18.6232176+00:00	WorkerStarted	BridgeL03L04	27888
2026-06-03T18:49:18.6237534+00:00	WorkerControlPipe	BridgeL03L04	meta-orchestration-9730239ba1474db8a3c92bf089d35aeb
2026-06-03T18:49:18.6241706+00:00	WorkerLog	BridgeL03L04	stdout=C:\Users\jimmy\Desktop\meta-bi\Samples\Demos\MetaOrchestrationHairballCliIntegration\Runs\hairball-seed-20260530\RunArtifacts\runs\20260603-184845_ae6b7ebedfd54bb0a97473c44e0b6763\logs\BridgeL03L04-27888.stdout.log; stderr=C:\Users\jimmy\Desktop\meta-bi\Samples\Demos\MetaOrchestrationHairballCliIntegration\Runs\hairball-seed-20260530\RunArtifacts\runs\20260603-184845_ae6b7ebedfd54bb0a97473c44e0b6763\logs\BridgeL03L04-27888.stderr.log
2026-06-03T18:49:18.6247308+00:00	WorkerEvent	Layer05Node07.export-l05-n07	GrantAccepted; ExitCode=0; 
2026-06-03T18:49:18.6256207+00:00	WorkerEvent	Layer07Node04.select-l07-n04	TaskSucceeded; ExitCode=0; 
2026-06-03T18:49:18.6268770+00:00	TaskSucceeded	Layer07Node04.select-l07-n04	0
2026-06-03T18:49:18.6273651+00:00	WorkerEvent	Layer05Node07.export-l05-n07	TaskStarted; ExitCode=0; 
2026-06-03T18:49:18.6281474+00:00	WorkerEvent	Layer08Node05	WorkerOnline; ExitCode=0; online
2026-06-03T18:49:18.6289758+00:00	WorkerEvent	Layer04Hub.hub-l04-curate	GrantAccepted; ExitCode=0; 
2026-06-03T18:49:18.6319317+00:00	WorkerProcessExited	Layer07Node04	ExitCode=0; worker process exited
2026-06-03T18:49:18.6327946+00:00	PipelineCompleted	Layer07Node04	
2026-06-03T18:49:18.6339809+00:00	WorkerStarting	Layer07Node08	meta-pipeline
2026-06-03T18:49:18.8427754+00:00	WorkerStarted	Layer07Node08	16036
2026-06-03T18:49:18.8433252+00:00	WorkerControlPipe	Layer07Node08	meta-orchestration-c819e177e97d467ca7a749ed6ad28c7e
2026-06-03T18:49:18.8437376+00:00	WorkerLog	Layer07Node08	stdout=C:\Users\jimmy\Desktop\meta-bi\Samples\Demos\MetaOrchestrationHairballCliIntegration\Runs\hairball-seed-20260530\RunArtifacts\runs\20260603-184845_ae6b7ebedfd54bb0a97473c44e0b6763\logs\Layer07Node08-16036.stdout.log; stderr=C:\Users\jimmy\Desktop\meta-bi\Samples\Demos\MetaOrchestrationHairballCliIntegration\Runs\hairball-seed-20260530\RunArtifacts\runs\20260603-184845_ae6b7ebedfd54bb0a97473c44e0b6763\logs\Layer07Node08-16036.stderr.log
2026-06-03T18:49:18.8443510+00:00	WorkerEvent	BridgeL03L04	WorkerOnline; ExitCode=0; online
2026-06-03T18:49:18.8451989+00:00	WorkerEvent	BridgeL05L06	PipelineStarted; ExitCode=0; pipeline started
2026-06-03T18:49:18.8479667+00:00	WorkerEvent	Layer08Node05	WorkerReady; ExitCode=0; ready
2026-06-03T18:49:18.8489499+00:00	StartPipeline	Layer08Node05	Layer08Node05
2026-06-03T18:49:18.8519689+00:00	WorkerEvent	BridgeL03L04	WorkerReady; ExitCode=0; ready
2026-06-03T18:49:18.8786536+00:00	StartPipeline	BridgeL03L04	BridgeL03L04
2026-06-03T18:49:18.8802131+00:00	WorkerEvent	BridgeL05L06.bridge-l05-l06-collect	TaskReady; ExitCode=0; 
2026-06-03T18:49:18.8813124+00:00	WorkerEvent	Layer04Hub.hub-l04-curate	TaskStarted; ExitCode=0; 
2026-06-03T18:49:18.8832539+00:00	WorkerStarting	Layer08Node06	meta-pipeline
2026-06-03T18:49:19.2711543+00:00	WorkerStarted	Layer08Node06	21976
2026-06-03T18:49:19.2717713+00:00	WorkerControlPipe	Layer08Node06	meta-orchestration-b4a1f8a48267406d92d8af7e33f87854
2026-06-03T18:49:19.2721721+00:00	WorkerLog	Layer08Node06	stdout=C:\Users\jimmy\Desktop\meta-bi\Samples\Demos\MetaOrchestrationHairballCliIntegration\Runs\hairball-seed-20260530\RunArtifacts\runs\20260603-184845_ae6b7ebedfd54bb0a97473c44e0b6763\logs\Layer08Node06-21976.stdout.log; stderr=C:\Users\jimmy\Desktop\meta-bi\Samples\Demos\MetaOrchestrationHairballCliIntegration\Runs\hairball-seed-20260530\RunArtifacts\runs\20260603-184845_ae6b7ebedfd54bb0a97473c44e0b6763\logs\Layer08Node06-21976.stderr.log
2026-06-03T18:49:19.2728572+00:00	WorkerEvent	Layer07Node08	WorkerOnline; ExitCode=0; online
2026-06-03T18:49:19.2738382+00:00	WorkerEvent	Layer04Hub.hub-l04-curate	TaskSucceeded; ExitCode=0; 
2026-06-03T18:49:19.2747288+00:00	TaskSucceeded	Layer04Hub.hub-l04-curate	0
2026-06-03T18:49:19.2752913+00:00	WorkerEvent	BridgeL07L08	PipelineStarted; ExitCode=0; pipeline started
2026-06-03T18:49:19.2762455+00:00	WorkerEvent	Layer05Hub	PipelineStarted; ExitCode=0; pipeline started
2026-06-03T18:49:19.2901921+00:00	WorkerEvent	Layer07Node08	WorkerReady; ExitCode=0; ready
2026-06-03T18:49:19.2912750+00:00	StartPipeline	Layer07Node08	Layer07Node08
2026-06-03T18:49:19.2920792+00:00	WorkerEvent	Layer04Hub.hub-l04-publish	TaskReady; ExitCode=0; 
2026-06-03T18:49:19.2929546+00:00	WorkerEvent	BridgeL07L08.bridge-l07-l08-collect	TaskReady; ExitCode=0; 
2026-06-03T18:49:19.2938411+00:00	WorkerEvent	Layer05Hub.hub-l05-stage	TaskReady; ExitCode=0; 
2026-06-03T18:49:19.2996008+00:00	GrantTask	Layer04Hub.hub-l04-publish	Layer04Hub.hub-l04-publish; GrantId=grant-70; Attempt=1
2026-06-03T18:49:19.3031951+00:00	WorkerEvent	Layer04Hub.hub-l04-publish	GrantAccepted; ExitCode=0; 
2026-06-03T18:49:19.3104331+00:00	WorkerEvent	Layer04Hub.hub-l04-publish	TaskStarted; ExitCode=0; 
2026-06-03T18:49:19.3174926+00:00	WorkerEvent	Layer08Node06	WorkerOnline; ExitCode=0; online
2026-06-03T18:49:19.3353484+00:00	WorkerEvent	Layer08Node06	WorkerReady; ExitCode=0; ready
2026-06-03T18:49:19.3364224+00:00	StartPipeline	Layer08Node06	Layer08Node06
2026-06-03T18:49:19.4538969+00:00	WorkerEvent	CompositeMart	PipelineStarted; ExitCode=0; pipeline started
2026-06-03T18:49:19.4576647+00:00	WorkerEvent	CompositeMart.composite-stage	TaskReady; ExitCode=0; 
2026-06-03T18:49:19.5625189+00:00	WorkerEvent	Layer06Node04	PipelineStarted; ExitCode=0; pipeline started
2026-06-03T18:49:19.5668768+00:00	WorkerEvent	AuditHairball	PipelineStarted; ExitCode=0; pipeline started
2026-06-03T18:49:19.5728920+00:00	WorkerEvent	AuditHairball.audit-hairball	TaskReady; ExitCode=0; 
2026-06-03T18:49:19.5827150+00:00	WorkerEvent	Layer06Node04.export-l06-n04	TaskReady; ExitCode=0; 
2026-06-03T18:49:19.5921590+00:00	GrantTask	Layer06Node04.export-l06-n04	Layer06Node04.export-l06-n04; GrantId=grant-71; Attempt=1
2026-06-03T18:49:19.6012371+00:00	WorkerEvent	Layer06Node04.export-l06-n04	GrantAccepted; ExitCode=0; 
2026-06-03T18:49:19.6117226+00:00	WorkerEvent	Layer06Node04.export-l06-n04	TaskStarted; ExitCode=0; 
2026-06-03T18:49:20.0085937+00:00	WorkerEvent	Layer08Node05	PipelineStarted; ExitCode=0; pipeline started
2026-06-03T18:49:20.0167613+00:00	WorkerEvent	Layer08Node05.refresh-l08-n05	TaskReady; ExitCode=0; 
2026-06-03T18:49:20.0197534+00:00	GrantTask	Layer08Node05.refresh-l08-n05	Layer08Node05.refresh-l08-n05; GrantId=grant-72; Attempt=1
2026-06-03T18:49:20.0227821+00:00	WorkerEvent	Layer08Node05.refresh-l08-n05	GrantAccepted; ExitCode=0; 
2026-06-03T18:49:20.0267302+00:00	WorkerEvent	Layer08Node05.refresh-l08-n05	TaskStarted; ExitCode=0; 
2026-06-03T18:49:20.1546678+00:00	WorkerEvent	Layer04Hub.hub-l04-publish	TaskSucceeded; ExitCode=0; 
2026-06-03T18:49:20.1555928+00:00	TaskSucceeded	Layer04Hub.hub-l04-publish	0
2026-06-03T18:49:20.1566006+00:00	WorkerDeferredForCapacity	AuditHairball	Deferred by orchestration to honor max active worker process capacity.
2026-06-03T18:49:20.1570252+00:00	StopPipeline	AuditHairball	Deferred by orchestration to honor max active worker process capacity.
2026-06-03T18:49:20.1581661+00:00	WorkerDeferredForCapacity	BridgeL05L06	Deferred by orchestration to honor max active worker process capacity.
2026-06-03T18:49:20.1586038+00:00	StopPipeline	BridgeL05L06	Deferred by orchestration to honor max active worker process capacity.
2026-06-03T18:49:20.1598162+00:00	WorkerDeferredForCapacity	BridgeL07L08	Deferred by orchestration to honor max active worker process capacity.
2026-06-03T18:49:20.1606770+00:00	StopPipeline	BridgeL07L08	Deferred by orchestration to honor max active worker process capacity.
2026-06-03T18:49:20.1615336+00:00	WorkerEvent	Layer04Hub	Closed; ExitCode=-1; worker control channel closed
2026-06-03T18:49:20.1639881+00:00	PipelineCompleted	Layer04Hub	
2026-06-03T18:49:20.1656205+00:00	WorkerStarting	Layer05Node04	meta-pipeline
2026-06-03T18:49:20.3680165+00:00	WorkerStarted	Layer05Node04	15852
2026-06-03T18:49:20.3685176+00:00	WorkerControlPipe	Layer05Node04	meta-orchestration-6047e822356a4c0bb6eb7daf029a392f
2026-06-03T18:49:20.3690073+00:00	WorkerLog	Layer05Node04	stdout=C:\Users\jimmy\Desktop\meta-bi\Samples\Demos\MetaOrchestrationHairballCliIntegration\Runs\hairball-seed-20260530\RunArtifacts\runs\20260603-184845_ae6b7ebedfd54bb0a97473c44e0b6763\logs\Layer05Node04-15852.stdout.log; stderr=C:\Users\jimmy\Desktop\meta-bi\Samples\Demos\MetaOrchestrationHairballCliIntegration\Runs\hairball-seed-20260530\RunArtifacts\runs\20260603-184845_ae6b7ebedfd54bb0a97473c44e0b6763\logs\Layer05Node04-15852.stderr.log
2026-06-03T18:49:20.3695378+00:00	WorkerEvent	Layer05Node07.export-l05-n07	TaskSucceeded; ExitCode=0; 
2026-06-03T18:49:20.3704468+00:00	TaskSucceeded	Layer05Node07.export-l05-n07	0
2026-06-03T18:49:20.3710107+00:00	WorkerEvent	BridgeL05L06	Closed; ExitCode=-1; worker control channel closed
2026-06-03T18:49:20.3714324+00:00	WorkerProcessExited	BridgeL05L06	ExitCode=0; worker control channel closed
2026-06-03T18:49:20.3722419+00:00	WorkerDeferred	BridgeL05L06	ResumeTaskId=BridgeL05L06.bridge-l05-l06-collect
2026-06-03T18:49:20.3726748+00:00	WorkerEvent	AuditHairball	Closed; ExitCode=-1; worker control channel closed
2026-06-03T18:49:20.3730867+00:00	WorkerProcessExited	AuditHairball	ExitCode=0; worker control channel closed
2026-06-03T18:49:20.3740826+00:00	WorkerDeferred	AuditHairball	ResumeTaskId=AuditHairball.audit-hairball
2026-06-03T18:49:20.3747821+00:00	WorkerEvent	BridgeL07L08	Closed; ExitCode=-1; worker control channel closed
2026-06-03T18:49:20.3752356+00:00	WorkerProcessExited	BridgeL07L08	ExitCode=0; worker control channel closed
2026-06-03T18:49:20.3760322+00:00	WorkerDeferred	BridgeL07L08	ResumeTaskId=BridgeL07L08.bridge-l07-l08-collect
2026-06-03T18:49:20.3766558+00:00	WorkerProcessExited	Layer05Node07	ExitCode=0; worker process exited
2026-06-03T18:49:20.3777730+00:00	PipelineCompleted	Layer05Node07	
2026-06-03T18:49:20.3782187+00:00	WorkerProcessExited	Layer04Hub	ExitCode=0; worker process exited
2026-06-03T18:49:20.3802479+00:00	WorkerStarting	Layer06Node01	meta-pipeline
2026-06-03T18:49:20.5329476+00:00	WorkerStarted	Layer06Node01	22088
2026-06-03T18:49:20.5333899+00:00	WorkerControlPipe	Layer06Node01	meta-orchestration-79cbcea339fe4bfba77ebdf2bed1f102
2026-06-03T18:49:20.5338253+00:00	WorkerLog	Layer06Node01	stdout=C:\Users\jimmy\Desktop\meta-bi\Samples\Demos\MetaOrchestrationHairballCliIntegration\Runs\hairball-seed-20260530\RunArtifacts\runs\20260603-184845_ae6b7ebedfd54bb0a97473c44e0b6763\logs\Layer06Node01-22088.stdout.log; stderr=C:\Users\jimmy\Desktop\meta-bi\Samples\Demos\MetaOrchestrationHairballCliIntegration\Runs\hairball-seed-20260530\RunArtifacts\runs\20260603-184845_ae6b7ebedfd54bb0a97473c44e0b6763\logs\Layer06Node01-22088.stderr.log
2026-06-03T18:49:20.5343204+00:00	WorkerEvent	Layer07Node08	PipelineStarted; ExitCode=0; pipeline started
2026-06-03T18:49:20.5351981+00:00	WorkerEvent	BridgeL03L04	PipelineStarted; ExitCode=0; pipeline started
2026-06-03T18:49:20.5361424+00:00	WorkerEvent	Layer07Node08.export-l07-n08	TaskReady; ExitCode=0; 
2026-06-03T18:49:20.5376008+00:00	WorkerEvent	BridgeL03L04.bridge-l03-l04-collect	TaskReady; ExitCode=0; 
2026-06-03T18:49:20.5387338+00:00	WorkerEvent	Layer05Node04	WorkerOnline; ExitCode=0; online
2026-06-03T18:49:20.5396198+00:00	WorkerEvent	Layer06Node04.export-l06-n04	TaskSucceeded; ExitCode=0; 
2026-06-03T18:49:20.5404775+00:00	TaskSucceeded	Layer06Node04.export-l06-n04	0
2026-06-03T18:49:20.5411190+00:00	WorkerEvent	Layer05Node04	WorkerReady; ExitCode=0; ready
2026-06-03T18:49:20.5474151+00:00	StartPipeline	Layer05Node04	Layer05Node04
2026-06-03T18:49:20.5488515+00:00	WorkerProcessExited	Layer06Node04	ExitCode=0; worker process exited
2026-06-03T18:49:20.5509617+00:00	PipelineCompleted	Layer06Node04	
2026-06-03T18:49:20.5524262+00:00	GrantTask	BridgeL03L04.bridge-l03-l04-collect	BridgeL03L04.bridge-l03-l04-collect; GrantId=grant-73; Attempt=1
2026-06-03T18:49:20.5532278+00:00	GrantTask	Layer07Node08.export-l07-n08	Layer07Node08.export-l07-n08; GrantId=grant-74; Attempt=1
2026-06-03T18:49:20.5536918+00:00	WorkerStarting	Layer06Node07	meta-pipeline
2026-06-03T18:49:20.7164754+00:00	WorkerStarted	Layer06Node07	3764
2026-06-03T18:49:20.7176581+00:00	WorkerControlPipe	Layer06Node07	meta-orchestration-ec3cc5e2f7f04016b9ab0f12bd123362
2026-06-03T18:49:20.7180913+00:00	WorkerLog	Layer06Node07	stdout=C:\Users\jimmy\Desktop\meta-bi\Samples\Demos\MetaOrchestrationHairballCliIntegration\Runs\hairball-seed-20260530\RunArtifacts\runs\20260603-184845_ae6b7ebedfd54bb0a97473c44e0b6763\logs\Layer06Node07-3764.stdout.log; stderr=C:\Users\jimmy\Desktop\meta-bi\Samples\Demos\MetaOrchestrationHairballCliIntegration\Runs\hairball-seed-20260530\RunArtifacts\runs\20260603-184845_ae6b7ebedfd54bb0a97473c44e0b6763\logs\Layer06Node07-3764.stderr.log
2026-06-03T18:49:20.7185965+00:00	WorkerEvent	Layer07Node08.export-l07-n08	GrantAccepted; ExitCode=0; 
2026-06-03T18:49:20.7193871+00:00	WorkerEvent	BridgeL03L04.bridge-l03-l04-collect	GrantAccepted; ExitCode=0; 
2026-06-03T18:49:20.7224418+00:00	WorkerEvent	Layer07Node08.export-l07-n08	TaskStarted; ExitCode=0; 
2026-06-03T18:49:20.7232479+00:00	WorkerEvent	BridgeL03L04.bridge-l03-l04-collect	TaskStarted; ExitCode=0; 
2026-06-03T18:49:20.7239747+00:00	WorkerEvent	Layer08Node05.refresh-l08-n05	TaskSucceeded; ExitCode=0; 
2026-06-03T18:49:20.7248781+00:00	TaskSucceeded	Layer08Node05.refresh-l08-n05	0
2026-06-03T18:49:20.7252924+00:00	WorkerEvent	Layer08Node06	PipelineStarted; ExitCode=0; pipeline started
2026-06-03T18:49:20.7261604+00:00	WorkerEvent	Layer06Node01	WorkerOnline; ExitCode=0; online
2026-06-03T18:49:20.7268811+00:00	WorkerProcessExited	Layer08Node05	ExitCode=0; worker process exited
2026-06-03T18:49:20.7275871+00:00	PipelineCompleted	Layer08Node05	
2026-06-03T18:49:20.7280605+00:00	WorkerEvent	Layer08Node06.select-l08-n06	TaskReady; ExitCode=0; 
2026-06-03T18:49:20.7303920+00:00	WorkerEvent	Layer06Node01	WorkerReady; ExitCode=0; ready
2026-06-03T18:49:20.7379355+00:00	StartPipeline	Layer06Node01	Layer06Node01
2026-06-03T18:49:20.7470180+00:00	GrantTask	Layer08Node06.select-l08-n06	Layer08Node06.select-l08-n06; GrantId=grant-75; Attempt=1
2026-06-03T18:49:20.7506351+00:00	WorkerStarting	Layer06Node10	meta-pipeline
2026-06-03T18:49:20.9516323+00:00	WorkerStarted	Layer06Node10	23384
2026-06-03T18:49:20.9524132+00:00	WorkerControlPipe	Layer06Node10	meta-orchestration-e54968654e334c598568427e309d3629
2026-06-03T18:49:20.9537185+00:00	WorkerLog	Layer06Node10	stdout=C:\Users\jimmy\Desktop\meta-bi\Samples\Demos\MetaOrchestrationHairballCliIntegration\Runs\hairball-seed-20260530\RunArtifacts\runs\20260603-184845_ae6b7ebedfd54bb0a97473c44e0b6763\logs\Layer06Node10-23384.stdout.log; stderr=C:\Users\jimmy\Desktop\meta-bi\Samples\Demos\MetaOrchestrationHairballCliIntegration\Runs\hairball-seed-20260530\RunArtifacts\runs\20260603-184845_ae6b7ebedfd54bb0a97473c44e0b6763\logs\Layer06Node10-23384.stderr.log
2026-06-03T18:49:20.9543368+00:00	WorkerEvent	Layer08Node06.select-l08-n06	GrantAccepted; ExitCode=0; 
2026-06-03T18:49:20.9553421+00:00	WorkerEvent	Layer06Node07	WorkerOnline; ExitCode=0; online
2026-06-03T18:49:20.9600139+00:00	WorkerResuming	AuditHairball	ResumeTaskId=AuditHairball.audit-hairball; Executable=meta-pipeline
2026-06-03T18:49:21.1544915+00:00	WorkerStarted	AuditHairball	10716
2026-06-03T18:49:21.1550508+00:00	WorkerControlPipe	AuditHairball	meta-orchestration-2565cc861c51473c94516458bad091b3
2026-06-03T18:49:21.1558752+00:00	WorkerLog	AuditHairball	stdout=C:\Users\jimmy\Desktop\meta-bi\Samples\Demos\MetaOrchestrationHairballCliIntegration\Runs\hairball-seed-20260530\RunArtifacts\runs\20260603-184845_ae6b7ebedfd54bb0a97473c44e0b6763\logs\AuditHairball-10716.stdout.log; stderr=C:\Users\jimmy\Desktop\meta-bi\Samples\Demos\MetaOrchestrationHairballCliIntegration\Runs\hairball-seed-20260530\RunArtifacts\runs\20260603-184845_ae6b7ebedfd54bb0a97473c44e0b6763\logs\AuditHairball-10716.stderr.log
2026-06-03T18:49:21.1564401+00:00	WorkerEvent	Layer06Node10	WorkerOnline; ExitCode=0; online
2026-06-03T18:49:21.1574151+00:00	WorkerEvent	Layer08Node06.select-l08-n06	TaskStarted; ExitCode=0; 
2026-06-03T18:49:21.1583879+00:00	WorkerEvent	Layer06Node07	WorkerReady; ExitCode=0; ready
2026-06-03T18:49:21.1684128+00:00	StartPipeline	Layer06Node07	Layer06Node07
2026-06-03T18:49:21.1694245+00:00	WorkerEvent	Layer06Node10	WorkerReady; ExitCode=0; ready
2026-06-03T18:49:21.1703686+00:00	StartPipeline	Layer06Node10	Layer06Node10
2026-06-03T18:49:21.1732682+00:00	WorkerResuming	BridgeL05L06	ResumeTaskId=BridgeL05L06.bridge-l05-l06-collect; Executable=meta-pipeline
2026-06-03T18:49:21.3966212+00:00	WorkerStarted	BridgeL05L06	24740
2026-06-03T18:49:21.3974572+00:00	WorkerControlPipe	BridgeL05L06	meta-orchestration-36efa0750d1e4462b49412a150f112ed
2026-06-03T18:49:21.3992035+00:00	WorkerLog	BridgeL05L06	stdout=C:\Users\jimmy\Desktop\meta-bi\Samples\Demos\MetaOrchestrationHairballCliIntegration\Runs\hairball-seed-20260530\RunArtifacts\runs\20260603-184845_ae6b7ebedfd54bb0a97473c44e0b6763\logs\BridgeL05L06-24740.stdout.log; stderr=C:\Users\jimmy\Desktop\meta-bi\Samples\Demos\MetaOrchestrationHairballCliIntegration\Runs\hairball-seed-20260530\RunArtifacts\runs\20260603-184845_ae6b7ebedfd54bb0a97473c44e0b6763\logs\BridgeL05L06-24740.stderr.log
2026-06-03T18:49:21.3999721+00:00	WorkerEvent	AuditHairball	WorkerOnline; ExitCode=0; online
2026-06-03T18:49:21.4089906+00:00	WorkerResuming	BridgeL07L08	ResumeTaskId=BridgeL07L08.bridge-l07-l08-collect; Executable=meta-pipeline
2026-06-03T18:49:21.6282709+00:00	WorkerStarted	BridgeL07L08	23932
2026-06-03T18:49:21.6323700+00:00	WorkerControlPipe	BridgeL07L08	meta-orchestration-fd363efe18604963b53957c31aa700c3
2026-06-03T18:49:21.6338672+00:00	WorkerLog	BridgeL07L08	stdout=C:\Users\jimmy\Desktop\meta-bi\Samples\Demos\MetaOrchestrationHairballCliIntegration\Runs\hairball-seed-20260530\RunArtifacts\runs\20260603-184845_ae6b7ebedfd54bb0a97473c44e0b6763\logs\BridgeL07L08-23932.stdout.log; stderr=C:\Users\jimmy\Desktop\meta-bi\Samples\Demos\MetaOrchestrationHairballCliIntegration\Runs\hairball-seed-20260530\RunArtifacts\runs\20260603-184845_ae6b7ebedfd54bb0a97473c44e0b6763\logs\BridgeL07L08-23932.stderr.log
2026-06-03T18:49:21.6360011+00:00	WorkerEvent	BridgeL05L06	WorkerOnline; ExitCode=0; online
2026-06-03T18:49:21.6369938+00:00	WorkerEvent	AuditHairball	WorkerReady; ExitCode=0; ready
2026-06-03T18:49:21.6379794+00:00	StartPipeline	AuditHairball	AuditHairball
2026-06-03T18:49:21.6406506+00:00	WorkerEvent	BridgeL05L06	WorkerReady; ExitCode=0; ready
2026-06-03T18:49:21.6445924+00:00	StartPipeline	BridgeL05L06	BridgeL05L06
2026-06-03T18:49:21.6647893+00:00	WorkerEvent	BridgeL07L08	WorkerOnline; ExitCode=0; online
2026-06-03T18:49:21.7004005+00:00	WorkerEvent	BridgeL07L08	WorkerReady; ExitCode=0; ready
2026-06-03T18:49:21.7115005+00:00	StartPipeline	BridgeL07L08	BridgeL07L08
2026-06-03T18:49:21.7430340+00:00	WorkerEvent	Layer05Node04	PipelineStarted; ExitCode=0; pipeline started
2026-06-03T18:49:21.7503159+00:00	WorkerEvent	Layer05Node04.select-l05-n04	TaskReady; ExitCode=0; 
2026-06-03T18:49:21.7556743+00:00	GrantTask	Layer05Node04.select-l05-n04	Layer05Node04.select-l05-n04; GrantId=grant-76; Attempt=1
2026-06-03T18:49:21.7584038+00:00	WorkerEvent	Layer05Node04.select-l05-n04	GrantAccepted; ExitCode=0; 
2026-06-03T18:49:21.7646184+00:00	WorkerEvent	Layer05Node04.select-l05-n04	TaskStarted; ExitCode=0; 
2026-06-03T18:49:21.8597067+00:00	WorkerEvent	Layer08Node06.select-l08-n06	TaskSucceeded; ExitCode=0; 
2026-06-03T18:49:21.8631451+00:00	TaskSucceeded	Layer08Node06.select-l08-n06	0
2026-06-03T18:49:21.8881412+00:00	WorkerProcessExited	Layer08Node06	ExitCode=0; worker process exited
2026-06-03T18:49:21.9040463+00:00	PipelineCompleted	Layer08Node06	
2026-06-03T18:49:21.9131034+00:00	WorkerStarting	Layer05Node01	meta-pipeline
2026-06-03T18:49:22.1225078+00:00	WorkerStarted	Layer05Node01	10284
2026-06-03T18:49:22.1230303+00:00	WorkerControlPipe	Layer05Node01	meta-orchestration-4ede9ad5a3f64ea99a04e875129c24fc
2026-06-03T18:49:22.1234552+00:00	WorkerLog	Layer05Node01	stdout=C:\Users\jimmy\Desktop\meta-bi\Samples\Demos\MetaOrchestrationHairballCliIntegration\Runs\hairball-seed-20260530\RunArtifacts\runs\20260603-184845_ae6b7ebedfd54bb0a97473c44e0b6763\logs\Layer05Node01-10284.stdout.log; stderr=C:\Users\jimmy\Desktop\meta-bi\Samples\Demos\MetaOrchestrationHairballCliIntegration\Runs\hairball-seed-20260530\RunArtifacts\runs\20260603-184845_ae6b7ebedfd54bb0a97473c44e0b6763\logs\Layer05Node01-10284.stderr.log
2026-06-03T18:49:22.1240128+00:00	WorkerEvent	Layer07Node08.export-l07-n08	TaskSucceeded; ExitCode=0; 
2026-06-03T18:49:22.1250095+00:00	TaskSucceeded	Layer07Node08.export-l07-n08	0
2026-06-03T18:49:22.1254623+00:00	WorkerEvent	BridgeL03L04.bridge-l03-l04-collect	TaskSucceeded; ExitCode=0; 
2026-06-03T18:49:22.1264720+00:00	TaskSucceeded	BridgeL03L04.bridge-l03-l04-collect	0
2026-06-03T18:49:22.1270267+00:00	WorkerEvent	Layer06Node01	PipelineStarted; ExitCode=0; pipeline started
2026-06-03T18:49:22.1289146+00:00	WorkerProcessExited	Layer07Node08	ExitCode=0; worker process exited
2026-06-03T18:49:22.1299712+00:00	PipelineCompleted	Layer07Node08	
2026-06-03T18:49:22.1307090+00:00	WorkerEvent	BridgeL03L04.bridge-l03-l04-north	TaskReady; ExitCode=0; 
2026-06-03T18:49:22.1315670+00:00	WorkerEvent	Layer06Node01.select-l06-n01	TaskReady; ExitCode=0; 
2026-06-03T18:49:22.1335423+00:00	GrantTask	BridgeL03L04.bridge-l03-l04-north	BridgeL03L04.bridge-l03-l04-north; GrantId=grant-77; Attempt=1
2026-06-03T18:49:22.1347710+00:00	GrantTask	Layer06Node01.select-l06-n01	Layer06Node01.select-l06-n01; GrantId=grant-78; Attempt=1
2026-06-03T18:49:22.1351842+00:00	WorkerStarting	Layer05Node05	meta-pipeline
2026-06-03T18:49:22.3556000+00:00	WorkerStarted	Layer05Node05	26584
2026-06-03T18:49:22.3565527+00:00	WorkerControlPipe	Layer05Node05	meta-orchestration-196e9ba11b0e45d6af67fa5576bc9920
2026-06-03T18:49:22.3569934+00:00	WorkerLog	Layer05Node05	stdout=C:\Users\jimmy\Desktop\meta-bi\Samples\Demos\MetaOrchestrationHairballCliIntegration\Runs\hairball-seed-20260530\RunArtifacts\runs\20260603-184845_ae6b7ebedfd54bb0a97473c44e0b6763\logs\Layer05Node05-26584.stdout.log; stderr=C:\Users\jimmy\Desktop\meta-bi\Samples\Demos\MetaOrchestrationHairballCliIntegration\Runs\hairball-seed-20260530\RunArtifacts\runs\20260603-184845_ae6b7ebedfd54bb0a97473c44e0b6763\logs\Layer05Node05-26584.stderr.log
2026-06-03T18:49:22.3576445+00:00	WorkerEvent	BridgeL03L04.bridge-l03-l04-north	GrantAccepted; ExitCode=0; 
2026-06-03T18:49:22.3587077+00:00	WorkerEvent	Layer05Node01	WorkerOnline; ExitCode=0; online
2026-06-03T18:49:22.3596915+00:00	WorkerEvent	Layer06Node01.select-l06-n01	GrantAccepted; ExitCode=0; 
2026-06-03T18:49:22.3646974+00:00	WorkerEvent	BridgeL03L04.bridge-l03-l04-north	TaskStarted; ExitCode=0; 
2026-06-03T18:49:22.3672857+00:00	WorkerEvent	Layer05Node01	WorkerReady; ExitCode=0; ready
2026-06-03T18:49:22.3752538+00:00	StartPipeline	Layer05Node01	Layer05Node01
2026-06-03T18:49:22.3765267+00:00	WorkerEvent	Layer06Node01.select-l06-n01	TaskStarted; ExitCode=0; 
2026-06-03T18:49:22.3778407+00:00	WorkerEvent	Layer06Node07	PipelineStarted; ExitCode=0; pipeline started
2026-06-03T18:49:22.3811249+00:00	WorkerEvent	Layer06Node07.export-l06-n07	TaskReady; ExitCode=0; 
2026-06-03T18:49:22.3855913+00:00	GrantTask	Layer06Node07.export-l06-n07	Layer06Node07.export-l06-n07; GrantId=grant-79; Attempt=1
2026-06-03T18:49:22.3878055+00:00	WorkerEvent	Layer06Node07.export-l06-n07	GrantAccepted; ExitCode=0; 
2026-06-03T18:49:22.3903167+00:00	WorkerEvent	Layer06Node07.export-l06-n07	TaskStarted; ExitCode=0; 
2026-06-03T18:49:22.3926665+00:00	WorkerEvent	Layer05Node05	WorkerOnline; ExitCode=0; online
2026-06-03T18:49:22.3966090+00:00	WorkerEvent	Layer05Node05	WorkerReady; ExitCode=0; ready
2026-06-03T18:49:22.4214888+00:00	StartPipeline	Layer05Node05	Layer05Node05
2026-06-03T18:49:22.4227858+00:00	WorkerEvent	Layer06Node10	PipelineStarted; ExitCode=0; pipeline started
2026-06-03T18:49:22.4399043+00:00	WorkerEvent	Layer06Node10.refresh-l06-n10	TaskReady; ExitCode=0; 
2026-06-03T18:49:22.4494692+00:00	GrantTask	Layer06Node10.refresh-l06-n10	Layer06Node10.refresh-l06-n10; GrantId=grant-80; Attempt=1
2026-06-03T18:49:22.4613926+00:00	WorkerEvent	Layer06Node10.refresh-l06-n10	GrantAccepted; ExitCode=0; 
2026-06-03T18:49:22.4652586+00:00	WorkerEvent	Layer06Node10.refresh-l06-n10	TaskStarted; ExitCode=0; 
2026-06-03T18:49:22.7474090+00:00	WorkerEvent	AuditHairball	PipelineStarted; ExitCode=0; pipeline started
2026-06-03T18:49:22.7503040+00:00	WorkerEvent	AuditHairball.audit-hairball	TaskReady; ExitCode=0; 
2026-06-03T18:49:22.8123047+00:00	WorkerEvent	Layer05Node04.select-l05-n04	TaskSucceeded; ExitCode=0; 
2026-06-03T18:49:22.8149728+00:00	TaskSucceeded	Layer05Node04.select-l05-n04	0
2026-06-03T18:49:22.8155383+00:00	WorkerEvent	Layer05Node04	Closed; ExitCode=-1; worker control channel closed
2026-06-03T18:49:22.8167868+00:00	PipelineCompleted	Layer05Node04	
2026-06-03T18:49:22.8177304+00:00	WorkerStarting	Layer05Node08	meta-pipeline
2026-06-03T18:49:23.0882288+00:00	WorkerStarted	Layer05Node08	2564
2026-06-03T18:49:23.0889797+00:00	WorkerControlPipe	Layer05Node08	meta-orchestration-c2458c5326ca44438af48ec63b00ad9b
2026-06-03T18:49:23.0894845+00:00	WorkerLog	Layer05Node08	stdout=C:\Users\jimmy\Desktop\meta-bi\Samples\Demos\MetaOrchestrationHairballCliIntegration\Runs\hairball-seed-20260530\RunArtifacts\runs\20260603-184845_ae6b7ebedfd54bb0a97473c44e0b6763\logs\Layer05Node08-2564.stdout.log; stderr=C:\Users\jimmy\Desktop\meta-bi\Samples\Demos\MetaOrchestrationHairballCliIntegration\Runs\hairball-seed-20260530\RunArtifacts\runs\20260603-184845_ae6b7ebedfd54bb0a97473c44e0b6763\logs\Layer05Node08-2564.stderr.log
2026-06-03T18:49:23.0901275+00:00	WorkerEvent	BridgeL03L04.bridge-l03-l04-north	TaskSucceeded; ExitCode=0; 
2026-06-03T18:49:23.0909304+00:00	TaskSucceeded	BridgeL03L04.bridge-l03-l04-north	0
2026-06-03T18:49:23.0947392+00:00	WorkerProcessExited	Layer05Node04	ExitCode=0; worker process exited
2026-06-03T18:49:23.0974586+00:00	WorkerEvent	BridgeL03L04.bridge-l03-l04-south	TaskReady; ExitCode=0; 
2026-06-03T18:49:23.1025379+00:00	GrantTask	BridgeL03L04.bridge-l03-l04-south	BridgeL03L04.bridge-l03-l04-south; GrantId=grant-81; Attempt=1
2026-06-03T18:49:23.1057069+00:00	WorkerEvent	BridgeL03L04.bridge-l03-l04-south	GrantAccepted; ExitCode=0; 
2026-06-03T18:49:23.1182988+00:00	WorkerEvent	BridgeL03L04.bridge-l03-l04-south	TaskStarted; ExitCode=0; 
2026-06-03T18:49:23.1312509+00:00	WorkerEvent	Layer05Node08	WorkerOnline; ExitCode=0; online
2026-06-03T18:49:23.1479843+00:00	WorkerEvent	Layer05Node08	WorkerReady; ExitCode=0; ready
2026-06-03T18:49:23.1674771+00:00	StartPipeline	Layer05Node08	Layer05Node08
2026-06-03T18:49:23.3030701+00:00	WorkerEvent	Layer06Node01.select-l06-n01	TaskSucceeded; ExitCode=0; 
2026-06-03T18:49:23.3044402+00:00	TaskSucceeded	Layer06Node01.select-l06-n01	0
2026-06-03T18:49:23.3057242+00:00	WorkerDeferredForCapacity	AuditHairball	Deferred by orchestration to honor max active worker process capacity.
2026-06-03T18:49:23.3062424+00:00	StopPipeline	AuditHairball	Deferred by orchestration to honor max active worker process capacity.
2026-06-03T18:49:23.3069245+00:00	WorkerEvent	Layer06Node10.refresh-l06-n10	TaskSucceeded; ExitCode=0; 
2026-06-03T18:49:23.3079307+00:00	TaskSucceeded	Layer06Node10.refresh-l06-n10	0
2026-06-03T18:49:23.3084579+00:00	WorkerEvent	Layer06Node01	Closed; ExitCode=-1; worker control channel closed
2026-06-03T18:49:23.3093538+00:00	PipelineCompleted	Layer06Node01	
2026-06-03T18:49:23.3109561+00:00	WorkerStarting	Layer07Node05	meta-pipeline
2026-06-03T18:49:23.4995940+00:00	WorkerStarted	Layer07Node05	2056
2026-06-03T18:49:23.5001457+00:00	WorkerControlPipe	Layer07Node05	meta-orchestration-7679d63cdbab4b3ca880d89776a7cea9
2026-06-03T18:49:23.5008833+00:00	WorkerLog	Layer07Node05	stdout=C:\Users\jimmy\Desktop\meta-bi\Samples\Demos\MetaOrchestrationHairballCliIntegration\Runs\hairball-seed-20260530\RunArtifacts\runs\20260603-184845_ae6b7ebedfd54bb0a97473c44e0b6763\logs\Layer07Node05-2056.stdout.log; stderr=C:\Users\jimmy\Desktop\meta-bi\Samples\Demos\MetaOrchestrationHairballCliIntegration\Runs\hairball-seed-20260530\RunArtifacts\runs\20260603-184845_ae6b7ebedfd54bb0a97473c44e0b6763\logs\Layer07Node05-2056.stderr.log
2026-06-03T18:49:23.5015161+00:00	WorkerEvent	BridgeL07L08	PipelineStarted; ExitCode=0; pipeline started
2026-06-03T18:49:23.5034900+00:00	WorkerEvent	BridgeL03L04.bridge-l03-l04-south	TaskSucceeded; ExitCode=0; 
2026-06-03T18:49:23.5042892+00:00	TaskSucceeded	BridgeL03L04.bridge-l03-l04-south	0
2026-06-03T18:49:23.5046994+00:00	WorkerEvent	BridgeL05L06	PipelineStarted; ExitCode=0; pipeline started
2026-06-03T18:49:23.5054316+00:00	WorkerEvent	Layer06Node10	Closed; ExitCode=0; worker control channel closed
2026-06-03T18:49:23.5068772+00:00	WorkerProcessExited	Layer06Node10	ExitCode=0; worker control channel closed
2026-06-03T18:49:23.5078967+00:00	PipelineCompleted	Layer06Node10	
2026-06-03T18:49:23.5085168+00:00	WorkerEvent	BridgeL07L08.bridge-l07-l08-collect	TaskReady; ExitCode=0; 
2026-06-03T18:49:23.5093392+00:00	WorkerEvent	BridgeL05L06.bridge-l05-l06-collect	TaskReady; ExitCode=0; 
2026-06-03T18:49:23.5102878+00:00	WorkerEvent	AuditHairball	Closed; ExitCode=0; worker control channel closed
2026-06-03T18:49:23.5110658+00:00	WorkerProcessExited	AuditHairball	ExitCode=0; worker control channel closed
2026-06-03T18:49:23.5120391+00:00	WorkerDeferred	AuditHairball	ResumeTaskId=AuditHairball.audit-hairball
2026-06-03T18:49:23.5125173+00:00	WorkerEvent	Layer06Node07.export-l06-n07	TaskSucceeded; ExitCode=0; 
2026-06-03T18:49:23.5133431+00:00	TaskSucceeded	Layer06Node07.export-l06-n07	0
2026-06-03T18:49:23.5137984+00:00	WorkerProcessExited	BridgeL03L04	ExitCode=0; worker process exited
2026-06-03T18:49:23.5151581+00:00	PipelineCompleted	BridgeL03L04	
2026-06-03T18:49:23.5155870+00:00	WorkerProcessExited	Layer06Node01	ExitCode=0; worker process exited
2026-06-03T18:49:23.5160838+00:00	WorkerProcessExited	Layer06Node07	ExitCode=0; worker process exited
2026-06-03T18:49:23.5167788+00:00	PipelineCompleted	Layer06Node07	
2026-06-03T18:49:23.5176701+00:00	WorkerStarting	Layer06Node05	meta-pipeline
2026-06-03T18:49:23.6562771+00:00	WorkerStarted	Layer06Node05	14740
2026-06-03T18:49:23.6567645+00:00	WorkerControlPipe	Layer06Node05	meta-orchestration-cb100e64c8a640978ed91286f790589d
2026-06-03T18:49:23.6571688+00:00	WorkerLog	Layer06Node05	stdout=C:\Users\jimmy\Desktop\meta-bi\Samples\Demos\MetaOrchestrationHairballCliIntegration\Runs\hairball-seed-20260530\RunArtifacts\runs\20260603-184845_ae6b7ebedfd54bb0a97473c44e0b6763\logs\Layer06Node05-14740.stdout.log; stderr=C:\Users\jimmy\Desktop\meta-bi\Samples\Demos\MetaOrchestrationHairballCliIntegration\Runs\hairball-seed-20260530\RunArtifacts\runs\20260603-184845_ae6b7ebedfd54bb0a97473c44e0b6763\logs\Layer06Node05-14740.stderr.log
2026-06-03T18:49:23.6576745+00:00	WorkerEvent	Layer05Node05	PipelineStarted; ExitCode=0; pipeline started
2026-06-03T18:49:23.6585065+00:00	WorkerEvent	Layer05Node01	PipelineStarted; ExitCode=0; pipeline started
2026-06-03T18:49:23.6598114+00:00	WorkerEvent	Layer05Node05.refresh-l05-n05	TaskReady; ExitCode=0; 
2026-06-03T18:49:23.6612212+00:00	WorkerEvent	Layer05Node01.select-l05-n01	TaskReady; ExitCode=0; 
2026-06-03T18:49:23.6626388+00:00	WorkerEvent	Layer07Node05	WorkerOnline; ExitCode=0; online
2026-06-03T18:49:23.6653127+00:00	GrantTask	Layer05Node01.select-l05-n01	Layer05Node01.select-l05-n01; GrantId=grant-82; Attempt=1
2026-06-03T18:49:23.6662810+00:00	GrantTask	Layer05Node05.refresh-l05-n05	Layer05Node05.refresh-l05-n05; GrantId=grant-83; Attempt=1
2026-06-03T18:49:23.6667114+00:00	WorkerResuming	AuditHairball	ResumeTaskId=AuditHairball.audit-hairball; Executable=meta-pipeline
2026-06-03T18:49:23.8404762+00:00	WorkerStarted	AuditHairball	28160
2026-06-03T18:49:23.8410425+00:00	WorkerControlPipe	AuditHairball	meta-orchestration-56b26c83cce346a3bd7c23af35d446b0
2026-06-03T18:49:23.8414697+00:00	WorkerLog	AuditHairball	stdout=C:\Users\jimmy\Desktop\meta-bi\Samples\Demos\MetaOrchestrationHairballCliIntegration\Runs\hairball-seed-20260530\RunArtifacts\runs\20260603-184845_ae6b7ebedfd54bb0a97473c44e0b6763\logs\AuditHairball-28160.stdout.log; stderr=C:\Users\jimmy\Desktop\meta-bi\Samples\Demos\MetaOrchestrationHairballCliIntegration\Runs\hairball-seed-20260530\RunArtifacts\runs\20260603-184845_ae6b7ebedfd54bb0a97473c44e0b6763\logs\AuditHairball-28160.stderr.log
2026-06-03T18:49:23.8419684+00:00	WorkerEvent	Layer05Node05.refresh-l05-n05	GrantAccepted; ExitCode=0; 
2026-06-03T18:49:23.8436741+00:00	WorkerEvent	Layer05Node01.select-l05-n01	GrantAccepted; ExitCode=0; 
2026-06-03T18:49:23.8447588+00:00	WorkerEvent	Layer07Node05	WorkerReady; ExitCode=0; ready
2026-06-03T18:49:23.8542026+00:00	StartPipeline	Layer07Node05	Layer07Node05
2026-06-03T18:49:23.8550184+00:00	WorkerEvent	Layer05Node05.refresh-l05-n05	TaskStarted; ExitCode=0; 
2026-06-03T18:49:23.8576470+00:00	WorkerEvent	Layer05Node01.select-l05-n01	TaskStarted; ExitCode=0; 
2026-06-03T18:49:23.8585725+00:00	WorkerEvent	Layer06Node05	WorkerOnline; ExitCode=0; online
2026-06-03T18:49:23.8652937+00:00	WorkerStarting	Layer05Node06	meta-pipeline
2026-06-03T18:49:24.0762879+00:00	WorkerStarted	Layer05Node06	9604
2026-06-03T18:49:24.0779282+00:00	WorkerControlPipe	Layer05Node06	meta-orchestration-0cb5f0d7d7c242c4b0da061cf72bf940
2026-06-03T18:49:24.0784418+00:00	WorkerLog	Layer05Node06	stdout=C:\Users\jimmy\Desktop\meta-bi\Samples\Demos\MetaOrchestrationHairballCliIntegration\Runs\hairball-seed-20260530\RunArtifacts\runs\20260603-184845_ae6b7ebedfd54bb0a97473c44e0b6763\logs\Layer05Node06-9604.stdout.log; stderr=C:\Users\jimmy\Desktop\meta-bi\Samples\Demos\MetaOrchestrationHairballCliIntegration\Runs\hairball-seed-20260530\RunArtifacts\runs\20260603-184845_ae6b7ebedfd54bb0a97473c44e0b6763\logs\Layer05Node06-9604.stderr.log
2026-06-03T18:49:24.0791968+00:00	WorkerEvent	AuditHairball	WorkerOnline; ExitCode=0; online
2026-06-03T18:49:24.0802810+00:00	WorkerEvent	Layer06Node05	WorkerReady; ExitCode=0; ready
2026-06-03T18:49:24.0816669+00:00	StartPipeline	Layer06Node05	Layer06Node05
2026-06-03T18:49:24.0832092+00:00	WorkerEvent	AuditHairball	WorkerReady; ExitCode=0; ready
2026-06-03T18:49:24.0946740+00:00	StartPipeline	AuditHairball	AuditHairball
2026-06-03T18:49:24.1035210+00:00	WorkerStarting	Layer06Hub	meta-pipeline
2026-06-03T18:49:24.3013796+00:00	WorkerStarted	Layer06Hub	22636
2026-06-03T18:49:24.3019093+00:00	WorkerControlPipe	Layer06Hub	meta-orchestration-4e07dfef150d47888add1196f6f5563f
2026-06-03T18:49:24.3023269+00:00	WorkerLog	Layer06Hub	stdout=C:\Users\jimmy\Desktop\meta-bi\Samples\Demos\MetaOrchestrationHairballCliIntegration\Runs\hairball-seed-20260530\RunArtifacts\runs\20260603-184845_ae6b7ebedfd54bb0a97473c44e0b6763\logs\Layer06Hub-22636.stdout.log; stderr=C:\Users\jimmy\Desktop\meta-bi\Samples\Demos\MetaOrchestrationHairballCliIntegration\Runs\hairball-seed-20260530\RunArtifacts\runs\20260603-184845_ae6b7ebedfd54bb0a97473c44e0b6763\logs\Layer06Hub-22636.stderr.log
2026-06-03T18:49:24.3028389+00:00	WorkerEvent	Layer05Node06	WorkerOnline; ExitCode=0; online
2026-06-03T18:49:24.3039060+00:00	WorkerEvent	Layer05Node08	PipelineStarted; ExitCode=0; pipeline started
2026-06-03T18:49:24.3048867+00:00	WorkerEvent	Layer05Node06	WorkerReady; ExitCode=0; ready
2026-06-03T18:49:24.3153913+00:00	StartPipeline	Layer05Node06	Layer05Node06
2026-06-03T18:49:24.3171815+00:00	WorkerEvent	Layer05Node08.refresh-l05-n08	TaskReady; ExitCode=0; 
2026-06-03T18:49:24.3217791+00:00	GrantTask	Layer05Node08.refresh-l05-n08	Layer05Node08.refresh-l05-n08; GrantId=grant-84; Attempt=1
2026-06-03T18:49:24.3243708+00:00	WorkerEvent	Layer05Node08.refresh-l05-n08	GrantAccepted; ExitCode=0; 
2026-06-03T18:49:24.3284813+00:00	WorkerEvent	Layer05Node08.refresh-l05-n08	TaskStarted; ExitCode=0; 
2026-06-03T18:49:24.3406250+00:00	WorkerEvent	Layer06Hub	WorkerOnline; ExitCode=0; online
2026-06-03T18:49:24.3465030+00:00	WorkerEvent	Layer06Hub	WorkerReady; ExitCode=0; ready
2026-06-03T18:49:24.3509484+00:00	StartPipeline	Layer06Hub	Layer06Hub
2026-06-03T18:49:24.5960326+00:00	WorkerEvent	Layer05Node05.refresh-l05-n05	TaskSucceeded; ExitCode=0; 
2026-06-03T18:49:24.5970590+00:00	TaskSucceeded	Layer05Node05.refresh-l05-n05	0
2026-06-03T18:49:24.5982991+00:00	WorkerDeferredForCapacity	BridgeL05L06	Deferred by orchestration to honor max active worker process capacity.
2026-06-03T18:49:24.5987957+00:00	StopPipeline	BridgeL05L06	Deferred by orchestration to honor max active worker process capacity.
2026-06-03T18:49:24.5999978+00:00	WorkerDeferredForCapacity	BridgeL07L08	Deferred by orchestration to honor max active worker process capacity.
2026-06-03T18:49:24.6004583+00:00	StopPipeline	BridgeL07L08	Deferred by orchestration to honor max active worker process capacity.
2026-06-03T18:49:24.6020887+00:00	WorkerDeferredForCapacity	CompositeMart	Deferred by orchestration to honor max active worker process capacity.
2026-06-03T18:49:24.6026085+00:00	StopPipeline	CompositeMart	Deferred by orchestration to honor max active worker process capacity.
2026-06-03T18:49:24.6036009+00:00	WorkerEvent	Layer05Node05	Closed; ExitCode=-1; worker control channel closed
2026-06-03T18:49:24.6047547+00:00	PipelineCompleted	Layer05Node05	
2026-06-03T18:49:24.6056795+00:00	WorkerStarting	Layer06Node08	meta-pipeline
2026-06-03T18:49:24.8111268+00:00	WorkerStarted	Layer06Node08	16108
2026-06-03T18:49:24.8116961+00:00	WorkerControlPipe	Layer06Node08	meta-orchestration-b659b4a7989d4351b3ae73073dd80d80
2026-06-03T18:49:24.8121408+00:00	WorkerLog	Layer06Node08	stdout=C:\Users\jimmy\Desktop\meta-bi\Samples\Demos\MetaOrchestrationHairballCliIntegration\Runs\hairball-seed-20260530\RunArtifacts\runs\20260603-184845_ae6b7ebedfd54bb0a97473c44e0b6763\logs\Layer06Node08-16108.stdout.log; stderr=C:\Users\jimmy\Desktop\meta-bi\Samples\Demos\MetaOrchestrationHairballCliIntegration\Runs\hairball-seed-20260530\RunArtifacts\runs\20260603-184845_ae6b7ebedfd54bb0a97473c44e0b6763\logs\Layer06Node08-16108.stderr.log
2026-06-03T18:49:24.8126443+00:00	WorkerEvent	CompositeMart	Closed; ExitCode=-1; worker control channel closed
2026-06-03T18:49:24.8134709+00:00	WorkerProcessExited	CompositeMart	ExitCode=0; worker control channel closed
2026-06-03T18:49:24.8149149+00:00	WorkerDeferred	CompositeMart	ResumeTaskId=CompositeMart.composite-stage
2026-06-03T18:49:24.8153598+00:00	WorkerEvent	BridgeL07L08	Closed; ExitCode=-1; worker control channel closed
2026-06-03T18:49:24.8157711+00:00	WorkerProcessExited	BridgeL07L08	ExitCode=0; worker control channel closed
2026-06-03T18:49:24.8168321+00:00	WorkerDeferred	BridgeL07L08	ResumeTaskId=BridgeL07L08.bridge-l07-l08-collect
2026-06-03T18:49:24.8172876+00:00	WorkerEvent	BridgeL05L06	Closed; ExitCode=-1; worker control channel closed
2026-06-03T18:49:24.8177135+00:00	WorkerProcessExited	BridgeL05L06	ExitCode=0; worker control channel closed
2026-06-03T18:49:24.8184844+00:00	WorkerDeferred	BridgeL05L06	ResumeTaskId=BridgeL05L06.bridge-l05-l06-collect
2026-06-03T18:49:24.8188922+00:00	WorkerEvent	Layer05Node01.select-l05-n01	TaskSucceeded; ExitCode=0; 
2026-06-03T18:49:24.8197915+00:00	TaskSucceeded	Layer05Node01.select-l05-n01	0
2026-06-03T18:49:24.8202223+00:00	WorkerProcessExited	Layer05Node01	ExitCode=0; worker process exited
2026-06-03T18:49:24.8210590+00:00	PipelineCompleted	Layer05Node01	
2026-06-03T18:49:24.8214840+00:00	WorkerProcessExited	Layer05Node05	ExitCode=0; worker process exited
2026-06-03T18:49:24.8224541+00:00	WorkerResuming	BridgeL07L08	ResumeTaskId=BridgeL07L08.bridge-l07-l08-collect; Executable=meta-pipeline
2026-06-03T18:49:24.9916455+00:00	WorkerStarted	BridgeL07L08	29020
2026-06-03T18:49:24.9921499+00:00	WorkerControlPipe	BridgeL07L08	meta-orchestration-7c87372aa4144c289824698d81798630
2026-06-03T18:49:24.9935043+00:00	WorkerLog	BridgeL07L08	stdout=C:\Users\jimmy\Desktop\meta-bi\Samples\Demos\MetaOrchestrationHairballCliIntegration\Runs\hairball-seed-20260530\RunArtifacts\runs\20260603-184845_ae6b7ebedfd54bb0a97473c44e0b6763\logs\BridgeL07L08-29020.stdout.log; stderr=C:\Users\jimmy\Desktop\meta-bi\Samples\Demos\MetaOrchestrationHairballCliIntegration\Runs\hairball-seed-20260530\RunArtifacts\runs\20260603-184845_ae6b7ebedfd54bb0a97473c44e0b6763\logs\BridgeL07L08-29020.stderr.log
2026-06-03T18:49:24.9941018+00:00	WorkerEvent	Layer06Node08	WorkerOnline; ExitCode=0; online
2026-06-03T18:49:24.9968093+00:00	WorkerResuming	BridgeL05L06	ResumeTaskId=BridgeL05L06.bridge-l05-l06-collect; Executable=meta-pipeline
2026-06-03T18:49:25.1333354+00:00	WorkerStarted	BridgeL05L06	21120
2026-06-03T18:49:25.1337464+00:00	WorkerControlPipe	BridgeL05L06	meta-orchestration-809f62ce19b84606b762c75a9ce26f37
2026-06-03T18:49:25.1341280+00:00	WorkerLog	BridgeL05L06	stdout=C:\Users\jimmy\Desktop\meta-bi\Samples\Demos\MetaOrchestrationHairballCliIntegration\Runs\hairball-seed-20260530\RunArtifacts\runs\20260603-184845_ae6b7ebedfd54bb0a97473c44e0b6763\logs\BridgeL05L06-21120.stdout.log; stderr=C:\Users\jimmy\Desktop\meta-bi\Samples\Demos\MetaOrchestrationHairballCliIntegration\Runs\hairball-seed-20260530\RunArtifacts\runs\20260603-184845_ae6b7ebedfd54bb0a97473c44e0b6763\logs\BridgeL05L06-21120.stderr.log
2026-06-03T18:49:25.1346044+00:00	WorkerEvent	Layer06Node08	WorkerReady; ExitCode=0; ready
2026-06-03T18:49:25.1354944+00:00	StartPipeline	Layer06Node08	Layer06Node08
2026-06-03T18:49:25.1364964+00:00	WorkerEvent	Layer05Node08.refresh-l05-n08	TaskSucceeded; ExitCode=0; 
2026-06-03T18:49:25.1374082+00:00	TaskSucceeded	Layer05Node08.refresh-l05-n08	0
2026-06-03T18:49:25.1378730+00:00	WorkerEvent	BridgeL07L08	WorkerOnline; ExitCode=0; online
2026-06-03T18:49:25.1389655+00:00	WorkerEvent	AuditHairball	PipelineStarted; ExitCode=0; pipeline started
2026-06-03T18:49:25.1399638+00:00	WorkerEvent	BridgeL07L08	WorkerReady; ExitCode=0; ready
2026-06-03T18:49:25.1447925+00:00	StartPipeline	BridgeL07L08	BridgeL07L08
2026-06-03T18:49:25.1457200+00:00	WorkerEvent	AuditHairball.audit-hairball	TaskReady; ExitCode=0; 
2026-06-03T18:49:25.1467136+00:00	WorkerEvent	Layer07Node05	PipelineStarted; ExitCode=0; pipeline started
2026-06-03T18:49:25.1477516+00:00	WorkerProcessExited	Layer05Node08	ExitCode=0; worker process exited
2026-06-03T18:49:25.1485945+00:00	PipelineCompleted	Layer05Node08	
2026-06-03T18:49:25.1495606+00:00	WorkerEvent	Layer07Node05.select-l07-n05	TaskReady; ExitCode=0; 
2026-06-03T18:49:25.1520948+00:00	GrantTask	Layer07Node05.select-l07-n05	Layer07Node05.select-l07-n05; GrantId=grant-85; Attempt=1
2026-06-03T18:49:25.1527590+00:00	WorkerResuming	CompositeMart	ResumeTaskId=CompositeMart.composite-stage; Executable=meta-pipeline
2026-06-03T18:49:25.2804512+00:00	WorkerStarted	CompositeMart	15232
2026-06-03T18:49:25.2809239+00:00	WorkerControlPipe	CompositeMart	meta-orchestration-e4e32e858cdc4546afd4f062dc078ee0
2026-06-03T18:49:25.2813491+00:00	WorkerLog	CompositeMart	stdout=C:\Users\jimmy\Desktop\meta-bi\Samples\Demos\MetaOrchestrationHairballCliIntegration\Runs\hairball-seed-20260530\RunArtifacts\runs\20260603-184845_ae6b7ebedfd54bb0a97473c44e0b6763\logs\CompositeMart-15232.stdout.log; stderr=C:\Users\jimmy\Desktop\meta-bi\Samples\Demos\MetaOrchestrationHairballCliIntegration\Runs\hairball-seed-20260530\RunArtifacts\runs\20260603-184845_ae6b7ebedfd54bb0a97473c44e0b6763\logs\CompositeMart-15232.stderr.log
2026-06-03T18:49:25.2818375+00:00	WorkerEvent	BridgeL05L06	WorkerOnline; ExitCode=0; online
2026-06-03T18:49:25.2826528+00:00	WorkerEvent	Layer07Node05.select-l07-n05	GrantAccepted; ExitCode=0; 
2026-06-03T18:49:25.2837134+00:00	WorkerEvent	BridgeL05L06	WorkerReady; ExitCode=0; ready
2026-06-03T18:49:25.2877759+00:00	StartPipeline	BridgeL05L06	BridgeL05L06
2026-06-03T18:49:25.2887291+00:00	WorkerEvent	Layer07Node05.select-l07-n05	TaskStarted; ExitCode=0; 
2026-06-03T18:49:25.2894991+00:00	WorkerEvent	Layer06Node05	PipelineStarted; ExitCode=0; pipeline started
2026-06-03T18:49:25.2919863+00:00	WorkerStarting	Layer07Hub	meta-pipeline
2026-06-03T18:49:25.4535625+00:00	WorkerStarted	Layer07Hub	21444
2026-06-03T18:49:25.4541067+00:00	WorkerControlPipe	Layer07Hub	meta-orchestration-9c07efd8e4b94cbc96a14003624ca2dc
2026-06-03T18:49:25.4546298+00:00	WorkerLog	Layer07Hub	stdout=C:\Users\jimmy\Desktop\meta-bi\Samples\Demos\MetaOrchestrationHairballCliIntegration\Runs\hairball-seed-20260530\RunArtifacts\runs\20260603-184845_ae6b7ebedfd54bb0a97473c44e0b6763\logs\Layer07Hub-21444.stdout.log; stderr=C:\Users\jimmy\Desktop\meta-bi\Samples\Demos\MetaOrchestrationHairballCliIntegration\Runs\hairball-seed-20260530\RunArtifacts\runs\20260603-184845_ae6b7ebedfd54bb0a97473c44e0b6763\logs\Layer07Hub-21444.stderr.log
2026-06-03T18:49:25.4551795+00:00	WorkerEvent	Layer05Node06	PipelineStarted; ExitCode=0; pipeline started
2026-06-03T18:49:25.4563327+00:00	WorkerEvent	CompositeMart	WorkerOnline; ExitCode=0; online
2026-06-03T18:49:25.4574620+00:00	WorkerEvent	Layer06Node05.export-l06-n05	TaskReady; ExitCode=0; 
2026-06-03T18:49:25.4592800+00:00	WorkerEvent	Layer05Node06.export-l05-n06	TaskReady; ExitCode=0; 
2026-06-03T18:49:25.4605885+00:00	WorkerEvent	CompositeMart	WorkerReady; ExitCode=0; ready
2026-06-03T18:49:25.4700555+00:00	StartPipeline	CompositeMart	CompositeMart
2026-06-03T18:49:25.4735739+00:00	GrantTask	Layer05Node06.export-l05-n06	Layer05Node06.export-l05-n06; GrantId=grant-86; Attempt=1
2026-06-03T18:49:25.4743646+00:00	GrantTask	Layer06Node05.export-l06-n05	Layer06Node05.export-l06-n05; GrantId=grant-87; Attempt=1
2026-06-03T18:49:25.4748040+00:00	WorkerStarting	Layer07Node01	meta-pipeline
2026-06-03T18:49:25.7350606+00:00	WorkerStarted	Layer07Node01	22912
2026-06-03T18:49:25.7357381+00:00	WorkerControlPipe	Layer07Node01	meta-orchestration-b3836d3fcb9849308b2ef1915b3bcfa9
2026-06-03T18:49:25.7361897+00:00	WorkerLog	Layer07Node01	stdout=C:\Users\jimmy\Desktop\meta-bi\Samples\Demos\MetaOrchestrationHairballCliIntegration\Runs\hairball-seed-20260530\RunArtifacts\runs\20260603-184845_ae6b7ebedfd54bb0a97473c44e0b6763\logs\Layer07Node01-22912.stdout.log; stderr=C:\Users\jimmy\Desktop\meta-bi\Samples\Demos\MetaOrchestrationHairballCliIntegration\Runs\hairball-seed-20260530\RunArtifacts\runs\20260603-184845_ae6b7ebedfd54bb0a97473c44e0b6763\logs\Layer07Node01-22912.stderr.log
2026-06-03T18:49:25.7367312+00:00	WorkerEvent	Layer07Hub	WorkerOnline; ExitCode=0; online
2026-06-03T18:49:25.7376242+00:00	WorkerEvent	Layer05Node06.export-l05-n06	GrantAccepted; ExitCode=0; 
2026-06-03T18:49:25.7384729+00:00	WorkerEvent	Layer06Node05.export-l06-n05	GrantAccepted; ExitCode=0; 
2026-06-03T18:49:25.7417257+00:00	WorkerEvent	Layer07Hub	WorkerReady; ExitCode=0; ready
2026-06-03T18:49:25.7567075+00:00	StartPipeline	Layer07Hub	Layer07Hub
2026-06-03T18:49:25.7644326+00:00	WorkerEvent	Layer06Hub	PipelineStarted; ExitCode=0; pipeline started
2026-06-03T18:49:25.7655411+00:00	WorkerEvent	Layer05Node06.export-l05-n06	TaskStarted; ExitCode=0; 
2026-06-03T18:49:25.7664936+00:00	WorkerEvent	Layer06Node05.export-l06-n05	TaskStarted; ExitCode=0; 
2026-06-03T18:49:25.7840973+00:00	WorkerEvent	Layer06Hub.hub-l06-stage	TaskReady; ExitCode=0; 
2026-06-03T18:49:25.8147672+00:00	WorkerEvent	Layer07Node01	WorkerOnline; ExitCode=0; online
2026-06-03T18:49:25.8172531+00:00	WorkerEvent	Layer07Node01	WorkerReady; ExitCode=0; ready
2026-06-03T18:49:25.8430134+00:00	StartPipeline	Layer07Node01	Layer07Node01
2026-06-03T18:49:26.1951934+00:00	WorkerEvent	Layer06Node08	PipelineStarted; ExitCode=0; pipeline started
2026-06-03T18:49:26.1976462+00:00	WorkerEvent	Layer06Node08.export-l06-n08	TaskReady; ExitCode=0; 
2026-06-03T18:49:26.2006107+00:00	GrantTask	Layer06Node08.export-l06-n08	Layer06Node08.export-l06-n08; GrantId=grant-88; Attempt=1
2026-06-03T18:49:26.2126290+00:00	WorkerEvent	Layer06Node08.export-l06-n08	GrantAccepted; ExitCode=0; 
2026-06-03T18:49:26.2343297+00:00	WorkerEvent	Layer06Node08.export-l06-n08	TaskStarted; ExitCode=0; 
2026-06-03T18:49:26.3081885+00:00	WorkerEvent	Layer07Node05.select-l07-n05	TaskSucceeded; ExitCode=0; 
2026-06-03T18:49:26.3108814+00:00	TaskSucceeded	Layer07Node05.select-l07-n05	0
2026-06-03T18:49:26.3131243+00:00	WorkerEvent	Layer07Node05	Closed; ExitCode=-1; worker control channel closed
2026-06-03T18:49:26.3149210+00:00	PipelineCompleted	Layer07Node05	
2026-06-03T18:49:26.3185595+00:00	WorkerStarting	Layer07Node03	meta-pipeline
2026-06-03T18:49:26.5400284+00:00	WorkerStarted	Layer07Node03	7644
2026-06-03T18:49:26.5407449+00:00	WorkerControlPipe	Layer07Node03	meta-orchestration-6d67633a7de84df391fd2d44340cf1e7
2026-06-03T18:49:26.5413307+00:00	WorkerLog	Layer07Node03	stdout=C:\Users\jimmy\Desktop\meta-bi\Samples\Demos\MetaOrchestrationHairballCliIntegration\Runs\hairball-seed-20260530\RunArtifacts\runs\20260603-184845_ae6b7ebedfd54bb0a97473c44e0b6763\logs\Layer07Node03-7644.stdout.log; stderr=C:\Users\jimmy\Desktop\meta-bi\Samples\Demos\MetaOrchestrationHairballCliIntegration\Runs\hairball-seed-20260530\RunArtifacts\runs\20260603-184845_ae6b7ebedfd54bb0a97473c44e0b6763\logs\Layer07Node03-7644.stderr.log
2026-06-03T18:49:26.5437291+00:00	WorkerProcessExited	Layer07Node05	ExitCode=0; worker process exited
2026-06-03T18:49:26.5782953+00:00	WorkerEvent	Layer07Node03	WorkerOnline; ExitCode=0; online
2026-06-03T18:49:26.5823696+00:00	WorkerEvent	Layer07Node03	WorkerReady; ExitCode=0; ready
2026-06-03T18:49:26.5870313+00:00	StartPipeline	Layer07Node03	Layer07Node03
2026-06-03T18:49:26.7113271+00:00	WorkerEvent	Layer05Node06.export-l05-n06	TaskSucceeded; ExitCode=0; 
2026-06-03T18:49:26.7124373+00:00	TaskSucceeded	Layer05Node06.export-l05-n06	0
2026-06-03T18:49:26.7130458+00:00	WorkerEvent	Layer06Node05.export-l06-n05	TaskSucceeded; ExitCode=0; 
2026-06-03T18:49:26.7138257+00:00	TaskSucceeded	Layer06Node05.export-l06-n05	0
2026-06-03T18:49:26.7142826+00:00	WorkerEvent	BridgeL07L08	PipelineStarted; ExitCode=0; pipeline started
2026-06-03T18:49:26.7165168+00:00	GrantTask	Layer05Hub.hub-l05-stage	Layer05Hub.hub-l05-stage; GrantId=grant-89; Attempt=1
2026-06-03T18:49:26.7170270+00:00	WorkerEvent	Layer05Node06	Closed; ExitCode=-1; worker control channel closed
2026-06-03T18:49:26.7179941+00:00	PipelineCompleted	Layer05Node06	
2026-06-03T18:49:26.7184139+00:00	WorkerEvent	BridgeL07L08.bridge-l07-l08-collect	TaskReady; ExitCode=0; 
2026-06-03T18:49:26.7192172+00:00	WorkerEvent	Layer06Node05	Closed; ExitCode=-1; worker control channel closed
2026-06-03T18:49:26.7202013+00:00	PipelineCompleted	Layer06Node05	
2026-06-03T18:49:26.7220821+00:00	GrantTask	BridgeL07L08.bridge-l07-l08-collect	BridgeL07L08.bridge-l07-l08-collect; GrantId=grant-90; Attempt=1
2026-06-03T18:49:26.7225452+00:00	WorkerStarting	Layer07Node06	meta-pipeline
2026-06-03T18:49:26.8813206+00:00	WorkerStarted	Layer07Node06	8084
2026-06-03T18:49:26.8817475+00:00	WorkerControlPipe	Layer07Node06	meta-orchestration-cd2957f7159847828c3630c9a51bafd8
2026-06-03T18:49:26.8821344+00:00	WorkerLog	Layer07Node06	stdout=C:\Users\jimmy\Desktop\meta-bi\Samples\Demos\MetaOrchestrationHairballCliIntegration\Runs\hairball-seed-20260530\RunArtifacts\runs\20260603-184845_ae6b7ebedfd54bb0a97473c44e0b6763\logs\Layer07Node06-8084.stdout.log; stderr=C:\Users\jimmy\Desktop\meta-bi\Samples\Demos\MetaOrchestrationHairballCliIntegration\Runs\hairball-seed-20260530\RunArtifacts\runs\20260603-184845_ae6b7ebedfd54bb0a97473c44e0b6763\logs\Layer07Node06-8084.stderr.log
2026-06-03T18:49:26.8826011+00:00	WorkerEvent	BridgeL05L06	PipelineStarted; ExitCode=0; pipeline started
2026-06-03T18:49:26.8834792+00:00	WorkerEvent	BridgeL07L08.bridge-l07-l08-collect	GrantAccepted; ExitCode=0; 
2026-06-03T18:49:26.8847999+00:00	WorkerEvent	BridgeL05L06.bridge-l05-l06-collect	TaskReady; ExitCode=0; 
2026-06-03T18:49:26.8856146+00:00	WorkerEvent	Layer05Hub.hub-l05-stage	GrantAccepted; ExitCode=0; 
2026-06-03T18:49:26.8870342+00:00	WorkerProcessExited	Layer05Node06	ExitCode=0; worker process exited
2026-06-03T18:49:26.8883818+00:00	WorkerEvent	BridgeL07L08.bridge-l07-l08-collect	TaskStarted; ExitCode=0; 
2026-06-03T18:49:26.8893155+00:00	WorkerEvent	Layer05Hub.hub-l05-stage	TaskStarted; ExitCode=0; 
2026-06-03T18:49:26.8901679+00:00	WorkerProcessExited	Layer06Node05	ExitCode=0; worker process exited
2026-06-03T18:49:26.8940699+00:00	WorkerStarting	Layer08Hub	meta-pipeline
2026-06-03T18:49:27.0409743+00:00	WorkerStarted	Layer08Hub	16668
2026-06-03T18:49:27.0417651+00:00	WorkerControlPipe	Layer08Hub	meta-orchestration-9d92b8386eea4f34961ecb883d5b2059
2026-06-03T18:49:27.0422193+00:00	WorkerLog	Layer08Hub	stdout=C:\Users\jimmy\Desktop\meta-bi\Samples\Demos\MetaOrchestrationHairballCliIntegration\Runs\hairball-seed-20260530\RunArtifacts\runs\20260603-184845_ae6b7ebedfd54bb0a97473c44e0b6763\logs\Layer08Hub-16668.stdout.log; stderr=C:\Users\jimmy\Desktop\meta-bi\Samples\Demos\MetaOrchestrationHairballCliIntegration\Runs\hairball-seed-20260530\RunArtifacts\runs\20260603-184845_ae6b7ebedfd54bb0a97473c44e0b6763\logs\Layer08Hub-16668.stderr.log
2026-06-03T18:49:27.0429895+00:00	WorkerEvent	Layer07Node01	PipelineStarted; ExitCode=0; pipeline started
2026-06-03T18:49:27.0439560+00:00	WorkerEvent	Layer06Node08.export-l06-n08	TaskSucceeded; ExitCode=0; 
2026-06-03T18:49:27.0448098+00:00	TaskSucceeded	Layer06Node08.export-l06-n08	0
2026-06-03T18:49:27.0452245+00:00	WorkerEvent	Layer07Node01.select-l07-n01	TaskReady; ExitCode=0; 
2026-06-03T18:49:27.0460820+00:00	WorkerEvent	Layer07Node06	WorkerOnline; ExitCode=0; online
2026-06-03T18:49:27.0478344+00:00	WorkerProcessExited	Layer06Node08	ExitCode=0; worker process exited
2026-06-03T18:49:27.0487836+00:00	PipelineCompleted	Layer06Node08	
2026-06-03T18:49:27.0492148+00:00	WorkerEvent	Layer07Node06	WorkerReady; ExitCode=0; ready
2026-06-03T18:49:27.0531965+00:00	StartPipeline	Layer07Node06	Layer07Node06
2026-06-03T18:49:27.0556532+00:00	GrantTask	Layer06Hub.hub-l06-stage	Layer06Hub.hub-l06-stage; GrantId=grant-91; Attempt=1
2026-06-03T18:49:27.0569416+00:00	GrantTask	Layer07Node01.select-l07-n01	Layer07Node01.select-l07-n01; GrantId=grant-92; Attempt=1
2026-06-03T18:49:27.0574382+00:00	WorkerStarting	Layer08Node01	meta-pipeline
2026-06-03T18:49:27.2459059+00:00	WorkerStarted	Layer08Node01	20296
2026-06-03T18:49:27.2464454+00:00	WorkerControlPipe	Layer08Node01	meta-orchestration-6d96e0d9c8c34e5cbd9335f16942a276
2026-06-03T18:49:27.2469560+00:00	WorkerLog	Layer08Node01	stdout=C:\Users\jimmy\Desktop\meta-bi\Samples\Demos\MetaOrchestrationHairballCliIntegration\Runs\hairball-seed-20260530\RunArtifacts\runs\20260603-184845_ae6b7ebedfd54bb0a97473c44e0b6763\logs\Layer08Node01-20296.stdout.log; stderr=C:\Users\jimmy\Desktop\meta-bi\Samples\Demos\MetaOrchestrationHairballCliIntegration\Runs\hairball-seed-20260530\RunArtifacts\runs\20260603-184845_ae6b7ebedfd54bb0a97473c44e0b6763\logs\Layer08Node01-20296.stderr.log
2026-06-03T18:49:27.2475301+00:00	WorkerEvent	Layer07Node01.select-l07-n01	GrantAccepted; ExitCode=0; 
2026-06-03T18:49:27.2486186+00:00	WorkerEvent	Layer07Hub	PipelineStarted; ExitCode=0; pipeline started
2026-06-03T18:49:27.2496650+00:00	WorkerEvent	Layer06Hub.hub-l06-stage	GrantAccepted; ExitCode=0; 
2026-06-03T18:49:27.2506023+00:00	WorkerEvent	Layer08Hub	WorkerOnline; ExitCode=0; online
2026-06-03T18:49:27.2514451+00:00	WorkerEvent	Layer07Node01.select-l07-n01	TaskStarted; ExitCode=0; 
2026-06-03T18:49:27.2534356+00:00	WorkerEvent	Layer07Hub.hub-l07-stage	TaskReady; ExitCode=0; 
2026-06-03T18:49:27.2544627+00:00	WorkerEvent	Layer06Hub.hub-l06-stage	TaskStarted; ExitCode=0; 
2026-06-03T18:49:27.2553306+00:00	WorkerEvent	Layer08Hub	WorkerReady; ExitCode=0; ready
2026-06-03T18:49:27.2853587+00:00	StartPipeline	Layer08Hub	Layer08Hub
2026-06-03T18:49:27.2865832+00:00	WorkerEvent	Layer08Node01	WorkerOnline; ExitCode=0; online
2026-06-03T18:49:27.2917737+00:00	WorkerEvent	CompositeMart	PipelineStarted; ExitCode=0; pipeline started
2026-06-03T18:49:27.2968301+00:00	WorkerEvent	Layer08Node01	WorkerReady; ExitCode=0; ready
2026-06-03T18:49:27.3013110+00:00	StartPipeline	Layer08Node01	Layer08Node01
2026-06-03T18:49:27.3023844+00:00	WorkerEvent	CompositeMart.composite-stage	TaskReady; ExitCode=0; 
2026-06-03T18:49:27.5755912+00:00	WorkerEvent	Layer07Node03	PipelineStarted; ExitCode=0; pipeline started
2026-06-03T18:49:27.5823416+00:00	WorkerEvent	Layer07Node03.refresh-l07-n03	TaskReady; ExitCode=0; 
2026-06-03T18:49:27.7867591+00:00	WorkerEvent	BridgeL07L08.bridge-l07-l08-collect	TaskSucceeded; ExitCode=0; 
2026-06-03T18:49:27.7879998+00:00	TaskSucceeded	BridgeL07L08.bridge-l07-l08-collect	0
2026-06-03T18:49:27.7900988+00:00	WorkerEvent	BridgeL07L08.bridge-l07-l08-north	TaskReady; ExitCode=0; 
2026-06-03T18:49:27.8729307+00:00	WorkerEvent	Layer05Hub.hub-l05-stage	TaskSucceeded; ExitCode=0; 
2026-06-03T18:49:27.8745317+00:00	TaskSucceeded	Layer05Hub.hub-l05-stage	0
2026-06-03T18:49:27.8771325+00:00	GrantTask	BridgeL05L06.bridge-l05-l06-collect	BridgeL05L06.bridge-l05-l06-collect; GrantId=grant-93; Attempt=1
2026-06-03T18:49:27.8777552+00:00	WorkerEvent	Layer05Hub.hub-l05-curate	TaskReady; ExitCode=0; 
2026-06-03T18:49:27.8854223+00:00	GrantTask	Layer05Hub.hub-l05-curate	Layer05Hub.hub-l05-curate; GrantId=grant-94; Attempt=1
2026-06-03T18:49:27.8923969+00:00	WorkerEvent	Layer05Hub.hub-l05-curate	GrantAccepted; ExitCode=0; 
2026-06-03T18:49:27.9001058+00:00	WorkerEvent	BridgeL05L06.bridge-l05-l06-collect	GrantAccepted; ExitCode=0; 
2026-06-03T18:49:27.9046397+00:00	WorkerEvent	Layer05Hub.hub-l05-curate	TaskStarted; ExitCode=0; 
2026-06-03T18:49:27.9090611+00:00	WorkerEvent	BridgeL05L06.bridge-l05-l06-collect	TaskStarted; ExitCode=0; 
2026-06-03T18:49:28.0137740+00:00	WorkerEvent	Layer07Node01.select-l07-n01	TaskSucceeded; ExitCode=0; 
2026-06-03T18:49:28.0151412+00:00	TaskSucceeded	Layer07Node01.select-l07-n01	0
2026-06-03T18:49:28.0204142+00:00	GrantTask	CompositeMart.composite-stage	CompositeMart.composite-stage; GrantId=grant-95; Attempt=1
2026-06-03T18:49:28.0211184+00:00	WorkerEvent	Layer07Node01	Closed; ExitCode=-1; worker control channel closed
2026-06-03T18:49:28.0222942+00:00	PipelineCompleted	Layer07Node01	
2026-06-03T18:49:28.0244591+00:00	WorkerStarting	Layer08Node02	meta-pipeline
2026-06-03T18:49:28.1602524+00:00	WorkerStarted	Layer08Node02	22380
2026-06-03T18:49:28.1607409+00:00	WorkerControlPipe	Layer08Node02	meta-orchestration-868141890f4247c9a8cbd4fc7d70701f
2026-06-03T18:49:28.1611700+00:00	WorkerLog	Layer08Node02	stdout=C:\Users\jimmy\Desktop\meta-bi\Samples\Demos\MetaOrchestrationHairballCliIntegration\Runs\hairball-seed-20260530\RunArtifacts\runs\20260603-184845_ae6b7ebedfd54bb0a97473c44e0b6763\logs\Layer08Node02-22380.stdout.log; stderr=C:\Users\jimmy\Desktop\meta-bi\Samples\Demos\MetaOrchestrationHairballCliIntegration\Runs\hairball-seed-20260530\RunArtifacts\runs\20260603-184845_ae6b7ebedfd54bb0a97473c44e0b6763\logs\Layer08Node02-22380.stderr.log
2026-06-03T18:49:28.1616131+00:00	WorkerEvent	CompositeMart.composite-stage	GrantAccepted; ExitCode=0; 
2026-06-03T18:49:28.1626466+00:00	WorkerEvent	Layer05Hub.hub-l05-curate	TaskSucceeded; ExitCode=0; 
2026-06-03T18:49:28.1638871+00:00	TaskSucceeded	Layer05Hub.hub-l05-curate	0
2026-06-03T18:49:28.1643993+00:00	WorkerEvent	Layer07Node06	PipelineStarted; ExitCode=0; pipeline started
2026-06-03T18:49:28.1654378+00:00	WorkerProcessExited	Layer07Node01	ExitCode=0; worker process exited
2026-06-03T18:49:28.1673338+00:00	WorkerEvent	CompositeMart.composite-stage	TaskStarted; ExitCode=0; 
2026-06-03T18:49:28.1701641+00:00	WorkerEvent	Layer05Hub.hub-l05-publish	TaskReady; ExitCode=0; 
2026-06-03T18:49:28.1725107+00:00	GrantTask	Layer05Hub.hub-l05-publish	Layer05Hub.hub-l05-publish; GrantId=grant-96; Attempt=1
2026-06-03T18:49:28.1730073+00:00	WorkerEvent	Layer07Node06.export-l07-n06	TaskReady; ExitCode=0; 
2026-06-03T18:49:28.1756694+00:00	GrantTask	Layer07Node06.export-l07-n06	Layer07Node06.export-l07-n06; GrantId=grant-97; Attempt=1
2026-06-03T18:49:28.1771717+00:00	WorkerEvent	Layer05Hub.hub-l05-publish	GrantAccepted; ExitCode=0; 
2026-06-03T18:49:28.1803106+00:00	WorkerEvent	Layer07Node06.export-l07-n06	GrantAccepted; ExitCode=0; 
2026-06-03T18:49:28.1830181+00:00	WorkerEvent	Layer05Hub.hub-l05-publish	TaskStarted; ExitCode=0; 
2026-06-03T18:49:28.1851229+00:00	WorkerEvent	Layer07Node06.export-l07-n06	TaskStarted; ExitCode=0; 
2026-06-03T18:49:28.1888605+00:00	WorkerEvent	Layer06Hub.hub-l06-stage	TaskSucceeded; ExitCode=0; 
2026-06-03T18:49:28.1914180+00:00	TaskSucceeded	Layer06Hub.hub-l06-stage	0
2026-06-03T18:49:28.1949936+00:00	WorkerEvent	Layer08Node02	WorkerOnline; ExitCode=0; online
2026-06-03T18:49:28.1982378+00:00	WorkerEvent	Layer06Hub.hub-l06-curate	TaskReady; ExitCode=0; 
2026-06-03T18:49:28.2006728+00:00	GrantTask	Layer06Hub.hub-l06-curate	Layer06Hub.hub-l06-curate; GrantId=grant-98; Attempt=1
2026-06-03T18:49:28.2017140+00:00	WorkerEvent	Layer08Node02	WorkerReady; ExitCode=0; ready
2026-06-03T18:49:28.2038125+00:00	StartPipeline	Layer08Node02	Layer08Node02
2026-06-03T18:49:28.2047647+00:00	WorkerEvent	Layer06Hub.hub-l06-curate	GrantAccepted; ExitCode=0; 
2026-06-03T18:49:28.2093206+00:00	WorkerEvent	Layer06Hub.hub-l06-curate	TaskStarted; ExitCode=0; 
2026-06-03T18:49:28.2641534+00:00	WorkerEvent	Layer08Node01	PipelineStarted; ExitCode=0; pipeline started
2026-06-03T18:49:28.2720688+00:00	WorkerEvent	Layer08Node01.refresh-l08-n01	TaskReady; ExitCode=0; 
2026-06-03T18:49:28.2757217+00:00	GrantTask	Layer08Node01.refresh-l08-n01	Layer08Node01.refresh-l08-n01; GrantId=grant-99; Attempt=1
2026-06-03T18:49:28.2776928+00:00	WorkerEvent	Layer08Node01.refresh-l08-n01	GrantAccepted; ExitCode=0; 
2026-06-03T18:49:28.2810525+00:00	WorkerEvent	Layer08Node01.refresh-l08-n01	TaskStarted; ExitCode=0; 
2026-06-03T18:49:28.3483551+00:00	WorkerEvent	Layer06Hub.hub-l06-curate	TaskSucceeded; ExitCode=0; 
2026-06-03T18:49:28.3497715+00:00	TaskSucceeded	Layer06Hub.hub-l06-curate	0
2026-06-03T18:49:28.3518025+00:00	WorkerEvent	Layer06Hub.hub-l06-publish	TaskReady; ExitCode=0; 
2026-06-03T18:49:28.3544929+00:00	GrantTask	Layer06Hub.hub-l06-publish	Layer06Hub.hub-l06-publish; GrantId=grant-100; Attempt=1
2026-06-03T18:49:28.3599097+00:00	WorkerEvent	Layer06Hub.hub-l06-publish	GrantAccepted; ExitCode=0; 
2026-06-03T18:49:28.3627511+00:00	WorkerEvent	Layer06Hub.hub-l06-publish	TaskStarted; ExitCode=0; 
2026-06-03T18:49:28.4286378+00:00	WorkerEvent	Layer05Hub.hub-l05-publish	TaskSucceeded; ExitCode=0; 
2026-06-03T18:49:28.4318354+00:00	TaskSucceeded	Layer05Hub.hub-l05-publish	0
2026-06-03T18:49:28.4346323+00:00	GrantTask	Layer07Node03.refresh-l07-n03	Layer07Node03.refresh-l07-n03; GrantId=grant-101; Attempt=1
2026-06-03T18:49:28.4392148+00:00	WorkerEvent	Layer07Node03.refresh-l07-n03	GrantAccepted; ExitCode=0; 
2026-06-03T18:49:28.4460924+00:00	WorkerEvent	Layer05Hub	Closed; ExitCode=0; worker control channel closed
2026-06-03T18:49:28.4485224+00:00	WorkerProcessExited	Layer05Hub	ExitCode=0; worker control channel closed
2026-06-03T18:49:28.4495833+00:00	PipelineCompleted	Layer05Hub	
2026-06-03T18:49:28.4529718+00:00	WorkerStarting	Layer08Node03	meta-pipeline
2026-06-03T18:49:28.6370072+00:00	WorkerStarted	Layer08Node03	26184
2026-06-03T18:49:28.6375135+00:00	WorkerControlPipe	Layer08Node03	meta-orchestration-43c8d6bc387347298a45986daeffab7d
2026-06-03T18:49:28.6379389+00:00	WorkerLog	Layer08Node03	stdout=C:\Users\jimmy\Desktop\meta-bi\Samples\Demos\MetaOrchestrationHairballCliIntegration\Runs\hairball-seed-20260530\RunArtifacts\runs\20260603-184845_ae6b7ebedfd54bb0a97473c44e0b6763\logs\Layer08Node03-26184.stdout.log; stderr=C:\Users\jimmy\Desktop\meta-bi\Samples\Demos\MetaOrchestrationHairballCliIntegration\Runs\hairball-seed-20260530\RunArtifacts\runs\20260603-184845_ae6b7ebedfd54bb0a97473c44e0b6763\logs\Layer08Node03-26184.stderr.log
2026-06-03T18:49:28.6384468+00:00	WorkerEvent	Layer06Hub.hub-l06-publish	TaskSucceeded; ExitCode=0; 
2026-06-03T18:49:28.6393405+00:00	TaskSucceeded	Layer06Hub.hub-l06-publish	0
2026-06-03T18:49:28.6398808+00:00	WorkerEvent	Layer06Hub	Closed; ExitCode=-1; worker control channel closed
2026-06-03T18:49:28.6408920+00:00	PipelineCompleted	Layer06Hub	
2026-06-03T18:49:28.6418555+00:00	WorkerEvent	Layer07Node03.refresh-l07-n03	TaskStarted; ExitCode=0; 
2026-06-03T18:49:28.6435087+00:00	WorkerStarting	RegionalMart02	meta-pipeline
2026-06-03T18:49:28.8094877+00:00	WorkerStarted	RegionalMart02	15596
2026-06-03T18:49:28.8100481+00:00	WorkerControlPipe	RegionalMart02	meta-orchestration-b46de8180d234b7ab5265e90b1e83bac
2026-06-03T18:49:28.8104662+00:00	WorkerLog	RegionalMart02	stdout=C:\Users\jimmy\Desktop\meta-bi\Samples\Demos\MetaOrchestrationHairballCliIntegration\Runs\hairball-seed-20260530\RunArtifacts\runs\20260603-184845_ae6b7ebedfd54bb0a97473c44e0b6763\logs\RegionalMart02-15596.stdout.log; stderr=C:\Users\jimmy\Desktop\meta-bi\Samples\Demos\MetaOrchestrationHairballCliIntegration\Runs\hairball-seed-20260530\RunArtifacts\runs\20260603-184845_ae6b7ebedfd54bb0a97473c44e0b6763\logs\RegionalMart02-15596.stderr.log
2026-06-03T18:49:28.8109683+00:00	WorkerEvent	BridgeL05L06.bridge-l05-l06-collect	TaskSucceeded; ExitCode=0; 
2026-06-03T18:49:28.8124835+00:00	TaskSucceeded	BridgeL05L06.bridge-l05-l06-collect	0
2026-06-03T18:49:28.8130461+00:00	WorkerEvent	Layer08Hub	PipelineStarted; ExitCode=0; pipeline started
2026-06-03T18:49:28.8140429+00:00	WorkerEvent	Layer08Node03	WorkerOnline; ExitCode=0; online
2026-06-03T18:49:28.8163281+00:00	WorkerProcessExited	Layer06Hub	ExitCode=0; worker process exited
2026-06-03T18:49:28.8195195+00:00	GrantTask	BridgeL07L08.bridge-l07-l08-north	BridgeL07L08.bridge-l07-l08-north; GrantId=grant-102; Attempt=1
2026-06-03T18:49:28.8204100+00:00	WorkerDeferredForCapacity	AuditHairball	Deferred by orchestration to honor max active worker process capacity.
2026-06-03T18:49:28.8212189+00:00	StopPipeline	AuditHairball	Deferred by orchestration to honor max active worker process capacity.
2026-06-03T18:49:28.8218394+00:00	WorkerEvent	BridgeL05L06.bridge-l05-l06-north	TaskReady; ExitCode=0; 
2026-06-03T18:49:28.8227590+00:00	WorkerEvent	Layer08Hub.hub-l08-stage	TaskReady; ExitCode=0; 
2026-06-03T18:49:28.8237955+00:00	WorkerEvent	BridgeL07L08.bridge-l07-l08-north	GrantAccepted; ExitCode=0; 
2026-06-03T18:49:28.8250984+00:00	WorkerEvent	Layer08Node03	WorkerReady; ExitCode=0; ready
2026-06-03T18:49:28.8287906+00:00	StartPipeline	Layer08Node03	Layer08Node03
2026-06-03T18:49:28.8298893+00:00	WorkerEvent	BridgeL07L08.bridge-l07-l08-north	TaskStarted; ExitCode=0; 
2026-06-03T18:49:28.8369576+00:00	GrantTask	BridgeL05L06.bridge-l05-l06-north	BridgeL05L06.bridge-l05-l06-north; GrantId=grant-103; Attempt=1
2026-06-03T18:49:28.8376853+00:00	WorkerDeferredForCapacity	Layer07Hub	Deferred by orchestration to honor max active worker process capacity.
2026-06-03T18:49:28.8382646+00:00	StopPipeline	Layer07Hub	Deferred by orchestration to honor max active worker process capacity.
2026-06-03T18:49:28.8391210+00:00	WorkerEvent	BridgeL05L06.bridge-l05-l06-north	GrantAccepted; ExitCode=0; 
2026-06-03T18:49:28.8436021+00:00	WorkerDeferredForCapacity	Layer08Hub	Deferred by orchestration to honor max active worker process capacity.
2026-06-03T18:49:28.8470520+00:00	StopPipeline	Layer08Hub	Deferred by orchestration to honor max active worker process capacity.
2026-06-03T18:49:28.8479021+00:00	WorkerEvent	RegionalMart02	WorkerOnline; ExitCode=0; online
2026-06-03T18:49:28.8491511+00:00	WorkerEvent	BridgeL05L06.bridge-l05-l06-north	TaskStarted; ExitCode=0; 
2026-06-03T18:49:28.8530545+00:00	WorkerEvent	AuditHairball	Closed; ExitCode=0; worker control channel closed
2026-06-03T18:49:28.8535571+00:00	WorkerProcessExited	AuditHairball	ExitCode=0; worker control channel closed
2026-06-03T18:49:28.8546680+00:00	WorkerDeferred	AuditHairball	ResumeTaskId=AuditHairball.audit-hairball
2026-06-03T18:49:28.8559796+00:00	WorkerStarting	Layer08Node04	meta-pipeline
2026-06-03T18:49:29.0931471+00:00	WorkerStarted	Layer08Node04	22248
2026-06-03T18:49:29.0940616+00:00	WorkerControlPipe	Layer08Node04	meta-orchestration-b1d1c1cce1b54744a9f9bb2b6b10c350
2026-06-03T18:49:29.0945200+00:00	WorkerLog	Layer08Node04	stdout=C:\Users\jimmy\Desktop\meta-bi\Samples\Demos\MetaOrchestrationHairballCliIntegration\Runs\hairball-seed-20260530\RunArtifacts\runs\20260603-184845_ae6b7ebedfd54bb0a97473c44e0b6763\logs\Layer08Node04-22248.stdout.log; stderr=C:\Users\jimmy\Desktop\meta-bi\Samples\Demos\MetaOrchestrationHairballCliIntegration\Runs\hairball-seed-20260530\RunArtifacts\runs\20260603-184845_ae6b7ebedfd54bb0a97473c44e0b6763\logs\Layer08Node04-22248.stderr.log
2026-06-03T18:49:29.0950110+00:00	WorkerEvent	Layer07Hub	Closed; ExitCode=0; worker control channel closed
2026-06-03T18:49:29.0954349+00:00	WorkerProcessExited	Layer07Hub	ExitCode=0; worker control channel closed
2026-06-03T18:49:29.0962139+00:00	WorkerDeferred	Layer07Hub	ResumeTaskId=Layer07Hub.hub-l07-stage
2026-06-03T18:49:29.0970006+00:00	WorkerEvent	Layer08Node01.refresh-l08-n01	TaskSucceeded; ExitCode=0; 
2026-06-03T18:49:29.0977836+00:00	TaskSucceeded	Layer08Node01.refresh-l08-n01	0
2026-06-03T18:49:29.0981722+00:00	WorkerEvent	RegionalMart02	WorkerReady; ExitCode=0; ready
2026-06-03T18:49:29.0990007+00:00	StartPipeline	RegionalMart02	RegionalMart02
2026-06-03T18:49:29.1014098+00:00	WorkerEvent	Layer08Hub	Closed; ExitCode=0; worker control channel closed
2026-06-03T18:49:29.1018736+00:00	WorkerProcessExited	Layer08Hub	ExitCode=0; worker control channel closed
2026-06-03T18:49:29.1027241+00:00	WorkerDeferred	Layer08Hub	ResumeTaskId=Layer08Hub.hub-l08-stage
2026-06-03T18:49:29.1049368+00:00	WorkerEvent	CompositeMart.composite-stage	TaskSucceeded; ExitCode=0; 
2026-06-03T18:49:29.1058652+00:00	TaskSucceeded	CompositeMart.composite-stage	0
2026-06-03T18:49:29.1063791+00:00	WorkerEvent	BridgeL07L08.bridge-l07-l08-north	TaskSucceeded; ExitCode=0; 
2026-06-03T18:49:29.1071823+00:00	TaskSucceeded	BridgeL07L08.bridge-l07-l08-north	0
2026-06-03T18:49:29.1078100+00:00	WorkerEvent	Layer07Node06.export-l07-n06	TaskSucceeded; ExitCode=0; 
2026-06-03T18:49:29.1087204+00:00	TaskSucceeded	Layer07Node06.export-l07-n06	0
2026-06-03T18:49:29.1092437+00:00	WorkerProcessExited	Layer08Node01	ExitCode=0; worker process exited
2026-06-03T18:49:29.1100563+00:00	PipelineCompleted	Layer08Node01	
2026-06-03T18:49:29.1104898+00:00	WorkerProcessExited	Layer07Node06	ExitCode=0; worker process exited
2026-06-03T18:49:29.1157055+00:00	PipelineCompleted	Layer07Node06	
2026-06-03T18:49:29.1162363+00:00	WorkerEvent	CompositeMart.composite-curate	TaskReady; ExitCode=0; 
2026-06-03T18:49:29.1171172+00:00	WorkerEvent	BridgeL07L08.bridge-l07-l08-south	TaskReady; ExitCode=0; 
2026-06-03T18:49:29.1195546+00:00	GrantTask	BridgeL07L08.bridge-l07-l08-south	BridgeL07L08.bridge-l07-l08-south; GrantId=grant-104; Attempt=1
2026-06-03T18:49:29.1202641+00:00	WorkerStarting	Layer08Node08	meta-pipeline
2026-06-03T18:49:29.2801751+00:00	WorkerStarted	Layer08Node08	14880
2026-06-03T18:49:29.2807829+00:00	WorkerControlPipe	Layer08Node08	meta-orchestration-0bfd622a117344a5a4bfe437128ff702
2026-06-03T18:49:29.2812130+00:00	WorkerLog	Layer08Node08	stdout=C:\Users\jimmy\Desktop\meta-bi\Samples\Demos\MetaOrchestrationHairballCliIntegration\Runs\hairball-seed-20260530\RunArtifacts\runs\20260603-184845_ae6b7ebedfd54bb0a97473c44e0b6763\logs\Layer08Node08-14880.stdout.log; stderr=C:\Users\jimmy\Desktop\meta-bi\Samples\Demos\MetaOrchestrationHairballCliIntegration\Runs\hairball-seed-20260530\RunArtifacts\runs\20260603-184845_ae6b7ebedfd54bb0a97473c44e0b6763\logs\Layer08Node08-14880.stderr.log
2026-06-03T18:49:29.2817047+00:00	WorkerEvent	BridgeL05L06.bridge-l05-l06-north	TaskSucceeded; ExitCode=0; 
2026-06-03T18:49:29.2824765+00:00	TaskSucceeded	BridgeL05L06.bridge-l05-l06-north	0
2026-06-03T18:49:29.2830086+00:00	WorkerEvent	BridgeL07L08.bridge-l07-l08-south	GrantAccepted; ExitCode=0; 
2026-06-03T18:49:29.2837701+00:00	WorkerEvent	Layer08Node04	WorkerOnline; ExitCode=0; online
2026-06-03T18:49:29.2866519+00:00	WorkerEvent	BridgeL05L06.bridge-l05-l06-south	TaskReady; ExitCode=0; 
2026-06-03T18:49:29.2876373+00:00	WorkerEvent	BridgeL07L08.bridge-l07-l08-south	TaskStarted; ExitCode=0; 
2026-06-03T18:49:29.2884775+00:00	WorkerEvent	Layer07Node03.refresh-l07-n03	TaskSucceeded; ExitCode=0; 
2026-06-03T18:49:29.2893659+00:00	TaskSucceeded	Layer07Node03.refresh-l07-n03	0
2026-06-03T18:49:29.2898014+00:00	WorkerEvent	Layer08Node04	WorkerReady; ExitCode=0; ready
2026-06-03T18:49:29.2937775+00:00	StartPipeline	Layer08Node04	Layer08Node04
2026-06-03T18:49:29.2947344+00:00	WorkerProcessExited	Layer07Node03	ExitCode=0; worker process exited
2026-06-03T18:49:29.2955430+00:00	PipelineCompleted	Layer07Node03	
2026-06-03T18:49:29.3011680+00:00	GrantTask	BridgeL05L06.bridge-l05-l06-south	BridgeL05L06.bridge-l05-l06-south; GrantId=grant-105; Attempt=1
2026-06-03T18:49:29.3028006+00:00	WorkerResuming	Layer07Hub	ResumeTaskId=Layer07Hub.hub-l07-stage; Executable=meta-pipeline
2026-06-03T18:49:29.4809207+00:00	WorkerStarted	Layer07Hub	28976
2026-06-03T18:49:29.4814535+00:00	WorkerControlPipe	Layer07Hub	meta-orchestration-0e277e84c9f0431e9641286283c925e4
2026-06-03T18:49:29.4820116+00:00	WorkerLog	Layer07Hub	stdout=C:\Users\jimmy\Desktop\meta-bi\Samples\Demos\MetaOrchestrationHairballCliIntegration\Runs\hairball-seed-20260530\RunArtifacts\runs\20260603-184845_ae6b7ebedfd54bb0a97473c44e0b6763\logs\Layer07Hub-28976.stdout.log; stderr=C:\Users\jimmy\Desktop\meta-bi\Samples\Demos\MetaOrchestrationHairballCliIntegration\Runs\hairball-seed-20260530\RunArtifacts\runs\20260603-184845_ae6b7ebedfd54bb0a97473c44e0b6763\logs\Layer07Hub-28976.stderr.log
2026-06-03T18:49:29.4825497+00:00	WorkerEvent	Layer08Node02	PipelineStarted; ExitCode=0; pipeline started
2026-06-03T18:49:29.4834449+00:00	WorkerEvent	BridgeL05L06.bridge-l05-l06-south	GrantAccepted; ExitCode=0; 
2026-06-03T18:49:29.4843256+00:00	WorkerEvent	Layer08Node02.select-l08-n02	TaskReady; ExitCode=0; 
2026-06-03T18:49:29.4851595+00:00	WorkerEvent	BridgeL05L06.bridge-l05-l06-south	TaskStarted; ExitCode=0; 
2026-06-03T18:49:29.4859880+00:00	WorkerEvent	BridgeL07L08.bridge-l07-l08-south	TaskSucceeded; ExitCode=0; 
2026-06-03T18:49:29.4867177+00:00	TaskSucceeded	BridgeL07L08.bridge-l07-l08-south	0
2026-06-03T18:49:29.4871669+00:00	WorkerEvent	Layer08Node08	WorkerOnline; ExitCode=0; online
2026-06-03T18:49:29.4880167+00:00	WorkerProcessExited	BridgeL07L08	ExitCode=0; worker process exited
2026-06-03T18:49:29.4887785+00:00	PipelineCompleted	BridgeL07L08	
2026-06-03T18:49:29.4894184+00:00	WorkerEvent	Layer08Node08	WorkerReady; ExitCode=0; ready
2026-06-03T18:49:29.4967525+00:00	StartPipeline	Layer08Node08	Layer08Node08
2026-06-03T18:49:29.5000422+00:00	GrantTask	Layer08Node02.select-l08-n02	Layer08Node02.select-l08-n02; GrantId=grant-106; Attempt=1
2026-06-03T18:49:29.5006861+00:00	WorkerResuming	AuditHairball	ResumeTaskId=AuditHairball.audit-hairball; Executable=meta-pipeline
2026-06-03T18:49:29.6626141+00:00	WorkerStarted	AuditHairball	18368
2026-06-03T18:49:29.6630568+00:00	WorkerControlPipe	AuditHairball	meta-orchestration-502742fea6224521972f6dff540db192
2026-06-03T18:49:29.6635011+00:00	WorkerLog	AuditHairball	stdout=C:\Users\jimmy\Desktop\meta-bi\Samples\Demos\MetaOrchestrationHairballCliIntegration\Runs\hairball-seed-20260530\RunArtifacts\runs\20260603-184845_ae6b7ebedfd54bb0a97473c44e0b6763\logs\AuditHairball-18368.stdout.log; stderr=C:\Users\jimmy\Desktop\meta-bi\Samples\Demos\MetaOrchestrationHairballCliIntegration\Runs\hairball-seed-20260530\RunArtifacts\runs\20260603-184845_ae6b7ebedfd54bb0a97473c44e0b6763\logs\AuditHairball-18368.stderr.log
2026-06-03T18:49:29.6639887+00:00	WorkerEvent	Layer08Node02.select-l08-n02	GrantAccepted; ExitCode=0; 
2026-06-03T18:49:29.6650788+00:00	WorkerEvent	BridgeL05L06.bridge-l05-l06-south	TaskSucceeded; ExitCode=0; 
2026-06-03T18:49:29.6659265+00:00	TaskSucceeded	BridgeL05L06.bridge-l05-l06-south	0
2026-06-03T18:49:29.6664162+00:00	WorkerEvent	Layer08Node02.select-l08-n02	TaskStarted; ExitCode=0; 
2026-06-03T18:49:29.6674528+00:00	WorkerEvent	Layer07Hub	WorkerOnline; ExitCode=0; online
2026-06-03T18:49:29.6690189+00:00	WorkerProcessExited	BridgeL05L06	ExitCode=0; worker process exited
2026-06-03T18:49:29.6700287+00:00	PipelineCompleted	BridgeL05L06	
2026-06-03T18:49:29.6704975+00:00	WorkerEvent	Layer07Hub	WorkerReady; ExitCode=0; ready
2026-06-03T18:49:29.6748093+00:00	StartPipeline	Layer07Hub	Layer07Hub
2026-06-03T18:49:29.6767662+00:00	WorkerResuming	Layer08Hub	ResumeTaskId=Layer08Hub.hub-l08-stage; Executable=meta-pipeline
2026-06-03T18:49:29.8200378+00:00	WorkerStarted	Layer08Hub	21508
2026-06-03T18:49:29.8204435+00:00	WorkerControlPipe	Layer08Hub	meta-orchestration-03e24140febc433595aaf5b5c3799a9f
2026-06-03T18:49:29.8208353+00:00	WorkerLog	Layer08Hub	stdout=C:\Users\jimmy\Desktop\meta-bi\Samples\Demos\MetaOrchestrationHairballCliIntegration\Runs\hairball-seed-20260530\RunArtifacts\runs\20260603-184845_ae6b7ebedfd54bb0a97473c44e0b6763\logs\Layer08Hub-21508.stdout.log; stderr=C:\Users\jimmy\Desktop\meta-bi\Samples\Demos\MetaOrchestrationHairballCliIntegration\Runs\hairball-seed-20260530\RunArtifacts\runs\20260603-184845_ae6b7ebedfd54bb0a97473c44e0b6763\logs\Layer08Hub-21508.stderr.log
2026-06-03T18:49:29.8213019+00:00	WorkerEvent	AuditHairball	WorkerOnline; ExitCode=0; online
2026-06-03T18:49:29.8233926+00:00	WorkerStarting	PublishHairballFinal	meta-pipeline
2026-06-03T18:49:29.9666805+00:00	WorkerStarted	PublishHairballFinal	21468
2026-06-03T18:49:29.9671722+00:00	WorkerControlPipe	PublishHairballFinal	meta-orchestration-a6b4b4c8d9ef46d986fc0fc0dd7a24c0
2026-06-03T18:49:29.9676403+00:00	WorkerLog	PublishHairballFinal	stdout=C:\Users\jimmy\Desktop\meta-bi\Samples\Demos\MetaOrchestrationHairballCliIntegration\Runs\hairball-seed-20260530\RunArtifacts\runs\20260603-184845_ae6b7ebedfd54bb0a97473c44e0b6763\logs\PublishHairballFinal-21468.stdout.log; stderr=C:\Users\jimmy\Desktop\meta-bi\Samples\Demos\MetaOrchestrationHairballCliIntegration\Runs\hairball-seed-20260530\RunArtifacts\runs\20260603-184845_ae6b7ebedfd54bb0a97473c44e0b6763\logs\PublishHairballFinal-21468.stderr.log
2026-06-03T18:49:29.9681158+00:00	WorkerEvent	Layer08Hub	WorkerOnline; ExitCode=0; online
2026-06-03T18:49:29.9691503+00:00	WorkerEvent	AuditHairball	WorkerReady; ExitCode=0; ready
2026-06-03T18:49:29.9701661+00:00	StartPipeline	AuditHairball	AuditHairball
2026-06-03T18:49:29.9710646+00:00	WorkerEvent	Layer08Hub	WorkerReady; ExitCode=0; ready
2026-06-03T18:49:29.9851735+00:00	StartPipeline	Layer08Hub	Layer08Hub
2026-06-03T18:49:29.9863566+00:00	WorkerEvent	Layer08Node03	PipelineStarted; ExitCode=0; pipeline started
2026-06-03T18:49:29.9881985+00:00	WorkerStarting	RegionalMart01	meta-pipeline
2026-06-03T18:49:30.2830145+00:00	WorkerStarted	RegionalMart01	27984
2026-06-03T18:49:30.2836201+00:00	WorkerControlPipe	RegionalMart01	meta-orchestration-3ffd39b95b6446329ebf841820f3756d
2026-06-03T18:49:30.2844370+00:00	WorkerLog	RegionalMart01	stdout=C:\Users\jimmy\Desktop\meta-bi\Samples\Demos\MetaOrchestrationHairballCliIntegration\Runs\hairball-seed-20260530\RunArtifacts\runs\20260603-184845_ae6b7ebedfd54bb0a97473c44e0b6763\logs\RegionalMart01-27984.stdout.log; stderr=C:\Users\jimmy\Desktop\meta-bi\Samples\Demos\MetaOrchestrationHairballCliIntegration\Runs\hairball-seed-20260530\RunArtifacts\runs\20260603-184845_ae6b7ebedfd54bb0a97473c44e0b6763\logs\RegionalMart01-27984.stderr.log
2026-06-03T18:49:30.2854914+00:00	WorkerEvent	PublishHairballFinal	WorkerOnline; ExitCode=0; online
2026-06-03T18:49:30.2867944+00:00	WorkerEvent	Layer08Node03.export-l08-n03	TaskReady; ExitCode=0; 
2026-06-03T18:49:30.3187159+00:00	WorkerEvent	PublishHairballFinal	WorkerReady; ExitCode=0; ready
2026-06-03T18:49:30.3202802+00:00	StartPipeline	PublishHairballFinal	PublishHairballFinal
2026-06-03T18:49:30.3328810+00:00	WorkerEvent	RegionalMart01	WorkerOnline; ExitCode=0; online
2026-06-03T18:49:30.3392643+00:00	GrantTask	Layer08Node03.export-l08-n03	Layer08Node03.export-l08-n03; GrantId=grant-107; Attempt=1
2026-06-03T18:49:30.3494716+00:00	WorkerStarting	RegionalMart03	meta-pipeline
2026-06-03T18:49:30.6929021+00:00	WorkerStarted	RegionalMart03	3372
2026-06-03T18:49:30.6937054+00:00	WorkerControlPipe	RegionalMart03	meta-orchestration-9bf849a7e90d49bcabb47d7e3edbc671
2026-06-03T18:49:30.6944620+00:00	WorkerLog	RegionalMart03	stdout=C:\Users\jimmy\Desktop\meta-bi\Samples\Demos\MetaOrchestrationHairballCliIntegration\Runs\hairball-seed-20260530\RunArtifacts\runs\20260603-184845_ae6b7ebedfd54bb0a97473c44e0b6763\logs\RegionalMart03-3372.stdout.log; stderr=C:\Users\jimmy\Desktop\meta-bi\Samples\Demos\MetaOrchestrationHairballCliIntegration\Runs\hairball-seed-20260530\RunArtifacts\runs\20260603-184845_ae6b7ebedfd54bb0a97473c44e0b6763\logs\RegionalMart03-3372.stderr.log
2026-06-03T18:49:30.6950441+00:00	WorkerEvent	Layer08Node02.select-l08-n02	TaskSucceeded; ExitCode=0; 
2026-06-03T18:49:30.6959965+00:00	TaskSucceeded	Layer08Node02.select-l08-n02	0
2026-06-03T18:49:30.6965812+00:00	WorkerEvent	Layer08Node02	Closed; ExitCode=-1; worker control channel closed
2026-06-03T18:49:30.6974846+00:00	PipelineCompleted	Layer08Node02	
2026-06-03T18:49:30.6979285+00:00	WorkerEvent	RegionalMart01	WorkerReady; ExitCode=0; ready
2026-06-03T18:49:30.7003176+00:00	StartPipeline	RegionalMart01	RegionalMart01
2026-06-03T18:49:30.7018879+00:00	WorkerEvent	Layer08Node04	PipelineStarted; ExitCode=0; pipeline started
2026-06-03T18:49:30.7032714+00:00	WorkerEvent	Layer08Node03.export-l08-n03	GrantAccepted; ExitCode=0; 
2026-06-03T18:49:30.7048701+00:00	WorkerEvent	Layer08Node04.select-l08-n04	TaskReady; ExitCode=0; 
2026-06-03T18:49:30.7060978+00:00	WorkerEvent	Layer08Node03.export-l08-n03	TaskStarted; ExitCode=0; 
2026-06-03T18:49:30.7083566+00:00	WorkerEvent	Layer08Node08	PipelineStarted; ExitCode=0; pipeline started
2026-06-03T18:49:30.7300533+00:00	GrantTask	Layer08Node04.select-l08-n04	Layer08Node04.select-l08-n04; GrantId=grant-108; Attempt=1
2026-06-03T18:49:30.7307576+00:00	WorkerStarting	RegionalMart04	meta-pipeline
2026-06-03T18:49:30.9966596+00:00	WorkerStarted	RegionalMart04	1808
2026-06-03T18:49:30.9972517+00:00	WorkerControlPipe	RegionalMart04	meta-orchestration-3614761ba88c4bc082ce8dd24e77b5de
2026-06-03T18:49:30.9976908+00:00	WorkerLog	RegionalMart04	stdout=C:\Users\jimmy\Desktop\meta-bi\Samples\Demos\MetaOrchestrationHairballCliIntegration\Runs\hairball-seed-20260530\RunArtifacts\runs\20260603-184845_ae6b7ebedfd54bb0a97473c44e0b6763\logs\RegionalMart04-1808.stdout.log; stderr=C:\Users\jimmy\Desktop\meta-bi\Samples\Demos\MetaOrchestrationHairballCliIntegration\Runs\hairball-seed-20260530\RunArtifacts\runs\20260603-184845_ae6b7ebedfd54bb0a97473c44e0b6763\logs\RegionalMart04-1808.stderr.log
2026-06-03T18:49:30.9982330+00:00	WorkerEvent	RegionalMart03	WorkerOnline; ExitCode=0; online
2026-06-03T18:49:30.9995226+00:00	WorkerEvent	RegionalMart02	PipelineStarted; ExitCode=0; pipeline started
2026-06-03T18:49:31.0004809+00:00	WorkerEvent	Layer08Node04.select-l08-n04	GrantAccepted; ExitCode=0; 
2026-06-03T18:49:31.0013682+00:00	WorkerEvent	RegionalMart03	WorkerReady; ExitCode=0; ready
2026-06-03T18:49:31.0206534+00:00	StartPipeline	RegionalMart03	RegionalMart03
2026-06-03T18:49:31.0218051+00:00	WorkerEvent	RegionalMart02.regional-02-stage	TaskReady; ExitCode=0; 
2026-06-03T18:49:31.0230184+00:00	WorkerEvent	Layer08Node04.select-l08-n04	TaskStarted; ExitCode=0; 
2026-06-03T18:49:31.0526009+00:00	WorkerEvent	RegionalMart04	WorkerOnline; ExitCode=0; online
2026-06-03T18:49:31.0570900+00:00	WorkerEvent	Layer08Node08.refresh-l08-n08	TaskReady; ExitCode=0; 
2026-06-03T18:49:31.0586604+00:00	WorkerProcessExited	Layer08Node02	ExitCode=0; worker process exited
2026-06-03T18:49:31.0596961+00:00	WorkerEvent	RegionalMart04	WorkerReady; ExitCode=0; ready
2026-06-03T18:49:31.0869089+00:00	StartPipeline	RegionalMart04	RegionalMart04
2026-06-03T18:49:31.1681400+00:00	GrantTask	Layer08Node08.refresh-l08-n08	Layer08Node08.refresh-l08-n08; GrantId=grant-109; Attempt=1
2026-06-03T18:49:31.1709450+00:00	GrantTask	RegionalMart02.regional-02-stage	RegionalMart02.regional-02-stage; GrantId=grant-110; Attempt=1
2026-06-03T18:49:31.1798312+00:00	WorkerEvent	RegionalMart02.regional-02-stage	GrantAccepted; ExitCode=0; 
2026-06-03T18:49:31.1811377+00:00	WorkerEvent	Layer08Node08.refresh-l08-n08	GrantAccepted; ExitCode=0; 
2026-06-03T18:49:31.1824862+00:00	WorkerEvent	RegionalMart02.regional-02-stage	TaskStarted; ExitCode=0; 
2026-06-03T18:49:31.1920635+00:00	WorkerEvent	Layer08Node08.refresh-l08-n08	TaskStarted; ExitCode=0; 
2026-06-03T18:49:31.2372136+00:00	WorkerEvent	AuditHairball	PipelineStarted; ExitCode=0; pipeline started
2026-06-03T18:49:31.2386710+00:00	WorkerEvent	AuditHairball.audit-hairball	TaskReady; ExitCode=0; 
2026-06-03T18:49:31.3495970+00:00	WorkerEvent	Layer07Hub	PipelineStarted; ExitCode=0; pipeline started
2026-06-03T18:49:31.3543145+00:00	WorkerEvent	Layer07Hub.hub-l07-stage	TaskReady; ExitCode=0; 
2026-06-03T18:49:31.3628694+00:00	GrantTask	Layer07Hub.hub-l07-stage	Layer07Hub.hub-l07-stage; GrantId=grant-111; Attempt=1
2026-06-03T18:49:31.3641388+00:00	WorkerEvent	Layer07Hub.hub-l07-stage	GrantAccepted; ExitCode=0; 
2026-06-03T18:49:31.3659237+00:00	WorkerEvent	Layer07Hub.hub-l07-stage	TaskStarted; ExitCode=0; 
2026-06-03T18:49:31.6654846+00:00	WorkerEvent	Layer08Hub	PipelineStarted; ExitCode=0; pipeline started
2026-06-03T18:49:31.6696684+00:00	WorkerEvent	Layer08Hub.hub-l08-stage	TaskReady; ExitCode=0; 
2026-06-03T18:49:31.7943503+00:00	WorkerEvent	PublishHairballFinal	PipelineStarted; ExitCode=0; pipeline started
2026-06-03T18:49:31.7960416+00:00	WorkerEvent	Layer08Node03.export-l08-n03	TaskSucceeded; ExitCode=0; 
2026-06-03T18:49:31.7969966+00:00	TaskSucceeded	Layer08Node03.export-l08-n03	0
2026-06-03T18:49:31.7975231+00:00	WorkerEvent	PublishHairballFinal.publish-hairball-final	TaskReady; ExitCode=0; 
2026-06-03T18:49:31.8029574+00:00	WorkerEvent	Layer08Node03	Closed; ExitCode=-1; worker control channel closed
2026-06-03T18:49:31.8055210+00:00	PipelineCompleted	Layer08Node03	
2026-06-03T18:49:31.8237416+00:00	WorkerProcessExited	Layer08Node03	ExitCode=0; worker process exited
2026-06-03T18:49:31.9074000+00:00	WorkerEvent	Layer08Node04.select-l08-n04	TaskSucceeded; ExitCode=0; 
2026-06-03T18:49:31.9095464+00:00	TaskSucceeded	Layer08Node04.select-l08-n04	0
2026-06-03T18:49:31.9115052+00:00	GrantTask	CompositeMart.composite-curate	CompositeMart.composite-curate; GrantId=grant-112; Attempt=1
2026-06-03T18:49:31.9124348+00:00	WorkerEvent	Layer08Node04	Closed; ExitCode=-1; worker control channel closed
2026-06-03T18:49:31.9132743+00:00	PipelineCompleted	Layer08Node04	
2026-06-03T18:49:31.9137296+00:00	WorkerEvent	CompositeMart.composite-curate	GrantAccepted; ExitCode=0; 
2026-06-03T18:49:31.9151522+00:00	WorkerEvent	CompositeMart.composite-curate	TaskStarted; ExitCode=0; 
2026-06-03T18:49:31.9528231+00:00	WorkerEvent	Layer08Node08.refresh-l08-n08	TaskSucceeded; ExitCode=0; 
2026-06-03T18:49:31.9655693+00:00	TaskSucceeded	Layer08Node08.refresh-l08-n08	0
2026-06-03T18:49:31.9699547+00:00	GrantTask	Layer08Hub.hub-l08-stage	Layer08Hub.hub-l08-stage; GrantId=grant-113; Attempt=1
2026-06-03T18:49:31.9751668+00:00	WorkerEvent	Layer08Hub.hub-l08-stage	GrantAccepted; ExitCode=0; 
2026-06-03T18:49:31.9801836+00:00	WorkerProcessExited	Layer08Node08	ExitCode=0; worker process exited
2026-06-03T18:49:31.9810891+00:00	PipelineCompleted	Layer08Node08	
2026-06-03T18:49:31.9815183+00:00	WorkerProcessExited	Layer08Node04	ExitCode=0; worker process exited
2026-06-03T18:49:31.9824436+00:00	WorkerEvent	Layer08Hub.hub-l08-stage	TaskStarted; ExitCode=0; 
2026-06-03T18:49:32.0485832+00:00	WorkerEvent	CompositeMart.composite-curate	TaskSucceeded; ExitCode=0; 
2026-06-03T18:49:32.0496883+00:00	TaskSucceeded	CompositeMart.composite-curate	0
2026-06-03T18:49:32.0509451+00:00	WorkerEvent	CompositeMart.composite-reconcile	TaskReady; ExitCode=0; 
2026-06-03T18:49:32.0525047+00:00	GrantTask	CompositeMart.composite-reconcile	CompositeMart.composite-reconcile; GrantId=grant-114; Attempt=1
2026-06-03T18:49:32.0536489+00:00	WorkerEvent	CompositeMart.composite-reconcile	GrantAccepted; ExitCode=0; 
2026-06-03T18:49:32.0566444+00:00	WorkerEvent	CompositeMart.composite-reconcile	TaskStarted; ExitCode=0; 
2026-06-03T18:49:32.0912126+00:00	WorkerEvent	RegionalMart02.regional-02-stage	TaskSucceeded; ExitCode=0; 
2026-06-03T18:49:32.0925593+00:00	TaskSucceeded	RegionalMart02.regional-02-stage	0
2026-06-03T18:49:32.0936915+00:00	WorkerEvent	RegionalMart02.regional-02-curate	TaskReady; ExitCode=0; 
2026-06-03T18:49:32.0953288+00:00	GrantTask	RegionalMart02.regional-02-curate	RegionalMart02.regional-02-curate; GrantId=grant-115; Attempt=1
2026-06-03T18:49:32.0959987+00:00	WorkerEvent	RegionalMart02.regional-02-curate	GrantAccepted; ExitCode=0; 
2026-06-03T18:49:32.0992129+00:00	WorkerEvent	RegionalMart02.regional-02-curate	TaskStarted; ExitCode=0; 
2026-06-03T18:49:32.1839682+00:00	WorkerEvent	CompositeMart.composite-reconcile	TaskSucceeded; ExitCode=0; 
2026-06-03T18:49:32.1851664+00:00	TaskSucceeded	CompositeMart.composite-reconcile	0
2026-06-03T18:49:32.1868149+00:00	WorkerEvent	CompositeMart.composite-certify	TaskReady; ExitCode=0; 
2026-06-03T18:49:32.1900189+00:00	GrantTask	CompositeMart.composite-certify	CompositeMart.composite-certify; GrantId=grant-116; Attempt=1
2026-06-03T18:49:32.1912365+00:00	WorkerEvent	CompositeMart.composite-certify	GrantAccepted; ExitCode=0; 
2026-06-03T18:49:32.1932321+00:00	WorkerEvent	CompositeMart.composite-certify	TaskStarted; ExitCode=0; 
2026-06-03T18:49:32.1997873+00:00	WorkerEvent	Layer07Hub.hub-l07-stage	TaskSucceeded; ExitCode=0; 
2026-06-03T18:49:32.2009154+00:00	TaskSucceeded	Layer07Hub.hub-l07-stage	0
2026-06-03T18:49:32.2020129+00:00	WorkerEvent	Layer07Hub.hub-l07-curate	TaskReady; ExitCode=0; 
2026-06-03T18:49:32.2044682+00:00	GrantTask	Layer07Hub.hub-l07-curate	Layer07Hub.hub-l07-curate; GrantId=grant-117; Attempt=1
2026-06-03T18:49:32.2138975+00:00	WorkerEvent	Layer07Hub.hub-l07-curate	GrantAccepted; ExitCode=0; 
2026-06-03T18:49:32.2153370+00:00	WorkerEvent	Layer07Hub.hub-l07-curate	TaskStarted; ExitCode=0; 
2026-06-03T18:49:32.2862902+00:00	WorkerEvent	RegionalMart02.regional-02-curate	TaskSucceeded; ExitCode=0; 
2026-06-03T18:49:32.2875220+00:00	TaskSucceeded	RegionalMart02.regional-02-curate	0
2026-06-03T18:49:32.2907349+00:00	WorkerEvent	RegionalMart02.regional-02-publish	TaskReady; ExitCode=0; 
2026-06-03T18:49:32.2934165+00:00	GrantTask	RegionalMart02.regional-02-publish	RegionalMart02.regional-02-publish; GrantId=grant-118; Attempt=1
2026-06-03T18:49:32.2999882+00:00	WorkerEvent	RegionalMart02.regional-02-publish	GrantAccepted; ExitCode=0; 
2026-06-03T18:49:32.3013884+00:00	WorkerEvent	CompositeMart.composite-certify	TaskSucceeded; ExitCode=0; 
2026-06-03T18:49:32.3025829+00:00	TaskSucceeded	CompositeMart.composite-certify	0
2026-06-03T18:49:32.3031904+00:00	WorkerEvent	RegionalMart02.regional-02-publish	TaskStarted; ExitCode=0; 
2026-06-03T18:49:32.3062671+00:00	WorkerEvent	CompositeMart.composite-publish	TaskReady; ExitCode=0; 
2026-06-03T18:49:32.3078946+00:00	GrantTask	CompositeMart.composite-publish	CompositeMart.composite-publish; GrantId=grant-119; Attempt=1
2026-06-03T18:49:32.3103983+00:00	WorkerEvent	CompositeMart.composite-publish	GrantAccepted; ExitCode=0; 
2026-06-03T18:49:32.3119256+00:00	WorkerEvent	CompositeMart.composite-publish	TaskStarted; ExitCode=0; 
2026-06-03T18:49:32.3944314+00:00	WorkerEvent	Layer07Hub.hub-l07-curate	TaskSucceeded; ExitCode=0; 
2026-06-03T18:49:32.3958718+00:00	TaskSucceeded	Layer07Hub.hub-l07-curate	0
2026-06-03T18:49:32.3970322+00:00	WorkerEvent	Layer07Hub.hub-l07-publish	TaskReady; ExitCode=0; 
2026-06-03T18:49:32.3996715+00:00	GrantTask	Layer07Hub.hub-l07-publish	Layer07Hub.hub-l07-publish; GrantId=grant-120; Attempt=1
2026-06-03T18:49:32.4004885+00:00	WorkerEvent	Layer07Hub.hub-l07-publish	GrantAccepted; ExitCode=0; 
2026-06-03T18:49:32.4018344+00:00	WorkerEvent	Layer07Hub.hub-l07-publish	TaskStarted; ExitCode=0; 
2026-06-03T18:49:32.5127753+00:00	WorkerEvent	RegionalMart01	PipelineStarted; ExitCode=0; pipeline started
2026-06-03T18:49:32.5156229+00:00	WorkerEvent	CompositeMart.composite-publish	TaskSucceeded; ExitCode=0; 
2026-06-03T18:49:32.5169643+00:00	TaskSucceeded	CompositeMart.composite-publish	0
2026-06-03T18:49:32.5175359+00:00	WorkerEvent	RegionalMart01.regional-01-stage	TaskReady; ExitCode=0; 
2026-06-03T18:49:32.5199535+00:00	GrantTask	RegionalMart01.regional-01-stage	RegionalMart01.regional-01-stage; GrantId=grant-121; Attempt=1
2026-06-03T18:49:32.5204943+00:00	WorkerEvent	CompositeMart	Closed; ExitCode=-1; worker control channel closed
2026-06-03T18:49:32.5235843+00:00	PipelineCompleted	CompositeMart	
2026-06-03T18:49:32.5241634+00:00	WorkerEvent	RegionalMart01.regional-01-stage	GrantAccepted; ExitCode=0; 
2026-06-03T18:49:32.5268133+00:00	WorkerEvent	RegionalMart01.regional-01-stage	TaskStarted; ExitCode=0; 
2026-06-03T18:49:32.5361710+00:00	WorkerProcessExited	CompositeMart	ExitCode=0; worker process exited
2026-06-03T18:49:32.5713859+00:00	WorkerEvent	RegionalMart02.regional-02-publish	TaskSucceeded; ExitCode=0; 
2026-06-03T18:49:32.5729919+00:00	TaskSucceeded	RegionalMart02.regional-02-publish	0
2026-06-03T18:49:32.5742156+00:00	WorkerEvent	RegionalMart02.regional-02-audit	TaskReady; ExitCode=0; 
2026-06-03T18:49:32.5759686+00:00	GrantTask	RegionalMart02.regional-02-audit	RegionalMart02.regional-02-audit; GrantId=grant-122; Attempt=1
2026-06-03T18:49:32.5766323+00:00	WorkerEvent	RegionalMart02.regional-02-audit	GrantAccepted; ExitCode=0; 
2026-06-03T18:49:32.5778243+00:00	WorkerEvent	RegionalMart02.regional-02-audit	TaskStarted; ExitCode=0; 
2026-06-03T18:49:32.6582485+00:00	WorkerEvent	Layer07Hub.hub-l07-publish	TaskSucceeded; ExitCode=0; 
2026-06-03T18:49:32.6594716+00:00	TaskSucceeded	Layer07Hub.hub-l07-publish	0
2026-06-03T18:49:32.6612628+00:00	GrantTask	PublishHairballFinal.publish-hairball-final	PublishHairballFinal.publish-hairball-final; GrantId=grant-123; Attempt=1
2026-06-03T18:49:32.6622942+00:00	WorkerEvent	PublishHairballFinal.publish-hairball-final	GrantAccepted; ExitCode=0; 
2026-06-03T18:49:32.6635892+00:00	WorkerEvent	Layer07Hub	Closed; ExitCode=-1; worker control channel closed
2026-06-03T18:49:32.6646924+00:00	PipelineCompleted	Layer07Hub	
2026-06-03T18:49:32.6651439+00:00	WorkerEvent	PublishHairballFinal.publish-hairball-final	TaskStarted; ExitCode=0; 
2026-06-03T18:49:32.6871884+00:00	WorkerEvent	Layer08Hub.hub-l08-stage	TaskSucceeded; ExitCode=0; 
2026-06-03T18:49:32.6886413+00:00	TaskSucceeded	Layer08Hub.hub-l08-stage	0
2026-06-03T18:49:32.6901578+00:00	WorkerProcessExited	Layer07Hub	ExitCode=0; worker process exited
2026-06-03T18:49:32.6913341+00:00	WorkerEvent	Layer08Hub.hub-l08-curate	TaskReady; ExitCode=0; 
2026-06-03T18:49:32.6943765+00:00	GrantTask	Layer08Hub.hub-l08-curate	Layer08Hub.hub-l08-curate; GrantId=grant-124; Attempt=1
2026-06-03T18:49:32.6951154+00:00	WorkerEvent	Layer08Hub.hub-l08-curate	GrantAccepted; ExitCode=0; 
2026-06-03T18:49:32.6966238+00:00	WorkerEvent	Layer08Hub.hub-l08-curate	TaskStarted; ExitCode=0; 
2026-06-03T18:49:32.7173004+00:00	WorkerEvent	RegionalMart02.regional-02-audit	TaskSucceeded; ExitCode=0; 
2026-06-03T18:49:32.7184888+00:00	TaskSucceeded	RegionalMart02.regional-02-audit	0
2026-06-03T18:49:32.7242821+00:00	WorkerEvent	RegionalMart02	Closed; ExitCode=-1; worker control channel closed
2026-06-03T18:49:32.7254173+00:00	PipelineCompleted	RegionalMart02	
2026-06-03T18:49:32.7582493+00:00	WorkerProcessExited	RegionalMart02	ExitCode=0; worker process exited
2026-06-03T18:49:32.7592928+00:00	WorkerEvent	RegionalMart04	PipelineStarted; ExitCode=0; pipeline started
2026-06-03T18:49:32.7619461+00:00	WorkerEvent	RegionalMart04.regional-04-stage	TaskReady; ExitCode=0; 
2026-06-03T18:49:32.7994113+00:00	WorkerEvent	RegionalMart03	PipelineStarted; ExitCode=0; pipeline started
2026-06-03T18:49:32.8018926+00:00	WorkerEvent	RegionalMart03.regional-03-stage	TaskReady; ExitCode=0; 
2026-06-03T18:49:32.8086759+00:00	WorkerEvent	Layer08Hub.hub-l08-curate	TaskSucceeded; ExitCode=0; 
2026-06-03T18:49:32.8094891+00:00	TaskSucceeded	Layer08Hub.hub-l08-curate	0
2026-06-03T18:49:32.8105411+00:00	WorkerEvent	Layer08Hub.hub-l08-publish	TaskReady; ExitCode=0; 
2026-06-03T18:49:32.8120849+00:00	GrantTask	Layer08Hub.hub-l08-publish	Layer08Hub.hub-l08-publish; GrantId=grant-125; Attempt=1
2026-06-03T18:49:32.8125578+00:00	WorkerEvent	Layer08Hub.hub-l08-publish	GrantAccepted; ExitCode=0; 
2026-06-03T18:49:32.8137885+00:00	WorkerEvent	Layer08Hub.hub-l08-publish	TaskStarted; ExitCode=0; 
2026-06-03T18:49:32.9691851+00:00	WorkerEvent	Layer08Hub.hub-l08-publish	TaskSucceeded; ExitCode=0; 
2026-06-03T18:49:32.9702372+00:00	TaskSucceeded	Layer08Hub.hub-l08-publish	0
2026-06-03T18:49:32.9726481+00:00	WorkerEvent	Layer08Hub	Closed; ExitCode=-1; worker control channel closed
2026-06-03T18:49:32.9737346+00:00	PipelineCompleted	Layer08Hub	
2026-06-03T18:49:33.0051007+00:00	WorkerProcessExited	Layer08Hub	ExitCode=0; worker process exited
2026-06-03T18:49:33.0703852+00:00	WorkerEvent	RegionalMart01.regional-01-stage	TaskSucceeded; ExitCode=0; 
2026-06-03T18:49:33.0712042+00:00	TaskSucceeded	RegionalMart01.regional-01-stage	0
2026-06-03T18:49:33.0725848+00:00	WorkerEvent	RegionalMart01.regional-01-curate	TaskReady; ExitCode=0; 
2026-06-03T18:49:33.0745716+00:00	GrantTask	RegionalMart01.regional-01-curate	RegionalMart01.regional-01-curate; GrantId=grant-126; Attempt=1
2026-06-03T18:49:33.0750752+00:00	WorkerEvent	RegionalMart01.regional-01-curate	GrantAccepted; ExitCode=0; 
2026-06-03T18:49:33.0760934+00:00	WorkerEvent	RegionalMart01.regional-01-curate	TaskStarted; ExitCode=0; 
2026-06-03T18:49:33.1774336+00:00	WorkerEvent	RegionalMart01.regional-01-curate	TaskSucceeded; ExitCode=0; 
2026-06-03T18:49:33.1782130+00:00	TaskSucceeded	RegionalMart01.regional-01-curate	0
2026-06-03T18:49:33.1791719+00:00	GrantTask	RegionalMart03.regional-03-stage	RegionalMart03.regional-03-stage; GrantId=grant-127; Attempt=1
2026-06-03T18:49:33.1796753+00:00	WorkerEvent	RegionalMart01.regional-01-publish	TaskReady; ExitCode=0; 
2026-06-03T18:49:33.1803269+00:00	WorkerEvent	RegionalMart03.regional-03-stage	GrantAccepted; ExitCode=0; 
2026-06-03T18:49:33.1817316+00:00	GrantTask	RegionalMart01.regional-01-publish	RegionalMart01.regional-01-publish; GrantId=grant-128; Attempt=1
2026-06-03T18:49:33.1822194+00:00	WorkerEvent	RegionalMart03.regional-03-stage	TaskStarted; ExitCode=0; 
2026-06-03T18:49:33.1829450+00:00	WorkerEvent	RegionalMart01.regional-01-publish	GrantAccepted; ExitCode=0; 
2026-06-03T18:49:33.1840256+00:00	WorkerEvent	RegionalMart01.regional-01-publish	TaskStarted; ExitCode=0; 
2026-06-03T18:49:33.2537105+00:00	WorkerEvent	PublishHairballFinal.publish-hairball-final	TaskSucceeded; ExitCode=0; 
2026-06-03T18:49:33.2556253+00:00	TaskSucceeded	PublishHairballFinal.publish-hairball-final	0
2026-06-03T18:49:33.2585096+00:00	WorkerEvent	PublishHairballFinal	Closed; ExitCode=-1; worker control channel closed
2026-06-03T18:49:33.2594147+00:00	PipelineCompleted	PublishHairballFinal	
2026-06-03T18:49:33.2846867+00:00	WorkerProcessExited	PublishHairballFinal	ExitCode=0; worker process exited
2026-06-03T18:49:33.3582356+00:00	WorkerEvent	RegionalMart01.regional-01-publish	TaskSucceeded; ExitCode=0; 
2026-06-03T18:49:33.3589280+00:00	TaskSucceeded	RegionalMart01.regional-01-publish	0
2026-06-03T18:49:33.3596456+00:00	WorkerEvent	RegionalMart01.regional-01-audit	TaskReady; ExitCode=0; 
2026-06-03T18:49:33.3607005+00:00	GrantTask	RegionalMart01.regional-01-audit	RegionalMart01.regional-01-audit; GrantId=grant-129; Attempt=1
2026-06-03T18:49:33.3612772+00:00	WorkerEvent	RegionalMart01.regional-01-audit	GrantAccepted; ExitCode=0; 
2026-06-03T18:49:33.3623130+00:00	WorkerEvent	RegionalMart01.regional-01-audit	TaskStarted; ExitCode=0; 
2026-06-03T18:49:33.4497977+00:00	WorkerEvent	RegionalMart01.regional-01-audit	TaskSucceeded; ExitCode=0; 
2026-06-03T18:49:33.4506097+00:00	TaskSucceeded	RegionalMart01.regional-01-audit	0
2026-06-03T18:49:33.4528897+00:00	WorkerEvent	RegionalMart01	Closed; ExitCode=-1; worker control channel closed
2026-06-03T18:49:33.4536016+00:00	PipelineCompleted	RegionalMart01	
2026-06-03T18:49:33.4772326+00:00	WorkerProcessExited	RegionalMart01	ExitCode=0; worker process exited
2026-06-03T18:49:33.6082809+00:00	WorkerEvent	RegionalMart03.regional-03-stage	TaskSucceeded; ExitCode=0; 
2026-06-03T18:49:33.6089045+00:00	TaskSucceeded	RegionalMart03.regional-03-stage	0
2026-06-03T18:49:33.6095038+00:00	WorkerEvent	RegionalMart03.regional-03-curate	TaskReady; ExitCode=0; 
2026-06-03T18:49:33.6103615+00:00	GrantTask	RegionalMart03.regional-03-curate	RegionalMart03.regional-03-curate; GrantId=grant-130; Attempt=1
2026-06-03T18:49:33.6106809+00:00	WorkerEvent	RegionalMart03.regional-03-curate	GrantAccepted; ExitCode=0; 
2026-06-03T18:49:33.6113495+00:00	WorkerEvent	RegionalMart03.regional-03-curate	TaskStarted; ExitCode=0; 
2026-06-03T18:49:33.6933620+00:00	WorkerEvent	RegionalMart03.regional-03-curate	TaskSucceeded; ExitCode=0; 
2026-06-03T18:49:33.6939999+00:00	TaskSucceeded	RegionalMart03.regional-03-curate	0
2026-06-03T18:49:33.6946481+00:00	WorkerEvent	RegionalMart03.regional-03-publish	TaskReady; ExitCode=0; 
2026-06-03T18:49:33.6956178+00:00	GrantTask	RegionalMart03.regional-03-publish	RegionalMart03.regional-03-publish; GrantId=grant-131; Attempt=1
2026-06-03T18:49:33.6960190+00:00	WorkerEvent	RegionalMart03.regional-03-publish	GrantAccepted; ExitCode=0; 
2026-06-03T18:49:33.6969113+00:00	WorkerEvent	RegionalMart03.regional-03-publish	TaskStarted; ExitCode=0; 
2026-06-03T18:49:33.8033883+00:00	WorkerEvent	RegionalMart03.regional-03-publish	TaskSucceeded; ExitCode=0; 
2026-06-03T18:49:33.8040069+00:00	TaskSucceeded	RegionalMart03.regional-03-publish	0
2026-06-03T18:49:33.8050288+00:00	GrantTask	RegionalMart04.regional-04-stage	RegionalMart04.regional-04-stage; GrantId=grant-132; Attempt=1
2026-06-03T18:49:33.8055525+00:00	WorkerEvent	RegionalMart03.regional-03-audit	TaskReady; ExitCode=0; 
2026-06-03T18:49:33.8060582+00:00	WorkerEvent	RegionalMart04.regional-04-stage	GrantAccepted; ExitCode=0; 
2026-06-03T18:49:33.8067977+00:00	GrantTask	RegionalMart03.regional-03-audit	RegionalMart03.regional-03-audit; GrantId=grant-133; Attempt=1
2026-06-03T18:49:33.8071362+00:00	WorkerEvent	RegionalMart04.regional-04-stage	TaskStarted; ExitCode=0; 
2026-06-03T18:49:33.8076622+00:00	WorkerEvent	RegionalMart03.regional-03-audit	GrantAccepted; ExitCode=0; 
2026-06-03T18:49:33.8083756+00:00	WorkerEvent	RegionalMart03.regional-03-audit	TaskStarted; ExitCode=0; 
2026-06-03T18:49:33.8758757+00:00	WorkerEvent	RegionalMart03.regional-03-audit	TaskSucceeded; ExitCode=0; 
2026-06-03T18:49:33.8765885+00:00	TaskSucceeded	RegionalMart03.regional-03-audit	0
2026-06-03T18:49:33.8782561+00:00	WorkerEvent	RegionalMart03	Closed; ExitCode=-1; worker control channel closed
2026-06-03T18:49:33.8787970+00:00	PipelineCompleted	RegionalMart03	
2026-06-03T18:49:33.8988481+00:00	WorkerProcessExited	RegionalMart03	ExitCode=0; worker process exited
2026-06-03T18:49:34.1440462+00:00	WorkerEvent	RegionalMart04.regional-04-stage	TaskSucceeded; ExitCode=0; 
2026-06-03T18:49:34.1446704+00:00	TaskSucceeded	RegionalMart04.regional-04-stage	0
2026-06-03T18:49:34.1452206+00:00	WorkerEvent	RegionalMart04.regional-04-curate	TaskReady; ExitCode=0; 
2026-06-03T18:49:34.1461511+00:00	GrantTask	RegionalMart04.regional-04-curate	RegionalMart04.regional-04-curate; GrantId=grant-134; Attempt=1
2026-06-03T18:49:34.1464961+00:00	WorkerEvent	RegionalMart04.regional-04-curate	GrantAccepted; ExitCode=0; 
2026-06-03T18:49:34.1474625+00:00	WorkerEvent	RegionalMart04.regional-04-curate	TaskStarted; ExitCode=0; 
2026-06-03T18:49:34.2109266+00:00	WorkerEvent	RegionalMart04.regional-04-curate	TaskSucceeded; ExitCode=0; 
2026-06-03T18:49:34.2115583+00:00	TaskSucceeded	RegionalMart04.regional-04-curate	0
2026-06-03T18:49:34.2121593+00:00	WorkerEvent	RegionalMart04.regional-04-publish	TaskReady; ExitCode=0; 
2026-06-03T18:49:34.2131450+00:00	GrantTask	RegionalMart04.regional-04-publish	RegionalMart04.regional-04-publish; GrantId=grant-135; Attempt=1
2026-06-03T18:49:34.2135352+00:00	WorkerEvent	RegionalMart04.regional-04-publish	GrantAccepted; ExitCode=0; 
2026-06-03T18:49:34.2142410+00:00	WorkerEvent	RegionalMart04.regional-04-publish	TaskStarted; ExitCode=0; 
2026-06-03T18:49:34.3108677+00:00	WorkerEvent	RegionalMart04.regional-04-publish	TaskSucceeded; ExitCode=0; 
2026-06-03T18:49:34.3114318+00:00	TaskSucceeded	RegionalMart04.regional-04-publish	0
2026-06-03T18:49:34.3120732+00:00	GrantTask	AuditHairball.audit-hairball	AuditHairball.audit-hairball; GrantId=grant-136; Attempt=1
2026-06-03T18:49:34.3123429+00:00	WorkerEvent	RegionalMart04.regional-04-audit	TaskReady; ExitCode=0; 
2026-06-03T18:49:34.3129206+00:00	WorkerEvent	AuditHairball.audit-hairball	GrantAccepted; ExitCode=0; 
2026-06-03T18:49:34.3137472+00:00	GrantTask	RegionalMart04.regional-04-audit	RegionalMart04.regional-04-audit; GrantId=grant-137; Attempt=1
2026-06-03T18:49:34.3140393+00:00	WorkerEvent	RegionalMart04.regional-04-audit	GrantAccepted; ExitCode=0; 
2026-06-03T18:49:34.3145288+00:00	WorkerEvent	AuditHairball.audit-hairball	TaskStarted; ExitCode=0; 
2026-06-03T18:49:34.3150300+00:00	WorkerEvent	RegionalMart04.regional-04-audit	TaskStarted; ExitCode=0; 
2026-06-03T18:49:34.3804498+00:00	WorkerEvent	RegionalMart04.regional-04-audit	TaskSucceeded; ExitCode=0; 
2026-06-03T18:49:34.3811072+00:00	TaskSucceeded	RegionalMart04.regional-04-audit	0
2026-06-03T18:49:34.3833014+00:00	WorkerEvent	RegionalMart04	Closed; ExitCode=-1; worker control channel closed
2026-06-03T18:49:34.3839254+00:00	PipelineCompleted	RegionalMart04	
2026-06-03T18:49:34.4061429+00:00	WorkerProcessExited	RegionalMart04	ExitCode=0; worker process exited
2026-06-03T18:49:34.5994559+00:00	WorkerEvent	AuditHairball.audit-hairball	TaskSucceeded; ExitCode=0; 
2026-06-03T18:49:34.5999843+00:00	TaskSucceeded	AuditHairball.audit-hairball	0
2026-06-03T18:49:34.6015836+00:00	WorkerEvent	AuditHairball	Closed; ExitCode=-1; worker control channel closed
2026-06-03T18:49:34.6020650+00:00	PipelineCompleted	AuditHairball	
2026-06-03T18:49:34.6205921+00:00	WorkerProcessExited	AuditHairball	ExitCode=0; worker process exited
2026-06-03T18:49:34.6228036+00:00	WorkerLogSummary	ExtractSeed01	stdout=C:\Users\jimmy\Desktop\meta-bi\Samples\Demos\MetaOrchestrationHairballCliIntegration\Runs\hairball-seed-20260530\RunArtifacts\runs\20260603-184845_ae6b7ebedfd54bb0a97473c44e0b6763\logs\ExtractSeed01-23320.stdout.log; stdoutBytes=0; stdoutTruncated=False; stdoutDroppedBytes=0; stderr=C:\Users\jimmy\Desktop\meta-bi\Samples\Demos\MetaOrchestrationHairballCliIntegration\Runs\hairball-seed-20260530\RunArtifacts\runs\20260603-184845_ae6b7ebedfd54bb0a97473c44e0b6763\logs\ExtractSeed01-23320.stderr.log; stderrBytes=0; stderrTruncated=False; stderrDroppedBytes=0
2026-06-03T18:49:34.6237556+00:00	WorkerLogSummary	ExtractSeed02	stdout=C:\Users\jimmy\Desktop\meta-bi\Samples\Demos\MetaOrchestrationHairballCliIntegration\Runs\hairball-seed-20260530\RunArtifacts\runs\20260603-184845_ae6b7ebedfd54bb0a97473c44e0b6763\logs\ExtractSeed02-13152.stdout.log; stdoutBytes=0; stdoutTruncated=False; stdoutDroppedBytes=0; stderr=C:\Users\jimmy\Desktop\meta-bi\Samples\Demos\MetaOrchestrationHairballCliIntegration\Runs\hairball-seed-20260530\RunArtifacts\runs\20260603-184845_ae6b7ebedfd54bb0a97473c44e0b6763\logs\ExtractSeed02-13152.stderr.log; stderrBytes=0; stderrTruncated=False; stderrDroppedBytes=0
2026-06-03T18:49:34.6242983+00:00	WorkerLogSummary	ExtractSeed03	stdout=C:\Users\jimmy\Desktop\meta-bi\Samples\Demos\MetaOrchestrationHairballCliIntegration\Runs\hairball-seed-20260530\RunArtifacts\runs\20260603-184845_ae6b7ebedfd54bb0a97473c44e0b6763\logs\ExtractSeed03-7876.stdout.log; stdoutBytes=0; stdoutTruncated=False; stdoutDroppedBytes=0; stderr=C:\Users\jimmy\Desktop\meta-bi\Samples\Demos\MetaOrchestrationHairballCliIntegration\Runs\hairball-seed-20260530\RunArtifacts\runs\20260603-184845_ae6b7ebedfd54bb0a97473c44e0b6763\logs\ExtractSeed03-7876.stderr.log; stderrBytes=0; stderrTruncated=False; stderrDroppedBytes=0
2026-06-03T18:49:34.6247548+00:00	WorkerLogSummary	ExtractSeed04	stdout=C:\Users\jimmy\Desktop\meta-bi\Samples\Demos\MetaOrchestrationHairballCliIntegration\Runs\hairball-seed-20260530\RunArtifacts\runs\20260603-184845_ae6b7ebedfd54bb0a97473c44e0b6763\logs\ExtractSeed04-6008.stdout.log; stdoutBytes=0; stdoutTruncated=False; stdoutDroppedBytes=0; stderr=C:\Users\jimmy\Desktop\meta-bi\Samples\Demos\MetaOrchestrationHairballCliIntegration\Runs\hairball-seed-20260530\RunArtifacts\runs\20260603-184845_ae6b7ebedfd54bb0a97473c44e0b6763\logs\ExtractSeed04-6008.stderr.log; stderrBytes=0; stderrTruncated=False; stderrDroppedBytes=0
2026-06-03T18:49:34.6252106+00:00	WorkerLogSummary	ExtractSeed05	stdout=C:\Users\jimmy\Desktop\meta-bi\Samples\Demos\MetaOrchestrationHairballCliIntegration\Runs\hairball-seed-20260530\RunArtifacts\runs\20260603-184845_ae6b7ebedfd54bb0a97473c44e0b6763\logs\ExtractSeed05-20072.stdout.log; stdoutBytes=0; stdoutTruncated=False; stdoutDroppedBytes=0; stderr=C:\Users\jimmy\Desktop\meta-bi\Samples\Demos\MetaOrchestrationHairballCliIntegration\Runs\hairball-seed-20260530\RunArtifacts\runs\20260603-184845_ae6b7ebedfd54bb0a97473c44e0b6763\logs\ExtractSeed05-20072.stderr.log; stderrBytes=0; stderrTruncated=False; stderrDroppedBytes=0
2026-06-03T18:49:34.6256410+00:00	WorkerLogSummary	ExtractSeed06	stdout=C:\Users\jimmy\Desktop\meta-bi\Samples\Demos\MetaOrchestrationHairballCliIntegration\Runs\hairball-seed-20260530\RunArtifacts\runs\20260603-184845_ae6b7ebedfd54bb0a97473c44e0b6763\logs\ExtractSeed06-31676.stdout.log; stdoutBytes=0; stdoutTruncated=False; stdoutDroppedBytes=0; stderr=C:\Users\jimmy\Desktop\meta-bi\Samples\Demos\MetaOrchestrationHairballCliIntegration\Runs\hairball-seed-20260530\RunArtifacts\runs\20260603-184845_ae6b7ebedfd54bb0a97473c44e0b6763\logs\ExtractSeed06-31676.stderr.log; stderrBytes=0; stderrTruncated=False; stderrDroppedBytes=0
2026-06-03T18:49:34.6261578+00:00	WorkerLogSummary	ExtractSeed07	stdout=C:\Users\jimmy\Desktop\meta-bi\Samples\Demos\MetaOrchestrationHairballCliIntegration\Runs\hairball-seed-20260530\RunArtifacts\runs\20260603-184845_ae6b7ebedfd54bb0a97473c44e0b6763\logs\ExtractSeed07-17284.stdout.log; stdoutBytes=0; stdoutTruncated=False; stdoutDroppedBytes=0; stderr=C:\Users\jimmy\Desktop\meta-bi\Samples\Demos\MetaOrchestrationHairballCliIntegration\Runs\hairball-seed-20260530\RunArtifacts\runs\20260603-184845_ae6b7ebedfd54bb0a97473c44e0b6763\logs\ExtractSeed07-17284.stderr.log; stderrBytes=0; stderrTruncated=False; stderrDroppedBytes=0
2026-06-03T18:49:34.6265980+00:00	WorkerLogSummary	ExtractSeed08	stdout=C:\Users\jimmy\Desktop\meta-bi\Samples\Demos\MetaOrchestrationHairballCliIntegration\Runs\hairball-seed-20260530\RunArtifacts\runs\20260603-184845_ae6b7ebedfd54bb0a97473c44e0b6763\logs\ExtractSeed08-30804.stdout.log; stdoutBytes=0; stdoutTruncated=False; stdoutDroppedBytes=0; stderr=C:\Users\jimmy\Desktop\meta-bi\Samples\Demos\MetaOrchestrationHairballCliIntegration\Runs\hairball-seed-20260530\RunArtifacts\runs\20260603-184845_ae6b7ebedfd54bb0a97473c44e0b6763\logs\ExtractSeed08-30804.stderr.log; stderrBytes=0; stderrTruncated=False; stderrDroppedBytes=0
2026-06-03T18:49:34.6270300+00:00	WorkerLogSummary	AuditHairball	stdout=C:\Users\jimmy\Desktop\meta-bi\Samples\Demos\MetaOrchestrationHairballCliIntegration\Runs\hairball-seed-20260530\RunArtifacts\runs\20260603-184845_ae6b7ebedfd54bb0a97473c44e0b6763\logs\AuditHairball-22416.stdout.log; stdoutBytes=0; stdoutTruncated=False; stdoutDroppedBytes=0; stderr=C:\Users\jimmy\Desktop\meta-bi\Samples\Demos\MetaOrchestrationHairballCliIntegration\Runs\hairball-seed-20260530\RunArtifacts\runs\20260603-184845_ae6b7ebedfd54bb0a97473c44e0b6763\logs\AuditHairball-22416.stderr.log; stderrBytes=0; stderrTruncated=False; stderrDroppedBytes=0
2026-06-03T18:49:34.6275024+00:00	WorkerLogSummary	BridgeL01L02	stdout=C:\Users\jimmy\Desktop\meta-bi\Samples\Demos\MetaOrchestrationHairballCliIntegration\Runs\hairball-seed-20260530\RunArtifacts\runs\20260603-184845_ae6b7ebedfd54bb0a97473c44e0b6763\logs\BridgeL01L02-3068.stdout.log; stdoutBytes=0; stdoutTruncated=False; stdoutDroppedBytes=0; stderr=C:\Users\jimmy\Desktop\meta-bi\Samples\Demos\MetaOrchestrationHairballCliIntegration\Runs\hairball-seed-20260530\RunArtifacts\runs\20260603-184845_ae6b7ebedfd54bb0a97473c44e0b6763\logs\BridgeL01L02-3068.stderr.log; stderrBytes=0; stderrTruncated=False; stderrDroppedBytes=0
2026-06-03T18:49:34.6280599+00:00	WorkerLogSummary	BridgeL03L04	stdout=C:\Users\jimmy\Desktop\meta-bi\Samples\Demos\MetaOrchestrationHairballCliIntegration\Runs\hairball-seed-20260530\RunArtifacts\runs\20260603-184845_ae6b7ebedfd54bb0a97473c44e0b6763\logs\BridgeL03L04-31112.stdout.log; stdoutBytes=0; stdoutTruncated=False; stdoutDroppedBytes=0; stderr=C:\Users\jimmy\Desktop\meta-bi\Samples\Demos\MetaOrchestrationHairballCliIntegration\Runs\hairball-seed-20260530\RunArtifacts\runs\20260603-184845_ae6b7ebedfd54bb0a97473c44e0b6763\logs\BridgeL03L04-31112.stderr.log; stderrBytes=0; stderrTruncated=False; stderrDroppedBytes=0
2026-06-03T18:49:34.6284899+00:00	WorkerLogSummary	BridgeL05L06	stdout=C:\Users\jimmy\Desktop\meta-bi\Samples\Demos\MetaOrchestrationHairballCliIntegration\Runs\hairball-seed-20260530\RunArtifacts\runs\20260603-184845_ae6b7ebedfd54bb0a97473c44e0b6763\logs\BridgeL05L06-21464.stdout.log; stdoutBytes=0; stdoutTruncated=False; stdoutDroppedBytes=0; stderr=C:\Users\jimmy\Desktop\meta-bi\Samples\Demos\MetaOrchestrationHairballCliIntegration\Runs\hairball-seed-20260530\RunArtifacts\runs\20260603-184845_ae6b7ebedfd54bb0a97473c44e0b6763\logs\BridgeL05L06-21464.stderr.log; stderrBytes=0; stderrTruncated=False; stderrDroppedBytes=0
2026-06-03T18:49:34.6289735+00:00	WorkerLogSummary	BridgeL07L08	stdout=C:\Users\jimmy\Desktop\meta-bi\Samples\Demos\MetaOrchestrationHairballCliIntegration\Runs\hairball-seed-20260530\RunArtifacts\runs\20260603-184845_ae6b7ebedfd54bb0a97473c44e0b6763\logs\BridgeL07L08-10464.stdout.log; stdoutBytes=0; stdoutTruncated=False; stdoutDroppedBytes=0; stderr=C:\Users\jimmy\Desktop\meta-bi\Samples\Demos\MetaOrchestrationHairballCliIntegration\Runs\hairball-seed-20260530\RunArtifacts\runs\20260603-184845_ae6b7ebedfd54bb0a97473c44e0b6763\logs\BridgeL07L08-10464.stderr.log; stderrBytes=0; stderrTruncated=False; stderrDroppedBytes=0
2026-06-03T18:49:34.6294951+00:00	WorkerLogSummary	CompositeMart	stdout=C:\Users\jimmy\Desktop\meta-bi\Samples\Demos\MetaOrchestrationHairballCliIntegration\Runs\hairball-seed-20260530\RunArtifacts\runs\20260603-184845_ae6b7ebedfd54bb0a97473c44e0b6763\logs\CompositeMart-11292.stdout.log; stdoutBytes=0; stdoutTruncated=False; stdoutDroppedBytes=0; stderr=C:\Users\jimmy\Desktop\meta-bi\Samples\Demos\MetaOrchestrationHairballCliIntegration\Runs\hairball-seed-20260530\RunArtifacts\runs\20260603-184845_ae6b7ebedfd54bb0a97473c44e0b6763\logs\CompositeMart-11292.stderr.log; stderrBytes=0; stderrTruncated=False; stderrDroppedBytes=0
2026-06-03T18:49:34.6299081+00:00	WorkerLogSummary	Layer01Hub	stdout=C:\Users\jimmy\Desktop\meta-bi\Samples\Demos\MetaOrchestrationHairballCliIntegration\Runs\hairball-seed-20260530\RunArtifacts\runs\20260603-184845_ae6b7ebedfd54bb0a97473c44e0b6763\logs\Layer01Hub-12656.stdout.log; stdoutBytes=0; stdoutTruncated=False; stdoutDroppedBytes=0; stderr=C:\Users\jimmy\Desktop\meta-bi\Samples\Demos\MetaOrchestrationHairballCliIntegration\Runs\hairball-seed-20260530\RunArtifacts\runs\20260603-184845_ae6b7ebedfd54bb0a97473c44e0b6763\logs\Layer01Hub-12656.stderr.log; stderrBytes=0; stderrTruncated=False; stderrDroppedBytes=0
2026-06-03T18:49:34.6304714+00:00	WorkerLogSummary	Layer01Node06	stdout=C:\Users\jimmy\Desktop\meta-bi\Samples\Demos\MetaOrchestrationHairballCliIntegration\Runs\hairball-seed-20260530\RunArtifacts\runs\20260603-184845_ae6b7ebedfd54bb0a97473c44e0b6763\logs\Layer01Node06-25392.stdout.log; stdoutBytes=0; stdoutTruncated=False; stdoutDroppedBytes=0; stderr=C:\Users\jimmy\Desktop\meta-bi\Samples\Demos\MetaOrchestrationHairballCliIntegration\Runs\hairball-seed-20260530\RunArtifacts\runs\20260603-184845_ae6b7ebedfd54bb0a97473c44e0b6763\logs\Layer01Node06-25392.stderr.log; stderrBytes=0; stderrTruncated=False; stderrDroppedBytes=0
2026-06-03T18:49:34.6308979+00:00	WorkerLogSummary	Layer01Node01	stdout=C:\Users\jimmy\Desktop\meta-bi\Samples\Demos\MetaOrchestrationHairballCliIntegration\Runs\hairball-seed-20260530\RunArtifacts\runs\20260603-184845_ae6b7ebedfd54bb0a97473c44e0b6763\logs\Layer01Node01-27124.stdout.log; stdoutBytes=0; stdoutTruncated=False; stdoutDroppedBytes=0; stderr=C:\Users\jimmy\Desktop\meta-bi\Samples\Demos\MetaOrchestrationHairballCliIntegration\Runs\hairball-seed-20260530\RunArtifacts\runs\20260603-184845_ae6b7ebedfd54bb0a97473c44e0b6763\logs\Layer01Node01-27124.stderr.log; stderrBytes=0; stderrTruncated=False; stderrDroppedBytes=0
2026-06-03T18:49:34.6313350+00:00	WorkerLogSummary	Layer01Node07	stdout=C:\Users\jimmy\Desktop\meta-bi\Samples\Demos\MetaOrchestrationHairballCliIntegration\Runs\hairball-seed-20260530\RunArtifacts\runs\20260603-184845_ae6b7ebedfd54bb0a97473c44e0b6763\logs\Layer01Node07-564.stdout.log; stdoutBytes=0; stdoutTruncated=False; stdoutDroppedBytes=0; stderr=C:\Users\jimmy\Desktop\meta-bi\Samples\Demos\MetaOrchestrationHairballCliIntegration\Runs\hairball-seed-20260530\RunArtifacts\runs\20260603-184845_ae6b7ebedfd54bb0a97473c44e0b6763\logs\Layer01Node07-564.stderr.log; stderrBytes=0; stderrTruncated=False; stderrDroppedBytes=0
2026-06-03T18:49:34.6317882+00:00	WorkerLogSummary	Layer03Node09	stdout=C:\Users\jimmy\Desktop\meta-bi\Samples\Demos\MetaOrchestrationHairballCliIntegration\Runs\hairball-seed-20260530\RunArtifacts\runs\20260603-184845_ae6b7ebedfd54bb0a97473c44e0b6763\logs\Layer03Node09-23868.stdout.log; stdoutBytes=0; stdoutTruncated=False; stdoutDroppedBytes=0; stderr=C:\Users\jimmy\Desktop\meta-bi\Samples\Demos\MetaOrchestrationHairballCliIntegration\Runs\hairball-seed-20260530\RunArtifacts\runs\20260603-184845_ae6b7ebedfd54bb0a97473c44e0b6763\logs\Layer03Node09-23868.stderr.log; stderrBytes=0; stderrTruncated=False; stderrDroppedBytes=0
2026-06-03T18:49:34.6321634+00:00	WorkerLogSummary	Layer01Node02	stdout=C:\Users\jimmy\Desktop\meta-bi\Samples\Demos\MetaOrchestrationHairballCliIntegration\Runs\hairball-seed-20260530\RunArtifacts\runs\20260603-184845_ae6b7ebedfd54bb0a97473c44e0b6763\logs\Layer01Node02-12872.stdout.log; stdoutBytes=0; stdoutTruncated=False; stdoutDroppedBytes=0; stderr=C:\Users\jimmy\Desktop\meta-bi\Samples\Demos\MetaOrchestrationHairballCliIntegration\Runs\hairball-seed-20260530\RunArtifacts\runs\20260603-184845_ae6b7ebedfd54bb0a97473c44e0b6763\logs\Layer01Node02-12872.stderr.log; stderrBytes=0; stderrTruncated=False; stderrDroppedBytes=0
2026-06-03T18:49:34.6325560+00:00	WorkerLogSummary	Layer02Node03	stdout=C:\Users\jimmy\Desktop\meta-bi\Samples\Demos\MetaOrchestrationHairballCliIntegration\Runs\hairball-seed-20260530\RunArtifacts\runs\20260603-184845_ae6b7ebedfd54bb0a97473c44e0b6763\logs\Layer02Node03-24220.stdout.log; stdoutBytes=0; stdoutTruncated=False; stdoutDroppedBytes=0; stderr=C:\Users\jimmy\Desktop\meta-bi\Samples\Demos\MetaOrchestrationHairballCliIntegration\Runs\hairball-seed-20260530\RunArtifacts\runs\20260603-184845_ae6b7ebedfd54bb0a97473c44e0b6763\logs\Layer02Node03-24220.stderr.log; stderrBytes=0; stderrTruncated=False; stderrDroppedBytes=0
2026-06-03T18:49:34.6329873+00:00	WorkerLogSummary	AuditHairball	stdout=C:\Users\jimmy\Desktop\meta-bi\Samples\Demos\MetaOrchestrationHairballCliIntegration\Runs\hairball-seed-20260530\RunArtifacts\runs\20260603-184845_ae6b7ebedfd54bb0a97473c44e0b6763\logs\AuditHairball-23940.stdout.log; stdoutBytes=0; stdoutTruncated=False; stdoutDroppedBytes=0; stderr=C:\Users\jimmy\Desktop\meta-bi\Samples\Demos\MetaOrchestrationHairballCliIntegration\Runs\hairball-seed-20260530\RunArtifacts\runs\20260603-184845_ae6b7ebedfd54bb0a97473c44e0b6763\logs\AuditHairball-23940.stderr.log; stderrBytes=0; stderrTruncated=False; stderrDroppedBytes=0
2026-06-03T18:49:34.6333978+00:00	WorkerLogSummary	Layer01Node04	stdout=C:\Users\jimmy\Desktop\meta-bi\Samples\Demos\MetaOrchestrationHairballCliIntegration\Runs\hairball-seed-20260530\RunArtifacts\runs\20260603-184845_ae6b7ebedfd54bb0a97473c44e0b6763\logs\Layer01Node04-5760.stdout.log; stdoutBytes=0; stdoutTruncated=False; stdoutDroppedBytes=0; stderr=C:\Users\jimmy\Desktop\meta-bi\Samples\Demos\MetaOrchestrationHairballCliIntegration\Runs\hairball-seed-20260530\RunArtifacts\runs\20260603-184845_ae6b7ebedfd54bb0a97473c44e0b6763\logs\Layer01Node04-5760.stderr.log; stderrBytes=0; stderrTruncated=False; stderrDroppedBytes=0
2026-06-03T18:49:34.6337672+00:00	WorkerLogSummary	Layer01Node03	stdout=C:\Users\jimmy\Desktop\meta-bi\Samples\Demos\MetaOrchestrationHairballCliIntegration\Runs\hairball-seed-20260530\RunArtifacts\runs\20260603-184845_ae6b7ebedfd54bb0a97473c44e0b6763\logs\Layer01Node03-31412.stdout.log; stdoutBytes=0; stdoutTruncated=False; stdoutDroppedBytes=0; stderr=C:\Users\jimmy\Desktop\meta-bi\Samples\Demos\MetaOrchestrationHairballCliIntegration\Runs\hairball-seed-20260530\RunArtifacts\runs\20260603-184845_ae6b7ebedfd54bb0a97473c44e0b6763\logs\Layer01Node03-31412.stderr.log; stderrBytes=0; stderrTruncated=False; stderrDroppedBytes=0
2026-06-03T18:49:34.6341639+00:00	WorkerLogSummary	Layer01Node05	stdout=C:\Users\jimmy\Desktop\meta-bi\Samples\Demos\MetaOrchestrationHairballCliIntegration\Runs\hairball-seed-20260530\RunArtifacts\runs\20260603-184845_ae6b7ebedfd54bb0a97473c44e0b6763\logs\Layer01Node05-5892.stdout.log; stdoutBytes=0; stdoutTruncated=False; stdoutDroppedBytes=0; stderr=C:\Users\jimmy\Desktop\meta-bi\Samples\Demos\MetaOrchestrationHairballCliIntegration\Runs\hairball-seed-20260530\RunArtifacts\runs\20260603-184845_ae6b7ebedfd54bb0a97473c44e0b6763\logs\Layer01Node05-5892.stderr.log; stderrBytes=0; stderrTruncated=False; stderrDroppedBytes=0
2026-06-03T18:49:34.6345508+00:00	WorkerLogSummary	Layer01Node09	stdout=C:\Users\jimmy\Desktop\meta-bi\Samples\Demos\MetaOrchestrationHairballCliIntegration\Runs\hairball-seed-20260530\RunArtifacts\runs\20260603-184845_ae6b7ebedfd54bb0a97473c44e0b6763\logs\Layer01Node09-11708.stdout.log; stdoutBytes=0; stdoutTruncated=False; stdoutDroppedBytes=0; stderr=C:\Users\jimmy\Desktop\meta-bi\Samples\Demos\MetaOrchestrationHairballCliIntegration\Runs\hairball-seed-20260530\RunArtifacts\runs\20260603-184845_ae6b7ebedfd54bb0a97473c44e0b6763\logs\Layer01Node09-11708.stderr.log; stderrBytes=0; stderrTruncated=False; stderrDroppedBytes=0
2026-06-03T18:49:34.6350693+00:00	WorkerLogSummary	Layer01Node08	stdout=C:\Users\jimmy\Desktop\meta-bi\Samples\Demos\MetaOrchestrationHairballCliIntegration\Runs\hairball-seed-20260530\RunArtifacts\runs\20260603-184845_ae6b7ebedfd54bb0a97473c44e0b6763\logs\Layer01Node08-24312.stdout.log; stdoutBytes=0; stdoutTruncated=False; stdoutDroppedBytes=0; stderr=C:\Users\jimmy\Desktop\meta-bi\Samples\Demos\MetaOrchestrationHairballCliIntegration\Runs\hairball-seed-20260530\RunArtifacts\runs\20260603-184845_ae6b7ebedfd54bb0a97473c44e0b6763\logs\Layer01Node08-24312.stderr.log; stderrBytes=0; stderrTruncated=False; stderrDroppedBytes=0
2026-06-03T18:49:34.6356179+00:00	WorkerLogSummary	Layer02Hub	stdout=C:\Users\jimmy\Desktop\meta-bi\Samples\Demos\MetaOrchestrationHairballCliIntegration\Runs\hairball-seed-20260530\RunArtifacts\runs\20260603-184845_ae6b7ebedfd54bb0a97473c44e0b6763\logs\Layer02Hub-27632.stdout.log; stdoutBytes=0; stdoutTruncated=False; stdoutDroppedBytes=0; stderr=C:\Users\jimmy\Desktop\meta-bi\Samples\Demos\MetaOrchestrationHairballCliIntegration\Runs\hairball-seed-20260530\RunArtifacts\runs\20260603-184845_ae6b7ebedfd54bb0a97473c44e0b6763\logs\Layer02Hub-27632.stderr.log; stderrBytes=0; stderrTruncated=False; stderrDroppedBytes=0
2026-06-03T18:49:34.6362413+00:00	WorkerLogSummary	Layer02Node05	stdout=C:\Users\jimmy\Desktop\meta-bi\Samples\Demos\MetaOrchestrationHairballCliIntegration\Runs\hairball-seed-20260530\RunArtifacts\runs\20260603-184845_ae6b7ebedfd54bb0a97473c44e0b6763\logs\Layer02Node05-18136.stdout.log; stdoutBytes=0; stdoutTruncated=False; stdoutDroppedBytes=0; stderr=C:\Users\jimmy\Desktop\meta-bi\Samples\Demos\MetaOrchestrationHairballCliIntegration\Runs\hairball-seed-20260530\RunArtifacts\runs\20260603-184845_ae6b7ebedfd54bb0a97473c44e0b6763\logs\Layer02Node05-18136.stderr.log; stderrBytes=0; stderrTruncated=False; stderrDroppedBytes=0
2026-06-03T18:49:34.6367188+00:00	WorkerLogSummary	Layer02Node02	stdout=C:\Users\jimmy\Desktop\meta-bi\Samples\Demos\MetaOrchestrationHairballCliIntegration\Runs\hairball-seed-20260530\RunArtifacts\runs\20260603-184845_ae6b7ebedfd54bb0a97473c44e0b6763\logs\Layer02Node02-30428.stdout.log; stdoutBytes=0; stdoutTruncated=False; stdoutDroppedBytes=0; stderr=C:\Users\jimmy\Desktop\meta-bi\Samples\Demos\MetaOrchestrationHairballCliIntegration\Runs\hairball-seed-20260530\RunArtifacts\runs\20260603-184845_ae6b7ebedfd54bb0a97473c44e0b6763\logs\Layer02Node02-30428.stderr.log; stderrBytes=0; stderrTruncated=False; stderrDroppedBytes=0
2026-06-03T18:49:34.6372554+00:00	WorkerLogSummary	AuditHairball	stdout=C:\Users\jimmy\Desktop\meta-bi\Samples\Demos\MetaOrchestrationHairballCliIntegration\Runs\hairball-seed-20260530\RunArtifacts\runs\20260603-184845_ae6b7ebedfd54bb0a97473c44e0b6763\logs\AuditHairball-29108.stdout.log; stdoutBytes=0; stdoutTruncated=False; stdoutDroppedBytes=0; stderr=C:\Users\jimmy\Desktop\meta-bi\Samples\Demos\MetaOrchestrationHairballCliIntegration\Runs\hairball-seed-20260530\RunArtifacts\runs\20260603-184845_ae6b7ebedfd54bb0a97473c44e0b6763\logs\AuditHairball-29108.stderr.log; stderrBytes=0; stderrTruncated=False; stderrDroppedBytes=0
2026-06-03T18:49:34.6378011+00:00	WorkerLogSummary	Layer02Node01	stdout=C:\Users\jimmy\Desktop\meta-bi\Samples\Demos\MetaOrchestrationHairballCliIntegration\Runs\hairball-seed-20260530\RunArtifacts\runs\20260603-184845_ae6b7ebedfd54bb0a97473c44e0b6763\logs\Layer02Node01-30744.stdout.log; stdoutBytes=0; stdoutTruncated=False; stdoutDroppedBytes=0; stderr=C:\Users\jimmy\Desktop\meta-bi\Samples\Demos\MetaOrchestrationHairballCliIntegration\Runs\hairball-seed-20260530\RunArtifacts\runs\20260603-184845_ae6b7ebedfd54bb0a97473c44e0b6763\logs\Layer02Node01-30744.stderr.log; stderrBytes=0; stderrTruncated=False; stderrDroppedBytes=0
2026-06-03T18:49:34.6382638+00:00	WorkerLogSummary	Layer02Node04	stdout=C:\Users\jimmy\Desktop\meta-bi\Samples\Demos\MetaOrchestrationHairballCliIntegration\Runs\hairball-seed-20260530\RunArtifacts\runs\20260603-184845_ae6b7ebedfd54bb0a97473c44e0b6763\logs\Layer02Node04-12812.stdout.log; stdoutBytes=0; stdoutTruncated=False; stdoutDroppedBytes=0; stderr=C:\Users\jimmy\Desktop\meta-bi\Samples\Demos\MetaOrchestrationHairballCliIntegration\Runs\hairball-seed-20260530\RunArtifacts\runs\20260603-184845_ae6b7ebedfd54bb0a97473c44e0b6763\logs\Layer02Node04-12812.stderr.log; stderrBytes=0; stderrTruncated=False; stderrDroppedBytes=0
2026-06-03T18:49:34.6386435+00:00	WorkerLogSummary	Layer02Node08	stdout=C:\Users\jimmy\Desktop\meta-bi\Samples\Demos\MetaOrchestrationHairballCliIntegration\Runs\hairball-seed-20260530\RunArtifacts\runs\20260603-184845_ae6b7ebedfd54bb0a97473c44e0b6763\logs\Layer02Node08-29368.stdout.log; stdoutBytes=0; stdoutTruncated=False; stdoutDroppedBytes=0; stderr=C:\Users\jimmy\Desktop\meta-bi\Samples\Demos\MetaOrchestrationHairballCliIntegration\Runs\hairball-seed-20260530\RunArtifacts\runs\20260603-184845_ae6b7ebedfd54bb0a97473c44e0b6763\logs\Layer02Node08-29368.stderr.log; stderrBytes=0; stderrTruncated=False; stderrDroppedBytes=0
2026-06-03T18:49:34.6390770+00:00	WorkerLogSummary	BridgeL01L02	stdout=C:\Users\jimmy\Desktop\meta-bi\Samples\Demos\MetaOrchestrationHairballCliIntegration\Runs\hairball-seed-20260530\RunArtifacts\runs\20260603-184845_ae6b7ebedfd54bb0a97473c44e0b6763\logs\BridgeL01L02-21808.stdout.log; stdoutBytes=0; stdoutTruncated=False; stdoutDroppedBytes=0; stderr=C:\Users\jimmy\Desktop\meta-bi\Samples\Demos\MetaOrchestrationHairballCliIntegration\Runs\hairball-seed-20260530\RunArtifacts\runs\20260603-184845_ae6b7ebedfd54bb0a97473c44e0b6763\logs\BridgeL01L02-21808.stderr.log; stderrBytes=0; stderrTruncated=False; stderrDroppedBytes=0
2026-06-03T18:49:34.6394886+00:00	WorkerLogSummary	Layer02Node06	stdout=C:\Users\jimmy\Desktop\meta-bi\Samples\Demos\MetaOrchestrationHairballCliIntegration\Runs\hairball-seed-20260530\RunArtifacts\runs\20260603-184845_ae6b7ebedfd54bb0a97473c44e0b6763\logs\Layer02Node06-8000.stdout.log; stdoutBytes=0; stdoutTruncated=False; stdoutDroppedBytes=0; stderr=C:\Users\jimmy\Desktop\meta-bi\Samples\Demos\MetaOrchestrationHairballCliIntegration\Runs\hairball-seed-20260530\RunArtifacts\runs\20260603-184845_ae6b7ebedfd54bb0a97473c44e0b6763\logs\Layer02Node06-8000.stderr.log; stderrBytes=0; stderrTruncated=False; stderrDroppedBytes=0
2026-06-03T18:49:34.6399441+00:00	WorkerLogSummary	Layer03Node03	stdout=C:\Users\jimmy\Desktop\meta-bi\Samples\Demos\MetaOrchestrationHairballCliIntegration\Runs\hairball-seed-20260530\RunArtifacts\runs\20260603-184845_ae6b7ebedfd54bb0a97473c44e0b6763\logs\Layer03Node03-31604.stdout.log; stdoutBytes=0; stdoutTruncated=False; stdoutDroppedBytes=0; stderr=C:\Users\jimmy\Desktop\meta-bi\Samples\Demos\MetaOrchestrationHairballCliIntegration\Runs\hairball-seed-20260530\RunArtifacts\runs\20260603-184845_ae6b7ebedfd54bb0a97473c44e0b6763\logs\Layer03Node03-31604.stderr.log; stderrBytes=0; stderrTruncated=False; stderrDroppedBytes=0
2026-06-03T18:49:34.6404560+00:00	WorkerLogSummary	Layer03Node10	stdout=C:\Users\jimmy\Desktop\meta-bi\Samples\Demos\MetaOrchestrationHairballCliIntegration\Runs\hairball-seed-20260530\RunArtifacts\runs\20260603-184845_ae6b7ebedfd54bb0a97473c44e0b6763\logs\Layer03Node10-25964.stdout.log; stdoutBytes=0; stdoutTruncated=False; stdoutDroppedBytes=0; stderr=C:\Users\jimmy\Desktop\meta-bi\Samples\Demos\MetaOrchestrationHairballCliIntegration\Runs\hairball-seed-20260530\RunArtifacts\runs\20260603-184845_ae6b7ebedfd54bb0a97473c44e0b6763\logs\Layer03Node10-25964.stderr.log; stderrBytes=0; stderrTruncated=False; stderrDroppedBytes=0
2026-06-03T18:49:34.6410507+00:00	WorkerLogSummary	Layer02Node07	stdout=C:\Users\jimmy\Desktop\meta-bi\Samples\Demos\MetaOrchestrationHairballCliIntegration\Runs\hairball-seed-20260530\RunArtifacts\runs\20260603-184845_ae6b7ebedfd54bb0a97473c44e0b6763\logs\Layer02Node07-6612.stdout.log; stdoutBytes=0; stdoutTruncated=False; stdoutDroppedBytes=0; stderr=C:\Users\jimmy\Desktop\meta-bi\Samples\Demos\MetaOrchestrationHairballCliIntegration\Runs\hairball-seed-20260530\RunArtifacts\runs\20260603-184845_ae6b7ebedfd54bb0a97473c44e0b6763\logs\Layer02Node07-6612.stderr.log; stderrBytes=0; stderrTruncated=False; stderrDroppedBytes=0
2026-06-03T18:49:34.6416029+00:00	WorkerLogSummary	Layer03Node02	stdout=C:\Users\jimmy\Desktop\meta-bi\Samples\Demos\MetaOrchestrationHairballCliIntegration\Runs\hairball-seed-20260530\RunArtifacts\runs\20260603-184845_ae6b7ebedfd54bb0a97473c44e0b6763\logs\Layer03Node02-14500.stdout.log; stdoutBytes=0; stdoutTruncated=False; stdoutDroppedBytes=0; stderr=C:\Users\jimmy\Desktop\meta-bi\Samples\Demos\MetaOrchestrationHairballCliIntegration\Runs\hairball-seed-20260530\RunArtifacts\runs\20260603-184845_ae6b7ebedfd54bb0a97473c44e0b6763\logs\Layer03Node02-14500.stderr.log; stderrBytes=0; stderrTruncated=False; stderrDroppedBytes=0
2026-06-03T18:49:34.6420035+00:00	WorkerLogSummary	Layer03Node06	stdout=C:\Users\jimmy\Desktop\meta-bi\Samples\Demos\MetaOrchestrationHairballCliIntegration\Runs\hairball-seed-20260530\RunArtifacts\runs\20260603-184845_ae6b7ebedfd54bb0a97473c44e0b6763\logs\Layer03Node06-23216.stdout.log; stdoutBytes=0; stdoutTruncated=False; stdoutDroppedBytes=0; stderr=C:\Users\jimmy\Desktop\meta-bi\Samples\Demos\MetaOrchestrationHairballCliIntegration\Runs\hairball-seed-20260530\RunArtifacts\runs\20260603-184845_ae6b7ebedfd54bb0a97473c44e0b6763\logs\Layer03Node06-23216.stderr.log; stderrBytes=0; stderrTruncated=False; stderrDroppedBytes=0
2026-06-03T18:49:34.6423866+00:00	WorkerLogSummary	Layer04Node03	stdout=C:\Users\jimmy\Desktop\meta-bi\Samples\Demos\MetaOrchestrationHairballCliIntegration\Runs\hairball-seed-20260530\RunArtifacts\runs\20260603-184845_ae6b7ebedfd54bb0a97473c44e0b6763\logs\Layer04Node03-24916.stdout.log; stdoutBytes=0; stdoutTruncated=False; stdoutDroppedBytes=0; stderr=C:\Users\jimmy\Desktop\meta-bi\Samples\Demos\MetaOrchestrationHairballCliIntegration\Runs\hairball-seed-20260530\RunArtifacts\runs\20260603-184845_ae6b7ebedfd54bb0a97473c44e0b6763\logs\Layer04Node03-24916.stderr.log; stderrBytes=0; stderrTruncated=False; stderrDroppedBytes=0
2026-06-03T18:49:34.6427343+00:00	WorkerLogSummary	Layer06Node02	stdout=C:\Users\jimmy\Desktop\meta-bi\Samples\Demos\MetaOrchestrationHairballCliIntegration\Runs\hairball-seed-20260530\RunArtifacts\runs\20260603-184845_ae6b7ebedfd54bb0a97473c44e0b6763\logs\Layer06Node02-16984.stdout.log; stdoutBytes=0; stdoutTruncated=False; stdoutDroppedBytes=0; stderr=C:\Users\jimmy\Desktop\meta-bi\Samples\Demos\MetaOrchestrationHairballCliIntegration\Runs\hairball-seed-20260530\RunArtifacts\runs\20260603-184845_ae6b7ebedfd54bb0a97473c44e0b6763\logs\Layer06Node02-16984.stderr.log; stderrBytes=0; stderrTruncated=False; stderrDroppedBytes=0
2026-06-03T18:49:34.6431923+00:00	WorkerLogSummary	AuditHairball	stdout=C:\Users\jimmy\Desktop\meta-bi\Samples\Demos\MetaOrchestrationHairballCliIntegration\Runs\hairball-seed-20260530\RunArtifacts\runs\20260603-184845_ae6b7ebedfd54bb0a97473c44e0b6763\logs\AuditHairball-15036.stdout.log; stdoutBytes=0; stdoutTruncated=False; stdoutDroppedBytes=0; stderr=C:\Users\jimmy\Desktop\meta-bi\Samples\Demos\MetaOrchestrationHairballCliIntegration\Runs\hairball-seed-20260530\RunArtifacts\runs\20260603-184845_ae6b7ebedfd54bb0a97473c44e0b6763\logs\AuditHairball-15036.stderr.log; stderrBytes=0; stderrTruncated=False; stderrDroppedBytes=0
2026-06-03T18:49:34.6436721+00:00	WorkerLogSummary	Layer06Node06	stdout=C:\Users\jimmy\Desktop\meta-bi\Samples\Demos\MetaOrchestrationHairballCliIntegration\Runs\hairball-seed-20260530\RunArtifacts\runs\20260603-184845_ae6b7ebedfd54bb0a97473c44e0b6763\logs\Layer06Node06-24652.stdout.log; stdoutBytes=0; stdoutTruncated=False; stdoutDroppedBytes=0; stderr=C:\Users\jimmy\Desktop\meta-bi\Samples\Demos\MetaOrchestrationHairballCliIntegration\Runs\hairball-seed-20260530\RunArtifacts\runs\20260603-184845_ae6b7ebedfd54bb0a97473c44e0b6763\logs\Layer06Node06-24652.stderr.log; stderrBytes=0; stderrTruncated=False; stderrDroppedBytes=0
2026-06-03T18:49:34.6440760+00:00	WorkerLogSummary	BridgeL01L02	stdout=C:\Users\jimmy\Desktop\meta-bi\Samples\Demos\MetaOrchestrationHairballCliIntegration\Runs\hairball-seed-20260530\RunArtifacts\runs\20260603-184845_ae6b7ebedfd54bb0a97473c44e0b6763\logs\BridgeL01L02-27900.stdout.log; stdoutBytes=0; stdoutTruncated=False; stdoutDroppedBytes=0; stderr=C:\Users\jimmy\Desktop\meta-bi\Samples\Demos\MetaOrchestrationHairballCliIntegration\Runs\hairball-seed-20260530\RunArtifacts\runs\20260603-184845_ae6b7ebedfd54bb0a97473c44e0b6763\logs\BridgeL01L02-27900.stderr.log; stderrBytes=0; stderrTruncated=False; stderrDroppedBytes=0
2026-06-03T18:49:34.6444218+00:00	WorkerLogSummary	Layer06Node09	stdout=C:\Users\jimmy\Desktop\meta-bi\Samples\Demos\MetaOrchestrationHairballCliIntegration\Runs\hairball-seed-20260530\RunArtifacts\runs\20260603-184845_ae6b7ebedfd54bb0a97473c44e0b6763\logs\Layer06Node09-9444.stdout.log; stdoutBytes=0; stdoutTruncated=False; stdoutDroppedBytes=0; stderr=C:\Users\jimmy\Desktop\meta-bi\Samples\Demos\MetaOrchestrationHairballCliIntegration\Runs\hairball-seed-20260530\RunArtifacts\runs\20260603-184845_ae6b7ebedfd54bb0a97473c44e0b6763\logs\Layer06Node09-9444.stderr.log; stderrBytes=0; stderrTruncated=False; stderrDroppedBytes=0
2026-06-03T18:49:34.6448165+00:00	WorkerLogSummary	BridgeL03L04	stdout=C:\Users\jimmy\Desktop\meta-bi\Samples\Demos\MetaOrchestrationHairballCliIntegration\Runs\hairball-seed-20260530\RunArtifacts\runs\20260603-184845_ae6b7ebedfd54bb0a97473c44e0b6763\logs\BridgeL03L04-28936.stdout.log; stdoutBytes=0; stdoutTruncated=False; stdoutDroppedBytes=0; stderr=C:\Users\jimmy\Desktop\meta-bi\Samples\Demos\MetaOrchestrationHairballCliIntegration\Runs\hairball-seed-20260530\RunArtifacts\runs\20260603-184845_ae6b7ebedfd54bb0a97473c44e0b6763\logs\BridgeL03L04-28936.stderr.log; stderrBytes=0; stderrTruncated=False; stderrDroppedBytes=0
2026-06-03T18:49:34.6452881+00:00	WorkerLogSummary	BridgeL05L06	stdout=C:\Users\jimmy\Desktop\meta-bi\Samples\Demos\MetaOrchestrationHairballCliIntegration\Runs\hairball-seed-20260530\RunArtifacts\runs\20260603-184845_ae6b7ebedfd54bb0a97473c44e0b6763\logs\BridgeL05L06-23664.stdout.log; stdoutBytes=0; stdoutTruncated=False; stdoutDroppedBytes=0; stderr=C:\Users\jimmy\Desktop\meta-bi\Samples\Demos\MetaOrchestrationHairballCliIntegration\Runs\hairball-seed-20260530\RunArtifacts\runs\20260603-184845_ae6b7ebedfd54bb0a97473c44e0b6763\logs\BridgeL05L06-23664.stderr.log; stderrBytes=0; stderrTruncated=False; stderrDroppedBytes=0
2026-06-03T18:49:34.6457445+00:00	WorkerLogSummary	Layer03Node07	stdout=C:\Users\jimmy\Desktop\meta-bi\Samples\Demos\MetaOrchestrationHairballCliIntegration\Runs\hairball-seed-20260530\RunArtifacts\runs\20260603-184845_ae6b7ebedfd54bb0a97473c44e0b6763\logs\Layer03Node07-26132.stdout.log; stdoutBytes=0; stdoutTruncated=False; stdoutDroppedBytes=0; stderr=C:\Users\jimmy\Desktop\meta-bi\Samples\Demos\MetaOrchestrationHairballCliIntegration\Runs\hairball-seed-20260530\RunArtifacts\runs\20260603-184845_ae6b7ebedfd54bb0a97473c44e0b6763\logs\Layer03Node07-26132.stderr.log; stderrBytes=0; stderrTruncated=False; stderrDroppedBytes=0
2026-06-03T18:49:34.6462017+00:00	WorkerLogSummary	BridgeL07L08	stdout=C:\Users\jimmy\Desktop\meta-bi\Samples\Demos\MetaOrchestrationHairballCliIntegration\Runs\hairball-seed-20260530\RunArtifacts\runs\20260603-184845_ae6b7ebedfd54bb0a97473c44e0b6763\logs\BridgeL07L08-31200.stdout.log; stdoutBytes=0; stdoutTruncated=False; stdoutDroppedBytes=0; stderr=C:\Users\jimmy\Desktop\meta-bi\Samples\Demos\MetaOrchestrationHairballCliIntegration\Runs\hairball-seed-20260530\RunArtifacts\runs\20260603-184845_ae6b7ebedfd54bb0a97473c44e0b6763\logs\BridgeL07L08-31200.stderr.log; stderrBytes=0; stderrTruncated=False; stderrDroppedBytes=0
2026-06-03T18:49:34.6466481+00:00	WorkerLogSummary	Layer03Hub	stdout=C:\Users\jimmy\Desktop\meta-bi\Samples\Demos\MetaOrchestrationHairballCliIntegration\Runs\hairball-seed-20260530\RunArtifacts\runs\20260603-184845_ae6b7ebedfd54bb0a97473c44e0b6763\logs\Layer03Hub-18512.stdout.log; stdoutBytes=0; stdoutTruncated=False; stdoutDroppedBytes=0; stderr=C:\Users\jimmy\Desktop\meta-bi\Samples\Demos\MetaOrchestrationHairballCliIntegration\Runs\hairball-seed-20260530\RunArtifacts\runs\20260603-184845_ae6b7ebedfd54bb0a97473c44e0b6763\logs\Layer03Hub-18512.stderr.log; stderrBytes=0; stderrTruncated=False; stderrDroppedBytes=0
2026-06-03T18:49:34.6471207+00:00	WorkerLogSummary	Layer03Node01	stdout=C:\Users\jimmy\Desktop\meta-bi\Samples\Demos\MetaOrchestrationHairballCliIntegration\Runs\hairball-seed-20260530\RunArtifacts\runs\20260603-184845_ae6b7ebedfd54bb0a97473c44e0b6763\logs\Layer03Node01-8908.stdout.log; stdoutBytes=0; stdoutTruncated=False; stdoutDroppedBytes=0; stderr=C:\Users\jimmy\Desktop\meta-bi\Samples\Demos\MetaOrchestrationHairballCliIntegration\Runs\hairball-seed-20260530\RunArtifacts\runs\20260603-184845_ae6b7ebedfd54bb0a97473c44e0b6763\logs\Layer03Node01-8908.stderr.log; stderrBytes=0; stderrTruncated=False; stderrDroppedBytes=0
2026-06-03T18:49:34.6475409+00:00	WorkerLogSummary	Layer04Node04	stdout=C:\Users\jimmy\Desktop\meta-bi\Samples\Demos\MetaOrchestrationHairballCliIntegration\Runs\hairball-seed-20260530\RunArtifacts\runs\20260603-184845_ae6b7ebedfd54bb0a97473c44e0b6763\logs\Layer04Node04-10280.stdout.log; stdoutBytes=0; stdoutTruncated=False; stdoutDroppedBytes=0; stderr=C:\Users\jimmy\Desktop\meta-bi\Samples\Demos\MetaOrchestrationHairballCliIntegration\Runs\hairball-seed-20260530\RunArtifacts\runs\20260603-184845_ae6b7ebedfd54bb0a97473c44e0b6763\logs\Layer04Node04-10280.stderr.log; stderrBytes=0; stderrTruncated=False; stderrDroppedBytes=0
2026-06-03T18:49:34.6479130+00:00	WorkerLogSummary	AuditHairball	stdout=C:\Users\jimmy\Desktop\meta-bi\Samples\Demos\MetaOrchestrationHairballCliIntegration\Runs\hairball-seed-20260530\RunArtifacts\runs\20260603-184845_ae6b7ebedfd54bb0a97473c44e0b6763\logs\AuditHairball-5112.stdout.log; stdoutBytes=0; stdoutTruncated=False; stdoutDroppedBytes=0; stderr=C:\Users\jimmy\Desktop\meta-bi\Samples\Demos\MetaOrchestrationHairballCliIntegration\Runs\hairball-seed-20260530\RunArtifacts\runs\20260603-184845_ae6b7ebedfd54bb0a97473c44e0b6763\logs\AuditHairball-5112.stderr.log; stderrBytes=0; stderrTruncated=False; stderrDroppedBytes=0
2026-06-03T18:49:34.6483353+00:00	WorkerLogSummary	Layer03Node08	stdout=C:\Users\jimmy\Desktop\meta-bi\Samples\Demos\MetaOrchestrationHairballCliIntegration\Runs\hairball-seed-20260530\RunArtifacts\runs\20260603-184845_ae6b7ebedfd54bb0a97473c44e0b6763\logs\Layer03Node08-6992.stdout.log; stdoutBytes=0; stdoutTruncated=False; stdoutDroppedBytes=0; stderr=C:\Users\jimmy\Desktop\meta-bi\Samples\Demos\MetaOrchestrationHairballCliIntegration\Runs\hairball-seed-20260530\RunArtifacts\runs\20260603-184845_ae6b7ebedfd54bb0a97473c44e0b6763\logs\Layer03Node08-6992.stderr.log; stderrBytes=0; stderrTruncated=False; stderrDroppedBytes=0
2026-06-03T18:49:34.6487956+00:00	WorkerLogSummary	BridgeL03L04	stdout=C:\Users\jimmy\Desktop\meta-bi\Samples\Demos\MetaOrchestrationHairballCliIntegration\Runs\hairball-seed-20260530\RunArtifacts\runs\20260603-184845_ae6b7ebedfd54bb0a97473c44e0b6763\logs\BridgeL03L04-12480.stdout.log; stdoutBytes=0; stdoutTruncated=False; stdoutDroppedBytes=0; stderr=C:\Users\jimmy\Desktop\meta-bi\Samples\Demos\MetaOrchestrationHairballCliIntegration\Runs\hairball-seed-20260530\RunArtifacts\runs\20260603-184845_ae6b7ebedfd54bb0a97473c44e0b6763\logs\BridgeL03L04-12480.stderr.log; stderrBytes=0; stderrTruncated=False; stderrDroppedBytes=0
2026-06-03T18:49:34.6492710+00:00	WorkerLogSummary	Layer08Node07	stdout=C:\Users\jimmy\Desktop\meta-bi\Samples\Demos\MetaOrchestrationHairballCliIntegration\Runs\hairball-seed-20260530\RunArtifacts\runs\20260603-184845_ae6b7ebedfd54bb0a97473c44e0b6763\logs\Layer08Node07-27796.stdout.log; stdoutBytes=0; stdoutTruncated=False; stdoutDroppedBytes=0; stderr=C:\Users\jimmy\Desktop\meta-bi\Samples\Demos\MetaOrchestrationHairballCliIntegration\Runs\hairball-seed-20260530\RunArtifacts\runs\20260603-184845_ae6b7ebedfd54bb0a97473c44e0b6763\logs\Layer08Node07-27796.stderr.log; stderrBytes=0; stderrTruncated=False; stderrDroppedBytes=0
2026-06-03T18:49:34.6496334+00:00	WorkerLogSummary	CompositeMart	stdout=C:\Users\jimmy\Desktop\meta-bi\Samples\Demos\MetaOrchestrationHairballCliIntegration\Runs\hairball-seed-20260530\RunArtifacts\runs\20260603-184845_ae6b7ebedfd54bb0a97473c44e0b6763\logs\CompositeMart-21708.stdout.log; stdoutBytes=0; stdoutTruncated=False; stdoutDroppedBytes=0; stderr=C:\Users\jimmy\Desktop\meta-bi\Samples\Demos\MetaOrchestrationHairballCliIntegration\Runs\hairball-seed-20260530\RunArtifacts\runs\20260603-184845_ae6b7ebedfd54bb0a97473c44e0b6763\logs\CompositeMart-21708.stderr.log; stderrBytes=0; stderrTruncated=False; stderrDroppedBytes=0
2026-06-03T18:49:34.6501199+00:00	WorkerLogSummary	Layer03Node04	stdout=C:\Users\jimmy\Desktop\meta-bi\Samples\Demos\MetaOrchestrationHairballCliIntegration\Runs\hairball-seed-20260530\RunArtifacts\runs\20260603-184845_ae6b7ebedfd54bb0a97473c44e0b6763\logs\Layer03Node04-28620.stdout.log; stdoutBytes=0; stdoutTruncated=False; stdoutDroppedBytes=0; stderr=C:\Users\jimmy\Desktop\meta-bi\Samples\Demos\MetaOrchestrationHairballCliIntegration\Runs\hairball-seed-20260530\RunArtifacts\runs\20260603-184845_ae6b7ebedfd54bb0a97473c44e0b6763\logs\Layer03Node04-28620.stderr.log; stderrBytes=0; stderrTruncated=False; stderrDroppedBytes=0
2026-06-03T18:49:34.6507545+00:00	WorkerLogSummary	Layer03Node05	stdout=C:\Users\jimmy\Desktop\meta-bi\Samples\Demos\MetaOrchestrationHairballCliIntegration\Runs\hairball-seed-20260530\RunArtifacts\runs\20260603-184845_ae6b7ebedfd54bb0a97473c44e0b6763\logs\Layer03Node05-20972.stdout.log; stdoutBytes=0; stdoutTruncated=False; stdoutDroppedBytes=0; stderr=C:\Users\jimmy\Desktop\meta-bi\Samples\Demos\MetaOrchestrationHairballCliIntegration\Runs\hairball-seed-20260530\RunArtifacts\runs\20260603-184845_ae6b7ebedfd54bb0a97473c44e0b6763\logs\Layer03Node05-20972.stderr.log; stderrBytes=0; stderrTruncated=False; stderrDroppedBytes=0
2026-06-03T18:49:34.6512519+00:00	WorkerLogSummary	Layer04Node06	stdout=C:\Users\jimmy\Desktop\meta-bi\Samples\Demos\MetaOrchestrationHairballCliIntegration\Runs\hairball-seed-20260530\RunArtifacts\runs\20260603-184845_ae6b7ebedfd54bb0a97473c44e0b6763\logs\Layer04Node06-22236.stdout.log; stdoutBytes=0; stdoutTruncated=False; stdoutDroppedBytes=0; stderr=C:\Users\jimmy\Desktop\meta-bi\Samples\Demos\MetaOrchestrationHairballCliIntegration\Runs\hairball-seed-20260530\RunArtifacts\runs\20260603-184845_ae6b7ebedfd54bb0a97473c44e0b6763\logs\Layer04Node06-22236.stderr.log; stderrBytes=0; stderrTruncated=False; stderrDroppedBytes=0
2026-06-03T18:49:34.6516503+00:00	WorkerLogSummary	Layer04Node09	stdout=C:\Users\jimmy\Desktop\meta-bi\Samples\Demos\MetaOrchestrationHairballCliIntegration\Runs\hairball-seed-20260530\RunArtifacts\runs\20260603-184845_ae6b7ebedfd54bb0a97473c44e0b6763\logs\Layer04Node09-7108.stdout.log; stdoutBytes=0; stdoutTruncated=False; stdoutDroppedBytes=0; stderr=C:\Users\jimmy\Desktop\meta-bi\Samples\Demos\MetaOrchestrationHairballCliIntegration\Runs\hairball-seed-20260530\RunArtifacts\runs\20260603-184845_ae6b7ebedfd54bb0a97473c44e0b6763\logs\Layer04Node09-7108.stderr.log; stderrBytes=0; stderrTruncated=False; stderrDroppedBytes=0
2026-06-03T18:49:34.6519593+00:00	WorkerLogSummary	Layer07Node02	stdout=C:\Users\jimmy\Desktop\meta-bi\Samples\Demos\MetaOrchestrationHairballCliIntegration\Runs\hairball-seed-20260530\RunArtifacts\runs\20260603-184845_ae6b7ebedfd54bb0a97473c44e0b6763\logs\Layer07Node02-9484.stdout.log; stdoutBytes=0; stdoutTruncated=False; stdoutDroppedBytes=0; stderr=C:\Users\jimmy\Desktop\meta-bi\Samples\Demos\MetaOrchestrationHairballCliIntegration\Runs\hairball-seed-20260530\RunArtifacts\runs\20260603-184845_ae6b7ebedfd54bb0a97473c44e0b6763\logs\Layer07Node02-9484.stderr.log; stderrBytes=0; stderrTruncated=False; stderrDroppedBytes=0
2026-06-03T18:49:34.6524328+00:00	WorkerLogSummary	BridgeL05L06	stdout=C:\Users\jimmy\Desktop\meta-bi\Samples\Demos\MetaOrchestrationHairballCliIntegration\Runs\hairball-seed-20260530\RunArtifacts\runs\20260603-184845_ae6b7ebedfd54bb0a97473c44e0b6763\logs\BridgeL05L06-26444.stdout.log; stdoutBytes=0; stdoutTruncated=False; stdoutDroppedBytes=0; stderr=C:\Users\jimmy\Desktop\meta-bi\Samples\Demos\MetaOrchestrationHairballCliIntegration\Runs\hairball-seed-20260530\RunArtifacts\runs\20260603-184845_ae6b7ebedfd54bb0a97473c44e0b6763\logs\BridgeL05L06-26444.stderr.log; stderrBytes=0; stderrTruncated=False; stderrDroppedBytes=0
2026-06-03T18:49:34.6529205+00:00	WorkerLogSummary	BridgeL07L08	stdout=C:\Users\jimmy\Desktop\meta-bi\Samples\Demos\MetaOrchestrationHairballCliIntegration\Runs\hairball-seed-20260530\RunArtifacts\runs\20260603-184845_ae6b7ebedfd54bb0a97473c44e0b6763\logs\BridgeL07L08-22524.stdout.log; stdoutBytes=0; stdoutTruncated=False; stdoutDroppedBytes=0; stderr=C:\Users\jimmy\Desktop\meta-bi\Samples\Demos\MetaOrchestrationHairballCliIntegration\Runs\hairball-seed-20260530\RunArtifacts\runs\20260603-184845_ae6b7ebedfd54bb0a97473c44e0b6763\logs\BridgeL07L08-22524.stderr.log; stderrBytes=0; stderrTruncated=False; stderrDroppedBytes=0
2026-06-03T18:49:34.6534233+00:00	WorkerLogSummary	Layer03Hub	stdout=C:\Users\jimmy\Desktop\meta-bi\Samples\Demos\MetaOrchestrationHairballCliIntegration\Runs\hairball-seed-20260530\RunArtifacts\runs\20260603-184845_ae6b7ebedfd54bb0a97473c44e0b6763\logs\Layer03Hub-7632.stdout.log; stdoutBytes=0; stdoutTruncated=False; stdoutDroppedBytes=0; stderr=C:\Users\jimmy\Desktop\meta-bi\Samples\Demos\MetaOrchestrationHairballCliIntegration\Runs\hairball-seed-20260530\RunArtifacts\runs\20260603-184845_ae6b7ebedfd54bb0a97473c44e0b6763\logs\Layer03Hub-7632.stderr.log; stderrBytes=0; stderrTruncated=False; stderrDroppedBytes=0
2026-06-03T18:49:34.6540490+00:00	WorkerLogSummary	Layer04Node07	stdout=C:\Users\jimmy\Desktop\meta-bi\Samples\Demos\MetaOrchestrationHairballCliIntegration\Runs\hairball-seed-20260530\RunArtifacts\runs\20260603-184845_ae6b7ebedfd54bb0a97473c44e0b6763\logs\Layer04Node07-2948.stdout.log; stdoutBytes=0; stdoutTruncated=False; stdoutDroppedBytes=0; stderr=C:\Users\jimmy\Desktop\meta-bi\Samples\Demos\MetaOrchestrationHairballCliIntegration\Runs\hairball-seed-20260530\RunArtifacts\runs\20260603-184845_ae6b7ebedfd54bb0a97473c44e0b6763\logs\Layer04Node07-2948.stderr.log; stderrBytes=0; stderrTruncated=False; stderrDroppedBytes=0
2026-06-03T18:49:34.6546665+00:00	WorkerLogSummary	Layer04Hub	stdout=C:\Users\jimmy\Desktop\meta-bi\Samples\Demos\MetaOrchestrationHairballCliIntegration\Runs\hairball-seed-20260530\RunArtifacts\runs\20260603-184845_ae6b7ebedfd54bb0a97473c44e0b6763\logs\Layer04Hub-27460.stdout.log; stdoutBytes=0; stdoutTruncated=False; stdoutDroppedBytes=0; stderr=C:\Users\jimmy\Desktop\meta-bi\Samples\Demos\MetaOrchestrationHairballCliIntegration\Runs\hairball-seed-20260530\RunArtifacts\runs\20260603-184845_ae6b7ebedfd54bb0a97473c44e0b6763\logs\Layer04Hub-27460.stderr.log; stderrBytes=0; stderrTruncated=False; stderrDroppedBytes=0
2026-06-03T18:49:34.6551701+00:00	WorkerLogSummary	Layer06Node03	stdout=C:\Users\jimmy\Desktop\meta-bi\Samples\Demos\MetaOrchestrationHairballCliIntegration\Runs\hairball-seed-20260530\RunArtifacts\runs\20260603-184845_ae6b7ebedfd54bb0a97473c44e0b6763\logs\Layer06Node03-28800.stdout.log; stdoutBytes=0; stdoutTruncated=False; stdoutDroppedBytes=0; stderr=C:\Users\jimmy\Desktop\meta-bi\Samples\Demos\MetaOrchestrationHairballCliIntegration\Runs\hairball-seed-20260530\RunArtifacts\runs\20260603-184845_ae6b7ebedfd54bb0a97473c44e0b6763\logs\Layer06Node03-28800.stderr.log; stderrBytes=0; stderrTruncated=False; stderrDroppedBytes=0
2026-06-03T18:49:34.6555774+00:00	WorkerLogSummary	Layer04Node01	stdout=C:\Users\jimmy\Desktop\meta-bi\Samples\Demos\MetaOrchestrationHairballCliIntegration\Runs\hairball-seed-20260530\RunArtifacts\runs\20260603-184845_ae6b7ebedfd54bb0a97473c44e0b6763\logs\Layer04Node01-1748.stdout.log; stdoutBytes=0; stdoutTruncated=False; stdoutDroppedBytes=0; stderr=C:\Users\jimmy\Desktop\meta-bi\Samples\Demos\MetaOrchestrationHairballCliIntegration\Runs\hairball-seed-20260530\RunArtifacts\runs\20260603-184845_ae6b7ebedfd54bb0a97473c44e0b6763\logs\Layer04Node01-1748.stderr.log; stderrBytes=0; stderrTruncated=False; stderrDroppedBytes=0
2026-06-03T18:49:34.6560169+00:00	WorkerLogSummary	Layer04Node02	stdout=C:\Users\jimmy\Desktop\meta-bi\Samples\Demos\MetaOrchestrationHairballCliIntegration\Runs\hairball-seed-20260530\RunArtifacts\runs\20260603-184845_ae6b7ebedfd54bb0a97473c44e0b6763\logs\Layer04Node02-27388.stdout.log; stdoutBytes=0; stdoutTruncated=False; stdoutDroppedBytes=0; stderr=C:\Users\jimmy\Desktop\meta-bi\Samples\Demos\MetaOrchestrationHairballCliIntegration\Runs\hairball-seed-20260530\RunArtifacts\runs\20260603-184845_ae6b7ebedfd54bb0a97473c44e0b6763\logs\Layer04Node02-27388.stderr.log; stderrBytes=0; stderrTruncated=False; stderrDroppedBytes=0
2026-06-03T18:49:34.6565006+00:00	WorkerLogSummary	Layer04Node05	stdout=C:\Users\jimmy\Desktop\meta-bi\Samples\Demos\MetaOrchestrationHairballCliIntegration\Runs\hairball-seed-20260530\RunArtifacts\runs\20260603-184845_ae6b7ebedfd54bb0a97473c44e0b6763\logs\Layer04Node05-31148.stdout.log; stdoutBytes=0; stdoutTruncated=False; stdoutDroppedBytes=0; stderr=C:\Users\jimmy\Desktop\meta-bi\Samples\Demos\MetaOrchestrationHairballCliIntegration\Runs\hairball-seed-20260530\RunArtifacts\runs\20260603-184845_ae6b7ebedfd54bb0a97473c44e0b6763\logs\Layer04Node05-31148.stderr.log; stderrBytes=0; stderrTruncated=False; stderrDroppedBytes=0
2026-06-03T18:49:34.6569427+00:00	WorkerLogSummary	Layer04Node08	stdout=C:\Users\jimmy\Desktop\meta-bi\Samples\Demos\MetaOrchestrationHairballCliIntegration\Runs\hairball-seed-20260530\RunArtifacts\runs\20260603-184845_ae6b7ebedfd54bb0a97473c44e0b6763\logs\Layer04Node08-26308.stdout.log; stdoutBytes=0; stdoutTruncated=False; stdoutDroppedBytes=0; stderr=C:\Users\jimmy\Desktop\meta-bi\Samples\Demos\MetaOrchestrationHairballCliIntegration\Runs\hairball-seed-20260530\RunArtifacts\runs\20260603-184845_ae6b7ebedfd54bb0a97473c44e0b6763\logs\Layer04Node08-26308.stderr.log; stderrBytes=0; stderrTruncated=False; stderrDroppedBytes=0
2026-06-03T18:49:34.6575340+00:00	WorkerLogSummary	Layer07Node07	stdout=C:\Users\jimmy\Desktop\meta-bi\Samples\Demos\MetaOrchestrationHairballCliIntegration\Runs\hairball-seed-20260530\RunArtifacts\runs\20260603-184845_ae6b7ebedfd54bb0a97473c44e0b6763\logs\Layer07Node07-26388.stdout.log; stdoutBytes=0; stdoutTruncated=False; stdoutDroppedBytes=0; stderr=C:\Users\jimmy\Desktop\meta-bi\Samples\Demos\MetaOrchestrationHairballCliIntegration\Runs\hairball-seed-20260530\RunArtifacts\runs\20260603-184845_ae6b7ebedfd54bb0a97473c44e0b6763\logs\Layer07Node07-26388.stderr.log; stderrBytes=0; stderrTruncated=False; stderrDroppedBytes=0
2026-06-03T18:49:34.6579580+00:00	WorkerLogSummary	Layer05Node03	stdout=C:\Users\jimmy\Desktop\meta-bi\Samples\Demos\MetaOrchestrationHairballCliIntegration\Runs\hairball-seed-20260530\RunArtifacts\runs\20260603-184845_ae6b7ebedfd54bb0a97473c44e0b6763\logs\Layer05Node03-4884.stdout.log; stdoutBytes=0; stdoutTruncated=False; stdoutDroppedBytes=0; stderr=C:\Users\jimmy\Desktop\meta-bi\Samples\Demos\MetaOrchestrationHairballCliIntegration\Runs\hairball-seed-20260530\RunArtifacts\runs\20260603-184845_ae6b7ebedfd54bb0a97473c44e0b6763\logs\Layer05Node03-4884.stderr.log; stderrBytes=0; stderrTruncated=False; stderrDroppedBytes=0
2026-06-03T18:49:34.6583468+00:00	WorkerLogSummary	AuditHairball	stdout=C:\Users\jimmy\Desktop\meta-bi\Samples\Demos\MetaOrchestrationHairballCliIntegration\Runs\hairball-seed-20260530\RunArtifacts\runs\20260603-184845_ae6b7ebedfd54bb0a97473c44e0b6763\logs\AuditHairball-29212.stdout.log; stdoutBytes=0; stdoutTruncated=False; stdoutDroppedBytes=0; stderr=C:\Users\jimmy\Desktop\meta-bi\Samples\Demos\MetaOrchestrationHairballCliIntegration\Runs\hairball-seed-20260530\RunArtifacts\runs\20260603-184845_ae6b7ebedfd54bb0a97473c44e0b6763\logs\AuditHairball-29212.stderr.log; stderrBytes=0; stderrTruncated=False; stderrDroppedBytes=0
2026-06-03T18:49:34.6587635+00:00	WorkerLogSummary	BridgeL03L04	stdout=C:\Users\jimmy\Desktop\meta-bi\Samples\Demos\MetaOrchestrationHairballCliIntegration\Runs\hairball-seed-20260530\RunArtifacts\runs\20260603-184845_ae6b7ebedfd54bb0a97473c44e0b6763\logs\BridgeL03L04-27724.stdout.log; stdoutBytes=0; stdoutTruncated=False; stdoutDroppedBytes=0; stderr=C:\Users\jimmy\Desktop\meta-bi\Samples\Demos\MetaOrchestrationHairballCliIntegration\Runs\hairball-seed-20260530\RunArtifacts\runs\20260603-184845_ae6b7ebedfd54bb0a97473c44e0b6763\logs\BridgeL03L04-27724.stderr.log; stderrBytes=0; stderrTruncated=False; stderrDroppedBytes=0
2026-06-03T18:49:34.6592392+00:00	WorkerLogSummary	Layer05Node02	stdout=C:\Users\jimmy\Desktop\meta-bi\Samples\Demos\MetaOrchestrationHairballCliIntegration\Runs\hairball-seed-20260530\RunArtifacts\runs\20260603-184845_ae6b7ebedfd54bb0a97473c44e0b6763\logs\Layer05Node02-31280.stdout.log; stdoutBytes=0; stdoutTruncated=False; stdoutDroppedBytes=0; stderr=C:\Users\jimmy\Desktop\meta-bi\Samples\Demos\MetaOrchestrationHairballCliIntegration\Runs\hairball-seed-20260530\RunArtifacts\runs\20260603-184845_ae6b7ebedfd54bb0a97473c44e0b6763\logs\Layer05Node02-31280.stderr.log; stderrBytes=0; stderrTruncated=False; stderrDroppedBytes=0
2026-06-03T18:49:34.6597115+00:00	WorkerLogSummary	Layer07Node04	stdout=C:\Users\jimmy\Desktop\meta-bi\Samples\Demos\MetaOrchestrationHairballCliIntegration\Runs\hairball-seed-20260530\RunArtifacts\runs\20260603-184845_ae6b7ebedfd54bb0a97473c44e0b6763\logs\Layer07Node04-13140.stdout.log; stdoutBytes=0; stdoutTruncated=False; stdoutDroppedBytes=0; stderr=C:\Users\jimmy\Desktop\meta-bi\Samples\Demos\MetaOrchestrationHairballCliIntegration\Runs\hairball-seed-20260530\RunArtifacts\runs\20260603-184845_ae6b7ebedfd54bb0a97473c44e0b6763\logs\Layer07Node04-13140.stderr.log; stderrBytes=0; stderrTruncated=False; stderrDroppedBytes=0
2026-06-03T18:49:34.6601865+00:00	WorkerLogSummary	Layer05Node07	stdout=C:\Users\jimmy\Desktop\meta-bi\Samples\Demos\MetaOrchestrationHairballCliIntegration\Runs\hairball-seed-20260530\RunArtifacts\runs\20260603-184845_ae6b7ebedfd54bb0a97473c44e0b6763\logs\Layer05Node07-11436.stdout.log; stdoutBytes=0; stdoutTruncated=False; stdoutDroppedBytes=0; stderr=C:\Users\jimmy\Desktop\meta-bi\Samples\Demos\MetaOrchestrationHairballCliIntegration\Runs\hairball-seed-20260530\RunArtifacts\runs\20260603-184845_ae6b7ebedfd54bb0a97473c44e0b6763\logs\Layer05Node07-11436.stderr.log; stderrBytes=0; stderrTruncated=False; stderrDroppedBytes=0
2026-06-03T18:49:34.6606657+00:00	WorkerLogSummary	BridgeL05L06	stdout=C:\Users\jimmy\Desktop\meta-bi\Samples\Demos\MetaOrchestrationHairballCliIntegration\Runs\hairball-seed-20260530\RunArtifacts\runs\20260603-184845_ae6b7ebedfd54bb0a97473c44e0b6763\logs\BridgeL05L06-23928.stdout.log; stdoutBytes=0; stdoutTruncated=False; stdoutDroppedBytes=0; stderr=C:\Users\jimmy\Desktop\meta-bi\Samples\Demos\MetaOrchestrationHairballCliIntegration\Runs\hairball-seed-20260530\RunArtifacts\runs\20260603-184845_ae6b7ebedfd54bb0a97473c44e0b6763\logs\BridgeL05L06-23928.stderr.log; stderrBytes=0; stderrTruncated=False; stderrDroppedBytes=0
2026-06-03T18:49:34.6611600+00:00	WorkerLogSummary	BridgeL07L08	stdout=C:\Users\jimmy\Desktop\meta-bi\Samples\Demos\MetaOrchestrationHairballCliIntegration\Runs\hairball-seed-20260530\RunArtifacts\runs\20260603-184845_ae6b7ebedfd54bb0a97473c44e0b6763\logs\BridgeL07L08-7388.stdout.log; stdoutBytes=0; stdoutTruncated=False; stdoutDroppedBytes=0; stderr=C:\Users\jimmy\Desktop\meta-bi\Samples\Demos\MetaOrchestrationHairballCliIntegration\Runs\hairball-seed-20260530\RunArtifacts\runs\20260603-184845_ae6b7ebedfd54bb0a97473c44e0b6763\logs\BridgeL07L08-7388.stderr.log; stderrBytes=0; stderrTruncated=False; stderrDroppedBytes=0
2026-06-03T18:49:34.6617198+00:00	WorkerLogSummary	CompositeMart	stdout=C:\Users\jimmy\Desktop\meta-bi\Samples\Demos\MetaOrchestrationHairballCliIntegration\Runs\hairball-seed-20260530\RunArtifacts\runs\20260603-184845_ae6b7ebedfd54bb0a97473c44e0b6763\logs\CompositeMart-14484.stdout.log; stdoutBytes=0; stdoutTruncated=False; stdoutDroppedBytes=0; stderr=C:\Users\jimmy\Desktop\meta-bi\Samples\Demos\MetaOrchestrationHairballCliIntegration\Runs\hairball-seed-20260530\RunArtifacts\runs\20260603-184845_ae6b7ebedfd54bb0a97473c44e0b6763\logs\CompositeMart-14484.stderr.log; stderrBytes=0; stderrTruncated=False; stderrDroppedBytes=0
2026-06-03T18:49:34.6621804+00:00	WorkerLogSummary	Layer05Hub	stdout=C:\Users\jimmy\Desktop\meta-bi\Samples\Demos\MetaOrchestrationHairballCliIntegration\Runs\hairball-seed-20260530\RunArtifacts\runs\20260603-184845_ae6b7ebedfd54bb0a97473c44e0b6763\logs\Layer05Hub-30576.stdout.log; stdoutBytes=0; stdoutTruncated=False; stdoutDroppedBytes=0; stderr=C:\Users\jimmy\Desktop\meta-bi\Samples\Demos\MetaOrchestrationHairballCliIntegration\Runs\hairball-seed-20260530\RunArtifacts\runs\20260603-184845_ae6b7ebedfd54bb0a97473c44e0b6763\logs\Layer05Hub-30576.stderr.log; stderrBytes=0; stderrTruncated=False; stderrDroppedBytes=0
2026-06-03T18:49:34.6626256+00:00	WorkerLogSummary	Layer06Node04	stdout=C:\Users\jimmy\Desktop\meta-bi\Samples\Demos\MetaOrchestrationHairballCliIntegration\Runs\hairball-seed-20260530\RunArtifacts\runs\20260603-184845_ae6b7ebedfd54bb0a97473c44e0b6763\logs\Layer06Node04-9652.stdout.log; stdoutBytes=0; stdoutTruncated=False; stdoutDroppedBytes=0; stderr=C:\Users\jimmy\Desktop\meta-bi\Samples\Demos\MetaOrchestrationHairballCliIntegration\Runs\hairball-seed-20260530\RunArtifacts\runs\20260603-184845_ae6b7ebedfd54bb0a97473c44e0b6763\logs\Layer06Node04-9652.stderr.log; stderrBytes=0; stderrTruncated=False; stderrDroppedBytes=0
2026-06-03T18:49:34.6631109+00:00	WorkerLogSummary	AuditHairball	stdout=C:\Users\jimmy\Desktop\meta-bi\Samples\Demos\MetaOrchestrationHairballCliIntegration\Runs\hairball-seed-20260530\RunArtifacts\runs\20260603-184845_ae6b7ebedfd54bb0a97473c44e0b6763\logs\AuditHairball-16128.stdout.log; stdoutBytes=0; stdoutTruncated=False; stdoutDroppedBytes=0; stderr=C:\Users\jimmy\Desktop\meta-bi\Samples\Demos\MetaOrchestrationHairballCliIntegration\Runs\hairball-seed-20260530\RunArtifacts\runs\20260603-184845_ae6b7ebedfd54bb0a97473c44e0b6763\logs\AuditHairball-16128.stderr.log; stderrBytes=0; stderrTruncated=False; stderrDroppedBytes=0
2026-06-03T18:49:34.6635615+00:00	WorkerLogSummary	Layer08Node05	stdout=C:\Users\jimmy\Desktop\meta-bi\Samples\Demos\MetaOrchestrationHairballCliIntegration\Runs\hairball-seed-20260530\RunArtifacts\runs\20260603-184845_ae6b7ebedfd54bb0a97473c44e0b6763\logs\Layer08Node05-27456.stdout.log; stdoutBytes=0; stdoutTruncated=False; stdoutDroppedBytes=0; stderr=C:\Users\jimmy\Desktop\meta-bi\Samples\Demos\MetaOrchestrationHairballCliIntegration\Runs\hairball-seed-20260530\RunArtifacts\runs\20260603-184845_ae6b7ebedfd54bb0a97473c44e0b6763\logs\Layer08Node05-27456.stderr.log; stderrBytes=0; stderrTruncated=False; stderrDroppedBytes=0
2026-06-03T18:49:34.6640190+00:00	WorkerLogSummary	BridgeL03L04	stdout=C:\Users\jimmy\Desktop\meta-bi\Samples\Demos\MetaOrchestrationHairballCliIntegration\Runs\hairball-seed-20260530\RunArtifacts\runs\20260603-184845_ae6b7ebedfd54bb0a97473c44e0b6763\logs\BridgeL03L04-27888.stdout.log; stdoutBytes=0; stdoutTruncated=False; stdoutDroppedBytes=0; stderr=C:\Users\jimmy\Desktop\meta-bi\Samples\Demos\MetaOrchestrationHairballCliIntegration\Runs\hairball-seed-20260530\RunArtifacts\runs\20260603-184845_ae6b7ebedfd54bb0a97473c44e0b6763\logs\BridgeL03L04-27888.stderr.log; stderrBytes=0; stderrTruncated=False; stderrDroppedBytes=0
2026-06-03T18:49:34.6644704+00:00	WorkerLogSummary	Layer07Node08	stdout=C:\Users\jimmy\Desktop\meta-bi\Samples\Demos\MetaOrchestrationHairballCliIntegration\Runs\hairball-seed-20260530\RunArtifacts\runs\20260603-184845_ae6b7ebedfd54bb0a97473c44e0b6763\logs\Layer07Node08-16036.stdout.log; stdoutBytes=0; stdoutTruncated=False; stdoutDroppedBytes=0; stderr=C:\Users\jimmy\Desktop\meta-bi\Samples\Demos\MetaOrchestrationHairballCliIntegration\Runs\hairball-seed-20260530\RunArtifacts\runs\20260603-184845_ae6b7ebedfd54bb0a97473c44e0b6763\logs\Layer07Node08-16036.stderr.log; stderrBytes=0; stderrTruncated=False; stderrDroppedBytes=0
2026-06-03T18:49:34.6650055+00:00	WorkerLogSummary	Layer08Node06	stdout=C:\Users\jimmy\Desktop\meta-bi\Samples\Demos\MetaOrchestrationHairballCliIntegration\Runs\hairball-seed-20260530\RunArtifacts\runs\20260603-184845_ae6b7ebedfd54bb0a97473c44e0b6763\logs\Layer08Node06-21976.stdout.log; stdoutBytes=0; stdoutTruncated=False; stdoutDroppedBytes=0; stderr=C:\Users\jimmy\Desktop\meta-bi\Samples\Demos\MetaOrchestrationHairballCliIntegration\Runs\hairball-seed-20260530\RunArtifacts\runs\20260603-184845_ae6b7ebedfd54bb0a97473c44e0b6763\logs\Layer08Node06-21976.stderr.log; stderrBytes=0; stderrTruncated=False; stderrDroppedBytes=0
2026-06-03T18:49:34.6654706+00:00	WorkerLogSummary	Layer05Node04	stdout=C:\Users\jimmy\Desktop\meta-bi\Samples\Demos\MetaOrchestrationHairballCliIntegration\Runs\hairball-seed-20260530\RunArtifacts\runs\20260603-184845_ae6b7ebedfd54bb0a97473c44e0b6763\logs\Layer05Node04-15852.stdout.log; stdoutBytes=0; stdoutTruncated=False; stdoutDroppedBytes=0; stderr=C:\Users\jimmy\Desktop\meta-bi\Samples\Demos\MetaOrchestrationHairballCliIntegration\Runs\hairball-seed-20260530\RunArtifacts\runs\20260603-184845_ae6b7ebedfd54bb0a97473c44e0b6763\logs\Layer05Node04-15852.stderr.log; stderrBytes=0; stderrTruncated=False; stderrDroppedBytes=0
2026-06-03T18:49:34.6657971+00:00	WorkerLogSummary	Layer06Node01	stdout=C:\Users\jimmy\Desktop\meta-bi\Samples\Demos\MetaOrchestrationHairballCliIntegration\Runs\hairball-seed-20260530\RunArtifacts\runs\20260603-184845_ae6b7ebedfd54bb0a97473c44e0b6763\logs\Layer06Node01-22088.stdout.log; stdoutBytes=0; stdoutTruncated=False; stdoutDroppedBytes=0; stderr=C:\Users\jimmy\Desktop\meta-bi\Samples\Demos\MetaOrchestrationHairballCliIntegration\Runs\hairball-seed-20260530\RunArtifacts\runs\20260603-184845_ae6b7ebedfd54bb0a97473c44e0b6763\logs\Layer06Node01-22088.stderr.log; stderrBytes=0; stderrTruncated=False; stderrDroppedBytes=0
2026-06-03T18:49:34.6662199+00:00	WorkerLogSummary	Layer06Node07	stdout=C:\Users\jimmy\Desktop\meta-bi\Samples\Demos\MetaOrchestrationHairballCliIntegration\Runs\hairball-seed-20260530\RunArtifacts\runs\20260603-184845_ae6b7ebedfd54bb0a97473c44e0b6763\logs\Layer06Node07-3764.stdout.log; stdoutBytes=0; stdoutTruncated=False; stdoutDroppedBytes=0; stderr=C:\Users\jimmy\Desktop\meta-bi\Samples\Demos\MetaOrchestrationHairballCliIntegration\Runs\hairball-seed-20260530\RunArtifacts\runs\20260603-184845_ae6b7ebedfd54bb0a97473c44e0b6763\logs\Layer06Node07-3764.stderr.log; stderrBytes=0; stderrTruncated=False; stderrDroppedBytes=0
2026-06-03T18:49:34.6666258+00:00	WorkerLogSummary	Layer06Node10	stdout=C:\Users\jimmy\Desktop\meta-bi\Samples\Demos\MetaOrchestrationHairballCliIntegration\Runs\hairball-seed-20260530\RunArtifacts\runs\20260603-184845_ae6b7ebedfd54bb0a97473c44e0b6763\logs\Layer06Node10-23384.stdout.log; stdoutBytes=0; stdoutTruncated=False; stdoutDroppedBytes=0; stderr=C:\Users\jimmy\Desktop\meta-bi\Samples\Demos\MetaOrchestrationHairballCliIntegration\Runs\hairball-seed-20260530\RunArtifacts\runs\20260603-184845_ae6b7ebedfd54bb0a97473c44e0b6763\logs\Layer06Node10-23384.stderr.log; stderrBytes=0; stderrTruncated=False; stderrDroppedBytes=0
2026-06-03T18:49:34.6670505+00:00	WorkerLogSummary	AuditHairball	stdout=C:\Users\jimmy\Desktop\meta-bi\Samples\Demos\MetaOrchestrationHairballCliIntegration\Runs\hairball-seed-20260530\RunArtifacts\runs\20260603-184845_ae6b7ebedfd54bb0a97473c44e0b6763\logs\AuditHairball-10716.stdout.log; stdoutBytes=0; stdoutTruncated=False; stdoutDroppedBytes=0; stderr=C:\Users\jimmy\Desktop\meta-bi\Samples\Demos\MetaOrchestrationHairballCliIntegration\Runs\hairball-seed-20260530\RunArtifacts\runs\20260603-184845_ae6b7ebedfd54bb0a97473c44e0b6763\logs\AuditHairball-10716.stderr.log; stderrBytes=0; stderrTruncated=False; stderrDroppedBytes=0
2026-06-03T18:49:34.6675281+00:00	WorkerLogSummary	BridgeL05L06	stdout=C:\Users\jimmy\Desktop\meta-bi\Samples\Demos\MetaOrchestrationHairballCliIntegration\Runs\hairball-seed-20260530\RunArtifacts\runs\20260603-184845_ae6b7ebedfd54bb0a97473c44e0b6763\logs\BridgeL05L06-24740.stdout.log; stdoutBytes=0; stdoutTruncated=False; stdoutDroppedBytes=0; stderr=C:\Users\jimmy\Desktop\meta-bi\Samples\Demos\MetaOrchestrationHairballCliIntegration\Runs\hairball-seed-20260530\RunArtifacts\runs\20260603-184845_ae6b7ebedfd54bb0a97473c44e0b6763\logs\BridgeL05L06-24740.stderr.log; stderrBytes=0; stderrTruncated=False; stderrDroppedBytes=0
2026-06-03T18:49:34.6680091+00:00	WorkerLogSummary	BridgeL07L08	stdout=C:\Users\jimmy\Desktop\meta-bi\Samples\Demos\MetaOrchestrationHairballCliIntegration\Runs\hairball-seed-20260530\RunArtifacts\runs\20260603-184845_ae6b7ebedfd54bb0a97473c44e0b6763\logs\BridgeL07L08-23932.stdout.log; stdoutBytes=0; stdoutTruncated=False; stdoutDroppedBytes=0; stderr=C:\Users\jimmy\Desktop\meta-bi\Samples\Demos\MetaOrchestrationHairballCliIntegration\Runs\hairball-seed-20260530\RunArtifacts\runs\20260603-184845_ae6b7ebedfd54bb0a97473c44e0b6763\logs\BridgeL07L08-23932.stderr.log; stderrBytes=0; stderrTruncated=False; stderrDroppedBytes=0
2026-06-03T18:49:34.6686219+00:00	WorkerLogSummary	Layer05Node01	stdout=C:\Users\jimmy\Desktop\meta-bi\Samples\Demos\MetaOrchestrationHairballCliIntegration\Runs\hairball-seed-20260530\RunArtifacts\runs\20260603-184845_ae6b7ebedfd54bb0a97473c44e0b6763\logs\Layer05Node01-10284.stdout.log; stdoutBytes=0; stdoutTruncated=False; stdoutDroppedBytes=0; stderr=C:\Users\jimmy\Desktop\meta-bi\Samples\Demos\MetaOrchestrationHairballCliIntegration\Runs\hairball-seed-20260530\RunArtifacts\runs\20260603-184845_ae6b7ebedfd54bb0a97473c44e0b6763\logs\Layer05Node01-10284.stderr.log; stderrBytes=0; stderrTruncated=False; stderrDroppedBytes=0
2026-06-03T18:49:34.6691627+00:00	WorkerLogSummary	Layer05Node05	stdout=C:\Users\jimmy\Desktop\meta-bi\Samples\Demos\MetaOrchestrationHairballCliIntegration\Runs\hairball-seed-20260530\RunArtifacts\runs\20260603-184845_ae6b7ebedfd54bb0a97473c44e0b6763\logs\Layer05Node05-26584.stdout.log; stdoutBytes=0; stdoutTruncated=False; stdoutDroppedBytes=0; stderr=C:\Users\jimmy\Desktop\meta-bi\Samples\Demos\MetaOrchestrationHairballCliIntegration\Runs\hairball-seed-20260530\RunArtifacts\runs\20260603-184845_ae6b7ebedfd54bb0a97473c44e0b6763\logs\Layer05Node05-26584.stderr.log; stderrBytes=0; stderrTruncated=False; stderrDroppedBytes=0
2026-06-03T18:49:34.6696166+00:00	WorkerLogSummary	Layer05Node08	stdout=C:\Users\jimmy\Desktop\meta-bi\Samples\Demos\MetaOrchestrationHairballCliIntegration\Runs\hairball-seed-20260530\RunArtifacts\runs\20260603-184845_ae6b7ebedfd54bb0a97473c44e0b6763\logs\Layer05Node08-2564.stdout.log; stdoutBytes=0; stdoutTruncated=False; stdoutDroppedBytes=0; stderr=C:\Users\jimmy\Desktop\meta-bi\Samples\Demos\MetaOrchestrationHairballCliIntegration\Runs\hairball-seed-20260530\RunArtifacts\runs\20260603-184845_ae6b7ebedfd54bb0a97473c44e0b6763\logs\Layer05Node08-2564.stderr.log; stderrBytes=0; stderrTruncated=False; stderrDroppedBytes=0
2026-06-03T18:49:34.6701259+00:00	WorkerLogSummary	Layer07Node05	stdout=C:\Users\jimmy\Desktop\meta-bi\Samples\Demos\MetaOrchestrationHairballCliIntegration\Runs\hairball-seed-20260530\RunArtifacts\runs\20260603-184845_ae6b7ebedfd54bb0a97473c44e0b6763\logs\Layer07Node05-2056.stdout.log; stdoutBytes=0; stdoutTruncated=False; stdoutDroppedBytes=0; stderr=C:\Users\jimmy\Desktop\meta-bi\Samples\Demos\MetaOrchestrationHairballCliIntegration\Runs\hairball-seed-20260530\RunArtifacts\runs\20260603-184845_ae6b7ebedfd54bb0a97473c44e0b6763\logs\Layer07Node05-2056.stderr.log; stderrBytes=0; stderrTruncated=False; stderrDroppedBytes=0
2026-06-03T18:49:34.6706603+00:00	WorkerLogSummary	Layer06Node05	stdout=C:\Users\jimmy\Desktop\meta-bi\Samples\Demos\MetaOrchestrationHairballCliIntegration\Runs\hairball-seed-20260530\RunArtifacts\runs\20260603-184845_ae6b7ebedfd54bb0a97473c44e0b6763\logs\Layer06Node05-14740.stdout.log; stdoutBytes=0; stdoutTruncated=False; stdoutDroppedBytes=0; stderr=C:\Users\jimmy\Desktop\meta-bi\Samples\Demos\MetaOrchestrationHairballCliIntegration\Runs\hairball-seed-20260530\RunArtifacts\runs\20260603-184845_ae6b7ebedfd54bb0a97473c44e0b6763\logs\Layer06Node05-14740.stderr.log; stderrBytes=0; stderrTruncated=False; stderrDroppedBytes=0
2026-06-03T18:49:34.6711790+00:00	WorkerLogSummary	AuditHairball	stdout=C:\Users\jimmy\Desktop\meta-bi\Samples\Demos\MetaOrchestrationHairballCliIntegration\Runs\hairball-seed-20260530\RunArtifacts\runs\20260603-184845_ae6b7ebedfd54bb0a97473c44e0b6763\logs\AuditHairball-28160.stdout.log; stdoutBytes=0; stdoutTruncated=False; stdoutDroppedBytes=0; stderr=C:\Users\jimmy\Desktop\meta-bi\Samples\Demos\MetaOrchestrationHairballCliIntegration\Runs\hairball-seed-20260530\RunArtifacts\runs\20260603-184845_ae6b7ebedfd54bb0a97473c44e0b6763\logs\AuditHairball-28160.stderr.log; stderrBytes=0; stderrTruncated=False; stderrDroppedBytes=0
2026-06-03T18:49:34.6716010+00:00	WorkerLogSummary	Layer05Node06	stdout=C:\Users\jimmy\Desktop\meta-bi\Samples\Demos\MetaOrchestrationHairballCliIntegration\Runs\hairball-seed-20260530\RunArtifacts\runs\20260603-184845_ae6b7ebedfd54bb0a97473c44e0b6763\logs\Layer05Node06-9604.stdout.log; stdoutBytes=0; stdoutTruncated=False; stdoutDroppedBytes=0; stderr=C:\Users\jimmy\Desktop\meta-bi\Samples\Demos\MetaOrchestrationHairballCliIntegration\Runs\hairball-seed-20260530\RunArtifacts\runs\20260603-184845_ae6b7ebedfd54bb0a97473c44e0b6763\logs\Layer05Node06-9604.stderr.log; stderrBytes=0; stderrTruncated=False; stderrDroppedBytes=0
2026-06-03T18:49:34.6720132+00:00	WorkerLogSummary	Layer06Hub	stdout=C:\Users\jimmy\Desktop\meta-bi\Samples\Demos\MetaOrchestrationHairballCliIntegration\Runs\hairball-seed-20260530\RunArtifacts\runs\20260603-184845_ae6b7ebedfd54bb0a97473c44e0b6763\logs\Layer06Hub-22636.stdout.log; stdoutBytes=0; stdoutTruncated=False; stdoutDroppedBytes=0; stderr=C:\Users\jimmy\Desktop\meta-bi\Samples\Demos\MetaOrchestrationHairballCliIntegration\Runs\hairball-seed-20260530\RunArtifacts\runs\20260603-184845_ae6b7ebedfd54bb0a97473c44e0b6763\logs\Layer06Hub-22636.stderr.log; stderrBytes=0; stderrTruncated=False; stderrDroppedBytes=0
2026-06-03T18:49:34.6725051+00:00	WorkerLogSummary	Layer06Node08	stdout=C:\Users\jimmy\Desktop\meta-bi\Samples\Demos\MetaOrchestrationHairballCliIntegration\Runs\hairball-seed-20260530\RunArtifacts\runs\20260603-184845_ae6b7ebedfd54bb0a97473c44e0b6763\logs\Layer06Node08-16108.stdout.log; stdoutBytes=0; stdoutTruncated=False; stdoutDroppedBytes=0; stderr=C:\Users\jimmy\Desktop\meta-bi\Samples\Demos\MetaOrchestrationHairballCliIntegration\Runs\hairball-seed-20260530\RunArtifacts\runs\20260603-184845_ae6b7ebedfd54bb0a97473c44e0b6763\logs\Layer06Node08-16108.stderr.log; stderrBytes=0; stderrTruncated=False; stderrDroppedBytes=0
2026-06-03T18:49:34.6730103+00:00	WorkerLogSummary	BridgeL07L08	stdout=C:\Users\jimmy\Desktop\meta-bi\Samples\Demos\MetaOrchestrationHairballCliIntegration\Runs\hairball-seed-20260530\RunArtifacts\runs\20260603-184845_ae6b7ebedfd54bb0a97473c44e0b6763\logs\BridgeL07L08-29020.stdout.log; stdoutBytes=0; stdoutTruncated=False; stdoutDroppedBytes=0; stderr=C:\Users\jimmy\Desktop\meta-bi\Samples\Demos\MetaOrchestrationHairballCliIntegration\Runs\hairball-seed-20260530\RunArtifacts\runs\20260603-184845_ae6b7ebedfd54bb0a97473c44e0b6763\logs\BridgeL07L08-29020.stderr.log; stderrBytes=0; stderrTruncated=False; stderrDroppedBytes=0
2026-06-03T18:49:34.6734748+00:00	WorkerLogSummary	BridgeL05L06	stdout=C:\Users\jimmy\Desktop\meta-bi\Samples\Demos\MetaOrchestrationHairballCliIntegration\Runs\hairball-seed-20260530\RunArtifacts\runs\20260603-184845_ae6b7ebedfd54bb0a97473c44e0b6763\logs\BridgeL05L06-21120.stdout.log; stdoutBytes=0; stdoutTruncated=False; stdoutDroppedBytes=0; stderr=C:\Users\jimmy\Desktop\meta-bi\Samples\Demos\MetaOrchestrationHairballCliIntegration\Runs\hairball-seed-20260530\RunArtifacts\runs\20260603-184845_ae6b7ebedfd54bb0a97473c44e0b6763\logs\BridgeL05L06-21120.stderr.log; stderrBytes=0; stderrTruncated=False; stderrDroppedBytes=0
2026-06-03T18:49:34.6739816+00:00	WorkerLogSummary	CompositeMart	stdout=C:\Users\jimmy\Desktop\meta-bi\Samples\Demos\MetaOrchestrationHairballCliIntegration\Runs\hairball-seed-20260530\RunArtifacts\runs\20260603-184845_ae6b7ebedfd54bb0a97473c44e0b6763\logs\CompositeMart-15232.stdout.log; stdoutBytes=0; stdoutTruncated=False; stdoutDroppedBytes=0; stderr=C:\Users\jimmy\Desktop\meta-bi\Samples\Demos\MetaOrchestrationHairballCliIntegration\Runs\hairball-seed-20260530\RunArtifacts\runs\20260603-184845_ae6b7ebedfd54bb0a97473c44e0b6763\logs\CompositeMart-15232.stderr.log; stderrBytes=0; stderrTruncated=False; stderrDroppedBytes=0
2026-06-03T18:49:34.6745951+00:00	WorkerLogSummary	Layer07Hub	stdout=C:\Users\jimmy\Desktop\meta-bi\Samples\Demos\MetaOrchestrationHairballCliIntegration\Runs\hairball-seed-20260530\RunArtifacts\runs\20260603-184845_ae6b7ebedfd54bb0a97473c44e0b6763\logs\Layer07Hub-21444.stdout.log; stdoutBytes=0; stdoutTruncated=False; stdoutDroppedBytes=0; stderr=C:\Users\jimmy\Desktop\meta-bi\Samples\Demos\MetaOrchestrationHairballCliIntegration\Runs\hairball-seed-20260530\RunArtifacts\runs\20260603-184845_ae6b7ebedfd54bb0a97473c44e0b6763\logs\Layer07Hub-21444.stderr.log; stderrBytes=0; stderrTruncated=False; stderrDroppedBytes=0
2026-06-03T18:49:34.6751819+00:00	WorkerLogSummary	Layer07Node01	stdout=C:\Users\jimmy\Desktop\meta-bi\Samples\Demos\MetaOrchestrationHairballCliIntegration\Runs\hairball-seed-20260530\RunArtifacts\runs\20260603-184845_ae6b7ebedfd54bb0a97473c44e0b6763\logs\Layer07Node01-22912.stdout.log; stdoutBytes=0; stdoutTruncated=False; stdoutDroppedBytes=0; stderr=C:\Users\jimmy\Desktop\meta-bi\Samples\Demos\MetaOrchestrationHairballCliIntegration\Runs\hairball-seed-20260530\RunArtifacts\runs\20260603-184845_ae6b7ebedfd54bb0a97473c44e0b6763\logs\Layer07Node01-22912.stderr.log; stderrBytes=0; stderrTruncated=False; stderrDroppedBytes=0
2026-06-03T18:49:34.6756855+00:00	WorkerLogSummary	Layer07Node03	stdout=C:\Users\jimmy\Desktop\meta-bi\Samples\Demos\MetaOrchestrationHairballCliIntegration\Runs\hairball-seed-20260530\RunArtifacts\runs\20260603-184845_ae6b7ebedfd54bb0a97473c44e0b6763\logs\Layer07Node03-7644.stdout.log; stdoutBytes=0; stdoutTruncated=False; stdoutDroppedBytes=0; stderr=C:\Users\jimmy\Desktop\meta-bi\Samples\Demos\MetaOrchestrationHairballCliIntegration\Runs\hairball-seed-20260530\RunArtifacts\runs\20260603-184845_ae6b7ebedfd54bb0a97473c44e0b6763\logs\Layer07Node03-7644.stderr.log; stderrBytes=0; stderrTruncated=False; stderrDroppedBytes=0
2026-06-03T18:49:34.6761895+00:00	WorkerLogSummary	Layer07Node06	stdout=C:\Users\jimmy\Desktop\meta-bi\Samples\Demos\MetaOrchestrationHairballCliIntegration\Runs\hairball-seed-20260530\RunArtifacts\runs\20260603-184845_ae6b7ebedfd54bb0a97473c44e0b6763\logs\Layer07Node06-8084.stdout.log; stdoutBytes=0; stdoutTruncated=False; stdoutDroppedBytes=0; stderr=C:\Users\jimmy\Desktop\meta-bi\Samples\Demos\MetaOrchestrationHairballCliIntegration\Runs\hairball-seed-20260530\RunArtifacts\runs\20260603-184845_ae6b7ebedfd54bb0a97473c44e0b6763\logs\Layer07Node06-8084.stderr.log; stderrBytes=0; stderrTruncated=False; stderrDroppedBytes=0
2026-06-03T18:49:34.6766753+00:00	WorkerLogSummary	Layer08Hub	stdout=C:\Users\jimmy\Desktop\meta-bi\Samples\Demos\MetaOrchestrationHairballCliIntegration\Runs\hairball-seed-20260530\RunArtifacts\runs\20260603-184845_ae6b7ebedfd54bb0a97473c44e0b6763\logs\Layer08Hub-16668.stdout.log; stdoutBytes=0; stdoutTruncated=False; stdoutDroppedBytes=0; stderr=C:\Users\jimmy\Desktop\meta-bi\Samples\Demos\MetaOrchestrationHairballCliIntegration\Runs\hairball-seed-20260530\RunArtifacts\runs\20260603-184845_ae6b7ebedfd54bb0a97473c44e0b6763\logs\Layer08Hub-16668.stderr.log; stderrBytes=0; stderrTruncated=False; stderrDroppedBytes=0
2026-06-03T18:49:34.6771566+00:00	WorkerLogSummary	Layer08Node01	stdout=C:\Users\jimmy\Desktop\meta-bi\Samples\Demos\MetaOrchestrationHairballCliIntegration\Runs\hairball-seed-20260530\RunArtifacts\runs\20260603-184845_ae6b7ebedfd54bb0a97473c44e0b6763\logs\Layer08Node01-20296.stdout.log; stdoutBytes=0; stdoutTruncated=False; stdoutDroppedBytes=0; stderr=C:\Users\jimmy\Desktop\meta-bi\Samples\Demos\MetaOrchestrationHairballCliIntegration\Runs\hairball-seed-20260530\RunArtifacts\runs\20260603-184845_ae6b7ebedfd54bb0a97473c44e0b6763\logs\Layer08Node01-20296.stderr.log; stderrBytes=0; stderrTruncated=False; stderrDroppedBytes=0
2026-06-03T18:49:34.6776460+00:00	WorkerLogSummary	Layer08Node02	stdout=C:\Users\jimmy\Desktop\meta-bi\Samples\Demos\MetaOrchestrationHairballCliIntegration\Runs\hairball-seed-20260530\RunArtifacts\runs\20260603-184845_ae6b7ebedfd54bb0a97473c44e0b6763\logs\Layer08Node02-22380.stdout.log; stdoutBytes=0; stdoutTruncated=False; stdoutDroppedBytes=0; stderr=C:\Users\jimmy\Desktop\meta-bi\Samples\Demos\MetaOrchestrationHairballCliIntegration\Runs\hairball-seed-20260530\RunArtifacts\runs\20260603-184845_ae6b7ebedfd54bb0a97473c44e0b6763\logs\Layer08Node02-22380.stderr.log; stderrBytes=0; stderrTruncated=False; stderrDroppedBytes=0
2026-06-03T18:49:34.6780519+00:00	WorkerLogSummary	Layer08Node03	stdout=C:\Users\jimmy\Desktop\meta-bi\Samples\Demos\MetaOrchestrationHairballCliIntegration\Runs\hairball-seed-20260530\RunArtifacts\runs\20260603-184845_ae6b7ebedfd54bb0a97473c44e0b6763\logs\Layer08Node03-26184.stdout.log; stdoutBytes=0; stdoutTruncated=False; stdoutDroppedBytes=0; stderr=C:\Users\jimmy\Desktop\meta-bi\Samples\Demos\MetaOrchestrationHairballCliIntegration\Runs\hairball-seed-20260530\RunArtifacts\runs\20260603-184845_ae6b7ebedfd54bb0a97473c44e0b6763\logs\Layer08Node03-26184.stderr.log; stderrBytes=0; stderrTruncated=False; stderrDroppedBytes=0
2026-06-03T18:49:34.6785323+00:00	WorkerLogSummary	RegionalMart02	stdout=C:\Users\jimmy\Desktop\meta-bi\Samples\Demos\MetaOrchestrationHairballCliIntegration\Runs\hairball-seed-20260530\RunArtifacts\runs\20260603-184845_ae6b7ebedfd54bb0a97473c44e0b6763\logs\RegionalMart02-15596.stdout.log; stdoutBytes=0; stdoutTruncated=False; stdoutDroppedBytes=0; stderr=C:\Users\jimmy\Desktop\meta-bi\Samples\Demos\MetaOrchestrationHairballCliIntegration\Runs\hairball-seed-20260530\RunArtifacts\runs\20260603-184845_ae6b7ebedfd54bb0a97473c44e0b6763\logs\RegionalMart02-15596.stderr.log; stderrBytes=0; stderrTruncated=False; stderrDroppedBytes=0
2026-06-03T18:49:34.6791304+00:00	WorkerLogSummary	Layer08Node04	stdout=C:\Users\jimmy\Desktop\meta-bi\Samples\Demos\MetaOrchestrationHairballCliIntegration\Runs\hairball-seed-20260530\RunArtifacts\runs\20260603-184845_ae6b7ebedfd54bb0a97473c44e0b6763\logs\Layer08Node04-22248.stdout.log; stdoutBytes=0; stdoutTruncated=False; stdoutDroppedBytes=0; stderr=C:\Users\jimmy\Desktop\meta-bi\Samples\Demos\MetaOrchestrationHairballCliIntegration\Runs\hairball-seed-20260530\RunArtifacts\runs\20260603-184845_ae6b7ebedfd54bb0a97473c44e0b6763\logs\Layer08Node04-22248.stderr.log; stderrBytes=0; stderrTruncated=False; stderrDroppedBytes=0
2026-06-03T18:49:34.6795854+00:00	WorkerLogSummary	Layer08Node08	stdout=C:\Users\jimmy\Desktop\meta-bi\Samples\Demos\MetaOrchestrationHairballCliIntegration\Runs\hairball-seed-20260530\RunArtifacts\runs\20260603-184845_ae6b7ebedfd54bb0a97473c44e0b6763\logs\Layer08Node08-14880.stdout.log; stdoutBytes=0; stdoutTruncated=False; stdoutDroppedBytes=0; stderr=C:\Users\jimmy\Desktop\meta-bi\Samples\Demos\MetaOrchestrationHairballCliIntegration\Runs\hairball-seed-20260530\RunArtifacts\runs\20260603-184845_ae6b7ebedfd54bb0a97473c44e0b6763\logs\Layer08Node08-14880.stderr.log; stderrBytes=0; stderrTruncated=False; stderrDroppedBytes=0
2026-06-03T18:49:34.6800797+00:00	WorkerLogSummary	Layer07Hub	stdout=C:\Users\jimmy\Desktop\meta-bi\Samples\Demos\MetaOrchestrationHairballCliIntegration\Runs\hairball-seed-20260530\RunArtifacts\runs\20260603-184845_ae6b7ebedfd54bb0a97473c44e0b6763\logs\Layer07Hub-28976.stdout.log; stdoutBytes=0; stdoutTruncated=False; stdoutDroppedBytes=0; stderr=C:\Users\jimmy\Desktop\meta-bi\Samples\Demos\MetaOrchestrationHairballCliIntegration\Runs\hairball-seed-20260530\RunArtifacts\runs\20260603-184845_ae6b7ebedfd54bb0a97473c44e0b6763\logs\Layer07Hub-28976.stderr.log; stderrBytes=0; stderrTruncated=False; stderrDroppedBytes=0
2026-06-03T18:49:34.6804789+00:00	WorkerLogSummary	AuditHairball	stdout=C:\Users\jimmy\Desktop\meta-bi\Samples\Demos\MetaOrchestrationHairballCliIntegration\Runs\hairball-seed-20260530\RunArtifacts\runs\20260603-184845_ae6b7ebedfd54bb0a97473c44e0b6763\logs\AuditHairball-18368.stdout.log; stdoutBytes=0; stdoutTruncated=False; stdoutDroppedBytes=0; stderr=C:\Users\jimmy\Desktop\meta-bi\Samples\Demos\MetaOrchestrationHairballCliIntegration\Runs\hairball-seed-20260530\RunArtifacts\runs\20260603-184845_ae6b7ebedfd54bb0a97473c44e0b6763\logs\AuditHairball-18368.stderr.log; stderrBytes=0; stderrTruncated=False; stderrDroppedBytes=0
2026-06-03T18:49:34.6808619+00:00	WorkerLogSummary	Layer08Hub	stdout=C:\Users\jimmy\Desktop\meta-bi\Samples\Demos\MetaOrchestrationHairballCliIntegration\Runs\hairball-seed-20260530\RunArtifacts\runs\20260603-184845_ae6b7ebedfd54bb0a97473c44e0b6763\logs\Layer08Hub-21508.stdout.log; stdoutBytes=0; stdoutTruncated=False; stdoutDroppedBytes=0; stderr=C:\Users\jimmy\Desktop\meta-bi\Samples\Demos\MetaOrchestrationHairballCliIntegration\Runs\hairball-seed-20260530\RunArtifacts\runs\20260603-184845_ae6b7ebedfd54bb0a97473c44e0b6763\logs\Layer08Hub-21508.stderr.log; stderrBytes=0; stderrTruncated=False; stderrDroppedBytes=0
2026-06-03T18:49:34.6812041+00:00	WorkerLogSummary	PublishHairballFinal	stdout=C:\Users\jimmy\Desktop\meta-bi\Samples\Demos\MetaOrchestrationHairballCliIntegration\Runs\hairball-seed-20260530\RunArtifacts\runs\20260603-184845_ae6b7ebedfd54bb0a97473c44e0b6763\logs\PublishHairballFinal-21468.stdout.log; stdoutBytes=0; stdoutTruncated=False; stdoutDroppedBytes=0; stderr=C:\Users\jimmy\Desktop\meta-bi\Samples\Demos\MetaOrchestrationHairballCliIntegration\Runs\hairball-seed-20260530\RunArtifacts\runs\20260603-184845_ae6b7ebedfd54bb0a97473c44e0b6763\logs\PublishHairballFinal-21468.stderr.log; stderrBytes=0; stderrTruncated=False; stderrDroppedBytes=0
2026-06-03T18:49:34.6817335+00:00	WorkerLogSummary	RegionalMart01	stdout=C:\Users\jimmy\Desktop\meta-bi\Samples\Demos\MetaOrchestrationHairballCliIntegration\Runs\hairball-seed-20260530\RunArtifacts\runs\20260603-184845_ae6b7ebedfd54bb0a97473c44e0b6763\logs\RegionalMart01-27984.stdout.log; stdoutBytes=0; stdoutTruncated=False; stdoutDroppedBytes=0; stderr=C:\Users\jimmy\Desktop\meta-bi\Samples\Demos\MetaOrchestrationHairballCliIntegration\Runs\hairball-seed-20260530\RunArtifacts\runs\20260603-184845_ae6b7ebedfd54bb0a97473c44e0b6763\logs\RegionalMart01-27984.stderr.log; stderrBytes=0; stderrTruncated=False; stderrDroppedBytes=0
2026-06-03T18:49:34.6823286+00:00	WorkerLogSummary	RegionalMart03	stdout=C:\Users\jimmy\Desktop\meta-bi\Samples\Demos\MetaOrchestrationHairballCliIntegration\Runs\hairball-seed-20260530\RunArtifacts\runs\20260603-184845_ae6b7ebedfd54bb0a97473c44e0b6763\logs\RegionalMart03-3372.stdout.log; stdoutBytes=0; stdoutTruncated=False; stdoutDroppedBytes=0; stderr=C:\Users\jimmy\Desktop\meta-bi\Samples\Demos\MetaOrchestrationHairballCliIntegration\Runs\hairball-seed-20260530\RunArtifacts\runs\20260603-184845_ae6b7ebedfd54bb0a97473c44e0b6763\logs\RegionalMart03-3372.stderr.log; stderrBytes=0; stderrTruncated=False; stderrDroppedBytes=0
2026-06-03T18:49:34.6828089+00:00	WorkerLogSummary	RegionalMart04	stdout=C:\Users\jimmy\Desktop\meta-bi\Samples\Demos\MetaOrchestrationHairballCliIntegration\Runs\hairball-seed-20260530\RunArtifacts\runs\20260603-184845_ae6b7ebedfd54bb0a97473c44e0b6763\logs\RegionalMart04-1808.stdout.log; stdoutBytes=0; stdoutTruncated=False; stdoutDroppedBytes=0; stderr=C:\Users\jimmy\Desktop\meta-bi\Samples\Demos\MetaOrchestrationHairballCliIntegration\Runs\hairball-seed-20260530\RunArtifacts\runs\20260603-184845_ae6b7ebedfd54bb0a97473c44e0b6763\logs\RegionalMart04-1808.stderr.log; stderrBytes=0; stderrTruncated=False; stderrDroppedBytes=0
2026-06-03T18:49:34.6837103+00:00	RunCompleted	DefaultRunPlan	Succeeded
