OccurredAtUtc	EventKind	Subject	Detail
2026-06-03T17:03:36.6865653+00:00	RunStarted	orchestration	C:\Users\jimmy\Desktop\meta-bi\Samples\Demos\MetaOrchestrationHairballCliIntegration\Runs\hairball-seed-20260530\OrchestrationWS
2026-06-03T17:03:36.6990249+00:00	Process	meta-orchestration	30392
2026-06-03T17:03:36.6994555+00:00	PipelineExecutable	meta-pipeline	
2026-06-03T17:03:36.6997232+00:00	PipelineWorkspace	C:\Users\jimmy\Desktop\meta-bi\Samples\Demos\MetaOrchestrationHairballCliIntegration\Runs\hairball-seed-20260530\PipelineWS	
2026-06-03T17:03:36.6999732+00:00	TransformWorkspace	C:\Users\jimmy\Desktop\meta-bi\Samples\Demos\MetaOrchestrationHairballCliIntegration\Runs\hairball-seed-20260530\TransformWS	
2026-06-03T17:03:36.7002069+00:00	BindingWorkspace	C:\Users\jimmy\Desktop\meta-bi\Samples\Demos\MetaOrchestrationHairballCliIntegration\Runs\hairball-seed-20260530\BindingWS	
2026-06-03T17:03:36.7175719+00:00	LeaseAcquired	C:\Users\jimmy\Desktop\meta-bi\Samples\Demos\MetaOrchestrationHairballCliIntegration\Runs\hairball-seed-20260530\OrchestrationWS	C:\Users\jimmy\Desktop\meta-bi\Samples\Demos\MetaOrchestrationHairballCliIntegration\Runs\hairball-seed-20260530\RunArtifacts\leases\b30631311a63a1938a1d960e11d1b12772a5b649874a11ab9e9983ed17563480.tsv
2026-06-03T17:03:36.7191155+00:00	Phase	Loading	C:\Users\jimmy\Desktop\meta-bi\Samples\Demos\MetaOrchestrationHairballCliIntegration\Runs\hairball-seed-20260530\OrchestrationWS
2026-06-03T17:03:36.8264653+00:00	Phase	Building	C:\Users\jimmy\Desktop\meta-bi\Samples\Demos\MetaOrchestrationHairballCliIntegration\Runs\hairball-seed-20260530\OrchestrationWS
2026-06-03T17:03:36.8406480+00:00	Phase	Saving	C:\Users\jimmy\Desktop\meta-bi\Samples\Demos\MetaOrchestrationHairballCliIntegration\Runs\hairball-seed-20260530\OrchestrationWS
2026-06-03T17:03:36.9289503+00:00	RetryPolicyResolved	DefaultRetryPolicy	MaxAttempts=3; RetryableFailureClasses=6
2026-06-03T17:03:36.9326797+00:00	RunPlanReady	DefaultRunPlan	137
2026-06-03T17:03:37.0073786+00:00	WorkerStarting	ExtractSeed01	meta-pipeline
2026-06-03T17:03:37.1167558+00:00	WorkerStarted	ExtractSeed01	19308
2026-06-03T17:03:37.1173246+00:00	WorkerControlPipe	ExtractSeed01	meta-orchestration-defb29418a1d41c0a0921a23893fdac5
2026-06-03T17:03:37.1178439+00:00	WorkerLog	ExtractSeed01	stdout=C:\Users\jimmy\Desktop\meta-bi\Samples\Demos\MetaOrchestrationHairballCliIntegration\Runs\hairball-seed-20260530\RunArtifacts\runs\20260603-170336_46327b50f01a433d8bb3ad9d12fb1de2\logs\ExtractSeed01-19308.stdout.log; stderr=C:\Users\jimmy\Desktop\meta-bi\Samples\Demos\MetaOrchestrationHairballCliIntegration\Runs\hairball-seed-20260530\RunArtifacts\runs\20260603-170336_46327b50f01a433d8bb3ad9d12fb1de2\logs\ExtractSeed01-19308.stderr.log
2026-06-03T17:03:37.1237317+00:00	WorkerStarting	ExtractSeed02	meta-pipeline
2026-06-03T17:03:37.2313313+00:00	WorkerStarted	ExtractSeed02	11800
2026-06-03T17:03:37.2317441+00:00	WorkerControlPipe	ExtractSeed02	meta-orchestration-f44bc7ead0e24dd884e07efda2f08b1e
2026-06-03T17:03:37.2320562+00:00	WorkerLog	ExtractSeed02	stdout=C:\Users\jimmy\Desktop\meta-bi\Samples\Demos\MetaOrchestrationHairballCliIntegration\Runs\hairball-seed-20260530\RunArtifacts\runs\20260603-170336_46327b50f01a433d8bb3ad9d12fb1de2\logs\ExtractSeed02-11800.stdout.log; stderr=C:\Users\jimmy\Desktop\meta-bi\Samples\Demos\MetaOrchestrationHairballCliIntegration\Runs\hairball-seed-20260530\RunArtifacts\runs\20260603-170336_46327b50f01a433d8bb3ad9d12fb1de2\logs\ExtractSeed02-11800.stderr.log
2026-06-03T17:03:37.2371904+00:00	WorkerEvent	ExtractSeed01	WorkerOnline; ExitCode=0; online
2026-06-03T17:03:37.2455109+00:00	WorkerStarting	ExtractSeed03	meta-pipeline
2026-06-03T17:03:37.3407591+00:00	WorkerStarted	ExtractSeed03	9712
2026-06-03T17:03:37.3411676+00:00	WorkerControlPipe	ExtractSeed03	meta-orchestration-5cec6d35bc6e4f85af08fc221c41ecd1
2026-06-03T17:03:37.3414840+00:00	WorkerLog	ExtractSeed03	stdout=C:\Users\jimmy\Desktop\meta-bi\Samples\Demos\MetaOrchestrationHairballCliIntegration\Runs\hairball-seed-20260530\RunArtifacts\runs\20260603-170336_46327b50f01a433d8bb3ad9d12fb1de2\logs\ExtractSeed03-9712.stdout.log; stderr=C:\Users\jimmy\Desktop\meta-bi\Samples\Demos\MetaOrchestrationHairballCliIntegration\Runs\hairball-seed-20260530\RunArtifacts\runs\20260603-170336_46327b50f01a433d8bb3ad9d12fb1de2\logs\ExtractSeed03-9712.stderr.log
2026-06-03T17:03:37.3419929+00:00	WorkerEvent	ExtractSeed01	WorkerReady; ExitCode=0; ready
2026-06-03T17:03:37.3479499+00:00	StartPipeline	ExtractSeed01	ExtractSeed01
2026-06-03T17:03:37.3490156+00:00	WorkerEvent	ExtractSeed02	WorkerOnline; ExitCode=0; online
2026-06-03T17:03:37.3499814+00:00	WorkerStarting	ExtractSeed04	meta-pipeline
2026-06-03T17:03:37.4794717+00:00	WorkerStarted	ExtractSeed04	27744
2026-06-03T17:03:37.4802449+00:00	WorkerControlPipe	ExtractSeed04	meta-orchestration-f32b0a9e33c144b7bd2c0e9e72e63d56
2026-06-03T17:03:37.4806907+00:00	WorkerLog	ExtractSeed04	stdout=C:\Users\jimmy\Desktop\meta-bi\Samples\Demos\MetaOrchestrationHairballCliIntegration\Runs\hairball-seed-20260530\RunArtifacts\runs\20260603-170336_46327b50f01a433d8bb3ad9d12fb1de2\logs\ExtractSeed04-27744.stdout.log; stderr=C:\Users\jimmy\Desktop\meta-bi\Samples\Demos\MetaOrchestrationHairballCliIntegration\Runs\hairball-seed-20260530\RunArtifacts\runs\20260603-170336_46327b50f01a433d8bb3ad9d12fb1de2\logs\ExtractSeed04-27744.stderr.log
2026-06-03T17:03:37.4812059+00:00	WorkerEvent	ExtractSeed02	WorkerReady; ExitCode=0; ready
2026-06-03T17:03:37.4827845+00:00	StartPipeline	ExtractSeed02	ExtractSeed02
2026-06-03T17:03:37.4835513+00:00	WorkerEvent	ExtractSeed03	WorkerOnline; ExitCode=0; online
2026-06-03T17:03:37.4844930+00:00	WorkerStarting	ExtractSeed05	meta-pipeline
2026-06-03T17:03:37.6003172+00:00	WorkerStarted	ExtractSeed05	28836
2026-06-03T17:03:37.6008299+00:00	WorkerControlPipe	ExtractSeed05	meta-orchestration-eb92ca565af5464bb6cd19144dcd6f27
2026-06-03T17:03:37.6012018+00:00	WorkerLog	ExtractSeed05	stdout=C:\Users\jimmy\Desktop\meta-bi\Samples\Demos\MetaOrchestrationHairballCliIntegration\Runs\hairball-seed-20260530\RunArtifacts\runs\20260603-170336_46327b50f01a433d8bb3ad9d12fb1de2\logs\ExtractSeed05-28836.stdout.log; stderr=C:\Users\jimmy\Desktop\meta-bi\Samples\Demos\MetaOrchestrationHairballCliIntegration\Runs\hairball-seed-20260530\RunArtifacts\runs\20260603-170336_46327b50f01a433d8bb3ad9d12fb1de2\logs\ExtractSeed05-28836.stderr.log
2026-06-03T17:03:37.6016694+00:00	WorkerEvent	ExtractSeed03	WorkerReady; ExitCode=0; ready
2026-06-03T17:03:37.6025148+00:00	StartPipeline	ExtractSeed03	ExtractSeed03
2026-06-03T17:03:37.6031911+00:00	WorkerEvent	ExtractSeed04	WorkerOnline; ExitCode=0; online
2026-06-03T17:03:37.6041733+00:00	WorkerStarting	ExtractSeed06	meta-pipeline
2026-06-03T17:03:38.5698824+00:00	WorkerStarted	ExtractSeed06	27072
2026-06-03T17:03:38.5702733+00:00	WorkerControlPipe	ExtractSeed06	meta-orchestration-58117ccbfe5548c4b86e908b48905ace
2026-06-03T17:03:38.5705281+00:00	WorkerLog	ExtractSeed06	stdout=C:\Users\jimmy\Desktop\meta-bi\Samples\Demos\MetaOrchestrationHairballCliIntegration\Runs\hairball-seed-20260530\RunArtifacts\runs\20260603-170336_46327b50f01a433d8bb3ad9d12fb1de2\logs\ExtractSeed06-27072.stdout.log; stderr=C:\Users\jimmy\Desktop\meta-bi\Samples\Demos\MetaOrchestrationHairballCliIntegration\Runs\hairball-seed-20260530\RunArtifacts\runs\20260603-170336_46327b50f01a433d8bb3ad9d12fb1de2\logs\ExtractSeed06-27072.stderr.log
2026-06-03T17:03:38.5708881+00:00	WorkerEvent	ExtractSeed04	WorkerReady; ExitCode=0; ready
2026-06-03T17:03:38.5720787+00:00	StartPipeline	ExtractSeed04	ExtractSeed04
2026-06-03T17:03:38.5736616+00:00	WorkerEvent	ExtractSeed01	PipelineStarted; ExitCode=0; pipeline started
2026-06-03T17:03:38.5747577+00:00	WorkerEvent	ExtractSeed02	PipelineStarted; ExitCode=0; pipeline started
2026-06-03T17:03:38.5756358+00:00	WorkerEvent	ExtractSeed03	PipelineStarted; ExitCode=0; pipeline started
2026-06-03T17:03:38.5762730+00:00	WorkerEvent	ExtractSeed05	WorkerOnline; ExitCode=0; online
2026-06-03T17:03:38.5770203+00:00	WorkerEvent	ExtractSeed06	WorkerOnline; ExitCode=0; online
2026-06-03T17:03:38.5782067+00:00	WorkerStarting	ExtractSeed07	meta-pipeline
2026-06-03T17:03:39.5876833+00:00	WorkerStarted	ExtractSeed07	27004
2026-06-03T17:03:39.5890359+00:00	WorkerControlPipe	ExtractSeed07	meta-orchestration-ba1bb200c4a44e69a5aa5615d2e434f0
2026-06-03T17:03:39.5904072+00:00	WorkerLog	ExtractSeed07	stdout=C:\Users\jimmy\Desktop\meta-bi\Samples\Demos\MetaOrchestrationHairballCliIntegration\Runs\hairball-seed-20260530\RunArtifacts\runs\20260603-170336_46327b50f01a433d8bb3ad9d12fb1de2\logs\ExtractSeed07-27004.stdout.log; stderr=C:\Users\jimmy\Desktop\meta-bi\Samples\Demos\MetaOrchestrationHairballCliIntegration\Runs\hairball-seed-20260530\RunArtifacts\runs\20260603-170336_46327b50f01a433d8bb3ad9d12fb1de2\logs\ExtractSeed07-27004.stderr.log
2026-06-03T17:03:39.5919472+00:00	WorkerEvent	ExtractSeed01.extract-seed-01	TaskReady; ExitCode=0; 
2026-06-03T17:03:39.5946239+00:00	WorkerEvent	ExtractSeed02.extract-seed-02	TaskReady; ExitCode=0; 
2026-06-03T17:03:39.5952045+00:00	WorkerEvent	ExtractSeed03.extract-seed-03	TaskReady; ExitCode=0; 
2026-06-03T17:03:39.5956080+00:00	WorkerEvent	ExtractSeed05	WorkerReady; ExitCode=0; ready
2026-06-03T17:03:39.5965433+00:00	StartPipeline	ExtractSeed05	ExtractSeed05
2026-06-03T17:03:39.5969631+00:00	WorkerEvent	ExtractSeed04	PipelineStarted; ExitCode=0; pipeline started
2026-06-03T17:03:39.5975496+00:00	WorkerEvent	ExtractSeed06	WorkerReady; ExitCode=0; ready
2026-06-03T17:03:39.5981791+00:00	StartPipeline	ExtractSeed06	ExtractSeed06
2026-06-03T17:03:39.5985711+00:00	WorkerEvent	ExtractSeed04.extract-seed-04	TaskReady; ExitCode=0; 
2026-06-03T17:03:39.5990452+00:00	WorkerEvent	ExtractSeed07	WorkerOnline; ExitCode=0; online
2026-06-03T17:03:39.6091065+00:00	GrantTask	ExtractSeed01.extract-seed-01	ExtractSeed01.extract-seed-01; GrantId=grant-1; Attempt=1
2026-06-03T17:03:39.6099225+00:00	GrantTask	ExtractSeed02.extract-seed-02	ExtractSeed02.extract-seed-02; GrantId=grant-2; Attempt=1
2026-06-03T17:03:39.6105018+00:00	GrantTask	ExtractSeed03.extract-seed-03	ExtractSeed03.extract-seed-03; GrantId=grant-3; Attempt=1
2026-06-03T17:03:39.6109762+00:00	GrantTask	ExtractSeed04.extract-seed-04	ExtractSeed04.extract-seed-04; GrantId=grant-4; Attempt=1
2026-06-03T17:03:39.6113398+00:00	WorkerStarting	ExtractSeed08	meta-pipeline
2026-06-03T17:03:40.6020114+00:00	WorkerStarted	ExtractSeed08	22204
2026-06-03T17:03:40.6048675+00:00	WorkerControlPipe	ExtractSeed08	meta-orchestration-f835c8e3ce434f7f94eaa37559ab6596
2026-06-03T17:03:40.6058500+00:00	WorkerLog	ExtractSeed08	stdout=C:\Users\jimmy\Desktop\meta-bi\Samples\Demos\MetaOrchestrationHairballCliIntegration\Runs\hairball-seed-20260530\RunArtifacts\runs\20260603-170336_46327b50f01a433d8bb3ad9d12fb1de2\logs\ExtractSeed08-22204.stdout.log; stderr=C:\Users\jimmy\Desktop\meta-bi\Samples\Demos\MetaOrchestrationHairballCliIntegration\Runs\hairball-seed-20260530\RunArtifacts\runs\20260603-170336_46327b50f01a433d8bb3ad9d12fb1de2\logs\ExtractSeed08-22204.stderr.log
2026-06-03T17:03:40.6072990+00:00	WorkerEvent	ExtractSeed01.extract-seed-01	GrantAccepted; ExitCode=0; 
2026-06-03T17:03:40.6114119+00:00	WorkerEvent	ExtractSeed02.extract-seed-02	GrantAccepted; ExitCode=0; 
2026-06-03T17:03:40.6121047+00:00	WorkerEvent	ExtractSeed03.extract-seed-03	GrantAccepted; ExitCode=0; 
2026-06-03T17:03:40.6126554+00:00	WorkerEvent	ExtractSeed04.extract-seed-04	GrantAccepted; ExitCode=0; 
2026-06-03T17:03:40.6130966+00:00	WorkerEvent	ExtractSeed07	WorkerReady; ExitCode=0; ready
2026-06-03T17:03:40.6136629+00:00	StartPipeline	ExtractSeed07	ExtractSeed07
2026-06-03T17:03:40.6142359+00:00	WorkerEvent	ExtractSeed01.extract-seed-01	TaskStarted; ExitCode=0; 
2026-06-03T17:03:40.6155785+00:00	WorkerEvent	ExtractSeed02.extract-seed-02	TaskStarted; ExitCode=0; 
2026-06-03T17:03:40.6162034+00:00	WorkerEvent	ExtractSeed03.extract-seed-03	TaskStarted; ExitCode=0; 
2026-06-03T17:03:40.6166351+00:00	WorkerEvent	ExtractSeed04.extract-seed-04	TaskStarted; ExitCode=0; 
2026-06-03T17:03:40.6170855+00:00	WorkerEvent	ExtractSeed05	PipelineStarted; ExitCode=0; pipeline started
2026-06-03T17:03:40.6177247+00:00	WorkerEvent	ExtractSeed06	PipelineStarted; ExitCode=0; pipeline started
2026-06-03T17:03:40.6185816+00:00	WorkerEvent	ExtractSeed08	WorkerOnline; ExitCode=0; online
2026-06-03T17:03:40.6229709+00:00	WorkerStarting	AuditHairball	meta-pipeline
2026-06-03T17:03:40.9893222+00:00	WorkerStarted	AuditHairball	31268
2026-06-03T17:03:40.9899890+00:00	WorkerControlPipe	AuditHairball	meta-orchestration-861266ce73b048fb8a81c8fc4e915893
2026-06-03T17:03:40.9903424+00:00	WorkerLog	AuditHairball	stdout=C:\Users\jimmy\Desktop\meta-bi\Samples\Demos\MetaOrchestrationHairballCliIntegration\Runs\hairball-seed-20260530\RunArtifacts\runs\20260603-170336_46327b50f01a433d8bb3ad9d12fb1de2\logs\AuditHairball-31268.stdout.log; stderr=C:\Users\jimmy\Desktop\meta-bi\Samples\Demos\MetaOrchestrationHairballCliIntegration\Runs\hairball-seed-20260530\RunArtifacts\runs\20260603-170336_46327b50f01a433d8bb3ad9d12fb1de2\logs\AuditHairball-31268.stderr.log
2026-06-03T17:03:40.9908241+00:00	WorkerEvent	ExtractSeed01.extract-seed-01	TaskSucceeded; ExitCode=0; 
2026-06-03T17:03:40.9959819+00:00	TaskSucceeded	ExtractSeed01.extract-seed-01	0
2026-06-03T17:03:40.9964828+00:00	WorkerEvent	ExtractSeed03.extract-seed-03	TaskSucceeded; ExitCode=0; 
2026-06-03T17:03:40.9973024+00:00	TaskSucceeded	ExtractSeed03.extract-seed-03	0
2026-06-03T17:03:40.9980076+00:00	WorkerEvent	ExtractSeed04.extract-seed-04	TaskSucceeded; ExitCode=0; 
2026-06-03T17:03:40.9985432+00:00	TaskSucceeded	ExtractSeed04.extract-seed-04	0
2026-06-03T17:03:40.9989510+00:00	WorkerEvent	ExtractSeed05.extract-seed-05	TaskReady; ExitCode=0; 
2026-06-03T17:03:40.9997769+00:00	WorkerEvent	ExtractSeed06.extract-seed-06	TaskReady; ExitCode=0; 
2026-06-03T17:03:41.0003447+00:00	WorkerEvent	ExtractSeed08	WorkerReady; ExitCode=0; ready
2026-06-03T17:03:41.0008982+00:00	StartPipeline	ExtractSeed08	ExtractSeed08
2026-06-03T17:03:41.0013720+00:00	WorkerEvent	AuditHairball	WorkerOnline; ExitCode=0; online
2026-06-03T17:03:41.0037229+00:00	GrantTask	ExtractSeed05.extract-seed-05	ExtractSeed05.extract-seed-05; GrantId=grant-5; Attempt=1
2026-06-03T17:03:41.0042316+00:00	GrantTask	ExtractSeed06.extract-seed-06	ExtractSeed06.extract-seed-06; GrantId=grant-6; Attempt=1
2026-06-03T17:03:41.0046519+00:00	WorkerStarting	BridgeL01L02	meta-pipeline
2026-06-03T17:03:41.0892669+00:00	WorkerStarted	BridgeL01L02	28176
2026-06-03T17:03:41.0895723+00:00	WorkerControlPipe	BridgeL01L02	meta-orchestration-958b2de7939b4b9eab368ef5f80a2c16
2026-06-03T17:03:41.0898816+00:00	WorkerLog	BridgeL01L02	stdout=C:\Users\jimmy\Desktop\meta-bi\Samples\Demos\MetaOrchestrationHairballCliIntegration\Runs\hairball-seed-20260530\RunArtifacts\runs\20260603-170336_46327b50f01a433d8bb3ad9d12fb1de2\logs\BridgeL01L02-28176.stdout.log; stderr=C:\Users\jimmy\Desktop\meta-bi\Samples\Demos\MetaOrchestrationHairballCliIntegration\Runs\hairball-seed-20260530\RunArtifacts\runs\20260603-170336_46327b50f01a433d8bb3ad9d12fb1de2\logs\BridgeL01L02-28176.stderr.log
2026-06-03T17:03:41.0901898+00:00	WorkerEvent	ExtractSeed02.extract-seed-02	TaskSucceeded; ExitCode=0; 
2026-06-03T17:03:41.0906577+00:00	TaskSucceeded	ExtractSeed02.extract-seed-02	0
2026-06-03T17:03:41.0908858+00:00	WorkerEvent	ExtractSeed05.extract-seed-05	GrantAccepted; ExitCode=0; 
2026-06-03T17:03:41.0913406+00:00	WorkerEvent	ExtractSeed06.extract-seed-06	GrantAccepted; ExitCode=0; 
2026-06-03T17:03:41.0919450+00:00	WorkerEvent	ExtractSeed05.extract-seed-05	TaskStarted; ExitCode=0; 
2026-06-03T17:03:41.0924381+00:00	WorkerEvent	ExtractSeed06.extract-seed-06	TaskStarted; ExitCode=0; 
2026-06-03T17:03:41.0929359+00:00	WorkerEvent	AuditHairball	WorkerReady; ExitCode=0; ready
2026-06-03T17:03:41.0934338+00:00	StartPipeline	AuditHairball	AuditHairball
2026-06-03T17:03:41.0950422+00:00	WorkerStarting	BridgeL03L04	meta-pipeline
2026-06-03T17:03:41.2021068+00:00	WorkerStarted	BridgeL03L04	22016
2026-06-03T17:03:41.2026300+00:00	WorkerControlPipe	BridgeL03L04	meta-orchestration-33789e1349c94fddaf339bc87952257b
2026-06-03T17:03:41.2034686+00:00	WorkerLog	BridgeL03L04	stdout=C:\Users\jimmy\Desktop\meta-bi\Samples\Demos\MetaOrchestrationHairballCliIntegration\Runs\hairball-seed-20260530\RunArtifacts\runs\20260603-170336_46327b50f01a433d8bb3ad9d12fb1de2\logs\BridgeL03L04-22016.stdout.log; stderr=C:\Users\jimmy\Desktop\meta-bi\Samples\Demos\MetaOrchestrationHairballCliIntegration\Runs\hairball-seed-20260530\RunArtifacts\runs\20260603-170336_46327b50f01a433d8bb3ad9d12fb1de2\logs\BridgeL03L04-22016.stderr.log
2026-06-03T17:03:41.2046732+00:00	WorkerEvent	BridgeL01L02	WorkerOnline; ExitCode=0; online
2026-06-03T17:03:41.2068449+00:00	WorkerStarting	BridgeL05L06	meta-pipeline
2026-06-03T17:03:41.5792013+00:00	WorkerStarted	BridgeL05L06	30768
2026-06-03T17:03:41.5797036+00:00	WorkerControlPipe	BridgeL05L06	meta-orchestration-661ca03c615e4295880103a14f15cc50
2026-06-03T17:03:41.5800808+00:00	WorkerLog	BridgeL05L06	stdout=C:\Users\jimmy\Desktop\meta-bi\Samples\Demos\MetaOrchestrationHairballCliIntegration\Runs\hairball-seed-20260530\RunArtifacts\runs\20260603-170336_46327b50f01a433d8bb3ad9d12fb1de2\logs\BridgeL05L06-30768.stdout.log; stderr=C:\Users\jimmy\Desktop\meta-bi\Samples\Demos\MetaOrchestrationHairballCliIntegration\Runs\hairball-seed-20260530\RunArtifacts\runs\20260603-170336_46327b50f01a433d8bb3ad9d12fb1de2\logs\BridgeL05L06-30768.stderr.log
2026-06-03T17:03:41.5805884+00:00	WorkerEvent	BridgeL03L04	WorkerOnline; ExitCode=0; online
2026-06-03T17:03:41.5813357+00:00	WorkerEvent	BridgeL01L02	WorkerReady; ExitCode=0; ready
2026-06-03T17:03:41.5830603+00:00	StartPipeline	BridgeL01L02	BridgeL01L02
2026-06-03T17:03:41.5845211+00:00	WorkerEvent	BridgeL03L04	WorkerReady; ExitCode=0; ready
2026-06-03T17:03:41.5935378+00:00	StartPipeline	BridgeL03L04	BridgeL03L04
2026-06-03T17:03:41.5944971+00:00	WorkerEvent	BridgeL05L06	WorkerOnline; ExitCode=0; online
2026-06-03T17:03:41.5951317+00:00	WorkerEvent	ExtractSeed05.extract-seed-05	TaskSucceeded; ExitCode=0; 
2026-06-03T17:03:41.5956727+00:00	TaskSucceeded	ExtractSeed05.extract-seed-05	0
2026-06-03T17:03:41.5960805+00:00	WorkerEvent	BridgeL05L06	WorkerReady; ExitCode=0; ready
2026-06-03T17:03:41.6003073+00:00	StartPipeline	BridgeL05L06	BridgeL05L06
2026-06-03T17:03:41.6034516+00:00	WorkerEvent	ExtractSeed06.extract-seed-06	TaskSucceeded; ExitCode=0; 
2026-06-03T17:03:41.6039949+00:00	TaskSucceeded	ExtractSeed06.extract-seed-06	0
2026-06-03T17:03:41.6044917+00:00	WorkerEvent	ExtractSeed07	PipelineStarted; ExitCode=0; pipeline started
2026-06-03T17:03:41.6166348+00:00	WorkerEvent	ExtractSeed07.extract-seed-07	TaskReady; ExitCode=0; 
2026-06-03T17:03:41.6187610+00:00	GrantTask	ExtractSeed07.extract-seed-07	ExtractSeed07.extract-seed-07; GrantId=grant-7; Attempt=1
2026-06-03T17:03:41.6217213+00:00	WorkerEvent	ExtractSeed07.extract-seed-07	GrantAccepted; ExitCode=0; 
2026-06-03T17:03:41.6252514+00:00	WorkerEvent	ExtractSeed07.extract-seed-07	TaskStarted; ExitCode=0; 
2026-06-03T17:03:41.6955162+00:00	WorkerEvent	ExtractSeed08	PipelineStarted; ExitCode=0; pipeline started
2026-06-03T17:03:41.6978799+00:00	WorkerEvent	ExtractSeed08.extract-seed-08	TaskReady; ExitCode=0; 
2026-06-03T17:03:41.6999549+00:00	GrantTask	ExtractSeed08.extract-seed-08	ExtractSeed08.extract-seed-08; GrantId=grant-8; Attempt=1
2026-06-03T17:03:41.7003511+00:00	WorkerEvent	ExtractSeed08.extract-seed-08	GrantAccepted; ExitCode=0; 
2026-06-03T17:03:41.7022005+00:00	WorkerEvent	ExtractSeed08.extract-seed-08	TaskStarted; ExitCode=0; 
2026-06-03T17:03:41.7307007+00:00	WorkerEvent	AuditHairball	PipelineStarted; ExitCode=0; pipeline started
2026-06-03T17:03:41.7331974+00:00	WorkerEvent	AuditHairball.audit-hairball	TaskReady; ExitCode=0; 
2026-06-03T17:03:42.0148559+00:00	WorkerEvent	ExtractSeed07.extract-seed-07	TaskSucceeded; ExitCode=0; 
2026-06-03T17:03:42.0155715+00:00	TaskSucceeded	ExtractSeed07.extract-seed-07	0
2026-06-03T17:03:42.0175208+00:00	WorkerDeferredForCapacity	AuditHairball	Deferred by orchestration to honor max active worker process capacity.
2026-06-03T17:03:42.0180111+00:00	StopPipeline	AuditHairball	Deferred by orchestration to honor max active worker process capacity.
2026-06-03T17:03:42.0375029+00:00	WorkerEvent	AuditHairball	Closed; ExitCode=0; 
2026-06-03T17:03:42.0411382+00:00	WorkerDeferred	AuditHairball	ResumeTaskId=AuditHairball.audit-hairball
2026-06-03T17:03:42.0419943+00:00	WorkerStarting	Layer01Node06	meta-pipeline
2026-06-03T17:03:42.1351230+00:00	WorkerStarted	Layer01Node06	29104
2026-06-03T17:03:42.1354766+00:00	WorkerControlPipe	Layer01Node06	meta-orchestration-4e4f5a6cadb348de90ad16d1aa540fc2
2026-06-03T17:03:42.1358453+00:00	WorkerLog	Layer01Node06	stdout=C:\Users\jimmy\Desktop\meta-bi\Samples\Demos\MetaOrchestrationHairballCliIntegration\Runs\hairball-seed-20260530\RunArtifacts\runs\20260603-170336_46327b50f01a433d8bb3ad9d12fb1de2\logs\Layer01Node06-29104.stdout.log; stderr=C:\Users\jimmy\Desktop\meta-bi\Samples\Demos\MetaOrchestrationHairballCliIntegration\Runs\hairball-seed-20260530\RunArtifacts\runs\20260603-170336_46327b50f01a433d8bb3ad9d12fb1de2\logs\Layer01Node06-29104.stderr.log
2026-06-03T17:03:42.1362275+00:00	WorkerEvent	ExtractSeed07	Closed; ExitCode=0; 
2026-06-03T17:03:42.1381975+00:00	WorkerEvent	ExtractSeed08.extract-seed-08	TaskSucceeded; ExitCode=0; 
2026-06-03T17:03:42.1388839+00:00	TaskSucceeded	ExtractSeed08.extract-seed-08	0
2026-06-03T17:03:42.1393220+00:00	WorkerStarting	Layer01Node01	meta-pipeline
2026-06-03T17:03:42.2238743+00:00	WorkerStarted	Layer01Node01	18348
2026-06-03T17:03:42.2242000+00:00	WorkerControlPipe	Layer01Node01	meta-orchestration-7e2eb0b7d49542eb8023d3159e5d10ec
2026-06-03T17:03:42.2244765+00:00	WorkerLog	Layer01Node01	stdout=C:\Users\jimmy\Desktop\meta-bi\Samples\Demos\MetaOrchestrationHairballCliIntegration\Runs\hairball-seed-20260530\RunArtifacts\runs\20260603-170336_46327b50f01a433d8bb3ad9d12fb1de2\logs\Layer01Node01-18348.stdout.log; stderr=C:\Users\jimmy\Desktop\meta-bi\Samples\Demos\MetaOrchestrationHairballCliIntegration\Runs\hairball-seed-20260530\RunArtifacts\runs\20260603-170336_46327b50f01a433d8bb3ad9d12fb1de2\logs\Layer01Node01-18348.stderr.log
2026-06-03T17:03:42.2247945+00:00	WorkerEvent	Layer01Node06	WorkerOnline; ExitCode=0; online
2026-06-03T17:03:42.2256448+00:00	WorkerEvent	Layer01Node06	WorkerReady; ExitCode=0; ready
2026-06-03T17:03:42.2290341+00:00	StartPipeline	Layer01Node06	Layer01Node06
2026-06-03T17:03:42.2425666+00:00	WorkerEvent	Layer01Node01	WorkerOnline; ExitCode=0; online
2026-06-03T17:03:42.2443841+00:00	WorkerEvent	Layer01Node01	WorkerReady; ExitCode=0; ready
2026-06-03T17:03:42.2475496+00:00	StartPipeline	Layer01Node01	Layer01Node01
2026-06-03T17:03:42.3454315+00:00	WorkerEvent	BridgeL03L04	PipelineStarted; ExitCode=0; pipeline started
2026-06-03T17:03:42.3476918+00:00	WorkerEvent	BridgeL03L04.bridge-l03-l04-collect	TaskReady; ExitCode=0; 
2026-06-03T17:03:42.3509548+00:00	WorkerDeferredForCapacity	BridgeL03L04	Deferred by orchestration to honor max active worker process capacity.
2026-06-03T17:03:42.3513669+00:00	StopPipeline	BridgeL03L04	Deferred by orchestration to honor max active worker process capacity.
2026-06-03T17:03:42.3532679+00:00	WorkerEvent	BridgeL01L02	PipelineStarted; ExitCode=0; pipeline started
2026-06-03T17:03:42.3554409+00:00	WorkerEvent	BridgeL01L02.bridge-l01-l02-collect	TaskReady; ExitCode=0; 
2026-06-03T17:03:42.3563386+00:00	WorkerDeferredForCapacity	BridgeL01L02	Deferred by orchestration to honor max active worker process capacity.
2026-06-03T17:03:42.3566269+00:00	StopPipeline	BridgeL01L02	Deferred by orchestration to honor max active worker process capacity.
2026-06-03T17:03:42.3592450+00:00	WorkerEvent	BridgeL05L06	PipelineStarted; ExitCode=0; pipeline started
2026-06-03T17:03:42.3618354+00:00	WorkerEvent	BridgeL05L06.bridge-l05-l06-collect	TaskReady; ExitCode=0; 
2026-06-03T17:03:42.3627095+00:00	WorkerDeferredForCapacity	BridgeL05L06	Deferred by orchestration to honor max active worker process capacity.
2026-06-03T17:03:42.3633659+00:00	StopPipeline	BridgeL05L06	Deferred by orchestration to honor max active worker process capacity.
2026-06-03T17:03:42.3735224+00:00	WorkerEvent	BridgeL03L04	Closed; ExitCode=0; 
2026-06-03T17:03:42.3742853+00:00	WorkerDeferred	BridgeL03L04	ResumeTaskId=BridgeL03L04.bridge-l03-l04-collect
2026-06-03T17:03:42.3748741+00:00	WorkerStarting	Layer01Node07	meta-pipeline
2026-06-03T17:03:42.4594119+00:00	WorkerStarted	Layer01Node07	18780
2026-06-03T17:03:42.4597519+00:00	WorkerControlPipe	Layer01Node07	meta-orchestration-31b02d8342e24400b0771021bbd91cae
2026-06-03T17:03:42.4600457+00:00	WorkerLog	Layer01Node07	stdout=C:\Users\jimmy\Desktop\meta-bi\Samples\Demos\MetaOrchestrationHairballCliIntegration\Runs\hairball-seed-20260530\RunArtifacts\runs\20260603-170336_46327b50f01a433d8bb3ad9d12fb1de2\logs\Layer01Node07-18780.stdout.log; stderr=C:\Users\jimmy\Desktop\meta-bi\Samples\Demos\MetaOrchestrationHairballCliIntegration\Runs\hairball-seed-20260530\RunArtifacts\runs\20260603-170336_46327b50f01a433d8bb3ad9d12fb1de2\logs\Layer01Node07-18780.stderr.log
2026-06-03T17:03:42.4604140+00:00	WorkerEvent	BridgeL05L06	Closed; ExitCode=0; 
2026-06-03T17:03:42.4609839+00:00	WorkerDeferred	BridgeL05L06	ResumeTaskId=BridgeL05L06.bridge-l05-l06-collect
2026-06-03T17:03:42.4613762+00:00	WorkerEvent	BridgeL01L02	Closed; ExitCode=0; 
2026-06-03T17:03:42.4619259+00:00	WorkerDeferred	BridgeL01L02	ResumeTaskId=BridgeL01L02.bridge-l01-l02-collect
2026-06-03T17:03:42.4624378+00:00	WorkerStarting	Layer03Node09	meta-pipeline
2026-06-03T17:03:42.5456133+00:00	WorkerStarted	Layer03Node09	7780
2026-06-03T17:03:42.5459610+00:00	WorkerControlPipe	Layer03Node09	meta-orchestration-0e5ac3f085784609b87e6c7ac02d1a6e
2026-06-03T17:03:42.5462199+00:00	WorkerLog	Layer03Node09	stdout=C:\Users\jimmy\Desktop\meta-bi\Samples\Demos\MetaOrchestrationHairballCliIntegration\Runs\hairball-seed-20260530\RunArtifacts\runs\20260603-170336_46327b50f01a433d8bb3ad9d12fb1de2\logs\Layer03Node09-7780.stdout.log; stderr=C:\Users\jimmy\Desktop\meta-bi\Samples\Demos\MetaOrchestrationHairballCliIntegration\Runs\hairball-seed-20260530\RunArtifacts\runs\20260603-170336_46327b50f01a433d8bb3ad9d12fb1de2\logs\Layer03Node09-7780.stderr.log
2026-06-03T17:03:42.5465165+00:00	WorkerEvent	Layer01Node07	WorkerOnline; ExitCode=0; online
2026-06-03T17:03:42.5477455+00:00	WorkerResuming	AuditHairball	ResumeTaskId=AuditHairball.audit-hairball; Executable=meta-pipeline
2026-06-03T17:03:42.6377070+00:00	WorkerStarted	AuditHairball	6632
2026-06-03T17:03:42.6381621+00:00	WorkerControlPipe	AuditHairball	meta-orchestration-1167630fc2194562944ea2f41503971a
2026-06-03T17:03:42.6385273+00:00	WorkerLog	AuditHairball	stdout=C:\Users\jimmy\Desktop\meta-bi\Samples\Demos\MetaOrchestrationHairballCliIntegration\Runs\hairball-seed-20260530\RunArtifacts\runs\20260603-170336_46327b50f01a433d8bb3ad9d12fb1de2\logs\AuditHairball-6632.stdout.log; stderr=C:\Users\jimmy\Desktop\meta-bi\Samples\Demos\MetaOrchestrationHairballCliIntegration\Runs\hairball-seed-20260530\RunArtifacts\runs\20260603-170336_46327b50f01a433d8bb3ad9d12fb1de2\logs\AuditHairball-6632.stderr.log
2026-06-03T17:03:42.6389178+00:00	WorkerEvent	Layer01Node07	WorkerReady; ExitCode=0; ready
2026-06-03T17:03:42.6395833+00:00	StartPipeline	Layer01Node07	Layer01Node07
2026-06-03T17:03:42.6401636+00:00	WorkerEvent	Layer03Node09	WorkerOnline; ExitCode=0; online
2026-06-03T17:03:42.6418381+00:00	WorkerEvent	Layer03Node09	WorkerReady; ExitCode=0; ready
2026-06-03T17:03:42.6444086+00:00	StartPipeline	Layer03Node09	Layer03Node09
2026-06-03T17:03:42.6642968+00:00	WorkerEvent	AuditHairball	WorkerOnline; ExitCode=0; online
2026-06-03T17:03:42.6666640+00:00	WorkerEvent	AuditHairball	WorkerReady; ExitCode=0; ready
2026-06-03T17:03:42.6700686+00:00	StartPipeline	AuditHairball	AuditHairball
2026-06-03T17:03:42.7961929+00:00	WorkerEvent	Layer01Node06	PipelineStarted; ExitCode=0; pipeline started
2026-06-03T17:03:42.7987962+00:00	WorkerEvent	Layer01Node06.refresh-l01-n06	TaskReady; ExitCode=0; 
2026-06-03T17:03:42.8015847+00:00	GrantTask	Layer01Node06.refresh-l01-n06	Layer01Node06.refresh-l01-n06; GrantId=grant-9; Attempt=1
2026-06-03T17:03:42.8041453+00:00	WorkerEvent	Layer01Node06.refresh-l01-n06	GrantAccepted; ExitCode=0; 
2026-06-03T17:03:42.8074978+00:00	WorkerEvent	Layer01Node06.refresh-l01-n06	TaskStarted; ExitCode=0; 
2026-06-03T17:03:42.8329162+00:00	WorkerEvent	Layer01Node01	PipelineStarted; ExitCode=0; pipeline started
2026-06-03T17:03:42.8362226+00:00	WorkerEvent	Layer01Node01.export-l01-n01	TaskReady; ExitCode=0; 
2026-06-03T17:03:42.8395584+00:00	GrantTask	Layer01Node01.export-l01-n01	Layer01Node01.export-l01-n01; GrantId=grant-10; Attempt=1
2026-06-03T17:03:42.8412520+00:00	WorkerEvent	Layer01Node01.export-l01-n01	GrantAccepted; ExitCode=0; 
2026-06-03T17:03:42.8430612+00:00	WorkerEvent	Layer01Node01.export-l01-n01	TaskStarted; ExitCode=0; 
2026-06-03T17:03:43.2052185+00:00	WorkerEvent	Layer03Node09	PipelineStarted; ExitCode=0; pipeline started
2026-06-03T17:03:43.2075298+00:00	WorkerEvent	Layer03Node09.refresh-l03-n09	TaskReady; ExitCode=0; 
2026-06-03T17:03:43.2099726+00:00	GrantTask	Layer03Node09.refresh-l03-n09	Layer03Node09.refresh-l03-n09; GrantId=grant-11; Attempt=1
2026-06-03T17:03:43.2104604+00:00	WorkerEvent	Layer03Node09.refresh-l03-n09	GrantAccepted; ExitCode=0; 
2026-06-03T17:03:43.2109748+00:00	WorkerEvent	Layer01Node06.refresh-l01-n06	TaskSucceeded; ExitCode=0; 
2026-06-03T17:03:43.2114584+00:00	TaskSucceeded	Layer01Node06.refresh-l01-n06	0
2026-06-03T17:03:43.2120663+00:00	WorkerEvent	Layer03Node09.refresh-l03-n09	TaskStarted; ExitCode=0; 
2026-06-03T17:03:43.2284515+00:00	WorkerEvent	Layer01Node07	PipelineStarted; ExitCode=0; pipeline started
2026-06-03T17:03:43.2307482+00:00	WorkerEvent	Layer01Node07.refresh-l01-n07	TaskReady; ExitCode=0; 
2026-06-03T17:03:43.2322957+00:00	GrantTask	Layer01Node07.refresh-l01-n07	Layer01Node07.refresh-l01-n07; GrantId=grant-12; Attempt=1
2026-06-03T17:03:43.2327557+00:00	WorkerEvent	AuditHairball	PipelineStarted; ExitCode=0; pipeline started
2026-06-03T17:03:43.2332960+00:00	WorkerEvent	Layer01Node07.refresh-l01-n07	GrantAccepted; ExitCode=0; 
2026-06-03T17:03:43.2343301+00:00	WorkerEvent	Layer01Node07.refresh-l01-n07	TaskStarted; ExitCode=0; 
2026-06-03T17:03:43.2356448+00:00	WorkerEvent	AuditHairball.audit-hairball	TaskReady; ExitCode=0; 
2026-06-03T17:03:43.2368312+00:00	WorkerDeferredForCapacity	AuditHairball	Deferred by orchestration to honor max active worker process capacity.
2026-06-03T17:03:43.2372918+00:00	StopPipeline	AuditHairball	Deferred by orchestration to honor max active worker process capacity.
2026-06-03T17:03:43.2384735+00:00	WorkerEvent	Layer01Node06	Closed; ExitCode=0; 
2026-06-03T17:03:43.2390408+00:00	WorkerStarting	Layer02Node03	meta-pipeline
2026-06-03T17:03:43.3277365+00:00	WorkerStarted	Layer02Node03	31272
2026-06-03T17:03:43.3280598+00:00	WorkerControlPipe	Layer02Node03	meta-orchestration-9422fd3913bb4f248a9969274da1a7db
2026-06-03T17:03:43.3283022+00:00	WorkerLog	Layer02Node03	stdout=C:\Users\jimmy\Desktop\meta-bi\Samples\Demos\MetaOrchestrationHairballCliIntegration\Runs\hairball-seed-20260530\RunArtifacts\runs\20260603-170336_46327b50f01a433d8bb3ad9d12fb1de2\logs\Layer02Node03-31272.stdout.log; stderr=C:\Users\jimmy\Desktop\meta-bi\Samples\Demos\MetaOrchestrationHairballCliIntegration\Runs\hairball-seed-20260530\RunArtifacts\runs\20260603-170336_46327b50f01a433d8bb3ad9d12fb1de2\logs\Layer02Node03-31272.stderr.log
2026-06-03T17:03:43.3285522+00:00	WorkerEvent	AuditHairball	Closed; ExitCode=0; 
2026-06-03T17:03:43.3288628+00:00	WorkerDeferred	AuditHairball	ResumeTaskId=AuditHairball.audit-hairball
2026-06-03T17:03:43.3302257+00:00	WorkerResuming	AuditHairball	ResumeTaskId=AuditHairball.audit-hairball; Executable=meta-pipeline
2026-06-03T17:03:43.4110918+00:00	WorkerStarted	AuditHairball	520
2026-06-03T17:03:43.4114219+00:00	WorkerControlPipe	AuditHairball	meta-orchestration-073942a2e08a4a3bb174f8a202307e57
2026-06-03T17:03:43.4116882+00:00	WorkerLog	AuditHairball	stdout=C:\Users\jimmy\Desktop\meta-bi\Samples\Demos\MetaOrchestrationHairballCliIntegration\Runs\hairball-seed-20260530\RunArtifacts\runs\20260603-170336_46327b50f01a433d8bb3ad9d12fb1de2\logs\AuditHairball-520.stdout.log; stderr=C:\Users\jimmy\Desktop\meta-bi\Samples\Demos\MetaOrchestrationHairballCliIntegration\Runs\hairball-seed-20260530\RunArtifacts\runs\20260603-170336_46327b50f01a433d8bb3ad9d12fb1de2\logs\AuditHairball-520.stderr.log
2026-06-03T17:03:43.4120246+00:00	WorkerEvent	Layer01Node01.export-l01-n01	TaskSucceeded; ExitCode=0; 
2026-06-03T17:03:43.4124814+00:00	TaskSucceeded	Layer01Node01.export-l01-n01	0
2026-06-03T17:03:43.4127195+00:00	WorkerEvent	Layer02Node03	WorkerOnline; ExitCode=0; online
2026-06-03T17:03:43.4133155+00:00	WorkerEvent	Layer02Node03	WorkerReady; ExitCode=0; ready
2026-06-03T17:03:43.4166063+00:00	StartPipeline	Layer02Node03	Layer02Node03
2026-06-03T17:03:43.4342953+00:00	WorkerEvent	AuditHairball	WorkerOnline; ExitCode=0; online
2026-06-03T17:03:43.4363309+00:00	WorkerEvent	AuditHairball	WorkerReady; ExitCode=0; ready
2026-06-03T17:03:43.4398378+00:00	StartPipeline	AuditHairball	AuditHairball
2026-06-03T17:03:43.5387100+00:00	WorkerEvent	Layer03Node09.refresh-l03-n09	TaskSucceeded; ExitCode=0; 
2026-06-03T17:03:43.5393703+00:00	TaskSucceeded	Layer03Node09.refresh-l03-n09	0
2026-06-03T17:03:43.5621534+00:00	WorkerEvent	Layer03Node09	Closed; ExitCode=0; 
2026-06-03T17:03:43.5630827+00:00	WorkerStarting	Layer01Node02	meta-pipeline
2026-06-03T17:03:43.6464810+00:00	WorkerStarted	Layer01Node02	21612
2026-06-03T17:03:43.6467894+00:00	WorkerControlPipe	Layer01Node02	meta-orchestration-67eeb789bc4a47f6ab0fc874127bce7d
2026-06-03T17:03:43.6470260+00:00	WorkerLog	Layer01Node02	stdout=C:\Users\jimmy\Desktop\meta-bi\Samples\Demos\MetaOrchestrationHairballCliIntegration\Runs\hairball-seed-20260530\RunArtifacts\runs\20260603-170336_46327b50f01a433d8bb3ad9d12fb1de2\logs\Layer01Node02-21612.stdout.log; stderr=C:\Users\jimmy\Desktop\meta-bi\Samples\Demos\MetaOrchestrationHairballCliIntegration\Runs\hairball-seed-20260530\RunArtifacts\runs\20260603-170336_46327b50f01a433d8bb3ad9d12fb1de2\logs\Layer01Node02-21612.stderr.log
2026-06-03T17:03:43.6472731+00:00	WorkerEvent	Layer01Node07.refresh-l01-n07	TaskSucceeded; ExitCode=0; 
2026-06-03T17:03:43.6477036+00:00	TaskSucceeded	Layer01Node07.refresh-l01-n07	0
2026-06-03T17:03:43.6656832+00:00	WorkerEvent	Layer01Node02	WorkerOnline; ExitCode=0; online
2026-06-03T17:03:43.6675651+00:00	WorkerEvent	Layer01Node02	WorkerReady; ExitCode=0; ready
2026-06-03T17:03:43.6704856+00:00	StartPipeline	Layer01Node02	Layer01Node02
2026-06-03T17:03:43.8799586+00:00	WorkerEvent	AuditHairball	PipelineStarted; ExitCode=0; pipeline started
2026-06-03T17:03:43.8818218+00:00	WorkerEvent	AuditHairball.audit-hairball	TaskReady; ExitCode=0; 
2026-06-03T17:03:43.8823518+00:00	WorkerDeferredForCapacity	AuditHairball	Deferred by orchestration to honor max active worker process capacity.
2026-06-03T17:03:43.8825758+00:00	StopPipeline	AuditHairball	Deferred by orchestration to honor max active worker process capacity.
2026-06-03T17:03:43.8991897+00:00	WorkerEvent	AuditHairball	Closed; ExitCode=0; 
2026-06-03T17:03:43.8997322+00:00	WorkerDeferred	AuditHairball	ResumeTaskId=AuditHairball.audit-hairball
2026-06-03T17:03:43.9002536+00:00	WorkerStarting	Layer01Node04	meta-pipeline
2026-06-03T17:03:43.9741696+00:00	WorkerStarted	Layer01Node04	17144
2026-06-03T17:03:43.9745645+00:00	WorkerControlPipe	Layer01Node04	meta-orchestration-ea92bd1b04fe46efa91d154c9956101f
2026-06-03T17:03:43.9748246+00:00	WorkerLog	Layer01Node04	stdout=C:\Users\jimmy\Desktop\meta-bi\Samples\Demos\MetaOrchestrationHairballCliIntegration\Runs\hairball-seed-20260530\RunArtifacts\runs\20260603-170336_46327b50f01a433d8bb3ad9d12fb1de2\logs\Layer01Node04-17144.stdout.log; stderr=C:\Users\jimmy\Desktop\meta-bi\Samples\Demos\MetaOrchestrationHairballCliIntegration\Runs\hairball-seed-20260530\RunArtifacts\runs\20260603-170336_46327b50f01a433d8bb3ad9d12fb1de2\logs\Layer01Node04-17144.stderr.log
2026-06-03T17:03:43.9751053+00:00	WorkerEvent	Layer02Node03	PipelineStarted; ExitCode=0; pipeline started
2026-06-03T17:03:43.9763713+00:00	WorkerEvent	Layer02Node03.select-l02-n03	TaskReady; ExitCode=0; 
2026-06-03T17:03:43.9775283+00:00	GrantTask	Layer02Node03.select-l02-n03	Layer02Node03.select-l02-n03; GrantId=grant-13; Attempt=1
2026-06-03T17:03:43.9790030+00:00	WorkerEvent	Layer02Node03.select-l02-n03	GrantAccepted; ExitCode=0; 
2026-06-03T17:03:43.9806218+00:00	WorkerEvent	Layer02Node03.select-l02-n03	TaskStarted; ExitCode=0; 
2026-06-03T17:03:43.9907850+00:00	WorkerEvent	Layer01Node04	WorkerOnline; ExitCode=0; online
2026-06-03T17:03:43.9928387+00:00	WorkerEvent	Layer01Node04	WorkerReady; ExitCode=0; ready
2026-06-03T17:03:43.9960671+00:00	StartPipeline	Layer01Node04	Layer01Node04
2026-06-03T17:03:44.1495119+00:00	WorkerEvent	Layer01Node02	PipelineStarted; ExitCode=0; pipeline started
2026-06-03T17:03:44.1523929+00:00	WorkerEvent	Layer01Node02.select-l01-n02	TaskReady; ExitCode=0; 
2026-06-03T17:03:44.1553043+00:00	GrantTask	Layer01Node02.select-l01-n02	Layer01Node02.select-l01-n02; GrantId=grant-14; Attempt=1
2026-06-03T17:03:44.1557861+00:00	WorkerEvent	Layer01Node02.select-l01-n02	GrantAccepted; ExitCode=0; 
2026-06-03T17:03:44.1571731+00:00	WorkerEvent	Layer01Node02.select-l01-n02	TaskStarted; ExitCode=0; 
2026-06-03T17:03:44.3390983+00:00	WorkerEvent	Layer02Node03.select-l02-n03	TaskSucceeded; ExitCode=0; 
2026-06-03T17:03:44.3409006+00:00	TaskSucceeded	Layer02Node03.select-l02-n03	0
2026-06-03T17:03:44.3627236+00:00	WorkerEvent	Layer02Node03	Closed; ExitCode=0; 
2026-06-03T17:03:44.3645755+00:00	WorkerResuming	AuditHairball	ResumeTaskId=AuditHairball.audit-hairball; Executable=meta-pipeline
2026-06-03T17:03:44.4492775+00:00	WorkerStarted	AuditHairball	26492
2026-06-03T17:03:44.4496752+00:00	WorkerControlPipe	AuditHairball	meta-orchestration-458588adb5044a8ea0ef881c0aca67a5
2026-06-03T17:03:44.4499027+00:00	WorkerLog	AuditHairball	stdout=C:\Users\jimmy\Desktop\meta-bi\Samples\Demos\MetaOrchestrationHairballCliIntegration\Runs\hairball-seed-20260530\RunArtifacts\runs\20260603-170336_46327b50f01a433d8bb3ad9d12fb1de2\logs\AuditHairball-26492.stdout.log; stderr=C:\Users\jimmy\Desktop\meta-bi\Samples\Demos\MetaOrchestrationHairballCliIntegration\Runs\hairball-seed-20260530\RunArtifacts\runs\20260603-170336_46327b50f01a433d8bb3ad9d12fb1de2\logs\AuditHairball-26492.stderr.log
2026-06-03T17:03:44.4653027+00:00	WorkerEvent	AuditHairball	WorkerOnline; ExitCode=0; online
2026-06-03T17:03:44.4673605+00:00	WorkerEvent	AuditHairball	WorkerReady; ExitCode=0; ready
2026-06-03T17:03:44.4695424+00:00	StartPipeline	AuditHairball	AuditHairball
2026-06-03T17:03:44.5042498+00:00	WorkerEvent	Layer01Node04	PipelineStarted; ExitCode=0; pipeline started
2026-06-03T17:03:44.5058890+00:00	WorkerEvent	Layer01Node04.export-l01-n04	TaskReady; ExitCode=0; 
2026-06-03T17:03:44.5070248+00:00	GrantTask	Layer01Node04.export-l01-n04	Layer01Node04.export-l01-n04; GrantId=grant-15; Attempt=1
2026-06-03T17:03:44.5074000+00:00	WorkerEvent	Layer01Node04.export-l01-n04	GrantAccepted; ExitCode=0; 
2026-06-03T17:03:44.5084017+00:00	WorkerEvent	Layer01Node04.export-l01-n04	TaskStarted; ExitCode=0; 
2026-06-03T17:03:44.5087122+00:00	WorkerEvent	Layer01Node02.select-l01-n02	TaskSucceeded; ExitCode=0; 
2026-06-03T17:03:44.5089800+00:00	TaskSucceeded	Layer01Node02.select-l01-n02	0
2026-06-03T17:03:44.5336116+00:00	WorkerEvent	Layer01Node02	Closed; ExitCode=0; 
2026-06-03T17:03:44.5344684+00:00	WorkerStarting	Layer01Node03	meta-pipeline
2026-06-03T17:03:44.6159106+00:00	WorkerStarted	Layer01Node03	24652
2026-06-03T17:03:44.6161867+00:00	WorkerControlPipe	Layer01Node03	meta-orchestration-df1452315222434da42a59f06924c4bc
2026-06-03T17:03:44.6165172+00:00	WorkerLog	Layer01Node03	stdout=C:\Users\jimmy\Desktop\meta-bi\Samples\Demos\MetaOrchestrationHairballCliIntegration\Runs\hairball-seed-20260530\RunArtifacts\runs\20260603-170336_46327b50f01a433d8bb3ad9d12fb1de2\logs\Layer01Node03-24652.stdout.log; stderr=C:\Users\jimmy\Desktop\meta-bi\Samples\Demos\MetaOrchestrationHairballCliIntegration\Runs\hairball-seed-20260530\RunArtifacts\runs\20260603-170336_46327b50f01a433d8bb3ad9d12fb1de2\logs\Layer01Node03-24652.stderr.log
2026-06-03T17:03:44.6326231+00:00	WorkerEvent	Layer01Node03	WorkerOnline; ExitCode=0; online
2026-06-03T17:03:44.6344955+00:00	WorkerEvent	Layer01Node03	WorkerReady; ExitCode=0; ready
2026-06-03T17:03:44.6372646+00:00	StartPipeline	Layer01Node03	Layer01Node03
2026-06-03T17:03:44.8850786+00:00	WorkerEvent	Layer01Node04.export-l01-n04	TaskSucceeded; ExitCode=0; 
2026-06-03T17:03:44.8856858+00:00	TaskSucceeded	Layer01Node04.export-l01-n04	0
2026-06-03T17:03:44.9127594+00:00	WorkerEvent	AuditHairball	PipelineStarted; ExitCode=0; pipeline started
2026-06-03T17:03:44.9138099+00:00	WorkerEvent	Layer01Node04	Closed; ExitCode=0; 
2026-06-03T17:03:44.9143643+00:00	WorkerStarting	Layer01Node05	meta-pipeline
2026-06-03T17:03:44.9921168+00:00	WorkerStarted	Layer01Node05	4856
2026-06-03T17:03:44.9924163+00:00	WorkerControlPipe	Layer01Node05	meta-orchestration-83b2f9fe540d471895cab759c2d5b195
2026-06-03T17:03:44.9926898+00:00	WorkerLog	Layer01Node05	stdout=C:\Users\jimmy\Desktop\meta-bi\Samples\Demos\MetaOrchestrationHairballCliIntegration\Runs\hairball-seed-20260530\RunArtifacts\runs\20260603-170336_46327b50f01a433d8bb3ad9d12fb1de2\logs\Layer01Node05-4856.stdout.log; stderr=C:\Users\jimmy\Desktop\meta-bi\Samples\Demos\MetaOrchestrationHairballCliIntegration\Runs\hairball-seed-20260530\RunArtifacts\runs\20260603-170336_46327b50f01a433d8bb3ad9d12fb1de2\logs\Layer01Node05-4856.stderr.log
2026-06-03T17:03:44.9929748+00:00	WorkerEvent	AuditHairball.audit-hairball	TaskReady; ExitCode=0; 
2026-06-03T17:03:44.9934235+00:00	WorkerDeferredForCapacity	AuditHairball	Deferred by orchestration to honor max active worker process capacity.
2026-06-03T17:03:44.9936224+00:00	StopPipeline	AuditHairball	Deferred by orchestration to honor max active worker process capacity.
2026-06-03T17:03:45.0101066+00:00	WorkerEvent	AuditHairball	Closed; ExitCode=0; 
2026-06-03T17:03:45.0105452+00:00	WorkerDeferred	AuditHairball	ResumeTaskId=AuditHairball.audit-hairball
2026-06-03T17:03:45.0108131+00:00	WorkerEvent	Layer01Node05	WorkerOnline; ExitCode=0; online
2026-06-03T17:03:45.0113637+00:00	WorkerStarting	Layer01Node09	meta-pipeline
2026-06-03T17:03:45.0863571+00:00	WorkerStarted	Layer01Node09	15556
2026-06-03T17:03:45.0866469+00:00	WorkerControlPipe	Layer01Node09	meta-orchestration-3f489a76425a48b98aa305d58a0e3a4e
2026-06-03T17:03:45.0868560+00:00	WorkerLog	Layer01Node09	stdout=C:\Users\jimmy\Desktop\meta-bi\Samples\Demos\MetaOrchestrationHairballCliIntegration\Runs\hairball-seed-20260530\RunArtifacts\runs\20260603-170336_46327b50f01a433d8bb3ad9d12fb1de2\logs\Layer01Node09-15556.stdout.log; stderr=C:\Users\jimmy\Desktop\meta-bi\Samples\Demos\MetaOrchestrationHairballCliIntegration\Runs\hairball-seed-20260530\RunArtifacts\runs\20260603-170336_46327b50f01a433d8bb3ad9d12fb1de2\logs\Layer01Node09-15556.stderr.log
2026-06-03T17:03:45.0870935+00:00	WorkerEvent	Layer01Node05	WorkerReady; ExitCode=0; ready
2026-06-03T17:03:45.0875196+00:00	StartPipeline	Layer01Node05	Layer01Node05
2026-06-03T17:03:45.0930945+00:00	WorkerEvent	Layer01Node03	PipelineStarted; ExitCode=0; pipeline started
2026-06-03T17:03:45.0951979+00:00	WorkerEvent	Layer01Node03.select-l01-n03	TaskReady; ExitCode=0; 
2026-06-03T17:03:45.0964086+00:00	GrantTask	Layer01Node03.select-l01-n03	Layer01Node03.select-l01-n03; GrantId=grant-16; Attempt=1
2026-06-03T17:03:45.0974691+00:00	WorkerEvent	Layer01Node03.select-l01-n03	GrantAccepted; ExitCode=0; 
2026-06-03T17:03:45.0984571+00:00	WorkerEvent	Layer01Node03.select-l01-n03	TaskStarted; ExitCode=0; 
2026-06-03T17:03:45.1058684+00:00	WorkerEvent	Layer01Node09	WorkerOnline; ExitCode=0; online
2026-06-03T17:03:45.1071714+00:00	WorkerEvent	Layer01Node09	WorkerReady; ExitCode=0; ready
2026-06-03T17:03:45.1101945+00:00	StartPipeline	Layer01Node09	Layer01Node09
2026-06-03T17:03:45.3848516+00:00	WorkerEvent	Layer01Node03.select-l01-n03	TaskSucceeded; ExitCode=0; 
2026-06-03T17:03:45.3853669+00:00	TaskSucceeded	Layer01Node03.select-l01-n03	0
2026-06-03T17:03:45.4077932+00:00	WorkerEvent	Layer01Node03	Closed; ExitCode=0; 
2026-06-03T17:03:45.4083979+00:00	WorkerStarting	Layer01Node08	meta-pipeline
2026-06-03T17:03:45.4968967+00:00	WorkerStarted	Layer01Node08	20032
2026-06-03T17:03:45.4973044+00:00	WorkerControlPipe	Layer01Node08	meta-orchestration-a5a044dc36a64a8dbde7377988d4726a
2026-06-03T17:03:45.4976997+00:00	WorkerLog	Layer01Node08	stdout=C:\Users\jimmy\Desktop\meta-bi\Samples\Demos\MetaOrchestrationHairballCliIntegration\Runs\hairball-seed-20260530\RunArtifacts\runs\20260603-170336_46327b50f01a433d8bb3ad9d12fb1de2\logs\Layer01Node08-20032.stdout.log; stderr=C:\Users\jimmy\Desktop\meta-bi\Samples\Demos\MetaOrchestrationHairballCliIntegration\Runs\hairball-seed-20260530\RunArtifacts\runs\20260603-170336_46327b50f01a433d8bb3ad9d12fb1de2\logs\Layer01Node08-20032.stderr.log
2026-06-03T17:03:45.5006398+00:00	WorkerEvent	Layer01Node05	PipelineStarted; ExitCode=0; pipeline started
2026-06-03T17:03:45.5029438+00:00	WorkerEvent	Layer01Node05.export-l01-n05	TaskReady; ExitCode=0; 
2026-06-03T17:03:45.5037960+00:00	GrantTask	Layer01Node05.export-l01-n05	Layer01Node05.export-l01-n05; GrantId=grant-17; Attempt=1
2026-06-03T17:03:45.5043584+00:00	WorkerEvent	Layer01Node05.export-l01-n05	GrantAccepted; ExitCode=0; 
2026-06-03T17:03:45.5049773+00:00	WorkerEvent	Layer01Node05.export-l01-n05	TaskStarted; ExitCode=0; 
2026-06-03T17:03:45.5092050+00:00	WorkerEvent	Layer01Node09	PipelineStarted; ExitCode=0; pipeline started
2026-06-03T17:03:45.5114853+00:00	WorkerEvent	Layer01Node09.refresh-l01-n09	TaskReady; ExitCode=0; 
2026-06-03T17:03:45.5124071+00:00	GrantTask	Layer01Node09.refresh-l01-n09	Layer01Node09.refresh-l01-n09; GrantId=grant-18; Attempt=1
2026-06-03T17:03:45.5130359+00:00	WorkerEvent	Layer01Node09.refresh-l01-n09	GrantAccepted; ExitCode=0; 
2026-06-03T17:03:45.5137298+00:00	WorkerEvent	Layer01Node09.refresh-l01-n09	TaskStarted; ExitCode=0; 
2026-06-03T17:03:45.5159161+00:00	WorkerEvent	Layer01Node08	WorkerOnline; ExitCode=0; online
2026-06-03T17:03:45.5174813+00:00	WorkerEvent	Layer01Node08	WorkerReady; ExitCode=0; ready
2026-06-03T17:03:45.5205516+00:00	StartPipeline	Layer01Node08	Layer01Node08
2026-06-03T17:03:45.8016884+00:00	WorkerEvent	Layer01Node09.refresh-l01-n09	TaskSucceeded; ExitCode=0; 
2026-06-03T17:03:45.8025063+00:00	TaskSucceeded	Layer01Node09.refresh-l01-n09	0
2026-06-03T17:03:45.8279985+00:00	WorkerEvent	Layer01Node09	Closed; ExitCode=0; 
2026-06-03T17:03:45.8288431+00:00	WorkerStarting	Layer02Node02	meta-pipeline
2026-06-03T17:03:45.9251501+00:00	WorkerStarted	Layer02Node02	26996
2026-06-03T17:03:45.9254627+00:00	WorkerControlPipe	Layer02Node02	meta-orchestration-ee00d69a3b6146d68b6334f2e77d630d
2026-06-03T17:03:45.9256782+00:00	WorkerLog	Layer02Node02	stdout=C:\Users\jimmy\Desktop\meta-bi\Samples\Demos\MetaOrchestrationHairballCliIntegration\Runs\hairball-seed-20260530\RunArtifacts\runs\20260603-170336_46327b50f01a433d8bb3ad9d12fb1de2\logs\Layer02Node02-26996.stdout.log; stderr=C:\Users\jimmy\Desktop\meta-bi\Samples\Demos\MetaOrchestrationHairballCliIntegration\Runs\hairball-seed-20260530\RunArtifacts\runs\20260603-170336_46327b50f01a433d8bb3ad9d12fb1de2\logs\Layer02Node02-26996.stderr.log
2026-06-03T17:03:45.9258960+00:00	WorkerEvent	Layer01Node05.export-l01-n05	TaskSucceeded; ExitCode=0; 
2026-06-03T17:03:45.9263090+00:00	TaskSucceeded	Layer01Node05.export-l01-n05	0
2026-06-03T17:03:45.9426591+00:00	WorkerEvent	Layer02Node02	WorkerOnline; ExitCode=0; online
2026-06-03T17:03:45.9444881+00:00	WorkerEvent	Layer02Node02	WorkerReady; ExitCode=0; ready
2026-06-03T17:03:45.9471459+00:00	StartPipeline	Layer02Node02	Layer02Node02
2026-06-03T17:03:46.0050655+00:00	WorkerEvent	Layer01Node08	PipelineStarted; ExitCode=0; pipeline started
2026-06-03T17:03:46.0067187+00:00	WorkerEvent	Layer01Node08.select-l01-n08	TaskReady; ExitCode=0; 
2026-06-03T17:03:46.0074475+00:00	GrantTask	Layer01Node08.select-l01-n08	Layer01Node08.select-l01-n08; GrantId=grant-19; Attempt=1
2026-06-03T17:03:46.0078610+00:00	WorkerEvent	Layer01Node08.select-l01-n08	GrantAccepted; ExitCode=0; 
2026-06-03T17:03:46.0087047+00:00	WorkerEvent	Layer01Node08.select-l01-n08	TaskStarted; ExitCode=0; 
2026-06-03T17:03:46.3062556+00:00	WorkerEvent	Layer01Node08.select-l01-n08	TaskSucceeded; ExitCode=0; 
2026-06-03T17:03:46.3067932+00:00	TaskSucceeded	Layer01Node08.select-l01-n08	0
2026-06-03T17:03:46.3286757+00:00	WorkerEvent	Layer01Node08	Closed; ExitCode=0; 
2026-06-03T17:03:46.3295714+00:00	WorkerStarting	Layer01Hub	meta-pipeline
2026-06-03T17:03:46.3986278+00:00	WorkerStarted	Layer01Hub	26644
2026-06-03T17:03:46.3989323+00:00	WorkerControlPipe	Layer01Hub	meta-orchestration-3508908ac2f34f2aac7ee8a103c29f15
2026-06-03T17:03:46.3992189+00:00	WorkerLog	Layer01Hub	stdout=C:\Users\jimmy\Desktop\meta-bi\Samples\Demos\MetaOrchestrationHairballCliIntegration\Runs\hairball-seed-20260530\RunArtifacts\runs\20260603-170336_46327b50f01a433d8bb3ad9d12fb1de2\logs\Layer01Hub-26644.stdout.log; stderr=C:\Users\jimmy\Desktop\meta-bi\Samples\Demos\MetaOrchestrationHairballCliIntegration\Runs\hairball-seed-20260530\RunArtifacts\runs\20260603-170336_46327b50f01a433d8bb3ad9d12fb1de2\logs\Layer01Hub-26644.stderr.log
2026-06-03T17:03:46.3994614+00:00	WorkerEvent	Layer02Node02	PipelineStarted; ExitCode=0; pipeline started
2026-06-03T17:03:46.3999664+00:00	WorkerEvent	Layer02Node02.refresh-l02-n02	TaskReady; ExitCode=0; 
2026-06-03T17:03:46.4006105+00:00	GrantTask	Layer02Node02.refresh-l02-n02	Layer02Node02.refresh-l02-n02; GrantId=grant-20; Attempt=1
2026-06-03T17:03:46.4011160+00:00	WorkerEvent	Layer02Node02.refresh-l02-n02	GrantAccepted; ExitCode=0; 
2026-06-03T17:03:46.4017733+00:00	WorkerEvent	Layer02Node02.refresh-l02-n02	TaskStarted; ExitCode=0; 
2026-06-03T17:03:46.4196430+00:00	WorkerEvent	Layer01Hub	WorkerOnline; ExitCode=0; online
2026-06-03T17:03:46.4215138+00:00	WorkerEvent	Layer01Hub	WorkerReady; ExitCode=0; ready
2026-06-03T17:03:46.4245345+00:00	StartPipeline	Layer01Hub	Layer01Hub
2026-06-03T17:03:46.6726478+00:00	WorkerEvent	Layer02Node02.refresh-l02-n02	TaskSucceeded; ExitCode=0; 
2026-06-03T17:03:46.6732062+00:00	TaskSucceeded	Layer02Node02.refresh-l02-n02	0
2026-06-03T17:03:46.6947177+00:00	WorkerEvent	Layer02Node02	Closed; ExitCode=0; 
2026-06-03T17:03:46.6953145+00:00	WorkerStarting	Layer02Node05	meta-pipeline
2026-06-03T17:03:46.7650067+00:00	WorkerStarted	Layer02Node05	5148
2026-06-03T17:03:46.7652808+00:00	WorkerControlPipe	Layer02Node05	meta-orchestration-e6fe1af4ba8f43e7be6625af517430a8
2026-06-03T17:03:46.7655152+00:00	WorkerLog	Layer02Node05	stdout=C:\Users\jimmy\Desktop\meta-bi\Samples\Demos\MetaOrchestrationHairballCliIntegration\Runs\hairball-seed-20260530\RunArtifacts\runs\20260603-170336_46327b50f01a433d8bb3ad9d12fb1de2\logs\Layer02Node05-5148.stdout.log; stderr=C:\Users\jimmy\Desktop\meta-bi\Samples\Demos\MetaOrchestrationHairballCliIntegration\Runs\hairball-seed-20260530\RunArtifacts\runs\20260603-170336_46327b50f01a433d8bb3ad9d12fb1de2\logs\Layer02Node05-5148.stderr.log
2026-06-03T17:03:46.7791858+00:00	WorkerEvent	Layer02Node05	WorkerOnline; ExitCode=0; online
2026-06-03T17:03:46.7803094+00:00	WorkerEvent	Layer02Node05	WorkerReady; ExitCode=0; ready
2026-06-03T17:03:46.7824281+00:00	StartPipeline	Layer02Node05	Layer02Node05
2026-06-03T17:03:46.9339386+00:00	WorkerEvent	Layer01Hub	PipelineStarted; ExitCode=0; pipeline started
2026-06-03T17:03:46.9353429+00:00	WorkerEvent	Layer01Hub.hub-l01-stage	TaskReady; ExitCode=0; 
2026-06-03T17:03:46.9360289+00:00	GrantTask	Layer01Hub.hub-l01-stage	Layer01Hub.hub-l01-stage; GrantId=grant-21; Attempt=1
2026-06-03T17:03:46.9366022+00:00	WorkerEvent	Layer01Hub.hub-l01-stage	GrantAccepted; ExitCode=0; 
2026-06-03T17:03:46.9371354+00:00	WorkerEvent	Layer01Hub.hub-l01-stage	TaskStarted; ExitCode=0; 
2026-06-03T17:03:47.1720108+00:00	WorkerEvent	Layer02Node05	PipelineStarted; ExitCode=0; pipeline started
2026-06-03T17:03:47.1734236+00:00	WorkerEvent	Layer02Node05.select-l02-n05	TaskReady; ExitCode=0; 
2026-06-03T17:03:47.1741999+00:00	GrantTask	Layer02Node05.select-l02-n05	Layer02Node05.select-l02-n05; GrantId=grant-22; Attempt=1
2026-06-03T17:03:47.1747771+00:00	WorkerEvent	Layer02Node05.select-l02-n05	GrantAccepted; ExitCode=0; 
2026-06-03T17:03:47.1757590+00:00	WorkerEvent	Layer02Node05.select-l02-n05	TaskStarted; ExitCode=0; 
2026-06-03T17:03:47.2206907+00:00	WorkerEvent	Layer01Hub.hub-l01-stage	TaskSucceeded; ExitCode=0; 
2026-06-03T17:03:47.2211923+00:00	TaskSucceeded	Layer01Hub.hub-l01-stage	0
2026-06-03T17:03:47.2216469+00:00	WorkerEvent	Layer01Hub.hub-l01-curate	TaskReady; ExitCode=0; 
2026-06-03T17:03:47.2222590+00:00	GrantTask	Layer01Hub.hub-l01-curate	Layer01Hub.hub-l01-curate; GrantId=grant-23; Attempt=1
2026-06-03T17:03:47.2227184+00:00	WorkerEvent	Layer01Hub.hub-l01-curate	GrantAccepted; ExitCode=0; 
2026-06-03T17:03:47.2237654+00:00	WorkerEvent	Layer01Hub.hub-l01-curate	TaskStarted; ExitCode=0; 
2026-06-03T17:03:47.2820967+00:00	WorkerEvent	Layer01Hub.hub-l01-curate	TaskSucceeded; ExitCode=0; 
2026-06-03T17:03:47.2825379+00:00	TaskSucceeded	Layer01Hub.hub-l01-curate	0
2026-06-03T17:03:47.2831052+00:00	WorkerEvent	Layer01Hub.hub-l01-publish	TaskReady; ExitCode=0; 
2026-06-03T17:03:47.2838318+00:00	GrantTask	Layer01Hub.hub-l01-publish	Layer01Hub.hub-l01-publish; GrantId=grant-24; Attempt=1
2026-06-03T17:03:47.2842479+00:00	WorkerEvent	Layer01Hub.hub-l01-publish	GrantAccepted; ExitCode=0; 
2026-06-03T17:03:47.2849626+00:00	WorkerEvent	Layer01Hub.hub-l01-publish	TaskStarted; ExitCode=0; 
2026-06-03T17:03:47.3841482+00:00	WorkerEvent	Layer01Hub.hub-l01-publish	TaskSucceeded; ExitCode=0; 
2026-06-03T17:03:47.3846736+00:00	TaskSucceeded	Layer01Hub.hub-l01-publish	0
2026-06-03T17:03:47.4044253+00:00	WorkerEvent	Layer01Hub	Closed; ExitCode=0; 
2026-06-03T17:03:47.4053277+00:00	WorkerStarting	Layer02Node01	meta-pipeline
2026-06-03T17:03:47.4795887+00:00	WorkerStarted	Layer02Node01	31704
2026-06-03T17:03:47.4800737+00:00	WorkerControlPipe	Layer02Node01	meta-orchestration-ea94535add2c48debfafc38daa42c30d
2026-06-03T17:03:47.4804698+00:00	WorkerLog	Layer02Node01	stdout=C:\Users\jimmy\Desktop\meta-bi\Samples\Demos\MetaOrchestrationHairballCliIntegration\Runs\hairball-seed-20260530\RunArtifacts\runs\20260603-170336_46327b50f01a433d8bb3ad9d12fb1de2\logs\Layer02Node01-31704.stdout.log; stderr=C:\Users\jimmy\Desktop\meta-bi\Samples\Demos\MetaOrchestrationHairballCliIntegration\Runs\hairball-seed-20260530\RunArtifacts\runs\20260603-170336_46327b50f01a433d8bb3ad9d12fb1de2\logs\Layer02Node01-31704.stderr.log
2026-06-03T17:03:47.4808471+00:00	WorkerEvent	Layer02Node05.select-l02-n05	TaskSucceeded; ExitCode=0; 
2026-06-03T17:03:47.4813021+00:00	TaskSucceeded	Layer02Node05.select-l02-n05	0
2026-06-03T17:03:47.4969662+00:00	WorkerEvent	Layer02Node01	WorkerOnline; ExitCode=0; online
2026-06-03T17:03:47.4981959+00:00	WorkerEvent	Layer02Node01	WorkerReady; ExitCode=0; ready
2026-06-03T17:03:47.5002724+00:00	StartPipeline	Layer02Node01	Layer02Node01
2026-06-03T17:03:47.8762756+00:00	WorkerEvent	Layer02Node01	PipelineStarted; ExitCode=0; pipeline started
2026-06-03T17:03:47.8776005+00:00	WorkerEvent	Layer02Node01.select-l02-n01	TaskReady; ExitCode=0; 
2026-06-03T17:03:47.8784810+00:00	GrantTask	Layer02Node01.select-l02-n01	Layer02Node01.select-l02-n01; GrantId=grant-25; Attempt=1
2026-06-03T17:03:47.8789615+00:00	WorkerEvent	Layer02Node01.select-l02-n01	GrantAccepted; ExitCode=0; 
2026-06-03T17:03:47.8796422+00:00	WorkerEvent	Layer02Node01.select-l02-n01	TaskStarted; ExitCode=0; 
2026-06-03T17:03:48.1568832+00:00	WorkerEvent	Layer02Node01.select-l02-n01	TaskSucceeded; ExitCode=0; 
2026-06-03T17:03:48.1575431+00:00	TaskSucceeded	Layer02Node01.select-l02-n01	0
2026-06-03T17:03:48.1799642+00:00	WorkerEvent	Layer02Node01	Closed; ExitCode=0; 
2026-06-03T17:03:48.1807754+00:00	WorkerStarting	Layer02Node04	meta-pipeline
2026-06-03T17:03:48.2551689+00:00	WorkerStarted	Layer02Node04	11424
2026-06-03T17:03:48.2554694+00:00	WorkerControlPipe	Layer02Node04	meta-orchestration-727c5525d58045eeaff4d501ffb3aa36
2026-06-03T17:03:48.2557120+00:00	WorkerLog	Layer02Node04	stdout=C:\Users\jimmy\Desktop\meta-bi\Samples\Demos\MetaOrchestrationHairballCliIntegration\Runs\hairball-seed-20260530\RunArtifacts\runs\20260603-170336_46327b50f01a433d8bb3ad9d12fb1de2\logs\Layer02Node04-11424.stdout.log; stderr=C:\Users\jimmy\Desktop\meta-bi\Samples\Demos\MetaOrchestrationHairballCliIntegration\Runs\hairball-seed-20260530\RunArtifacts\runs\20260603-170336_46327b50f01a433d8bb3ad9d12fb1de2\logs\Layer02Node04-11424.stderr.log
2026-06-03T17:03:48.2700976+00:00	WorkerEvent	Layer02Node04	WorkerOnline; ExitCode=0; online
2026-06-03T17:03:48.2715575+00:00	WorkerEvent	Layer02Node04	WorkerReady; ExitCode=0; ready
2026-06-03T17:03:48.2739213+00:00	StartPipeline	Layer02Node04	Layer02Node04
2026-06-03T17:03:48.6489541+00:00	WorkerEvent	Layer02Node04	PipelineStarted; ExitCode=0; pipeline started
2026-06-03T17:03:48.6503389+00:00	WorkerEvent	Layer02Node04.export-l02-n04	TaskReady; ExitCode=0; 
2026-06-03T17:03:48.6510508+00:00	GrantTask	Layer02Node04.export-l02-n04	Layer02Node04.export-l02-n04; GrantId=grant-26; Attempt=1
2026-06-03T17:03:48.6515335+00:00	WorkerEvent	Layer02Node04.export-l02-n04	GrantAccepted; ExitCode=0; 
2026-06-03T17:03:48.6524509+00:00	WorkerEvent	Layer02Node04.export-l02-n04	TaskStarted; ExitCode=0; 
2026-06-03T17:03:48.9572791+00:00	WorkerEvent	Layer02Node04.export-l02-n04	TaskSucceeded; ExitCode=0; 
2026-06-03T17:03:48.9578757+00:00	TaskSucceeded	Layer02Node04.export-l02-n04	0
2026-06-03T17:03:48.9783296+00:00	WorkerEvent	Layer02Node04	Closed; ExitCode=0; 
2026-06-03T17:03:48.9788786+00:00	WorkerStarting	Layer02Node06	meta-pipeline
2026-06-03T17:03:49.0477167+00:00	WorkerStarted	Layer02Node06	21920
2026-06-03T17:03:49.0479749+00:00	WorkerControlPipe	Layer02Node06	meta-orchestration-80590dedc12b47989bc01dc967699e66
2026-06-03T17:03:49.0483473+00:00	WorkerLog	Layer02Node06	stdout=C:\Users\jimmy\Desktop\meta-bi\Samples\Demos\MetaOrchestrationHairballCliIntegration\Runs\hairball-seed-20260530\RunArtifacts\runs\20260603-170336_46327b50f01a433d8bb3ad9d12fb1de2\logs\Layer02Node06-21920.stdout.log; stderr=C:\Users\jimmy\Desktop\meta-bi\Samples\Demos\MetaOrchestrationHairballCliIntegration\Runs\hairball-seed-20260530\RunArtifacts\runs\20260603-170336_46327b50f01a433d8bb3ad9d12fb1de2\logs\Layer02Node06-21920.stderr.log
2026-06-03T17:03:49.0620059+00:00	WorkerEvent	Layer02Node06	WorkerOnline; ExitCode=0; online
2026-06-03T17:03:49.0632536+00:00	WorkerEvent	Layer02Node06	WorkerReady; ExitCode=0; ready
2026-06-03T17:03:49.0655727+00:00	StartPipeline	Layer02Node06	Layer02Node06
2026-06-03T17:03:49.4149030+00:00	WorkerEvent	Layer02Node06	PipelineStarted; ExitCode=0; pipeline started
2026-06-03T17:03:49.4170223+00:00	WorkerEvent	Layer02Node06.refresh-l02-n06	TaskReady; ExitCode=0; 
2026-06-03T17:03:49.4181244+00:00	GrantTask	Layer02Node06.refresh-l02-n06	Layer02Node06.refresh-l02-n06; GrantId=grant-27; Attempt=1
2026-06-03T17:03:49.4186855+00:00	WorkerEvent	Layer02Node06.refresh-l02-n06	GrantAccepted; ExitCode=0; 
2026-06-03T17:03:49.4191629+00:00	WorkerEvent	Layer02Node06.refresh-l02-n06	TaskStarted; ExitCode=0; 
2026-06-03T17:03:49.6647917+00:00	WorkerEvent	Layer02Node06.refresh-l02-n06	TaskSucceeded; ExitCode=0; 
2026-06-03T17:03:49.6654931+00:00	TaskSucceeded	Layer02Node06.refresh-l02-n06	0
2026-06-03T17:03:49.6860819+00:00	WorkerEvent	Layer02Node06	Closed; ExitCode=0; 
2026-06-03T17:03:49.6867708+00:00	WorkerStarting	Layer02Node07	meta-pipeline
2026-06-03T17:03:49.7544940+00:00	WorkerStarted	Layer02Node07	26292
2026-06-03T17:03:49.7547560+00:00	WorkerControlPipe	Layer02Node07	meta-orchestration-9a796d13a90046ed99ff7d36733bc4f7
2026-06-03T17:03:49.7550281+00:00	WorkerLog	Layer02Node07	stdout=C:\Users\jimmy\Desktop\meta-bi\Samples\Demos\MetaOrchestrationHairballCliIntegration\Runs\hairball-seed-20260530\RunArtifacts\runs\20260603-170336_46327b50f01a433d8bb3ad9d12fb1de2\logs\Layer02Node07-26292.stdout.log; stderr=C:\Users\jimmy\Desktop\meta-bi\Samples\Demos\MetaOrchestrationHairballCliIntegration\Runs\hairball-seed-20260530\RunArtifacts\runs\20260603-170336_46327b50f01a433d8bb3ad9d12fb1de2\logs\Layer02Node07-26292.stderr.log
2026-06-03T17:03:49.7683343+00:00	WorkerEvent	Layer02Node07	WorkerOnline; ExitCode=0; online
2026-06-03T17:03:49.7700256+00:00	WorkerEvent	Layer02Node07	WorkerReady; ExitCode=0; ready
2026-06-03T17:03:49.7724179+00:00	StartPipeline	Layer02Node07	Layer02Node07
2026-06-03T17:03:50.1290655+00:00	WorkerEvent	Layer02Node07	PipelineStarted; ExitCode=0; pipeline started
2026-06-03T17:03:50.1303313+00:00	WorkerEvent	Layer02Node07.refresh-l02-n07	TaskReady; ExitCode=0; 
2026-06-03T17:03:50.1309297+00:00	GrantTask	Layer02Node07.refresh-l02-n07	Layer02Node07.refresh-l02-n07; GrantId=grant-28; Attempt=1
2026-06-03T17:03:50.1314485+00:00	WorkerEvent	Layer02Node07.refresh-l02-n07	GrantAccepted; ExitCode=0; 
2026-06-03T17:03:50.1319491+00:00	WorkerEvent	Layer02Node07.refresh-l02-n07	TaskStarted; ExitCode=0; 
2026-06-03T17:03:50.3721051+00:00	WorkerEvent	Layer02Node07.refresh-l02-n07	TaskSucceeded; ExitCode=0; 
2026-06-03T17:03:50.3726406+00:00	TaskSucceeded	Layer02Node07.refresh-l02-n07	0
2026-06-03T17:03:50.3938542+00:00	WorkerEvent	Layer02Node07	Closed; ExitCode=0; 
2026-06-03T17:03:50.3947201+00:00	WorkerStarting	Layer02Node08	meta-pipeline
2026-06-03T17:03:50.4736699+00:00	WorkerStarted	Layer02Node08	18176
2026-06-03T17:03:50.4740412+00:00	WorkerControlPipe	Layer02Node08	meta-orchestration-6f848ce26b64450688910644433f17e5
2026-06-03T17:03:50.4743784+00:00	WorkerLog	Layer02Node08	stdout=C:\Users\jimmy\Desktop\meta-bi\Samples\Demos\MetaOrchestrationHairballCliIntegration\Runs\hairball-seed-20260530\RunArtifacts\runs\20260603-170336_46327b50f01a433d8bb3ad9d12fb1de2\logs\Layer02Node08-18176.stdout.log; stderr=C:\Users\jimmy\Desktop\meta-bi\Samples\Demos\MetaOrchestrationHairballCliIntegration\Runs\hairball-seed-20260530\RunArtifacts\runs\20260603-170336_46327b50f01a433d8bb3ad9d12fb1de2\logs\Layer02Node08-18176.stderr.log
2026-06-03T17:03:50.4900059+00:00	WorkerEvent	Layer02Node08	WorkerOnline; ExitCode=0; online
2026-06-03T17:03:50.4914295+00:00	WorkerEvent	Layer02Node08	WorkerReady; ExitCode=0; ready
2026-06-03T17:03:50.4939242+00:00	StartPipeline	Layer02Node08	Layer02Node08
2026-06-03T17:03:50.8491748+00:00	WorkerEvent	Layer02Node08	PipelineStarted; ExitCode=0; pipeline started
2026-06-03T17:03:50.8504436+00:00	WorkerEvent	Layer02Node08.refresh-l02-n08	TaskReady; ExitCode=0; 
2026-06-03T17:03:50.8510730+00:00	GrantTask	Layer02Node08.refresh-l02-n08	Layer02Node08.refresh-l02-n08; GrantId=grant-29; Attempt=1
2026-06-03T17:03:50.8515561+00:00	WorkerEvent	Layer02Node08.refresh-l02-n08	GrantAccepted; ExitCode=0; 
2026-06-03T17:03:50.8520023+00:00	WorkerEvent	Layer02Node08.refresh-l02-n08	TaskStarted; ExitCode=0; 
2026-06-03T17:03:51.1050680+00:00	WorkerEvent	Layer02Node08.refresh-l02-n08	TaskSucceeded; ExitCode=0; 
2026-06-03T17:03:51.1055223+00:00	TaskSucceeded	Layer02Node08.refresh-l02-n08	0
2026-06-03T17:03:51.1271773+00:00	WorkerEvent	Layer02Node08	Closed; ExitCode=0; 
2026-06-03T17:03:51.1277851+00:00	WorkerStarting	Layer02Hub	meta-pipeline
2026-06-03T17:03:51.2003813+00:00	WorkerStarted	Layer02Hub	27892
2026-06-03T17:03:51.2006548+00:00	WorkerControlPipe	Layer02Hub	meta-orchestration-f3d69eb8dd5547c6b4fc23b29f87dfd2
2026-06-03T17:03:51.2009717+00:00	WorkerLog	Layer02Hub	stdout=C:\Users\jimmy\Desktop\meta-bi\Samples\Demos\MetaOrchestrationHairballCliIntegration\Runs\hairball-seed-20260530\RunArtifacts\runs\20260603-170336_46327b50f01a433d8bb3ad9d12fb1de2\logs\Layer02Hub-27892.stdout.log; stderr=C:\Users\jimmy\Desktop\meta-bi\Samples\Demos\MetaOrchestrationHairballCliIntegration\Runs\hairball-seed-20260530\RunArtifacts\runs\20260603-170336_46327b50f01a433d8bb3ad9d12fb1de2\logs\Layer02Hub-27892.stderr.log
2026-06-03T17:03:51.2216757+00:00	WorkerEvent	Layer02Hub	WorkerOnline; ExitCode=0; online
2026-06-03T17:03:51.2230245+00:00	WorkerEvent	Layer02Hub	WorkerReady; ExitCode=0; ready
2026-06-03T17:03:51.2251014+00:00	StartPipeline	Layer02Hub	Layer02Hub
2026-06-03T17:03:51.7540547+00:00	WorkerEvent	Layer02Hub	PipelineStarted; ExitCode=0; pipeline started
2026-06-03T17:03:51.7552914+00:00	WorkerEvent	Layer02Hub.hub-l02-stage	TaskReady; ExitCode=0; 
2026-06-03T17:03:51.7560524+00:00	GrantTask	Layer02Hub.hub-l02-stage	Layer02Hub.hub-l02-stage; GrantId=grant-30; Attempt=1
2026-06-03T17:03:51.7564845+00:00	WorkerEvent	Layer02Hub.hub-l02-stage	GrantAccepted; ExitCode=0; 
2026-06-03T17:03:51.7571763+00:00	WorkerEvent	Layer02Hub.hub-l02-stage	TaskStarted; ExitCode=0; 
2026-06-03T17:03:52.0422532+00:00	WorkerEvent	Layer02Hub.hub-l02-stage	TaskSucceeded; ExitCode=0; 
2026-06-03T17:03:52.0427135+00:00	TaskSucceeded	Layer02Hub.hub-l02-stage	0
2026-06-03T17:03:52.0431514+00:00	WorkerEvent	Layer02Hub.hub-l02-curate	TaskReady; ExitCode=0; 
2026-06-03T17:03:52.0439944+00:00	GrantTask	Layer02Hub.hub-l02-curate	Layer02Hub.hub-l02-curate; GrantId=grant-31; Attempt=1
2026-06-03T17:03:52.0442706+00:00	WorkerEvent	Layer02Hub.hub-l02-curate	GrantAccepted; ExitCode=0; 
2026-06-03T17:03:52.0451180+00:00	WorkerEvent	Layer02Hub.hub-l02-curate	TaskStarted; ExitCode=0; 
2026-06-03T17:03:52.0986673+00:00	WorkerEvent	Layer02Hub.hub-l02-curate	TaskSucceeded; ExitCode=0; 
2026-06-03T17:03:52.0991032+00:00	TaskSucceeded	Layer02Hub.hub-l02-curate	0
2026-06-03T17:03:52.0995696+00:00	WorkerEvent	Layer02Hub.hub-l02-publish	TaskReady; ExitCode=0; 
2026-06-03T17:03:52.1001287+00:00	GrantTask	Layer02Hub.hub-l02-publish	Layer02Hub.hub-l02-publish; GrantId=grant-32; Attempt=1
2026-06-03T17:03:52.1004150+00:00	WorkerEvent	Layer02Hub.hub-l02-publish	GrantAccepted; ExitCode=0; 
2026-06-03T17:03:52.1008877+00:00	WorkerEvent	Layer02Hub.hub-l02-publish	TaskStarted; ExitCode=0; 
2026-06-03T17:03:52.2250540+00:00	WorkerEvent	Layer02Hub.hub-l02-publish	TaskSucceeded; ExitCode=0; 
2026-06-03T17:03:52.2255915+00:00	TaskSucceeded	Layer02Hub.hub-l02-publish	0
2026-06-03T17:03:52.2508756+00:00	WorkerEvent	Layer02Hub	Closed; ExitCode=0; 
2026-06-03T17:03:52.2514278+00:00	WorkerResuming	BridgeL01L02	ResumeTaskId=BridgeL01L02.bridge-l01-l02-collect; Executable=meta-pipeline
2026-06-03T17:03:52.3279729+00:00	WorkerStarted	BridgeL01L02	6008
2026-06-03T17:03:52.3282610+00:00	WorkerControlPipe	BridgeL01L02	meta-orchestration-4fc5a3bccc194187b5ad111dd253d99c
2026-06-03T17:03:52.3285098+00:00	WorkerLog	BridgeL01L02	stdout=C:\Users\jimmy\Desktop\meta-bi\Samples\Demos\MetaOrchestrationHairballCliIntegration\Runs\hairball-seed-20260530\RunArtifacts\runs\20260603-170336_46327b50f01a433d8bb3ad9d12fb1de2\logs\BridgeL01L02-6008.stdout.log; stderr=C:\Users\jimmy\Desktop\meta-bi\Samples\Demos\MetaOrchestrationHairballCliIntegration\Runs\hairball-seed-20260530\RunArtifacts\runs\20260603-170336_46327b50f01a433d8bb3ad9d12fb1de2\logs\BridgeL01L02-6008.stderr.log
2026-06-03T17:03:52.3428694+00:00	WorkerEvent	BridgeL01L02	WorkerOnline; ExitCode=0; online
2026-06-03T17:03:52.3443829+00:00	WorkerEvent	BridgeL01L02	WorkerReady; ExitCode=0; ready
2026-06-03T17:03:52.3466863+00:00	StartPipeline	BridgeL01L02	BridgeL01L02
2026-06-03T17:03:52.8669780+00:00	WorkerEvent	BridgeL01L02	PipelineStarted; ExitCode=0; pipeline started
2026-06-03T17:03:52.8687419+00:00	WorkerEvent	BridgeL01L02.bridge-l01-l02-collect	TaskReady; ExitCode=0; 
2026-06-03T17:03:52.8695107+00:00	GrantTask	BridgeL01L02.bridge-l01-l02-collect	BridgeL01L02.bridge-l01-l02-collect; GrantId=grant-33; Attempt=1
2026-06-03T17:03:52.8699554+00:00	WorkerEvent	BridgeL01L02.bridge-l01-l02-collect	GrantAccepted; ExitCode=0; 
2026-06-03T17:03:52.8707397+00:00	WorkerEvent	BridgeL01L02.bridge-l01-l02-collect	TaskStarted; ExitCode=0; 
2026-06-03T17:03:53.2228158+00:00	WorkerEvent	BridgeL01L02.bridge-l01-l02-collect	TaskSucceeded; ExitCode=0; 
2026-06-03T17:03:53.2233694+00:00	TaskSucceeded	BridgeL01L02.bridge-l01-l02-collect	0
2026-06-03T17:03:53.2241159+00:00	WorkerEvent	BridgeL01L02.bridge-l01-l02-north	TaskReady; ExitCode=0; 
2026-06-03T17:03:53.2247306+00:00	GrantTask	BridgeL01L02.bridge-l01-l02-north	BridgeL01L02.bridge-l01-l02-north; GrantId=grant-34; Attempt=1
2026-06-03T17:03:53.2250356+00:00	WorkerEvent	BridgeL01L02.bridge-l01-l02-north	GrantAccepted; ExitCode=0; 
2026-06-03T17:03:53.2256510+00:00	WorkerEvent	BridgeL01L02.bridge-l01-l02-north	TaskStarted; ExitCode=0; 
2026-06-03T17:03:53.2907889+00:00	WorkerEvent	BridgeL01L02.bridge-l01-l02-north	TaskSucceeded; ExitCode=0; 
2026-06-03T17:03:53.2912369+00:00	TaskSucceeded	BridgeL01L02.bridge-l01-l02-north	0
2026-06-03T17:03:53.2916359+00:00	WorkerEvent	BridgeL01L02.bridge-l01-l02-south	TaskReady; ExitCode=0; 
2026-06-03T17:03:53.2922420+00:00	GrantTask	BridgeL01L02.bridge-l01-l02-south	BridgeL01L02.bridge-l01-l02-south; GrantId=grant-35; Attempt=1
2026-06-03T17:03:53.2925265+00:00	WorkerEvent	BridgeL01L02.bridge-l01-l02-south	GrantAccepted; ExitCode=0; 
2026-06-03T17:03:53.2929685+00:00	WorkerEvent	BridgeL01L02.bridge-l01-l02-south	TaskStarted; ExitCode=0; 
2026-06-03T17:03:53.3493367+00:00	WorkerEvent	BridgeL01L02.bridge-l01-l02-south	TaskSucceeded; ExitCode=0; 
2026-06-03T17:03:53.3498147+00:00	TaskSucceeded	BridgeL01L02.bridge-l01-l02-south	0
2026-06-03T17:03:53.3719782+00:00	WorkerEvent	BridgeL01L02	Closed; ExitCode=0; 
2026-06-03T17:03:53.3725971+00:00	WorkerStarting	Layer03Node01	meta-pipeline
2026-06-03T17:03:53.4436908+00:00	WorkerStarted	Layer03Node01	21964
2026-06-03T17:03:53.4440381+00:00	WorkerControlPipe	Layer03Node01	meta-orchestration-87a9f0fc1e9d4ea8981f25fc2909ce6b
2026-06-03T17:03:53.4442887+00:00	WorkerLog	Layer03Node01	stdout=C:\Users\jimmy\Desktop\meta-bi\Samples\Demos\MetaOrchestrationHairballCliIntegration\Runs\hairball-seed-20260530\RunArtifacts\runs\20260603-170336_46327b50f01a433d8bb3ad9d12fb1de2\logs\Layer03Node01-21964.stdout.log; stderr=C:\Users\jimmy\Desktop\meta-bi\Samples\Demos\MetaOrchestrationHairballCliIntegration\Runs\hairball-seed-20260530\RunArtifacts\runs\20260603-170336_46327b50f01a433d8bb3ad9d12fb1de2\logs\Layer03Node01-21964.stderr.log
2026-06-03T17:03:53.4587703+00:00	WorkerEvent	Layer03Node01	WorkerOnline; ExitCode=0; online
2026-06-03T17:03:53.4602984+00:00	WorkerEvent	Layer03Node01	WorkerReady; ExitCode=0; ready
2026-06-03T17:03:53.4630375+00:00	StartPipeline	Layer03Node01	Layer03Node01
2026-06-03T17:03:53.9256764+00:00	WorkerEvent	Layer03Node01	PipelineStarted; ExitCode=0; pipeline started
2026-06-03T17:03:53.9277039+00:00	WorkerEvent	Layer03Node01.select-l03-n01	TaskReady; ExitCode=0; 
2026-06-03T17:03:53.9284207+00:00	GrantTask	Layer03Node01.select-l03-n01	Layer03Node01.select-l03-n01; GrantId=grant-36; Attempt=1
2026-06-03T17:03:53.9289623+00:00	WorkerEvent	Layer03Node01.select-l03-n01	GrantAccepted; ExitCode=0; 
2026-06-03T17:03:53.9295511+00:00	WorkerEvent	Layer03Node01.select-l03-n01	TaskStarted; ExitCode=0; 
2026-06-03T17:03:54.2125659+00:00	WorkerEvent	Layer03Node01.select-l03-n01	TaskSucceeded; ExitCode=0; 
2026-06-03T17:03:54.2132595+00:00	TaskSucceeded	Layer03Node01.select-l03-n01	0
2026-06-03T17:03:54.2340565+00:00	WorkerEvent	Layer03Node01	Closed; ExitCode=0; 
2026-06-03T17:03:54.2346816+00:00	WorkerStarting	Layer03Node02	meta-pipeline
2026-06-03T17:03:54.3027598+00:00	WorkerStarted	Layer03Node02	26636
2026-06-03T17:03:54.3030241+00:00	WorkerControlPipe	Layer03Node02	meta-orchestration-ce814816e0c446e1818982866d58e6a8
2026-06-03T17:03:54.3034086+00:00	WorkerLog	Layer03Node02	stdout=C:\Users\jimmy\Desktop\meta-bi\Samples\Demos\MetaOrchestrationHairballCliIntegration\Runs\hairball-seed-20260530\RunArtifacts\runs\20260603-170336_46327b50f01a433d8bb3ad9d12fb1de2\logs\Layer03Node02-26636.stdout.log; stderr=C:\Users\jimmy\Desktop\meta-bi\Samples\Demos\MetaOrchestrationHairballCliIntegration\Runs\hairball-seed-20260530\RunArtifacts\runs\20260603-170336_46327b50f01a433d8bb3ad9d12fb1de2\logs\Layer03Node02-26636.stderr.log
2026-06-03T17:03:54.3167101+00:00	WorkerEvent	Layer03Node02	WorkerOnline; ExitCode=0; online
2026-06-03T17:03:54.3180837+00:00	WorkerEvent	Layer03Node02	WorkerReady; ExitCode=0; ready
2026-06-03T17:03:54.3203703+00:00	StartPipeline	Layer03Node02	Layer03Node02
2026-06-03T17:03:54.7211707+00:00	WorkerEvent	Layer03Node02	PipelineStarted; ExitCode=0; pipeline started
2026-06-03T17:03:54.7224612+00:00	WorkerEvent	Layer03Node02.export-l03-n02	TaskReady; ExitCode=0; 
2026-06-03T17:03:54.7233659+00:00	GrantTask	Layer03Node02.export-l03-n02	Layer03Node02.export-l03-n02; GrantId=grant-37; Attempt=1
2026-06-03T17:03:54.7239901+00:00	WorkerEvent	Layer03Node02.export-l03-n02	GrantAccepted; ExitCode=0; 
2026-06-03T17:03:54.7245223+00:00	WorkerEvent	Layer03Node02.export-l03-n02	TaskStarted; ExitCode=0; 
2026-06-03T17:03:55.0979723+00:00	WorkerEvent	Layer03Node02.export-l03-n02	TaskSucceeded; ExitCode=0; 
2026-06-03T17:03:55.0984577+00:00	TaskSucceeded	Layer03Node02.export-l03-n02	0
2026-06-03T17:03:55.1190613+00:00	WorkerEvent	Layer03Node02	Closed; ExitCode=0; 
2026-06-03T17:03:55.1197143+00:00	WorkerStarting	Layer03Node03	meta-pipeline
2026-06-03T17:03:55.1883002+00:00	WorkerStarted	Layer03Node03	2560
2026-06-03T17:03:55.1886217+00:00	WorkerControlPipe	Layer03Node03	meta-orchestration-0cdcada344d947d9b0e99e4c8fa9ce1b
2026-06-03T17:03:55.1888316+00:00	WorkerLog	Layer03Node03	stdout=C:\Users\jimmy\Desktop\meta-bi\Samples\Demos\MetaOrchestrationHairballCliIntegration\Runs\hairball-seed-20260530\RunArtifacts\runs\20260603-170336_46327b50f01a433d8bb3ad9d12fb1de2\logs\Layer03Node03-2560.stdout.log; stderr=C:\Users\jimmy\Desktop\meta-bi\Samples\Demos\MetaOrchestrationHairballCliIntegration\Runs\hairball-seed-20260530\RunArtifacts\runs\20260603-170336_46327b50f01a433d8bb3ad9d12fb1de2\logs\Layer03Node03-2560.stderr.log
2026-06-03T17:03:55.2036690+00:00	WorkerEvent	Layer03Node03	WorkerOnline; ExitCode=0; online
2026-06-03T17:03:55.2049596+00:00	WorkerEvent	Layer03Node03	WorkerReady; ExitCode=0; ready
2026-06-03T17:03:55.2073015+00:00	StartPipeline	Layer03Node03	Layer03Node03
2026-06-03T17:03:55.5737830+00:00	WorkerEvent	Layer03Node03	PipelineStarted; ExitCode=0; pipeline started
2026-06-03T17:03:55.5756139+00:00	WorkerEvent	Layer03Node03.export-l03-n03	TaskReady; ExitCode=0; 
2026-06-03T17:03:55.5766232+00:00	GrantTask	Layer03Node03.export-l03-n03	Layer03Node03.export-l03-n03; GrantId=grant-38; Attempt=1
2026-06-03T17:03:55.5772907+00:00	WorkerEvent	Layer03Node03.export-l03-n03	GrantAccepted; ExitCode=0; 
2026-06-03T17:03:55.5777905+00:00	WorkerEvent	Layer03Node03.export-l03-n03	TaskStarted; ExitCode=0; 
2026-06-03T17:03:55.9115776+00:00	WorkerEvent	Layer03Node03.export-l03-n03	TaskSucceeded; ExitCode=0; 
2026-06-03T17:03:55.9123667+00:00	TaskSucceeded	Layer03Node03.export-l03-n03	0
2026-06-03T17:03:55.9335163+00:00	WorkerEvent	Layer03Node03	Closed; ExitCode=0; 
2026-06-03T17:03:55.9340833+00:00	WorkerStarting	Layer03Node04	meta-pipeline
2026-06-03T17:03:55.9999673+00:00	WorkerStarted	Layer03Node04	31696
2026-06-03T17:03:56.0002431+00:00	WorkerControlPipe	Layer03Node04	meta-orchestration-4b18e88658e742ca96e8605faf27dc5f
2026-06-03T17:03:56.0006617+00:00	WorkerLog	Layer03Node04	stdout=C:\Users\jimmy\Desktop\meta-bi\Samples\Demos\MetaOrchestrationHairballCliIntegration\Runs\hairball-seed-20260530\RunArtifacts\runs\20260603-170336_46327b50f01a433d8bb3ad9d12fb1de2\logs\Layer03Node04-31696.stdout.log; stderr=C:\Users\jimmy\Desktop\meta-bi\Samples\Demos\MetaOrchestrationHairballCliIntegration\Runs\hairball-seed-20260530\RunArtifacts\runs\20260603-170336_46327b50f01a433d8bb3ad9d12fb1de2\logs\Layer03Node04-31696.stderr.log
2026-06-03T17:03:56.0141768+00:00	WorkerEvent	Layer03Node04	WorkerOnline; ExitCode=0; online
2026-06-03T17:03:56.0154833+00:00	WorkerEvent	Layer03Node04	WorkerReady; ExitCode=0; ready
2026-06-03T17:03:56.0176187+00:00	StartPipeline	Layer03Node04	Layer03Node04
2026-06-03T17:03:56.4016463+00:00	WorkerEvent	Layer03Node04	PipelineStarted; ExitCode=0; pipeline started
2026-06-03T17:03:56.4029653+00:00	WorkerEvent	Layer03Node04.select-l03-n04	TaskReady; ExitCode=0; 
2026-06-03T17:03:56.4038241+00:00	GrantTask	Layer03Node04.select-l03-n04	Layer03Node04.select-l03-n04; GrantId=grant-39; Attempt=1
2026-06-03T17:03:56.4044821+00:00	WorkerEvent	Layer03Node04.select-l03-n04	GrantAccepted; ExitCode=0; 
2026-06-03T17:03:56.4050304+00:00	WorkerEvent	Layer03Node04.select-l03-n04	TaskStarted; ExitCode=0; 
2026-06-03T17:03:56.6714721+00:00	WorkerEvent	Layer03Node04.select-l03-n04	TaskSucceeded; ExitCode=0; 
2026-06-03T17:03:56.6722680+00:00	TaskSucceeded	Layer03Node04.select-l03-n04	0
2026-06-03T17:03:56.6930584+00:00	WorkerEvent	Layer03Node04	Closed; ExitCode=0; 
2026-06-03T17:03:56.6936845+00:00	WorkerStarting	Layer03Node05	meta-pipeline
2026-06-03T17:03:56.7611129+00:00	WorkerStarted	Layer03Node05	3568
2026-06-03T17:03:56.7615073+00:00	WorkerControlPipe	Layer03Node05	meta-orchestration-bb4f9756c6d640f3b262536c5975f525
2026-06-03T17:03:56.7621087+00:00	WorkerLog	Layer03Node05	stdout=C:\Users\jimmy\Desktop\meta-bi\Samples\Demos\MetaOrchestrationHairballCliIntegration\Runs\hairball-seed-20260530\RunArtifacts\runs\20260603-170336_46327b50f01a433d8bb3ad9d12fb1de2\logs\Layer03Node05-3568.stdout.log; stderr=C:\Users\jimmy\Desktop\meta-bi\Samples\Demos\MetaOrchestrationHairballCliIntegration\Runs\hairball-seed-20260530\RunArtifacts\runs\20260603-170336_46327b50f01a433d8bb3ad9d12fb1de2\logs\Layer03Node05-3568.stderr.log
2026-06-03T17:03:56.7753946+00:00	WorkerEvent	Layer03Node05	WorkerOnline; ExitCode=0; online
2026-06-03T17:03:56.7767338+00:00	WorkerEvent	Layer03Node05	WorkerReady; ExitCode=0; ready
2026-06-03T17:03:56.7789568+00:00	StartPipeline	Layer03Node05	Layer03Node05
2026-06-03T17:03:57.1445772+00:00	WorkerEvent	Layer03Node05	PipelineStarted; ExitCode=0; pipeline started
2026-06-03T17:03:57.1461547+00:00	WorkerEvent	Layer03Node05.select-l03-n05	TaskReady; ExitCode=0; 
2026-06-03T17:03:57.1468420+00:00	GrantTask	Layer03Node05.select-l03-n05	Layer03Node05.select-l03-n05; GrantId=grant-40; Attempt=1
2026-06-03T17:03:57.1473200+00:00	WorkerEvent	Layer03Node05.select-l03-n05	GrantAccepted; ExitCode=0; 
2026-06-03T17:03:57.1479419+00:00	WorkerEvent	Layer03Node05.select-l03-n05	TaskStarted; ExitCode=0; 
2026-06-03T17:03:57.4038914+00:00	WorkerEvent	Layer03Node05.select-l03-n05	TaskSucceeded; ExitCode=0; 
2026-06-03T17:03:57.4045741+00:00	TaskSucceeded	Layer03Node05.select-l03-n05	0
2026-06-03T17:03:57.4284048+00:00	WorkerEvent	Layer03Node05	Closed; ExitCode=0; 
2026-06-03T17:03:57.4295657+00:00	WorkerStarting	Layer03Node06	meta-pipeline
2026-06-03T17:03:57.4977222+00:00	WorkerStarted	Layer03Node06	8976
2026-06-03T17:03:57.4979940+00:00	WorkerControlPipe	Layer03Node06	meta-orchestration-00ef5646b9904bc4bb94c795ed294e59
2026-06-03T17:03:57.4982986+00:00	WorkerLog	Layer03Node06	stdout=C:\Users\jimmy\Desktop\meta-bi\Samples\Demos\MetaOrchestrationHairballCliIntegration\Runs\hairball-seed-20260530\RunArtifacts\runs\20260603-170336_46327b50f01a433d8bb3ad9d12fb1de2\logs\Layer03Node06-8976.stdout.log; stderr=C:\Users\jimmy\Desktop\meta-bi\Samples\Demos\MetaOrchestrationHairballCliIntegration\Runs\hairball-seed-20260530\RunArtifacts\runs\20260603-170336_46327b50f01a433d8bb3ad9d12fb1de2\logs\Layer03Node06-8976.stderr.log
2026-06-03T17:03:57.5117123+00:00	WorkerEvent	Layer03Node06	WorkerOnline; ExitCode=0; online
2026-06-03T17:03:57.5131602+00:00	WorkerEvent	Layer03Node06	WorkerReady; ExitCode=0; ready
2026-06-03T17:03:57.5152978+00:00	StartPipeline	Layer03Node06	Layer03Node06
2026-06-03T17:03:57.8527563+00:00	WorkerEvent	Layer03Node06	PipelineStarted; ExitCode=0; pipeline started
2026-06-03T17:03:57.8542826+00:00	WorkerEvent	Layer03Node06.refresh-l03-n06	TaskReady; ExitCode=0; 
2026-06-03T17:03:57.8550054+00:00	GrantTask	Layer03Node06.refresh-l03-n06	Layer03Node06.refresh-l03-n06; GrantId=grant-41; Attempt=1
2026-06-03T17:03:57.8554489+00:00	WorkerEvent	Layer03Node06.refresh-l03-n06	GrantAccepted; ExitCode=0; 
2026-06-03T17:03:57.8559859+00:00	WorkerEvent	Layer03Node06.refresh-l03-n06	TaskStarted; ExitCode=0; 
2026-06-03T17:03:58.0962539+00:00	WorkerEvent	Layer03Node06.refresh-l03-n06	TaskSucceeded; ExitCode=0; 
2026-06-03T17:03:58.0968255+00:00	TaskSucceeded	Layer03Node06.refresh-l03-n06	0
2026-06-03T17:03:58.1174052+00:00	WorkerEvent	Layer03Node06	Closed; ExitCode=0; 
2026-06-03T17:03:58.1179965+00:00	WorkerStarting	Layer03Node07	meta-pipeline
2026-06-03T17:03:58.1874363+00:00	WorkerStarted	Layer03Node07	23668
2026-06-03T17:03:58.1877104+00:00	WorkerControlPipe	Layer03Node07	meta-orchestration-99c67002fa54484694e945e301c3c4db
2026-06-03T17:03:58.1880615+00:00	WorkerLog	Layer03Node07	stdout=C:\Users\jimmy\Desktop\meta-bi\Samples\Demos\MetaOrchestrationHairballCliIntegration\Runs\hairball-seed-20260530\RunArtifacts\runs\20260603-170336_46327b50f01a433d8bb3ad9d12fb1de2\logs\Layer03Node07-23668.stdout.log; stderr=C:\Users\jimmy\Desktop\meta-bi\Samples\Demos\MetaOrchestrationHairballCliIntegration\Runs\hairball-seed-20260530\RunArtifacts\runs\20260603-170336_46327b50f01a433d8bb3ad9d12fb1de2\logs\Layer03Node07-23668.stderr.log
2026-06-03T17:03:58.2015135+00:00	WorkerEvent	Layer03Node07	WorkerOnline; ExitCode=0; online
2026-06-03T17:03:58.2031330+00:00	WorkerEvent	Layer03Node07	WorkerReady; ExitCode=0; ready
2026-06-03T17:03:58.2055195+00:00	StartPipeline	Layer03Node07	Layer03Node07
2026-06-03T17:03:58.5554183+00:00	WorkerEvent	Layer03Node07	PipelineStarted; ExitCode=0; pipeline started
2026-06-03T17:03:58.5565951+00:00	WorkerEvent	Layer03Node07.refresh-l03-n07	TaskReady; ExitCode=0; 
2026-06-03T17:03:58.5571694+00:00	GrantTask	Layer03Node07.refresh-l03-n07	Layer03Node07.refresh-l03-n07; GrantId=grant-42; Attempt=1
2026-06-03T17:03:58.5575739+00:00	WorkerEvent	Layer03Node07.refresh-l03-n07	GrantAccepted; ExitCode=0; 
2026-06-03T17:03:58.5580660+00:00	WorkerEvent	Layer03Node07.refresh-l03-n07	TaskStarted; ExitCode=0; 
2026-06-03T17:03:58.8006456+00:00	WorkerEvent	Layer03Node07.refresh-l03-n07	TaskSucceeded; ExitCode=0; 
2026-06-03T17:03:58.8012827+00:00	TaskSucceeded	Layer03Node07.refresh-l03-n07	0
2026-06-03T17:03:58.8207845+00:00	WorkerEvent	Layer03Node07	Closed; ExitCode=0; 
2026-06-03T17:03:58.8214083+00:00	WorkerStarting	Layer03Hub	meta-pipeline
2026-06-03T17:03:58.8905549+00:00	WorkerStarted	Layer03Hub	28188
2026-06-03T17:03:58.8908189+00:00	WorkerControlPipe	Layer03Hub	meta-orchestration-5a18bf5c0bfd47018c16cb6e2baf7b5d
2026-06-03T17:03:58.8913211+00:00	WorkerLog	Layer03Hub	stdout=C:\Users\jimmy\Desktop\meta-bi\Samples\Demos\MetaOrchestrationHairballCliIntegration\Runs\hairball-seed-20260530\RunArtifacts\runs\20260603-170336_46327b50f01a433d8bb3ad9d12fb1de2\logs\Layer03Hub-28188.stdout.log; stderr=C:\Users\jimmy\Desktop\meta-bi\Samples\Demos\MetaOrchestrationHairballCliIntegration\Runs\hairball-seed-20260530\RunArtifacts\runs\20260603-170336_46327b50f01a433d8bb3ad9d12fb1de2\logs\Layer03Hub-28188.stderr.log
2026-06-03T17:03:58.9129423+00:00	WorkerEvent	Layer03Hub	WorkerOnline; ExitCode=0; online
2026-06-03T17:03:58.9142972+00:00	WorkerEvent	Layer03Hub	WorkerReady; ExitCode=0; ready
2026-06-03T17:03:58.9166249+00:00	StartPipeline	Layer03Hub	Layer03Hub
2026-06-03T17:03:59.3834318+00:00	WorkerEvent	Layer03Hub	PipelineStarted; ExitCode=0; pipeline started
2026-06-03T17:03:59.3846484+00:00	WorkerEvent	Layer03Hub.hub-l03-stage	TaskReady; ExitCode=0; 
2026-06-03T17:03:59.3851873+00:00	GrantTask	Layer03Hub.hub-l03-stage	Layer03Hub.hub-l03-stage; GrantId=grant-43; Attempt=1
2026-06-03T17:03:59.3856392+00:00	WorkerEvent	Layer03Hub.hub-l03-stage	GrantAccepted; ExitCode=0; 
2026-06-03T17:03:59.3860813+00:00	WorkerEvent	Layer03Hub.hub-l03-stage	TaskStarted; ExitCode=0; 
2026-06-03T17:03:59.6457475+00:00	WorkerEvent	Layer03Hub.hub-l03-stage	TaskSucceeded; ExitCode=0; 
2026-06-03T17:03:59.6461948+00:00	TaskSucceeded	Layer03Hub.hub-l03-stage	0
2026-06-03T17:03:59.6467080+00:00	WorkerEvent	Layer03Hub.hub-l03-curate	TaskReady; ExitCode=0; 
2026-06-03T17:03:59.6473398+00:00	GrantTask	Layer03Hub.hub-l03-curate	Layer03Hub.hub-l03-curate; GrantId=grant-44; Attempt=1
2026-06-03T17:03:59.6477408+00:00	WorkerEvent	Layer03Hub.hub-l03-curate	GrantAccepted; ExitCode=0; 
2026-06-03T17:03:59.6482707+00:00	WorkerEvent	Layer03Hub.hub-l03-curate	TaskStarted; ExitCode=0; 
2026-06-03T17:03:59.7027470+00:00	WorkerEvent	Layer03Hub.hub-l03-curate	TaskSucceeded; ExitCode=0; 
2026-06-03T17:03:59.7032640+00:00	TaskSucceeded	Layer03Hub.hub-l03-curate	0
2026-06-03T17:03:59.7037809+00:00	WorkerEvent	Layer03Hub.hub-l03-publish	TaskReady; ExitCode=0; 
2026-06-03T17:03:59.7042653+00:00	GrantTask	Layer03Hub.hub-l03-publish	Layer03Hub.hub-l03-publish; GrantId=grant-45; Attempt=1
2026-06-03T17:03:59.7045790+00:00	WorkerEvent	Layer03Hub.hub-l03-publish	GrantAccepted; ExitCode=0; 
2026-06-03T17:03:59.7051011+00:00	WorkerEvent	Layer03Hub.hub-l03-publish	TaskStarted; ExitCode=0; 
2026-06-03T17:03:59.7983112+00:00	WorkerEvent	Layer03Hub.hub-l03-publish	TaskSucceeded; ExitCode=0; 
2026-06-03T17:03:59.7988024+00:00	TaskSucceeded	Layer03Hub.hub-l03-publish	0
2026-06-03T17:03:59.8214725+00:00	WorkerEvent	Layer03Hub	Closed; ExitCode=0; 
2026-06-03T17:03:59.8219932+00:00	WorkerStarting	Layer03Node08	meta-pipeline
2026-06-03T17:03:59.8883231+00:00	WorkerStarted	Layer03Node08	7640
2026-06-03T17:03:59.8885800+00:00	WorkerControlPipe	Layer03Node08	meta-orchestration-0ddee87cd13a41eb8948c34c1ad34581
2026-06-03T17:03:59.8889781+00:00	WorkerLog	Layer03Node08	stdout=C:\Users\jimmy\Desktop\meta-bi\Samples\Demos\MetaOrchestrationHairballCliIntegration\Runs\hairball-seed-20260530\RunArtifacts\runs\20260603-170336_46327b50f01a433d8bb3ad9d12fb1de2\logs\Layer03Node08-7640.stdout.log; stderr=C:\Users\jimmy\Desktop\meta-bi\Samples\Demos\MetaOrchestrationHairballCliIntegration\Runs\hairball-seed-20260530\RunArtifacts\runs\20260603-170336_46327b50f01a433d8bb3ad9d12fb1de2\logs\Layer03Node08-7640.stderr.log
2026-06-03T17:03:59.9020827+00:00	WorkerEvent	Layer03Node08	WorkerOnline; ExitCode=0; online
2026-06-03T17:03:59.9034125+00:00	WorkerEvent	Layer03Node08	WorkerReady; ExitCode=0; ready
2026-06-03T17:03:59.9055965+00:00	StartPipeline	Layer03Node08	Layer03Node08
2026-06-03T17:04:00.2648010+00:00	WorkerEvent	Layer03Node08	PipelineStarted; ExitCode=0; pipeline started
2026-06-03T17:04:00.2659894+00:00	WorkerEvent	Layer03Node08.export-l03-n08	TaskReady; ExitCode=0; 
2026-06-03T17:04:00.2665676+00:00	GrantTask	Layer03Node08.export-l03-n08	Layer03Node08.export-l03-n08; GrantId=grant-46; Attempt=1
2026-06-03T17:04:00.2669161+00:00	WorkerEvent	Layer03Node08.export-l03-n08	GrantAccepted; ExitCode=0; 
2026-06-03T17:04:00.2673957+00:00	WorkerEvent	Layer03Node08.export-l03-n08	TaskStarted; ExitCode=0; 
2026-06-03T17:04:00.5670393+00:00	WorkerEvent	Layer03Node08.export-l03-n08	TaskSucceeded; ExitCode=0; 
2026-06-03T17:04:00.5676345+00:00	TaskSucceeded	Layer03Node08.export-l03-n08	0
2026-06-03T17:04:00.5881583+00:00	WorkerEvent	Layer03Node08	Closed; ExitCode=0; 
2026-06-03T17:04:00.5887023+00:00	WorkerStarting	Layer03Node10	meta-pipeline
2026-06-03T17:04:00.6676738+00:00	WorkerStarted	Layer03Node10	29648
2026-06-03T17:04:00.6679860+00:00	WorkerControlPipe	Layer03Node10	meta-orchestration-2e172a010ad74b7ca2161c6e4d5b1f0c
2026-06-03T17:04:00.6682998+00:00	WorkerLog	Layer03Node10	stdout=C:\Users\jimmy\Desktop\meta-bi\Samples\Demos\MetaOrchestrationHairballCliIntegration\Runs\hairball-seed-20260530\RunArtifacts\runs\20260603-170336_46327b50f01a433d8bb3ad9d12fb1de2\logs\Layer03Node10-29648.stdout.log; stderr=C:\Users\jimmy\Desktop\meta-bi\Samples\Demos\MetaOrchestrationHairballCliIntegration\Runs\hairball-seed-20260530\RunArtifacts\runs\20260603-170336_46327b50f01a433d8bb3ad9d12fb1de2\logs\Layer03Node10-29648.stderr.log
2026-06-03T17:04:00.6826114+00:00	WorkerEvent	Layer03Node10	WorkerOnline; ExitCode=0; online
2026-06-03T17:04:00.6840133+00:00	WorkerEvent	Layer03Node10	WorkerReady; ExitCode=0; ready
2026-06-03T17:04:00.6862123+00:00	StartPipeline	Layer03Node10	Layer03Node10
2026-06-03T17:04:01.0413549+00:00	WorkerEvent	Layer03Node10	PipelineStarted; ExitCode=0; pipeline started
2026-06-03T17:04:01.0426677+00:00	WorkerEvent	Layer03Node10.refresh-l03-n10	TaskReady; ExitCode=0; 
2026-06-03T17:04:01.0434736+00:00	GrantTask	Layer03Node10.refresh-l03-n10	Layer03Node10.refresh-l03-n10; GrantId=grant-47; Attempt=1
2026-06-03T17:04:01.0439621+00:00	WorkerEvent	Layer03Node10.refresh-l03-n10	GrantAccepted; ExitCode=0; 
2026-06-03T17:04:01.0445192+00:00	WorkerEvent	Layer03Node10.refresh-l03-n10	TaskStarted; ExitCode=0; 
2026-06-03T17:04:01.2822836+00:00	WorkerEvent	Layer03Node10.refresh-l03-n10	TaskSucceeded; ExitCode=0; 
2026-06-03T17:04:01.2830535+00:00	TaskSucceeded	Layer03Node10.refresh-l03-n10	0
2026-06-03T17:04:01.3038144+00:00	WorkerEvent	Layer03Node10	Closed; ExitCode=0; 
2026-06-03T17:04:01.3046737+00:00	WorkerStarting	Layer04Node01	meta-pipeline
2026-06-03T17:04:01.3718523+00:00	WorkerStarted	Layer04Node01	768
2026-06-03T17:04:01.3721061+00:00	WorkerControlPipe	Layer04Node01	meta-orchestration-e98ff055197944b6aa50fe41dae8cc17
2026-06-03T17:04:01.3723608+00:00	WorkerLog	Layer04Node01	stdout=C:\Users\jimmy\Desktop\meta-bi\Samples\Demos\MetaOrchestrationHairballCliIntegration\Runs\hairball-seed-20260530\RunArtifacts\runs\20260603-170336_46327b50f01a433d8bb3ad9d12fb1de2\logs\Layer04Node01-768.stdout.log; stderr=C:\Users\jimmy\Desktop\meta-bi\Samples\Demos\MetaOrchestrationHairballCliIntegration\Runs\hairball-seed-20260530\RunArtifacts\runs\20260603-170336_46327b50f01a433d8bb3ad9d12fb1de2\logs\Layer04Node01-768.stderr.log
2026-06-03T17:04:01.3856336+00:00	WorkerEvent	Layer04Node01	WorkerOnline; ExitCode=0; online
2026-06-03T17:04:01.3872286+00:00	WorkerEvent	Layer04Node01	WorkerReady; ExitCode=0; ready
2026-06-03T17:04:01.3892869+00:00	StartPipeline	Layer04Node01	Layer04Node01
2026-06-03T17:04:01.7380141+00:00	WorkerEvent	Layer04Node01	PipelineStarted; ExitCode=0; pipeline started
2026-06-03T17:04:01.7397879+00:00	WorkerEvent	Layer04Node01.refresh-l04-n01	TaskReady; ExitCode=0; 
2026-06-03T17:04:01.7406939+00:00	GrantTask	Layer04Node01.refresh-l04-n01	Layer04Node01.refresh-l04-n01; GrantId=grant-48; Attempt=1
2026-06-03T17:04:01.7411918+00:00	WorkerEvent	Layer04Node01.refresh-l04-n01	GrantAccepted; ExitCode=0; 
2026-06-03T17:04:01.7421783+00:00	WorkerEvent	Layer04Node01.refresh-l04-n01	TaskStarted; ExitCode=0; 
2026-06-03T17:04:01.9878348+00:00	WorkerEvent	Layer04Node01.refresh-l04-n01	TaskSucceeded; ExitCode=0; 
2026-06-03T17:04:01.9884829+00:00	TaskSucceeded	Layer04Node01.refresh-l04-n01	0
2026-06-03T17:04:02.0084473+00:00	WorkerEvent	Layer04Node01	Closed; ExitCode=0; 
2026-06-03T17:04:02.0092104+00:00	WorkerStarting	Layer04Node02	meta-pipeline
2026-06-03T17:04:02.0766789+00:00	WorkerStarted	Layer04Node02	30952
2026-06-03T17:04:02.0769610+00:00	WorkerControlPipe	Layer04Node02	meta-orchestration-30a6d1f83e6543078a72a53233091711
2026-06-03T17:04:02.0771787+00:00	WorkerLog	Layer04Node02	stdout=C:\Users\jimmy\Desktop\meta-bi\Samples\Demos\MetaOrchestrationHairballCliIntegration\Runs\hairball-seed-20260530\RunArtifacts\runs\20260603-170336_46327b50f01a433d8bb3ad9d12fb1de2\logs\Layer04Node02-30952.stdout.log; stderr=C:\Users\jimmy\Desktop\meta-bi\Samples\Demos\MetaOrchestrationHairballCliIntegration\Runs\hairball-seed-20260530\RunArtifacts\runs\20260603-170336_46327b50f01a433d8bb3ad9d12fb1de2\logs\Layer04Node02-30952.stderr.log
2026-06-03T17:04:02.0967900+00:00	WorkerEvent	Layer04Node02	WorkerOnline; ExitCode=0; online
2026-06-03T17:04:02.0982875+00:00	WorkerEvent	Layer04Node02	WorkerReady; ExitCode=0; ready
2026-06-03T17:04:02.1003938+00:00	StartPipeline	Layer04Node02	Layer04Node02
2026-06-03T17:04:02.4538973+00:00	WorkerEvent	Layer04Node02	PipelineStarted; ExitCode=0; pipeline started
2026-06-03T17:04:02.4550787+00:00	WorkerEvent	Layer04Node02.export-l04-n02	TaskReady; ExitCode=0; 
2026-06-03T17:04:02.4558851+00:00	GrantTask	Layer04Node02.export-l04-n02	Layer04Node02.export-l04-n02; GrantId=grant-49; Attempt=1
2026-06-03T17:04:02.4562941+00:00	WorkerEvent	Layer04Node02.export-l04-n02	GrantAccepted; ExitCode=0; 
2026-06-03T17:04:02.4569666+00:00	WorkerEvent	Layer04Node02.export-l04-n02	TaskStarted; ExitCode=0; 
2026-06-03T17:04:02.7587880+00:00	WorkerEvent	Layer04Node02.export-l04-n02	TaskSucceeded; ExitCode=0; 
2026-06-03T17:04:02.7594397+00:00	TaskSucceeded	Layer04Node02.export-l04-n02	0
2026-06-03T17:04:02.7803040+00:00	WorkerEvent	Layer04Node02	Closed; ExitCode=0; 
2026-06-03T17:04:02.7808730+00:00	WorkerStarting	Layer04Node03	meta-pipeline
2026-06-03T17:04:02.8482328+00:00	WorkerStarted	Layer04Node03	4292
2026-06-03T17:04:02.8485479+00:00	WorkerControlPipe	Layer04Node03	meta-orchestration-4fb2d79c1fe648ddab22656281496d66
2026-06-03T17:04:02.8490403+00:00	WorkerLog	Layer04Node03	stdout=C:\Users\jimmy\Desktop\meta-bi\Samples\Demos\MetaOrchestrationHairballCliIntegration\Runs\hairball-seed-20260530\RunArtifacts\runs\20260603-170336_46327b50f01a433d8bb3ad9d12fb1de2\logs\Layer04Node03-4292.stdout.log; stderr=C:\Users\jimmy\Desktop\meta-bi\Samples\Demos\MetaOrchestrationHairballCliIntegration\Runs\hairball-seed-20260530\RunArtifacts\runs\20260603-170336_46327b50f01a433d8bb3ad9d12fb1de2\logs\Layer04Node03-4292.stderr.log
2026-06-03T17:04:02.8623170+00:00	WorkerEvent	Layer04Node03	WorkerOnline; ExitCode=0; online
2026-06-03T17:04:02.8636211+00:00	WorkerEvent	Layer04Node03	WorkerReady; ExitCode=0; ready
2026-06-03T17:04:02.8656979+00:00	StartPipeline	Layer04Node03	Layer04Node03
2026-06-03T17:04:03.2301461+00:00	WorkerEvent	Layer04Node03	PipelineStarted; ExitCode=0; pipeline started
2026-06-03T17:04:03.2314844+00:00	WorkerEvent	Layer04Node03.refresh-l04-n03	TaskReady; ExitCode=0; 
2026-06-03T17:04:03.2322508+00:00	GrantTask	Layer04Node03.refresh-l04-n03	Layer04Node03.refresh-l04-n03; GrantId=grant-50; Attempt=1
2026-06-03T17:04:03.2326824+00:00	WorkerEvent	Layer04Node03.refresh-l04-n03	GrantAccepted; ExitCode=0; 
2026-06-03T17:04:03.2333811+00:00	WorkerEvent	Layer04Node03.refresh-l04-n03	TaskStarted; ExitCode=0; 
2026-06-03T17:04:03.4714042+00:00	WorkerEvent	Layer04Node03.refresh-l04-n03	TaskSucceeded; ExitCode=0; 
2026-06-03T17:04:03.4719884+00:00	TaskSucceeded	Layer04Node03.refresh-l04-n03	0
2026-06-03T17:04:03.4928981+00:00	WorkerEvent	Layer04Node03	Closed; ExitCode=0; 
2026-06-03T17:04:03.4935588+00:00	WorkerStarting	Layer04Node04	meta-pipeline
2026-06-03T17:04:03.5619109+00:00	WorkerStarted	Layer04Node04	27036
2026-06-03T17:04:03.5622259+00:00	WorkerControlPipe	Layer04Node04	meta-orchestration-fd5446558c4b4ed985166f8ad00b22d0
2026-06-03T17:04:03.5626305+00:00	WorkerLog	Layer04Node04	stdout=C:\Users\jimmy\Desktop\meta-bi\Samples\Demos\MetaOrchestrationHairballCliIntegration\Runs\hairball-seed-20260530\RunArtifacts\runs\20260603-170336_46327b50f01a433d8bb3ad9d12fb1de2\logs\Layer04Node04-27036.stdout.log; stderr=C:\Users\jimmy\Desktop\meta-bi\Samples\Demos\MetaOrchestrationHairballCliIntegration\Runs\hairball-seed-20260530\RunArtifacts\runs\20260603-170336_46327b50f01a433d8bb3ad9d12fb1de2\logs\Layer04Node04-27036.stderr.log
2026-06-03T17:04:03.5761240+00:00	WorkerEvent	Layer04Node04	WorkerOnline; ExitCode=0; online
2026-06-03T17:04:03.5776806+00:00	WorkerEvent	Layer04Node04	WorkerReady; ExitCode=0; ready
2026-06-03T17:04:03.5799901+00:00	StartPipeline	Layer04Node04	Layer04Node04
2026-06-03T17:04:03.9338357+00:00	WorkerEvent	Layer04Node04	PipelineStarted; ExitCode=0; pipeline started
2026-06-03T17:04:03.9351615+00:00	WorkerEvent	Layer04Node04.refresh-l04-n04	TaskReady; ExitCode=0; 
2026-06-03T17:04:03.9359263+00:00	GrantTask	Layer04Node04.refresh-l04-n04	Layer04Node04.refresh-l04-n04; GrantId=grant-51; Attempt=1
2026-06-03T17:04:03.9364786+00:00	WorkerEvent	Layer04Node04.refresh-l04-n04	GrantAccepted; ExitCode=0; 
2026-06-03T17:04:03.9371944+00:00	WorkerEvent	Layer04Node04.refresh-l04-n04	TaskStarted; ExitCode=0; 
2026-06-03T17:04:04.1779327+00:00	WorkerEvent	Layer04Node04.refresh-l04-n04	TaskSucceeded; ExitCode=0; 
2026-06-03T17:04:04.1785176+00:00	TaskSucceeded	Layer04Node04.refresh-l04-n04	0
2026-06-03T17:04:04.2006582+00:00	WorkerEvent	Layer04Node04	Closed; ExitCode=0; 
2026-06-03T17:04:04.2013142+00:00	WorkerStarting	Layer04Node05	meta-pipeline
2026-06-03T17:04:04.2690611+00:00	WorkerStarted	Layer04Node05	27248
2026-06-03T17:04:04.2693177+00:00	WorkerControlPipe	Layer04Node05	meta-orchestration-07c348d975aa4bfdb44b908eb6faa975
2026-06-03T17:04:04.2696764+00:00	WorkerLog	Layer04Node05	stdout=C:\Users\jimmy\Desktop\meta-bi\Samples\Demos\MetaOrchestrationHairballCliIntegration\Runs\hairball-seed-20260530\RunArtifacts\runs\20260603-170336_46327b50f01a433d8bb3ad9d12fb1de2\logs\Layer04Node05-27248.stdout.log; stderr=C:\Users\jimmy\Desktop\meta-bi\Samples\Demos\MetaOrchestrationHairballCliIntegration\Runs\hairball-seed-20260530\RunArtifacts\runs\20260603-170336_46327b50f01a433d8bb3ad9d12fb1de2\logs\Layer04Node05-27248.stderr.log
2026-06-03T17:04:04.2828346+00:00	WorkerEvent	Layer04Node05	WorkerOnline; ExitCode=0; online
2026-06-03T17:04:04.2866906+00:00	WorkerEvent	Layer04Node05	WorkerReady; ExitCode=0; ready
2026-06-03T17:04:04.2887733+00:00	StartPipeline	Layer04Node05	Layer04Node05
2026-06-03T17:04:04.6548910+00:00	WorkerEvent	Layer04Node05	PipelineStarted; ExitCode=0; pipeline started
2026-06-03T17:04:04.6563428+00:00	WorkerEvent	Layer04Node05.select-l04-n05	TaskReady; ExitCode=0; 
2026-06-03T17:04:04.6574027+00:00	GrantTask	Layer04Node05.select-l04-n05	Layer04Node05.select-l04-n05; GrantId=grant-52; Attempt=1
2026-06-03T17:04:04.6579033+00:00	WorkerEvent	Layer04Node05.select-l04-n05	GrantAccepted; ExitCode=0; 
2026-06-03T17:04:04.6588295+00:00	WorkerEvent	Layer04Node05.select-l04-n05	TaskStarted; ExitCode=0; 
2026-06-03T17:04:04.9291133+00:00	WorkerEvent	Layer04Node05.select-l04-n05	TaskSucceeded; ExitCode=0; 
2026-06-03T17:04:04.9297498+00:00	TaskSucceeded	Layer04Node05.select-l04-n05	0
2026-06-03T17:04:04.9506316+00:00	WorkerEvent	Layer04Node05	Closed; ExitCode=0; 
2026-06-03T17:04:04.9511878+00:00	WorkerStarting	Layer04Node06	meta-pipeline
2026-06-03T17:04:05.0185763+00:00	WorkerStarted	Layer04Node06	26544
2026-06-03T17:04:05.0188435+00:00	WorkerControlPipe	Layer04Node06	meta-orchestration-e63f82c5404647efacf0de524ed5620d
2026-06-03T17:04:05.0192038+00:00	WorkerLog	Layer04Node06	stdout=C:\Users\jimmy\Desktop\meta-bi\Samples\Demos\MetaOrchestrationHairballCliIntegration\Runs\hairball-seed-20260530\RunArtifacts\runs\20260603-170336_46327b50f01a433d8bb3ad9d12fb1de2\logs\Layer04Node06-26544.stdout.log; stderr=C:\Users\jimmy\Desktop\meta-bi\Samples\Demos\MetaOrchestrationHairballCliIntegration\Runs\hairball-seed-20260530\RunArtifacts\runs\20260603-170336_46327b50f01a433d8bb3ad9d12fb1de2\logs\Layer04Node06-26544.stderr.log
2026-06-03T17:04:05.0323747+00:00	WorkerEvent	Layer04Node06	WorkerOnline; ExitCode=0; online
2026-06-03T17:04:05.0338737+00:00	WorkerEvent	Layer04Node06	WorkerReady; ExitCode=0; ready
2026-06-03T17:04:05.0360023+00:00	StartPipeline	Layer04Node06	Layer04Node06
2026-06-03T17:04:05.3865827+00:00	WorkerEvent	Layer04Node06	PipelineStarted; ExitCode=0; pipeline started
2026-06-03T17:04:05.3877801+00:00	WorkerEvent	Layer04Node06.refresh-l04-n06	TaskReady; ExitCode=0; 
2026-06-03T17:04:05.3883867+00:00	GrantTask	Layer04Node06.refresh-l04-n06	Layer04Node06.refresh-l04-n06; GrantId=grant-53; Attempt=1
2026-06-03T17:04:05.3887846+00:00	WorkerEvent	Layer04Node06.refresh-l04-n06	GrantAccepted; ExitCode=0; 
2026-06-03T17:04:05.3894067+00:00	WorkerEvent	Layer04Node06.refresh-l04-n06	TaskStarted; ExitCode=0; 
2026-06-03T17:04:05.6351671+00:00	WorkerEvent	Layer04Node06.refresh-l04-n06	TaskSucceeded; ExitCode=0; 
2026-06-03T17:04:05.6357394+00:00	TaskSucceeded	Layer04Node06.refresh-l04-n06	0
2026-06-03T17:04:05.6559220+00:00	WorkerEvent	Layer04Node06	Closed; ExitCode=0; 
2026-06-03T17:04:05.6566042+00:00	WorkerStarting	Layer04Node07	meta-pipeline
2026-06-03T17:04:05.7238334+00:00	WorkerStarted	Layer04Node07	27340
2026-06-03T17:04:05.7241195+00:00	WorkerControlPipe	Layer04Node07	meta-orchestration-64ab2a0552c34ac09e7085ec6ea27470
2026-06-03T17:04:05.7244966+00:00	WorkerLog	Layer04Node07	stdout=C:\Users\jimmy\Desktop\meta-bi\Samples\Demos\MetaOrchestrationHairballCliIntegration\Runs\hairball-seed-20260530\RunArtifacts\runs\20260603-170336_46327b50f01a433d8bb3ad9d12fb1de2\logs\Layer04Node07-27340.stdout.log; stderr=C:\Users\jimmy\Desktop\meta-bi\Samples\Demos\MetaOrchestrationHairballCliIntegration\Runs\hairball-seed-20260530\RunArtifacts\runs\20260603-170336_46327b50f01a433d8bb3ad9d12fb1de2\logs\Layer04Node07-27340.stderr.log
2026-06-03T17:04:05.7396719+00:00	WorkerEvent	Layer04Node07	WorkerOnline; ExitCode=0; online
2026-06-03T17:04:05.7413964+00:00	WorkerEvent	Layer04Node07	WorkerReady; ExitCode=0; ready
2026-06-03T17:04:05.7438264+00:00	StartPipeline	Layer04Node07	Layer04Node07
2026-06-03T17:04:06.0863784+00:00	WorkerEvent	Layer04Node07	PipelineStarted; ExitCode=0; pipeline started
2026-06-03T17:04:06.0877059+00:00	WorkerEvent	Layer04Node07.refresh-l04-n07	TaskReady; ExitCode=0; 
2026-06-03T17:04:06.0883930+00:00	GrantTask	Layer04Node07.refresh-l04-n07	Layer04Node07.refresh-l04-n07; GrantId=grant-54; Attempt=1
2026-06-03T17:04:06.0887548+00:00	WorkerEvent	Layer04Node07.refresh-l04-n07	GrantAccepted; ExitCode=0; 
2026-06-03T17:04:06.0892177+00:00	WorkerEvent	Layer04Node07.refresh-l04-n07	TaskStarted; ExitCode=0; 
2026-06-03T17:04:06.3281865+00:00	WorkerEvent	Layer04Node07.refresh-l04-n07	TaskSucceeded; ExitCode=0; 
2026-06-03T17:04:06.3287799+00:00	TaskSucceeded	Layer04Node07.refresh-l04-n07	0
2026-06-03T17:04:06.3533242+00:00	WorkerEvent	Layer04Node07	Closed; ExitCode=0; 
2026-06-03T17:04:06.3538835+00:00	WorkerStarting	Layer04Node08	meta-pipeline
2026-06-03T17:04:06.4223254+00:00	WorkerStarted	Layer04Node08	16580
2026-06-03T17:04:06.4227128+00:00	WorkerControlPipe	Layer04Node08	meta-orchestration-d68628531f884fe19f77c3f25f83afd6
2026-06-03T17:04:06.4231106+00:00	WorkerLog	Layer04Node08	stdout=C:\Users\jimmy\Desktop\meta-bi\Samples\Demos\MetaOrchestrationHairballCliIntegration\Runs\hairball-seed-20260530\RunArtifacts\runs\20260603-170336_46327b50f01a433d8bb3ad9d12fb1de2\logs\Layer04Node08-16580.stdout.log; stderr=C:\Users\jimmy\Desktop\meta-bi\Samples\Demos\MetaOrchestrationHairballCliIntegration\Runs\hairball-seed-20260530\RunArtifacts\runs\20260603-170336_46327b50f01a433d8bb3ad9d12fb1de2\logs\Layer04Node08-16580.stderr.log
2026-06-03T17:04:06.4364012+00:00	WorkerEvent	Layer04Node08	WorkerOnline; ExitCode=0; online
2026-06-03T17:04:06.4377061+00:00	WorkerEvent	Layer04Node08	WorkerReady; ExitCode=0; ready
2026-06-03T17:04:06.4401704+00:00	StartPipeline	Layer04Node08	Layer04Node08
2026-06-03T17:04:06.8128632+00:00	WorkerEvent	Layer04Node08	PipelineStarted; ExitCode=0; pipeline started
2026-06-03T17:04:06.8142811+00:00	WorkerEvent	Layer04Node08.select-l04-n08	TaskReady; ExitCode=0; 
2026-06-03T17:04:06.8150898+00:00	GrantTask	Layer04Node08.select-l04-n08	Layer04Node08.select-l04-n08; GrantId=grant-55; Attempt=1
2026-06-03T17:04:06.8156208+00:00	WorkerEvent	Layer04Node08.select-l04-n08	GrantAccepted; ExitCode=0; 
2026-06-03T17:04:06.8161593+00:00	WorkerEvent	Layer04Node08.select-l04-n08	TaskStarted; ExitCode=0; 
2026-06-03T17:04:07.0771401+00:00	WorkerEvent	Layer04Node08.select-l04-n08	TaskSucceeded; ExitCode=0; 
2026-06-03T17:04:07.0777746+00:00	TaskSucceeded	Layer04Node08.select-l04-n08	0
2026-06-03T17:04:07.0989123+00:00	WorkerEvent	Layer04Node08	Closed; ExitCode=0; 
2026-06-03T17:04:07.0994744+00:00	WorkerStarting	Layer04Node09	meta-pipeline
2026-06-03T17:04:07.1669022+00:00	WorkerStarted	Layer04Node09	28500
2026-06-03T17:04:07.1671588+00:00	WorkerControlPipe	Layer04Node09	meta-orchestration-899c9bbe95304cddb255b0170354064e
2026-06-03T17:04:07.1674575+00:00	WorkerLog	Layer04Node09	stdout=C:\Users\jimmy\Desktop\meta-bi\Samples\Demos\MetaOrchestrationHairballCliIntegration\Runs\hairball-seed-20260530\RunArtifacts\runs\20260603-170336_46327b50f01a433d8bb3ad9d12fb1de2\logs\Layer04Node09-28500.stdout.log; stderr=C:\Users\jimmy\Desktop\meta-bi\Samples\Demos\MetaOrchestrationHairballCliIntegration\Runs\hairball-seed-20260530\RunArtifacts\runs\20260603-170336_46327b50f01a433d8bb3ad9d12fb1de2\logs\Layer04Node09-28500.stderr.log
2026-06-03T17:04:07.1809079+00:00	WorkerEvent	Layer04Node09	WorkerOnline; ExitCode=0; online
2026-06-03T17:04:07.1823070+00:00	WorkerEvent	Layer04Node09	WorkerReady; ExitCode=0; ready
2026-06-03T17:04:07.1844258+00:00	StartPipeline	Layer04Node09	Layer04Node09
2026-06-03T17:04:07.5669226+00:00	WorkerEvent	Layer04Node09	PipelineStarted; ExitCode=0; pipeline started
2026-06-03T17:04:07.5682611+00:00	WorkerEvent	Layer04Node09.select-l04-n09	TaskReady; ExitCode=0; 
2026-06-03T17:04:07.5689492+00:00	GrantTask	Layer04Node09.select-l04-n09	Layer04Node09.select-l04-n09; GrantId=grant-56; Attempt=1
2026-06-03T17:04:07.5694951+00:00	WorkerEvent	Layer04Node09.select-l04-n09	GrantAccepted; ExitCode=0; 
2026-06-03T17:04:07.5700301+00:00	WorkerEvent	Layer04Node09.select-l04-n09	TaskStarted; ExitCode=0; 
2026-06-03T17:04:07.8355851+00:00	WorkerEvent	Layer04Node09.select-l04-n09	TaskSucceeded; ExitCode=0; 
2026-06-03T17:04:07.8362007+00:00	TaskSucceeded	Layer04Node09.select-l04-n09	0
2026-06-03T17:04:07.8573678+00:00	WorkerEvent	Layer04Node09	Closed; ExitCode=0; 
2026-06-03T17:04:07.8579321+00:00	WorkerStarting	Layer04Hub	meta-pipeline
2026-06-03T17:04:07.9255482+00:00	WorkerStarted	Layer04Hub	24716
2026-06-03T17:04:07.9258065+00:00	WorkerControlPipe	Layer04Hub	meta-orchestration-0e38b87d96e74cccb5696879a31e133c
2026-06-03T17:04:07.9262189+00:00	WorkerLog	Layer04Hub	stdout=C:\Users\jimmy\Desktop\meta-bi\Samples\Demos\MetaOrchestrationHairballCliIntegration\Runs\hairball-seed-20260530\RunArtifacts\runs\20260603-170336_46327b50f01a433d8bb3ad9d12fb1de2\logs\Layer04Hub-24716.stdout.log; stderr=C:\Users\jimmy\Desktop\meta-bi\Samples\Demos\MetaOrchestrationHairballCliIntegration\Runs\hairball-seed-20260530\RunArtifacts\runs\20260603-170336_46327b50f01a433d8bb3ad9d12fb1de2\logs\Layer04Hub-24716.stderr.log
2026-06-03T17:04:07.9390082+00:00	WorkerEvent	Layer04Hub	WorkerOnline; ExitCode=0; online
2026-06-03T17:04:07.9404091+00:00	WorkerEvent	Layer04Hub	WorkerReady; ExitCode=0; ready
2026-06-03T17:04:07.9426538+00:00	StartPipeline	Layer04Hub	Layer04Hub
2026-06-03T17:04:08.4193107+00:00	WorkerEvent	Layer04Hub	PipelineStarted; ExitCode=0; pipeline started
2026-06-03T17:04:08.4207284+00:00	WorkerEvent	Layer04Hub.hub-l04-stage	TaskReady; ExitCode=0; 
2026-06-03T17:04:08.4216202+00:00	GrantTask	Layer04Hub.hub-l04-stage	Layer04Hub.hub-l04-stage; GrantId=grant-57; Attempt=1
2026-06-03T17:04:08.4222629+00:00	WorkerEvent	Layer04Hub.hub-l04-stage	GrantAccepted; ExitCode=0; 
2026-06-03T17:04:08.4230903+00:00	WorkerEvent	Layer04Hub.hub-l04-stage	TaskStarted; ExitCode=0; 
2026-06-03T17:04:08.6864896+00:00	WorkerEvent	Layer04Hub.hub-l04-stage	TaskSucceeded; ExitCode=0; 
2026-06-03T17:04:08.6869076+00:00	TaskSucceeded	Layer04Hub.hub-l04-stage	0
2026-06-03T17:04:08.6873463+00:00	WorkerEvent	Layer04Hub.hub-l04-curate	TaskReady; ExitCode=0; 
2026-06-03T17:04:08.6884389+00:00	GrantTask	Layer04Hub.hub-l04-curate	Layer04Hub.hub-l04-curate; GrantId=grant-58; Attempt=1
2026-06-03T17:04:08.6889374+00:00	WorkerEvent	Layer04Hub.hub-l04-curate	GrantAccepted; ExitCode=0; 
2026-06-03T17:04:08.6894956+00:00	WorkerEvent	Layer04Hub.hub-l04-curate	TaskStarted; ExitCode=0; 
2026-06-03T17:04:08.7410452+00:00	WorkerEvent	Layer04Hub.hub-l04-curate	TaskSucceeded; ExitCode=0; 
2026-06-03T17:04:08.7415998+00:00	TaskSucceeded	Layer04Hub.hub-l04-curate	0
2026-06-03T17:04:08.7421472+00:00	WorkerEvent	Layer04Hub.hub-l04-publish	TaskReady; ExitCode=0; 
2026-06-03T17:04:08.7427580+00:00	GrantTask	Layer04Hub.hub-l04-publish	Layer04Hub.hub-l04-publish; GrantId=grant-59; Attempt=1
2026-06-03T17:04:08.7431059+00:00	WorkerEvent	Layer04Hub.hub-l04-publish	GrantAccepted; ExitCode=0; 
2026-06-03T17:04:08.7436291+00:00	WorkerEvent	Layer04Hub.hub-l04-publish	TaskStarted; ExitCode=0; 
2026-06-03T17:04:08.8386118+00:00	WorkerEvent	Layer04Hub.hub-l04-publish	TaskSucceeded; ExitCode=0; 
2026-06-03T17:04:08.8392240+00:00	TaskSucceeded	Layer04Hub.hub-l04-publish	0
2026-06-03T17:04:08.8602248+00:00	WorkerEvent	Layer04Hub	Closed; ExitCode=0; 
2026-06-03T17:04:08.8607295+00:00	WorkerResuming	BridgeL03L04	ResumeTaskId=BridgeL03L04.bridge-l03-l04-collect; Executable=meta-pipeline
2026-06-03T17:04:08.9279460+00:00	WorkerStarted	BridgeL03L04	3948
2026-06-03T17:04:08.9282054+00:00	WorkerControlPipe	BridgeL03L04	meta-orchestration-1feeaa94148144d098eccc83fba993ae
2026-06-03T17:04:08.9285200+00:00	WorkerLog	BridgeL03L04	stdout=C:\Users\jimmy\Desktop\meta-bi\Samples\Demos\MetaOrchestrationHairballCliIntegration\Runs\hairball-seed-20260530\RunArtifacts\runs\20260603-170336_46327b50f01a433d8bb3ad9d12fb1de2\logs\BridgeL03L04-3948.stdout.log; stderr=C:\Users\jimmy\Desktop\meta-bi\Samples\Demos\MetaOrchestrationHairballCliIntegration\Runs\hairball-seed-20260530\RunArtifacts\runs\20260603-170336_46327b50f01a433d8bb3ad9d12fb1de2\logs\BridgeL03L04-3948.stderr.log
2026-06-03T17:04:08.9416312+00:00	WorkerEvent	BridgeL03L04	WorkerOnline; ExitCode=0; online
2026-06-03T17:04:08.9429747+00:00	WorkerEvent	BridgeL03L04	WorkerReady; ExitCode=0; ready
2026-06-03T17:04:08.9452826+00:00	StartPipeline	BridgeL03L04	BridgeL03L04
2026-06-03T17:04:09.4279477+00:00	WorkerEvent	BridgeL03L04	PipelineStarted; ExitCode=0; pipeline started
2026-06-03T17:04:09.4292583+00:00	WorkerEvent	BridgeL03L04.bridge-l03-l04-collect	TaskReady; ExitCode=0; 
2026-06-03T17:04:09.4299591+00:00	GrantTask	BridgeL03L04.bridge-l03-l04-collect	BridgeL03L04.bridge-l03-l04-collect; GrantId=grant-60; Attempt=1
2026-06-03T17:04:09.4304021+00:00	WorkerEvent	BridgeL03L04.bridge-l03-l04-collect	GrantAccepted; ExitCode=0; 
2026-06-03T17:04:09.4308764+00:00	WorkerEvent	BridgeL03L04.bridge-l03-l04-collect	TaskStarted; ExitCode=0; 
2026-06-03T17:04:09.7201135+00:00	WorkerEvent	BridgeL03L04.bridge-l03-l04-collect	TaskSucceeded; ExitCode=0; 
2026-06-03T17:04:09.7208025+00:00	TaskSucceeded	BridgeL03L04.bridge-l03-l04-collect	0
2026-06-03T17:04:09.7213313+00:00	WorkerEvent	BridgeL03L04.bridge-l03-l04-north	TaskReady; ExitCode=0; 
2026-06-03T17:04:09.7221826+00:00	GrantTask	BridgeL03L04.bridge-l03-l04-north	BridgeL03L04.bridge-l03-l04-north; GrantId=grant-61; Attempt=1
2026-06-03T17:04:09.7226458+00:00	WorkerEvent	BridgeL03L04.bridge-l03-l04-north	GrantAccepted; ExitCode=0; 
2026-06-03T17:04:09.7233699+00:00	WorkerEvent	BridgeL03L04.bridge-l03-l04-north	TaskStarted; ExitCode=0; 
2026-06-03T17:04:09.7848637+00:00	WorkerEvent	BridgeL03L04.bridge-l03-l04-north	TaskSucceeded; ExitCode=0; 
2026-06-03T17:04:09.7854765+00:00	TaskSucceeded	BridgeL03L04.bridge-l03-l04-north	0
2026-06-03T17:04:09.7861034+00:00	WorkerEvent	BridgeL03L04.bridge-l03-l04-south	TaskReady; ExitCode=0; 
2026-06-03T17:04:09.7866360+00:00	GrantTask	BridgeL03L04.bridge-l03-l04-south	BridgeL03L04.bridge-l03-l04-south; GrantId=grant-62; Attempt=1
2026-06-03T17:04:09.7870530+00:00	WorkerEvent	BridgeL03L04.bridge-l03-l04-south	GrantAccepted; ExitCode=0; 
2026-06-03T17:04:09.7889178+00:00	WorkerEvent	BridgeL03L04.bridge-l03-l04-south	TaskStarted; ExitCode=0; 
2026-06-03T17:04:09.8437347+00:00	WorkerEvent	BridgeL03L04.bridge-l03-l04-south	TaskSucceeded; ExitCode=0; 
2026-06-03T17:04:09.8443366+00:00	TaskSucceeded	BridgeL03L04.bridge-l03-l04-south	0
2026-06-03T17:04:09.8656349+00:00	WorkerEvent	BridgeL03L04	Closed; ExitCode=0; 
2026-06-03T17:04:09.8663123+00:00	WorkerStarting	Layer05Node01	meta-pipeline
2026-06-03T17:04:09.9339315+00:00	WorkerStarted	Layer05Node01	31740
2026-06-03T17:04:09.9342135+00:00	WorkerControlPipe	Layer05Node01	meta-orchestration-2c243fd820764ae485dea88273c6f92e
2026-06-03T17:04:09.9345157+00:00	WorkerLog	Layer05Node01	stdout=C:\Users\jimmy\Desktop\meta-bi\Samples\Demos\MetaOrchestrationHairballCliIntegration\Runs\hairball-seed-20260530\RunArtifacts\runs\20260603-170336_46327b50f01a433d8bb3ad9d12fb1de2\logs\Layer05Node01-31740.stdout.log; stderr=C:\Users\jimmy\Desktop\meta-bi\Samples\Demos\MetaOrchestrationHairballCliIntegration\Runs\hairball-seed-20260530\RunArtifacts\runs\20260603-170336_46327b50f01a433d8bb3ad9d12fb1de2\logs\Layer05Node01-31740.stderr.log
2026-06-03T17:04:09.9479335+00:00	WorkerEvent	Layer05Node01	WorkerOnline; ExitCode=0; online
2026-06-03T17:04:09.9494849+00:00	WorkerEvent	Layer05Node01	WorkerReady; ExitCode=0; ready
2026-06-03T17:04:09.9515545+00:00	StartPipeline	Layer05Node01	Layer05Node01
2026-06-03T17:04:10.3319943+00:00	WorkerEvent	Layer05Node01	PipelineStarted; ExitCode=0; pipeline started
2026-06-03T17:04:10.3332013+00:00	WorkerEvent	Layer05Node01.select-l05-n01	TaskReady; ExitCode=0; 
2026-06-03T17:04:10.3339090+00:00	GrantTask	Layer05Node01.select-l05-n01	Layer05Node01.select-l05-n01; GrantId=grant-63; Attempt=1
2026-06-03T17:04:10.3342931+00:00	WorkerEvent	Layer05Node01.select-l05-n01	GrantAccepted; ExitCode=0; 
2026-06-03T17:04:10.3347928+00:00	WorkerEvent	Layer05Node01.select-l05-n01	TaskStarted; ExitCode=0; 
2026-06-03T17:04:10.6020602+00:00	WorkerEvent	Layer05Node01.select-l05-n01	TaskSucceeded; ExitCode=0; 
2026-06-03T17:04:10.6027030+00:00	TaskSucceeded	Layer05Node01.select-l05-n01	0
2026-06-03T17:04:10.6271135+00:00	WorkerEvent	Layer05Node01	Closed; ExitCode=0; 
2026-06-03T17:04:10.6276760+00:00	WorkerStarting	Layer05Node02	meta-pipeline
2026-06-03T17:04:10.6961258+00:00	WorkerStarted	Layer05Node02	26400
2026-06-03T17:04:10.6964225+00:00	WorkerControlPipe	Layer05Node02	meta-orchestration-aa3092c267254ba3a4a0547c52943e4e
2026-06-03T17:04:10.6968809+00:00	WorkerLog	Layer05Node02	stdout=C:\Users\jimmy\Desktop\meta-bi\Samples\Demos\MetaOrchestrationHairballCliIntegration\Runs\hairball-seed-20260530\RunArtifacts\runs\20260603-170336_46327b50f01a433d8bb3ad9d12fb1de2\logs\Layer05Node02-26400.stdout.log; stderr=C:\Users\jimmy\Desktop\meta-bi\Samples\Demos\MetaOrchestrationHairballCliIntegration\Runs\hairball-seed-20260530\RunArtifacts\runs\20260603-170336_46327b50f01a433d8bb3ad9d12fb1de2\logs\Layer05Node02-26400.stderr.log
2026-06-03T17:04:10.7102164+00:00	WorkerEvent	Layer05Node02	WorkerOnline; ExitCode=0; online
2026-06-03T17:04:10.7115583+00:00	WorkerEvent	Layer05Node02	WorkerReady; ExitCode=0; ready
2026-06-03T17:04:10.7138334+00:00	StartPipeline	Layer05Node02	Layer05Node02
2026-06-03T17:04:11.0849305+00:00	WorkerEvent	Layer05Node02	PipelineStarted; ExitCode=0; pipeline started
2026-06-03T17:04:11.0863223+00:00	WorkerEvent	Layer05Node02.select-l05-n02	TaskReady; ExitCode=0; 
2026-06-03T17:04:11.0874350+00:00	GrantTask	Layer05Node02.select-l05-n02	Layer05Node02.select-l05-n02; GrantId=grant-64; Attempt=1
2026-06-03T17:04:11.0883547+00:00	WorkerEvent	Layer05Node02.select-l05-n02	GrantAccepted; ExitCode=0; 
2026-06-03T17:04:11.0889843+00:00	WorkerEvent	Layer05Node02.select-l05-n02	TaskStarted; ExitCode=0; 
2026-06-03T17:04:11.3869038+00:00	WorkerEvent	Layer05Node02.select-l05-n02	TaskSucceeded; ExitCode=0; 
2026-06-03T17:04:11.3875682+00:00	TaskSucceeded	Layer05Node02.select-l05-n02	0
2026-06-03T17:04:11.4089768+00:00	WorkerEvent	Layer05Node02	Closed; ExitCode=0; 
2026-06-03T17:04:11.4095401+00:00	WorkerStarting	Layer05Node03	meta-pipeline
2026-06-03T17:04:11.4789110+00:00	WorkerStarted	Layer05Node03	16244
2026-06-03T17:04:11.4791780+00:00	WorkerControlPipe	Layer05Node03	meta-orchestration-a6c7f911b4a64cbba027d6ae629013f1
2026-06-03T17:04:11.4794843+00:00	WorkerLog	Layer05Node03	stdout=C:\Users\jimmy\Desktop\meta-bi\Samples\Demos\MetaOrchestrationHairballCliIntegration\Runs\hairball-seed-20260530\RunArtifacts\runs\20260603-170336_46327b50f01a433d8bb3ad9d12fb1de2\logs\Layer05Node03-16244.stdout.log; stderr=C:\Users\jimmy\Desktop\meta-bi\Samples\Demos\MetaOrchestrationHairballCliIntegration\Runs\hairball-seed-20260530\RunArtifacts\runs\20260603-170336_46327b50f01a433d8bb3ad9d12fb1de2\logs\Layer05Node03-16244.stderr.log
2026-06-03T17:04:11.5016461+00:00	WorkerEvent	Layer05Node03	WorkerOnline; ExitCode=0; online
2026-06-03T17:04:11.5028772+00:00	WorkerEvent	Layer05Node03	WorkerReady; ExitCode=0; ready
2026-06-03T17:04:11.5054460+00:00	StartPipeline	Layer05Node03	Layer05Node03
2026-06-03T17:04:11.8426132+00:00	WorkerEvent	Layer05Node03	PipelineStarted; ExitCode=0; pipeline started
2026-06-03T17:04:11.8440522+00:00	WorkerEvent	Layer05Node03.refresh-l05-n03	TaskReady; ExitCode=0; 
2026-06-03T17:04:11.8448719+00:00	GrantTask	Layer05Node03.refresh-l05-n03	Layer05Node03.refresh-l05-n03; GrantId=grant-65; Attempt=1
2026-06-03T17:04:11.8453824+00:00	WorkerEvent	Layer05Node03.refresh-l05-n03	GrantAccepted; ExitCode=0; 
2026-06-03T17:04:11.8462360+00:00	WorkerEvent	Layer05Node03.refresh-l05-n03	TaskStarted; ExitCode=0; 
2026-06-03T17:04:12.0912297+00:00	WorkerEvent	Layer05Node03.refresh-l05-n03	TaskSucceeded; ExitCode=0; 
2026-06-03T17:04:12.0919226+00:00	TaskSucceeded	Layer05Node03.refresh-l05-n03	0
2026-06-03T17:04:12.1121189+00:00	WorkerEvent	Layer05Node03	Closed; ExitCode=0; 
2026-06-03T17:04:12.1129593+00:00	WorkerStarting	Layer05Node04	meta-pipeline
2026-06-03T17:04:12.1881823+00:00	WorkerStarted	Layer05Node04	31072
2026-06-03T17:04:12.1884644+00:00	WorkerControlPipe	Layer05Node04	meta-orchestration-4e1492bc9ee6408db83c26f3a40ca6a6
2026-06-03T17:04:12.1889885+00:00	WorkerLog	Layer05Node04	stdout=C:\Users\jimmy\Desktop\meta-bi\Samples\Demos\MetaOrchestrationHairballCliIntegration\Runs\hairball-seed-20260530\RunArtifacts\runs\20260603-170336_46327b50f01a433d8bb3ad9d12fb1de2\logs\Layer05Node04-31072.stdout.log; stderr=C:\Users\jimmy\Desktop\meta-bi\Samples\Demos\MetaOrchestrationHairballCliIntegration\Runs\hairball-seed-20260530\RunArtifacts\runs\20260603-170336_46327b50f01a433d8bb3ad9d12fb1de2\logs\Layer05Node04-31072.stderr.log
2026-06-03T17:04:12.2020038+00:00	WorkerEvent	Layer05Node04	WorkerOnline; ExitCode=0; online
2026-06-03T17:04:12.2033712+00:00	WorkerEvent	Layer05Node04	WorkerReady; ExitCode=0; ready
2026-06-03T17:04:12.2057042+00:00	StartPipeline	Layer05Node04	Layer05Node04
2026-06-03T17:04:12.5786078+00:00	WorkerEvent	Layer05Node04	PipelineStarted; ExitCode=0; pipeline started
2026-06-03T17:04:12.5799858+00:00	WorkerEvent	Layer05Node04.select-l05-n04	TaskReady; ExitCode=0; 
2026-06-03T17:04:12.5807810+00:00	GrantTask	Layer05Node04.select-l05-n04	Layer05Node04.select-l05-n04; GrantId=grant-66; Attempt=1
2026-06-03T17:04:12.5812533+00:00	WorkerEvent	Layer05Node04.select-l05-n04	GrantAccepted; ExitCode=0; 
2026-06-03T17:04:12.5818120+00:00	WorkerEvent	Layer05Node04.select-l05-n04	TaskStarted; ExitCode=0; 
2026-06-03T17:04:12.8442724+00:00	WorkerEvent	Layer05Node04.select-l05-n04	TaskSucceeded; ExitCode=0; 
2026-06-03T17:04:12.8448427+00:00	TaskSucceeded	Layer05Node04.select-l05-n04	0
2026-06-03T17:04:12.8646631+00:00	WorkerEvent	Layer05Node04	Closed; ExitCode=0; 
2026-06-03T17:04:12.8652419+00:00	WorkerStarting	Layer05Node05	meta-pipeline
2026-06-03T17:04:12.9325225+00:00	WorkerStarted	Layer05Node05	7776
2026-06-03T17:04:12.9328765+00:00	WorkerControlPipe	Layer05Node05	meta-orchestration-391341f4a94249ce8b2857f52f2594cc
2026-06-03T17:04:12.9332331+00:00	WorkerLog	Layer05Node05	stdout=C:\Users\jimmy\Desktop\meta-bi\Samples\Demos\MetaOrchestrationHairballCliIntegration\Runs\hairball-seed-20260530\RunArtifacts\runs\20260603-170336_46327b50f01a433d8bb3ad9d12fb1de2\logs\Layer05Node05-7776.stdout.log; stderr=C:\Users\jimmy\Desktop\meta-bi\Samples\Demos\MetaOrchestrationHairballCliIntegration\Runs\hairball-seed-20260530\RunArtifacts\runs\20260603-170336_46327b50f01a433d8bb3ad9d12fb1de2\logs\Layer05Node05-7776.stderr.log
2026-06-03T17:04:12.9463885+00:00	WorkerEvent	Layer05Node05	WorkerOnline; ExitCode=0; online
2026-06-03T17:04:12.9481194+00:00	WorkerEvent	Layer05Node05	WorkerReady; ExitCode=0; ready
2026-06-03T17:04:12.9502284+00:00	StartPipeline	Layer05Node05	Layer05Node05
2026-06-03T17:04:13.2843603+00:00	WorkerEvent	Layer05Node05	PipelineStarted; ExitCode=0; pipeline started
2026-06-03T17:04:13.2857898+00:00	WorkerEvent	Layer05Node05.refresh-l05-n05	TaskReady; ExitCode=0; 
2026-06-03T17:04:13.2870158+00:00	GrantTask	Layer05Node05.refresh-l05-n05	Layer05Node05.refresh-l05-n05; GrantId=grant-67; Attempt=1
2026-06-03T17:04:13.2876042+00:00	WorkerEvent	Layer05Node05.refresh-l05-n05	GrantAccepted; ExitCode=0; 
2026-06-03T17:04:13.2885072+00:00	WorkerEvent	Layer05Node05.refresh-l05-n05	TaskStarted; ExitCode=0; 
2026-06-03T17:04:13.5308613+00:00	WorkerEvent	Layer05Node05.refresh-l05-n05	TaskSucceeded; ExitCode=0; 
2026-06-03T17:04:13.5314671+00:00	TaskSucceeded	Layer05Node05.refresh-l05-n05	0
2026-06-03T17:04:13.5522678+00:00	WorkerEvent	Layer05Node05	Closed; ExitCode=0; 
2026-06-03T17:04:13.5540114+00:00	WorkerStarting	Layer05Node06	meta-pipeline
2026-06-03T17:04:13.6247181+00:00	WorkerStarted	Layer05Node06	26160
2026-06-03T17:04:13.6249985+00:00	WorkerControlPipe	Layer05Node06	meta-orchestration-70bd714c44664de5a847f32a6dfe6162
2026-06-03T17:04:13.6253157+00:00	WorkerLog	Layer05Node06	stdout=C:\Users\jimmy\Desktop\meta-bi\Samples\Demos\MetaOrchestrationHairballCliIntegration\Runs\hairball-seed-20260530\RunArtifacts\runs\20260603-170336_46327b50f01a433d8bb3ad9d12fb1de2\logs\Layer05Node06-26160.stdout.log; stderr=C:\Users\jimmy\Desktop\meta-bi\Samples\Demos\MetaOrchestrationHairballCliIntegration\Runs\hairball-seed-20260530\RunArtifacts\runs\20260603-170336_46327b50f01a433d8bb3ad9d12fb1de2\logs\Layer05Node06-26160.stderr.log
2026-06-03T17:04:13.6384758+00:00	WorkerEvent	Layer05Node06	WorkerOnline; ExitCode=0; online
2026-06-03T17:04:13.6396695+00:00	WorkerEvent	Layer05Node06	WorkerReady; ExitCode=0; ready
2026-06-03T17:04:13.6419011+00:00	StartPipeline	Layer05Node06	Layer05Node06
2026-06-03T17:04:13.9889093+00:00	WorkerEvent	Layer05Node06	PipelineStarted; ExitCode=0; pipeline started
2026-06-03T17:04:13.9903052+00:00	WorkerEvent	Layer05Node06.export-l05-n06	TaskReady; ExitCode=0; 
2026-06-03T17:04:13.9909851+00:00	GrantTask	Layer05Node06.export-l05-n06	Layer05Node06.export-l05-n06; GrantId=grant-68; Attempt=1
2026-06-03T17:04:13.9915194+00:00	WorkerEvent	Layer05Node06.export-l05-n06	GrantAccepted; ExitCode=0; 
2026-06-03T17:04:13.9920659+00:00	WorkerEvent	Layer05Node06.export-l05-n06	TaskStarted; ExitCode=0; 
2026-06-03T17:04:14.2877993+00:00	WorkerEvent	Layer05Node06.export-l05-n06	TaskSucceeded; ExitCode=0; 
2026-06-03T17:04:14.2884336+00:00	TaskSucceeded	Layer05Node06.export-l05-n06	0
2026-06-03T17:04:14.3082993+00:00	WorkerEvent	Layer05Node06	Closed; ExitCode=0; 
2026-06-03T17:04:14.3089739+00:00	WorkerStarting	Layer05Node07	meta-pipeline
2026-06-03T17:04:14.3764312+00:00	WorkerStarted	Layer05Node07	27656
2026-06-03T17:04:14.3767249+00:00	WorkerControlPipe	Layer05Node07	meta-orchestration-3e74167048da44ddb0a643b811bff7b5
2026-06-03T17:04:14.3770359+00:00	WorkerLog	Layer05Node07	stdout=C:\Users\jimmy\Desktop\meta-bi\Samples\Demos\MetaOrchestrationHairballCliIntegration\Runs\hairball-seed-20260530\RunArtifacts\runs\20260603-170336_46327b50f01a433d8bb3ad9d12fb1de2\logs\Layer05Node07-27656.stdout.log; stderr=C:\Users\jimmy\Desktop\meta-bi\Samples\Demos\MetaOrchestrationHairballCliIntegration\Runs\hairball-seed-20260530\RunArtifacts\runs\20260603-170336_46327b50f01a433d8bb3ad9d12fb1de2\logs\Layer05Node07-27656.stderr.log
2026-06-03T17:04:14.3901965+00:00	WorkerEvent	Layer05Node07	WorkerOnline; ExitCode=0; online
2026-06-03T17:04:14.3917396+00:00	WorkerEvent	Layer05Node07	WorkerReady; ExitCode=0; ready
2026-06-03T17:04:14.3940387+00:00	StartPipeline	Layer05Node07	Layer05Node07
2026-06-03T17:04:14.7604266+00:00	WorkerEvent	Layer05Node07	PipelineStarted; ExitCode=0; pipeline started
2026-06-03T17:04:14.7616933+00:00	WorkerEvent	Layer05Node07.export-l05-n07	TaskReady; ExitCode=0; 
2026-06-03T17:04:14.7624373+00:00	GrantTask	Layer05Node07.export-l05-n07	Layer05Node07.export-l05-n07; GrantId=grant-69; Attempt=1
2026-06-03T17:04:14.7632684+00:00	WorkerEvent	Layer05Node07.export-l05-n07	GrantAccepted; ExitCode=0; 
2026-06-03T17:04:14.7638888+00:00	WorkerEvent	Layer05Node07.export-l05-n07	TaskStarted; ExitCode=0; 
2026-06-03T17:04:15.0931847+00:00	WorkerEvent	Layer05Node07.export-l05-n07	TaskSucceeded; ExitCode=0; 
2026-06-03T17:04:15.0938828+00:00	TaskSucceeded	Layer05Node07.export-l05-n07	0
2026-06-03T17:04:15.1150570+00:00	WorkerEvent	Layer05Node07	Closed; ExitCode=0; 
2026-06-03T17:04:15.1157529+00:00	WorkerStarting	BridgeL07L08	meta-pipeline
2026-06-03T17:04:15.1886054+00:00	WorkerStarted	BridgeL07L08	20444
2026-06-03T17:04:15.1888676+00:00	WorkerControlPipe	BridgeL07L08	meta-orchestration-e00d40caf7de423c9fba9428db424a22
2026-06-03T17:04:15.1892191+00:00	WorkerLog	BridgeL07L08	stdout=C:\Users\jimmy\Desktop\meta-bi\Samples\Demos\MetaOrchestrationHairballCliIntegration\Runs\hairball-seed-20260530\RunArtifacts\runs\20260603-170336_46327b50f01a433d8bb3ad9d12fb1de2\logs\BridgeL07L08-20444.stdout.log; stderr=C:\Users\jimmy\Desktop\meta-bi\Samples\Demos\MetaOrchestrationHairballCliIntegration\Runs\hairball-seed-20260530\RunArtifacts\runs\20260603-170336_46327b50f01a433d8bb3ad9d12fb1de2\logs\BridgeL07L08-20444.stderr.log
2026-06-03T17:04:15.2022925+00:00	WorkerEvent	BridgeL07L08	WorkerOnline; ExitCode=0; online
2026-06-03T17:04:15.2035902+00:00	WorkerEvent	BridgeL07L08	WorkerReady; ExitCode=0; ready
2026-06-03T17:04:15.2057126+00:00	StartPipeline	BridgeL07L08	BridgeL07L08
2026-06-03T17:04:15.6812153+00:00	WorkerEvent	BridgeL07L08	PipelineStarted; ExitCode=0; pipeline started
2026-06-03T17:04:15.6826249+00:00	WorkerEvent	BridgeL07L08.bridge-l07-l08-collect	TaskReady; ExitCode=0; 
2026-06-03T17:04:15.6833084+00:00	GrantTask	BridgeL07L08.bridge-l07-l08-collect	BridgeL07L08.bridge-l07-l08-collect; GrantId=grant-70; Attempt=1
2026-06-03T17:04:15.6849448+00:00	WorkerEvent	BridgeL07L08.bridge-l07-l08-collect	GrantAccepted; ExitCode=0; 
2026-06-03T17:04:15.6859376+00:00	WorkerEvent	BridgeL07L08.bridge-l07-l08-collect	TaskStarted; ExitCode=0; 
2026-06-03T17:04:15.9789001+00:00	WorkerEvent	BridgeL07L08.bridge-l07-l08-collect	TaskSucceeded; ExitCode=0; 
2026-06-03T17:04:15.9794250+00:00	TaskSucceeded	BridgeL07L08.bridge-l07-l08-collect	0
2026-06-03T17:04:15.9799431+00:00	WorkerEvent	BridgeL07L08.bridge-l07-l08-north	TaskReady; ExitCode=0; 
2026-06-03T17:04:15.9804941+00:00	WorkerDeferredForCapacity	BridgeL07L08	Deferred by orchestration to honor max active worker process capacity.
2026-06-03T17:04:15.9806953+00:00	StopPipeline	BridgeL07L08	Deferred by orchestration to honor max active worker process capacity.
2026-06-03T17:04:16.0029241+00:00	WorkerEvent	BridgeL07L08	Closed; ExitCode=0; 
2026-06-03T17:04:16.0033329+00:00	WorkerDeferred	BridgeL07L08	ResumeTaskId=BridgeL07L08.bridge-l07-l08-north
2026-06-03T17:04:16.0036860+00:00	WorkerStarting	Layer05Node08	meta-pipeline
2026-06-03T17:04:16.0707153+00:00	WorkerStarted	Layer05Node08	16044
2026-06-03T17:04:16.0709744+00:00	WorkerControlPipe	Layer05Node08	meta-orchestration-5283dee4128c4703a9236b6994842d93
2026-06-03T17:04:16.0713403+00:00	WorkerLog	Layer05Node08	stdout=C:\Users\jimmy\Desktop\meta-bi\Samples\Demos\MetaOrchestrationHairballCliIntegration\Runs\hairball-seed-20260530\RunArtifacts\runs\20260603-170336_46327b50f01a433d8bb3ad9d12fb1de2\logs\Layer05Node08-16044.stdout.log; stderr=C:\Users\jimmy\Desktop\meta-bi\Samples\Demos\MetaOrchestrationHairballCliIntegration\Runs\hairball-seed-20260530\RunArtifacts\runs\20260603-170336_46327b50f01a433d8bb3ad9d12fb1de2\logs\Layer05Node08-16044.stderr.log
2026-06-03T17:04:16.0842987+00:00	WorkerEvent	Layer05Node08	WorkerOnline; ExitCode=0; online
2026-06-03T17:04:16.0863183+00:00	WorkerEvent	Layer05Node08	WorkerReady; ExitCode=0; ready
2026-06-03T17:04:16.0885389+00:00	StartPipeline	Layer05Node08	Layer05Node08
2026-06-03T17:04:16.4207206+00:00	WorkerEvent	Layer05Node08	PipelineStarted; ExitCode=0; pipeline started
2026-06-03T17:04:16.4226492+00:00	WorkerEvent	Layer05Node08.refresh-l05-n08	TaskReady; ExitCode=0; 
2026-06-03T17:04:16.4234585+00:00	GrantTask	Layer05Node08.refresh-l05-n08	Layer05Node08.refresh-l05-n08; GrantId=grant-71; Attempt=1
2026-06-03T17:04:16.4240425+00:00	WorkerEvent	Layer05Node08.refresh-l05-n08	GrantAccepted; ExitCode=0; 
2026-06-03T17:04:16.4246775+00:00	WorkerEvent	Layer05Node08.refresh-l05-n08	TaskStarted; ExitCode=0; 
2026-06-03T17:04:16.6616242+00:00	WorkerEvent	Layer05Node08.refresh-l05-n08	TaskSucceeded; ExitCode=0; 
2026-06-03T17:04:16.6622612+00:00	TaskSucceeded	Layer05Node08.refresh-l05-n08	0
2026-06-03T17:04:16.6820512+00:00	WorkerEvent	Layer05Node08	Closed; ExitCode=0; 
2026-06-03T17:04:16.6825834+00:00	WorkerStarting	Layer05Hub	meta-pipeline
2026-06-03T17:04:16.7508183+00:00	WorkerStarted	Layer05Hub	31640
2026-06-03T17:04:16.7511822+00:00	WorkerControlPipe	Layer05Hub	meta-orchestration-4f85bd7c2ca84d6a87fd0c9cd6d6193e
2026-06-03T17:04:16.7515378+00:00	WorkerLog	Layer05Hub	stdout=C:\Users\jimmy\Desktop\meta-bi\Samples\Demos\MetaOrchestrationHairballCliIntegration\Runs\hairball-seed-20260530\RunArtifacts\runs\20260603-170336_46327b50f01a433d8bb3ad9d12fb1de2\logs\Layer05Hub-31640.stdout.log; stderr=C:\Users\jimmy\Desktop\meta-bi\Samples\Demos\MetaOrchestrationHairballCliIntegration\Runs\hairball-seed-20260530\RunArtifacts\runs\20260603-170336_46327b50f01a433d8bb3ad9d12fb1de2\logs\Layer05Hub-31640.stderr.log
2026-06-03T17:04:16.7644035+00:00	WorkerEvent	Layer05Hub	WorkerOnline; ExitCode=0; online
2026-06-03T17:04:16.7656628+00:00	WorkerEvent	Layer05Hub	WorkerReady; ExitCode=0; ready
2026-06-03T17:04:16.7683977+00:00	StartPipeline	Layer05Hub	Layer05Hub
2026-06-03T17:04:17.2799503+00:00	WorkerEvent	Layer05Hub	PipelineStarted; ExitCode=0; pipeline started
2026-06-03T17:04:17.2819608+00:00	WorkerEvent	Layer05Hub.hub-l05-stage	TaskReady; ExitCode=0; 
2026-06-03T17:04:17.2829072+00:00	GrantTask	Layer05Hub.hub-l05-stage	Layer05Hub.hub-l05-stage; GrantId=grant-72; Attempt=1
2026-06-03T17:04:17.2834649+00:00	WorkerEvent	Layer05Hub.hub-l05-stage	GrantAccepted; ExitCode=0; 
2026-06-03T17:04:17.2841106+00:00	WorkerEvent	Layer05Hub.hub-l05-stage	TaskStarted; ExitCode=0; 
2026-06-03T17:04:17.5432905+00:00	WorkerEvent	Layer05Hub.hub-l05-stage	TaskSucceeded; ExitCode=0; 
2026-06-03T17:04:17.5439373+00:00	TaskSucceeded	Layer05Hub.hub-l05-stage	0
2026-06-03T17:04:17.5444609+00:00	WorkerEvent	Layer05Hub.hub-l05-curate	TaskReady; ExitCode=0; 
2026-06-03T17:04:17.5453665+00:00	GrantTask	Layer05Hub.hub-l05-curate	Layer05Hub.hub-l05-curate; GrantId=grant-73; Attempt=1
2026-06-03T17:04:17.5458842+00:00	WorkerEvent	Layer05Hub.hub-l05-curate	GrantAccepted; ExitCode=0; 
2026-06-03T17:04:17.5464358+00:00	WorkerEvent	Layer05Hub.hub-l05-curate	TaskStarted; ExitCode=0; 
2026-06-03T17:04:17.5982663+00:00	WorkerEvent	Layer05Hub.hub-l05-curate	TaskSucceeded; ExitCode=0; 
2026-06-03T17:04:17.5988444+00:00	TaskSucceeded	Layer05Hub.hub-l05-curate	0
2026-06-03T17:04:17.5993380+00:00	WorkerEvent	Layer05Hub.hub-l05-publish	TaskReady; ExitCode=0; 
2026-06-03T17:04:17.6002500+00:00	GrantTask	Layer05Hub.hub-l05-publish	Layer05Hub.hub-l05-publish; GrantId=grant-74; Attempt=1
2026-06-03T17:04:17.6007369+00:00	WorkerEvent	Layer05Hub.hub-l05-publish	GrantAccepted; ExitCode=0; 
2026-06-03T17:04:17.6016239+00:00	WorkerEvent	Layer05Hub.hub-l05-publish	TaskStarted; ExitCode=0; 
2026-06-03T17:04:17.7009770+00:00	WorkerEvent	Layer05Hub.hub-l05-publish	TaskSucceeded; ExitCode=0; 
2026-06-03T17:04:17.7016009+00:00	TaskSucceeded	Layer05Hub.hub-l05-publish	0
2026-06-03T17:04:17.7219367+00:00	WorkerEvent	Layer05Hub	Closed; ExitCode=0; 
2026-06-03T17:04:17.7224521+00:00	WorkerResuming	BridgeL05L06	ResumeTaskId=BridgeL05L06.bridge-l05-l06-collect; Executable=meta-pipeline
2026-06-03T17:04:17.7902489+00:00	WorkerStarted	BridgeL05L06	23372
2026-06-03T17:04:17.7905083+00:00	WorkerControlPipe	BridgeL05L06	meta-orchestration-b40c482b43734c1da8b8fd9895c2d529
2026-06-03T17:04:17.7908924+00:00	WorkerLog	BridgeL05L06	stdout=C:\Users\jimmy\Desktop\meta-bi\Samples\Demos\MetaOrchestrationHairballCliIntegration\Runs\hairball-seed-20260530\RunArtifacts\runs\20260603-170336_46327b50f01a433d8bb3ad9d12fb1de2\logs\BridgeL05L06-23372.stdout.log; stderr=C:\Users\jimmy\Desktop\meta-bi\Samples\Demos\MetaOrchestrationHairballCliIntegration\Runs\hairball-seed-20260530\RunArtifacts\runs\20260603-170336_46327b50f01a433d8bb3ad9d12fb1de2\logs\BridgeL05L06-23372.stderr.log
2026-06-03T17:04:17.8038819+00:00	WorkerEvent	BridgeL05L06	WorkerOnline; ExitCode=0; online
2026-06-03T17:04:17.8053596+00:00	WorkerEvent	BridgeL05L06	WorkerReady; ExitCode=0; ready
2026-06-03T17:04:17.8075663+00:00	StartPipeline	BridgeL05L06	BridgeL05L06
2026-06-03T17:04:18.2982121+00:00	WorkerEvent	BridgeL05L06	PipelineStarted; ExitCode=0; pipeline started
2026-06-03T17:04:18.2995392+00:00	WorkerEvent	BridgeL05L06.bridge-l05-l06-collect	TaskReady; ExitCode=0; 
2026-06-03T17:04:18.3005062+00:00	GrantTask	BridgeL05L06.bridge-l05-l06-collect	BridgeL05L06.bridge-l05-l06-collect; GrantId=grant-75; Attempt=1
2026-06-03T17:04:18.3010075+00:00	WorkerEvent	BridgeL05L06.bridge-l05-l06-collect	GrantAccepted; ExitCode=0; 
2026-06-03T17:04:18.3016547+00:00	WorkerEvent	BridgeL05L06.bridge-l05-l06-collect	TaskStarted; ExitCode=0; 
2026-06-03T17:04:18.5954690+00:00	WorkerEvent	BridgeL05L06.bridge-l05-l06-collect	TaskSucceeded; ExitCode=0; 
2026-06-03T17:04:18.5958951+00:00	TaskSucceeded	BridgeL05L06.bridge-l05-l06-collect	0
2026-06-03T17:04:18.5963159+00:00	WorkerEvent	BridgeL05L06.bridge-l05-l06-north	TaskReady; ExitCode=0; 
2026-06-03T17:04:18.5973872+00:00	WorkerDeferredForCapacity	BridgeL05L06	Deferred by orchestration to honor max active worker process capacity.
2026-06-03T17:04:18.5976136+00:00	StopPipeline	BridgeL05L06	Deferred by orchestration to honor max active worker process capacity.
2026-06-03T17:04:18.6206800+00:00	WorkerEvent	BridgeL05L06	Closed; ExitCode=0; 
2026-06-03T17:04:18.6211805+00:00	WorkerDeferred	BridgeL05L06	ResumeTaskId=BridgeL05L06.bridge-l05-l06-north
2026-06-03T17:04:18.6215176+00:00	WorkerResuming	BridgeL07L08	ResumeTaskId=BridgeL07L08.bridge-l07-l08-north; Executable=meta-pipeline
2026-06-03T17:04:18.6891008+00:00	WorkerStarted	BridgeL07L08	30684
2026-06-03T17:04:18.6893552+00:00	WorkerControlPipe	BridgeL07L08	meta-orchestration-a952963b825b47dba1683f7dd78c8c57
2026-06-03T17:04:18.6897504+00:00	WorkerLog	BridgeL07L08	stdout=C:\Users\jimmy\Desktop\meta-bi\Samples\Demos\MetaOrchestrationHairballCliIntegration\Runs\hairball-seed-20260530\RunArtifacts\runs\20260603-170336_46327b50f01a433d8bb3ad9d12fb1de2\logs\BridgeL07L08-30684.stdout.log; stderr=C:\Users\jimmy\Desktop\meta-bi\Samples\Demos\MetaOrchestrationHairballCliIntegration\Runs\hairball-seed-20260530\RunArtifacts\runs\20260603-170336_46327b50f01a433d8bb3ad9d12fb1de2\logs\BridgeL07L08-30684.stderr.log
2026-06-03T17:04:18.7026615+00:00	WorkerEvent	BridgeL07L08	WorkerOnline; ExitCode=0; online
2026-06-03T17:04:18.7040731+00:00	WorkerEvent	BridgeL07L08	WorkerReady; ExitCode=0; ready
2026-06-03T17:04:18.7062000+00:00	StartPipeline	BridgeL07L08	BridgeL07L08
2026-06-03T17:04:19.1664357+00:00	WorkerEvent	BridgeL07L08	PipelineStarted; ExitCode=0; pipeline started
2026-06-03T17:04:19.1680639+00:00	WorkerEvent	BridgeL07L08.bridge-l07-l08-north	TaskReady; ExitCode=0; 
2026-06-03T17:04:19.1689467+00:00	GrantTask	BridgeL07L08.bridge-l07-l08-north	BridgeL07L08.bridge-l07-l08-north; GrantId=grant-76; Attempt=1
2026-06-03T17:04:19.1694437+00:00	WorkerEvent	BridgeL07L08.bridge-l07-l08-north	GrantAccepted; ExitCode=0; 
2026-06-03T17:04:19.1699707+00:00	WorkerEvent	BridgeL07L08.bridge-l07-l08-north	TaskStarted; ExitCode=0; 
2026-06-03T17:04:19.4406629+00:00	WorkerEvent	BridgeL07L08.bridge-l07-l08-north	TaskSucceeded; ExitCode=0; 
2026-06-03T17:04:19.4412583+00:00	TaskSucceeded	BridgeL07L08.bridge-l07-l08-north	0
2026-06-03T17:04:19.4418492+00:00	WorkerEvent	BridgeL07L08.bridge-l07-l08-south	TaskReady; ExitCode=0; 
2026-06-03T17:04:19.4423125+00:00	WorkerDeferredForCapacity	BridgeL07L08	Deferred by orchestration to honor max active worker process capacity.
2026-06-03T17:04:19.4425223+00:00	StopPipeline	BridgeL07L08	Deferred by orchestration to honor max active worker process capacity.
2026-06-03T17:04:19.4652937+00:00	WorkerEvent	BridgeL07L08	Closed; ExitCode=0; 
2026-06-03T17:04:19.4659579+00:00	WorkerDeferred	BridgeL07L08	ResumeTaskId=BridgeL07L08.bridge-l07-l08-south
2026-06-03T17:04:19.4665819+00:00	WorkerStarting	Layer06Node01	meta-pipeline
2026-06-03T17:04:19.5353398+00:00	WorkerStarted	Layer06Node01	16268
2026-06-03T17:04:19.5356017+00:00	WorkerControlPipe	Layer06Node01	meta-orchestration-427853458aa549a2a648cfbf42958169
2026-06-03T17:04:19.5358587+00:00	WorkerLog	Layer06Node01	stdout=C:\Users\jimmy\Desktop\meta-bi\Samples\Demos\MetaOrchestrationHairballCliIntegration\Runs\hairball-seed-20260530\RunArtifacts\runs\20260603-170336_46327b50f01a433d8bb3ad9d12fb1de2\logs\Layer06Node01-16268.stdout.log; stderr=C:\Users\jimmy\Desktop\meta-bi\Samples\Demos\MetaOrchestrationHairballCliIntegration\Runs\hairball-seed-20260530\RunArtifacts\runs\20260603-170336_46327b50f01a433d8bb3ad9d12fb1de2\logs\Layer06Node01-16268.stderr.log
2026-06-03T17:04:19.5493102+00:00	WorkerEvent	Layer06Node01	WorkerOnline; ExitCode=0; online
2026-06-03T17:04:19.5508612+00:00	WorkerEvent	Layer06Node01	WorkerReady; ExitCode=0; ready
2026-06-03T17:04:19.5531438+00:00	StartPipeline	Layer06Node01	Layer06Node01
2026-06-03T17:04:19.9351101+00:00	WorkerEvent	Layer06Node01	PipelineStarted; ExitCode=0; pipeline started
2026-06-03T17:04:19.9363716+00:00	WorkerEvent	Layer06Node01.select-l06-n01	TaskReady; ExitCode=0; 
2026-06-03T17:04:19.9371842+00:00	GrantTask	Layer06Node01.select-l06-n01	Layer06Node01.select-l06-n01; GrantId=grant-77; Attempt=1
2026-06-03T17:04:19.9374328+00:00	WorkerEvent	Layer06Node01.select-l06-n01	GrantAccepted; ExitCode=0; 
2026-06-03T17:04:19.9378874+00:00	WorkerEvent	Layer06Node01.select-l06-n01	TaskStarted; ExitCode=0; 
2026-06-03T17:04:20.2038457+00:00	WorkerEvent	Layer06Node01.select-l06-n01	TaskSucceeded; ExitCode=0; 
2026-06-03T17:04:20.2044314+00:00	TaskSucceeded	Layer06Node01.select-l06-n01	0
2026-06-03T17:04:20.2262580+00:00	WorkerEvent	Layer06Node01	Closed; ExitCode=0; 
2026-06-03T17:04:20.2272802+00:00	WorkerStarting	Layer06Node02	meta-pipeline
2026-06-03T17:04:20.2955430+00:00	WorkerStarted	Layer06Node02	29892
2026-06-03T17:04:20.2958366+00:00	WorkerControlPipe	Layer06Node02	meta-orchestration-f87076e0af774d368522729ba1d05e29
2026-06-03T17:04:20.2961185+00:00	WorkerLog	Layer06Node02	stdout=C:\Users\jimmy\Desktop\meta-bi\Samples\Demos\MetaOrchestrationHairballCliIntegration\Runs\hairball-seed-20260530\RunArtifacts\runs\20260603-170336_46327b50f01a433d8bb3ad9d12fb1de2\logs\Layer06Node02-29892.stdout.log; stderr=C:\Users\jimmy\Desktop\meta-bi\Samples\Demos\MetaOrchestrationHairballCliIntegration\Runs\hairball-seed-20260530\RunArtifacts\runs\20260603-170336_46327b50f01a433d8bb3ad9d12fb1de2\logs\Layer06Node02-29892.stderr.log
2026-06-03T17:04:20.3097481+00:00	WorkerEvent	Layer06Node02	WorkerOnline; ExitCode=0; online
2026-06-03T17:04:20.3109260+00:00	WorkerEvent	Layer06Node02	WorkerReady; ExitCode=0; ready
2026-06-03T17:04:20.3128964+00:00	StartPipeline	Layer06Node02	Layer06Node02
2026-06-03T17:04:20.7046390+00:00	WorkerEvent	Layer06Node02	PipelineStarted; ExitCode=0; pipeline started
2026-06-03T17:04:20.7061669+00:00	WorkerEvent	Layer06Node02.export-l06-n02	TaskReady; ExitCode=0; 
2026-06-03T17:04:20.7068868+00:00	GrantTask	Layer06Node02.export-l06-n02	Layer06Node02.export-l06-n02; GrantId=grant-78; Attempt=1
2026-06-03T17:04:20.7073584+00:00	WorkerEvent	Layer06Node02.export-l06-n02	GrantAccepted; ExitCode=0; 
2026-06-03T17:04:20.7079128+00:00	WorkerEvent	Layer06Node02.export-l06-n02	TaskStarted; ExitCode=0; 
2026-06-03T17:04:21.0055854+00:00	WorkerEvent	Layer06Node02.export-l06-n02	TaskSucceeded; ExitCode=0; 
2026-06-03T17:04:21.0062542+00:00	TaskSucceeded	Layer06Node02.export-l06-n02	0
2026-06-03T17:04:21.0279572+00:00	WorkerEvent	Layer06Node02	Closed; ExitCode=0; 
2026-06-03T17:04:21.0284973+00:00	WorkerResuming	BridgeL05L06	ResumeTaskId=BridgeL05L06.bridge-l05-l06-north; Executable=meta-pipeline
2026-06-03T17:04:21.0967266+00:00	WorkerStarted	BridgeL05L06	15596
2026-06-03T17:04:21.0969956+00:00	WorkerControlPipe	BridgeL05L06	meta-orchestration-352c3a84e6974291b4d95a1f913f1b91
2026-06-03T17:04:21.0973419+00:00	WorkerLog	BridgeL05L06	stdout=C:\Users\jimmy\Desktop\meta-bi\Samples\Demos\MetaOrchestrationHairballCliIntegration\Runs\hairball-seed-20260530\RunArtifacts\runs\20260603-170336_46327b50f01a433d8bb3ad9d12fb1de2\logs\BridgeL05L06-15596.stdout.log; stderr=C:\Users\jimmy\Desktop\meta-bi\Samples\Demos\MetaOrchestrationHairballCliIntegration\Runs\hairball-seed-20260530\RunArtifacts\runs\20260603-170336_46327b50f01a433d8bb3ad9d12fb1de2\logs\BridgeL05L06-15596.stderr.log
2026-06-03T17:04:21.1107993+00:00	WorkerEvent	BridgeL05L06	WorkerOnline; ExitCode=0; online
2026-06-03T17:04:21.1121827+00:00	WorkerEvent	BridgeL05L06	WorkerReady; ExitCode=0; ready
2026-06-03T17:04:21.1142279+00:00	StartPipeline	BridgeL05L06	BridgeL05L06
2026-06-03T17:04:21.6279963+00:00	WorkerEvent	BridgeL05L06	PipelineStarted; ExitCode=0; pipeline started
2026-06-03T17:04:21.6292485+00:00	WorkerEvent	BridgeL05L06.bridge-l05-l06-north	TaskReady; ExitCode=0; 
2026-06-03T17:04:21.6298730+00:00	GrantTask	BridgeL05L06.bridge-l05-l06-north	BridgeL05L06.bridge-l05-l06-north; GrantId=grant-79; Attempt=1
2026-06-03T17:04:21.6303486+00:00	WorkerEvent	BridgeL05L06.bridge-l05-l06-north	GrantAccepted; ExitCode=0; 
2026-06-03T17:04:21.6309810+00:00	WorkerEvent	BridgeL05L06.bridge-l05-l06-north	TaskStarted; ExitCode=0; 
2026-06-03T17:04:21.8869889+00:00	WorkerEvent	BridgeL05L06.bridge-l05-l06-north	TaskSucceeded; ExitCode=0; 
2026-06-03T17:04:21.8876081+00:00	TaskSucceeded	BridgeL05L06.bridge-l05-l06-north	0
2026-06-03T17:04:21.8881260+00:00	WorkerEvent	BridgeL05L06.bridge-l05-l06-south	TaskReady; ExitCode=0; 
2026-06-03T17:04:21.8886078+00:00	WorkerDeferredForCapacity	BridgeL05L06	Deferred by orchestration to honor max active worker process capacity.
2026-06-03T17:04:21.8889541+00:00	StopPipeline	BridgeL05L06	Deferred by orchestration to honor max active worker process capacity.
2026-06-03T17:04:21.9116755+00:00	WorkerEvent	BridgeL05L06	Closed; ExitCode=0; 
2026-06-03T17:04:21.9120915+00:00	WorkerDeferred	BridgeL05L06	ResumeTaskId=BridgeL05L06.bridge-l05-l06-south
2026-06-03T17:04:21.9124348+00:00	WorkerStarting	Layer06Node03	meta-pipeline
2026-06-03T17:04:21.9791584+00:00	WorkerStarted	Layer06Node03	12948
2026-06-03T17:04:21.9794253+00:00	WorkerControlPipe	Layer06Node03	meta-orchestration-24a9ec3fbd7640ee95856928ee314592
2026-06-03T17:04:21.9797572+00:00	WorkerLog	Layer06Node03	stdout=C:\Users\jimmy\Desktop\meta-bi\Samples\Demos\MetaOrchestrationHairballCliIntegration\Runs\hairball-seed-20260530\RunArtifacts\runs\20260603-170336_46327b50f01a433d8bb3ad9d12fb1de2\logs\Layer06Node03-12948.stdout.log; stderr=C:\Users\jimmy\Desktop\meta-bi\Samples\Demos\MetaOrchestrationHairballCliIntegration\Runs\hairball-seed-20260530\RunArtifacts\runs\20260603-170336_46327b50f01a433d8bb3ad9d12fb1de2\logs\Layer06Node03-12948.stderr.log
2026-06-03T17:04:21.9936287+00:00	WorkerEvent	Layer06Node03	WorkerOnline; ExitCode=0; online
2026-06-03T17:04:21.9951170+00:00	WorkerEvent	Layer06Node03	WorkerReady; ExitCode=0; ready
2026-06-03T17:04:21.9973730+00:00	StartPipeline	Layer06Node03	Layer06Node03
2026-06-03T17:04:22.3693623+00:00	WorkerEvent	Layer06Node03	PipelineStarted; ExitCode=0; pipeline started
2026-06-03T17:04:22.3708012+00:00	WorkerEvent	Layer06Node03.select-l06-n03	TaskReady; ExitCode=0; 
2026-06-03T17:04:22.3714863+00:00	GrantTask	Layer06Node03.select-l06-n03	Layer06Node03.select-l06-n03; GrantId=grant-80; Attempt=1
2026-06-03T17:04:22.3721674+00:00	WorkerEvent	Layer06Node03.select-l06-n03	GrantAccepted; ExitCode=0; 
2026-06-03T17:04:22.3728907+00:00	WorkerEvent	Layer06Node03.select-l06-n03	TaskStarted; ExitCode=0; 
2026-06-03T17:04:22.6317026+00:00	WorkerEvent	Layer06Node03.select-l06-n03	TaskSucceeded; ExitCode=0; 
2026-06-03T17:04:22.6322984+00:00	TaskSucceeded	Layer06Node03.select-l06-n03	0
2026-06-03T17:04:22.6535860+00:00	WorkerEvent	Layer06Node03	Closed; ExitCode=0; 
2026-06-03T17:04:22.6542141+00:00	WorkerStarting	Layer06Node04	meta-pipeline
2026-06-03T17:04:22.7219255+00:00	WorkerStarted	Layer06Node04	26152
2026-06-03T17:04:22.7222824+00:00	WorkerControlPipe	Layer06Node04	meta-orchestration-59a7f373bb224cd3b36c73c0dce73f72
2026-06-03T17:04:22.7226193+00:00	WorkerLog	Layer06Node04	stdout=C:\Users\jimmy\Desktop\meta-bi\Samples\Demos\MetaOrchestrationHairballCliIntegration\Runs\hairball-seed-20260530\RunArtifacts\runs\20260603-170336_46327b50f01a433d8bb3ad9d12fb1de2\logs\Layer06Node04-26152.stdout.log; stderr=C:\Users\jimmy\Desktop\meta-bi\Samples\Demos\MetaOrchestrationHairballCliIntegration\Runs\hairball-seed-20260530\RunArtifacts\runs\20260603-170336_46327b50f01a433d8bb3ad9d12fb1de2\logs\Layer06Node04-26152.stderr.log
2026-06-03T17:04:22.7355540+00:00	WorkerEvent	Layer06Node04	WorkerOnline; ExitCode=0; online
2026-06-03T17:04:22.7370221+00:00	WorkerEvent	Layer06Node04	WorkerReady; ExitCode=0; ready
2026-06-03T17:04:22.7396077+00:00	StartPipeline	Layer06Node04	Layer06Node04
2026-06-03T17:04:23.0843658+00:00	WorkerEvent	Layer06Node04	PipelineStarted; ExitCode=0; pipeline started
2026-06-03T17:04:23.0857625+00:00	WorkerEvent	Layer06Node04.export-l06-n04	TaskReady; ExitCode=0; 
2026-06-03T17:04:23.0865860+00:00	GrantTask	Layer06Node04.export-l06-n04	Layer06Node04.export-l06-n04; GrantId=grant-81; Attempt=1
2026-06-03T17:04:23.0871660+00:00	WorkerEvent	Layer06Node04.export-l06-n04	GrantAccepted; ExitCode=0; 
2026-06-03T17:04:23.0876708+00:00	WorkerEvent	Layer06Node04.export-l06-n04	TaskStarted; ExitCode=0; 
2026-06-03T17:04:23.3936539+00:00	WorkerEvent	Layer06Node04.export-l06-n04	TaskSucceeded; ExitCode=0; 
2026-06-03T17:04:23.3942509+00:00	TaskSucceeded	Layer06Node04.export-l06-n04	0
2026-06-03T17:04:23.4196652+00:00	WorkerEvent	Layer06Node04	Closed; ExitCode=0; 
2026-06-03T17:04:23.4203363+00:00	WorkerStarting	Layer06Node05	meta-pipeline
2026-06-03T17:04:23.4903768+00:00	WorkerStarted	Layer06Node05	27172
2026-06-03T17:04:23.4906489+00:00	WorkerControlPipe	Layer06Node05	meta-orchestration-4a06ccbac2144755819f56d9fdde4c78
2026-06-03T17:04:23.4909929+00:00	WorkerLog	Layer06Node05	stdout=C:\Users\jimmy\Desktop\meta-bi\Samples\Demos\MetaOrchestrationHairballCliIntegration\Runs\hairball-seed-20260530\RunArtifacts\runs\20260603-170336_46327b50f01a433d8bb3ad9d12fb1de2\logs\Layer06Node05-27172.stdout.log; stderr=C:\Users\jimmy\Desktop\meta-bi\Samples\Demos\MetaOrchestrationHairballCliIntegration\Runs\hairball-seed-20260530\RunArtifacts\runs\20260603-170336_46327b50f01a433d8bb3ad9d12fb1de2\logs\Layer06Node05-27172.stderr.log
2026-06-03T17:04:23.5045785+00:00	WorkerEvent	Layer06Node05	WorkerOnline; ExitCode=0; online
2026-06-03T17:04:23.5060177+00:00	WorkerEvent	Layer06Node05	WorkerReady; ExitCode=0; ready
2026-06-03T17:04:23.5081447+00:00	StartPipeline	Layer06Node05	Layer06Node05
2026-06-03T17:04:23.8697675+00:00	WorkerEvent	Layer06Node05	PipelineStarted; ExitCode=0; pipeline started
2026-06-03T17:04:23.8711794+00:00	WorkerEvent	Layer06Node05.export-l06-n05	TaskReady; ExitCode=0; 
2026-06-03T17:04:23.8719611+00:00	GrantTask	Layer06Node05.export-l06-n05	Layer06Node05.export-l06-n05; GrantId=grant-82; Attempt=1
2026-06-03T17:04:23.8728088+00:00	WorkerEvent	Layer06Node05.export-l06-n05	GrantAccepted; ExitCode=0; 
2026-06-03T17:04:23.8734979+00:00	WorkerEvent	Layer06Node05.export-l06-n05	TaskStarted; ExitCode=0; 
2026-06-03T17:04:24.1719960+00:00	WorkerEvent	Layer06Node05.export-l06-n05	TaskSucceeded; ExitCode=0; 
2026-06-03T17:04:24.1727285+00:00	TaskSucceeded	Layer06Node05.export-l06-n05	0
2026-06-03T17:04:24.1927203+00:00	WorkerEvent	Layer06Node05	Closed; ExitCode=0; 
2026-06-03T17:04:24.1934030+00:00	WorkerStarting	Layer06Node06	meta-pipeline
2026-06-03T17:04:24.2621889+00:00	WorkerStarted	Layer06Node06	30012
2026-06-03T17:04:24.2625048+00:00	WorkerControlPipe	Layer06Node06	meta-orchestration-c27928c8ab83498683c3b8b586c0904a
2026-06-03T17:04:24.2629594+00:00	WorkerLog	Layer06Node06	stdout=C:\Users\jimmy\Desktop\meta-bi\Samples\Demos\MetaOrchestrationHairballCliIntegration\Runs\hairball-seed-20260530\RunArtifacts\runs\20260603-170336_46327b50f01a433d8bb3ad9d12fb1de2\logs\Layer06Node06-30012.stdout.log; stderr=C:\Users\jimmy\Desktop\meta-bi\Samples\Demos\MetaOrchestrationHairballCliIntegration\Runs\hairball-seed-20260530\RunArtifacts\runs\20260603-170336_46327b50f01a433d8bb3ad9d12fb1de2\logs\Layer06Node06-30012.stderr.log
2026-06-03T17:04:24.2772258+00:00	WorkerEvent	Layer06Node06	WorkerOnline; ExitCode=0; online
2026-06-03T17:04:24.2784182+00:00	WorkerEvent	Layer06Node06	WorkerReady; ExitCode=0; ready
2026-06-03T17:04:24.2807377+00:00	StartPipeline	Layer06Node06	Layer06Node06
2026-06-03T17:04:24.6581358+00:00	WorkerEvent	Layer06Node06	PipelineStarted; ExitCode=0; pipeline started
2026-06-03T17:04:24.6595816+00:00	WorkerEvent	Layer06Node06.select-l06-n06	TaskReady; ExitCode=0; 
2026-06-03T17:04:24.6603058+00:00	GrantTask	Layer06Node06.select-l06-n06	Layer06Node06.select-l06-n06; GrantId=grant-83; Attempt=1
2026-06-03T17:04:24.6607891+00:00	WorkerEvent	Layer06Node06.select-l06-n06	GrantAccepted; ExitCode=0; 
2026-06-03T17:04:24.6613887+00:00	WorkerEvent	Layer06Node06.select-l06-n06	TaskStarted; ExitCode=0; 
2026-06-03T17:04:24.9201452+00:00	WorkerEvent	Layer06Node06.select-l06-n06	TaskSucceeded; ExitCode=0; 
2026-06-03T17:04:24.9207713+00:00	TaskSucceeded	Layer06Node06.select-l06-n06	0
2026-06-03T17:04:24.9427668+00:00	WorkerEvent	Layer06Node06	Closed; ExitCode=0; 
2026-06-03T17:04:24.9433656+00:00	WorkerStarting	Layer06Node07	meta-pipeline
2026-06-03T17:04:25.0124263+00:00	WorkerStarted	Layer06Node07	6600
2026-06-03T17:04:25.0127609+00:00	WorkerControlPipe	Layer06Node07	meta-orchestration-7d5d8c96ed79444da1224fd7be448f4f
2026-06-03T17:04:25.0131078+00:00	WorkerLog	Layer06Node07	stdout=C:\Users\jimmy\Desktop\meta-bi\Samples\Demos\MetaOrchestrationHairballCliIntegration\Runs\hairball-seed-20260530\RunArtifacts\runs\20260603-170336_46327b50f01a433d8bb3ad9d12fb1de2\logs\Layer06Node07-6600.stdout.log; stderr=C:\Users\jimmy\Desktop\meta-bi\Samples\Demos\MetaOrchestrationHairballCliIntegration\Runs\hairball-seed-20260530\RunArtifacts\runs\20260603-170336_46327b50f01a433d8bb3ad9d12fb1de2\logs\Layer06Node07-6600.stderr.log
2026-06-03T17:04:25.0262985+00:00	WorkerEvent	Layer06Node07	WorkerOnline; ExitCode=0; online
2026-06-03T17:04:25.0277355+00:00	WorkerEvent	Layer06Node07	WorkerReady; ExitCode=0; ready
2026-06-03T17:04:25.0302872+00:00	StartPipeline	Layer06Node07	Layer06Node07
2026-06-03T17:04:25.3869236+00:00	WorkerEvent	Layer06Node07	PipelineStarted; ExitCode=0; pipeline started
2026-06-03T17:04:25.3881086+00:00	WorkerEvent	Layer06Node07.export-l06-n07	TaskReady; ExitCode=0; 
2026-06-03T17:04:25.3888554+00:00	GrantTask	Layer06Node07.export-l06-n07	Layer06Node07.export-l06-n07; GrantId=grant-84; Attempt=1
2026-06-03T17:04:25.3894381+00:00	WorkerEvent	Layer06Node07.export-l06-n07	GrantAccepted; ExitCode=0; 
2026-06-03T17:04:25.3901357+00:00	WorkerEvent	Layer06Node07.export-l06-n07	TaskStarted; ExitCode=0; 
2026-06-03T17:04:25.7229568+00:00	WorkerEvent	Layer06Node07.export-l06-n07	TaskSucceeded; ExitCode=0; 
2026-06-03T17:04:25.7235571+00:00	TaskSucceeded	Layer06Node07.export-l06-n07	0
2026-06-03T17:04:25.7442852+00:00	WorkerEvent	Layer06Node07	Closed; ExitCode=0; 
2026-06-03T17:04:25.7453216+00:00	WorkerStarting	Layer06Node08	meta-pipeline
2026-06-03T17:04:25.8147219+00:00	WorkerStarted	Layer06Node08	12400
2026-06-03T17:04:25.8149829+00:00	WorkerControlPipe	Layer06Node08	meta-orchestration-f5246ec23fee4fdd90630d62d604f182
2026-06-03T17:04:25.8153297+00:00	WorkerLog	Layer06Node08	stdout=C:\Users\jimmy\Desktop\meta-bi\Samples\Demos\MetaOrchestrationHairballCliIntegration\Runs\hairball-seed-20260530\RunArtifacts\runs\20260603-170336_46327b50f01a433d8bb3ad9d12fb1de2\logs\Layer06Node08-12400.stdout.log; stderr=C:\Users\jimmy\Desktop\meta-bi\Samples\Demos\MetaOrchestrationHairballCliIntegration\Runs\hairball-seed-20260530\RunArtifacts\runs\20260603-170336_46327b50f01a433d8bb3ad9d12fb1de2\logs\Layer06Node08-12400.stderr.log
2026-06-03T17:04:25.8288033+00:00	WorkerEvent	Layer06Node08	WorkerOnline; ExitCode=0; online
2026-06-03T17:04:25.8305264+00:00	WorkerEvent	Layer06Node08	WorkerReady; ExitCode=0; ready
2026-06-03T17:04:25.8326751+00:00	StartPipeline	Layer06Node08	Layer06Node08
2026-06-03T17:04:26.1867697+00:00	WorkerEvent	Layer06Node08	PipelineStarted; ExitCode=0; pipeline started
2026-06-03T17:04:26.1879745+00:00	WorkerEvent	Layer06Node08.export-l06-n08	TaskReady; ExitCode=0; 
2026-06-03T17:04:26.1889493+00:00	GrantTask	Layer06Node08.export-l06-n08	Layer06Node08.export-l06-n08; GrantId=grant-85; Attempt=1
2026-06-03T17:04:26.1894616+00:00	WorkerEvent	Layer06Node08.export-l06-n08	GrantAccepted; ExitCode=0; 
2026-06-03T17:04:26.1899464+00:00	WorkerEvent	Layer06Node08.export-l06-n08	TaskStarted; ExitCode=0; 
2026-06-03T17:04:26.4876594+00:00	WorkerEvent	Layer06Node08.export-l06-n08	TaskSucceeded; ExitCode=0; 
2026-06-03T17:04:26.4883121+00:00	TaskSucceeded	Layer06Node08.export-l06-n08	0
2026-06-03T17:04:26.5080684+00:00	WorkerEvent	Layer06Node08	Closed; ExitCode=0; 
2026-06-03T17:04:26.5085846+00:00	WorkerResuming	BridgeL05L06	ResumeTaskId=BridgeL05L06.bridge-l05-l06-south; Executable=meta-pipeline
2026-06-03T17:04:26.5759321+00:00	WorkerStarted	BridgeL05L06	13120
2026-06-03T17:04:26.5762958+00:00	WorkerControlPipe	BridgeL05L06	meta-orchestration-be07da0ee4f74673b20e3fb84d039b73
2026-06-03T17:04:26.5766748+00:00	WorkerLog	BridgeL05L06	stdout=C:\Users\jimmy\Desktop\meta-bi\Samples\Demos\MetaOrchestrationHairballCliIntegration\Runs\hairball-seed-20260530\RunArtifacts\runs\20260603-170336_46327b50f01a433d8bb3ad9d12fb1de2\logs\BridgeL05L06-13120.stdout.log; stderr=C:\Users\jimmy\Desktop\meta-bi\Samples\Demos\MetaOrchestrationHairballCliIntegration\Runs\hairball-seed-20260530\RunArtifacts\runs\20260603-170336_46327b50f01a433d8bb3ad9d12fb1de2\logs\BridgeL05L06-13120.stderr.log
2026-06-03T17:04:26.5895217+00:00	WorkerEvent	BridgeL05L06	WorkerOnline; ExitCode=0; online
2026-06-03T17:04:26.5909754+00:00	WorkerEvent	BridgeL05L06	WorkerReady; ExitCode=0; ready
2026-06-03T17:04:26.5939832+00:00	StartPipeline	BridgeL05L06	BridgeL05L06
2026-06-03T17:04:27.0647209+00:00	WorkerEvent	BridgeL05L06	PipelineStarted; ExitCode=0; pipeline started
2026-06-03T17:04:27.0661354+00:00	WorkerEvent	BridgeL05L06.bridge-l05-l06-south	TaskReady; ExitCode=0; 
2026-06-03T17:04:27.0668546+00:00	GrantTask	BridgeL05L06.bridge-l05-l06-south	BridgeL05L06.bridge-l05-l06-south; GrantId=grant-86; Attempt=1
2026-06-03T17:04:27.0672901+00:00	WorkerEvent	BridgeL05L06.bridge-l05-l06-south	GrantAccepted; ExitCode=0; 
2026-06-03T17:04:27.0678132+00:00	WorkerEvent	BridgeL05L06.bridge-l05-l06-south	TaskStarted; ExitCode=0; 
2026-06-03T17:04:27.3060827+00:00	WorkerEvent	BridgeL05L06.bridge-l05-l06-south	TaskSucceeded; ExitCode=0; 
2026-06-03T17:04:27.3066544+00:00	TaskSucceeded	BridgeL05L06.bridge-l05-l06-south	0
2026-06-03T17:04:27.3273093+00:00	WorkerEvent	BridgeL05L06	Closed; ExitCode=0; 
2026-06-03T17:04:27.3281832+00:00	WorkerStarting	Layer06Node09	meta-pipeline
2026-06-03T17:04:27.3974732+00:00	WorkerStarted	Layer06Node09	1676
2026-06-03T17:04:27.3977403+00:00	WorkerControlPipe	Layer06Node09	meta-orchestration-6d67361a2709465ab1f97138b6d7b9a0
2026-06-03T17:04:27.3979773+00:00	WorkerLog	Layer06Node09	stdout=C:\Users\jimmy\Desktop\meta-bi\Samples\Demos\MetaOrchestrationHairballCliIntegration\Runs\hairball-seed-20260530\RunArtifacts\runs\20260603-170336_46327b50f01a433d8bb3ad9d12fb1de2\logs\Layer06Node09-1676.stdout.log; stderr=C:\Users\jimmy\Desktop\meta-bi\Samples\Demos\MetaOrchestrationHairballCliIntegration\Runs\hairball-seed-20260530\RunArtifacts\runs\20260603-170336_46327b50f01a433d8bb3ad9d12fb1de2\logs\Layer06Node09-1676.stderr.log
2026-06-03T17:04:27.4110309+00:00	WorkerEvent	Layer06Node09	WorkerOnline; ExitCode=0; online
2026-06-03T17:04:27.4125990+00:00	WorkerEvent	Layer06Node09	WorkerReady; ExitCode=0; ready
2026-06-03T17:04:27.4148070+00:00	StartPipeline	Layer06Node09	Layer06Node09
2026-06-03T17:04:27.7931823+00:00	WorkerEvent	Layer06Node09	PipelineStarted; ExitCode=0; pipeline started
2026-06-03T17:04:27.7948213+00:00	WorkerEvent	Layer06Node09.select-l06-n09	TaskReady; ExitCode=0; 
2026-06-03T17:04:27.7958326+00:00	GrantTask	Layer06Node09.select-l06-n09	Layer06Node09.select-l06-n09; GrantId=grant-87; Attempt=1
2026-06-03T17:04:27.7963632+00:00	WorkerEvent	Layer06Node09.select-l06-n09	GrantAccepted; ExitCode=0; 
2026-06-03T17:04:27.7969676+00:00	WorkerEvent	Layer06Node09.select-l06-n09	TaskStarted; ExitCode=0; 
2026-06-03T17:04:28.0587809+00:00	WorkerEvent	Layer06Node09.select-l06-n09	TaskSucceeded; ExitCode=0; 
2026-06-03T17:04:28.0594521+00:00	TaskSucceeded	Layer06Node09.select-l06-n09	0
2026-06-03T17:04:28.0809961+00:00	WorkerEvent	Layer06Node09	Closed; ExitCode=0; 
2026-06-03T17:04:28.0818950+00:00	WorkerStarting	Layer06Hub	meta-pipeline
2026-06-03T17:04:28.1520313+00:00	WorkerStarted	Layer06Hub	30800
2026-06-03T17:04:28.1523024+00:00	WorkerControlPipe	Layer06Hub	meta-orchestration-e17bca4811834763b8d236c12d334e94
2026-06-03T17:04:28.1526283+00:00	WorkerLog	Layer06Hub	stdout=C:\Users\jimmy\Desktop\meta-bi\Samples\Demos\MetaOrchestrationHairballCliIntegration\Runs\hairball-seed-20260530\RunArtifacts\runs\20260603-170336_46327b50f01a433d8bb3ad9d12fb1de2\logs\Layer06Hub-30800.stdout.log; stderr=C:\Users\jimmy\Desktop\meta-bi\Samples\Demos\MetaOrchestrationHairballCliIntegration\Runs\hairball-seed-20260530\RunArtifacts\runs\20260603-170336_46327b50f01a433d8bb3ad9d12fb1de2\logs\Layer06Hub-30800.stderr.log
2026-06-03T17:04:28.1660498+00:00	WorkerEvent	Layer06Hub	WorkerOnline; ExitCode=0; online
2026-06-03T17:04:28.1672689+00:00	WorkerEvent	Layer06Hub	WorkerReady; ExitCode=0; ready
2026-06-03T17:04:28.1694926+00:00	StartPipeline	Layer06Hub	Layer06Hub
2026-06-03T17:04:28.6396218+00:00	WorkerEvent	Layer06Hub	PipelineStarted; ExitCode=0; pipeline started
2026-06-03T17:04:28.6409466+00:00	WorkerEvent	Layer06Hub.hub-l06-stage	TaskReady; ExitCode=0; 
2026-06-03T17:04:28.6416952+00:00	GrantTask	Layer06Hub.hub-l06-stage	Layer06Hub.hub-l06-stage; GrantId=grant-88; Attempt=1
2026-06-03T17:04:28.6423248+00:00	WorkerEvent	Layer06Hub.hub-l06-stage	GrantAccepted; ExitCode=0; 
2026-06-03T17:04:28.6429533+00:00	WorkerEvent	Layer06Hub.hub-l06-stage	TaskStarted; ExitCode=0; 
2026-06-03T17:04:28.9033308+00:00	WorkerEvent	Layer06Hub.hub-l06-stage	TaskSucceeded; ExitCode=0; 
2026-06-03T17:04:28.9039246+00:00	TaskSucceeded	Layer06Hub.hub-l06-stage	0
2026-06-03T17:04:28.9045019+00:00	WorkerEvent	Layer06Hub.hub-l06-curate	TaskReady; ExitCode=0; 
2026-06-03T17:04:28.9050457+00:00	GrantTask	Layer06Hub.hub-l06-curate	Layer06Hub.hub-l06-curate; GrantId=grant-89; Attempt=1
2026-06-03T17:04:28.9053544+00:00	WorkerEvent	Layer06Hub.hub-l06-curate	GrantAccepted; ExitCode=0; 
2026-06-03T17:04:28.9059794+00:00	WorkerEvent	Layer06Hub.hub-l06-curate	TaskStarted; ExitCode=0; 
2026-06-03T17:04:28.9574083+00:00	WorkerEvent	Layer06Hub.hub-l06-curate	TaskSucceeded; ExitCode=0; 
2026-06-03T17:04:28.9579092+00:00	TaskSucceeded	Layer06Hub.hub-l06-curate	0
2026-06-03T17:04:28.9584315+00:00	WorkerEvent	Layer06Hub.hub-l06-publish	TaskReady; ExitCode=0; 
2026-06-03T17:04:28.9591154+00:00	GrantTask	Layer06Hub.hub-l06-publish	Layer06Hub.hub-l06-publish; GrantId=grant-90; Attempt=1
2026-06-03T17:04:28.9594612+00:00	WorkerEvent	Layer06Hub.hub-l06-publish	GrantAccepted; ExitCode=0; 
2026-06-03T17:04:28.9600936+00:00	WorkerEvent	Layer06Hub.hub-l06-publish	TaskStarted; ExitCode=0; 
2026-06-03T17:04:29.0555668+00:00	WorkerEvent	Layer06Hub.hub-l06-publish	TaskSucceeded; ExitCode=0; 
2026-06-03T17:04:29.0561854+00:00	TaskSucceeded	Layer06Hub.hub-l06-publish	0
2026-06-03T17:04:29.0774745+00:00	WorkerEvent	Layer06Hub	Closed; ExitCode=0; 
2026-06-03T17:04:29.0781304+00:00	WorkerStarting	Layer06Node10	meta-pipeline
2026-06-03T17:04:29.1451046+00:00	WorkerStarted	Layer06Node10	26036
2026-06-03T17:04:29.1455057+00:00	WorkerControlPipe	Layer06Node10	meta-orchestration-2b69c8286de64267baaf22e23ad61624
2026-06-03T17:04:29.1458412+00:00	WorkerLog	Layer06Node10	stdout=C:\Users\jimmy\Desktop\meta-bi\Samples\Demos\MetaOrchestrationHairballCliIntegration\Runs\hairball-seed-20260530\RunArtifacts\runs\20260603-170336_46327b50f01a433d8bb3ad9d12fb1de2\logs\Layer06Node10-26036.stdout.log; stderr=C:\Users\jimmy\Desktop\meta-bi\Samples\Demos\MetaOrchestrationHairballCliIntegration\Runs\hairball-seed-20260530\RunArtifacts\runs\20260603-170336_46327b50f01a433d8bb3ad9d12fb1de2\logs\Layer06Node10-26036.stderr.log
2026-06-03T17:04:29.1588014+00:00	WorkerEvent	Layer06Node10	WorkerOnline; ExitCode=0; online
2026-06-03T17:04:29.1604593+00:00	WorkerEvent	Layer06Node10	WorkerReady; ExitCode=0; ready
2026-06-03T17:04:29.1630536+00:00	StartPipeline	Layer06Node10	Layer06Node10
2026-06-03T17:04:29.5154549+00:00	WorkerEvent	Layer06Node10	PipelineStarted; ExitCode=0; pipeline started
2026-06-03T17:04:29.5165735+00:00	WorkerEvent	Layer06Node10.refresh-l06-n10	TaskReady; ExitCode=0; 
2026-06-03T17:04:29.5172666+00:00	GrantTask	Layer06Node10.refresh-l06-n10	Layer06Node10.refresh-l06-n10; GrantId=grant-91; Attempt=1
2026-06-03T17:04:29.5176899+00:00	WorkerEvent	Layer06Node10.refresh-l06-n10	GrantAccepted; ExitCode=0; 
2026-06-03T17:04:29.5183936+00:00	WorkerEvent	Layer06Node10.refresh-l06-n10	TaskStarted; ExitCode=0; 
2026-06-03T17:04:29.7614451+00:00	WorkerEvent	Layer06Node10.refresh-l06-n10	TaskSucceeded; ExitCode=0; 
2026-06-03T17:04:29.7621135+00:00	TaskSucceeded	Layer06Node10.refresh-l06-n10	0
2026-06-03T17:04:29.7831850+00:00	WorkerEvent	Layer06Node10	Closed; ExitCode=0; 
2026-06-03T17:04:29.7838386+00:00	WorkerResuming	BridgeL07L08	ResumeTaskId=BridgeL07L08.bridge-l07-l08-south; Executable=meta-pipeline
2026-06-03T17:04:29.8514723+00:00	WorkerStarted	BridgeL07L08	30628
2026-06-03T17:04:29.8517311+00:00	WorkerControlPipe	BridgeL07L08	meta-orchestration-f56b194b97774033b748da6313f0ad6a
2026-06-03T17:04:29.8521168+00:00	WorkerLog	BridgeL07L08	stdout=C:\Users\jimmy\Desktop\meta-bi\Samples\Demos\MetaOrchestrationHairballCliIntegration\Runs\hairball-seed-20260530\RunArtifacts\runs\20260603-170336_46327b50f01a433d8bb3ad9d12fb1de2\logs\BridgeL07L08-30628.stdout.log; stderr=C:\Users\jimmy\Desktop\meta-bi\Samples\Demos\MetaOrchestrationHairballCliIntegration\Runs\hairball-seed-20260530\RunArtifacts\runs\20260603-170336_46327b50f01a433d8bb3ad9d12fb1de2\logs\BridgeL07L08-30628.stderr.log
2026-06-03T17:04:29.8652945+00:00	WorkerEvent	BridgeL07L08	WorkerOnline; ExitCode=0; online
2026-06-03T17:04:29.8666625+00:00	WorkerEvent	BridgeL07L08	WorkerReady; ExitCode=0; ready
2026-06-03T17:04:29.8690436+00:00	StartPipeline	BridgeL07L08	BridgeL07L08
2026-06-03T17:04:30.3342175+00:00	WorkerEvent	BridgeL07L08	PipelineStarted; ExitCode=0; pipeline started
2026-06-03T17:04:30.3357508+00:00	WorkerEvent	BridgeL07L08.bridge-l07-l08-south	TaskReady; ExitCode=0; 
2026-06-03T17:04:30.3365856+00:00	GrantTask	BridgeL07L08.bridge-l07-l08-south	BridgeL07L08.bridge-l07-l08-south; GrantId=grant-92; Attempt=1
2026-06-03T17:04:30.3371372+00:00	WorkerEvent	BridgeL07L08.bridge-l07-l08-south	GrantAccepted; ExitCode=0; 
2026-06-03T17:04:30.3377185+00:00	WorkerEvent	BridgeL07L08.bridge-l07-l08-south	TaskStarted; ExitCode=0; 
2026-06-03T17:04:30.5710109+00:00	WorkerEvent	BridgeL07L08.bridge-l07-l08-south	TaskSucceeded; ExitCode=0; 
2026-06-03T17:04:30.5716364+00:00	TaskSucceeded	BridgeL07L08.bridge-l07-l08-south	0
2026-06-03T17:04:30.5930118+00:00	WorkerEvent	BridgeL07L08	Closed; ExitCode=0; 
2026-06-03T17:04:30.5936014+00:00	WorkerStarting	Layer07Node01	meta-pipeline
2026-06-03T17:04:30.6644195+00:00	WorkerStarted	Layer07Node01	17496
2026-06-03T17:04:30.6647705+00:00	WorkerControlPipe	Layer07Node01	meta-orchestration-28c4aa6727db4a7caf05c56bf00d98eb
2026-06-03T17:04:30.6650362+00:00	WorkerLog	Layer07Node01	stdout=C:\Users\jimmy\Desktop\meta-bi\Samples\Demos\MetaOrchestrationHairballCliIntegration\Runs\hairball-seed-20260530\RunArtifacts\runs\20260603-170336_46327b50f01a433d8bb3ad9d12fb1de2\logs\Layer07Node01-17496.stdout.log; stderr=C:\Users\jimmy\Desktop\meta-bi\Samples\Demos\MetaOrchestrationHairballCliIntegration\Runs\hairball-seed-20260530\RunArtifacts\runs\20260603-170336_46327b50f01a433d8bb3ad9d12fb1de2\logs\Layer07Node01-17496.stderr.log
2026-06-03T17:04:30.6800226+00:00	WorkerEvent	Layer07Node01	WorkerOnline; ExitCode=0; online
2026-06-03T17:04:30.6817979+00:00	WorkerEvent	Layer07Node01	WorkerReady; ExitCode=0; ready
2026-06-03T17:04:30.6842041+00:00	StartPipeline	Layer07Node01	Layer07Node01
2026-06-03T17:04:31.0976518+00:00	WorkerEvent	Layer07Node01	PipelineStarted; ExitCode=0; pipeline started
2026-06-03T17:04:31.0989350+00:00	WorkerEvent	Layer07Node01.select-l07-n01	TaskReady; ExitCode=0; 
2026-06-03T17:04:31.0997426+00:00	GrantTask	Layer07Node01.select-l07-n01	Layer07Node01.select-l07-n01; GrantId=grant-93; Attempt=1
2026-06-03T17:04:31.1002437+00:00	WorkerEvent	Layer07Node01.select-l07-n01	GrantAccepted; ExitCode=0; 
2026-06-03T17:04:31.1008413+00:00	WorkerEvent	Layer07Node01.select-l07-n01	TaskStarted; ExitCode=0; 
2026-06-03T17:04:31.3643169+00:00	WorkerEvent	Layer07Node01.select-l07-n01	TaskSucceeded; ExitCode=0; 
2026-06-03T17:04:31.3650032+00:00	TaskSucceeded	Layer07Node01.select-l07-n01	0
2026-06-03T17:04:31.3862703+00:00	WorkerEvent	Layer07Node01	Closed; ExitCode=0; 
2026-06-03T17:04:31.3868329+00:00	WorkerStarting	CompositeMart	meta-pipeline
2026-06-03T17:04:31.4569981+00:00	WorkerStarted	CompositeMart	15652
2026-06-03T17:04:31.4572865+00:00	WorkerControlPipe	CompositeMart	meta-orchestration-8f22e226fad14d4ebd43d74b3368473c
2026-06-03T17:04:31.4576489+00:00	WorkerLog	CompositeMart	stdout=C:\Users\jimmy\Desktop\meta-bi\Samples\Demos\MetaOrchestrationHairballCliIntegration\Runs\hairball-seed-20260530\RunArtifacts\runs\20260603-170336_46327b50f01a433d8bb3ad9d12fb1de2\logs\CompositeMart-15652.stdout.log; stderr=C:\Users\jimmy\Desktop\meta-bi\Samples\Demos\MetaOrchestrationHairballCliIntegration\Runs\hairball-seed-20260530\RunArtifacts\runs\20260603-170336_46327b50f01a433d8bb3ad9d12fb1de2\logs\CompositeMart-15652.stderr.log
2026-06-03T17:04:31.4712797+00:00	WorkerEvent	CompositeMart	WorkerOnline; ExitCode=0; online
2026-06-03T17:04:31.4724991+00:00	WorkerEvent	CompositeMart	WorkerReady; ExitCode=0; ready
2026-06-03T17:04:31.4747295+00:00	StartPipeline	CompositeMart	CompositeMart
2026-06-03T17:04:32.0478899+00:00	WorkerEvent	CompositeMart	PipelineStarted; ExitCode=0; pipeline started
2026-06-03T17:04:32.0494551+00:00	WorkerEvent	CompositeMart.composite-stage	TaskReady; ExitCode=0; 
2026-06-03T17:04:32.0501950+00:00	GrantTask	CompositeMart.composite-stage	CompositeMart.composite-stage; GrantId=grant-94; Attempt=1
2026-06-03T17:04:32.0507907+00:00	WorkerEvent	CompositeMart.composite-stage	GrantAccepted; ExitCode=0; 
2026-06-03T17:04:32.0514182+00:00	WorkerEvent	CompositeMart.composite-stage	TaskStarted; ExitCode=0; 
2026-06-03T17:04:32.3133944+00:00	WorkerEvent	CompositeMart.composite-stage	TaskSucceeded; ExitCode=0; 
2026-06-03T17:04:32.3140148+00:00	TaskSucceeded	CompositeMart.composite-stage	0
2026-06-03T17:04:32.3145621+00:00	WorkerEvent	CompositeMart.composite-curate	TaskReady; ExitCode=0; 
2026-06-03T17:04:32.3150811+00:00	WorkerDeferredForCapacity	CompositeMart	Deferred by orchestration to honor max active worker process capacity.
2026-06-03T17:04:32.3153463+00:00	StopPipeline	CompositeMart	Deferred by orchestration to honor max active worker process capacity.
2026-06-03T17:04:32.3388486+00:00	WorkerEvent	CompositeMart	Closed; ExitCode=0; 
2026-06-03T17:04:32.3394154+00:00	WorkerDeferred	CompositeMart	ResumeTaskId=CompositeMart.composite-curate
2026-06-03T17:04:32.3398368+00:00	WorkerStarting	Layer07Node02	meta-pipeline
2026-06-03T17:04:32.4085471+00:00	WorkerStarted	Layer07Node02	21232
2026-06-03T17:04:32.4088790+00:00	WorkerControlPipe	Layer07Node02	meta-orchestration-0b969ab542284e47be980b5c118e47aa
2026-06-03T17:04:32.4092283+00:00	WorkerLog	Layer07Node02	stdout=C:\Users\jimmy\Desktop\meta-bi\Samples\Demos\MetaOrchestrationHairballCliIntegration\Runs\hairball-seed-20260530\RunArtifacts\runs\20260603-170336_46327b50f01a433d8bb3ad9d12fb1de2\logs\Layer07Node02-21232.stdout.log; stderr=C:\Users\jimmy\Desktop\meta-bi\Samples\Demos\MetaOrchestrationHairballCliIntegration\Runs\hairball-seed-20260530\RunArtifacts\runs\20260603-170336_46327b50f01a433d8bb3ad9d12fb1de2\logs\Layer07Node02-21232.stderr.log
2026-06-03T17:04:32.4221997+00:00	WorkerEvent	Layer07Node02	WorkerOnline; ExitCode=0; online
2026-06-03T17:04:32.4235868+00:00	WorkerEvent	Layer07Node02	WorkerReady; ExitCode=0; ready
2026-06-03T17:04:32.4262184+00:00	StartPipeline	Layer07Node02	Layer07Node02
2026-06-03T17:04:32.8090902+00:00	WorkerEvent	Layer07Node02	PipelineStarted; ExitCode=0; pipeline started
2026-06-03T17:04:32.8107368+00:00	WorkerEvent	Layer07Node02.select-l07-n02	TaskReady; ExitCode=0; 
2026-06-03T17:04:32.8115799+00:00	GrantTask	Layer07Node02.select-l07-n02	Layer07Node02.select-l07-n02; GrantId=grant-95; Attempt=1
2026-06-03T17:04:32.8119103+00:00	WorkerEvent	Layer07Node02.select-l07-n02	GrantAccepted; ExitCode=0; 
2026-06-03T17:04:32.8125868+00:00	WorkerEvent	Layer07Node02.select-l07-n02	TaskStarted; ExitCode=0; 
2026-06-03T17:04:33.0711774+00:00	WorkerEvent	Layer07Node02.select-l07-n02	TaskSucceeded; ExitCode=0; 
2026-06-03T17:04:33.0717870+00:00	TaskSucceeded	Layer07Node02.select-l07-n02	0
2026-06-03T17:04:33.0935268+00:00	WorkerEvent	Layer07Node02	Closed; ExitCode=0; 
2026-06-03T17:04:33.0941040+00:00	WorkerStarting	Layer07Node03	meta-pipeline
2026-06-03T17:04:33.1612179+00:00	WorkerStarted	Layer07Node03	28292
2026-06-03T17:04:33.1614922+00:00	WorkerControlPipe	Layer07Node03	meta-orchestration-b9f38d4b5a9240cba33e6fcd24f1775d
2026-06-03T17:04:33.1621256+00:00	WorkerLog	Layer07Node03	stdout=C:\Users\jimmy\Desktop\meta-bi\Samples\Demos\MetaOrchestrationHairballCliIntegration\Runs\hairball-seed-20260530\RunArtifacts\runs\20260603-170336_46327b50f01a433d8bb3ad9d12fb1de2\logs\Layer07Node03-28292.stdout.log; stderr=C:\Users\jimmy\Desktop\meta-bi\Samples\Demos\MetaOrchestrationHairballCliIntegration\Runs\hairball-seed-20260530\RunArtifacts\runs\20260603-170336_46327b50f01a433d8bb3ad9d12fb1de2\logs\Layer07Node03-28292.stderr.log
2026-06-03T17:04:33.1754031+00:00	WorkerEvent	Layer07Node03	WorkerOnline; ExitCode=0; online
2026-06-03T17:04:33.1769440+00:00	WorkerEvent	Layer07Node03	WorkerReady; ExitCode=0; ready
2026-06-03T17:04:33.1791690+00:00	StartPipeline	Layer07Node03	Layer07Node03
2026-06-03T17:04:33.5326657+00:00	WorkerEvent	Layer07Node03	PipelineStarted; ExitCode=0; pipeline started
2026-06-03T17:04:33.5339812+00:00	WorkerEvent	Layer07Node03.refresh-l07-n03	TaskReady; ExitCode=0; 
2026-06-03T17:04:33.5347178+00:00	GrantTask	Layer07Node03.refresh-l07-n03	Layer07Node03.refresh-l07-n03; GrantId=grant-96; Attempt=1
2026-06-03T17:04:33.5354749+00:00	WorkerEvent	Layer07Node03.refresh-l07-n03	GrantAccepted; ExitCode=0; 
2026-06-03T17:04:33.5360024+00:00	WorkerEvent	Layer07Node03.refresh-l07-n03	TaskStarted; ExitCode=0; 
2026-06-03T17:04:33.7788952+00:00	WorkerEvent	Layer07Node03.refresh-l07-n03	TaskSucceeded; ExitCode=0; 
2026-06-03T17:04:33.7797873+00:00	TaskSucceeded	Layer07Node03.refresh-l07-n03	0
2026-06-03T17:04:33.8003303+00:00	WorkerEvent	Layer07Node03	Closed; ExitCode=0; 
2026-06-03T17:04:33.8009347+00:00	WorkerStarting	Layer07Node04	meta-pipeline
2026-06-03T17:04:33.8678948+00:00	WorkerStarted	Layer07Node04	23540
2026-06-03T17:04:33.8682827+00:00	WorkerControlPipe	Layer07Node04	meta-orchestration-89cde97ea3dd4435b6caf28ea3991449
2026-06-03T17:04:33.8687281+00:00	WorkerLog	Layer07Node04	stdout=C:\Users\jimmy\Desktop\meta-bi\Samples\Demos\MetaOrchestrationHairballCliIntegration\Runs\hairball-seed-20260530\RunArtifacts\runs\20260603-170336_46327b50f01a433d8bb3ad9d12fb1de2\logs\Layer07Node04-23540.stdout.log; stderr=C:\Users\jimmy\Desktop\meta-bi\Samples\Demos\MetaOrchestrationHairballCliIntegration\Runs\hairball-seed-20260530\RunArtifacts\runs\20260603-170336_46327b50f01a433d8bb3ad9d12fb1de2\logs\Layer07Node04-23540.stderr.log
2026-06-03T17:04:33.8832454+00:00	WorkerEvent	Layer07Node04	WorkerOnline; ExitCode=0; online
2026-06-03T17:04:33.8850680+00:00	WorkerEvent	Layer07Node04	WorkerReady; ExitCode=0; ready
2026-06-03T17:04:33.8874788+00:00	StartPipeline	Layer07Node04	Layer07Node04
2026-06-03T17:04:34.2621172+00:00	WorkerEvent	Layer07Node04	PipelineStarted; ExitCode=0; pipeline started
2026-06-03T17:04:34.2633654+00:00	WorkerEvent	Layer07Node04.select-l07-n04	TaskReady; ExitCode=0; 
2026-06-03T17:04:34.2640091+00:00	GrantTask	Layer07Node04.select-l07-n04	Layer07Node04.select-l07-n04; GrantId=grant-97; Attempt=1
2026-06-03T17:04:34.2645447+00:00	WorkerEvent	Layer07Node04.select-l07-n04	GrantAccepted; ExitCode=0; 
2026-06-03T17:04:34.2651217+00:00	WorkerEvent	Layer07Node04.select-l07-n04	TaskStarted; ExitCode=0; 
2026-06-03T17:04:34.5275987+00:00	WorkerEvent	Layer07Node04.select-l07-n04	TaskSucceeded; ExitCode=0; 
2026-06-03T17:04:34.5281799+00:00	TaskSucceeded	Layer07Node04.select-l07-n04	0
2026-06-03T17:04:34.5502842+00:00	WorkerEvent	Layer07Node04	Closed; ExitCode=0; 
2026-06-03T17:04:34.5509051+00:00	WorkerStarting	Layer07Node05	meta-pipeline
2026-06-03T17:04:34.6180551+00:00	WorkerStarted	Layer07Node05	14720
2026-06-03T17:04:34.6183604+00:00	WorkerControlPipe	Layer07Node05	meta-orchestration-52671230d3e64eb69fa454a47f18c343
2026-06-03T17:04:34.6187488+00:00	WorkerLog	Layer07Node05	stdout=C:\Users\jimmy\Desktop\meta-bi\Samples\Demos\MetaOrchestrationHairballCliIntegration\Runs\hairball-seed-20260530\RunArtifacts\runs\20260603-170336_46327b50f01a433d8bb3ad9d12fb1de2\logs\Layer07Node05-14720.stdout.log; stderr=C:\Users\jimmy\Desktop\meta-bi\Samples\Demos\MetaOrchestrationHairballCliIntegration\Runs\hairball-seed-20260530\RunArtifacts\runs\20260603-170336_46327b50f01a433d8bb3ad9d12fb1de2\logs\Layer07Node05-14720.stderr.log
2026-06-03T17:04:34.6321390+00:00	WorkerEvent	Layer07Node05	WorkerOnline; ExitCode=0; online
2026-06-03T17:04:34.6335749+00:00	WorkerEvent	Layer07Node05	WorkerReady; ExitCode=0; ready
2026-06-03T17:04:34.6356830+00:00	StartPipeline	Layer07Node05	Layer07Node05
2026-06-03T17:04:35.0178463+00:00	WorkerEvent	Layer07Node05	PipelineStarted; ExitCode=0; pipeline started
2026-06-03T17:04:35.0192497+00:00	WorkerEvent	Layer07Node05.select-l07-n05	TaskReady; ExitCode=0; 
2026-06-03T17:04:35.0201622+00:00	GrantTask	Layer07Node05.select-l07-n05	Layer07Node05.select-l07-n05; GrantId=grant-98; Attempt=1
2026-06-03T17:04:35.0206971+00:00	WorkerEvent	Layer07Node05.select-l07-n05	GrantAccepted; ExitCode=0; 
2026-06-03T17:04:35.0213176+00:00	WorkerEvent	Layer07Node05.select-l07-n05	TaskStarted; ExitCode=0; 
2026-06-03T17:04:35.2847548+00:00	WorkerEvent	Layer07Node05.select-l07-n05	TaskSucceeded; ExitCode=0; 
2026-06-03T17:04:35.2854176+00:00	TaskSucceeded	Layer07Node05.select-l07-n05	0
2026-06-03T17:04:35.3085547+00:00	WorkerEvent	Layer07Node05	Closed; ExitCode=0; 
2026-06-03T17:04:35.3092991+00:00	WorkerStarting	Layer07Node06	meta-pipeline
2026-06-03T17:04:35.3772788+00:00	WorkerStarted	Layer07Node06	19812
2026-06-03T17:04:35.3775419+00:00	WorkerControlPipe	Layer07Node06	meta-orchestration-14cd4eb6338f4274a1a645cb41e7b025
2026-06-03T17:04:35.3779414+00:00	WorkerLog	Layer07Node06	stdout=C:\Users\jimmy\Desktop\meta-bi\Samples\Demos\MetaOrchestrationHairballCliIntegration\Runs\hairball-seed-20260530\RunArtifacts\runs\20260603-170336_46327b50f01a433d8bb3ad9d12fb1de2\logs\Layer07Node06-19812.stdout.log; stderr=C:\Users\jimmy\Desktop\meta-bi\Samples\Demos\MetaOrchestrationHairballCliIntegration\Runs\hairball-seed-20260530\RunArtifacts\runs\20260603-170336_46327b50f01a433d8bb3ad9d12fb1de2\logs\Layer07Node06-19812.stderr.log
2026-06-03T17:04:35.3910390+00:00	WorkerEvent	Layer07Node06	WorkerOnline; ExitCode=0; online
2026-06-03T17:04:35.3926296+00:00	WorkerEvent	Layer07Node06	WorkerReady; ExitCode=0; ready
2026-06-03T17:04:35.3947792+00:00	StartPipeline	Layer07Node06	Layer07Node06
2026-06-03T17:04:35.7425642+00:00	WorkerEvent	Layer07Node06	PipelineStarted; ExitCode=0; pipeline started
2026-06-03T17:04:35.7440635+00:00	WorkerEvent	Layer07Node06.export-l07-n06	TaskReady; ExitCode=0; 
2026-06-03T17:04:35.7448135+00:00	GrantTask	Layer07Node06.export-l07-n06	Layer07Node06.export-l07-n06; GrantId=grant-99; Attempt=1
2026-06-03T17:04:35.7454774+00:00	WorkerEvent	Layer07Node06.export-l07-n06	GrantAccepted; ExitCode=0; 
2026-06-03T17:04:35.7461736+00:00	WorkerEvent	Layer07Node06.export-l07-n06	TaskStarted; ExitCode=0; 
2026-06-03T17:04:36.0459170+00:00	WorkerEvent	Layer07Node06.export-l07-n06	TaskSucceeded; ExitCode=0; 
2026-06-03T17:04:36.0466465+00:00	TaskSucceeded	Layer07Node06.export-l07-n06	0
2026-06-03T17:04:36.0684377+00:00	WorkerEvent	Layer07Node06	Closed; ExitCode=0; 
2026-06-03T17:04:36.0691921+00:00	WorkerStarting	Layer07Node07	meta-pipeline
2026-06-03T17:04:36.1391095+00:00	WorkerStarted	Layer07Node07	31436
2026-06-03T17:04:36.1394657+00:00	WorkerControlPipe	Layer07Node07	meta-orchestration-05c3572f085d45d997a12dec3cd15a5b
2026-06-03T17:04:36.1401619+00:00	WorkerLog	Layer07Node07	stdout=C:\Users\jimmy\Desktop\meta-bi\Samples\Demos\MetaOrchestrationHairballCliIntegration\Runs\hairball-seed-20260530\RunArtifacts\runs\20260603-170336_46327b50f01a433d8bb3ad9d12fb1de2\logs\Layer07Node07-31436.stdout.log; stderr=C:\Users\jimmy\Desktop\meta-bi\Samples\Demos\MetaOrchestrationHairballCliIntegration\Runs\hairball-seed-20260530\RunArtifacts\runs\20260603-170336_46327b50f01a433d8bb3ad9d12fb1de2\logs\Layer07Node07-31436.stderr.log
2026-06-03T17:04:36.1532483+00:00	WorkerEvent	Layer07Node07	WorkerOnline; ExitCode=0; online
2026-06-03T17:04:36.1546237+00:00	WorkerEvent	Layer07Node07	WorkerReady; ExitCode=0; ready
2026-06-03T17:04:36.1578792+00:00	StartPipeline	Layer07Node07	Layer07Node07
2026-06-03T17:04:36.5427808+00:00	WorkerEvent	Layer07Node07	PipelineStarted; ExitCode=0; pipeline started
2026-06-03T17:04:36.5441372+00:00	WorkerEvent	Layer07Node07.select-l07-n07	TaskReady; ExitCode=0; 
2026-06-03T17:04:36.5451187+00:00	GrantTask	Layer07Node07.select-l07-n07	Layer07Node07.select-l07-n07; GrantId=grant-100; Attempt=1
2026-06-03T17:04:36.5456225+00:00	WorkerEvent	Layer07Node07.select-l07-n07	GrantAccepted; ExitCode=0; 
2026-06-03T17:04:36.5463153+00:00	WorkerEvent	Layer07Node07.select-l07-n07	TaskStarted; ExitCode=0; 
2026-06-03T17:04:36.8032838+00:00	WorkerEvent	Layer07Node07.select-l07-n07	TaskSucceeded; ExitCode=0; 
2026-06-03T17:04:36.8039690+00:00	TaskSucceeded	Layer07Node07.select-l07-n07	0
2026-06-03T17:04:36.8245911+00:00	WorkerEvent	Layer07Node07	Closed; ExitCode=0; 
2026-06-03T17:04:36.8251892+00:00	WorkerStarting	Layer07Node08	meta-pipeline
2026-06-03T17:04:36.8933908+00:00	WorkerStarted	Layer07Node08	24812
2026-06-03T17:04:36.8938987+00:00	WorkerControlPipe	Layer07Node08	meta-orchestration-d7b29d92851f4148841e5988d17f7c87
2026-06-03T17:04:36.8941221+00:00	WorkerLog	Layer07Node08	stdout=C:\Users\jimmy\Desktop\meta-bi\Samples\Demos\MetaOrchestrationHairballCliIntegration\Runs\hairball-seed-20260530\RunArtifacts\runs\20260603-170336_46327b50f01a433d8bb3ad9d12fb1de2\logs\Layer07Node08-24812.stdout.log; stderr=C:\Users\jimmy\Desktop\meta-bi\Samples\Demos\MetaOrchestrationHairballCliIntegration\Runs\hairball-seed-20260530\RunArtifacts\runs\20260603-170336_46327b50f01a433d8bb3ad9d12fb1de2\logs\Layer07Node08-24812.stderr.log
2026-06-03T17:04:36.9077398+00:00	WorkerEvent	Layer07Node08	WorkerOnline; ExitCode=0; online
2026-06-03T17:04:36.9090771+00:00	WorkerEvent	Layer07Node08	WorkerReady; ExitCode=0; ready
2026-06-03T17:04:36.9109829+00:00	StartPipeline	Layer07Node08	Layer07Node08
2026-06-03T17:04:37.2791807+00:00	WorkerEvent	Layer07Node08	PipelineStarted; ExitCode=0; pipeline started
2026-06-03T17:04:37.2803600+00:00	WorkerEvent	Layer07Node08.export-l07-n08	TaskReady; ExitCode=0; 
2026-06-03T17:04:37.2812735+00:00	GrantTask	Layer07Node08.export-l07-n08	Layer07Node08.export-l07-n08; GrantId=grant-101; Attempt=1
2026-06-03T17:04:37.2819369+00:00	WorkerEvent	Layer07Node08.export-l07-n08	GrantAccepted; ExitCode=0; 
2026-06-03T17:04:37.2827152+00:00	WorkerEvent	Layer07Node08.export-l07-n08	TaskStarted; ExitCode=0; 
2026-06-03T17:04:37.5823014+00:00	WorkerEvent	Layer07Node08.export-l07-n08	TaskSucceeded; ExitCode=0; 
2026-06-03T17:04:37.5828627+00:00	TaskSucceeded	Layer07Node08.export-l07-n08	0
2026-06-03T17:04:37.6034521+00:00	WorkerEvent	Layer07Node08	Closed; ExitCode=0; 
2026-06-03T17:04:37.6040170+00:00	WorkerStarting	Layer07Hub	meta-pipeline
2026-06-03T17:04:37.6705850+00:00	WorkerStarted	Layer07Hub	6792
2026-06-03T17:04:37.6708436+00:00	WorkerControlPipe	Layer07Hub	meta-orchestration-cdef0b9c9b594d23899dc563b424e204
2026-06-03T17:04:37.6712422+00:00	WorkerLog	Layer07Hub	stdout=C:\Users\jimmy\Desktop\meta-bi\Samples\Demos\MetaOrchestrationHairballCliIntegration\Runs\hairball-seed-20260530\RunArtifacts\runs\20260603-170336_46327b50f01a433d8bb3ad9d12fb1de2\logs\Layer07Hub-6792.stdout.log; stderr=C:\Users\jimmy\Desktop\meta-bi\Samples\Demos\MetaOrchestrationHairballCliIntegration\Runs\hairball-seed-20260530\RunArtifacts\runs\20260603-170336_46327b50f01a433d8bb3ad9d12fb1de2\logs\Layer07Hub-6792.stderr.log
2026-06-03T17:04:37.6847349+00:00	WorkerEvent	Layer07Hub	WorkerOnline; ExitCode=0; online
2026-06-03T17:04:37.6861696+00:00	WorkerEvent	Layer07Hub	WorkerReady; ExitCode=0; ready
2026-06-03T17:04:37.6884753+00:00	StartPipeline	Layer07Hub	Layer07Hub
2026-06-03T17:04:38.1560627+00:00	WorkerEvent	Layer07Hub	PipelineStarted; ExitCode=0; pipeline started
2026-06-03T17:04:38.1577035+00:00	WorkerEvent	Layer07Hub.hub-l07-stage	TaskReady; ExitCode=0; 
2026-06-03T17:04:38.1586235+00:00	GrantTask	Layer07Hub.hub-l07-stage	Layer07Hub.hub-l07-stage; GrantId=grant-102; Attempt=1
2026-06-03T17:04:38.1590253+00:00	WorkerEvent	Layer07Hub.hub-l07-stage	GrantAccepted; ExitCode=0; 
2026-06-03T17:04:38.1596666+00:00	WorkerEvent	Layer07Hub.hub-l07-stage	TaskStarted; ExitCode=0; 
2026-06-03T17:04:38.4216631+00:00	WorkerEvent	Layer07Hub.hub-l07-stage	TaskSucceeded; ExitCode=0; 
2026-06-03T17:04:38.4223683+00:00	TaskSucceeded	Layer07Hub.hub-l07-stage	0
2026-06-03T17:04:38.4229761+00:00	WorkerEvent	Layer07Hub.hub-l07-curate	TaskReady; ExitCode=0; 
2026-06-03T17:04:38.4242965+00:00	GrantTask	Layer07Hub.hub-l07-curate	Layer07Hub.hub-l07-curate; GrantId=grant-103; Attempt=1
2026-06-03T17:04:38.4247985+00:00	WorkerEvent	Layer07Hub.hub-l07-curate	GrantAccepted; ExitCode=0; 
2026-06-03T17:04:38.4256124+00:00	WorkerEvent	Layer07Hub.hub-l07-curate	TaskStarted; ExitCode=0; 
2026-06-03T17:04:38.4769262+00:00	WorkerEvent	Layer07Hub.hub-l07-curate	TaskSucceeded; ExitCode=0; 
2026-06-03T17:04:38.4775027+00:00	TaskSucceeded	Layer07Hub.hub-l07-curate	0
2026-06-03T17:04:38.4780669+00:00	WorkerEvent	Layer07Hub.hub-l07-publish	TaskReady; ExitCode=0; 
2026-06-03T17:04:38.4787211+00:00	GrantTask	Layer07Hub.hub-l07-publish	Layer07Hub.hub-l07-publish; GrantId=grant-104; Attempt=1
2026-06-03T17:04:38.4789936+00:00	WorkerEvent	Layer07Hub.hub-l07-publish	GrantAccepted; ExitCode=0; 
2026-06-03T17:04:38.4795637+00:00	WorkerEvent	Layer07Hub.hub-l07-publish	TaskStarted; ExitCode=0; 
2026-06-03T17:04:38.5753977+00:00	WorkerEvent	Layer07Hub.hub-l07-publish	TaskSucceeded; ExitCode=0; 
2026-06-03T17:04:38.5759959+00:00	TaskSucceeded	Layer07Hub.hub-l07-publish	0
2026-06-03T17:04:38.6001308+00:00	WorkerEvent	Layer07Hub	Closed; ExitCode=0; 
2026-06-03T17:04:38.6009142+00:00	WorkerStarting	Layer08Node01	meta-pipeline
2026-06-03T17:04:38.6697639+00:00	WorkerStarted	Layer08Node01	24784
2026-06-03T17:04:38.6700187+00:00	WorkerControlPipe	Layer08Node01	meta-orchestration-69611487e69648c6986410cb94d92412
2026-06-03T17:04:38.6704086+00:00	WorkerLog	Layer08Node01	stdout=C:\Users\jimmy\Desktop\meta-bi\Samples\Demos\MetaOrchestrationHairballCliIntegration\Runs\hairball-seed-20260530\RunArtifacts\runs\20260603-170336_46327b50f01a433d8bb3ad9d12fb1de2\logs\Layer08Node01-24784.stdout.log; stderr=C:\Users\jimmy\Desktop\meta-bi\Samples\Demos\MetaOrchestrationHairballCliIntegration\Runs\hairball-seed-20260530\RunArtifacts\runs\20260603-170336_46327b50f01a433d8bb3ad9d12fb1de2\logs\Layer08Node01-24784.stderr.log
2026-06-03T17:04:38.6842943+00:00	WorkerEvent	Layer08Node01	WorkerOnline; ExitCode=0; online
2026-06-03T17:04:38.6855693+00:00	WorkerEvent	Layer08Node01	WorkerReady; ExitCode=0; ready
2026-06-03T17:04:38.6885560+00:00	StartPipeline	Layer08Node01	Layer08Node01
2026-06-03T17:04:39.0313475+00:00	WorkerEvent	Layer08Node01	PipelineStarted; ExitCode=0; pipeline started
2026-06-03T17:04:39.0327233+00:00	WorkerEvent	Layer08Node01.refresh-l08-n01	TaskReady; ExitCode=0; 
2026-06-03T17:04:39.0335097+00:00	GrantTask	Layer08Node01.refresh-l08-n01	Layer08Node01.refresh-l08-n01; GrantId=grant-105; Attempt=1
2026-06-03T17:04:39.0340327+00:00	WorkerEvent	Layer08Node01.refresh-l08-n01	GrantAccepted; ExitCode=0; 
2026-06-03T17:04:39.0348027+00:00	WorkerEvent	Layer08Node01.refresh-l08-n01	TaskStarted; ExitCode=0; 
2026-06-03T17:04:39.2735487+00:00	WorkerEvent	Layer08Node01.refresh-l08-n01	TaskSucceeded; ExitCode=0; 
2026-06-03T17:04:39.2742035+00:00	TaskSucceeded	Layer08Node01.refresh-l08-n01	0
2026-06-03T17:04:39.2944637+00:00	WorkerEvent	Layer08Node01	Closed; ExitCode=0; 
2026-06-03T17:04:39.2953265+00:00	WorkerStarting	Layer08Node02	meta-pipeline
2026-06-03T17:04:39.3635115+00:00	WorkerStarted	Layer08Node02	22316
2026-06-03T17:04:39.3637902+00:00	WorkerControlPipe	Layer08Node02	meta-orchestration-c8278e84f2794f7a868080ee4ed06392
2026-06-03T17:04:39.3641132+00:00	WorkerLog	Layer08Node02	stdout=C:\Users\jimmy\Desktop\meta-bi\Samples\Demos\MetaOrchestrationHairballCliIntegration\Runs\hairball-seed-20260530\RunArtifacts\runs\20260603-170336_46327b50f01a433d8bb3ad9d12fb1de2\logs\Layer08Node02-22316.stdout.log; stderr=C:\Users\jimmy\Desktop\meta-bi\Samples\Demos\MetaOrchestrationHairballCliIntegration\Runs\hairball-seed-20260530\RunArtifacts\runs\20260603-170336_46327b50f01a433d8bb3ad9d12fb1de2\logs\Layer08Node02-22316.stderr.log
2026-06-03T17:04:39.3781136+00:00	WorkerEvent	Layer08Node02	WorkerOnline; ExitCode=0; online
2026-06-03T17:04:39.3793391+00:00	WorkerEvent	Layer08Node02	WorkerReady; ExitCode=0; ready
2026-06-03T17:04:39.3817090+00:00	StartPipeline	Layer08Node02	Layer08Node02
2026-06-03T17:04:39.7845256+00:00	WorkerEvent	Layer08Node02	PipelineStarted; ExitCode=0; pipeline started
2026-06-03T17:04:39.7859279+00:00	WorkerEvent	Layer08Node02.select-l08-n02	TaskReady; ExitCode=0; 
2026-06-03T17:04:39.7869025+00:00	GrantTask	Layer08Node02.select-l08-n02	Layer08Node02.select-l08-n02; GrantId=grant-106; Attempt=1
2026-06-03T17:04:39.7873417+00:00	WorkerEvent	Layer08Node02.select-l08-n02	GrantAccepted; ExitCode=0; 
2026-06-03T17:04:39.7883864+00:00	WorkerEvent	Layer08Node02.select-l08-n02	TaskStarted; ExitCode=0; 
2026-06-03T17:04:40.0615414+00:00	WorkerEvent	Layer08Node02.select-l08-n02	TaskSucceeded; ExitCode=0; 
2026-06-03T17:04:40.0621692+00:00	TaskSucceeded	Layer08Node02.select-l08-n02	0
2026-06-03T17:04:40.0826618+00:00	WorkerEvent	Layer08Node02	Closed; ExitCode=0; 
2026-06-03T17:04:40.0832500+00:00	WorkerStarting	Layer08Node03	meta-pipeline
2026-06-03T17:04:40.1527725+00:00	WorkerStarted	Layer08Node03	18380
2026-06-03T17:04:40.1532597+00:00	WorkerControlPipe	Layer08Node03	meta-orchestration-aaff2ca32305427c9cf07fba4109e0e5
2026-06-03T17:04:40.1536101+00:00	WorkerLog	Layer08Node03	stdout=C:\Users\jimmy\Desktop\meta-bi\Samples\Demos\MetaOrchestrationHairballCliIntegration\Runs\hairball-seed-20260530\RunArtifacts\runs\20260603-170336_46327b50f01a433d8bb3ad9d12fb1de2\logs\Layer08Node03-18380.stdout.log; stderr=C:\Users\jimmy\Desktop\meta-bi\Samples\Demos\MetaOrchestrationHairballCliIntegration\Runs\hairball-seed-20260530\RunArtifacts\runs\20260603-170336_46327b50f01a433d8bb3ad9d12fb1de2\logs\Layer08Node03-18380.stderr.log
2026-06-03T17:04:40.1675488+00:00	WorkerEvent	Layer08Node03	WorkerOnline; ExitCode=0; online
2026-06-03T17:04:40.1687904+00:00	WorkerEvent	Layer08Node03	WorkerReady; ExitCode=0; ready
2026-06-03T17:04:40.1711862+00:00	StartPipeline	Layer08Node03	Layer08Node03
2026-06-03T17:04:40.5256221+00:00	WorkerEvent	Layer08Node03	PipelineStarted; ExitCode=0; pipeline started
2026-06-03T17:04:40.5271763+00:00	WorkerEvent	Layer08Node03.export-l08-n03	TaskReady; ExitCode=0; 
2026-06-03T17:04:40.5279955+00:00	GrantTask	Layer08Node03.export-l08-n03	Layer08Node03.export-l08-n03; GrantId=grant-107; Attempt=1
2026-06-03T17:04:40.5286802+00:00	WorkerEvent	Layer08Node03.export-l08-n03	GrantAccepted; ExitCode=0; 
2026-06-03T17:04:40.5293679+00:00	WorkerEvent	Layer08Node03.export-l08-n03	TaskStarted; ExitCode=0; 
2026-06-03T17:04:40.8266728+00:00	WorkerEvent	Layer08Node03.export-l08-n03	TaskSucceeded; ExitCode=0; 
2026-06-03T17:04:40.8272673+00:00	TaskSucceeded	Layer08Node03.export-l08-n03	0
2026-06-03T17:04:40.8482280+00:00	WorkerEvent	Layer08Node03	Closed; ExitCode=0; 
2026-06-03T17:04:40.8488587+00:00	WorkerStarting	Layer08Node04	meta-pipeline
2026-06-03T17:04:40.9187691+00:00	WorkerStarted	Layer08Node04	13204
2026-06-03T17:04:40.9190365+00:00	WorkerControlPipe	Layer08Node04	meta-orchestration-073f64628d4d42c5b2797ac2936c008d
2026-06-03T17:04:40.9196157+00:00	WorkerLog	Layer08Node04	stdout=C:\Users\jimmy\Desktop\meta-bi\Samples\Demos\MetaOrchestrationHairballCliIntegration\Runs\hairball-seed-20260530\RunArtifacts\runs\20260603-170336_46327b50f01a433d8bb3ad9d12fb1de2\logs\Layer08Node04-13204.stdout.log; stderr=C:\Users\jimmy\Desktop\meta-bi\Samples\Demos\MetaOrchestrationHairballCliIntegration\Runs\hairball-seed-20260530\RunArtifacts\runs\20260603-170336_46327b50f01a433d8bb3ad9d12fb1de2\logs\Layer08Node04-13204.stderr.log
2026-06-03T17:04:40.9334127+00:00	WorkerEvent	Layer08Node04	WorkerOnline; ExitCode=0; online
2026-06-03T17:04:40.9346370+00:00	WorkerEvent	Layer08Node04	WorkerReady; ExitCode=0; ready
2026-06-03T17:04:40.9373168+00:00	StartPipeline	Layer08Node04	Layer08Node04
2026-06-03T17:04:41.3073575+00:00	WorkerEvent	Layer08Node04	PipelineStarted; ExitCode=0; pipeline started
2026-06-03T17:04:41.3088151+00:00	WorkerEvent	Layer08Node04.select-l08-n04	TaskReady; ExitCode=0; 
2026-06-03T17:04:41.3099245+00:00	GrantTask	Layer08Node04.select-l08-n04	Layer08Node04.select-l08-n04; GrantId=grant-108; Attempt=1
2026-06-03T17:04:41.3105183+00:00	WorkerEvent	Layer08Node04.select-l08-n04	GrantAccepted; ExitCode=0; 
2026-06-03T17:04:41.3112448+00:00	WorkerEvent	Layer08Node04.select-l08-n04	TaskStarted; ExitCode=0; 
2026-06-03T17:04:41.5773370+00:00	WorkerEvent	Layer08Node04.select-l08-n04	TaskSucceeded; ExitCode=0; 
2026-06-03T17:04:41.5780081+00:00	TaskSucceeded	Layer08Node04.select-l08-n04	0
2026-06-03T17:04:41.5985796+00:00	WorkerEvent	Layer08Node04	Closed; ExitCode=0; 
2026-06-03T17:04:41.5996365+00:00	WorkerStarting	Layer08Node05	meta-pipeline
2026-06-03T17:04:41.6668528+00:00	WorkerStarted	Layer08Node05	6004
2026-06-03T17:04:41.6671080+00:00	WorkerControlPipe	Layer08Node05	meta-orchestration-96f61b9686b64d94a6d44ae67046d6df
2026-06-03T17:04:41.6673887+00:00	WorkerLog	Layer08Node05	stdout=C:\Users\jimmy\Desktop\meta-bi\Samples\Demos\MetaOrchestrationHairballCliIntegration\Runs\hairball-seed-20260530\RunArtifacts\runs\20260603-170336_46327b50f01a433d8bb3ad9d12fb1de2\logs\Layer08Node05-6004.stdout.log; stderr=C:\Users\jimmy\Desktop\meta-bi\Samples\Demos\MetaOrchestrationHairballCliIntegration\Runs\hairball-seed-20260530\RunArtifacts\runs\20260603-170336_46327b50f01a433d8bb3ad9d12fb1de2\logs\Layer08Node05-6004.stderr.log
2026-06-03T17:04:41.6806919+00:00	WorkerEvent	Layer08Node05	WorkerOnline; ExitCode=0; online
2026-06-03T17:04:41.6822875+00:00	WorkerEvent	Layer08Node05	WorkerReady; ExitCode=0; ready
2026-06-03T17:04:41.6845570+00:00	StartPipeline	Layer08Node05	Layer08Node05
2026-06-03T17:04:42.0306246+00:00	WorkerEvent	Layer08Node05	PipelineStarted; ExitCode=0; pipeline started
2026-06-03T17:04:42.0318706+00:00	WorkerEvent	Layer08Node05.refresh-l08-n05	TaskReady; ExitCode=0; 
2026-06-03T17:04:42.0326766+00:00	GrantTask	Layer08Node05.refresh-l08-n05	Layer08Node05.refresh-l08-n05; GrantId=grant-109; Attempt=1
2026-06-03T17:04:42.0331583+00:00	WorkerEvent	Layer08Node05.refresh-l08-n05	GrantAccepted; ExitCode=0; 
2026-06-03T17:04:42.0337049+00:00	WorkerEvent	Layer08Node05.refresh-l08-n05	TaskStarted; ExitCode=0; 
2026-06-03T17:04:42.2762538+00:00	WorkerEvent	Layer08Node05.refresh-l08-n05	TaskSucceeded; ExitCode=0; 
2026-06-03T17:04:42.2769017+00:00	TaskSucceeded	Layer08Node05.refresh-l08-n05	0
2026-06-03T17:04:42.2977992+00:00	WorkerEvent	Layer08Node05	Closed; ExitCode=0; 
2026-06-03T17:04:42.2985398+00:00	WorkerStarting	Layer08Node06	meta-pipeline
2026-06-03T17:04:42.3669976+00:00	WorkerStarted	Layer08Node06	16936
2026-06-03T17:04:42.3674228+00:00	WorkerControlPipe	Layer08Node06	meta-orchestration-23623441d4094f639580141f64a5acf2
2026-06-03T17:04:42.3676568+00:00	WorkerLog	Layer08Node06	stdout=C:\Users\jimmy\Desktop\meta-bi\Samples\Demos\MetaOrchestrationHairballCliIntegration\Runs\hairball-seed-20260530\RunArtifacts\runs\20260603-170336_46327b50f01a433d8bb3ad9d12fb1de2\logs\Layer08Node06-16936.stdout.log; stderr=C:\Users\jimmy\Desktop\meta-bi\Samples\Demos\MetaOrchestrationHairballCliIntegration\Runs\hairball-seed-20260530\RunArtifacts\runs\20260603-170336_46327b50f01a433d8bb3ad9d12fb1de2\logs\Layer08Node06-16936.stderr.log
2026-06-03T17:04:42.3814117+00:00	WorkerEvent	Layer08Node06	WorkerOnline; ExitCode=0; online
2026-06-03T17:04:42.3833826+00:00	WorkerEvent	Layer08Node06	WorkerReady; ExitCode=0; ready
2026-06-03T17:04:42.3863193+00:00	StartPipeline	Layer08Node06	Layer08Node06
2026-06-03T17:04:42.7555814+00:00	WorkerEvent	Layer08Node06	PipelineStarted; ExitCode=0; pipeline started
2026-06-03T17:04:42.7568247+00:00	WorkerEvent	Layer08Node06.select-l08-n06	TaskReady; ExitCode=0; 
2026-06-03T17:04:42.7576140+00:00	GrantTask	Layer08Node06.select-l08-n06	Layer08Node06.select-l08-n06; GrantId=grant-110; Attempt=1
2026-06-03T17:04:42.7582525+00:00	WorkerEvent	Layer08Node06.select-l08-n06	GrantAccepted; ExitCode=0; 
2026-06-03T17:04:42.7589352+00:00	WorkerEvent	Layer08Node06.select-l08-n06	TaskStarted; ExitCode=0; 
2026-06-03T17:04:43.0164058+00:00	WorkerEvent	Layer08Node06.select-l08-n06	TaskSucceeded; ExitCode=0; 
2026-06-03T17:04:43.0170966+00:00	TaskSucceeded	Layer08Node06.select-l08-n06	0
2026-06-03T17:04:43.0390006+00:00	WorkerEvent	Layer08Node06	Closed; ExitCode=0; 
2026-06-03T17:04:43.0396048+00:00	WorkerStarting	Layer08Node07	meta-pipeline
2026-06-03T17:04:43.1084769+00:00	WorkerStarted	Layer08Node07	15580
2026-06-03T17:04:43.1087846+00:00	WorkerControlPipe	Layer08Node07	meta-orchestration-d18daf243be7401d972ad34698bd890a
2026-06-03T17:04:43.1092045+00:00	WorkerLog	Layer08Node07	stdout=C:\Users\jimmy\Desktop\meta-bi\Samples\Demos\MetaOrchestrationHairballCliIntegration\Runs\hairball-seed-20260530\RunArtifacts\runs\20260603-170336_46327b50f01a433d8bb3ad9d12fb1de2\logs\Layer08Node07-15580.stdout.log; stderr=C:\Users\jimmy\Desktop\meta-bi\Samples\Demos\MetaOrchestrationHairballCliIntegration\Runs\hairball-seed-20260530\RunArtifacts\runs\20260603-170336_46327b50f01a433d8bb3ad9d12fb1de2\logs\Layer08Node07-15580.stderr.log
2026-06-03T17:04:43.1222631+00:00	WorkerEvent	Layer08Node07	WorkerOnline; ExitCode=0; online
2026-06-03T17:04:43.1238391+00:00	WorkerEvent	Layer08Node07	WorkerReady; ExitCode=0; ready
2026-06-03T17:04:43.1264949+00:00	StartPipeline	Layer08Node07	Layer08Node07
2026-06-03T17:04:43.4924748+00:00	WorkerEvent	Layer08Node07	PipelineStarted; ExitCode=0; pipeline started
2026-06-03T17:04:43.4938427+00:00	WorkerEvent	Layer08Node07.select-l08-n07	TaskReady; ExitCode=0; 
2026-06-03T17:04:43.4948156+00:00	GrantTask	Layer08Node07.select-l08-n07	Layer08Node07.select-l08-n07; GrantId=grant-111; Attempt=1
2026-06-03T17:04:43.4951928+00:00	WorkerEvent	Layer08Node07.select-l08-n07	GrantAccepted; ExitCode=0; 
2026-06-03T17:04:43.4963256+00:00	WorkerEvent	Layer08Node07.select-l08-n07	TaskStarted; ExitCode=0; 
2026-06-03T17:04:43.7517676+00:00	WorkerEvent	Layer08Node07.select-l08-n07	TaskSucceeded; ExitCode=0; 
2026-06-03T17:04:43.7527847+00:00	TaskSucceeded	Layer08Node07.select-l08-n07	0
2026-06-03T17:04:43.7745100+00:00	WorkerEvent	Layer08Node07	Closed; ExitCode=0; 
2026-06-03T17:04:43.7750735+00:00	WorkerResuming	CompositeMart	ResumeTaskId=CompositeMart.composite-curate; Executable=meta-pipeline
2026-06-03T17:04:43.8431032+00:00	WorkerStarted	CompositeMart	20104
2026-06-03T17:04:43.8433634+00:00	WorkerControlPipe	CompositeMart	meta-orchestration-994a714523ee4bdc85ce6a8a9053bc16
2026-06-03T17:04:43.8436838+00:00	WorkerLog	CompositeMart	stdout=C:\Users\jimmy\Desktop\meta-bi\Samples\Demos\MetaOrchestrationHairballCliIntegration\Runs\hairball-seed-20260530\RunArtifacts\runs\20260603-170336_46327b50f01a433d8bb3ad9d12fb1de2\logs\CompositeMart-20104.stdout.log; stderr=C:\Users\jimmy\Desktop\meta-bi\Samples\Demos\MetaOrchestrationHairballCliIntegration\Runs\hairball-seed-20260530\RunArtifacts\runs\20260603-170336_46327b50f01a433d8bb3ad9d12fb1de2\logs\CompositeMart-20104.stderr.log
2026-06-03T17:04:43.8566766+00:00	WorkerEvent	CompositeMart	WorkerOnline; ExitCode=0; online
2026-06-03T17:04:43.8582323+00:00	WorkerEvent	CompositeMart	WorkerReady; ExitCode=0; ready
2026-06-03T17:04:43.8604118+00:00	StartPipeline	CompositeMart	CompositeMart
2026-06-03T17:04:44.4294086+00:00	WorkerEvent	CompositeMart	PipelineStarted; ExitCode=0; pipeline started
2026-06-03T17:04:44.4312244+00:00	WorkerEvent	CompositeMart.composite-curate	TaskReady; ExitCode=0; 
2026-06-03T17:04:44.4320645+00:00	GrantTask	CompositeMart.composite-curate	CompositeMart.composite-curate; GrantId=grant-112; Attempt=1
2026-06-03T17:04:44.4326483+00:00	WorkerEvent	CompositeMart.composite-curate	GrantAccepted; ExitCode=0; 
2026-06-03T17:04:44.4332634+00:00	WorkerEvent	CompositeMart.composite-curate	TaskStarted; ExitCode=0; 
2026-06-03T17:04:44.6754611+00:00	WorkerEvent	CompositeMart.composite-curate	TaskSucceeded; ExitCode=0; 
2026-06-03T17:04:44.6761727+00:00	TaskSucceeded	CompositeMart.composite-curate	0
2026-06-03T17:04:44.6767651+00:00	WorkerEvent	CompositeMart.composite-reconcile	TaskReady; ExitCode=0; 
2026-06-03T17:04:44.6776299+00:00	GrantTask	CompositeMart.composite-reconcile	CompositeMart.composite-reconcile; GrantId=grant-113; Attempt=1
2026-06-03T17:04:44.6780955+00:00	WorkerEvent	CompositeMart.composite-reconcile	GrantAccepted; ExitCode=0; 
2026-06-03T17:04:44.6787619+00:00	WorkerEvent	CompositeMart.composite-reconcile	TaskStarted; ExitCode=0; 
2026-06-03T17:04:44.7620642+00:00	WorkerEvent	CompositeMart.composite-reconcile	TaskSucceeded; ExitCode=0; 
2026-06-03T17:04:44.7625766+00:00	TaskSucceeded	CompositeMart.composite-reconcile	0
2026-06-03T17:04:44.7631187+00:00	WorkerEvent	CompositeMart.composite-certify	TaskReady; ExitCode=0; 
2026-06-03T17:04:44.7639675+00:00	GrantTask	CompositeMart.composite-certify	CompositeMart.composite-certify; GrantId=grant-114; Attempt=1
2026-06-03T17:04:44.7644754+00:00	WorkerEvent	CompositeMart.composite-certify	GrantAccepted; ExitCode=0; 
2026-06-03T17:04:44.7649959+00:00	WorkerEvent	CompositeMart.composite-certify	TaskStarted; ExitCode=0; 
2026-06-03T17:04:44.8195908+00:00	WorkerEvent	CompositeMart.composite-certify	TaskSucceeded; ExitCode=0; 
2026-06-03T17:04:44.8201735+00:00	TaskSucceeded	CompositeMart.composite-certify	0
2026-06-03T17:04:44.8208806+00:00	WorkerEvent	CompositeMart.composite-publish	TaskReady; ExitCode=0; 
2026-06-03T17:04:44.8215719+00:00	GrantTask	CompositeMart.composite-publish	CompositeMart.composite-publish; GrantId=grant-115; Attempt=1
2026-06-03T17:04:44.8218476+00:00	WorkerEvent	CompositeMart.composite-publish	GrantAccepted; ExitCode=0; 
2026-06-03T17:04:44.8224229+00:00	WorkerEvent	CompositeMart.composite-publish	TaskStarted; ExitCode=0; 
2026-06-03T17:04:44.9145571+00:00	WorkerEvent	CompositeMart.composite-publish	TaskSucceeded; ExitCode=0; 
2026-06-03T17:04:44.9151318+00:00	TaskSucceeded	CompositeMart.composite-publish	0
2026-06-03T17:04:44.9368124+00:00	WorkerEvent	CompositeMart	Closed; ExitCode=0; 
2026-06-03T17:04:44.9374758+00:00	WorkerStarting	Layer08Node08	meta-pipeline
2026-06-03T17:04:45.0044076+00:00	WorkerStarted	Layer08Node08	9024
2026-06-03T17:04:45.0046635+00:00	WorkerControlPipe	Layer08Node08	meta-orchestration-f88cee829636457eb685ede0aa5b7346
2026-06-03T17:04:45.0050337+00:00	WorkerLog	Layer08Node08	stdout=C:\Users\jimmy\Desktop\meta-bi\Samples\Demos\MetaOrchestrationHairballCliIntegration\Runs\hairball-seed-20260530\RunArtifacts\runs\20260603-170336_46327b50f01a433d8bb3ad9d12fb1de2\logs\Layer08Node08-9024.stdout.log; stderr=C:\Users\jimmy\Desktop\meta-bi\Samples\Demos\MetaOrchestrationHairballCliIntegration\Runs\hairball-seed-20260530\RunArtifacts\runs\20260603-170336_46327b50f01a433d8bb3ad9d12fb1de2\logs\Layer08Node08-9024.stderr.log
2026-06-03T17:04:45.0187649+00:00	WorkerEvent	Layer08Node08	WorkerOnline; ExitCode=0; online
2026-06-03T17:04:45.0202846+00:00	WorkerEvent	Layer08Node08	WorkerReady; ExitCode=0; ready
2026-06-03T17:04:45.0223663+00:00	StartPipeline	Layer08Node08	Layer08Node08
2026-06-03T17:04:45.3728666+00:00	WorkerEvent	Layer08Node08	PipelineStarted; ExitCode=0; pipeline started
2026-06-03T17:04:45.3741492+00:00	WorkerEvent	Layer08Node08.refresh-l08-n08	TaskReady; ExitCode=0; 
2026-06-03T17:04:45.3749245+00:00	GrantTask	Layer08Node08.refresh-l08-n08	Layer08Node08.refresh-l08-n08; GrantId=grant-116; Attempt=1
2026-06-03T17:04:45.3753256+00:00	WorkerEvent	Layer08Node08.refresh-l08-n08	GrantAccepted; ExitCode=0; 
2026-06-03T17:04:45.3759594+00:00	WorkerEvent	Layer08Node08.refresh-l08-n08	TaskStarted; ExitCode=0; 
2026-06-03T17:04:45.6227323+00:00	WorkerEvent	Layer08Node08.refresh-l08-n08	TaskSucceeded; ExitCode=0; 
2026-06-03T17:04:45.6232913+00:00	TaskSucceeded	Layer08Node08.refresh-l08-n08	0
2026-06-03T17:04:45.6438674+00:00	WorkerEvent	Layer08Node08	Closed; ExitCode=0; 
2026-06-03T17:04:45.6445041+00:00	WorkerStarting	Layer08Hub	meta-pipeline
2026-06-03T17:04:45.7110993+00:00	WorkerStarted	Layer08Hub	17032
2026-06-03T17:04:45.7113586+00:00	WorkerControlPipe	Layer08Hub	meta-orchestration-23b678c5f73444eaaf2e9d86bc524f0b
2026-06-03T17:04:45.7118247+00:00	WorkerLog	Layer08Hub	stdout=C:\Users\jimmy\Desktop\meta-bi\Samples\Demos\MetaOrchestrationHairballCliIntegration\Runs\hairball-seed-20260530\RunArtifacts\runs\20260603-170336_46327b50f01a433d8bb3ad9d12fb1de2\logs\Layer08Hub-17032.stdout.log; stderr=C:\Users\jimmy\Desktop\meta-bi\Samples\Demos\MetaOrchestrationHairballCliIntegration\Runs\hairball-seed-20260530\RunArtifacts\runs\20260603-170336_46327b50f01a433d8bb3ad9d12fb1de2\logs\Layer08Hub-17032.stderr.log
2026-06-03T17:04:45.7250972+00:00	WorkerEvent	Layer08Hub	WorkerOnline; ExitCode=0; online
2026-06-03T17:04:45.7264670+00:00	WorkerEvent	Layer08Hub	WorkerReady; ExitCode=0; ready
2026-06-03T17:04:45.7285616+00:00	StartPipeline	Layer08Hub	Layer08Hub
2026-06-03T17:04:46.1989941+00:00	WorkerEvent	Layer08Hub	PipelineStarted; ExitCode=0; pipeline started
2026-06-03T17:04:46.2011995+00:00	WorkerEvent	Layer08Hub.hub-l08-stage	TaskReady; ExitCode=0; 
2026-06-03T17:04:46.2088151+00:00	GrantTask	Layer08Hub.hub-l08-stage	Layer08Hub.hub-l08-stage; GrantId=grant-117; Attempt=1
2026-06-03T17:04:46.2094689+00:00	WorkerEvent	Layer08Hub.hub-l08-stage	GrantAccepted; ExitCode=0; 
2026-06-03T17:04:46.2100560+00:00	WorkerEvent	Layer08Hub.hub-l08-stage	TaskStarted; ExitCode=0; 
2026-06-03T17:04:46.4789720+00:00	WorkerEvent	Layer08Hub.hub-l08-stage	TaskSucceeded; ExitCode=0; 
2026-06-03T17:04:46.4799969+00:00	TaskSucceeded	Layer08Hub.hub-l08-stage	0
2026-06-03T17:04:46.4806963+00:00	WorkerEvent	Layer08Hub.hub-l08-curate	TaskReady; ExitCode=0; 
2026-06-03T17:04:46.4817516+00:00	GrantTask	Layer08Hub.hub-l08-curate	Layer08Hub.hub-l08-curate; GrantId=grant-118; Attempt=1
2026-06-03T17:04:46.4821018+00:00	WorkerEvent	Layer08Hub.hub-l08-curate	GrantAccepted; ExitCode=0; 
2026-06-03T17:04:46.4837957+00:00	WorkerEvent	Layer08Hub.hub-l08-curate	TaskStarted; ExitCode=0; 
2026-06-03T17:04:46.5416348+00:00	WorkerEvent	Layer08Hub.hub-l08-curate	TaskSucceeded; ExitCode=0; 
2026-06-03T17:04:46.5424768+00:00	TaskSucceeded	Layer08Hub.hub-l08-curate	0
2026-06-03T17:04:46.5432964+00:00	WorkerEvent	Layer08Hub.hub-l08-publish	TaskReady; ExitCode=0; 
2026-06-03T17:04:46.5448175+00:00	GrantTask	Layer08Hub.hub-l08-publish	Layer08Hub.hub-l08-publish; GrantId=grant-119; Attempt=1
2026-06-03T17:04:46.5452845+00:00	WorkerEvent	Layer08Hub.hub-l08-publish	GrantAccepted; ExitCode=0; 
2026-06-03T17:04:46.5460654+00:00	WorkerEvent	Layer08Hub.hub-l08-publish	TaskStarted; ExitCode=0; 
2026-06-03T17:04:46.6878325+00:00	WorkerEvent	Layer08Hub.hub-l08-publish	TaskSucceeded; ExitCode=0; 
2026-06-03T17:04:46.6884023+00:00	TaskSucceeded	Layer08Hub.hub-l08-publish	0
2026-06-03T17:04:46.7103834+00:00	WorkerEvent	Layer08Hub	Closed; ExitCode=0; 
2026-06-03T17:04:46.7110773+00:00	WorkerStarting	RegionalMart01	meta-pipeline
2026-06-03T17:04:46.7791608+00:00	WorkerStarted	RegionalMart01	24200
2026-06-03T17:04:46.7794569+00:00	WorkerControlPipe	RegionalMart01	meta-orchestration-0068431c08d743a78f6238688e6b90d1
2026-06-03T17:04:46.7798896+00:00	WorkerLog	RegionalMart01	stdout=C:\Users\jimmy\Desktop\meta-bi\Samples\Demos\MetaOrchestrationHairballCliIntegration\Runs\hairball-seed-20260530\RunArtifacts\runs\20260603-170336_46327b50f01a433d8bb3ad9d12fb1de2\logs\RegionalMart01-24200.stdout.log; stderr=C:\Users\jimmy\Desktop\meta-bi\Samples\Demos\MetaOrchestrationHairballCliIntegration\Runs\hairball-seed-20260530\RunArtifacts\runs\20260603-170336_46327b50f01a433d8bb3ad9d12fb1de2\logs\RegionalMart01-24200.stderr.log
2026-06-03T17:04:46.7947002+00:00	WorkerEvent	RegionalMart01	WorkerOnline; ExitCode=0; online
2026-06-03T17:04:46.7960365+00:00	WorkerEvent	RegionalMart01	WorkerReady; ExitCode=0; ready
2026-06-03T17:04:46.7981878+00:00	StartPipeline	RegionalMart01	RegionalMart01
2026-06-03T17:04:47.3452928+00:00	WorkerEvent	RegionalMart01	PipelineStarted; ExitCode=0; pipeline started
2026-06-03T17:04:47.3466889+00:00	WorkerEvent	RegionalMart01.regional-01-stage	TaskReady; ExitCode=0; 
2026-06-03T17:04:47.3474954+00:00	GrantTask	RegionalMart01.regional-01-stage	RegionalMart01.regional-01-stage; GrantId=grant-120; Attempt=1
2026-06-03T17:04:47.3479206+00:00	WorkerEvent	RegionalMart01.regional-01-stage	GrantAccepted; ExitCode=0; 
2026-06-03T17:04:47.3487217+00:00	WorkerEvent	RegionalMart01.regional-01-stage	TaskStarted; ExitCode=0; 
2026-06-03T17:04:47.6088666+00:00	WorkerEvent	RegionalMart01.regional-01-stage	TaskSucceeded; ExitCode=0; 
2026-06-03T17:04:47.6095141+00:00	TaskSucceeded	RegionalMart01.regional-01-stage	0
2026-06-03T17:04:47.6101883+00:00	WorkerEvent	RegionalMart01.regional-01-curate	TaskReady; ExitCode=0; 
2026-06-03T17:04:47.6109779+00:00	GrantTask	RegionalMart01.regional-01-curate	RegionalMart01.regional-01-curate; GrantId=grant-121; Attempt=1
2026-06-03T17:04:47.6114275+00:00	WorkerEvent	RegionalMart01.regional-01-curate	GrantAccepted; ExitCode=0; 
2026-06-03T17:04:47.6121555+00:00	WorkerEvent	RegionalMart01.regional-01-curate	TaskStarted; ExitCode=0; 
2026-06-03T17:04:47.6696232+00:00	WorkerEvent	RegionalMart01.regional-01-curate	TaskSucceeded; ExitCode=0; 
2026-06-03T17:04:47.6701986+00:00	TaskSucceeded	RegionalMart01.regional-01-curate	0
2026-06-03T17:04:47.6708508+00:00	WorkerEvent	RegionalMart01.regional-01-publish	TaskReady; ExitCode=0; 
2026-06-03T17:04:47.6716159+00:00	GrantTask	RegionalMart01.regional-01-publish	RegionalMart01.regional-01-publish; GrantId=grant-122; Attempt=1
2026-06-03T17:04:47.6719713+00:00	WorkerEvent	RegionalMart01.regional-01-publish	GrantAccepted; ExitCode=0; 
2026-06-03T17:04:47.6728224+00:00	WorkerEvent	RegionalMart01.regional-01-publish	TaskStarted; ExitCode=0; 
2026-06-03T17:04:47.7660907+00:00	WorkerEvent	RegionalMart01.regional-01-publish	TaskSucceeded; ExitCode=0; 
2026-06-03T17:04:47.7668777+00:00	TaskSucceeded	RegionalMart01.regional-01-publish	0
2026-06-03T17:04:47.7674092+00:00	WorkerEvent	RegionalMart01.regional-01-audit	TaskReady; ExitCode=0; 
2026-06-03T17:04:47.7682646+00:00	GrantTask	RegionalMart01.regional-01-audit	RegionalMart01.regional-01-audit; GrantId=grant-123; Attempt=1
2026-06-03T17:04:47.7687474+00:00	WorkerEvent	RegionalMart01.regional-01-audit	GrantAccepted; ExitCode=0; 
2026-06-03T17:04:47.7693312+00:00	WorkerEvent	RegionalMart01.regional-01-audit	TaskStarted; ExitCode=0; 
2026-06-03T17:04:47.8239140+00:00	WorkerEvent	RegionalMart01.regional-01-audit	TaskSucceeded; ExitCode=0; 
2026-06-03T17:04:47.8246183+00:00	TaskSucceeded	RegionalMart01.regional-01-audit	0
2026-06-03T17:04:47.8454332+00:00	WorkerEvent	RegionalMart01	Closed; ExitCode=0; 
2026-06-03T17:04:47.8460983+00:00	WorkerStarting	RegionalMart02	meta-pipeline
2026-06-03T17:04:47.9179069+00:00	WorkerStarted	RegionalMart02	31196
2026-06-03T17:04:47.9181715+00:00	WorkerControlPipe	RegionalMart02	meta-orchestration-b9ba056c1b3540d285cc23bc969efd4b
2026-06-03T17:04:47.9184105+00:00	WorkerLog	RegionalMart02	stdout=C:\Users\jimmy\Desktop\meta-bi\Samples\Demos\MetaOrchestrationHairballCliIntegration\Runs\hairball-seed-20260530\RunArtifacts\runs\20260603-170336_46327b50f01a433d8bb3ad9d12fb1de2\logs\RegionalMart02-31196.stdout.log; stderr=C:\Users\jimmy\Desktop\meta-bi\Samples\Demos\MetaOrchestrationHairballCliIntegration\Runs\hairball-seed-20260530\RunArtifacts\runs\20260603-170336_46327b50f01a433d8bb3ad9d12fb1de2\logs\RegionalMart02-31196.stderr.log
2026-06-03T17:04:47.9319200+00:00	WorkerEvent	RegionalMart02	WorkerOnline; ExitCode=0; online
2026-06-03T17:04:47.9333908+00:00	WorkerEvent	RegionalMart02	WorkerReady; ExitCode=0; ready
2026-06-03T17:04:47.9360220+00:00	StartPipeline	RegionalMart02	RegionalMart02
2026-06-03T17:04:48.4715587+00:00	WorkerEvent	RegionalMart02	PipelineStarted; ExitCode=0; pipeline started
2026-06-03T17:04:48.4727919+00:00	WorkerEvent	RegionalMart02.regional-02-stage	TaskReady; ExitCode=0; 
2026-06-03T17:04:48.4736288+00:00	GrantTask	RegionalMart02.regional-02-stage	RegionalMart02.regional-02-stage; GrantId=grant-124; Attempt=1
2026-06-03T17:04:48.4741783+00:00	WorkerEvent	RegionalMart02.regional-02-stage	GrantAccepted; ExitCode=0; 
2026-06-03T17:04:48.4748143+00:00	WorkerEvent	RegionalMart02.regional-02-stage	TaskStarted; ExitCode=0; 
2026-06-03T17:04:48.7418409+00:00	WorkerEvent	RegionalMart02.regional-02-stage	TaskSucceeded; ExitCode=0; 
2026-06-03T17:04:48.7424146+00:00	TaskSucceeded	RegionalMart02.regional-02-stage	0
2026-06-03T17:04:48.7430615+00:00	WorkerEvent	RegionalMart02.regional-02-curate	TaskReady; ExitCode=0; 
2026-06-03T17:04:48.7438704+00:00	GrantTask	RegionalMart02.regional-02-curate	RegionalMart02.regional-02-curate; GrantId=grant-125; Attempt=1
2026-06-03T17:04:48.7443313+00:00	WorkerEvent	RegionalMart02.regional-02-curate	GrantAccepted; ExitCode=0; 
2026-06-03T17:04:48.7449867+00:00	WorkerEvent	RegionalMart02.regional-02-curate	TaskStarted; ExitCode=0; 
2026-06-03T17:04:48.8039349+00:00	WorkerEvent	RegionalMart02.regional-02-curate	TaskSucceeded; ExitCode=0; 
2026-06-03T17:04:48.8044385+00:00	TaskSucceeded	RegionalMart02.regional-02-curate	0
2026-06-03T17:04:48.8052519+00:00	WorkerEvent	RegionalMart02.regional-02-publish	TaskReady; ExitCode=0; 
2026-06-03T17:04:48.8059499+00:00	GrantTask	RegionalMart02.regional-02-publish	RegionalMart02.regional-02-publish; GrantId=grant-126; Attempt=1
2026-06-03T17:04:48.8064693+00:00	WorkerEvent	RegionalMart02.regional-02-publish	GrantAccepted; ExitCode=0; 
2026-06-03T17:04:48.8072889+00:00	WorkerEvent	RegionalMart02.regional-02-publish	TaskStarted; ExitCode=0; 
2026-06-03T17:04:48.8997102+00:00	WorkerEvent	RegionalMart02.regional-02-publish	TaskSucceeded; ExitCode=0; 
2026-06-03T17:04:48.9002641+00:00	TaskSucceeded	RegionalMart02.regional-02-publish	0
2026-06-03T17:04:48.9008758+00:00	WorkerEvent	RegionalMart02.regional-02-audit	TaskReady; ExitCode=0; 
2026-06-03T17:04:48.9015118+00:00	GrantTask	RegionalMart02.regional-02-audit	RegionalMart02.regional-02-audit; GrantId=grant-127; Attempt=1
2026-06-03T17:04:48.9018043+00:00	WorkerEvent	RegionalMart02.regional-02-audit	GrantAccepted; ExitCode=0; 
2026-06-03T17:04:48.9022998+00:00	WorkerEvent	RegionalMart02.regional-02-audit	TaskStarted; ExitCode=0; 
2026-06-03T17:04:48.9564239+00:00	WorkerEvent	RegionalMart02.regional-02-audit	TaskSucceeded; ExitCode=0; 
2026-06-03T17:04:48.9571269+00:00	TaskSucceeded	RegionalMart02.regional-02-audit	0
2026-06-03T17:04:48.9786744+00:00	WorkerEvent	RegionalMart02	Closed; ExitCode=0; 
2026-06-03T17:04:48.9792420+00:00	WorkerStarting	PublishHairballFinal	meta-pipeline
2026-06-03T17:04:49.0462127+00:00	WorkerStarted	PublishHairballFinal	25944
2026-06-03T17:04:49.0464710+00:00	WorkerControlPipe	PublishHairballFinal	meta-orchestration-f60a09c470844058906fd3cbdbc14cd3
2026-06-03T17:04:49.0468929+00:00	WorkerLog	PublishHairballFinal	stdout=C:\Users\jimmy\Desktop\meta-bi\Samples\Demos\MetaOrchestrationHairballCliIntegration\Runs\hairball-seed-20260530\RunArtifacts\runs\20260603-170336_46327b50f01a433d8bb3ad9d12fb1de2\logs\PublishHairballFinal-25944.stdout.log; stderr=C:\Users\jimmy\Desktop\meta-bi\Samples\Demos\MetaOrchestrationHairballCliIntegration\Runs\hairball-seed-20260530\RunArtifacts\runs\20260603-170336_46327b50f01a433d8bb3ad9d12fb1de2\logs\PublishHairballFinal-25944.stderr.log
2026-06-03T17:04:49.0601193+00:00	WorkerEvent	PublishHairballFinal	WorkerOnline; ExitCode=0; online
2026-06-03T17:04:49.0615837+00:00	WorkerEvent	PublishHairballFinal	WorkerReady; ExitCode=0; ready
2026-06-03T17:04:49.0637432+00:00	StartPipeline	PublishHairballFinal	PublishHairballFinal
2026-06-03T17:04:49.4594764+00:00	WorkerEvent	PublishHairballFinal	PipelineStarted; ExitCode=0; pipeline started
2026-06-03T17:04:49.4606619+00:00	WorkerEvent	PublishHairballFinal.publish-hairball-final	TaskReady; ExitCode=0; 
2026-06-03T17:04:49.4614564+00:00	GrantTask	PublishHairballFinal.publish-hairball-final	PublishHairballFinal.publish-hairball-final; GrantId=grant-128; Attempt=1
2026-06-03T17:04:49.4621341+00:00	WorkerEvent	PublishHairballFinal.publish-hairball-final	GrantAccepted; ExitCode=0; 
2026-06-03T17:04:49.4626723+00:00	WorkerEvent	PublishHairballFinal.publish-hairball-final	TaskStarted; ExitCode=0; 
2026-06-03T17:04:49.7308211+00:00	WorkerEvent	PublishHairballFinal.publish-hairball-final	TaskSucceeded; ExitCode=0; 
2026-06-03T17:04:49.7317280+00:00	TaskSucceeded	PublishHairballFinal.publish-hairball-final	0
2026-06-03T17:04:49.7525799+00:00	WorkerEvent	PublishHairballFinal	Closed; ExitCode=0; 
2026-06-03T17:04:49.7531451+00:00	WorkerStarting	RegionalMart03	meta-pipeline
2026-06-03T17:04:49.8216346+00:00	WorkerStarted	RegionalMart03	4848
2026-06-03T17:04:49.8218910+00:00	WorkerControlPipe	RegionalMart03	meta-orchestration-46640376b04f4badbda560f7f0a8e9cc
2026-06-03T17:04:49.8223147+00:00	WorkerLog	RegionalMart03	stdout=C:\Users\jimmy\Desktop\meta-bi\Samples\Demos\MetaOrchestrationHairballCliIntegration\Runs\hairball-seed-20260530\RunArtifacts\runs\20260603-170336_46327b50f01a433d8bb3ad9d12fb1de2\logs\RegionalMart03-4848.stdout.log; stderr=C:\Users\jimmy\Desktop\meta-bi\Samples\Demos\MetaOrchestrationHairballCliIntegration\Runs\hairball-seed-20260530\RunArtifacts\runs\20260603-170336_46327b50f01a433d8bb3ad9d12fb1de2\logs\RegionalMart03-4848.stderr.log
2026-06-03T17:04:49.8355277+00:00	WorkerEvent	RegionalMart03	WorkerOnline; ExitCode=0; online
2026-06-03T17:04:49.8371146+00:00	WorkerEvent	RegionalMart03	WorkerReady; ExitCode=0; ready
2026-06-03T17:04:49.8392901+00:00	StartPipeline	RegionalMart03	RegionalMart03
2026-06-03T17:04:50.3812580+00:00	WorkerEvent	RegionalMart03	PipelineStarted; ExitCode=0; pipeline started
2026-06-03T17:04:50.3826879+00:00	WorkerEvent	RegionalMart03.regional-03-stage	TaskReady; ExitCode=0; 
2026-06-03T17:04:50.3836893+00:00	GrantTask	RegionalMart03.regional-03-stage	RegionalMart03.regional-03-stage; GrantId=grant-129; Attempt=1
2026-06-03T17:04:50.3842290+00:00	WorkerEvent	RegionalMart03.regional-03-stage	GrantAccepted; ExitCode=0; 
2026-06-03T17:04:50.3849396+00:00	WorkerEvent	RegionalMart03.regional-03-stage	TaskStarted; ExitCode=0; 
2026-06-03T17:04:50.6572161+00:00	WorkerEvent	RegionalMart03.regional-03-stage	TaskSucceeded; ExitCode=0; 
2026-06-03T17:04:50.6578048+00:00	TaskSucceeded	RegionalMart03.regional-03-stage	0
2026-06-03T17:04:50.6584038+00:00	WorkerEvent	RegionalMart03.regional-03-curate	TaskReady; ExitCode=0; 
2026-06-03T17:04:50.6590495+00:00	GrantTask	RegionalMart03.regional-03-curate	RegionalMart03.regional-03-curate; GrantId=grant-130; Attempt=1
2026-06-03T17:04:50.6594011+00:00	WorkerEvent	RegionalMart03.regional-03-curate	GrantAccepted; ExitCode=0; 
2026-06-03T17:04:50.6600372+00:00	WorkerEvent	RegionalMart03.regional-03-curate	TaskStarted; ExitCode=0; 
2026-06-03T17:04:50.7216465+00:00	WorkerEvent	RegionalMart03.regional-03-curate	TaskSucceeded; ExitCode=0; 
2026-06-03T17:04:50.7221214+00:00	TaskSucceeded	RegionalMart03.regional-03-curate	0
2026-06-03T17:04:50.7231849+00:00	WorkerEvent	RegionalMart03.regional-03-publish	TaskReady; ExitCode=0; 
2026-06-03T17:04:50.7240029+00:00	GrantTask	RegionalMart03.regional-03-publish	RegionalMart03.regional-03-publish; GrantId=grant-131; Attempt=1
2026-06-03T17:04:50.7244121+00:00	WorkerEvent	RegionalMart03.regional-03-publish	GrantAccepted; ExitCode=0; 
2026-06-03T17:04:50.7250584+00:00	WorkerEvent	RegionalMart03.regional-03-publish	TaskStarted; ExitCode=0; 
2026-06-03T17:04:50.8167854+00:00	WorkerEvent	RegionalMart03.regional-03-publish	TaskSucceeded; ExitCode=0; 
2026-06-03T17:04:50.8172412+00:00	TaskSucceeded	RegionalMart03.regional-03-publish	0
2026-06-03T17:04:50.8177740+00:00	WorkerEvent	RegionalMart03.regional-03-audit	TaskReady; ExitCode=0; 
2026-06-03T17:04:50.8185013+00:00	GrantTask	RegionalMart03.regional-03-audit	RegionalMart03.regional-03-audit; GrantId=grant-132; Attempt=1
2026-06-03T17:04:50.8187862+00:00	WorkerEvent	RegionalMart03.regional-03-audit	GrantAccepted; ExitCode=0; 
2026-06-03T17:04:50.8197538+00:00	WorkerEvent	RegionalMart03.regional-03-audit	TaskStarted; ExitCode=0; 
2026-06-03T17:04:50.8749428+00:00	WorkerEvent	RegionalMart03.regional-03-audit	TaskSucceeded; ExitCode=0; 
2026-06-03T17:04:50.8757795+00:00	TaskSucceeded	RegionalMart03.regional-03-audit	0
2026-06-03T17:04:50.8974242+00:00	WorkerEvent	RegionalMart03	Closed; ExitCode=0; 
2026-06-03T17:04:50.8982533+00:00	WorkerStarting	RegionalMart04	meta-pipeline
2026-06-03T17:04:50.9653606+00:00	WorkerStarted	RegionalMart04	20916
2026-06-03T17:04:50.9656389+00:00	WorkerControlPipe	RegionalMart04	meta-orchestration-37d489bac27e4b83863cfa5874ca00ad
2026-06-03T17:04:50.9660121+00:00	WorkerLog	RegionalMart04	stdout=C:\Users\jimmy\Desktop\meta-bi\Samples\Demos\MetaOrchestrationHairballCliIntegration\Runs\hairball-seed-20260530\RunArtifacts\runs\20260603-170336_46327b50f01a433d8bb3ad9d12fb1de2\logs\RegionalMart04-20916.stdout.log; stderr=C:\Users\jimmy\Desktop\meta-bi\Samples\Demos\MetaOrchestrationHairballCliIntegration\Runs\hairball-seed-20260530\RunArtifacts\runs\20260603-170336_46327b50f01a433d8bb3ad9d12fb1de2\logs\RegionalMart04-20916.stderr.log
2026-06-03T17:04:50.9793020+00:00	WorkerEvent	RegionalMart04	WorkerOnline; ExitCode=0; online
2026-06-03T17:04:50.9804431+00:00	WorkerEvent	RegionalMart04	WorkerReady; ExitCode=0; ready
2026-06-03T17:04:50.9829831+00:00	StartPipeline	RegionalMart04	RegionalMart04
2026-06-03T17:04:51.5283328+00:00	WorkerEvent	RegionalMart04	PipelineStarted; ExitCode=0; pipeline started
2026-06-03T17:04:51.5296240+00:00	WorkerEvent	RegionalMart04.regional-04-stage	TaskReady; ExitCode=0; 
2026-06-03T17:04:51.5305721+00:00	GrantTask	RegionalMart04.regional-04-stage	RegionalMart04.regional-04-stage; GrantId=grant-133; Attempt=1
2026-06-03T17:04:51.5310338+00:00	WorkerEvent	RegionalMart04.regional-04-stage	GrantAccepted; ExitCode=0; 
2026-06-03T17:04:51.5319213+00:00	WorkerEvent	RegionalMart04.regional-04-stage	TaskStarted; ExitCode=0; 
2026-06-03T17:04:51.7973067+00:00	WorkerEvent	RegionalMart04.regional-04-stage	TaskSucceeded; ExitCode=0; 
2026-06-03T17:04:51.7981875+00:00	TaskSucceeded	RegionalMart04.regional-04-stage	0
2026-06-03T17:04:51.7988047+00:00	WorkerEvent	RegionalMart04.regional-04-curate	TaskReady; ExitCode=0; 
2026-06-03T17:04:51.7995429+00:00	GrantTask	RegionalMart04.regional-04-curate	RegionalMart04.regional-04-curate; GrantId=grant-134; Attempt=1
2026-06-03T17:04:51.7999470+00:00	WorkerEvent	RegionalMart04.regional-04-curate	GrantAccepted; ExitCode=0; 
2026-06-03T17:04:51.8005864+00:00	WorkerEvent	RegionalMart04.regional-04-curate	TaskStarted; ExitCode=0; 
2026-06-03T17:04:51.8582130+00:00	WorkerEvent	RegionalMart04.regional-04-curate	TaskSucceeded; ExitCode=0; 
2026-06-03T17:04:51.8588197+00:00	TaskSucceeded	RegionalMart04.regional-04-curate	0
2026-06-03T17:04:51.8593599+00:00	WorkerEvent	RegionalMart04.regional-04-publish	TaskReady; ExitCode=0; 
2026-06-03T17:04:51.8600277+00:00	GrantTask	RegionalMart04.regional-04-publish	RegionalMart04.regional-04-publish; GrantId=grant-135; Attempt=1
2026-06-03T17:04:51.8603563+00:00	WorkerEvent	RegionalMart04.regional-04-publish	GrantAccepted; ExitCode=0; 
2026-06-03T17:04:51.8609663+00:00	WorkerEvent	RegionalMart04.regional-04-publish	TaskStarted; ExitCode=0; 
2026-06-03T17:04:51.9543223+00:00	WorkerEvent	RegionalMart04.regional-04-publish	TaskSucceeded; ExitCode=0; 
2026-06-03T17:04:51.9548665+00:00	TaskSucceeded	RegionalMart04.regional-04-publish	0
2026-06-03T17:04:51.9554282+00:00	WorkerEvent	RegionalMart04.regional-04-audit	TaskReady; ExitCode=0; 
2026-06-03T17:04:51.9563099+00:00	GrantTask	RegionalMart04.regional-04-audit	RegionalMart04.regional-04-audit; GrantId=grant-136; Attempt=1
2026-06-03T17:04:51.9567361+00:00	WorkerEvent	RegionalMart04.regional-04-audit	GrantAccepted; ExitCode=0; 
2026-06-03T17:04:51.9574265+00:00	WorkerEvent	RegionalMart04.regional-04-audit	TaskStarted; ExitCode=0; 
2026-06-03T17:04:52.0110823+00:00	WorkerEvent	RegionalMart04.regional-04-audit	TaskSucceeded; ExitCode=0; 
2026-06-03T17:04:52.0117511+00:00	TaskSucceeded	RegionalMart04.regional-04-audit	0
2026-06-03T17:04:52.0343106+00:00	WorkerEvent	RegionalMart04	Closed; ExitCode=0; 
2026-06-03T17:04:52.0349111+00:00	WorkerResuming	AuditHairball	ResumeTaskId=AuditHairball.audit-hairball; Executable=meta-pipeline
2026-06-03T17:04:52.1029293+00:00	WorkerStarted	AuditHairball	9772
2026-06-03T17:04:52.1032371+00:00	WorkerControlPipe	AuditHairball	meta-orchestration-15cc38c6c6cf4c8eae7da43868c49b2b
2026-06-03T17:04:52.1036033+00:00	WorkerLog	AuditHairball	stdout=C:\Users\jimmy\Desktop\meta-bi\Samples\Demos\MetaOrchestrationHairballCliIntegration\Runs\hairball-seed-20260530\RunArtifacts\runs\20260603-170336_46327b50f01a433d8bb3ad9d12fb1de2\logs\AuditHairball-9772.stdout.log; stderr=C:\Users\jimmy\Desktop\meta-bi\Samples\Demos\MetaOrchestrationHairballCliIntegration\Runs\hairball-seed-20260530\RunArtifacts\runs\20260603-170336_46327b50f01a433d8bb3ad9d12fb1de2\logs\AuditHairball-9772.stderr.log
2026-06-03T17:04:52.1164308+00:00	WorkerEvent	AuditHairball	WorkerOnline; ExitCode=0; online
2026-06-03T17:04:52.1179381+00:00	WorkerEvent	AuditHairball	WorkerReady; ExitCode=0; ready
2026-06-03T17:04:52.1199842+00:00	StartPipeline	AuditHairball	AuditHairball
2026-06-03T17:04:52.4515010+00:00	WorkerEvent	AuditHairball	PipelineStarted; ExitCode=0; pipeline started
2026-06-03T17:04:52.4529312+00:00	WorkerEvent	AuditHairball.audit-hairball	TaskReady; ExitCode=0; 
2026-06-03T17:04:52.4536380+00:00	GrantTask	AuditHairball.audit-hairball	AuditHairball.audit-hairball; GrantId=grant-137; Attempt=1
2026-06-03T17:04:52.4540947+00:00	WorkerEvent	AuditHairball.audit-hairball	GrantAccepted; ExitCode=0; 
2026-06-03T17:04:52.4545860+00:00	WorkerEvent	AuditHairball.audit-hairball	TaskStarted; ExitCode=0; 
2026-06-03T17:04:52.6936608+00:00	WorkerEvent	AuditHairball.audit-hairball	TaskSucceeded; ExitCode=0; 
2026-06-03T17:04:52.6949356+00:00	TaskSucceeded	AuditHairball.audit-hairball	0
2026-06-03T17:04:52.7157304+00:00	WorkerEvent	AuditHairball	Closed; ExitCode=0; 
2026-06-03T17:04:52.7170267+00:00	WorkerLogSummary	ExtractSeed01	stdout=C:\Users\jimmy\Desktop\meta-bi\Samples\Demos\MetaOrchestrationHairballCliIntegration\Runs\hairball-seed-20260530\RunArtifacts\runs\20260603-170336_46327b50f01a433d8bb3ad9d12fb1de2\logs\ExtractSeed01-19308.stdout.log; stdoutBytes=0; stdoutTruncated=False; stdoutDroppedBytes=0; stderr=C:\Users\jimmy\Desktop\meta-bi\Samples\Demos\MetaOrchestrationHairballCliIntegration\Runs\hairball-seed-20260530\RunArtifacts\runs\20260603-170336_46327b50f01a433d8bb3ad9d12fb1de2\logs\ExtractSeed01-19308.stderr.log; stderrBytes=0; stderrTruncated=False; stderrDroppedBytes=0
2026-06-03T17:04:52.7177241+00:00	WorkerLogSummary	ExtractSeed02	stdout=C:\Users\jimmy\Desktop\meta-bi\Samples\Demos\MetaOrchestrationHairballCliIntegration\Runs\hairball-seed-20260530\RunArtifacts\runs\20260603-170336_46327b50f01a433d8bb3ad9d12fb1de2\logs\ExtractSeed02-11800.stdout.log; stdoutBytes=0; stdoutTruncated=False; stdoutDroppedBytes=0; stderr=C:\Users\jimmy\Desktop\meta-bi\Samples\Demos\MetaOrchestrationHairballCliIntegration\Runs\hairball-seed-20260530\RunArtifacts\runs\20260603-170336_46327b50f01a433d8bb3ad9d12fb1de2\logs\ExtractSeed02-11800.stderr.log; stderrBytes=0; stderrTruncated=False; stderrDroppedBytes=0
2026-06-03T17:04:52.7181495+00:00	WorkerLogSummary	ExtractSeed03	stdout=C:\Users\jimmy\Desktop\meta-bi\Samples\Demos\MetaOrchestrationHairballCliIntegration\Runs\hairball-seed-20260530\RunArtifacts\runs\20260603-170336_46327b50f01a433d8bb3ad9d12fb1de2\logs\ExtractSeed03-9712.stdout.log; stdoutBytes=0; stdoutTruncated=False; stdoutDroppedBytes=0; stderr=C:\Users\jimmy\Desktop\meta-bi\Samples\Demos\MetaOrchestrationHairballCliIntegration\Runs\hairball-seed-20260530\RunArtifacts\runs\20260603-170336_46327b50f01a433d8bb3ad9d12fb1de2\logs\ExtractSeed03-9712.stderr.log; stderrBytes=0; stderrTruncated=False; stderrDroppedBytes=0
2026-06-03T17:04:52.7188601+00:00	WorkerLogSummary	ExtractSeed04	stdout=C:\Users\jimmy\Desktop\meta-bi\Samples\Demos\MetaOrchestrationHairballCliIntegration\Runs\hairball-seed-20260530\RunArtifacts\runs\20260603-170336_46327b50f01a433d8bb3ad9d12fb1de2\logs\ExtractSeed04-27744.stdout.log; stdoutBytes=0; stdoutTruncated=False; stdoutDroppedBytes=0; stderr=C:\Users\jimmy\Desktop\meta-bi\Samples\Demos\MetaOrchestrationHairballCliIntegration\Runs\hairball-seed-20260530\RunArtifacts\runs\20260603-170336_46327b50f01a433d8bb3ad9d12fb1de2\logs\ExtractSeed04-27744.stderr.log; stderrBytes=0; stderrTruncated=False; stderrDroppedBytes=0
2026-06-03T17:04:52.7193701+00:00	WorkerLogSummary	ExtractSeed05	stdout=C:\Users\jimmy\Desktop\meta-bi\Samples\Demos\MetaOrchestrationHairballCliIntegration\Runs\hairball-seed-20260530\RunArtifacts\runs\20260603-170336_46327b50f01a433d8bb3ad9d12fb1de2\logs\ExtractSeed05-28836.stdout.log; stdoutBytes=0; stdoutTruncated=False; stdoutDroppedBytes=0; stderr=C:\Users\jimmy\Desktop\meta-bi\Samples\Demos\MetaOrchestrationHairballCliIntegration\Runs\hairball-seed-20260530\RunArtifacts\runs\20260603-170336_46327b50f01a433d8bb3ad9d12fb1de2\logs\ExtractSeed05-28836.stderr.log; stderrBytes=0; stderrTruncated=False; stderrDroppedBytes=0
2026-06-03T17:04:52.7198011+00:00	WorkerLogSummary	ExtractSeed06	stdout=C:\Users\jimmy\Desktop\meta-bi\Samples\Demos\MetaOrchestrationHairballCliIntegration\Runs\hairball-seed-20260530\RunArtifacts\runs\20260603-170336_46327b50f01a433d8bb3ad9d12fb1de2\logs\ExtractSeed06-27072.stdout.log; stdoutBytes=0; stdoutTruncated=False; stdoutDroppedBytes=0; stderr=C:\Users\jimmy\Desktop\meta-bi\Samples\Demos\MetaOrchestrationHairballCliIntegration\Runs\hairball-seed-20260530\RunArtifacts\runs\20260603-170336_46327b50f01a433d8bb3ad9d12fb1de2\logs\ExtractSeed06-27072.stderr.log; stderrBytes=0; stderrTruncated=False; stderrDroppedBytes=0
2026-06-03T17:04:52.7202680+00:00	WorkerLogSummary	ExtractSeed07	stdout=C:\Users\jimmy\Desktop\meta-bi\Samples\Demos\MetaOrchestrationHairballCliIntegration\Runs\hairball-seed-20260530\RunArtifacts\runs\20260603-170336_46327b50f01a433d8bb3ad9d12fb1de2\logs\ExtractSeed07-27004.stdout.log; stdoutBytes=0; stdoutTruncated=False; stdoutDroppedBytes=0; stderr=C:\Users\jimmy\Desktop\meta-bi\Samples\Demos\MetaOrchestrationHairballCliIntegration\Runs\hairball-seed-20260530\RunArtifacts\runs\20260603-170336_46327b50f01a433d8bb3ad9d12fb1de2\logs\ExtractSeed07-27004.stderr.log; stderrBytes=0; stderrTruncated=False; stderrDroppedBytes=0
2026-06-03T17:04:52.7211640+00:00	WorkerLogSummary	ExtractSeed08	stdout=C:\Users\jimmy\Desktop\meta-bi\Samples\Demos\MetaOrchestrationHairballCliIntegration\Runs\hairball-seed-20260530\RunArtifacts\runs\20260603-170336_46327b50f01a433d8bb3ad9d12fb1de2\logs\ExtractSeed08-22204.stdout.log; stdoutBytes=0; stdoutTruncated=False; stdoutDroppedBytes=0; stderr=C:\Users\jimmy\Desktop\meta-bi\Samples\Demos\MetaOrchestrationHairballCliIntegration\Runs\hairball-seed-20260530\RunArtifacts\runs\20260603-170336_46327b50f01a433d8bb3ad9d12fb1de2\logs\ExtractSeed08-22204.stderr.log; stderrBytes=0; stderrTruncated=False; stderrDroppedBytes=0
2026-06-03T17:04:52.7216447+00:00	WorkerLogSummary	AuditHairball	stdout=C:\Users\jimmy\Desktop\meta-bi\Samples\Demos\MetaOrchestrationHairballCliIntegration\Runs\hairball-seed-20260530\RunArtifacts\runs\20260603-170336_46327b50f01a433d8bb3ad9d12fb1de2\logs\AuditHairball-31268.stdout.log; stdoutBytes=0; stdoutTruncated=False; stdoutDroppedBytes=0; stderr=C:\Users\jimmy\Desktop\meta-bi\Samples\Demos\MetaOrchestrationHairballCliIntegration\Runs\hairball-seed-20260530\RunArtifacts\runs\20260603-170336_46327b50f01a433d8bb3ad9d12fb1de2\logs\AuditHairball-31268.stderr.log; stderrBytes=0; stderrTruncated=False; stderrDroppedBytes=0
2026-06-03T17:04:52.7220687+00:00	WorkerLogSummary	BridgeL01L02	stdout=C:\Users\jimmy\Desktop\meta-bi\Samples\Demos\MetaOrchestrationHairballCliIntegration\Runs\hairball-seed-20260530\RunArtifacts\runs\20260603-170336_46327b50f01a433d8bb3ad9d12fb1de2\logs\BridgeL01L02-28176.stdout.log; stdoutBytes=0; stdoutTruncated=False; stdoutDroppedBytes=0; stderr=C:\Users\jimmy\Desktop\meta-bi\Samples\Demos\MetaOrchestrationHairballCliIntegration\Runs\hairball-seed-20260530\RunArtifacts\runs\20260603-170336_46327b50f01a433d8bb3ad9d12fb1de2\logs\BridgeL01L02-28176.stderr.log; stderrBytes=0; stderrTruncated=False; stderrDroppedBytes=0
2026-06-03T17:04:52.7224784+00:00	WorkerLogSummary	BridgeL03L04	stdout=C:\Users\jimmy\Desktop\meta-bi\Samples\Demos\MetaOrchestrationHairballCliIntegration\Runs\hairball-seed-20260530\RunArtifacts\runs\20260603-170336_46327b50f01a433d8bb3ad9d12fb1de2\logs\BridgeL03L04-22016.stdout.log; stdoutBytes=0; stdoutTruncated=False; stdoutDroppedBytes=0; stderr=C:\Users\jimmy\Desktop\meta-bi\Samples\Demos\MetaOrchestrationHairballCliIntegration\Runs\hairball-seed-20260530\RunArtifacts\runs\20260603-170336_46327b50f01a433d8bb3ad9d12fb1de2\logs\BridgeL03L04-22016.stderr.log; stderrBytes=0; stderrTruncated=False; stderrDroppedBytes=0
2026-06-03T17:04:52.7229028+00:00	WorkerLogSummary	BridgeL05L06	stdout=C:\Users\jimmy\Desktop\meta-bi\Samples\Demos\MetaOrchestrationHairballCliIntegration\Runs\hairball-seed-20260530\RunArtifacts\runs\20260603-170336_46327b50f01a433d8bb3ad9d12fb1de2\logs\BridgeL05L06-30768.stdout.log; stdoutBytes=0; stdoutTruncated=False; stdoutDroppedBytes=0; stderr=C:\Users\jimmy\Desktop\meta-bi\Samples\Demos\MetaOrchestrationHairballCliIntegration\Runs\hairball-seed-20260530\RunArtifacts\runs\20260603-170336_46327b50f01a433d8bb3ad9d12fb1de2\logs\BridgeL05L06-30768.stderr.log; stderrBytes=0; stderrTruncated=False; stderrDroppedBytes=0
2026-06-03T17:04:52.7237493+00:00	WorkerLogSummary	Layer01Node06	stdout=C:\Users\jimmy\Desktop\meta-bi\Samples\Demos\MetaOrchestrationHairballCliIntegration\Runs\hairball-seed-20260530\RunArtifacts\runs\20260603-170336_46327b50f01a433d8bb3ad9d12fb1de2\logs\Layer01Node06-29104.stdout.log; stdoutBytes=0; stdoutTruncated=False; stdoutDroppedBytes=0; stderr=C:\Users\jimmy\Desktop\meta-bi\Samples\Demos\MetaOrchestrationHairballCliIntegration\Runs\hairball-seed-20260530\RunArtifacts\runs\20260603-170336_46327b50f01a433d8bb3ad9d12fb1de2\logs\Layer01Node06-29104.stderr.log; stderrBytes=0; stderrTruncated=False; stderrDroppedBytes=0
2026-06-03T17:04:52.7244405+00:00	WorkerLogSummary	Layer01Node01	stdout=C:\Users\jimmy\Desktop\meta-bi\Samples\Demos\MetaOrchestrationHairballCliIntegration\Runs\hairball-seed-20260530\RunArtifacts\runs\20260603-170336_46327b50f01a433d8bb3ad9d12fb1de2\logs\Layer01Node01-18348.stdout.log; stdoutBytes=0; stdoutTruncated=False; stdoutDroppedBytes=0; stderr=C:\Users\jimmy\Desktop\meta-bi\Samples\Demos\MetaOrchestrationHairballCliIntegration\Runs\hairball-seed-20260530\RunArtifacts\runs\20260603-170336_46327b50f01a433d8bb3ad9d12fb1de2\logs\Layer01Node01-18348.stderr.log; stderrBytes=0; stderrTruncated=False; stderrDroppedBytes=0
2026-06-03T17:04:52.7248896+00:00	WorkerLogSummary	Layer01Node07	stdout=C:\Users\jimmy\Desktop\meta-bi\Samples\Demos\MetaOrchestrationHairballCliIntegration\Runs\hairball-seed-20260530\RunArtifacts\runs\20260603-170336_46327b50f01a433d8bb3ad9d12fb1de2\logs\Layer01Node07-18780.stdout.log; stdoutBytes=0; stdoutTruncated=False; stdoutDroppedBytes=0; stderr=C:\Users\jimmy\Desktop\meta-bi\Samples\Demos\MetaOrchestrationHairballCliIntegration\Runs\hairball-seed-20260530\RunArtifacts\runs\20260603-170336_46327b50f01a433d8bb3ad9d12fb1de2\logs\Layer01Node07-18780.stderr.log; stderrBytes=0; stderrTruncated=False; stderrDroppedBytes=0
2026-06-03T17:04:52.7253418+00:00	WorkerLogSummary	Layer03Node09	stdout=C:\Users\jimmy\Desktop\meta-bi\Samples\Demos\MetaOrchestrationHairballCliIntegration\Runs\hairball-seed-20260530\RunArtifacts\runs\20260603-170336_46327b50f01a433d8bb3ad9d12fb1de2\logs\Layer03Node09-7780.stdout.log; stdoutBytes=0; stdoutTruncated=False; stdoutDroppedBytes=0; stderr=C:\Users\jimmy\Desktop\meta-bi\Samples\Demos\MetaOrchestrationHairballCliIntegration\Runs\hairball-seed-20260530\RunArtifacts\runs\20260603-170336_46327b50f01a433d8bb3ad9d12fb1de2\logs\Layer03Node09-7780.stderr.log; stderrBytes=0; stderrTruncated=False; stderrDroppedBytes=0
2026-06-03T17:04:52.7257920+00:00	WorkerLogSummary	AuditHairball	stdout=C:\Users\jimmy\Desktop\meta-bi\Samples\Demos\MetaOrchestrationHairballCliIntegration\Runs\hairball-seed-20260530\RunArtifacts\runs\20260603-170336_46327b50f01a433d8bb3ad9d12fb1de2\logs\AuditHairball-6632.stdout.log; stdoutBytes=0; stdoutTruncated=False; stdoutDroppedBytes=0; stderr=C:\Users\jimmy\Desktop\meta-bi\Samples\Demos\MetaOrchestrationHairballCliIntegration\Runs\hairball-seed-20260530\RunArtifacts\runs\20260603-170336_46327b50f01a433d8bb3ad9d12fb1de2\logs\AuditHairball-6632.stderr.log; stderrBytes=0; stderrTruncated=False; stderrDroppedBytes=0
2026-06-03T17:04:52.7265526+00:00	WorkerLogSummary	Layer02Node03	stdout=C:\Users\jimmy\Desktop\meta-bi\Samples\Demos\MetaOrchestrationHairballCliIntegration\Runs\hairball-seed-20260530\RunArtifacts\runs\20260603-170336_46327b50f01a433d8bb3ad9d12fb1de2\logs\Layer02Node03-31272.stdout.log; stdoutBytes=0; stdoutTruncated=False; stdoutDroppedBytes=0; stderr=C:\Users\jimmy\Desktop\meta-bi\Samples\Demos\MetaOrchestrationHairballCliIntegration\Runs\hairball-seed-20260530\RunArtifacts\runs\20260603-170336_46327b50f01a433d8bb3ad9d12fb1de2\logs\Layer02Node03-31272.stderr.log; stderrBytes=0; stderrTruncated=False; stderrDroppedBytes=0
2026-06-03T17:04:52.7268949+00:00	WorkerLogSummary	AuditHairball	stdout=C:\Users\jimmy\Desktop\meta-bi\Samples\Demos\MetaOrchestrationHairballCliIntegration\Runs\hairball-seed-20260530\RunArtifacts\runs\20260603-170336_46327b50f01a433d8bb3ad9d12fb1de2\logs\AuditHairball-520.stdout.log; stdoutBytes=0; stdoutTruncated=False; stdoutDroppedBytes=0; stderr=C:\Users\jimmy\Desktop\meta-bi\Samples\Demos\MetaOrchestrationHairballCliIntegration\Runs\hairball-seed-20260530\RunArtifacts\runs\20260603-170336_46327b50f01a433d8bb3ad9d12fb1de2\logs\AuditHairball-520.stderr.log; stderrBytes=0; stderrTruncated=False; stderrDroppedBytes=0
2026-06-03T17:04:52.7273520+00:00	WorkerLogSummary	Layer01Node02	stdout=C:\Users\jimmy\Desktop\meta-bi\Samples\Demos\MetaOrchestrationHairballCliIntegration\Runs\hairball-seed-20260530\RunArtifacts\runs\20260603-170336_46327b50f01a433d8bb3ad9d12fb1de2\logs\Layer01Node02-21612.stdout.log; stdoutBytes=0; stdoutTruncated=False; stdoutDroppedBytes=0; stderr=C:\Users\jimmy\Desktop\meta-bi\Samples\Demos\MetaOrchestrationHairballCliIntegration\Runs\hairball-seed-20260530\RunArtifacts\runs\20260603-170336_46327b50f01a433d8bb3ad9d12fb1de2\logs\Layer01Node02-21612.stderr.log; stderrBytes=0; stderrTruncated=False; stderrDroppedBytes=0
2026-06-03T17:04:52.7279761+00:00	WorkerLogSummary	Layer01Node04	stdout=C:\Users\jimmy\Desktop\meta-bi\Samples\Demos\MetaOrchestrationHairballCliIntegration\Runs\hairball-seed-20260530\RunArtifacts\runs\20260603-170336_46327b50f01a433d8bb3ad9d12fb1de2\logs\Layer01Node04-17144.stdout.log; stdoutBytes=0; stdoutTruncated=False; stdoutDroppedBytes=0; stderr=C:\Users\jimmy\Desktop\meta-bi\Samples\Demos\MetaOrchestrationHairballCliIntegration\Runs\hairball-seed-20260530\RunArtifacts\runs\20260603-170336_46327b50f01a433d8bb3ad9d12fb1de2\logs\Layer01Node04-17144.stderr.log; stderrBytes=0; stderrTruncated=False; stderrDroppedBytes=0
2026-06-03T17:04:52.7285153+00:00	WorkerLogSummary	AuditHairball	stdout=C:\Users\jimmy\Desktop\meta-bi\Samples\Demos\MetaOrchestrationHairballCliIntegration\Runs\hairball-seed-20260530\RunArtifacts\runs\20260603-170336_46327b50f01a433d8bb3ad9d12fb1de2\logs\AuditHairball-26492.stdout.log; stdoutBytes=0; stdoutTruncated=False; stdoutDroppedBytes=0; stderr=C:\Users\jimmy\Desktop\meta-bi\Samples\Demos\MetaOrchestrationHairballCliIntegration\Runs\hairball-seed-20260530\RunArtifacts\runs\20260603-170336_46327b50f01a433d8bb3ad9d12fb1de2\logs\AuditHairball-26492.stderr.log; stderrBytes=0; stderrTruncated=False; stderrDroppedBytes=0
2026-06-03T17:04:52.7298774+00:00	WorkerLogSummary	Layer01Node03	stdout=C:\Users\jimmy\Desktop\meta-bi\Samples\Demos\MetaOrchestrationHairballCliIntegration\Runs\hairball-seed-20260530\RunArtifacts\runs\20260603-170336_46327b50f01a433d8bb3ad9d12fb1de2\logs\Layer01Node03-24652.stdout.log; stdoutBytes=0; stdoutTruncated=False; stdoutDroppedBytes=0; stderr=C:\Users\jimmy\Desktop\meta-bi\Samples\Demos\MetaOrchestrationHairballCliIntegration\Runs\hairball-seed-20260530\RunArtifacts\runs\20260603-170336_46327b50f01a433d8bb3ad9d12fb1de2\logs\Layer01Node03-24652.stderr.log; stderrBytes=0; stderrTruncated=False; stderrDroppedBytes=0
2026-06-03T17:04:52.7305791+00:00	WorkerLogSummary	Layer01Node05	stdout=C:\Users\jimmy\Desktop\meta-bi\Samples\Demos\MetaOrchestrationHairballCliIntegration\Runs\hairball-seed-20260530\RunArtifacts\runs\20260603-170336_46327b50f01a433d8bb3ad9d12fb1de2\logs\Layer01Node05-4856.stdout.log; stdoutBytes=0; stdoutTruncated=False; stdoutDroppedBytes=0; stderr=C:\Users\jimmy\Desktop\meta-bi\Samples\Demos\MetaOrchestrationHairballCliIntegration\Runs\hairball-seed-20260530\RunArtifacts\runs\20260603-170336_46327b50f01a433d8bb3ad9d12fb1de2\logs\Layer01Node05-4856.stderr.log; stderrBytes=0; stderrTruncated=False; stderrDroppedBytes=0
2026-06-03T17:04:52.7311061+00:00	WorkerLogSummary	Layer01Node09	stdout=C:\Users\jimmy\Desktop\meta-bi\Samples\Demos\MetaOrchestrationHairballCliIntegration\Runs\hairball-seed-20260530\RunArtifacts\runs\20260603-170336_46327b50f01a433d8bb3ad9d12fb1de2\logs\Layer01Node09-15556.stdout.log; stdoutBytes=0; stdoutTruncated=False; stdoutDroppedBytes=0; stderr=C:\Users\jimmy\Desktop\meta-bi\Samples\Demos\MetaOrchestrationHairballCliIntegration\Runs\hairball-seed-20260530\RunArtifacts\runs\20260603-170336_46327b50f01a433d8bb3ad9d12fb1de2\logs\Layer01Node09-15556.stderr.log; stderrBytes=0; stderrTruncated=False; stderrDroppedBytes=0
2026-06-03T17:04:52.7316051+00:00	WorkerLogSummary	Layer01Node08	stdout=C:\Users\jimmy\Desktop\meta-bi\Samples\Demos\MetaOrchestrationHairballCliIntegration\Runs\hairball-seed-20260530\RunArtifacts\runs\20260603-170336_46327b50f01a433d8bb3ad9d12fb1de2\logs\Layer01Node08-20032.stdout.log; stdoutBytes=0; stdoutTruncated=False; stdoutDroppedBytes=0; stderr=C:\Users\jimmy\Desktop\meta-bi\Samples\Demos\MetaOrchestrationHairballCliIntegration\Runs\hairball-seed-20260530\RunArtifacts\runs\20260603-170336_46327b50f01a433d8bb3ad9d12fb1de2\logs\Layer01Node08-20032.stderr.log; stderrBytes=0; stderrTruncated=False; stderrDroppedBytes=0
2026-06-03T17:04:52.7320634+00:00	WorkerLogSummary	Layer02Node02	stdout=C:\Users\jimmy\Desktop\meta-bi\Samples\Demos\MetaOrchestrationHairballCliIntegration\Runs\hairball-seed-20260530\RunArtifacts\runs\20260603-170336_46327b50f01a433d8bb3ad9d12fb1de2\logs\Layer02Node02-26996.stdout.log; stdoutBytes=0; stdoutTruncated=False; stdoutDroppedBytes=0; stderr=C:\Users\jimmy\Desktop\meta-bi\Samples\Demos\MetaOrchestrationHairballCliIntegration\Runs\hairball-seed-20260530\RunArtifacts\runs\20260603-170336_46327b50f01a433d8bb3ad9d12fb1de2\logs\Layer02Node02-26996.stderr.log; stderrBytes=0; stderrTruncated=False; stderrDroppedBytes=0
2026-06-03T17:04:52.7325330+00:00	WorkerLogSummary	Layer01Hub	stdout=C:\Users\jimmy\Desktop\meta-bi\Samples\Demos\MetaOrchestrationHairballCliIntegration\Runs\hairball-seed-20260530\RunArtifacts\runs\20260603-170336_46327b50f01a433d8bb3ad9d12fb1de2\logs\Layer01Hub-26644.stdout.log; stdoutBytes=0; stdoutTruncated=False; stdoutDroppedBytes=0; stderr=C:\Users\jimmy\Desktop\meta-bi\Samples\Demos\MetaOrchestrationHairballCliIntegration\Runs\hairball-seed-20260530\RunArtifacts\runs\20260603-170336_46327b50f01a433d8bb3ad9d12fb1de2\logs\Layer01Hub-26644.stderr.log; stderrBytes=0; stderrTruncated=False; stderrDroppedBytes=0
2026-06-03T17:04:52.7329914+00:00	WorkerLogSummary	Layer02Node05	stdout=C:\Users\jimmy\Desktop\meta-bi\Samples\Demos\MetaOrchestrationHairballCliIntegration\Runs\hairball-seed-20260530\RunArtifacts\runs\20260603-170336_46327b50f01a433d8bb3ad9d12fb1de2\logs\Layer02Node05-5148.stdout.log; stdoutBytes=0; stdoutTruncated=False; stdoutDroppedBytes=0; stderr=C:\Users\jimmy\Desktop\meta-bi\Samples\Demos\MetaOrchestrationHairballCliIntegration\Runs\hairball-seed-20260530\RunArtifacts\runs\20260603-170336_46327b50f01a433d8bb3ad9d12fb1de2\logs\Layer02Node05-5148.stderr.log; stderrBytes=0; stderrTruncated=False; stderrDroppedBytes=0
2026-06-03T17:04:52.7335029+00:00	WorkerLogSummary	Layer02Node01	stdout=C:\Users\jimmy\Desktop\meta-bi\Samples\Demos\MetaOrchestrationHairballCliIntegration\Runs\hairball-seed-20260530\RunArtifacts\runs\20260603-170336_46327b50f01a433d8bb3ad9d12fb1de2\logs\Layer02Node01-31704.stdout.log; stdoutBytes=0; stdoutTruncated=False; stdoutDroppedBytes=0; stderr=C:\Users\jimmy\Desktop\meta-bi\Samples\Demos\MetaOrchestrationHairballCliIntegration\Runs\hairball-seed-20260530\RunArtifacts\runs\20260603-170336_46327b50f01a433d8bb3ad9d12fb1de2\logs\Layer02Node01-31704.stderr.log; stderrBytes=0; stderrTruncated=False; stderrDroppedBytes=0
2026-06-03T17:04:52.7338906+00:00	WorkerLogSummary	Layer02Node04	stdout=C:\Users\jimmy\Desktop\meta-bi\Samples\Demos\MetaOrchestrationHairballCliIntegration\Runs\hairball-seed-20260530\RunArtifacts\runs\20260603-170336_46327b50f01a433d8bb3ad9d12fb1de2\logs\Layer02Node04-11424.stdout.log; stdoutBytes=0; stdoutTruncated=False; stdoutDroppedBytes=0; stderr=C:\Users\jimmy\Desktop\meta-bi\Samples\Demos\MetaOrchestrationHairballCliIntegration\Runs\hairball-seed-20260530\RunArtifacts\runs\20260603-170336_46327b50f01a433d8bb3ad9d12fb1de2\logs\Layer02Node04-11424.stderr.log; stderrBytes=0; stderrTruncated=False; stderrDroppedBytes=0
2026-06-03T17:04:52.7343504+00:00	WorkerLogSummary	Layer02Node06	stdout=C:\Users\jimmy\Desktop\meta-bi\Samples\Demos\MetaOrchestrationHairballCliIntegration\Runs\hairball-seed-20260530\RunArtifacts\runs\20260603-170336_46327b50f01a433d8bb3ad9d12fb1de2\logs\Layer02Node06-21920.stdout.log; stdoutBytes=0; stdoutTruncated=False; stdoutDroppedBytes=0; stderr=C:\Users\jimmy\Desktop\meta-bi\Samples\Demos\MetaOrchestrationHairballCliIntegration\Runs\hairball-seed-20260530\RunArtifacts\runs\20260603-170336_46327b50f01a433d8bb3ad9d12fb1de2\logs\Layer02Node06-21920.stderr.log; stderrBytes=0; stderrTruncated=False; stderrDroppedBytes=0
2026-06-03T17:04:52.7348614+00:00	WorkerLogSummary	Layer02Node07	stdout=C:\Users\jimmy\Desktop\meta-bi\Samples\Demos\MetaOrchestrationHairballCliIntegration\Runs\hairball-seed-20260530\RunArtifacts\runs\20260603-170336_46327b50f01a433d8bb3ad9d12fb1de2\logs\Layer02Node07-26292.stdout.log; stdoutBytes=0; stdoutTruncated=False; stdoutDroppedBytes=0; stderr=C:\Users\jimmy\Desktop\meta-bi\Samples\Demos\MetaOrchestrationHairballCliIntegration\Runs\hairball-seed-20260530\RunArtifacts\runs\20260603-170336_46327b50f01a433d8bb3ad9d12fb1de2\logs\Layer02Node07-26292.stderr.log; stderrBytes=0; stderrTruncated=False; stderrDroppedBytes=0
2026-06-03T17:04:52.7353135+00:00	WorkerLogSummary	Layer02Node08	stdout=C:\Users\jimmy\Desktop\meta-bi\Samples\Demos\MetaOrchestrationHairballCliIntegration\Runs\hairball-seed-20260530\RunArtifacts\runs\20260603-170336_46327b50f01a433d8bb3ad9d12fb1de2\logs\Layer02Node08-18176.stdout.log; stdoutBytes=0; stdoutTruncated=False; stdoutDroppedBytes=0; stderr=C:\Users\jimmy\Desktop\meta-bi\Samples\Demos\MetaOrchestrationHairballCliIntegration\Runs\hairball-seed-20260530\RunArtifacts\runs\20260603-170336_46327b50f01a433d8bb3ad9d12fb1de2\logs\Layer02Node08-18176.stderr.log; stderrBytes=0; stderrTruncated=False; stderrDroppedBytes=0
2026-06-03T17:04:52.7357438+00:00	WorkerLogSummary	Layer02Hub	stdout=C:\Users\jimmy\Desktop\meta-bi\Samples\Demos\MetaOrchestrationHairballCliIntegration\Runs\hairball-seed-20260530\RunArtifacts\runs\20260603-170336_46327b50f01a433d8bb3ad9d12fb1de2\logs\Layer02Hub-27892.stdout.log; stdoutBytes=0; stdoutTruncated=False; stdoutDroppedBytes=0; stderr=C:\Users\jimmy\Desktop\meta-bi\Samples\Demos\MetaOrchestrationHairballCliIntegration\Runs\hairball-seed-20260530\RunArtifacts\runs\20260603-170336_46327b50f01a433d8bb3ad9d12fb1de2\logs\Layer02Hub-27892.stderr.log; stderrBytes=0; stderrTruncated=False; stderrDroppedBytes=0
2026-06-03T17:04:52.7362280+00:00	WorkerLogSummary	BridgeL01L02	stdout=C:\Users\jimmy\Desktop\meta-bi\Samples\Demos\MetaOrchestrationHairballCliIntegration\Runs\hairball-seed-20260530\RunArtifacts\runs\20260603-170336_46327b50f01a433d8bb3ad9d12fb1de2\logs\BridgeL01L02-6008.stdout.log; stdoutBytes=0; stdoutTruncated=False; stdoutDroppedBytes=0; stderr=C:\Users\jimmy\Desktop\meta-bi\Samples\Demos\MetaOrchestrationHairballCliIntegration\Runs\hairball-seed-20260530\RunArtifacts\runs\20260603-170336_46327b50f01a433d8bb3ad9d12fb1de2\logs\BridgeL01L02-6008.stderr.log; stderrBytes=0; stderrTruncated=False; stderrDroppedBytes=0
2026-06-03T17:04:52.7367670+00:00	WorkerLogSummary	Layer03Node01	stdout=C:\Users\jimmy\Desktop\meta-bi\Samples\Demos\MetaOrchestrationHairballCliIntegration\Runs\hairball-seed-20260530\RunArtifacts\runs\20260603-170336_46327b50f01a433d8bb3ad9d12fb1de2\logs\Layer03Node01-21964.stdout.log; stdoutBytes=0; stdoutTruncated=False; stdoutDroppedBytes=0; stderr=C:\Users\jimmy\Desktop\meta-bi\Samples\Demos\MetaOrchestrationHairballCliIntegration\Runs\hairball-seed-20260530\RunArtifacts\runs\20260603-170336_46327b50f01a433d8bb3ad9d12fb1de2\logs\Layer03Node01-21964.stderr.log; stderrBytes=0; stderrTruncated=False; stderrDroppedBytes=0
2026-06-03T17:04:52.7372371+00:00	WorkerLogSummary	Layer03Node02	stdout=C:\Users\jimmy\Desktop\meta-bi\Samples\Demos\MetaOrchestrationHairballCliIntegration\Runs\hairball-seed-20260530\RunArtifacts\runs\20260603-170336_46327b50f01a433d8bb3ad9d12fb1de2\logs\Layer03Node02-26636.stdout.log; stdoutBytes=0; stdoutTruncated=False; stdoutDroppedBytes=0; stderr=C:\Users\jimmy\Desktop\meta-bi\Samples\Demos\MetaOrchestrationHairballCliIntegration\Runs\hairball-seed-20260530\RunArtifacts\runs\20260603-170336_46327b50f01a433d8bb3ad9d12fb1de2\logs\Layer03Node02-26636.stderr.log; stderrBytes=0; stderrTruncated=False; stderrDroppedBytes=0
2026-06-03T17:04:52.7378306+00:00	WorkerLogSummary	Layer03Node03	stdout=C:\Users\jimmy\Desktop\meta-bi\Samples\Demos\MetaOrchestrationHairballCliIntegration\Runs\hairball-seed-20260530\RunArtifacts\runs\20260603-170336_46327b50f01a433d8bb3ad9d12fb1de2\logs\Layer03Node03-2560.stdout.log; stdoutBytes=0; stdoutTruncated=False; stdoutDroppedBytes=0; stderr=C:\Users\jimmy\Desktop\meta-bi\Samples\Demos\MetaOrchestrationHairballCliIntegration\Runs\hairball-seed-20260530\RunArtifacts\runs\20260603-170336_46327b50f01a433d8bb3ad9d12fb1de2\logs\Layer03Node03-2560.stderr.log; stderrBytes=0; stderrTruncated=False; stderrDroppedBytes=0
2026-06-03T17:04:52.7382423+00:00	WorkerLogSummary	Layer03Node04	stdout=C:\Users\jimmy\Desktop\meta-bi\Samples\Demos\MetaOrchestrationHairballCliIntegration\Runs\hairball-seed-20260530\RunArtifacts\runs\20260603-170336_46327b50f01a433d8bb3ad9d12fb1de2\logs\Layer03Node04-31696.stdout.log; stdoutBytes=0; stdoutTruncated=False; stdoutDroppedBytes=0; stderr=C:\Users\jimmy\Desktop\meta-bi\Samples\Demos\MetaOrchestrationHairballCliIntegration\Runs\hairball-seed-20260530\RunArtifacts\runs\20260603-170336_46327b50f01a433d8bb3ad9d12fb1de2\logs\Layer03Node04-31696.stderr.log; stderrBytes=0; stderrTruncated=False; stderrDroppedBytes=0
2026-06-03T17:04:52.7386694+00:00	WorkerLogSummary	Layer03Node05	stdout=C:\Users\jimmy\Desktop\meta-bi\Samples\Demos\MetaOrchestrationHairballCliIntegration\Runs\hairball-seed-20260530\RunArtifacts\runs\20260603-170336_46327b50f01a433d8bb3ad9d12fb1de2\logs\Layer03Node05-3568.stdout.log; stdoutBytes=0; stdoutTruncated=False; stdoutDroppedBytes=0; stderr=C:\Users\jimmy\Desktop\meta-bi\Samples\Demos\MetaOrchestrationHairballCliIntegration\Runs\hairball-seed-20260530\RunArtifacts\runs\20260603-170336_46327b50f01a433d8bb3ad9d12fb1de2\logs\Layer03Node05-3568.stderr.log; stderrBytes=0; stderrTruncated=False; stderrDroppedBytes=0
2026-06-03T17:04:52.7390837+00:00	WorkerLogSummary	Layer03Node06	stdout=C:\Users\jimmy\Desktop\meta-bi\Samples\Demos\MetaOrchestrationHairballCliIntegration\Runs\hairball-seed-20260530\RunArtifacts\runs\20260603-170336_46327b50f01a433d8bb3ad9d12fb1de2\logs\Layer03Node06-8976.stdout.log; stdoutBytes=0; stdoutTruncated=False; stdoutDroppedBytes=0; stderr=C:\Users\jimmy\Desktop\meta-bi\Samples\Demos\MetaOrchestrationHairballCliIntegration\Runs\hairball-seed-20260530\RunArtifacts\runs\20260603-170336_46327b50f01a433d8bb3ad9d12fb1de2\logs\Layer03Node06-8976.stderr.log; stderrBytes=0; stderrTruncated=False; stderrDroppedBytes=0
2026-06-03T17:04:52.7395744+00:00	WorkerLogSummary	Layer03Node07	stdout=C:\Users\jimmy\Desktop\meta-bi\Samples\Demos\MetaOrchestrationHairballCliIntegration\Runs\hairball-seed-20260530\RunArtifacts\runs\20260603-170336_46327b50f01a433d8bb3ad9d12fb1de2\logs\Layer03Node07-23668.stdout.log; stdoutBytes=0; stdoutTruncated=False; stdoutDroppedBytes=0; stderr=C:\Users\jimmy\Desktop\meta-bi\Samples\Demos\MetaOrchestrationHairballCliIntegration\Runs\hairball-seed-20260530\RunArtifacts\runs\20260603-170336_46327b50f01a433d8bb3ad9d12fb1de2\logs\Layer03Node07-23668.stderr.log; stderrBytes=0; stderrTruncated=False; stderrDroppedBytes=0
2026-06-03T17:04:52.7400747+00:00	WorkerLogSummary	Layer03Hub	stdout=C:\Users\jimmy\Desktop\meta-bi\Samples\Demos\MetaOrchestrationHairballCliIntegration\Runs\hairball-seed-20260530\RunArtifacts\runs\20260603-170336_46327b50f01a433d8bb3ad9d12fb1de2\logs\Layer03Hub-28188.stdout.log; stdoutBytes=0; stdoutTruncated=False; stdoutDroppedBytes=0; stderr=C:\Users\jimmy\Desktop\meta-bi\Samples\Demos\MetaOrchestrationHairballCliIntegration\Runs\hairball-seed-20260530\RunArtifacts\runs\20260603-170336_46327b50f01a433d8bb3ad9d12fb1de2\logs\Layer03Hub-28188.stderr.log; stderrBytes=0; stderrTruncated=False; stderrDroppedBytes=0
2026-06-03T17:04:52.7404758+00:00	WorkerLogSummary	Layer03Node08	stdout=C:\Users\jimmy\Desktop\meta-bi\Samples\Demos\MetaOrchestrationHairballCliIntegration\Runs\hairball-seed-20260530\RunArtifacts\runs\20260603-170336_46327b50f01a433d8bb3ad9d12fb1de2\logs\Layer03Node08-7640.stdout.log; stdoutBytes=0; stdoutTruncated=False; stdoutDroppedBytes=0; stderr=C:\Users\jimmy\Desktop\meta-bi\Samples\Demos\MetaOrchestrationHairballCliIntegration\Runs\hairball-seed-20260530\RunArtifacts\runs\20260603-170336_46327b50f01a433d8bb3ad9d12fb1de2\logs\Layer03Node08-7640.stderr.log; stderrBytes=0; stderrTruncated=False; stderrDroppedBytes=0
2026-06-03T17:04:52.7409484+00:00	WorkerLogSummary	Layer03Node10	stdout=C:\Users\jimmy\Desktop\meta-bi\Samples\Demos\MetaOrchestrationHairballCliIntegration\Runs\hairball-seed-20260530\RunArtifacts\runs\20260603-170336_46327b50f01a433d8bb3ad9d12fb1de2\logs\Layer03Node10-29648.stdout.log; stdoutBytes=0; stdoutTruncated=False; stdoutDroppedBytes=0; stderr=C:\Users\jimmy\Desktop\meta-bi\Samples\Demos\MetaOrchestrationHairballCliIntegration\Runs\hairball-seed-20260530\RunArtifacts\runs\20260603-170336_46327b50f01a433d8bb3ad9d12fb1de2\logs\Layer03Node10-29648.stderr.log; stderrBytes=0; stderrTruncated=False; stderrDroppedBytes=0
2026-06-03T17:04:52.7415161+00:00	WorkerLogSummary	Layer04Node01	stdout=C:\Users\jimmy\Desktop\meta-bi\Samples\Demos\MetaOrchestrationHairballCliIntegration\Runs\hairball-seed-20260530\RunArtifacts\runs\20260603-170336_46327b50f01a433d8bb3ad9d12fb1de2\logs\Layer04Node01-768.stdout.log; stdoutBytes=0; stdoutTruncated=False; stdoutDroppedBytes=0; stderr=C:\Users\jimmy\Desktop\meta-bi\Samples\Demos\MetaOrchestrationHairballCliIntegration\Runs\hairball-seed-20260530\RunArtifacts\runs\20260603-170336_46327b50f01a433d8bb3ad9d12fb1de2\logs\Layer04Node01-768.stderr.log; stderrBytes=0; stderrTruncated=False; stderrDroppedBytes=0
2026-06-03T17:04:52.7419372+00:00	WorkerLogSummary	Layer04Node02	stdout=C:\Users\jimmy\Desktop\meta-bi\Samples\Demos\MetaOrchestrationHairballCliIntegration\Runs\hairball-seed-20260530\RunArtifacts\runs\20260603-170336_46327b50f01a433d8bb3ad9d12fb1de2\logs\Layer04Node02-30952.stdout.log; stdoutBytes=0; stdoutTruncated=False; stdoutDroppedBytes=0; stderr=C:\Users\jimmy\Desktop\meta-bi\Samples\Demos\MetaOrchestrationHairballCliIntegration\Runs\hairball-seed-20260530\RunArtifacts\runs\20260603-170336_46327b50f01a433d8bb3ad9d12fb1de2\logs\Layer04Node02-30952.stderr.log; stderrBytes=0; stderrTruncated=False; stderrDroppedBytes=0
2026-06-03T17:04:52.7423520+00:00	WorkerLogSummary	Layer04Node03	stdout=C:\Users\jimmy\Desktop\meta-bi\Samples\Demos\MetaOrchestrationHairballCliIntegration\Runs\hairball-seed-20260530\RunArtifacts\runs\20260603-170336_46327b50f01a433d8bb3ad9d12fb1de2\logs\Layer04Node03-4292.stdout.log; stdoutBytes=0; stdoutTruncated=False; stdoutDroppedBytes=0; stderr=C:\Users\jimmy\Desktop\meta-bi\Samples\Demos\MetaOrchestrationHairballCliIntegration\Runs\hairball-seed-20260530\RunArtifacts\runs\20260603-170336_46327b50f01a433d8bb3ad9d12fb1de2\logs\Layer04Node03-4292.stderr.log; stderrBytes=0; stderrTruncated=False; stderrDroppedBytes=0
2026-06-03T17:04:52.7428448+00:00	WorkerLogSummary	Layer04Node04	stdout=C:\Users\jimmy\Desktop\meta-bi\Samples\Demos\MetaOrchestrationHairballCliIntegration\Runs\hairball-seed-20260530\RunArtifacts\runs\20260603-170336_46327b50f01a433d8bb3ad9d12fb1de2\logs\Layer04Node04-27036.stdout.log; stdoutBytes=0; stdoutTruncated=False; stdoutDroppedBytes=0; stderr=C:\Users\jimmy\Desktop\meta-bi\Samples\Demos\MetaOrchestrationHairballCliIntegration\Runs\hairball-seed-20260530\RunArtifacts\runs\20260603-170336_46327b50f01a433d8bb3ad9d12fb1de2\logs\Layer04Node04-27036.stderr.log; stderrBytes=0; stderrTruncated=False; stderrDroppedBytes=0
2026-06-03T17:04:52.7432985+00:00	WorkerLogSummary	Layer04Node05	stdout=C:\Users\jimmy\Desktop\meta-bi\Samples\Demos\MetaOrchestrationHairballCliIntegration\Runs\hairball-seed-20260530\RunArtifacts\runs\20260603-170336_46327b50f01a433d8bb3ad9d12fb1de2\logs\Layer04Node05-27248.stdout.log; stdoutBytes=0; stdoutTruncated=False; stdoutDroppedBytes=0; stderr=C:\Users\jimmy\Desktop\meta-bi\Samples\Demos\MetaOrchestrationHairballCliIntegration\Runs\hairball-seed-20260530\RunArtifacts\runs\20260603-170336_46327b50f01a433d8bb3ad9d12fb1de2\logs\Layer04Node05-27248.stderr.log; stderrBytes=0; stderrTruncated=False; stderrDroppedBytes=0
2026-06-03T17:04:52.7437430+00:00	WorkerLogSummary	Layer04Node06	stdout=C:\Users\jimmy\Desktop\meta-bi\Samples\Demos\MetaOrchestrationHairballCliIntegration\Runs\hairball-seed-20260530\RunArtifacts\runs\20260603-170336_46327b50f01a433d8bb3ad9d12fb1de2\logs\Layer04Node06-26544.stdout.log; stdoutBytes=0; stdoutTruncated=False; stdoutDroppedBytes=0; stderr=C:\Users\jimmy\Desktop\meta-bi\Samples\Demos\MetaOrchestrationHairballCliIntegration\Runs\hairball-seed-20260530\RunArtifacts\runs\20260603-170336_46327b50f01a433d8bb3ad9d12fb1de2\logs\Layer04Node06-26544.stderr.log; stderrBytes=0; stderrTruncated=False; stderrDroppedBytes=0
2026-06-03T17:04:52.7443750+00:00	WorkerLogSummary	Layer04Node07	stdout=C:\Users\jimmy\Desktop\meta-bi\Samples\Demos\MetaOrchestrationHairballCliIntegration\Runs\hairball-seed-20260530\RunArtifacts\runs\20260603-170336_46327b50f01a433d8bb3ad9d12fb1de2\logs\Layer04Node07-27340.stdout.log; stdoutBytes=0; stdoutTruncated=False; stdoutDroppedBytes=0; stderr=C:\Users\jimmy\Desktop\meta-bi\Samples\Demos\MetaOrchestrationHairballCliIntegration\Runs\hairball-seed-20260530\RunArtifacts\runs\20260603-170336_46327b50f01a433d8bb3ad9d12fb1de2\logs\Layer04Node07-27340.stderr.log; stderrBytes=0; stderrTruncated=False; stderrDroppedBytes=0
2026-06-03T17:04:52.7450045+00:00	WorkerLogSummary	Layer04Node08	stdout=C:\Users\jimmy\Desktop\meta-bi\Samples\Demos\MetaOrchestrationHairballCliIntegration\Runs\hairball-seed-20260530\RunArtifacts\runs\20260603-170336_46327b50f01a433d8bb3ad9d12fb1de2\logs\Layer04Node08-16580.stdout.log; stdoutBytes=0; stdoutTruncated=False; stdoutDroppedBytes=0; stderr=C:\Users\jimmy\Desktop\meta-bi\Samples\Demos\MetaOrchestrationHairballCliIntegration\Runs\hairball-seed-20260530\RunArtifacts\runs\20260603-170336_46327b50f01a433d8bb3ad9d12fb1de2\logs\Layer04Node08-16580.stderr.log; stderrBytes=0; stderrTruncated=False; stderrDroppedBytes=0
2026-06-03T17:04:52.7454433+00:00	WorkerLogSummary	Layer04Node09	stdout=C:\Users\jimmy\Desktop\meta-bi\Samples\Demos\MetaOrchestrationHairballCliIntegration\Runs\hairball-seed-20260530\RunArtifacts\runs\20260603-170336_46327b50f01a433d8bb3ad9d12fb1de2\logs\Layer04Node09-28500.stdout.log; stdoutBytes=0; stdoutTruncated=False; stdoutDroppedBytes=0; stderr=C:\Users\jimmy\Desktop\meta-bi\Samples\Demos\MetaOrchestrationHairballCliIntegration\Runs\hairball-seed-20260530\RunArtifacts\runs\20260603-170336_46327b50f01a433d8bb3ad9d12fb1de2\logs\Layer04Node09-28500.stderr.log; stderrBytes=0; stderrTruncated=False; stderrDroppedBytes=0
2026-06-03T17:04:52.7458889+00:00	WorkerLogSummary	Layer04Hub	stdout=C:\Users\jimmy\Desktop\meta-bi\Samples\Demos\MetaOrchestrationHairballCliIntegration\Runs\hairball-seed-20260530\RunArtifacts\runs\20260603-170336_46327b50f01a433d8bb3ad9d12fb1de2\logs\Layer04Hub-24716.stdout.log; stdoutBytes=0; stdoutTruncated=False; stdoutDroppedBytes=0; stderr=C:\Users\jimmy\Desktop\meta-bi\Samples\Demos\MetaOrchestrationHairballCliIntegration\Runs\hairball-seed-20260530\RunArtifacts\runs\20260603-170336_46327b50f01a433d8bb3ad9d12fb1de2\logs\Layer04Hub-24716.stderr.log; stderrBytes=0; stderrTruncated=False; stderrDroppedBytes=0
2026-06-03T17:04:52.7466652+00:00	WorkerLogSummary	BridgeL03L04	stdout=C:\Users\jimmy\Desktop\meta-bi\Samples\Demos\MetaOrchestrationHairballCliIntegration\Runs\hairball-seed-20260530\RunArtifacts\runs\20260603-170336_46327b50f01a433d8bb3ad9d12fb1de2\logs\BridgeL03L04-3948.stdout.log; stdoutBytes=0; stdoutTruncated=False; stdoutDroppedBytes=0; stderr=C:\Users\jimmy\Desktop\meta-bi\Samples\Demos\MetaOrchestrationHairballCliIntegration\Runs\hairball-seed-20260530\RunArtifacts\runs\20260603-170336_46327b50f01a433d8bb3ad9d12fb1de2\logs\BridgeL03L04-3948.stderr.log; stderrBytes=0; stderrTruncated=False; stderrDroppedBytes=0
2026-06-03T17:04:52.7471824+00:00	WorkerLogSummary	Layer05Node01	stdout=C:\Users\jimmy\Desktop\meta-bi\Samples\Demos\MetaOrchestrationHairballCliIntegration\Runs\hairball-seed-20260530\RunArtifacts\runs\20260603-170336_46327b50f01a433d8bb3ad9d12fb1de2\logs\Layer05Node01-31740.stdout.log; stdoutBytes=0; stdoutTruncated=False; stdoutDroppedBytes=0; stderr=C:\Users\jimmy\Desktop\meta-bi\Samples\Demos\MetaOrchestrationHairballCliIntegration\Runs\hairball-seed-20260530\RunArtifacts\runs\20260603-170336_46327b50f01a433d8bb3ad9d12fb1de2\logs\Layer05Node01-31740.stderr.log; stderrBytes=0; stderrTruncated=False; stderrDroppedBytes=0
2026-06-03T17:04:52.7479841+00:00	WorkerLogSummary	Layer05Node02	stdout=C:\Users\jimmy\Desktop\meta-bi\Samples\Demos\MetaOrchestrationHairballCliIntegration\Runs\hairball-seed-20260530\RunArtifacts\runs\20260603-170336_46327b50f01a433d8bb3ad9d12fb1de2\logs\Layer05Node02-26400.stdout.log; stdoutBytes=0; stdoutTruncated=False; stdoutDroppedBytes=0; stderr=C:\Users\jimmy\Desktop\meta-bi\Samples\Demos\MetaOrchestrationHairballCliIntegration\Runs\hairball-seed-20260530\RunArtifacts\runs\20260603-170336_46327b50f01a433d8bb3ad9d12fb1de2\logs\Layer05Node02-26400.stderr.log; stderrBytes=0; stderrTruncated=False; stderrDroppedBytes=0
2026-06-03T17:04:52.7486164+00:00	WorkerLogSummary	Layer05Node03	stdout=C:\Users\jimmy\Desktop\meta-bi\Samples\Demos\MetaOrchestrationHairballCliIntegration\Runs\hairball-seed-20260530\RunArtifacts\runs\20260603-170336_46327b50f01a433d8bb3ad9d12fb1de2\logs\Layer05Node03-16244.stdout.log; stdoutBytes=0; stdoutTruncated=False; stdoutDroppedBytes=0; stderr=C:\Users\jimmy\Desktop\meta-bi\Samples\Demos\MetaOrchestrationHairballCliIntegration\Runs\hairball-seed-20260530\RunArtifacts\runs\20260603-170336_46327b50f01a433d8bb3ad9d12fb1de2\logs\Layer05Node03-16244.stderr.log; stderrBytes=0; stderrTruncated=False; stderrDroppedBytes=0
2026-06-03T17:04:52.7493853+00:00	WorkerLogSummary	Layer05Node04	stdout=C:\Users\jimmy\Desktop\meta-bi\Samples\Demos\MetaOrchestrationHairballCliIntegration\Runs\hairball-seed-20260530\RunArtifacts\runs\20260603-170336_46327b50f01a433d8bb3ad9d12fb1de2\logs\Layer05Node04-31072.stdout.log; stdoutBytes=0; stdoutTruncated=False; stdoutDroppedBytes=0; stderr=C:\Users\jimmy\Desktop\meta-bi\Samples\Demos\MetaOrchestrationHairballCliIntegration\Runs\hairball-seed-20260530\RunArtifacts\runs\20260603-170336_46327b50f01a433d8bb3ad9d12fb1de2\logs\Layer05Node04-31072.stderr.log; stderrBytes=0; stderrTruncated=False; stderrDroppedBytes=0
2026-06-03T17:04:52.7498839+00:00	WorkerLogSummary	Layer05Node05	stdout=C:\Users\jimmy\Desktop\meta-bi\Samples\Demos\MetaOrchestrationHairballCliIntegration\Runs\hairball-seed-20260530\RunArtifacts\runs\20260603-170336_46327b50f01a433d8bb3ad9d12fb1de2\logs\Layer05Node05-7776.stdout.log; stdoutBytes=0; stdoutTruncated=False; stdoutDroppedBytes=0; stderr=C:\Users\jimmy\Desktop\meta-bi\Samples\Demos\MetaOrchestrationHairballCliIntegration\Runs\hairball-seed-20260530\RunArtifacts\runs\20260603-170336_46327b50f01a433d8bb3ad9d12fb1de2\logs\Layer05Node05-7776.stderr.log; stderrBytes=0; stderrTruncated=False; stderrDroppedBytes=0
2026-06-03T17:04:52.7503250+00:00	WorkerLogSummary	Layer05Node06	stdout=C:\Users\jimmy\Desktop\meta-bi\Samples\Demos\MetaOrchestrationHairballCliIntegration\Runs\hairball-seed-20260530\RunArtifacts\runs\20260603-170336_46327b50f01a433d8bb3ad9d12fb1de2\logs\Layer05Node06-26160.stdout.log; stdoutBytes=0; stdoutTruncated=False; stdoutDroppedBytes=0; stderr=C:\Users\jimmy\Desktop\meta-bi\Samples\Demos\MetaOrchestrationHairballCliIntegration\Runs\hairball-seed-20260530\RunArtifacts\runs\20260603-170336_46327b50f01a433d8bb3ad9d12fb1de2\logs\Layer05Node06-26160.stderr.log; stderrBytes=0; stderrTruncated=False; stderrDroppedBytes=0
2026-06-03T17:04:52.7510822+00:00	WorkerLogSummary	Layer05Node07	stdout=C:\Users\jimmy\Desktop\meta-bi\Samples\Demos\MetaOrchestrationHairballCliIntegration\Runs\hairball-seed-20260530\RunArtifacts\runs\20260603-170336_46327b50f01a433d8bb3ad9d12fb1de2\logs\Layer05Node07-27656.stdout.log; stdoutBytes=0; stdoutTruncated=False; stdoutDroppedBytes=0; stderr=C:\Users\jimmy\Desktop\meta-bi\Samples\Demos\MetaOrchestrationHairballCliIntegration\Runs\hairball-seed-20260530\RunArtifacts\runs\20260603-170336_46327b50f01a433d8bb3ad9d12fb1de2\logs\Layer05Node07-27656.stderr.log; stderrBytes=0; stderrTruncated=False; stderrDroppedBytes=0
2026-06-03T17:04:52.7515000+00:00	WorkerLogSummary	BridgeL07L08	stdout=C:\Users\jimmy\Desktop\meta-bi\Samples\Demos\MetaOrchestrationHairballCliIntegration\Runs\hairball-seed-20260530\RunArtifacts\runs\20260603-170336_46327b50f01a433d8bb3ad9d12fb1de2\logs\BridgeL07L08-20444.stdout.log; stdoutBytes=0; stdoutTruncated=False; stdoutDroppedBytes=0; stderr=C:\Users\jimmy\Desktop\meta-bi\Samples\Demos\MetaOrchestrationHairballCliIntegration\Runs\hairball-seed-20260530\RunArtifacts\runs\20260603-170336_46327b50f01a433d8bb3ad9d12fb1de2\logs\BridgeL07L08-20444.stderr.log; stderrBytes=0; stderrTruncated=False; stderrDroppedBytes=0
2026-06-03T17:04:52.7520401+00:00	WorkerLogSummary	Layer05Node08	stdout=C:\Users\jimmy\Desktop\meta-bi\Samples\Demos\MetaOrchestrationHairballCliIntegration\Runs\hairball-seed-20260530\RunArtifacts\runs\20260603-170336_46327b50f01a433d8bb3ad9d12fb1de2\logs\Layer05Node08-16044.stdout.log; stdoutBytes=0; stdoutTruncated=False; stdoutDroppedBytes=0; stderr=C:\Users\jimmy\Desktop\meta-bi\Samples\Demos\MetaOrchestrationHairballCliIntegration\Runs\hairball-seed-20260530\RunArtifacts\runs\20260603-170336_46327b50f01a433d8bb3ad9d12fb1de2\logs\Layer05Node08-16044.stderr.log; stderrBytes=0; stderrTruncated=False; stderrDroppedBytes=0
2026-06-03T17:04:52.7524825+00:00	WorkerLogSummary	Layer05Hub	stdout=C:\Users\jimmy\Desktop\meta-bi\Samples\Demos\MetaOrchestrationHairballCliIntegration\Runs\hairball-seed-20260530\RunArtifacts\runs\20260603-170336_46327b50f01a433d8bb3ad9d12fb1de2\logs\Layer05Hub-31640.stdout.log; stdoutBytes=0; stdoutTruncated=False; stdoutDroppedBytes=0; stderr=C:\Users\jimmy\Desktop\meta-bi\Samples\Demos\MetaOrchestrationHairballCliIntegration\Runs\hairball-seed-20260530\RunArtifacts\runs\20260603-170336_46327b50f01a433d8bb3ad9d12fb1de2\logs\Layer05Hub-31640.stderr.log; stderrBytes=0; stderrTruncated=False; stderrDroppedBytes=0
2026-06-03T17:04:52.7529594+00:00	WorkerLogSummary	BridgeL05L06	stdout=C:\Users\jimmy\Desktop\meta-bi\Samples\Demos\MetaOrchestrationHairballCliIntegration\Runs\hairball-seed-20260530\RunArtifacts\runs\20260603-170336_46327b50f01a433d8bb3ad9d12fb1de2\logs\BridgeL05L06-23372.stdout.log; stdoutBytes=0; stdoutTruncated=False; stdoutDroppedBytes=0; stderr=C:\Users\jimmy\Desktop\meta-bi\Samples\Demos\MetaOrchestrationHairballCliIntegration\Runs\hairball-seed-20260530\RunArtifacts\runs\20260603-170336_46327b50f01a433d8bb3ad9d12fb1de2\logs\BridgeL05L06-23372.stderr.log; stderrBytes=0; stderrTruncated=False; stderrDroppedBytes=0
2026-06-03T17:04:52.7533436+00:00	WorkerLogSummary	BridgeL07L08	stdout=C:\Users\jimmy\Desktop\meta-bi\Samples\Demos\MetaOrchestrationHairballCliIntegration\Runs\hairball-seed-20260530\RunArtifacts\runs\20260603-170336_46327b50f01a433d8bb3ad9d12fb1de2\logs\BridgeL07L08-30684.stdout.log; stdoutBytes=0; stdoutTruncated=False; stdoutDroppedBytes=0; stderr=C:\Users\jimmy\Desktop\meta-bi\Samples\Demos\MetaOrchestrationHairballCliIntegration\Runs\hairball-seed-20260530\RunArtifacts\runs\20260603-170336_46327b50f01a433d8bb3ad9d12fb1de2\logs\BridgeL07L08-30684.stderr.log; stderrBytes=0; stderrTruncated=False; stderrDroppedBytes=0
2026-06-03T17:04:52.7537373+00:00	WorkerLogSummary	Layer06Node01	stdout=C:\Users\jimmy\Desktop\meta-bi\Samples\Demos\MetaOrchestrationHairballCliIntegration\Runs\hairball-seed-20260530\RunArtifacts\runs\20260603-170336_46327b50f01a433d8bb3ad9d12fb1de2\logs\Layer06Node01-16268.stdout.log; stdoutBytes=0; stdoutTruncated=False; stdoutDroppedBytes=0; stderr=C:\Users\jimmy\Desktop\meta-bi\Samples\Demos\MetaOrchestrationHairballCliIntegration\Runs\hairball-seed-20260530\RunArtifacts\runs\20260603-170336_46327b50f01a433d8bb3ad9d12fb1de2\logs\Layer06Node01-16268.stderr.log; stderrBytes=0; stderrTruncated=False; stderrDroppedBytes=0
2026-06-03T17:04:52.7541442+00:00	WorkerLogSummary	Layer06Node02	stdout=C:\Users\jimmy\Desktop\meta-bi\Samples\Demos\MetaOrchestrationHairballCliIntegration\Runs\hairball-seed-20260530\RunArtifacts\runs\20260603-170336_46327b50f01a433d8bb3ad9d12fb1de2\logs\Layer06Node02-29892.stdout.log; stdoutBytes=0; stdoutTruncated=False; stdoutDroppedBytes=0; stderr=C:\Users\jimmy\Desktop\meta-bi\Samples\Demos\MetaOrchestrationHairballCliIntegration\Runs\hairball-seed-20260530\RunArtifacts\runs\20260603-170336_46327b50f01a433d8bb3ad9d12fb1de2\logs\Layer06Node02-29892.stderr.log; stderrBytes=0; stderrTruncated=False; stderrDroppedBytes=0
2026-06-03T17:04:52.7545320+00:00	WorkerLogSummary	BridgeL05L06	stdout=C:\Users\jimmy\Desktop\meta-bi\Samples\Demos\MetaOrchestrationHairballCliIntegration\Runs\hairball-seed-20260530\RunArtifacts\runs\20260603-170336_46327b50f01a433d8bb3ad9d12fb1de2\logs\BridgeL05L06-15596.stdout.log; stdoutBytes=0; stdoutTruncated=False; stdoutDroppedBytes=0; stderr=C:\Users\jimmy\Desktop\meta-bi\Samples\Demos\MetaOrchestrationHairballCliIntegration\Runs\hairball-seed-20260530\RunArtifacts\runs\20260603-170336_46327b50f01a433d8bb3ad9d12fb1de2\logs\BridgeL05L06-15596.stderr.log; stderrBytes=0; stderrTruncated=False; stderrDroppedBytes=0
2026-06-03T17:04:52.7549789+00:00	WorkerLogSummary	Layer06Node03	stdout=C:\Users\jimmy\Desktop\meta-bi\Samples\Demos\MetaOrchestrationHairballCliIntegration\Runs\hairball-seed-20260530\RunArtifacts\runs\20260603-170336_46327b50f01a433d8bb3ad9d12fb1de2\logs\Layer06Node03-12948.stdout.log; stdoutBytes=0; stdoutTruncated=False; stdoutDroppedBytes=0; stderr=C:\Users\jimmy\Desktop\meta-bi\Samples\Demos\MetaOrchestrationHairballCliIntegration\Runs\hairball-seed-20260530\RunArtifacts\runs\20260603-170336_46327b50f01a433d8bb3ad9d12fb1de2\logs\Layer06Node03-12948.stderr.log; stderrBytes=0; stderrTruncated=False; stderrDroppedBytes=0
2026-06-03T17:04:52.7555942+00:00	WorkerLogSummary	Layer06Node04	stdout=C:\Users\jimmy\Desktop\meta-bi\Samples\Demos\MetaOrchestrationHairballCliIntegration\Runs\hairball-seed-20260530\RunArtifacts\runs\20260603-170336_46327b50f01a433d8bb3ad9d12fb1de2\logs\Layer06Node04-26152.stdout.log; stdoutBytes=0; stdoutTruncated=False; stdoutDroppedBytes=0; stderr=C:\Users\jimmy\Desktop\meta-bi\Samples\Demos\MetaOrchestrationHairballCliIntegration\Runs\hairball-seed-20260530\RunArtifacts\runs\20260603-170336_46327b50f01a433d8bb3ad9d12fb1de2\logs\Layer06Node04-26152.stderr.log; stderrBytes=0; stderrTruncated=False; stderrDroppedBytes=0
2026-06-03T17:04:52.7560073+00:00	WorkerLogSummary	Layer06Node05	stdout=C:\Users\jimmy\Desktop\meta-bi\Samples\Demos\MetaOrchestrationHairballCliIntegration\Runs\hairball-seed-20260530\RunArtifacts\runs\20260603-170336_46327b50f01a433d8bb3ad9d12fb1de2\logs\Layer06Node05-27172.stdout.log; stdoutBytes=0; stdoutTruncated=False; stdoutDroppedBytes=0; stderr=C:\Users\jimmy\Desktop\meta-bi\Samples\Demos\MetaOrchestrationHairballCliIntegration\Runs\hairball-seed-20260530\RunArtifacts\runs\20260603-170336_46327b50f01a433d8bb3ad9d12fb1de2\logs\Layer06Node05-27172.stderr.log; stderrBytes=0; stderrTruncated=False; stderrDroppedBytes=0
2026-06-03T17:04:52.7565316+00:00	WorkerLogSummary	Layer06Node06	stdout=C:\Users\jimmy\Desktop\meta-bi\Samples\Demos\MetaOrchestrationHairballCliIntegration\Runs\hairball-seed-20260530\RunArtifacts\runs\20260603-170336_46327b50f01a433d8bb3ad9d12fb1de2\logs\Layer06Node06-30012.stdout.log; stdoutBytes=0; stdoutTruncated=False; stdoutDroppedBytes=0; stderr=C:\Users\jimmy\Desktop\meta-bi\Samples\Demos\MetaOrchestrationHairballCliIntegration\Runs\hairball-seed-20260530\RunArtifacts\runs\20260603-170336_46327b50f01a433d8bb3ad9d12fb1de2\logs\Layer06Node06-30012.stderr.log; stderrBytes=0; stderrTruncated=False; stderrDroppedBytes=0
2026-06-03T17:04:52.7571913+00:00	WorkerLogSummary	Layer06Node07	stdout=C:\Users\jimmy\Desktop\meta-bi\Samples\Demos\MetaOrchestrationHairballCliIntegration\Runs\hairball-seed-20260530\RunArtifacts\runs\20260603-170336_46327b50f01a433d8bb3ad9d12fb1de2\logs\Layer06Node07-6600.stdout.log; stdoutBytes=0; stdoutTruncated=False; stdoutDroppedBytes=0; stderr=C:\Users\jimmy\Desktop\meta-bi\Samples\Demos\MetaOrchestrationHairballCliIntegration\Runs\hairball-seed-20260530\RunArtifacts\runs\20260603-170336_46327b50f01a433d8bb3ad9d12fb1de2\logs\Layer06Node07-6600.stderr.log; stderrBytes=0; stderrTruncated=False; stderrDroppedBytes=0
2026-06-03T17:04:52.7575977+00:00	WorkerLogSummary	Layer06Node08	stdout=C:\Users\jimmy\Desktop\meta-bi\Samples\Demos\MetaOrchestrationHairballCliIntegration\Runs\hairball-seed-20260530\RunArtifacts\runs\20260603-170336_46327b50f01a433d8bb3ad9d12fb1de2\logs\Layer06Node08-12400.stdout.log; stdoutBytes=0; stdoutTruncated=False; stdoutDroppedBytes=0; stderr=C:\Users\jimmy\Desktop\meta-bi\Samples\Demos\MetaOrchestrationHairballCliIntegration\Runs\hairball-seed-20260530\RunArtifacts\runs\20260603-170336_46327b50f01a433d8bb3ad9d12fb1de2\logs\Layer06Node08-12400.stderr.log; stderrBytes=0; stderrTruncated=False; stderrDroppedBytes=0
2026-06-03T17:04:52.7580972+00:00	WorkerLogSummary	BridgeL05L06	stdout=C:\Users\jimmy\Desktop\meta-bi\Samples\Demos\MetaOrchestrationHairballCliIntegration\Runs\hairball-seed-20260530\RunArtifacts\runs\20260603-170336_46327b50f01a433d8bb3ad9d12fb1de2\logs\BridgeL05L06-13120.stdout.log; stdoutBytes=0; stdoutTruncated=False; stdoutDroppedBytes=0; stderr=C:\Users\jimmy\Desktop\meta-bi\Samples\Demos\MetaOrchestrationHairballCliIntegration\Runs\hairball-seed-20260530\RunArtifacts\runs\20260603-170336_46327b50f01a433d8bb3ad9d12fb1de2\logs\BridgeL05L06-13120.stderr.log; stderrBytes=0; stderrTruncated=False; stderrDroppedBytes=0
2026-06-03T17:04:52.7585255+00:00	WorkerLogSummary	Layer06Node09	stdout=C:\Users\jimmy\Desktop\meta-bi\Samples\Demos\MetaOrchestrationHairballCliIntegration\Runs\hairball-seed-20260530\RunArtifacts\runs\20260603-170336_46327b50f01a433d8bb3ad9d12fb1de2\logs\Layer06Node09-1676.stdout.log; stdoutBytes=0; stdoutTruncated=False; stdoutDroppedBytes=0; stderr=C:\Users\jimmy\Desktop\meta-bi\Samples\Demos\MetaOrchestrationHairballCliIntegration\Runs\hairball-seed-20260530\RunArtifacts\runs\20260603-170336_46327b50f01a433d8bb3ad9d12fb1de2\logs\Layer06Node09-1676.stderr.log; stderrBytes=0; stderrTruncated=False; stderrDroppedBytes=0
2026-06-03T17:04:52.7590241+00:00	WorkerLogSummary	Layer06Hub	stdout=C:\Users\jimmy\Desktop\meta-bi\Samples\Demos\MetaOrchestrationHairballCliIntegration\Runs\hairball-seed-20260530\RunArtifacts\runs\20260603-170336_46327b50f01a433d8bb3ad9d12fb1de2\logs\Layer06Hub-30800.stdout.log; stdoutBytes=0; stdoutTruncated=False; stdoutDroppedBytes=0; stderr=C:\Users\jimmy\Desktop\meta-bi\Samples\Demos\MetaOrchestrationHairballCliIntegration\Runs\hairball-seed-20260530\RunArtifacts\runs\20260603-170336_46327b50f01a433d8bb3ad9d12fb1de2\logs\Layer06Hub-30800.stderr.log; stderrBytes=0; stderrTruncated=False; stderrDroppedBytes=0
2026-06-03T17:04:52.7594926+00:00	WorkerLogSummary	Layer06Node10	stdout=C:\Users\jimmy\Desktop\meta-bi\Samples\Demos\MetaOrchestrationHairballCliIntegration\Runs\hairball-seed-20260530\RunArtifacts\runs\20260603-170336_46327b50f01a433d8bb3ad9d12fb1de2\logs\Layer06Node10-26036.stdout.log; stdoutBytes=0; stdoutTruncated=False; stdoutDroppedBytes=0; stderr=C:\Users\jimmy\Desktop\meta-bi\Samples\Demos\MetaOrchestrationHairballCliIntegration\Runs\hairball-seed-20260530\RunArtifacts\runs\20260603-170336_46327b50f01a433d8bb3ad9d12fb1de2\logs\Layer06Node10-26036.stderr.log; stderrBytes=0; stderrTruncated=False; stderrDroppedBytes=0
2026-06-03T17:04:52.7599551+00:00	WorkerLogSummary	BridgeL07L08	stdout=C:\Users\jimmy\Desktop\meta-bi\Samples\Demos\MetaOrchestrationHairballCliIntegration\Runs\hairball-seed-20260530\RunArtifacts\runs\20260603-170336_46327b50f01a433d8bb3ad9d12fb1de2\logs\BridgeL07L08-30628.stdout.log; stdoutBytes=0; stdoutTruncated=False; stdoutDroppedBytes=0; stderr=C:\Users\jimmy\Desktop\meta-bi\Samples\Demos\MetaOrchestrationHairballCliIntegration\Runs\hairball-seed-20260530\RunArtifacts\runs\20260603-170336_46327b50f01a433d8bb3ad9d12fb1de2\logs\BridgeL07L08-30628.stderr.log; stderrBytes=0; stderrTruncated=False; stderrDroppedBytes=0
2026-06-03T17:04:52.7604949+00:00	WorkerLogSummary	Layer07Node01	stdout=C:\Users\jimmy\Desktop\meta-bi\Samples\Demos\MetaOrchestrationHairballCliIntegration\Runs\hairball-seed-20260530\RunArtifacts\runs\20260603-170336_46327b50f01a433d8bb3ad9d12fb1de2\logs\Layer07Node01-17496.stdout.log; stdoutBytes=0; stdoutTruncated=False; stdoutDroppedBytes=0; stderr=C:\Users\jimmy\Desktop\meta-bi\Samples\Demos\MetaOrchestrationHairballCliIntegration\Runs\hairball-seed-20260530\RunArtifacts\runs\20260603-170336_46327b50f01a433d8bb3ad9d12fb1de2\logs\Layer07Node01-17496.stderr.log; stderrBytes=0; stderrTruncated=False; stderrDroppedBytes=0
2026-06-03T17:04:52.7609679+00:00	WorkerLogSummary	CompositeMart	stdout=C:\Users\jimmy\Desktop\meta-bi\Samples\Demos\MetaOrchestrationHairballCliIntegration\Runs\hairball-seed-20260530\RunArtifacts\runs\20260603-170336_46327b50f01a433d8bb3ad9d12fb1de2\logs\CompositeMart-15652.stdout.log; stdoutBytes=0; stdoutTruncated=False; stdoutDroppedBytes=0; stderr=C:\Users\jimmy\Desktop\meta-bi\Samples\Demos\MetaOrchestrationHairballCliIntegration\Runs\hairball-seed-20260530\RunArtifacts\runs\20260603-170336_46327b50f01a433d8bb3ad9d12fb1de2\logs\CompositeMart-15652.stderr.log; stderrBytes=0; stderrTruncated=False; stderrDroppedBytes=0
2026-06-03T17:04:52.7614115+00:00	WorkerLogSummary	Layer07Node02	stdout=C:\Users\jimmy\Desktop\meta-bi\Samples\Demos\MetaOrchestrationHairballCliIntegration\Runs\hairball-seed-20260530\RunArtifacts\runs\20260603-170336_46327b50f01a433d8bb3ad9d12fb1de2\logs\Layer07Node02-21232.stdout.log; stdoutBytes=0; stdoutTruncated=False; stdoutDroppedBytes=0; stderr=C:\Users\jimmy\Desktop\meta-bi\Samples\Demos\MetaOrchestrationHairballCliIntegration\Runs\hairball-seed-20260530\RunArtifacts\runs\20260603-170336_46327b50f01a433d8bb3ad9d12fb1de2\logs\Layer07Node02-21232.stderr.log; stderrBytes=0; stderrTruncated=False; stderrDroppedBytes=0
2026-06-03T17:04:52.7618438+00:00	WorkerLogSummary	Layer07Node03	stdout=C:\Users\jimmy\Desktop\meta-bi\Samples\Demos\MetaOrchestrationHairballCliIntegration\Runs\hairball-seed-20260530\RunArtifacts\runs\20260603-170336_46327b50f01a433d8bb3ad9d12fb1de2\logs\Layer07Node03-28292.stdout.log; stdoutBytes=0; stdoutTruncated=False; stdoutDroppedBytes=0; stderr=C:\Users\jimmy\Desktop\meta-bi\Samples\Demos\MetaOrchestrationHairballCliIntegration\Runs\hairball-seed-20260530\RunArtifacts\runs\20260603-170336_46327b50f01a433d8bb3ad9d12fb1de2\logs\Layer07Node03-28292.stderr.log; stderrBytes=0; stderrTruncated=False; stderrDroppedBytes=0
2026-06-03T17:04:52.7623241+00:00	WorkerLogSummary	Layer07Node04	stdout=C:\Users\jimmy\Desktop\meta-bi\Samples\Demos\MetaOrchestrationHairballCliIntegration\Runs\hairball-seed-20260530\RunArtifacts\runs\20260603-170336_46327b50f01a433d8bb3ad9d12fb1de2\logs\Layer07Node04-23540.stdout.log; stdoutBytes=0; stdoutTruncated=False; stdoutDroppedBytes=0; stderr=C:\Users\jimmy\Desktop\meta-bi\Samples\Demos\MetaOrchestrationHairballCliIntegration\Runs\hairball-seed-20260530\RunArtifacts\runs\20260603-170336_46327b50f01a433d8bb3ad9d12fb1de2\logs\Layer07Node04-23540.stderr.log; stderrBytes=0; stderrTruncated=False; stderrDroppedBytes=0
2026-06-03T17:04:52.7628144+00:00	WorkerLogSummary	Layer07Node05	stdout=C:\Users\jimmy\Desktop\meta-bi\Samples\Demos\MetaOrchestrationHairballCliIntegration\Runs\hairball-seed-20260530\RunArtifacts\runs\20260603-170336_46327b50f01a433d8bb3ad9d12fb1de2\logs\Layer07Node05-14720.stdout.log; stdoutBytes=0; stdoutTruncated=False; stdoutDroppedBytes=0; stderr=C:\Users\jimmy\Desktop\meta-bi\Samples\Demos\MetaOrchestrationHairballCliIntegration\Runs\hairball-seed-20260530\RunArtifacts\runs\20260603-170336_46327b50f01a433d8bb3ad9d12fb1de2\logs\Layer07Node05-14720.stderr.log; stderrBytes=0; stderrTruncated=False; stderrDroppedBytes=0
2026-06-03T17:04:52.7632435+00:00	WorkerLogSummary	Layer07Node06	stdout=C:\Users\jimmy\Desktop\meta-bi\Samples\Demos\MetaOrchestrationHairballCliIntegration\Runs\hairball-seed-20260530\RunArtifacts\runs\20260603-170336_46327b50f01a433d8bb3ad9d12fb1de2\logs\Layer07Node06-19812.stdout.log; stdoutBytes=0; stdoutTruncated=False; stdoutDroppedBytes=0; stderr=C:\Users\jimmy\Desktop\meta-bi\Samples\Demos\MetaOrchestrationHairballCliIntegration\Runs\hairball-seed-20260530\RunArtifacts\runs\20260603-170336_46327b50f01a433d8bb3ad9d12fb1de2\logs\Layer07Node06-19812.stderr.log; stderrBytes=0; stderrTruncated=False; stderrDroppedBytes=0
2026-06-03T17:04:52.7637441+00:00	WorkerLogSummary	Layer07Node07	stdout=C:\Users\jimmy\Desktop\meta-bi\Samples\Demos\MetaOrchestrationHairballCliIntegration\Runs\hairball-seed-20260530\RunArtifacts\runs\20260603-170336_46327b50f01a433d8bb3ad9d12fb1de2\logs\Layer07Node07-31436.stdout.log; stdoutBytes=0; stdoutTruncated=False; stdoutDroppedBytes=0; stderr=C:\Users\jimmy\Desktop\meta-bi\Samples\Demos\MetaOrchestrationHairballCliIntegration\Runs\hairball-seed-20260530\RunArtifacts\runs\20260603-170336_46327b50f01a433d8bb3ad9d12fb1de2\logs\Layer07Node07-31436.stderr.log; stderrBytes=0; stderrTruncated=False; stderrDroppedBytes=0
2026-06-03T17:04:52.7644441+00:00	WorkerLogSummary	Layer07Node08	stdout=C:\Users\jimmy\Desktop\meta-bi\Samples\Demos\MetaOrchestrationHairballCliIntegration\Runs\hairball-seed-20260530\RunArtifacts\runs\20260603-170336_46327b50f01a433d8bb3ad9d12fb1de2\logs\Layer07Node08-24812.stdout.log; stdoutBytes=0; stdoutTruncated=False; stdoutDroppedBytes=0; stderr=C:\Users\jimmy\Desktop\meta-bi\Samples\Demos\MetaOrchestrationHairballCliIntegration\Runs\hairball-seed-20260530\RunArtifacts\runs\20260603-170336_46327b50f01a433d8bb3ad9d12fb1de2\logs\Layer07Node08-24812.stderr.log; stderrBytes=0; stderrTruncated=False; stderrDroppedBytes=0
2026-06-03T17:04:52.7656135+00:00	WorkerLogSummary	Layer07Hub	stdout=C:\Users\jimmy\Desktop\meta-bi\Samples\Demos\MetaOrchestrationHairballCliIntegration\Runs\hairball-seed-20260530\RunArtifacts\runs\20260603-170336_46327b50f01a433d8bb3ad9d12fb1de2\logs\Layer07Hub-6792.stdout.log; stdoutBytes=0; stdoutTruncated=False; stdoutDroppedBytes=0; stderr=C:\Users\jimmy\Desktop\meta-bi\Samples\Demos\MetaOrchestrationHairballCliIntegration\Runs\hairball-seed-20260530\RunArtifacts\runs\20260603-170336_46327b50f01a433d8bb3ad9d12fb1de2\logs\Layer07Hub-6792.stderr.log; stderrBytes=0; stderrTruncated=False; stderrDroppedBytes=0
2026-06-03T17:04:52.7663423+00:00	WorkerLogSummary	Layer08Node01	stdout=C:\Users\jimmy\Desktop\meta-bi\Samples\Demos\MetaOrchestrationHairballCliIntegration\Runs\hairball-seed-20260530\RunArtifacts\runs\20260603-170336_46327b50f01a433d8bb3ad9d12fb1de2\logs\Layer08Node01-24784.stdout.log; stdoutBytes=0; stdoutTruncated=False; stdoutDroppedBytes=0; stderr=C:\Users\jimmy\Desktop\meta-bi\Samples\Demos\MetaOrchestrationHairballCliIntegration\Runs\hairball-seed-20260530\RunArtifacts\runs\20260603-170336_46327b50f01a433d8bb3ad9d12fb1de2\logs\Layer08Node01-24784.stderr.log; stderrBytes=0; stderrTruncated=False; stderrDroppedBytes=0
2026-06-03T17:04:52.7667671+00:00	WorkerLogSummary	Layer08Node02	stdout=C:\Users\jimmy\Desktop\meta-bi\Samples\Demos\MetaOrchestrationHairballCliIntegration\Runs\hairball-seed-20260530\RunArtifacts\runs\20260603-170336_46327b50f01a433d8bb3ad9d12fb1de2\logs\Layer08Node02-22316.stdout.log; stdoutBytes=0; stdoutTruncated=False; stdoutDroppedBytes=0; stderr=C:\Users\jimmy\Desktop\meta-bi\Samples\Demos\MetaOrchestrationHairballCliIntegration\Runs\hairball-seed-20260530\RunArtifacts\runs\20260603-170336_46327b50f01a433d8bb3ad9d12fb1de2\logs\Layer08Node02-22316.stderr.log; stderrBytes=0; stderrTruncated=False; stderrDroppedBytes=0
2026-06-03T17:04:52.7671927+00:00	WorkerLogSummary	Layer08Node03	stdout=C:\Users\jimmy\Desktop\meta-bi\Samples\Demos\MetaOrchestrationHairballCliIntegration\Runs\hairball-seed-20260530\RunArtifacts\runs\20260603-170336_46327b50f01a433d8bb3ad9d12fb1de2\logs\Layer08Node03-18380.stdout.log; stdoutBytes=0; stdoutTruncated=False; stdoutDroppedBytes=0; stderr=C:\Users\jimmy\Desktop\meta-bi\Samples\Demos\MetaOrchestrationHairballCliIntegration\Runs\hairball-seed-20260530\RunArtifacts\runs\20260603-170336_46327b50f01a433d8bb3ad9d12fb1de2\logs\Layer08Node03-18380.stderr.log; stderrBytes=0; stderrTruncated=False; stderrDroppedBytes=0
2026-06-03T17:04:52.7678504+00:00	WorkerLogSummary	Layer08Node04	stdout=C:\Users\jimmy\Desktop\meta-bi\Samples\Demos\MetaOrchestrationHairballCliIntegration\Runs\hairball-seed-20260530\RunArtifacts\runs\20260603-170336_46327b50f01a433d8bb3ad9d12fb1de2\logs\Layer08Node04-13204.stdout.log; stdoutBytes=0; stdoutTruncated=False; stdoutDroppedBytes=0; stderr=C:\Users\jimmy\Desktop\meta-bi\Samples\Demos\MetaOrchestrationHairballCliIntegration\Runs\hairball-seed-20260530\RunArtifacts\runs\20260603-170336_46327b50f01a433d8bb3ad9d12fb1de2\logs\Layer08Node04-13204.stderr.log; stderrBytes=0; stderrTruncated=False; stderrDroppedBytes=0
2026-06-03T17:04:52.7682948+00:00	WorkerLogSummary	Layer08Node05	stdout=C:\Users\jimmy\Desktop\meta-bi\Samples\Demos\MetaOrchestrationHairballCliIntegration\Runs\hairball-seed-20260530\RunArtifacts\runs\20260603-170336_46327b50f01a433d8bb3ad9d12fb1de2\logs\Layer08Node05-6004.stdout.log; stdoutBytes=0; stdoutTruncated=False; stdoutDroppedBytes=0; stderr=C:\Users\jimmy\Desktop\meta-bi\Samples\Demos\MetaOrchestrationHairballCliIntegration\Runs\hairball-seed-20260530\RunArtifacts\runs\20260603-170336_46327b50f01a433d8bb3ad9d12fb1de2\logs\Layer08Node05-6004.stderr.log; stderrBytes=0; stderrTruncated=False; stderrDroppedBytes=0
2026-06-03T17:04:52.7688041+00:00	WorkerLogSummary	Layer08Node06	stdout=C:\Users\jimmy\Desktop\meta-bi\Samples\Demos\MetaOrchestrationHairballCliIntegration\Runs\hairball-seed-20260530\RunArtifacts\runs\20260603-170336_46327b50f01a433d8bb3ad9d12fb1de2\logs\Layer08Node06-16936.stdout.log; stdoutBytes=0; stdoutTruncated=False; stdoutDroppedBytes=0; stderr=C:\Users\jimmy\Desktop\meta-bi\Samples\Demos\MetaOrchestrationHairballCliIntegration\Runs\hairball-seed-20260530\RunArtifacts\runs\20260603-170336_46327b50f01a433d8bb3ad9d12fb1de2\logs\Layer08Node06-16936.stderr.log; stderrBytes=0; stderrTruncated=False; stderrDroppedBytes=0
2026-06-03T17:04:52.7691573+00:00	WorkerLogSummary	Layer08Node07	stdout=C:\Users\jimmy\Desktop\meta-bi\Samples\Demos\MetaOrchestrationHairballCliIntegration\Runs\hairball-seed-20260530\RunArtifacts\runs\20260603-170336_46327b50f01a433d8bb3ad9d12fb1de2\logs\Layer08Node07-15580.stdout.log; stdoutBytes=0; stdoutTruncated=False; stdoutDroppedBytes=0; stderr=C:\Users\jimmy\Desktop\meta-bi\Samples\Demos\MetaOrchestrationHairballCliIntegration\Runs\hairball-seed-20260530\RunArtifacts\runs\20260603-170336_46327b50f01a433d8bb3ad9d12fb1de2\logs\Layer08Node07-15580.stderr.log; stderrBytes=0; stderrTruncated=False; stderrDroppedBytes=0
2026-06-03T17:04:52.7695478+00:00	WorkerLogSummary	CompositeMart	stdout=C:\Users\jimmy\Desktop\meta-bi\Samples\Demos\MetaOrchestrationHairballCliIntegration\Runs\hairball-seed-20260530\RunArtifacts\runs\20260603-170336_46327b50f01a433d8bb3ad9d12fb1de2\logs\CompositeMart-20104.stdout.log; stdoutBytes=0; stdoutTruncated=False; stdoutDroppedBytes=0; stderr=C:\Users\jimmy\Desktop\meta-bi\Samples\Demos\MetaOrchestrationHairballCliIntegration\Runs\hairball-seed-20260530\RunArtifacts\runs\20260603-170336_46327b50f01a433d8bb3ad9d12fb1de2\logs\CompositeMart-20104.stderr.log; stderrBytes=0; stderrTruncated=False; stderrDroppedBytes=0
2026-06-03T17:04:52.7699521+00:00	WorkerLogSummary	Layer08Node08	stdout=C:\Users\jimmy\Desktop\meta-bi\Samples\Demos\MetaOrchestrationHairballCliIntegration\Runs\hairball-seed-20260530\RunArtifacts\runs\20260603-170336_46327b50f01a433d8bb3ad9d12fb1de2\logs\Layer08Node08-9024.stdout.log; stdoutBytes=0; stdoutTruncated=False; stdoutDroppedBytes=0; stderr=C:\Users\jimmy\Desktop\meta-bi\Samples\Demos\MetaOrchestrationHairballCliIntegration\Runs\hairball-seed-20260530\RunArtifacts\runs\20260603-170336_46327b50f01a433d8bb3ad9d12fb1de2\logs\Layer08Node08-9024.stderr.log; stderrBytes=0; stderrTruncated=False; stderrDroppedBytes=0
2026-06-03T17:04:52.7704948+00:00	WorkerLogSummary	Layer08Hub	stdout=C:\Users\jimmy\Desktop\meta-bi\Samples\Demos\MetaOrchestrationHairballCliIntegration\Runs\hairball-seed-20260530\RunArtifacts\runs\20260603-170336_46327b50f01a433d8bb3ad9d12fb1de2\logs\Layer08Hub-17032.stdout.log; stdoutBytes=0; stdoutTruncated=False; stdoutDroppedBytes=0; stderr=C:\Users\jimmy\Desktop\meta-bi\Samples\Demos\MetaOrchestrationHairballCliIntegration\Runs\hairball-seed-20260530\RunArtifacts\runs\20260603-170336_46327b50f01a433d8bb3ad9d12fb1de2\logs\Layer08Hub-17032.stderr.log; stderrBytes=0; stderrTruncated=False; stderrDroppedBytes=0
2026-06-03T17:04:52.7709141+00:00	WorkerLogSummary	RegionalMart01	stdout=C:\Users\jimmy\Desktop\meta-bi\Samples\Demos\MetaOrchestrationHairballCliIntegration\Runs\hairball-seed-20260530\RunArtifacts\runs\20260603-170336_46327b50f01a433d8bb3ad9d12fb1de2\logs\RegionalMart01-24200.stdout.log; stdoutBytes=0; stdoutTruncated=False; stdoutDroppedBytes=0; stderr=C:\Users\jimmy\Desktop\meta-bi\Samples\Demos\MetaOrchestrationHairballCliIntegration\Runs\hairball-seed-20260530\RunArtifacts\runs\20260603-170336_46327b50f01a433d8bb3ad9d12fb1de2\logs\RegionalMart01-24200.stderr.log; stderrBytes=0; stderrTruncated=False; stderrDroppedBytes=0
2026-06-03T17:04:52.7713710+00:00	WorkerLogSummary	RegionalMart02	stdout=C:\Users\jimmy\Desktop\meta-bi\Samples\Demos\MetaOrchestrationHairballCliIntegration\Runs\hairball-seed-20260530\RunArtifacts\runs\20260603-170336_46327b50f01a433d8bb3ad9d12fb1de2\logs\RegionalMart02-31196.stdout.log; stdoutBytes=0; stdoutTruncated=False; stdoutDroppedBytes=0; stderr=C:\Users\jimmy\Desktop\meta-bi\Samples\Demos\MetaOrchestrationHairballCliIntegration\Runs\hairball-seed-20260530\RunArtifacts\runs\20260603-170336_46327b50f01a433d8bb3ad9d12fb1de2\logs\RegionalMart02-31196.stderr.log; stderrBytes=0; stderrTruncated=False; stderrDroppedBytes=0
2026-06-03T17:04:52.7718723+00:00	WorkerLogSummary	PublishHairballFinal	stdout=C:\Users\jimmy\Desktop\meta-bi\Samples\Demos\MetaOrchestrationHairballCliIntegration\Runs\hairball-seed-20260530\RunArtifacts\runs\20260603-170336_46327b50f01a433d8bb3ad9d12fb1de2\logs\PublishHairballFinal-25944.stdout.log; stdoutBytes=0; stdoutTruncated=False; stdoutDroppedBytes=0; stderr=C:\Users\jimmy\Desktop\meta-bi\Samples\Demos\MetaOrchestrationHairballCliIntegration\Runs\hairball-seed-20260530\RunArtifacts\runs\20260603-170336_46327b50f01a433d8bb3ad9d12fb1de2\logs\PublishHairballFinal-25944.stderr.log; stderrBytes=0; stderrTruncated=False; stderrDroppedBytes=0
2026-06-03T17:04:52.7724245+00:00	WorkerLogSummary	RegionalMart03	stdout=C:\Users\jimmy\Desktop\meta-bi\Samples\Demos\MetaOrchestrationHairballCliIntegration\Runs\hairball-seed-20260530\RunArtifacts\runs\20260603-170336_46327b50f01a433d8bb3ad9d12fb1de2\logs\RegionalMart03-4848.stdout.log; stdoutBytes=0; stdoutTruncated=False; stdoutDroppedBytes=0; stderr=C:\Users\jimmy\Desktop\meta-bi\Samples\Demos\MetaOrchestrationHairballCliIntegration\Runs\hairball-seed-20260530\RunArtifacts\runs\20260603-170336_46327b50f01a433d8bb3ad9d12fb1de2\logs\RegionalMart03-4848.stderr.log; stderrBytes=0; stderrTruncated=False; stderrDroppedBytes=0
2026-06-03T17:04:52.7729411+00:00	WorkerLogSummary	RegionalMart04	stdout=C:\Users\jimmy\Desktop\meta-bi\Samples\Demos\MetaOrchestrationHairballCliIntegration\Runs\hairball-seed-20260530\RunArtifacts\runs\20260603-170336_46327b50f01a433d8bb3ad9d12fb1de2\logs\RegionalMart04-20916.stdout.log; stdoutBytes=0; stdoutTruncated=False; stdoutDroppedBytes=0; stderr=C:\Users\jimmy\Desktop\meta-bi\Samples\Demos\MetaOrchestrationHairballCliIntegration\Runs\hairball-seed-20260530\RunArtifacts\runs\20260603-170336_46327b50f01a433d8bb3ad9d12fb1de2\logs\RegionalMart04-20916.stderr.log; stderrBytes=0; stderrTruncated=False; stderrDroppedBytes=0
2026-06-03T17:04:52.7733533+00:00	WorkerLogSummary	AuditHairball	stdout=C:\Users\jimmy\Desktop\meta-bi\Samples\Demos\MetaOrchestrationHairballCliIntegration\Runs\hairball-seed-20260530\RunArtifacts\runs\20260603-170336_46327b50f01a433d8bb3ad9d12fb1de2\logs\AuditHairball-9772.stdout.log; stdoutBytes=0; stdoutTruncated=False; stdoutDroppedBytes=0; stderr=C:\Users\jimmy\Desktop\meta-bi\Samples\Demos\MetaOrchestrationHairballCliIntegration\Runs\hairball-seed-20260530\RunArtifacts\runs\20260603-170336_46327b50f01a433d8bb3ad9d12fb1de2\logs\AuditHairball-9772.stderr.log; stderrBytes=0; stderrTruncated=False; stderrDroppedBytes=0
2026-06-03T17:04:52.7741784+00:00	RunCompleted	DefaultRunPlan	Succeeded
