OccurredAtUtc	EventKind	Subject	Detail
2026-06-03T16:44:55.4370214+00:00	RunStarted	orchestration	C:\Users\jimmy\Desktop\meta-bi\Samples\Demos\MetaOrchestrationHairballCliIntegration\Runs\hairball-seed-20260530\OrchestrationWS
2026-06-03T16:44:55.4456570+00:00	Process	meta-orchestration	14500
2026-06-03T16:44:55.4459153+00:00	PipelineExecutable	meta-pipeline	
2026-06-03T16:44:55.4462154+00:00	PipelineWorkspace	C:\Users\jimmy\Desktop\meta-bi\Samples\Demos\MetaOrchestrationHairballCliIntegration\Runs\hairball-seed-20260530\PipelineWS	
2026-06-03T16:44:55.4464135+00:00	TransformWorkspace	C:\Users\jimmy\Desktop\meta-bi\Samples\Demos\MetaOrchestrationHairballCliIntegration\Runs\hairball-seed-20260530\TransformWS	
2026-06-03T16:44:55.4465883+00:00	BindingWorkspace	C:\Users\jimmy\Desktop\meta-bi\Samples\Demos\MetaOrchestrationHairballCliIntegration\Runs\hairball-seed-20260530\BindingWS	
2026-06-03T16:44:55.4556985+00:00	LeaseAcquired	C:\Users\jimmy\Desktop\meta-bi\Samples\Demos\MetaOrchestrationHairballCliIntegration\Runs\hairball-seed-20260530\OrchestrationWS	C:\Users\jimmy\Desktop\meta-bi\Samples\Demos\MetaOrchestrationHairballCliIntegration\Runs\hairball-seed-20260530\RunArtifacts\leases\b30631311a63a1938a1d960e11d1b12772a5b649874a11ab9e9983ed17563480.tsv
2026-06-03T16:44:55.4565728+00:00	Phase	Loading	C:\Users\jimmy\Desktop\meta-bi\Samples\Demos\MetaOrchestrationHairballCliIntegration\Runs\hairball-seed-20260530\OrchestrationWS
2026-06-03T16:44:55.5342189+00:00	Phase	Building	C:\Users\jimmy\Desktop\meta-bi\Samples\Demos\MetaOrchestrationHairballCliIntegration\Runs\hairball-seed-20260530\OrchestrationWS
2026-06-03T16:44:55.5445955+00:00	Phase	Saving	C:\Users\jimmy\Desktop\meta-bi\Samples\Demos\MetaOrchestrationHairballCliIntegration\Runs\hairball-seed-20260530\OrchestrationWS
2026-06-03T16:44:55.6087399+00:00	RetryPolicyResolved	DefaultRetryPolicy	MaxAttempts=3; RetryableFailureClasses=6
2026-06-03T16:44:55.6130006+00:00	RunPlanReady	DefaultRunPlan	137
2026-06-03T16:44:55.6901528+00:00	WorkerStarting	ExtractSeed01	meta-pipeline
2026-06-03T16:44:55.7923659+00:00	WorkerStarted	ExtractSeed01	17748
2026-06-03T16:44:55.7928471+00:00	WorkerControlPipe	ExtractSeed01	meta-orchestration-5a4237929770427db660b6318a2d455a
2026-06-03T16:44:55.7934339+00:00	WorkerLog	ExtractSeed01	stdout=C:\Users\jimmy\Desktop\meta-bi\Samples\Demos\MetaOrchestrationHairballCliIntegration\Runs\hairball-seed-20260530\RunArtifacts\runs\20260603-164455_58ea81f88bba4eaa96d7f01695212642\logs\ExtractSeed01-17748.stdout.log; stderr=C:\Users\jimmy\Desktop\meta-bi\Samples\Demos\MetaOrchestrationHairballCliIntegration\Runs\hairball-seed-20260530\RunArtifacts\runs\20260603-164455_58ea81f88bba4eaa96d7f01695212642\logs\ExtractSeed01-17748.stderr.log
2026-06-03T16:44:55.7969818+00:00	WorkerStarting	ExtractSeed02	meta-pipeline
2026-06-03T16:44:55.8777918+00:00	WorkerStarted	ExtractSeed02	18368
2026-06-03T16:44:55.8780831+00:00	WorkerControlPipe	ExtractSeed02	meta-orchestration-7bacb8a7bed24c7ba2905bcdfb859469
2026-06-03T16:44:55.8784232+00:00	WorkerLog	ExtractSeed02	stdout=C:\Users\jimmy\Desktop\meta-bi\Samples\Demos\MetaOrchestrationHairballCliIntegration\Runs\hairball-seed-20260530\RunArtifacts\runs\20260603-164455_58ea81f88bba4eaa96d7f01695212642\logs\ExtractSeed02-18368.stdout.log; stderr=C:\Users\jimmy\Desktop\meta-bi\Samples\Demos\MetaOrchestrationHairballCliIntegration\Runs\hairball-seed-20260530\RunArtifacts\runs\20260603-164455_58ea81f88bba4eaa96d7f01695212642\logs\ExtractSeed02-18368.stderr.log
2026-06-03T16:44:55.8810273+00:00	WorkerEvent	ExtractSeed01	WorkerOnline; ExitCode=0; online
2026-06-03T16:44:55.8862875+00:00	WorkerStarting	ExtractSeed03	meta-pipeline
2026-06-03T16:44:55.9642501+00:00	WorkerStarted	ExtractSeed03	28368
2026-06-03T16:44:55.9645487+00:00	WorkerControlPipe	ExtractSeed03	meta-orchestration-b3fad67a15a44cd1b822d6859cd4511a
2026-06-03T16:44:55.9648381+00:00	WorkerLog	ExtractSeed03	stdout=C:\Users\jimmy\Desktop\meta-bi\Samples\Demos\MetaOrchestrationHairballCliIntegration\Runs\hairball-seed-20260530\RunArtifacts\runs\20260603-164455_58ea81f88bba4eaa96d7f01695212642\logs\ExtractSeed03-28368.stdout.log; stderr=C:\Users\jimmy\Desktop\meta-bi\Samples\Demos\MetaOrchestrationHairballCliIntegration\Runs\hairball-seed-20260530\RunArtifacts\runs\20260603-164455_58ea81f88bba4eaa96d7f01695212642\logs\ExtractSeed03-28368.stderr.log
2026-06-03T16:44:55.9651333+00:00	WorkerEvent	ExtractSeed01	WorkerReady; ExitCode=0; ready
2026-06-03T16:44:55.9706163+00:00	StartPipeline	ExtractSeed01	ExtractSeed01
2026-06-03T16:44:55.9723079+00:00	WorkerEvent	ExtractSeed02	WorkerOnline; ExitCode=0; online
2026-06-03T16:44:55.9736264+00:00	WorkerStarting	ExtractSeed04	meta-pipeline
2026-06-03T16:44:56.0567897+00:00	WorkerStarted	ExtractSeed04	28496
2026-06-03T16:44:56.0570938+00:00	WorkerControlPipe	ExtractSeed04	meta-orchestration-0b5d5c427bf74f4ab3ddf617b4043565
2026-06-03T16:44:56.0573422+00:00	WorkerLog	ExtractSeed04	stdout=C:\Users\jimmy\Desktop\meta-bi\Samples\Demos\MetaOrchestrationHairballCliIntegration\Runs\hairball-seed-20260530\RunArtifacts\runs\20260603-164455_58ea81f88bba4eaa96d7f01695212642\logs\ExtractSeed04-28496.stdout.log; stderr=C:\Users\jimmy\Desktop\meta-bi\Samples\Demos\MetaOrchestrationHairballCliIntegration\Runs\hairball-seed-20260530\RunArtifacts\runs\20260603-164455_58ea81f88bba4eaa96d7f01695212642\logs\ExtractSeed04-28496.stderr.log
2026-06-03T16:44:56.0576281+00:00	WorkerEvent	ExtractSeed02	WorkerReady; ExitCode=0; ready
2026-06-03T16:44:56.0581708+00:00	StartPipeline	ExtractSeed02	ExtractSeed02
2026-06-03T16:44:56.0585853+00:00	WorkerEvent	ExtractSeed03	WorkerOnline; ExitCode=0; online
2026-06-03T16:44:56.0592907+00:00	WorkerStarting	ExtractSeed05	meta-pipeline
2026-06-03T16:44:56.1369404+00:00	WorkerStarted	ExtractSeed05	23904
2026-06-03T16:44:56.1373248+00:00	WorkerControlPipe	ExtractSeed05	meta-orchestration-ea819a11f00f4ab2a1cc392fed84bba3
2026-06-03T16:44:56.1375964+00:00	WorkerLog	ExtractSeed05	stdout=C:\Users\jimmy\Desktop\meta-bi\Samples\Demos\MetaOrchestrationHairballCliIntegration\Runs\hairball-seed-20260530\RunArtifacts\runs\20260603-164455_58ea81f88bba4eaa96d7f01695212642\logs\ExtractSeed05-23904.stdout.log; stderr=C:\Users\jimmy\Desktop\meta-bi\Samples\Demos\MetaOrchestrationHairballCliIntegration\Runs\hairball-seed-20260530\RunArtifacts\runs\20260603-164455_58ea81f88bba4eaa96d7f01695212642\logs\ExtractSeed05-23904.stderr.log
2026-06-03T16:44:56.1378457+00:00	WorkerEvent	ExtractSeed03	WorkerReady; ExitCode=0; ready
2026-06-03T16:44:56.1385022+00:00	StartPipeline	ExtractSeed03	ExtractSeed03
2026-06-03T16:44:56.1392461+00:00	WorkerEvent	ExtractSeed04	WorkerOnline; ExitCode=0; online
2026-06-03T16:44:56.1400888+00:00	WorkerStarting	ExtractSeed06	meta-pipeline
2026-06-03T16:44:56.7353533+00:00	WorkerStarted	ExtractSeed06	25928
2026-06-03T16:44:56.7356948+00:00	WorkerControlPipe	ExtractSeed06	meta-orchestration-e26c9414dc5d4ce9b59fc2bf518e540e
2026-06-03T16:44:56.7359065+00:00	WorkerLog	ExtractSeed06	stdout=C:\Users\jimmy\Desktop\meta-bi\Samples\Demos\MetaOrchestrationHairballCliIntegration\Runs\hairball-seed-20260530\RunArtifacts\runs\20260603-164455_58ea81f88bba4eaa96d7f01695212642\logs\ExtractSeed06-25928.stdout.log; stderr=C:\Users\jimmy\Desktop\meta-bi\Samples\Demos\MetaOrchestrationHairballCliIntegration\Runs\hairball-seed-20260530\RunArtifacts\runs\20260603-164455_58ea81f88bba4eaa96d7f01695212642\logs\ExtractSeed06-25928.stderr.log
2026-06-03T16:44:56.7362418+00:00	WorkerEvent	ExtractSeed04	WorkerReady; ExitCode=0; ready
2026-06-03T16:44:56.7374440+00:00	StartPipeline	ExtractSeed04	ExtractSeed04
2026-06-03T16:44:56.7381940+00:00	WorkerEvent	ExtractSeed01	PipelineStarted; ExitCode=0; pipeline started
2026-06-03T16:44:56.7395186+00:00	WorkerEvent	ExtractSeed02	PipelineStarted; ExitCode=0; pipeline started
2026-06-03T16:44:56.7402681+00:00	WorkerEvent	ExtractSeed03	PipelineStarted; ExitCode=0; pipeline started
2026-06-03T16:44:56.7413013+00:00	WorkerEvent	ExtractSeed05	WorkerOnline; ExitCode=0; online
2026-06-03T16:44:56.7421035+00:00	WorkerEvent	ExtractSeed06	WorkerOnline; ExitCode=0; online
2026-06-03T16:44:56.7429606+00:00	WorkerStarting	ExtractSeed07	meta-pipeline
2026-06-03T16:44:57.7513399+00:00	WorkerStarted	ExtractSeed07	31328
2026-06-03T16:44:57.7526590+00:00	WorkerControlPipe	ExtractSeed07	meta-orchestration-b5468a75f06a47dca3afff9b67753411
2026-06-03T16:44:57.7536395+00:00	WorkerLog	ExtractSeed07	stdout=C:\Users\jimmy\Desktop\meta-bi\Samples\Demos\MetaOrchestrationHairballCliIntegration\Runs\hairball-seed-20260530\RunArtifacts\runs\20260603-164455_58ea81f88bba4eaa96d7f01695212642\logs\ExtractSeed07-31328.stdout.log; stderr=C:\Users\jimmy\Desktop\meta-bi\Samples\Demos\MetaOrchestrationHairballCliIntegration\Runs\hairball-seed-20260530\RunArtifacts\runs\20260603-164455_58ea81f88bba4eaa96d7f01695212642\logs\ExtractSeed07-31328.stderr.log
2026-06-03T16:44:57.7548795+00:00	WorkerEvent	ExtractSeed01.extract-seed-01	TaskReady; ExitCode=0; 
2026-06-03T16:44:57.7581311+00:00	WorkerEvent	ExtractSeed02.extract-seed-02	TaskReady; ExitCode=0; 
2026-06-03T16:44:57.7585150+00:00	WorkerEvent	ExtractSeed03.extract-seed-03	TaskReady; ExitCode=0; 
2026-06-03T16:44:57.7589218+00:00	WorkerEvent	ExtractSeed05	WorkerReady; ExitCode=0; ready
2026-06-03T16:44:57.7594237+00:00	StartPipeline	ExtractSeed05	ExtractSeed05
2026-06-03T16:44:57.7598507+00:00	WorkerEvent	ExtractSeed04	PipelineStarted; ExitCode=0; pipeline started
2026-06-03T16:44:57.7604403+00:00	WorkerEvent	ExtractSeed06	WorkerReady; ExitCode=0; ready
2026-06-03T16:44:57.7611484+00:00	StartPipeline	ExtractSeed06	ExtractSeed06
2026-06-03T16:44:57.7617745+00:00	WorkerEvent	ExtractSeed04.extract-seed-04	TaskReady; ExitCode=0; 
2026-06-03T16:44:57.7622117+00:00	WorkerEvent	ExtractSeed07	WorkerOnline; ExitCode=0; online
2026-06-03T16:44:57.7698619+00:00	GrantTask	ExtractSeed01.extract-seed-01	ExtractSeed01.extract-seed-01; GrantId=grant-1; Attempt=1
2026-06-03T16:44:57.7703722+00:00	GrantTask	ExtractSeed02.extract-seed-02	ExtractSeed02.extract-seed-02; GrantId=grant-2; Attempt=1
2026-06-03T16:44:57.7707649+00:00	GrantTask	ExtractSeed03.extract-seed-03	ExtractSeed03.extract-seed-03; GrantId=grant-3; Attempt=1
2026-06-03T16:44:57.7713677+00:00	GrantTask	ExtractSeed04.extract-seed-04	ExtractSeed04.extract-seed-04; GrantId=grant-4; Attempt=1
2026-06-03T16:44:57.7716358+00:00	WorkerStarting	ExtractSeed08	meta-pipeline
2026-06-03T16:44:58.7742294+00:00	WorkerStarted	ExtractSeed08	11796
2026-06-03T16:44:58.7754120+00:00	WorkerControlPipe	ExtractSeed08	meta-orchestration-8d98f29756124d0d932f8ca3ed290702
2026-06-03T16:44:58.7758309+00:00	WorkerLog	ExtractSeed08	stdout=C:\Users\jimmy\Desktop\meta-bi\Samples\Demos\MetaOrchestrationHairballCliIntegration\Runs\hairball-seed-20260530\RunArtifacts\runs\20260603-164455_58ea81f88bba4eaa96d7f01695212642\logs\ExtractSeed08-11796.stdout.log; stderr=C:\Users\jimmy\Desktop\meta-bi\Samples\Demos\MetaOrchestrationHairballCliIntegration\Runs\hairball-seed-20260530\RunArtifacts\runs\20260603-164455_58ea81f88bba4eaa96d7f01695212642\logs\ExtractSeed08-11796.stderr.log
2026-06-03T16:44:58.7762713+00:00	WorkerEvent	ExtractSeed01.extract-seed-01	GrantAccepted; ExitCode=0; 
2026-06-03T16:44:58.7785828+00:00	WorkerEvent	ExtractSeed02.extract-seed-02	GrantAccepted; ExitCode=0; 
2026-06-03T16:44:58.7792408+00:00	WorkerEvent	ExtractSeed03.extract-seed-03	GrantAccepted; ExitCode=0; 
2026-06-03T16:44:58.7799293+00:00	WorkerEvent	ExtractSeed04.extract-seed-04	GrantAccepted; ExitCode=0; 
2026-06-03T16:44:58.7803829+00:00	WorkerEvent	ExtractSeed07	WorkerReady; ExitCode=0; ready
2026-06-03T16:44:58.7810059+00:00	StartPipeline	ExtractSeed07	ExtractSeed07
2026-06-03T16:44:58.7815254+00:00	WorkerEvent	ExtractSeed01.extract-seed-01	TaskStarted; ExitCode=0; 
2026-06-03T16:44:58.7830672+00:00	WorkerEvent	ExtractSeed02.extract-seed-02	TaskStarted; ExitCode=0; 
2026-06-03T16:44:58.7836290+00:00	WorkerEvent	ExtractSeed03.extract-seed-03	TaskStarted; ExitCode=0; 
2026-06-03T16:44:58.7841363+00:00	WorkerEvent	ExtractSeed04.extract-seed-04	TaskStarted; ExitCode=0; 
2026-06-03T16:44:58.7846140+00:00	WorkerEvent	ExtractSeed05	PipelineStarted; ExitCode=0; pipeline started
2026-06-03T16:44:58.7852990+00:00	WorkerEvent	ExtractSeed06	PipelineStarted; ExitCode=0; pipeline started
2026-06-03T16:44:58.7860397+00:00	WorkerEvent	ExtractSeed08	WorkerOnline; ExitCode=0; online
2026-06-03T16:44:58.7879390+00:00	WorkerStarting	AuditHairball	meta-pipeline
2026-06-03T16:44:59.1879086+00:00	WorkerStarted	AuditHairball	26112
2026-06-03T16:44:59.1884197+00:00	WorkerControlPipe	AuditHairball	meta-orchestration-3f8084505f304fe2a265be54076ee037
2026-06-03T16:44:59.1887456+00:00	WorkerLog	AuditHairball	stdout=C:\Users\jimmy\Desktop\meta-bi\Samples\Demos\MetaOrchestrationHairballCliIntegration\Runs\hairball-seed-20260530\RunArtifacts\runs\20260603-164455_58ea81f88bba4eaa96d7f01695212642\logs\AuditHairball-26112.stdout.log; stderr=C:\Users\jimmy\Desktop\meta-bi\Samples\Demos\MetaOrchestrationHairballCliIntegration\Runs\hairball-seed-20260530\RunArtifacts\runs\20260603-164455_58ea81f88bba4eaa96d7f01695212642\logs\AuditHairball-26112.stderr.log
2026-06-03T16:44:59.1891732+00:00	WorkerEvent	ExtractSeed05.extract-seed-05	TaskReady; ExitCode=0; 
2026-06-03T16:44:59.1901678+00:00	WorkerEvent	ExtractSeed06.extract-seed-06	TaskReady; ExitCode=0; 
2026-06-03T16:44:59.1908337+00:00	WorkerEvent	ExtractSeed08	WorkerReady; ExitCode=0; ready
2026-06-03T16:44:59.1915431+00:00	StartPipeline	ExtractSeed08	ExtractSeed08
2026-06-03T16:44:59.1921472+00:00	WorkerEvent	ExtractSeed01.extract-seed-01	TaskSucceeded; ExitCode=0; 
2026-06-03T16:44:59.1972098+00:00	TaskSucceeded	ExtractSeed01.extract-seed-01	0
2026-06-03T16:44:59.1979625+00:00	WorkerEvent	ExtractSeed02.extract-seed-02	TaskSucceeded; ExitCode=0; 
2026-06-03T16:44:59.1985635+00:00	TaskSucceeded	ExtractSeed02.extract-seed-02	0
2026-06-03T16:44:59.1990432+00:00	WorkerEvent	ExtractSeed04.extract-seed-04	TaskSucceeded; ExitCode=0; 
2026-06-03T16:44:59.1995923+00:00	TaskSucceeded	ExtractSeed04.extract-seed-04	0
2026-06-03T16:44:59.1999611+00:00	WorkerEvent	AuditHairball	WorkerOnline; ExitCode=0; online
2026-06-03T16:44:59.2023113+00:00	GrantTask	ExtractSeed05.extract-seed-05	ExtractSeed05.extract-seed-05; GrantId=grant-5; Attempt=1
2026-06-03T16:44:59.2028864+00:00	GrantTask	ExtractSeed06.extract-seed-06	ExtractSeed06.extract-seed-06; GrantId=grant-6; Attempt=1
2026-06-03T16:44:59.2031795+00:00	WorkerStarting	BridgeL01L02	meta-pipeline
2026-06-03T16:44:59.2901493+00:00	WorkerStarted	BridgeL01L02	27396
2026-06-03T16:44:59.2904907+00:00	WorkerControlPipe	BridgeL01L02	meta-orchestration-1f7bdbce21de4956b6fd1e55113fc86d
2026-06-03T16:44:59.2908780+00:00	WorkerLog	BridgeL01L02	stdout=C:\Users\jimmy\Desktop\meta-bi\Samples\Demos\MetaOrchestrationHairballCliIntegration\Runs\hairball-seed-20260530\RunArtifacts\runs\20260603-164455_58ea81f88bba4eaa96d7f01695212642\logs\BridgeL01L02-27396.stdout.log; stderr=C:\Users\jimmy\Desktop\meta-bi\Samples\Demos\MetaOrchestrationHairballCliIntegration\Runs\hairball-seed-20260530\RunArtifacts\runs\20260603-164455_58ea81f88bba4eaa96d7f01695212642\logs\BridgeL01L02-27396.stderr.log
2026-06-03T16:44:59.2913631+00:00	WorkerEvent	ExtractSeed03.extract-seed-03	TaskSucceeded; ExitCode=0; 
2026-06-03T16:44:59.2918239+00:00	TaskSucceeded	ExtractSeed03.extract-seed-03	0
2026-06-03T16:44:59.2921090+00:00	WorkerEvent	ExtractSeed05.extract-seed-05	GrantAccepted; ExitCode=0; 
2026-06-03T16:44:59.2926039+00:00	WorkerEvent	ExtractSeed06.extract-seed-06	GrantAccepted; ExitCode=0; 
2026-06-03T16:44:59.2930743+00:00	WorkerEvent	ExtractSeed05.extract-seed-05	TaskStarted; ExitCode=0; 
2026-06-03T16:44:59.2936506+00:00	WorkerEvent	ExtractSeed06.extract-seed-06	TaskStarted; ExitCode=0; 
2026-06-03T16:44:59.2941831+00:00	WorkerEvent	ExtractSeed07	PipelineStarted; ExitCode=0; pipeline started
2026-06-03T16:44:59.2946306+00:00	WorkerEvent	AuditHairball	WorkerReady; ExitCode=0; ready
2026-06-03T16:44:59.2951814+00:00	StartPipeline	AuditHairball	AuditHairball
2026-06-03T16:44:59.2958328+00:00	WorkerEvent	ExtractSeed07.extract-seed-07	TaskReady; ExitCode=0; 
2026-06-03T16:44:59.2978791+00:00	GrantTask	ExtractSeed07.extract-seed-07	ExtractSeed07.extract-seed-07; GrantId=grant-7; Attempt=1
2026-06-03T16:44:59.2984295+00:00	WorkerStarting	BridgeL03L04	meta-pipeline
2026-06-03T16:44:59.4004468+00:00	WorkerStarted	BridgeL03L04	25900
2026-06-03T16:44:59.4008106+00:00	WorkerControlPipe	BridgeL03L04	meta-orchestration-c3aed3aa5585435fad59c9f948fcbf5f
2026-06-03T16:44:59.4011439+00:00	WorkerLog	BridgeL03L04	stdout=C:\Users\jimmy\Desktop\meta-bi\Samples\Demos\MetaOrchestrationHairballCliIntegration\Runs\hairball-seed-20260530\RunArtifacts\runs\20260603-164455_58ea81f88bba4eaa96d7f01695212642\logs\BridgeL03L04-25900.stdout.log; stderr=C:\Users\jimmy\Desktop\meta-bi\Samples\Demos\MetaOrchestrationHairballCliIntegration\Runs\hairball-seed-20260530\RunArtifacts\runs\20260603-164455_58ea81f88bba4eaa96d7f01695212642\logs\BridgeL03L04-25900.stderr.log
2026-06-03T16:44:59.4017183+00:00	WorkerEvent	BridgeL01L02	WorkerOnline; ExitCode=0; online
2026-06-03T16:44:59.4024587+00:00	WorkerEvent	ExtractSeed07.extract-seed-07	GrantAccepted; ExitCode=0; 
2026-06-03T16:44:59.4032352+00:00	WorkerEvent	BridgeL01L02	WorkerReady; ExitCode=0; ready
2026-06-03T16:44:59.4072373+00:00	StartPipeline	BridgeL01L02	BridgeL01L02
2026-06-03T16:44:59.4079513+00:00	WorkerEvent	ExtractSeed07.extract-seed-07	TaskStarted; ExitCode=0; 
2026-06-03T16:44:59.4098324+00:00	WorkerStarting	BridgeL05L06	meta-pipeline
2026-06-03T16:44:59.7979200+00:00	WorkerStarted	BridgeL05L06	28084
2026-06-03T16:44:59.7983669+00:00	WorkerControlPipe	BridgeL05L06	meta-orchestration-7ed42279f96f4c328145d3288a858301
2026-06-03T16:44:59.7987193+00:00	WorkerLog	BridgeL05L06	stdout=C:\Users\jimmy\Desktop\meta-bi\Samples\Demos\MetaOrchestrationHairballCliIntegration\Runs\hairball-seed-20260530\RunArtifacts\runs\20260603-164455_58ea81f88bba4eaa96d7f01695212642\logs\BridgeL05L06-28084.stdout.log; stderr=C:\Users\jimmy\Desktop\meta-bi\Samples\Demos\MetaOrchestrationHairballCliIntegration\Runs\hairball-seed-20260530\RunArtifacts\runs\20260603-164455_58ea81f88bba4eaa96d7f01695212642\logs\BridgeL05L06-28084.stderr.log
2026-06-03T16:44:59.7991451+00:00	WorkerEvent	BridgeL03L04	WorkerOnline; ExitCode=0; online
2026-06-03T16:44:59.7999067+00:00	WorkerEvent	BridgeL05L06	WorkerOnline; ExitCode=0; online
2026-06-03T16:44:59.8005055+00:00	WorkerEvent	BridgeL03L04	WorkerReady; ExitCode=0; ready
2026-06-03T16:44:59.8043045+00:00	StartPipeline	BridgeL03L04	BridgeL03L04
2026-06-03T16:44:59.8051913+00:00	WorkerEvent	BridgeL05L06	WorkerReady; ExitCode=0; ready
2026-06-03T16:44:59.8076453+00:00	StartPipeline	BridgeL05L06	BridgeL05L06
2026-06-03T16:44:59.8083167+00:00	WorkerEvent	ExtractSeed05.extract-seed-05	TaskSucceeded; ExitCode=0; 
2026-06-03T16:44:59.8088315+00:00	TaskSucceeded	ExtractSeed05.extract-seed-05	0
2026-06-03T16:44:59.8092019+00:00	WorkerEvent	ExtractSeed06.extract-seed-06	TaskSucceeded; ExitCode=0; 
2026-06-03T16:44:59.8096560+00:00	TaskSucceeded	ExtractSeed06.extract-seed-06	0
2026-06-03T16:44:59.8101372+00:00	WorkerEvent	ExtractSeed08	PipelineStarted; ExitCode=0; pipeline started
2026-06-03T16:44:59.8216323+00:00	WorkerEvent	ExtractSeed07.extract-seed-07	TaskSucceeded; ExitCode=0; 
2026-06-03T16:44:59.8223258+00:00	TaskSucceeded	ExtractSeed07.extract-seed-07	0
2026-06-03T16:44:59.8234660+00:00	WorkerEvent	ExtractSeed08.extract-seed-08	TaskReady; ExitCode=0; 
2026-06-03T16:44:59.8247936+00:00	GrantTask	ExtractSeed08.extract-seed-08	ExtractSeed08.extract-seed-08; GrantId=grant-8; Attempt=1
2026-06-03T16:44:59.8259080+00:00	WorkerEvent	ExtractSeed08.extract-seed-08	GrantAccepted; ExitCode=0; 
2026-06-03T16:44:59.8269083+00:00	WorkerEvent	ExtractSeed08.extract-seed-08	TaskStarted; ExitCode=0; 
2026-06-03T16:44:59.8558000+00:00	WorkerEvent	ExtractSeed07	Closed; ExitCode=0; 
2026-06-03T16:44:59.8609162+00:00	WorkerStarting	Layer01Node06	meta-pipeline
2026-06-03T16:45:00.0315350+00:00	WorkerStarted	Layer01Node06	24532
2026-06-03T16:45:00.0321114+00:00	WorkerControlPipe	Layer01Node06	meta-orchestration-f5e359a5cfa743c59fc8f1a01699ade2
2026-06-03T16:45:00.0324914+00:00	WorkerLog	Layer01Node06	stdout=C:\Users\jimmy\Desktop\meta-bi\Samples\Demos\MetaOrchestrationHairballCliIntegration\Runs\hairball-seed-20260530\RunArtifacts\runs\20260603-164455_58ea81f88bba4eaa96d7f01695212642\logs\Layer01Node06-24532.stdout.log; stderr=C:\Users\jimmy\Desktop\meta-bi\Samples\Demos\MetaOrchestrationHairballCliIntegration\Runs\hairball-seed-20260530\RunArtifacts\runs\20260603-164455_58ea81f88bba4eaa96d7f01695212642\logs\Layer01Node06-24532.stderr.log
2026-06-03T16:45:00.0329832+00:00	WorkerEvent	AuditHairball	PipelineStarted; ExitCode=0; pipeline started
2026-06-03T16:45:00.0397791+00:00	WorkerEvent	AuditHairball.audit-hairball	TaskReady; ExitCode=0; 
2026-06-03T16:45:00.0652289+00:00	WorkerEvent	Layer01Node06	WorkerOnline; ExitCode=0; online
2026-06-03T16:45:00.0711783+00:00	WorkerEvent	Layer01Node06	WorkerReady; ExitCode=0; ready
2026-06-03T16:45:00.0749055+00:00	StartPipeline	Layer01Node06	Layer01Node06
2026-06-03T16:45:00.3670968+00:00	WorkerEvent	BridgeL01L02	PipelineStarted; ExitCode=0; pipeline started
2026-06-03T16:45:00.3707080+00:00	WorkerEvent	BridgeL01L02.bridge-l01-l02-collect	TaskReady; ExitCode=0; 
2026-06-03T16:45:00.3949242+00:00	WorkerEvent	ExtractSeed08.extract-seed-08	TaskSucceeded; ExitCode=0; 
2026-06-03T16:45:00.3957323+00:00	TaskSucceeded	ExtractSeed08.extract-seed-08	0
2026-06-03T16:45:00.3981026+00:00	WorkerDeferredForCapacity	AuditHairball	Deferred by orchestration to honor max active worker process capacity.
2026-06-03T16:45:00.3986890+00:00	StopPipeline	AuditHairball	Deferred by orchestration to honor max active worker process capacity.
2026-06-03T16:45:00.4001483+00:00	WorkerDeferredForCapacity	BridgeL01L02	Deferred by orchestration to honor max active worker process capacity.
2026-06-03T16:45:00.4020331+00:00	StopPipeline	BridgeL01L02	Deferred by orchestration to honor max active worker process capacity.
2026-06-03T16:45:00.4278776+00:00	WorkerEvent	AuditHairball	Closed; ExitCode=0; 
2026-06-03T16:45:00.4294424+00:00	WorkerDeferred	AuditHairball	ResumeTaskId=AuditHairball.audit-hairball
2026-06-03T16:45:00.4302265+00:00	WorkerStarting	Layer01Node01	meta-pipeline
2026-06-03T16:45:00.5502033+00:00	WorkerStarted	Layer01Node01	25060
2026-06-03T16:45:00.5506907+00:00	WorkerControlPipe	Layer01Node01	meta-orchestration-2ed2295ac26043baae981dbb9b36a7e2
2026-06-03T16:45:00.5512342+00:00	WorkerLog	Layer01Node01	stdout=C:\Users\jimmy\Desktop\meta-bi\Samples\Demos\MetaOrchestrationHairballCliIntegration\Runs\hairball-seed-20260530\RunArtifacts\runs\20260603-164455_58ea81f88bba4eaa96d7f01695212642\logs\Layer01Node01-25060.stdout.log; stderr=C:\Users\jimmy\Desktop\meta-bi\Samples\Demos\MetaOrchestrationHairballCliIntegration\Runs\hairball-seed-20260530\RunArtifacts\runs\20260603-164455_58ea81f88bba4eaa96d7f01695212642\logs\Layer01Node01-25060.stderr.log
2026-06-03T16:45:00.5517036+00:00	WorkerEvent	BridgeL01L02	Closed; ExitCode=0; 
2026-06-03T16:45:00.5524251+00:00	WorkerDeferred	BridgeL01L02	ResumeTaskId=BridgeL01L02.bridge-l01-l02-collect
2026-06-03T16:45:00.5529912+00:00	WorkerEvent	ExtractSeed08	Closed; ExitCode=0; 
2026-06-03T16:45:00.5537406+00:00	WorkerStarting	Layer01Node07	meta-pipeline
2026-06-03T16:45:00.6799995+00:00	WorkerStarted	Layer01Node07	30476
2026-06-03T16:45:00.6805480+00:00	WorkerControlPipe	Layer01Node07	meta-orchestration-a5fc23eff9d54779ba8a55198866f0b4
2026-06-03T16:45:00.6809047+00:00	WorkerLog	Layer01Node07	stdout=C:\Users\jimmy\Desktop\meta-bi\Samples\Demos\MetaOrchestrationHairballCliIntegration\Runs\hairball-seed-20260530\RunArtifacts\runs\20260603-164455_58ea81f88bba4eaa96d7f01695212642\logs\Layer01Node07-30476.stdout.log; stderr=C:\Users\jimmy\Desktop\meta-bi\Samples\Demos\MetaOrchestrationHairballCliIntegration\Runs\hairball-seed-20260530\RunArtifacts\runs\20260603-164455_58ea81f88bba4eaa96d7f01695212642\logs\Layer01Node07-30476.stderr.log
2026-06-03T16:45:00.6813108+00:00	WorkerEvent	Layer01Node01	WorkerOnline; ExitCode=0; online
2026-06-03T16:45:00.6830406+00:00	WorkerStarting	Layer03Node09	meta-pipeline
2026-06-03T16:45:00.8089590+00:00	WorkerStarted	Layer03Node09	23680
2026-06-03T16:45:00.8094172+00:00	WorkerControlPipe	Layer03Node09	meta-orchestration-42bb5c5ea0b94bbc9ae68b53afa8e10e
2026-06-03T16:45:00.8097335+00:00	WorkerLog	Layer03Node09	stdout=C:\Users\jimmy\Desktop\meta-bi\Samples\Demos\MetaOrchestrationHairballCliIntegration\Runs\hairball-seed-20260530\RunArtifacts\runs\20260603-164455_58ea81f88bba4eaa96d7f01695212642\logs\Layer03Node09-23680.stdout.log; stderr=C:\Users\jimmy\Desktop\meta-bi\Samples\Demos\MetaOrchestrationHairballCliIntegration\Runs\hairball-seed-20260530\RunArtifacts\runs\20260603-164455_58ea81f88bba4eaa96d7f01695212642\logs\Layer03Node09-23680.stderr.log
2026-06-03T16:45:00.8100558+00:00	WorkerEvent	Layer01Node06	PipelineStarted; ExitCode=0; pipeline started
2026-06-03T16:45:00.8105999+00:00	WorkerEvent	Layer01Node07	WorkerOnline; ExitCode=0; online
2026-06-03T16:45:00.8111496+00:00	WorkerEvent	Layer01Node06.refresh-l01-n06	TaskReady; ExitCode=0; 
2026-06-03T16:45:00.8117128+00:00	WorkerEvent	Layer01Node07	WorkerReady; ExitCode=0; ready
2026-06-03T16:45:00.8152144+00:00	StartPipeline	Layer01Node07	Layer01Node07
2026-06-03T16:45:00.8158940+00:00	WorkerEvent	Layer01Node01	WorkerReady; ExitCode=0; ready
2026-06-03T16:45:00.8167337+00:00	StartPipeline	Layer01Node01	Layer01Node01
2026-06-03T16:45:00.8204420+00:00	GrantTask	Layer01Node06.refresh-l01-n06	Layer01Node06.refresh-l01-n06; GrantId=grant-9; Attempt=1
2026-06-03T16:45:00.8229429+00:00	WorkerEvent	Layer01Node06.refresh-l01-n06	GrantAccepted; ExitCode=0; 
2026-06-03T16:45:00.8274646+00:00	WorkerEvent	Layer01Node06.refresh-l01-n06	TaskStarted; ExitCode=0; 
2026-06-03T16:45:00.8373011+00:00	WorkerEvent	Layer03Node09	WorkerOnline; ExitCode=0; online
2026-06-03T16:45:00.8410289+00:00	WorkerEvent	Layer03Node09	WorkerReady; ExitCode=0; ready
2026-06-03T16:45:00.8458823+00:00	StartPipeline	Layer03Node09	Layer03Node09
2026-06-03T16:45:00.9637027+00:00	WorkerEvent	BridgeL03L04	PipelineStarted; ExitCode=0; pipeline started
2026-06-03T16:45:00.9667023+00:00	WorkerEvent	BridgeL03L04.bridge-l03-l04-collect	TaskReady; ExitCode=0; 
2026-06-03T16:45:00.9838346+00:00	WorkerEvent	BridgeL05L06	PipelineStarted; ExitCode=0; pipeline started
2026-06-03T16:45:00.9868261+00:00	WorkerEvent	BridgeL05L06.bridge-l05-l06-collect	TaskReady; ExitCode=0; 
2026-06-03T16:45:01.2560155+00:00	WorkerEvent	Layer01Node06.refresh-l01-n06	TaskSucceeded; ExitCode=0; 
2026-06-03T16:45:01.2568128+00:00	TaskSucceeded	Layer01Node06.refresh-l01-n06	0
2026-06-03T16:45:01.2574887+00:00	WorkerDeferredForCapacity	BridgeL03L04	Deferred by orchestration to honor max active worker process capacity.
2026-06-03T16:45:01.2578500+00:00	StopPipeline	BridgeL03L04	Deferred by orchestration to honor max active worker process capacity.
2026-06-03T16:45:01.2586356+00:00	WorkerDeferredForCapacity	BridgeL05L06	Deferred by orchestration to honor max active worker process capacity.
2026-06-03T16:45:01.2589705+00:00	StopPipeline	BridgeL05L06	Deferred by orchestration to honor max active worker process capacity.
2026-06-03T16:45:01.2815020+00:00	WorkerEvent	BridgeL05L06	Closed; ExitCode=0; 
2026-06-03T16:45:01.2821483+00:00	WorkerDeferred	BridgeL05L06	ResumeTaskId=BridgeL05L06.bridge-l05-l06-collect
2026-06-03T16:45:01.2828227+00:00	WorkerStarting	Layer02Node03	meta-pipeline
2026-06-03T16:45:01.3825818+00:00	WorkerStarted	Layer02Node03	27588
2026-06-03T16:45:01.3829134+00:00	WorkerControlPipe	Layer02Node03	meta-orchestration-f29b30ba10a849229799b5d4fbf56e08
2026-06-03T16:45:01.3832408+00:00	WorkerLog	Layer02Node03	stdout=C:\Users\jimmy\Desktop\meta-bi\Samples\Demos\MetaOrchestrationHairballCliIntegration\Runs\hairball-seed-20260530\RunArtifacts\runs\20260603-164455_58ea81f88bba4eaa96d7f01695212642\logs\Layer02Node03-27588.stdout.log; stderr=C:\Users\jimmy\Desktop\meta-bi\Samples\Demos\MetaOrchestrationHairballCliIntegration\Runs\hairball-seed-20260530\RunArtifacts\runs\20260603-164455_58ea81f88bba4eaa96d7f01695212642\logs\Layer02Node03-27588.stderr.log
2026-06-03T16:45:01.3837176+00:00	WorkerEvent	BridgeL03L04	Closed; ExitCode=0; 
2026-06-03T16:45:01.3844035+00:00	WorkerDeferred	BridgeL03L04	ResumeTaskId=BridgeL03L04.bridge-l03-l04-collect
2026-06-03T16:45:01.3849602+00:00	WorkerEvent	Layer01Node06	Closed; ExitCode=0; 
2026-06-03T16:45:01.3860200+00:00	WorkerResuming	AuditHairball	ResumeTaskId=AuditHairball.audit-hairball; Executable=meta-pipeline
2026-06-03T16:45:01.4712714+00:00	WorkerStarted	AuditHairball	21056
2026-06-03T16:45:01.4716520+00:00	WorkerControlPipe	AuditHairball	meta-orchestration-a60367fe66424c41a91a16b81ba8c8df
2026-06-03T16:45:01.4719080+00:00	WorkerLog	AuditHairball	stdout=C:\Users\jimmy\Desktop\meta-bi\Samples\Demos\MetaOrchestrationHairballCliIntegration\Runs\hairball-seed-20260530\RunArtifacts\runs\20260603-164455_58ea81f88bba4eaa96d7f01695212642\logs\AuditHairball-21056.stdout.log; stderr=C:\Users\jimmy\Desktop\meta-bi\Samples\Demos\MetaOrchestrationHairballCliIntegration\Runs\hairball-seed-20260530\RunArtifacts\runs\20260603-164455_58ea81f88bba4eaa96d7f01695212642\logs\AuditHairball-21056.stderr.log
2026-06-03T16:45:01.4722599+00:00	WorkerEvent	Layer02Node03	WorkerOnline; ExitCode=0; online
2026-06-03T16:45:01.4728202+00:00	WorkerEvent	Layer03Node09	PipelineStarted; ExitCode=0; pipeline started
2026-06-03T16:45:01.4733392+00:00	WorkerEvent	Layer02Node03	WorkerReady; ExitCode=0; ready
2026-06-03T16:45:01.4755601+00:00	StartPipeline	Layer02Node03	Layer02Node03
2026-06-03T16:45:01.4759855+00:00	WorkerEvent	Layer03Node09.refresh-l03-n09	TaskReady; ExitCode=0; 
2026-06-03T16:45:01.4763543+00:00	WorkerEvent	Layer01Node07	PipelineStarted; ExitCode=0; pipeline started
2026-06-03T16:45:01.4766976+00:00	WorkerEvent	Layer01Node01	PipelineStarted; ExitCode=0; pipeline started
2026-06-03T16:45:01.4770868+00:00	WorkerEvent	Layer01Node07.refresh-l01-n07	TaskReady; ExitCode=0; 
2026-06-03T16:45:01.4775533+00:00	WorkerEvent	Layer01Node01.export-l01-n01	TaskReady; ExitCode=0; 
2026-06-03T16:45:01.4810702+00:00	GrantTask	Layer01Node01.export-l01-n01	Layer01Node01.export-l01-n01; GrantId=grant-10; Attempt=1
2026-06-03T16:45:01.4815008+00:00	GrantTask	Layer01Node07.refresh-l01-n07	Layer01Node07.refresh-l01-n07; GrantId=grant-11; Attempt=1
2026-06-03T16:45:01.4820289+00:00	GrantTask	Layer03Node09.refresh-l03-n09	Layer03Node09.refresh-l03-n09; GrantId=grant-12; Attempt=1
2026-06-03T16:45:01.4824103+00:00	WorkerResuming	BridgeL01L02	ResumeTaskId=BridgeL01L02.bridge-l01-l02-collect; Executable=meta-pipeline
2026-06-03T16:45:01.5609137+00:00	WorkerStarted	BridgeL01L02	27380
2026-06-03T16:45:01.5612162+00:00	WorkerControlPipe	BridgeL01L02	meta-orchestration-d68d1c0fd1eb43a7bd9ed03543eaf40b
2026-06-03T16:45:01.5614857+00:00	WorkerLog	BridgeL01L02	stdout=C:\Users\jimmy\Desktop\meta-bi\Samples\Demos\MetaOrchestrationHairballCliIntegration\Runs\hairball-seed-20260530\RunArtifacts\runs\20260603-164455_58ea81f88bba4eaa96d7f01695212642\logs\BridgeL01L02-27380.stdout.log; stderr=C:\Users\jimmy\Desktop\meta-bi\Samples\Demos\MetaOrchestrationHairballCliIntegration\Runs\hairball-seed-20260530\RunArtifacts\runs\20260603-164455_58ea81f88bba4eaa96d7f01695212642\logs\BridgeL01L02-27380.stderr.log
2026-06-03T16:45:01.5617824+00:00	WorkerEvent	Layer03Node09.refresh-l03-n09	GrantAccepted; ExitCode=0; 
2026-06-03T16:45:01.5623211+00:00	WorkerEvent	AuditHairball	WorkerOnline; ExitCode=0; online
2026-06-03T16:45:01.5627997+00:00	WorkerEvent	Layer03Node09.refresh-l03-n09	TaskStarted; ExitCode=0; 
2026-06-03T16:45:01.5632523+00:00	WorkerEvent	AuditHairball	WorkerReady; ExitCode=0; ready
2026-06-03T16:45:01.5663043+00:00	StartPipeline	AuditHairball	AuditHairball
2026-06-03T16:45:01.5671293+00:00	WorkerEvent	Layer01Node07.refresh-l01-n07	GrantAccepted; ExitCode=0; 
2026-06-03T16:45:01.5679687+00:00	WorkerEvent	Layer01Node01.export-l01-n01	GrantAccepted; ExitCode=0; 
2026-06-03T16:45:01.5686241+00:00	WorkerEvent	Layer01Node07.refresh-l01-n07	TaskStarted; ExitCode=0; 
2026-06-03T16:45:01.5690910+00:00	WorkerEvent	Layer01Node01.export-l01-n01	TaskStarted; ExitCode=0; 
2026-06-03T16:45:01.5832592+00:00	WorkerEvent	BridgeL01L02	WorkerOnline; ExitCode=0; online
2026-06-03T16:45:01.5858114+00:00	WorkerEvent	BridgeL01L02	WorkerReady; ExitCode=0; ready
2026-06-03T16:45:01.5890494+00:00	StartPipeline	BridgeL01L02	BridgeL01L02
2026-06-03T16:45:01.9416238+00:00	WorkerEvent	Layer01Node07.refresh-l01-n07	TaskSucceeded; ExitCode=0; 
2026-06-03T16:45:01.9425270+00:00	TaskSucceeded	Layer01Node07.refresh-l01-n07	0
2026-06-03T16:45:01.9465901+00:00	WorkerEvent	Layer03Node09.refresh-l03-n09	TaskSucceeded; ExitCode=0; 
2026-06-03T16:45:01.9471323+00:00	TaskSucceeded	Layer03Node09.refresh-l03-n09	0
2026-06-03T16:45:01.9772940+00:00	WorkerEvent	Layer01Node07	Closed; ExitCode=0; 
2026-06-03T16:45:01.9815344+00:00	WorkerResuming	BridgeL03L04	ResumeTaskId=BridgeL03L04.bridge-l03-l04-collect; Executable=meta-pipeline
2026-06-03T16:45:02.1149512+00:00	WorkerStarted	BridgeL03L04	13068
2026-06-03T16:45:02.1154910+00:00	WorkerControlPipe	BridgeL03L04	meta-orchestration-b7f4983006014aa78d9b47884ebe142e
2026-06-03T16:45:02.1158388+00:00	WorkerLog	BridgeL03L04	stdout=C:\Users\jimmy\Desktop\meta-bi\Samples\Demos\MetaOrchestrationHairballCliIntegration\Runs\hairball-seed-20260530\RunArtifacts\runs\20260603-164455_58ea81f88bba4eaa96d7f01695212642\logs\BridgeL03L04-13068.stdout.log; stderr=C:\Users\jimmy\Desktop\meta-bi\Samples\Demos\MetaOrchestrationHairballCliIntegration\Runs\hairball-seed-20260530\RunArtifacts\runs\20260603-164455_58ea81f88bba4eaa96d7f01695212642\logs\BridgeL03L04-13068.stderr.log
2026-06-03T16:45:02.1162681+00:00	WorkerEvent	Layer03Node09	Closed; ExitCode=0; 
2026-06-03T16:45:02.1202859+00:00	WorkerResuming	BridgeL05L06	ResumeTaskId=BridgeL05L06.bridge-l05-l06-collect; Executable=meta-pipeline
2026-06-03T16:45:02.2617844+00:00	WorkerStarted	BridgeL05L06	31696
2026-06-03T16:45:02.2622192+00:00	WorkerControlPipe	BridgeL05L06	meta-orchestration-8e52b8f971b24fa7be886565884c7d84
2026-06-03T16:45:02.2625673+00:00	WorkerLog	BridgeL05L06	stdout=C:\Users\jimmy\Desktop\meta-bi\Samples\Demos\MetaOrchestrationHairballCliIntegration\Runs\hairball-seed-20260530\RunArtifacts\runs\20260603-164455_58ea81f88bba4eaa96d7f01695212642\logs\BridgeL05L06-31696.stdout.log; stderr=C:\Users\jimmy\Desktop\meta-bi\Samples\Demos\MetaOrchestrationHairballCliIntegration\Runs\hairball-seed-20260530\RunArtifacts\runs\20260603-164455_58ea81f88bba4eaa96d7f01695212642\logs\BridgeL05L06-31696.stderr.log
2026-06-03T16:45:02.2629819+00:00	WorkerEvent	Layer02Node03	PipelineStarted; ExitCode=0; pipeline started
2026-06-03T16:45:02.2637243+00:00	WorkerEvent	AuditHairball	PipelineStarted; ExitCode=0; pipeline started
2026-06-03T16:45:02.2644153+00:00	WorkerEvent	Layer02Node03.select-l02-n03	TaskReady; ExitCode=0; 
2026-06-03T16:45:02.2650421+00:00	WorkerEvent	AuditHairball.audit-hairball	TaskReady; ExitCode=0; 
2026-06-03T16:45:02.2656302+00:00	WorkerEvent	BridgeL03L04	WorkerOnline; ExitCode=0; online
2026-06-03T16:45:02.2662462+00:00	WorkerEvent	Layer01Node01.export-l01-n01	TaskSucceeded; ExitCode=0; 
2026-06-03T16:45:02.2680988+00:00	TaskSucceeded	Layer01Node01.export-l01-n01	0
2026-06-03T16:45:02.2686046+00:00	WorkerEvent	BridgeL03L04	WorkerReady; ExitCode=0; ready
2026-06-03T16:45:02.2731919+00:00	StartPipeline	BridgeL03L04	BridgeL03L04
2026-06-03T16:45:02.2742976+00:00	GrantTask	Layer02Node03.select-l02-n03	Layer02Node03.select-l02-n03; GrantId=grant-13; Attempt=1
2026-06-03T16:45:02.2746785+00:00	WorkerDeferredForCapacity	AuditHairball	Deferred by orchestration to honor max active worker process capacity.
2026-06-03T16:45:02.2754529+00:00	StopPipeline	AuditHairball	Deferred by orchestration to honor max active worker process capacity.
2026-06-03T16:45:02.2760112+00:00	WorkerEvent	Layer02Node03.select-l02-n03	GrantAccepted; ExitCode=0; 
2026-06-03T16:45:02.2769254+00:00	WorkerEvent	Layer02Node03.select-l02-n03	TaskStarted; ExitCode=0; 
2026-06-03T16:45:02.2885787+00:00	WorkerEvent	AuditHairball	Closed; ExitCode=0; 
2026-06-03T16:45:02.2893418+00:00	WorkerDeferred	AuditHairball	ResumeTaskId=AuditHairball.audit-hairball
2026-06-03T16:45:02.2900188+00:00	WorkerStarting	Layer01Node02	meta-pipeline
2026-06-03T16:45:02.4202014+00:00	WorkerStarted	Layer01Node02	24032
2026-06-03T16:45:02.4205951+00:00	WorkerControlPipe	Layer01Node02	meta-orchestration-b7cf833cf1354f6eabf2543db49af372
2026-06-03T16:45:02.4209734+00:00	WorkerLog	Layer01Node02	stdout=C:\Users\jimmy\Desktop\meta-bi\Samples\Demos\MetaOrchestrationHairballCliIntegration\Runs\hairball-seed-20260530\RunArtifacts\runs\20260603-164455_58ea81f88bba4eaa96d7f01695212642\logs\Layer01Node02-24032.stdout.log; stderr=C:\Users\jimmy\Desktop\meta-bi\Samples\Demos\MetaOrchestrationHairballCliIntegration\Runs\hairball-seed-20260530\RunArtifacts\runs\20260603-164455_58ea81f88bba4eaa96d7f01695212642\logs\Layer01Node02-24032.stderr.log
2026-06-03T16:45:02.4213649+00:00	WorkerEvent	BridgeL05L06	WorkerOnline; ExitCode=0; online
2026-06-03T16:45:02.4230616+00:00	WorkerEvent	BridgeL05L06	WorkerReady; ExitCode=0; ready
2026-06-03T16:45:02.4286978+00:00	StartPipeline	BridgeL05L06	BridgeL05L06
2026-06-03T16:45:02.4516546+00:00	WorkerEvent	Layer01Node02	WorkerOnline; ExitCode=0; online
2026-06-03T16:45:02.4540959+00:00	WorkerEvent	Layer01Node02	WorkerReady; ExitCode=0; ready
2026-06-03T16:45:02.4580016+00:00	StartPipeline	Layer01Node02	Layer01Node02
2026-06-03T16:45:02.5035398+00:00	WorkerEvent	BridgeL01L02	PipelineStarted; ExitCode=0; pipeline started
2026-06-03T16:45:02.5066115+00:00	WorkerEvent	BridgeL01L02.bridge-l01-l02-collect	TaskReady; ExitCode=0; 
2026-06-03T16:45:02.5076132+00:00	WorkerDeferredForCapacity	BridgeL01L02	Deferred by orchestration to honor max active worker process capacity.
2026-06-03T16:45:02.5079621+00:00	StopPipeline	BridgeL01L02	Deferred by orchestration to honor max active worker process capacity.
2026-06-03T16:45:02.5315329+00:00	WorkerEvent	BridgeL01L02	Closed; ExitCode=0; 
2026-06-03T16:45:02.5321016+00:00	WorkerDeferred	BridgeL01L02	ResumeTaskId=BridgeL01L02.bridge-l01-l02-collect
2026-06-03T16:45:02.5325902+00:00	WorkerStarting	Layer01Node04	meta-pipeline
2026-06-03T16:45:02.6709688+00:00	WorkerStarted	Layer01Node04	26700
2026-06-03T16:45:02.6713378+00:00	WorkerControlPipe	Layer01Node04	meta-orchestration-9e0d9f5f32a54240a201b9c653bcca59
2026-06-03T16:45:02.6716619+00:00	WorkerLog	Layer01Node04	stdout=C:\Users\jimmy\Desktop\meta-bi\Samples\Demos\MetaOrchestrationHairballCliIntegration\Runs\hairball-seed-20260530\RunArtifacts\runs\20260603-164455_58ea81f88bba4eaa96d7f01695212642\logs\Layer01Node04-26700.stdout.log; stderr=C:\Users\jimmy\Desktop\meta-bi\Samples\Demos\MetaOrchestrationHairballCliIntegration\Runs\hairball-seed-20260530\RunArtifacts\runs\20260603-164455_58ea81f88bba4eaa96d7f01695212642\logs\Layer01Node04-26700.stderr.log
2026-06-03T16:45:02.6893824+00:00	WorkerEvent	Layer01Node04	WorkerOnline; ExitCode=0; online
2026-06-03T16:45:02.6913805+00:00	WorkerEvent	Layer01Node04	WorkerReady; ExitCode=0; ready
2026-06-03T16:45:02.6946372+00:00	StartPipeline	Layer01Node04	Layer01Node04
2026-06-03T16:45:02.7609193+00:00	WorkerEvent	Layer02Node03.select-l02-n03	TaskSucceeded; ExitCode=0; 
2026-06-03T16:45:02.7615443+00:00	TaskSucceeded	Layer02Node03.select-l02-n03	0
2026-06-03T16:45:02.7879898+00:00	WorkerEvent	Layer02Node03	Closed; ExitCode=0; 
2026-06-03T16:45:02.7897474+00:00	WorkerResuming	AuditHairball	ResumeTaskId=AuditHairball.audit-hairball; Executable=meta-pipeline
2026-06-03T16:45:02.8762259+00:00	WorkerStarted	AuditHairball	23304
2026-06-03T16:45:02.8765669+00:00	WorkerControlPipe	AuditHairball	meta-orchestration-ff52927b4ff843c1bfe3e168c22c570b
2026-06-03T16:45:02.8768488+00:00	WorkerLog	AuditHairball	stdout=C:\Users\jimmy\Desktop\meta-bi\Samples\Demos\MetaOrchestrationHairballCliIntegration\Runs\hairball-seed-20260530\RunArtifacts\runs\20260603-164455_58ea81f88bba4eaa96d7f01695212642\logs\AuditHairball-23304.stdout.log; stderr=C:\Users\jimmy\Desktop\meta-bi\Samples\Demos\MetaOrchestrationHairballCliIntegration\Runs\hairball-seed-20260530\RunArtifacts\runs\20260603-164455_58ea81f88bba4eaa96d7f01695212642\logs\AuditHairball-23304.stderr.log
2026-06-03T16:45:02.8967185+00:00	WorkerEvent	AuditHairball	WorkerOnline; ExitCode=0; online
2026-06-03T16:45:02.8986575+00:00	WorkerEvent	AuditHairball	WorkerReady; ExitCode=0; ready
2026-06-03T16:45:02.9012907+00:00	StartPipeline	AuditHairball	AuditHairball
2026-06-03T16:45:03.0818635+00:00	WorkerEvent	Layer01Node02	PipelineStarted; ExitCode=0; pipeline started
2026-06-03T16:45:03.0845663+00:00	WorkerEvent	Layer01Node02.select-l01-n02	TaskReady; ExitCode=0; 
2026-06-03T16:45:03.0865562+00:00	GrantTask	Layer01Node02.select-l01-n02	Layer01Node02.select-l01-n02; GrantId=grant-14; Attempt=1
2026-06-03T16:45:03.0870938+00:00	WorkerEvent	Layer01Node02.select-l01-n02	GrantAccepted; ExitCode=0; 
2026-06-03T16:45:03.0893655+00:00	WorkerEvent	Layer01Node02.select-l01-n02	TaskStarted; ExitCode=0; 
2026-06-03T16:45:03.1470833+00:00	WorkerEvent	BridgeL03L04	PipelineStarted; ExitCode=0; pipeline started
2026-06-03T16:45:03.1489767+00:00	WorkerEvent	BridgeL03L04.bridge-l03-l04-collect	TaskReady; ExitCode=0; 
2026-06-03T16:45:03.2178861+00:00	WorkerEvent	BridgeL05L06	PipelineStarted; ExitCode=0; pipeline started
2026-06-03T16:45:03.2202587+00:00	WorkerEvent	BridgeL05L06.bridge-l05-l06-collect	TaskReady; ExitCode=0; 
2026-06-03T16:45:03.2585298+00:00	WorkerEvent	Layer01Node04	PipelineStarted; ExitCode=0; pipeline started
2026-06-03T16:45:03.2603870+00:00	WorkerEvent	Layer01Node04.export-l01-n04	TaskReady; ExitCode=0; 
2026-06-03T16:45:03.2623528+00:00	GrantTask	Layer01Node04.export-l01-n04	Layer01Node04.export-l01-n04; GrantId=grant-15; Attempt=1
2026-06-03T16:45:03.2627557+00:00	WorkerEvent	Layer01Node04.export-l01-n04	GrantAccepted; ExitCode=0; 
2026-06-03T16:45:03.2643856+00:00	WorkerEvent	Layer01Node04.export-l01-n04	TaskStarted; ExitCode=0; 
2026-06-03T16:45:03.3940027+00:00	WorkerEvent	AuditHairball	PipelineStarted; ExitCode=0; pipeline started
2026-06-03T16:45:03.3964261+00:00	WorkerEvent	AuditHairball.audit-hairball	TaskReady; ExitCode=0; 
2026-06-03T16:45:03.4359334+00:00	WorkerEvent	Layer01Node02.select-l01-n02	TaskSucceeded; ExitCode=0; 
2026-06-03T16:45:03.4365043+00:00	TaskSucceeded	Layer01Node02.select-l01-n02	0
2026-06-03T16:45:03.4371581+00:00	WorkerDeferredForCapacity	AuditHairball	Deferred by orchestration to honor max active worker process capacity.
2026-06-03T16:45:03.4374520+00:00	StopPipeline	AuditHairball	Deferred by orchestration to honor max active worker process capacity.
2026-06-03T16:45:03.4380910+00:00	WorkerDeferredForCapacity	BridgeL03L04	Deferred by orchestration to honor max active worker process capacity.
2026-06-03T16:45:03.4383117+00:00	StopPipeline	BridgeL03L04	Deferred by orchestration to honor max active worker process capacity.
2026-06-03T16:45:03.4392398+00:00	WorkerDeferredForCapacity	BridgeL05L06	Deferred by orchestration to honor max active worker process capacity.
2026-06-03T16:45:03.4395923+00:00	StopPipeline	BridgeL05L06	Deferred by orchestration to honor max active worker process capacity.
2026-06-03T16:45:03.4630520+00:00	WorkerEvent	AuditHairball	Closed; ExitCode=0; 
2026-06-03T16:45:03.4636695+00:00	WorkerDeferred	AuditHairball	ResumeTaskId=AuditHairball.audit-hairball
2026-06-03T16:45:03.4640279+00:00	WorkerEvent	BridgeL03L04	Closed; ExitCode=0; 
2026-06-03T16:45:03.4644690+00:00	WorkerDeferred	BridgeL03L04	ResumeTaskId=BridgeL03L04.bridge-l03-l04-collect
2026-06-03T16:45:03.4669942+00:00	WorkerStarting	Layer01Node03	meta-pipeline
2026-06-03T16:45:03.5509392+00:00	WorkerStarted	Layer01Node03	7152
2026-06-03T16:45:03.5513064+00:00	WorkerControlPipe	Layer01Node03	meta-orchestration-962d8f9ffc4e41509675783e2d1a2225
2026-06-03T16:45:03.5515829+00:00	WorkerLog	Layer01Node03	stdout=C:\Users\jimmy\Desktop\meta-bi\Samples\Demos\MetaOrchestrationHairballCliIntegration\Runs\hairball-seed-20260530\RunArtifacts\runs\20260603-164455_58ea81f88bba4eaa96d7f01695212642\logs\Layer01Node03-7152.stdout.log; stderr=C:\Users\jimmy\Desktop\meta-bi\Samples\Demos\MetaOrchestrationHairballCliIntegration\Runs\hairball-seed-20260530\RunArtifacts\runs\20260603-164455_58ea81f88bba4eaa96d7f01695212642\logs\Layer01Node03-7152.stderr.log
2026-06-03T16:45:03.5519841+00:00	WorkerEvent	BridgeL05L06	Closed; ExitCode=0; 
2026-06-03T16:45:03.5524965+00:00	WorkerDeferred	BridgeL05L06	ResumeTaskId=BridgeL05L06.bridge-l05-l06-collect
2026-06-03T16:45:03.5528482+00:00	WorkerEvent	Layer01Node02	Closed; ExitCode=0; 
2026-06-03T16:45:03.5534277+00:00	WorkerStarting	Layer01Node05	meta-pipeline
2026-06-03T16:45:03.6442748+00:00	WorkerStarted	Layer01Node05	28080
2026-06-03T16:45:03.6446385+00:00	WorkerControlPipe	Layer01Node05	meta-orchestration-baa8deb2d8dc4c3982b8b962032313a7
2026-06-03T16:45:03.6449223+00:00	WorkerLog	Layer01Node05	stdout=C:\Users\jimmy\Desktop\meta-bi\Samples\Demos\MetaOrchestrationHairballCliIntegration\Runs\hairball-seed-20260530\RunArtifacts\runs\20260603-164455_58ea81f88bba4eaa96d7f01695212642\logs\Layer01Node05-28080.stdout.log; stderr=C:\Users\jimmy\Desktop\meta-bi\Samples\Demos\MetaOrchestrationHairballCliIntegration\Runs\hairball-seed-20260530\RunArtifacts\runs\20260603-164455_58ea81f88bba4eaa96d7f01695212642\logs\Layer01Node05-28080.stderr.log
2026-06-03T16:45:03.6453847+00:00	WorkerEvent	Layer01Node03	WorkerOnline; ExitCode=0; online
2026-06-03T16:45:03.6468378+00:00	WorkerStarting	Layer01Node09	meta-pipeline
2026-06-03T16:45:03.7349386+00:00	WorkerStarted	Layer01Node09	30360
2026-06-03T16:45:03.7352503+00:00	WorkerControlPipe	Layer01Node09	meta-orchestration-fb0ae9a2527a4755b1ad44a9ab967e08
2026-06-03T16:45:03.7355091+00:00	WorkerLog	Layer01Node09	stdout=C:\Users\jimmy\Desktop\meta-bi\Samples\Demos\MetaOrchestrationHairballCliIntegration\Runs\hairball-seed-20260530\RunArtifacts\runs\20260603-164455_58ea81f88bba4eaa96d7f01695212642\logs\Layer01Node09-30360.stdout.log; stderr=C:\Users\jimmy\Desktop\meta-bi\Samples\Demos\MetaOrchestrationHairballCliIntegration\Runs\hairball-seed-20260530\RunArtifacts\runs\20260603-164455_58ea81f88bba4eaa96d7f01695212642\logs\Layer01Node09-30360.stderr.log
2026-06-03T16:45:03.7357925+00:00	WorkerEvent	Layer01Node04.export-l01-n04	TaskSucceeded; ExitCode=0; 
2026-06-03T16:45:03.7362766+00:00	TaskSucceeded	Layer01Node04.export-l01-n04	0
2026-06-03T16:45:03.7365404+00:00	WorkerEvent	Layer01Node05	WorkerOnline; ExitCode=0; online
2026-06-03T16:45:03.7369770+00:00	WorkerEvent	Layer01Node03	WorkerReady; ExitCode=0; ready
2026-06-03T16:45:03.7374428+00:00	StartPipeline	Layer01Node03	Layer01Node03
2026-06-03T16:45:03.7378386+00:00	WorkerEvent	Layer01Node05	WorkerReady; ExitCode=0; ready
2026-06-03T16:45:03.7395408+00:00	StartPipeline	Layer01Node05	Layer01Node05
2026-06-03T16:45:03.7412071+00:00	WorkerResuming	AuditHairball	ResumeTaskId=AuditHairball.audit-hairball; Executable=meta-pipeline
2026-06-03T16:45:03.8260560+00:00	WorkerStarted	AuditHairball	22444
2026-06-03T16:45:03.8263599+00:00	WorkerControlPipe	AuditHairball	meta-orchestration-6dac150f57ca41c68703c058aef34094
2026-06-03T16:45:03.8266289+00:00	WorkerLog	AuditHairball	stdout=C:\Users\jimmy\Desktop\meta-bi\Samples\Demos\MetaOrchestrationHairballCliIntegration\Runs\hairball-seed-20260530\RunArtifacts\runs\20260603-164455_58ea81f88bba4eaa96d7f01695212642\logs\AuditHairball-22444.stdout.log; stderr=C:\Users\jimmy\Desktop\meta-bi\Samples\Demos\MetaOrchestrationHairballCliIntegration\Runs\hairball-seed-20260530\RunArtifacts\runs\20260603-164455_58ea81f88bba4eaa96d7f01695212642\logs\AuditHairball-22444.stderr.log
2026-06-03T16:45:03.8269606+00:00	WorkerEvent	Layer01Node09	WorkerOnline; ExitCode=0; online
2026-06-03T16:45:03.8286651+00:00	WorkerEvent	Layer01Node09	WorkerReady; ExitCode=0; ready
2026-06-03T16:45:03.8300764+00:00	StartPipeline	Layer01Node09	Layer01Node09
2026-06-03T16:45:03.8477650+00:00	WorkerEvent	AuditHairball	WorkerOnline; ExitCode=0; online
2026-06-03T16:45:03.8497408+00:00	WorkerEvent	AuditHairball	WorkerReady; ExitCode=0; ready
2026-06-03T16:45:03.8527404+00:00	StartPipeline	AuditHairball	AuditHairball
2026-06-03T16:45:04.2019688+00:00	WorkerEvent	Layer01Node05	PipelineStarted; ExitCode=0; pipeline started
2026-06-03T16:45:04.2041939+00:00	WorkerEvent	Layer01Node05.export-l01-n05	TaskReady; ExitCode=0; 
2026-06-03T16:45:04.2062270+00:00	GrantTask	Layer01Node05.export-l01-n05	Layer01Node05.export-l01-n05; GrantId=grant-16; Attempt=1
2026-06-03T16:45:04.2078456+00:00	WorkerEvent	Layer01Node05.export-l01-n05	GrantAccepted; ExitCode=0; 
2026-06-03T16:45:04.2092441+00:00	WorkerEvent	Layer01Node05.export-l01-n05	TaskStarted; ExitCode=0; 
2026-06-03T16:45:04.2112873+00:00	WorkerEvent	Layer01Node03	PipelineStarted; ExitCode=0; pipeline started
2026-06-03T16:45:04.2136659+00:00	WorkerEvent	Layer01Node03.select-l01-n03	TaskReady; ExitCode=0; 
2026-06-03T16:45:04.2155606+00:00	GrantTask	Layer01Node03.select-l01-n03	Layer01Node03.select-l01-n03; GrantId=grant-17; Attempt=1
2026-06-03T16:45:04.2173638+00:00	WorkerEvent	Layer01Node03.select-l01-n03	GrantAccepted; ExitCode=0; 
2026-06-03T16:45:04.2194776+00:00	WorkerEvent	Layer01Node03.select-l01-n03	TaskStarted; ExitCode=0; 
2026-06-03T16:45:04.2910241+00:00	WorkerEvent	Layer01Node09	PipelineStarted; ExitCode=0; pipeline started
2026-06-03T16:45:04.2933708+00:00	WorkerEvent	Layer01Node09.refresh-l01-n09	TaskReady; ExitCode=0; 
2026-06-03T16:45:04.2959787+00:00	GrantTask	Layer01Node09.refresh-l01-n09	Layer01Node09.refresh-l01-n09; GrantId=grant-18; Attempt=1
2026-06-03T16:45:04.2965085+00:00	WorkerEvent	Layer01Node09.refresh-l01-n09	GrantAccepted; ExitCode=0; 
2026-06-03T16:45:04.2986305+00:00	WorkerEvent	Layer01Node09.refresh-l01-n09	TaskStarted; ExitCode=0; 
2026-06-03T16:45:04.3054277+00:00	WorkerEvent	AuditHairball	PipelineStarted; ExitCode=0; pipeline started
2026-06-03T16:45:04.3078600+00:00	WorkerEvent	AuditHairball.audit-hairball	TaskReady; ExitCode=0; 
2026-06-03T16:45:04.5669900+00:00	WorkerEvent	Layer01Node03.select-l01-n03	TaskSucceeded; ExitCode=0; 
2026-06-03T16:45:04.5675927+00:00	TaskSucceeded	Layer01Node03.select-l01-n03	0
2026-06-03T16:45:04.5681690+00:00	WorkerDeferredForCapacity	AuditHairball	Deferred by orchestration to honor max active worker process capacity.
2026-06-03T16:45:04.5684204+00:00	StopPipeline	AuditHairball	Deferred by orchestration to honor max active worker process capacity.
2026-06-03T16:45:04.5881044+00:00	WorkerEvent	AuditHairball	Closed; ExitCode=0; 
2026-06-03T16:45:04.5888099+00:00	WorkerDeferred	AuditHairball	ResumeTaskId=AuditHairball.audit-hairball
2026-06-03T16:45:04.5894588+00:00	WorkerStarting	Layer01Node08	meta-pipeline
2026-06-03T16:45:04.6833318+00:00	WorkerStarted	Layer01Node08	19216
2026-06-03T16:45:04.6836247+00:00	WorkerControlPipe	Layer01Node08	meta-orchestration-9e463d6710544ad1ad4f7ac13e4eb393
2026-06-03T16:45:04.6839254+00:00	WorkerLog	Layer01Node08	stdout=C:\Users\jimmy\Desktop\meta-bi\Samples\Demos\MetaOrchestrationHairballCliIntegration\Runs\hairball-seed-20260530\RunArtifacts\runs\20260603-164455_58ea81f88bba4eaa96d7f01695212642\logs\Layer01Node08-19216.stdout.log; stderr=C:\Users\jimmy\Desktop\meta-bi\Samples\Demos\MetaOrchestrationHairballCliIntegration\Runs\hairball-seed-20260530\RunArtifacts\runs\20260603-164455_58ea81f88bba4eaa96d7f01695212642\logs\Layer01Node08-19216.stderr.log
2026-06-03T16:45:04.6842181+00:00	WorkerEvent	Layer01Node09.refresh-l01-n09	TaskSucceeded; ExitCode=0; 
2026-06-03T16:45:04.6845986+00:00	TaskSucceeded	Layer01Node09.refresh-l01-n09	0
2026-06-03T16:45:04.6848688+00:00	WorkerEvent	Layer01Node05.export-l01-n05	TaskSucceeded; ExitCode=0; 
2026-06-03T16:45:04.6852078+00:00	TaskSucceeded	Layer01Node05.export-l01-n05	0
2026-06-03T16:45:04.6854085+00:00	WorkerEvent	Layer01Node03	Closed; ExitCode=0; 
2026-06-03T16:45:04.6858515+00:00	WorkerStarting	Layer01Hub	meta-pipeline
2026-06-03T16:45:04.7594780+00:00	WorkerStarted	Layer01Hub	30760
2026-06-03T16:45:04.7598217+00:00	WorkerControlPipe	Layer01Hub	meta-orchestration-a2b8bc70aa4145fcadd6847564b2ec36
2026-06-03T16:45:04.7601845+00:00	WorkerLog	Layer01Hub	stdout=C:\Users\jimmy\Desktop\meta-bi\Samples\Demos\MetaOrchestrationHairballCliIntegration\Runs\hairball-seed-20260530\RunArtifacts\runs\20260603-164455_58ea81f88bba4eaa96d7f01695212642\logs\Layer01Hub-30760.stdout.log; stderr=C:\Users\jimmy\Desktop\meta-bi\Samples\Demos\MetaOrchestrationHairballCliIntegration\Runs\hairball-seed-20260530\RunArtifacts\runs\20260603-164455_58ea81f88bba4eaa96d7f01695212642\logs\Layer01Hub-30760.stderr.log
2026-06-03T16:45:04.7606720+00:00	WorkerEvent	Layer01Node08	WorkerOnline; ExitCode=0; online
2026-06-03T16:45:04.7614922+00:00	WorkerEvent	Layer01Node08	WorkerReady; ExitCode=0; ready
2026-06-03T16:45:04.7637540+00:00	StartPipeline	Layer01Node08	Layer01Node08
2026-06-03T16:45:04.7792129+00:00	WorkerEvent	Layer01Hub	WorkerOnline; ExitCode=0; online
2026-06-03T16:45:04.7809237+00:00	WorkerEvent	Layer01Hub	WorkerReady; ExitCode=0; ready
2026-06-03T16:45:04.7833067+00:00	StartPipeline	Layer01Hub	Layer01Hub
2026-06-03T16:45:05.1738395+00:00	WorkerEvent	Layer01Node08	PipelineStarted; ExitCode=0; pipeline started
2026-06-03T16:45:05.1752477+00:00	WorkerEvent	Layer01Node08.select-l01-n08	TaskReady; ExitCode=0; 
2026-06-03T16:45:05.1759360+00:00	GrantTask	Layer01Node08.select-l01-n08	Layer01Node08.select-l01-n08; GrantId=grant-19; Attempt=1
2026-06-03T16:45:05.1762925+00:00	WorkerEvent	Layer01Node08.select-l01-n08	GrantAccepted; ExitCode=0; 
2026-06-03T16:45:05.1768857+00:00	WorkerEvent	Layer01Node08.select-l01-n08	TaskStarted; ExitCode=0; 
2026-06-03T16:45:05.2946420+00:00	WorkerEvent	Layer01Hub	PipelineStarted; ExitCode=0; pipeline started
2026-06-03T16:45:05.2961334+00:00	WorkerEvent	Layer01Hub.hub-l01-stage	TaskReady; ExitCode=0; 
2026-06-03T16:45:05.2970805+00:00	GrantTask	Layer01Hub.hub-l01-stage	Layer01Hub.hub-l01-stage; GrantId=grant-20; Attempt=1
2026-06-03T16:45:05.2976388+00:00	WorkerEvent	Layer01Hub.hub-l01-stage	GrantAccepted; ExitCode=0; 
2026-06-03T16:45:05.2983691+00:00	WorkerEvent	Layer01Hub.hub-l01-stage	TaskStarted; ExitCode=0; 
2026-06-03T16:45:05.4730102+00:00	WorkerEvent	Layer01Node08.select-l01-n08	TaskSucceeded; ExitCode=0; 
2026-06-03T16:45:05.4735787+00:00	TaskSucceeded	Layer01Node08.select-l01-n08	0
2026-06-03T16:45:05.4952571+00:00	WorkerEvent	Layer01Node08	Closed; ExitCode=0; 
2026-06-03T16:45:05.4957835+00:00	WorkerStarting	Layer02Node02	meta-pipeline
2026-06-03T16:45:05.5694329+00:00	WorkerStarted	Layer02Node02	30812
2026-06-03T16:45:05.5697564+00:00	WorkerControlPipe	Layer02Node02	meta-orchestration-d47e12db78f845b3a1e771d2fa2631aa
2026-06-03T16:45:05.5700299+00:00	WorkerLog	Layer02Node02	stdout=C:\Users\jimmy\Desktop\meta-bi\Samples\Demos\MetaOrchestrationHairballCliIntegration\Runs\hairball-seed-20260530\RunArtifacts\runs\20260603-164455_58ea81f88bba4eaa96d7f01695212642\logs\Layer02Node02-30812.stdout.log; stderr=C:\Users\jimmy\Desktop\meta-bi\Samples\Demos\MetaOrchestrationHairballCliIntegration\Runs\hairball-seed-20260530\RunArtifacts\runs\20260603-164455_58ea81f88bba4eaa96d7f01695212642\logs\Layer02Node02-30812.stderr.log
2026-06-03T16:45:05.5842464+00:00	WorkerEvent	Layer02Node02	WorkerOnline; ExitCode=0; online
2026-06-03T16:45:05.5854401+00:00	WorkerEvent	Layer02Node02	WorkerReady; ExitCode=0; ready
2026-06-03T16:45:05.5875824+00:00	StartPipeline	Layer02Node02	Layer02Node02
2026-06-03T16:45:05.5929544+00:00	WorkerEvent	Layer01Hub.hub-l01-stage	TaskSucceeded; ExitCode=0; 
2026-06-03T16:45:05.5933791+00:00	TaskSucceeded	Layer01Hub.hub-l01-stage	0
2026-06-03T16:45:05.5939373+00:00	WorkerEvent	Layer01Hub.hub-l01-curate	TaskReady; ExitCode=0; 
2026-06-03T16:45:05.5945681+00:00	GrantTask	Layer01Hub.hub-l01-curate	Layer01Hub.hub-l01-curate; GrantId=grant-21; Attempt=1
2026-06-03T16:45:05.5948191+00:00	WorkerEvent	Layer01Hub.hub-l01-curate	GrantAccepted; ExitCode=0; 
2026-06-03T16:45:05.5954053+00:00	WorkerEvent	Layer01Hub.hub-l01-curate	TaskStarted; ExitCode=0; 
2026-06-03T16:45:05.6564206+00:00	WorkerEvent	Layer01Hub.hub-l01-curate	TaskSucceeded; ExitCode=0; 
2026-06-03T16:45:05.6568604+00:00	TaskSucceeded	Layer01Hub.hub-l01-curate	0
2026-06-03T16:45:05.6573592+00:00	WorkerEvent	Layer01Hub.hub-l01-publish	TaskReady; ExitCode=0; 
2026-06-03T16:45:05.6580252+00:00	GrantTask	Layer01Hub.hub-l01-publish	Layer01Hub.hub-l01-publish; GrantId=grant-22; Attempt=1
2026-06-03T16:45:05.6582907+00:00	WorkerEvent	Layer01Hub.hub-l01-publish	GrantAccepted; ExitCode=0; 
2026-06-03T16:45:05.6590172+00:00	WorkerEvent	Layer01Hub.hub-l01-publish	TaskStarted; ExitCode=0; 
2026-06-03T16:45:05.7641728+00:00	WorkerEvent	Layer01Hub.hub-l01-publish	TaskSucceeded; ExitCode=0; 
2026-06-03T16:45:05.7648247+00:00	TaskSucceeded	Layer01Hub.hub-l01-publish	0
2026-06-03T16:45:05.7875216+00:00	WorkerEvent	Layer01Hub	Closed; ExitCode=0; 
2026-06-03T16:45:05.7880475+00:00	WorkerStarting	Layer02Node01	meta-pipeline
2026-06-03T16:45:05.8639859+00:00	WorkerStarted	Layer02Node01	27840
2026-06-03T16:45:05.8642699+00:00	WorkerControlPipe	Layer02Node01	meta-orchestration-490ba3cb54b8444c914fe26e74c2c487
2026-06-03T16:45:05.8646054+00:00	WorkerLog	Layer02Node01	stdout=C:\Users\jimmy\Desktop\meta-bi\Samples\Demos\MetaOrchestrationHairballCliIntegration\Runs\hairball-seed-20260530\RunArtifacts\runs\20260603-164455_58ea81f88bba4eaa96d7f01695212642\logs\Layer02Node01-27840.stdout.log; stderr=C:\Users\jimmy\Desktop\meta-bi\Samples\Demos\MetaOrchestrationHairballCliIntegration\Runs\hairball-seed-20260530\RunArtifacts\runs\20260603-164455_58ea81f88bba4eaa96d7f01695212642\logs\Layer02Node01-27840.stderr.log
2026-06-03T16:45:05.8781281+00:00	WorkerEvent	Layer02Node01	WorkerOnline; ExitCode=0; online
2026-06-03T16:45:05.8792919+00:00	WorkerEvent	Layer02Node01	WorkerReady; ExitCode=0; ready
2026-06-03T16:45:05.8816674+00:00	StartPipeline	Layer02Node01	Layer02Node01
2026-06-03T16:45:05.9961131+00:00	WorkerEvent	Layer02Node02	PipelineStarted; ExitCode=0; pipeline started
2026-06-03T16:45:05.9974693+00:00	WorkerEvent	Layer02Node02.refresh-l02-n02	TaskReady; ExitCode=0; 
2026-06-03T16:45:05.9985966+00:00	GrantTask	Layer02Node02.refresh-l02-n02	Layer02Node02.refresh-l02-n02; GrantId=grant-23; Attempt=1
2026-06-03T16:45:05.9990758+00:00	WorkerEvent	Layer02Node02.refresh-l02-n02	GrantAccepted; ExitCode=0; 
2026-06-03T16:45:05.9996636+00:00	WorkerEvent	Layer02Node02.refresh-l02-n02	TaskStarted; ExitCode=0; 
2026-06-03T16:45:06.2770719+00:00	WorkerEvent	Layer02Node02.refresh-l02-n02	TaskSucceeded; ExitCode=0; 
2026-06-03T16:45:06.2775572+00:00	TaskSucceeded	Layer02Node02.refresh-l02-n02	0
2026-06-03T16:45:06.2975690+00:00	WorkerEvent	Layer02Node02	Closed; ExitCode=0; 
2026-06-03T16:45:06.2984661+00:00	WorkerStarting	Layer02Node04	meta-pipeline
2026-06-03T16:45:06.3656494+00:00	WorkerStarted	Layer02Node04	26384
2026-06-03T16:45:06.3659214+00:00	WorkerControlPipe	Layer02Node04	meta-orchestration-7a1571ced90d4449ab90cf9ba23cc21c
2026-06-03T16:45:06.3661952+00:00	WorkerLog	Layer02Node04	stdout=C:\Users\jimmy\Desktop\meta-bi\Samples\Demos\MetaOrchestrationHairballCliIntegration\Runs\hairball-seed-20260530\RunArtifacts\runs\20260603-164455_58ea81f88bba4eaa96d7f01695212642\logs\Layer02Node04-26384.stdout.log; stderr=C:\Users\jimmy\Desktop\meta-bi\Samples\Demos\MetaOrchestrationHairballCliIntegration\Runs\hairball-seed-20260530\RunArtifacts\runs\20260603-164455_58ea81f88bba4eaa96d7f01695212642\logs\Layer02Node04-26384.stderr.log
2026-06-03T16:45:06.3665617+00:00	WorkerEvent	Layer02Node01	PipelineStarted; ExitCode=0; pipeline started
2026-06-03T16:45:06.3672837+00:00	WorkerEvent	Layer02Node01.select-l02-n01	TaskReady; ExitCode=0; 
2026-06-03T16:45:06.3680334+00:00	GrantTask	Layer02Node01.select-l02-n01	Layer02Node01.select-l02-n01; GrantId=grant-24; Attempt=1
2026-06-03T16:45:06.3686054+00:00	WorkerEvent	Layer02Node01.select-l02-n01	GrantAccepted; ExitCode=0; 
2026-06-03T16:45:06.3693973+00:00	WorkerEvent	Layer02Node01.select-l02-n01	TaskStarted; ExitCode=0; 
2026-06-03T16:45:06.3803078+00:00	WorkerEvent	Layer02Node04	WorkerOnline; ExitCode=0; online
2026-06-03T16:45:06.3818589+00:00	WorkerEvent	Layer02Node04	WorkerReady; ExitCode=0; ready
2026-06-03T16:45:06.3842362+00:00	StartPipeline	Layer02Node04	Layer02Node04
2026-06-03T16:45:06.6727971+00:00	WorkerEvent	Layer02Node01.select-l02-n01	TaskSucceeded; ExitCode=0; 
2026-06-03T16:45:06.6733295+00:00	TaskSucceeded	Layer02Node01.select-l02-n01	0
2026-06-03T16:45:06.6955881+00:00	WorkerEvent	Layer02Node01	Closed; ExitCode=0; 
2026-06-03T16:45:06.6963473+00:00	WorkerStarting	Layer02Node05	meta-pipeline
2026-06-03T16:45:06.7667842+00:00	WorkerStarted	Layer02Node05	25880
2026-06-03T16:45:06.7671272+00:00	WorkerControlPipe	Layer02Node05	meta-orchestration-64a176fb3cf3468e92ca665256b84500
2026-06-03T16:45:06.7675063+00:00	WorkerLog	Layer02Node05	stdout=C:\Users\jimmy\Desktop\meta-bi\Samples\Demos\MetaOrchestrationHairballCliIntegration\Runs\hairball-seed-20260530\RunArtifacts\runs\20260603-164455_58ea81f88bba4eaa96d7f01695212642\logs\Layer02Node05-25880.stdout.log; stderr=C:\Users\jimmy\Desktop\meta-bi\Samples\Demos\MetaOrchestrationHairballCliIntegration\Runs\hairball-seed-20260530\RunArtifacts\runs\20260603-164455_58ea81f88bba4eaa96d7f01695212642\logs\Layer02Node05-25880.stderr.log
2026-06-03T16:45:06.7808504+00:00	WorkerEvent	Layer02Node05	WorkerOnline; ExitCode=0; online
2026-06-03T16:45:06.7823322+00:00	WorkerEvent	Layer02Node05	WorkerReady; ExitCode=0; ready
2026-06-03T16:45:06.7846558+00:00	StartPipeline	Layer02Node05	Layer02Node05
2026-06-03T16:45:06.7969448+00:00	WorkerEvent	Layer02Node04	PipelineStarted; ExitCode=0; pipeline started
2026-06-03T16:45:06.7984489+00:00	WorkerEvent	Layer02Node04.export-l02-n04	TaskReady; ExitCode=0; 
2026-06-03T16:45:06.7992065+00:00	GrantTask	Layer02Node04.export-l02-n04	Layer02Node04.export-l02-n04; GrantId=grant-25; Attempt=1
2026-06-03T16:45:06.7997217+00:00	WorkerEvent	Layer02Node04.export-l02-n04	GrantAccepted; ExitCode=0; 
2026-06-03T16:45:06.8002231+00:00	WorkerEvent	Layer02Node04.export-l02-n04	TaskStarted; ExitCode=0; 
2026-06-03T16:45:07.1165064+00:00	WorkerEvent	Layer02Node04.export-l02-n04	TaskSucceeded; ExitCode=0; 
2026-06-03T16:45:07.1171084+00:00	TaskSucceeded	Layer02Node04.export-l02-n04	0
2026-06-03T16:45:07.1381751+00:00	WorkerEvent	Layer02Node04	Closed; ExitCode=0; 
2026-06-03T16:45:07.1388725+00:00	WorkerStarting	Layer02Node06	meta-pipeline
2026-06-03T16:45:07.2114657+00:00	WorkerStarted	Layer02Node06	28484
2026-06-03T16:45:07.2117705+00:00	WorkerControlPipe	Layer02Node06	meta-orchestration-25576a266e3f404e970bca92edf57250
2026-06-03T16:45:07.2119965+00:00	WorkerLog	Layer02Node06	stdout=C:\Users\jimmy\Desktop\meta-bi\Samples\Demos\MetaOrchestrationHairballCliIntegration\Runs\hairball-seed-20260530\RunArtifacts\runs\20260603-164455_58ea81f88bba4eaa96d7f01695212642\logs\Layer02Node06-28484.stdout.log; stderr=C:\Users\jimmy\Desktop\meta-bi\Samples\Demos\MetaOrchestrationHairballCliIntegration\Runs\hairball-seed-20260530\RunArtifacts\runs\20260603-164455_58ea81f88bba4eaa96d7f01695212642\logs\Layer02Node06-28484.stderr.log
2026-06-03T16:45:07.2122250+00:00	WorkerEvent	Layer02Node05	PipelineStarted; ExitCode=0; pipeline started
2026-06-03T16:45:07.2127738+00:00	WorkerEvent	Layer02Node05.select-l02-n05	TaskReady; ExitCode=0; 
2026-06-03T16:45:07.2134159+00:00	GrantTask	Layer02Node05.select-l02-n05	Layer02Node05.select-l02-n05; GrantId=grant-26; Attempt=1
2026-06-03T16:45:07.2139319+00:00	WorkerEvent	Layer02Node05.select-l02-n05	GrantAccepted; ExitCode=0; 
2026-06-03T16:45:07.2144906+00:00	WorkerEvent	Layer02Node05.select-l02-n05	TaskStarted; ExitCode=0; 
2026-06-03T16:45:07.2282316+00:00	WorkerEvent	Layer02Node06	WorkerOnline; ExitCode=0; online
2026-06-03T16:45:07.2295332+00:00	WorkerEvent	Layer02Node06	WorkerReady; ExitCode=0; ready
2026-06-03T16:45:07.2320062+00:00	StartPipeline	Layer02Node06	Layer02Node06
2026-06-03T16:45:07.5124608+00:00	WorkerEvent	Layer02Node05.select-l02-n05	TaskSucceeded; ExitCode=0; 
2026-06-03T16:45:07.5130070+00:00	TaskSucceeded	Layer02Node05.select-l02-n05	0
2026-06-03T16:45:07.5350954+00:00	WorkerEvent	Layer02Node05	Closed; ExitCode=0; 
2026-06-03T16:45:07.5360242+00:00	WorkerStarting	Layer02Node07	meta-pipeline
2026-06-03T16:45:07.6303833+00:00	WorkerStarted	Layer02Node07	22392
2026-06-03T16:45:07.6309091+00:00	WorkerControlPipe	Layer02Node07	meta-orchestration-35bf9e051af44c8199984c2528b9cac9
2026-06-03T16:45:07.6312483+00:00	WorkerLog	Layer02Node07	stdout=C:\Users\jimmy\Desktop\meta-bi\Samples\Demos\MetaOrchestrationHairballCliIntegration\Runs\hairball-seed-20260530\RunArtifacts\runs\20260603-164455_58ea81f88bba4eaa96d7f01695212642\logs\Layer02Node07-22392.stdout.log; stderr=C:\Users\jimmy\Desktop\meta-bi\Samples\Demos\MetaOrchestrationHairballCliIntegration\Runs\hairball-seed-20260530\RunArtifacts\runs\20260603-164455_58ea81f88bba4eaa96d7f01695212642\logs\Layer02Node07-22392.stderr.log
2026-06-03T16:45:07.6402756+00:00	WorkerEvent	Layer02Node06	PipelineStarted; ExitCode=0; pipeline started
2026-06-03T16:45:07.6417564+00:00	WorkerEvent	Layer02Node06.refresh-l02-n06	TaskReady; ExitCode=0; 
2026-06-03T16:45:07.6425641+00:00	GrantTask	Layer02Node06.refresh-l02-n06	Layer02Node06.refresh-l02-n06; GrantId=grant-27; Attempt=1
2026-06-03T16:45:07.6431048+00:00	WorkerEvent	Layer02Node06.refresh-l02-n06	GrantAccepted; ExitCode=0; 
2026-06-03T16:45:07.6438232+00:00	WorkerEvent	Layer02Node06.refresh-l02-n06	TaskStarted; ExitCode=0; 
2026-06-03T16:45:07.6478927+00:00	WorkerEvent	Layer02Node07	WorkerOnline; ExitCode=0; online
2026-06-03T16:45:07.6493585+00:00	WorkerEvent	Layer02Node07	WorkerReady; ExitCode=0; ready
2026-06-03T16:45:07.6525473+00:00	StartPipeline	Layer02Node07	Layer02Node07
2026-06-03T16:45:07.9610393+00:00	WorkerEvent	Layer02Node06.refresh-l02-n06	TaskSucceeded; ExitCode=0; 
2026-06-03T16:45:07.9616065+00:00	TaskSucceeded	Layer02Node06.refresh-l02-n06	0
2026-06-03T16:45:07.9859675+00:00	WorkerEvent	Layer02Node06	Closed; ExitCode=0; 
2026-06-03T16:45:07.9867996+00:00	WorkerStarting	Layer02Node08	meta-pipeline
2026-06-03T16:45:08.0715603+00:00	WorkerStarted	Layer02Node08	27388
2026-06-03T16:45:08.0719750+00:00	WorkerControlPipe	Layer02Node08	meta-orchestration-08a30762b3244c93858354aea5a8e4d8
2026-06-03T16:45:08.0722499+00:00	WorkerLog	Layer02Node08	stdout=C:\Users\jimmy\Desktop\meta-bi\Samples\Demos\MetaOrchestrationHairballCliIntegration\Runs\hairball-seed-20260530\RunArtifacts\runs\20260603-164455_58ea81f88bba4eaa96d7f01695212642\logs\Layer02Node08-27388.stdout.log; stderr=C:\Users\jimmy\Desktop\meta-bi\Samples\Demos\MetaOrchestrationHairballCliIntegration\Runs\hairball-seed-20260530\RunArtifacts\runs\20260603-164455_58ea81f88bba4eaa96d7f01695212642\logs\Layer02Node08-27388.stderr.log
2026-06-03T16:45:08.0986302+00:00	WorkerEvent	Layer02Node08	WorkerOnline; ExitCode=0; online
2026-06-03T16:45:08.1005355+00:00	WorkerEvent	Layer02Node08	WorkerReady; ExitCode=0; ready
2026-06-03T16:45:08.1037794+00:00	StartPipeline	Layer02Node08	Layer02Node08
2026-06-03T16:45:08.1383251+00:00	WorkerEvent	Layer02Node07	PipelineStarted; ExitCode=0; pipeline started
2026-06-03T16:45:08.1402610+00:00	WorkerEvent	Layer02Node07.refresh-l02-n07	TaskReady; ExitCode=0; 
2026-06-03T16:45:08.1411404+00:00	GrantTask	Layer02Node07.refresh-l02-n07	Layer02Node07.refresh-l02-n07; GrantId=grant-28; Attempt=1
2026-06-03T16:45:08.1415752+00:00	WorkerEvent	Layer02Node07.refresh-l02-n07	GrantAccepted; ExitCode=0; 
2026-06-03T16:45:08.1421885+00:00	WorkerEvent	Layer02Node07.refresh-l02-n07	TaskStarted; ExitCode=0; 
2026-06-03T16:45:08.3950021+00:00	WorkerEvent	Layer02Node07.refresh-l02-n07	TaskSucceeded; ExitCode=0; 
2026-06-03T16:45:08.3956162+00:00	TaskSucceeded	Layer02Node07.refresh-l02-n07	0
2026-06-03T16:45:08.4161274+00:00	WorkerEvent	Layer02Node07	Closed; ExitCode=0; 
2026-06-03T16:45:08.4166792+00:00	WorkerStarting	Layer03Node02	meta-pipeline
2026-06-03T16:45:08.4875578+00:00	WorkerStarted	Layer03Node02	26596
2026-06-03T16:45:08.4878672+00:00	WorkerControlPipe	Layer03Node02	meta-orchestration-400adb15d77c43078b0c03ced3b14688
2026-06-03T16:45:08.4881626+00:00	WorkerLog	Layer03Node02	stdout=C:\Users\jimmy\Desktop\meta-bi\Samples\Demos\MetaOrchestrationHairballCliIntegration\Runs\hairball-seed-20260530\RunArtifacts\runs\20260603-164455_58ea81f88bba4eaa96d7f01695212642\logs\Layer03Node02-26596.stdout.log; stderr=C:\Users\jimmy\Desktop\meta-bi\Samples\Demos\MetaOrchestrationHairballCliIntegration\Runs\hairball-seed-20260530\RunArtifacts\runs\20260603-164455_58ea81f88bba4eaa96d7f01695212642\logs\Layer03Node02-26596.stderr.log
2026-06-03T16:45:08.4905936+00:00	WorkerEvent	Layer02Node08	PipelineStarted; ExitCode=0; pipeline started
2026-06-03T16:45:08.4919049+00:00	WorkerEvent	Layer02Node08.refresh-l02-n08	TaskReady; ExitCode=0; 
2026-06-03T16:45:08.4928014+00:00	GrantTask	Layer02Node08.refresh-l02-n08	Layer02Node08.refresh-l02-n08; GrantId=grant-29; Attempt=1
2026-06-03T16:45:08.4931499+00:00	WorkerEvent	Layer02Node08.refresh-l02-n08	GrantAccepted; ExitCode=0; 
2026-06-03T16:45:08.4937926+00:00	WorkerEvent	Layer02Node08.refresh-l02-n08	TaskStarted; ExitCode=0; 
2026-06-03T16:45:08.5022710+00:00	WorkerEvent	Layer03Node02	WorkerOnline; ExitCode=0; online
2026-06-03T16:45:08.5033857+00:00	WorkerEvent	Layer03Node02	WorkerReady; ExitCode=0; ready
2026-06-03T16:45:08.5055825+00:00	StartPipeline	Layer03Node02	Layer03Node02
2026-06-03T16:45:08.7384222+00:00	WorkerEvent	Layer02Node08.refresh-l02-n08	TaskSucceeded; ExitCode=0; 
2026-06-03T16:45:08.7390687+00:00	TaskSucceeded	Layer02Node08.refresh-l02-n08	0
2026-06-03T16:45:08.7597469+00:00	WorkerEvent	Layer02Node08	Closed; ExitCode=0; 
2026-06-03T16:45:08.7602865+00:00	WorkerStarting	Layer02Hub	meta-pipeline
2026-06-03T16:45:08.8351275+00:00	WorkerStarted	Layer02Hub	7056
2026-06-03T16:45:08.8354712+00:00	WorkerControlPipe	Layer02Hub	meta-orchestration-e393cb43662e42cd8d77706f79f8c2ff
2026-06-03T16:45:08.8357388+00:00	WorkerLog	Layer02Hub	stdout=C:\Users\jimmy\Desktop\meta-bi\Samples\Demos\MetaOrchestrationHairballCliIntegration\Runs\hairball-seed-20260530\RunArtifacts\runs\20260603-164455_58ea81f88bba4eaa96d7f01695212642\logs\Layer02Hub-7056.stdout.log; stderr=C:\Users\jimmy\Desktop\meta-bi\Samples\Demos\MetaOrchestrationHairballCliIntegration\Runs\hairball-seed-20260530\RunArtifacts\runs\20260603-164455_58ea81f88bba4eaa96d7f01695212642\logs\Layer02Hub-7056.stderr.log
2026-06-03T16:45:08.8506182+00:00	WorkerEvent	Layer02Hub	WorkerOnline; ExitCode=0; online
2026-06-03T16:45:08.8518063+00:00	WorkerEvent	Layer02Hub	WorkerReady; ExitCode=0; ready
2026-06-03T16:45:08.8545231+00:00	StartPipeline	Layer02Hub	Layer02Hub
2026-06-03T16:45:08.8929077+00:00	WorkerEvent	Layer03Node02	PipelineStarted; ExitCode=0; pipeline started
2026-06-03T16:45:08.8944065+00:00	WorkerEvent	Layer03Node02.export-l03-n02	TaskReady; ExitCode=0; 
2026-06-03T16:45:08.8956363+00:00	GrantTask	Layer03Node02.export-l03-n02	Layer03Node02.export-l03-n02; GrantId=grant-30; Attempt=1
2026-06-03T16:45:08.8961936+00:00	WorkerEvent	Layer03Node02.export-l03-n02	GrantAccepted; ExitCode=0; 
2026-06-03T16:45:08.8971611+00:00	WorkerEvent	Layer03Node02.export-l03-n02	TaskStarted; ExitCode=0; 
2026-06-03T16:45:09.2612936+00:00	WorkerEvent	Layer03Node02.export-l03-n02	TaskSucceeded; ExitCode=0; 
2026-06-03T16:45:09.2618360+00:00	TaskSucceeded	Layer03Node02.export-l03-n02	0
2026-06-03T16:45:09.2842145+00:00	WorkerEvent	Layer03Node02	Closed; ExitCode=0; 
2026-06-03T16:45:09.2847656+00:00	WorkerStarting	Layer03Node03	meta-pipeline
2026-06-03T16:45:09.3615437+00:00	WorkerStarted	Layer03Node03	28144
2026-06-03T16:45:09.3618994+00:00	WorkerControlPipe	Layer03Node03	meta-orchestration-27d4b0adf8dc420fb4c805e17d61ec6a
2026-06-03T16:45:09.3622033+00:00	WorkerLog	Layer03Node03	stdout=C:\Users\jimmy\Desktop\meta-bi\Samples\Demos\MetaOrchestrationHairballCliIntegration\Runs\hairball-seed-20260530\RunArtifacts\runs\20260603-164455_58ea81f88bba4eaa96d7f01695212642\logs\Layer03Node03-28144.stdout.log; stderr=C:\Users\jimmy\Desktop\meta-bi\Samples\Demos\MetaOrchestrationHairballCliIntegration\Runs\hairball-seed-20260530\RunArtifacts\runs\20260603-164455_58ea81f88bba4eaa96d7f01695212642\logs\Layer03Node03-28144.stderr.log
2026-06-03T16:45:09.3795065+00:00	WorkerEvent	Layer03Node03	WorkerOnline; ExitCode=0; online
2026-06-03T16:45:09.3813058+00:00	WorkerEvent	Layer03Node03	WorkerReady; ExitCode=0; ready
2026-06-03T16:45:09.3840043+00:00	StartPipeline	Layer03Node03	Layer03Node03
2026-06-03T16:45:09.4527198+00:00	WorkerEvent	Layer02Hub	PipelineStarted; ExitCode=0; pipeline started
2026-06-03T16:45:09.4543053+00:00	WorkerEvent	Layer02Hub.hub-l02-stage	TaskReady; ExitCode=0; 
2026-06-03T16:45:09.4551403+00:00	GrantTask	Layer02Hub.hub-l02-stage	Layer02Hub.hub-l02-stage; GrantId=grant-31; Attempt=1
2026-06-03T16:45:09.4557081+00:00	WorkerEvent	Layer02Hub.hub-l02-stage	GrantAccepted; ExitCode=0; 
2026-06-03T16:45:09.4564010+00:00	WorkerEvent	Layer02Hub.hub-l02-stage	TaskStarted; ExitCode=0; 
2026-06-03T16:45:09.7833090+00:00	WorkerEvent	Layer02Hub.hub-l02-stage	TaskSucceeded; ExitCode=0; 
2026-06-03T16:45:09.7839476+00:00	TaskSucceeded	Layer02Hub.hub-l02-stage	0
2026-06-03T16:45:09.7846571+00:00	WorkerEvent	Layer02Hub.hub-l02-curate	TaskReady; ExitCode=0; 
2026-06-03T16:45:09.7855159+00:00	GrantTask	Layer02Hub.hub-l02-curate	Layer02Hub.hub-l02-curate; GrantId=grant-32; Attempt=1
2026-06-03T16:45:09.7858986+00:00	WorkerEvent	Layer02Hub.hub-l02-curate	GrantAccepted; ExitCode=0; 
2026-06-03T16:45:09.7865158+00:00	WorkerEvent	Layer02Hub.hub-l02-curate	TaskStarted; ExitCode=0; 
2026-06-03T16:45:09.8273709+00:00	WorkerEvent	Layer03Node03	PipelineStarted; ExitCode=0; pipeline started
2026-06-03T16:45:09.8285163+00:00	WorkerEvent	Layer03Node03.export-l03-n03	TaskReady; ExitCode=0; 
2026-06-03T16:45:09.8293685+00:00	GrantTask	Layer03Node03.export-l03-n03	Layer03Node03.export-l03-n03; GrantId=grant-33; Attempt=1
2026-06-03T16:45:09.8299763+00:00	WorkerEvent	Layer03Node03.export-l03-n03	GrantAccepted; ExitCode=0; 
2026-06-03T16:45:09.8305789+00:00	WorkerEvent	Layer03Node03.export-l03-n03	TaskStarted; ExitCode=0; 
2026-06-03T16:45:09.8434515+00:00	WorkerEvent	Layer02Hub.hub-l02-curate	TaskSucceeded; ExitCode=0; 
2026-06-03T16:45:09.8440056+00:00	TaskSucceeded	Layer02Hub.hub-l02-curate	0
2026-06-03T16:45:09.8444861+00:00	WorkerEvent	Layer02Hub.hub-l02-publish	TaskReady; ExitCode=0; 
2026-06-03T16:45:09.8452053+00:00	GrantTask	Layer02Hub.hub-l02-publish	Layer02Hub.hub-l02-publish; GrantId=grant-34; Attempt=1
2026-06-03T16:45:09.8455464+00:00	WorkerEvent	Layer02Hub.hub-l02-publish	GrantAccepted; ExitCode=0; 
2026-06-03T16:45:09.8461418+00:00	WorkerEvent	Layer02Hub.hub-l02-publish	TaskStarted; ExitCode=0; 
2026-06-03T16:45:10.0127766+00:00	WorkerEvent	Layer02Hub.hub-l02-publish	TaskSucceeded; ExitCode=0; 
2026-06-03T16:45:10.0132854+00:00	TaskSucceeded	Layer02Hub.hub-l02-publish	0
2026-06-03T16:45:10.0353919+00:00	WorkerEvent	Layer02Hub	Closed; ExitCode=0; 
2026-06-03T16:45:10.0361336+00:00	WorkerResuming	BridgeL01L02	ResumeTaskId=BridgeL01L02.bridge-l01-l02-collect; Executable=meta-pipeline
2026-06-03T16:45:10.1107431+00:00	WorkerStarted	BridgeL01L02	28544
2026-06-03T16:45:10.1110578+00:00	WorkerControlPipe	BridgeL01L02	meta-orchestration-026d6e52237e429ca8d226ffa3c20bd5
2026-06-03T16:45:10.1113506+00:00	WorkerLog	BridgeL01L02	stdout=C:\Users\jimmy\Desktop\meta-bi\Samples\Demos\MetaOrchestrationHairballCliIntegration\Runs\hairball-seed-20260530\RunArtifacts\runs\20260603-164455_58ea81f88bba4eaa96d7f01695212642\logs\BridgeL01L02-28544.stdout.log; stderr=C:\Users\jimmy\Desktop\meta-bi\Samples\Demos\MetaOrchestrationHairballCliIntegration\Runs\hairball-seed-20260530\RunArtifacts\runs\20260603-164455_58ea81f88bba4eaa96d7f01695212642\logs\BridgeL01L02-28544.stderr.log
2026-06-03T16:45:10.1271509+00:00	WorkerEvent	BridgeL01L02	WorkerOnline; ExitCode=0; online
2026-06-03T16:45:10.1285186+00:00	WorkerEvent	BridgeL01L02	WorkerReady; ExitCode=0; ready
2026-06-03T16:45:10.1308557+00:00	StartPipeline	BridgeL01L02	BridgeL01L02
2026-06-03T16:45:10.1883849+00:00	WorkerEvent	Layer03Node03.export-l03-n03	TaskSucceeded; ExitCode=0; 
2026-06-03T16:45:10.1888904+00:00	TaskSucceeded	Layer03Node03.export-l03-n03	0
2026-06-03T16:45:10.2120469+00:00	WorkerEvent	Layer03Node03	Closed; ExitCode=0; 
2026-06-03T16:45:10.2140446+00:00	WorkerStarting	Layer03Node01	meta-pipeline
2026-06-03T16:45:10.3002844+00:00	WorkerStarted	Layer03Node01	27408
2026-06-03T16:45:10.3006927+00:00	WorkerControlPipe	Layer03Node01	meta-orchestration-59e8af5e0bd44d8398d5d9ac33a2de7e
2026-06-03T16:45:10.3009813+00:00	WorkerLog	Layer03Node01	stdout=C:\Users\jimmy\Desktop\meta-bi\Samples\Demos\MetaOrchestrationHairballCliIntegration\Runs\hairball-seed-20260530\RunArtifacts\runs\20260603-164455_58ea81f88bba4eaa96d7f01695212642\logs\Layer03Node01-27408.stdout.log; stderr=C:\Users\jimmy\Desktop\meta-bi\Samples\Demos\MetaOrchestrationHairballCliIntegration\Runs\hairball-seed-20260530\RunArtifacts\runs\20260603-164455_58ea81f88bba4eaa96d7f01695212642\logs\Layer03Node01-27408.stderr.log
2026-06-03T16:45:10.3182859+00:00	WorkerEvent	Layer03Node01	WorkerOnline; ExitCode=0; online
2026-06-03T16:45:10.3196811+00:00	WorkerEvent	Layer03Node01	WorkerReady; ExitCode=0; ready
2026-06-03T16:45:10.3218732+00:00	StartPipeline	Layer03Node01	Layer03Node01
2026-06-03T16:45:10.6886990+00:00	WorkerEvent	BridgeL01L02	PipelineStarted; ExitCode=0; pipeline started
2026-06-03T16:45:10.6903441+00:00	WorkerEvent	BridgeL01L02.bridge-l01-l02-collect	TaskReady; ExitCode=0; 
2026-06-03T16:45:10.6912499+00:00	GrantTask	BridgeL01L02.bridge-l01-l02-collect	BridgeL01L02.bridge-l01-l02-collect; GrantId=grant-35; Attempt=1
2026-06-03T16:45:10.6916129+00:00	WorkerEvent	BridgeL01L02.bridge-l01-l02-collect	GrantAccepted; ExitCode=0; 
2026-06-03T16:45:10.6926945+00:00	WorkerEvent	BridgeL01L02.bridge-l01-l02-collect	TaskStarted; ExitCode=0; 
2026-06-03T16:45:10.7452907+00:00	WorkerEvent	Layer03Node01	PipelineStarted; ExitCode=0; pipeline started
2026-06-03T16:45:10.7471088+00:00	WorkerEvent	Layer03Node01.select-l03-n01	TaskReady; ExitCode=0; 
2026-06-03T16:45:10.7478477+00:00	GrantTask	Layer03Node01.select-l03-n01	Layer03Node01.select-l03-n01; GrantId=grant-36; Attempt=1
2026-06-03T16:45:10.7486404+00:00	WorkerEvent	Layer03Node01.select-l03-n01	GrantAccepted; ExitCode=0; 
2026-06-03T16:45:10.7493441+00:00	WorkerEvent	Layer03Node01.select-l03-n01	TaskStarted; ExitCode=0; 
2026-06-03T16:45:11.0347855+00:00	WorkerEvent	Layer03Node01.select-l03-n01	TaskSucceeded; ExitCode=0; 
2026-06-03T16:45:11.0353528+00:00	TaskSucceeded	Layer03Node01.select-l03-n01	0
2026-06-03T16:45:11.0555470+00:00	WorkerEvent	BridgeL01L02.bridge-l01-l02-collect	TaskSucceeded; ExitCode=0; 
2026-06-03T16:45:11.0561605+00:00	TaskSucceeded	BridgeL01L02.bridge-l01-l02-collect	0
2026-06-03T16:45:11.0567879+00:00	WorkerEvent	BridgeL01L02.bridge-l01-l02-north	TaskReady; ExitCode=0; 
2026-06-03T16:45:11.0576122+00:00	GrantTask	BridgeL01L02.bridge-l01-l02-north	BridgeL01L02.bridge-l01-l02-north; GrantId=grant-37; Attempt=1
2026-06-03T16:45:11.0579149+00:00	WorkerEvent	BridgeL01L02.bridge-l01-l02-north	GrantAccepted; ExitCode=0; 
2026-06-03T16:45:11.0583480+00:00	WorkerEvent	Layer03Node01	Closed; ExitCode=0; 
2026-06-03T16:45:11.0587402+00:00	WorkerEvent	BridgeL01L02.bridge-l01-l02-north	TaskStarted; ExitCode=0; 
2026-06-03T16:45:11.0593590+00:00	WorkerStarting	Layer03Node06	meta-pipeline
2026-06-03T16:45:11.1488480+00:00	WorkerStarted	Layer03Node06	20492
2026-06-03T16:45:11.1493096+00:00	WorkerControlPipe	Layer03Node06	meta-orchestration-d24ed7c90e524f2eab1234a249804b7c
2026-06-03T16:45:11.1496156+00:00	WorkerLog	Layer03Node06	stdout=C:\Users\jimmy\Desktop\meta-bi\Samples\Demos\MetaOrchestrationHairballCliIntegration\Runs\hairball-seed-20260530\RunArtifacts\runs\20260603-164455_58ea81f88bba4eaa96d7f01695212642\logs\Layer03Node06-20492.stdout.log; stderr=C:\Users\jimmy\Desktop\meta-bi\Samples\Demos\MetaOrchestrationHairballCliIntegration\Runs\hairball-seed-20260530\RunArtifacts\runs\20260603-164455_58ea81f88bba4eaa96d7f01695212642\logs\Layer03Node06-20492.stderr.log
2026-06-03T16:45:11.1499203+00:00	WorkerEvent	BridgeL01L02.bridge-l01-l02-north	TaskSucceeded; ExitCode=0; 
2026-06-03T16:45:11.1505271+00:00	TaskSucceeded	BridgeL01L02.bridge-l01-l02-north	0
2026-06-03T16:45:11.1511541+00:00	WorkerEvent	BridgeL01L02.bridge-l01-l02-south	TaskReady; ExitCode=0; 
2026-06-03T16:45:11.1519107+00:00	GrantTask	BridgeL01L02.bridge-l01-l02-south	BridgeL01L02.bridge-l01-l02-south; GrantId=grant-38; Attempt=1
2026-06-03T16:45:11.1522144+00:00	WorkerEvent	BridgeL01L02.bridge-l01-l02-south	GrantAccepted; ExitCode=0; 
2026-06-03T16:45:11.1528510+00:00	WorkerEvent	BridgeL01L02.bridge-l01-l02-south	TaskStarted; ExitCode=0; 
2026-06-03T16:45:11.1671376+00:00	WorkerEvent	Layer03Node06	WorkerOnline; ExitCode=0; online
2026-06-03T16:45:11.1684399+00:00	WorkerEvent	Layer03Node06	WorkerReady; ExitCode=0; ready
2026-06-03T16:45:11.1708450+00:00	StartPipeline	Layer03Node06	Layer03Node06
2026-06-03T16:45:11.2161371+00:00	WorkerEvent	BridgeL01L02.bridge-l01-l02-south	TaskSucceeded; ExitCode=0; 
2026-06-03T16:45:11.2168442+00:00	TaskSucceeded	BridgeL01L02.bridge-l01-l02-south	0
2026-06-03T16:45:11.2372242+00:00	WorkerEvent	BridgeL01L02	Closed; ExitCode=0; 
2026-06-03T16:45:11.2381922+00:00	WorkerStarting	Layer03Node04	meta-pipeline
2026-06-03T16:45:11.3177876+00:00	WorkerStarted	Layer03Node04	22120
2026-06-03T16:45:11.3182608+00:00	WorkerControlPipe	Layer03Node04	meta-orchestration-b528a635e07142cfab8af37a2ff03b86
2026-06-03T16:45:11.3186084+00:00	WorkerLog	Layer03Node04	stdout=C:\Users\jimmy\Desktop\meta-bi\Samples\Demos\MetaOrchestrationHairballCliIntegration\Runs\hairball-seed-20260530\RunArtifacts\runs\20260603-164455_58ea81f88bba4eaa96d7f01695212642\logs\Layer03Node04-22120.stdout.log; stderr=C:\Users\jimmy\Desktop\meta-bi\Samples\Demos\MetaOrchestrationHairballCliIntegration\Runs\hairball-seed-20260530\RunArtifacts\runs\20260603-164455_58ea81f88bba4eaa96d7f01695212642\logs\Layer03Node04-22120.stderr.log
2026-06-03T16:45:11.3392305+00:00	WorkerEvent	Layer03Node04	WorkerOnline; ExitCode=0; online
2026-06-03T16:45:11.3407814+00:00	WorkerEvent	Layer03Node04	WorkerReady; ExitCode=0; ready
2026-06-03T16:45:11.3437133+00:00	StartPipeline	Layer03Node04	Layer03Node04
2026-06-03T16:45:11.5900758+00:00	WorkerEvent	Layer03Node06	PipelineStarted; ExitCode=0; pipeline started
2026-06-03T16:45:11.5918571+00:00	WorkerEvent	Layer03Node06.refresh-l03-n06	TaskReady; ExitCode=0; 
2026-06-03T16:45:11.5931088+00:00	GrantTask	Layer03Node06.refresh-l03-n06	Layer03Node06.refresh-l03-n06; GrantId=grant-39; Attempt=1
2026-06-03T16:45:11.5934723+00:00	WorkerEvent	Layer03Node06.refresh-l03-n06	GrantAccepted; ExitCode=0; 
2026-06-03T16:45:11.5941214+00:00	WorkerEvent	Layer03Node06.refresh-l03-n06	TaskStarted; ExitCode=0; 
2026-06-03T16:45:11.7887097+00:00	WorkerEvent	Layer03Node04	PipelineStarted; ExitCode=0; pipeline started
2026-06-03T16:45:11.7899311+00:00	WorkerEvent	Layer03Node04.select-l03-n04	TaskReady; ExitCode=0; 
2026-06-03T16:45:11.7906911+00:00	GrantTask	Layer03Node04.select-l03-n04	Layer03Node04.select-l03-n04; GrantId=grant-40; Attempt=1
2026-06-03T16:45:11.7914748+00:00	WorkerEvent	Layer03Node04.select-l03-n04	GrantAccepted; ExitCode=0; 
2026-06-03T16:45:11.7919504+00:00	WorkerEvent	Layer03Node04.select-l03-n04	TaskStarted; ExitCode=0; 
2026-06-03T16:45:11.8607856+00:00	WorkerEvent	Layer03Node06.refresh-l03-n06	TaskSucceeded; ExitCode=0; 
2026-06-03T16:45:11.8614113+00:00	TaskSucceeded	Layer03Node06.refresh-l03-n06	0
2026-06-03T16:45:11.8842263+00:00	WorkerEvent	Layer03Node06	Closed; ExitCode=0; 
2026-06-03T16:45:11.8848963+00:00	WorkerStarting	Layer03Node05	meta-pipeline
2026-06-03T16:45:11.9674684+00:00	WorkerStarted	Layer03Node05	29712
2026-06-03T16:45:11.9678236+00:00	WorkerControlPipe	Layer03Node05	meta-orchestration-8c0bc0e54f164f25830ec599882d5adb
2026-06-03T16:45:11.9681618+00:00	WorkerLog	Layer03Node05	stdout=C:\Users\jimmy\Desktop\meta-bi\Samples\Demos\MetaOrchestrationHairballCliIntegration\Runs\hairball-seed-20260530\RunArtifacts\runs\20260603-164455_58ea81f88bba4eaa96d7f01695212642\logs\Layer03Node05-29712.stdout.log; stderr=C:\Users\jimmy\Desktop\meta-bi\Samples\Demos\MetaOrchestrationHairballCliIntegration\Runs\hairball-seed-20260530\RunArtifacts\runs\20260603-164455_58ea81f88bba4eaa96d7f01695212642\logs\Layer03Node05-29712.stderr.log
2026-06-03T16:45:11.9875877+00:00	WorkerEvent	Layer03Node05	WorkerOnline; ExitCode=0; online
2026-06-03T16:45:11.9892377+00:00	WorkerEvent	Layer03Node05	WorkerReady; ExitCode=0; ready
2026-06-03T16:45:11.9920549+00:00	StartPipeline	Layer03Node05	Layer03Node05
2026-06-03T16:45:12.1087428+00:00	WorkerEvent	Layer03Node04.select-l03-n04	TaskSucceeded; ExitCode=0; 
2026-06-03T16:45:12.1092716+00:00	TaskSucceeded	Layer03Node04.select-l03-n04	0
2026-06-03T16:45:12.1302355+00:00	WorkerEvent	Layer03Node04	Closed; ExitCode=0; 
2026-06-03T16:45:12.1309278+00:00	WorkerStarting	Layer03Node07	meta-pipeline
2026-06-03T16:45:12.2159396+00:00	WorkerStarted	Layer03Node07	19680
2026-06-03T16:45:12.2162835+00:00	WorkerControlPipe	Layer03Node07	meta-orchestration-14ef4008140d497daadb4298ffd7e420
2026-06-03T16:45:12.2165750+00:00	WorkerLog	Layer03Node07	stdout=C:\Users\jimmy\Desktop\meta-bi\Samples\Demos\MetaOrchestrationHairballCliIntegration\Runs\hairball-seed-20260530\RunArtifacts\runs\20260603-164455_58ea81f88bba4eaa96d7f01695212642\logs\Layer03Node07-19680.stdout.log; stderr=C:\Users\jimmy\Desktop\meta-bi\Samples\Demos\MetaOrchestrationHairballCliIntegration\Runs\hairball-seed-20260530\RunArtifacts\runs\20260603-164455_58ea81f88bba4eaa96d7f01695212642\logs\Layer03Node07-19680.stderr.log
2026-06-03T16:45:12.2347056+00:00	WorkerEvent	Layer03Node07	WorkerOnline; ExitCode=0; online
2026-06-03T16:45:12.2365515+00:00	WorkerEvent	Layer03Node07	WorkerReady; ExitCode=0; ready
2026-06-03T16:45:12.2398196+00:00	StartPipeline	Layer03Node07	Layer03Node07
2026-06-03T16:45:12.4625922+00:00	WorkerEvent	Layer03Node05	PipelineStarted; ExitCode=0; pipeline started
2026-06-03T16:45:12.4640809+00:00	WorkerEvent	Layer03Node05.select-l03-n05	TaskReady; ExitCode=0; 
2026-06-03T16:45:12.4648947+00:00	GrantTask	Layer03Node05.select-l03-n05	Layer03Node05.select-l03-n05; GrantId=grant-41; Attempt=1
2026-06-03T16:45:12.4655213+00:00	WorkerEvent	Layer03Node05.select-l03-n05	GrantAccepted; ExitCode=0; 
2026-06-03T16:45:12.4662796+00:00	WorkerEvent	Layer03Node05.select-l03-n05	TaskStarted; ExitCode=0; 
2026-06-03T16:45:12.6492315+00:00	WorkerEvent	Layer03Node07	PipelineStarted; ExitCode=0; pipeline started
2026-06-03T16:45:12.6504948+00:00	WorkerEvent	Layer03Node07.refresh-l03-n07	TaskReady; ExitCode=0; 
2026-06-03T16:45:12.6512624+00:00	GrantTask	Layer03Node07.refresh-l03-n07	Layer03Node07.refresh-l03-n07; GrantId=grant-42; Attempt=1
2026-06-03T16:45:12.6517921+00:00	WorkerEvent	Layer03Node07.refresh-l03-n07	GrantAccepted; ExitCode=0; 
2026-06-03T16:45:12.6523565+00:00	WorkerEvent	Layer03Node07.refresh-l03-n07	TaskStarted; ExitCode=0; 
2026-06-03T16:45:12.7702497+00:00	WorkerEvent	Layer03Node05.select-l03-n05	TaskSucceeded; ExitCode=0; 
2026-06-03T16:45:12.7708290+00:00	TaskSucceeded	Layer03Node05.select-l03-n05	0
2026-06-03T16:45:12.7932382+00:00	WorkerEvent	Layer03Node05	Closed; ExitCode=0; 
2026-06-03T16:45:12.7941456+00:00	WorkerStarting	Layer03Node08	meta-pipeline
2026-06-03T16:45:12.8756765+00:00	WorkerStarted	Layer03Node08	30112
2026-06-03T16:45:12.8762247+00:00	WorkerControlPipe	Layer03Node08	meta-orchestration-395da63fd40d44fe92168193c26b8c3b
2026-06-03T16:45:12.8765725+00:00	WorkerLog	Layer03Node08	stdout=C:\Users\jimmy\Desktop\meta-bi\Samples\Demos\MetaOrchestrationHairballCliIntegration\Runs\hairball-seed-20260530\RunArtifacts\runs\20260603-164455_58ea81f88bba4eaa96d7f01695212642\logs\Layer03Node08-30112.stdout.log; stderr=C:\Users\jimmy\Desktop\meta-bi\Samples\Demos\MetaOrchestrationHairballCliIntegration\Runs\hairball-seed-20260530\RunArtifacts\runs\20260603-164455_58ea81f88bba4eaa96d7f01695212642\logs\Layer03Node08-30112.stderr.log
2026-06-03T16:45:12.8945275+00:00	WorkerEvent	Layer03Node08	WorkerOnline; ExitCode=0; online
2026-06-03T16:45:12.8964034+00:00	WorkerEvent	Layer03Node08	WorkerReady; ExitCode=0; ready
2026-06-03T16:45:12.8992503+00:00	StartPipeline	Layer03Node08	Layer03Node08
2026-06-03T16:45:12.9545910+00:00	WorkerEvent	Layer03Node07.refresh-l03-n07	TaskSucceeded; ExitCode=0; 
2026-06-03T16:45:12.9550419+00:00	TaskSucceeded	Layer03Node07.refresh-l03-n07	0
2026-06-03T16:45:12.9749468+00:00	WorkerEvent	Layer03Node07	Closed; ExitCode=0; 
2026-06-03T16:45:12.9755337+00:00	WorkerStarting	Layer03Hub	meta-pipeline
2026-06-03T16:45:13.0577548+00:00	WorkerStarted	Layer03Hub	29848
2026-06-03T16:45:13.0580814+00:00	WorkerControlPipe	Layer03Hub	meta-orchestration-2904c11c368648d4b698fef64c88cd88
2026-06-03T16:45:13.0584236+00:00	WorkerLog	Layer03Hub	stdout=C:\Users\jimmy\Desktop\meta-bi\Samples\Demos\MetaOrchestrationHairballCliIntegration\Runs\hairball-seed-20260530\RunArtifacts\runs\20260603-164455_58ea81f88bba4eaa96d7f01695212642\logs\Layer03Hub-29848.stdout.log; stderr=C:\Users\jimmy\Desktop\meta-bi\Samples\Demos\MetaOrchestrationHairballCliIntegration\Runs\hairball-seed-20260530\RunArtifacts\runs\20260603-164455_58ea81f88bba4eaa96d7f01695212642\logs\Layer03Hub-29848.stderr.log
2026-06-03T16:45:13.0751705+00:00	WorkerEvent	Layer03Hub	WorkerOnline; ExitCode=0; online
2026-06-03T16:45:13.0766833+00:00	WorkerEvent	Layer03Hub	WorkerReady; ExitCode=0; ready
2026-06-03T16:45:13.0797527+00:00	StartPipeline	Layer03Hub	Layer03Hub
2026-06-03T16:45:13.3251150+00:00	WorkerEvent	Layer03Node08	PipelineStarted; ExitCode=0; pipeline started
2026-06-03T16:45:13.3264409+00:00	WorkerEvent	Layer03Node08.export-l03-n08	TaskReady; ExitCode=0; 
2026-06-03T16:45:13.3275768+00:00	GrantTask	Layer03Node08.export-l03-n08	Layer03Node08.export-l03-n08; GrantId=grant-43; Attempt=1
2026-06-03T16:45:13.3281256+00:00	WorkerEvent	Layer03Node08.export-l03-n08	GrantAccepted; ExitCode=0; 
2026-06-03T16:45:13.3289214+00:00	WorkerEvent	Layer03Node08.export-l03-n08	TaskStarted; ExitCode=0; 
2026-06-03T16:45:13.6224898+00:00	WorkerEvent	Layer03Hub	PipelineStarted; ExitCode=0; pipeline started
2026-06-03T16:45:13.6237421+00:00	WorkerEvent	Layer03Hub.hub-l03-stage	TaskReady; ExitCode=0; 
2026-06-03T16:45:13.6247344+00:00	GrantTask	Layer03Hub.hub-l03-stage	Layer03Hub.hub-l03-stage; GrantId=grant-44; Attempt=1
2026-06-03T16:45:13.6250490+00:00	WorkerEvent	Layer03Hub.hub-l03-stage	GrantAccepted; ExitCode=0; 
2026-06-03T16:45:13.6256127+00:00	WorkerEvent	Layer03Hub.hub-l03-stage	TaskStarted; ExitCode=0; 
2026-06-03T16:45:13.7305206+00:00	WorkerEvent	Layer03Node08.export-l03-n08	TaskSucceeded; ExitCode=0; 
2026-06-03T16:45:13.7311976+00:00	TaskSucceeded	Layer03Node08.export-l03-n08	0
2026-06-03T16:45:13.7530529+00:00	WorkerEvent	Layer03Node08	Closed; ExitCode=0; 
2026-06-03T16:45:13.7538352+00:00	WorkerStarting	Layer03Node10	meta-pipeline
2026-06-03T16:45:13.8347035+00:00	WorkerStarted	Layer03Node10	30704
2026-06-03T16:45:13.8351149+00:00	WorkerControlPipe	Layer03Node10	meta-orchestration-d6d4e641ac0f4d44bba855e1cbfbe817
2026-06-03T16:45:13.8354299+00:00	WorkerLog	Layer03Node10	stdout=C:\Users\jimmy\Desktop\meta-bi\Samples\Demos\MetaOrchestrationHairballCliIntegration\Runs\hairball-seed-20260530\RunArtifacts\runs\20260603-164455_58ea81f88bba4eaa96d7f01695212642\logs\Layer03Node10-30704.stdout.log; stderr=C:\Users\jimmy\Desktop\meta-bi\Samples\Demos\MetaOrchestrationHairballCliIntegration\Runs\hairball-seed-20260530\RunArtifacts\runs\20260603-164455_58ea81f88bba4eaa96d7f01695212642\logs\Layer03Node10-30704.stderr.log
2026-06-03T16:45:13.8518535+00:00	WorkerEvent	Layer03Node10	WorkerOnline; ExitCode=0; online
2026-06-03T16:45:13.8532705+00:00	WorkerEvent	Layer03Node10	WorkerReady; ExitCode=0; ready
2026-06-03T16:45:13.8557219+00:00	StartPipeline	Layer03Node10	Layer03Node10
2026-06-03T16:45:13.9427773+00:00	WorkerEvent	Layer03Hub.hub-l03-stage	TaskSucceeded; ExitCode=0; 
2026-06-03T16:45:13.9433702+00:00	TaskSucceeded	Layer03Hub.hub-l03-stage	0
2026-06-03T16:45:13.9439731+00:00	WorkerEvent	Layer03Hub.hub-l03-curate	TaskReady; ExitCode=0; 
2026-06-03T16:45:13.9447365+00:00	GrantTask	Layer03Hub.hub-l03-curate	Layer03Hub.hub-l03-curate; GrantId=grant-45; Attempt=1
2026-06-03T16:45:13.9450562+00:00	WorkerEvent	Layer03Hub.hub-l03-curate	GrantAccepted; ExitCode=0; 
2026-06-03T16:45:13.9458161+00:00	WorkerEvent	Layer03Hub.hub-l03-curate	TaskStarted; ExitCode=0; 
2026-06-03T16:45:14.0088799+00:00	WorkerEvent	Layer03Hub.hub-l03-curate	TaskSucceeded; ExitCode=0; 
2026-06-03T16:45:14.0094206+00:00	TaskSucceeded	Layer03Hub.hub-l03-curate	0
2026-06-03T16:45:14.0100913+00:00	WorkerEvent	Layer03Hub.hub-l03-publish	TaskReady; ExitCode=0; 
2026-06-03T16:45:14.0123793+00:00	GrantTask	Layer03Hub.hub-l03-publish	Layer03Hub.hub-l03-publish; GrantId=grant-46; Attempt=1
2026-06-03T16:45:14.0128094+00:00	WorkerEvent	Layer03Hub.hub-l03-publish	GrantAccepted; ExitCode=0; 
2026-06-03T16:45:14.0135174+00:00	WorkerEvent	Layer03Hub.hub-l03-publish	TaskStarted; ExitCode=0; 
2026-06-03T16:45:14.1734669+00:00	WorkerEvent	Layer03Hub.hub-l03-publish	TaskSucceeded; ExitCode=0; 
2026-06-03T16:45:14.1741065+00:00	TaskSucceeded	Layer03Hub.hub-l03-publish	0
2026-06-03T16:45:14.1992046+00:00	WorkerEvent	Layer03Hub	Closed; ExitCode=0; 
2026-06-03T16:45:14.2000046+00:00	WorkerStarting	Layer04Node01	meta-pipeline
2026-06-03T16:45:14.2841405+00:00	WorkerStarted	Layer04Node01	23012
2026-06-03T16:45:14.2844339+00:00	WorkerControlPipe	Layer04Node01	meta-orchestration-a773f2a393904cf08d79ab81df9ecabe
2026-06-03T16:45:14.2847024+00:00	WorkerLog	Layer04Node01	stdout=C:\Users\jimmy\Desktop\meta-bi\Samples\Demos\MetaOrchestrationHairballCliIntegration\Runs\hairball-seed-20260530\RunArtifacts\runs\20260603-164455_58ea81f88bba4eaa96d7f01695212642\logs\Layer04Node01-23012.stdout.log; stderr=C:\Users\jimmy\Desktop\meta-bi\Samples\Demos\MetaOrchestrationHairballCliIntegration\Runs\hairball-seed-20260530\RunArtifacts\runs\20260603-164455_58ea81f88bba4eaa96d7f01695212642\logs\Layer04Node01-23012.stderr.log
2026-06-03T16:45:14.2881099+00:00	WorkerEvent	Layer03Node10	PipelineStarted; ExitCode=0; pipeline started
2026-06-03T16:45:14.2894138+00:00	WorkerEvent	Layer03Node10.refresh-l03-n10	TaskReady; ExitCode=0; 
2026-06-03T16:45:14.2902514+00:00	GrantTask	Layer03Node10.refresh-l03-n10	Layer03Node10.refresh-l03-n10; GrantId=grant-47; Attempt=1
2026-06-03T16:45:14.2905921+00:00	WorkerEvent	Layer03Node10.refresh-l03-n10	GrantAccepted; ExitCode=0; 
2026-06-03T16:45:14.2911771+00:00	WorkerEvent	Layer03Node10.refresh-l03-n10	TaskStarted; ExitCode=0; 
2026-06-03T16:45:14.3039672+00:00	WorkerEvent	Layer04Node01	WorkerOnline; ExitCode=0; online
2026-06-03T16:45:14.3058005+00:00	WorkerEvent	Layer04Node01	WorkerReady; ExitCode=0; ready
2026-06-03T16:45:14.3089305+00:00	StartPipeline	Layer04Node01	Layer04Node01
2026-06-03T16:45:14.5660035+00:00	WorkerEvent	Layer03Node10.refresh-l03-n10	TaskSucceeded; ExitCode=0; 
2026-06-03T16:45:14.5666676+00:00	TaskSucceeded	Layer03Node10.refresh-l03-n10	0
2026-06-03T16:45:14.5877502+00:00	WorkerEvent	Layer03Node10	Closed; ExitCode=0; 
2026-06-03T16:45:14.5883550+00:00	WorkerStarting	Layer04Node02	meta-pipeline
2026-06-03T16:45:14.6810435+00:00	WorkerStarted	Layer04Node02	27024
2026-06-03T16:45:14.6813063+00:00	WorkerControlPipe	Layer04Node02	meta-orchestration-651c6b1836f64c09a32b210e15c340eb
2026-06-03T16:45:14.6816118+00:00	WorkerLog	Layer04Node02	stdout=C:\Users\jimmy\Desktop\meta-bi\Samples\Demos\MetaOrchestrationHairballCliIntegration\Runs\hairball-seed-20260530\RunArtifacts\runs\20260603-164455_58ea81f88bba4eaa96d7f01695212642\logs\Layer04Node02-27024.stdout.log; stderr=C:\Users\jimmy\Desktop\meta-bi\Samples\Demos\MetaOrchestrationHairballCliIntegration\Runs\hairball-seed-20260530\RunArtifacts\runs\20260603-164455_58ea81f88bba4eaa96d7f01695212642\logs\Layer04Node02-27024.stderr.log
2026-06-03T16:45:14.6953208+00:00	WorkerEvent	Layer04Node02	WorkerOnline; ExitCode=0; online
2026-06-03T16:45:14.6969239+00:00	WorkerEvent	Layer04Node02	WorkerReady; ExitCode=0; ready
2026-06-03T16:45:14.6997267+00:00	StartPipeline	Layer04Node02	Layer04Node02
2026-06-03T16:45:14.7255936+00:00	WorkerEvent	Layer04Node01	PipelineStarted; ExitCode=0; pipeline started
2026-06-03T16:45:14.7271078+00:00	WorkerEvent	Layer04Node01.refresh-l04-n01	TaskReady; ExitCode=0; 
2026-06-03T16:45:14.7279261+00:00	GrantTask	Layer04Node01.refresh-l04-n01	Layer04Node01.refresh-l04-n01; GrantId=grant-48; Attempt=1
2026-06-03T16:45:14.7288160+00:00	WorkerEvent	Layer04Node01.refresh-l04-n01	GrantAccepted; ExitCode=0; 
2026-06-03T16:45:14.7294485+00:00	WorkerEvent	Layer04Node01.refresh-l04-n01	TaskStarted; ExitCode=0; 
2026-06-03T16:45:14.9781463+00:00	WorkerEvent	Layer04Node01.refresh-l04-n01	TaskSucceeded; ExitCode=0; 
2026-06-03T16:45:14.9788147+00:00	TaskSucceeded	Layer04Node01.refresh-l04-n01	0
2026-06-03T16:45:14.9991555+00:00	WorkerEvent	Layer04Node01	Closed; ExitCode=0; 
2026-06-03T16:45:14.9998293+00:00	WorkerStarting	Layer04Node03	meta-pipeline
2026-06-03T16:45:15.0699979+00:00	WorkerStarted	Layer04Node03	26484
2026-06-03T16:45:15.0702980+00:00	WorkerControlPipe	Layer04Node03	meta-orchestration-dd837fba341d44898e119fe5f48fdb6d
2026-06-03T16:45:15.0705503+00:00	WorkerLog	Layer04Node03	stdout=C:\Users\jimmy\Desktop\meta-bi\Samples\Demos\MetaOrchestrationHairballCliIntegration\Runs\hairball-seed-20260530\RunArtifacts\runs\20260603-164455_58ea81f88bba4eaa96d7f01695212642\logs\Layer04Node03-26484.stdout.log; stderr=C:\Users\jimmy\Desktop\meta-bi\Samples\Demos\MetaOrchestrationHairballCliIntegration\Runs\hairball-seed-20260530\RunArtifacts\runs\20260603-164455_58ea81f88bba4eaa96d7f01695212642\logs\Layer04Node03-26484.stderr.log
2026-06-03T16:45:15.0799882+00:00	WorkerEvent	Layer04Node02	PipelineStarted; ExitCode=0; pipeline started
2026-06-03T16:45:15.0812685+00:00	WorkerEvent	Layer04Node02.export-l04-n02	TaskReady; ExitCode=0; 
2026-06-03T16:45:15.0824257+00:00	GrantTask	Layer04Node02.export-l04-n02	Layer04Node02.export-l04-n02; GrantId=grant-49; Attempt=1
2026-06-03T16:45:15.0832960+00:00	WorkerEvent	Layer04Node02.export-l04-n02	GrantAccepted; ExitCode=0; 
2026-06-03T16:45:15.0840400+00:00	WorkerEvent	Layer04Node02.export-l04-n02	TaskStarted; ExitCode=0; 
2026-06-03T16:45:15.0854766+00:00	WorkerEvent	Layer04Node03	WorkerOnline; ExitCode=0; online
2026-06-03T16:45:15.0870514+00:00	WorkerEvent	Layer04Node03	WorkerReady; ExitCode=0; ready
2026-06-03T16:45:15.0893812+00:00	StartPipeline	Layer04Node03	Layer04Node03
2026-06-03T16:45:15.4387873+00:00	WorkerEvent	Layer04Node02.export-l04-n02	TaskSucceeded; ExitCode=0; 
2026-06-03T16:45:15.4393030+00:00	TaskSucceeded	Layer04Node02.export-l04-n02	0
2026-06-03T16:45:15.4573409+00:00	WorkerEvent	Layer04Node03	PipelineStarted; ExitCode=0; pipeline started
2026-06-03T16:45:15.4587628+00:00	WorkerEvent	Layer04Node03.refresh-l04-n03	TaskReady; ExitCode=0; 
2026-06-03T16:45:15.4596457+00:00	GrantTask	Layer04Node03.refresh-l04-n03	Layer04Node03.refresh-l04-n03; GrantId=grant-50; Attempt=1
2026-06-03T16:45:15.4602818+00:00	WorkerEvent	Layer04Node03.refresh-l04-n03	GrantAccepted; ExitCode=0; 
2026-06-03T16:45:15.4612478+00:00	WorkerEvent	Layer04Node03.refresh-l04-n03	TaskStarted; ExitCode=0; 
2026-06-03T16:45:15.4616277+00:00	WorkerEvent	Layer04Node02	Closed; ExitCode=0; 
2026-06-03T16:45:15.4621184+00:00	WorkerStarting	Layer04Node04	meta-pipeline
2026-06-03T16:45:15.5379402+00:00	WorkerStarted	Layer04Node04	27812
2026-06-03T16:45:15.5382772+00:00	WorkerControlPipe	Layer04Node04	meta-orchestration-768752bfb7834d26a59b3f3efaeb66f1
2026-06-03T16:45:15.5385368+00:00	WorkerLog	Layer04Node04	stdout=C:\Users\jimmy\Desktop\meta-bi\Samples\Demos\MetaOrchestrationHairballCliIntegration\Runs\hairball-seed-20260530\RunArtifacts\runs\20260603-164455_58ea81f88bba4eaa96d7f01695212642\logs\Layer04Node04-27812.stdout.log; stderr=C:\Users\jimmy\Desktop\meta-bi\Samples\Demos\MetaOrchestrationHairballCliIntegration\Runs\hairball-seed-20260530\RunArtifacts\runs\20260603-164455_58ea81f88bba4eaa96d7f01695212642\logs\Layer04Node04-27812.stderr.log
2026-06-03T16:45:15.5544491+00:00	WorkerEvent	Layer04Node04	WorkerOnline; ExitCode=0; online
2026-06-03T16:45:15.5557050+00:00	WorkerEvent	Layer04Node04	WorkerReady; ExitCode=0; ready
2026-06-03T16:45:15.5580908+00:00	StartPipeline	Layer04Node04	Layer04Node04
2026-06-03T16:45:15.7448318+00:00	WorkerEvent	Layer04Node03.refresh-l04-n03	TaskSucceeded; ExitCode=0; 
2026-06-03T16:45:15.7453981+00:00	TaskSucceeded	Layer04Node03.refresh-l04-n03	0
2026-06-03T16:45:15.7687543+00:00	WorkerEvent	Layer04Node03	Closed; ExitCode=0; 
2026-06-03T16:45:15.7697110+00:00	WorkerStarting	Layer04Node05	meta-pipeline
2026-06-03T16:45:15.8555731+00:00	WorkerStarted	Layer04Node05	28064
2026-06-03T16:45:15.8559242+00:00	WorkerControlPipe	Layer04Node05	meta-orchestration-648f7a3ba2324598858b2a22b6ca4edb
2026-06-03T16:45:15.8562754+00:00	WorkerLog	Layer04Node05	stdout=C:\Users\jimmy\Desktop\meta-bi\Samples\Demos\MetaOrchestrationHairballCliIntegration\Runs\hairball-seed-20260530\RunArtifacts\runs\20260603-164455_58ea81f88bba4eaa96d7f01695212642\logs\Layer04Node05-28064.stdout.log; stderr=C:\Users\jimmy\Desktop\meta-bi\Samples\Demos\MetaOrchestrationHairballCliIntegration\Runs\hairball-seed-20260530\RunArtifacts\runs\20260603-164455_58ea81f88bba4eaa96d7f01695212642\logs\Layer04Node05-28064.stderr.log
2026-06-03T16:45:15.8726775+00:00	WorkerEvent	Layer04Node05	WorkerOnline; ExitCode=0; online
2026-06-03T16:45:15.8744278+00:00	WorkerEvent	Layer04Node05	WorkerReady; ExitCode=0; ready
2026-06-03T16:45:15.8775629+00:00	StartPipeline	Layer04Node05	Layer04Node05
2026-06-03T16:45:15.9889352+00:00	WorkerEvent	Layer04Node04	PipelineStarted; ExitCode=0; pipeline started
2026-06-03T16:45:15.9903645+00:00	WorkerEvent	Layer04Node04.refresh-l04-n04	TaskReady; ExitCode=0; 
2026-06-03T16:45:15.9913465+00:00	GrantTask	Layer04Node04.refresh-l04-n04	Layer04Node04.refresh-l04-n04; GrantId=grant-51; Attempt=1
2026-06-03T16:45:15.9919577+00:00	WorkerEvent	Layer04Node04.refresh-l04-n04	GrantAccepted; ExitCode=0; 
2026-06-03T16:45:15.9928831+00:00	WorkerEvent	Layer04Node04.refresh-l04-n04	TaskStarted; ExitCode=0; 
2026-06-03T16:45:16.2612838+00:00	WorkerEvent	Layer04Node04.refresh-l04-n04	TaskSucceeded; ExitCode=0; 
2026-06-03T16:45:16.2618842+00:00	TaskSucceeded	Layer04Node04.refresh-l04-n04	0
2026-06-03T16:45:16.2819964+00:00	WorkerEvent	Layer04Node04	Closed; ExitCode=0; 
2026-06-03T16:45:16.2827420+00:00	WorkerStarting	Layer04Node06	meta-pipeline
2026-06-03T16:45:16.3521511+00:00	WorkerStarted	Layer04Node06	30880
2026-06-03T16:45:16.3524257+00:00	WorkerControlPipe	Layer04Node06	meta-orchestration-4b7f13f59a4842ae90e9ab810efa3a9f
2026-06-03T16:45:16.3527898+00:00	WorkerLog	Layer04Node06	stdout=C:\Users\jimmy\Desktop\meta-bi\Samples\Demos\MetaOrchestrationHairballCliIntegration\Runs\hairball-seed-20260530\RunArtifacts\runs\20260603-164455_58ea81f88bba4eaa96d7f01695212642\logs\Layer04Node06-30880.stdout.log; stderr=C:\Users\jimmy\Desktop\meta-bi\Samples\Demos\MetaOrchestrationHairballCliIntegration\Runs\hairball-seed-20260530\RunArtifacts\runs\20260603-164455_58ea81f88bba4eaa96d7f01695212642\logs\Layer04Node06-30880.stderr.log
2026-06-03T16:45:16.3531091+00:00	WorkerEvent	Layer04Node05	PipelineStarted; ExitCode=0; pipeline started
2026-06-03T16:45:16.3540813+00:00	WorkerEvent	Layer04Node05.select-l04-n05	TaskReady; ExitCode=0; 
2026-06-03T16:45:16.3553407+00:00	GrantTask	Layer04Node05.select-l04-n05	Layer04Node05.select-l04-n05; GrantId=grant-52; Attempt=1
2026-06-03T16:45:16.3562184+00:00	WorkerEvent	Layer04Node05.select-l04-n05	GrantAccepted; ExitCode=0; 
2026-06-03T16:45:16.3569522+00:00	WorkerEvent	Layer04Node05.select-l04-n05	TaskStarted; ExitCode=0; 
2026-06-03T16:45:16.3672020+00:00	WorkerEvent	Layer04Node06	WorkerOnline; ExitCode=0; online
2026-06-03T16:45:16.3688994+00:00	WorkerEvent	Layer04Node06	WorkerReady; ExitCode=0; ready
2026-06-03T16:45:16.3713793+00:00	StartPipeline	Layer04Node06	Layer04Node06
2026-06-03T16:45:16.6430365+00:00	WorkerEvent	Layer04Node05.select-l04-n05	TaskSucceeded; ExitCode=0; 
2026-06-03T16:45:16.6437648+00:00	TaskSucceeded	Layer04Node05.select-l04-n05	0
2026-06-03T16:45:16.6685517+00:00	WorkerEvent	Layer04Node05	Closed; ExitCode=0; 
2026-06-03T16:45:16.6695651+00:00	WorkerStarting	Layer04Node07	meta-pipeline
2026-06-03T16:45:16.7533290+00:00	WorkerStarted	Layer04Node07	15704
2026-06-03T16:45:16.7536900+00:00	WorkerControlPipe	Layer04Node07	meta-orchestration-ff56d59ec11840d29e914076ac429666
2026-06-03T16:45:16.7539630+00:00	WorkerLog	Layer04Node07	stdout=C:\Users\jimmy\Desktop\meta-bi\Samples\Demos\MetaOrchestrationHairballCliIntegration\Runs\hairball-seed-20260530\RunArtifacts\runs\20260603-164455_58ea81f88bba4eaa96d7f01695212642\logs\Layer04Node07-15704.stdout.log; stderr=C:\Users\jimmy\Desktop\meta-bi\Samples\Demos\MetaOrchestrationHairballCliIntegration\Runs\hairball-seed-20260530\RunArtifacts\runs\20260603-164455_58ea81f88bba4eaa96d7f01695212642\logs\Layer04Node07-15704.stderr.log
2026-06-03T16:45:16.7639727+00:00	WorkerEvent	Layer04Node06	PipelineStarted; ExitCode=0; pipeline started
2026-06-03T16:45:16.7661889+00:00	WorkerEvent	Layer04Node06.refresh-l04-n06	TaskReady; ExitCode=0; 
2026-06-03T16:45:16.7673082+00:00	GrantTask	Layer04Node06.refresh-l04-n06	Layer04Node06.refresh-l04-n06; GrantId=grant-53; Attempt=1
2026-06-03T16:45:16.7681190+00:00	WorkerEvent	Layer04Node06.refresh-l04-n06	GrantAccepted; ExitCode=0; 
2026-06-03T16:45:16.7690595+00:00	WorkerEvent	Layer04Node06.refresh-l04-n06	TaskStarted; ExitCode=0; 
2026-06-03T16:45:16.7734460+00:00	WorkerEvent	Layer04Node07	WorkerOnline; ExitCode=0; online
2026-06-03T16:45:16.7755163+00:00	WorkerEvent	Layer04Node07	WorkerReady; ExitCode=0; ready
2026-06-03T16:45:16.7797197+00:00	StartPipeline	Layer04Node07	Layer04Node07
2026-06-03T16:45:17.0864227+00:00	WorkerEvent	Layer04Node06.refresh-l04-n06	TaskSucceeded; ExitCode=0; 
2026-06-03T16:45:17.0870851+00:00	TaskSucceeded	Layer04Node06.refresh-l04-n06	0
2026-06-03T16:45:17.1091705+00:00	WorkerEvent	Layer04Node06	Closed; ExitCode=0; 
2026-06-03T16:45:17.1101122+00:00	WorkerStarting	Layer04Node08	meta-pipeline
2026-06-03T16:45:17.1925873+00:00	WorkerStarted	Layer04Node08	18440
2026-06-03T16:45:17.1929828+00:00	WorkerControlPipe	Layer04Node08	meta-orchestration-ea9a9d80b49d479aafbadebe7173e2c2
2026-06-03T16:45:17.1932798+00:00	WorkerLog	Layer04Node08	stdout=C:\Users\jimmy\Desktop\meta-bi\Samples\Demos\MetaOrchestrationHairballCliIntegration\Runs\hairball-seed-20260530\RunArtifacts\runs\20260603-164455_58ea81f88bba4eaa96d7f01695212642\logs\Layer04Node08-18440.stdout.log; stderr=C:\Users\jimmy\Desktop\meta-bi\Samples\Demos\MetaOrchestrationHairballCliIntegration\Runs\hairball-seed-20260530\RunArtifacts\runs\20260603-164455_58ea81f88bba4eaa96d7f01695212642\logs\Layer04Node08-18440.stderr.log
2026-06-03T16:45:17.2095406+00:00	WorkerEvent	Layer04Node08	WorkerOnline; ExitCode=0; online
2026-06-03T16:45:17.2114505+00:00	WorkerEvent	Layer04Node08	WorkerReady; ExitCode=0; ready
2026-06-03T16:45:17.2140786+00:00	StartPipeline	Layer04Node08	Layer04Node08
2026-06-03T16:45:17.2282621+00:00	WorkerEvent	Layer04Node07	PipelineStarted; ExitCode=0; pipeline started
2026-06-03T16:45:17.2298662+00:00	WorkerEvent	Layer04Node07.refresh-l04-n07	TaskReady; ExitCode=0; 
2026-06-03T16:45:17.2311895+00:00	GrantTask	Layer04Node07.refresh-l04-n07	Layer04Node07.refresh-l04-n07; GrantId=grant-54; Attempt=1
2026-06-03T16:45:17.2318780+00:00	WorkerEvent	Layer04Node07.refresh-l04-n07	GrantAccepted; ExitCode=0; 
2026-06-03T16:45:17.2329225+00:00	WorkerEvent	Layer04Node07.refresh-l04-n07	TaskStarted; ExitCode=0; 
2026-06-03T16:45:17.5071033+00:00	WorkerEvent	Layer04Node07.refresh-l04-n07	TaskSucceeded; ExitCode=0; 
2026-06-03T16:45:17.5080218+00:00	TaskSucceeded	Layer04Node07.refresh-l04-n07	0
2026-06-03T16:45:17.5301863+00:00	WorkerEvent	Layer04Node07	Closed; ExitCode=0; 
2026-06-03T16:45:17.5311602+00:00	WorkerStarting	Layer04Node09	meta-pipeline
2026-06-03T16:45:17.6074758+00:00	WorkerStarted	Layer04Node09	28328
2026-06-03T16:45:17.6077879+00:00	WorkerControlPipe	Layer04Node09	meta-orchestration-75aed73302b14011bc04739f1b31f694
2026-06-03T16:45:17.6080884+00:00	WorkerLog	Layer04Node09	stdout=C:\Users\jimmy\Desktop\meta-bi\Samples\Demos\MetaOrchestrationHairballCliIntegration\Runs\hairball-seed-20260530\RunArtifacts\runs\20260603-164455_58ea81f88bba4eaa96d7f01695212642\logs\Layer04Node09-28328.stdout.log; stderr=C:\Users\jimmy\Desktop\meta-bi\Samples\Demos\MetaOrchestrationHairballCliIntegration\Runs\hairball-seed-20260530\RunArtifacts\runs\20260603-164455_58ea81f88bba4eaa96d7f01695212642\logs\Layer04Node09-28328.stderr.log
2026-06-03T16:45:17.6235788+00:00	WorkerEvent	Layer04Node09	WorkerOnline; ExitCode=0; online
2026-06-03T16:45:17.6250833+00:00	WorkerEvent	Layer04Node09	WorkerReady; ExitCode=0; ready
2026-06-03T16:45:17.6282396+00:00	StartPipeline	Layer04Node09	Layer04Node09
2026-06-03T16:45:17.6662802+00:00	WorkerEvent	Layer04Node08	PipelineStarted; ExitCode=0; pipeline started
2026-06-03T16:45:17.6678144+00:00	WorkerEvent	Layer04Node08.select-l04-n08	TaskReady; ExitCode=0; 
2026-06-03T16:45:17.6686761+00:00	GrantTask	Layer04Node08.select-l04-n08	Layer04Node08.select-l04-n08; GrantId=grant-55; Attempt=1
2026-06-03T16:45:17.6690101+00:00	WorkerEvent	Layer04Node08.select-l04-n08	GrantAccepted; ExitCode=0; 
2026-06-03T16:45:17.6697925+00:00	WorkerEvent	Layer04Node08.select-l04-n08	TaskStarted; ExitCode=0; 
2026-06-03T16:45:17.9525458+00:00	WorkerEvent	Layer04Node08.select-l04-n08	TaskSucceeded; ExitCode=0; 
2026-06-03T16:45:17.9531161+00:00	TaskSucceeded	Layer04Node08.select-l04-n08	0
2026-06-03T16:45:17.9738768+00:00	WorkerEvent	Layer04Node08	Closed; ExitCode=0; 
2026-06-03T16:45:17.9747253+00:00	WorkerStarting	Layer05Node02	meta-pipeline
2026-06-03T16:45:18.0523896+00:00	WorkerStarted	Layer05Node02	24384
2026-06-03T16:45:18.0526946+00:00	WorkerControlPipe	Layer05Node02	meta-orchestration-a23f3d665e9f4dae969370246b198aed
2026-06-03T16:45:18.0529607+00:00	WorkerLog	Layer05Node02	stdout=C:\Users\jimmy\Desktop\meta-bi\Samples\Demos\MetaOrchestrationHairballCliIntegration\Runs\hairball-seed-20260530\RunArtifacts\runs\20260603-164455_58ea81f88bba4eaa96d7f01695212642\logs\Layer05Node02-24384.stdout.log; stderr=C:\Users\jimmy\Desktop\meta-bi\Samples\Demos\MetaOrchestrationHairballCliIntegration\Runs\hairball-seed-20260530\RunArtifacts\runs\20260603-164455_58ea81f88bba4eaa96d7f01695212642\logs\Layer05Node02-24384.stderr.log
2026-06-03T16:45:18.0532501+00:00	WorkerEvent	Layer04Node09	PipelineStarted; ExitCode=0; pipeline started
2026-06-03T16:45:18.0543471+00:00	WorkerEvent	Layer04Node09.select-l04-n09	TaskReady; ExitCode=0; 
2026-06-03T16:45:18.0551051+00:00	GrantTask	Layer04Node09.select-l04-n09	Layer04Node09.select-l04-n09; GrantId=grant-56; Attempt=1
2026-06-03T16:45:18.0556292+00:00	WorkerEvent	Layer04Node09.select-l04-n09	GrantAccepted; ExitCode=0; 
2026-06-03T16:45:18.0562935+00:00	WorkerEvent	Layer04Node09.select-l04-n09	TaskStarted; ExitCode=0; 
2026-06-03T16:45:18.0698247+00:00	WorkerEvent	Layer05Node02	WorkerOnline; ExitCode=0; online
2026-06-03T16:45:18.0713201+00:00	WorkerEvent	Layer05Node02	WorkerReady; ExitCode=0; ready
2026-06-03T16:45:18.0738558+00:00	StartPipeline	Layer05Node02	Layer05Node02
2026-06-03T16:45:18.3394719+00:00	WorkerEvent	Layer04Node09.select-l04-n09	TaskSucceeded; ExitCode=0; 
2026-06-03T16:45:18.3400913+00:00	TaskSucceeded	Layer04Node09.select-l04-n09	0
2026-06-03T16:45:18.3629702+00:00	WorkerEvent	Layer04Node09	Closed; ExitCode=0; 
2026-06-03T16:45:18.3638026+00:00	WorkerStarting	Layer04Hub	meta-pipeline
2026-06-03T16:45:18.4359907+00:00	WorkerStarted	Layer04Hub	7632
2026-06-03T16:45:18.4363064+00:00	WorkerControlPipe	Layer04Hub	meta-orchestration-9484fd565e5344acbdb7da68bcfa5fa4
2026-06-03T16:45:18.4365846+00:00	WorkerLog	Layer04Hub	stdout=C:\Users\jimmy\Desktop\meta-bi\Samples\Demos\MetaOrchestrationHairballCliIntegration\Runs\hairball-seed-20260530\RunArtifacts\runs\20260603-164455_58ea81f88bba4eaa96d7f01695212642\logs\Layer04Hub-7632.stdout.log; stderr=C:\Users\jimmy\Desktop\meta-bi\Samples\Demos\MetaOrchestrationHairballCliIntegration\Runs\hairball-seed-20260530\RunArtifacts\runs\20260603-164455_58ea81f88bba4eaa96d7f01695212642\logs\Layer04Hub-7632.stderr.log
2026-06-03T16:45:18.4499477+00:00	WorkerEvent	Layer04Hub	WorkerOnline; ExitCode=0; online
2026-06-03T16:45:18.4513322+00:00	WorkerEvent	Layer04Hub	WorkerReady; ExitCode=0; ready
2026-06-03T16:45:18.4537022+00:00	StartPipeline	Layer04Hub	Layer04Hub
2026-06-03T16:45:18.4827377+00:00	WorkerEvent	Layer05Node02	PipelineStarted; ExitCode=0; pipeline started
2026-06-03T16:45:18.4846399+00:00	WorkerEvent	Layer05Node02.select-l05-n02	TaskReady; ExitCode=0; 
2026-06-03T16:45:18.4853202+00:00	GrantTask	Layer05Node02.select-l05-n02	Layer05Node02.select-l05-n02; GrantId=grant-57; Attempt=1
2026-06-03T16:45:18.4861912+00:00	WorkerEvent	Layer05Node02.select-l05-n02	GrantAccepted; ExitCode=0; 
2026-06-03T16:45:18.4875030+00:00	WorkerEvent	Layer05Node02.select-l05-n02	TaskStarted; ExitCode=0; 
2026-06-03T16:45:18.7900271+00:00	WorkerEvent	Layer05Node02.select-l05-n02	TaskSucceeded; ExitCode=0; 
2026-06-03T16:45:18.7906339+00:00	TaskSucceeded	Layer05Node02.select-l05-n02	0
2026-06-03T16:45:18.8168630+00:00	WorkerEvent	Layer05Node02	Closed; ExitCode=0; 
2026-06-03T16:45:18.8175025+00:00	WorkerStarting	Layer05Node03	meta-pipeline
2026-06-03T16:45:18.8920212+00:00	WorkerStarted	Layer05Node03	6592
2026-06-03T16:45:18.8924017+00:00	WorkerControlPipe	Layer05Node03	meta-orchestration-a128dfd2195540b8a1c9fb539673ece9
2026-06-03T16:45:18.8927130+00:00	WorkerLog	Layer05Node03	stdout=C:\Users\jimmy\Desktop\meta-bi\Samples\Demos\MetaOrchestrationHairballCliIntegration\Runs\hairball-seed-20260530\RunArtifacts\runs\20260603-164455_58ea81f88bba4eaa96d7f01695212642\logs\Layer05Node03-6592.stdout.log; stderr=C:\Users\jimmy\Desktop\meta-bi\Samples\Demos\MetaOrchestrationHairballCliIntegration\Runs\hairball-seed-20260530\RunArtifacts\runs\20260603-164455_58ea81f88bba4eaa96d7f01695212642\logs\Layer05Node03-6592.stderr.log
2026-06-03T16:45:18.9087548+00:00	WorkerEvent	Layer05Node03	WorkerOnline; ExitCode=0; online
2026-06-03T16:45:18.9107450+00:00	WorkerEvent	Layer05Node03	WorkerReady; ExitCode=0; ready
2026-06-03T16:45:18.9142698+00:00	StartPipeline	Layer05Node03	Layer05Node03
2026-06-03T16:45:19.0095073+00:00	WorkerEvent	Layer04Hub	PipelineStarted; ExitCode=0; pipeline started
2026-06-03T16:45:19.0113305+00:00	WorkerEvent	Layer04Hub.hub-l04-stage	TaskReady; ExitCode=0; 
2026-06-03T16:45:19.0124452+00:00	GrantTask	Layer04Hub.hub-l04-stage	Layer04Hub.hub-l04-stage; GrantId=grant-58; Attempt=1
2026-06-03T16:45:19.0131564+00:00	WorkerEvent	Layer04Hub.hub-l04-stage	GrantAccepted; ExitCode=0; 
2026-06-03T16:45:19.0140431+00:00	WorkerEvent	Layer04Hub.hub-l04-stage	TaskStarted; ExitCode=0; 
2026-06-03T16:45:19.3330554+00:00	WorkerEvent	Layer04Hub.hub-l04-stage	TaskSucceeded; ExitCode=0; 
2026-06-03T16:45:19.3336311+00:00	TaskSucceeded	Layer04Hub.hub-l04-stage	0
2026-06-03T16:45:19.3341655+00:00	WorkerEvent	Layer04Hub.hub-l04-curate	TaskReady; ExitCode=0; 
2026-06-03T16:45:19.3349317+00:00	GrantTask	Layer04Hub.hub-l04-curate	Layer04Hub.hub-l04-curate; GrantId=grant-59; Attempt=1
2026-06-03T16:45:19.3352692+00:00	WorkerEvent	Layer04Hub.hub-l04-curate	GrantAccepted; ExitCode=0; 
2026-06-03T16:45:19.3357899+00:00	WorkerEvent	Layer05Node03	PipelineStarted; ExitCode=0; pipeline started
2026-06-03T16:45:19.3362481+00:00	WorkerEvent	Layer04Hub.hub-l04-curate	TaskStarted; ExitCode=0; 
2026-06-03T16:45:19.3367622+00:00	WorkerEvent	Layer05Node03.refresh-l05-n03	TaskReady; ExitCode=0; 
2026-06-03T16:45:19.3375011+00:00	GrantTask	Layer05Node03.refresh-l05-n03	Layer05Node03.refresh-l05-n03; GrantId=grant-60; Attempt=1
2026-06-03T16:45:19.3380267+00:00	WorkerEvent	Layer05Node03.refresh-l05-n03	GrantAccepted; ExitCode=0; 
2026-06-03T16:45:19.3390011+00:00	WorkerEvent	Layer05Node03.refresh-l05-n03	TaskStarted; ExitCode=0; 
2026-06-03T16:45:19.3982654+00:00	WorkerEvent	Layer04Hub.hub-l04-curate	TaskSucceeded; ExitCode=0; 
2026-06-03T16:45:19.3987773+00:00	TaskSucceeded	Layer04Hub.hub-l04-curate	0
2026-06-03T16:45:19.3992415+00:00	WorkerEvent	Layer04Hub.hub-l04-publish	TaskReady; ExitCode=0; 
2026-06-03T16:45:19.3999649+00:00	GrantTask	Layer04Hub.hub-l04-publish	Layer04Hub.hub-l04-publish; GrantId=grant-61; Attempt=1
2026-06-03T16:45:19.4002685+00:00	WorkerEvent	Layer04Hub.hub-l04-publish	GrantAccepted; ExitCode=0; 
2026-06-03T16:45:19.4008796+00:00	WorkerEvent	Layer04Hub.hub-l04-publish	TaskStarted; ExitCode=0; 
2026-06-03T16:45:19.4984387+00:00	WorkerEvent	Layer04Hub.hub-l04-publish	TaskSucceeded; ExitCode=0; 
2026-06-03T16:45:19.4989006+00:00	TaskSucceeded	Layer04Hub.hub-l04-publish	0
2026-06-03T16:45:19.5204856+00:00	WorkerEvent	Layer04Hub	Closed; ExitCode=0; 
2026-06-03T16:45:19.5210131+00:00	WorkerResuming	BridgeL03L04	ResumeTaskId=BridgeL03L04.bridge-l03-l04-collect; Executable=meta-pipeline
2026-06-03T16:45:19.5960166+00:00	WorkerStarted	BridgeL03L04	31688
2026-06-03T16:45:19.5964599+00:00	WorkerControlPipe	BridgeL03L04	meta-orchestration-2872bfcaa624470fb77de4c3451e1644
2026-06-03T16:45:19.5967731+00:00	WorkerLog	BridgeL03L04	stdout=C:\Users\jimmy\Desktop\meta-bi\Samples\Demos\MetaOrchestrationHairballCliIntegration\Runs\hairball-seed-20260530\RunArtifacts\runs\20260603-164455_58ea81f88bba4eaa96d7f01695212642\logs\BridgeL03L04-31688.stdout.log; stderr=C:\Users\jimmy\Desktop\meta-bi\Samples\Demos\MetaOrchestrationHairballCliIntegration\Runs\hairball-seed-20260530\RunArtifacts\runs\20260603-164455_58ea81f88bba4eaa96d7f01695212642\logs\BridgeL03L04-31688.stderr.log
2026-06-03T16:45:19.6092688+00:00	WorkerEvent	Layer05Node03.refresh-l05-n03	TaskSucceeded; ExitCode=0; 
2026-06-03T16:45:19.6097839+00:00	TaskSucceeded	Layer05Node03.refresh-l05-n03	0
2026-06-03T16:45:19.6116190+00:00	WorkerEvent	BridgeL03L04	WorkerOnline; ExitCode=0; online
2026-06-03T16:45:19.6130015+00:00	WorkerEvent	BridgeL03L04	WorkerReady; ExitCode=0; ready
2026-06-03T16:45:19.6155388+00:00	StartPipeline	BridgeL03L04	BridgeL03L04
2026-06-03T16:45:19.6318464+00:00	WorkerEvent	Layer05Node03	Closed; ExitCode=0; 
2026-06-03T16:45:19.6327724+00:00	WorkerStarting	Layer05Node04	meta-pipeline
2026-06-03T16:45:19.7043881+00:00	WorkerStarted	Layer05Node04	30516
2026-06-03T16:45:19.7046982+00:00	WorkerControlPipe	Layer05Node04	meta-orchestration-80715d014fad46fcb35277c384897ef3
2026-06-03T16:45:19.7049752+00:00	WorkerLog	Layer05Node04	stdout=C:\Users\jimmy\Desktop\meta-bi\Samples\Demos\MetaOrchestrationHairballCliIntegration\Runs\hairball-seed-20260530\RunArtifacts\runs\20260603-164455_58ea81f88bba4eaa96d7f01695212642\logs\Layer05Node04-30516.stdout.log; stderr=C:\Users\jimmy\Desktop\meta-bi\Samples\Demos\MetaOrchestrationHairballCliIntegration\Runs\hairball-seed-20260530\RunArtifacts\runs\20260603-164455_58ea81f88bba4eaa96d7f01695212642\logs\Layer05Node04-30516.stderr.log
2026-06-03T16:45:19.7182709+00:00	WorkerEvent	Layer05Node04	WorkerOnline; ExitCode=0; online
2026-06-03T16:45:19.7195386+00:00	WorkerEvent	Layer05Node04	WorkerReady; ExitCode=0; ready
2026-06-03T16:45:19.7217832+00:00	StartPipeline	Layer05Node04	Layer05Node04
2026-06-03T16:45:20.0977845+00:00	WorkerEvent	Layer05Node04	PipelineStarted; ExitCode=0; pipeline started
2026-06-03T16:45:20.0992672+00:00	WorkerEvent	Layer05Node04.select-l05-n04	TaskReady; ExitCode=0; 
2026-06-03T16:45:20.1002169+00:00	GrantTask	Layer05Node04.select-l05-n04	Layer05Node04.select-l05-n04; GrantId=grant-62; Attempt=1
2026-06-03T16:45:20.1008127+00:00	WorkerEvent	Layer05Node04.select-l05-n04	GrantAccepted; ExitCode=0; 
2026-06-03T16:45:20.1019859+00:00	WorkerEvent	Layer05Node04.select-l05-n04	TaskStarted; ExitCode=0; 
2026-06-03T16:45:20.1079390+00:00	WorkerEvent	BridgeL03L04	PipelineStarted; ExitCode=0; pipeline started
2026-06-03T16:45:20.1092528+00:00	WorkerEvent	BridgeL03L04.bridge-l03-l04-collect	TaskReady; ExitCode=0; 
2026-06-03T16:45:20.1101104+00:00	GrantTask	BridgeL03L04.bridge-l03-l04-collect	BridgeL03L04.bridge-l03-l04-collect; GrantId=grant-63; Attempt=1
2026-06-03T16:45:20.1106581+00:00	WorkerEvent	BridgeL03L04.bridge-l03-l04-collect	GrantAccepted; ExitCode=0; 
2026-06-03T16:45:20.1118197+00:00	WorkerEvent	BridgeL03L04.bridge-l03-l04-collect	TaskStarted; ExitCode=0; 
2026-06-03T16:45:20.3715607+00:00	WorkerEvent	Layer05Node04.select-l05-n04	TaskSucceeded; ExitCode=0; 
2026-06-03T16:45:20.3721233+00:00	TaskSucceeded	Layer05Node04.select-l05-n04	0
2026-06-03T16:45:20.3912644+00:00	WorkerEvent	Layer05Node04	Closed; ExitCode=0; 
2026-06-03T16:45:20.3919036+00:00	WorkerStarting	Layer05Node07	meta-pipeline
2026-06-03T16:45:20.4654234+00:00	WorkerStarted	Layer05Node07	31276
2026-06-03T16:45:20.4656954+00:00	WorkerControlPipe	Layer05Node07	meta-orchestration-f193a2a87ce04302b0105c8ef885a2a6
2026-06-03T16:45:20.4660054+00:00	WorkerLog	Layer05Node07	stdout=C:\Users\jimmy\Desktop\meta-bi\Samples\Demos\MetaOrchestrationHairballCliIntegration\Runs\hairball-seed-20260530\RunArtifacts\runs\20260603-164455_58ea81f88bba4eaa96d7f01695212642\logs\Layer05Node07-31276.stdout.log; stderr=C:\Users\jimmy\Desktop\meta-bi\Samples\Demos\MetaOrchestrationHairballCliIntegration\Runs\hairball-seed-20260530\RunArtifacts\runs\20260603-164455_58ea81f88bba4eaa96d7f01695212642\logs\Layer05Node07-31276.stderr.log
2026-06-03T16:45:20.4664072+00:00	WorkerEvent	BridgeL03L04.bridge-l03-l04-collect	TaskSucceeded; ExitCode=0; 
2026-06-03T16:45:20.4668780+00:00	TaskSucceeded	BridgeL03L04.bridge-l03-l04-collect	0
2026-06-03T16:45:20.4675606+00:00	WorkerEvent	BridgeL03L04.bridge-l03-l04-north	TaskReady; ExitCode=0; 
2026-06-03T16:45:20.4682688+00:00	GrantTask	BridgeL03L04.bridge-l03-l04-north	BridgeL03L04.bridge-l03-l04-north; GrantId=grant-64; Attempt=1
2026-06-03T16:45:20.4685432+00:00	WorkerEvent	BridgeL03L04.bridge-l03-l04-north	GrantAccepted; ExitCode=0; 
2026-06-03T16:45:20.4693763+00:00	WorkerEvent	BridgeL03L04.bridge-l03-l04-north	TaskStarted; ExitCode=0; 
2026-06-03T16:45:20.4865950+00:00	WorkerEvent	Layer05Node07	WorkerOnline; ExitCode=0; online
2026-06-03T16:45:20.4883706+00:00	WorkerEvent	Layer05Node07	WorkerReady; ExitCode=0; ready
2026-06-03T16:45:20.4916634+00:00	StartPipeline	Layer05Node07	Layer05Node07
2026-06-03T16:45:20.5496179+00:00	WorkerEvent	BridgeL03L04.bridge-l03-l04-north	TaskSucceeded; ExitCode=0; 
2026-06-03T16:45:20.5501351+00:00	TaskSucceeded	BridgeL03L04.bridge-l03-l04-north	0
2026-06-03T16:45:20.5508035+00:00	WorkerEvent	BridgeL03L04.bridge-l03-l04-south	TaskReady; ExitCode=0; 
2026-06-03T16:45:20.5517244+00:00	GrantTask	BridgeL03L04.bridge-l03-l04-south	BridgeL03L04.bridge-l03-l04-south; GrantId=grant-65; Attempt=1
2026-06-03T16:45:20.5520206+00:00	WorkerEvent	BridgeL03L04.bridge-l03-l04-south	GrantAccepted; ExitCode=0; 
2026-06-03T16:45:20.5527143+00:00	WorkerEvent	BridgeL03L04.bridge-l03-l04-south	TaskStarted; ExitCode=0; 
2026-06-03T16:45:20.6185790+00:00	WorkerEvent	BridgeL03L04.bridge-l03-l04-south	TaskSucceeded; ExitCode=0; 
2026-06-03T16:45:20.6191588+00:00	TaskSucceeded	BridgeL03L04.bridge-l03-l04-south	0
2026-06-03T16:45:20.6410942+00:00	WorkerEvent	BridgeL03L04	Closed; ExitCode=0; 
2026-06-03T16:45:20.6419481+00:00	WorkerStarting	Layer05Node01	meta-pipeline
2026-06-03T16:45:20.7221408+00:00	WorkerStarted	Layer05Node01	24140
2026-06-03T16:45:20.7224463+00:00	WorkerControlPipe	Layer05Node01	meta-orchestration-47b6b9e563d641cfb6a8d8419b38ef4c
2026-06-03T16:45:20.7227625+00:00	WorkerLog	Layer05Node01	stdout=C:\Users\jimmy\Desktop\meta-bi\Samples\Demos\MetaOrchestrationHairballCliIntegration\Runs\hairball-seed-20260530\RunArtifacts\runs\20260603-164455_58ea81f88bba4eaa96d7f01695212642\logs\Layer05Node01-24140.stdout.log; stderr=C:\Users\jimmy\Desktop\meta-bi\Samples\Demos\MetaOrchestrationHairballCliIntegration\Runs\hairball-seed-20260530\RunArtifacts\runs\20260603-164455_58ea81f88bba4eaa96d7f01695212642\logs\Layer05Node01-24140.stderr.log
2026-06-03T16:45:20.7378325+00:00	WorkerEvent	Layer05Node01	WorkerOnline; ExitCode=0; online
2026-06-03T16:45:20.7392992+00:00	WorkerEvent	Layer05Node01	WorkerReady; ExitCode=0; ready
2026-06-03T16:45:20.7415080+00:00	StartPipeline	Layer05Node01	Layer05Node01
2026-06-03T16:45:20.9105151+00:00	WorkerEvent	Layer05Node07	PipelineStarted; ExitCode=0; pipeline started
2026-06-03T16:45:20.9119079+00:00	WorkerEvent	Layer05Node07.export-l05-n07	TaskReady; ExitCode=0; 
2026-06-03T16:45:20.9139568+00:00	GrantTask	Layer05Node07.export-l05-n07	Layer05Node07.export-l05-n07; GrantId=grant-66; Attempt=1
2026-06-03T16:45:20.9144655+00:00	WorkerEvent	Layer05Node07.export-l05-n07	GrantAccepted; ExitCode=0; 
2026-06-03T16:45:20.9150413+00:00	WorkerEvent	Layer05Node07.export-l05-n07	TaskStarted; ExitCode=0; 
2026-06-03T16:45:21.1597372+00:00	WorkerEvent	Layer05Node01	PipelineStarted; ExitCode=0; pipeline started
2026-06-03T16:45:21.1611566+00:00	WorkerEvent	Layer05Node01.select-l05-n01	TaskReady; ExitCode=0; 
2026-06-03T16:45:21.1618794+00:00	GrantTask	Layer05Node01.select-l05-n01	Layer05Node01.select-l05-n01; GrantId=grant-67; Attempt=1
2026-06-03T16:45:21.1627416+00:00	WorkerEvent	Layer05Node01.select-l05-n01	GrantAccepted; ExitCode=0; 
2026-06-03T16:45:21.1634220+00:00	WorkerEvent	Layer05Node01.select-l05-n01	TaskStarted; ExitCode=0; 
2026-06-03T16:45:21.2357726+00:00	WorkerEvent	Layer05Node07.export-l05-n07	TaskSucceeded; ExitCode=0; 
2026-06-03T16:45:21.2363794+00:00	TaskSucceeded	Layer05Node07.export-l05-n07	0
2026-06-03T16:45:21.2579163+00:00	WorkerEvent	Layer05Node07	Closed; ExitCode=0; 
2026-06-03T16:45:21.2592370+00:00	WorkerStarting	Layer05Node05	meta-pipeline
2026-06-03T16:45:21.3529957+00:00	WorkerStarted	Layer05Node05	20268
2026-06-03T16:45:21.3533431+00:00	WorkerControlPipe	Layer05Node05	meta-orchestration-812c17dc47764b67b08c50950f3f3bbe
2026-06-03T16:45:21.3536531+00:00	WorkerLog	Layer05Node05	stdout=C:\Users\jimmy\Desktop\meta-bi\Samples\Demos\MetaOrchestrationHairballCliIntegration\Runs\hairball-seed-20260530\RunArtifacts\runs\20260603-164455_58ea81f88bba4eaa96d7f01695212642\logs\Layer05Node05-20268.stdout.log; stderr=C:\Users\jimmy\Desktop\meta-bi\Samples\Demos\MetaOrchestrationHairballCliIntegration\Runs\hairball-seed-20260530\RunArtifacts\runs\20260603-164455_58ea81f88bba4eaa96d7f01695212642\logs\Layer05Node05-20268.stderr.log
2026-06-03T16:45:21.3734742+00:00	WorkerEvent	Layer05Node05	WorkerOnline; ExitCode=0; online
2026-06-03T16:45:21.3756086+00:00	WorkerEvent	Layer05Node05	WorkerReady; ExitCode=0; ready
2026-06-03T16:45:21.3790854+00:00	StartPipeline	Layer05Node05	Layer05Node05
2026-06-03T16:45:21.4996900+00:00	WorkerEvent	Layer05Node01.select-l05-n01	TaskSucceeded; ExitCode=0; 
2026-06-03T16:45:21.5001925+00:00	TaskSucceeded	Layer05Node01.select-l05-n01	0
2026-06-03T16:45:21.5296637+00:00	WorkerEvent	Layer05Node01	Closed; ExitCode=0; 
2026-06-03T16:45:21.5302654+00:00	WorkerStarting	BridgeL07L08	meta-pipeline
2026-06-03T16:45:21.6392008+00:00	WorkerStarted	BridgeL07L08	29864
2026-06-03T16:45:21.6399886+00:00	WorkerControlPipe	BridgeL07L08	meta-orchestration-ee4b365581ca4932ade1e5843d1af8c6
2026-06-03T16:45:21.6405793+00:00	WorkerLog	BridgeL07L08	stdout=C:\Users\jimmy\Desktop\meta-bi\Samples\Demos\MetaOrchestrationHairballCliIntegration\Runs\hairball-seed-20260530\RunArtifacts\runs\20260603-164455_58ea81f88bba4eaa96d7f01695212642\logs\BridgeL07L08-29864.stdout.log; stderr=C:\Users\jimmy\Desktop\meta-bi\Samples\Demos\MetaOrchestrationHairballCliIntegration\Runs\hairball-seed-20260530\RunArtifacts\runs\20260603-164455_58ea81f88bba4eaa96d7f01695212642\logs\BridgeL07L08-29864.stderr.log
2026-06-03T16:45:21.6620848+00:00	WorkerEvent	BridgeL07L08	WorkerOnline; ExitCode=0; online
2026-06-03T16:45:21.6637912+00:00	WorkerEvent	BridgeL07L08	WorkerReady; ExitCode=0; ready
2026-06-03T16:45:21.6664614+00:00	StartPipeline	BridgeL07L08	BridgeL07L08
2026-06-03T16:45:21.8549792+00:00	WorkerEvent	Layer05Node05	PipelineStarted; ExitCode=0; pipeline started
2026-06-03T16:45:21.8567710+00:00	WorkerEvent	Layer05Node05.refresh-l05-n05	TaskReady; ExitCode=0; 
2026-06-03T16:45:21.8576731+00:00	GrantTask	Layer05Node05.refresh-l05-n05	Layer05Node05.refresh-l05-n05; GrantId=grant-68; Attempt=1
2026-06-03T16:45:21.8581898+00:00	WorkerEvent	Layer05Node05.refresh-l05-n05	GrantAccepted; ExitCode=0; 
2026-06-03T16:45:21.8593669+00:00	WorkerEvent	Layer05Node05.refresh-l05-n05	TaskStarted; ExitCode=0; 
2026-06-03T16:45:22.1010977+00:00	WorkerEvent	Layer05Node05.refresh-l05-n05	TaskSucceeded; ExitCode=0; 
2026-06-03T16:45:22.1016955+00:00	TaskSucceeded	Layer05Node05.refresh-l05-n05	0
2026-06-03T16:45:22.1210721+00:00	WorkerEvent	Layer05Node05	Closed; ExitCode=0; 
2026-06-03T16:45:22.1217444+00:00	WorkerStarting	Layer05Node06	meta-pipeline
2026-06-03T16:45:22.1993499+00:00	WorkerStarted	Layer05Node06	30888
2026-06-03T16:45:22.1996909+00:00	WorkerControlPipe	Layer05Node06	meta-orchestration-f70ff42c5b0e424b9d001f94458c1bb0
2026-06-03T16:45:22.2000077+00:00	WorkerLog	Layer05Node06	stdout=C:\Users\jimmy\Desktop\meta-bi\Samples\Demos\MetaOrchestrationHairballCliIntegration\Runs\hairball-seed-20260530\RunArtifacts\runs\20260603-164455_58ea81f88bba4eaa96d7f01695212642\logs\Layer05Node06-30888.stdout.log; stderr=C:\Users\jimmy\Desktop\meta-bi\Samples\Demos\MetaOrchestrationHairballCliIntegration\Runs\hairball-seed-20260530\RunArtifacts\runs\20260603-164455_58ea81f88bba4eaa96d7f01695212642\logs\Layer05Node06-30888.stderr.log
2026-06-03T16:45:22.2003416+00:00	WorkerEvent	BridgeL07L08	PipelineStarted; ExitCode=0; pipeline started
2026-06-03T16:45:22.2013046+00:00	WorkerEvent	BridgeL07L08.bridge-l07-l08-collect	TaskReady; ExitCode=0; 
2026-06-03T16:45:22.2021233+00:00	GrantTask	BridgeL07L08.bridge-l07-l08-collect	BridgeL07L08.bridge-l07-l08-collect; GrantId=grant-69; Attempt=1
2026-06-03T16:45:22.2028882+00:00	WorkerEvent	BridgeL07L08.bridge-l07-l08-collect	GrantAccepted; ExitCode=0; 
2026-06-03T16:45:22.2039410+00:00	WorkerEvent	BridgeL07L08.bridge-l07-l08-collect	TaskStarted; ExitCode=0; 
2026-06-03T16:45:22.2157832+00:00	WorkerEvent	Layer05Node06	WorkerOnline; ExitCode=0; online
2026-06-03T16:45:22.2171960+00:00	WorkerEvent	Layer05Node06	WorkerReady; ExitCode=0; ready
2026-06-03T16:45:22.2197320+00:00	StartPipeline	Layer05Node06	Layer05Node06
2026-06-03T16:45:22.5368595+00:00	WorkerEvent	BridgeL07L08.bridge-l07-l08-collect	TaskSucceeded; ExitCode=0; 
2026-06-03T16:45:22.5373635+00:00	TaskSucceeded	BridgeL07L08.bridge-l07-l08-collect	0
2026-06-03T16:45:22.5379788+00:00	WorkerEvent	BridgeL07L08.bridge-l07-l08-north	TaskReady; ExitCode=0; 
2026-06-03T16:45:22.5389288+00:00	WorkerDeferredForCapacity	BridgeL07L08	Deferred by orchestration to honor max active worker process capacity.
2026-06-03T16:45:22.5397681+00:00	StopPipeline	BridgeL07L08	Deferred by orchestration to honor max active worker process capacity.
2026-06-03T16:45:22.5666681+00:00	WorkerEvent	BridgeL07L08	Closed; ExitCode=0; 
2026-06-03T16:45:22.5673264+00:00	WorkerDeferred	BridgeL07L08	ResumeTaskId=BridgeL07L08.bridge-l07-l08-north
2026-06-03T16:45:22.5679284+00:00	WorkerStarting	Layer05Node08	meta-pipeline
2026-06-03T16:45:22.6492723+00:00	WorkerStarted	Layer05Node08	24456
2026-06-03T16:45:22.6496870+00:00	WorkerControlPipe	Layer05Node08	meta-orchestration-9d86132f9f7a474499a80dc71a7ba2cb
2026-06-03T16:45:22.6499926+00:00	WorkerLog	Layer05Node08	stdout=C:\Users\jimmy\Desktop\meta-bi\Samples\Demos\MetaOrchestrationHairballCliIntegration\Runs\hairball-seed-20260530\RunArtifacts\runs\20260603-164455_58ea81f88bba4eaa96d7f01695212642\logs\Layer05Node08-24456.stdout.log; stderr=C:\Users\jimmy\Desktop\meta-bi\Samples\Demos\MetaOrchestrationHairballCliIntegration\Runs\hairball-seed-20260530\RunArtifacts\runs\20260603-164455_58ea81f88bba4eaa96d7f01695212642\logs\Layer05Node08-24456.stderr.log
2026-06-03T16:45:22.6502914+00:00	WorkerEvent	Layer05Node06	PipelineStarted; ExitCode=0; pipeline started
2026-06-03T16:45:22.6512672+00:00	WorkerEvent	Layer05Node06.export-l05-n06	TaskReady; ExitCode=0; 
2026-06-03T16:45:22.6521738+00:00	GrantTask	Layer05Node06.export-l05-n06	Layer05Node06.export-l05-n06; GrantId=grant-70; Attempt=1
2026-06-03T16:45:22.6529255+00:00	WorkerEvent	Layer05Node06.export-l05-n06	GrantAccepted; ExitCode=0; 
2026-06-03T16:45:22.6538122+00:00	WorkerEvent	Layer05Node06.export-l05-n06	TaskStarted; ExitCode=0; 
2026-06-03T16:45:22.6738009+00:00	WorkerEvent	Layer05Node08	WorkerOnline; ExitCode=0; online
2026-06-03T16:45:22.6760628+00:00	WorkerEvent	Layer05Node08	WorkerReady; ExitCode=0; ready
2026-06-03T16:45:22.6789293+00:00	StartPipeline	Layer05Node08	Layer05Node08
2026-06-03T16:45:23.0002117+00:00	WorkerEvent	Layer05Node06.export-l05-n06	TaskSucceeded; ExitCode=0; 
2026-06-03T16:45:23.0008483+00:00	TaskSucceeded	Layer05Node06.export-l05-n06	0
2026-06-03T16:45:23.0218713+00:00	WorkerEvent	Layer05Node06	Closed; ExitCode=0; 
2026-06-03T16:45:23.0225694+00:00	WorkerStarting	Layer06Node01	meta-pipeline
2026-06-03T16:45:23.0988924+00:00	WorkerStarted	Layer06Node01	30368
2026-06-03T16:45:23.0991699+00:00	WorkerControlPipe	Layer06Node01	meta-orchestration-51e4f13adae041fbaf6c65a4ead2240a
2026-06-03T16:45:23.0994644+00:00	WorkerLog	Layer06Node01	stdout=C:\Users\jimmy\Desktop\meta-bi\Samples\Demos\MetaOrchestrationHairballCliIntegration\Runs\hairball-seed-20260530\RunArtifacts\runs\20260603-164455_58ea81f88bba4eaa96d7f01695212642\logs\Layer06Node01-30368.stdout.log; stderr=C:\Users\jimmy\Desktop\meta-bi\Samples\Demos\MetaOrchestrationHairballCliIntegration\Runs\hairball-seed-20260530\RunArtifacts\runs\20260603-164455_58ea81f88bba4eaa96d7f01695212642\logs\Layer06Node01-30368.stderr.log
2026-06-03T16:45:23.0998220+00:00	WorkerEvent	Layer05Node08	PipelineStarted; ExitCode=0; pipeline started
2026-06-03T16:45:23.1008744+00:00	WorkerEvent	Layer05Node08.refresh-l05-n08	TaskReady; ExitCode=0; 
2026-06-03T16:45:23.1021169+00:00	GrantTask	Layer05Node08.refresh-l05-n08	Layer05Node08.refresh-l05-n08; GrantId=grant-71; Attempt=1
2026-06-03T16:45:23.1030236+00:00	WorkerEvent	Layer05Node08.refresh-l05-n08	GrantAccepted; ExitCode=0; 
2026-06-03T16:45:23.1040792+00:00	WorkerEvent	Layer05Node08.refresh-l05-n08	TaskStarted; ExitCode=0; 
2026-06-03T16:45:23.1151125+00:00	WorkerEvent	Layer06Node01	WorkerOnline; ExitCode=0; online
2026-06-03T16:45:23.1166879+00:00	WorkerEvent	Layer06Node01	WorkerReady; ExitCode=0; ready
2026-06-03T16:45:23.1197998+00:00	StartPipeline	Layer06Node01	Layer06Node01
2026-06-03T16:45:23.3795968+00:00	WorkerEvent	Layer05Node08.refresh-l05-n08	TaskSucceeded; ExitCode=0; 
2026-06-03T16:45:23.3802245+00:00	TaskSucceeded	Layer05Node08.refresh-l05-n08	0
2026-06-03T16:45:23.4013820+00:00	WorkerEvent	Layer05Node08	Closed; ExitCode=0; 
2026-06-03T16:45:23.4023395+00:00	WorkerStarting	Layer05Hub	meta-pipeline
2026-06-03T16:45:23.4725582+00:00	WorkerStarted	Layer05Hub	29860
2026-06-03T16:45:23.4728666+00:00	WorkerControlPipe	Layer05Hub	meta-orchestration-03801845d68c4a469280a602c00dc5a6
2026-06-03T16:45:23.4732226+00:00	WorkerLog	Layer05Hub	stdout=C:\Users\jimmy\Desktop\meta-bi\Samples\Demos\MetaOrchestrationHairballCliIntegration\Runs\hairball-seed-20260530\RunArtifacts\runs\20260603-164455_58ea81f88bba4eaa96d7f01695212642\logs\Layer05Hub-29860.stdout.log; stderr=C:\Users\jimmy\Desktop\meta-bi\Samples\Demos\MetaOrchestrationHairballCliIntegration\Runs\hairball-seed-20260530\RunArtifacts\runs\20260603-164455_58ea81f88bba4eaa96d7f01695212642\logs\Layer05Hub-29860.stderr.log
2026-06-03T16:45:23.4868317+00:00	WorkerEvent	Layer05Hub	WorkerOnline; ExitCode=0; online
2026-06-03T16:45:23.4881166+00:00	WorkerEvent	Layer05Hub	WorkerReady; ExitCode=0; ready
2026-06-03T16:45:23.4912964+00:00	StartPipeline	Layer05Hub	Layer05Hub
2026-06-03T16:45:23.5496148+00:00	WorkerEvent	Layer06Node01	PipelineStarted; ExitCode=0; pipeline started
2026-06-03T16:45:23.5510554+00:00	WorkerEvent	Layer06Node01.select-l06-n01	TaskReady; ExitCode=0; 
2026-06-03T16:45:23.5517587+00:00	GrantTask	Layer06Node01.select-l06-n01	Layer06Node01.select-l06-n01; GrantId=grant-72; Attempt=1
2026-06-03T16:45:23.5525497+00:00	WorkerEvent	Layer06Node01.select-l06-n01	GrantAccepted; ExitCode=0; 
2026-06-03T16:45:23.5533039+00:00	WorkerEvent	Layer06Node01.select-l06-n01	TaskStarted; ExitCode=0; 
2026-06-03T16:45:23.8384294+00:00	WorkerEvent	Layer06Node01.select-l06-n01	TaskSucceeded; ExitCode=0; 
2026-06-03T16:45:23.8389655+00:00	TaskSucceeded	Layer06Node01.select-l06-n01	0
2026-06-03T16:45:23.8615734+00:00	WorkerEvent	Layer06Node01	Closed; ExitCode=0; 
2026-06-03T16:45:23.8627587+00:00	WorkerStarting	Layer06Node02	meta-pipeline
2026-06-03T16:45:23.9514109+00:00	WorkerStarted	Layer06Node02	30928
2026-06-03T16:45:23.9517531+00:00	WorkerControlPipe	Layer06Node02	meta-orchestration-9ef1ad9fe03045ba98c3ffd312c35b75
2026-06-03T16:45:23.9520434+00:00	WorkerLog	Layer06Node02	stdout=C:\Users\jimmy\Desktop\meta-bi\Samples\Demos\MetaOrchestrationHairballCliIntegration\Runs\hairball-seed-20260530\RunArtifacts\runs\20260603-164455_58ea81f88bba4eaa96d7f01695212642\logs\Layer06Node02-30928.stdout.log; stderr=C:\Users\jimmy\Desktop\meta-bi\Samples\Demos\MetaOrchestrationHairballCliIntegration\Runs\hairball-seed-20260530\RunArtifacts\runs\20260603-164455_58ea81f88bba4eaa96d7f01695212642\logs\Layer06Node02-30928.stderr.log
2026-06-03T16:45:23.9689428+00:00	WorkerEvent	Layer06Node02	WorkerOnline; ExitCode=0; online
2026-06-03T16:45:23.9704167+00:00	WorkerEvent	Layer06Node02	WorkerReady; ExitCode=0; ready
2026-06-03T16:45:23.9729278+00:00	StartPipeline	Layer06Node02	Layer06Node02
2026-06-03T16:45:24.0571292+00:00	WorkerEvent	Layer05Hub	PipelineStarted; ExitCode=0; pipeline started
2026-06-03T16:45:24.0586120+00:00	WorkerEvent	Layer05Hub.hub-l05-stage	TaskReady; ExitCode=0; 
2026-06-03T16:45:24.0595308+00:00	GrantTask	Layer05Hub.hub-l05-stage	Layer05Hub.hub-l05-stage; GrantId=grant-73; Attempt=1
2026-06-03T16:45:24.0598553+00:00	WorkerEvent	Layer05Hub.hub-l05-stage	GrantAccepted; ExitCode=0; 
2026-06-03T16:45:24.0610831+00:00	WorkerEvent	Layer05Hub.hub-l05-stage	TaskStarted; ExitCode=0; 
2026-06-03T16:45:24.3666588+00:00	WorkerEvent	Layer05Hub.hub-l05-stage	TaskSucceeded; ExitCode=0; 
2026-06-03T16:45:24.3673466+00:00	TaskSucceeded	Layer05Hub.hub-l05-stage	0
2026-06-03T16:45:24.3679673+00:00	WorkerEvent	Layer05Hub.hub-l05-curate	TaskReady; ExitCode=0; 
2026-06-03T16:45:24.3687550+00:00	GrantTask	Layer05Hub.hub-l05-curate	Layer05Hub.hub-l05-curate; GrantId=grant-74; Attempt=1
2026-06-03T16:45:24.3690906+00:00	WorkerEvent	Layer05Hub.hub-l05-curate	GrantAccepted; ExitCode=0; 
2026-06-03T16:45:24.3698514+00:00	WorkerEvent	Layer05Hub.hub-l05-curate	TaskStarted; ExitCode=0; 
2026-06-03T16:45:24.4090002+00:00	WorkerEvent	Layer06Node02	PipelineStarted; ExitCode=0; pipeline started
2026-06-03T16:45:24.4103435+00:00	WorkerEvent	Layer06Node02.export-l06-n02	TaskReady; ExitCode=0; 
2026-06-03T16:45:24.4111425+00:00	GrantTask	Layer06Node02.export-l06-n02	Layer06Node02.export-l06-n02; GrantId=grant-75; Attempt=1
2026-06-03T16:45:24.4115769+00:00	WorkerEvent	Layer06Node02.export-l06-n02	GrantAccepted; ExitCode=0; 
2026-06-03T16:45:24.4123239+00:00	WorkerEvent	Layer06Node02.export-l06-n02	TaskStarted; ExitCode=0; 
2026-06-03T16:45:24.4362138+00:00	WorkerEvent	Layer05Hub.hub-l05-curate	TaskSucceeded; ExitCode=0; 
2026-06-03T16:45:24.4367678+00:00	TaskSucceeded	Layer05Hub.hub-l05-curate	0
2026-06-03T16:45:24.4373569+00:00	WorkerEvent	Layer05Hub.hub-l05-publish	TaskReady; ExitCode=0; 
2026-06-03T16:45:24.4381618+00:00	GrantTask	Layer05Hub.hub-l05-publish	Layer05Hub.hub-l05-publish; GrantId=grant-76; Attempt=1
2026-06-03T16:45:24.4384517+00:00	WorkerEvent	Layer05Hub.hub-l05-publish	GrantAccepted; ExitCode=0; 
2026-06-03T16:45:24.4391722+00:00	WorkerEvent	Layer05Hub.hub-l05-publish	TaskStarted; ExitCode=0; 
2026-06-03T16:45:24.5433598+00:00	WorkerEvent	Layer05Hub.hub-l05-publish	TaskSucceeded; ExitCode=0; 
2026-06-03T16:45:24.5438956+00:00	TaskSucceeded	Layer05Hub.hub-l05-publish	0
2026-06-03T16:45:24.5683419+00:00	WorkerEvent	Layer05Hub	Closed; ExitCode=0; 
2026-06-03T16:45:24.5688479+00:00	WorkerResuming	BridgeL05L06	ResumeTaskId=BridgeL05L06.bridge-l05-l06-collect; Executable=meta-pipeline
2026-06-03T16:45:24.6419564+00:00	WorkerStarted	BridgeL05L06	29192
2026-06-03T16:45:24.6422673+00:00	WorkerControlPipe	BridgeL05L06	meta-orchestration-6912bd519aee43f5a64f5ea854318d29
2026-06-03T16:45:24.6425678+00:00	WorkerLog	BridgeL05L06	stdout=C:\Users\jimmy\Desktop\meta-bi\Samples\Demos\MetaOrchestrationHairballCliIntegration\Runs\hairball-seed-20260530\RunArtifacts\runs\20260603-164455_58ea81f88bba4eaa96d7f01695212642\logs\BridgeL05L06-29192.stdout.log; stderr=C:\Users\jimmy\Desktop\meta-bi\Samples\Demos\MetaOrchestrationHairballCliIntegration\Runs\hairball-seed-20260530\RunArtifacts\runs\20260603-164455_58ea81f88bba4eaa96d7f01695212642\logs\BridgeL05L06-29192.stderr.log
2026-06-03T16:45:24.6573345+00:00	WorkerEvent	BridgeL05L06	WorkerOnline; ExitCode=0; online
2026-06-03T16:45:24.6587955+00:00	WorkerEvent	BridgeL05L06	WorkerReady; ExitCode=0; ready
2026-06-03T16:45:24.6611924+00:00	StartPipeline	BridgeL05L06	BridgeL05L06
2026-06-03T16:45:24.7504094+00:00	WorkerEvent	Layer06Node02.export-l06-n02	TaskSucceeded; ExitCode=0; 
2026-06-03T16:45:24.7510731+00:00	TaskSucceeded	Layer06Node02.export-l06-n02	0
2026-06-03T16:45:24.7763797+00:00	WorkerEvent	Layer06Node02	Closed; ExitCode=0; 
2026-06-03T16:45:24.7773233+00:00	WorkerStarting	Layer06Node03	meta-pipeline
2026-06-03T16:45:24.8647431+00:00	WorkerStarted	Layer06Node03	22116
2026-06-03T16:45:24.8651206+00:00	WorkerControlPipe	Layer06Node03	meta-orchestration-3272c8a7dfe040d995291f6397c7e76a
2026-06-03T16:45:24.8654180+00:00	WorkerLog	Layer06Node03	stdout=C:\Users\jimmy\Desktop\meta-bi\Samples\Demos\MetaOrchestrationHairballCliIntegration\Runs\hairball-seed-20260530\RunArtifacts\runs\20260603-164455_58ea81f88bba4eaa96d7f01695212642\logs\Layer06Node03-22116.stdout.log; stderr=C:\Users\jimmy\Desktop\meta-bi\Samples\Demos\MetaOrchestrationHairballCliIntegration\Runs\hairball-seed-20260530\RunArtifacts\runs\20260603-164455_58ea81f88bba4eaa96d7f01695212642\logs\Layer06Node03-22116.stderr.log
2026-06-03T16:45:24.8823473+00:00	WorkerEvent	Layer06Node03	WorkerOnline; ExitCode=0; online
2026-06-03T16:45:24.8837122+00:00	WorkerEvent	Layer06Node03	WorkerReady; ExitCode=0; ready
2026-06-03T16:45:24.8861444+00:00	StartPipeline	Layer06Node03	Layer06Node03
2026-06-03T16:45:25.2691721+00:00	WorkerEvent	BridgeL05L06	PipelineStarted; ExitCode=0; pipeline started
2026-06-03T16:45:25.2708142+00:00	WorkerEvent	BridgeL05L06.bridge-l05-l06-collect	TaskReady; ExitCode=0; 
2026-06-03T16:45:25.2719222+00:00	GrantTask	BridgeL05L06.bridge-l05-l06-collect	BridgeL05L06.bridge-l05-l06-collect; GrantId=grant-77; Attempt=1
2026-06-03T16:45:25.2725445+00:00	WorkerEvent	BridgeL05L06.bridge-l05-l06-collect	GrantAccepted; ExitCode=0; 
2026-06-03T16:45:25.2738992+00:00	WorkerEvent	BridgeL05L06.bridge-l05-l06-collect	TaskStarted; ExitCode=0; 
2026-06-03T16:45:25.3563238+00:00	WorkerEvent	Layer06Node03	PipelineStarted; ExitCode=0; pipeline started
2026-06-03T16:45:25.3576702+00:00	WorkerEvent	Layer06Node03.select-l06-n03	TaskReady; ExitCode=0; 
2026-06-03T16:45:25.3584966+00:00	GrantTask	Layer06Node03.select-l06-n03	Layer06Node03.select-l06-n03; GrantId=grant-78; Attempt=1
2026-06-03T16:45:25.3588968+00:00	WorkerEvent	Layer06Node03.select-l06-n03	GrantAccepted; ExitCode=0; 
2026-06-03T16:45:25.3596369+00:00	WorkerEvent	Layer06Node03.select-l06-n03	TaskStarted; ExitCode=0; 
2026-06-03T16:45:25.5906254+00:00	WorkerEvent	BridgeL05L06.bridge-l05-l06-collect	TaskSucceeded; ExitCode=0; 
2026-06-03T16:45:25.5911427+00:00	TaskSucceeded	BridgeL05L06.bridge-l05-l06-collect	0
2026-06-03T16:45:25.5916778+00:00	WorkerEvent	BridgeL05L06.bridge-l05-l06-north	TaskReady; ExitCode=0; 
2026-06-03T16:45:25.5923620+00:00	GrantTask	BridgeL05L06.bridge-l05-l06-north	BridgeL05L06.bridge-l05-l06-north; GrantId=grant-79; Attempt=1
2026-06-03T16:45:25.5926917+00:00	WorkerEvent	BridgeL05L06.bridge-l05-l06-north	GrantAccepted; ExitCode=0; 
2026-06-03T16:45:25.5932313+00:00	WorkerEvent	BridgeL05L06.bridge-l05-l06-north	TaskStarted; ExitCode=0; 
2026-06-03T16:45:25.6904898+00:00	WorkerEvent	Layer06Node03.select-l06-n03	TaskSucceeded; ExitCode=0; 
2026-06-03T16:45:25.6911983+00:00	TaskSucceeded	Layer06Node03.select-l06-n03	0
2026-06-03T16:45:25.7186179+00:00	WorkerEvent	Layer06Node03	Closed; ExitCode=0; 
2026-06-03T16:45:25.7195505+00:00	WorkerResuming	BridgeL07L08	ResumeTaskId=BridgeL07L08.bridge-l07-l08-north; Executable=meta-pipeline
2026-06-03T16:45:25.7998575+00:00	WorkerStarted	BridgeL07L08	25852
2026-06-03T16:45:25.8002106+00:00	WorkerControlPipe	BridgeL07L08	meta-orchestration-1fc6bfcfc99344128d8fbdbd982be8dc
2026-06-03T16:45:25.8005170+00:00	WorkerLog	BridgeL07L08	stdout=C:\Users\jimmy\Desktop\meta-bi\Samples\Demos\MetaOrchestrationHairballCliIntegration\Runs\hairball-seed-20260530\RunArtifacts\runs\20260603-164455_58ea81f88bba4eaa96d7f01695212642\logs\BridgeL07L08-25852.stdout.log; stderr=C:\Users\jimmy\Desktop\meta-bi\Samples\Demos\MetaOrchestrationHairballCliIntegration\Runs\hairball-seed-20260530\RunArtifacts\runs\20260603-164455_58ea81f88bba4eaa96d7f01695212642\logs\BridgeL07L08-25852.stderr.log
2026-06-03T16:45:25.8008540+00:00	WorkerEvent	BridgeL05L06.bridge-l05-l06-north	TaskSucceeded; ExitCode=0; 
2026-06-03T16:45:25.8015007+00:00	TaskSucceeded	BridgeL05L06.bridge-l05-l06-north	0
2026-06-03T16:45:25.8026314+00:00	WorkerEvent	BridgeL05L06.bridge-l05-l06-south	TaskReady; ExitCode=0; 
2026-06-03T16:45:25.8038597+00:00	WorkerDeferredForCapacity	BridgeL05L06	Deferred by orchestration to honor max active worker process capacity.
2026-06-03T16:45:25.8041736+00:00	StopPipeline	BridgeL05L06	Deferred by orchestration to honor max active worker process capacity.
2026-06-03T16:45:25.8160731+00:00	WorkerEvent	BridgeL07L08	WorkerOnline; ExitCode=0; online
2026-06-03T16:45:25.8174675+00:00	WorkerEvent	BridgeL07L08	WorkerReady; ExitCode=0; ready
2026-06-03T16:45:25.8204031+00:00	StartPipeline	BridgeL07L08	BridgeL07L08
2026-06-03T16:45:25.8323421+00:00	WorkerEvent	BridgeL05L06	Closed; ExitCode=0; 
2026-06-03T16:45:25.8329243+00:00	WorkerDeferred	BridgeL05L06	ResumeTaskId=BridgeL05L06.bridge-l05-l06-south
2026-06-03T16:45:25.8334939+00:00	WorkerStarting	Layer06Node04	meta-pipeline
2026-06-03T16:45:25.9186983+00:00	WorkerStarted	Layer06Node04	31724
2026-06-03T16:45:25.9190074+00:00	WorkerControlPipe	Layer06Node04	meta-orchestration-2306a67679a049daa4ebed6effae3d70
2026-06-03T16:45:25.9192816+00:00	WorkerLog	Layer06Node04	stdout=C:\Users\jimmy\Desktop\meta-bi\Samples\Demos\MetaOrchestrationHairballCliIntegration\Runs\hairball-seed-20260530\RunArtifacts\runs\20260603-164455_58ea81f88bba4eaa96d7f01695212642\logs\Layer06Node04-31724.stdout.log; stderr=C:\Users\jimmy\Desktop\meta-bi\Samples\Demos\MetaOrchestrationHairballCliIntegration\Runs\hairball-seed-20260530\RunArtifacts\runs\20260603-164455_58ea81f88bba4eaa96d7f01695212642\logs\Layer06Node04-31724.stderr.log
2026-06-03T16:45:25.9350526+00:00	WorkerEvent	Layer06Node04	WorkerOnline; ExitCode=0; online
2026-06-03T16:45:25.9365296+00:00	WorkerEvent	Layer06Node04	WorkerReady; ExitCode=0; ready
2026-06-03T16:45:25.9390575+00:00	StartPipeline	Layer06Node04	Layer06Node04
2026-06-03T16:45:26.3415735+00:00	WorkerEvent	Layer06Node04	PipelineStarted; ExitCode=0; pipeline started
2026-06-03T16:45:26.3429767+00:00	WorkerEvent	Layer06Node04.export-l06-n04	TaskReady; ExitCode=0; 
2026-06-03T16:45:26.3437507+00:00	GrantTask	Layer06Node04.export-l06-n04	Layer06Node04.export-l06-n04; GrantId=grant-80; Attempt=1
2026-06-03T16:45:26.3443163+00:00	WorkerEvent	Layer06Node04.export-l06-n04	GrantAccepted; ExitCode=0; 
2026-06-03T16:45:26.3450153+00:00	WorkerEvent	Layer06Node04.export-l06-n04	TaskStarted; ExitCode=0; 
2026-06-03T16:45:26.3824909+00:00	WorkerEvent	BridgeL07L08	PipelineStarted; ExitCode=0; pipeline started
2026-06-03T16:45:26.3839258+00:00	WorkerEvent	BridgeL07L08.bridge-l07-l08-north	TaskReady; ExitCode=0; 
2026-06-03T16:45:26.3848238+00:00	GrantTask	BridgeL07L08.bridge-l07-l08-north	BridgeL07L08.bridge-l07-l08-north; GrantId=grant-81; Attempt=1
2026-06-03T16:45:26.3854462+00:00	WorkerEvent	BridgeL07L08.bridge-l07-l08-north	GrantAccepted; ExitCode=0; 
2026-06-03T16:45:26.3863029+00:00	WorkerEvent	BridgeL07L08.bridge-l07-l08-north	TaskStarted; ExitCode=0; 
2026-06-03T16:45:26.6741664+00:00	WorkerEvent	BridgeL07L08.bridge-l07-l08-north	TaskSucceeded; ExitCode=0; 
2026-06-03T16:45:26.6747550+00:00	TaskSucceeded	BridgeL07L08.bridge-l07-l08-north	0
2026-06-03T16:45:26.6753555+00:00	WorkerEvent	BridgeL07L08.bridge-l07-l08-south	TaskReady; ExitCode=0; 
2026-06-03T16:45:26.6761170+00:00	WorkerDeferredForCapacity	BridgeL07L08	Deferred by orchestration to honor max active worker process capacity.
2026-06-03T16:45:26.6765505+00:00	StopPipeline	BridgeL07L08	Deferred by orchestration to honor max active worker process capacity.
2026-06-03T16:45:26.6769293+00:00	WorkerEvent	Layer06Node04.export-l06-n04	TaskSucceeded; ExitCode=0; 
2026-06-03T16:45:26.6773816+00:00	TaskSucceeded	Layer06Node04.export-l06-n04	0
2026-06-03T16:45:26.6981118+00:00	WorkerEvent	Layer06Node04	Closed; ExitCode=0; 
2026-06-03T16:45:26.6991384+00:00	WorkerStarting	Layer06Node05	meta-pipeline
2026-06-03T16:45:26.7710525+00:00	WorkerStarted	Layer06Node05	1316
2026-06-03T16:45:26.7713599+00:00	WorkerControlPipe	Layer06Node05	meta-orchestration-bf4419274e9f447883d27d77ff8c72d4
2026-06-03T16:45:26.7717023+00:00	WorkerLog	Layer06Node05	stdout=C:\Users\jimmy\Desktop\meta-bi\Samples\Demos\MetaOrchestrationHairballCliIntegration\Runs\hairball-seed-20260530\RunArtifacts\runs\20260603-164455_58ea81f88bba4eaa96d7f01695212642\logs\Layer06Node05-1316.stdout.log; stderr=C:\Users\jimmy\Desktop\meta-bi\Samples\Demos\MetaOrchestrationHairballCliIntegration\Runs\hairball-seed-20260530\RunArtifacts\runs\20260603-164455_58ea81f88bba4eaa96d7f01695212642\logs\Layer06Node05-1316.stderr.log
2026-06-03T16:45:26.7719968+00:00	WorkerEvent	BridgeL07L08	Closed; ExitCode=0; 
2026-06-03T16:45:26.7723735+00:00	WorkerDeferred	BridgeL07L08	ResumeTaskId=BridgeL07L08.bridge-l07-l08-south
2026-06-03T16:45:26.7729620+00:00	WorkerStarting	Layer06Node06	meta-pipeline
2026-06-03T16:45:26.8490495+00:00	WorkerStarted	Layer06Node06	17336
2026-06-03T16:45:26.8493686+00:00	WorkerControlPipe	Layer06Node06	meta-orchestration-8380d0d588234b8fb0cb1ca84776cf3d
2026-06-03T16:45:26.8496419+00:00	WorkerLog	Layer06Node06	stdout=C:\Users\jimmy\Desktop\meta-bi\Samples\Demos\MetaOrchestrationHairballCliIntegration\Runs\hairball-seed-20260530\RunArtifacts\runs\20260603-164455_58ea81f88bba4eaa96d7f01695212642\logs\Layer06Node06-17336.stdout.log; stderr=C:\Users\jimmy\Desktop\meta-bi\Samples\Demos\MetaOrchestrationHairballCliIntegration\Runs\hairball-seed-20260530\RunArtifacts\runs\20260603-164455_58ea81f88bba4eaa96d7f01695212642\logs\Layer06Node06-17336.stderr.log
2026-06-03T16:45:26.8499259+00:00	WorkerEvent	Layer06Node05	WorkerOnline; ExitCode=0; online
2026-06-03T16:45:26.8507214+00:00	WorkerEvent	Layer06Node05	WorkerReady; ExitCode=0; ready
2026-06-03T16:45:26.8530062+00:00	StartPipeline	Layer06Node05	Layer06Node05
2026-06-03T16:45:26.8652712+00:00	WorkerEvent	Layer06Node06	WorkerOnline; ExitCode=0; online
2026-06-03T16:45:26.8664635+00:00	WorkerEvent	Layer06Node06	WorkerReady; ExitCode=0; ready
2026-06-03T16:45:26.8688426+00:00	StartPipeline	Layer06Node06	Layer06Node06
2026-06-03T16:45:27.2787343+00:00	WorkerEvent	Layer06Node05	PipelineStarted; ExitCode=0; pipeline started
2026-06-03T16:45:27.2800313+00:00	WorkerEvent	Layer06Node05.export-l06-n05	TaskReady; ExitCode=0; 
2026-06-03T16:45:27.2810221+00:00	GrantTask	Layer06Node05.export-l06-n05	Layer06Node05.export-l06-n05; GrantId=grant-82; Attempt=1
2026-06-03T16:45:27.2815874+00:00	WorkerEvent	Layer06Node05.export-l06-n05	GrantAccepted; ExitCode=0; 
2026-06-03T16:45:27.2824266+00:00	WorkerEvent	Layer06Node05.export-l06-n05	TaskStarted; ExitCode=0; 
2026-06-03T16:45:27.3146764+00:00	WorkerEvent	Layer06Node06	PipelineStarted; ExitCode=0; pipeline started
2026-06-03T16:45:27.3159301+00:00	WorkerEvent	Layer06Node06.select-l06-n06	TaskReady; ExitCode=0; 
2026-06-03T16:45:27.3167816+00:00	GrantTask	Layer06Node06.select-l06-n06	Layer06Node06.select-l06-n06; GrantId=grant-83; Attempt=1
2026-06-03T16:45:27.3173257+00:00	WorkerEvent	Layer06Node06.select-l06-n06	GrantAccepted; ExitCode=0; 
2026-06-03T16:45:27.3180274+00:00	WorkerEvent	Layer06Node06.select-l06-n06	TaskStarted; ExitCode=0; 
2026-06-03T16:45:27.5921043+00:00	WorkerEvent	Layer06Node06.select-l06-n06	TaskSucceeded; ExitCode=0; 
2026-06-03T16:45:27.5927059+00:00	TaskSucceeded	Layer06Node06.select-l06-n06	0
2026-06-03T16:45:27.5988761+00:00	WorkerEvent	Layer06Node05.export-l06-n05	TaskSucceeded; ExitCode=0; 
2026-06-03T16:45:27.5994286+00:00	TaskSucceeded	Layer06Node05.export-l06-n05	0
2026-06-03T16:45:27.6136728+00:00	WorkerEvent	Layer06Node06	Closed; ExitCode=0; 
2026-06-03T16:45:27.6144602+00:00	WorkerStarting	Layer06Node07	meta-pipeline
2026-06-03T16:45:27.6840439+00:00	WorkerStarted	Layer06Node07	30692
2026-06-03T16:45:27.6843459+00:00	WorkerControlPipe	Layer06Node07	meta-orchestration-77e2ee70c0c24e99aba06b8f326b73ce
2026-06-03T16:45:27.6846531+00:00	WorkerLog	Layer06Node07	stdout=C:\Users\jimmy\Desktop\meta-bi\Samples\Demos\MetaOrchestrationHairballCliIntegration\Runs\hairball-seed-20260530\RunArtifacts\runs\20260603-164455_58ea81f88bba4eaa96d7f01695212642\logs\Layer06Node07-30692.stdout.log; stderr=C:\Users\jimmy\Desktop\meta-bi\Samples\Demos\MetaOrchestrationHairballCliIntegration\Runs\hairball-seed-20260530\RunArtifacts\runs\20260603-164455_58ea81f88bba4eaa96d7f01695212642\logs\Layer06Node07-30692.stderr.log
2026-06-03T16:45:27.6850913+00:00	WorkerEvent	Layer06Node05	Closed; ExitCode=0; 
2026-06-03T16:45:27.6859245+00:00	WorkerStarting	Layer06Node08	meta-pipeline
2026-06-03T16:45:27.7549682+00:00	WorkerStarted	Layer06Node08	9220
2026-06-03T16:45:27.7552715+00:00	WorkerControlPipe	Layer06Node08	meta-orchestration-063d33c4722b462f98103f966c882d0b
2026-06-03T16:45:27.7555304+00:00	WorkerLog	Layer06Node08	stdout=C:\Users\jimmy\Desktop\meta-bi\Samples\Demos\MetaOrchestrationHairballCliIntegration\Runs\hairball-seed-20260530\RunArtifacts\runs\20260603-164455_58ea81f88bba4eaa96d7f01695212642\logs\Layer06Node08-9220.stdout.log; stderr=C:\Users\jimmy\Desktop\meta-bi\Samples\Demos\MetaOrchestrationHairballCliIntegration\Runs\hairball-seed-20260530\RunArtifacts\runs\20260603-164455_58ea81f88bba4eaa96d7f01695212642\logs\Layer06Node08-9220.stderr.log
2026-06-03T16:45:27.7558003+00:00	WorkerEvent	Layer06Node07	WorkerOnline; ExitCode=0; online
2026-06-03T16:45:27.7567141+00:00	WorkerEvent	Layer06Node07	WorkerReady; ExitCode=0; ready
2026-06-03T16:45:27.7587058+00:00	StartPipeline	Layer06Node07	Layer06Node07
2026-06-03T16:45:27.7688815+00:00	WorkerEvent	Layer06Node08	WorkerOnline; ExitCode=0; online
2026-06-03T16:45:27.7700271+00:00	WorkerEvent	Layer06Node08	WorkerReady; ExitCode=0; ready
2026-06-03T16:45:27.7722504+00:00	StartPipeline	Layer06Node08	Layer06Node08
2026-06-03T16:45:28.1808742+00:00	WorkerEvent	Layer06Node07	PipelineStarted; ExitCode=0; pipeline started
2026-06-03T16:45:28.1822366+00:00	WorkerEvent	Layer06Node07.export-l06-n07	TaskReady; ExitCode=0; 
2026-06-03T16:45:28.1833012+00:00	GrantTask	Layer06Node07.export-l06-n07	Layer06Node07.export-l06-n07; GrantId=grant-84; Attempt=1
2026-06-03T16:45:28.1839741+00:00	WorkerEvent	Layer06Node07.export-l06-n07	GrantAccepted; ExitCode=0; 
2026-06-03T16:45:28.1848157+00:00	WorkerEvent	Layer06Node07.export-l06-n07	TaskStarted; ExitCode=0; 
2026-06-03T16:45:28.2038640+00:00	WorkerEvent	Layer06Node08	PipelineStarted; ExitCode=0; pipeline started
2026-06-03T16:45:28.2053837+00:00	WorkerEvent	Layer06Node08.export-l06-n08	TaskReady; ExitCode=0; 
2026-06-03T16:45:28.2061489+00:00	GrantTask	Layer06Node08.export-l06-n08	Layer06Node08.export-l06-n08; GrantId=grant-85; Attempt=1
2026-06-03T16:45:28.2066940+00:00	WorkerEvent	Layer06Node08.export-l06-n08	GrantAccepted; ExitCode=0; 
2026-06-03T16:45:28.2073213+00:00	WorkerEvent	Layer06Node08.export-l06-n08	TaskStarted; ExitCode=0; 
2026-06-03T16:45:28.5081596+00:00	WorkerEvent	Layer06Node07.export-l06-n07	TaskSucceeded; ExitCode=0; 
2026-06-03T16:45:28.5088700+00:00	TaskSucceeded	Layer06Node07.export-l06-n07	0
2026-06-03T16:45:28.5282524+00:00	WorkerEvent	Layer06Node08.export-l06-n08	TaskSucceeded; ExitCode=0; 
2026-06-03T16:45:28.5288372+00:00	TaskSucceeded	Layer06Node08.export-l06-n08	0
2026-06-03T16:45:28.5294413+00:00	WorkerEvent	Layer06Node07	Closed; ExitCode=0; 
2026-06-03T16:45:28.5300357+00:00	WorkerResuming	BridgeL05L06	ResumeTaskId=BridgeL05L06.bridge-l05-l06-south; Executable=meta-pipeline
2026-06-03T16:45:28.6068185+00:00	WorkerStarted	BridgeL05L06	25220
2026-06-03T16:45:28.6071327+00:00	WorkerControlPipe	BridgeL05L06	meta-orchestration-a4dc5d2da2b64e14b72219c9720cd377
2026-06-03T16:45:28.6074146+00:00	WorkerLog	BridgeL05L06	stdout=C:\Users\jimmy\Desktop\meta-bi\Samples\Demos\MetaOrchestrationHairballCliIntegration\Runs\hairball-seed-20260530\RunArtifacts\runs\20260603-164455_58ea81f88bba4eaa96d7f01695212642\logs\BridgeL05L06-25220.stdout.log; stderr=C:\Users\jimmy\Desktop\meta-bi\Samples\Demos\MetaOrchestrationHairballCliIntegration\Runs\hairball-seed-20260530\RunArtifacts\runs\20260603-164455_58ea81f88bba4eaa96d7f01695212642\logs\BridgeL05L06-25220.stderr.log
2026-06-03T16:45:28.6077837+00:00	WorkerEvent	Layer06Node08	Closed; ExitCode=0; 
2026-06-03T16:45:28.6084719+00:00	WorkerStarting	Layer06Node09	meta-pipeline
2026-06-03T16:45:28.6778365+00:00	WorkerStarted	Layer06Node09	15480
2026-06-03T16:45:28.6781200+00:00	WorkerControlPipe	Layer06Node09	meta-orchestration-917817f2daec4555999e5f495e2a00d0
2026-06-03T16:45:28.6783574+00:00	WorkerLog	Layer06Node09	stdout=C:\Users\jimmy\Desktop\meta-bi\Samples\Demos\MetaOrchestrationHairballCliIntegration\Runs\hairball-seed-20260530\RunArtifacts\runs\20260603-164455_58ea81f88bba4eaa96d7f01695212642\logs\Layer06Node09-15480.stdout.log; stderr=C:\Users\jimmy\Desktop\meta-bi\Samples\Demos\MetaOrchestrationHairballCliIntegration\Runs\hairball-seed-20260530\RunArtifacts\runs\20260603-164455_58ea81f88bba4eaa96d7f01695212642\logs\Layer06Node09-15480.stderr.log
2026-06-03T16:45:28.6786218+00:00	WorkerEvent	BridgeL05L06	WorkerOnline; ExitCode=0; online
2026-06-03T16:45:28.6796094+00:00	WorkerEvent	BridgeL05L06	WorkerReady; ExitCode=0; ready
2026-06-03T16:45:28.6817584+00:00	StartPipeline	BridgeL05L06	BridgeL05L06
2026-06-03T16:45:28.6978206+00:00	WorkerEvent	Layer06Node09	WorkerOnline; ExitCode=0; online
2026-06-03T16:45:28.6993911+00:00	WorkerEvent	Layer06Node09	WorkerReady; ExitCode=0; ready
2026-06-03T16:45:28.7016021+00:00	StartPipeline	Layer06Node09	Layer06Node09
2026-06-03T16:45:29.1203302+00:00	WorkerEvent	Layer06Node09	PipelineStarted; ExitCode=0; pipeline started
2026-06-03T16:45:29.1217624+00:00	WorkerEvent	Layer06Node09.select-l06-n09	TaskReady; ExitCode=0; 
2026-06-03T16:45:29.1226315+00:00	GrantTask	Layer06Node09.select-l06-n09	Layer06Node09.select-l06-n09; GrantId=grant-86; Attempt=1
2026-06-03T16:45:29.1232089+00:00	WorkerEvent	Layer06Node09.select-l06-n09	GrantAccepted; ExitCode=0; 
2026-06-03T16:45:29.1239433+00:00	WorkerEvent	Layer06Node09.select-l06-n09	TaskStarted; ExitCode=0; 
2026-06-03T16:45:29.2219816+00:00	WorkerEvent	BridgeL05L06	PipelineStarted; ExitCode=0; pipeline started
2026-06-03T16:45:29.2234402+00:00	WorkerEvent	BridgeL05L06.bridge-l05-l06-south	TaskReady; ExitCode=0; 
2026-06-03T16:45:29.2241816+00:00	GrantTask	BridgeL05L06.bridge-l05-l06-south	BridgeL05L06.bridge-l05-l06-south; GrantId=grant-87; Attempt=1
2026-06-03T16:45:29.2246721+00:00	WorkerEvent	BridgeL05L06.bridge-l05-l06-south	GrantAccepted; ExitCode=0; 
2026-06-03T16:45:29.2256672+00:00	WorkerEvent	BridgeL05L06.bridge-l05-l06-south	TaskStarted; ExitCode=0; 
2026-06-03T16:45:29.4168483+00:00	WorkerEvent	Layer06Node09.select-l06-n09	TaskSucceeded; ExitCode=0; 
2026-06-03T16:45:29.4174150+00:00	TaskSucceeded	Layer06Node09.select-l06-n09	0
2026-06-03T16:45:29.4414957+00:00	WorkerEvent	Layer06Node09	Closed; ExitCode=0; 
2026-06-03T16:45:29.4421747+00:00	WorkerStarting	Layer06Hub	meta-pipeline
2026-06-03T16:45:29.5157409+00:00	WorkerStarted	Layer06Hub	24840
2026-06-03T16:45:29.5160350+00:00	WorkerControlPipe	Layer06Hub	meta-orchestration-9d66137d017144079c14c95e4daf7098
2026-06-03T16:45:29.5163328+00:00	WorkerLog	Layer06Hub	stdout=C:\Users\jimmy\Desktop\meta-bi\Samples\Demos\MetaOrchestrationHairballCliIntegration\Runs\hairball-seed-20260530\RunArtifacts\runs\20260603-164455_58ea81f88bba4eaa96d7f01695212642\logs\Layer06Hub-24840.stdout.log; stderr=C:\Users\jimmy\Desktop\meta-bi\Samples\Demos\MetaOrchestrationHairballCliIntegration\Runs\hairball-seed-20260530\RunArtifacts\runs\20260603-164455_58ea81f88bba4eaa96d7f01695212642\logs\Layer06Hub-24840.stderr.log
2026-06-03T16:45:29.5166023+00:00	WorkerEvent	BridgeL05L06.bridge-l05-l06-south	TaskSucceeded; ExitCode=0; 
2026-06-03T16:45:29.5173777+00:00	TaskSucceeded	BridgeL05L06.bridge-l05-l06-south	0
2026-06-03T16:45:29.5303109+00:00	WorkerEvent	Layer06Hub	WorkerOnline; ExitCode=0; online
2026-06-03T16:45:29.5317639+00:00	WorkerEvent	Layer06Hub	WorkerReady; ExitCode=0; ready
2026-06-03T16:45:29.5338343+00:00	StartPipeline	Layer06Hub	Layer06Hub
2026-06-03T16:45:30.0160604+00:00	WorkerEvent	Layer06Hub	PipelineStarted; ExitCode=0; pipeline started
2026-06-03T16:45:30.0174915+00:00	WorkerEvent	Layer06Hub.hub-l06-stage	TaskReady; ExitCode=0; 
2026-06-03T16:45:30.0184419+00:00	GrantTask	Layer06Hub.hub-l06-stage	Layer06Hub.hub-l06-stage; GrantId=grant-88; Attempt=1
2026-06-03T16:45:30.0188676+00:00	WorkerEvent	Layer06Hub.hub-l06-stage	GrantAccepted; ExitCode=0; 
2026-06-03T16:45:30.0195153+00:00	WorkerEvent	Layer06Hub.hub-l06-stage	TaskStarted; ExitCode=0; 
2026-06-03T16:45:30.2889340+00:00	WorkerEvent	Layer06Hub.hub-l06-stage	TaskSucceeded; ExitCode=0; 
2026-06-03T16:45:30.2894448+00:00	TaskSucceeded	Layer06Hub.hub-l06-stage	0
2026-06-03T16:45:30.2900137+00:00	WorkerEvent	Layer06Hub.hub-l06-curate	TaskReady; ExitCode=0; 
2026-06-03T16:45:30.2907612+00:00	GrantTask	Layer06Hub.hub-l06-curate	Layer06Hub.hub-l06-curate; GrantId=grant-89; Attempt=1
2026-06-03T16:45:30.2911386+00:00	WorkerEvent	Layer06Hub.hub-l06-curate	GrantAccepted; ExitCode=0; 
2026-06-03T16:45:30.2918502+00:00	WorkerEvent	Layer06Hub.hub-l06-curate	TaskStarted; ExitCode=0; 
2026-06-03T16:45:30.3424441+00:00	WorkerEvent	Layer06Hub.hub-l06-curate	TaskSucceeded; ExitCode=0; 
2026-06-03T16:45:30.3429783+00:00	TaskSucceeded	Layer06Hub.hub-l06-curate	0
2026-06-03T16:45:30.3435705+00:00	WorkerEvent	Layer06Hub.hub-l06-publish	TaskReady; ExitCode=0; 
2026-06-03T16:45:30.3443508+00:00	GrantTask	Layer06Hub.hub-l06-publish	Layer06Hub.hub-l06-publish; GrantId=grant-90; Attempt=1
2026-06-03T16:45:30.3446981+00:00	WorkerEvent	Layer06Hub.hub-l06-publish	GrantAccepted; ExitCode=0; 
2026-06-03T16:45:30.3455150+00:00	WorkerEvent	Layer06Hub.hub-l06-publish	TaskStarted; ExitCode=0; 
2026-06-03T16:45:30.4358412+00:00	WorkerEvent	Layer06Hub.hub-l06-publish	TaskSucceeded; ExitCode=0; 
2026-06-03T16:45:30.4364845+00:00	TaskSucceeded	Layer06Hub.hub-l06-publish	0
2026-06-03T16:45:30.4582427+00:00	WorkerEvent	Layer06Hub	Closed; ExitCode=0; 
2026-06-03T16:45:30.4590132+00:00	WorkerStarting	Layer06Node10	meta-pipeline
2026-06-03T16:45:30.5304909+00:00	WorkerStarted	Layer06Node10	27216
2026-06-03T16:45:30.5307870+00:00	WorkerControlPipe	Layer06Node10	meta-orchestration-8cf8f260c3f646a485d1db78af87a6bd
2026-06-03T16:45:30.5310738+00:00	WorkerLog	Layer06Node10	stdout=C:\Users\jimmy\Desktop\meta-bi\Samples\Demos\MetaOrchestrationHairballCliIntegration\Runs\hairball-seed-20260530\RunArtifacts\runs\20260603-164455_58ea81f88bba4eaa96d7f01695212642\logs\Layer06Node10-27216.stdout.log; stderr=C:\Users\jimmy\Desktop\meta-bi\Samples\Demos\MetaOrchestrationHairballCliIntegration\Runs\hairball-seed-20260530\RunArtifacts\runs\20260603-164455_58ea81f88bba4eaa96d7f01695212642\logs\Layer06Node10-27216.stderr.log
2026-06-03T16:45:30.5448390+00:00	WorkerEvent	Layer06Node10	WorkerOnline; ExitCode=0; online
2026-06-03T16:45:30.5462425+00:00	WorkerEvent	Layer06Node10	WorkerReady; ExitCode=0; ready
2026-06-03T16:45:30.5483602+00:00	StartPipeline	Layer06Node10	Layer06Node10
2026-06-03T16:45:30.8770227+00:00	WorkerEvent	Layer06Node10	PipelineStarted; ExitCode=0; pipeline started
2026-06-03T16:45:30.8784101+00:00	WorkerEvent	Layer06Node10.refresh-l06-n10	TaskReady; ExitCode=0; 
2026-06-03T16:45:30.8794279+00:00	GrantTask	Layer06Node10.refresh-l06-n10	Layer06Node10.refresh-l06-n10; GrantId=grant-91; Attempt=1
2026-06-03T16:45:30.8802003+00:00	WorkerEvent	Layer06Node10.refresh-l06-n10	GrantAccepted; ExitCode=0; 
2026-06-03T16:45:30.8810140+00:00	WorkerEvent	Layer06Node10.refresh-l06-n10	TaskStarted; ExitCode=0; 
2026-06-03T16:45:31.1143111+00:00	WorkerEvent	Layer06Node10.refresh-l06-n10	TaskSucceeded; ExitCode=0; 
2026-06-03T16:45:31.1149711+00:00	TaskSucceeded	Layer06Node10.refresh-l06-n10	0
2026-06-03T16:45:31.1358923+00:00	WorkerEvent	Layer06Node10	Closed; ExitCode=0; 
2026-06-03T16:45:31.1364213+00:00	WorkerResuming	BridgeL07L08	ResumeTaskId=BridgeL07L08.bridge-l07-l08-south; Executable=meta-pipeline
2026-06-03T16:45:31.2058690+00:00	WorkerStarted	BridgeL07L08	8976
2026-06-03T16:45:31.2061578+00:00	WorkerControlPipe	BridgeL07L08	meta-orchestration-df3049b802ba4e5794717f520b9ffca1
2026-06-03T16:45:31.2064400+00:00	WorkerLog	BridgeL07L08	stdout=C:\Users\jimmy\Desktop\meta-bi\Samples\Demos\MetaOrchestrationHairballCliIntegration\Runs\hairball-seed-20260530\RunArtifacts\runs\20260603-164455_58ea81f88bba4eaa96d7f01695212642\logs\BridgeL07L08-8976.stdout.log; stderr=C:\Users\jimmy\Desktop\meta-bi\Samples\Demos\MetaOrchestrationHairballCliIntegration\Runs\hairball-seed-20260530\RunArtifacts\runs\20260603-164455_58ea81f88bba4eaa96d7f01695212642\logs\BridgeL07L08-8976.stderr.log
2026-06-03T16:45:31.2204013+00:00	WorkerEvent	BridgeL07L08	WorkerOnline; ExitCode=0; online
2026-06-03T16:45:31.2219996+00:00	WorkerEvent	BridgeL07L08	WorkerReady; ExitCode=0; ready
2026-06-03T16:45:31.2242552+00:00	StartPipeline	BridgeL07L08	BridgeL07L08
2026-06-03T16:45:31.6871534+00:00	WorkerEvent	BridgeL07L08	PipelineStarted; ExitCode=0; pipeline started
2026-06-03T16:45:31.6885937+00:00	WorkerEvent	BridgeL07L08.bridge-l07-l08-south	TaskReady; ExitCode=0; 
2026-06-03T16:45:31.6894734+00:00	GrantTask	BridgeL07L08.bridge-l07-l08-south	BridgeL07L08.bridge-l07-l08-south; GrantId=grant-92; Attempt=1
2026-06-03T16:45:31.6901056+00:00	WorkerEvent	BridgeL07L08.bridge-l07-l08-south	GrantAccepted; ExitCode=0; 
2026-06-03T16:45:31.6908235+00:00	WorkerEvent	BridgeL07L08.bridge-l07-l08-south	TaskStarted; ExitCode=0; 
2026-06-03T16:45:31.9216694+00:00	WorkerEvent	BridgeL07L08.bridge-l07-l08-south	TaskSucceeded; ExitCode=0; 
2026-06-03T16:45:31.9223959+00:00	TaskSucceeded	BridgeL07L08.bridge-l07-l08-south	0
2026-06-03T16:45:31.9447982+00:00	WorkerEvent	BridgeL07L08	Closed; ExitCode=0; 
2026-06-03T16:45:31.9456370+00:00	WorkerStarting	Layer07Node01	meta-pipeline
2026-06-03T16:45:32.0158534+00:00	WorkerStarted	Layer07Node01	3112
2026-06-03T16:45:32.0161311+00:00	WorkerControlPipe	Layer07Node01	meta-orchestration-d170adc0a61b41bab2d94ccc21f2e9f1
2026-06-03T16:45:32.0164458+00:00	WorkerLog	Layer07Node01	stdout=C:\Users\jimmy\Desktop\meta-bi\Samples\Demos\MetaOrchestrationHairballCliIntegration\Runs\hairball-seed-20260530\RunArtifacts\runs\20260603-164455_58ea81f88bba4eaa96d7f01695212642\logs\Layer07Node01-3112.stdout.log; stderr=C:\Users\jimmy\Desktop\meta-bi\Samples\Demos\MetaOrchestrationHairballCliIntegration\Runs\hairball-seed-20260530\RunArtifacts\runs\20260603-164455_58ea81f88bba4eaa96d7f01695212642\logs\Layer07Node01-3112.stderr.log
2026-06-03T16:45:32.0305962+00:00	WorkerEvent	Layer07Node01	WorkerOnline; ExitCode=0; online
2026-06-03T16:45:32.0318900+00:00	WorkerEvent	Layer07Node01	WorkerReady; ExitCode=0; ready
2026-06-03T16:45:32.0343744+00:00	StartPipeline	Layer07Node01	Layer07Node01
2026-06-03T16:45:32.4671380+00:00	WorkerEvent	Layer07Node01	PipelineStarted; ExitCode=0; pipeline started
2026-06-03T16:45:32.4684281+00:00	WorkerEvent	Layer07Node01.select-l07-n01	TaskReady; ExitCode=0; 
2026-06-03T16:45:32.4693400+00:00	GrantTask	Layer07Node01.select-l07-n01	Layer07Node01.select-l07-n01; GrantId=grant-93; Attempt=1
2026-06-03T16:45:32.4698024+00:00	WorkerEvent	Layer07Node01.select-l07-n01	GrantAccepted; ExitCode=0; 
2026-06-03T16:45:32.4705010+00:00	WorkerEvent	Layer07Node01.select-l07-n01	TaskStarted; ExitCode=0; 
2026-06-03T16:45:32.7424080+00:00	WorkerEvent	Layer07Node01.select-l07-n01	TaskSucceeded; ExitCode=0; 
2026-06-03T16:45:32.7430697+00:00	TaskSucceeded	Layer07Node01.select-l07-n01	0
2026-06-03T16:45:32.7640856+00:00	WorkerEvent	Layer07Node01	Closed; ExitCode=0; 
2026-06-03T16:45:32.7646294+00:00	WorkerStarting	CompositeMart	meta-pipeline
2026-06-03T16:45:32.8358022+00:00	WorkerStarted	CompositeMart	12812
2026-06-03T16:45:32.8360885+00:00	WorkerControlPipe	CompositeMart	meta-orchestration-f2e9915d5eaf4f45ad2b5ed94d499e17
2026-06-03T16:45:32.8364313+00:00	WorkerLog	CompositeMart	stdout=C:\Users\jimmy\Desktop\meta-bi\Samples\Demos\MetaOrchestrationHairballCliIntegration\Runs\hairball-seed-20260530\RunArtifacts\runs\20260603-164455_58ea81f88bba4eaa96d7f01695212642\logs\CompositeMart-12812.stdout.log; stderr=C:\Users\jimmy\Desktop\meta-bi\Samples\Demos\MetaOrchestrationHairballCliIntegration\Runs\hairball-seed-20260530\RunArtifacts\runs\20260603-164455_58ea81f88bba4eaa96d7f01695212642\logs\CompositeMart-12812.stderr.log
2026-06-03T16:45:32.8497026+00:00	WorkerEvent	CompositeMart	WorkerOnline; ExitCode=0; online
2026-06-03T16:45:32.8512939+00:00	WorkerEvent	CompositeMart	WorkerReady; ExitCode=0; ready
2026-06-03T16:45:32.8535586+00:00	StartPipeline	CompositeMart	CompositeMart
2026-06-03T16:45:33.5099133+00:00	WorkerEvent	CompositeMart	PipelineStarted; ExitCode=0; pipeline started
2026-06-03T16:45:33.5113450+00:00	WorkerEvent	CompositeMart.composite-stage	TaskReady; ExitCode=0; 
2026-06-03T16:45:33.5122257+00:00	GrantTask	CompositeMart.composite-stage	CompositeMart.composite-stage; GrantId=grant-94; Attempt=1
2026-06-03T16:45:33.5128462+00:00	WorkerEvent	CompositeMart.composite-stage	GrantAccepted; ExitCode=0; 
2026-06-03T16:45:33.5139173+00:00	WorkerEvent	CompositeMart.composite-stage	TaskStarted; ExitCode=0; 
2026-06-03T16:45:33.7999208+00:00	WorkerEvent	CompositeMart.composite-stage	TaskSucceeded; ExitCode=0; 
2026-06-03T16:45:33.8006406+00:00	TaskSucceeded	CompositeMart.composite-stage	0
2026-06-03T16:45:33.8012930+00:00	WorkerEvent	CompositeMart.composite-curate	TaskReady; ExitCode=0; 
2026-06-03T16:45:33.8021016+00:00	WorkerDeferredForCapacity	CompositeMart	Deferred by orchestration to honor max active worker process capacity.
2026-06-03T16:45:33.8022883+00:00	StopPipeline	CompositeMart	Deferred by orchestration to honor max active worker process capacity.
2026-06-03T16:45:33.8240446+00:00	WorkerEvent	CompositeMart	Closed; ExitCode=0; 
2026-06-03T16:45:33.8244696+00:00	WorkerDeferred	CompositeMart	ResumeTaskId=CompositeMart.composite-curate
2026-06-03T16:45:33.8248730+00:00	WorkerStarting	Layer07Node02	meta-pipeline
2026-06-03T16:45:33.8948720+00:00	WorkerStarted	Layer07Node02	24160
2026-06-03T16:45:33.8951696+00:00	WorkerControlPipe	Layer07Node02	meta-orchestration-340f69c8bc0d475399e171353e06a02e
2026-06-03T16:45:33.8954178+00:00	WorkerLog	Layer07Node02	stdout=C:\Users\jimmy\Desktop\meta-bi\Samples\Demos\MetaOrchestrationHairballCliIntegration\Runs\hairball-seed-20260530\RunArtifacts\runs\20260603-164455_58ea81f88bba4eaa96d7f01695212642\logs\Layer07Node02-24160.stdout.log; stderr=C:\Users\jimmy\Desktop\meta-bi\Samples\Demos\MetaOrchestrationHairballCliIntegration\Runs\hairball-seed-20260530\RunArtifacts\runs\20260603-164455_58ea81f88bba4eaa96d7f01695212642\logs\Layer07Node02-24160.stderr.log
2026-06-03T16:45:33.9098038+00:00	WorkerEvent	Layer07Node02	WorkerOnline; ExitCode=0; online
2026-06-03T16:45:33.9110667+00:00	WorkerEvent	Layer07Node02	WorkerReady; ExitCode=0; ready
2026-06-03T16:45:33.9134633+00:00	StartPipeline	Layer07Node02	Layer07Node02
2026-06-03T16:45:34.3152542+00:00	WorkerEvent	Layer07Node02	PipelineStarted; ExitCode=0; pipeline started
2026-06-03T16:45:34.3167243+00:00	WorkerEvent	Layer07Node02.select-l07-n02	TaskReady; ExitCode=0; 
2026-06-03T16:45:34.3215457+00:00	GrantTask	Layer07Node02.select-l07-n02	Layer07Node02.select-l07-n02; GrantId=grant-95; Attempt=1
2026-06-03T16:45:34.3224232+00:00	WorkerEvent	Layer07Node02.select-l07-n02	GrantAccepted; ExitCode=0; 
2026-06-03T16:45:34.3232305+00:00	WorkerEvent	Layer07Node02.select-l07-n02	TaskStarted; ExitCode=0; 
2026-06-03T16:45:34.5757333+00:00	WorkerEvent	Layer07Node02.select-l07-n02	TaskSucceeded; ExitCode=0; 
2026-06-03T16:45:34.5763822+00:00	TaskSucceeded	Layer07Node02.select-l07-n02	0
2026-06-03T16:45:34.5962043+00:00	WorkerEvent	Layer07Node02	Closed; ExitCode=0; 
2026-06-03T16:45:34.5968068+00:00	WorkerStarting	Layer07Node03	meta-pipeline
2026-06-03T16:45:34.6676449+00:00	WorkerStarted	Layer07Node03	19732
2026-06-03T16:45:34.6679835+00:00	WorkerControlPipe	Layer07Node03	meta-orchestration-1a081a04f091471fb2e959d074e61018
2026-06-03T16:45:34.6683539+00:00	WorkerLog	Layer07Node03	stdout=C:\Users\jimmy\Desktop\meta-bi\Samples\Demos\MetaOrchestrationHairballCliIntegration\Runs\hairball-seed-20260530\RunArtifacts\runs\20260603-164455_58ea81f88bba4eaa96d7f01695212642\logs\Layer07Node03-19732.stdout.log; stderr=C:\Users\jimmy\Desktop\meta-bi\Samples\Demos\MetaOrchestrationHairballCliIntegration\Runs\hairball-seed-20260530\RunArtifacts\runs\20260603-164455_58ea81f88bba4eaa96d7f01695212642\logs\Layer07Node03-19732.stderr.log
2026-06-03T16:45:34.6817308+00:00	WorkerEvent	Layer07Node03	WorkerOnline; ExitCode=0; online
2026-06-03T16:45:34.6830185+00:00	WorkerEvent	Layer07Node03	WorkerReady; ExitCode=0; ready
2026-06-03T16:45:34.6852090+00:00	StartPipeline	Layer07Node03	Layer07Node03
2026-06-03T16:45:35.0500292+00:00	WorkerEvent	Layer07Node03	PipelineStarted; ExitCode=0; pipeline started
2026-06-03T16:45:35.0513012+00:00	WorkerEvent	Layer07Node03.refresh-l07-n03	TaskReady; ExitCode=0; 
2026-06-03T16:45:35.0522329+00:00	GrantTask	Layer07Node03.refresh-l07-n03	Layer07Node03.refresh-l07-n03; GrantId=grant-96; Attempt=1
2026-06-03T16:45:35.0527563+00:00	WorkerEvent	Layer07Node03.refresh-l07-n03	GrantAccepted; ExitCode=0; 
2026-06-03T16:45:35.0534123+00:00	WorkerEvent	Layer07Node03.refresh-l07-n03	TaskStarted; ExitCode=0; 
2026-06-03T16:45:35.2973931+00:00	WorkerEvent	Layer07Node03.refresh-l07-n03	TaskSucceeded; ExitCode=0; 
2026-06-03T16:45:35.2982336+00:00	TaskSucceeded	Layer07Node03.refresh-l07-n03	0
2026-06-03T16:45:35.3183624+00:00	WorkerEvent	Layer07Node03	Closed; ExitCode=0; 
2026-06-03T16:45:35.3190189+00:00	WorkerStarting	Layer07Node04	meta-pipeline
2026-06-03T16:45:35.3895175+00:00	WorkerStarted	Layer07Node04	24064
2026-06-03T16:45:35.3898469+00:00	WorkerControlPipe	Layer07Node04	meta-orchestration-9a61faf68a2b4663a6ea21eb8b8b7fd0
2026-06-03T16:45:35.3901213+00:00	WorkerLog	Layer07Node04	stdout=C:\Users\jimmy\Desktop\meta-bi\Samples\Demos\MetaOrchestrationHairballCliIntegration\Runs\hairball-seed-20260530\RunArtifacts\runs\20260603-164455_58ea81f88bba4eaa96d7f01695212642\logs\Layer07Node04-24064.stdout.log; stderr=C:\Users\jimmy\Desktop\meta-bi\Samples\Demos\MetaOrchestrationHairballCliIntegration\Runs\hairball-seed-20260530\RunArtifacts\runs\20260603-164455_58ea81f88bba4eaa96d7f01695212642\logs\Layer07Node04-24064.stderr.log
2026-06-03T16:45:35.4056651+00:00	WorkerEvent	Layer07Node04	WorkerOnline; ExitCode=0; online
2026-06-03T16:45:35.4070320+00:00	WorkerEvent	Layer07Node04	WorkerReady; ExitCode=0; ready
2026-06-03T16:45:35.4091578+00:00	StartPipeline	Layer07Node04	Layer07Node04
2026-06-03T16:45:35.8143597+00:00	WorkerEvent	Layer07Node04	PipelineStarted; ExitCode=0; pipeline started
2026-06-03T16:45:35.8158290+00:00	WorkerEvent	Layer07Node04.select-l07-n04	TaskReady; ExitCode=0; 
2026-06-03T16:45:35.8171877+00:00	GrantTask	Layer07Node04.select-l07-n04	Layer07Node04.select-l07-n04; GrantId=grant-97; Attempt=1
2026-06-03T16:45:35.8175671+00:00	WorkerEvent	Layer07Node04.select-l07-n04	GrantAccepted; ExitCode=0; 
2026-06-03T16:45:35.8182596+00:00	WorkerEvent	Layer07Node04.select-l07-n04	TaskStarted; ExitCode=0; 
2026-06-03T16:45:36.0712750+00:00	WorkerEvent	Layer07Node04.select-l07-n04	TaskSucceeded; ExitCode=0; 
2026-06-03T16:45:36.0720360+00:00	TaskSucceeded	Layer07Node04.select-l07-n04	0
2026-06-03T16:45:36.0926861+00:00	WorkerEvent	Layer07Node04	Closed; ExitCode=0; 
2026-06-03T16:45:36.0935357+00:00	WorkerStarting	Layer07Node05	meta-pipeline
2026-06-03T16:45:36.1629730+00:00	WorkerStarted	Layer07Node05	12540
2026-06-03T16:45:36.1632640+00:00	WorkerControlPipe	Layer07Node05	meta-orchestration-6fbf504d48ad4e599e3409914b9f24a5
2026-06-03T16:45:36.1635136+00:00	WorkerLog	Layer07Node05	stdout=C:\Users\jimmy\Desktop\meta-bi\Samples\Demos\MetaOrchestrationHairballCliIntegration\Runs\hairball-seed-20260530\RunArtifacts\runs\20260603-164455_58ea81f88bba4eaa96d7f01695212642\logs\Layer07Node05-12540.stdout.log; stderr=C:\Users\jimmy\Desktop\meta-bi\Samples\Demos\MetaOrchestrationHairballCliIntegration\Runs\hairball-seed-20260530\RunArtifacts\runs\20260603-164455_58ea81f88bba4eaa96d7f01695212642\logs\Layer07Node05-12540.stderr.log
2026-06-03T16:45:36.1768916+00:00	WorkerEvent	Layer07Node05	WorkerOnline; ExitCode=0; online
2026-06-03T16:45:36.1781765+00:00	WorkerEvent	Layer07Node05	WorkerReady; ExitCode=0; ready
2026-06-03T16:45:36.1802617+00:00	StartPipeline	Layer07Node05	Layer07Node05
2026-06-03T16:45:36.5774879+00:00	WorkerEvent	Layer07Node05	PipelineStarted; ExitCode=0; pipeline started
2026-06-03T16:45:36.5788818+00:00	WorkerEvent	Layer07Node05.select-l07-n05	TaskReady; ExitCode=0; 
2026-06-03T16:45:36.5798008+00:00	GrantTask	Layer07Node05.select-l07-n05	Layer07Node05.select-l07-n05; GrantId=grant-98; Attempt=1
2026-06-03T16:45:36.5803430+00:00	WorkerEvent	Layer07Node05.select-l07-n05	GrantAccepted; ExitCode=0; 
2026-06-03T16:45:36.5809645+00:00	WorkerEvent	Layer07Node05.select-l07-n05	TaskStarted; ExitCode=0; 
2026-06-03T16:45:36.8497941+00:00	WorkerEvent	Layer07Node05.select-l07-n05	TaskSucceeded; ExitCode=0; 
2026-06-03T16:45:36.8505038+00:00	TaskSucceeded	Layer07Node05.select-l07-n05	0
2026-06-03T16:45:36.8720273+00:00	WorkerEvent	Layer07Node05	Closed; ExitCode=0; 
2026-06-03T16:45:36.8727619+00:00	WorkerStarting	Layer07Node06	meta-pipeline
2026-06-03T16:45:36.9420594+00:00	WorkerStarted	Layer07Node06	22820
2026-06-03T16:45:36.9423380+00:00	WorkerControlPipe	Layer07Node06	meta-orchestration-5d5628e7301e432d828fc9450ff3216b
2026-06-03T16:45:36.9426055+00:00	WorkerLog	Layer07Node06	stdout=C:\Users\jimmy\Desktop\meta-bi\Samples\Demos\MetaOrchestrationHairballCliIntegration\Runs\hairball-seed-20260530\RunArtifacts\runs\20260603-164455_58ea81f88bba4eaa96d7f01695212642\logs\Layer07Node06-22820.stdout.log; stderr=C:\Users\jimmy\Desktop\meta-bi\Samples\Demos\MetaOrchestrationHairballCliIntegration\Runs\hairball-seed-20260530\RunArtifacts\runs\20260603-164455_58ea81f88bba4eaa96d7f01695212642\logs\Layer07Node06-22820.stderr.log
2026-06-03T16:45:36.9565594+00:00	WorkerEvent	Layer07Node06	WorkerOnline; ExitCode=0; online
2026-06-03T16:45:36.9578321+00:00	WorkerEvent	Layer07Node06	WorkerReady; ExitCode=0; ready
2026-06-03T16:45:36.9599751+00:00	StartPipeline	Layer07Node06	Layer07Node06
2026-06-03T16:45:37.3431046+00:00	WorkerEvent	Layer07Node06	PipelineStarted; ExitCode=0; pipeline started
2026-06-03T16:45:37.3443332+00:00	WorkerEvent	Layer07Node06.export-l07-n06	TaskReady; ExitCode=0; 
2026-06-03T16:45:37.3451762+00:00	GrantTask	Layer07Node06.export-l07-n06	Layer07Node06.export-l07-n06; GrantId=grant-99; Attempt=1
2026-06-03T16:45:37.3456020+00:00	WorkerEvent	Layer07Node06.export-l07-n06	GrantAccepted; ExitCode=0; 
2026-06-03T16:45:37.3464079+00:00	WorkerEvent	Layer07Node06.export-l07-n06	TaskStarted; ExitCode=0; 
2026-06-03T16:45:37.6593595+00:00	WorkerEvent	Layer07Node06.export-l07-n06	TaskSucceeded; ExitCode=0; 
2026-06-03T16:45:37.6600526+00:00	TaskSucceeded	Layer07Node06.export-l07-n06	0
2026-06-03T16:45:37.6871007+00:00	WorkerEvent	Layer07Node06	Closed; ExitCode=0; 
2026-06-03T16:45:37.6879392+00:00	WorkerStarting	Layer07Node07	meta-pipeline
2026-06-03T16:45:37.7677553+00:00	WorkerStarted	Layer07Node07	27248
2026-06-03T16:45:37.7680733+00:00	WorkerControlPipe	Layer07Node07	meta-orchestration-bb72a1f79edd49d19327ff4c1a12df15
2026-06-03T16:45:37.7683695+00:00	WorkerLog	Layer07Node07	stdout=C:\Users\jimmy\Desktop\meta-bi\Samples\Demos\MetaOrchestrationHairballCliIntegration\Runs\hairball-seed-20260530\RunArtifacts\runs\20260603-164455_58ea81f88bba4eaa96d7f01695212642\logs\Layer07Node07-27248.stdout.log; stderr=C:\Users\jimmy\Desktop\meta-bi\Samples\Demos\MetaOrchestrationHairballCliIntegration\Runs\hairball-seed-20260530\RunArtifacts\runs\20260603-164455_58ea81f88bba4eaa96d7f01695212642\logs\Layer07Node07-27248.stderr.log
2026-06-03T16:45:37.7849743+00:00	WorkerEvent	Layer07Node07	WorkerOnline; ExitCode=0; online
2026-06-03T16:45:37.7862853+00:00	WorkerEvent	Layer07Node07	WorkerReady; ExitCode=0; ready
2026-06-03T16:45:37.7891246+00:00	StartPipeline	Layer07Node07	Layer07Node07
2026-06-03T16:45:38.1776318+00:00	WorkerEvent	Layer07Node07	PipelineStarted; ExitCode=0; pipeline started
2026-06-03T16:45:38.1788946+00:00	WorkerEvent	Layer07Node07.select-l07-n07	TaskReady; ExitCode=0; 
2026-06-03T16:45:38.1797964+00:00	GrantTask	Layer07Node07.select-l07-n07	Layer07Node07.select-l07-n07; GrantId=grant-100; Attempt=1
2026-06-03T16:45:38.1804112+00:00	WorkerEvent	Layer07Node07.select-l07-n07	GrantAccepted; ExitCode=0; 
2026-06-03T16:45:38.1811833+00:00	WorkerEvent	Layer07Node07.select-l07-n07	TaskStarted; ExitCode=0; 
2026-06-03T16:45:38.4504518+00:00	WorkerEvent	Layer07Node07.select-l07-n07	TaskSucceeded; ExitCode=0; 
2026-06-03T16:45:38.4510826+00:00	TaskSucceeded	Layer07Node07.select-l07-n07	0
2026-06-03T16:45:38.4721116+00:00	WorkerEvent	Layer07Node07	Closed; ExitCode=0; 
2026-06-03T16:45:38.4728571+00:00	WorkerStarting	Layer07Node08	meta-pipeline
2026-06-03T16:45:38.5421358+00:00	WorkerStarted	Layer07Node08	27540
2026-06-03T16:45:38.5424357+00:00	WorkerControlPipe	Layer07Node08	meta-orchestration-018d00f0edda4977bd80e624e72a18cf
2026-06-03T16:45:38.5426991+00:00	WorkerLog	Layer07Node08	stdout=C:\Users\jimmy\Desktop\meta-bi\Samples\Demos\MetaOrchestrationHairballCliIntegration\Runs\hairball-seed-20260530\RunArtifacts\runs\20260603-164455_58ea81f88bba4eaa96d7f01695212642\logs\Layer07Node08-27540.stdout.log; stderr=C:\Users\jimmy\Desktop\meta-bi\Samples\Demos\MetaOrchestrationHairballCliIntegration\Runs\hairball-seed-20260530\RunArtifacts\runs\20260603-164455_58ea81f88bba4eaa96d7f01695212642\logs\Layer07Node08-27540.stderr.log
2026-06-03T16:45:38.5566214+00:00	WorkerEvent	Layer07Node08	WorkerOnline; ExitCode=0; online
2026-06-03T16:45:38.5578894+00:00	WorkerEvent	Layer07Node08	WorkerReady; ExitCode=0; ready
2026-06-03T16:45:38.5600290+00:00	StartPipeline	Layer07Node08	Layer07Node08
2026-06-03T16:45:38.9399320+00:00	WorkerEvent	Layer07Node08	PipelineStarted; ExitCode=0; pipeline started
2026-06-03T16:45:38.9412547+00:00	WorkerEvent	Layer07Node08.export-l07-n08	TaskReady; ExitCode=0; 
2026-06-03T16:45:38.9424102+00:00	GrantTask	Layer07Node08.export-l07-n08	Layer07Node08.export-l07-n08; GrantId=grant-101; Attempt=1
2026-06-03T16:45:38.9431071+00:00	WorkerEvent	Layer07Node08.export-l07-n08	GrantAccepted; ExitCode=0; 
2026-06-03T16:45:38.9437597+00:00	WorkerEvent	Layer07Node08.export-l07-n08	TaskStarted; ExitCode=0; 
2026-06-03T16:45:39.2438665+00:00	WorkerEvent	Layer07Node08.export-l07-n08	TaskSucceeded; ExitCode=0; 
2026-06-03T16:45:39.2447326+00:00	TaskSucceeded	Layer07Node08.export-l07-n08	0
2026-06-03T16:45:39.2663393+00:00	WorkerEvent	Layer07Node08	Closed; ExitCode=0; 
2026-06-03T16:45:39.2670208+00:00	WorkerStarting	Layer07Hub	meta-pipeline
2026-06-03T16:45:39.3373710+00:00	WorkerStarted	Layer07Hub	15504
2026-06-03T16:45:39.3377317+00:00	WorkerControlPipe	Layer07Hub	meta-orchestration-f3fd816bcdcd4a0fafaaa9c7f44b047c
2026-06-03T16:45:39.3380146+00:00	WorkerLog	Layer07Hub	stdout=C:\Users\jimmy\Desktop\meta-bi\Samples\Demos\MetaOrchestrationHairballCliIntegration\Runs\hairball-seed-20260530\RunArtifacts\runs\20260603-164455_58ea81f88bba4eaa96d7f01695212642\logs\Layer07Hub-15504.stdout.log; stderr=C:\Users\jimmy\Desktop\meta-bi\Samples\Demos\MetaOrchestrationHairballCliIntegration\Runs\hairball-seed-20260530\RunArtifacts\runs\20260603-164455_58ea81f88bba4eaa96d7f01695212642\logs\Layer07Hub-15504.stderr.log
2026-06-03T16:45:39.3520050+00:00	WorkerEvent	Layer07Hub	WorkerOnline; ExitCode=0; online
2026-06-03T16:45:39.3534241+00:00	WorkerEvent	Layer07Hub	WorkerReady; ExitCode=0; ready
2026-06-03T16:45:39.3554373+00:00	StartPipeline	Layer07Hub	Layer07Hub
2026-06-03T16:45:39.8844267+00:00	WorkerEvent	Layer07Hub	PipelineStarted; ExitCode=0; pipeline started
2026-06-03T16:45:39.8858769+00:00	WorkerEvent	Layer07Hub.hub-l07-stage	TaskReady; ExitCode=0; 
2026-06-03T16:45:39.8868910+00:00	GrantTask	Layer07Hub.hub-l07-stage	Layer07Hub.hub-l07-stage; GrantId=grant-102; Attempt=1
2026-06-03T16:45:39.8873173+00:00	WorkerEvent	Layer07Hub.hub-l07-stage	GrantAccepted; ExitCode=0; 
2026-06-03T16:45:39.8882108+00:00	WorkerEvent	Layer07Hub.hub-l07-stage	TaskStarted; ExitCode=0; 
2026-06-03T16:45:40.1534497+00:00	WorkerEvent	Layer07Hub.hub-l07-stage	TaskSucceeded; ExitCode=0; 
2026-06-03T16:45:40.1539884+00:00	TaskSucceeded	Layer07Hub.hub-l07-stage	0
2026-06-03T16:45:40.1546209+00:00	WorkerEvent	Layer07Hub.hub-l07-curate	TaskReady; ExitCode=0; 
2026-06-03T16:45:40.1554300+00:00	GrantTask	Layer07Hub.hub-l07-curate	Layer07Hub.hub-l07-curate; GrantId=grant-103; Attempt=1
2026-06-03T16:45:40.1557862+00:00	WorkerEvent	Layer07Hub.hub-l07-curate	GrantAccepted; ExitCode=0; 
2026-06-03T16:45:40.1565231+00:00	WorkerEvent	Layer07Hub.hub-l07-curate	TaskStarted; ExitCode=0; 
2026-06-03T16:45:40.2124558+00:00	WorkerEvent	Layer07Hub.hub-l07-curate	TaskSucceeded; ExitCode=0; 
2026-06-03T16:45:40.2130976+00:00	TaskSucceeded	Layer07Hub.hub-l07-curate	0
2026-06-03T16:45:40.2137055+00:00	WorkerEvent	Layer07Hub.hub-l07-publish	TaskReady; ExitCode=0; 
2026-06-03T16:45:40.2146290+00:00	GrantTask	Layer07Hub.hub-l07-publish	Layer07Hub.hub-l07-publish; GrantId=grant-104; Attempt=1
2026-06-03T16:45:40.2150288+00:00	WorkerEvent	Layer07Hub.hub-l07-publish	GrantAccepted; ExitCode=0; 
2026-06-03T16:45:40.2159222+00:00	WorkerEvent	Layer07Hub.hub-l07-publish	TaskStarted; ExitCode=0; 
2026-06-03T16:45:40.3131809+00:00	WorkerEvent	Layer07Hub.hub-l07-publish	TaskSucceeded; ExitCode=0; 
2026-06-03T16:45:40.3137392+00:00	TaskSucceeded	Layer07Hub.hub-l07-publish	0
2026-06-03T16:45:40.3385083+00:00	WorkerEvent	Layer07Hub	Closed; ExitCode=0; 
2026-06-03T16:45:40.3392783+00:00	WorkerStarting	Layer08Node01	meta-pipeline
2026-06-03T16:45:40.4097547+00:00	WorkerStarted	Layer08Node01	31712
2026-06-03T16:45:40.4100577+00:00	WorkerControlPipe	Layer08Node01	meta-orchestration-e4c0218e732c4f9bb2917089130eaeb1
2026-06-03T16:45:40.4103195+00:00	WorkerLog	Layer08Node01	stdout=C:\Users\jimmy\Desktop\meta-bi\Samples\Demos\MetaOrchestrationHairballCliIntegration\Runs\hairball-seed-20260530\RunArtifacts\runs\20260603-164455_58ea81f88bba4eaa96d7f01695212642\logs\Layer08Node01-31712.stdout.log; stderr=C:\Users\jimmy\Desktop\meta-bi\Samples\Demos\MetaOrchestrationHairballCliIntegration\Runs\hairball-seed-20260530\RunArtifacts\runs\20260603-164455_58ea81f88bba4eaa96d7f01695212642\logs\Layer08Node01-31712.stderr.log
2026-06-03T16:45:40.4246193+00:00	WorkerEvent	Layer08Node01	WorkerOnline; ExitCode=0; online
2026-06-03T16:45:40.4268758+00:00	WorkerEvent	Layer08Node01	WorkerReady; ExitCode=0; ready
2026-06-03T16:45:40.4291012+00:00	StartPipeline	Layer08Node01	Layer08Node01
2026-06-03T16:45:40.7631295+00:00	WorkerEvent	Layer08Node01	PipelineStarted; ExitCode=0; pipeline started
2026-06-03T16:45:40.7646618+00:00	WorkerEvent	Layer08Node01.refresh-l08-n01	TaskReady; ExitCode=0; 
2026-06-03T16:45:40.7659600+00:00	GrantTask	Layer08Node01.refresh-l08-n01	Layer08Node01.refresh-l08-n01; GrantId=grant-105; Attempt=1
2026-06-03T16:45:40.7664385+00:00	WorkerEvent	Layer08Node01.refresh-l08-n01	GrantAccepted; ExitCode=0; 
2026-06-03T16:45:40.7675533+00:00	WorkerEvent	Layer08Node01.refresh-l08-n01	TaskStarted; ExitCode=0; 
2026-06-03T16:45:41.0082006+00:00	WorkerEvent	Layer08Node01.refresh-l08-n01	TaskSucceeded; ExitCode=0; 
2026-06-03T16:45:41.0087461+00:00	TaskSucceeded	Layer08Node01.refresh-l08-n01	0
2026-06-03T16:45:41.0288203+00:00	WorkerEvent	Layer08Node01	Closed; ExitCode=0; 
2026-06-03T16:45:41.0296918+00:00	WorkerStarting	Layer08Node02	meta-pipeline
2026-06-03T16:45:41.0977759+00:00	WorkerStarted	Layer08Node02	20536
2026-06-03T16:45:41.0980704+00:00	WorkerControlPipe	Layer08Node02	meta-orchestration-9d5bb00ec1ca42b39f2b3aa7a4ba0cee
2026-06-03T16:45:41.0984447+00:00	WorkerLog	Layer08Node02	stdout=C:\Users\jimmy\Desktop\meta-bi\Samples\Demos\MetaOrchestrationHairballCliIntegration\Runs\hairball-seed-20260530\RunArtifacts\runs\20260603-164455_58ea81f88bba4eaa96d7f01695212642\logs\Layer08Node02-20536.stdout.log; stderr=C:\Users\jimmy\Desktop\meta-bi\Samples\Demos\MetaOrchestrationHairballCliIntegration\Runs\hairball-seed-20260530\RunArtifacts\runs\20260603-164455_58ea81f88bba4eaa96d7f01695212642\logs\Layer08Node02-20536.stderr.log
2026-06-03T16:45:41.1113326+00:00	WorkerEvent	Layer08Node02	WorkerOnline; ExitCode=0; online
2026-06-03T16:45:41.1130625+00:00	WorkerEvent	Layer08Node02	WorkerReady; ExitCode=0; ready
2026-06-03T16:45:41.1151964+00:00	StartPipeline	Layer08Node02	Layer08Node02
2026-06-03T16:45:41.4959530+00:00	WorkerEvent	Layer08Node02	PipelineStarted; ExitCode=0; pipeline started
2026-06-03T16:45:41.4979272+00:00	WorkerEvent	Layer08Node02.select-l08-n02	TaskReady; ExitCode=0; 
2026-06-03T16:45:41.4988657+00:00	GrantTask	Layer08Node02.select-l08-n02	Layer08Node02.select-l08-n02; GrantId=grant-106; Attempt=1
2026-06-03T16:45:41.4993152+00:00	WorkerEvent	Layer08Node02.select-l08-n02	GrantAccepted; ExitCode=0; 
2026-06-03T16:45:41.5000702+00:00	WorkerEvent	Layer08Node02.select-l08-n02	TaskStarted; ExitCode=0; 
2026-06-03T16:45:41.7700957+00:00	WorkerEvent	Layer08Node02.select-l08-n02	TaskSucceeded; ExitCode=0; 
2026-06-03T16:45:41.7705972+00:00	TaskSucceeded	Layer08Node02.select-l08-n02	0
2026-06-03T16:45:41.7954622+00:00	WorkerEvent	Layer08Node02	Closed; ExitCode=0; 
2026-06-03T16:45:41.7962377+00:00	WorkerStarting	Layer08Node03	meta-pipeline
2026-06-03T16:45:41.8642915+00:00	WorkerStarted	Layer08Node03	2720
2026-06-03T16:45:41.8645858+00:00	WorkerControlPipe	Layer08Node03	meta-orchestration-c356dd28dae2400e812fb70aadc0c0e2
2026-06-03T16:45:41.8649015+00:00	WorkerLog	Layer08Node03	stdout=C:\Users\jimmy\Desktop\meta-bi\Samples\Demos\MetaOrchestrationHairballCliIntegration\Runs\hairball-seed-20260530\RunArtifacts\runs\20260603-164455_58ea81f88bba4eaa96d7f01695212642\logs\Layer08Node03-2720.stdout.log; stderr=C:\Users\jimmy\Desktop\meta-bi\Samples\Demos\MetaOrchestrationHairballCliIntegration\Runs\hairball-seed-20260530\RunArtifacts\runs\20260603-164455_58ea81f88bba4eaa96d7f01695212642\logs\Layer08Node03-2720.stderr.log
2026-06-03T16:45:41.8779803+00:00	WorkerEvent	Layer08Node03	WorkerOnline; ExitCode=0; online
2026-06-03T16:45:41.8795807+00:00	WorkerEvent	Layer08Node03	WorkerReady; ExitCode=0; ready
2026-06-03T16:45:41.8816089+00:00	StartPipeline	Layer08Node03	Layer08Node03
2026-06-03T16:45:42.2628984+00:00	WorkerEvent	Layer08Node03	PipelineStarted; ExitCode=0; pipeline started
2026-06-03T16:45:42.2648675+00:00	WorkerEvent	Layer08Node03.export-l08-n03	TaskReady; ExitCode=0; 
2026-06-03T16:45:42.2659535+00:00	GrantTask	Layer08Node03.export-l08-n03	Layer08Node03.export-l08-n03; GrantId=grant-107; Attempt=1
2026-06-03T16:45:42.2668359+00:00	WorkerEvent	Layer08Node03.export-l08-n03	GrantAccepted; ExitCode=0; 
2026-06-03T16:45:42.2674528+00:00	WorkerEvent	Layer08Node03.export-l08-n03	TaskStarted; ExitCode=0; 
2026-06-03T16:45:42.5725128+00:00	WorkerEvent	Layer08Node03.export-l08-n03	TaskSucceeded; ExitCode=0; 
2026-06-03T16:45:42.5731614+00:00	TaskSucceeded	Layer08Node03.export-l08-n03	0
2026-06-03T16:45:42.5952426+00:00	WorkerEvent	Layer08Node03	Closed; ExitCode=0; 
2026-06-03T16:45:42.5958743+00:00	WorkerStarting	Layer08Node04	meta-pipeline
2026-06-03T16:45:42.6638033+00:00	WorkerStarted	Layer08Node04	2128
2026-06-03T16:45:42.6642217+00:00	WorkerControlPipe	Layer08Node04	meta-orchestration-589c0daa4c024ec0a6e92ac9225274be
2026-06-03T16:45:42.6645649+00:00	WorkerLog	Layer08Node04	stdout=C:\Users\jimmy\Desktop\meta-bi\Samples\Demos\MetaOrchestrationHairballCliIntegration\Runs\hairball-seed-20260530\RunArtifacts\runs\20260603-164455_58ea81f88bba4eaa96d7f01695212642\logs\Layer08Node04-2128.stdout.log; stderr=C:\Users\jimmy\Desktop\meta-bi\Samples\Demos\MetaOrchestrationHairballCliIntegration\Runs\hairball-seed-20260530\RunArtifacts\runs\20260603-164455_58ea81f88bba4eaa96d7f01695212642\logs\Layer08Node04-2128.stderr.log
2026-06-03T16:45:42.6850249+00:00	WorkerEvent	Layer08Node04	WorkerOnline; ExitCode=0; online
2026-06-03T16:45:42.6862310+00:00	WorkerEvent	Layer08Node04	WorkerReady; ExitCode=0; ready
2026-06-03T16:45:42.6882897+00:00	StartPipeline	Layer08Node04	Layer08Node04
2026-06-03T16:45:43.0432510+00:00	WorkerEvent	Layer08Node04	PipelineStarted; ExitCode=0; pipeline started
2026-06-03T16:45:43.0448283+00:00	WorkerEvent	Layer08Node04.select-l08-n04	TaskReady; ExitCode=0; 
2026-06-03T16:45:43.0458279+00:00	GrantTask	Layer08Node04.select-l08-n04	Layer08Node04.select-l08-n04; GrantId=grant-108; Attempt=1
2026-06-03T16:45:43.0466869+00:00	WorkerEvent	Layer08Node04.select-l08-n04	GrantAccepted; ExitCode=0; 
2026-06-03T16:45:43.0478678+00:00	WorkerEvent	Layer08Node04.select-l08-n04	TaskStarted; ExitCode=0; 
2026-06-03T16:45:43.3057697+00:00	WorkerEvent	Layer08Node04.select-l08-n04	TaskSucceeded; ExitCode=0; 
2026-06-03T16:45:43.3065185+00:00	TaskSucceeded	Layer08Node04.select-l08-n04	0
2026-06-03T16:45:43.3299709+00:00	WorkerEvent	Layer08Node04	Closed; ExitCode=0; 
2026-06-03T16:45:43.3308281+00:00	WorkerStarting	Layer08Node05	meta-pipeline
2026-06-03T16:45:43.3985236+00:00	WorkerStarted	Layer08Node05	22184
2026-06-03T16:45:43.3988106+00:00	WorkerControlPipe	Layer08Node05	meta-orchestration-278ae9d0f70445e5b3c19d882e24bde5
2026-06-03T16:45:43.3991101+00:00	WorkerLog	Layer08Node05	stdout=C:\Users\jimmy\Desktop\meta-bi\Samples\Demos\MetaOrchestrationHairballCliIntegration\Runs\hairball-seed-20260530\RunArtifacts\runs\20260603-164455_58ea81f88bba4eaa96d7f01695212642\logs\Layer08Node05-22184.stdout.log; stderr=C:\Users\jimmy\Desktop\meta-bi\Samples\Demos\MetaOrchestrationHairballCliIntegration\Runs\hairball-seed-20260530\RunArtifacts\runs\20260603-164455_58ea81f88bba4eaa96d7f01695212642\logs\Layer08Node05-22184.stderr.log
2026-06-03T16:45:43.4129574+00:00	WorkerEvent	Layer08Node05	WorkerOnline; ExitCode=0; online
2026-06-03T16:45:43.4141624+00:00	WorkerEvent	Layer08Node05	WorkerReady; ExitCode=0; ready
2026-06-03T16:45:43.4163522+00:00	StartPipeline	Layer08Node05	Layer08Node05
2026-06-03T16:45:43.7745761+00:00	WorkerEvent	Layer08Node05	PipelineStarted; ExitCode=0; pipeline started
2026-06-03T16:45:43.7758441+00:00	WorkerEvent	Layer08Node05.refresh-l08-n05	TaskReady; ExitCode=0; 
2026-06-03T16:45:43.7766662+00:00	GrantTask	Layer08Node05.refresh-l08-n05	Layer08Node05.refresh-l08-n05; GrantId=grant-109; Attempt=1
2026-06-03T16:45:43.7774862+00:00	WorkerEvent	Layer08Node05.refresh-l08-n05	GrantAccepted; ExitCode=0; 
2026-06-03T16:45:43.7780583+00:00	WorkerEvent	Layer08Node05.refresh-l08-n05	TaskStarted; ExitCode=0; 
2026-06-03T16:45:44.0214288+00:00	WorkerEvent	Layer08Node05.refresh-l08-n05	TaskSucceeded; ExitCode=0; 
2026-06-03T16:45:44.0220511+00:00	TaskSucceeded	Layer08Node05.refresh-l08-n05	0
2026-06-03T16:45:44.0418347+00:00	WorkerEvent	Layer08Node05	Closed; ExitCode=0; 
2026-06-03T16:45:44.0426667+00:00	WorkerStarting	Layer08Node06	meta-pipeline
2026-06-03T16:45:44.1127737+00:00	WorkerStarted	Layer08Node06	21848
2026-06-03T16:45:44.1130676+00:00	WorkerControlPipe	Layer08Node06	meta-orchestration-d0a961712f404251a36669f2e6e1d9e1
2026-06-03T16:45:44.1133463+00:00	WorkerLog	Layer08Node06	stdout=C:\Users\jimmy\Desktop\meta-bi\Samples\Demos\MetaOrchestrationHairballCliIntegration\Runs\hairball-seed-20260530\RunArtifacts\runs\20260603-164455_58ea81f88bba4eaa96d7f01695212642\logs\Layer08Node06-21848.stdout.log; stderr=C:\Users\jimmy\Desktop\meta-bi\Samples\Demos\MetaOrchestrationHairballCliIntegration\Runs\hairball-seed-20260530\RunArtifacts\runs\20260603-164455_58ea81f88bba4eaa96d7f01695212642\logs\Layer08Node06-21848.stderr.log
2026-06-03T16:45:44.1265924+00:00	WorkerEvent	Layer08Node06	WorkerOnline; ExitCode=0; online
2026-06-03T16:45:44.1281814+00:00	WorkerEvent	Layer08Node06	WorkerReady; ExitCode=0; ready
2026-06-03T16:45:44.1302563+00:00	StartPipeline	Layer08Node06	Layer08Node06
2026-06-03T16:45:44.5227290+00:00	WorkerEvent	Layer08Node06	PipelineStarted; ExitCode=0; pipeline started
2026-06-03T16:45:44.5241577+00:00	WorkerEvent	Layer08Node06.select-l08-n06	TaskReady; ExitCode=0; 
2026-06-03T16:45:44.5252004+00:00	GrantTask	Layer08Node06.select-l08-n06	Layer08Node06.select-l08-n06; GrantId=grant-110; Attempt=1
2026-06-03T16:45:44.5257769+00:00	WorkerEvent	Layer08Node06.select-l08-n06	GrantAccepted; ExitCode=0; 
2026-06-03T16:45:44.5267869+00:00	WorkerEvent	Layer08Node06.select-l08-n06	TaskStarted; ExitCode=0; 
2026-06-03T16:45:44.7939326+00:00	WorkerEvent	Layer08Node06.select-l08-n06	TaskSucceeded; ExitCode=0; 
2026-06-03T16:45:44.7946463+00:00	TaskSucceeded	Layer08Node06.select-l08-n06	0
2026-06-03T16:45:44.8159482+00:00	WorkerEvent	Layer08Node06	Closed; ExitCode=0; 
2026-06-03T16:45:44.8165435+00:00	WorkerStarting	Layer08Node07	meta-pipeline
2026-06-03T16:45:44.8870097+00:00	WorkerStarted	Layer08Node07	11836
2026-06-03T16:45:44.8873779+00:00	WorkerControlPipe	Layer08Node07	meta-orchestration-61ecb2d0a738404eb2d9adc43498c544
2026-06-03T16:45:44.8877621+00:00	WorkerLog	Layer08Node07	stdout=C:\Users\jimmy\Desktop\meta-bi\Samples\Demos\MetaOrchestrationHairballCliIntegration\Runs\hairball-seed-20260530\RunArtifacts\runs\20260603-164455_58ea81f88bba4eaa96d7f01695212642\logs\Layer08Node07-11836.stdout.log; stderr=C:\Users\jimmy\Desktop\meta-bi\Samples\Demos\MetaOrchestrationHairballCliIntegration\Runs\hairball-seed-20260530\RunArtifacts\runs\20260603-164455_58ea81f88bba4eaa96d7f01695212642\logs\Layer08Node07-11836.stderr.log
2026-06-03T16:45:44.9011067+00:00	WorkerEvent	Layer08Node07	WorkerOnline; ExitCode=0; online
2026-06-03T16:45:44.9025916+00:00	WorkerEvent	Layer08Node07	WorkerReady; ExitCode=0; ready
2026-06-03T16:45:44.9045722+00:00	StartPipeline	Layer08Node07	Layer08Node07
2026-06-03T16:45:45.2993093+00:00	WorkerEvent	Layer08Node07	PipelineStarted; ExitCode=0; pipeline started
2026-06-03T16:45:45.3004977+00:00	WorkerEvent	Layer08Node07.select-l08-n07	TaskReady; ExitCode=0; 
2026-06-03T16:45:45.3012578+00:00	GrantTask	Layer08Node07.select-l08-n07	Layer08Node07.select-l08-n07; GrantId=grant-111; Attempt=1
2026-06-03T16:45:45.3017014+00:00	WorkerEvent	Layer08Node07.select-l08-n07	GrantAccepted; ExitCode=0; 
2026-06-03T16:45:45.3028332+00:00	WorkerEvent	Layer08Node07.select-l08-n07	TaskStarted; ExitCode=0; 
2026-06-03T16:45:45.5706810+00:00	WorkerEvent	Layer08Node07.select-l08-n07	TaskSucceeded; ExitCode=0; 
2026-06-03T16:45:45.5712652+00:00	TaskSucceeded	Layer08Node07.select-l08-n07	0
2026-06-03T16:45:45.5971066+00:00	WorkerEvent	Layer08Node07	Closed; ExitCode=0; 
2026-06-03T16:45:45.5978649+00:00	WorkerResuming	CompositeMart	ResumeTaskId=CompositeMart.composite-curate; Executable=meta-pipeline
2026-06-03T16:45:45.6673136+00:00	WorkerStarted	CompositeMart	28804
2026-06-03T16:45:45.6676586+00:00	WorkerControlPipe	CompositeMart	meta-orchestration-b64f40814739462194b2ac8ffa2a3d10
2026-06-03T16:45:45.6679556+00:00	WorkerLog	CompositeMart	stdout=C:\Users\jimmy\Desktop\meta-bi\Samples\Demos\MetaOrchestrationHairballCliIntegration\Runs\hairball-seed-20260530\RunArtifacts\runs\20260603-164455_58ea81f88bba4eaa96d7f01695212642\logs\CompositeMart-28804.stdout.log; stderr=C:\Users\jimmy\Desktop\meta-bi\Samples\Demos\MetaOrchestrationHairballCliIntegration\Runs\hairball-seed-20260530\RunArtifacts\runs\20260603-164455_58ea81f88bba4eaa96d7f01695212642\logs\CompositeMart-28804.stderr.log
2026-06-03T16:45:45.6810354+00:00	WorkerEvent	CompositeMart	WorkerOnline; ExitCode=0; online
2026-06-03T16:45:45.6823251+00:00	WorkerEvent	CompositeMart	WorkerReady; ExitCode=0; ready
2026-06-03T16:45:45.6843244+00:00	StartPipeline	CompositeMart	CompositeMart
2026-06-03T16:45:46.2825374+00:00	WorkerEvent	CompositeMart	PipelineStarted; ExitCode=0; pipeline started
2026-06-03T16:45:46.2838249+00:00	WorkerEvent	CompositeMart.composite-curate	TaskReady; ExitCode=0; 
2026-06-03T16:45:46.2847455+00:00	GrantTask	CompositeMart.composite-curate	CompositeMart.composite-curate; GrantId=grant-112; Attempt=1
2026-06-03T16:45:46.2853764+00:00	WorkerEvent	CompositeMart.composite-curate	GrantAccepted; ExitCode=0; 
2026-06-03T16:45:46.2860589+00:00	WorkerEvent	CompositeMart.composite-curate	TaskStarted; ExitCode=0; 
2026-06-03T16:45:46.5416436+00:00	WorkerEvent	CompositeMart.composite-curate	TaskSucceeded; ExitCode=0; 
2026-06-03T16:45:46.5422682+00:00	TaskSucceeded	CompositeMart.composite-curate	0
2026-06-03T16:45:46.5429378+00:00	WorkerEvent	CompositeMart.composite-reconcile	TaskReady; ExitCode=0; 
2026-06-03T16:45:46.5437980+00:00	GrantTask	CompositeMart.composite-reconcile	CompositeMart.composite-reconcile; GrantId=grant-113; Attempt=1
2026-06-03T16:45:46.5441228+00:00	WorkerEvent	CompositeMart.composite-reconcile	GrantAccepted; ExitCode=0; 
2026-06-03T16:45:46.5446406+00:00	WorkerEvent	CompositeMart.composite-reconcile	TaskStarted; ExitCode=0; 
2026-06-03T16:45:46.6645400+00:00	WorkerEvent	CompositeMart.composite-reconcile	TaskSucceeded; ExitCode=0; 
2026-06-03T16:45:46.6652574+00:00	TaskSucceeded	CompositeMart.composite-reconcile	0
2026-06-03T16:45:46.6659287+00:00	WorkerEvent	CompositeMart.composite-certify	TaskReady; ExitCode=0; 
2026-06-03T16:45:46.6667369+00:00	GrantTask	CompositeMart.composite-certify	CompositeMart.composite-certify; GrantId=grant-114; Attempt=1
2026-06-03T16:45:46.6671629+00:00	WorkerEvent	CompositeMart.composite-certify	GrantAccepted; ExitCode=0; 
2026-06-03T16:45:46.6693223+00:00	WorkerEvent	CompositeMart.composite-certify	TaskStarted; ExitCode=0; 
2026-06-03T16:45:46.7325504+00:00	WorkerEvent	CompositeMart.composite-certify	TaskSucceeded; ExitCode=0; 
2026-06-03T16:45:46.7332196+00:00	TaskSucceeded	CompositeMart.composite-certify	0
2026-06-03T16:45:46.7340852+00:00	WorkerEvent	CompositeMart.composite-publish	TaskReady; ExitCode=0; 
2026-06-03T16:45:46.7354426+00:00	GrantTask	CompositeMart.composite-publish	CompositeMart.composite-publish; GrantId=grant-115; Attempt=1
2026-06-03T16:45:46.7357761+00:00	WorkerEvent	CompositeMart.composite-publish	GrantAccepted; ExitCode=0; 
2026-06-03T16:45:46.7366374+00:00	WorkerEvent	CompositeMart.composite-publish	TaskStarted; ExitCode=0; 
2026-06-03T16:45:46.8439875+00:00	WorkerEvent	CompositeMart.composite-publish	TaskSucceeded; ExitCode=0; 
2026-06-03T16:45:46.8445169+00:00	TaskSucceeded	CompositeMart.composite-publish	0
2026-06-03T16:45:46.8661689+00:00	WorkerEvent	CompositeMart	Closed; ExitCode=0; 
2026-06-03T16:45:46.8671195+00:00	WorkerStarting	Layer08Node08	meta-pipeline
2026-06-03T16:45:46.9411119+00:00	WorkerStarted	Layer08Node08	31572
2026-06-03T16:45:46.9415124+00:00	WorkerControlPipe	Layer08Node08	meta-orchestration-9af017f8f6084aa2a6ac1ef6ebbc9014
2026-06-03T16:45:46.9418502+00:00	WorkerLog	Layer08Node08	stdout=C:\Users\jimmy\Desktop\meta-bi\Samples\Demos\MetaOrchestrationHairballCliIntegration\Runs\hairball-seed-20260530\RunArtifacts\runs\20260603-164455_58ea81f88bba4eaa96d7f01695212642\logs\Layer08Node08-31572.stdout.log; stderr=C:\Users\jimmy\Desktop\meta-bi\Samples\Demos\MetaOrchestrationHairballCliIntegration\Runs\hairball-seed-20260530\RunArtifacts\runs\20260603-164455_58ea81f88bba4eaa96d7f01695212642\logs\Layer08Node08-31572.stderr.log
2026-06-03T16:45:46.9565917+00:00	WorkerEvent	Layer08Node08	WorkerOnline; ExitCode=0; online
2026-06-03T16:45:46.9581608+00:00	WorkerEvent	Layer08Node08	WorkerReady; ExitCode=0; ready
2026-06-03T16:45:46.9615620+00:00	StartPipeline	Layer08Node08	Layer08Node08
2026-06-03T16:45:47.3249081+00:00	WorkerEvent	Layer08Node08	PipelineStarted; ExitCode=0; pipeline started
2026-06-03T16:45:47.3263452+00:00	WorkerEvent	Layer08Node08.refresh-l08-n08	TaskReady; ExitCode=0; 
2026-06-03T16:45:47.3273280+00:00	GrantTask	Layer08Node08.refresh-l08-n08	Layer08Node08.refresh-l08-n08; GrantId=grant-116; Attempt=1
2026-06-03T16:45:47.3276502+00:00	WorkerEvent	Layer08Node08.refresh-l08-n08	GrantAccepted; ExitCode=0; 
2026-06-03T16:45:47.3284394+00:00	WorkerEvent	Layer08Node08.refresh-l08-n08	TaskStarted; ExitCode=0; 
2026-06-03T16:45:47.5683111+00:00	WorkerEvent	Layer08Node08.refresh-l08-n08	TaskSucceeded; ExitCode=0; 
2026-06-03T16:45:47.5690166+00:00	TaskSucceeded	Layer08Node08.refresh-l08-n08	0
2026-06-03T16:45:47.5886827+00:00	WorkerEvent	Layer08Node08	Closed; ExitCode=0; 
2026-06-03T16:45:47.5893399+00:00	WorkerStarting	Layer08Hub	meta-pipeline
2026-06-03T16:45:47.6572103+00:00	WorkerStarted	Layer08Hub	28800
2026-06-03T16:45:47.6575380+00:00	WorkerControlPipe	Layer08Hub	meta-orchestration-a8a75bf31ce24fb59fcf1d0580d2a007
2026-06-03T16:45:47.6578308+00:00	WorkerLog	Layer08Hub	stdout=C:\Users\jimmy\Desktop\meta-bi\Samples\Demos\MetaOrchestrationHairballCliIntegration\Runs\hairball-seed-20260530\RunArtifacts\runs\20260603-164455_58ea81f88bba4eaa96d7f01695212642\logs\Layer08Hub-28800.stdout.log; stderr=C:\Users\jimmy\Desktop\meta-bi\Samples\Demos\MetaOrchestrationHairballCliIntegration\Runs\hairball-seed-20260530\RunArtifacts\runs\20260603-164455_58ea81f88bba4eaa96d7f01695212642\logs\Layer08Hub-28800.stderr.log
2026-06-03T16:45:47.6717963+00:00	WorkerEvent	Layer08Hub	WorkerOnline; ExitCode=0; online
2026-06-03T16:45:47.6731321+00:00	WorkerEvent	Layer08Hub	WorkerReady; ExitCode=0; ready
2026-06-03T16:45:47.6753883+00:00	StartPipeline	Layer08Hub	Layer08Hub
2026-06-03T16:45:48.1380167+00:00	WorkerEvent	Layer08Hub	PipelineStarted; ExitCode=0; pipeline started
2026-06-03T16:45:48.1398016+00:00	WorkerEvent	Layer08Hub.hub-l08-stage	TaskReady; ExitCode=0; 
2026-06-03T16:45:48.1410058+00:00	GrantTask	Layer08Hub.hub-l08-stage	Layer08Hub.hub-l08-stage; GrantId=grant-117; Attempt=1
2026-06-03T16:45:48.1418050+00:00	WorkerEvent	Layer08Hub.hub-l08-stage	GrantAccepted; ExitCode=0; 
2026-06-03T16:45:48.1425854+00:00	WorkerEvent	Layer08Hub.hub-l08-stage	TaskStarted; ExitCode=0; 
2026-06-03T16:45:48.3976776+00:00	WorkerEvent	Layer08Hub.hub-l08-stage	TaskSucceeded; ExitCode=0; 
2026-06-03T16:45:48.3982014+00:00	TaskSucceeded	Layer08Hub.hub-l08-stage	0
2026-06-03T16:45:48.3988028+00:00	WorkerEvent	Layer08Hub.hub-l08-curate	TaskReady; ExitCode=0; 
2026-06-03T16:45:48.3995772+00:00	GrantTask	Layer08Hub.hub-l08-curate	Layer08Hub.hub-l08-curate; GrantId=grant-118; Attempt=1
2026-06-03T16:45:48.4000092+00:00	WorkerEvent	Layer08Hub.hub-l08-curate	GrantAccepted; ExitCode=0; 
2026-06-03T16:45:48.4007214+00:00	WorkerEvent	Layer08Hub.hub-l08-curate	TaskStarted; ExitCode=0; 
2026-06-03T16:45:48.4508267+00:00	WorkerEvent	Layer08Hub.hub-l08-curate	TaskSucceeded; ExitCode=0; 
2026-06-03T16:45:48.4513112+00:00	TaskSucceeded	Layer08Hub.hub-l08-curate	0
2026-06-03T16:45:48.4519214+00:00	WorkerEvent	Layer08Hub.hub-l08-publish	TaskReady; ExitCode=0; 
2026-06-03T16:45:48.4527446+00:00	GrantTask	Layer08Hub.hub-l08-publish	Layer08Hub.hub-l08-publish; GrantId=grant-119; Attempt=1
2026-06-03T16:45:48.4530572+00:00	WorkerEvent	Layer08Hub.hub-l08-publish	GrantAccepted; ExitCode=0; 
2026-06-03T16:45:48.4538254+00:00	WorkerEvent	Layer08Hub.hub-l08-publish	TaskStarted; ExitCode=0; 
2026-06-03T16:45:48.5449813+00:00	WorkerEvent	Layer08Hub.hub-l08-publish	TaskSucceeded; ExitCode=0; 
2026-06-03T16:45:48.5455663+00:00	TaskSucceeded	Layer08Hub.hub-l08-publish	0
2026-06-03T16:45:48.5662094+00:00	WorkerEvent	Layer08Hub	Closed; ExitCode=0; 
2026-06-03T16:45:48.5668052+00:00	WorkerStarting	RegionalMart01	meta-pipeline
2026-06-03T16:45:48.6351900+00:00	WorkerStarted	RegionalMart01	29672
2026-06-03T16:45:48.6355516+00:00	WorkerControlPipe	RegionalMart01	meta-orchestration-aaaaed8a997746819c3ba1cd3d3d3ecf
2026-06-03T16:45:48.6359207+00:00	WorkerLog	RegionalMart01	stdout=C:\Users\jimmy\Desktop\meta-bi\Samples\Demos\MetaOrchestrationHairballCliIntegration\Runs\hairball-seed-20260530\RunArtifacts\runs\20260603-164455_58ea81f88bba4eaa96d7f01695212642\logs\RegionalMart01-29672.stdout.log; stderr=C:\Users\jimmy\Desktop\meta-bi\Samples\Demos\MetaOrchestrationHairballCliIntegration\Runs\hairball-seed-20260530\RunArtifacts\runs\20260603-164455_58ea81f88bba4eaa96d7f01695212642\logs\RegionalMart01-29672.stderr.log
2026-06-03T16:45:48.6488375+00:00	WorkerEvent	RegionalMart01	WorkerOnline; ExitCode=0; online
2026-06-03T16:45:48.6503437+00:00	WorkerEvent	RegionalMart01	WorkerReady; ExitCode=0; ready
2026-06-03T16:45:48.6524997+00:00	StartPipeline	RegionalMart01	RegionalMart01
2026-06-03T16:45:49.1694834+00:00	WorkerEvent	RegionalMart01	PipelineStarted; ExitCode=0; pipeline started
2026-06-03T16:45:49.1710637+00:00	WorkerEvent	RegionalMart01.regional-01-stage	TaskReady; ExitCode=0; 
2026-06-03T16:45:49.1720598+00:00	GrantTask	RegionalMart01.regional-01-stage	RegionalMart01.regional-01-stage; GrantId=grant-120; Attempt=1
2026-06-03T16:45:49.1726950+00:00	WorkerEvent	RegionalMart01.regional-01-stage	GrantAccepted; ExitCode=0; 
2026-06-03T16:45:49.1735090+00:00	WorkerEvent	RegionalMart01.regional-01-stage	TaskStarted; ExitCode=0; 
2026-06-03T16:45:49.4415071+00:00	WorkerEvent	RegionalMart01.regional-01-stage	TaskSucceeded; ExitCode=0; 
2026-06-03T16:45:49.4420722+00:00	TaskSucceeded	RegionalMart01.regional-01-stage	0
2026-06-03T16:45:49.4426753+00:00	WorkerEvent	RegionalMart01.regional-01-curate	TaskReady; ExitCode=0; 
2026-06-03T16:45:49.4435131+00:00	GrantTask	RegionalMart01.regional-01-curate	RegionalMart01.regional-01-curate; GrantId=grant-121; Attempt=1
2026-06-03T16:45:49.4439679+00:00	WorkerEvent	RegionalMart01.regional-01-curate	GrantAccepted; ExitCode=0; 
2026-06-03T16:45:49.4445594+00:00	WorkerEvent	RegionalMart01.regional-01-curate	TaskStarted; ExitCode=0; 
2026-06-03T16:45:49.5023971+00:00	WorkerEvent	RegionalMart01.regional-01-curate	TaskSucceeded; ExitCode=0; 
2026-06-03T16:45:49.5029195+00:00	TaskSucceeded	RegionalMart01.regional-01-curate	0
2026-06-03T16:45:49.5035334+00:00	WorkerEvent	RegionalMart01.regional-01-publish	TaskReady; ExitCode=0; 
2026-06-03T16:45:49.5042968+00:00	GrantTask	RegionalMart01.regional-01-publish	RegionalMart01.regional-01-publish; GrantId=grant-122; Attempt=1
2026-06-03T16:45:49.5046511+00:00	WorkerEvent	RegionalMart01.regional-01-publish	GrantAccepted; ExitCode=0; 
2026-06-03T16:45:49.5053608+00:00	WorkerEvent	RegionalMart01.regional-01-publish	TaskStarted; ExitCode=0; 
2026-06-03T16:45:49.5960347+00:00	WorkerEvent	RegionalMart01.regional-01-publish	TaskSucceeded; ExitCode=0; 
2026-06-03T16:45:49.5965698+00:00	TaskSucceeded	RegionalMart01.regional-01-publish	0
2026-06-03T16:45:49.5971510+00:00	WorkerEvent	RegionalMart01.regional-01-audit	TaskReady; ExitCode=0; 
2026-06-03T16:45:49.5979088+00:00	GrantTask	RegionalMart01.regional-01-audit	RegionalMart01.regional-01-audit; GrantId=grant-123; Attempt=1
2026-06-03T16:45:49.5984475+00:00	WorkerEvent	RegionalMart01.regional-01-audit	GrantAccepted; ExitCode=0; 
2026-06-03T16:45:49.5991369+00:00	WorkerEvent	RegionalMart01.regional-01-audit	TaskStarted; ExitCode=0; 
2026-06-03T16:45:49.6531107+00:00	WorkerEvent	RegionalMart01.regional-01-audit	TaskSucceeded; ExitCode=0; 
2026-06-03T16:45:49.6537923+00:00	TaskSucceeded	RegionalMart01.regional-01-audit	0
2026-06-03T16:45:49.6751926+00:00	WorkerEvent	RegionalMart01	Closed; ExitCode=0; 
2026-06-03T16:45:49.6757739+00:00	WorkerStarting	RegionalMart02	meta-pipeline
2026-06-03T16:45:49.7452334+00:00	WorkerStarted	RegionalMart02	30596
2026-06-03T16:45:49.7455336+00:00	WorkerControlPipe	RegionalMart02	meta-orchestration-328d54485bd94538bc4dd521160abf1f
2026-06-03T16:45:49.7457886+00:00	WorkerLog	RegionalMart02	stdout=C:\Users\jimmy\Desktop\meta-bi\Samples\Demos\MetaOrchestrationHairballCliIntegration\Runs\hairball-seed-20260530\RunArtifacts\runs\20260603-164455_58ea81f88bba4eaa96d7f01695212642\logs\RegionalMart02-30596.stdout.log; stderr=C:\Users\jimmy\Desktop\meta-bi\Samples\Demos\MetaOrchestrationHairballCliIntegration\Runs\hairball-seed-20260530\RunArtifacts\runs\20260603-164455_58ea81f88bba4eaa96d7f01695212642\logs\RegionalMart02-30596.stderr.log
2026-06-03T16:45:49.7587995+00:00	WorkerEvent	RegionalMart02	WorkerOnline; ExitCode=0; online
2026-06-03T16:45:49.7598903+00:00	WorkerEvent	RegionalMart02	WorkerReady; ExitCode=0; ready
2026-06-03T16:45:49.7621111+00:00	StartPipeline	RegionalMart02	RegionalMart02
2026-06-03T16:45:50.3125462+00:00	WorkerEvent	RegionalMart02	PipelineStarted; ExitCode=0; pipeline started
2026-06-03T16:45:50.3138200+00:00	WorkerEvent	RegionalMart02.regional-02-stage	TaskReady; ExitCode=0; 
2026-06-03T16:45:50.3146485+00:00	GrantTask	RegionalMart02.regional-02-stage	RegionalMart02.regional-02-stage; GrantId=grant-124; Attempt=1
2026-06-03T16:45:50.3152321+00:00	WorkerEvent	RegionalMart02.regional-02-stage	GrantAccepted; ExitCode=0; 
2026-06-03T16:45:50.3164488+00:00	WorkerEvent	RegionalMart02.regional-02-stage	TaskStarted; ExitCode=0; 
2026-06-03T16:45:50.5951797+00:00	WorkerEvent	RegionalMart02.regional-02-stage	TaskSucceeded; ExitCode=0; 
2026-06-03T16:45:50.5958371+00:00	TaskSucceeded	RegionalMart02.regional-02-stage	0
2026-06-03T16:45:50.5968259+00:00	WorkerEvent	RegionalMart02.regional-02-curate	TaskReady; ExitCode=0; 
2026-06-03T16:45:50.5981916+00:00	GrantTask	RegionalMart02.regional-02-curate	RegionalMart02.regional-02-curate; GrantId=grant-125; Attempt=1
2026-06-03T16:45:50.5986634+00:00	WorkerEvent	RegionalMart02.regional-02-curate	GrantAccepted; ExitCode=0; 
2026-06-03T16:45:50.5996290+00:00	WorkerEvent	RegionalMart02.regional-02-curate	TaskStarted; ExitCode=0; 
2026-06-03T16:45:50.6618483+00:00	WorkerEvent	RegionalMart02.regional-02-curate	TaskSucceeded; ExitCode=0; 
2026-06-03T16:45:50.6624836+00:00	TaskSucceeded	RegionalMart02.regional-02-curate	0
2026-06-03T16:45:50.6634649+00:00	WorkerEvent	RegionalMart02.regional-02-publish	TaskReady; ExitCode=0; 
2026-06-03T16:45:50.6647432+00:00	GrantTask	RegionalMart02.regional-02-publish	RegionalMart02.regional-02-publish; GrantId=grant-126; Attempt=1
2026-06-03T16:45:50.6650446+00:00	WorkerEvent	RegionalMart02.regional-02-publish	GrantAccepted; ExitCode=0; 
2026-06-03T16:45:50.6656724+00:00	WorkerEvent	RegionalMart02.regional-02-publish	TaskStarted; ExitCode=0; 
2026-06-03T16:45:50.7602796+00:00	WorkerEvent	RegionalMart02.regional-02-publish	TaskSucceeded; ExitCode=0; 
2026-06-03T16:45:50.7607862+00:00	TaskSucceeded	RegionalMart02.regional-02-publish	0
2026-06-03T16:45:50.7613338+00:00	WorkerEvent	RegionalMart02.regional-02-audit	TaskReady; ExitCode=0; 
2026-06-03T16:45:50.7621718+00:00	GrantTask	RegionalMart02.regional-02-audit	RegionalMart02.regional-02-audit; GrantId=grant-127; Attempt=1
2026-06-03T16:45:50.7625145+00:00	WorkerEvent	RegionalMart02.regional-02-audit	GrantAccepted; ExitCode=0; 
2026-06-03T16:45:50.7632301+00:00	WorkerEvent	RegionalMart02.regional-02-audit	TaskStarted; ExitCode=0; 
2026-06-03T16:45:50.8192678+00:00	WorkerEvent	RegionalMart02.regional-02-audit	TaskSucceeded; ExitCode=0; 
2026-06-03T16:45:50.8199495+00:00	TaskSucceeded	RegionalMart02.regional-02-audit	0
2026-06-03T16:45:50.8419487+00:00	WorkerEvent	RegionalMart02	Closed; ExitCode=0; 
2026-06-03T16:45:50.8428635+00:00	WorkerStarting	PublishHairballFinal	meta-pipeline
2026-06-03T16:45:50.9154855+00:00	WorkerStarted	PublishHairballFinal	27636
2026-06-03T16:45:50.9159276+00:00	WorkerControlPipe	PublishHairballFinal	meta-orchestration-4f56b145c3d147198de7e74d4ea4c71a
2026-06-03T16:45:50.9162156+00:00	WorkerLog	PublishHairballFinal	stdout=C:\Users\jimmy\Desktop\meta-bi\Samples\Demos\MetaOrchestrationHairballCliIntegration\Runs\hairball-seed-20260530\RunArtifacts\runs\20260603-164455_58ea81f88bba4eaa96d7f01695212642\logs\PublishHairballFinal-27636.stdout.log; stderr=C:\Users\jimmy\Desktop\meta-bi\Samples\Demos\MetaOrchestrationHairballCliIntegration\Runs\hairball-seed-20260530\RunArtifacts\runs\20260603-164455_58ea81f88bba4eaa96d7f01695212642\logs\PublishHairballFinal-27636.stderr.log
2026-06-03T16:45:50.9289496+00:00	WorkerEvent	PublishHairballFinal	WorkerOnline; ExitCode=0; online
2026-06-03T16:45:50.9304768+00:00	WorkerEvent	PublishHairballFinal	WorkerReady; ExitCode=0; ready
2026-06-03T16:45:50.9325282+00:00	StartPipeline	PublishHairballFinal	PublishHairballFinal
2026-06-03T16:45:51.3013274+00:00	WorkerEvent	PublishHairballFinal	PipelineStarted; ExitCode=0; pipeline started
2026-06-03T16:45:51.3024317+00:00	WorkerEvent	PublishHairballFinal.publish-hairball-final	TaskReady; ExitCode=0; 
2026-06-03T16:45:51.3034124+00:00	GrantTask	PublishHairballFinal.publish-hairball-final	PublishHairballFinal.publish-hairball-final; GrantId=grant-128; Attempt=1
2026-06-03T16:45:51.3040870+00:00	WorkerEvent	PublishHairballFinal.publish-hairball-final	GrantAccepted; ExitCode=0; 
2026-06-03T16:45:51.3049611+00:00	WorkerEvent	PublishHairballFinal.publish-hairball-final	TaskStarted; ExitCode=0; 
2026-06-03T16:45:51.5626569+00:00	WorkerEvent	PublishHairballFinal.publish-hairball-final	TaskSucceeded; ExitCode=0; 
2026-06-03T16:45:51.5632730+00:00	TaskSucceeded	PublishHairballFinal.publish-hairball-final	0
2026-06-03T16:45:51.5869051+00:00	WorkerEvent	PublishHairballFinal	Closed; ExitCode=0; 
2026-06-03T16:45:51.5875836+00:00	WorkerStarting	RegionalMart03	meta-pipeline
2026-06-03T16:45:51.6555347+00:00	WorkerStarted	RegionalMart03	28588
2026-06-03T16:45:51.6558482+00:00	WorkerControlPipe	RegionalMart03	meta-orchestration-588823fa3a94452aa7e0c47caffed24f
2026-06-03T16:45:51.6561456+00:00	WorkerLog	RegionalMart03	stdout=C:\Users\jimmy\Desktop\meta-bi\Samples\Demos\MetaOrchestrationHairballCliIntegration\Runs\hairball-seed-20260530\RunArtifacts\runs\20260603-164455_58ea81f88bba4eaa96d7f01695212642\logs\RegionalMart03-28588.stdout.log; stderr=C:\Users\jimmy\Desktop\meta-bi\Samples\Demos\MetaOrchestrationHairballCliIntegration\Runs\hairball-seed-20260530\RunArtifacts\runs\20260603-164455_58ea81f88bba4eaa96d7f01695212642\logs\RegionalMart03-28588.stderr.log
2026-06-03T16:45:51.6688721+00:00	WorkerEvent	RegionalMart03	WorkerOnline; ExitCode=0; online
2026-06-03T16:45:51.6703378+00:00	WorkerEvent	RegionalMart03	WorkerReady; ExitCode=0; ready
2026-06-03T16:45:51.6724063+00:00	StartPipeline	RegionalMart03	RegionalMart03
2026-06-03T16:45:52.1813905+00:00	WorkerEvent	RegionalMart03	PipelineStarted; ExitCode=0; pipeline started
2026-06-03T16:45:52.1835640+00:00	WorkerEvent	RegionalMart03.regional-03-stage	TaskReady; ExitCode=0; 
2026-06-03T16:45:52.1846157+00:00	GrantTask	RegionalMart03.regional-03-stage	RegionalMart03.regional-03-stage; GrantId=grant-129; Attempt=1
2026-06-03T16:45:52.1850011+00:00	WorkerEvent	RegionalMart03.regional-03-stage	GrantAccepted; ExitCode=0; 
2026-06-03T16:45:52.1859070+00:00	WorkerEvent	RegionalMart03.regional-03-stage	TaskStarted; ExitCode=0; 
2026-06-03T16:45:52.4517480+00:00	WorkerEvent	RegionalMart03.regional-03-stage	TaskSucceeded; ExitCode=0; 
2026-06-03T16:45:52.4522860+00:00	TaskSucceeded	RegionalMart03.regional-03-stage	0
2026-06-03T16:45:52.4529222+00:00	WorkerEvent	RegionalMart03.regional-03-curate	TaskReady; ExitCode=0; 
2026-06-03T16:45:52.4538916+00:00	GrantTask	RegionalMart03.regional-03-curate	RegionalMart03.regional-03-curate; GrantId=grant-130; Attempt=1
2026-06-03T16:45:52.4543738+00:00	WorkerEvent	RegionalMart03.regional-03-curate	GrantAccepted; ExitCode=0; 
2026-06-03T16:45:52.4552714+00:00	WorkerEvent	RegionalMart03.regional-03-curate	TaskStarted; ExitCode=0; 
2026-06-03T16:45:52.5129998+00:00	WorkerEvent	RegionalMart03.regional-03-curate	TaskSucceeded; ExitCode=0; 
2026-06-03T16:45:52.5136225+00:00	TaskSucceeded	RegionalMart03.regional-03-curate	0
2026-06-03T16:45:52.5144280+00:00	WorkerEvent	RegionalMart03.regional-03-publish	TaskReady; ExitCode=0; 
2026-06-03T16:45:52.5158934+00:00	GrantTask	RegionalMart03.regional-03-publish	RegionalMart03.regional-03-publish; GrantId=grant-131; Attempt=1
2026-06-03T16:45:52.5162683+00:00	WorkerEvent	RegionalMart03.regional-03-publish	GrantAccepted; ExitCode=0; 
2026-06-03T16:45:52.5170962+00:00	WorkerEvent	RegionalMart03.regional-03-publish	TaskStarted; ExitCode=0; 
2026-06-03T16:45:52.6106956+00:00	WorkerEvent	RegionalMart03.regional-03-publish	TaskSucceeded; ExitCode=0; 
2026-06-03T16:45:52.6112310+00:00	TaskSucceeded	RegionalMart03.regional-03-publish	0
2026-06-03T16:45:52.6117072+00:00	WorkerEvent	RegionalMart03.regional-03-audit	TaskReady; ExitCode=0; 
2026-06-03T16:45:52.6122804+00:00	GrantTask	RegionalMart03.regional-03-audit	RegionalMart03.regional-03-audit; GrantId=grant-132; Attempt=1
2026-06-03T16:45:52.6127218+00:00	WorkerEvent	RegionalMart03.regional-03-audit	GrantAccepted; ExitCode=0; 
2026-06-03T16:45:52.6134652+00:00	WorkerEvent	RegionalMart03.regional-03-audit	TaskStarted; ExitCode=0; 
2026-06-03T16:45:52.6678315+00:00	WorkerEvent	RegionalMart03.regional-03-audit	TaskSucceeded; ExitCode=0; 
2026-06-03T16:45:52.6685299+00:00	TaskSucceeded	RegionalMart03.regional-03-audit	0
2026-06-03T16:45:52.6897737+00:00	WorkerEvent	RegionalMart03	Closed; ExitCode=0; 
2026-06-03T16:45:52.6905174+00:00	WorkerStarting	RegionalMart04	meta-pipeline
2026-06-03T16:45:52.7621339+00:00	WorkerStarted	RegionalMart04	20628
2026-06-03T16:45:52.7624143+00:00	WorkerControlPipe	RegionalMart04	meta-orchestration-6a440d7a883346fabd38d87d8d228317
2026-06-03T16:45:52.7627027+00:00	WorkerLog	RegionalMart04	stdout=C:\Users\jimmy\Desktop\meta-bi\Samples\Demos\MetaOrchestrationHairballCliIntegration\Runs\hairball-seed-20260530\RunArtifacts\runs\20260603-164455_58ea81f88bba4eaa96d7f01695212642\logs\RegionalMart04-20628.stdout.log; stderr=C:\Users\jimmy\Desktop\meta-bi\Samples\Demos\MetaOrchestrationHairballCliIntegration\Runs\hairball-seed-20260530\RunArtifacts\runs\20260603-164455_58ea81f88bba4eaa96d7f01695212642\logs\RegionalMart04-20628.stderr.log
2026-06-03T16:45:52.7759921+00:00	WorkerEvent	RegionalMart04	WorkerOnline; ExitCode=0; online
2026-06-03T16:45:52.7776025+00:00	WorkerEvent	RegionalMart04	WorkerReady; ExitCode=0; ready
2026-06-03T16:45:52.7795868+00:00	StartPipeline	RegionalMart04	RegionalMart04
2026-06-03T16:45:53.3278393+00:00	WorkerEvent	RegionalMart04	PipelineStarted; ExitCode=0; pipeline started
2026-06-03T16:45:53.3294123+00:00	WorkerEvent	RegionalMart04.regional-04-stage	TaskReady; ExitCode=0; 
2026-06-03T16:45:53.3303943+00:00	GrantTask	RegionalMart04.regional-04-stage	RegionalMart04.regional-04-stage; GrantId=grant-133; Attempt=1
2026-06-03T16:45:53.3308138+00:00	WorkerEvent	RegionalMart04.regional-04-stage	GrantAccepted; ExitCode=0; 
2026-06-03T16:45:53.3315034+00:00	WorkerEvent	RegionalMart04.regional-04-stage	TaskStarted; ExitCode=0; 
2026-06-03T16:45:53.6467657+00:00	WorkerEvent	RegionalMart04.regional-04-stage	TaskSucceeded; ExitCode=0; 
2026-06-03T16:45:53.6473016+00:00	TaskSucceeded	RegionalMart04.regional-04-stage	0
2026-06-03T16:45:53.6478132+00:00	WorkerEvent	RegionalMart04.regional-04-curate	TaskReady; ExitCode=0; 
2026-06-03T16:45:53.6483317+00:00	GrantTask	RegionalMart04.regional-04-curate	RegionalMart04.regional-04-curate; GrantId=grant-134; Attempt=1
2026-06-03T16:45:53.6487910+00:00	WorkerEvent	RegionalMart04.regional-04-curate	GrantAccepted; ExitCode=0; 
2026-06-03T16:45:53.6494209+00:00	WorkerEvent	RegionalMart04.regional-04-curate	TaskStarted; ExitCode=0; 
2026-06-03T16:45:53.7144781+00:00	WorkerEvent	RegionalMart04.regional-04-curate	TaskSucceeded; ExitCode=0; 
2026-06-03T16:45:53.7150112+00:00	TaskSucceeded	RegionalMart04.regional-04-curate	0
2026-06-03T16:45:53.7154713+00:00	WorkerEvent	RegionalMart04.regional-04-publish	TaskReady; ExitCode=0; 
2026-06-03T16:45:53.7160314+00:00	GrantTask	RegionalMart04.regional-04-publish	RegionalMart04.regional-04-publish; GrantId=grant-135; Attempt=1
2026-06-03T16:45:53.7164677+00:00	WorkerEvent	RegionalMart04.regional-04-publish	GrantAccepted; ExitCode=0; 
2026-06-03T16:45:53.7170666+00:00	WorkerEvent	RegionalMart04.regional-04-publish	TaskStarted; ExitCode=0; 
2026-06-03T16:45:53.8236584+00:00	WorkerEvent	RegionalMart04.regional-04-publish	TaskSucceeded; ExitCode=0; 
2026-06-03T16:45:53.8243542+00:00	TaskSucceeded	RegionalMart04.regional-04-publish	0
2026-06-03T16:45:53.8250361+00:00	WorkerEvent	RegionalMart04.regional-04-audit	TaskReady; ExitCode=0; 
2026-06-03T16:45:53.8258953+00:00	GrantTask	RegionalMart04.regional-04-audit	RegionalMart04.regional-04-audit; GrantId=grant-136; Attempt=1
2026-06-03T16:45:53.8261967+00:00	WorkerEvent	RegionalMart04.regional-04-audit	GrantAccepted; ExitCode=0; 
2026-06-03T16:45:53.8273244+00:00	WorkerEvent	RegionalMart04.regional-04-audit	TaskStarted; ExitCode=0; 
2026-06-03T16:45:53.8835314+00:00	WorkerEvent	RegionalMart04.regional-04-audit	TaskSucceeded; ExitCode=0; 
2026-06-03T16:45:53.8841789+00:00	TaskSucceeded	RegionalMart04.regional-04-audit	0
2026-06-03T16:45:53.9078322+00:00	WorkerEvent	RegionalMart04	Closed; ExitCode=0; 
2026-06-03T16:45:53.9083813+00:00	WorkerResuming	AuditHairball	ResumeTaskId=AuditHairball.audit-hairball; Executable=meta-pipeline
2026-06-03T16:45:53.9813245+00:00	WorkerStarted	AuditHairball	11116
2026-06-03T16:45:53.9816306+00:00	WorkerControlPipe	AuditHairball	meta-orchestration-7e7e945fb911467388c3b6e4178e7554
2026-06-03T16:45:53.9819273+00:00	WorkerLog	AuditHairball	stdout=C:\Users\jimmy\Desktop\meta-bi\Samples\Demos\MetaOrchestrationHairballCliIntegration\Runs\hairball-seed-20260530\RunArtifacts\runs\20260603-164455_58ea81f88bba4eaa96d7f01695212642\logs\AuditHairball-11116.stdout.log; stderr=C:\Users\jimmy\Desktop\meta-bi\Samples\Demos\MetaOrchestrationHairballCliIntegration\Runs\hairball-seed-20260530\RunArtifacts\runs\20260603-164455_58ea81f88bba4eaa96d7f01695212642\logs\AuditHairball-11116.stderr.log
2026-06-03T16:45:53.9958566+00:00	WorkerEvent	AuditHairball	WorkerOnline; ExitCode=0; online
2026-06-03T16:45:53.9972395+00:00	WorkerEvent	AuditHairball	WorkerReady; ExitCode=0; ready
2026-06-03T16:45:53.9993953+00:00	StartPipeline	AuditHairball	AuditHairball
2026-06-03T16:45:54.3332882+00:00	WorkerEvent	AuditHairball	PipelineStarted; ExitCode=0; pipeline started
2026-06-03T16:45:54.3344536+00:00	WorkerEvent	AuditHairball.audit-hairball	TaskReady; ExitCode=0; 
2026-06-03T16:45:54.3352812+00:00	GrantTask	AuditHairball.audit-hairball	AuditHairball.audit-hairball; GrantId=grant-137; Attempt=1
2026-06-03T16:45:54.3357701+00:00	WorkerEvent	AuditHairball.audit-hairball	GrantAccepted; ExitCode=0; 
2026-06-03T16:45:54.3363154+00:00	WorkerEvent	AuditHairball.audit-hairball	TaskStarted; ExitCode=0; 
2026-06-03T16:45:54.5779937+00:00	WorkerEvent	AuditHairball.audit-hairball	TaskSucceeded; ExitCode=0; 
2026-06-03T16:45:54.5786437+00:00	TaskSucceeded	AuditHairball.audit-hairball	0
2026-06-03T16:45:54.5986475+00:00	WorkerEvent	AuditHairball	Closed; ExitCode=0; 
2026-06-03T16:45:54.5999907+00:00	WorkerLogSummary	ExtractSeed01	stdout=C:\Users\jimmy\Desktop\meta-bi\Samples\Demos\MetaOrchestrationHairballCliIntegration\Runs\hairball-seed-20260530\RunArtifacts\runs\20260603-164455_58ea81f88bba4eaa96d7f01695212642\logs\ExtractSeed01-17748.stdout.log; stdoutBytes=0; stdoutTruncated=False; stdoutDroppedBytes=0; stderr=C:\Users\jimmy\Desktop\meta-bi\Samples\Demos\MetaOrchestrationHairballCliIntegration\Runs\hairball-seed-20260530\RunArtifacts\runs\20260603-164455_58ea81f88bba4eaa96d7f01695212642\logs\ExtractSeed01-17748.stderr.log; stderrBytes=0; stderrTruncated=False; stderrDroppedBytes=0
2026-06-03T16:45:54.6007975+00:00	WorkerLogSummary	ExtractSeed02	stdout=C:\Users\jimmy\Desktop\meta-bi\Samples\Demos\MetaOrchestrationHairballCliIntegration\Runs\hairball-seed-20260530\RunArtifacts\runs\20260603-164455_58ea81f88bba4eaa96d7f01695212642\logs\ExtractSeed02-18368.stdout.log; stdoutBytes=0; stdoutTruncated=False; stdoutDroppedBytes=0; stderr=C:\Users\jimmy\Desktop\meta-bi\Samples\Demos\MetaOrchestrationHairballCliIntegration\Runs\hairball-seed-20260530\RunArtifacts\runs\20260603-164455_58ea81f88bba4eaa96d7f01695212642\logs\ExtractSeed02-18368.stderr.log; stderrBytes=0; stderrTruncated=False; stderrDroppedBytes=0
2026-06-03T16:45:54.6012623+00:00	WorkerLogSummary	ExtractSeed03	stdout=C:\Users\jimmy\Desktop\meta-bi\Samples\Demos\MetaOrchestrationHairballCliIntegration\Runs\hairball-seed-20260530\RunArtifacts\runs\20260603-164455_58ea81f88bba4eaa96d7f01695212642\logs\ExtractSeed03-28368.stdout.log; stdoutBytes=0; stdoutTruncated=False; stdoutDroppedBytes=0; stderr=C:\Users\jimmy\Desktop\meta-bi\Samples\Demos\MetaOrchestrationHairballCliIntegration\Runs\hairball-seed-20260530\RunArtifacts\runs\20260603-164455_58ea81f88bba4eaa96d7f01695212642\logs\ExtractSeed03-28368.stderr.log; stderrBytes=0; stderrTruncated=False; stderrDroppedBytes=0
2026-06-03T16:45:54.6016660+00:00	WorkerLogSummary	ExtractSeed04	stdout=C:\Users\jimmy\Desktop\meta-bi\Samples\Demos\MetaOrchestrationHairballCliIntegration\Runs\hairball-seed-20260530\RunArtifacts\runs\20260603-164455_58ea81f88bba4eaa96d7f01695212642\logs\ExtractSeed04-28496.stdout.log; stdoutBytes=0; stdoutTruncated=False; stdoutDroppedBytes=0; stderr=C:\Users\jimmy\Desktop\meta-bi\Samples\Demos\MetaOrchestrationHairballCliIntegration\Runs\hairball-seed-20260530\RunArtifacts\runs\20260603-164455_58ea81f88bba4eaa96d7f01695212642\logs\ExtractSeed04-28496.stderr.log; stderrBytes=0; stderrTruncated=False; stderrDroppedBytes=0
2026-06-03T16:45:54.6020899+00:00	WorkerLogSummary	ExtractSeed05	stdout=C:\Users\jimmy\Desktop\meta-bi\Samples\Demos\MetaOrchestrationHairballCliIntegration\Runs\hairball-seed-20260530\RunArtifacts\runs\20260603-164455_58ea81f88bba4eaa96d7f01695212642\logs\ExtractSeed05-23904.stdout.log; stdoutBytes=0; stdoutTruncated=False; stdoutDroppedBytes=0; stderr=C:\Users\jimmy\Desktop\meta-bi\Samples\Demos\MetaOrchestrationHairballCliIntegration\Runs\hairball-seed-20260530\RunArtifacts\runs\20260603-164455_58ea81f88bba4eaa96d7f01695212642\logs\ExtractSeed05-23904.stderr.log; stderrBytes=0; stderrTruncated=False; stderrDroppedBytes=0
2026-06-03T16:45:54.6025452+00:00	WorkerLogSummary	ExtractSeed06	stdout=C:\Users\jimmy\Desktop\meta-bi\Samples\Demos\MetaOrchestrationHairballCliIntegration\Runs\hairball-seed-20260530\RunArtifacts\runs\20260603-164455_58ea81f88bba4eaa96d7f01695212642\logs\ExtractSeed06-25928.stdout.log; stdoutBytes=0; stdoutTruncated=False; stdoutDroppedBytes=0; stderr=C:\Users\jimmy\Desktop\meta-bi\Samples\Demos\MetaOrchestrationHairballCliIntegration\Runs\hairball-seed-20260530\RunArtifacts\runs\20260603-164455_58ea81f88bba4eaa96d7f01695212642\logs\ExtractSeed06-25928.stderr.log; stderrBytes=0; stderrTruncated=False; stderrDroppedBytes=0
2026-06-03T16:45:54.6030242+00:00	WorkerLogSummary	ExtractSeed07	stdout=C:\Users\jimmy\Desktop\meta-bi\Samples\Demos\MetaOrchestrationHairballCliIntegration\Runs\hairball-seed-20260530\RunArtifacts\runs\20260603-164455_58ea81f88bba4eaa96d7f01695212642\logs\ExtractSeed07-31328.stdout.log; stdoutBytes=0; stdoutTruncated=False; stdoutDroppedBytes=0; stderr=C:\Users\jimmy\Desktop\meta-bi\Samples\Demos\MetaOrchestrationHairballCliIntegration\Runs\hairball-seed-20260530\RunArtifacts\runs\20260603-164455_58ea81f88bba4eaa96d7f01695212642\logs\ExtractSeed07-31328.stderr.log; stderrBytes=0; stderrTruncated=False; stderrDroppedBytes=0
2026-06-03T16:45:54.6036643+00:00	WorkerLogSummary	ExtractSeed08	stdout=C:\Users\jimmy\Desktop\meta-bi\Samples\Demos\MetaOrchestrationHairballCliIntegration\Runs\hairball-seed-20260530\RunArtifacts\runs\20260603-164455_58ea81f88bba4eaa96d7f01695212642\logs\ExtractSeed08-11796.stdout.log; stdoutBytes=0; stdoutTruncated=False; stdoutDroppedBytes=0; stderr=C:\Users\jimmy\Desktop\meta-bi\Samples\Demos\MetaOrchestrationHairballCliIntegration\Runs\hairball-seed-20260530\RunArtifacts\runs\20260603-164455_58ea81f88bba4eaa96d7f01695212642\logs\ExtractSeed08-11796.stderr.log; stderrBytes=0; stderrTruncated=False; stderrDroppedBytes=0
2026-06-03T16:45:54.6045074+00:00	WorkerLogSummary	AuditHairball	stdout=C:\Users\jimmy\Desktop\meta-bi\Samples\Demos\MetaOrchestrationHairballCliIntegration\Runs\hairball-seed-20260530\RunArtifacts\runs\20260603-164455_58ea81f88bba4eaa96d7f01695212642\logs\AuditHairball-26112.stdout.log; stdoutBytes=0; stdoutTruncated=False; stdoutDroppedBytes=0; stderr=C:\Users\jimmy\Desktop\meta-bi\Samples\Demos\MetaOrchestrationHairballCliIntegration\Runs\hairball-seed-20260530\RunArtifacts\runs\20260603-164455_58ea81f88bba4eaa96d7f01695212642\logs\AuditHairball-26112.stderr.log; stderrBytes=0; stderrTruncated=False; stderrDroppedBytes=0
2026-06-03T16:45:54.6051911+00:00	WorkerLogSummary	BridgeL01L02	stdout=C:\Users\jimmy\Desktop\meta-bi\Samples\Demos\MetaOrchestrationHairballCliIntegration\Runs\hairball-seed-20260530\RunArtifacts\runs\20260603-164455_58ea81f88bba4eaa96d7f01695212642\logs\BridgeL01L02-27396.stdout.log; stdoutBytes=0; stdoutTruncated=False; stdoutDroppedBytes=0; stderr=C:\Users\jimmy\Desktop\meta-bi\Samples\Demos\MetaOrchestrationHairballCliIntegration\Runs\hairball-seed-20260530\RunArtifacts\runs\20260603-164455_58ea81f88bba4eaa96d7f01695212642\logs\BridgeL01L02-27396.stderr.log; stderrBytes=0; stderrTruncated=False; stderrDroppedBytes=0
2026-06-03T16:45:54.6056239+00:00	WorkerLogSummary	BridgeL03L04	stdout=C:\Users\jimmy\Desktop\meta-bi\Samples\Demos\MetaOrchestrationHairballCliIntegration\Runs\hairball-seed-20260530\RunArtifacts\runs\20260603-164455_58ea81f88bba4eaa96d7f01695212642\logs\BridgeL03L04-25900.stdout.log; stdoutBytes=0; stdoutTruncated=False; stdoutDroppedBytes=0; stderr=C:\Users\jimmy\Desktop\meta-bi\Samples\Demos\MetaOrchestrationHairballCliIntegration\Runs\hairball-seed-20260530\RunArtifacts\runs\20260603-164455_58ea81f88bba4eaa96d7f01695212642\logs\BridgeL03L04-25900.stderr.log; stderrBytes=0; stderrTruncated=False; stderrDroppedBytes=0
2026-06-03T16:45:54.6062002+00:00	WorkerLogSummary	BridgeL05L06	stdout=C:\Users\jimmy\Desktop\meta-bi\Samples\Demos\MetaOrchestrationHairballCliIntegration\Runs\hairball-seed-20260530\RunArtifacts\runs\20260603-164455_58ea81f88bba4eaa96d7f01695212642\logs\BridgeL05L06-28084.stdout.log; stdoutBytes=0; stdoutTruncated=False; stdoutDroppedBytes=0; stderr=C:\Users\jimmy\Desktop\meta-bi\Samples\Demos\MetaOrchestrationHairballCliIntegration\Runs\hairball-seed-20260530\RunArtifacts\runs\20260603-164455_58ea81f88bba4eaa96d7f01695212642\logs\BridgeL05L06-28084.stderr.log; stderrBytes=0; stderrTruncated=False; stderrDroppedBytes=0
2026-06-03T16:45:54.6066409+00:00	WorkerLogSummary	Layer01Node06	stdout=C:\Users\jimmy\Desktop\meta-bi\Samples\Demos\MetaOrchestrationHairballCliIntegration\Runs\hairball-seed-20260530\RunArtifacts\runs\20260603-164455_58ea81f88bba4eaa96d7f01695212642\logs\Layer01Node06-24532.stdout.log; stdoutBytes=0; stdoutTruncated=False; stdoutDroppedBytes=0; stderr=C:\Users\jimmy\Desktop\meta-bi\Samples\Demos\MetaOrchestrationHairballCliIntegration\Runs\hairball-seed-20260530\RunArtifacts\runs\20260603-164455_58ea81f88bba4eaa96d7f01695212642\logs\Layer01Node06-24532.stderr.log; stderrBytes=0; stderrTruncated=False; stderrDroppedBytes=0
2026-06-03T16:45:54.6070704+00:00	WorkerLogSummary	Layer01Node01	stdout=C:\Users\jimmy\Desktop\meta-bi\Samples\Demos\MetaOrchestrationHairballCliIntegration\Runs\hairball-seed-20260530\RunArtifacts\runs\20260603-164455_58ea81f88bba4eaa96d7f01695212642\logs\Layer01Node01-25060.stdout.log; stdoutBytes=0; stdoutTruncated=False; stdoutDroppedBytes=0; stderr=C:\Users\jimmy\Desktop\meta-bi\Samples\Demos\MetaOrchestrationHairballCliIntegration\Runs\hairball-seed-20260530\RunArtifacts\runs\20260603-164455_58ea81f88bba4eaa96d7f01695212642\logs\Layer01Node01-25060.stderr.log; stderrBytes=0; stderrTruncated=False; stderrDroppedBytes=0
2026-06-03T16:45:54.6075303+00:00	WorkerLogSummary	Layer01Node07	stdout=C:\Users\jimmy\Desktop\meta-bi\Samples\Demos\MetaOrchestrationHairballCliIntegration\Runs\hairball-seed-20260530\RunArtifacts\runs\20260603-164455_58ea81f88bba4eaa96d7f01695212642\logs\Layer01Node07-30476.stdout.log; stdoutBytes=0; stdoutTruncated=False; stdoutDroppedBytes=0; stderr=C:\Users\jimmy\Desktop\meta-bi\Samples\Demos\MetaOrchestrationHairballCliIntegration\Runs\hairball-seed-20260530\RunArtifacts\runs\20260603-164455_58ea81f88bba4eaa96d7f01695212642\logs\Layer01Node07-30476.stderr.log; stderrBytes=0; stderrTruncated=False; stderrDroppedBytes=0
2026-06-03T16:45:54.6078465+00:00	WorkerLogSummary	Layer03Node09	stdout=C:\Users\jimmy\Desktop\meta-bi\Samples\Demos\MetaOrchestrationHairballCliIntegration\Runs\hairball-seed-20260530\RunArtifacts\runs\20260603-164455_58ea81f88bba4eaa96d7f01695212642\logs\Layer03Node09-23680.stdout.log; stdoutBytes=0; stdoutTruncated=False; stdoutDroppedBytes=0; stderr=C:\Users\jimmy\Desktop\meta-bi\Samples\Demos\MetaOrchestrationHairballCliIntegration\Runs\hairball-seed-20260530\RunArtifacts\runs\20260603-164455_58ea81f88bba4eaa96d7f01695212642\logs\Layer03Node09-23680.stderr.log; stderrBytes=0; stderrTruncated=False; stderrDroppedBytes=0
2026-06-03T16:45:54.6082448+00:00	WorkerLogSummary	Layer02Node03	stdout=C:\Users\jimmy\Desktop\meta-bi\Samples\Demos\MetaOrchestrationHairballCliIntegration\Runs\hairball-seed-20260530\RunArtifacts\runs\20260603-164455_58ea81f88bba4eaa96d7f01695212642\logs\Layer02Node03-27588.stdout.log; stdoutBytes=0; stdoutTruncated=False; stdoutDroppedBytes=0; stderr=C:\Users\jimmy\Desktop\meta-bi\Samples\Demos\MetaOrchestrationHairballCliIntegration\Runs\hairball-seed-20260530\RunArtifacts\runs\20260603-164455_58ea81f88bba4eaa96d7f01695212642\logs\Layer02Node03-27588.stderr.log; stderrBytes=0; stderrTruncated=False; stderrDroppedBytes=0
2026-06-03T16:45:54.6086772+00:00	WorkerLogSummary	AuditHairball	stdout=C:\Users\jimmy\Desktop\meta-bi\Samples\Demos\MetaOrchestrationHairballCliIntegration\Runs\hairball-seed-20260530\RunArtifacts\runs\20260603-164455_58ea81f88bba4eaa96d7f01695212642\logs\AuditHairball-21056.stdout.log; stdoutBytes=0; stdoutTruncated=False; stdoutDroppedBytes=0; stderr=C:\Users\jimmy\Desktop\meta-bi\Samples\Demos\MetaOrchestrationHairballCliIntegration\Runs\hairball-seed-20260530\RunArtifacts\runs\20260603-164455_58ea81f88bba4eaa96d7f01695212642\logs\AuditHairball-21056.stderr.log; stderrBytes=0; stderrTruncated=False; stderrDroppedBytes=0
2026-06-03T16:45:54.6092038+00:00	WorkerLogSummary	BridgeL01L02	stdout=C:\Users\jimmy\Desktop\meta-bi\Samples\Demos\MetaOrchestrationHairballCliIntegration\Runs\hairball-seed-20260530\RunArtifacts\runs\20260603-164455_58ea81f88bba4eaa96d7f01695212642\logs\BridgeL01L02-27380.stdout.log; stdoutBytes=0; stdoutTruncated=False; stdoutDroppedBytes=0; stderr=C:\Users\jimmy\Desktop\meta-bi\Samples\Demos\MetaOrchestrationHairballCliIntegration\Runs\hairball-seed-20260530\RunArtifacts\runs\20260603-164455_58ea81f88bba4eaa96d7f01695212642\logs\BridgeL01L02-27380.stderr.log; stderrBytes=0; stderrTruncated=False; stderrDroppedBytes=0
2026-06-03T16:45:54.6096250+00:00	WorkerLogSummary	BridgeL03L04	stdout=C:\Users\jimmy\Desktop\meta-bi\Samples\Demos\MetaOrchestrationHairballCliIntegration\Runs\hairball-seed-20260530\RunArtifacts\runs\20260603-164455_58ea81f88bba4eaa96d7f01695212642\logs\BridgeL03L04-13068.stdout.log; stdoutBytes=0; stdoutTruncated=False; stdoutDroppedBytes=0; stderr=C:\Users\jimmy\Desktop\meta-bi\Samples\Demos\MetaOrchestrationHairballCliIntegration\Runs\hairball-seed-20260530\RunArtifacts\runs\20260603-164455_58ea81f88bba4eaa96d7f01695212642\logs\BridgeL03L04-13068.stderr.log; stderrBytes=0; stderrTruncated=False; stderrDroppedBytes=0
2026-06-03T16:45:54.6102862+00:00	WorkerLogSummary	BridgeL05L06	stdout=C:\Users\jimmy\Desktop\meta-bi\Samples\Demos\MetaOrchestrationHairballCliIntegration\Runs\hairball-seed-20260530\RunArtifacts\runs\20260603-164455_58ea81f88bba4eaa96d7f01695212642\logs\BridgeL05L06-31696.stdout.log; stdoutBytes=0; stdoutTruncated=False; stdoutDroppedBytes=0; stderr=C:\Users\jimmy\Desktop\meta-bi\Samples\Demos\MetaOrchestrationHairballCliIntegration\Runs\hairball-seed-20260530\RunArtifacts\runs\20260603-164455_58ea81f88bba4eaa96d7f01695212642\logs\BridgeL05L06-31696.stderr.log; stderrBytes=0; stderrTruncated=False; stderrDroppedBytes=0
2026-06-03T16:45:54.6106297+00:00	WorkerLogSummary	Layer01Node02	stdout=C:\Users\jimmy\Desktop\meta-bi\Samples\Demos\MetaOrchestrationHairballCliIntegration\Runs\hairball-seed-20260530\RunArtifacts\runs\20260603-164455_58ea81f88bba4eaa96d7f01695212642\logs\Layer01Node02-24032.stdout.log; stdoutBytes=0; stdoutTruncated=False; stdoutDroppedBytes=0; stderr=C:\Users\jimmy\Desktop\meta-bi\Samples\Demos\MetaOrchestrationHairballCliIntegration\Runs\hairball-seed-20260530\RunArtifacts\runs\20260603-164455_58ea81f88bba4eaa96d7f01695212642\logs\Layer01Node02-24032.stderr.log; stderrBytes=0; stderrTruncated=False; stderrDroppedBytes=0
2026-06-03T16:45:54.6110446+00:00	WorkerLogSummary	Layer01Node04	stdout=C:\Users\jimmy\Desktop\meta-bi\Samples\Demos\MetaOrchestrationHairballCliIntegration\Runs\hairball-seed-20260530\RunArtifacts\runs\20260603-164455_58ea81f88bba4eaa96d7f01695212642\logs\Layer01Node04-26700.stdout.log; stdoutBytes=0; stdoutTruncated=False; stdoutDroppedBytes=0; stderr=C:\Users\jimmy\Desktop\meta-bi\Samples\Demos\MetaOrchestrationHairballCliIntegration\Runs\hairball-seed-20260530\RunArtifacts\runs\20260603-164455_58ea81f88bba4eaa96d7f01695212642\logs\Layer01Node04-26700.stderr.log; stderrBytes=0; stderrTruncated=False; stderrDroppedBytes=0
2026-06-03T16:45:54.6113613+00:00	WorkerLogSummary	AuditHairball	stdout=C:\Users\jimmy\Desktop\meta-bi\Samples\Demos\MetaOrchestrationHairballCliIntegration\Runs\hairball-seed-20260530\RunArtifacts\runs\20260603-164455_58ea81f88bba4eaa96d7f01695212642\logs\AuditHairball-23304.stdout.log; stdoutBytes=0; stdoutTruncated=False; stdoutDroppedBytes=0; stderr=C:\Users\jimmy\Desktop\meta-bi\Samples\Demos\MetaOrchestrationHairballCliIntegration\Runs\hairball-seed-20260530\RunArtifacts\runs\20260603-164455_58ea81f88bba4eaa96d7f01695212642\logs\AuditHairball-23304.stderr.log; stderrBytes=0; stderrTruncated=False; stderrDroppedBytes=0
2026-06-03T16:45:54.6116653+00:00	WorkerLogSummary	Layer01Node03	stdout=C:\Users\jimmy\Desktop\meta-bi\Samples\Demos\MetaOrchestrationHairballCliIntegration\Runs\hairball-seed-20260530\RunArtifacts\runs\20260603-164455_58ea81f88bba4eaa96d7f01695212642\logs\Layer01Node03-7152.stdout.log; stdoutBytes=0; stdoutTruncated=False; stdoutDroppedBytes=0; stderr=C:\Users\jimmy\Desktop\meta-bi\Samples\Demos\MetaOrchestrationHairballCliIntegration\Runs\hairball-seed-20260530\RunArtifacts\runs\20260603-164455_58ea81f88bba4eaa96d7f01695212642\logs\Layer01Node03-7152.stderr.log; stderrBytes=0; stderrTruncated=False; stderrDroppedBytes=0
2026-06-03T16:45:54.6120037+00:00	WorkerLogSummary	Layer01Node05	stdout=C:\Users\jimmy\Desktop\meta-bi\Samples\Demos\MetaOrchestrationHairballCliIntegration\Runs\hairball-seed-20260530\RunArtifacts\runs\20260603-164455_58ea81f88bba4eaa96d7f01695212642\logs\Layer01Node05-28080.stdout.log; stdoutBytes=0; stdoutTruncated=False; stdoutDroppedBytes=0; stderr=C:\Users\jimmy\Desktop\meta-bi\Samples\Demos\MetaOrchestrationHairballCliIntegration\Runs\hairball-seed-20260530\RunArtifacts\runs\20260603-164455_58ea81f88bba4eaa96d7f01695212642\logs\Layer01Node05-28080.stderr.log; stderrBytes=0; stderrTruncated=False; stderrDroppedBytes=0
2026-06-03T16:45:54.6123010+00:00	WorkerLogSummary	Layer01Node09	stdout=C:\Users\jimmy\Desktop\meta-bi\Samples\Demos\MetaOrchestrationHairballCliIntegration\Runs\hairball-seed-20260530\RunArtifacts\runs\20260603-164455_58ea81f88bba4eaa96d7f01695212642\logs\Layer01Node09-30360.stdout.log; stdoutBytes=0; stdoutTruncated=False; stdoutDroppedBytes=0; stderr=C:\Users\jimmy\Desktop\meta-bi\Samples\Demos\MetaOrchestrationHairballCliIntegration\Runs\hairball-seed-20260530\RunArtifacts\runs\20260603-164455_58ea81f88bba4eaa96d7f01695212642\logs\Layer01Node09-30360.stderr.log; stderrBytes=0; stderrTruncated=False; stderrDroppedBytes=0
2026-06-03T16:45:54.6126016+00:00	WorkerLogSummary	AuditHairball	stdout=C:\Users\jimmy\Desktop\meta-bi\Samples\Demos\MetaOrchestrationHairballCliIntegration\Runs\hairball-seed-20260530\RunArtifacts\runs\20260603-164455_58ea81f88bba4eaa96d7f01695212642\logs\AuditHairball-22444.stdout.log; stdoutBytes=0; stdoutTruncated=False; stdoutDroppedBytes=0; stderr=C:\Users\jimmy\Desktop\meta-bi\Samples\Demos\MetaOrchestrationHairballCliIntegration\Runs\hairball-seed-20260530\RunArtifacts\runs\20260603-164455_58ea81f88bba4eaa96d7f01695212642\logs\AuditHairball-22444.stderr.log; stderrBytes=0; stderrTruncated=False; stderrDroppedBytes=0
2026-06-03T16:45:54.6130110+00:00	WorkerLogSummary	Layer01Node08	stdout=C:\Users\jimmy\Desktop\meta-bi\Samples\Demos\MetaOrchestrationHairballCliIntegration\Runs\hairball-seed-20260530\RunArtifacts\runs\20260603-164455_58ea81f88bba4eaa96d7f01695212642\logs\Layer01Node08-19216.stdout.log; stdoutBytes=0; stdoutTruncated=False; stdoutDroppedBytes=0; stderr=C:\Users\jimmy\Desktop\meta-bi\Samples\Demos\MetaOrchestrationHairballCliIntegration\Runs\hairball-seed-20260530\RunArtifacts\runs\20260603-164455_58ea81f88bba4eaa96d7f01695212642\logs\Layer01Node08-19216.stderr.log; stderrBytes=0; stderrTruncated=False; stderrDroppedBytes=0
2026-06-03T16:45:54.6134132+00:00	WorkerLogSummary	Layer01Hub	stdout=C:\Users\jimmy\Desktop\meta-bi\Samples\Demos\MetaOrchestrationHairballCliIntegration\Runs\hairball-seed-20260530\RunArtifacts\runs\20260603-164455_58ea81f88bba4eaa96d7f01695212642\logs\Layer01Hub-30760.stdout.log; stdoutBytes=0; stdoutTruncated=False; stdoutDroppedBytes=0; stderr=C:\Users\jimmy\Desktop\meta-bi\Samples\Demos\MetaOrchestrationHairballCliIntegration\Runs\hairball-seed-20260530\RunArtifacts\runs\20260603-164455_58ea81f88bba4eaa96d7f01695212642\logs\Layer01Hub-30760.stderr.log; stderrBytes=0; stderrTruncated=False; stderrDroppedBytes=0
2026-06-03T16:45:54.6138300+00:00	WorkerLogSummary	Layer02Node02	stdout=C:\Users\jimmy\Desktop\meta-bi\Samples\Demos\MetaOrchestrationHairballCliIntegration\Runs\hairball-seed-20260530\RunArtifacts\runs\20260603-164455_58ea81f88bba4eaa96d7f01695212642\logs\Layer02Node02-30812.stdout.log; stdoutBytes=0; stdoutTruncated=False; stdoutDroppedBytes=0; stderr=C:\Users\jimmy\Desktop\meta-bi\Samples\Demos\MetaOrchestrationHairballCliIntegration\Runs\hairball-seed-20260530\RunArtifacts\runs\20260603-164455_58ea81f88bba4eaa96d7f01695212642\logs\Layer02Node02-30812.stderr.log; stderrBytes=0; stderrTruncated=False; stderrDroppedBytes=0
2026-06-03T16:45:54.6143878+00:00	WorkerLogSummary	Layer02Node01	stdout=C:\Users\jimmy\Desktop\meta-bi\Samples\Demos\MetaOrchestrationHairballCliIntegration\Runs\hairball-seed-20260530\RunArtifacts\runs\20260603-164455_58ea81f88bba4eaa96d7f01695212642\logs\Layer02Node01-27840.stdout.log; stdoutBytes=0; stdoutTruncated=False; stdoutDroppedBytes=0; stderr=C:\Users\jimmy\Desktop\meta-bi\Samples\Demos\MetaOrchestrationHairballCliIntegration\Runs\hairball-seed-20260530\RunArtifacts\runs\20260603-164455_58ea81f88bba4eaa96d7f01695212642\logs\Layer02Node01-27840.stderr.log; stderrBytes=0; stderrTruncated=False; stderrDroppedBytes=0
2026-06-03T16:45:54.6147982+00:00	WorkerLogSummary	Layer02Node04	stdout=C:\Users\jimmy\Desktop\meta-bi\Samples\Demos\MetaOrchestrationHairballCliIntegration\Runs\hairball-seed-20260530\RunArtifacts\runs\20260603-164455_58ea81f88bba4eaa96d7f01695212642\logs\Layer02Node04-26384.stdout.log; stdoutBytes=0; stdoutTruncated=False; stdoutDroppedBytes=0; stderr=C:\Users\jimmy\Desktop\meta-bi\Samples\Demos\MetaOrchestrationHairballCliIntegration\Runs\hairball-seed-20260530\RunArtifacts\runs\20260603-164455_58ea81f88bba4eaa96d7f01695212642\logs\Layer02Node04-26384.stderr.log; stderrBytes=0; stderrTruncated=False; stderrDroppedBytes=0
2026-06-03T16:45:54.6152291+00:00	WorkerLogSummary	Layer02Node05	stdout=C:\Users\jimmy\Desktop\meta-bi\Samples\Demos\MetaOrchestrationHairballCliIntegration\Runs\hairball-seed-20260530\RunArtifacts\runs\20260603-164455_58ea81f88bba4eaa96d7f01695212642\logs\Layer02Node05-25880.stdout.log; stdoutBytes=0; stdoutTruncated=False; stdoutDroppedBytes=0; stderr=C:\Users\jimmy\Desktop\meta-bi\Samples\Demos\MetaOrchestrationHairballCliIntegration\Runs\hairball-seed-20260530\RunArtifacts\runs\20260603-164455_58ea81f88bba4eaa96d7f01695212642\logs\Layer02Node05-25880.stderr.log; stderrBytes=0; stderrTruncated=False; stderrDroppedBytes=0
2026-06-03T16:45:54.6156794+00:00	WorkerLogSummary	Layer02Node06	stdout=C:\Users\jimmy\Desktop\meta-bi\Samples\Demos\MetaOrchestrationHairballCliIntegration\Runs\hairball-seed-20260530\RunArtifacts\runs\20260603-164455_58ea81f88bba4eaa96d7f01695212642\logs\Layer02Node06-28484.stdout.log; stdoutBytes=0; stdoutTruncated=False; stdoutDroppedBytes=0; stderr=C:\Users\jimmy\Desktop\meta-bi\Samples\Demos\MetaOrchestrationHairballCliIntegration\Runs\hairball-seed-20260530\RunArtifacts\runs\20260603-164455_58ea81f88bba4eaa96d7f01695212642\logs\Layer02Node06-28484.stderr.log; stderrBytes=0; stderrTruncated=False; stderrDroppedBytes=0
2026-06-03T16:45:54.6161081+00:00	WorkerLogSummary	Layer02Node07	stdout=C:\Users\jimmy\Desktop\meta-bi\Samples\Demos\MetaOrchestrationHairballCliIntegration\Runs\hairball-seed-20260530\RunArtifacts\runs\20260603-164455_58ea81f88bba4eaa96d7f01695212642\logs\Layer02Node07-22392.stdout.log; stdoutBytes=0; stdoutTruncated=False; stdoutDroppedBytes=0; stderr=C:\Users\jimmy\Desktop\meta-bi\Samples\Demos\MetaOrchestrationHairballCliIntegration\Runs\hairball-seed-20260530\RunArtifacts\runs\20260603-164455_58ea81f88bba4eaa96d7f01695212642\logs\Layer02Node07-22392.stderr.log; stderrBytes=0; stderrTruncated=False; stderrDroppedBytes=0
2026-06-03T16:45:54.6165151+00:00	WorkerLogSummary	Layer02Node08	stdout=C:\Users\jimmy\Desktop\meta-bi\Samples\Demos\MetaOrchestrationHairballCliIntegration\Runs\hairball-seed-20260530\RunArtifacts\runs\20260603-164455_58ea81f88bba4eaa96d7f01695212642\logs\Layer02Node08-27388.stdout.log; stdoutBytes=0; stdoutTruncated=False; stdoutDroppedBytes=0; stderr=C:\Users\jimmy\Desktop\meta-bi\Samples\Demos\MetaOrchestrationHairballCliIntegration\Runs\hairball-seed-20260530\RunArtifacts\runs\20260603-164455_58ea81f88bba4eaa96d7f01695212642\logs\Layer02Node08-27388.stderr.log; stderrBytes=0; stderrTruncated=False; stderrDroppedBytes=0
2026-06-03T16:45:54.6169227+00:00	WorkerLogSummary	Layer03Node02	stdout=C:\Users\jimmy\Desktop\meta-bi\Samples\Demos\MetaOrchestrationHairballCliIntegration\Runs\hairball-seed-20260530\RunArtifacts\runs\20260603-164455_58ea81f88bba4eaa96d7f01695212642\logs\Layer03Node02-26596.stdout.log; stdoutBytes=0; stdoutTruncated=False; stdoutDroppedBytes=0; stderr=C:\Users\jimmy\Desktop\meta-bi\Samples\Demos\MetaOrchestrationHairballCliIntegration\Runs\hairball-seed-20260530\RunArtifacts\runs\20260603-164455_58ea81f88bba4eaa96d7f01695212642\logs\Layer03Node02-26596.stderr.log; stderrBytes=0; stderrTruncated=False; stderrDroppedBytes=0
2026-06-03T16:45:54.6175077+00:00	WorkerLogSummary	Layer02Hub	stdout=C:\Users\jimmy\Desktop\meta-bi\Samples\Demos\MetaOrchestrationHairballCliIntegration\Runs\hairball-seed-20260530\RunArtifacts\runs\20260603-164455_58ea81f88bba4eaa96d7f01695212642\logs\Layer02Hub-7056.stdout.log; stdoutBytes=0; stdoutTruncated=False; stdoutDroppedBytes=0; stderr=C:\Users\jimmy\Desktop\meta-bi\Samples\Demos\MetaOrchestrationHairballCliIntegration\Runs\hairball-seed-20260530\RunArtifacts\runs\20260603-164455_58ea81f88bba4eaa96d7f01695212642\logs\Layer02Hub-7056.stderr.log; stderrBytes=0; stderrTruncated=False; stderrDroppedBytes=0
2026-06-03T16:45:54.6179157+00:00	WorkerLogSummary	Layer03Node03	stdout=C:\Users\jimmy\Desktop\meta-bi\Samples\Demos\MetaOrchestrationHairballCliIntegration\Runs\hairball-seed-20260530\RunArtifacts\runs\20260603-164455_58ea81f88bba4eaa96d7f01695212642\logs\Layer03Node03-28144.stdout.log; stdoutBytes=0; stdoutTruncated=False; stdoutDroppedBytes=0; stderr=C:\Users\jimmy\Desktop\meta-bi\Samples\Demos\MetaOrchestrationHairballCliIntegration\Runs\hairball-seed-20260530\RunArtifacts\runs\20260603-164455_58ea81f88bba4eaa96d7f01695212642\logs\Layer03Node03-28144.stderr.log; stderrBytes=0; stderrTruncated=False; stderrDroppedBytes=0
2026-06-03T16:45:54.6183114+00:00	WorkerLogSummary	BridgeL01L02	stdout=C:\Users\jimmy\Desktop\meta-bi\Samples\Demos\MetaOrchestrationHairballCliIntegration\Runs\hairball-seed-20260530\RunArtifacts\runs\20260603-164455_58ea81f88bba4eaa96d7f01695212642\logs\BridgeL01L02-28544.stdout.log; stdoutBytes=0; stdoutTruncated=False; stdoutDroppedBytes=0; stderr=C:\Users\jimmy\Desktop\meta-bi\Samples\Demos\MetaOrchestrationHairballCliIntegration\Runs\hairball-seed-20260530\RunArtifacts\runs\20260603-164455_58ea81f88bba4eaa96d7f01695212642\logs\BridgeL01L02-28544.stderr.log; stderrBytes=0; stderrTruncated=False; stderrDroppedBytes=0
2026-06-03T16:45:54.6187442+00:00	WorkerLogSummary	Layer03Node01	stdout=C:\Users\jimmy\Desktop\meta-bi\Samples\Demos\MetaOrchestrationHairballCliIntegration\Runs\hairball-seed-20260530\RunArtifacts\runs\20260603-164455_58ea81f88bba4eaa96d7f01695212642\logs\Layer03Node01-27408.stdout.log; stdoutBytes=0; stdoutTruncated=False; stdoutDroppedBytes=0; stderr=C:\Users\jimmy\Desktop\meta-bi\Samples\Demos\MetaOrchestrationHairballCliIntegration\Runs\hairball-seed-20260530\RunArtifacts\runs\20260603-164455_58ea81f88bba4eaa96d7f01695212642\logs\Layer03Node01-27408.stderr.log; stderrBytes=0; stderrTruncated=False; stderrDroppedBytes=0
2026-06-03T16:45:54.6191546+00:00	WorkerLogSummary	Layer03Node06	stdout=C:\Users\jimmy\Desktop\meta-bi\Samples\Demos\MetaOrchestrationHairballCliIntegration\Runs\hairball-seed-20260530\RunArtifacts\runs\20260603-164455_58ea81f88bba4eaa96d7f01695212642\logs\Layer03Node06-20492.stdout.log; stdoutBytes=0; stdoutTruncated=False; stdoutDroppedBytes=0; stderr=C:\Users\jimmy\Desktop\meta-bi\Samples\Demos\MetaOrchestrationHairballCliIntegration\Runs\hairball-seed-20260530\RunArtifacts\runs\20260603-164455_58ea81f88bba4eaa96d7f01695212642\logs\Layer03Node06-20492.stderr.log; stderrBytes=0; stderrTruncated=False; stderrDroppedBytes=0
2026-06-03T16:45:54.6196202+00:00	WorkerLogSummary	Layer03Node04	stdout=C:\Users\jimmy\Desktop\meta-bi\Samples\Demos\MetaOrchestrationHairballCliIntegration\Runs\hairball-seed-20260530\RunArtifacts\runs\20260603-164455_58ea81f88bba4eaa96d7f01695212642\logs\Layer03Node04-22120.stdout.log; stdoutBytes=0; stdoutTruncated=False; stdoutDroppedBytes=0; stderr=C:\Users\jimmy\Desktop\meta-bi\Samples\Demos\MetaOrchestrationHairballCliIntegration\Runs\hairball-seed-20260530\RunArtifacts\runs\20260603-164455_58ea81f88bba4eaa96d7f01695212642\logs\Layer03Node04-22120.stderr.log; stderrBytes=0; stderrTruncated=False; stderrDroppedBytes=0
2026-06-03T16:45:54.6200698+00:00	WorkerLogSummary	Layer03Node05	stdout=C:\Users\jimmy\Desktop\meta-bi\Samples\Demos\MetaOrchestrationHairballCliIntegration\Runs\hairball-seed-20260530\RunArtifacts\runs\20260603-164455_58ea81f88bba4eaa96d7f01695212642\logs\Layer03Node05-29712.stdout.log; stdoutBytes=0; stdoutTruncated=False; stdoutDroppedBytes=0; stderr=C:\Users\jimmy\Desktop\meta-bi\Samples\Demos\MetaOrchestrationHairballCliIntegration\Runs\hairball-seed-20260530\RunArtifacts\runs\20260603-164455_58ea81f88bba4eaa96d7f01695212642\logs\Layer03Node05-29712.stderr.log; stderrBytes=0; stderrTruncated=False; stderrDroppedBytes=0
2026-06-03T16:45:54.6205495+00:00	WorkerLogSummary	Layer03Node07	stdout=C:\Users\jimmy\Desktop\meta-bi\Samples\Demos\MetaOrchestrationHairballCliIntegration\Runs\hairball-seed-20260530\RunArtifacts\runs\20260603-164455_58ea81f88bba4eaa96d7f01695212642\logs\Layer03Node07-19680.stdout.log; stdoutBytes=0; stdoutTruncated=False; stdoutDroppedBytes=0; stderr=C:\Users\jimmy\Desktop\meta-bi\Samples\Demos\MetaOrchestrationHairballCliIntegration\Runs\hairball-seed-20260530\RunArtifacts\runs\20260603-164455_58ea81f88bba4eaa96d7f01695212642\logs\Layer03Node07-19680.stderr.log; stderrBytes=0; stderrTruncated=False; stderrDroppedBytes=0
2026-06-03T16:45:54.6209718+00:00	WorkerLogSummary	Layer03Node08	stdout=C:\Users\jimmy\Desktop\meta-bi\Samples\Demos\MetaOrchestrationHairballCliIntegration\Runs\hairball-seed-20260530\RunArtifacts\runs\20260603-164455_58ea81f88bba4eaa96d7f01695212642\logs\Layer03Node08-30112.stdout.log; stdoutBytes=0; stdoutTruncated=False; stdoutDroppedBytes=0; stderr=C:\Users\jimmy\Desktop\meta-bi\Samples\Demos\MetaOrchestrationHairballCliIntegration\Runs\hairball-seed-20260530\RunArtifacts\runs\20260603-164455_58ea81f88bba4eaa96d7f01695212642\logs\Layer03Node08-30112.stderr.log; stderrBytes=0; stderrTruncated=False; stderrDroppedBytes=0
2026-06-03T16:45:54.6214493+00:00	WorkerLogSummary	Layer03Hub	stdout=C:\Users\jimmy\Desktop\meta-bi\Samples\Demos\MetaOrchestrationHairballCliIntegration\Runs\hairball-seed-20260530\RunArtifacts\runs\20260603-164455_58ea81f88bba4eaa96d7f01695212642\logs\Layer03Hub-29848.stdout.log; stdoutBytes=0; stdoutTruncated=False; stdoutDroppedBytes=0; stderr=C:\Users\jimmy\Desktop\meta-bi\Samples\Demos\MetaOrchestrationHairballCliIntegration\Runs\hairball-seed-20260530\RunArtifacts\runs\20260603-164455_58ea81f88bba4eaa96d7f01695212642\logs\Layer03Hub-29848.stderr.log; stderrBytes=0; stderrTruncated=False; stderrDroppedBytes=0
2026-06-03T16:45:54.6219005+00:00	WorkerLogSummary	Layer03Node10	stdout=C:\Users\jimmy\Desktop\meta-bi\Samples\Demos\MetaOrchestrationHairballCliIntegration\Runs\hairball-seed-20260530\RunArtifacts\runs\20260603-164455_58ea81f88bba4eaa96d7f01695212642\logs\Layer03Node10-30704.stdout.log; stdoutBytes=0; stdoutTruncated=False; stdoutDroppedBytes=0; stderr=C:\Users\jimmy\Desktop\meta-bi\Samples\Demos\MetaOrchestrationHairballCliIntegration\Runs\hairball-seed-20260530\RunArtifacts\runs\20260603-164455_58ea81f88bba4eaa96d7f01695212642\logs\Layer03Node10-30704.stderr.log; stderrBytes=0; stderrTruncated=False; stderrDroppedBytes=0
2026-06-03T16:45:54.6223202+00:00	WorkerLogSummary	Layer04Node01	stdout=C:\Users\jimmy\Desktop\meta-bi\Samples\Demos\MetaOrchestrationHairballCliIntegration\Runs\hairball-seed-20260530\RunArtifacts\runs\20260603-164455_58ea81f88bba4eaa96d7f01695212642\logs\Layer04Node01-23012.stdout.log; stdoutBytes=0; stdoutTruncated=False; stdoutDroppedBytes=0; stderr=C:\Users\jimmy\Desktop\meta-bi\Samples\Demos\MetaOrchestrationHairballCliIntegration\Runs\hairball-seed-20260530\RunArtifacts\runs\20260603-164455_58ea81f88bba4eaa96d7f01695212642\logs\Layer04Node01-23012.stderr.log; stderrBytes=0; stderrTruncated=False; stderrDroppedBytes=0
2026-06-03T16:45:54.6228041+00:00	WorkerLogSummary	Layer04Node02	stdout=C:\Users\jimmy\Desktop\meta-bi\Samples\Demos\MetaOrchestrationHairballCliIntegration\Runs\hairball-seed-20260530\RunArtifacts\runs\20260603-164455_58ea81f88bba4eaa96d7f01695212642\logs\Layer04Node02-27024.stdout.log; stdoutBytes=0; stdoutTruncated=False; stdoutDroppedBytes=0; stderr=C:\Users\jimmy\Desktop\meta-bi\Samples\Demos\MetaOrchestrationHairballCliIntegration\Runs\hairball-seed-20260530\RunArtifacts\runs\20260603-164455_58ea81f88bba4eaa96d7f01695212642\logs\Layer04Node02-27024.stderr.log; stderrBytes=0; stderrTruncated=False; stderrDroppedBytes=0
2026-06-03T16:45:54.6233966+00:00	WorkerLogSummary	Layer04Node03	stdout=C:\Users\jimmy\Desktop\meta-bi\Samples\Demos\MetaOrchestrationHairballCliIntegration\Runs\hairball-seed-20260530\RunArtifacts\runs\20260603-164455_58ea81f88bba4eaa96d7f01695212642\logs\Layer04Node03-26484.stdout.log; stdoutBytes=0; stdoutTruncated=False; stdoutDroppedBytes=0; stderr=C:\Users\jimmy\Desktop\meta-bi\Samples\Demos\MetaOrchestrationHairballCliIntegration\Runs\hairball-seed-20260530\RunArtifacts\runs\20260603-164455_58ea81f88bba4eaa96d7f01695212642\logs\Layer04Node03-26484.stderr.log; stderrBytes=0; stderrTruncated=False; stderrDroppedBytes=0
2026-06-03T16:45:54.6238542+00:00	WorkerLogSummary	Layer04Node04	stdout=C:\Users\jimmy\Desktop\meta-bi\Samples\Demos\MetaOrchestrationHairballCliIntegration\Runs\hairball-seed-20260530\RunArtifacts\runs\20260603-164455_58ea81f88bba4eaa96d7f01695212642\logs\Layer04Node04-27812.stdout.log; stdoutBytes=0; stdoutTruncated=False; stdoutDroppedBytes=0; stderr=C:\Users\jimmy\Desktop\meta-bi\Samples\Demos\MetaOrchestrationHairballCliIntegration\Runs\hairball-seed-20260530\RunArtifacts\runs\20260603-164455_58ea81f88bba4eaa96d7f01695212642\logs\Layer04Node04-27812.stderr.log; stderrBytes=0; stderrTruncated=False; stderrDroppedBytes=0
2026-06-03T16:45:54.6243110+00:00	WorkerLogSummary	Layer04Node05	stdout=C:\Users\jimmy\Desktop\meta-bi\Samples\Demos\MetaOrchestrationHairballCliIntegration\Runs\hairball-seed-20260530\RunArtifacts\runs\20260603-164455_58ea81f88bba4eaa96d7f01695212642\logs\Layer04Node05-28064.stdout.log; stdoutBytes=0; stdoutTruncated=False; stdoutDroppedBytes=0; stderr=C:\Users\jimmy\Desktop\meta-bi\Samples\Demos\MetaOrchestrationHairballCliIntegration\Runs\hairball-seed-20260530\RunArtifacts\runs\20260603-164455_58ea81f88bba4eaa96d7f01695212642\logs\Layer04Node05-28064.stderr.log; stderrBytes=0; stderrTruncated=False; stderrDroppedBytes=0
2026-06-03T16:45:54.6248085+00:00	WorkerLogSummary	Layer04Node06	stdout=C:\Users\jimmy\Desktop\meta-bi\Samples\Demos\MetaOrchestrationHairballCliIntegration\Runs\hairball-seed-20260530\RunArtifacts\runs\20260603-164455_58ea81f88bba4eaa96d7f01695212642\logs\Layer04Node06-30880.stdout.log; stdoutBytes=0; stdoutTruncated=False; stdoutDroppedBytes=0; stderr=C:\Users\jimmy\Desktop\meta-bi\Samples\Demos\MetaOrchestrationHairballCliIntegration\Runs\hairball-seed-20260530\RunArtifacts\runs\20260603-164455_58ea81f88bba4eaa96d7f01695212642\logs\Layer04Node06-30880.stderr.log; stderrBytes=0; stderrTruncated=False; stderrDroppedBytes=0
2026-06-03T16:45:54.6252664+00:00	WorkerLogSummary	Layer04Node07	stdout=C:\Users\jimmy\Desktop\meta-bi\Samples\Demos\MetaOrchestrationHairballCliIntegration\Runs\hairball-seed-20260530\RunArtifacts\runs\20260603-164455_58ea81f88bba4eaa96d7f01695212642\logs\Layer04Node07-15704.stdout.log; stdoutBytes=0; stdoutTruncated=False; stdoutDroppedBytes=0; stderr=C:\Users\jimmy\Desktop\meta-bi\Samples\Demos\MetaOrchestrationHairballCliIntegration\Runs\hairball-seed-20260530\RunArtifacts\runs\20260603-164455_58ea81f88bba4eaa96d7f01695212642\logs\Layer04Node07-15704.stderr.log; stderrBytes=0; stderrTruncated=False; stderrDroppedBytes=0
2026-06-03T16:45:54.6257310+00:00	WorkerLogSummary	Layer04Node08	stdout=C:\Users\jimmy\Desktop\meta-bi\Samples\Demos\MetaOrchestrationHairballCliIntegration\Runs\hairball-seed-20260530\RunArtifacts\runs\20260603-164455_58ea81f88bba4eaa96d7f01695212642\logs\Layer04Node08-18440.stdout.log; stdoutBytes=0; stdoutTruncated=False; stdoutDroppedBytes=0; stderr=C:\Users\jimmy\Desktop\meta-bi\Samples\Demos\MetaOrchestrationHairballCliIntegration\Runs\hairball-seed-20260530\RunArtifacts\runs\20260603-164455_58ea81f88bba4eaa96d7f01695212642\logs\Layer04Node08-18440.stderr.log; stderrBytes=0; stderrTruncated=False; stderrDroppedBytes=0
2026-06-03T16:45:54.6262223+00:00	WorkerLogSummary	Layer04Node09	stdout=C:\Users\jimmy\Desktop\meta-bi\Samples\Demos\MetaOrchestrationHairballCliIntegration\Runs\hairball-seed-20260530\RunArtifacts\runs\20260603-164455_58ea81f88bba4eaa96d7f01695212642\logs\Layer04Node09-28328.stdout.log; stdoutBytes=0; stdoutTruncated=False; stdoutDroppedBytes=0; stderr=C:\Users\jimmy\Desktop\meta-bi\Samples\Demos\MetaOrchestrationHairballCliIntegration\Runs\hairball-seed-20260530\RunArtifacts\runs\20260603-164455_58ea81f88bba4eaa96d7f01695212642\logs\Layer04Node09-28328.stderr.log; stderrBytes=0; stderrTruncated=False; stderrDroppedBytes=0
2026-06-03T16:45:54.6266692+00:00	WorkerLogSummary	Layer05Node02	stdout=C:\Users\jimmy\Desktop\meta-bi\Samples\Demos\MetaOrchestrationHairballCliIntegration\Runs\hairball-seed-20260530\RunArtifacts\runs\20260603-164455_58ea81f88bba4eaa96d7f01695212642\logs\Layer05Node02-24384.stdout.log; stdoutBytes=0; stdoutTruncated=False; stdoutDroppedBytes=0; stderr=C:\Users\jimmy\Desktop\meta-bi\Samples\Demos\MetaOrchestrationHairballCliIntegration\Runs\hairball-seed-20260530\RunArtifacts\runs\20260603-164455_58ea81f88bba4eaa96d7f01695212642\logs\Layer05Node02-24384.stderr.log; stderrBytes=0; stderrTruncated=False; stderrDroppedBytes=0
2026-06-03T16:45:54.6271643+00:00	WorkerLogSummary	Layer04Hub	stdout=C:\Users\jimmy\Desktop\meta-bi\Samples\Demos\MetaOrchestrationHairballCliIntegration\Runs\hairball-seed-20260530\RunArtifacts\runs\20260603-164455_58ea81f88bba4eaa96d7f01695212642\logs\Layer04Hub-7632.stdout.log; stdoutBytes=0; stdoutTruncated=False; stdoutDroppedBytes=0; stderr=C:\Users\jimmy\Desktop\meta-bi\Samples\Demos\MetaOrchestrationHairballCliIntegration\Runs\hairball-seed-20260530\RunArtifacts\runs\20260603-164455_58ea81f88bba4eaa96d7f01695212642\logs\Layer04Hub-7632.stderr.log; stderrBytes=0; stderrTruncated=False; stderrDroppedBytes=0
2026-06-03T16:45:54.6277011+00:00	WorkerLogSummary	Layer05Node03	stdout=C:\Users\jimmy\Desktop\meta-bi\Samples\Demos\MetaOrchestrationHairballCliIntegration\Runs\hairball-seed-20260530\RunArtifacts\runs\20260603-164455_58ea81f88bba4eaa96d7f01695212642\logs\Layer05Node03-6592.stdout.log; stdoutBytes=0; stdoutTruncated=False; stdoutDroppedBytes=0; stderr=C:\Users\jimmy\Desktop\meta-bi\Samples\Demos\MetaOrchestrationHairballCliIntegration\Runs\hairball-seed-20260530\RunArtifacts\runs\20260603-164455_58ea81f88bba4eaa96d7f01695212642\logs\Layer05Node03-6592.stderr.log; stderrBytes=0; stderrTruncated=False; stderrDroppedBytes=0
2026-06-03T16:45:54.6281516+00:00	WorkerLogSummary	BridgeL03L04	stdout=C:\Users\jimmy\Desktop\meta-bi\Samples\Demos\MetaOrchestrationHairballCliIntegration\Runs\hairball-seed-20260530\RunArtifacts\runs\20260603-164455_58ea81f88bba4eaa96d7f01695212642\logs\BridgeL03L04-31688.stdout.log; stdoutBytes=0; stdoutTruncated=False; stdoutDroppedBytes=0; stderr=C:\Users\jimmy\Desktop\meta-bi\Samples\Demos\MetaOrchestrationHairballCliIntegration\Runs\hairball-seed-20260530\RunArtifacts\runs\20260603-164455_58ea81f88bba4eaa96d7f01695212642\logs\BridgeL03L04-31688.stderr.log; stderrBytes=0; stderrTruncated=False; stderrDroppedBytes=0
2026-06-03T16:45:54.6286264+00:00	WorkerLogSummary	Layer05Node04	stdout=C:\Users\jimmy\Desktop\meta-bi\Samples\Demos\MetaOrchestrationHairballCliIntegration\Runs\hairball-seed-20260530\RunArtifacts\runs\20260603-164455_58ea81f88bba4eaa96d7f01695212642\logs\Layer05Node04-30516.stdout.log; stdoutBytes=0; stdoutTruncated=False; stdoutDroppedBytes=0; stderr=C:\Users\jimmy\Desktop\meta-bi\Samples\Demos\MetaOrchestrationHairballCliIntegration\Runs\hairball-seed-20260530\RunArtifacts\runs\20260603-164455_58ea81f88bba4eaa96d7f01695212642\logs\Layer05Node04-30516.stderr.log; stderrBytes=0; stderrTruncated=False; stderrDroppedBytes=0
2026-06-03T16:45:54.6291306+00:00	WorkerLogSummary	Layer05Node07	stdout=C:\Users\jimmy\Desktop\meta-bi\Samples\Demos\MetaOrchestrationHairballCliIntegration\Runs\hairball-seed-20260530\RunArtifacts\runs\20260603-164455_58ea81f88bba4eaa96d7f01695212642\logs\Layer05Node07-31276.stdout.log; stdoutBytes=0; stdoutTruncated=False; stdoutDroppedBytes=0; stderr=C:\Users\jimmy\Desktop\meta-bi\Samples\Demos\MetaOrchestrationHairballCliIntegration\Runs\hairball-seed-20260530\RunArtifacts\runs\20260603-164455_58ea81f88bba4eaa96d7f01695212642\logs\Layer05Node07-31276.stderr.log; stderrBytes=0; stderrTruncated=False; stderrDroppedBytes=0
2026-06-03T16:45:54.6297011+00:00	WorkerLogSummary	Layer05Node01	stdout=C:\Users\jimmy\Desktop\meta-bi\Samples\Demos\MetaOrchestrationHairballCliIntegration\Runs\hairball-seed-20260530\RunArtifacts\runs\20260603-164455_58ea81f88bba4eaa96d7f01695212642\logs\Layer05Node01-24140.stdout.log; stdoutBytes=0; stdoutTruncated=False; stdoutDroppedBytes=0; stderr=C:\Users\jimmy\Desktop\meta-bi\Samples\Demos\MetaOrchestrationHairballCliIntegration\Runs\hairball-seed-20260530\RunArtifacts\runs\20260603-164455_58ea81f88bba4eaa96d7f01695212642\logs\Layer05Node01-24140.stderr.log; stderrBytes=0; stderrTruncated=False; stderrDroppedBytes=0
2026-06-03T16:45:54.6302171+00:00	WorkerLogSummary	Layer05Node05	stdout=C:\Users\jimmy\Desktop\meta-bi\Samples\Demos\MetaOrchestrationHairballCliIntegration\Runs\hairball-seed-20260530\RunArtifacts\runs\20260603-164455_58ea81f88bba4eaa96d7f01695212642\logs\Layer05Node05-20268.stdout.log; stdoutBytes=0; stdoutTruncated=False; stdoutDroppedBytes=0; stderr=C:\Users\jimmy\Desktop\meta-bi\Samples\Demos\MetaOrchestrationHairballCliIntegration\Runs\hairball-seed-20260530\RunArtifacts\runs\20260603-164455_58ea81f88bba4eaa96d7f01695212642\logs\Layer05Node05-20268.stderr.log; stderrBytes=0; stderrTruncated=False; stderrDroppedBytes=0
2026-06-03T16:45:54.6307253+00:00	WorkerLogSummary	BridgeL07L08	stdout=C:\Users\jimmy\Desktop\meta-bi\Samples\Demos\MetaOrchestrationHairballCliIntegration\Runs\hairball-seed-20260530\RunArtifacts\runs\20260603-164455_58ea81f88bba4eaa96d7f01695212642\logs\BridgeL07L08-29864.stdout.log; stdoutBytes=0; stdoutTruncated=False; stdoutDroppedBytes=0; stderr=C:\Users\jimmy\Desktop\meta-bi\Samples\Demos\MetaOrchestrationHairballCliIntegration\Runs\hairball-seed-20260530\RunArtifacts\runs\20260603-164455_58ea81f88bba4eaa96d7f01695212642\logs\BridgeL07L08-29864.stderr.log; stderrBytes=0; stderrTruncated=False; stderrDroppedBytes=0
2026-06-03T16:45:54.6312054+00:00	WorkerLogSummary	Layer05Node06	stdout=C:\Users\jimmy\Desktop\meta-bi\Samples\Demos\MetaOrchestrationHairballCliIntegration\Runs\hairball-seed-20260530\RunArtifacts\runs\20260603-164455_58ea81f88bba4eaa96d7f01695212642\logs\Layer05Node06-30888.stdout.log; stdoutBytes=0; stdoutTruncated=False; stdoutDroppedBytes=0; stderr=C:\Users\jimmy\Desktop\meta-bi\Samples\Demos\MetaOrchestrationHairballCliIntegration\Runs\hairball-seed-20260530\RunArtifacts\runs\20260603-164455_58ea81f88bba4eaa96d7f01695212642\logs\Layer05Node06-30888.stderr.log; stderrBytes=0; stderrTruncated=False; stderrDroppedBytes=0
2026-06-03T16:45:54.6317204+00:00	WorkerLogSummary	Layer05Node08	stdout=C:\Users\jimmy\Desktop\meta-bi\Samples\Demos\MetaOrchestrationHairballCliIntegration\Runs\hairball-seed-20260530\RunArtifacts\runs\20260603-164455_58ea81f88bba4eaa96d7f01695212642\logs\Layer05Node08-24456.stdout.log; stdoutBytes=0; stdoutTruncated=False; stdoutDroppedBytes=0; stderr=C:\Users\jimmy\Desktop\meta-bi\Samples\Demos\MetaOrchestrationHairballCliIntegration\Runs\hairball-seed-20260530\RunArtifacts\runs\20260603-164455_58ea81f88bba4eaa96d7f01695212642\logs\Layer05Node08-24456.stderr.log; stderrBytes=0; stderrTruncated=False; stderrDroppedBytes=0
2026-06-03T16:45:54.6321813+00:00	WorkerLogSummary	Layer06Node01	stdout=C:\Users\jimmy\Desktop\meta-bi\Samples\Demos\MetaOrchestrationHairballCliIntegration\Runs\hairball-seed-20260530\RunArtifacts\runs\20260603-164455_58ea81f88bba4eaa96d7f01695212642\logs\Layer06Node01-30368.stdout.log; stdoutBytes=0; stdoutTruncated=False; stdoutDroppedBytes=0; stderr=C:\Users\jimmy\Desktop\meta-bi\Samples\Demos\MetaOrchestrationHairballCliIntegration\Runs\hairball-seed-20260530\RunArtifacts\runs\20260603-164455_58ea81f88bba4eaa96d7f01695212642\logs\Layer06Node01-30368.stderr.log; stderrBytes=0; stderrTruncated=False; stderrDroppedBytes=0
2026-06-03T16:45:54.6327460+00:00	WorkerLogSummary	Layer05Hub	stdout=C:\Users\jimmy\Desktop\meta-bi\Samples\Demos\MetaOrchestrationHairballCliIntegration\Runs\hairball-seed-20260530\RunArtifacts\runs\20260603-164455_58ea81f88bba4eaa96d7f01695212642\logs\Layer05Hub-29860.stdout.log; stdoutBytes=0; stdoutTruncated=False; stdoutDroppedBytes=0; stderr=C:\Users\jimmy\Desktop\meta-bi\Samples\Demos\MetaOrchestrationHairballCliIntegration\Runs\hairball-seed-20260530\RunArtifacts\runs\20260603-164455_58ea81f88bba4eaa96d7f01695212642\logs\Layer05Hub-29860.stderr.log; stderrBytes=0; stderrTruncated=False; stderrDroppedBytes=0
2026-06-03T16:45:54.6332500+00:00	WorkerLogSummary	Layer06Node02	stdout=C:\Users\jimmy\Desktop\meta-bi\Samples\Demos\MetaOrchestrationHairballCliIntegration\Runs\hairball-seed-20260530\RunArtifacts\runs\20260603-164455_58ea81f88bba4eaa96d7f01695212642\logs\Layer06Node02-30928.stdout.log; stdoutBytes=0; stdoutTruncated=False; stdoutDroppedBytes=0; stderr=C:\Users\jimmy\Desktop\meta-bi\Samples\Demos\MetaOrchestrationHairballCliIntegration\Runs\hairball-seed-20260530\RunArtifacts\runs\20260603-164455_58ea81f88bba4eaa96d7f01695212642\logs\Layer06Node02-30928.stderr.log; stderrBytes=0; stderrTruncated=False; stderrDroppedBytes=0
2026-06-03T16:45:54.6337362+00:00	WorkerLogSummary	BridgeL05L06	stdout=C:\Users\jimmy\Desktop\meta-bi\Samples\Demos\MetaOrchestrationHairballCliIntegration\Runs\hairball-seed-20260530\RunArtifacts\runs\20260603-164455_58ea81f88bba4eaa96d7f01695212642\logs\BridgeL05L06-29192.stdout.log; stdoutBytes=0; stdoutTruncated=False; stdoutDroppedBytes=0; stderr=C:\Users\jimmy\Desktop\meta-bi\Samples\Demos\MetaOrchestrationHairballCliIntegration\Runs\hairball-seed-20260530\RunArtifacts\runs\20260603-164455_58ea81f88bba4eaa96d7f01695212642\logs\BridgeL05L06-29192.stderr.log; stderrBytes=0; stderrTruncated=False; stderrDroppedBytes=0
2026-06-03T16:45:54.6341946+00:00	WorkerLogSummary	Layer06Node03	stdout=C:\Users\jimmy\Desktop\meta-bi\Samples\Demos\MetaOrchestrationHairballCliIntegration\Runs\hairball-seed-20260530\RunArtifacts\runs\20260603-164455_58ea81f88bba4eaa96d7f01695212642\logs\Layer06Node03-22116.stdout.log; stdoutBytes=0; stdoutTruncated=False; stdoutDroppedBytes=0; stderr=C:\Users\jimmy\Desktop\meta-bi\Samples\Demos\MetaOrchestrationHairballCliIntegration\Runs\hairball-seed-20260530\RunArtifacts\runs\20260603-164455_58ea81f88bba4eaa96d7f01695212642\logs\Layer06Node03-22116.stderr.log; stderrBytes=0; stderrTruncated=False; stderrDroppedBytes=0
2026-06-03T16:45:54.6346821+00:00	WorkerLogSummary	BridgeL07L08	stdout=C:\Users\jimmy\Desktop\meta-bi\Samples\Demos\MetaOrchestrationHairballCliIntegration\Runs\hairball-seed-20260530\RunArtifacts\runs\20260603-164455_58ea81f88bba4eaa96d7f01695212642\logs\BridgeL07L08-25852.stdout.log; stdoutBytes=0; stdoutTruncated=False; stdoutDroppedBytes=0; stderr=C:\Users\jimmy\Desktop\meta-bi\Samples\Demos\MetaOrchestrationHairballCliIntegration\Runs\hairball-seed-20260530\RunArtifacts\runs\20260603-164455_58ea81f88bba4eaa96d7f01695212642\logs\BridgeL07L08-25852.stderr.log; stderrBytes=0; stderrTruncated=False; stderrDroppedBytes=0
2026-06-03T16:45:54.6352753+00:00	WorkerLogSummary	Layer06Node04	stdout=C:\Users\jimmy\Desktop\meta-bi\Samples\Demos\MetaOrchestrationHairballCliIntegration\Runs\hairball-seed-20260530\RunArtifacts\runs\20260603-164455_58ea81f88bba4eaa96d7f01695212642\logs\Layer06Node04-31724.stdout.log; stdoutBytes=0; stdoutTruncated=False; stdoutDroppedBytes=0; stderr=C:\Users\jimmy\Desktop\meta-bi\Samples\Demos\MetaOrchestrationHairballCliIntegration\Runs\hairball-seed-20260530\RunArtifacts\runs\20260603-164455_58ea81f88bba4eaa96d7f01695212642\logs\Layer06Node04-31724.stderr.log; stderrBytes=0; stderrTruncated=False; stderrDroppedBytes=0
2026-06-03T16:45:54.6358498+00:00	WorkerLogSummary	Layer06Node05	stdout=C:\Users\jimmy\Desktop\meta-bi\Samples\Demos\MetaOrchestrationHairballCliIntegration\Runs\hairball-seed-20260530\RunArtifacts\runs\20260603-164455_58ea81f88bba4eaa96d7f01695212642\logs\Layer06Node05-1316.stdout.log; stdoutBytes=0; stdoutTruncated=False; stdoutDroppedBytes=0; stderr=C:\Users\jimmy\Desktop\meta-bi\Samples\Demos\MetaOrchestrationHairballCliIntegration\Runs\hairball-seed-20260530\RunArtifacts\runs\20260603-164455_58ea81f88bba4eaa96d7f01695212642\logs\Layer06Node05-1316.stderr.log; stderrBytes=0; stderrTruncated=False; stderrDroppedBytes=0
2026-06-03T16:45:54.6363374+00:00	WorkerLogSummary	Layer06Node06	stdout=C:\Users\jimmy\Desktop\meta-bi\Samples\Demos\MetaOrchestrationHairballCliIntegration\Runs\hairball-seed-20260530\RunArtifacts\runs\20260603-164455_58ea81f88bba4eaa96d7f01695212642\logs\Layer06Node06-17336.stdout.log; stdoutBytes=0; stdoutTruncated=False; stdoutDroppedBytes=0; stderr=C:\Users\jimmy\Desktop\meta-bi\Samples\Demos\MetaOrchestrationHairballCliIntegration\Runs\hairball-seed-20260530\RunArtifacts\runs\20260603-164455_58ea81f88bba4eaa96d7f01695212642\logs\Layer06Node06-17336.stderr.log; stderrBytes=0; stderrTruncated=False; stderrDroppedBytes=0
2026-06-03T16:45:54.6368300+00:00	WorkerLogSummary	Layer06Node07	stdout=C:\Users\jimmy\Desktop\meta-bi\Samples\Demos\MetaOrchestrationHairballCliIntegration\Runs\hairball-seed-20260530\RunArtifacts\runs\20260603-164455_58ea81f88bba4eaa96d7f01695212642\logs\Layer06Node07-30692.stdout.log; stdoutBytes=0; stdoutTruncated=False; stdoutDroppedBytes=0; stderr=C:\Users\jimmy\Desktop\meta-bi\Samples\Demos\MetaOrchestrationHairballCliIntegration\Runs\hairball-seed-20260530\RunArtifacts\runs\20260603-164455_58ea81f88bba4eaa96d7f01695212642\logs\Layer06Node07-30692.stderr.log; stderrBytes=0; stderrTruncated=False; stderrDroppedBytes=0
2026-06-03T16:45:54.6372658+00:00	WorkerLogSummary	Layer06Node08	stdout=C:\Users\jimmy\Desktop\meta-bi\Samples\Demos\MetaOrchestrationHairballCliIntegration\Runs\hairball-seed-20260530\RunArtifacts\runs\20260603-164455_58ea81f88bba4eaa96d7f01695212642\logs\Layer06Node08-9220.stdout.log; stdoutBytes=0; stdoutTruncated=False; stdoutDroppedBytes=0; stderr=C:\Users\jimmy\Desktop\meta-bi\Samples\Demos\MetaOrchestrationHairballCliIntegration\Runs\hairball-seed-20260530\RunArtifacts\runs\20260603-164455_58ea81f88bba4eaa96d7f01695212642\logs\Layer06Node08-9220.stderr.log; stderrBytes=0; stderrTruncated=False; stderrDroppedBytes=0
2026-06-03T16:45:54.6376456+00:00	WorkerLogSummary	BridgeL05L06	stdout=C:\Users\jimmy\Desktop\meta-bi\Samples\Demos\MetaOrchestrationHairballCliIntegration\Runs\hairball-seed-20260530\RunArtifacts\runs\20260603-164455_58ea81f88bba4eaa96d7f01695212642\logs\BridgeL05L06-25220.stdout.log; stdoutBytes=0; stdoutTruncated=False; stdoutDroppedBytes=0; stderr=C:\Users\jimmy\Desktop\meta-bi\Samples\Demos\MetaOrchestrationHairballCliIntegration\Runs\hairball-seed-20260530\RunArtifacts\runs\20260603-164455_58ea81f88bba4eaa96d7f01695212642\logs\BridgeL05L06-25220.stderr.log; stderrBytes=0; stderrTruncated=False; stderrDroppedBytes=0
2026-06-03T16:45:54.6380053+00:00	WorkerLogSummary	Layer06Node09	stdout=C:\Users\jimmy\Desktop\meta-bi\Samples\Demos\MetaOrchestrationHairballCliIntegration\Runs\hairball-seed-20260530\RunArtifacts\runs\20260603-164455_58ea81f88bba4eaa96d7f01695212642\logs\Layer06Node09-15480.stdout.log; stdoutBytes=0; stdoutTruncated=False; stdoutDroppedBytes=0; stderr=C:\Users\jimmy\Desktop\meta-bi\Samples\Demos\MetaOrchestrationHairballCliIntegration\Runs\hairball-seed-20260530\RunArtifacts\runs\20260603-164455_58ea81f88bba4eaa96d7f01695212642\logs\Layer06Node09-15480.stderr.log; stderrBytes=0; stderrTruncated=False; stderrDroppedBytes=0
2026-06-03T16:45:54.6385971+00:00	WorkerLogSummary	Layer06Hub	stdout=C:\Users\jimmy\Desktop\meta-bi\Samples\Demos\MetaOrchestrationHairballCliIntegration\Runs\hairball-seed-20260530\RunArtifacts\runs\20260603-164455_58ea81f88bba4eaa96d7f01695212642\logs\Layer06Hub-24840.stdout.log; stdoutBytes=0; stdoutTruncated=False; stdoutDroppedBytes=0; stderr=C:\Users\jimmy\Desktop\meta-bi\Samples\Demos\MetaOrchestrationHairballCliIntegration\Runs\hairball-seed-20260530\RunArtifacts\runs\20260603-164455_58ea81f88bba4eaa96d7f01695212642\logs\Layer06Hub-24840.stderr.log; stderrBytes=0; stderrTruncated=False; stderrDroppedBytes=0
2026-06-03T16:45:54.6391934+00:00	WorkerLogSummary	Layer06Node10	stdout=C:\Users\jimmy\Desktop\meta-bi\Samples\Demos\MetaOrchestrationHairballCliIntegration\Runs\hairball-seed-20260530\RunArtifacts\runs\20260603-164455_58ea81f88bba4eaa96d7f01695212642\logs\Layer06Node10-27216.stdout.log; stdoutBytes=0; stdoutTruncated=False; stdoutDroppedBytes=0; stderr=C:\Users\jimmy\Desktop\meta-bi\Samples\Demos\MetaOrchestrationHairballCliIntegration\Runs\hairball-seed-20260530\RunArtifacts\runs\20260603-164455_58ea81f88bba4eaa96d7f01695212642\logs\Layer06Node10-27216.stderr.log; stderrBytes=0; stderrTruncated=False; stderrDroppedBytes=0
2026-06-03T16:45:54.6398465+00:00	WorkerLogSummary	BridgeL07L08	stdout=C:\Users\jimmy\Desktop\meta-bi\Samples\Demos\MetaOrchestrationHairballCliIntegration\Runs\hairball-seed-20260530\RunArtifacts\runs\20260603-164455_58ea81f88bba4eaa96d7f01695212642\logs\BridgeL07L08-8976.stdout.log; stdoutBytes=0; stdoutTruncated=False; stdoutDroppedBytes=0; stderr=C:\Users\jimmy\Desktop\meta-bi\Samples\Demos\MetaOrchestrationHairballCliIntegration\Runs\hairball-seed-20260530\RunArtifacts\runs\20260603-164455_58ea81f88bba4eaa96d7f01695212642\logs\BridgeL07L08-8976.stderr.log; stderrBytes=0; stderrTruncated=False; stderrDroppedBytes=0
2026-06-03T16:45:54.6402730+00:00	WorkerLogSummary	Layer07Node01	stdout=C:\Users\jimmy\Desktop\meta-bi\Samples\Demos\MetaOrchestrationHairballCliIntegration\Runs\hairball-seed-20260530\RunArtifacts\runs\20260603-164455_58ea81f88bba4eaa96d7f01695212642\logs\Layer07Node01-3112.stdout.log; stdoutBytes=0; stdoutTruncated=False; stdoutDroppedBytes=0; stderr=C:\Users\jimmy\Desktop\meta-bi\Samples\Demos\MetaOrchestrationHairballCliIntegration\Runs\hairball-seed-20260530\RunArtifacts\runs\20260603-164455_58ea81f88bba4eaa96d7f01695212642\logs\Layer07Node01-3112.stderr.log; stderrBytes=0; stderrTruncated=False; stderrDroppedBytes=0
2026-06-03T16:45:54.6406352+00:00	WorkerLogSummary	CompositeMart	stdout=C:\Users\jimmy\Desktop\meta-bi\Samples\Demos\MetaOrchestrationHairballCliIntegration\Runs\hairball-seed-20260530\RunArtifacts\runs\20260603-164455_58ea81f88bba4eaa96d7f01695212642\logs\CompositeMart-12812.stdout.log; stdoutBytes=0; stdoutTruncated=False; stdoutDroppedBytes=0; stderr=C:\Users\jimmy\Desktop\meta-bi\Samples\Demos\MetaOrchestrationHairballCliIntegration\Runs\hairball-seed-20260530\RunArtifacts\runs\20260603-164455_58ea81f88bba4eaa96d7f01695212642\logs\CompositeMart-12812.stderr.log; stderrBytes=0; stderrTruncated=False; stderrDroppedBytes=0
2026-06-03T16:45:54.6409828+00:00	WorkerLogSummary	Layer07Node02	stdout=C:\Users\jimmy\Desktop\meta-bi\Samples\Demos\MetaOrchestrationHairballCliIntegration\Runs\hairball-seed-20260530\RunArtifacts\runs\20260603-164455_58ea81f88bba4eaa96d7f01695212642\logs\Layer07Node02-24160.stdout.log; stdoutBytes=0; stdoutTruncated=False; stdoutDroppedBytes=0; stderr=C:\Users\jimmy\Desktop\meta-bi\Samples\Demos\MetaOrchestrationHairballCliIntegration\Runs\hairball-seed-20260530\RunArtifacts\runs\20260603-164455_58ea81f88bba4eaa96d7f01695212642\logs\Layer07Node02-24160.stderr.log; stderrBytes=0; stderrTruncated=False; stderrDroppedBytes=0
2026-06-03T16:45:54.6414369+00:00	WorkerLogSummary	Layer07Node03	stdout=C:\Users\jimmy\Desktop\meta-bi\Samples\Demos\MetaOrchestrationHairballCliIntegration\Runs\hairball-seed-20260530\RunArtifacts\runs\20260603-164455_58ea81f88bba4eaa96d7f01695212642\logs\Layer07Node03-19732.stdout.log; stdoutBytes=0; stdoutTruncated=False; stdoutDroppedBytes=0; stderr=C:\Users\jimmy\Desktop\meta-bi\Samples\Demos\MetaOrchestrationHairballCliIntegration\Runs\hairball-seed-20260530\RunArtifacts\runs\20260603-164455_58ea81f88bba4eaa96d7f01695212642\logs\Layer07Node03-19732.stderr.log; stderrBytes=0; stderrTruncated=False; stderrDroppedBytes=0
2026-06-03T16:45:54.6418322+00:00	WorkerLogSummary	Layer07Node04	stdout=C:\Users\jimmy\Desktop\meta-bi\Samples\Demos\MetaOrchestrationHairballCliIntegration\Runs\hairball-seed-20260530\RunArtifacts\runs\20260603-164455_58ea81f88bba4eaa96d7f01695212642\logs\Layer07Node04-24064.stdout.log; stdoutBytes=0; stdoutTruncated=False; stdoutDroppedBytes=0; stderr=C:\Users\jimmy\Desktop\meta-bi\Samples\Demos\MetaOrchestrationHairballCliIntegration\Runs\hairball-seed-20260530\RunArtifacts\runs\20260603-164455_58ea81f88bba4eaa96d7f01695212642\logs\Layer07Node04-24064.stderr.log; stderrBytes=0; stderrTruncated=False; stderrDroppedBytes=0
2026-06-03T16:45:54.6422819+00:00	WorkerLogSummary	Layer07Node05	stdout=C:\Users\jimmy\Desktop\meta-bi\Samples\Demos\MetaOrchestrationHairballCliIntegration\Runs\hairball-seed-20260530\RunArtifacts\runs\20260603-164455_58ea81f88bba4eaa96d7f01695212642\logs\Layer07Node05-12540.stdout.log; stdoutBytes=0; stdoutTruncated=False; stdoutDroppedBytes=0; stderr=C:\Users\jimmy\Desktop\meta-bi\Samples\Demos\MetaOrchestrationHairballCliIntegration\Runs\hairball-seed-20260530\RunArtifacts\runs\20260603-164455_58ea81f88bba4eaa96d7f01695212642\logs\Layer07Node05-12540.stderr.log; stderrBytes=0; stderrTruncated=False; stderrDroppedBytes=0
2026-06-03T16:45:54.6427195+00:00	WorkerLogSummary	Layer07Node06	stdout=C:\Users\jimmy\Desktop\meta-bi\Samples\Demos\MetaOrchestrationHairballCliIntegration\Runs\hairball-seed-20260530\RunArtifacts\runs\20260603-164455_58ea81f88bba4eaa96d7f01695212642\logs\Layer07Node06-22820.stdout.log; stdoutBytes=0; stdoutTruncated=False; stdoutDroppedBytes=0; stderr=C:\Users\jimmy\Desktop\meta-bi\Samples\Demos\MetaOrchestrationHairballCliIntegration\Runs\hairball-seed-20260530\RunArtifacts\runs\20260603-164455_58ea81f88bba4eaa96d7f01695212642\logs\Layer07Node06-22820.stderr.log; stderrBytes=0; stderrTruncated=False; stderrDroppedBytes=0
2026-06-03T16:45:54.6431106+00:00	WorkerLogSummary	Layer07Node07	stdout=C:\Users\jimmy\Desktop\meta-bi\Samples\Demos\MetaOrchestrationHairballCliIntegration\Runs\hairball-seed-20260530\RunArtifacts\runs\20260603-164455_58ea81f88bba4eaa96d7f01695212642\logs\Layer07Node07-27248.stdout.log; stdoutBytes=0; stdoutTruncated=False; stdoutDroppedBytes=0; stderr=C:\Users\jimmy\Desktop\meta-bi\Samples\Demos\MetaOrchestrationHairballCliIntegration\Runs\hairball-seed-20260530\RunArtifacts\runs\20260603-164455_58ea81f88bba4eaa96d7f01695212642\logs\Layer07Node07-27248.stderr.log; stderrBytes=0; stderrTruncated=False; stderrDroppedBytes=0
2026-06-03T16:45:54.6435195+00:00	WorkerLogSummary	Layer07Node08	stdout=C:\Users\jimmy\Desktop\meta-bi\Samples\Demos\MetaOrchestrationHairballCliIntegration\Runs\hairball-seed-20260530\RunArtifacts\runs\20260603-164455_58ea81f88bba4eaa96d7f01695212642\logs\Layer07Node08-27540.stdout.log; stdoutBytes=0; stdoutTruncated=False; stdoutDroppedBytes=0; stderr=C:\Users\jimmy\Desktop\meta-bi\Samples\Demos\MetaOrchestrationHairballCliIntegration\Runs\hairball-seed-20260530\RunArtifacts\runs\20260603-164455_58ea81f88bba4eaa96d7f01695212642\logs\Layer07Node08-27540.stderr.log; stderrBytes=0; stderrTruncated=False; stderrDroppedBytes=0
2026-06-03T16:45:54.6439617+00:00	WorkerLogSummary	Layer07Hub	stdout=C:\Users\jimmy\Desktop\meta-bi\Samples\Demos\MetaOrchestrationHairballCliIntegration\Runs\hairball-seed-20260530\RunArtifacts\runs\20260603-164455_58ea81f88bba4eaa96d7f01695212642\logs\Layer07Hub-15504.stdout.log; stdoutBytes=0; stdoutTruncated=False; stdoutDroppedBytes=0; stderr=C:\Users\jimmy\Desktop\meta-bi\Samples\Demos\MetaOrchestrationHairballCliIntegration\Runs\hairball-seed-20260530\RunArtifacts\runs\20260603-164455_58ea81f88bba4eaa96d7f01695212642\logs\Layer07Hub-15504.stderr.log; stderrBytes=0; stderrTruncated=False; stderrDroppedBytes=0
2026-06-03T16:45:54.6443793+00:00	WorkerLogSummary	Layer08Node01	stdout=C:\Users\jimmy\Desktop\meta-bi\Samples\Demos\MetaOrchestrationHairballCliIntegration\Runs\hairball-seed-20260530\RunArtifacts\runs\20260603-164455_58ea81f88bba4eaa96d7f01695212642\logs\Layer08Node01-31712.stdout.log; stdoutBytes=0; stdoutTruncated=False; stdoutDroppedBytes=0; stderr=C:\Users\jimmy\Desktop\meta-bi\Samples\Demos\MetaOrchestrationHairballCliIntegration\Runs\hairball-seed-20260530\RunArtifacts\runs\20260603-164455_58ea81f88bba4eaa96d7f01695212642\logs\Layer08Node01-31712.stderr.log; stderrBytes=0; stderrTruncated=False; stderrDroppedBytes=0
2026-06-03T16:45:54.6448116+00:00	WorkerLogSummary	Layer08Node02	stdout=C:\Users\jimmy\Desktop\meta-bi\Samples\Demos\MetaOrchestrationHairballCliIntegration\Runs\hairball-seed-20260530\RunArtifacts\runs\20260603-164455_58ea81f88bba4eaa96d7f01695212642\logs\Layer08Node02-20536.stdout.log; stdoutBytes=0; stdoutTruncated=False; stdoutDroppedBytes=0; stderr=C:\Users\jimmy\Desktop\meta-bi\Samples\Demos\MetaOrchestrationHairballCliIntegration\Runs\hairball-seed-20260530\RunArtifacts\runs\20260603-164455_58ea81f88bba4eaa96d7f01695212642\logs\Layer08Node02-20536.stderr.log; stderrBytes=0; stderrTruncated=False; stderrDroppedBytes=0
2026-06-03T16:45:54.6452017+00:00	WorkerLogSummary	Layer08Node03	stdout=C:\Users\jimmy\Desktop\meta-bi\Samples\Demos\MetaOrchestrationHairballCliIntegration\Runs\hairball-seed-20260530\RunArtifacts\runs\20260603-164455_58ea81f88bba4eaa96d7f01695212642\logs\Layer08Node03-2720.stdout.log; stdoutBytes=0; stdoutTruncated=False; stdoutDroppedBytes=0; stderr=C:\Users\jimmy\Desktop\meta-bi\Samples\Demos\MetaOrchestrationHairballCliIntegration\Runs\hairball-seed-20260530\RunArtifacts\runs\20260603-164455_58ea81f88bba4eaa96d7f01695212642\logs\Layer08Node03-2720.stderr.log; stderrBytes=0; stderrTruncated=False; stderrDroppedBytes=0
2026-06-03T16:45:54.6455924+00:00	WorkerLogSummary	Layer08Node04	stdout=C:\Users\jimmy\Desktop\meta-bi\Samples\Demos\MetaOrchestrationHairballCliIntegration\Runs\hairball-seed-20260530\RunArtifacts\runs\20260603-164455_58ea81f88bba4eaa96d7f01695212642\logs\Layer08Node04-2128.stdout.log; stdoutBytes=0; stdoutTruncated=False; stdoutDroppedBytes=0; stderr=C:\Users\jimmy\Desktop\meta-bi\Samples\Demos\MetaOrchestrationHairballCliIntegration\Runs\hairball-seed-20260530\RunArtifacts\runs\20260603-164455_58ea81f88bba4eaa96d7f01695212642\logs\Layer08Node04-2128.stderr.log; stderrBytes=0; stderrTruncated=False; stderrDroppedBytes=0
2026-06-03T16:45:54.6460145+00:00	WorkerLogSummary	Layer08Node05	stdout=C:\Users\jimmy\Desktop\meta-bi\Samples\Demos\MetaOrchestrationHairballCliIntegration\Runs\hairball-seed-20260530\RunArtifacts\runs\20260603-164455_58ea81f88bba4eaa96d7f01695212642\logs\Layer08Node05-22184.stdout.log; stdoutBytes=0; stdoutTruncated=False; stdoutDroppedBytes=0; stderr=C:\Users\jimmy\Desktop\meta-bi\Samples\Demos\MetaOrchestrationHairballCliIntegration\Runs\hairball-seed-20260530\RunArtifacts\runs\20260603-164455_58ea81f88bba4eaa96d7f01695212642\logs\Layer08Node05-22184.stderr.log; stderrBytes=0; stderrTruncated=False; stderrDroppedBytes=0
2026-06-03T16:45:54.6465439+00:00	WorkerLogSummary	Layer08Node06	stdout=C:\Users\jimmy\Desktop\meta-bi\Samples\Demos\MetaOrchestrationHairballCliIntegration\Runs\hairball-seed-20260530\RunArtifacts\runs\20260603-164455_58ea81f88bba4eaa96d7f01695212642\logs\Layer08Node06-21848.stdout.log; stdoutBytes=0; stdoutTruncated=False; stdoutDroppedBytes=0; stderr=C:\Users\jimmy\Desktop\meta-bi\Samples\Demos\MetaOrchestrationHairballCliIntegration\Runs\hairball-seed-20260530\RunArtifacts\runs\20260603-164455_58ea81f88bba4eaa96d7f01695212642\logs\Layer08Node06-21848.stderr.log; stderrBytes=0; stderrTruncated=False; stderrDroppedBytes=0
2026-06-03T16:45:54.6470457+00:00	WorkerLogSummary	Layer08Node07	stdout=C:\Users\jimmy\Desktop\meta-bi\Samples\Demos\MetaOrchestrationHairballCliIntegration\Runs\hairball-seed-20260530\RunArtifacts\runs\20260603-164455_58ea81f88bba4eaa96d7f01695212642\logs\Layer08Node07-11836.stdout.log; stdoutBytes=0; stdoutTruncated=False; stdoutDroppedBytes=0; stderr=C:\Users\jimmy\Desktop\meta-bi\Samples\Demos\MetaOrchestrationHairballCliIntegration\Runs\hairball-seed-20260530\RunArtifacts\runs\20260603-164455_58ea81f88bba4eaa96d7f01695212642\logs\Layer08Node07-11836.stderr.log; stderrBytes=0; stderrTruncated=False; stderrDroppedBytes=0
2026-06-03T16:45:54.6477991+00:00	WorkerLogSummary	CompositeMart	stdout=C:\Users\jimmy\Desktop\meta-bi\Samples\Demos\MetaOrchestrationHairballCliIntegration\Runs\hairball-seed-20260530\RunArtifacts\runs\20260603-164455_58ea81f88bba4eaa96d7f01695212642\logs\CompositeMart-28804.stdout.log; stdoutBytes=0; stdoutTruncated=False; stdoutDroppedBytes=0; stderr=C:\Users\jimmy\Desktop\meta-bi\Samples\Demos\MetaOrchestrationHairballCliIntegration\Runs\hairball-seed-20260530\RunArtifacts\runs\20260603-164455_58ea81f88bba4eaa96d7f01695212642\logs\CompositeMart-28804.stderr.log; stderrBytes=0; stderrTruncated=False; stderrDroppedBytes=0
2026-06-03T16:45:54.6482393+00:00	WorkerLogSummary	Layer08Node08	stdout=C:\Users\jimmy\Desktop\meta-bi\Samples\Demos\MetaOrchestrationHairballCliIntegration\Runs\hairball-seed-20260530\RunArtifacts\runs\20260603-164455_58ea81f88bba4eaa96d7f01695212642\logs\Layer08Node08-31572.stdout.log; stdoutBytes=0; stdoutTruncated=False; stdoutDroppedBytes=0; stderr=C:\Users\jimmy\Desktop\meta-bi\Samples\Demos\MetaOrchestrationHairballCliIntegration\Runs\hairball-seed-20260530\RunArtifacts\runs\20260603-164455_58ea81f88bba4eaa96d7f01695212642\logs\Layer08Node08-31572.stderr.log; stderrBytes=0; stderrTruncated=False; stderrDroppedBytes=0
2026-06-03T16:45:54.6487321+00:00	WorkerLogSummary	Layer08Hub	stdout=C:\Users\jimmy\Desktop\meta-bi\Samples\Demos\MetaOrchestrationHairballCliIntegration\Runs\hairball-seed-20260530\RunArtifacts\runs\20260603-164455_58ea81f88bba4eaa96d7f01695212642\logs\Layer08Hub-28800.stdout.log; stdoutBytes=0; stdoutTruncated=False; stdoutDroppedBytes=0; stderr=C:\Users\jimmy\Desktop\meta-bi\Samples\Demos\MetaOrchestrationHairballCliIntegration\Runs\hairball-seed-20260530\RunArtifacts\runs\20260603-164455_58ea81f88bba4eaa96d7f01695212642\logs\Layer08Hub-28800.stderr.log; stderrBytes=0; stderrTruncated=False; stderrDroppedBytes=0
2026-06-03T16:45:54.6491582+00:00	WorkerLogSummary	RegionalMart01	stdout=C:\Users\jimmy\Desktop\meta-bi\Samples\Demos\MetaOrchestrationHairballCliIntegration\Runs\hairball-seed-20260530\RunArtifacts\runs\20260603-164455_58ea81f88bba4eaa96d7f01695212642\logs\RegionalMart01-29672.stdout.log; stdoutBytes=0; stdoutTruncated=False; stdoutDroppedBytes=0; stderr=C:\Users\jimmy\Desktop\meta-bi\Samples\Demos\MetaOrchestrationHairballCliIntegration\Runs\hairball-seed-20260530\RunArtifacts\runs\20260603-164455_58ea81f88bba4eaa96d7f01695212642\logs\RegionalMart01-29672.stderr.log; stderrBytes=0; stderrTruncated=False; stderrDroppedBytes=0
2026-06-03T16:45:54.6495676+00:00	WorkerLogSummary	RegionalMart02	stdout=C:\Users\jimmy\Desktop\meta-bi\Samples\Demos\MetaOrchestrationHairballCliIntegration\Runs\hairball-seed-20260530\RunArtifacts\runs\20260603-164455_58ea81f88bba4eaa96d7f01695212642\logs\RegionalMart02-30596.stdout.log; stdoutBytes=0; stdoutTruncated=False; stdoutDroppedBytes=0; stderr=C:\Users\jimmy\Desktop\meta-bi\Samples\Demos\MetaOrchestrationHairballCliIntegration\Runs\hairball-seed-20260530\RunArtifacts\runs\20260603-164455_58ea81f88bba4eaa96d7f01695212642\logs\RegionalMart02-30596.stderr.log; stderrBytes=0; stderrTruncated=False; stderrDroppedBytes=0
2026-06-03T16:45:54.6499941+00:00	WorkerLogSummary	PublishHairballFinal	stdout=C:\Users\jimmy\Desktop\meta-bi\Samples\Demos\MetaOrchestrationHairballCliIntegration\Runs\hairball-seed-20260530\RunArtifacts\runs\20260603-164455_58ea81f88bba4eaa96d7f01695212642\logs\PublishHairballFinal-27636.stdout.log; stdoutBytes=0; stdoutTruncated=False; stdoutDroppedBytes=0; stderr=C:\Users\jimmy\Desktop\meta-bi\Samples\Demos\MetaOrchestrationHairballCliIntegration\Runs\hairball-seed-20260530\RunArtifacts\runs\20260603-164455_58ea81f88bba4eaa96d7f01695212642\logs\PublishHairballFinal-27636.stderr.log; stderrBytes=0; stderrTruncated=False; stderrDroppedBytes=0
2026-06-03T16:45:54.6504795+00:00	WorkerLogSummary	RegionalMart03	stdout=C:\Users\jimmy\Desktop\meta-bi\Samples\Demos\MetaOrchestrationHairballCliIntegration\Runs\hairball-seed-20260530\RunArtifacts\runs\20260603-164455_58ea81f88bba4eaa96d7f01695212642\logs\RegionalMart03-28588.stdout.log; stdoutBytes=0; stdoutTruncated=False; stdoutDroppedBytes=0; stderr=C:\Users\jimmy\Desktop\meta-bi\Samples\Demos\MetaOrchestrationHairballCliIntegration\Runs\hairball-seed-20260530\RunArtifacts\runs\20260603-164455_58ea81f88bba4eaa96d7f01695212642\logs\RegionalMart03-28588.stderr.log; stderrBytes=0; stderrTruncated=False; stderrDroppedBytes=0
2026-06-03T16:45:54.6509533+00:00	WorkerLogSummary	RegionalMart04	stdout=C:\Users\jimmy\Desktop\meta-bi\Samples\Demos\MetaOrchestrationHairballCliIntegration\Runs\hairball-seed-20260530\RunArtifacts\runs\20260603-164455_58ea81f88bba4eaa96d7f01695212642\logs\RegionalMart04-20628.stdout.log; stdoutBytes=0; stdoutTruncated=False; stdoutDroppedBytes=0; stderr=C:\Users\jimmy\Desktop\meta-bi\Samples\Demos\MetaOrchestrationHairballCliIntegration\Runs\hairball-seed-20260530\RunArtifacts\runs\20260603-164455_58ea81f88bba4eaa96d7f01695212642\logs\RegionalMart04-20628.stderr.log; stderrBytes=0; stderrTruncated=False; stderrDroppedBytes=0
2026-06-03T16:45:54.6517145+00:00	WorkerLogSummary	AuditHairball	stdout=C:\Users\jimmy\Desktop\meta-bi\Samples\Demos\MetaOrchestrationHairballCliIntegration\Runs\hairball-seed-20260530\RunArtifacts\runs\20260603-164455_58ea81f88bba4eaa96d7f01695212642\logs\AuditHairball-11116.stdout.log; stdoutBytes=0; stdoutTruncated=False; stdoutDroppedBytes=0; stderr=C:\Users\jimmy\Desktop\meta-bi\Samples\Demos\MetaOrchestrationHairballCliIntegration\Runs\hairball-seed-20260530\RunArtifacts\runs\20260603-164455_58ea81f88bba4eaa96d7f01695212642\logs\AuditHairball-11116.stderr.log; stderrBytes=0; stderrTruncated=False; stderrDroppedBytes=0
2026-06-03T16:45:54.6528507+00:00	RunCompleted	DefaultRunPlan	Succeeded
