OccurredAtUtc	EventKind	Subject	Detail
2026-06-03T19:24:40.0899184+00:00	RunStarted	orchestration	C:\Users\jimmy\Desktop\meta-bi\Samples\Demos\MetaOrchestrationHairballCliIntegration\Runs\hairball-seed-20260530\OrchestrationWS
2026-06-03T19:24:40.0981805+00:00	Process	meta-orchestration	16052
2026-06-03T19:24:40.0984923+00:00	PipelineExecutable	meta-pipeline	
2026-06-03T19:24:40.0986918+00:00	PipelineWorkspace	C:\Users\jimmy\Desktop\meta-bi\Samples\Demos\MetaOrchestrationHairballCliIntegration\Runs\hairball-seed-20260530\PipelineWS	
2026-06-03T19:24:40.0988668+00:00	TransformWorkspace	C:\Users\jimmy\Desktop\meta-bi\Samples\Demos\MetaOrchestrationHairballCliIntegration\Runs\hairball-seed-20260530\TransformWS	
2026-06-03T19:24:40.0991718+00:00	BindingWorkspace	C:\Users\jimmy\Desktop\meta-bi\Samples\Demos\MetaOrchestrationHairballCliIntegration\Runs\hairball-seed-20260530\BindingWS	
2026-06-03T19:24:40.1078043+00:00	LeaseAcquired	C:\Users\jimmy\Desktop\meta-bi\Samples\Demos\MetaOrchestrationHairballCliIntegration\Runs\hairball-seed-20260530\OrchestrationWS	C:\Users\jimmy\Desktop\meta-bi\Samples\Demos\MetaOrchestrationHairballCliIntegration\Runs\hairball-seed-20260530\RunArtifacts\leases\b30631311a63a1938a1d960e11d1b12772a5b649874a11ab9e9983ed17563480.tsv
2026-06-03T19:24:40.1086133+00:00	Phase	Loading	C:\Users\jimmy\Desktop\meta-bi\Samples\Demos\MetaOrchestrationHairballCliIntegration\Runs\hairball-seed-20260530\OrchestrationWS
2026-06-03T19:24:40.1863858+00:00	Phase	Building	C:\Users\jimmy\Desktop\meta-bi\Samples\Demos\MetaOrchestrationHairballCliIntegration\Runs\hairball-seed-20260530\OrchestrationWS
2026-06-03T19:24:40.1970080+00:00	Phase	Saving	C:\Users\jimmy\Desktop\meta-bi\Samples\Demos\MetaOrchestrationHairballCliIntegration\Runs\hairball-seed-20260530\OrchestrationWS
2026-06-03T19:24:40.2581740+00:00	RetryPolicyResolved	DefaultRetryPolicy	MaxAttempts=3; RetryableFailureClasses=6
2026-06-03T19:24:40.2609428+00:00	RunPlanReady	DefaultRunPlan	137
2026-06-03T19:24:40.3134579+00:00	WorkerStarting	ExtractSeed01	meta-pipeline
2026-06-03T19:24:40.3958652+00:00	WorkerStarted	ExtractSeed01	31332
2026-06-03T19:24:40.3962275+00:00	WorkerControlPipe	ExtractSeed01	meta-orchestration-f7177f17c6124256a0b2055c2b468e20
2026-06-03T19:24:40.3966174+00:00	WorkerLog	ExtractSeed01	stdout=C:\Users\jimmy\Desktop\meta-bi\Samples\Demos\MetaOrchestrationHairballCliIntegration\Runs\hairball-seed-20260530\RunArtifacts\runs\20260603-192440_c12f9e0cb1fc43a9a0146173e2224328\logs\ExtractSeed01-31332.stdout.log; stderr=C:\Users\jimmy\Desktop\meta-bi\Samples\Demos\MetaOrchestrationHairballCliIntegration\Runs\hairball-seed-20260530\RunArtifacts\runs\20260603-192440_c12f9e0cb1fc43a9a0146173e2224328\logs\ExtractSeed01-31332.stderr.log
2026-06-03T19:24:40.4001343+00:00	WorkerStarting	ExtractSeed02	meta-pipeline
2026-06-03T19:24:40.4699358+00:00	WorkerStarted	ExtractSeed02	29600
2026-06-03T19:24:40.4702846+00:00	WorkerControlPipe	ExtractSeed02	meta-orchestration-410a7acfdbe6431d9f469adddd359713
2026-06-03T19:24:40.4705820+00:00	WorkerLog	ExtractSeed02	stdout=C:\Users\jimmy\Desktop\meta-bi\Samples\Demos\MetaOrchestrationHairballCliIntegration\Runs\hairball-seed-20260530\RunArtifacts\runs\20260603-192440_c12f9e0cb1fc43a9a0146173e2224328\logs\ExtractSeed02-29600.stdout.log; stderr=C:\Users\jimmy\Desktop\meta-bi\Samples\Demos\MetaOrchestrationHairballCliIntegration\Runs\hairball-seed-20260530\RunArtifacts\runs\20260603-192440_c12f9e0cb1fc43a9a0146173e2224328\logs\ExtractSeed02-29600.stderr.log
2026-06-03T19:24:40.4732573+00:00	WorkerEvent	ExtractSeed01	WorkerOnline; ExitCode=0; online
2026-06-03T19:24:40.4784119+00:00	WorkerStarting	ExtractSeed03	meta-pipeline
2026-06-03T19:24:40.5499837+00:00	WorkerStarted	ExtractSeed03	29284
2026-06-03T19:24:40.5502674+00:00	WorkerControlPipe	ExtractSeed03	meta-orchestration-3b64739956e14e05b2ac8493b46bee3f
2026-06-03T19:24:40.5505349+00:00	WorkerLog	ExtractSeed03	stdout=C:\Users\jimmy\Desktop\meta-bi\Samples\Demos\MetaOrchestrationHairballCliIntegration\Runs\hairball-seed-20260530\RunArtifacts\runs\20260603-192440_c12f9e0cb1fc43a9a0146173e2224328\logs\ExtractSeed03-29284.stdout.log; stderr=C:\Users\jimmy\Desktop\meta-bi\Samples\Demos\MetaOrchestrationHairballCliIntegration\Runs\hairball-seed-20260530\RunArtifacts\runs\20260603-192440_c12f9e0cb1fc43a9a0146173e2224328\logs\ExtractSeed03-29284.stderr.log
2026-06-03T19:24:40.5510235+00:00	WorkerEvent	ExtractSeed01	WorkerReady; ExitCode=0; ready
2026-06-03T19:24:40.5566694+00:00	StartPipeline	ExtractSeed01	ExtractSeed01
2026-06-03T19:24:40.5574814+00:00	WorkerEvent	ExtractSeed02	WorkerOnline; ExitCode=0; online
2026-06-03T19:24:40.5581312+00:00	WorkerStarting	ExtractSeed04	meta-pipeline
2026-06-03T19:24:40.6285776+00:00	WorkerStarted	ExtractSeed04	31540
2026-06-03T19:24:40.6288498+00:00	WorkerControlPipe	ExtractSeed04	meta-orchestration-accb7fc4b2e24e34bd54fd40458ca59e
2026-06-03T19:24:40.6290951+00:00	WorkerLog	ExtractSeed04	stdout=C:\Users\jimmy\Desktop\meta-bi\Samples\Demos\MetaOrchestrationHairballCliIntegration\Runs\hairball-seed-20260530\RunArtifacts\runs\20260603-192440_c12f9e0cb1fc43a9a0146173e2224328\logs\ExtractSeed04-31540.stdout.log; stderr=C:\Users\jimmy\Desktop\meta-bi\Samples\Demos\MetaOrchestrationHairballCliIntegration\Runs\hairball-seed-20260530\RunArtifacts\runs\20260603-192440_c12f9e0cb1fc43a9a0146173e2224328\logs\ExtractSeed04-31540.stderr.log
2026-06-03T19:24:40.6294719+00:00	WorkerEvent	ExtractSeed02	WorkerReady; ExitCode=0; ready
2026-06-03T19:24:40.6300996+00:00	StartPipeline	ExtractSeed02	ExtractSeed02
2026-06-03T19:24:40.6305644+00:00	WorkerEvent	ExtractSeed03	WorkerOnline; ExitCode=0; online
2026-06-03T19:24:40.6314023+00:00	WorkerStarting	ExtractSeed05	meta-pipeline
2026-06-03T19:24:40.7066296+00:00	WorkerStarted	ExtractSeed05	21108
2026-06-03T19:24:40.7069511+00:00	WorkerControlPipe	ExtractSeed05	meta-orchestration-d8ba703a3ca942b4a2374b8c465462d1
2026-06-03T19:24:40.7071805+00:00	WorkerLog	ExtractSeed05	stdout=C:\Users\jimmy\Desktop\meta-bi\Samples\Demos\MetaOrchestrationHairballCliIntegration\Runs\hairball-seed-20260530\RunArtifacts\runs\20260603-192440_c12f9e0cb1fc43a9a0146173e2224328\logs\ExtractSeed05-21108.stdout.log; stderr=C:\Users\jimmy\Desktop\meta-bi\Samples\Demos\MetaOrchestrationHairballCliIntegration\Runs\hairball-seed-20260530\RunArtifacts\runs\20260603-192440_c12f9e0cb1fc43a9a0146173e2224328\logs\ExtractSeed05-21108.stderr.log
2026-06-03T19:24:40.7075128+00:00	WorkerEvent	ExtractSeed03	WorkerReady; ExitCode=0; ready
2026-06-03T19:24:40.7081856+00:00	StartPipeline	ExtractSeed03	ExtractSeed03
2026-06-03T19:24:40.7088927+00:00	WorkerEvent	ExtractSeed04	WorkerOnline; ExitCode=0; online
2026-06-03T19:24:40.7099162+00:00	WorkerStarting	ExtractSeed06	meta-pipeline
2026-06-03T19:24:41.3440704+00:00	WorkerStarted	ExtractSeed06	20380
2026-06-03T19:24:41.3444412+00:00	WorkerControlPipe	ExtractSeed06	meta-orchestration-9450256b08ce4f198291849d1b3f9ec4
2026-06-03T19:24:41.3447427+00:00	WorkerLog	ExtractSeed06	stdout=C:\Users\jimmy\Desktop\meta-bi\Samples\Demos\MetaOrchestrationHairballCliIntegration\Runs\hairball-seed-20260530\RunArtifacts\runs\20260603-192440_c12f9e0cb1fc43a9a0146173e2224328\logs\ExtractSeed06-20380.stdout.log; stderr=C:\Users\jimmy\Desktop\meta-bi\Samples\Demos\MetaOrchestrationHairballCliIntegration\Runs\hairball-seed-20260530\RunArtifacts\runs\20260603-192440_c12f9e0cb1fc43a9a0146173e2224328\logs\ExtractSeed06-20380.stderr.log
2026-06-03T19:24:41.3451314+00:00	WorkerEvent	ExtractSeed04	WorkerReady; ExitCode=0; ready
2026-06-03T19:24:41.3459710+00:00	StartPipeline	ExtractSeed04	ExtractSeed04
2026-06-03T19:24:41.3466069+00:00	WorkerEvent	ExtractSeed01	PipelineStarted; ExitCode=0; pipeline started
2026-06-03T19:24:41.3475057+00:00	WorkerEvent	ExtractSeed02	PipelineStarted; ExitCode=0; pipeline started
2026-06-03T19:24:41.3481977+00:00	WorkerEvent	ExtractSeed03	PipelineStarted; ExitCode=0; pipeline started
2026-06-03T19:24:41.3488292+00:00	WorkerEvent	ExtractSeed05	WorkerOnline; ExitCode=0; online
2026-06-03T19:24:41.3495203+00:00	WorkerEvent	ExtractSeed06	WorkerOnline; ExitCode=0; online
2026-06-03T19:24:41.3504880+00:00	WorkerStarting	ExtractSeed07	meta-pipeline
2026-06-03T19:24:42.3487569+00:00	WorkerStarted	ExtractSeed07	27948
2026-06-03T19:24:42.3501446+00:00	WorkerControlPipe	ExtractSeed07	meta-orchestration-24a267fb3a0c49b7b971a96a0dde9306
2026-06-03T19:24:42.3514507+00:00	WorkerLog	ExtractSeed07	stdout=C:\Users\jimmy\Desktop\meta-bi\Samples\Demos\MetaOrchestrationHairballCliIntegration\Runs\hairball-seed-20260530\RunArtifacts\runs\20260603-192440_c12f9e0cb1fc43a9a0146173e2224328\logs\ExtractSeed07-27948.stdout.log; stderr=C:\Users\jimmy\Desktop\meta-bi\Samples\Demos\MetaOrchestrationHairballCliIntegration\Runs\hairball-seed-20260530\RunArtifacts\runs\20260603-192440_c12f9e0cb1fc43a9a0146173e2224328\logs\ExtractSeed07-27948.stderr.log
2026-06-03T19:24:42.3535914+00:00	WorkerEvent	ExtractSeed01.extract-seed-01	TaskReady; ExitCode=0; 
2026-06-03T19:24:42.3577510+00:00	WorkerEvent	ExtractSeed02.extract-seed-02	TaskReady; ExitCode=0; 
2026-06-03T19:24:42.3584910+00:00	WorkerEvent	ExtractSeed03.extract-seed-03	TaskReady; ExitCode=0; 
2026-06-03T19:24:42.3590999+00:00	WorkerEvent	ExtractSeed05	WorkerReady; ExitCode=0; ready
2026-06-03T19:24:42.3597887+00:00	StartPipeline	ExtractSeed05	ExtractSeed05
2026-06-03T19:24:42.3602445+00:00	WorkerEvent	ExtractSeed04	PipelineStarted; ExitCode=0; pipeline started
2026-06-03T19:24:42.3609287+00:00	WorkerEvent	ExtractSeed06	WorkerReady; ExitCode=0; ready
2026-06-03T19:24:42.3615966+00:00	StartPipeline	ExtractSeed06	ExtractSeed06
2026-06-03T19:24:42.3620177+00:00	WorkerEvent	ExtractSeed04.extract-seed-04	TaskReady; ExitCode=0; 
2026-06-03T19:24:42.3624056+00:00	WorkerEvent	ExtractSeed07	WorkerOnline; ExitCode=0; online
2026-06-03T19:24:42.3690302+00:00	GrantTask	ExtractSeed01.extract-seed-01	ExtractSeed01.extract-seed-01; GrantId=grant-1; Attempt=1
2026-06-03T19:24:42.3696494+00:00	GrantTask	ExtractSeed02.extract-seed-02	ExtractSeed02.extract-seed-02; GrantId=grant-2; Attempt=1
2026-06-03T19:24:42.3700897+00:00	GrantTask	ExtractSeed03.extract-seed-03	ExtractSeed03.extract-seed-03; GrantId=grant-3; Attempt=1
2026-06-03T19:24:42.3705024+00:00	GrantTask	ExtractSeed04.extract-seed-04	ExtractSeed04.extract-seed-04; GrantId=grant-4; Attempt=1
2026-06-03T19:24:42.3708558+00:00	WorkerStarting	ExtractSeed08	meta-pipeline
2026-06-03T19:24:43.3667703+00:00	WorkerStarted	ExtractSeed08	12628
2026-06-03T19:24:43.3701799+00:00	WorkerControlPipe	ExtractSeed08	meta-orchestration-9c3c8a4bbf4d424399bf1d6e7bf69268
2026-06-03T19:24:43.3705490+00:00	WorkerLog	ExtractSeed08	stdout=C:\Users\jimmy\Desktop\meta-bi\Samples\Demos\MetaOrchestrationHairballCliIntegration\Runs\hairball-seed-20260530\RunArtifacts\runs\20260603-192440_c12f9e0cb1fc43a9a0146173e2224328\logs\ExtractSeed08-12628.stdout.log; stderr=C:\Users\jimmy\Desktop\meta-bi\Samples\Demos\MetaOrchestrationHairballCliIntegration\Runs\hairball-seed-20260530\RunArtifacts\runs\20260603-192440_c12f9e0cb1fc43a9a0146173e2224328\logs\ExtractSeed08-12628.stderr.log
2026-06-03T19:24:43.3709925+00:00	WorkerEvent	ExtractSeed01.extract-seed-01	GrantAccepted; ExitCode=0; 
2026-06-03T19:24:43.3728431+00:00	WorkerEvent	ExtractSeed02.extract-seed-02	GrantAccepted; ExitCode=0; 
2026-06-03T19:24:43.3734940+00:00	WorkerEvent	ExtractSeed03.extract-seed-03	GrantAccepted; ExitCode=0; 
2026-06-03T19:24:43.3740145+00:00	WorkerEvent	ExtractSeed04.extract-seed-04	GrantAccepted; ExitCode=0; 
2026-06-03T19:24:43.3745594+00:00	WorkerEvent	ExtractSeed07	WorkerReady; ExitCode=0; ready
2026-06-03T19:24:43.3753164+00:00	StartPipeline	ExtractSeed07	ExtractSeed07
2026-06-03T19:24:43.3760699+00:00	WorkerEvent	ExtractSeed01.extract-seed-01	TaskStarted; ExitCode=0; 
2026-06-03T19:24:43.3774193+00:00	WorkerEvent	ExtractSeed02.extract-seed-02	TaskStarted; ExitCode=0; 
2026-06-03T19:24:43.3781058+00:00	WorkerEvent	ExtractSeed03.extract-seed-03	TaskStarted; ExitCode=0; 
2026-06-03T19:24:43.3787117+00:00	WorkerEvent	ExtractSeed04.extract-seed-04	TaskStarted; ExitCode=0; 
2026-06-03T19:24:43.3794401+00:00	WorkerEvent	ExtractSeed05	PipelineStarted; ExitCode=0; pipeline started
2026-06-03T19:24:43.3801734+00:00	WorkerEvent	ExtractSeed06	PipelineStarted; ExitCode=0; pipeline started
2026-06-03T19:24:43.3812793+00:00	WorkerEvent	ExtractSeed08	WorkerOnline; ExitCode=0; online
2026-06-03T19:24:43.3846829+00:00	WorkerStarting	AuditHairball	meta-pipeline
2026-06-03T19:24:43.7722893+00:00	WorkerStarted	AuditHairball	27068
2026-06-03T19:24:43.7727196+00:00	WorkerControlPipe	AuditHairball	meta-orchestration-b7d5ef341d0d452fa198fe8c3c9e4e44
2026-06-03T19:24:43.7730621+00:00	WorkerLog	AuditHairball	stdout=C:\Users\jimmy\Desktop\meta-bi\Samples\Demos\MetaOrchestrationHairballCliIntegration\Runs\hairball-seed-20260530\RunArtifacts\runs\20260603-192440_c12f9e0cb1fc43a9a0146173e2224328\logs\AuditHairball-27068.stdout.log; stderr=C:\Users\jimmy\Desktop\meta-bi\Samples\Demos\MetaOrchestrationHairballCliIntegration\Runs\hairball-seed-20260530\RunArtifacts\runs\20260603-192440_c12f9e0cb1fc43a9a0146173e2224328\logs\AuditHairball-27068.stderr.log
2026-06-03T19:24:43.7737149+00:00	WorkerEvent	ExtractSeed01.extract-seed-01	TaskSucceeded; ExitCode=0; 
2026-06-03T19:24:43.7789599+00:00	TaskSucceeded	ExtractSeed01.extract-seed-01	0
2026-06-03T19:24:43.7794182+00:00	WorkerEvent	ExtractSeed02.extract-seed-02	TaskSucceeded; ExitCode=0; 
2026-06-03T19:24:43.7798950+00:00	TaskSucceeded	ExtractSeed02.extract-seed-02	0
2026-06-03T19:24:43.7801940+00:00	WorkerEvent	ExtractSeed03.extract-seed-03	TaskSucceeded; ExitCode=0; 
2026-06-03T19:24:43.7806981+00:00	TaskSucceeded	ExtractSeed03.extract-seed-03	0
2026-06-03T19:24:43.7810040+00:00	WorkerEvent	ExtractSeed04.extract-seed-04	TaskSucceeded; ExitCode=0; 
2026-06-03T19:24:43.7815224+00:00	TaskSucceeded	ExtractSeed04.extract-seed-04	0
2026-06-03T19:24:43.7820249+00:00	WorkerEvent	ExtractSeed05.extract-seed-05	TaskReady; ExitCode=0; 
2026-06-03T19:24:43.7825376+00:00	WorkerEvent	ExtractSeed06.extract-seed-06	TaskReady; ExitCode=0; 
2026-06-03T19:24:43.7840224+00:00	WorkerEvent	ExtractSeed08	WorkerReady; ExitCode=0; ready
2026-06-03T19:24:43.7853938+00:00	StartPipeline	ExtractSeed08	ExtractSeed08
2026-06-03T19:24:43.7864692+00:00	WorkerEvent	AuditHairball	WorkerOnline; ExitCode=0; online
2026-06-03T19:24:43.7891664+00:00	WorkerProcessExited	ExtractSeed01	ExitCode=0; worker process exited
2026-06-03T19:24:43.7954634+00:00	PipelineCompleted	ExtractSeed01	
2026-06-03T19:24:43.7962918+00:00	WorkerEvent	AuditHairball	WorkerReady; ExitCode=0; ready
2026-06-03T19:24:43.7972077+00:00	StartPipeline	AuditHairball	AuditHairball
2026-06-03T19:24:43.7979045+00:00	WorkerProcessExited	ExtractSeed02	ExitCode=0; worker process exited
2026-06-03T19:24:43.7990372+00:00	PipelineCompleted	ExtractSeed02	
2026-06-03T19:24:43.7994540+00:00	WorkerProcessExited	ExtractSeed03	ExitCode=0; worker process exited
2026-06-03T19:24:43.7999848+00:00	PipelineCompleted	ExtractSeed03	
2026-06-03T19:24:43.8002953+00:00	WorkerProcessExited	ExtractSeed04	ExitCode=0; worker process exited
2026-06-03T19:24:43.8009701+00:00	PipelineCompleted	ExtractSeed04	
2026-06-03T19:24:43.8038994+00:00	GrantTask	ExtractSeed05.extract-seed-05	ExtractSeed05.extract-seed-05; GrantId=grant-5; Attempt=1
2026-06-03T19:24:43.8046516+00:00	GrantTask	ExtractSeed06.extract-seed-06	ExtractSeed06.extract-seed-06; GrantId=grant-6; Attempt=1
2026-06-03T19:24:43.8051525+00:00	WorkerStarting	BridgeL01L02	meta-pipeline
2026-06-03T19:24:43.8877970+00:00	WorkerStarted	BridgeL01L02	27060
2026-06-03T19:24:43.8882132+00:00	WorkerControlPipe	BridgeL01L02	meta-orchestration-5ffc994325fe4fbb8e50f2cccd0390f0
2026-06-03T19:24:43.8885378+00:00	WorkerLog	BridgeL01L02	stdout=C:\Users\jimmy\Desktop\meta-bi\Samples\Demos\MetaOrchestrationHairballCliIntegration\Runs\hairball-seed-20260530\RunArtifacts\runs\20260603-192440_c12f9e0cb1fc43a9a0146173e2224328\logs\BridgeL01L02-27060.stdout.log; stderr=C:\Users\jimmy\Desktop\meta-bi\Samples\Demos\MetaOrchestrationHairballCliIntegration\Runs\hairball-seed-20260530\RunArtifacts\runs\20260603-192440_c12f9e0cb1fc43a9a0146173e2224328\logs\BridgeL01L02-27060.stderr.log
2026-06-03T19:24:43.8889655+00:00	WorkerEvent	ExtractSeed05.extract-seed-05	GrantAccepted; ExitCode=0; 
2026-06-03T19:24:43.8896312+00:00	WorkerEvent	ExtractSeed06.extract-seed-06	GrantAccepted; ExitCode=0; 
2026-06-03T19:24:43.8902469+00:00	WorkerEvent	ExtractSeed05.extract-seed-05	TaskStarted; ExitCode=0; 
2026-06-03T19:24:43.8908042+00:00	WorkerEvent	ExtractSeed06.extract-seed-06	TaskStarted; ExitCode=0; 
2026-06-03T19:24:43.8913361+00:00	WorkerEvent	ExtractSeed07	PipelineStarted; ExitCode=0; pipeline started
2026-06-03T19:24:43.8933106+00:00	WorkerStarting	BridgeL03L04	meta-pipeline
2026-06-03T19:24:43.9799942+00:00	WorkerStarted	BridgeL03L04	31028
2026-06-03T19:24:43.9803799+00:00	WorkerControlPipe	BridgeL03L04	meta-orchestration-6b0365e6e7544f629bd5e2d40857080e
2026-06-03T19:24:43.9806912+00:00	WorkerLog	BridgeL03L04	stdout=C:\Users\jimmy\Desktop\meta-bi\Samples\Demos\MetaOrchestrationHairballCliIntegration\Runs\hairball-seed-20260530\RunArtifacts\runs\20260603-192440_c12f9e0cb1fc43a9a0146173e2224328\logs\BridgeL03L04-31028.stdout.log; stderr=C:\Users\jimmy\Desktop\meta-bi\Samples\Demos\MetaOrchestrationHairballCliIntegration\Runs\hairball-seed-20260530\RunArtifacts\runs\20260603-192440_c12f9e0cb1fc43a9a0146173e2224328\logs\BridgeL03L04-31028.stderr.log
2026-06-03T19:24:43.9810902+00:00	WorkerEvent	BridgeL01L02	WorkerOnline; ExitCode=0; online
2026-06-03T19:24:43.9817753+00:00	WorkerEvent	ExtractSeed07.extract-seed-07	TaskReady; ExitCode=0; 
2026-06-03T19:24:43.9826457+00:00	WorkerEvent	BridgeL01L02	WorkerReady; ExitCode=0; ready
2026-06-03T19:24:43.9868892+00:00	StartPipeline	BridgeL01L02	BridgeL01L02
2026-06-03T19:24:43.9891207+00:00	GrantTask	ExtractSeed07.extract-seed-07	ExtractSeed07.extract-seed-07; GrantId=grant-7; Attempt=1
2026-06-03T19:24:43.9895729+00:00	WorkerStarting	BridgeL05L06	meta-pipeline
2026-06-03T19:24:44.3104836+00:00	WorkerStarted	BridgeL05L06	6656
2026-06-03T19:24:44.3110195+00:00	WorkerControlPipe	BridgeL05L06	meta-orchestration-2c4a0cc172e944f09ac8c4fe6d4cdd46
2026-06-03T19:24:44.3113244+00:00	WorkerLog	BridgeL05L06	stdout=C:\Users\jimmy\Desktop\meta-bi\Samples\Demos\MetaOrchestrationHairballCliIntegration\Runs\hairball-seed-20260530\RunArtifacts\runs\20260603-192440_c12f9e0cb1fc43a9a0146173e2224328\logs\BridgeL05L06-6656.stdout.log; stderr=C:\Users\jimmy\Desktop\meta-bi\Samples\Demos\MetaOrchestrationHairballCliIntegration\Runs\hairball-seed-20260530\RunArtifacts\runs\20260603-192440_c12f9e0cb1fc43a9a0146173e2224328\logs\BridgeL05L06-6656.stderr.log
2026-06-03T19:24:44.3116930+00:00	WorkerEvent	BridgeL03L04	WorkerOnline; ExitCode=0; online
2026-06-03T19:24:44.3126552+00:00	WorkerEvent	BridgeL05L06	WorkerOnline; ExitCode=0; online
2026-06-03T19:24:44.3134075+00:00	WorkerEvent	ExtractSeed05.extract-seed-05	TaskSucceeded; ExitCode=0; 
2026-06-03T19:24:44.3140543+00:00	TaskSucceeded	ExtractSeed05.extract-seed-05	0
2026-06-03T19:24:44.3145250+00:00	WorkerEvent	BridgeL05L06	WorkerReady; ExitCode=0; ready
2026-06-03T19:24:44.3200045+00:00	StartPipeline	BridgeL05L06	BridgeL05L06
2026-06-03T19:24:44.3206887+00:00	WorkerEvent	BridgeL03L04	WorkerReady; ExitCode=0; ready
2026-06-03T19:24:44.3213047+00:00	StartPipeline	BridgeL03L04	BridgeL03L04
2026-06-03T19:24:44.3222520+00:00	WorkerEvent	ExtractSeed06.extract-seed-06	TaskSucceeded; ExitCode=0; 
2026-06-03T19:24:44.3234412+00:00	TaskSucceeded	ExtractSeed06.extract-seed-06	0
2026-06-03T19:24:44.3239081+00:00	WorkerEvent	ExtractSeed07.extract-seed-07	GrantAccepted; ExitCode=0; 
2026-06-03T19:24:44.3244893+00:00	WorkerEvent	AuditHairball	PipelineStarted; ExitCode=0; pipeline started
2026-06-03T19:24:44.3250417+00:00	WorkerProcessExited	ExtractSeed05	ExitCode=0; worker process exited
2026-06-03T19:24:44.3258502+00:00	PipelineCompleted	ExtractSeed05	
2026-06-03T19:24:44.3261968+00:00	WorkerEvent	ExtractSeed07.extract-seed-07	TaskStarted; ExitCode=0; 
2026-06-03T19:24:44.3268411+00:00	WorkerEvent	AuditHairball.audit-hairball	TaskReady; ExitCode=0; 
2026-06-03T19:24:44.3273699+00:00	WorkerProcessExited	ExtractSeed06	ExitCode=0; worker process exited
2026-06-03T19:24:44.3279289+00:00	PipelineCompleted	ExtractSeed06	
2026-06-03T19:24:44.3282180+00:00	WorkerEvent	ExtractSeed08	PipelineStarted; ExitCode=0; pipeline started
2026-06-03T19:24:44.3304717+00:00	WorkerStarting	BridgeL07L08	meta-pipeline
2026-06-03T19:24:44.4235985+00:00	WorkerStarted	BridgeL07L08	9900
2026-06-03T19:24:44.4239367+00:00	WorkerControlPipe	BridgeL07L08	meta-orchestration-1bde2987a49944bc9616cb6ec28fc794
2026-06-03T19:24:44.4243105+00:00	WorkerLog	BridgeL07L08	stdout=C:\Users\jimmy\Desktop\meta-bi\Samples\Demos\MetaOrchestrationHairballCliIntegration\Runs\hairball-seed-20260530\RunArtifacts\runs\20260603-192440_c12f9e0cb1fc43a9a0146173e2224328\logs\BridgeL07L08-9900.stdout.log; stderr=C:\Users\jimmy\Desktop\meta-bi\Samples\Demos\MetaOrchestrationHairballCliIntegration\Runs\hairball-seed-20260530\RunArtifacts\runs\20260603-192440_c12f9e0cb1fc43a9a0146173e2224328\logs\BridgeL07L08-9900.stderr.log
2026-06-03T19:24:44.4247096+00:00	WorkerEvent	ExtractSeed08.extract-seed-08	TaskReady; ExitCode=0; 
2026-06-03T19:24:44.4272871+00:00	GrantTask	ExtractSeed08.extract-seed-08	ExtractSeed08.extract-seed-08; GrantId=grant-8; Attempt=1
2026-06-03T19:24:44.4276548+00:00	WorkerStarting	CompositeMart	meta-pipeline
2026-06-03T19:24:44.7991029+00:00	WorkerStarted	CompositeMart	4080
2026-06-03T19:24:44.7997466+00:00	WorkerControlPipe	CompositeMart	meta-orchestration-cfba0c2796c7468f8307fb736b1bb6b4
2026-06-03T19:24:44.8001215+00:00	WorkerLog	CompositeMart	stdout=C:\Users\jimmy\Desktop\meta-bi\Samples\Demos\MetaOrchestrationHairballCliIntegration\Runs\hairball-seed-20260530\RunArtifacts\runs\20260603-192440_c12f9e0cb1fc43a9a0146173e2224328\logs\CompositeMart-4080.stdout.log; stderr=C:\Users\jimmy\Desktop\meta-bi\Samples\Demos\MetaOrchestrationHairballCliIntegration\Runs\hairball-seed-20260530\RunArtifacts\runs\20260603-192440_c12f9e0cb1fc43a9a0146173e2224328\logs\CompositeMart-4080.stderr.log
2026-06-03T19:24:44.8005835+00:00	WorkerEvent	BridgeL01L02	PipelineStarted; ExitCode=0; pipeline started
2026-06-03T19:24:44.8015865+00:00	WorkerEvent	BridgeL07L08	WorkerOnline; ExitCode=0; online
2026-06-03T19:24:44.8025262+00:00	WorkerEvent	ExtractSeed07.extract-seed-07	TaskSucceeded; ExitCode=0; 
2026-06-03T19:24:44.8031853+00:00	TaskSucceeded	ExtractSeed07.extract-seed-07	0
2026-06-03T19:24:44.8035957+00:00	WorkerEvent	ExtractSeed08.extract-seed-08	GrantAccepted; ExitCode=0; 
2026-06-03T19:24:44.8048578+00:00	WorkerStarting	Layer01Node06	meta-pipeline
2026-06-03T19:24:45.4010032+00:00	WorkerStarted	Layer01Node06	20756
2026-06-03T19:24:45.4014423+00:00	WorkerControlPipe	Layer01Node06	meta-orchestration-5cf7095253844470bfd5bc0223b44bc9
2026-06-03T19:24:45.4017511+00:00	WorkerLog	Layer01Node06	stdout=C:\Users\jimmy\Desktop\meta-bi\Samples\Demos\MetaOrchestrationHairballCliIntegration\Runs\hairball-seed-20260530\RunArtifacts\runs\20260603-192440_c12f9e0cb1fc43a9a0146173e2224328\logs\Layer01Node06-20756.stdout.log; stderr=C:\Users\jimmy\Desktop\meta-bi\Samples\Demos\MetaOrchestrationHairballCliIntegration\Runs\hairball-seed-20260530\RunArtifacts\runs\20260603-192440_c12f9e0cb1fc43a9a0146173e2224328\logs\Layer01Node06-20756.stderr.log
2026-06-03T19:24:45.4021840+00:00	WorkerEvent	BridgeL01L02.bridge-l01-l02-collect	TaskReady; ExitCode=0; 
2026-06-03T19:24:45.4030011+00:00	WorkerEvent	CompositeMart	WorkerOnline; ExitCode=0; online
2026-06-03T19:24:45.4036010+00:00	WorkerEvent	BridgeL07L08	WorkerReady; ExitCode=0; ready
2026-06-03T19:24:45.4043884+00:00	StartPipeline	BridgeL07L08	BridgeL07L08
2026-06-03T19:24:45.4051029+00:00	WorkerEvent	BridgeL05L06	PipelineStarted; ExitCode=0; pipeline started
2026-06-03T19:24:45.4057119+00:00	WorkerEvent	BridgeL03L04	PipelineStarted; ExitCode=0; pipeline started
2026-06-03T19:24:45.4065275+00:00	WorkerEvent	CompositeMart	WorkerReady; ExitCode=0; ready
2026-06-03T19:24:46.4093664+00:00	StartPipeline	CompositeMart	CompositeMart
2026-06-03T19:24:46.4102072+00:00	WorkerEvent	BridgeL05L06.bridge-l05-l06-collect	TaskReady; ExitCode=0; 
2026-06-03T19:24:46.4109394+00:00	WorkerEvent	BridgeL03L04.bridge-l03-l04-collect	TaskReady; ExitCode=0; 
2026-06-03T19:24:46.4117335+00:00	WorkerEvent	Layer01Node06	WorkerOnline; ExitCode=0; online
2026-06-03T19:24:46.4124166+00:00	WorkerEvent	ExtractSeed08.extract-seed-08	TaskStarted; ExitCode=0; 
2026-06-03T19:24:46.4131060+00:00	WorkerProcessExited	ExtractSeed07	ExitCode=0; worker process exited
2026-06-03T19:24:46.4137640+00:00	PipelineCompleted	ExtractSeed07	
2026-06-03T19:24:46.4156822+00:00	WorkerStarting	Layer01Hub	meta-pipeline
2026-06-03T19:24:46.4942368+00:00	WorkerStarted	Layer01Hub	29756
2026-06-03T19:24:46.4945810+00:00	WorkerControlPipe	Layer01Hub	meta-orchestration-3f5843eeefcd4df3979677724693e355
2026-06-03T19:24:46.4949332+00:00	WorkerLog	Layer01Hub	stdout=C:\Users\jimmy\Desktop\meta-bi\Samples\Demos\MetaOrchestrationHairballCliIntegration\Runs\hairball-seed-20260530\RunArtifacts\runs\20260603-192440_c12f9e0cb1fc43a9a0146173e2224328\logs\Layer01Hub-29756.stdout.log; stderr=C:\Users\jimmy\Desktop\meta-bi\Samples\Demos\MetaOrchestrationHairballCliIntegration\Runs\hairball-seed-20260530\RunArtifacts\runs\20260603-192440_c12f9e0cb1fc43a9a0146173e2224328\logs\Layer01Hub-29756.stderr.log
2026-06-03T19:24:46.4952989+00:00	WorkerEvent	CompositeMart	PipelineStarted; ExitCode=0; pipeline started
2026-06-03T19:24:46.4958018+00:00	WorkerEvent	BridgeL07L08	PipelineStarted; ExitCode=0; pipeline started
2026-06-03T19:24:46.4962977+00:00	WorkerEvent	Layer01Node06	WorkerReady; ExitCode=0; ready
2026-06-03T19:24:46.4973313+00:00	StartPipeline	Layer01Node06	Layer01Node06
2026-06-03T19:24:46.4982074+00:00	WorkerEvent	CompositeMart.composite-stage	TaskReady; ExitCode=0; 
2026-06-03T19:24:46.4990072+00:00	WorkerEvent	BridgeL07L08.bridge-l07-l08-collect	TaskReady; ExitCode=0; 
2026-06-03T19:24:46.4998986+00:00	WorkerEvent	ExtractSeed08.extract-seed-08	TaskSucceeded; ExitCode=0; 
2026-06-03T19:24:46.5009992+00:00	TaskSucceeded	ExtractSeed08.extract-seed-08	0
2026-06-03T19:24:46.5014000+00:00	WorkerProcessExited	ExtractSeed08	ExitCode=0; worker process exited
2026-06-03T19:24:46.5020932+00:00	PipelineCompleted	ExtractSeed08	
2026-06-03T19:24:46.5028776+00:00	WorkerStarting	Layer01Node01	meta-pipeline
2026-06-03T19:24:47.4270495+00:00	WorkerStarted	Layer01Node01	5776
2026-06-03T19:24:47.4275003+00:00	WorkerControlPipe	Layer01Node01	meta-orchestration-f15d7aa1cfa74bab9dbf8f72764e3537
2026-06-03T19:24:47.4277386+00:00	WorkerLog	Layer01Node01	stdout=C:\Users\jimmy\Desktop\meta-bi\Samples\Demos\MetaOrchestrationHairballCliIntegration\Runs\hairball-seed-20260530\RunArtifacts\runs\20260603-192440_c12f9e0cb1fc43a9a0146173e2224328\logs\Layer01Node01-5776.stdout.log; stderr=C:\Users\jimmy\Desktop\meta-bi\Samples\Demos\MetaOrchestrationHairballCliIntegration\Runs\hairball-seed-20260530\RunArtifacts\runs\20260603-192440_c12f9e0cb1fc43a9a0146173e2224328\logs\Layer01Node01-5776.stderr.log
2026-06-03T19:24:47.4280654+00:00	WorkerEvent	Layer01Hub	WorkerOnline; ExitCode=0; online
2026-06-03T19:24:47.4289622+00:00	WorkerStarting	Layer01Node07	meta-pipeline
2026-06-03T19:24:48.4417365+00:00	WorkerStarted	Layer01Node07	16108
2026-06-03T19:24:48.4437228+00:00	WorkerControlPipe	Layer01Node07	meta-orchestration-a969e4d3e5e34b079c8ef327e1165d76
2026-06-03T19:24:48.4447680+00:00	WorkerLog	Layer01Node07	stdout=C:\Users\jimmy\Desktop\meta-bi\Samples\Demos\MetaOrchestrationHairballCliIntegration\Runs\hairball-seed-20260530\RunArtifacts\runs\20260603-192440_c12f9e0cb1fc43a9a0146173e2224328\logs\Layer01Node07-16108.stdout.log; stderr=C:\Users\jimmy\Desktop\meta-bi\Samples\Demos\MetaOrchestrationHairballCliIntegration\Runs\hairball-seed-20260530\RunArtifacts\runs\20260603-192440_c12f9e0cb1fc43a9a0146173e2224328\logs\Layer01Node07-16108.stderr.log
2026-06-03T19:24:48.4452555+00:00	WorkerEvent	Layer01Hub	WorkerReady; ExitCode=0; ready
2026-06-03T19:24:48.4461309+00:00	StartPipeline	Layer01Hub	Layer01Hub
2026-06-03T19:24:48.4468448+00:00	WorkerEvent	Layer01Node06	PipelineStarted; ExitCode=0; pipeline started
2026-06-03T19:24:48.4476893+00:00	WorkerEvent	Layer01Node01	WorkerOnline; ExitCode=0; online
2026-06-03T19:24:48.4486093+00:00	WorkerEvent	Layer01Node07	WorkerOnline; ExitCode=0; online
2026-06-03T19:24:48.4495289+00:00	WorkerStarting	Layer03Node09	meta-pipeline
2026-06-03T19:24:49.4514493+00:00	WorkerStarted	Layer03Node09	22188
2026-06-03T19:24:49.4529856+00:00	WorkerControlPipe	Layer03Node09	meta-orchestration-8f15b2b49cbb45768cb0fe637491b358
2026-06-03T19:24:49.4542229+00:00	WorkerLog	Layer03Node09	stdout=C:\Users\jimmy\Desktop\meta-bi\Samples\Demos\MetaOrchestrationHairballCliIntegration\Runs\hairball-seed-20260530\RunArtifacts\runs\20260603-192440_c12f9e0cb1fc43a9a0146173e2224328\logs\Layer03Node09-22188.stdout.log; stderr=C:\Users\jimmy\Desktop\meta-bi\Samples\Demos\MetaOrchestrationHairballCliIntegration\Runs\hairball-seed-20260530\RunArtifacts\runs\20260603-192440_c12f9e0cb1fc43a9a0146173e2224328\logs\Layer03Node09-22188.stderr.log
2026-06-03T19:24:49.4553261+00:00	WorkerEvent	Layer01Node06.refresh-l01-n06	TaskReady; ExitCode=0; 
2026-06-03T19:24:49.4559029+00:00	WorkerEvent	Layer01Node01	WorkerReady; ExitCode=0; ready
2026-06-03T19:24:49.4565345+00:00	StartPipeline	Layer01Node01	Layer01Node01
2026-06-03T19:24:49.4571228+00:00	WorkerEvent	Layer01Hub	PipelineStarted; ExitCode=0; pipeline started
2026-06-03T19:24:49.4577518+00:00	WorkerEvent	Layer01Node07	WorkerReady; ExitCode=0; ready
2026-06-03T19:24:49.4584000+00:00	StartPipeline	Layer01Node07	Layer01Node07
2026-06-03T19:24:49.4589460+00:00	WorkerEvent	Layer01Hub.hub-l01-stage	TaskReady; ExitCode=0; 
2026-06-03T19:24:49.4594763+00:00	WorkerEvent	Layer03Node09	WorkerOnline; ExitCode=0; online
2026-06-03T19:24:49.4614658+00:00	GrantTask	Layer01Node06.refresh-l01-n06	Layer01Node06.refresh-l01-n06; GrantId=grant-9; Attempt=1
2026-06-03T19:24:49.4617654+00:00	WorkerStarting	Layer01Node02	meta-pipeline
2026-06-03T19:24:50.4682244+00:00	WorkerStarted	Layer01Node02	9592
2026-06-03T19:24:50.4687054+00:00	WorkerControlPipe	Layer01Node02	meta-orchestration-3358cb9d71aa4df4ad3efd53040422f6
2026-06-03T19:24:50.4690344+00:00	WorkerLog	Layer01Node02	stdout=C:\Users\jimmy\Desktop\meta-bi\Samples\Demos\MetaOrchestrationHairballCliIntegration\Runs\hairball-seed-20260530\RunArtifacts\runs\20260603-192440_c12f9e0cb1fc43a9a0146173e2224328\logs\Layer01Node02-9592.stdout.log; stderr=C:\Users\jimmy\Desktop\meta-bi\Samples\Demos\MetaOrchestrationHairballCliIntegration\Runs\hairball-seed-20260530\RunArtifacts\runs\20260603-192440_c12f9e0cb1fc43a9a0146173e2224328\logs\Layer01Node02-9592.stderr.log
2026-06-03T19:24:50.4694552+00:00	WorkerEvent	Layer01Node06.refresh-l01-n06	GrantAccepted; ExitCode=0; 
2026-06-03T19:24:50.4702981+00:00	WorkerEvent	Layer03Node09	WorkerReady; ExitCode=0; ready
2026-06-03T19:24:50.4740877+00:00	StartPipeline	Layer03Node09	Layer03Node09
2026-06-03T19:24:50.4748521+00:00	WorkerEvent	Layer01Node06.refresh-l01-n06	TaskStarted; ExitCode=0; 
2026-06-03T19:24:50.4755155+00:00	WorkerEvent	Layer01Node01	PipelineStarted; ExitCode=0; pipeline started
2026-06-03T19:24:50.4760801+00:00	WorkerEvent	Layer01Node07	PipelineStarted; ExitCode=0; pipeline started
2026-06-03T19:24:50.4767126+00:00	WorkerEvent	Layer01Node02	WorkerOnline; ExitCode=0; online
2026-06-03T19:24:50.4868035+00:00	WorkerEvent	Layer01Node01.export-l01-n01	TaskReady; ExitCode=0; 
2026-06-03T19:24:50.4896600+00:00	GrantTask	Layer01Node01.export-l01-n01	Layer01Node01.export-l01-n01; GrantId=grant-10; Attempt=1
2026-06-03T19:24:50.4901271+00:00	WorkerEvent	Layer01Node07.refresh-l01-n07	TaskReady; ExitCode=0; 
2026-06-03T19:24:50.4909121+00:00	WorkerEvent	Layer01Node02	WorkerReady; ExitCode=0; ready
2026-06-03T19:24:50.4917862+00:00	StartPipeline	Layer01Node02	Layer01Node02
2026-06-03T19:24:50.4924277+00:00	WorkerEvent	Layer01Node01.export-l01-n01	GrantAccepted; ExitCode=0; 
2026-06-03T19:24:50.4950440+00:00	GrantTask	Layer01Node07.refresh-l01-n07	Layer01Node07.refresh-l01-n07; GrantId=grant-11; Attempt=1
2026-06-03T19:24:50.4958853+00:00	WorkerEvent	Layer01Node01.export-l01-n01	TaskStarted; ExitCode=0; 
2026-06-03T19:24:50.4991647+00:00	WorkerEvent	Layer01Node07.refresh-l01-n07	GrantAccepted; ExitCode=0; 
2026-06-03T19:24:50.5018666+00:00	WorkerEvent	Layer01Node07.refresh-l01-n07	TaskStarted; ExitCode=0; 
2026-06-03T19:24:50.8993167+00:00	WorkerEvent	Layer01Node06.refresh-l01-n06	TaskSucceeded; ExitCode=0; 
2026-06-03T19:24:50.9000622+00:00	TaskSucceeded	Layer01Node06.refresh-l01-n06	0
2026-06-03T19:24:50.9023844+00:00	WorkerDeferredForCapacity	AuditHairball	Deferred by orchestration to honor max active worker process capacity.
2026-06-03T19:24:50.9028646+00:00	StopPipeline	AuditHairball	Deferred by orchestration to honor max active worker process capacity.
2026-06-03T19:24:50.9036170+00:00	WorkerProcessExited	Layer01Node06	ExitCode=0; worker process exited
2026-06-03T19:24:50.9042973+00:00	PipelineCompleted	Layer01Node06	
2026-06-03T19:24:50.9051875+00:00	WorkerStarting	Layer02Node03	meta-pipeline
2026-06-03T19:24:50.9947040+00:00	WorkerStarted	Layer02Node03	9240
2026-06-03T19:24:50.9950051+00:00	WorkerControlPipe	Layer02Node03	meta-orchestration-43127676a14a4e8eaceba96e888be29e
2026-06-03T19:24:50.9952362+00:00	WorkerLog	Layer02Node03	stdout=C:\Users\jimmy\Desktop\meta-bi\Samples\Demos\MetaOrchestrationHairballCliIntegration\Runs\hairball-seed-20260530\RunArtifacts\runs\20260603-192440_c12f9e0cb1fc43a9a0146173e2224328\logs\Layer02Node03-9240.stdout.log; stderr=C:\Users\jimmy\Desktop\meta-bi\Samples\Demos\MetaOrchestrationHairballCliIntegration\Runs\hairball-seed-20260530\RunArtifacts\runs\20260603-192440_c12f9e0cb1fc43a9a0146173e2224328\logs\Layer02Node03-9240.stderr.log
2026-06-03T19:24:50.9956274+00:00	WorkerEvent	AuditHairball	Closed; ExitCode=0; worker control channel closed
2026-06-03T19:24:50.9959134+00:00	WorkerProcessExited	AuditHairball	ExitCode=0; worker control channel closed
2026-06-03T19:24:50.9973716+00:00	WorkerDeferred	AuditHairball	ResumeTaskId=AuditHairball.audit-hairball
2026-06-03T19:24:50.9977759+00:00	WorkerEvent	Layer01Node07.refresh-l01-n07	TaskSucceeded; ExitCode=0; 
2026-06-03T19:24:50.9984222+00:00	TaskSucceeded	Layer01Node07.refresh-l01-n07	0
2026-06-03T19:24:50.9989478+00:00	WorkerEvent	Layer03Node09	PipelineStarted; ExitCode=0; pipeline started
2026-06-03T19:24:50.9996421+00:00	WorkerEvent	Layer01Node02	PipelineStarted; ExitCode=0; pipeline started
2026-06-03T19:24:51.0001155+00:00	WorkerEvent	Layer03Node09.refresh-l03-n09	TaskReady; ExitCode=0; 
2026-06-03T19:24:51.0006061+00:00	WorkerEvent	Layer01Node02.select-l01-n02	TaskReady; ExitCode=0; 
2026-06-03T19:24:51.0011255+00:00	WorkerProcessExited	Layer01Node07	ExitCode=0; worker process exited
2026-06-03T19:24:51.0016785+00:00	PipelineCompleted	Layer01Node07	
2026-06-03T19:24:51.0028380+00:00	GrantTask	Layer03Node09.refresh-l03-n09	Layer03Node09.refresh-l03-n09; GrantId=grant-12; Attempt=1
2026-06-03T19:24:51.0031457+00:00	WorkerResuming	AuditHairball	ResumeTaskId=AuditHairball.audit-hairball; Executable=meta-pipeline
2026-06-03T19:24:51.0766969+00:00	WorkerStarted	AuditHairball	22084
2026-06-03T19:24:51.0769766+00:00	WorkerControlPipe	AuditHairball	meta-orchestration-f5ef4ed7142e47e698d544e5d82c9000
2026-06-03T19:24:51.0772268+00:00	WorkerLog	AuditHairball	stdout=C:\Users\jimmy\Desktop\meta-bi\Samples\Demos\MetaOrchestrationHairballCliIntegration\Runs\hairball-seed-20260530\RunArtifacts\runs\20260603-192440_c12f9e0cb1fc43a9a0146173e2224328\logs\AuditHairball-22084.stdout.log; stderr=C:\Users\jimmy\Desktop\meta-bi\Samples\Demos\MetaOrchestrationHairballCliIntegration\Runs\hairball-seed-20260530\RunArtifacts\runs\20260603-192440_c12f9e0cb1fc43a9a0146173e2224328\logs\AuditHairball-22084.stderr.log
2026-06-03T19:24:51.0775485+00:00	WorkerEvent	Layer02Node03	WorkerOnline; ExitCode=0; online
2026-06-03T19:24:51.0780786+00:00	WorkerEvent	Layer01Node01.export-l01-n01	TaskSucceeded; ExitCode=0; 
2026-06-03T19:24:51.0787425+00:00	TaskSucceeded	Layer01Node01.export-l01-n01	0
2026-06-03T19:24:51.0791517+00:00	WorkerEvent	Layer02Node03	WorkerReady; ExitCode=0; ready
2026-06-03T19:24:51.0832129+00:00	StartPipeline	Layer02Node03	Layer02Node03
2026-06-03T19:24:51.0841805+00:00	WorkerEvent	Layer03Node09.refresh-l03-n09	GrantAccepted; ExitCode=0; 
2026-06-03T19:24:51.0849187+00:00	WorkerProcessExited	Layer01Node01	ExitCode=0; worker process exited
2026-06-03T19:24:51.0858236+00:00	PipelineCompleted	Layer01Node01	
2026-06-03T19:24:51.0863938+00:00	WorkerEvent	Layer03Node09.refresh-l03-n09	TaskStarted; ExitCode=0; 
2026-06-03T19:24:51.0876282+00:00	GrantTask	Layer01Node02.select-l01-n02	Layer01Node02.select-l01-n02; GrantId=grant-13; Attempt=1
2026-06-03T19:24:51.0881669+00:00	WorkerStarting	Layer01Node04	meta-pipeline
2026-06-03T19:24:51.3761223+00:00	WorkerStarted	Layer01Node04	4932
2026-06-03T19:24:51.3765913+00:00	WorkerControlPipe	Layer01Node04	meta-orchestration-808fb21b1bb64161aa3274f5059d0675
2026-06-03T19:24:51.3768849+00:00	WorkerLog	Layer01Node04	stdout=C:\Users\jimmy\Desktop\meta-bi\Samples\Demos\MetaOrchestrationHairballCliIntegration\Runs\hairball-seed-20260530\RunArtifacts\runs\20260603-192440_c12f9e0cb1fc43a9a0146173e2224328\logs\Layer01Node04-4932.stdout.log; stderr=C:\Users\jimmy\Desktop\meta-bi\Samples\Demos\MetaOrchestrationHairballCliIntegration\Runs\hairball-seed-20260530\RunArtifacts\runs\20260603-192440_c12f9e0cb1fc43a9a0146173e2224328\logs\Layer01Node04-4932.stderr.log
2026-06-03T19:24:51.3772307+00:00	WorkerEvent	Layer01Node04	WorkerOnline; ExitCode=0; online
2026-06-03T19:24:51.3778049+00:00	WorkerEvent	AuditHairball	WorkerOnline; ExitCode=0; online
2026-06-03T19:24:51.3784325+00:00	WorkerEvent	Layer01Node04	WorkerReady; ExitCode=0; ready
2026-06-03T19:24:51.3817356+00:00	StartPipeline	Layer01Node04	Layer01Node04
2026-06-03T19:24:51.3825570+00:00	WorkerEvent	AuditHairball	WorkerReady; ExitCode=0; ready
2026-06-03T19:24:51.3835679+00:00	StartPipeline	AuditHairball	AuditHairball
2026-06-03T19:24:51.3841901+00:00	WorkerEvent	Layer03Node09.refresh-l03-n09	TaskSucceeded; ExitCode=0; 
2026-06-03T19:24:51.3846788+00:00	TaskSucceeded	Layer03Node09.refresh-l03-n09	0
2026-06-03T19:24:51.3849660+00:00	WorkerEvent	Layer01Node02.select-l01-n02	GrantAccepted; ExitCode=0; 
2026-06-03T19:24:51.3862839+00:00	WorkerProcessExited	Layer03Node09	ExitCode=0; worker process exited
2026-06-03T19:24:51.3868157+00:00	PipelineCompleted	Layer03Node09	
2026-06-03T19:24:51.3871010+00:00	WorkerEvent	Layer01Node02.select-l01-n02	TaskStarted; ExitCode=0; 
2026-06-03T19:24:51.3892621+00:00	WorkerStarting	Layer01Node03	meta-pipeline
2026-06-03T19:24:51.7203034+00:00	WorkerStarted	Layer01Node03	28600
2026-06-03T19:24:51.7208344+00:00	WorkerControlPipe	Layer01Node03	meta-orchestration-4a26d0a6c3924a50ae2d31fbaad2a253
2026-06-03T19:24:51.7211105+00:00	WorkerLog	Layer01Node03	stdout=C:\Users\jimmy\Desktop\meta-bi\Samples\Demos\MetaOrchestrationHairballCliIntegration\Runs\hairball-seed-20260530\RunArtifacts\runs\20260603-192440_c12f9e0cb1fc43a9a0146173e2224328\logs\Layer01Node03-28600.stdout.log; stderr=C:\Users\jimmy\Desktop\meta-bi\Samples\Demos\MetaOrchestrationHairballCliIntegration\Runs\hairball-seed-20260530\RunArtifacts\runs\20260603-192440_c12f9e0cb1fc43a9a0146173e2224328\logs\Layer01Node03-28600.stderr.log
2026-06-03T19:24:51.7215080+00:00	WorkerEvent	Layer02Node03	PipelineStarted; ExitCode=0; pipeline started
2026-06-03T19:24:51.7221482+00:00	WorkerEvent	Layer01Node03	WorkerOnline; ExitCode=0; online
2026-06-03T19:24:51.7229991+00:00	WorkerEvent	Layer02Node03.select-l02-n03	TaskReady; ExitCode=0; 
2026-06-03T19:24:51.7236463+00:00	WorkerEvent	Layer01Node03	WorkerReady; ExitCode=0; ready
2026-06-03T19:24:51.7274062+00:00	StartPipeline	Layer01Node03	Layer01Node03
2026-06-03T19:24:51.7282183+00:00	WorkerEvent	Layer01Node02.select-l01-n02	TaskSucceeded; ExitCode=0; 
2026-06-03T19:24:51.7290697+00:00	TaskSucceeded	Layer01Node02.select-l01-n02	0
2026-06-03T19:24:51.7297556+00:00	WorkerProcessExited	Layer01Node02	ExitCode=0; worker process exited
2026-06-03T19:24:51.7308116+00:00	PipelineCompleted	Layer01Node02	
2026-06-03T19:24:51.7321309+00:00	GrantTask	Layer02Node03.select-l02-n03	Layer02Node03.select-l02-n03; GrantId=grant-14; Attempt=1
2026-06-03T19:24:51.7325811+00:00	WorkerStarting	Layer01Node05	meta-pipeline
2026-06-03T19:24:52.5070798+00:00	WorkerStarted	Layer01Node05	24236
2026-06-03T19:24:52.5076257+00:00	WorkerControlPipe	Layer01Node05	meta-orchestration-b306c369633644acad7f226d406f8fce
2026-06-03T19:24:52.5080818+00:00	WorkerLog	Layer01Node05	stdout=C:\Users\jimmy\Desktop\meta-bi\Samples\Demos\MetaOrchestrationHairballCliIntegration\Runs\hairball-seed-20260530\RunArtifacts\runs\20260603-192440_c12f9e0cb1fc43a9a0146173e2224328\logs\Layer01Node05-24236.stdout.log; stderr=C:\Users\jimmy\Desktop\meta-bi\Samples\Demos\MetaOrchestrationHairballCliIntegration\Runs\hairball-seed-20260530\RunArtifacts\runs\20260603-192440_c12f9e0cb1fc43a9a0146173e2224328\logs\Layer01Node05-24236.stderr.log
2026-06-03T19:24:52.5087811+00:00	WorkerEvent	Layer02Node03.select-l02-n03	GrantAccepted; ExitCode=0; 
2026-06-03T19:24:52.5094759+00:00	WorkerEvent	AuditHairball	PipelineStarted; ExitCode=0; pipeline started
2026-06-03T19:24:52.5105206+00:00	WorkerStarting	Layer01Node09	meta-pipeline
2026-06-03T19:24:53.5174549+00:00	WorkerStarted	Layer01Node09	16164
2026-06-03T19:24:53.5186918+00:00	WorkerControlPipe	Layer01Node09	meta-orchestration-3b50fe591d12422cbdaa7c43264a88bb
2026-06-03T19:24:53.5193821+00:00	WorkerLog	Layer01Node09	stdout=C:\Users\jimmy\Desktop\meta-bi\Samples\Demos\MetaOrchestrationHairballCliIntegration\Runs\hairball-seed-20260530\RunArtifacts\runs\20260603-192440_c12f9e0cb1fc43a9a0146173e2224328\logs\Layer01Node09-16164.stdout.log; stderr=C:\Users\jimmy\Desktop\meta-bi\Samples\Demos\MetaOrchestrationHairballCliIntegration\Runs\hairball-seed-20260530\RunArtifacts\runs\20260603-192440_c12f9e0cb1fc43a9a0146173e2224328\logs\Layer01Node09-16164.stderr.log
2026-06-03T19:24:53.5200724+00:00	WorkerEvent	Layer02Node03.select-l02-n03	TaskStarted; ExitCode=0; 
2026-06-03T19:24:53.5216104+00:00	WorkerEvent	Layer01Node04	PipelineStarted; ExitCode=0; pipeline started
2026-06-03T19:24:53.5233505+00:00	WorkerEvent	AuditHairball.audit-hairball	TaskReady; ExitCode=0; 
2026-06-03T19:24:53.5242397+00:00	WorkerEvent	Layer01Node03	PipelineStarted; ExitCode=0; pipeline started
2026-06-03T19:24:53.5250605+00:00	WorkerEvent	Layer01Node05	WorkerOnline; ExitCode=0; online
2026-06-03T19:24:53.5266409+00:00	WorkerEvent	Layer01Node09	WorkerOnline; ExitCode=0; online
2026-06-03T19:24:53.5301237+00:00	WorkerEvent	Layer02Node03.select-l02-n03	TaskSucceeded; ExitCode=0; 
2026-06-03T19:24:53.5308708+00:00	TaskSucceeded	Layer02Node03.select-l02-n03	0
2026-06-03T19:24:53.5315369+00:00	WorkerEvent	Layer02Node03	Closed; ExitCode=-1; worker control channel closed
2026-06-03T19:24:53.5318785+00:00	WorkerProcessExited	Layer02Node03	ExitCode=0; worker control channel closed
2026-06-03T19:24:53.5324453+00:00	PipelineCompleted	Layer02Node03	
2026-06-03T19:24:53.5335378+00:00	WorkerStarting	Layer01Node08	meta-pipeline
2026-06-03T19:24:54.5302988+00:00	WorkerStarted	Layer01Node08	10288
2026-06-03T19:24:54.5307492+00:00	WorkerControlPipe	Layer01Node08	meta-orchestration-1bcc93eb685e49b7853bed7685ebfe71
2026-06-03T19:24:54.5311903+00:00	WorkerLog	Layer01Node08	stdout=C:\Users\jimmy\Desktop\meta-bi\Samples\Demos\MetaOrchestrationHairballCliIntegration\Runs\hairball-seed-20260530\RunArtifacts\runs\20260603-192440_c12f9e0cb1fc43a9a0146173e2224328\logs\Layer01Node08-10288.stdout.log; stderr=C:\Users\jimmy\Desktop\meta-bi\Samples\Demos\MetaOrchestrationHairballCliIntegration\Runs\hairball-seed-20260530\RunArtifacts\runs\20260603-192440_c12f9e0cb1fc43a9a0146173e2224328\logs\Layer01Node08-10288.stderr.log
2026-06-03T19:24:54.5317460+00:00	WorkerEvent	Layer01Node04.export-l01-n04	TaskReady; ExitCode=0; 
2026-06-03T19:24:54.5324680+00:00	WorkerEvent	Layer01Node09	WorkerReady; ExitCode=0; ready
2026-06-03T19:24:54.5333840+00:00	StartPipeline	Layer01Node09	Layer01Node09
2026-06-03T19:24:54.5339549+00:00	WorkerEvent	Layer01Node08	WorkerOnline; ExitCode=0; online
2026-06-03T19:24:54.5346187+00:00	WorkerEvent	Layer01Node03.select-l01-n03	TaskReady; ExitCode=0; 
2026-06-03T19:24:54.5352349+00:00	WorkerEvent	Layer01Node05	WorkerReady; ExitCode=0; ready
2026-06-03T19:24:54.5359594+00:00	StartPipeline	Layer01Node05	Layer01Node05
2026-06-03T19:24:54.5366675+00:00	WorkerEvent	Layer01Node08	WorkerReady; ExitCode=0; ready
2026-06-03T19:24:54.5383292+00:00	StartPipeline	Layer01Node08	Layer01Node08
2026-06-03T19:24:54.5406777+00:00	GrantTask	Layer01Node03.select-l01-n03	Layer01Node03.select-l01-n03; GrantId=grant-15; Attempt=1
2026-06-03T19:24:54.5412421+00:00	GrantTask	Layer01Node04.export-l01-n04	Layer01Node04.export-l01-n04; GrantId=grant-16; Attempt=1
2026-06-03T19:24:54.5417248+00:00	WorkerEvent	Layer01Node03.select-l01-n03	GrantAccepted; ExitCode=0; 
2026-06-03T19:24:54.5437591+00:00	WorkerEvent	Layer01Node04.export-l01-n04	GrantAccepted; ExitCode=0; 
2026-06-03T19:24:54.5471186+00:00	WorkerEvent	Layer01Node03.select-l01-n03	TaskStarted; ExitCode=0; 
2026-06-03T19:24:54.5498094+00:00	WorkerEvent	Layer01Node04.export-l01-n04	TaskStarted; ExitCode=0; 
2026-06-03T19:24:54.9889323+00:00	WorkerEvent	Layer01Node09	PipelineStarted; ExitCode=0; pipeline started
2026-06-03T19:24:54.9913569+00:00	WorkerEvent	Layer01Node09.refresh-l01-n09	TaskReady; ExitCode=0; 
2026-06-03T19:24:54.9934884+00:00	GrantTask	Layer01Node09.refresh-l01-n09	Layer01Node09.refresh-l01-n09; GrantId=grant-17; Attempt=1
2026-06-03T19:24:54.9956069+00:00	WorkerEvent	Layer01Node09.refresh-l01-n09	GrantAccepted; ExitCode=0; 
2026-06-03T19:24:54.9978696+00:00	WorkerEvent	Layer01Node09.refresh-l01-n09	TaskStarted; ExitCode=0; 
2026-06-03T19:24:54.9994331+00:00	WorkerEvent	Layer01Node03.select-l01-n03	TaskSucceeded; ExitCode=0; 
2026-06-03T19:24:55.0000224+00:00	TaskSucceeded	Layer01Node03.select-l01-n03	0
2026-06-03T19:24:55.0008667+00:00	WorkerEvent	Layer01Node03	Closed; ExitCode=-1; worker control channel closed
2026-06-03T19:24:55.0015789+00:00	PipelineCompleted	Layer01Node03	
2026-06-03T19:24:55.0026837+00:00	WorkerStarting	Layer02Hub	meta-pipeline
2026-06-03T19:24:55.0869724+00:00	WorkerStarted	Layer02Hub	31248
2026-06-03T19:24:55.0872795+00:00	WorkerControlPipe	Layer02Hub	meta-orchestration-2de22ecfc24a408db34f04079c029085
2026-06-03T19:24:55.0875492+00:00	WorkerLog	Layer02Hub	stdout=C:\Users\jimmy\Desktop\meta-bi\Samples\Demos\MetaOrchestrationHairballCliIntegration\Runs\hairball-seed-20260530\RunArtifacts\runs\20260603-192440_c12f9e0cb1fc43a9a0146173e2224328\logs\Layer02Hub-31248.stdout.log; stderr=C:\Users\jimmy\Desktop\meta-bi\Samples\Demos\MetaOrchestrationHairballCliIntegration\Runs\hairball-seed-20260530\RunArtifacts\runs\20260603-192440_c12f9e0cb1fc43a9a0146173e2224328\logs\Layer02Hub-31248.stderr.log
2026-06-03T19:24:55.0878937+00:00	WorkerEvent	Layer01Node08	PipelineStarted; ExitCode=0; pipeline started
2026-06-03T19:24:55.0885094+00:00	WorkerEvent	Layer01Node04.export-l01-n04	TaskSucceeded; ExitCode=0; 
2026-06-03T19:24:55.0892843+00:00	TaskSucceeded	Layer01Node04.export-l01-n04	0
2026-06-03T19:24:55.0896930+00:00	WorkerEvent	Layer01Node08.select-l01-n08	TaskReady; ExitCode=0; 
2026-06-03T19:24:55.0904037+00:00	WorkerProcessExited	Layer01Node04	ExitCode=0; worker process exited
2026-06-03T19:24:55.0909308+00:00	PipelineCompleted	Layer01Node04	
2026-06-03T19:24:55.0912033+00:00	WorkerProcessExited	Layer01Node03	ExitCode=0; worker process exited
2026-06-03T19:24:55.0918968+00:00	GrantTask	Layer01Node08.select-l01-n08	Layer01Node08.select-l01-n08; GrantId=grant-18; Attempt=1
2026-06-03T19:24:55.0922603+00:00	WorkerStarting	Layer02Node05	meta-pipeline
2026-06-03T19:24:55.1679068+00:00	WorkerStarted	Layer02Node05	22800
2026-06-03T19:24:55.1682704+00:00	WorkerControlPipe	Layer02Node05	meta-orchestration-59f0692c2546466da3083e728a79f625
2026-06-03T19:24:55.1685553+00:00	WorkerLog	Layer02Node05	stdout=C:\Users\jimmy\Desktop\meta-bi\Samples\Demos\MetaOrchestrationHairballCliIntegration\Runs\hairball-seed-20260530\RunArtifacts\runs\20260603-192440_c12f9e0cb1fc43a9a0146173e2224328\logs\Layer02Node05-22800.stdout.log; stderr=C:\Users\jimmy\Desktop\meta-bi\Samples\Demos\MetaOrchestrationHairballCliIntegration\Runs\hairball-seed-20260530\RunArtifacts\runs\20260603-192440_c12f9e0cb1fc43a9a0146173e2224328\logs\Layer02Node05-22800.stderr.log
2026-06-03T19:24:55.1689581+00:00	WorkerEvent	Layer01Node08.select-l01-n08	GrantAccepted; ExitCode=0; 
2026-06-03T19:24:55.1696239+00:00	WorkerEvent	Layer02Hub	WorkerOnline; ExitCode=0; online
2026-06-03T19:24:55.1703247+00:00	WorkerEvent	Layer01Node05	PipelineStarted; ExitCode=0; pipeline started
2026-06-03T19:24:55.1735008+00:00	WorkerEvent	Layer01Node08.select-l01-n08	TaskStarted; ExitCode=0; 
2026-06-03T19:24:55.1758155+00:00	WorkerEvent	Layer02Hub	WorkerReady; ExitCode=0; ready
2026-06-03T19:24:55.1771324+00:00	StartPipeline	Layer02Hub	Layer02Hub
2026-06-03T19:24:55.1779934+00:00	WorkerEvent	Layer01Node05.export-l01-n05	TaskReady; ExitCode=0; 
2026-06-03T19:24:55.1801072+00:00	GrantTask	Layer01Node05.export-l01-n05	Layer01Node05.export-l01-n05; GrantId=grant-19; Attempt=1
2026-06-03T19:24:55.1815710+00:00	WorkerEvent	Layer01Node05.export-l01-n05	GrantAccepted; ExitCode=0; 
2026-06-03T19:24:55.1835476+00:00	WorkerEvent	Layer01Node05.export-l01-n05	TaskStarted; ExitCode=0; 
2026-06-03T19:24:55.1917545+00:00	WorkerEvent	Layer02Node05	WorkerOnline; ExitCode=0; online
2026-06-03T19:24:55.1949167+00:00	WorkerEvent	Layer02Node05	WorkerReady; ExitCode=0; ready
2026-06-03T19:24:55.1979192+00:00	StartPipeline	Layer02Node05	Layer02Node05
2026-06-03T19:24:55.3271350+00:00	WorkerEvent	Layer01Node09.refresh-l01-n09	TaskSucceeded; ExitCode=0; 
2026-06-03T19:24:55.3281309+00:00	TaskSucceeded	Layer01Node09.refresh-l01-n09	0
2026-06-03T19:24:55.3284586+00:00	WorkerProcessExited	Layer01Node09	ExitCode=0; worker process exited
2026-06-03T19:24:55.3289848+00:00	PipelineCompleted	Layer01Node09	
2026-06-03T19:24:55.3302223+00:00	WorkerStarting	Layer02Node02	meta-pipeline
2026-06-03T19:24:55.5595184+00:00	WorkerStarted	Layer02Node02	26768
2026-06-03T19:24:55.5602527+00:00	WorkerControlPipe	Layer02Node02	meta-orchestration-9f72689a5daf4c04978bc9b28389482c
2026-06-03T19:24:55.5606889+00:00	WorkerLog	Layer02Node02	stdout=C:\Users\jimmy\Desktop\meta-bi\Samples\Demos\MetaOrchestrationHairballCliIntegration\Runs\hairball-seed-20260530\RunArtifacts\runs\20260603-192440_c12f9e0cb1fc43a9a0146173e2224328\logs\Layer02Node02-26768.stdout.log; stderr=C:\Users\jimmy\Desktop\meta-bi\Samples\Demos\MetaOrchestrationHairballCliIntegration\Runs\hairball-seed-20260530\RunArtifacts\runs\20260603-192440_c12f9e0cb1fc43a9a0146173e2224328\logs\Layer02Node02-26768.stderr.log
2026-06-03T19:24:55.5611616+00:00	WorkerEvent	Layer01Node08.select-l01-n08	TaskSucceeded; ExitCode=0; 
2026-06-03T19:24:55.5617546+00:00	TaskSucceeded	Layer01Node08.select-l01-n08	0
2026-06-03T19:24:55.5621636+00:00	WorkerEvent	Layer02Node02	WorkerOnline; ExitCode=0; online
2026-06-03T19:24:55.5633249+00:00	WorkerProcessExited	Layer01Node08	ExitCode=0; worker process exited
2026-06-03T19:24:55.5644243+00:00	PipelineCompleted	Layer01Node08	
2026-06-03T19:24:55.5648924+00:00	WorkerEvent	Layer02Node02	WorkerReady; ExitCode=0; ready
2026-06-03T19:24:55.5684324+00:00	StartPipeline	Layer02Node02	Layer02Node02
2026-06-03T19:24:55.5709813+00:00	WorkerStarting	Layer02Node01	meta-pipeline
2026-06-03T19:24:55.6606961+00:00	WorkerStarted	Layer02Node01	18280
2026-06-03T19:24:55.6610823+00:00	WorkerControlPipe	Layer02Node01	meta-orchestration-302dfae3647547268ccddbdc72f1a514
2026-06-03T19:24:55.6613758+00:00	WorkerLog	Layer02Node01	stdout=C:\Users\jimmy\Desktop\meta-bi\Samples\Demos\MetaOrchestrationHairballCliIntegration\Runs\hairball-seed-20260530\RunArtifacts\runs\20260603-192440_c12f9e0cb1fc43a9a0146173e2224328\logs\Layer02Node01-18280.stdout.log; stderr=C:\Users\jimmy\Desktop\meta-bi\Samples\Demos\MetaOrchestrationHairballCliIntegration\Runs\hairball-seed-20260530\RunArtifacts\runs\20260603-192440_c12f9e0cb1fc43a9a0146173e2224328\logs\Layer02Node01-18280.stderr.log
2026-06-03T19:24:55.6617366+00:00	WorkerEvent	Layer01Node05.export-l01-n05	TaskSucceeded; ExitCode=0; 
2026-06-03T19:24:55.6623313+00:00	TaskSucceeded	Layer01Node05.export-l01-n05	0
2026-06-03T19:24:55.6627091+00:00	WorkerProcessExited	Layer01Node05	ExitCode=0; worker process exited
2026-06-03T19:24:55.6632713+00:00	PipelineCompleted	Layer01Node05	
2026-06-03T19:24:55.6650513+00:00	GrantTask	Layer01Hub.hub-l01-stage	Layer01Hub.hub-l01-stage; GrantId=grant-20; Attempt=1
2026-06-03T19:24:55.6654098+00:00	WorkerStarting	Layer02Node04	meta-pipeline
2026-06-03T19:24:56.5777248+00:00	WorkerStarted	Layer02Node04	28488
2026-06-03T19:24:56.5796468+00:00	WorkerControlPipe	Layer02Node04	meta-orchestration-b5035b2cd12a4cab86bd9ced105d61d6
2026-06-03T19:24:56.5807990+00:00	WorkerLog	Layer02Node04	stdout=C:\Users\jimmy\Desktop\meta-bi\Samples\Demos\MetaOrchestrationHairballCliIntegration\Runs\hairball-seed-20260530\RunArtifacts\runs\20260603-192440_c12f9e0cb1fc43a9a0146173e2224328\logs\Layer02Node04-28488.stdout.log; stderr=C:\Users\jimmy\Desktop\meta-bi\Samples\Demos\MetaOrchestrationHairballCliIntegration\Runs\hairball-seed-20260530\RunArtifacts\runs\20260603-192440_c12f9e0cb1fc43a9a0146173e2224328\logs\Layer02Node04-28488.stderr.log
2026-06-03T19:24:56.5821796+00:00	WorkerEvent	Layer01Hub.hub-l01-stage	GrantAccepted; ExitCode=0; 
2026-06-03T19:24:56.5842726+00:00	WorkerEvent	Layer02Node01	WorkerOnline; ExitCode=0; online
2026-06-03T19:24:56.5861005+00:00	WorkerEvent	Layer02Node05	PipelineStarted; ExitCode=0; pipeline started
2026-06-03T19:24:56.5878206+00:00	WorkerEvent	Layer02Hub	PipelineStarted; ExitCode=0; pipeline started
2026-06-03T19:24:56.5892644+00:00	WorkerEvent	Layer02Node02	PipelineStarted; ExitCode=0; pipeline started
2026-06-03T19:24:56.5904803+00:00	WorkerEvent	Layer02Node04	WorkerOnline; ExitCode=0; online
2026-06-03T19:24:56.5932174+00:00	WorkerEvent	Layer01Hub.hub-l01-stage	TaskStarted; ExitCode=0; 
2026-06-03T19:24:56.5953859+00:00	WorkerEvent	Layer02Node01	WorkerReady; ExitCode=0; ready
2026-06-03T19:24:56.5966569+00:00	StartPipeline	Layer02Node01	Layer02Node01
2026-06-03T19:24:56.5973940+00:00	WorkerEvent	Layer02Node05.select-l02-n05	TaskReady; ExitCode=0; 
2026-06-03T19:24:56.5981061+00:00	WorkerEvent	Layer02Node02.refresh-l02-n02	TaskReady; ExitCode=0; 
2026-06-03T19:24:56.5986843+00:00	WorkerEvent	Layer02Hub.hub-l02-stage	TaskReady; ExitCode=0; 
2026-06-03T19:24:56.5994576+00:00	WorkerEvent	Layer02Node04	WorkerReady; ExitCode=0; ready
2026-06-03T19:24:56.6003014+00:00	StartPipeline	Layer02Node04	Layer02Node04
2026-06-03T19:24:56.6021007+00:00	GrantTask	Layer02Node02.refresh-l02-n02	Layer02Node02.refresh-l02-n02; GrantId=grant-21; Attempt=1
2026-06-03T19:24:56.6026633+00:00	GrantTask	Layer02Node05.select-l02-n05	Layer02Node05.select-l02-n05; GrantId=grant-22; Attempt=1
2026-06-03T19:24:56.6030513+00:00	WorkerEvent	Layer02Node02.refresh-l02-n02	GrantAccepted; ExitCode=0; 
2026-06-03T19:24:56.6051115+00:00	WorkerEvent	Layer02Node05.select-l02-n05	GrantAccepted; ExitCode=0; 
2026-06-03T19:24:56.6074004+00:00	WorkerEvent	Layer02Node02.refresh-l02-n02	TaskStarted; ExitCode=0; 
2026-06-03T19:24:56.6108079+00:00	WorkerEvent	Layer02Node05.select-l02-n05	TaskStarted; ExitCode=0; 
2026-06-03T19:24:56.9064067+00:00	WorkerEvent	Layer02Node02.refresh-l02-n02	TaskSucceeded; ExitCode=0; 
2026-06-03T19:24:56.9073127+00:00	TaskSucceeded	Layer02Node02.refresh-l02-n02	0
2026-06-03T19:24:56.9084497+00:00	WorkerDeferredForCapacity	AuditHairball	Deferred by orchestration to honor max active worker process capacity.
2026-06-03T19:24:56.9089439+00:00	StopPipeline	AuditHairball	Deferred by orchestration to honor max active worker process capacity.
2026-06-03T19:24:56.9095408+00:00	WorkerEvent	Layer02Node02	Closed; ExitCode=-1; worker control channel closed
2026-06-03T19:24:56.9103544+00:00	PipelineCompleted	Layer02Node02	
2026-06-03T19:24:56.9119703+00:00	WorkerStarting	Layer03Node10	meta-pipeline
2026-06-03T19:24:57.0000247+00:00	WorkerStarted	Layer03Node10	29448
2026-06-03T19:24:57.0003065+00:00	WorkerControlPipe	Layer03Node10	meta-orchestration-5b19ff66a9704e0ebcd136f1f0b98392
2026-06-03T19:24:57.0005668+00:00	WorkerLog	Layer03Node10	stdout=C:\Users\jimmy\Desktop\meta-bi\Samples\Demos\MetaOrchestrationHairballCliIntegration\Runs\hairball-seed-20260530\RunArtifacts\runs\20260603-192440_c12f9e0cb1fc43a9a0146173e2224328\logs\Layer03Node10-29448.stdout.log; stderr=C:\Users\jimmy\Desktop\meta-bi\Samples\Demos\MetaOrchestrationHairballCliIntegration\Runs\hairball-seed-20260530\RunArtifacts\runs\20260603-192440_c12f9e0cb1fc43a9a0146173e2224328\logs\Layer03Node10-29448.stderr.log
2026-06-03T19:24:57.0009532+00:00	WorkerEvent	Layer01Hub.hub-l01-stage	TaskSucceeded; ExitCode=0; 
2026-06-03T19:24:57.0014805+00:00	TaskSucceeded	Layer01Hub.hub-l01-stage	0
2026-06-03T19:24:57.0019513+00:00	WorkerEvent	Layer02Node05.select-l02-n05	TaskSucceeded; ExitCode=0; 
2026-06-03T19:24:57.0024051+00:00	TaskSucceeded	Layer02Node05.select-l02-n05	0
2026-06-03T19:24:57.0027103+00:00	WorkerEvent	Layer01Hub.hub-l01-curate	TaskReady; ExitCode=0; 
2026-06-03T19:24:57.0034417+00:00	WorkerEvent	AuditHairball	Closed; ExitCode=0; worker control channel closed
2026-06-03T19:24:57.0037737+00:00	WorkerProcessExited	AuditHairball	ExitCode=0; worker control channel closed
2026-06-03T19:24:57.0042709+00:00	WorkerDeferred	AuditHairball	ResumeTaskId=AuditHairball.audit-hairball
2026-06-03T19:24:57.0045427+00:00	WorkerProcessExited	Layer02Node02	ExitCode=0; worker process exited
2026-06-03T19:24:57.0048922+00:00	WorkerProcessExited	Layer02Node05	ExitCode=0; worker process exited
2026-06-03T19:24:57.0053565+00:00	PipelineCompleted	Layer02Node05	
2026-06-03T19:24:57.0062850+00:00	GrantTask	Layer01Hub.hub-l01-curate	Layer01Hub.hub-l01-curate; GrantId=grant-23; Attempt=1
2026-06-03T19:24:57.0068473+00:00	WorkerStarting	Layer02Node06	meta-pipeline
2026-06-03T19:24:57.0917949+00:00	WorkerStarted	Layer02Node06	26608
2026-06-03T19:24:57.0922574+00:00	WorkerControlPipe	Layer02Node06	meta-orchestration-1be2363fc3604d52a6a8dc3f8439fc96
2026-06-03T19:24:57.0925873+00:00	WorkerLog	Layer02Node06	stdout=C:\Users\jimmy\Desktop\meta-bi\Samples\Demos\MetaOrchestrationHairballCliIntegration\Runs\hairball-seed-20260530\RunArtifacts\runs\20260603-192440_c12f9e0cb1fc43a9a0146173e2224328\logs\Layer02Node06-26608.stdout.log; stderr=C:\Users\jimmy\Desktop\meta-bi\Samples\Demos\MetaOrchestrationHairballCliIntegration\Runs\hairball-seed-20260530\RunArtifacts\runs\20260603-192440_c12f9e0cb1fc43a9a0146173e2224328\logs\Layer02Node06-26608.stderr.log
2026-06-03T19:24:57.0929964+00:00	WorkerEvent	Layer01Hub.hub-l01-curate	GrantAccepted; ExitCode=0; 
2026-06-03T19:24:57.0937011+00:00	WorkerEvent	Layer03Node10	WorkerOnline; ExitCode=0; online
2026-06-03T19:24:57.0947311+00:00	WorkerEvent	Layer01Hub.hub-l01-curate	TaskStarted; ExitCode=0; 
2026-06-03T19:24:57.0954299+00:00	WorkerEvent	Layer03Node10	WorkerReady; ExitCode=0; ready
2026-06-03T19:24:57.0976285+00:00	StartPipeline	Layer03Node10	Layer03Node10
2026-06-03T19:24:57.0982542+00:00	WorkerEvent	Layer02Node04	PipelineStarted; ExitCode=0; pipeline started
2026-06-03T19:24:57.0991897+00:00	WorkerStarting	Layer03Node03	meta-pipeline
2026-06-03T19:24:57.1821684+00:00	WorkerStarted	Layer03Node03	22068
2026-06-03T19:24:57.1825645+00:00	WorkerControlPipe	Layer03Node03	meta-orchestration-b101e1f3407e4331a5c80968b85d5d1a
2026-06-03T19:24:57.1828699+00:00	WorkerLog	Layer03Node03	stdout=C:\Users\jimmy\Desktop\meta-bi\Samples\Demos\MetaOrchestrationHairballCliIntegration\Runs\hairball-seed-20260530\RunArtifacts\runs\20260603-192440_c12f9e0cb1fc43a9a0146173e2224328\logs\Layer03Node03-22068.stdout.log; stderr=C:\Users\jimmy\Desktop\meta-bi\Samples\Demos\MetaOrchestrationHairballCliIntegration\Runs\hairball-seed-20260530\RunArtifacts\runs\20260603-192440_c12f9e0cb1fc43a9a0146173e2224328\logs\Layer03Node03-22068.stderr.log
2026-06-03T19:24:57.1832459+00:00	WorkerEvent	Layer02Node01	PipelineStarted; ExitCode=0; pipeline started
2026-06-03T19:24:57.1839764+00:00	WorkerEvent	Layer02Node06	WorkerOnline; ExitCode=0; online
2026-06-03T19:24:57.1847132+00:00	WorkerEvent	Layer02Node04.export-l02-n04	TaskReady; ExitCode=0; 
2026-06-03T19:24:57.1865175+00:00	GrantTask	Layer02Node04.export-l02-n04	Layer02Node04.export-l02-n04; GrantId=grant-24; Attempt=1
2026-06-03T19:24:57.1869541+00:00	WorkerEvent	Layer01Hub.hub-l01-curate	TaskSucceeded; ExitCode=0; 
2026-06-03T19:24:57.1874157+00:00	TaskSucceeded	Layer01Hub.hub-l01-curate	0
2026-06-03T19:24:57.1877591+00:00	WorkerEvent	Layer02Node01.select-l02-n01	TaskReady; ExitCode=0; 
2026-06-03T19:24:57.1882588+00:00	WorkerEvent	Layer02Node06	WorkerReady; ExitCode=0; ready
2026-06-03T19:24:57.1888116+00:00	StartPipeline	Layer02Node06	Layer02Node06
2026-06-03T19:24:57.1893880+00:00	WorkerEvent	Layer01Hub.hub-l01-publish	TaskReady; ExitCode=0; 
2026-06-03T19:24:57.1898978+00:00	WorkerEvent	Layer02Node04.export-l02-n04	GrantAccepted; ExitCode=0; 
2026-06-03T19:24:57.1928072+00:00	GrantTask	Layer01Hub.hub-l01-publish	Layer01Hub.hub-l01-publish; GrantId=grant-25; Attempt=1
2026-06-03T19:24:57.1932952+00:00	GrantTask	Layer02Node01.select-l02-n01	Layer02Node01.select-l02-n01; GrantId=grant-26; Attempt=1
2026-06-03T19:24:57.1937507+00:00	WorkerEvent	Layer01Hub.hub-l01-publish	GrantAccepted; ExitCode=0; 
2026-06-03T19:24:57.1944609+00:00	WorkerEvent	Layer02Node04.export-l02-n04	TaskStarted; ExitCode=0; 
2026-06-03T19:24:57.1965585+00:00	WorkerEvent	Layer02Node01.select-l02-n01	GrantAccepted; ExitCode=0; 
2026-06-03T19:24:57.1992688+00:00	WorkerEvent	Layer01Hub.hub-l01-publish	TaskStarted; ExitCode=0; 
2026-06-03T19:24:57.2013581+00:00	WorkerEvent	Layer02Node01.select-l02-n01	TaskStarted; ExitCode=0; 
2026-06-03T19:24:57.2051356+00:00	WorkerEvent	Layer03Node03	WorkerOnline; ExitCode=0; online
2026-06-03T19:24:57.2079751+00:00	WorkerEvent	Layer03Node03	WorkerReady; ExitCode=0; ready
2026-06-03T19:24:57.2116038+00:00	StartPipeline	Layer03Node03	Layer03Node03
2026-06-03T19:24:57.3373041+00:00	WorkerEvent	Layer01Hub.hub-l01-publish	TaskSucceeded; ExitCode=0; 
2026-06-03T19:24:57.3381014+00:00	TaskSucceeded	Layer01Hub.hub-l01-publish	0
2026-06-03T19:24:57.3389280+00:00	WorkerDeferredForCapacity	BridgeL01L02	Deferred by orchestration to honor max active worker process capacity.
2026-06-03T19:24:57.3393599+00:00	StopPipeline	BridgeL01L02	Deferred by orchestration to honor max active worker process capacity.
2026-06-03T19:24:57.3402963+00:00	WorkerDeferredForCapacity	BridgeL03L04	Deferred by orchestration to honor max active worker process capacity.
2026-06-03T19:24:57.3407115+00:00	StopPipeline	BridgeL03L04	Deferred by orchestration to honor max active worker process capacity.
2026-06-03T19:24:57.3412841+00:00	WorkerEvent	Layer01Hub	Closed; ExitCode=-1; worker control channel closed
2026-06-03T19:24:57.3420767+00:00	PipelineCompleted	Layer01Hub	
2026-06-03T19:24:57.3453179+00:00	WorkerStarting	Layer02Node08	meta-pipeline
2026-06-03T19:24:57.4631924+00:00	WorkerStarted	Layer02Node08	8456
2026-06-03T19:24:57.4636321+00:00	WorkerControlPipe	Layer02Node08	meta-orchestration-73d92a9b7cb147948e9eac402520ddfb
2026-06-03T19:24:57.4640607+00:00	WorkerLog	Layer02Node08	stdout=C:\Users\jimmy\Desktop\meta-bi\Samples\Demos\MetaOrchestrationHairballCliIntegration\Runs\hairball-seed-20260530\RunArtifacts\runs\20260603-192440_c12f9e0cb1fc43a9a0146173e2224328\logs\Layer02Node08-8456.stdout.log; stderr=C:\Users\jimmy\Desktop\meta-bi\Samples\Demos\MetaOrchestrationHairballCliIntegration\Runs\hairball-seed-20260530\RunArtifacts\runs\20260603-192440_c12f9e0cb1fc43a9a0146173e2224328\logs\Layer02Node08-8456.stderr.log
2026-06-03T19:24:57.4646981+00:00	WorkerEvent	BridgeL03L04	Closed; ExitCode=0; worker control channel closed
2026-06-03T19:24:57.4652108+00:00	WorkerProcessExited	BridgeL03L04	ExitCode=0; worker control channel closed
2026-06-03T19:24:57.4660174+00:00	WorkerDeferred	BridgeL03L04	ResumeTaskId=BridgeL03L04.bridge-l03-l04-collect
2026-06-03T19:24:57.4664422+00:00	WorkerEvent	BridgeL01L02	Closed; ExitCode=0; worker control channel closed
2026-06-03T19:24:57.4668038+00:00	WorkerProcessExited	BridgeL01L02	ExitCode=0; worker control channel closed
2026-06-03T19:24:57.4673550+00:00	WorkerDeferred	BridgeL01L02	ResumeTaskId=BridgeL01L02.bridge-l01-l02-collect
2026-06-03T19:24:57.4677493+00:00	WorkerProcessExited	Layer01Hub	ExitCode=0; worker process exited
2026-06-03T19:24:57.4696429+00:00	WorkerResuming	AuditHairball	ResumeTaskId=AuditHairball.audit-hairball; Executable=meta-pipeline
2026-06-03T19:24:57.5672173+00:00	WorkerStarted	AuditHairball	9228
2026-06-03T19:24:57.5676126+00:00	WorkerControlPipe	AuditHairball	meta-orchestration-4ad96581112e4e3c9cc43b8f6a7b04e7
2026-06-03T19:24:57.5680305+00:00	WorkerLog	AuditHairball	stdout=C:\Users\jimmy\Desktop\meta-bi\Samples\Demos\MetaOrchestrationHairballCliIntegration\Runs\hairball-seed-20260530\RunArtifacts\runs\20260603-192440_c12f9e0cb1fc43a9a0146173e2224328\logs\AuditHairball-9228.stdout.log; stderr=C:\Users\jimmy\Desktop\meta-bi\Samples\Demos\MetaOrchestrationHairballCliIntegration\Runs\hairball-seed-20260530\RunArtifacts\runs\20260603-192440_c12f9e0cb1fc43a9a0146173e2224328\logs\AuditHairball-9228.stderr.log
2026-06-03T19:24:57.5684878+00:00	WorkerEvent	Layer02Node08	WorkerOnline; ExitCode=0; online
2026-06-03T19:24:57.5708107+00:00	WorkerResuming	BridgeL01L02	ResumeTaskId=BridgeL01L02.bridge-l01-l02-collect; Executable=meta-pipeline
2026-06-03T19:24:57.6777364+00:00	WorkerStarted	BridgeL01L02	26904
2026-06-03T19:24:57.6780725+00:00	WorkerControlPipe	BridgeL01L02	meta-orchestration-442ae84d2a1d4bfe851eba831e108aac
2026-06-03T19:24:57.6783673+00:00	WorkerLog	BridgeL01L02	stdout=C:\Users\jimmy\Desktop\meta-bi\Samples\Demos\MetaOrchestrationHairballCliIntegration\Runs\hairball-seed-20260530\RunArtifacts\runs\20260603-192440_c12f9e0cb1fc43a9a0146173e2224328\logs\BridgeL01L02-26904.stdout.log; stderr=C:\Users\jimmy\Desktop\meta-bi\Samples\Demos\MetaOrchestrationHairballCliIntegration\Runs\hairball-seed-20260530\RunArtifacts\runs\20260603-192440_c12f9e0cb1fc43a9a0146173e2224328\logs\BridgeL01L02-26904.stderr.log
2026-06-03T19:24:57.6787464+00:00	WorkerEvent	Layer02Node08	WorkerReady; ExitCode=0; ready
2026-06-03T19:24:57.6795721+00:00	StartPipeline	Layer02Node08	Layer02Node08
2026-06-03T19:24:57.6801929+00:00	WorkerEvent	AuditHairball	WorkerOnline; ExitCode=0; online
2026-06-03T19:24:57.6807668+00:00	WorkerEvent	Layer02Node01.select-l02-n01	TaskSucceeded; ExitCode=0; 
2026-06-03T19:24:57.6816117+00:00	TaskSucceeded	Layer02Node01.select-l02-n01	0
2026-06-03T19:24:57.6820752+00:00	WorkerEvent	AuditHairball	WorkerReady; ExitCode=0; ready
2026-06-03T19:24:57.6866102+00:00	StartPipeline	AuditHairball	AuditHairball
2026-06-03T19:24:57.6875714+00:00	WorkerEvent	Layer02Node04.export-l02-n04	TaskSucceeded; ExitCode=0; 
2026-06-03T19:24:57.6886161+00:00	TaskSucceeded	Layer02Node04.export-l02-n04	0
2026-06-03T19:24:57.6892222+00:00	WorkerProcessExited	Layer02Node01	ExitCode=0; worker process exited
2026-06-03T19:24:57.6898182+00:00	PipelineCompleted	Layer02Node01	
2026-06-03T19:24:57.6905053+00:00	WorkerStarting	Layer02Node07	meta-pipeline
2026-06-03T19:24:57.7924757+00:00	WorkerStarted	Layer02Node07	16268
2026-06-03T19:24:57.7929165+00:00	WorkerControlPipe	Layer02Node07	meta-orchestration-11595bef919c464db111e49f40c585cc
2026-06-03T19:24:57.7932107+00:00	WorkerLog	Layer02Node07	stdout=C:\Users\jimmy\Desktop\meta-bi\Samples\Demos\MetaOrchestrationHairballCliIntegration\Runs\hairball-seed-20260530\RunArtifacts\runs\20260603-192440_c12f9e0cb1fc43a9a0146173e2224328\logs\Layer02Node07-16268.stdout.log; stderr=C:\Users\jimmy\Desktop\meta-bi\Samples\Demos\MetaOrchestrationHairballCliIntegration\Runs\hairball-seed-20260530\RunArtifacts\runs\20260603-192440_c12f9e0cb1fc43a9a0146173e2224328\logs\Layer02Node07-16268.stderr.log
2026-06-03T19:24:57.7935920+00:00	WorkerEvent	BridgeL01L02	WorkerOnline; ExitCode=0; online
2026-06-03T19:24:57.7942158+00:00	WorkerEvent	Layer03Node10	PipelineStarted; ExitCode=0; pipeline started
2026-06-03T19:24:57.7949879+00:00	WorkerEvent	BridgeL01L02	WorkerReady; ExitCode=0; ready
2026-06-03T19:24:57.7979038+00:00	StartPipeline	BridgeL01L02	BridgeL01L02
2026-06-03T19:24:57.7988744+00:00	WorkerEvent	Layer03Node10.refresh-l03-n10	TaskReady; ExitCode=0; 
2026-06-03T19:24:57.7995979+00:00	WorkerEvent	Layer02Node06	PipelineStarted; ExitCode=0; pipeline started
2026-06-03T19:24:57.8005308+00:00	WorkerProcessExited	Layer02Node04	ExitCode=0; worker process exited
2026-06-03T19:24:57.8011292+00:00	PipelineCompleted	Layer02Node04	
2026-06-03T19:24:57.8014438+00:00	WorkerEvent	Layer02Node06.refresh-l02-n06	TaskReady; ExitCode=0; 
2026-06-03T19:24:57.8037027+00:00	GrantTask	Layer02Node06.refresh-l02-n06	Layer02Node06.refresh-l02-n06; GrantId=grant-27; Attempt=1
2026-06-03T19:24:57.8042416+00:00	GrantTask	Layer03Node10.refresh-l03-n10	Layer03Node10.refresh-l03-n10; GrantId=grant-28; Attempt=1
2026-06-03T19:24:57.8046823+00:00	WorkerStarting	Layer03Node02	meta-pipeline
2026-06-03T19:24:57.8972544+00:00	WorkerStarted	Layer03Node02	18404
2026-06-03T19:24:57.8975912+00:00	WorkerControlPipe	Layer03Node02	meta-orchestration-54f95250b9e048e2b9991ad25e45747c
2026-06-03T19:24:57.8978903+00:00	WorkerLog	Layer03Node02	stdout=C:\Users\jimmy\Desktop\meta-bi\Samples\Demos\MetaOrchestrationHairballCliIntegration\Runs\hairball-seed-20260530\RunArtifacts\runs\20260603-192440_c12f9e0cb1fc43a9a0146173e2224328\logs\Layer03Node02-18404.stdout.log; stderr=C:\Users\jimmy\Desktop\meta-bi\Samples\Demos\MetaOrchestrationHairballCliIntegration\Runs\hairball-seed-20260530\RunArtifacts\runs\20260603-192440_c12f9e0cb1fc43a9a0146173e2224328\logs\Layer03Node02-18404.stderr.log
2026-06-03T19:24:57.8982953+00:00	WorkerEvent	Layer03Node03	PipelineStarted; ExitCode=0; pipeline started
2026-06-03T19:24:57.8989874+00:00	WorkerEvent	Layer03Node10.refresh-l03-n10	GrantAccepted; ExitCode=0; 
2026-06-03T19:24:57.8997697+00:00	WorkerEvent	Layer03Node03.export-l03-n03	TaskReady; ExitCode=0; 
2026-06-03T19:24:57.9004076+00:00	WorkerEvent	Layer03Node10.refresh-l03-n10	TaskStarted; ExitCode=0; 
2026-06-03T19:24:57.9010366+00:00	WorkerEvent	Layer02Node06.refresh-l02-n06	GrantAccepted; ExitCode=0; 
2026-06-03T19:24:57.9016231+00:00	WorkerEvent	Layer02Node07	WorkerOnline; ExitCode=0; online
2026-06-03T19:24:57.9022049+00:00	WorkerEvent	Layer02Node06.refresh-l02-n06	TaskStarted; ExitCode=0; 
2026-06-03T19:24:57.9043027+00:00	WorkerEvent	Layer02Node07	WorkerReady; ExitCode=0; ready
2026-06-03T19:24:57.9125127+00:00	StartPipeline	Layer02Node07	Layer02Node07
2026-06-03T19:24:57.9272356+00:00	GrantTask	Layer03Node03.export-l03-n03	Layer03Node03.export-l03-n03; GrantId=grant-29; Attempt=1
2026-06-03T19:24:57.9278854+00:00	WorkerDeferredForCapacity	BridgeL05L06	Deferred by orchestration to honor max active worker process capacity.
2026-06-03T19:24:57.9283915+00:00	StopPipeline	BridgeL05L06	Deferred by orchestration to honor max active worker process capacity.
2026-06-03T19:24:57.9289588+00:00	WorkerEvent	Layer03Node02	WorkerOnline; ExitCode=0; online
2026-06-03T19:24:57.9297753+00:00	WorkerEvent	Layer03Node03.export-l03-n03	GrantAccepted; ExitCode=0; 
2026-06-03T19:24:57.9305215+00:00	WorkerEvent	Layer03Node02	WorkerReady; ExitCode=0; ready
2026-06-03T19:24:57.9452005+00:00	StartPipeline	Layer03Node02	Layer03Node02
2026-06-03T19:24:57.9460669+00:00	WorkerEvent	BridgeL05L06	Closed; ExitCode=0; worker control channel closed
2026-06-03T19:24:57.9463977+00:00	WorkerProcessExited	BridgeL05L06	ExitCode=0; worker control channel closed
2026-06-03T19:24:57.9490896+00:00	WorkerDeferred	BridgeL05L06	ResumeTaskId=BridgeL05L06.bridge-l05-l06-collect
2026-06-03T19:24:57.9494392+00:00	WorkerEvent	Layer03Node03.export-l03-n03	TaskStarted; ExitCode=0; 
2026-06-03T19:24:57.9507050+00:00	WorkerStarting	Layer06Node02	meta-pipeline
2026-06-03T19:24:58.0979615+00:00	WorkerStarted	Layer06Node02	24080
2026-06-03T19:24:58.0984233+00:00	WorkerControlPipe	Layer06Node02	meta-orchestration-f66589524cee48f8ae08c9b7299778c1
2026-06-03T19:24:58.0987548+00:00	WorkerLog	Layer06Node02	stdout=C:\Users\jimmy\Desktop\meta-bi\Samples\Demos\MetaOrchestrationHairballCliIntegration\Runs\hairball-seed-20260530\RunArtifacts\runs\20260603-192440_c12f9e0cb1fc43a9a0146173e2224328\logs\Layer06Node02-24080.stdout.log; stderr=C:\Users\jimmy\Desktop\meta-bi\Samples\Demos\MetaOrchestrationHairballCliIntegration\Runs\hairball-seed-20260530\RunArtifacts\runs\20260603-192440_c12f9e0cb1fc43a9a0146173e2224328\logs\Layer06Node02-24080.stderr.log
2026-06-03T19:24:58.1309818+00:00	WorkerEvent	Layer06Node02	WorkerOnline; ExitCode=0; online
2026-06-03T19:24:58.1342963+00:00	WorkerEvent	Layer06Node02	WorkerReady; ExitCode=0; ready
2026-06-03T19:24:58.1425048+00:00	StartPipeline	Layer06Node02	Layer06Node02
2026-06-03T19:24:58.3660877+00:00	WorkerEvent	Layer02Node08	PipelineStarted; ExitCode=0; pipeline started
2026-06-03T19:24:58.3682141+00:00	WorkerEvent	Layer02Node08.refresh-l02-n08	TaskReady; ExitCode=0; 
2026-06-03T19:24:58.3712121+00:00	GrantTask	Layer02Node08.refresh-l02-n08	Layer02Node08.refresh-l02-n08; GrantId=grant-30; Attempt=1
2026-06-03T19:24:58.3717355+00:00	WorkerEvent	Layer02Node08.refresh-l02-n08	GrantAccepted; ExitCode=0; 
2026-06-03T19:24:58.3724580+00:00	WorkerEvent	Layer02Node06.refresh-l02-n06	TaskSucceeded; ExitCode=0; 
2026-06-03T19:24:58.3730794+00:00	TaskSucceeded	Layer02Node06.refresh-l02-n06	0
2026-06-03T19:24:58.3742213+00:00	WorkerDeferredForCapacity	BridgeL07L08	Deferred by orchestration to honor max active worker process capacity.
2026-06-03T19:24:58.3746745+00:00	StopPipeline	BridgeL07L08	Deferred by orchestration to honor max active worker process capacity.
2026-06-03T19:24:58.3751551+00:00	WorkerEvent	Layer02Node08.refresh-l02-n08	TaskStarted; ExitCode=0; 
2026-06-03T19:24:58.3759734+00:00	WorkerEvent	Layer02Node06	Closed; ExitCode=-1; worker control channel closed
2026-06-03T19:24:58.3766447+00:00	PipelineCompleted	Layer02Node06	
2026-06-03T19:24:58.3776670+00:00	WorkerStarting	Layer06Node06	meta-pipeline
2026-06-03T19:24:58.4994903+00:00	WorkerStarted	Layer06Node06	656
2026-06-03T19:24:58.4998890+00:00	WorkerControlPipe	Layer06Node06	meta-orchestration-9374de5ec8da42c59c7948b275abbcbc
2026-06-03T19:24:58.5002249+00:00	WorkerLog	Layer06Node06	stdout=C:\Users\jimmy\Desktop\meta-bi\Samples\Demos\MetaOrchestrationHairballCliIntegration\Runs\hairball-seed-20260530\RunArtifacts\runs\20260603-192440_c12f9e0cb1fc43a9a0146173e2224328\logs\Layer06Node06-656.stdout.log; stderr=C:\Users\jimmy\Desktop\meta-bi\Samples\Demos\MetaOrchestrationHairballCliIntegration\Runs\hairball-seed-20260530\RunArtifacts\runs\20260603-192440_c12f9e0cb1fc43a9a0146173e2224328\logs\Layer06Node06-656.stderr.log
2026-06-03T19:24:58.5006032+00:00	WorkerEvent	AuditHairball	PipelineStarted; ExitCode=0; pipeline started
2026-06-03T19:24:58.5012430+00:00	WorkerEvent	BridgeL07L08	Closed; ExitCode=0; worker control channel closed
2026-06-03T19:24:58.5017405+00:00	WorkerProcessExited	BridgeL07L08	ExitCode=0; worker control channel closed
2026-06-03T19:24:58.5023283+00:00	WorkerDeferred	BridgeL07L08	ResumeTaskId=BridgeL07L08.bridge-l07-l08-collect
2026-06-03T19:24:58.5028077+00:00	WorkerEvent	AuditHairball.audit-hairball	TaskReady; ExitCode=0; 
2026-06-03T19:24:58.5034712+00:00	WorkerEvent	Layer03Node10.refresh-l03-n10	TaskSucceeded; ExitCode=0; 
2026-06-03T19:24:58.5040114+00:00	TaskSucceeded	Layer03Node10.refresh-l03-n10	0
2026-06-03T19:24:58.5043139+00:00	WorkerProcessExited	Layer03Node10	ExitCode=0; worker process exited
2026-06-03T19:24:58.5049429+00:00	PipelineCompleted	Layer03Node10	
2026-06-03T19:24:58.5052612+00:00	WorkerProcessExited	Layer02Node06	ExitCode=0; worker process exited
2026-06-03T19:24:58.5068789+00:00	WorkerResuming	BridgeL03L04	ResumeTaskId=BridgeL03L04.bridge-l03-l04-collect; Executable=meta-pipeline
2026-06-03T19:24:58.6461962+00:00	WorkerStarted	BridgeL03L04	21004
2026-06-03T19:24:58.6468493+00:00	WorkerControlPipe	BridgeL03L04	meta-orchestration-67122482a4a141f28900fde535393fb9
2026-06-03T19:24:58.6472093+00:00	WorkerLog	BridgeL03L04	stdout=C:\Users\jimmy\Desktop\meta-bi\Samples\Demos\MetaOrchestrationHairballCliIntegration\Runs\hairball-seed-20260530\RunArtifacts\runs\20260603-192440_c12f9e0cb1fc43a9a0146173e2224328\logs\BridgeL03L04-21004.stdout.log; stderr=C:\Users\jimmy\Desktop\meta-bi\Samples\Demos\MetaOrchestrationHairballCliIntegration\Runs\hairball-seed-20260530\RunArtifacts\runs\20260603-192440_c12f9e0cb1fc43a9a0146173e2224328\logs\BridgeL03L04-21004.stderr.log
2026-06-03T19:24:58.6477420+00:00	WorkerEvent	Layer03Node03.export-l03-n03	TaskSucceeded; ExitCode=0; 
2026-06-03T19:24:58.6488802+00:00	TaskSucceeded	Layer03Node03.export-l03-n03	0
2026-06-03T19:24:58.6493323+00:00	WorkerEvent	Layer06Node06	WorkerOnline; ExitCode=0; online
2026-06-03T19:24:58.6503422+00:00	WorkerProcessExited	Layer03Node03	ExitCode=0; worker process exited
2026-06-03T19:24:58.6509839+00:00	PipelineCompleted	Layer03Node03	
2026-06-03T19:24:58.6550010+00:00	WorkerResuming	BridgeL05L06	ResumeTaskId=BridgeL05L06.bridge-l05-l06-collect; Executable=meta-pipeline
2026-06-03T19:24:58.7702917+00:00	WorkerStarted	BridgeL05L06	1976
2026-06-03T19:24:58.7707377+00:00	WorkerControlPipe	BridgeL05L06	meta-orchestration-e1bf51ce881944c592e05558c4dc3faf
2026-06-03T19:24:58.7710653+00:00	WorkerLog	BridgeL05L06	stdout=C:\Users\jimmy\Desktop\meta-bi\Samples\Demos\MetaOrchestrationHairballCliIntegration\Runs\hairball-seed-20260530\RunArtifacts\runs\20260603-192440_c12f9e0cb1fc43a9a0146173e2224328\logs\BridgeL05L06-1976.stdout.log; stderr=C:\Users\jimmy\Desktop\meta-bi\Samples\Demos\MetaOrchestrationHairballCliIntegration\Runs\hairball-seed-20260530\RunArtifacts\runs\20260603-192440_c12f9e0cb1fc43a9a0146173e2224328\logs\BridgeL05L06-1976.stderr.log
2026-06-03T19:24:58.7714168+00:00	WorkerEvent	Layer03Node02	PipelineStarted; ExitCode=0; pipeline started
2026-06-03T19:24:58.7721187+00:00	WorkerEvent	BridgeL03L04	WorkerOnline; ExitCode=0; online
2026-06-03T19:24:58.7727749+00:00	WorkerEvent	Layer03Node02.export-l03-n02	TaskReady; ExitCode=0; 
2026-06-03T19:24:58.7733305+00:00	WorkerEvent	BridgeL03L04	WorkerReady; ExitCode=0; ready
2026-06-03T19:24:58.7773649+00:00	StartPipeline	BridgeL03L04	BridgeL03L04
2026-06-03T19:24:58.7789391+00:00	WorkerEvent	Layer06Node06	WorkerReady; ExitCode=0; ready
2026-06-03T19:24:58.7800661+00:00	StartPipeline	Layer06Node06	Layer06Node06
2026-06-03T19:24:58.7807436+00:00	WorkerEvent	Layer02Node07	PipelineStarted; ExitCode=0; pipeline started
2026-06-03T19:24:58.7835030+00:00	GrantTask	Layer03Node02.export-l03-n02	Layer03Node02.export-l03-n02; GrantId=grant-31; Attempt=1
2026-06-03T19:24:58.7840608+00:00	WorkerResuming	BridgeL07L08	ResumeTaskId=BridgeL07L08.bridge-l07-l08-collect; Executable=meta-pipeline
2026-06-03T19:24:58.8993675+00:00	WorkerStarted	BridgeL07L08	30112
2026-06-03T19:24:58.8996954+00:00	WorkerControlPipe	BridgeL07L08	meta-orchestration-f92ec2e7177b48f19c24bec691ff527e
2026-06-03T19:24:58.8999908+00:00	WorkerLog	BridgeL07L08	stdout=C:\Users\jimmy\Desktop\meta-bi\Samples\Demos\MetaOrchestrationHairballCliIntegration\Runs\hairball-seed-20260530\RunArtifacts\runs\20260603-192440_c12f9e0cb1fc43a9a0146173e2224328\logs\BridgeL07L08-30112.stdout.log; stderr=C:\Users\jimmy\Desktop\meta-bi\Samples\Demos\MetaOrchestrationHairballCliIntegration\Runs\hairball-seed-20260530\RunArtifacts\runs\20260603-192440_c12f9e0cb1fc43a9a0146173e2224328\logs\BridgeL07L08-30112.stderr.log
2026-06-03T19:24:58.9003694+00:00	WorkerEvent	Layer02Node08.refresh-l02-n08	TaskSucceeded; ExitCode=0; 
2026-06-03T19:24:58.9011749+00:00	TaskSucceeded	Layer02Node08.refresh-l02-n08	0
2026-06-03T19:24:58.9015672+00:00	WorkerEvent	Layer06Node02	PipelineStarted; ExitCode=0; pipeline started
2026-06-03T19:24:58.9022332+00:00	WorkerEvent	BridgeL01L02	PipelineStarted; ExitCode=0; pipeline started
2026-06-03T19:24:58.9028602+00:00	WorkerEvent	Layer06Node02.export-l06-n02	TaskReady; ExitCode=0; 
2026-06-03T19:24:58.9036237+00:00	WorkerEvent	BridgeL01L02.bridge-l01-l02-collect	TaskReady; ExitCode=0; 
2026-06-03T19:24:58.9042879+00:00	WorkerEvent	Layer03Node02.export-l03-n02	GrantAccepted; ExitCode=0; 
2026-06-03T19:24:58.9049972+00:00	WorkerEvent	BridgeL05L06	WorkerOnline; ExitCode=0; online
2026-06-03T19:24:58.9057729+00:00	WorkerEvent	Layer03Node02.export-l03-n02	TaskStarted; ExitCode=0; 
2026-06-03T19:24:58.9064280+00:00	WorkerEvent	BridgeL05L06	WorkerReady; ExitCode=0; ready
2026-06-03T19:24:58.9104344+00:00	StartPipeline	BridgeL05L06	BridgeL05L06
2026-06-03T19:24:58.9114950+00:00	WorkerEvent	Layer02Node07.refresh-l02-n07	TaskReady; ExitCode=0; 
2026-06-03T19:24:58.9124487+00:00	WorkerProcessExited	Layer02Node08	ExitCode=0; worker process exited
2026-06-03T19:24:58.9132855+00:00	PipelineCompleted	Layer02Node08	
2026-06-03T19:24:58.9145959+00:00	GrantTask	Layer02Node07.refresh-l02-n07	Layer02Node07.refresh-l02-n07; GrantId=grant-32; Attempt=1
2026-06-03T19:24:58.9151627+00:00	GrantTask	Layer06Node02.export-l06-n02	Layer06Node02.export-l06-n02; GrantId=grant-33; Attempt=1
2026-06-03T19:24:58.9155580+00:00	WorkerStarting	Layer03Node06	meta-pipeline
2026-06-03T19:24:59.0215708+00:00	WorkerStarted	Layer03Node06	20576
2026-06-03T19:24:59.0219069+00:00	WorkerControlPipe	Layer03Node06	meta-orchestration-5de00b4eff3440679b68478398396fb7
2026-06-03T19:24:59.0221535+00:00	WorkerLog	Layer03Node06	stdout=C:\Users\jimmy\Desktop\meta-bi\Samples\Demos\MetaOrchestrationHairballCliIntegration\Runs\hairball-seed-20260530\RunArtifacts\runs\20260603-192440_c12f9e0cb1fc43a9a0146173e2224328\logs\Layer03Node06-20576.stdout.log; stderr=C:\Users\jimmy\Desktop\meta-bi\Samples\Demos\MetaOrchestrationHairballCliIntegration\Runs\hairball-seed-20260530\RunArtifacts\runs\20260603-192440_c12f9e0cb1fc43a9a0146173e2224328\logs\Layer03Node06-20576.stderr.log
2026-06-03T19:24:59.0224960+00:00	WorkerEvent	Layer06Node02.export-l06-n02	GrantAccepted; ExitCode=0; 
2026-06-03T19:24:59.0234242+00:00	WorkerEvent	BridgeL07L08	WorkerOnline; ExitCode=0; online
2026-06-03T19:24:59.0245808+00:00	WorkerEvent	Layer06Node02.export-l06-n02	TaskStarted; ExitCode=0; 
2026-06-03T19:24:59.0255005+00:00	WorkerEvent	Layer02Node07.refresh-l02-n07	GrantAccepted; ExitCode=0; 
2026-06-03T19:24:59.0271601+00:00	WorkerDeferredForCapacity	AuditHairball	Deferred by orchestration to honor max active worker process capacity.
2026-06-03T19:24:59.0275463+00:00	StopPipeline	AuditHairball	Deferred by orchestration to honor max active worker process capacity.
2026-06-03T19:24:59.0280116+00:00	WorkerEvent	BridgeL07L08	WorkerReady; ExitCode=0; ready
2026-06-03T19:24:59.0447506+00:00	StartPipeline	BridgeL07L08	BridgeL07L08
2026-06-03T19:24:59.0455566+00:00	WorkerEvent	Layer02Node07.refresh-l02-n07	TaskStarted; ExitCode=0; 
2026-06-03T19:24:59.0467337+00:00	WorkerDeferredForCapacity	BridgeL01L02	Deferred by orchestration to honor max active worker process capacity.
2026-06-03T19:24:59.0470915+00:00	StopPipeline	BridgeL01L02	Deferred by orchestration to honor max active worker process capacity.
2026-06-03T19:24:59.0522327+00:00	WorkerDeferredForCapacity	CompositeMart	Deferred by orchestration to honor max active worker process capacity.
2026-06-03T19:24:59.0526538+00:00	StopPipeline	CompositeMart	Deferred by orchestration to honor max active worker process capacity.
2026-06-03T19:24:59.0531326+00:00	WorkerEvent	Layer03Node06	WorkerOnline; ExitCode=0; online
2026-06-03T19:24:59.0540346+00:00	WorkerEvent	BridgeL01L02	Closed; ExitCode=-1; worker control channel closed
2026-06-03T19:24:59.0544234+00:00	WorkerProcessExited	BridgeL01L02	ExitCode=0; worker control channel closed
2026-06-03T19:24:59.0555126+00:00	WorkerDeferred	BridgeL01L02	ResumeTaskId=BridgeL01L02.bridge-l01-l02-collect
2026-06-03T19:24:59.0559560+00:00	WorkerEvent	AuditHairball	Closed; ExitCode=0; worker control channel closed
2026-06-03T19:24:59.0563202+00:00	WorkerProcessExited	AuditHairball	ExitCode=0; worker control channel closed
2026-06-03T19:24:59.0569955+00:00	WorkerDeferred	AuditHairball	ResumeTaskId=AuditHairball.audit-hairball
2026-06-03T19:24:59.0578893+00:00	WorkerStarting	Layer04Node03	meta-pipeline
2026-06-03T19:24:59.1942217+00:00	WorkerStarted	Layer04Node03	18388
2026-06-03T19:24:59.1946607+00:00	WorkerControlPipe	Layer04Node03	meta-orchestration-f3d11c8ca7ef40c2b5d0a6d49de76ec9
2026-06-03T19:24:59.1949753+00:00	WorkerLog	Layer04Node03	stdout=C:\Users\jimmy\Desktop\meta-bi\Samples\Demos\MetaOrchestrationHairballCliIntegration\Runs\hairball-seed-20260530\RunArtifacts\runs\20260603-192440_c12f9e0cb1fc43a9a0146173e2224328\logs\Layer04Node03-18388.stdout.log; stderr=C:\Users\jimmy\Desktop\meta-bi\Samples\Demos\MetaOrchestrationHairballCliIntegration\Runs\hairball-seed-20260530\RunArtifacts\runs\20260603-192440_c12f9e0cb1fc43a9a0146173e2224328\logs\Layer04Node03-18388.stderr.log
2026-06-03T19:24:59.1954071+00:00	WorkerEvent	Layer03Node06	WorkerReady; ExitCode=0; ready
2026-06-03T19:24:59.1967514+00:00	StartPipeline	Layer03Node06	Layer03Node06
2026-06-03T19:24:59.1974708+00:00	WorkerEvent	CompositeMart	Closed; ExitCode=0; worker control channel closed
2026-06-03T19:24:59.1979544+00:00	WorkerProcessExited	CompositeMart	ExitCode=0; worker control channel closed
2026-06-03T19:24:59.1985525+00:00	WorkerDeferred	CompositeMart	ResumeTaskId=CompositeMart.composite-stage
2026-06-03T19:24:59.1996696+00:00	WorkerStarting	Layer06Node09	meta-pipeline
2026-06-03T19:24:59.3239371+00:00	WorkerStarted	Layer06Node09	28724
2026-06-03T19:24:59.3250585+00:00	WorkerControlPipe	Layer06Node09	meta-orchestration-008348a5f5f7433a9a7617af149e4ade
2026-06-03T19:24:59.3254418+00:00	WorkerLog	Layer06Node09	stdout=C:\Users\jimmy\Desktop\meta-bi\Samples\Demos\MetaOrchestrationHairballCliIntegration\Runs\hairball-seed-20260530\RunArtifacts\runs\20260603-192440_c12f9e0cb1fc43a9a0146173e2224328\logs\Layer06Node09-28724.stdout.log; stderr=C:\Users\jimmy\Desktop\meta-bi\Samples\Demos\MetaOrchestrationHairballCliIntegration\Runs\hairball-seed-20260530\RunArtifacts\runs\20260603-192440_c12f9e0cb1fc43a9a0146173e2224328\logs\Layer06Node09-28724.stderr.log
2026-06-03T19:24:59.3258898+00:00	WorkerEvent	Layer04Node03	WorkerOnline; ExitCode=0; online
2026-06-03T19:24:59.3341356+00:00	WorkerResuming	AuditHairball	ResumeTaskId=AuditHairball.audit-hairball; Executable=meta-pipeline
2026-06-03T19:24:59.4722661+00:00	WorkerStarted	AuditHairball	23040
2026-06-03T19:24:59.4727524+00:00	WorkerControlPipe	AuditHairball	meta-orchestration-633308ec062548baa30b0e2f44b40ca8
2026-06-03T19:24:59.4736475+00:00	WorkerLog	AuditHairball	stdout=C:\Users\jimmy\Desktop\meta-bi\Samples\Demos\MetaOrchestrationHairballCliIntegration\Runs\hairball-seed-20260530\RunArtifacts\runs\20260603-192440_c12f9e0cb1fc43a9a0146173e2224328\logs\AuditHairball-23040.stdout.log; stderr=C:\Users\jimmy\Desktop\meta-bi\Samples\Demos\MetaOrchestrationHairballCliIntegration\Runs\hairball-seed-20260530\RunArtifacts\runs\20260603-192440_c12f9e0cb1fc43a9a0146173e2224328\logs\AuditHairball-23040.stderr.log
2026-06-03T19:24:59.4753786+00:00	WorkerEvent	Layer04Node03	WorkerReady; ExitCode=0; ready
2026-06-03T19:24:59.4763869+00:00	StartPipeline	Layer04Node03	Layer04Node03
2026-06-03T19:24:59.4771221+00:00	WorkerEvent	Layer06Node09	WorkerOnline; ExitCode=0; online
2026-06-03T19:24:59.4793212+00:00	WorkerEvent	Layer06Node09	WorkerReady; ExitCode=0; ready
2026-06-03T19:24:59.4922920+00:00	StartPipeline	Layer06Node09	Layer06Node09
2026-06-03T19:24:59.5099835+00:00	WorkerEvent	AuditHairball	WorkerOnline; ExitCode=0; online
2026-06-03T19:24:59.5141449+00:00	WorkerEvent	AuditHairball	WorkerReady; ExitCode=0; ready
2026-06-03T19:24:59.5205129+00:00	StartPipeline	AuditHairball	AuditHairball
2026-06-03T19:24:59.5421533+00:00	WorkerEvent	Layer03Node02.export-l03-n02	TaskSucceeded; ExitCode=0; 
2026-06-03T19:24:59.5431688+00:00	TaskSucceeded	Layer03Node02.export-l03-n02	0
2026-06-03T19:24:59.5449771+00:00	WorkerEvent	Layer06Node06	PipelineStarted; ExitCode=0; pipeline started
2026-06-03T19:24:59.5456965+00:00	WorkerEvent	Layer03Node02	Closed; ExitCode=-1; worker control channel closed
2026-06-03T19:24:59.5463563+00:00	PipelineCompleted	Layer03Node02	
2026-06-03T19:24:59.5479624+00:00	WorkerResuming	BridgeL01L02	ResumeTaskId=BridgeL01L02.bridge-l01-l02-collect; Executable=meta-pipeline
2026-06-03T19:24:59.6838884+00:00	WorkerStarted	BridgeL01L02	24396
2026-06-03T19:24:59.6843024+00:00	WorkerControlPipe	BridgeL01L02	meta-orchestration-f346fc855fc8441b9e7bc3755c3e2032
2026-06-03T19:24:59.6845898+00:00	WorkerLog	BridgeL01L02	stdout=C:\Users\jimmy\Desktop\meta-bi\Samples\Demos\MetaOrchestrationHairballCliIntegration\Runs\hairball-seed-20260530\RunArtifacts\runs\20260603-192440_c12f9e0cb1fc43a9a0146173e2224328\logs\BridgeL01L02-24396.stdout.log; stderr=C:\Users\jimmy\Desktop\meta-bi\Samples\Demos\MetaOrchestrationHairballCliIntegration\Runs\hairball-seed-20260530\RunArtifacts\runs\20260603-192440_c12f9e0cb1fc43a9a0146173e2224328\logs\BridgeL01L02-24396.stderr.log
2026-06-03T19:24:59.6850854+00:00	WorkerEvent	Layer06Node02.export-l06-n02	TaskSucceeded; ExitCode=0; 
2026-06-03T19:24:59.6860094+00:00	TaskSucceeded	Layer06Node02.export-l06-n02	0
2026-06-03T19:24:59.6864264+00:00	WorkerEvent	Layer06Node06.select-l06-n06	TaskReady; ExitCode=0; 
2026-06-03T19:24:59.6875362+00:00	WorkerEvent	Layer02Node07.refresh-l02-n07	TaskSucceeded; ExitCode=0; 
2026-06-03T19:24:59.6882709+00:00	TaskSucceeded	Layer02Node07.refresh-l02-n07	0
2026-06-03T19:24:59.6886168+00:00	WorkerProcessExited	Layer02Node07	ExitCode=0; worker process exited
2026-06-03T19:24:59.6892129+00:00	PipelineCompleted	Layer02Node07	
2026-06-03T19:24:59.6895218+00:00	WorkerProcessExited	Layer06Node02	ExitCode=0; worker process exited
2026-06-03T19:24:59.6901378+00:00	PipelineCompleted	Layer06Node02	
2026-06-03T19:24:59.6905963+00:00	WorkerProcessExited	Layer03Node02	ExitCode=0; worker process exited
2026-06-03T19:24:59.6925611+00:00	GrantTask	Layer02Hub.hub-l02-stage	Layer02Hub.hub-l02-stage; GrantId=grant-34; Attempt=1
2026-06-03T19:24:59.6951683+00:00	GrantTask	Layer06Node06.select-l06-n06	Layer06Node06.select-l06-n06; GrantId=grant-35; Attempt=1
2026-06-03T19:24:59.6955892+00:00	WorkerResuming	CompositeMart	ResumeTaskId=CompositeMart.composite-stage; Executable=meta-pipeline
2026-06-03T19:24:59.8221976+00:00	WorkerStarted	CompositeMart	12388
2026-06-03T19:24:59.8226400+00:00	WorkerControlPipe	CompositeMart	meta-orchestration-73c7928c5bf143b096ae7fa8a5d2c921
2026-06-03T19:24:59.8229537+00:00	WorkerLog	CompositeMart	stdout=C:\Users\jimmy\Desktop\meta-bi\Samples\Demos\MetaOrchestrationHairballCliIntegration\Runs\hairball-seed-20260530\RunArtifacts\runs\20260603-192440_c12f9e0cb1fc43a9a0146173e2224328\logs\CompositeMart-12388.stdout.log; stderr=C:\Users\jimmy\Desktop\meta-bi\Samples\Demos\MetaOrchestrationHairballCliIntegration\Runs\hairball-seed-20260530\RunArtifacts\runs\20260603-192440_c12f9e0cb1fc43a9a0146173e2224328\logs\CompositeMart-12388.stderr.log
2026-06-03T19:24:59.8233326+00:00	WorkerEvent	BridgeL01L02	WorkerOnline; ExitCode=0; online
2026-06-03T19:24:59.8247947+00:00	WorkerEvent	BridgeL03L04	PipelineStarted; ExitCode=0; pipeline started
2026-06-03T19:24:59.8257595+00:00	WorkerEvent	BridgeL01L02	WorkerReady; ExitCode=0; ready
2026-06-03T19:24:59.8312019+00:00	StartPipeline	BridgeL01L02	BridgeL01L02
2026-06-03T19:24:59.8320753+00:00	WorkerEvent	BridgeL03L04.bridge-l03-l04-collect	TaskReady; ExitCode=0; 
2026-06-03T19:24:59.8327827+00:00	WorkerEvent	Layer06Node06.select-l06-n06	GrantAccepted; ExitCode=0; 
2026-06-03T19:24:59.8341209+00:00	WorkerEvent	Layer02Hub.hub-l02-stage	GrantAccepted; ExitCode=0; 
2026-06-03T19:24:59.8361384+00:00	WorkerStarting	Layer03Hub	meta-pipeline
2026-06-03T19:24:59.9716346+00:00	WorkerStarted	Layer03Hub	7852
2026-06-03T19:24:59.9720783+00:00	WorkerControlPipe	Layer03Hub	meta-orchestration-58a55eff986a4a2891ba7d2a01d7ee49
2026-06-03T19:24:59.9724635+00:00	WorkerLog	Layer03Hub	stdout=C:\Users\jimmy\Desktop\meta-bi\Samples\Demos\MetaOrchestrationHairballCliIntegration\Runs\hairball-seed-20260530\RunArtifacts\runs\20260603-192440_c12f9e0cb1fc43a9a0146173e2224328\logs\Layer03Hub-7852.stdout.log; stderr=C:\Users\jimmy\Desktop\meta-bi\Samples\Demos\MetaOrchestrationHairballCliIntegration\Runs\hairball-seed-20260530\RunArtifacts\runs\20260603-192440_c12f9e0cb1fc43a9a0146173e2224328\logs\Layer03Hub-7852.stderr.log
2026-06-03T19:24:59.9729219+00:00	WorkerEvent	Layer03Node06	PipelineStarted; ExitCode=0; pipeline started
2026-06-03T19:24:59.9739663+00:00	WorkerEvent	BridgeL05L06	PipelineStarted; ExitCode=0; pipeline started
2026-06-03T19:24:59.9757253+00:00	WorkerEvent	Layer03Node06.refresh-l03-n06	TaskReady; ExitCode=0; 
2026-06-03T19:24:59.9764120+00:00	WorkerEvent	Layer06Node06.select-l06-n06	TaskStarted; ExitCode=0; 
2026-06-03T19:24:59.9770325+00:00	WorkerEvent	Layer02Hub.hub-l02-stage	TaskStarted; ExitCode=0; 
2026-06-03T19:24:59.9779064+00:00	WorkerEvent	BridgeL05L06.bridge-l05-l06-collect	TaskReady; ExitCode=0; 
2026-06-03T19:24:59.9785150+00:00	WorkerEvent	CompositeMart	WorkerOnline; ExitCode=0; online
2026-06-03T19:24:59.9874851+00:00	GrantTask	Layer03Node06.refresh-l03-n06	Layer03Node06.refresh-l03-n06; GrantId=grant-36; Attempt=1
2026-06-03T19:24:59.9879129+00:00	WorkerEvent	CompositeMart	WorkerReady; ExitCode=0; ready
2026-06-03T19:24:59.9942248+00:00	StartPipeline	CompositeMart	CompositeMart
2026-06-03T19:24:59.9951082+00:00	WorkerEvent	Layer03Node06.refresh-l03-n06	GrantAccepted; ExitCode=0; 
2026-06-03T19:24:59.9982666+00:00	WorkerEvent	Layer03Node06.refresh-l03-n06	TaskStarted; ExitCode=0; 
2026-06-03T19:25:00.0039227+00:00	WorkerEvent	Layer03Hub	WorkerOnline; ExitCode=0; online
2026-06-03T19:25:00.0365487+00:00	WorkerEvent	Layer03Hub	WorkerReady; ExitCode=0; ready
2026-06-03T19:25:00.0375184+00:00	StartPipeline	Layer03Hub	Layer03Hub
2026-06-03T19:25:00.0391648+00:00	WorkerEvent	BridgeL07L08	PipelineStarted; ExitCode=0; pipeline started
2026-06-03T19:25:00.0524310+00:00	WorkerEvent	BridgeL07L08.bridge-l07-l08-collect	TaskReady; ExitCode=0; 
2026-06-03T19:25:00.2213292+00:00	WorkerEvent	Layer04Node03	PipelineStarted; ExitCode=0; pipeline started
2026-06-03T19:25:00.2253565+00:00	WorkerEvent	Layer04Node03.refresh-l04-n03	TaskReady; ExitCode=0; 
2026-06-03T19:25:00.2285454+00:00	GrantTask	Layer04Node03.refresh-l04-n03	Layer04Node03.refresh-l04-n03; GrantId=grant-37; Attempt=1
2026-06-03T19:25:00.2314531+00:00	WorkerEvent	Layer04Node03.refresh-l04-n03	GrantAccepted; ExitCode=0; 
2026-06-03T19:25:00.2341506+00:00	WorkerEvent	Layer04Node03.refresh-l04-n03	TaskStarted; ExitCode=0; 
2026-06-03T19:25:00.2417060+00:00	WorkerEvent	AuditHairball	PipelineStarted; ExitCode=0; pipeline started
2026-06-03T19:25:00.2449274+00:00	WorkerEvent	AuditHairball.audit-hairball	TaskReady; ExitCode=0; 
2026-06-03T19:25:00.2916110+00:00	WorkerEvent	Layer06Node09	PipelineStarted; ExitCode=0; pipeline started
2026-06-03T19:25:00.2940745+00:00	WorkerEvent	Layer06Node09.select-l06-n09	TaskReady; ExitCode=0; 
2026-06-03T19:25:00.2964605+00:00	GrantTask	Layer06Node09.select-l06-n09	Layer06Node09.select-l06-n09; GrantId=grant-38; Attempt=1
2026-06-03T19:25:00.2984885+00:00	WorkerEvent	Layer06Node09.select-l06-n09	GrantAccepted; ExitCode=0; 
2026-06-03T19:25:00.3007767+00:00	WorkerEvent	Layer06Node09.select-l06-n09	TaskStarted; ExitCode=0; 
2026-06-03T19:25:00.3529666+00:00	WorkerEvent	Layer06Node06.select-l06-n06	TaskSucceeded; ExitCode=0; 
2026-06-03T19:25:00.3537797+00:00	TaskSucceeded	Layer06Node06.select-l06-n06	0
2026-06-03T19:25:00.3564325+00:00	WorkerEvent	Layer06Node06	Closed; ExitCode=-1; worker control channel closed
2026-06-03T19:25:00.3580939+00:00	PipelineCompleted	Layer06Node06	
2026-06-03T19:25:00.3600123+00:00	WorkerStarting	Layer03Node01	meta-pipeline
2026-06-03T19:25:00.4706808+00:00	WorkerStarted	Layer03Node01	25984
2026-06-03T19:25:00.4710150+00:00	WorkerControlPipe	Layer03Node01	meta-orchestration-db3790ef92a34e74940f2fd3aef0ab78
2026-06-03T19:25:00.4712930+00:00	WorkerLog	Layer03Node01	stdout=C:\Users\jimmy\Desktop\meta-bi\Samples\Demos\MetaOrchestrationHairballCliIntegration\Runs\hairball-seed-20260530\RunArtifacts\runs\20260603-192440_c12f9e0cb1fc43a9a0146173e2224328\logs\Layer03Node01-25984.stdout.log; stderr=C:\Users\jimmy\Desktop\meta-bi\Samples\Demos\MetaOrchestrationHairballCliIntegration\Runs\hairball-seed-20260530\RunArtifacts\runs\20260603-192440_c12f9e0cb1fc43a9a0146173e2224328\logs\Layer03Node01-25984.stderr.log
2026-06-03T19:25:00.4716487+00:00	WorkerEvent	Layer03Node06.refresh-l03-n06	TaskSucceeded; ExitCode=0; 
2026-06-03T19:25:00.4723048+00:00	TaskSucceeded	Layer03Node06.refresh-l03-n06	0
2026-06-03T19:25:00.4728597+00:00	WorkerEvent	Layer02Hub.hub-l02-stage	TaskSucceeded; ExitCode=0; 
2026-06-03T19:25:00.4738977+00:00	TaskSucceeded	Layer02Hub.hub-l02-stage	0
2026-06-03T19:25:00.4747409+00:00	WorkerProcessExited	Layer06Node06	ExitCode=0; worker process exited
2026-06-03T19:25:00.4752699+00:00	WorkerEvent	Layer02Hub.hub-l02-curate	TaskReady; ExitCode=0; 
2026-06-03T19:25:00.4759972+00:00	WorkerProcessExited	Layer03Node06	ExitCode=0; worker process exited
2026-06-03T19:25:00.4765879+00:00	PipelineCompleted	Layer03Node06	
2026-06-03T19:25:00.4774148+00:00	GrantTask	Layer02Hub.hub-l02-curate	Layer02Hub.hub-l02-curate; GrantId=grant-39; Attempt=1
2026-06-03T19:25:00.4778296+00:00	WorkerStarting	Layer03Node07	meta-pipeline
2026-06-03T19:25:00.5760157+00:00	WorkerStarted	Layer03Node07	18552
2026-06-03T19:25:00.5764323+00:00	WorkerControlPipe	Layer03Node07	meta-orchestration-5d6cf1d51b5c4227892ea326e2355b85
2026-06-03T19:25:00.5767724+00:00	WorkerLog	Layer03Node07	stdout=C:\Users\jimmy\Desktop\meta-bi\Samples\Demos\MetaOrchestrationHairballCliIntegration\Runs\hairball-seed-20260530\RunArtifacts\runs\20260603-192440_c12f9e0cb1fc43a9a0146173e2224328\logs\Layer03Node07-18552.stdout.log; stderr=C:\Users\jimmy\Desktop\meta-bi\Samples\Demos\MetaOrchestrationHairballCliIntegration\Runs\hairball-seed-20260530\RunArtifacts\runs\20260603-192440_c12f9e0cb1fc43a9a0146173e2224328\logs\Layer03Node07-18552.stderr.log
2026-06-03T19:25:00.5771784+00:00	WorkerEvent	Layer03Node01	WorkerOnline; ExitCode=0; online
2026-06-03T19:25:00.5779926+00:00	WorkerEvent	Layer02Hub.hub-l02-curate	GrantAccepted; ExitCode=0; 
2026-06-03T19:25:00.5805529+00:00	WorkerEvent	Layer03Node01	WorkerReady; ExitCode=0; ready
2026-06-03T19:25:00.5830108+00:00	StartPipeline	Layer03Node01	Layer03Node01
2026-06-03T19:25:00.5842720+00:00	WorkerEvent	Layer02Hub.hub-l02-curate	TaskStarted; ExitCode=0; 
2026-06-03T19:25:00.6040596+00:00	WorkerEvent	Layer03Node07	WorkerOnline; ExitCode=0; online
2026-06-03T19:25:00.6140525+00:00	WorkerEvent	Layer03Node07	WorkerReady; ExitCode=0; ready
2026-06-03T19:25:00.6179419+00:00	StartPipeline	Layer03Node07	Layer03Node07
2026-06-03T19:25:00.7036518+00:00	WorkerEvent	Layer04Node03.refresh-l04-n03	TaskSucceeded; ExitCode=0; 
2026-06-03T19:25:00.7044590+00:00	TaskSucceeded	Layer04Node03.refresh-l04-n03	0
2026-06-03T19:25:00.7069996+00:00	WorkerEvent	Layer04Node03	Closed; ExitCode=-1; worker control channel closed
2026-06-03T19:25:00.7139623+00:00	WorkerProcessExited	Layer04Node03	ExitCode=0; worker control channel closed
2026-06-03T19:25:00.7147193+00:00	PipelineCompleted	Layer04Node03	
2026-06-03T19:25:00.7211964+00:00	WorkerStarting	Layer03Node04	meta-pipeline
2026-06-03T19:25:00.8541497+00:00	WorkerStarted	Layer03Node04	17496
2026-06-03T19:25:00.8545374+00:00	WorkerControlPipe	Layer03Node04	meta-orchestration-1a6e98185945448cb9a1e2075cb5da79
2026-06-03T19:25:00.8548422+00:00	WorkerLog	Layer03Node04	stdout=C:\Users\jimmy\Desktop\meta-bi\Samples\Demos\MetaOrchestrationHairballCliIntegration\Runs\hairball-seed-20260530\RunArtifacts\runs\20260603-192440_c12f9e0cb1fc43a9a0146173e2224328\logs\Layer03Node04-17496.stdout.log; stderr=C:\Users\jimmy\Desktop\meta-bi\Samples\Demos\MetaOrchestrationHairballCliIntegration\Runs\hairball-seed-20260530\RunArtifacts\runs\20260603-192440_c12f9e0cb1fc43a9a0146173e2224328\logs\Layer03Node04-17496.stderr.log
2026-06-03T19:25:00.8552040+00:00	WorkerEvent	Layer06Node09.select-l06-n09	TaskSucceeded; ExitCode=0; 
2026-06-03T19:25:00.8558024+00:00	TaskSucceeded	Layer06Node09.select-l06-n09	0
2026-06-03T19:25:00.8561111+00:00	WorkerEvent	BridgeL01L02	PipelineStarted; ExitCode=0; pipeline started
2026-06-03T19:25:00.8568552+00:00	WorkerEvent	Layer02Hub.hub-l02-curate	TaskSucceeded; ExitCode=0; 
2026-06-03T19:25:00.8574998+00:00	TaskSucceeded	Layer02Hub.hub-l02-curate	0
2026-06-03T19:25:00.8579523+00:00	WorkerProcessExited	Layer06Node09	ExitCode=0; worker process exited
2026-06-03T19:25:00.8591664+00:00	PipelineCompleted	Layer06Node09	
2026-06-03T19:25:00.8595556+00:00	WorkerEvent	BridgeL01L02.bridge-l01-l02-collect	TaskReady; ExitCode=0; 
2026-06-03T19:25:00.8601205+00:00	WorkerEvent	Layer02Hub.hub-l02-publish	TaskReady; ExitCode=0; 
2026-06-03T19:25:00.8612920+00:00	GrantTask	BridgeL01L02.bridge-l01-l02-collect	BridgeL01L02.bridge-l01-l02-collect; GrantId=grant-40; Attempt=1
2026-06-03T19:25:00.8617925+00:00	GrantTask	Layer02Hub.hub-l02-publish	Layer02Hub.hub-l02-publish; GrantId=grant-41; Attempt=1
2026-06-03T19:25:00.8621760+00:00	WorkerStarting	Layer04Node04	meta-pipeline
2026-06-03T19:25:00.9556700+00:00	WorkerStarted	Layer04Node04	2072
2026-06-03T19:25:00.9560573+00:00	WorkerControlPipe	Layer04Node04	meta-orchestration-629d65b6ea1241128e9cdfd1bc7b11ed
2026-06-03T19:25:00.9563944+00:00	WorkerLog	Layer04Node04	stdout=C:\Users\jimmy\Desktop\meta-bi\Samples\Demos\MetaOrchestrationHairballCliIntegration\Runs\hairball-seed-20260530\RunArtifacts\runs\20260603-192440_c12f9e0cb1fc43a9a0146173e2224328\logs\Layer04Node04-2072.stdout.log; stderr=C:\Users\jimmy\Desktop\meta-bi\Samples\Demos\MetaOrchestrationHairballCliIntegration\Runs\hairball-seed-20260530\RunArtifacts\runs\20260603-192440_c12f9e0cb1fc43a9a0146173e2224328\logs\Layer04Node04-2072.stderr.log
2026-06-03T19:25:00.9568388+00:00	WorkerEvent	Layer03Node04	WorkerOnline; ExitCode=0; online
2026-06-03T19:25:00.9579552+00:00	WorkerEvent	BridgeL01L02.bridge-l01-l02-collect	GrantAccepted; ExitCode=0; 
2026-06-03T19:25:00.9591113+00:00	WorkerEvent	Layer02Hub.hub-l02-publish	GrantAccepted; ExitCode=0; 
2026-06-03T19:25:00.9625778+00:00	WorkerEvent	Layer03Node04	WorkerReady; ExitCode=0; ready
2026-06-03T19:25:00.9636558+00:00	StartPipeline	Layer03Node04	Layer03Node04
2026-06-03T19:25:00.9647125+00:00	WorkerEvent	BridgeL01L02.bridge-l01-l02-collect	TaskStarted; ExitCode=0; 
2026-06-03T19:25:00.9655384+00:00	WorkerEvent	Layer02Hub.hub-l02-publish	TaskStarted; ExitCode=0; 
2026-06-03T19:25:00.9838389+00:00	WorkerEvent	Layer04Node04	WorkerOnline; ExitCode=0; online
2026-06-03T19:25:00.9869658+00:00	WorkerEvent	Layer04Node04	WorkerReady; ExitCode=0; ready
2026-06-03T19:25:00.9912290+00:00	StartPipeline	Layer04Node04	Layer04Node04
2026-06-03T19:25:01.0090931+00:00	WorkerEvent	Layer03Hub	PipelineStarted; ExitCode=0; pipeline started
2026-06-03T19:25:01.0125803+00:00	WorkerEvent	Layer03Hub.hub-l03-stage	TaskReady; ExitCode=0; 
2026-06-03T19:25:01.1696713+00:00	WorkerEvent	Layer02Hub.hub-l02-publish	TaskSucceeded; ExitCode=0; 
2026-06-03T19:25:01.1706370+00:00	TaskSucceeded	Layer02Hub.hub-l02-publish	0
2026-06-03T19:25:01.1716421+00:00	WorkerDeferredForCapacity	AuditHairball	Deferred by orchestration to honor max active worker process capacity.
2026-06-03T19:25:01.1721171+00:00	StopPipeline	AuditHairball	Deferred by orchestration to honor max active worker process capacity.
2026-06-03T19:25:01.1732202+00:00	WorkerDeferredForCapacity	BridgeL03L04	Deferred by orchestration to honor max active worker process capacity.
2026-06-03T19:25:01.1756447+00:00	StopPipeline	BridgeL03L04	Deferred by orchestration to honor max active worker process capacity.
2026-06-03T19:25:01.1762726+00:00	WorkerEvent	Layer02Hub	Closed; ExitCode=-1; worker control channel closed
2026-06-03T19:25:01.1769402+00:00	PipelineCompleted	Layer02Hub	
2026-06-03T19:25:01.1775652+00:00	WorkerStarting	Layer03Node08	meta-pipeline
2026-06-03T19:25:01.3207109+00:00	WorkerStarted	Layer03Node08	15152
2026-06-03T19:25:01.3211485+00:00	WorkerControlPipe	Layer03Node08	meta-orchestration-7572493f249b44b2bebbfd59cd2bbc87
2026-06-03T19:25:01.3214732+00:00	WorkerLog	Layer03Node08	stdout=C:\Users\jimmy\Desktop\meta-bi\Samples\Demos\MetaOrchestrationHairballCliIntegration\Runs\hairball-seed-20260530\RunArtifacts\runs\20260603-192440_c12f9e0cb1fc43a9a0146173e2224328\logs\Layer03Node08-15152.stdout.log; stderr=C:\Users\jimmy\Desktop\meta-bi\Samples\Demos\MetaOrchestrationHairballCliIntegration\Runs\hairball-seed-20260530\RunArtifacts\runs\20260603-192440_c12f9e0cb1fc43a9a0146173e2224328\logs\Layer03Node08-15152.stderr.log
2026-06-03T19:25:01.3218680+00:00	WorkerEvent	AuditHairball	Closed; ExitCode=0; worker control channel closed
2026-06-03T19:25:01.3221883+00:00	WorkerProcessExited	AuditHairball	ExitCode=0; worker control channel closed
2026-06-03T19:25:01.3229946+00:00	WorkerDeferred	AuditHairball	ResumeTaskId=AuditHairball.audit-hairball
2026-06-03T19:25:01.3234808+00:00	WorkerEvent	BridgeL03L04	Closed; ExitCode=0; worker control channel closed
2026-06-03T19:25:01.3240461+00:00	WorkerProcessExited	BridgeL03L04	ExitCode=0; worker control channel closed
2026-06-03T19:25:01.3248708+00:00	WorkerDeferred	BridgeL03L04	ResumeTaskId=BridgeL03L04.bridge-l03-l04-collect
2026-06-03T19:25:01.3253803+00:00	WorkerEvent	CompositeMart	PipelineStarted; ExitCode=0; pipeline started
2026-06-03T19:25:01.3261597+00:00	WorkerProcessExited	Layer02Hub	ExitCode=0; worker process exited
2026-06-03T19:25:01.3279048+00:00	WorkerResuming	AuditHairball	ResumeTaskId=AuditHairball.audit-hairball; Executable=meta-pipeline
2026-06-03T19:25:01.4523175+00:00	WorkerStarted	AuditHairball	22984
2026-06-03T19:25:01.4527031+00:00	WorkerControlPipe	AuditHairball	meta-orchestration-0dcb5d2d80144a5c8286c1b51c11112b
2026-06-03T19:25:01.4530731+00:00	WorkerLog	AuditHairball	stdout=C:\Users\jimmy\Desktop\meta-bi\Samples\Demos\MetaOrchestrationHairballCliIntegration\Runs\hairball-seed-20260530\RunArtifacts\runs\20260603-192440_c12f9e0cb1fc43a9a0146173e2224328\logs\AuditHairball-22984.stdout.log; stderr=C:\Users\jimmy\Desktop\meta-bi\Samples\Demos\MetaOrchestrationHairballCliIntegration\Runs\hairball-seed-20260530\RunArtifacts\runs\20260603-192440_c12f9e0cb1fc43a9a0146173e2224328\logs\AuditHairball-22984.stderr.log
2026-06-03T19:25:01.4534663+00:00	WorkerEvent	Layer03Node07	PipelineStarted; ExitCode=0; pipeline started
2026-06-03T19:25:01.4544703+00:00	WorkerEvent	Layer03Node01	PipelineStarted; ExitCode=0; pipeline started
2026-06-03T19:25:01.4552762+00:00	WorkerEvent	Layer03Node07.refresh-l03-n07	TaskReady; ExitCode=0; 
2026-06-03T19:25:01.4560852+00:00	WorkerEvent	Layer03Node01.select-l03-n01	TaskReady; ExitCode=0; 
2026-06-03T19:25:01.4580818+00:00	WorkerEvent	Layer03Node08	WorkerOnline; ExitCode=0; online
2026-06-03T19:25:01.4592724+00:00	WorkerEvent	CompositeMart.composite-stage	TaskReady; ExitCode=0; 
2026-06-03T19:25:01.4621349+00:00	GrantTask	Layer03Node01.select-l03-n01	Layer03Node01.select-l03-n01; GrantId=grant-42; Attempt=1
2026-06-03T19:25:01.4627325+00:00	GrantTask	Layer03Node07.refresh-l03-n07	Layer03Node07.refresh-l03-n07; GrantId=grant-43; Attempt=1
2026-06-03T19:25:01.4631197+00:00	WorkerResuming	BridgeL03L04	ResumeTaskId=BridgeL03L04.bridge-l03-l04-collect; Executable=meta-pipeline
2026-06-03T19:25:01.5739896+00:00	WorkerStarted	BridgeL03L04	5660
2026-06-03T19:25:01.5745243+00:00	WorkerControlPipe	BridgeL03L04	meta-orchestration-d6efa6bd8bc04102a0cc229b8215f6f5
2026-06-03T19:25:01.5748938+00:00	WorkerLog	BridgeL03L04	stdout=C:\Users\jimmy\Desktop\meta-bi\Samples\Demos\MetaOrchestrationHairballCliIntegration\Runs\hairball-seed-20260530\RunArtifacts\runs\20260603-192440_c12f9e0cb1fc43a9a0146173e2224328\logs\BridgeL03L04-5660.stdout.log; stderr=C:\Users\jimmy\Desktop\meta-bi\Samples\Demos\MetaOrchestrationHairballCliIntegration\Runs\hairball-seed-20260530\RunArtifacts\runs\20260603-192440_c12f9e0cb1fc43a9a0146173e2224328\logs\BridgeL03L04-5660.stderr.log
2026-06-03T19:25:01.5753170+00:00	WorkerEvent	Layer03Node07.refresh-l03-n07	GrantAccepted; ExitCode=0; 
2026-06-03T19:25:01.5760724+00:00	WorkerEvent	BridgeL01L02.bridge-l01-l02-collect	TaskSucceeded; ExitCode=0; 
2026-06-03T19:25:01.5767187+00:00	TaskSucceeded	BridgeL01L02.bridge-l01-l02-collect	0
2026-06-03T19:25:01.5777375+00:00	WorkerEvent	AuditHairball	WorkerOnline; ExitCode=0; online
2026-06-03T19:25:01.5784847+00:00	WorkerEvent	Layer03Node01.select-l03-n01	GrantAccepted; ExitCode=0; 
2026-06-03T19:25:01.5791517+00:00	WorkerEvent	Layer03Node08	WorkerReady; ExitCode=0; ready
2026-06-03T19:25:01.5865336+00:00	StartPipeline	Layer03Node08	Layer03Node08
2026-06-03T19:25:01.5877693+00:00	WorkerEvent	Layer03Node07.refresh-l03-n07	TaskStarted; ExitCode=0; 
2026-06-03T19:25:01.5885372+00:00	WorkerEvent	BridgeL01L02.bridge-l01-l02-north	TaskReady; ExitCode=0; 
2026-06-03T19:25:01.5892473+00:00	WorkerEvent	AuditHairball	WorkerReady; ExitCode=0; ready
2026-06-03T19:25:01.5913166+00:00	StartPipeline	AuditHairball	AuditHairball
2026-06-03T19:25:01.5921239+00:00	WorkerEvent	Layer03Node01.select-l03-n01	TaskStarted; ExitCode=0; 
2026-06-03T19:25:01.5942352+00:00	GrantTask	BridgeL01L02.bridge-l01-l02-north	BridgeL01L02.bridge-l01-l02-north; GrantId=grant-44; Attempt=1
2026-06-03T19:25:01.5953382+00:00	WorkerDeferredForCapacity	BridgeL05L06	Deferred by orchestration to honor max active worker process capacity.
2026-06-03T19:25:01.5956865+00:00	StopPipeline	BridgeL05L06	Deferred by orchestration to honor max active worker process capacity.
2026-06-03T19:25:01.5961717+00:00	WorkerEvent	BridgeL01L02.bridge-l01-l02-north	GrantAccepted; ExitCode=0; 
2026-06-03T19:25:01.5979238+00:00	WorkerDeferredForCapacity	BridgeL07L08	Deferred by orchestration to honor max active worker process capacity.
2026-06-03T19:25:01.5983061+00:00	StopPipeline	BridgeL07L08	Deferred by orchestration to honor max active worker process capacity.
2026-06-03T19:25:01.5987140+00:00	WorkerEvent	BridgeL01L02.bridge-l01-l02-north	TaskStarted; ExitCode=0; 
2026-06-03T19:25:01.6085738+00:00	WorkerDeferredForCapacity	CompositeMart	Deferred by orchestration to honor max active worker process capacity.
2026-06-03T19:25:01.6134702+00:00	StopPipeline	CompositeMart	Deferred by orchestration to honor max active worker process capacity.
2026-06-03T19:25:01.6140361+00:00	WorkerEvent	BridgeL03L04	WorkerOnline; ExitCode=0; online
2026-06-03T19:25:01.6148494+00:00	WorkerEvent	BridgeL05L06	Closed; ExitCode=0; worker control channel closed
2026-06-03T19:25:01.6152928+00:00	WorkerProcessExited	BridgeL05L06	ExitCode=0; worker control channel closed
2026-06-03T19:25:01.6160153+00:00	WorkerDeferred	BridgeL05L06	ResumeTaskId=BridgeL05L06.bridge-l05-l06-collect
2026-06-03T19:25:01.6163939+00:00	WorkerEvent	BridgeL03L04	WorkerReady; ExitCode=0; ready
2026-06-03T19:25:01.6214041+00:00	StartPipeline	BridgeL03L04	BridgeL03L04
2026-06-03T19:25:01.6225460+00:00	WorkerEvent	BridgeL07L08	Closed; ExitCode=-1; worker control channel closed
2026-06-03T19:25:01.6230283+00:00	WorkerProcessExited	BridgeL07L08	ExitCode=0; worker control channel closed
2026-06-03T19:25:01.6238413+00:00	WorkerDeferred	BridgeL07L08	ResumeTaskId=BridgeL07L08.bridge-l07-l08-collect
2026-06-03T19:25:01.6254849+00:00	WorkerStarting	Layer08Node07	meta-pipeline
2026-06-03T19:25:01.7693775+00:00	WorkerStarted	Layer08Node07	28136
2026-06-03T19:25:01.7698436+00:00	WorkerControlPipe	Layer08Node07	meta-orchestration-7ab6783200424dd295d26d7b3c7c7b34
2026-06-03T19:25:01.7702869+00:00	WorkerLog	Layer08Node07	stdout=C:\Users\jimmy\Desktop\meta-bi\Samples\Demos\MetaOrchestrationHairballCliIntegration\Runs\hairball-seed-20260530\RunArtifacts\runs\20260603-192440_c12f9e0cb1fc43a9a0146173e2224328\logs\Layer08Node07-28136.stdout.log; stderr=C:\Users\jimmy\Desktop\meta-bi\Samples\Demos\MetaOrchestrationHairballCliIntegration\Runs\hairball-seed-20260530\RunArtifacts\runs\20260603-192440_c12f9e0cb1fc43a9a0146173e2224328\logs\Layer08Node07-28136.stderr.log
2026-06-03T19:25:01.7707154+00:00	WorkerEvent	Layer04Node04	PipelineStarted; ExitCode=0; pipeline started
2026-06-03T19:25:01.7713884+00:00	WorkerEvent	BridgeL01L02.bridge-l01-l02-north	TaskSucceeded; ExitCode=0; 
2026-06-03T19:25:01.7721663+00:00	TaskSucceeded	BridgeL01L02.bridge-l01-l02-north	0
2026-06-03T19:25:01.7726568+00:00	WorkerEvent	Layer04Node04.refresh-l04-n04	TaskReady; ExitCode=0; 
2026-06-03T19:25:01.7734642+00:00	WorkerEvent	BridgeL01L02.bridge-l01-l02-south	TaskReady; ExitCode=0; 
2026-06-03T19:25:01.7750286+00:00	WorkerEvent	CompositeMart	Closed; ExitCode=-1; worker control channel closed
2026-06-03T19:25:01.7754415+00:00	WorkerProcessExited	CompositeMart	ExitCode=0; worker control channel closed
2026-06-03T19:25:01.7761159+00:00	WorkerDeferred	CompositeMart	ResumeTaskId=CompositeMart.composite-stage
2026-06-03T19:25:01.7770990+00:00	GrantTask	BridgeL01L02.bridge-l01-l02-south	BridgeL01L02.bridge-l01-l02-south; GrantId=grant-45; Attempt=1
2026-06-03T19:25:01.7779863+00:00	GrantTask	Layer04Node04.refresh-l04-n04	Layer04Node04.refresh-l04-n04; GrantId=grant-46; Attempt=1
2026-06-03T19:25:01.7784540+00:00	WorkerStarting	Layer03Node05	meta-pipeline
2026-06-03T19:25:01.8822183+00:00	WorkerStarted	Layer03Node05	22780
2026-06-03T19:25:01.8826180+00:00	WorkerControlPipe	Layer03Node05	meta-orchestration-cd2470d34826445fbe17a6501f206656
2026-06-03T19:25:01.8829950+00:00	WorkerLog	Layer03Node05	stdout=C:\Users\jimmy\Desktop\meta-bi\Samples\Demos\MetaOrchestrationHairballCliIntegration\Runs\hairball-seed-20260530\RunArtifacts\runs\20260603-192440_c12f9e0cb1fc43a9a0146173e2224328\logs\Layer03Node05-22780.stdout.log; stderr=C:\Users\jimmy\Desktop\meta-bi\Samples\Demos\MetaOrchestrationHairballCliIntegration\Runs\hairball-seed-20260530\RunArtifacts\runs\20260603-192440_c12f9e0cb1fc43a9a0146173e2224328\logs\Layer03Node05-22780.stderr.log
2026-06-03T19:25:01.8834480+00:00	WorkerEvent	Layer03Node04	PipelineStarted; ExitCode=0; pipeline started
2026-06-03T19:25:01.8841066+00:00	WorkerEvent	Layer04Node04.refresh-l04-n04	GrantAccepted; ExitCode=0; 
2026-06-03T19:25:01.8848198+00:00	WorkerEvent	Layer03Node04.select-l03-n04	TaskReady; ExitCode=0; 
2026-06-03T19:25:01.8855266+00:00	WorkerEvent	Layer04Node04.refresh-l04-n04	TaskStarted; ExitCode=0; 
2026-06-03T19:25:01.8863043+00:00	WorkerEvent	Layer08Node07	WorkerOnline; ExitCode=0; online
2026-06-03T19:25:01.8870636+00:00	WorkerEvent	BridgeL01L02.bridge-l01-l02-south	GrantAccepted; ExitCode=0; 
2026-06-03T19:25:01.8877468+00:00	WorkerEvent	Layer08Node07	WorkerReady; ExitCode=0; ready
2026-06-03T19:25:01.8931023+00:00	StartPipeline	Layer08Node07	Layer08Node07
2026-06-03T19:25:01.8941278+00:00	WorkerEvent	BridgeL01L02.bridge-l01-l02-south	TaskStarted; ExitCode=0; 
2026-06-03T19:25:01.8969413+00:00	GrantTask	Layer03Node04.select-l03-n04	Layer03Node04.select-l03-n04; GrantId=grant-47; Attempt=1
2026-06-03T19:25:01.8975525+00:00	WorkerStarting	Layer04Node06	meta-pipeline
2026-06-03T19:25:02.0455780+00:00	WorkerStarted	Layer04Node06	24024
2026-06-03T19:25:02.0459920+00:00	WorkerControlPipe	Layer04Node06	meta-orchestration-3eaf2842442c4764a6375588110b0f76
2026-06-03T19:25:02.0465975+00:00	WorkerLog	Layer04Node06	stdout=C:\Users\jimmy\Desktop\meta-bi\Samples\Demos\MetaOrchestrationHairballCliIntegration\Runs\hairball-seed-20260530\RunArtifacts\runs\20260603-192440_c12f9e0cb1fc43a9a0146173e2224328\logs\Layer04Node06-24024.stdout.log; stderr=C:\Users\jimmy\Desktop\meta-bi\Samples\Demos\MetaOrchestrationHairballCliIntegration\Runs\hairball-seed-20260530\RunArtifacts\runs\20260603-192440_c12f9e0cb1fc43a9a0146173e2224328\logs\Layer04Node06-24024.stderr.log
2026-06-03T19:25:02.0470349+00:00	WorkerEvent	Layer03Node04.select-l03-n04	GrantAccepted; ExitCode=0; 
2026-06-03T19:25:02.0477714+00:00	WorkerEvent	BridgeL01L02.bridge-l01-l02-south	TaskSucceeded; ExitCode=0; 
2026-06-03T19:25:02.0487670+00:00	TaskSucceeded	BridgeL01L02.bridge-l01-l02-south	0
2026-06-03T19:25:02.0490840+00:00	WorkerEvent	Layer03Node04.select-l03-n04	TaskStarted; ExitCode=0; 
2026-06-03T19:25:02.0497063+00:00	WorkerEvent	Layer03Node05	WorkerOnline; ExitCode=0; online
2026-06-03T19:25:02.0503110+00:00	WorkerProcessExited	BridgeL01L02	ExitCode=0; worker process exited
2026-06-03T19:25:02.0510029+00:00	PipelineCompleted	BridgeL01L02	
2026-06-03T19:25:02.0514482+00:00	WorkerEvent	Layer03Node05	WorkerReady; ExitCode=0; ready
2026-06-03T19:25:02.0736942+00:00	StartPipeline	Layer03Node05	Layer03Node05
2026-06-03T19:25:02.0766271+00:00	WorkerResuming	BridgeL05L06	ResumeTaskId=BridgeL05L06.bridge-l05-l06-collect; Executable=meta-pipeline
2026-06-03T19:25:02.2209064+00:00	WorkerStarted	BridgeL05L06	21092
2026-06-03T19:25:02.2212856+00:00	WorkerControlPipe	BridgeL05L06	meta-orchestration-a8074a113f264efb9f83b662d6d71f5b
2026-06-03T19:25:02.2216140+00:00	WorkerLog	BridgeL05L06	stdout=C:\Users\jimmy\Desktop\meta-bi\Samples\Demos\MetaOrchestrationHairballCliIntegration\Runs\hairball-seed-20260530\RunArtifacts\runs\20260603-192440_c12f9e0cb1fc43a9a0146173e2224328\logs\BridgeL05L06-21092.stdout.log; stderr=C:\Users\jimmy\Desktop\meta-bi\Samples\Demos\MetaOrchestrationHairballCliIntegration\Runs\hairball-seed-20260530\RunArtifacts\runs\20260603-192440_c12f9e0cb1fc43a9a0146173e2224328\logs\BridgeL05L06-21092.stderr.log
2026-06-03T19:25:02.2221207+00:00	WorkerEvent	Layer03Node07.refresh-l03-n07	TaskSucceeded; ExitCode=0; 
2026-06-03T19:25:02.2247672+00:00	TaskSucceeded	Layer03Node07.refresh-l03-n07	0
2026-06-03T19:25:02.2255044+00:00	WorkerEvent	Layer04Node06	WorkerOnline; ExitCode=0; online
2026-06-03T19:25:02.2261761+00:00	WorkerEvent	Layer03Node01.select-l03-n01	TaskSucceeded; ExitCode=0; 
2026-06-03T19:25:02.2267603+00:00	TaskSucceeded	Layer03Node01.select-l03-n01	0
2026-06-03T19:25:02.2277268+00:00	WorkerProcessExited	Layer03Node01	ExitCode=0; worker process exited
2026-06-03T19:25:02.2286395+00:00	PipelineCompleted	Layer03Node01	
2026-06-03T19:25:02.2290382+00:00	WorkerEvent	Layer04Node06	WorkerReady; ExitCode=0; ready
2026-06-03T19:25:02.2337345+00:00	StartPipeline	Layer04Node06	Layer04Node06
2026-06-03T19:25:02.2344869+00:00	WorkerProcessExited	Layer03Node07	ExitCode=0; worker process exited
2026-06-03T19:25:02.2351275+00:00	PipelineCompleted	Layer03Node07	
2026-06-03T19:25:02.2359490+00:00	WorkerStarting	Layer04Node09	meta-pipeline
2026-06-03T19:25:02.3652965+00:00	WorkerStarted	Layer04Node09	24336
2026-06-03T19:25:02.3657123+00:00	WorkerControlPipe	Layer04Node09	meta-orchestration-6f26b761e66248aa811eb0b919f8895d
2026-06-03T19:25:02.3660637+00:00	WorkerLog	Layer04Node09	stdout=C:\Users\jimmy\Desktop\meta-bi\Samples\Demos\MetaOrchestrationHairballCliIntegration\Runs\hairball-seed-20260530\RunArtifacts\runs\20260603-192440_c12f9e0cb1fc43a9a0146173e2224328\logs\Layer04Node09-24336.stdout.log; stderr=C:\Users\jimmy\Desktop\meta-bi\Samples\Demos\MetaOrchestrationHairballCliIntegration\Runs\hairball-seed-20260530\RunArtifacts\runs\20260603-192440_c12f9e0cb1fc43a9a0146173e2224328\logs\Layer04Node09-24336.stderr.log
2026-06-03T19:25:02.3664987+00:00	WorkerEvent	BridgeL05L06	WorkerOnline; ExitCode=0; online
2026-06-03T19:25:02.3671286+00:00	WorkerEvent	AuditHairball	PipelineStarted; ExitCode=0; pipeline started
2026-06-03T19:25:02.3678718+00:00	WorkerEvent	BridgeL05L06	WorkerReady; ExitCode=0; ready
2026-06-03T19:25:02.3732512+00:00	StartPipeline	BridgeL05L06	BridgeL05L06
2026-06-03T19:25:02.3742144+00:00	WorkerEvent	AuditHairball.audit-hairball	TaskReady; ExitCode=0; 
2026-06-03T19:25:02.3748638+00:00	WorkerEvent	Layer03Node08	PipelineStarted; ExitCode=0; pipeline started
2026-06-03T19:25:02.3768501+00:00	WorkerStarting	Layer07Node02	meta-pipeline
2026-06-03T19:25:02.5224401+00:00	WorkerStarted	Layer07Node02	27908
2026-06-03T19:25:02.5268958+00:00	WorkerControlPipe	Layer07Node02	meta-orchestration-6bf28695850544d78edf29a7211ba8b7
2026-06-03T19:25:02.5272935+00:00	WorkerLog	Layer07Node02	stdout=C:\Users\jimmy\Desktop\meta-bi\Samples\Demos\MetaOrchestrationHairballCliIntegration\Runs\hairball-seed-20260530\RunArtifacts\runs\20260603-192440_c12f9e0cb1fc43a9a0146173e2224328\logs\Layer07Node02-27908.stdout.log; stderr=C:\Users\jimmy\Desktop\meta-bi\Samples\Demos\MetaOrchestrationHairballCliIntegration\Runs\hairball-seed-20260530\RunArtifacts\runs\20260603-192440_c12f9e0cb1fc43a9a0146173e2224328\logs\Layer07Node02-27908.stderr.log
2026-06-03T19:25:02.5276856+00:00	WorkerEvent	Layer04Node04.refresh-l04-n04	TaskSucceeded; ExitCode=0; 
2026-06-03T19:25:02.5297755+00:00	TaskSucceeded	Layer04Node04.refresh-l04-n04	0
2026-06-03T19:25:02.5303036+00:00	WorkerEvent	Layer04Node09	WorkerOnline; ExitCode=0; online
2026-06-03T19:25:02.5309564+00:00	WorkerEvent	Layer03Node08.export-l03-n08	TaskReady; ExitCode=0; 
2026-06-03T19:25:02.5315155+00:00	WorkerProcessExited	Layer04Node04	ExitCode=0; worker process exited
2026-06-03T19:25:02.5320543+00:00	PipelineCompleted	Layer04Node04	
2026-06-03T19:25:02.5354984+00:00	GrantTask	Layer03Node08.export-l03-n08	Layer03Node08.export-l03-n08; GrantId=grant-48; Attempt=1
2026-06-03T19:25:02.5367799+00:00	WorkerResuming	BridgeL07L08	ResumeTaskId=BridgeL07L08.bridge-l07-l08-collect; Executable=meta-pipeline
2026-06-03T19:25:02.7020990+00:00	WorkerStarted	BridgeL07L08	30784
2026-06-03T19:25:02.7026472+00:00	WorkerControlPipe	BridgeL07L08	meta-orchestration-5fd0c8746c404caf82d472692c4c6e52
2026-06-03T19:25:02.7030243+00:00	WorkerLog	BridgeL07L08	stdout=C:\Users\jimmy\Desktop\meta-bi\Samples\Demos\MetaOrchestrationHairballCliIntegration\Runs\hairball-seed-20260530\RunArtifacts\runs\20260603-192440_c12f9e0cb1fc43a9a0146173e2224328\logs\BridgeL07L08-30784.stdout.log; stderr=C:\Users\jimmy\Desktop\meta-bi\Samples\Demos\MetaOrchestrationHairballCliIntegration\Runs\hairball-seed-20260530\RunArtifacts\runs\20260603-192440_c12f9e0cb1fc43a9a0146173e2224328\logs\BridgeL07L08-30784.stderr.log
2026-06-03T19:25:02.7034018+00:00	WorkerEvent	Layer07Node02	WorkerOnline; ExitCode=0; online
2026-06-03T19:25:02.7040104+00:00	WorkerEvent	Layer03Node04.select-l03-n04	TaskSucceeded; ExitCode=0; 
2026-06-03T19:25:02.7046803+00:00	TaskSucceeded	Layer03Node04.select-l03-n04	0
2026-06-03T19:25:02.7056251+00:00	WorkerEvent	Layer07Node02	WorkerReady; ExitCode=0; ready
2026-06-03T19:25:02.7124958+00:00	StartPipeline	Layer07Node02	Layer07Node02
2026-06-03T19:25:02.7132661+00:00	WorkerEvent	Layer04Node09	WorkerReady; ExitCode=0; ready
2026-06-03T19:25:02.7139202+00:00	StartPipeline	Layer04Node09	Layer04Node09
2026-06-03T19:25:02.7145260+00:00	WorkerEvent	Layer03Node08.export-l03-n08	GrantAccepted; ExitCode=0; 
2026-06-03T19:25:02.7151401+00:00	WorkerProcessExited	Layer03Node04	ExitCode=0; worker process exited
2026-06-03T19:25:02.7158567+00:00	PipelineCompleted	Layer03Node04	
2026-06-03T19:25:02.7163033+00:00	WorkerEvent	Layer03Node08.export-l03-n08	TaskStarted; ExitCode=0; 
2026-06-03T19:25:02.7182354+00:00	WorkerResuming	CompositeMart	ResumeTaskId=CompositeMart.composite-stage; Executable=meta-pipeline
2026-06-03T19:25:02.8788297+00:00	WorkerStarted	CompositeMart	29320
2026-06-03T19:25:02.8793297+00:00	WorkerControlPipe	CompositeMart	meta-orchestration-c51a0eff28794da7aecf530c08ac8cc7
2026-06-03T19:25:02.8796958+00:00	WorkerLog	CompositeMart	stdout=C:\Users\jimmy\Desktop\meta-bi\Samples\Demos\MetaOrchestrationHairballCliIntegration\Runs\hairball-seed-20260530\RunArtifacts\runs\20260603-192440_c12f9e0cb1fc43a9a0146173e2224328\logs\CompositeMart-29320.stdout.log; stderr=C:\Users\jimmy\Desktop\meta-bi\Samples\Demos\MetaOrchestrationHairballCliIntegration\Runs\hairball-seed-20260530\RunArtifacts\runs\20260603-192440_c12f9e0cb1fc43a9a0146173e2224328\logs\CompositeMart-29320.stderr.log
2026-06-03T19:25:02.8801206+00:00	WorkerEvent	BridgeL03L04	PipelineStarted; ExitCode=0; pipeline started
2026-06-03T19:25:02.8815119+00:00	WorkerEvent	BridgeL07L08	WorkerOnline; ExitCode=0; online
2026-06-03T19:25:02.8822828+00:00	WorkerEvent	Layer08Node07	PipelineStarted; ExitCode=0; pipeline started
2026-06-03T19:25:02.8846968+00:00	WorkerEvent	BridgeL03L04.bridge-l03-l04-collect	TaskReady; ExitCode=0; 
2026-06-03T19:25:02.8917585+00:00	WorkerEvent	BridgeL07L08	WorkerReady; ExitCode=0; ready
2026-06-03T19:25:02.8927706+00:00	StartPipeline	BridgeL07L08	BridgeL07L08
2026-06-03T19:25:02.8935311+00:00	WorkerEvent	Layer08Node07.select-l08-n07	TaskReady; ExitCode=0; 
2026-06-03T19:25:02.8977776+00:00	GrantTask	Layer08Node07.select-l08-n07	Layer08Node07.select-l08-n07; GrantId=grant-49; Attempt=1
2026-06-03T19:25:02.9125578+00:00	WorkerEvent	Layer08Node07.select-l08-n07	GrantAccepted; ExitCode=0; 
2026-06-03T19:25:02.9312997+00:00	WorkerEvent	CompositeMart	WorkerOnline; ExitCode=0; online
2026-06-03T19:25:02.9321854+00:00	WorkerEvent	Layer08Node07.select-l08-n07	TaskStarted; ExitCode=0; 
2026-06-03T19:25:02.9343426+00:00	WorkerEvent	CompositeMart	WorkerReady; ExitCode=0; ready
2026-06-03T19:25:02.9405876+00:00	StartPipeline	CompositeMart	CompositeMart
2026-06-03T19:25:02.9723884+00:00	WorkerEvent	Layer03Node05	PipelineStarted; ExitCode=0; pipeline started
2026-06-03T19:25:02.9750870+00:00	WorkerEvent	Layer03Node05.select-l03-n05	TaskReady; ExitCode=0; 
2026-06-03T19:25:02.9779026+00:00	GrantTask	Layer03Node05.select-l03-n05	Layer03Node05.select-l03-n05; GrantId=grant-50; Attempt=1
2026-06-03T19:25:02.9802356+00:00	WorkerEvent	Layer03Node05.select-l03-n05	GrantAccepted; ExitCode=0; 
2026-06-03T19:25:02.9824409+00:00	WorkerEvent	Layer03Node05.select-l03-n05	TaskStarted; ExitCode=0; 
2026-06-03T19:25:03.0800397+00:00	WorkerEvent	Layer04Node06	PipelineStarted; ExitCode=0; pipeline started
2026-06-03T19:25:03.0824244+00:00	WorkerEvent	Layer04Node06.refresh-l04-n06	TaskReady; ExitCode=0; 
2026-06-03T19:25:03.0848929+00:00	GrantTask	Layer04Node06.refresh-l04-n06	Layer04Node06.refresh-l04-n06; GrantId=grant-51; Attempt=1
2026-06-03T19:25:03.0952623+00:00	WorkerEvent	Layer04Node06.refresh-l04-n06	GrantAccepted; ExitCode=0; 
2026-06-03T19:25:03.0976506+00:00	WorkerEvent	Layer04Node06.refresh-l04-n06	TaskStarted; ExitCode=0; 
2026-06-03T19:25:03.3841588+00:00	WorkerEvent	Layer03Node08.export-l03-n08	TaskSucceeded; ExitCode=0; 
2026-06-03T19:25:03.3850852+00:00	TaskSucceeded	Layer03Node08.export-l03-n08	0
2026-06-03T19:25:03.3860488+00:00	WorkerDeferredForCapacity	AuditHairball	Deferred by orchestration to honor max active worker process capacity.
2026-06-03T19:25:03.3864371+00:00	StopPipeline	AuditHairball	Deferred by orchestration to honor max active worker process capacity.
2026-06-03T19:25:03.3869386+00:00	WorkerEvent	Layer03Node08	Closed; ExitCode=-1; worker control channel closed
2026-06-03T19:25:03.3876943+00:00	PipelineCompleted	Layer03Node08	
2026-06-03T19:25:03.3886504+00:00	WorkerStarting	Layer04Node07	meta-pipeline
2026-06-03T19:25:03.5392044+00:00	WorkerStarted	Layer04Node07	26956
2026-06-03T19:25:03.5402062+00:00	WorkerControlPipe	Layer04Node07	meta-orchestration-8eaaf563d3404141bc5ac7a7e9f50ef8
2026-06-03T19:25:03.5409170+00:00	WorkerLog	Layer04Node07	stdout=C:\Users\jimmy\Desktop\meta-bi\Samples\Demos\MetaOrchestrationHairballCliIntegration\Runs\hairball-seed-20260530\RunArtifacts\runs\20260603-192440_c12f9e0cb1fc43a9a0146173e2224328\logs\Layer04Node07-26956.stdout.log; stderr=C:\Users\jimmy\Desktop\meta-bi\Samples\Demos\MetaOrchestrationHairballCliIntegration\Runs\hairball-seed-20260530\RunArtifacts\runs\20260603-192440_c12f9e0cb1fc43a9a0146173e2224328\logs\Layer04Node07-26956.stderr.log
2026-06-03T19:25:03.5414890+00:00	WorkerEvent	Layer08Node07.select-l08-n07	TaskSucceeded; ExitCode=0; 
2026-06-03T19:25:03.5423162+00:00	TaskSucceeded	Layer08Node07.select-l08-n07	0
2026-06-03T19:25:03.5432234+00:00	WorkerEvent	AuditHairball	Closed; ExitCode=-1; worker control channel closed
2026-06-03T19:25:03.5442549+00:00	WorkerProcessExited	AuditHairball	ExitCode=0; worker control channel closed
2026-06-03T19:25:03.5455154+00:00	WorkerDeferred	AuditHairball	ResumeTaskId=AuditHairball.audit-hairball
2026-06-03T19:25:03.5458735+00:00	WorkerEvent	Layer03Node05.select-l03-n05	TaskSucceeded; ExitCode=0; 
2026-06-03T19:25:03.5465396+00:00	TaskSucceeded	Layer03Node05.select-l03-n05	0
2026-06-03T19:25:03.5469390+00:00	WorkerProcessExited	Layer03Node08	ExitCode=0; worker process exited
2026-06-03T19:25:03.5472985+00:00	WorkerProcessExited	Layer08Node07	ExitCode=0; worker process exited
2026-06-03T19:25:03.5480400+00:00	PipelineCompleted	Layer08Node07	
2026-06-03T19:25:03.5483735+00:00	WorkerProcessExited	Layer03Node05	ExitCode=0; worker process exited
2026-06-03T19:25:03.5502030+00:00	PipelineCompleted	Layer03Node05	
2026-06-03T19:25:03.5551548+00:00	GrantTask	Layer03Hub.hub-l03-stage	Layer03Hub.hub-l03-stage; GrantId=grant-52; Attempt=1
2026-06-03T19:25:03.5557738+00:00	WorkerStarting	Layer06Node03	meta-pipeline
2026-06-03T19:25:03.6500212+00:00	WorkerStarted	Layer06Node03	18052
2026-06-03T19:25:03.6503382+00:00	WorkerControlPipe	Layer06Node03	meta-orchestration-5fd91a89278f4654a85118654bf19c74
2026-06-03T19:25:03.6506086+00:00	WorkerLog	Layer06Node03	stdout=C:\Users\jimmy\Desktop\meta-bi\Samples\Demos\MetaOrchestrationHairballCliIntegration\Runs\hairball-seed-20260530\RunArtifacts\runs\20260603-192440_c12f9e0cb1fc43a9a0146173e2224328\logs\Layer06Node03-18052.stdout.log; stderr=C:\Users\jimmy\Desktop\meta-bi\Samples\Demos\MetaOrchestrationHairballCliIntegration\Runs\hairball-seed-20260530\RunArtifacts\runs\20260603-192440_c12f9e0cb1fc43a9a0146173e2224328\logs\Layer06Node03-18052.stderr.log
2026-06-03T19:25:03.6509887+00:00	WorkerEvent	Layer07Node02	PipelineStarted; ExitCode=0; pipeline started
2026-06-03T19:25:03.6515904+00:00	WorkerEvent	Layer03Hub.hub-l03-stage	GrantAccepted; ExitCode=0; 
2026-06-03T19:25:03.6524115+00:00	WorkerEvent	Layer07Node02.select-l07-n02	TaskReady; ExitCode=0; 
2026-06-03T19:25:03.6530921+00:00	WorkerEvent	Layer03Hub.hub-l03-stage	TaskStarted; ExitCode=0; 
2026-06-03T19:25:03.6536640+00:00	WorkerEvent	BridgeL05L06	PipelineStarted; ExitCode=0; pipeline started
2026-06-03T19:25:03.6544235+00:00	WorkerEvent	Layer04Node06.refresh-l04-n06	TaskSucceeded; ExitCode=0; 
2026-06-03T19:25:03.6552624+00:00	TaskSucceeded	Layer04Node06.refresh-l04-n06	0
2026-06-03T19:25:03.6556201+00:00	WorkerEvent	BridgeL05L06.bridge-l05-l06-collect	TaskReady; ExitCode=0; 
2026-06-03T19:25:03.6563674+00:00	WorkerEvent	Layer04Node09	PipelineStarted; ExitCode=0; pipeline started
2026-06-03T19:25:03.6572809+00:00	WorkerEvent	Layer04Node07	WorkerOnline; ExitCode=0; online
2026-06-03T19:25:03.6580528+00:00	WorkerEvent	Layer04Node09.select-l04-n09	TaskReady; ExitCode=0; 
2026-06-03T19:25:03.6587126+00:00	WorkerEvent	Layer04Node07	WorkerReady; ExitCode=0; ready
2026-06-03T19:25:03.6618830+00:00	StartPipeline	Layer04Node07	Layer04Node07
2026-06-03T19:25:03.6625704+00:00	WorkerProcessExited	Layer04Node06	ExitCode=0; worker process exited
2026-06-03T19:25:03.6631349+00:00	PipelineCompleted	Layer04Node06	
2026-06-03T19:25:03.6647330+00:00	GrantTask	Layer04Node09.select-l04-n09	Layer04Node09.select-l04-n09; GrantId=grant-53; Attempt=1
2026-06-03T19:25:03.6652232+00:00	GrantTask	Layer07Node02.select-l07-n02	Layer07Node02.select-l07-n02; GrantId=grant-54; Attempt=1
2026-06-03T19:25:03.6655502+00:00	WorkerResuming	AuditHairball	ResumeTaskId=AuditHairball.audit-hairball; Executable=meta-pipeline
2026-06-03T19:25:03.7614576+00:00	WorkerStarted	AuditHairball	23788
2026-06-03T19:25:03.7617567+00:00	WorkerControlPipe	AuditHairball	meta-orchestration-b58975a6018042be81d51a240bef01bb
2026-06-03T19:25:03.7620410+00:00	WorkerLog	AuditHairball	stdout=C:\Users\jimmy\Desktop\meta-bi\Samples\Demos\MetaOrchestrationHairballCliIntegration\Runs\hairball-seed-20260530\RunArtifacts\runs\20260603-192440_c12f9e0cb1fc43a9a0146173e2224328\logs\AuditHairball-23788.stdout.log; stderr=C:\Users\jimmy\Desktop\meta-bi\Samples\Demos\MetaOrchestrationHairballCliIntegration\Runs\hairball-seed-20260530\RunArtifacts\runs\20260603-192440_c12f9e0cb1fc43a9a0146173e2224328\logs\AuditHairball-23788.stderr.log
2026-06-03T19:25:03.7623902+00:00	WorkerEvent	Layer07Node02.select-l07-n02	GrantAccepted; ExitCode=0; 
2026-06-03T19:25:03.7633608+00:00	WorkerEvent	Layer04Node09.select-l04-n09	GrantAccepted; ExitCode=0; 
2026-06-03T19:25:03.7643924+00:00	WorkerEvent	Layer07Node02.select-l07-n02	TaskStarted; ExitCode=0; 
2026-06-03T19:25:03.7649509+00:00	WorkerEvent	Layer04Node09.select-l04-n09	TaskStarted; ExitCode=0; 
2026-06-03T19:25:03.7655070+00:00	WorkerEvent	Layer06Node03	WorkerOnline; ExitCode=0; online
2026-06-03T19:25:03.7679854+00:00	WorkerStarting	Layer04Hub	meta-pipeline
2026-06-03T19:25:03.8916437+00:00	WorkerStarted	Layer04Hub	21964
2026-06-03T19:25:03.8920861+00:00	WorkerControlPipe	Layer04Hub	meta-orchestration-73fae0ee27c2498394f79a29ec6c2c60
2026-06-03T19:25:03.8924529+00:00	WorkerLog	Layer04Hub	stdout=C:\Users\jimmy\Desktop\meta-bi\Samples\Demos\MetaOrchestrationHairballCliIntegration\Runs\hairball-seed-20260530\RunArtifacts\runs\20260603-192440_c12f9e0cb1fc43a9a0146173e2224328\logs\Layer04Hub-21964.stdout.log; stderr=C:\Users\jimmy\Desktop\meta-bi\Samples\Demos\MetaOrchestrationHairballCliIntegration\Runs\hairball-seed-20260530\RunArtifacts\runs\20260603-192440_c12f9e0cb1fc43a9a0146173e2224328\logs\Layer04Hub-21964.stderr.log
2026-06-03T19:25:03.8929461+00:00	WorkerEvent	AuditHairball	WorkerOnline; ExitCode=0; online
2026-06-03T19:25:03.8970522+00:00	WorkerEvent	Layer06Node03	WorkerReady; ExitCode=0; ready
2026-06-03T19:25:03.8978127+00:00	StartPipeline	Layer06Node03	Layer06Node03
2026-06-03T19:25:03.8984877+00:00	WorkerEvent	AuditHairball	WorkerReady; ExitCode=0; ready
2026-06-03T19:25:03.9084547+00:00	StartPipeline	AuditHairball	AuditHairball
2026-06-03T19:25:03.9107301+00:00	WorkerStarting	Layer04Node01	meta-pipeline
2026-06-03T19:25:04.1070018+00:00	WorkerStarted	Layer04Node01	17228
2026-06-03T19:25:04.1075493+00:00	WorkerControlPipe	Layer04Node01	meta-orchestration-543690e7ec56466cbf41e6e102de6a3b
2026-06-03T19:25:04.1079589+00:00	WorkerLog	Layer04Node01	stdout=C:\Users\jimmy\Desktop\meta-bi\Samples\Demos\MetaOrchestrationHairballCliIntegration\Runs\hairball-seed-20260530\RunArtifacts\runs\20260603-192440_c12f9e0cb1fc43a9a0146173e2224328\logs\Layer04Node01-17228.stdout.log; stderr=C:\Users\jimmy\Desktop\meta-bi\Samples\Demos\MetaOrchestrationHairballCliIntegration\Runs\hairball-seed-20260530\RunArtifacts\runs\20260603-192440_c12f9e0cb1fc43a9a0146173e2224328\logs\Layer04Node01-17228.stderr.log
2026-06-03T19:25:04.1084442+00:00	WorkerEvent	BridgeL07L08	PipelineStarted; ExitCode=0; pipeline started
2026-06-03T19:25:04.1177196+00:00	WorkerEvent	Layer04Hub	WorkerOnline; ExitCode=0; online
2026-06-03T19:25:04.1224504+00:00	WorkerEvent	BridgeL07L08.bridge-l07-l08-collect	TaskReady; ExitCode=0; 
2026-06-03T19:25:04.1257620+00:00	WorkerEvent	Layer04Hub	WorkerReady; ExitCode=0; ready
2026-06-03T19:25:04.1297653+00:00	StartPipeline	Layer04Hub	Layer04Hub
2026-06-03T19:25:04.1350060+00:00	WorkerEvent	Layer04Node01	WorkerOnline; ExitCode=0; online
2026-06-03T19:25:04.1415319+00:00	WorkerEvent	Layer04Node01	WorkerReady; ExitCode=0; ready
2026-06-03T19:25:04.1423865+00:00	StartPipeline	Layer04Node01	Layer04Node01
2026-06-03T19:25:04.2991965+00:00	WorkerEvent	Layer03Hub.hub-l03-stage	TaskSucceeded; ExitCode=0; 
2026-06-03T19:25:04.3001261+00:00	TaskSucceeded	Layer03Hub.hub-l03-stage	0
2026-06-03T19:25:04.3010076+00:00	WorkerDeferredForCapacity	BridgeL03L04	Deferred by orchestration to honor max active worker process capacity.
2026-06-03T19:25:04.3014430+00:00	StopPipeline	BridgeL03L04	Deferred by orchestration to honor max active worker process capacity.
2026-06-03T19:25:04.3019019+00:00	WorkerEvent	Layer03Hub.hub-l03-curate	TaskReady; ExitCode=0; 
2026-06-03T19:25:04.3025947+00:00	WorkerEvent	CompositeMart	PipelineStarted; ExitCode=0; pipeline started
2026-06-03T19:25:04.3043775+00:00	GrantTask	Layer03Hub.hub-l03-curate	Layer03Hub.hub-l03-curate; GrantId=grant-55; Attempt=1
2026-06-03T19:25:04.3057621+00:00	WorkerDeferredForCapacity	BridgeL05L06	Deferred by orchestration to honor max active worker process capacity.
2026-06-03T19:25:04.3062464+00:00	StopPipeline	BridgeL05L06	Deferred by orchestration to honor max active worker process capacity.
2026-06-03T19:25:04.3067820+00:00	WorkerEvent	Layer03Hub.hub-l03-curate	GrantAccepted; ExitCode=0; 
2026-06-03T19:25:04.3078720+00:00	WorkerEvent	CompositeMart.composite-stage	TaskReady; ExitCode=0; 
2026-06-03T19:25:04.3089881+00:00	WorkerDeferredForCapacity	BridgeL07L08	Deferred by orchestration to honor max active worker process capacity.
2026-06-03T19:25:04.3093941+00:00	StopPipeline	BridgeL07L08	Deferred by orchestration to honor max active worker process capacity.
2026-06-03T19:25:04.3098227+00:00	WorkerEvent	Layer03Hub.hub-l03-curate	TaskStarted; ExitCode=0; 
2026-06-03T19:25:04.3105212+00:00	WorkerEvent	BridgeL03L04	Closed; ExitCode=-1; worker control channel closed
2026-06-03T19:25:04.3108731+00:00	WorkerProcessExited	BridgeL03L04	ExitCode=0; worker control channel closed
2026-06-03T19:25:04.3115054+00:00	WorkerDeferred	BridgeL03L04	ResumeTaskId=BridgeL03L04.bridge-l03-l04-collect
2026-06-03T19:25:04.3122272+00:00	WorkerStarting	Layer04Node05	meta-pipeline
2026-06-03T19:25:04.4936101+00:00	WorkerStarted	Layer04Node05	19848
2026-06-03T19:25:04.4941921+00:00	WorkerControlPipe	Layer04Node05	meta-orchestration-65a9ce65d91c473cad9a7bc832a585fb
2026-06-03T19:25:04.4948970+00:00	WorkerLog	Layer04Node05	stdout=C:\Users\jimmy\Desktop\meta-bi\Samples\Demos\MetaOrchestrationHairballCliIntegration\Runs\hairball-seed-20260530\RunArtifacts\runs\20260603-192440_c12f9e0cb1fc43a9a0146173e2224328\logs\Layer04Node05-19848.stdout.log; stderr=C:\Users\jimmy\Desktop\meta-bi\Samples\Demos\MetaOrchestrationHairballCliIntegration\Runs\hairball-seed-20260530\RunArtifacts\runs\20260603-192440_c12f9e0cb1fc43a9a0146173e2224328\logs\Layer04Node05-19848.stderr.log
2026-06-03T19:25:04.4956443+00:00	WorkerEvent	Layer07Node02.select-l07-n02	TaskSucceeded; ExitCode=0; 
2026-06-03T19:25:04.4964299+00:00	TaskSucceeded	Layer07Node02.select-l07-n02	0
2026-06-03T19:25:04.4968329+00:00	WorkerEvent	BridgeL07L08	Closed; ExitCode=0; worker control channel closed
2026-06-03T19:25:04.4971767+00:00	WorkerProcessExited	BridgeL07L08	ExitCode=0; worker control channel closed
2026-06-03T19:25:04.4979083+00:00	WorkerDeferred	BridgeL07L08	ResumeTaskId=BridgeL07L08.bridge-l07-l08-collect
2026-06-03T19:25:04.4982956+00:00	WorkerEvent	BridgeL05L06	Closed; ExitCode=0; worker control channel closed
2026-06-03T19:25:04.4986401+00:00	WorkerProcessExited	BridgeL05L06	ExitCode=0; worker control channel closed
2026-06-03T19:25:04.4993525+00:00	WorkerDeferred	BridgeL05L06	ResumeTaskId=BridgeL05L06.bridge-l05-l06-collect
2026-06-03T19:25:04.4997565+00:00	WorkerEvent	Layer03Hub.hub-l03-curate	TaskSucceeded; ExitCode=0; 
2026-06-03T19:25:04.5004402+00:00	TaskSucceeded	Layer03Hub.hub-l03-curate	0
2026-06-03T19:25:04.5008694+00:00	WorkerEvent	Layer04Node09.select-l04-n09	TaskSucceeded; ExitCode=0; 
2026-06-03T19:25:04.5038717+00:00	TaskSucceeded	Layer04Node09.select-l04-n09	0
2026-06-03T19:25:04.5045269+00:00	WorkerEvent	Layer03Hub.hub-l03-publish	TaskReady; ExitCode=0; 
2026-06-03T19:25:04.5054328+00:00	WorkerEvent	Layer04Node07	PipelineStarted; ExitCode=0; pipeline started
2026-06-03T19:25:04.5062500+00:00	WorkerProcessExited	Layer07Node02	ExitCode=0; worker process exited
2026-06-03T19:25:04.5069116+00:00	PipelineCompleted	Layer07Node02	
2026-06-03T19:25:04.5072805+00:00	WorkerEvent	Layer04Node07.refresh-l04-n07	TaskReady; ExitCode=0; 
2026-06-03T19:25:04.5080768+00:00	WorkerProcessExited	Layer04Node09	ExitCode=0; worker process exited
2026-06-03T19:25:04.5086114+00:00	PipelineCompleted	Layer04Node09	
2026-06-03T19:25:04.5095384+00:00	GrantTask	Layer03Hub.hub-l03-publish	Layer03Hub.hub-l03-publish; GrantId=grant-56; Attempt=1
2026-06-03T19:25:04.5106035+00:00	GrantTask	Layer04Node07.refresh-l04-n07	Layer04Node07.refresh-l04-n07; GrantId=grant-57; Attempt=1
2026-06-03T19:25:04.5126939+00:00	WorkerStarting	Layer04Node02	meta-pipeline
2026-06-03T19:25:04.6309290+00:00	WorkerStarted	Layer04Node02	24356
2026-06-03T19:25:04.6314079+00:00	WorkerControlPipe	Layer04Node02	meta-orchestration-be29960c2fa24abe8cebf2348e5bea3d
2026-06-03T19:25:04.6317727+00:00	WorkerLog	Layer04Node02	stdout=C:\Users\jimmy\Desktop\meta-bi\Samples\Demos\MetaOrchestrationHairballCliIntegration\Runs\hairball-seed-20260530\RunArtifacts\runs\20260603-192440_c12f9e0cb1fc43a9a0146173e2224328\logs\Layer04Node02-24356.stdout.log; stderr=C:\Users\jimmy\Desktop\meta-bi\Samples\Demos\MetaOrchestrationHairballCliIntegration\Runs\hairball-seed-20260530\RunArtifacts\runs\20260603-192440_c12f9e0cb1fc43a9a0146173e2224328\logs\Layer04Node02-24356.stderr.log
2026-06-03T19:25:04.6322581+00:00	WorkerEvent	Layer03Hub.hub-l03-publish	GrantAccepted; ExitCode=0; 
2026-06-03T19:25:04.6330342+00:00	WorkerEvent	Layer04Node05	WorkerOnline; ExitCode=0; online
2026-06-03T19:25:04.6338755+00:00	WorkerEvent	Layer04Node07.refresh-l04-n07	GrantAccepted; ExitCode=0; 
2026-06-03T19:25:04.6349184+00:00	WorkerStarting	Layer04Node08	meta-pipeline
2026-06-03T19:25:04.7817050+00:00	WorkerStarted	Layer04Node08	456
2026-06-03T19:25:04.7821005+00:00	WorkerControlPipe	Layer04Node08	meta-orchestration-c3cbb5b17d124887968a5e868354bda3
2026-06-03T19:25:04.7823827+00:00	WorkerLog	Layer04Node08	stdout=C:\Users\jimmy\Desktop\meta-bi\Samples\Demos\MetaOrchestrationHairballCliIntegration\Runs\hairball-seed-20260530\RunArtifacts\runs\20260603-192440_c12f9e0cb1fc43a9a0146173e2224328\logs\Layer04Node08-456.stdout.log; stderr=C:\Users\jimmy\Desktop\meta-bi\Samples\Demos\MetaOrchestrationHairballCliIntegration\Runs\hairball-seed-20260530\RunArtifacts\runs\20260603-192440_c12f9e0cb1fc43a9a0146173e2224328\logs\Layer04Node08-456.stderr.log
2026-06-03T19:25:04.7827948+00:00	WorkerEvent	Layer03Hub.hub-l03-publish	TaskStarted; ExitCode=0; 
2026-06-03T19:25:04.7833872+00:00	WorkerEvent	Layer04Node05	WorkerReady; ExitCode=0; ready
2026-06-03T19:25:04.7843971+00:00	StartPipeline	Layer04Node05	Layer04Node05
2026-06-03T19:25:04.7850845+00:00	WorkerEvent	AuditHairball	PipelineStarted; ExitCode=0; pipeline started
2026-06-03T19:25:04.7859412+00:00	WorkerEvent	Layer04Node02	WorkerOnline; ExitCode=0; online
2026-06-03T19:25:04.7865824+00:00	WorkerEvent	Layer04Node07.refresh-l04-n07	TaskStarted; ExitCode=0; 
2026-06-03T19:25:04.7877438+00:00	WorkerEvent	AuditHairball.audit-hairball	TaskReady; ExitCode=0; 
2026-06-03T19:25:04.7899329+00:00	WorkerEvent	Layer04Node02	WorkerReady; ExitCode=0; ready
2026-06-03T19:25:04.7955204+00:00	StartPipeline	Layer04Node02	Layer04Node02
2026-06-03T19:25:04.7963879+00:00	WorkerEvent	Layer06Node03	PipelineStarted; ExitCode=0; pipeline started
2026-06-03T19:25:04.7995669+00:00	WorkerStarting	Layer05Node03	meta-pipeline
2026-06-03T19:25:04.9082564+00:00	WorkerStarted	Layer05Node03	26212
2026-06-03T19:25:04.9086222+00:00	WorkerControlPipe	Layer05Node03	meta-orchestration-a8e7a9db13a44a78b5e0ce47af93ab69
2026-06-03T19:25:04.9089386+00:00	WorkerLog	Layer05Node03	stdout=C:\Users\jimmy\Desktop\meta-bi\Samples\Demos\MetaOrchestrationHairballCliIntegration\Runs\hairball-seed-20260530\RunArtifacts\runs\20260603-192440_c12f9e0cb1fc43a9a0146173e2224328\logs\Layer05Node03-26212.stdout.log; stderr=C:\Users\jimmy\Desktop\meta-bi\Samples\Demos\MetaOrchestrationHairballCliIntegration\Runs\hairball-seed-20260530\RunArtifacts\runs\20260603-192440_c12f9e0cb1fc43a9a0146173e2224328\logs\Layer05Node03-26212.stderr.log
2026-06-03T19:25:04.9093530+00:00	WorkerEvent	Layer03Hub.hub-l03-publish	TaskSucceeded; ExitCode=0; 
2026-06-03T19:25:04.9100680+00:00	TaskSucceeded	Layer03Hub.hub-l03-publish	0
2026-06-03T19:25:04.9104484+00:00	WorkerEvent	Layer04Node08	WorkerOnline; ExitCode=0; online
2026-06-03T19:25:04.9110706+00:00	WorkerEvent	Layer06Node03.select-l06-n03	TaskReady; ExitCode=0; 
2026-06-03T19:25:04.9118566+00:00	WorkerEvent	Layer04Node08	WorkerReady; ExitCode=0; ready
2026-06-03T19:25:04.9151974+00:00	StartPipeline	Layer04Node08	Layer04Node08
2026-06-03T19:25:04.9162873+00:00	WorkerProcessExited	Layer03Hub	ExitCode=0; worker process exited
2026-06-03T19:25:04.9171592+00:00	PipelineCompleted	Layer03Hub	
2026-06-03T19:25:04.9184784+00:00	GrantTask	Layer06Node03.select-l06-n03	Layer06Node03.select-l06-n03; GrantId=grant-58; Attempt=1
2026-06-03T19:25:04.9188356+00:00	WorkerStarting	Layer05Node02	meta-pipeline
2026-06-03T19:25:05.0192361+00:00	WorkerStarted	Layer05Node02	21652
2026-06-03T19:25:05.0196503+00:00	WorkerControlPipe	Layer05Node02	meta-orchestration-6b1d2deaf2bd414abc473f078fbc4a50
2026-06-03T19:25:05.0199827+00:00	WorkerLog	Layer05Node02	stdout=C:\Users\jimmy\Desktop\meta-bi\Samples\Demos\MetaOrchestrationHairballCliIntegration\Runs\hairball-seed-20260530\RunArtifacts\runs\20260603-192440_c12f9e0cb1fc43a9a0146173e2224328\logs\Layer05Node02-21652.stdout.log; stderr=C:\Users\jimmy\Desktop\meta-bi\Samples\Demos\MetaOrchestrationHairballCliIntegration\Runs\hairball-seed-20260530\RunArtifacts\runs\20260603-192440_c12f9e0cb1fc43a9a0146173e2224328\logs\Layer05Node02-21652.stderr.log
2026-06-03T19:25:05.0203706+00:00	WorkerEvent	Layer05Node03	WorkerOnline; ExitCode=0; online
2026-06-03T19:25:05.0216780+00:00	WorkerEvent	Layer04Node01	PipelineStarted; ExitCode=0; pipeline started
2026-06-03T19:25:05.0248405+00:00	WorkerEvent	Layer05Node03	WorkerReady; ExitCode=0; ready
2026-06-03T19:25:05.0303745+00:00	StartPipeline	Layer05Node03	Layer05Node03
2026-06-03T19:25:05.0314530+00:00	WorkerEvent	Layer04Node01.refresh-l04-n01	TaskReady; ExitCode=0; 
2026-06-03T19:25:05.0322721+00:00	WorkerEvent	Layer06Node03.select-l06-n03	GrantAccepted; ExitCode=0; 
2026-06-03T19:25:05.0355487+00:00	GrantTask	Layer04Node01.refresh-l04-n01	Layer04Node01.refresh-l04-n01; GrantId=grant-59; Attempt=1
2026-06-03T19:25:05.0359682+00:00	WorkerStarting	Layer07Node07	meta-pipeline
2026-06-03T19:25:05.1574698+00:00	WorkerStarted	Layer07Node07	30576
2026-06-03T19:25:05.1578911+00:00	WorkerControlPipe	Layer07Node07	meta-orchestration-f7408cb1ab424108a916d66a7cdab6a6
2026-06-03T19:25:05.1582112+00:00	WorkerLog	Layer07Node07	stdout=C:\Users\jimmy\Desktop\meta-bi\Samples\Demos\MetaOrchestrationHairballCliIntegration\Runs\hairball-seed-20260530\RunArtifacts\runs\20260603-192440_c12f9e0cb1fc43a9a0146173e2224328\logs\Layer07Node07-30576.stdout.log; stderr=C:\Users\jimmy\Desktop\meta-bi\Samples\Demos\MetaOrchestrationHairballCliIntegration\Runs\hairball-seed-20260530\RunArtifacts\runs\20260603-192440_c12f9e0cb1fc43a9a0146173e2224328\logs\Layer07Node07-30576.stderr.log
2026-06-03T19:25:05.1585972+00:00	WorkerEvent	Layer05Node02	WorkerOnline; ExitCode=0; online
2026-06-03T19:25:05.1593735+00:00	WorkerEvent	Layer04Node01.refresh-l04-n01	GrantAccepted; ExitCode=0; 
2026-06-03T19:25:05.1600819+00:00	WorkerEvent	Layer05Node02	WorkerReady; ExitCode=0; ready
2026-06-03T19:25:05.1682940+00:00	StartPipeline	Layer05Node02	Layer05Node02
2026-06-03T19:25:05.1691587+00:00	WorkerEvent	Layer04Node01.refresh-l04-n01	TaskStarted; ExitCode=0; 
2026-06-03T19:25:05.1699308+00:00	WorkerEvent	Layer04Node07.refresh-l04-n07	TaskSucceeded; ExitCode=0; 
2026-06-03T19:25:05.1735438+00:00	TaskSucceeded	Layer04Node07.refresh-l04-n07	0
2026-06-03T19:25:05.1739186+00:00	WorkerEvent	Layer06Node03.select-l06-n03	TaskStarted; ExitCode=0; 
2026-06-03T19:25:05.1745324+00:00	WorkerProcessExited	Layer04Node07	ExitCode=0; worker process exited
2026-06-03T19:25:05.1751438+00:00	PipelineCompleted	Layer04Node07	
2026-06-03T19:25:05.1769686+00:00	WorkerResuming	BridgeL03L04	ResumeTaskId=BridgeL03L04.bridge-l03-l04-collect; Executable=meta-pipeline
2026-06-03T19:25:05.3144783+00:00	WorkerStarted	BridgeL03L04	22032
2026-06-03T19:25:05.3150041+00:00	WorkerControlPipe	BridgeL03L04	meta-orchestration-809247eb25024137b6c385fc4c8ea145
2026-06-03T19:25:05.3153794+00:00	WorkerLog	BridgeL03L04	stdout=C:\Users\jimmy\Desktop\meta-bi\Samples\Demos\MetaOrchestrationHairballCliIntegration\Runs\hairball-seed-20260530\RunArtifacts\runs\20260603-192440_c12f9e0cb1fc43a9a0146173e2224328\logs\BridgeL03L04-22032.stdout.log; stderr=C:\Users\jimmy\Desktop\meta-bi\Samples\Demos\MetaOrchestrationHairballCliIntegration\Runs\hairball-seed-20260530\RunArtifacts\runs\20260603-192440_c12f9e0cb1fc43a9a0146173e2224328\logs\BridgeL03L04-22032.stderr.log
2026-06-03T19:25:05.3157623+00:00	WorkerEvent	Layer07Node07	WorkerOnline; ExitCode=0; online
2026-06-03T19:25:05.3165271+00:00	WorkerEvent	Layer04Hub	PipelineStarted; ExitCode=0; pipeline started
2026-06-03T19:25:05.3184796+00:00	WorkerEvent	Layer07Node07	WorkerReady; ExitCode=0; ready
2026-06-03T19:25:05.3204251+00:00	StartPipeline	Layer07Node07	Layer07Node07
2026-06-03T19:25:05.3224082+00:00	WorkerEvent	Layer04Hub.hub-l04-stage	TaskReady; ExitCode=0; 
2026-06-03T19:25:05.3519123+00:00	WorkerEvent	BridgeL03L04	WorkerOnline; ExitCode=0; online
2026-06-03T19:25:05.3633265+00:00	WorkerEvent	BridgeL03L04	WorkerReady; ExitCode=0; ready
2026-06-03T19:25:05.3672432+00:00	StartPipeline	BridgeL03L04	BridgeL03L04
2026-06-03T19:25:05.5267944+00:00	WorkerEvent	Layer04Node02	PipelineStarted; ExitCode=0; pipeline started
2026-06-03T19:25:05.5305830+00:00	WorkerEvent	Layer04Node02.export-l04-n02	TaskReady; ExitCode=0; 
2026-06-03T19:25:05.5331564+00:00	GrantTask	Layer04Node02.export-l04-n02	Layer04Node02.export-l04-n02; GrantId=grant-60; Attempt=1
2026-06-03T19:25:05.5361181+00:00	WorkerEvent	Layer04Node02.export-l04-n02	GrantAccepted; ExitCode=0; 
2026-06-03T19:25:05.5386259+00:00	WorkerEvent	Layer04Node02.export-l04-n02	TaskStarted; ExitCode=0; 
2026-06-03T19:25:05.5975621+00:00	WorkerEvent	Layer04Node05	PipelineStarted; ExitCode=0; pipeline started
2026-06-03T19:25:05.6006999+00:00	WorkerEvent	Layer04Node05.select-l04-n05	TaskReady; ExitCode=0; 
2026-06-03T19:25:05.6030843+00:00	GrantTask	Layer04Node05.select-l04-n05	Layer04Node05.select-l04-n05; GrantId=grant-61; Attempt=1
2026-06-03T19:25:05.6062546+00:00	WorkerEvent	Layer04Node05.select-l04-n05	GrantAccepted; ExitCode=0; 
2026-06-03T19:25:05.6115240+00:00	WorkerEvent	Layer04Node05.select-l04-n05	TaskStarted; ExitCode=0; 
2026-06-03T19:25:05.6704195+00:00	WorkerEvent	Layer06Node03.select-l06-n03	TaskSucceeded; ExitCode=0; 
2026-06-03T19:25:05.6713980+00:00	TaskSucceeded	Layer06Node03.select-l06-n03	0
2026-06-03T19:25:05.6719381+00:00	WorkerEvent	Layer06Node03	Closed; ExitCode=-1; worker control channel closed
2026-06-03T19:25:05.6727485+00:00	PipelineCompleted	Layer06Node03	
2026-06-03T19:25:05.6829810+00:00	WorkerResuming	BridgeL05L06	ResumeTaskId=BridgeL05L06.bridge-l05-l06-collect; Executable=meta-pipeline
2026-06-03T19:25:05.8765547+00:00	WorkerStarted	BridgeL05L06	29788
2026-06-03T19:25:05.8770741+00:00	WorkerControlPipe	BridgeL05L06	meta-orchestration-6ecc1579da104d2c88174e76d9d83dbb
2026-06-03T19:25:05.8773942+00:00	WorkerLog	BridgeL05L06	stdout=C:\Users\jimmy\Desktop\meta-bi\Samples\Demos\MetaOrchestrationHairballCliIntegration\Runs\hairball-seed-20260530\RunArtifacts\runs\20260603-192440_c12f9e0cb1fc43a9a0146173e2224328\logs\BridgeL05L06-29788.stdout.log; stderr=C:\Users\jimmy\Desktop\meta-bi\Samples\Demos\MetaOrchestrationHairballCliIntegration\Runs\hairball-seed-20260530\RunArtifacts\runs\20260603-192440_c12f9e0cb1fc43a9a0146173e2224328\logs\BridgeL05L06-29788.stderr.log
2026-06-03T19:25:05.8777994+00:00	WorkerEvent	Layer05Node03	PipelineStarted; ExitCode=0; pipeline started
2026-06-03T19:25:05.8784537+00:00	WorkerEvent	Layer04Node01.refresh-l04-n01	TaskSucceeded; ExitCode=0; 
2026-06-03T19:25:05.8795414+00:00	TaskSucceeded	Layer04Node01.refresh-l04-n01	0
2026-06-03T19:25:05.8800679+00:00	WorkerEvent	Layer05Node03.refresh-l05-n03	TaskReady; ExitCode=0; 
2026-06-03T19:25:05.8807720+00:00	WorkerEvent	Layer04Node08	PipelineStarted; ExitCode=0; pipeline started
2026-06-03T19:25:05.8816339+00:00	WorkerProcessExited	Layer04Node01	ExitCode=0; worker process exited
2026-06-03T19:25:05.8823863+00:00	PipelineCompleted	Layer04Node01	
2026-06-03T19:25:05.8828070+00:00	WorkerProcessExited	Layer06Node03	ExitCode=0; worker process exited
2026-06-03T19:25:05.8849393+00:00	GrantTask	Layer05Node03.refresh-l05-n03	Layer05Node03.refresh-l05-n03; GrantId=grant-62; Attempt=1
2026-06-03T19:25:05.8854205+00:00	WorkerResuming	BridgeL07L08	ResumeTaskId=BridgeL07L08.bridge-l07-l08-collect; Executable=meta-pipeline
2026-06-03T19:25:06.0267369+00:00	WorkerStarted	BridgeL07L08	3336
2026-06-03T19:25:06.0272351+00:00	WorkerControlPipe	BridgeL07L08	meta-orchestration-c59597026ec3444798f1c923d6425c92
2026-06-03T19:25:06.0275924+00:00	WorkerLog	BridgeL07L08	stdout=C:\Users\jimmy\Desktop\meta-bi\Samples\Demos\MetaOrchestrationHairballCliIntegration\Runs\hairball-seed-20260530\RunArtifacts\runs\20260603-192440_c12f9e0cb1fc43a9a0146173e2224328\logs\BridgeL07L08-3336.stdout.log; stderr=C:\Users\jimmy\Desktop\meta-bi\Samples\Demos\MetaOrchestrationHairballCliIntegration\Runs\hairball-seed-20260530\RunArtifacts\runs\20260603-192440_c12f9e0cb1fc43a9a0146173e2224328\logs\BridgeL07L08-3336.stderr.log
2026-06-03T19:25:06.0280691+00:00	WorkerEvent	Layer05Node03.refresh-l05-n03	GrantAccepted; ExitCode=0; 
2026-06-03T19:25:06.0292119+00:00	WorkerEvent	Layer04Node08.select-l04-n08	TaskReady; ExitCode=0; 
2026-06-03T19:25:06.0299852+00:00	WorkerEvent	BridgeL05L06	WorkerOnline; ExitCode=0; online
2026-06-03T19:25:06.0307447+00:00	WorkerEvent	Layer05Node03.refresh-l05-n03	TaskStarted; ExitCode=0; 
2026-06-03T19:25:06.0315600+00:00	WorkerEvent	BridgeL05L06	WorkerReady; ExitCode=0; ready
2026-06-03T19:25:06.0390038+00:00	StartPipeline	BridgeL05L06	BridgeL05L06
2026-06-03T19:25:06.0456249+00:00	GrantTask	Layer04Node08.select-l04-n08	Layer04Node08.select-l04-n08; GrantId=grant-63; Attempt=1
2026-06-03T19:25:06.0474802+00:00	WorkerEvent	Layer04Node08.select-l04-n08	GrantAccepted; ExitCode=0; 
2026-06-03T19:25:06.0567906+00:00	WorkerEvent	Layer04Node08.select-l04-n08	TaskStarted; ExitCode=0; 
2026-06-03T19:25:06.0588785+00:00	WorkerEvent	BridgeL07L08	WorkerOnline; ExitCode=0; online
2026-06-03T19:25:06.0680659+00:00	WorkerEvent	BridgeL07L08	WorkerReady; ExitCode=0; ready
2026-06-03T19:25:06.0722007+00:00	StartPipeline	BridgeL07L08	BridgeL07L08
2026-06-03T19:25:06.1095789+00:00	WorkerEvent	Layer05Node02	PipelineStarted; ExitCode=0; pipeline started
2026-06-03T19:25:06.1116651+00:00	WorkerEvent	Layer05Node02.select-l05-n02	TaskReady; ExitCode=0; 
2026-06-03T19:25:06.1152698+00:00	GrantTask	Layer05Node02.select-l05-n02	Layer05Node02.select-l05-n02; GrantId=grant-64; Attempt=1
2026-06-03T19:25:06.1180654+00:00	WorkerEvent	Layer05Node02.select-l05-n02	GrantAccepted; ExitCode=0; 
2026-06-03T19:25:06.1207531+00:00	WorkerEvent	Layer05Node02.select-l05-n02	TaskStarted; ExitCode=0; 
2026-06-03T19:25:06.2414390+00:00	WorkerEvent	Layer07Node07	PipelineStarted; ExitCode=0; pipeline started
2026-06-03T19:25:06.2437558+00:00	WorkerEvent	Layer07Node07.select-l07-n07	TaskReady; ExitCode=0; 
2026-06-03T19:25:06.2445545+00:00	WorkerEvent	Layer04Node05.select-l04-n05	TaskSucceeded; ExitCode=0; 
2026-06-03T19:25:06.2452387+00:00	TaskSucceeded	Layer04Node05.select-l04-n05	0
2026-06-03T19:25:06.2461221+00:00	WorkerEvent	Layer04Node05	Closed; ExitCode=-1; worker control channel closed
2026-06-03T19:25:06.2469644+00:00	PipelineCompleted	Layer04Node05	
2026-06-03T19:25:06.2472909+00:00	WorkerEvent	Layer04Node02.export-l04-n02	TaskSucceeded; ExitCode=0; 
2026-06-03T19:25:06.2483349+00:00	TaskSucceeded	Layer04Node02.export-l04-n02	0
2026-06-03T19:25:06.2488391+00:00	WorkerEvent	Layer04Node02	Closed; ExitCode=-1; worker control channel closed
2026-06-03T19:25:06.2498423+00:00	PipelineCompleted	Layer04Node02	
2026-06-03T19:25:06.2509574+00:00	GrantTask	Layer07Node07.select-l07-n07	Layer07Node07.select-l07-n07; GrantId=grant-65; Attempt=1
2026-06-03T19:25:06.2514880+00:00	WorkerStarting	Layer05Node07	meta-pipeline
2026-06-03T19:25:06.4067256+00:00	WorkerStarted	Layer05Node07	27452
2026-06-03T19:25:06.4071914+00:00	WorkerControlPipe	Layer05Node07	meta-orchestration-b0821156edd24798931d32e24856f41c
2026-06-03T19:25:06.4075005+00:00	WorkerLog	Layer05Node07	stdout=C:\Users\jimmy\Desktop\meta-bi\Samples\Demos\MetaOrchestrationHairballCliIntegration\Runs\hairball-seed-20260530\RunArtifacts\runs\20260603-192440_c12f9e0cb1fc43a9a0146173e2224328\logs\Layer05Node07-27452.stdout.log; stderr=C:\Users\jimmy\Desktop\meta-bi\Samples\Demos\MetaOrchestrationHairballCliIntegration\Runs\hairball-seed-20260530\RunArtifacts\runs\20260603-192440_c12f9e0cb1fc43a9a0146173e2224328\logs\Layer05Node07-27452.stderr.log
2026-06-03T19:25:06.4078587+00:00	WorkerEvent	Layer07Node07.select-l07-n07	GrantAccepted; ExitCode=0; 
2026-06-03T19:25:06.4084946+00:00	WorkerProcessExited	Layer04Node02	ExitCode=0; worker process exited
2026-06-03T19:25:06.4087858+00:00	WorkerProcessExited	Layer04Node05	ExitCode=0; worker process exited
2026-06-03T19:25:06.4091234+00:00	WorkerEvent	Layer07Node07.select-l07-n07	TaskStarted; ExitCode=0; 
2026-06-03T19:25:06.4103861+00:00	WorkerStarting	Layer07Node04	meta-pipeline
2026-06-03T19:25:06.5466159+00:00	WorkerStarted	Layer07Node04	23900
2026-06-03T19:25:06.5471099+00:00	WorkerControlPipe	Layer07Node04	meta-orchestration-16fd35ab7c8f4e9381b09f4750ce1308
2026-06-03T19:25:06.5474878+00:00	WorkerLog	Layer07Node04	stdout=C:\Users\jimmy\Desktop\meta-bi\Samples\Demos\MetaOrchestrationHairballCliIntegration\Runs\hairball-seed-20260530\RunArtifacts\runs\20260603-192440_c12f9e0cb1fc43a9a0146173e2224328\logs\Layer07Node04-23900.stdout.log; stderr=C:\Users\jimmy\Desktop\meta-bi\Samples\Demos\MetaOrchestrationHairballCliIntegration\Runs\hairball-seed-20260530\RunArtifacts\runs\20260603-192440_c12f9e0cb1fc43a9a0146173e2224328\logs\Layer07Node04-23900.stderr.log
2026-06-03T19:25:06.5479498+00:00	WorkerEvent	Layer05Node07	WorkerOnline; ExitCode=0; online
2026-06-03T19:25:06.5486622+00:00	WorkerEvent	BridgeL03L04	PipelineStarted; ExitCode=0; pipeline started
2026-06-03T19:25:06.5503354+00:00	WorkerEvent	Layer05Node07	WorkerReady; ExitCode=0; ready
2026-06-03T19:25:06.5570204+00:00	StartPipeline	Layer05Node07	Layer05Node07
2026-06-03T19:25:06.5578107+00:00	WorkerEvent	BridgeL03L04.bridge-l03-l04-collect	TaskReady; ExitCode=0; 
2026-06-03T19:25:06.5745712+00:00	WorkerEvent	Layer07Node04	WorkerOnline; ExitCode=0; online
2026-06-03T19:25:06.5774084+00:00	WorkerEvent	Layer07Node04	WorkerReady; ExitCode=0; ready
2026-06-03T19:25:06.5802420+00:00	StartPipeline	Layer07Node04	Layer07Node04
2026-06-03T19:25:06.5911261+00:00	WorkerEvent	Layer05Node03.refresh-l05-n03	TaskSucceeded; ExitCode=0; 
2026-06-03T19:25:06.5930565+00:00	TaskSucceeded	Layer05Node03.refresh-l05-n03	0
2026-06-03T19:25:06.5956231+00:00	WorkerDeferredForCapacity	AuditHairball	Deferred by orchestration to honor max active worker process capacity.
2026-06-03T19:25:06.5961792+00:00	StopPipeline	AuditHairball	Deferred by orchestration to honor max active worker process capacity.
2026-06-03T19:25:06.5966850+00:00	WorkerEvent	Layer05Node03	Closed; ExitCode=-1; worker control channel closed
2026-06-03T19:25:06.5975235+00:00	PipelineCompleted	Layer05Node03	
2026-06-03T19:25:06.5992626+00:00	WorkerStarting	Layer06Node04	meta-pipeline
2026-06-03T19:25:06.7413449+00:00	WorkerStarted	Layer06Node04	18968
2026-06-03T19:25:06.7420306+00:00	WorkerControlPipe	Layer06Node04	meta-orchestration-4ebd7dfe1b2045319f31606bbc55f5d3
2026-06-03T19:25:06.7424784+00:00	WorkerLog	Layer06Node04	stdout=C:\Users\jimmy\Desktop\meta-bi\Samples\Demos\MetaOrchestrationHairballCliIntegration\Runs\hairball-seed-20260530\RunArtifacts\runs\20260603-192440_c12f9e0cb1fc43a9a0146173e2224328\logs\Layer06Node04-18968.stdout.log; stderr=C:\Users\jimmy\Desktop\meta-bi\Samples\Demos\MetaOrchestrationHairballCliIntegration\Runs\hairball-seed-20260530\RunArtifacts\runs\20260603-192440_c12f9e0cb1fc43a9a0146173e2224328\logs\Layer06Node04-18968.stderr.log
2026-06-03T19:25:06.7429670+00:00	WorkerEvent	Layer05Node02.select-l05-n02	TaskSucceeded; ExitCode=0; 
2026-06-03T19:25:06.7437261+00:00	TaskSucceeded	Layer05Node02.select-l05-n02	0
2026-06-03T19:25:06.7441825+00:00	WorkerEvent	Layer04Node08.select-l04-n08	TaskSucceeded; ExitCode=0; 
2026-06-03T19:25:06.7448948+00:00	TaskSucceeded	Layer04Node08.select-l04-n08	0
2026-06-03T19:25:06.7453127+00:00	WorkerEvent	AuditHairball	Closed; ExitCode=0; worker control channel closed
2026-06-03T19:25:06.7456940+00:00	WorkerProcessExited	AuditHairball	ExitCode=0; worker control channel closed
2026-06-03T19:25:06.7465107+00:00	WorkerDeferred	AuditHairball	ResumeTaskId=AuditHairball.audit-hairball
2026-06-03T19:25:06.7468851+00:00	WorkerProcessExited	Layer04Node08	ExitCode=0; worker process exited
2026-06-03T19:25:06.7476129+00:00	PipelineCompleted	Layer04Node08	
2026-06-03T19:25:06.7479792+00:00	WorkerProcessExited	Layer05Node02	ExitCode=0; worker process exited
2026-06-03T19:25:06.7488765+00:00	PipelineCompleted	Layer05Node02	
2026-06-03T19:25:06.7492475+00:00	WorkerProcessExited	Layer05Node03	ExitCode=0; worker process exited
2026-06-03T19:25:06.7507210+00:00	GrantTask	Layer04Hub.hub-l04-stage	Layer04Hub.hub-l04-stage; GrantId=grant-66; Attempt=1
2026-06-03T19:25:06.7511055+00:00	WorkerStarting	Layer08Node05	meta-pipeline
2026-06-03T19:25:06.9257905+00:00	WorkerStarted	Layer08Node05	29108
2026-06-03T19:25:06.9263895+00:00	WorkerControlPipe	Layer08Node05	meta-orchestration-5a8833429fbe47beb80bced2fbd6d9ff
2026-06-03T19:25:06.9267801+00:00	WorkerLog	Layer08Node05	stdout=C:\Users\jimmy\Desktop\meta-bi\Samples\Demos\MetaOrchestrationHairballCliIntegration\Runs\hairball-seed-20260530\RunArtifacts\runs\20260603-192440_c12f9e0cb1fc43a9a0146173e2224328\logs\Layer08Node05-29108.stdout.log; stderr=C:\Users\jimmy\Desktop\meta-bi\Samples\Demos\MetaOrchestrationHairballCliIntegration\Runs\hairball-seed-20260530\RunArtifacts\runs\20260603-192440_c12f9e0cb1fc43a9a0146173e2224328\logs\Layer08Node05-29108.stderr.log
2026-06-03T19:25:06.9272475+00:00	WorkerEvent	Layer06Node04	WorkerOnline; ExitCode=0; online
2026-06-03T19:25:06.9280362+00:00	WorkerEvent	Layer04Hub.hub-l04-stage	GrantAccepted; ExitCode=0; 
2026-06-03T19:25:06.9299532+00:00	WorkerEvent	Layer06Node04	WorkerReady; ExitCode=0; ready
2026-06-03T19:25:06.9475030+00:00	StartPipeline	Layer06Node04	Layer06Node04
2026-06-03T19:25:06.9483864+00:00	WorkerEvent	Layer04Hub.hub-l04-stage	TaskStarted; ExitCode=0; 
2026-06-03T19:25:06.9503855+00:00	WorkerResuming	AuditHairball	ResumeTaskId=AuditHairball.audit-hairball; Executable=meta-pipeline
2026-06-03T19:25:07.1509233+00:00	WorkerStarted	AuditHairball	28088
2026-06-03T19:25:07.1515514+00:00	WorkerControlPipe	AuditHairball	meta-orchestration-42f120551b044bdda9a12f406e34a1e6
2026-06-03T19:25:07.1522771+00:00	WorkerLog	AuditHairball	stdout=C:\Users\jimmy\Desktop\meta-bi\Samples\Demos\MetaOrchestrationHairballCliIntegration\Runs\hairball-seed-20260530\RunArtifacts\runs\20260603-192440_c12f9e0cb1fc43a9a0146173e2224328\logs\AuditHairball-28088.stdout.log; stderr=C:\Users\jimmy\Desktop\meta-bi\Samples\Demos\MetaOrchestrationHairballCliIntegration\Runs\hairball-seed-20260530\RunArtifacts\runs\20260603-192440_c12f9e0cb1fc43a9a0146173e2224328\logs\AuditHairball-28088.stderr.log
2026-06-03T19:25:07.1547016+00:00	WorkerEvent	Layer07Node07.select-l07-n07	TaskSucceeded; ExitCode=0; 
2026-06-03T19:25:07.1558345+00:00	TaskSucceeded	Layer07Node07.select-l07-n07	0
2026-06-03T19:25:07.1562985+00:00	WorkerEvent	Layer08Node05	WorkerOnline; ExitCode=0; online
2026-06-03T19:25:07.1570106+00:00	WorkerProcessExited	Layer07Node07	ExitCode=0; worker process exited
2026-06-03T19:25:07.1576605+00:00	PipelineCompleted	Layer07Node07	
2026-06-03T19:25:07.1593731+00:00	WorkerStarting	Layer05Hub	meta-pipeline
2026-06-03T19:25:07.2920003+00:00	WorkerStarted	Layer05Hub	8704
2026-06-03T19:25:07.2924751+00:00	WorkerControlPipe	Layer05Hub	meta-orchestration-3a754ac002034af881047f23ae7e597a
2026-06-03T19:25:07.2928751+00:00	WorkerLog	Layer05Hub	stdout=C:\Users\jimmy\Desktop\meta-bi\Samples\Demos\MetaOrchestrationHairballCliIntegration\Runs\hairball-seed-20260530\RunArtifacts\runs\20260603-192440_c12f9e0cb1fc43a9a0146173e2224328\logs\Layer05Hub-8704.stdout.log; stderr=C:\Users\jimmy\Desktop\meta-bi\Samples\Demos\MetaOrchestrationHairballCliIntegration\Runs\hairball-seed-20260530\RunArtifacts\runs\20260603-192440_c12f9e0cb1fc43a9a0146173e2224328\logs\Layer05Hub-8704.stderr.log
2026-06-03T19:25:07.2932989+00:00	WorkerEvent	AuditHairball	WorkerOnline; ExitCode=0; online
2026-06-03T19:25:07.2940463+00:00	WorkerEvent	Layer08Node05	WorkerReady; ExitCode=0; ready
2026-06-03T19:25:07.2948043+00:00	StartPipeline	Layer08Node05	Layer08Node05
2026-06-03T19:25:07.2956618+00:00	WorkerEvent	AuditHairball	WorkerReady; ExitCode=0; ready
2026-06-03T19:25:07.3017910+00:00	StartPipeline	AuditHairball	AuditHairball
2026-06-03T19:25:07.3032226+00:00	WorkerEvent	BridgeL07L08	PipelineStarted; ExitCode=0; pipeline started
2026-06-03T19:25:07.3051191+00:00	WorkerEvent	BridgeL05L06	PipelineStarted; ExitCode=0; pipeline started
2026-06-03T19:25:07.3071495+00:00	WorkerStarting	Layer05Node01	meta-pipeline
2026-06-03T19:25:07.4161854+00:00	WorkerStarted	Layer05Node01	30552
2026-06-03T19:25:07.4165297+00:00	WorkerControlPipe	Layer05Node01	meta-orchestration-ceee847224a34468a90e04cbdf76b2b6
2026-06-03T19:25:07.4169617+00:00	WorkerLog	Layer05Node01	stdout=C:\Users\jimmy\Desktop\meta-bi\Samples\Demos\MetaOrchestrationHairballCliIntegration\Runs\hairball-seed-20260530\RunArtifacts\runs\20260603-192440_c12f9e0cb1fc43a9a0146173e2224328\logs\Layer05Node01-30552.stdout.log; stderr=C:\Users\jimmy\Desktop\meta-bi\Samples\Demos\MetaOrchestrationHairballCliIntegration\Runs\hairball-seed-20260530\RunArtifacts\runs\20260603-192440_c12f9e0cb1fc43a9a0146173e2224328\logs\Layer05Node01-30552.stderr.log
2026-06-03T19:25:07.4174407+00:00	WorkerEvent	Layer05Hub	WorkerOnline; ExitCode=0; online
2026-06-03T19:25:07.4191011+00:00	WorkerEvent	BridgeL07L08.bridge-l07-l08-collect	TaskReady; ExitCode=0; 
2026-06-03T19:25:07.4206475+00:00	WorkerEvent	Layer05Hub	WorkerReady; ExitCode=0; ready
2026-06-03T19:25:07.4247781+00:00	StartPipeline	Layer05Hub	Layer05Hub
2026-06-03T19:25:07.4256722+00:00	WorkerEvent	Layer05Node07	PipelineStarted; ExitCode=0; pipeline started
2026-06-03T19:25:07.4263833+00:00	WorkerEvent	BridgeL05L06.bridge-l05-l06-collect	TaskReady; ExitCode=0; 
2026-06-03T19:25:07.4283883+00:00	WorkerEvent	Layer05Node07.export-l05-n07	TaskReady; ExitCode=0; 
2026-06-03T19:25:07.4312764+00:00	GrantTask	Layer05Node07.export-l05-n07	Layer05Node07.export-l05-n07; GrantId=grant-67; Attempt=1
2026-06-03T19:25:07.4351619+00:00	WorkerEvent	Layer05Node07.export-l05-n07	GrantAccepted; ExitCode=0; 
2026-06-03T19:25:07.4385297+00:00	WorkerEvent	Layer05Node07.export-l05-n07	TaskStarted; ExitCode=0; 
2026-06-03T19:25:07.4461507+00:00	WorkerEvent	Layer05Node01	WorkerOnline; ExitCode=0; online
2026-06-03T19:25:07.4493174+00:00	WorkerEvent	Layer05Node01	WorkerReady; ExitCode=0; ready
2026-06-03T19:25:07.4552267+00:00	StartPipeline	Layer05Node01	Layer05Node01
2026-06-03T19:25:07.4711068+00:00	WorkerEvent	Layer07Node04	PipelineStarted; ExitCode=0; pipeline started
2026-06-03T19:25:07.4736992+00:00	WorkerEvent	Layer07Node04.select-l07-n04	TaskReady; ExitCode=0; 
2026-06-03T19:25:07.4760876+00:00	GrantTask	Layer07Node04.select-l07-n04	Layer07Node04.select-l07-n04; GrantId=grant-68; Attempt=1
2026-06-03T19:25:07.4767057+00:00	WorkerEvent	Layer07Node04.select-l07-n04	GrantAccepted; ExitCode=0; 
2026-06-03T19:25:07.4795223+00:00	WorkerEvent	Layer07Node04.select-l07-n04	TaskStarted; ExitCode=0; 
2026-06-03T19:25:07.6506244+00:00	WorkerEvent	Layer04Hub.hub-l04-stage	TaskSucceeded; ExitCode=0; 
2026-06-03T19:25:07.6515085+00:00	TaskSucceeded	Layer04Hub.hub-l04-stage	0
2026-06-03T19:25:07.6536247+00:00	GrantTask	BridgeL03L04.bridge-l03-l04-collect	BridgeL03L04.bridge-l03-l04-collect; GrantId=grant-69; Attempt=1
2026-06-03T19:25:07.6543018+00:00	WorkerDeferredForCapacity	BridgeL05L06	Deferred by orchestration to honor max active worker process capacity.
2026-06-03T19:25:07.6547010+00:00	StopPipeline	BridgeL05L06	Deferred by orchestration to honor max active worker process capacity.
2026-06-03T19:25:07.6551629+00:00	WorkerEvent	Layer04Hub.hub-l04-curate	TaskReady; ExitCode=0; 
2026-06-03T19:25:07.6559549+00:00	WorkerEvent	BridgeL03L04.bridge-l03-l04-collect	GrantAccepted; ExitCode=0; 
2026-06-03T19:25:07.6574927+00:00	GrantTask	Layer04Hub.hub-l04-curate	Layer04Hub.hub-l04-curate; GrantId=grant-70; Attempt=1
2026-06-03T19:25:07.6585511+00:00	WorkerDeferredForCapacity	BridgeL07L08	Deferred by orchestration to honor max active worker process capacity.
2026-06-03T19:25:07.6589655+00:00	StopPipeline	BridgeL07L08	Deferred by orchestration to honor max active worker process capacity.
2026-06-03T19:25:07.6594501+00:00	WorkerEvent	BridgeL03L04.bridge-l03-l04-collect	TaskStarted; ExitCode=0; 
2026-06-03T19:25:07.6602226+00:00	WorkerEvent	Layer04Hub.hub-l04-curate	GrantAccepted; ExitCode=0; 
2026-06-03T19:25:07.6615183+00:00	WorkerDeferredForCapacity	CompositeMart	Deferred by orchestration to honor max active worker process capacity.
2026-06-03T19:25:07.6619110+00:00	StopPipeline	CompositeMart	Deferred by orchestration to honor max active worker process capacity.
2026-06-03T19:25:07.6624447+00:00	WorkerEvent	Layer04Hub.hub-l04-curate	TaskStarted; ExitCode=0; 
2026-06-03T19:25:07.6631512+00:00	WorkerEvent	BridgeL05L06	Closed; ExitCode=0; worker control channel closed
2026-06-03T19:25:07.6635173+00:00	WorkerProcessExited	BridgeL05L06	ExitCode=0; worker control channel closed
2026-06-03T19:25:07.6641532+00:00	WorkerDeferred	BridgeL05L06	ResumeTaskId=BridgeL05L06.bridge-l05-l06-collect
2026-06-03T19:25:07.6651852+00:00	WorkerStarting	Layer07Node08	meta-pipeline
2026-06-03T19:25:07.9402866+00:00	WorkerStarted	Layer07Node08	19824
2026-06-03T19:25:07.9409846+00:00	WorkerControlPipe	Layer07Node08	meta-orchestration-b13ab875d5ce4c58928b3497af3befda
2026-06-03T19:25:07.9413825+00:00	WorkerLog	Layer07Node08	stdout=C:\Users\jimmy\Desktop\meta-bi\Samples\Demos\MetaOrchestrationHairballCliIntegration\Runs\hairball-seed-20260530\RunArtifacts\runs\20260603-192440_c12f9e0cb1fc43a9a0146173e2224328\logs\Layer07Node08-19824.stdout.log; stderr=C:\Users\jimmy\Desktop\meta-bi\Samples\Demos\MetaOrchestrationHairballCliIntegration\Runs\hairball-seed-20260530\RunArtifacts\runs\20260603-192440_c12f9e0cb1fc43a9a0146173e2224328\logs\Layer07Node08-19824.stderr.log
2026-06-03T19:25:07.9418108+00:00	WorkerEvent	CompositeMart	Closed; ExitCode=-1; worker control channel closed
2026-06-03T19:25:07.9421342+00:00	WorkerProcessExited	CompositeMart	ExitCode=0; worker control channel closed
2026-06-03T19:25:07.9427478+00:00	WorkerDeferred	CompositeMart	ResumeTaskId=CompositeMart.composite-stage
2026-06-03T19:25:07.9488525+00:00	WorkerEvent	BridgeL07L08	Closed; ExitCode=-1; worker control channel closed
2026-06-03T19:25:07.9492324+00:00	WorkerProcessExited	BridgeL07L08	ExitCode=0; worker control channel closed
2026-06-03T19:25:07.9499201+00:00	WorkerDeferred	BridgeL07L08	ResumeTaskId=BridgeL07L08.bridge-l07-l08-collect
2026-06-03T19:25:07.9702442+00:00	WorkerResuming	BridgeL05L06	ResumeTaskId=BridgeL05L06.bridge-l05-l06-collect; Executable=meta-pipeline
2026-06-03T19:25:08.1720205+00:00	WorkerStarted	BridgeL05L06	27008
2026-06-03T19:25:08.1742055+00:00	WorkerControlPipe	BridgeL05L06	meta-orchestration-4a2b04ebc87546f4b2b96648a6506c44
2026-06-03T19:25:08.1746885+00:00	WorkerLog	BridgeL05L06	stdout=C:\Users\jimmy\Desktop\meta-bi\Samples\Demos\MetaOrchestrationHairballCliIntegration\Runs\hairball-seed-20260530\RunArtifacts\runs\20260603-192440_c12f9e0cb1fc43a9a0146173e2224328\logs\BridgeL05L06-27008.stdout.log; stderr=C:\Users\jimmy\Desktop\meta-bi\Samples\Demos\MetaOrchestrationHairballCliIntegration\Runs\hairball-seed-20260530\RunArtifacts\runs\20260603-192440_c12f9e0cb1fc43a9a0146173e2224328\logs\BridgeL05L06-27008.stderr.log
2026-06-03T19:25:08.1751783+00:00	WorkerEvent	Layer06Node04	PipelineStarted; ExitCode=0; pipeline started
2026-06-03T19:25:08.1759142+00:00	WorkerEvent	Layer04Hub.hub-l04-curate	TaskSucceeded; ExitCode=0; 
2026-06-03T19:25:08.1768042+00:00	TaskSucceeded	Layer04Hub.hub-l04-curate	0
2026-06-03T19:25:08.1772671+00:00	WorkerEvent	Layer06Node04.export-l06-n04	TaskReady; ExitCode=0; 
2026-06-03T19:25:08.1780141+00:00	WorkerEvent	Layer07Node08	WorkerOnline; ExitCode=0; online
2026-06-03T19:25:08.1802348+00:00	GrantTask	Layer06Node04.export-l06-n04	Layer06Node04.export-l06-n04; GrantId=grant-71; Attempt=1
2026-06-03T19:25:08.1915322+00:00	WorkerResuming	BridgeL07L08	ResumeTaskId=BridgeL07L08.bridge-l07-l08-collect; Executable=meta-pipeline
2026-06-03T19:25:08.3808583+00:00	WorkerStarted	BridgeL07L08	31424
2026-06-03T19:25:08.3814374+00:00	WorkerControlPipe	BridgeL07L08	meta-orchestration-b2a1ccb42b664b08b03baaea512ff38c
2026-06-03T19:25:08.3818157+00:00	WorkerLog	BridgeL07L08	stdout=C:\Users\jimmy\Desktop\meta-bi\Samples\Demos\MetaOrchestrationHairballCliIntegration\Runs\hairball-seed-20260530\RunArtifacts\runs\20260603-192440_c12f9e0cb1fc43a9a0146173e2224328\logs\BridgeL07L08-31424.stdout.log; stderr=C:\Users\jimmy\Desktop\meta-bi\Samples\Demos\MetaOrchestrationHairballCliIntegration\Runs\hairball-seed-20260530\RunArtifacts\runs\20260603-192440_c12f9e0cb1fc43a9a0146173e2224328\logs\BridgeL07L08-31424.stderr.log
2026-06-03T19:25:08.3823253+00:00	WorkerEvent	Layer07Node04.select-l07-n04	TaskSucceeded; ExitCode=0; 
2026-06-03T19:25:08.3831887+00:00	TaskSucceeded	Layer07Node04.select-l07-n04	0
2026-06-03T19:25:08.3836124+00:00	WorkerEvent	Layer06Node04.export-l06-n04	GrantAccepted; ExitCode=0; 
2026-06-03T19:25:08.3844772+00:00	WorkerEvent	BridgeL05L06	WorkerOnline; ExitCode=0; online
2026-06-03T19:25:08.3853490+00:00	WorkerEvent	Layer06Node04.export-l06-n04	TaskStarted; ExitCode=0; 
2026-06-03T19:25:08.3949072+00:00	WorkerEvent	BridgeL05L06	WorkerReady; ExitCode=0; ready
2026-06-03T19:25:08.3959596+00:00	StartPipeline	BridgeL05L06	BridgeL05L06
2026-06-03T19:25:08.3971054+00:00	WorkerEvent	AuditHairball	PipelineStarted; ExitCode=0; pipeline started
2026-06-03T19:25:08.3982463+00:00	WorkerEvent	Layer08Node05	PipelineStarted; ExitCode=0; pipeline started
2026-06-03T19:25:08.3993549+00:00	WorkerEvent	AuditHairball.audit-hairball	TaskReady; ExitCode=0; 
2026-06-03T19:25:08.4004695+00:00	WorkerEvent	Layer04Hub.hub-l04-publish	TaskReady; ExitCode=0; 
2026-06-03T19:25:08.4015638+00:00	WorkerEvent	Layer05Node07.export-l05-n07	TaskSucceeded; ExitCode=0; 
2026-06-03T19:25:08.4026121+00:00	TaskSucceeded	Layer05Node07.export-l05-n07	0
2026-06-03T19:25:08.4032142+00:00	WorkerEvent	Layer07Node08	WorkerReady; ExitCode=0; ready
2026-06-03T19:25:08.4041327+00:00	StartPipeline	Layer07Node08	Layer07Node08
2026-06-03T19:25:08.4049678+00:00	WorkerEvent	Layer08Node05.refresh-l08-n05	TaskReady; ExitCode=0; 
2026-06-03T19:25:08.4057093+00:00	WorkerProcessExited	Layer05Node07	ExitCode=0; worker process exited
2026-06-03T19:25:08.4065113+00:00	PipelineCompleted	Layer05Node07	
2026-06-03T19:25:08.4070609+00:00	WorkerProcessExited	Layer07Node04	ExitCode=0; worker process exited
2026-06-03T19:25:08.4078214+00:00	PipelineCompleted	Layer07Node04	
2026-06-03T19:25:08.4091048+00:00	GrantTask	Layer04Hub.hub-l04-publish	Layer04Hub.hub-l04-publish; GrantId=grant-72; Attempt=1
2026-06-03T19:25:08.4096538+00:00	GrantTask	Layer08Node05.refresh-l08-n05	Layer08Node05.refresh-l08-n05; GrantId=grant-73; Attempt=1
2026-06-03T19:25:08.4144120+00:00	WorkerStarting	Layer06Node01	meta-pipeline
2026-06-03T19:25:08.5945904+00:00	WorkerStarted	Layer06Node01	18612
2026-06-03T19:25:08.5951341+00:00	WorkerControlPipe	Layer06Node01	meta-orchestration-c3c0b4dd9a644efbacdc7d1134eebdcb
2026-06-03T19:25:08.5956122+00:00	WorkerLog	Layer06Node01	stdout=C:\Users\jimmy\Desktop\meta-bi\Samples\Demos\MetaOrchestrationHairballCliIntegration\Runs\hairball-seed-20260530\RunArtifacts\runs\20260603-192440_c12f9e0cb1fc43a9a0146173e2224328\logs\Layer06Node01-18612.stdout.log; stderr=C:\Users\jimmy\Desktop\meta-bi\Samples\Demos\MetaOrchestrationHairballCliIntegration\Runs\hairball-seed-20260530\RunArtifacts\runs\20260603-192440_c12f9e0cb1fc43a9a0146173e2224328\logs\Layer06Node01-18612.stderr.log
2026-06-03T19:25:08.5963524+00:00	WorkerEvent	Layer05Node01	PipelineStarted; ExitCode=0; pipeline started
2026-06-03T19:25:08.5972245+00:00	WorkerEvent	BridgeL07L08	WorkerOnline; ExitCode=0; online
2026-06-03T19:25:08.5980632+00:00	WorkerEvent	Layer08Node05.refresh-l08-n05	GrantAccepted; ExitCode=0; 
2026-06-03T19:25:08.5988273+00:00	WorkerEvent	Layer04Hub.hub-l04-publish	GrantAccepted; ExitCode=0; 
2026-06-03T19:25:08.5996226+00:00	WorkerEvent	Layer05Node01.select-l05-n01	TaskReady; ExitCode=0; 
2026-06-03T19:25:08.6004048+00:00	WorkerEvent	BridgeL07L08	WorkerReady; ExitCode=0; ready
2026-06-03T19:25:08.6071439+00:00	StartPipeline	BridgeL07L08	BridgeL07L08
2026-06-03T19:25:08.6085533+00:00	WorkerEvent	Layer08Node05.refresh-l08-n05	TaskStarted; ExitCode=0; 
2026-06-03T19:25:08.6093451+00:00	WorkerEvent	Layer04Hub.hub-l04-publish	TaskStarted; ExitCode=0; 
2026-06-03T19:25:08.6141351+00:00	WorkerEvent	BridgeL03L04.bridge-l03-l04-collect	TaskSucceeded; ExitCode=0; 
2026-06-03T19:25:08.6148376+00:00	TaskSucceeded	BridgeL03L04.bridge-l03-l04-collect	0
2026-06-03T19:25:08.6157771+00:00	WorkerStarting	Layer05Node05	meta-pipeline
2026-06-03T19:25:08.8006144+00:00	WorkerStarted	Layer05Node05	19336
2026-06-03T19:25:08.8014692+00:00	WorkerControlPipe	Layer05Node05	meta-orchestration-cda331ad62ab4a6aab7f61c77a96c4b9
2026-06-03T19:25:08.8024912+00:00	WorkerLog	Layer05Node05	stdout=C:\Users\jimmy\Desktop\meta-bi\Samples\Demos\MetaOrchestrationHairballCliIntegration\Runs\hairball-seed-20260530\RunArtifacts\runs\20260603-192440_c12f9e0cb1fc43a9a0146173e2224328\logs\Layer05Node05-19336.stdout.log; stderr=C:\Users\jimmy\Desktop\meta-bi\Samples\Demos\MetaOrchestrationHairballCliIntegration\Runs\hairball-seed-20260530\RunArtifacts\runs\20260603-192440_c12f9e0cb1fc43a9a0146173e2224328\logs\Layer05Node05-19336.stderr.log
2026-06-03T19:25:08.8045429+00:00	WorkerEvent	Layer05Hub	PipelineStarted; ExitCode=0; pipeline started
2026-06-03T19:25:08.8057190+00:00	WorkerEvent	Layer06Node01	WorkerOnline; ExitCode=0; online
2026-06-03T19:25:08.8088113+00:00	WorkerEvent	Layer05Hub.hub-l05-stage	TaskReady; ExitCode=0; 
2026-06-03T19:25:08.8096346+00:00	WorkerEvent	Layer06Node01	WorkerReady; ExitCode=0; ready
2026-06-03T19:25:08.8139621+00:00	StartPipeline	Layer06Node01	Layer06Node01
2026-06-03T19:25:08.8150083+00:00	WorkerEvent	BridgeL03L04.bridge-l03-l04-north	TaskReady; ExitCode=0; 
2026-06-03T19:25:08.8167421+00:00	GrantTask	BridgeL03L04.bridge-l03-l04-north	BridgeL03L04.bridge-l03-l04-north; GrantId=grant-74; Attempt=1
2026-06-03T19:25:08.8171888+00:00	WorkerDeferredForCapacity	AuditHairball	Deferred by orchestration to honor max active worker process capacity.
2026-06-03T19:25:08.8243832+00:00	StopPipeline	AuditHairball	Deferred by orchestration to honor max active worker process capacity.
2026-06-03T19:25:08.8250538+00:00	WorkerEvent	BridgeL03L04.bridge-l03-l04-north	GrantAccepted; ExitCode=0; 
2026-06-03T19:25:08.8266908+00:00	WorkerDeferredForCapacity	Layer05Hub	Deferred by orchestration to honor max active worker process capacity.
2026-06-03T19:25:08.8306631+00:00	StopPipeline	Layer05Hub	Deferred by orchestration to honor max active worker process capacity.
2026-06-03T19:25:08.8315463+00:00	WorkerEvent	BridgeL03L04.bridge-l03-l04-north	TaskStarted; ExitCode=0; 
2026-06-03T19:25:08.8330102+00:00	WorkerDeferredForCapacity	Layer05Node01	Deferred by orchestration to honor max active worker process capacity.
2026-06-03T19:25:08.8400750+00:00	StopPipeline	Layer05Node01	Deferred by orchestration to honor max active worker process capacity.
2026-06-03T19:25:08.8406663+00:00	WorkerEvent	Layer05Node05	WorkerOnline; ExitCode=0; online
2026-06-03T19:25:08.8422860+00:00	WorkerEvent	Layer05Hub	Closed; ExitCode=0; worker control channel closed
2026-06-03T19:25:08.8427166+00:00	WorkerProcessExited	Layer05Hub	ExitCode=0; worker control channel closed
2026-06-03T19:25:08.8433707+00:00	WorkerDeferred	Layer05Hub	ResumeTaskId=Layer05Hub.hub-l05-stage
2026-06-03T19:25:08.8443098+00:00	WorkerStarting	Layer06Node07	meta-pipeline
2026-06-03T19:25:09.0247246+00:00	WorkerStarted	Layer06Node07	23884
2026-06-03T19:25:09.0258017+00:00	WorkerControlPipe	Layer06Node07	meta-orchestration-3d635899705348e4b1ddd818cd035080
2026-06-03T19:25:09.0262020+00:00	WorkerLog	Layer06Node07	stdout=C:\Users\jimmy\Desktop\meta-bi\Samples\Demos\MetaOrchestrationHairballCliIntegration\Runs\hairball-seed-20260530\RunArtifacts\runs\20260603-192440_c12f9e0cb1fc43a9a0146173e2224328\logs\Layer06Node07-23884.stdout.log; stderr=C:\Users\jimmy\Desktop\meta-bi\Samples\Demos\MetaOrchestrationHairballCliIntegration\Runs\hairball-seed-20260530\RunArtifacts\runs\20260603-192440_c12f9e0cb1fc43a9a0146173e2224328\logs\Layer06Node07-23884.stderr.log
2026-06-03T19:25:09.0266545+00:00	WorkerEvent	Layer05Node01	Closed; ExitCode=0; worker control channel closed
2026-06-03T19:25:09.0270138+00:00	WorkerProcessExited	Layer05Node01	ExitCode=0; worker control channel closed
2026-06-03T19:25:09.0337802+00:00	WorkerDeferred	Layer05Node01	ResumeTaskId=Layer05Node01.select-l05-n01
2026-06-03T19:25:09.0343923+00:00	WorkerEvent	Layer05Node05	WorkerReady; ExitCode=0; ready
2026-06-03T19:25:09.0351824+00:00	StartPipeline	Layer05Node05	Layer05Node05
2026-06-03T19:25:09.0359848+00:00	WorkerEvent	AuditHairball	Closed; ExitCode=0; worker control channel closed
2026-06-03T19:25:09.0364300+00:00	WorkerProcessExited	AuditHairball	ExitCode=0; worker control channel closed
2026-06-03T19:25:09.0371561+00:00	WorkerDeferred	AuditHairball	ResumeTaskId=AuditHairball.audit-hairball
2026-06-03T19:25:09.0450913+00:00	WorkerEvent	Layer04Hub.hub-l04-publish	TaskSucceeded; ExitCode=0; 
2026-06-03T19:25:09.0460424+00:00	TaskSucceeded	Layer04Hub.hub-l04-publish	0
2026-06-03T19:25:09.0464925+00:00	WorkerEvent	BridgeL03L04.bridge-l03-l04-north	TaskSucceeded; ExitCode=0; 
2026-06-03T19:25:09.0473768+00:00	TaskSucceeded	BridgeL03L04.bridge-l03-l04-north	0
2026-06-03T19:25:09.0479150+00:00	WorkerProcessExited	Layer04Hub	ExitCode=0; worker process exited
2026-06-03T19:25:09.0486259+00:00	PipelineCompleted	Layer04Hub	
2026-06-03T19:25:09.0545275+00:00	WorkerResuming	Layer05Node01	ResumeTaskId=Layer05Node01.select-l05-n01; Executable=meta-pipeline
2026-06-03T19:25:09.2742186+00:00	WorkerStarted	Layer05Node01	28112
2026-06-03T19:25:09.2747005+00:00	WorkerControlPipe	Layer05Node01	meta-orchestration-c06c9f4ffa384608b591a049c2d4dead
2026-06-03T19:25:09.2751123+00:00	WorkerLog	Layer05Node01	stdout=C:\Users\jimmy\Desktop\meta-bi\Samples\Demos\MetaOrchestrationHairballCliIntegration\Runs\hairball-seed-20260530\RunArtifacts\runs\20260603-192440_c12f9e0cb1fc43a9a0146173e2224328\logs\Layer05Node01-28112.stdout.log; stderr=C:\Users\jimmy\Desktop\meta-bi\Samples\Demos\MetaOrchestrationHairballCliIntegration\Runs\hairball-seed-20260530\RunArtifacts\runs\20260603-192440_c12f9e0cb1fc43a9a0146173e2224328\logs\Layer05Node01-28112.stderr.log
2026-06-03T19:25:09.2755560+00:00	WorkerEvent	Layer06Node07	WorkerOnline; ExitCode=0; online
2026-06-03T19:25:09.2764049+00:00	WorkerEvent	Layer06Node04.export-l06-n04	TaskSucceeded; ExitCode=0; 
2026-06-03T19:25:09.2771206+00:00	TaskSucceeded	Layer06Node04.export-l06-n04	0
2026-06-03T19:25:09.2775378+00:00	WorkerEvent	Layer08Node05.refresh-l08-n05	TaskSucceeded; ExitCode=0; 
2026-06-03T19:25:09.2781688+00:00	TaskSucceeded	Layer08Node05.refresh-l08-n05	0
2026-06-03T19:25:09.2785297+00:00	WorkerEvent	Layer06Node07	WorkerReady; ExitCode=0; ready
2026-06-03T19:25:09.2940607+00:00	StartPipeline	Layer06Node07	Layer06Node07
2026-06-03T19:25:09.2950173+00:00	WorkerEvent	Layer06Node04	Closed; ExitCode=-1; worker control channel closed
2026-06-03T19:25:09.2954291+00:00	WorkerProcessExited	Layer06Node04	ExitCode=0; worker control channel closed
2026-06-03T19:25:09.3003010+00:00	PipelineCompleted	Layer06Node04	
2026-06-03T19:25:09.3007727+00:00	WorkerEvent	BridgeL03L04.bridge-l03-l04-south	TaskReady; ExitCode=0; 
2026-06-03T19:25:09.3014956+00:00	WorkerProcessExited	Layer08Node05	ExitCode=0; worker process exited
2026-06-03T19:25:09.3022989+00:00	PipelineCompleted	Layer08Node05	
2026-06-03T19:25:09.3033044+00:00	GrantTask	BridgeL03L04.bridge-l03-l04-south	BridgeL03L04.bridge-l03-l04-south; GrantId=grant-75; Attempt=1
2026-06-03T19:25:09.3037495+00:00	WorkerStarting	Layer05Node04	meta-pipeline
2026-06-03T19:25:09.4842313+00:00	WorkerStarted	Layer05Node04	29440
2026-06-03T19:25:09.4867790+00:00	WorkerControlPipe	Layer05Node04	meta-orchestration-1095167d94574cedb0ab472ecfc6e6b7
2026-06-03T19:25:09.4891028+00:00	WorkerLog	Layer05Node04	stdout=C:\Users\jimmy\Desktop\meta-bi\Samples\Demos\MetaOrchestrationHairballCliIntegration\Runs\hairball-seed-20260530\RunArtifacts\runs\20260603-192440_c12f9e0cb1fc43a9a0146173e2224328\logs\Layer05Node04-29440.stdout.log; stderr=C:\Users\jimmy\Desktop\meta-bi\Samples\Demos\MetaOrchestrationHairballCliIntegration\Runs\hairball-seed-20260530\RunArtifacts\runs\20260603-192440_c12f9e0cb1fc43a9a0146173e2224328\logs\Layer05Node04-29440.stderr.log
2026-06-03T19:25:09.4896496+00:00	WorkerEvent	Layer05Node01	WorkerOnline; ExitCode=0; online
2026-06-03T19:25:09.4913266+00:00	WorkerEvent	BridgeL03L04.bridge-l03-l04-south	GrantAccepted; ExitCode=0; 
2026-06-03T19:25:09.4941085+00:00	WorkerEvent	Layer05Node01	WorkerReady; ExitCode=0; ready
2026-06-03T19:25:09.4974959+00:00	StartPipeline	Layer05Node01	Layer05Node01
2026-06-03T19:25:09.4984837+00:00	WorkerEvent	BridgeL03L04.bridge-l03-l04-south	TaskStarted; ExitCode=0; 
2026-06-03T19:25:09.4991966+00:00	WorkerEvent	Layer07Node08	PipelineStarted; ExitCode=0; pipeline started
2026-06-03T19:25:09.5004621+00:00	WorkerStarting	Layer06Node10	meta-pipeline
2026-06-03T19:25:09.7141914+00:00	WorkerStarted	Layer06Node10	14428
2026-06-03T19:25:09.7166952+00:00	WorkerControlPipe	Layer06Node10	meta-orchestration-4452cfd9a47049bbbe0c843e79fc4ca9
2026-06-03T19:25:09.7174149+00:00	WorkerLog	Layer06Node10	stdout=C:\Users\jimmy\Desktop\meta-bi\Samples\Demos\MetaOrchestrationHairballCliIntegration\Runs\hairball-seed-20260530\RunArtifacts\runs\20260603-192440_c12f9e0cb1fc43a9a0146173e2224328\logs\Layer06Node10-14428.stdout.log; stderr=C:\Users\jimmy\Desktop\meta-bi\Samples\Demos\MetaOrchestrationHairballCliIntegration\Runs\hairball-seed-20260530\RunArtifacts\runs\20260603-192440_c12f9e0cb1fc43a9a0146173e2224328\logs\Layer06Node10-14428.stderr.log
2026-06-03T19:25:09.7179946+00:00	WorkerEvent	Layer05Node04	WorkerOnline; ExitCode=0; online
2026-06-03T19:25:09.7198314+00:00	WorkerEvent	BridgeL03L04.bridge-l03-l04-south	TaskSucceeded; ExitCode=0; 
2026-06-03T19:25:09.7207182+00:00	TaskSucceeded	BridgeL03L04.bridge-l03-l04-south	0
2026-06-03T19:25:09.7211654+00:00	WorkerEvent	Layer07Node08.export-l07-n08	TaskReady; ExitCode=0; 
2026-06-03T19:25:09.7218880+00:00	WorkerProcessExited	BridgeL03L04	ExitCode=0; worker process exited
2026-06-03T19:25:09.7226080+00:00	PipelineCompleted	BridgeL03L04	
2026-06-03T19:25:09.7230381+00:00	WorkerEvent	Layer05Node04	WorkerReady; ExitCode=0; ready
2026-06-03T19:25:09.7254132+00:00	StartPipeline	Layer05Node04	Layer05Node04
2026-06-03T19:25:09.7278849+00:00	GrantTask	Layer07Node08.export-l07-n08	Layer07Node08.export-l07-n08; GrantId=grant-76; Attempt=1
2026-06-03T19:25:09.7283547+00:00	WorkerStarting	Layer06Node05	meta-pipeline
2026-06-03T19:25:09.9072382+00:00	WorkerStarted	Layer06Node05	3580
2026-06-03T19:25:09.9078536+00:00	WorkerControlPipe	Layer06Node05	meta-orchestration-d0c4425b5d4345b8b27dd55844ec3116
2026-06-03T19:25:09.9082669+00:00	WorkerLog	Layer06Node05	stdout=C:\Users\jimmy\Desktop\meta-bi\Samples\Demos\MetaOrchestrationHairballCliIntegration\Runs\hairball-seed-20260530\RunArtifacts\runs\20260603-192440_c12f9e0cb1fc43a9a0146173e2224328\logs\Layer06Node05-3580.stdout.log; stderr=C:\Users\jimmy\Desktop\meta-bi\Samples\Demos\MetaOrchestrationHairballCliIntegration\Runs\hairball-seed-20260530\RunArtifacts\runs\20260603-192440_c12f9e0cb1fc43a9a0146173e2224328\logs\Layer06Node05-3580.stderr.log
2026-06-03T19:25:09.9087263+00:00	WorkerEvent	BridgeL05L06	PipelineStarted; ExitCode=0; pipeline started
2026-06-03T19:25:09.9095474+00:00	WorkerEvent	Layer06Node10	WorkerOnline; ExitCode=0; online
2026-06-03T19:25:09.9107660+00:00	WorkerEvent	BridgeL05L06.bridge-l05-l06-collect	TaskReady; ExitCode=0; 
2026-06-03T19:25:09.9115762+00:00	WorkerEvent	Layer07Node08.export-l07-n08	GrantAccepted; ExitCode=0; 
2026-06-03T19:25:09.9129523+00:00	WorkerEvent	Layer06Node10	WorkerReady; ExitCode=0; ready
2026-06-03T19:25:09.9199219+00:00	StartPipeline	Layer06Node10	Layer06Node10
2026-06-03T19:25:09.9216473+00:00	WorkerEvent	Layer06Node01	PipelineStarted; ExitCode=0; pipeline started
2026-06-03T19:25:09.9231611+00:00	WorkerEvent	Layer07Node08.export-l07-n08	TaskStarted; ExitCode=0; 
2026-06-03T19:25:09.9238906+00:00	WorkerEvent	Layer06Node01.select-l06-n01	TaskReady; ExitCode=0; 
2026-06-03T19:25:09.9257467+00:00	GrantTask	Layer06Node01.select-l06-n01	Layer06Node01.select-l06-n01; GrantId=grant-77; Attempt=1
2026-06-03T19:25:09.9262425+00:00	WorkerStarting	Layer08Node06	meta-pipeline
2026-06-03T19:25:10.0462404+00:00	WorkerStarted	Layer08Node06	15708
2026-06-03T19:25:10.0466757+00:00	WorkerControlPipe	Layer08Node06	meta-orchestration-4291599f3a2f4789800451d1213e04e8
2026-06-03T19:25:10.0470522+00:00	WorkerLog	Layer08Node06	stdout=C:\Users\jimmy\Desktop\meta-bi\Samples\Demos\MetaOrchestrationHairballCliIntegration\Runs\hairball-seed-20260530\RunArtifacts\runs\20260603-192440_c12f9e0cb1fc43a9a0146173e2224328\logs\Layer08Node06-15708.stdout.log; stderr=C:\Users\jimmy\Desktop\meta-bi\Samples\Demos\MetaOrchestrationHairballCliIntegration\Runs\hairball-seed-20260530\RunArtifacts\runs\20260603-192440_c12f9e0cb1fc43a9a0146173e2224328\logs\Layer08Node06-15708.stderr.log
2026-06-03T19:25:10.0475104+00:00	WorkerEvent	Layer05Node05	PipelineStarted; ExitCode=0; pipeline started
2026-06-03T19:25:10.0483236+00:00	WorkerEvent	BridgeL07L08	PipelineStarted; ExitCode=0; pipeline started
2026-06-03T19:25:10.0492904+00:00	WorkerEvent	Layer05Node05.refresh-l05-n05	TaskReady; ExitCode=0; 
2026-06-03T19:25:10.0502235+00:00	WorkerEvent	BridgeL07L08.bridge-l07-l08-collect	TaskReady; ExitCode=0; 
2026-06-03T19:25:10.0511578+00:00	WorkerEvent	Layer06Node01.select-l06-n01	GrantAccepted; ExitCode=0; 
2026-06-03T19:25:10.0520062+00:00	WorkerEvent	Layer06Node05	WorkerOnline; ExitCode=0; online
2026-06-03T19:25:10.0573148+00:00	GrantTask	Layer05Node05.refresh-l05-n05	Layer05Node05.refresh-l05-n05; GrantId=grant-78; Attempt=1
2026-06-03T19:25:10.0579182+00:00	WorkerResuming	AuditHairball	ResumeTaskId=AuditHairball.audit-hairball; Executable=meta-pipeline
2026-06-03T19:25:10.2096169+00:00	WorkerStarted	AuditHairball	19580
2026-06-03T19:25:10.2100962+00:00	WorkerControlPipe	AuditHairball	meta-orchestration-1c51fb4b97dc4573b763f7cd0148c2a8
2026-06-03T19:25:10.2105631+00:00	WorkerLog	AuditHairball	stdout=C:\Users\jimmy\Desktop\meta-bi\Samples\Demos\MetaOrchestrationHairballCliIntegration\Runs\hairball-seed-20260530\RunArtifacts\runs\20260603-192440_c12f9e0cb1fc43a9a0146173e2224328\logs\AuditHairball-19580.stdout.log; stderr=C:\Users\jimmy\Desktop\meta-bi\Samples\Demos\MetaOrchestrationHairballCliIntegration\Runs\hairball-seed-20260530\RunArtifacts\runs\20260603-192440_c12f9e0cb1fc43a9a0146173e2224328\logs\AuditHairball-19580.stderr.log
2026-06-03T19:25:10.2110527+00:00	WorkerEvent	Layer05Node05.refresh-l05-n05	GrantAccepted; ExitCode=0; 
2026-06-03T19:25:10.2119140+00:00	WorkerEvent	Layer08Node06	WorkerOnline; ExitCode=0; online
2026-06-03T19:25:10.2127011+00:00	WorkerEvent	Layer06Node01.select-l06-n01	TaskStarted; ExitCode=0; 
2026-06-03T19:25:10.2135006+00:00	WorkerEvent	Layer06Node05	WorkerReady; ExitCode=0; ready
2026-06-03T19:25:10.2142879+00:00	StartPipeline	Layer06Node05	Layer06Node05
2026-06-03T19:25:10.2149865+00:00	WorkerEvent	Layer05Node05.refresh-l05-n05	TaskStarted; ExitCode=0; 
2026-06-03T19:25:10.2156958+00:00	WorkerEvent	Layer08Node06	WorkerReady; ExitCode=0; ready
2026-06-03T19:25:10.2240866+00:00	StartPipeline	Layer08Node06	Layer08Node06
2026-06-03T19:25:10.2527248+00:00	WorkerEvent	AuditHairball	WorkerOnline; ExitCode=0; online
2026-06-03T19:25:10.2587598+00:00	WorkerEvent	AuditHairball	WorkerReady; ExitCode=0; ready
2026-06-03T19:25:10.2700191+00:00	StartPipeline	AuditHairball	AuditHairball
2026-06-03T19:25:10.2891969+00:00	WorkerEvent	Layer06Node07	PipelineStarted; ExitCode=0; pipeline started
2026-06-03T19:25:10.2917734+00:00	WorkerEvent	Layer06Node07.export-l06-n07	TaskReady; ExitCode=0; 
2026-06-03T19:25:10.2941624+00:00	GrantTask	Layer06Node07.export-l06-n07	Layer06Node07.export-l06-n07; GrantId=grant-79; Attempt=1
2026-06-03T19:25:10.2977716+00:00	WorkerEvent	Layer06Node07.export-l06-n07	GrantAccepted; ExitCode=0; 
2026-06-03T19:25:10.3039332+00:00	WorkerEvent	Layer06Node07.export-l06-n07	TaskStarted; ExitCode=0; 
2026-06-03T19:25:10.5688476+00:00	WorkerEvent	Layer05Node01	PipelineStarted; ExitCode=0; pipeline started
2026-06-03T19:25:10.5776528+00:00	WorkerEvent	Layer05Node01.select-l05-n01	TaskReady; ExitCode=0; 
2026-06-03T19:25:10.5950249+00:00	GrantTask	Layer05Node01.select-l05-n01	Layer05Node01.select-l05-n01; GrantId=grant-80; Attempt=1
2026-06-03T19:25:10.5972879+00:00	WorkerEvent	Layer05Node01.select-l05-n01	GrantAccepted; ExitCode=0; 
2026-06-03T19:25:10.6042691+00:00	WorkerEvent	Layer05Node01.select-l05-n01	TaskStarted; ExitCode=0; 
2026-06-03T19:25:10.7244318+00:00	WorkerEvent	Layer05Node04	PipelineStarted; ExitCode=0; pipeline started
2026-06-03T19:25:10.7275128+00:00	WorkerEvent	Layer05Node04.select-l05-n04	TaskReady; ExitCode=0; 
2026-06-03T19:25:10.7399420+00:00	GrantTask	Layer05Node04.select-l05-n04	Layer05Node04.select-l05-n04; GrantId=grant-81; Attempt=1
2026-06-03T19:25:10.7420063+00:00	WorkerEvent	Layer05Node04.select-l05-n04	GrantAccepted; ExitCode=0; 
2026-06-03T19:25:10.7580964+00:00	WorkerEvent	Layer05Node04.select-l05-n04	TaskStarted; ExitCode=0; 
2026-06-03T19:25:10.8163094+00:00	WorkerEvent	Layer06Node10	PipelineStarted; ExitCode=0; pipeline started
2026-06-03T19:25:10.8196659+00:00	WorkerEvent	Layer06Node10.refresh-l06-n10	TaskReady; ExitCode=0; 
2026-06-03T19:25:10.8232356+00:00	GrantTask	Layer06Node10.refresh-l06-n10	Layer06Node10.refresh-l06-n10; GrantId=grant-82; Attempt=1
2026-06-03T19:25:10.8253367+00:00	WorkerEvent	Layer06Node10.refresh-l06-n10	GrantAccepted; ExitCode=0; 
2026-06-03T19:25:10.8334436+00:00	WorkerEvent	Layer06Node10.refresh-l06-n10	TaskStarted; ExitCode=0; 
2026-06-03T19:25:10.8437427+00:00	WorkerEvent	Layer06Node01.select-l06-n01	TaskSucceeded; ExitCode=0; 
2026-06-03T19:25:10.8458249+00:00	TaskSucceeded	Layer06Node01.select-l06-n01	0
2026-06-03T19:25:10.8474943+00:00	WorkerDeferredForCapacity	BridgeL05L06	Deferred by orchestration to honor max active worker process capacity.
2026-06-03T19:25:10.8479635+00:00	StopPipeline	BridgeL05L06	Deferred by orchestration to honor max active worker process capacity.
2026-06-03T19:25:10.8517113+00:00	WorkerDeferredForCapacity	BridgeL07L08	Deferred by orchestration to honor max active worker process capacity.
2026-06-03T19:25:10.8628298+00:00	StopPipeline	BridgeL07L08	Deferred by orchestration to honor max active worker process capacity.
2026-06-03T19:25:10.8640665+00:00	WorkerEvent	BridgeL05L06	Closed; ExitCode=-1; worker control channel closed
2026-06-03T19:25:10.8713681+00:00	WorkerProcessExited	BridgeL05L06	ExitCode=0; worker control channel closed
2026-06-03T19:25:10.8723868+00:00	WorkerDeferred	BridgeL05L06	ResumeTaskId=BridgeL05L06.bridge-l05-l06-collect
2026-06-03T19:25:10.8855888+00:00	WorkerEvent	BridgeL07L08	Closed; ExitCode=-1; worker control channel closed
2026-06-03T19:25:10.8861690+00:00	WorkerProcessExited	BridgeL07L08	ExitCode=0; worker control channel closed
2026-06-03T19:25:10.8869111+00:00	WorkerDeferred	BridgeL07L08	ResumeTaskId=BridgeL07L08.bridge-l07-l08-collect
2026-06-03T19:25:10.8873269+00:00	WorkerEvent	Layer06Node01	Closed; ExitCode=-1; worker control channel closed
2026-06-03T19:25:10.8876912+00:00	WorkerProcessExited	Layer06Node01	ExitCode=0; worker control channel closed
2026-06-03T19:25:10.8886127+00:00	PipelineCompleted	Layer06Node01	
2026-06-03T19:25:10.8956849+00:00	WorkerStarting	Layer07Node05	meta-pipeline
2026-06-03T19:25:11.0819380+00:00	WorkerStarted	Layer07Node05	5372
2026-06-03T19:25:11.0824071+00:00	WorkerControlPipe	Layer07Node05	meta-orchestration-25a1d310376f4a11b38d567b515e7aa9
2026-06-03T19:25:11.0827989+00:00	WorkerLog	Layer07Node05	stdout=C:\Users\jimmy\Desktop\meta-bi\Samples\Demos\MetaOrchestrationHairballCliIntegration\Runs\hairball-seed-20260530\RunArtifacts\runs\20260603-192440_c12f9e0cb1fc43a9a0146173e2224328\logs\Layer07Node05-5372.stdout.log; stderr=C:\Users\jimmy\Desktop\meta-bi\Samples\Demos\MetaOrchestrationHairballCliIntegration\Runs\hairball-seed-20260530\RunArtifacts\runs\20260603-192440_c12f9e0cb1fc43a9a0146173e2224328\logs\Layer07Node05-5372.stderr.log
2026-06-03T19:25:11.0832301+00:00	WorkerEvent	Layer05Node05.refresh-l05-n05	TaskSucceeded; ExitCode=0; 
2026-06-03T19:25:11.0839666+00:00	TaskSucceeded	Layer05Node05.refresh-l05-n05	0
2026-06-03T19:25:11.0843963+00:00	WorkerEvent	Layer07Node08.export-l07-n08	TaskSucceeded; ExitCode=0; 
2026-06-03T19:25:11.0851367+00:00	TaskSucceeded	Layer07Node08.export-l07-n08	0
2026-06-03T19:25:11.0856000+00:00	WorkerProcessExited	Layer05Node05	ExitCode=0; worker process exited
2026-06-03T19:25:11.0862951+00:00	PipelineCompleted	Layer05Node05	
2026-06-03T19:25:11.0879928+00:00	WorkerProcessExited	Layer07Node08	ExitCode=0; worker process exited
2026-06-03T19:25:11.0888744+00:00	PipelineCompleted	Layer07Node08	
2026-06-03T19:25:11.0899658+00:00	WorkerStarting	Layer06Node08	meta-pipeline
2026-06-03T19:25:11.2810806+00:00	WorkerStarted	Layer06Node08	29488
2026-06-03T19:25:11.2818028+00:00	WorkerControlPipe	Layer06Node08	meta-orchestration-b28e9a35e4194457aedca9c24ea4ab55
2026-06-03T19:25:11.2822518+00:00	WorkerLog	Layer06Node08	stdout=C:\Users\jimmy\Desktop\meta-bi\Samples\Demos\MetaOrchestrationHairballCliIntegration\Runs\hairball-seed-20260530\RunArtifacts\runs\20260603-192440_c12f9e0cb1fc43a9a0146173e2224328\logs\Layer06Node08-29488.stdout.log; stderr=C:\Users\jimmy\Desktop\meta-bi\Samples\Demos\MetaOrchestrationHairballCliIntegration\Runs\hairball-seed-20260530\RunArtifacts\runs\20260603-192440_c12f9e0cb1fc43a9a0146173e2224328\logs\Layer06Node08-29488.stderr.log
2026-06-03T19:25:11.2831258+00:00	WorkerEvent	Layer06Node07.export-l06-n07	TaskSucceeded; ExitCode=0; 
2026-06-03T19:25:11.2841601+00:00	TaskSucceeded	Layer06Node07.export-l06-n07	0
2026-06-03T19:25:11.2847478+00:00	WorkerEvent	Layer07Node05	WorkerOnline; ExitCode=0; online
2026-06-03T19:25:11.2856430+00:00	WorkerProcessExited	Layer06Node07	ExitCode=0; worker process exited
2026-06-03T19:25:11.2885006+00:00	PipelineCompleted	Layer06Node07	
2026-06-03T19:25:11.2897395+00:00	WorkerEvent	Layer07Node05	WorkerReady; ExitCode=0; ready
2026-06-03T19:25:11.3060396+00:00	StartPipeline	Layer07Node05	Layer07Node05
2026-06-03T19:25:11.3096140+00:00	WorkerResuming	BridgeL05L06	ResumeTaskId=BridgeL05L06.bridge-l05-l06-collect; Executable=meta-pipeline
2026-06-03T19:25:11.4523901+00:00	WorkerStarted	BridgeL05L06	8000
2026-06-03T19:25:11.4529259+00:00	WorkerControlPipe	BridgeL05L06	meta-orchestration-62e3bf0cb53046858752b1e3a3b2e5cd
2026-06-03T19:25:11.4532859+00:00	WorkerLog	BridgeL05L06	stdout=C:\Users\jimmy\Desktop\meta-bi\Samples\Demos\MetaOrchestrationHairballCliIntegration\Runs\hairball-seed-20260530\RunArtifacts\runs\20260603-192440_c12f9e0cb1fc43a9a0146173e2224328\logs\BridgeL05L06-8000.stdout.log; stderr=C:\Users\jimmy\Desktop\meta-bi\Samples\Demos\MetaOrchestrationHairballCliIntegration\Runs\hairball-seed-20260530\RunArtifacts\runs\20260603-192440_c12f9e0cb1fc43a9a0146173e2224328\logs\BridgeL05L06-8000.stderr.log
2026-06-03T19:25:11.4537440+00:00	WorkerEvent	AuditHairball	PipelineStarted; ExitCode=0; pipeline started
2026-06-03T19:25:11.4544958+00:00	WorkerEvent	Layer05Node04.select-l05-n04	TaskSucceeded; ExitCode=0; 
2026-06-03T19:25:11.4553252+00:00	TaskSucceeded	Layer05Node04.select-l05-n04	0
2026-06-03T19:25:11.4557117+00:00	WorkerEvent	AuditHairball.audit-hairball	TaskReady; ExitCode=0; 
2026-06-03T19:25:11.4564902+00:00	WorkerEvent	Layer08Node06	PipelineStarted; ExitCode=0; pipeline started
2026-06-03T19:25:11.4571680+00:00	WorkerEvent	Layer05Node01.select-l05-n01	TaskSucceeded; ExitCode=0; 
2026-06-03T19:25:11.4579264+00:00	TaskSucceeded	Layer05Node01.select-l05-n01	0
2026-06-03T19:25:11.4583037+00:00	WorkerEvent	Layer08Node06.select-l08-n06	TaskReady; ExitCode=0; 
2026-06-03T19:25:11.4590277+00:00	WorkerEvent	Layer06Node10.refresh-l06-n10	TaskSucceeded; ExitCode=0; 
2026-06-03T19:25:11.4596965+00:00	TaskSucceeded	Layer06Node10.refresh-l06-n10	0
2026-06-03T19:25:11.4600825+00:00	WorkerEvent	Layer06Node05	PipelineStarted; ExitCode=0; pipeline started
2026-06-03T19:25:11.4609399+00:00	WorkerEvent	Layer06Node08	WorkerOnline; ExitCode=0; online
2026-06-03T19:25:11.4617227+00:00	WorkerEvent	Layer06Node05.export-l06-n05	TaskReady; ExitCode=0; 
2026-06-03T19:25:11.4628421+00:00	WorkerEvent	Layer06Node10	Closed; ExitCode=-1; worker control channel closed
2026-06-03T19:25:11.4635775+00:00	PipelineCompleted	Layer06Node10	
2026-06-03T19:25:11.4639339+00:00	WorkerEvent	Layer06Node08	WorkerReady; ExitCode=0; ready
2026-06-03T19:25:11.4670043+00:00	StartPipeline	Layer06Node08	Layer06Node08
2026-06-03T19:25:11.4685879+00:00	WorkerProcessExited	Layer05Node04	ExitCode=0; worker process exited
2026-06-03T19:25:11.4694339+00:00	PipelineCompleted	Layer05Node04	
2026-06-03T19:25:11.4698352+00:00	WorkerProcessExited	Layer05Node01	ExitCode=0; worker process exited
2026-06-03T19:25:11.4705500+00:00	PipelineCompleted	Layer05Node01	
2026-06-03T19:25:11.4715701+00:00	GrantTask	Layer06Node05.export-l06-n05	Layer06Node05.export-l06-n05; GrantId=grant-83; Attempt=1
2026-06-03T19:25:11.4721611+00:00	GrantTask	Layer08Node06.select-l08-n06	Layer08Node06.select-l08-n06; GrantId=grant-84; Attempt=1
2026-06-03T19:25:11.4725453+00:00	WorkerResuming	BridgeL07L08	ResumeTaskId=BridgeL07L08.bridge-l07-l08-collect; Executable=meta-pipeline
2026-06-03T19:25:11.5973667+00:00	WorkerStarted	BridgeL07L08	20072
2026-06-03T19:25:11.5978870+00:00	WorkerControlPipe	BridgeL07L08	meta-orchestration-60f44512b6f34638b73448586482d33e
2026-06-03T19:25:11.5982684+00:00	WorkerLog	BridgeL07L08	stdout=C:\Users\jimmy\Desktop\meta-bi\Samples\Demos\MetaOrchestrationHairballCliIntegration\Runs\hairball-seed-20260530\RunArtifacts\runs\20260603-192440_c12f9e0cb1fc43a9a0146173e2224328\logs\BridgeL07L08-20072.stdout.log; stderr=C:\Users\jimmy\Desktop\meta-bi\Samples\Demos\MetaOrchestrationHairballCliIntegration\Runs\hairball-seed-20260530\RunArtifacts\runs\20260603-192440_c12f9e0cb1fc43a9a0146173e2224328\logs\BridgeL07L08-20072.stderr.log
2026-06-03T19:25:11.5987145+00:00	WorkerEvent	BridgeL05L06	WorkerOnline; ExitCode=0; online
2026-06-03T19:25:11.5996170+00:00	WorkerEvent	Layer08Node06.select-l08-n06	GrantAccepted; ExitCode=0; 
2026-06-03T19:25:11.6012289+00:00	WorkerEvent	BridgeL05L06	WorkerReady; ExitCode=0; ready
2026-06-03T19:25:11.6068853+00:00	StartPipeline	BridgeL05L06	BridgeL05L06
2026-06-03T19:25:11.6085551+00:00	WorkerEvent	Layer08Node06.select-l08-n06	TaskStarted; ExitCode=0; 
2026-06-03T19:25:11.6096735+00:00	WorkerEvent	Layer06Node05.export-l06-n05	GrantAccepted; ExitCode=0; 
2026-06-03T19:25:11.6107908+00:00	WorkerProcessExited	Layer06Node10	ExitCode=0; worker process exited
2026-06-03T19:25:11.6119078+00:00	WorkerStarting	Layer05Node06	meta-pipeline
2026-06-03T19:25:11.7455843+00:00	WorkerStarted	Layer05Node06	19380
2026-06-03T19:25:11.7460630+00:00	WorkerControlPipe	Layer05Node06	meta-orchestration-ab69bd30218347d58e1c90acce0252e7
2026-06-03T19:25:11.7466038+00:00	WorkerLog	Layer05Node06	stdout=C:\Users\jimmy\Desktop\meta-bi\Samples\Demos\MetaOrchestrationHairballCliIntegration\Runs\hairball-seed-20260530\RunArtifacts\runs\20260603-192440_c12f9e0cb1fc43a9a0146173e2224328\logs\Layer05Node06-19380.stdout.log; stderr=C:\Users\jimmy\Desktop\meta-bi\Samples\Demos\MetaOrchestrationHairballCliIntegration\Runs\hairball-seed-20260530\RunArtifacts\runs\20260603-192440_c12f9e0cb1fc43a9a0146173e2224328\logs\Layer05Node06-19380.stderr.log
2026-06-03T19:25:11.7471907+00:00	WorkerEvent	BridgeL07L08	WorkerOnline; ExitCode=0; online
2026-06-03T19:25:11.7480283+00:00	WorkerEvent	Layer06Node05.export-l06-n05	TaskStarted; ExitCode=0; 
2026-06-03T19:25:11.7491820+00:00	WorkerStarting	Layer05Node08	meta-pipeline
2026-06-03T19:25:11.8767215+00:00	WorkerStarted	Layer05Node08	18084
2026-06-03T19:25:11.8771739+00:00	WorkerControlPipe	Layer05Node08	meta-orchestration-e7b480ada8604bf1836141f320f184fb
2026-06-03T19:25:11.8775311+00:00	WorkerLog	Layer05Node08	stdout=C:\Users\jimmy\Desktop\meta-bi\Samples\Demos\MetaOrchestrationHairballCliIntegration\Runs\hairball-seed-20260530\RunArtifacts\runs\20260603-192440_c12f9e0cb1fc43a9a0146173e2224328\logs\Layer05Node08-18084.stdout.log; stderr=C:\Users\jimmy\Desktop\meta-bi\Samples\Demos\MetaOrchestrationHairballCliIntegration\Runs\hairball-seed-20260530\RunArtifacts\runs\20260603-192440_c12f9e0cb1fc43a9a0146173e2224328\logs\Layer05Node08-18084.stderr.log
2026-06-03T19:25:11.8779474+00:00	WorkerEvent	BridgeL07L08	WorkerReady; ExitCode=0; ready
2026-06-03T19:25:11.8787889+00:00	StartPipeline	BridgeL07L08	BridgeL07L08
2026-06-03T19:25:11.8795588+00:00	WorkerEvent	Layer05Node06	WorkerOnline; ExitCode=0; online
2026-06-03T19:25:11.8844745+00:00	WorkerResuming	CompositeMart	ResumeTaskId=CompositeMart.composite-stage; Executable=meta-pipeline
2026-06-03T19:25:12.0264835+00:00	WorkerStarted	CompositeMart	29904
2026-06-03T19:25:12.0274103+00:00	WorkerControlPipe	CompositeMart	meta-orchestration-2b5b146969fb4dfb9dea99d17ffa27ed
2026-06-03T19:25:12.0278083+00:00	WorkerLog	CompositeMart	stdout=C:\Users\jimmy\Desktop\meta-bi\Samples\Demos\MetaOrchestrationHairballCliIntegration\Runs\hairball-seed-20260530\RunArtifacts\runs\20260603-192440_c12f9e0cb1fc43a9a0146173e2224328\logs\CompositeMart-29904.stdout.log; stderr=C:\Users\jimmy\Desktop\meta-bi\Samples\Demos\MetaOrchestrationHairballCliIntegration\Runs\hairball-seed-20260530\RunArtifacts\runs\20260603-192440_c12f9e0cb1fc43a9a0146173e2224328\logs\CompositeMart-29904.stderr.log
2026-06-03T19:25:12.0283081+00:00	WorkerEvent	Layer05Node08	WorkerOnline; ExitCode=0; online
2026-06-03T19:25:12.0292475+00:00	WorkerEvent	Layer05Node06	WorkerReady; ExitCode=0; ready
2026-06-03T19:25:12.0300840+00:00	StartPipeline	Layer05Node06	Layer05Node06
2026-06-03T19:25:12.0308214+00:00	WorkerEvent	Layer05Node08	WorkerReady; ExitCode=0; ready
2026-06-03T19:25:12.0372939+00:00	StartPipeline	Layer05Node08	Layer05Node08
2026-06-03T19:25:12.0405800+00:00	WorkerResuming	Layer05Hub	ResumeTaskId=Layer05Hub.hub-l05-stage; Executable=meta-pipeline
2026-06-03T19:25:12.2118759+00:00	WorkerStarted	Layer05Hub	26112
2026-06-03T19:25:12.2124531+00:00	WorkerControlPipe	Layer05Hub	meta-orchestration-12cdb96000e54f3085e51e1730c141f1
2026-06-03T19:25:12.2128193+00:00	WorkerLog	Layer05Hub	stdout=C:\Users\jimmy\Desktop\meta-bi\Samples\Demos\MetaOrchestrationHairballCliIntegration\Runs\hairball-seed-20260530\RunArtifacts\runs\20260603-192440_c12f9e0cb1fc43a9a0146173e2224328\logs\Layer05Hub-26112.stdout.log; stderr=C:\Users\jimmy\Desktop\meta-bi\Samples\Demos\MetaOrchestrationHairballCliIntegration\Runs\hairball-seed-20260530\RunArtifacts\runs\20260603-192440_c12f9e0cb1fc43a9a0146173e2224328\logs\Layer05Hub-26112.stderr.log
2026-06-03T19:25:12.2135087+00:00	WorkerEvent	CompositeMart	WorkerOnline; ExitCode=0; online
2026-06-03T19:25:12.2144727+00:00	WorkerEvent	Layer08Node06.select-l08-n06	TaskSucceeded; ExitCode=0; 
2026-06-03T19:25:12.2154343+00:00	TaskSucceeded	Layer08Node06.select-l08-n06	0
2026-06-03T19:25:12.2158889+00:00	WorkerEvent	Layer07Node05	PipelineStarted; ExitCode=0; pipeline started
2026-06-03T19:25:12.2171725+00:00	WorkerEvent	CompositeMart	WorkerReady; ExitCode=0; ready
2026-06-03T19:25:12.2216439+00:00	StartPipeline	CompositeMart	CompositeMart
2026-06-03T19:25:12.2226273+00:00	WorkerEvent	Layer07Node05.select-l07-n05	TaskReady; ExitCode=0; 
2026-06-03T19:25:12.2240255+00:00	WorkerProcessExited	Layer08Node06	ExitCode=0; worker process exited
2026-06-03T19:25:12.2262101+00:00	PipelineCompleted	Layer08Node06	
2026-06-03T19:25:12.2286247+00:00	GrantTask	Layer07Node05.select-l07-n05	Layer07Node05.select-l07-n05; GrantId=grant-85; Attempt=1
2026-06-03T19:25:12.2291066+00:00	WorkerStarting	Layer06Hub	meta-pipeline
2026-06-03T19:25:12.3712608+00:00	WorkerStarted	Layer06Hub	23980
2026-06-03T19:25:12.3717167+00:00	WorkerControlPipe	Layer06Hub	meta-orchestration-4a680442afb148c195c9bd02e4adb4e6
2026-06-03T19:25:12.3721056+00:00	WorkerLog	Layer06Hub	stdout=C:\Users\jimmy\Desktop\meta-bi\Samples\Demos\MetaOrchestrationHairballCliIntegration\Runs\hairball-seed-20260530\RunArtifacts\runs\20260603-192440_c12f9e0cb1fc43a9a0146173e2224328\logs\Layer06Hub-23980.stdout.log; stderr=C:\Users\jimmy\Desktop\meta-bi\Samples\Demos\MetaOrchestrationHairballCliIntegration\Runs\hairball-seed-20260530\RunArtifacts\runs\20260603-192440_c12f9e0cb1fc43a9a0146173e2224328\logs\Layer06Hub-23980.stderr.log
2026-06-03T19:25:12.3725945+00:00	WorkerEvent	Layer05Hub	WorkerOnline; ExitCode=0; online
2026-06-03T19:25:12.3736742+00:00	WorkerEvent	Layer07Node05.select-l07-n05	GrantAccepted; ExitCode=0; 
2026-06-03T19:25:12.3756506+00:00	WorkerEvent	Layer05Hub	WorkerReady; ExitCode=0; ready
2026-06-03T19:25:12.3804971+00:00	StartPipeline	Layer05Hub	Layer05Hub
2026-06-03T19:25:12.3816869+00:00	WorkerEvent	Layer07Node05.select-l07-n05	TaskStarted; ExitCode=0; 
2026-06-03T19:25:12.3824137+00:00	WorkerEvent	Layer06Node05.export-l06-n05	TaskSucceeded; ExitCode=0; 
2026-06-03T19:25:12.3833547+00:00	TaskSucceeded	Layer06Node05.export-l06-n05	0
2026-06-03T19:25:12.3838730+00:00	WorkerEvent	Layer06Node08	PipelineStarted; ExitCode=0; pipeline started
2026-06-03T19:25:12.3847582+00:00	WorkerProcessExited	Layer06Node05	ExitCode=0; worker process exited
2026-06-03T19:25:12.3855713+00:00	PipelineCompleted	Layer06Node05	
2026-06-03T19:25:12.3859766+00:00	WorkerEvent	Layer06Node08.export-l06-n08	TaskReady; ExitCode=0; 
2026-06-03T19:25:12.3885196+00:00	GrantTask	Layer06Node08.export-l06-n08	Layer06Node08.export-l06-n08; GrantId=grant-86; Attempt=1
2026-06-03T19:25:12.3890048+00:00	WorkerStarting	Layer07Hub	meta-pipeline
2026-06-03T19:25:12.5787751+00:00	WorkerStarted	Layer07Hub	20444
2026-06-03T19:25:12.5799342+00:00	WorkerControlPipe	Layer07Hub	meta-orchestration-b51b2479a4664ee8afc5bf3f4b4f1e9d
2026-06-03T19:25:12.5827066+00:00	WorkerLog	Layer07Hub	stdout=C:\Users\jimmy\Desktop\meta-bi\Samples\Demos\MetaOrchestrationHairballCliIntegration\Runs\hairball-seed-20260530\RunArtifacts\runs\20260603-192440_c12f9e0cb1fc43a9a0146173e2224328\logs\Layer07Hub-20444.stdout.log; stderr=C:\Users\jimmy\Desktop\meta-bi\Samples\Demos\MetaOrchestrationHairballCliIntegration\Runs\hairball-seed-20260530\RunArtifacts\runs\20260603-192440_c12f9e0cb1fc43a9a0146173e2224328\logs\Layer07Hub-20444.stderr.log
2026-06-03T19:25:12.5834813+00:00	WorkerEvent	Layer06Hub	WorkerOnline; ExitCode=0; online
2026-06-03T19:25:12.5879678+00:00	WorkerEvent	Layer06Node08.export-l06-n08	GrantAccepted; ExitCode=0; 
2026-06-03T19:25:12.5969049+00:00	WorkerStarting	Layer07Node01	meta-pipeline
2026-06-03T19:25:12.8163440+00:00	WorkerStarted	Layer07Node01	12908
2026-06-03T19:25:12.8176850+00:00	WorkerControlPipe	Layer07Node01	meta-orchestration-13453f31494142b3afd35d7003eb4c6d
2026-06-03T19:25:12.8185261+00:00	WorkerLog	Layer07Node01	stdout=C:\Users\jimmy\Desktop\meta-bi\Samples\Demos\MetaOrchestrationHairballCliIntegration\Runs\hairball-seed-20260530\RunArtifacts\runs\20260603-192440_c12f9e0cb1fc43a9a0146173e2224328\logs\Layer07Node01-12908.stdout.log; stderr=C:\Users\jimmy\Desktop\meta-bi\Samples\Demos\MetaOrchestrationHairballCliIntegration\Runs\hairball-seed-20260530\RunArtifacts\runs\20260603-192440_c12f9e0cb1fc43a9a0146173e2224328\logs\Layer07Node01-12908.stderr.log
2026-06-03T19:25:12.8190718+00:00	WorkerEvent	Layer06Hub	WorkerReady; ExitCode=0; ready
2026-06-03T19:25:12.8199397+00:00	StartPipeline	Layer06Hub	Layer06Hub
2026-06-03T19:25:12.8213706+00:00	WorkerEvent	Layer07Hub	WorkerOnline; ExitCode=0; online
2026-06-03T19:25:12.8222528+00:00	WorkerEvent	Layer06Node08.export-l06-n08	TaskStarted; ExitCode=0; 
2026-06-03T19:25:12.8244747+00:00	WorkerEvent	Layer07Hub	WorkerReady; ExitCode=0; ready
2026-06-03T19:25:12.8489416+00:00	StartPipeline	Layer07Hub	Layer07Hub
2026-06-03T19:25:12.8583996+00:00	WorkerEvent	Layer07Node01	WorkerOnline; ExitCode=0; online
2026-06-03T19:25:12.8603756+00:00	WorkerEvent	Layer07Node01	WorkerReady; ExitCode=0; ready
2026-06-03T19:25:12.8698160+00:00	StartPipeline	Layer07Node01	Layer07Node01
2026-06-03T19:25:12.9591975+00:00	WorkerEvent	BridgeL05L06	PipelineStarted; ExitCode=0; pipeline started
2026-06-03T19:25:12.9679950+00:00	WorkerEvent	BridgeL05L06.bridge-l05-l06-collect	TaskReady; ExitCode=0; 
2026-06-03T19:25:13.0694741+00:00	WorkerEvent	Layer05Node08	PipelineStarted; ExitCode=0; pipeline started
2026-06-03T19:25:13.0718955+00:00	WorkerEvent	Layer05Node08.refresh-l05-n08	TaskReady; ExitCode=0; 
2026-06-03T19:25:13.0750529+00:00	GrantTask	Layer05Node08.refresh-l05-n08	Layer05Node08.refresh-l05-n08; GrantId=grant-87; Attempt=1
2026-06-03T19:25:13.0766724+00:00	WorkerEvent	Layer05Node08.refresh-l05-n08	GrantAccepted; ExitCode=0; 
2026-06-03T19:25:13.0793120+00:00	WorkerEvent	Layer05Node08.refresh-l05-n08	TaskStarted; ExitCode=0; 
2026-06-03T19:25:13.0864220+00:00	WorkerEvent	Layer05Node06	PipelineStarted; ExitCode=0; pipeline started
2026-06-03T19:25:13.0883648+00:00	WorkerEvent	Layer05Node06.export-l05-n06	TaskReady; ExitCode=0; 
2026-06-03T19:25:13.0902898+00:00	GrantTask	Layer05Node06.export-l05-n06	Layer05Node06.export-l05-n06; GrantId=grant-88; Attempt=1
2026-06-03T19:25:13.1009137+00:00	WorkerEvent	Layer05Node06.export-l05-n06	GrantAccepted; ExitCode=0; 
2026-06-03T19:25:13.1222394+00:00	WorkerEvent	Layer05Node06.export-l05-n06	TaskStarted; ExitCode=0; 
2026-06-03T19:25:13.3193331+00:00	WorkerEvent	Layer07Node05.select-l07-n05	TaskSucceeded; ExitCode=0; 
2026-06-03T19:25:13.3202782+00:00	TaskSucceeded	Layer07Node05.select-l07-n05	0
2026-06-03T19:25:13.3294589+00:00	WorkerEvent	Layer07Node05	Closed; ExitCode=-1; worker control channel closed
2026-06-03T19:25:13.3308212+00:00	PipelineCompleted	Layer07Node05	
2026-06-03T19:25:13.3324412+00:00	WorkerStarting	Layer07Node03	meta-pipeline
2026-06-03T19:25:13.5524043+00:00	WorkerStarted	Layer07Node03	25432
2026-06-03T19:25:13.5528468+00:00	WorkerControlPipe	Layer07Node03	meta-orchestration-debb003ce4ea4e6e9e44f5e63f7f54b1
2026-06-03T19:25:13.5532374+00:00	WorkerLog	Layer07Node03	stdout=C:\Users\jimmy\Desktop\meta-bi\Samples\Demos\MetaOrchestrationHairballCliIntegration\Runs\hairball-seed-20260530\RunArtifacts\runs\20260603-192440_c12f9e0cb1fc43a9a0146173e2224328\logs\Layer07Node03-25432.stdout.log; stderr=C:\Users\jimmy\Desktop\meta-bi\Samples\Demos\MetaOrchestrationHairballCliIntegration\Runs\hairball-seed-20260530\RunArtifacts\runs\20260603-192440_c12f9e0cb1fc43a9a0146173e2224328\logs\Layer07Node03-25432.stderr.log
2026-06-03T19:25:13.5536928+00:00	WorkerEvent	BridgeL07L08	PipelineStarted; ExitCode=0; pipeline started
2026-06-03T19:25:13.5544958+00:00	WorkerProcessExited	Layer07Node05	ExitCode=0; worker process exited
2026-06-03T19:25:13.5560186+00:00	WorkerEvent	BridgeL07L08.bridge-l07-l08-collect	TaskReady; ExitCode=0; 
2026-06-03T19:25:13.5601251+00:00	GrantTask	BridgeL07L08.bridge-l07-l08-collect	BridgeL07L08.bridge-l07-l08-collect; GrantId=grant-89; Attempt=1
2026-06-03T19:25:13.5609948+00:00	WorkerEvent	BridgeL07L08.bridge-l07-l08-collect	GrantAccepted; ExitCode=0; 
2026-06-03T19:25:13.5628434+00:00	WorkerEvent	BridgeL07L08.bridge-l07-l08-collect	TaskStarted; ExitCode=0; 
2026-06-03T19:25:13.5891163+00:00	WorkerEvent	Layer07Node03	WorkerOnline; ExitCode=0; online
2026-06-03T19:25:13.5949668+00:00	WorkerEvent	Layer07Node03	WorkerReady; ExitCode=0; ready
2026-06-03T19:25:13.5966196+00:00	StartPipeline	Layer07Node03	Layer07Node03
2026-06-03T19:25:13.6947326+00:00	WorkerEvent	Layer06Node08.export-l06-n08	TaskSucceeded; ExitCode=0; 
2026-06-03T19:25:13.6960499+00:00	TaskSucceeded	Layer06Node08.export-l06-n08	0
2026-06-03T19:25:13.6967123+00:00	WorkerEvent	Layer06Node08	Closed; ExitCode=-1; worker control channel closed
2026-06-03T19:25:13.6975212+00:00	PipelineCompleted	Layer06Node08	
2026-06-03T19:25:13.7073846+00:00	WorkerStarting	Layer07Node06	meta-pipeline
2026-06-03T19:25:13.9290284+00:00	WorkerStarted	Layer07Node06	30596
2026-06-03T19:25:13.9297019+00:00	WorkerControlPipe	Layer07Node06	meta-orchestration-fcddf8190bcc46b299b47dfc79ac4e7e
2026-06-03T19:25:13.9301073+00:00	WorkerLog	Layer07Node06	stdout=C:\Users\jimmy\Desktop\meta-bi\Samples\Demos\MetaOrchestrationHairballCliIntegration\Runs\hairball-seed-20260530\RunArtifacts\runs\20260603-192440_c12f9e0cb1fc43a9a0146173e2224328\logs\Layer07Node06-30596.stdout.log; stderr=C:\Users\jimmy\Desktop\meta-bi\Samples\Demos\MetaOrchestrationHairballCliIntegration\Runs\hairball-seed-20260530\RunArtifacts\runs\20260603-192440_c12f9e0cb1fc43a9a0146173e2224328\logs\Layer07Node06-30596.stderr.log
2026-06-03T19:25:13.9306992+00:00	WorkerEvent	Layer05Hub	PipelineStarted; ExitCode=0; pipeline started
2026-06-03T19:25:13.9314697+00:00	WorkerEvent	Layer05Node08.refresh-l05-n08	TaskSucceeded; ExitCode=0; 
2026-06-03T19:25:13.9321844+00:00	TaskSucceeded	Layer05Node08.refresh-l05-n08	0
2026-06-03T19:25:13.9327752+00:00	WorkerProcessExited	Layer05Node08	ExitCode=0; worker process exited
2026-06-03T19:25:13.9336300+00:00	PipelineCompleted	Layer05Node08	
2026-06-03T19:25:13.9341083+00:00	WorkerProcessExited	Layer06Node08	ExitCode=0; worker process exited
2026-06-03T19:25:13.9355202+00:00	WorkerStarting	Layer08Hub	meta-pipeline
2026-06-03T19:25:14.1039445+00:00	WorkerStarted	Layer08Hub	28044
2026-06-03T19:25:14.1044370+00:00	WorkerControlPipe	Layer08Hub	meta-orchestration-b9d12e9162ac4376bd61a01f317a012b
2026-06-03T19:25:14.1048840+00:00	WorkerLog	Layer08Hub	stdout=C:\Users\jimmy\Desktop\meta-bi\Samples\Demos\MetaOrchestrationHairballCliIntegration\Runs\hairball-seed-20260530\RunArtifacts\runs\20260603-192440_c12f9e0cb1fc43a9a0146173e2224328\logs\Layer08Hub-28044.stdout.log; stderr=C:\Users\jimmy\Desktop\meta-bi\Samples\Demos\MetaOrchestrationHairballCliIntegration\Runs\hairball-seed-20260530\RunArtifacts\runs\20260603-192440_c12f9e0cb1fc43a9a0146173e2224328\logs\Layer08Hub-28044.stderr.log
2026-06-03T19:25:14.1054967+00:00	WorkerEvent	CompositeMart	PipelineStarted; ExitCode=0; pipeline started
2026-06-03T19:25:14.1062715+00:00	WorkerEvent	Layer05Hub.hub-l05-stage	TaskReady; ExitCode=0; 
2026-06-03T19:25:14.1074272+00:00	WorkerEvent	CompositeMart.composite-stage	TaskReady; ExitCode=0; 
2026-06-03T19:25:14.1083709+00:00	WorkerEvent	Layer07Node01	PipelineStarted; ExitCode=0; pipeline started
2026-06-03T19:25:14.1092802+00:00	WorkerEvent	Layer05Node06.export-l05-n06	TaskSucceeded; ExitCode=0; 
2026-06-03T19:25:14.1099812+00:00	TaskSucceeded	Layer05Node06.export-l05-n06	0
2026-06-03T19:25:14.1103691+00:00	WorkerEvent	Layer07Node01.select-l07-n01	TaskReady; ExitCode=0; 
2026-06-03T19:25:14.1110812+00:00	WorkerEvent	Layer07Node06	WorkerOnline; ExitCode=0; online
2026-06-03T19:25:14.1117919+00:00	WorkerProcessExited	Layer05Node06	ExitCode=0; worker process exited
2026-06-03T19:25:14.1124577+00:00	PipelineCompleted	Layer05Node06	
2026-06-03T19:25:14.1131013+00:00	WorkerEvent	Layer07Node06	WorkerReady; ExitCode=0; ready
2026-06-03T19:25:14.1195887+00:00	StartPipeline	Layer07Node06	Layer07Node06
2026-06-03T19:25:14.1226677+00:00	GrantTask	Layer05Hub.hub-l05-stage	Layer05Hub.hub-l05-stage; GrantId=grant-90; Attempt=1
2026-06-03T19:25:14.1233845+00:00	GrantTask	Layer07Node01.select-l07-n01	Layer07Node01.select-l07-n01; GrantId=grant-91; Attempt=1
2026-06-03T19:25:14.1238038+00:00	WorkerStarting	Layer08Node01	meta-pipeline
2026-06-03T19:25:14.2718261+00:00	WorkerStarted	Layer08Node01	27320
2026-06-03T19:25:14.2723532+00:00	WorkerControlPipe	Layer08Node01	meta-orchestration-fed594898f8c427089e20e19d7de6149
2026-06-03T19:25:14.2727450+00:00	WorkerLog	Layer08Node01	stdout=C:\Users\jimmy\Desktop\meta-bi\Samples\Demos\MetaOrchestrationHairballCliIntegration\Runs\hairball-seed-20260530\RunArtifacts\runs\20260603-192440_c12f9e0cb1fc43a9a0146173e2224328\logs\Layer08Node01-27320.stdout.log; stderr=C:\Users\jimmy\Desktop\meta-bi\Samples\Demos\MetaOrchestrationHairballCliIntegration\Runs\hairball-seed-20260530\RunArtifacts\runs\20260603-192440_c12f9e0cb1fc43a9a0146173e2224328\logs\Layer08Node01-27320.stderr.log
2026-06-03T19:25:14.2732203+00:00	WorkerEvent	Layer05Hub.hub-l05-stage	GrantAccepted; ExitCode=0; 
2026-06-03T19:25:14.2740075+00:00	WorkerEvent	Layer08Hub	WorkerOnline; ExitCode=0; online
2026-06-03T19:25:14.2748156+00:00	WorkerEvent	Layer07Node01.select-l07-n01	GrantAccepted; ExitCode=0; 
2026-06-03T19:25:14.2766768+00:00	WorkerEvent	Layer05Hub.hub-l05-stage	TaskStarted; ExitCode=0; 
2026-06-03T19:25:14.2806687+00:00	WorkerEvent	Layer08Hub	WorkerReady; ExitCode=0; ready
2026-06-03T19:25:14.2874182+00:00	StartPipeline	Layer08Hub	Layer08Hub
2026-06-03T19:25:14.2885522+00:00	WorkerEvent	Layer07Node01.select-l07-n01	TaskStarted; ExitCode=0; 
2026-06-03T19:25:14.2896368+00:00	WorkerEvent	Layer06Hub	PipelineStarted; ExitCode=0; pipeline started
2026-06-03T19:25:14.2927619+00:00	WorkerEvent	Layer06Hub.hub-l06-stage	TaskReady; ExitCode=0; 
2026-06-03T19:25:14.2952614+00:00	GrantTask	Layer06Hub.hub-l06-stage	Layer06Hub.hub-l06-stage; GrantId=grant-92; Attempt=1
2026-06-03T19:25:14.2974503+00:00	WorkerEvent	Layer07Hub	PipelineStarted; ExitCode=0; pipeline started
2026-06-03T19:25:14.3053150+00:00	WorkerEvent	Layer06Hub.hub-l06-stage	GrantAccepted; ExitCode=0; 
2026-06-03T19:25:14.3084931+00:00	WorkerEvent	Layer08Node01	WorkerOnline; ExitCode=0; online
2026-06-03T19:25:14.3215899+00:00	WorkerEvent	Layer07Hub.hub-l07-stage	TaskReady; ExitCode=0; 
2026-06-03T19:25:14.3242526+00:00	WorkerEvent	Layer06Hub.hub-l06-stage	TaskStarted; ExitCode=0; 
2026-06-03T19:25:14.3275223+00:00	WorkerEvent	Layer08Node01	WorkerReady; ExitCode=0; ready
2026-06-03T19:25:14.3284965+00:00	StartPipeline	Layer08Node01	Layer08Node01
2026-06-03T19:25:14.3305513+00:00	WorkerEvent	BridgeL07L08.bridge-l07-l08-collect	TaskSucceeded; ExitCode=0; 
2026-06-03T19:25:14.3315411+00:00	TaskSucceeded	BridgeL07L08.bridge-l07-l08-collect	0
2026-06-03T19:25:14.3392777+00:00	WorkerEvent	BridgeL07L08.bridge-l07-l08-north	TaskReady; ExitCode=0; 
2026-06-03T19:25:14.6239132+00:00	WorkerEvent	Layer07Node03	PipelineStarted; ExitCode=0; pipeline started
2026-06-03T19:25:14.6279376+00:00	WorkerEvent	Layer07Node03.refresh-l07-n03	TaskReady; ExitCode=0; 
2026-06-03T19:25:15.0127452+00:00	WorkerEvent	Layer06Hub.hub-l06-stage	TaskSucceeded; ExitCode=0; 
2026-06-03T19:25:15.0153908+00:00	TaskSucceeded	Layer06Hub.hub-l06-stage	0
2026-06-03T19:25:15.0281071+00:00	WorkerEvent	Layer07Node01.select-l07-n01	TaskSucceeded; ExitCode=0; 
2026-06-03T19:25:15.0294291+00:00	TaskSucceeded	Layer07Node01.select-l07-n01	0
2026-06-03T19:25:15.0423781+00:00	GrantTask	CompositeMart.composite-stage	CompositeMart.composite-stage; GrantId=grant-93; Attempt=1
2026-06-03T19:25:15.0429906+00:00	WorkerEvent	Layer05Hub.hub-l05-stage	TaskSucceeded; ExitCode=0; 
2026-06-03T19:25:15.0441009+00:00	TaskSucceeded	Layer05Hub.hub-l05-stage	0
2026-06-03T19:25:15.0446799+00:00	WorkerEvent	Layer06Hub.hub-l06-curate	TaskReady; ExitCode=0; 
2026-06-03T19:25:15.0456267+00:00	WorkerProcessExited	Layer07Node01	ExitCode=0; worker process exited
2026-06-03T19:25:15.0467988+00:00	PipelineCompleted	Layer07Node01	
2026-06-03T19:25:15.0549190+00:00	GrantTask	BridgeL05L06.bridge-l05-l06-collect	BridgeL05L06.bridge-l05-l06-collect; GrantId=grant-94; Attempt=1
2026-06-03T19:25:15.0559638+00:00	GrantTask	Layer06Hub.hub-l06-curate	Layer06Hub.hub-l06-curate; GrantId=grant-95; Attempt=1
2026-06-03T19:25:15.0563886+00:00	WorkerStarting	Layer08Node02	meta-pipeline
2026-06-03T19:25:15.1926556+00:00	WorkerStarted	Layer08Node02	17840
2026-06-03T19:25:15.1932308+00:00	WorkerControlPipe	Layer08Node02	meta-orchestration-2328824c98bf4130aa5627bed037766e
2026-06-03T19:25:15.1936261+00:00	WorkerLog	Layer08Node02	stdout=C:\Users\jimmy\Desktop\meta-bi\Samples\Demos\MetaOrchestrationHairballCliIntegration\Runs\hairball-seed-20260530\RunArtifacts\runs\20260603-192440_c12f9e0cb1fc43a9a0146173e2224328\logs\Layer08Node02-17840.stdout.log; stderr=C:\Users\jimmy\Desktop\meta-bi\Samples\Demos\MetaOrchestrationHairballCliIntegration\Runs\hairball-seed-20260530\RunArtifacts\runs\20260603-192440_c12f9e0cb1fc43a9a0146173e2224328\logs\Layer08Node02-17840.stderr.log
2026-06-03T19:25:15.1940758+00:00	WorkerEvent	BridgeL05L06.bridge-l05-l06-collect	GrantAccepted; ExitCode=0; 
2026-06-03T19:25:15.1949028+00:00	WorkerEvent	CompositeMart.composite-stage	GrantAccepted; ExitCode=0; 
2026-06-03T19:25:15.1958784+00:00	WorkerEvent	Layer05Hub.hub-l05-curate	TaskReady; ExitCode=0; 
2026-06-03T19:25:15.1987241+00:00	WorkerEvent	Layer06Hub.hub-l06-curate	GrantAccepted; ExitCode=0; 
2026-06-03T19:25:15.2009846+00:00	WorkerEvent	Layer07Node06	PipelineStarted; ExitCode=0; pipeline started
2026-06-03T19:25:15.2037554+00:00	GrantTask	Layer05Hub.hub-l05-curate	Layer05Hub.hub-l05-curate; GrantId=grant-96; Attempt=1
2026-06-03T19:25:15.2044295+00:00	WorkerEvent	BridgeL05L06.bridge-l05-l06-collect	TaskStarted; ExitCode=0; 
2026-06-03T19:25:15.2055049+00:00	WorkerEvent	CompositeMart.composite-stage	TaskStarted; ExitCode=0; 
2026-06-03T19:25:15.2063563+00:00	WorkerEvent	Layer06Hub.hub-l06-curate	TaskStarted; ExitCode=0; 
2026-06-03T19:25:15.2072393+00:00	WorkerEvent	Layer07Node06.export-l07-n06	TaskReady; ExitCode=0; 
2026-06-03T19:25:15.2123464+00:00	GrantTask	Layer07Node06.export-l07-n06	Layer07Node06.export-l07-n06; GrantId=grant-97; Attempt=1
2026-06-03T19:25:15.2130499+00:00	WorkerEvent	Layer05Hub.hub-l05-curate	GrantAccepted; ExitCode=0; 
2026-06-03T19:25:15.2202794+00:00	WorkerEvent	Layer07Node06.export-l07-n06	GrantAccepted; ExitCode=0; 
2026-06-03T19:25:15.2254745+00:00	WorkerEvent	Layer05Hub.hub-l05-curate	TaskStarted; ExitCode=0; 
2026-06-03T19:25:15.2295274+00:00	WorkerEvent	Layer07Node06.export-l07-n06	TaskStarted; ExitCode=0; 
2026-06-03T19:25:15.2367726+00:00	WorkerEvent	Layer08Node02	WorkerOnline; ExitCode=0; online
2026-06-03T19:25:15.2403361+00:00	WorkerEvent	Layer08Node02	WorkerReady; ExitCode=0; ready
2026-06-03T19:25:15.2442592+00:00	StartPipeline	Layer08Node02	Layer08Node02
2026-06-03T19:25:15.2792037+00:00	WorkerEvent	Layer08Node01	PipelineStarted; ExitCode=0; pipeline started
2026-06-03T19:25:15.2840879+00:00	WorkerEvent	Layer08Node01.refresh-l08-n01	TaskReady; ExitCode=0; 
2026-06-03T19:25:15.3255717+00:00	WorkerEvent	Layer06Hub.hub-l06-curate	TaskSucceeded; ExitCode=0; 
2026-06-03T19:25:15.3267740+00:00	TaskSucceeded	Layer06Hub.hub-l06-curate	0
2026-06-03T19:25:15.3284662+00:00	WorkerEvent	Layer06Hub.hub-l06-publish	TaskReady; ExitCode=0; 
2026-06-03T19:25:15.3322549+00:00	GrantTask	Layer06Hub.hub-l06-publish	Layer06Hub.hub-l06-publish; GrantId=grant-98; Attempt=1
2026-06-03T19:25:15.3374432+00:00	WorkerEvent	Layer06Hub.hub-l06-publish	GrantAccepted; ExitCode=0; 
2026-06-03T19:25:15.3425343+00:00	WorkerEvent	Layer06Hub.hub-l06-publish	TaskStarted; ExitCode=0; 
2026-06-03T19:25:15.3777143+00:00	WorkerEvent	Layer05Hub.hub-l05-curate	TaskSucceeded; ExitCode=0; 
2026-06-03T19:25:15.3787910+00:00	TaskSucceeded	Layer05Hub.hub-l05-curate	0
2026-06-03T19:25:15.3805787+00:00	GrantTask	Layer08Node01.refresh-l08-n01	Layer08Node01.refresh-l08-n01; GrantId=grant-99; Attempt=1
2026-06-03T19:25:15.3829411+00:00	WorkerEvent	Layer05Hub.hub-l05-publish	TaskReady; ExitCode=0; 
2026-06-03T19:25:15.3859159+00:00	GrantTask	Layer05Hub.hub-l05-publish	Layer05Hub.hub-l05-publish; GrantId=grant-100; Attempt=1
2026-06-03T19:25:15.3894703+00:00	WorkerEvent	Layer08Node01.refresh-l08-n01	GrantAccepted; ExitCode=0; 
2026-06-03T19:25:15.3951746+00:00	WorkerEvent	Layer05Hub.hub-l05-publish	GrantAccepted; ExitCode=0; 
2026-06-03T19:25:15.3971856+00:00	WorkerEvent	Layer08Node01.refresh-l08-n01	TaskStarted; ExitCode=0; 
2026-06-03T19:25:15.3992307+00:00	WorkerEvent	Layer05Hub.hub-l05-publish	TaskStarted; ExitCode=0; 
2026-06-03T19:25:15.5664758+00:00	WorkerEvent	Layer06Hub.hub-l06-publish	TaskSucceeded; ExitCode=0; 
2026-06-03T19:25:15.5674926+00:00	TaskSucceeded	Layer06Hub.hub-l06-publish	0
2026-06-03T19:25:15.5691825+00:00	WorkerDeferredForCapacity	AuditHairball	Deferred by orchestration to honor max active worker process capacity.
2026-06-03T19:25:15.5695931+00:00	StopPipeline	AuditHairball	Deferred by orchestration to honor max active worker process capacity.
2026-06-03T19:25:15.5716194+00:00	WorkerEvent	Layer06Hub	Closed; ExitCode=-1; worker control channel closed
2026-06-03T19:25:15.5728375+00:00	PipelineCompleted	Layer06Hub	
2026-06-03T19:25:15.5750870+00:00	WorkerStarting	RegionalMart02	meta-pipeline
2026-06-03T19:25:15.7607841+00:00	WorkerStarted	RegionalMart02	22380
2026-06-03T19:25:15.7613326+00:00	WorkerControlPipe	RegionalMart02	meta-orchestration-5c783e0393d64579811c2f7dafb58c9f
2026-06-03T19:25:15.7617521+00:00	WorkerLog	RegionalMart02	stdout=C:\Users\jimmy\Desktop\meta-bi\Samples\Demos\MetaOrchestrationHairballCliIntegration\Runs\hairball-seed-20260530\RunArtifacts\runs\20260603-192440_c12f9e0cb1fc43a9a0146173e2224328\logs\RegionalMart02-22380.stdout.log; stderr=C:\Users\jimmy\Desktop\meta-bi\Samples\Demos\MetaOrchestrationHairballCliIntegration\Runs\hairball-seed-20260530\RunArtifacts\runs\20260603-192440_c12f9e0cb1fc43a9a0146173e2224328\logs\RegionalMart02-22380.stderr.log
2026-06-03T19:25:15.7622401+00:00	WorkerEvent	AuditHairball	Closed; ExitCode=0; worker control channel closed
2026-06-03T19:25:15.7625917+00:00	WorkerProcessExited	AuditHairball	ExitCode=0; worker control channel closed
2026-06-03T19:25:15.7635741+00:00	WorkerDeferred	AuditHairball	ResumeTaskId=AuditHairball.audit-hairball
2026-06-03T19:25:15.7641394+00:00	WorkerEvent	Layer05Hub.hub-l05-publish	TaskSucceeded; ExitCode=0; 
2026-06-03T19:25:15.7660357+00:00	TaskSucceeded	Layer05Hub.hub-l05-publish	0
2026-06-03T19:25:15.7666563+00:00	WorkerEvent	Layer08Hub	PipelineStarted; ExitCode=0; pipeline started
2026-06-03T19:25:15.7676030+00:00	WorkerProcessExited	Layer06Hub	ExitCode=0; worker process exited
2026-06-03T19:25:15.7681320+00:00	WorkerProcessExited	Layer05Hub	ExitCode=0; worker process exited
2026-06-03T19:25:15.7690376+00:00	PipelineCompleted	Layer05Hub	
2026-06-03T19:25:15.7708001+00:00	GrantTask	Layer07Node03.refresh-l07-n03	Layer07Node03.refresh-l07-n03; GrantId=grant-101; Attempt=1
2026-06-03T19:25:15.7712768+00:00	WorkerResuming	AuditHairball	ResumeTaskId=AuditHairball.audit-hairball; Executable=meta-pipeline
2026-06-03T19:25:15.9502921+00:00	WorkerStarted	AuditHairball	23484
2026-06-03T19:25:15.9507700+00:00	WorkerControlPipe	AuditHairball	meta-orchestration-b7a0be791304438da82f3e3ae24dc45d
2026-06-03T19:25:15.9511396+00:00	WorkerLog	AuditHairball	stdout=C:\Users\jimmy\Desktop\meta-bi\Samples\Demos\MetaOrchestrationHairballCliIntegration\Runs\hairball-seed-20260530\RunArtifacts\runs\20260603-192440_c12f9e0cb1fc43a9a0146173e2224328\logs\AuditHairball-23484.stdout.log; stderr=C:\Users\jimmy\Desktop\meta-bi\Samples\Demos\MetaOrchestrationHairballCliIntegration\Runs\hairball-seed-20260530\RunArtifacts\runs\20260603-192440_c12f9e0cb1fc43a9a0146173e2224328\logs\AuditHairball-23484.stderr.log
2026-06-03T19:25:15.9515884+00:00	WorkerEvent	CompositeMart.composite-stage	TaskSucceeded; ExitCode=0; 
2026-06-03T19:25:15.9523909+00:00	TaskSucceeded	CompositeMart.composite-stage	0
2026-06-03T19:25:15.9531516+00:00	WorkerEvent	Layer08Hub.hub-l08-stage	TaskReady; ExitCode=0; 
2026-06-03T19:25:15.9545512+00:00	WorkerEvent	CompositeMart.composite-curate	TaskReady; ExitCode=0; 
2026-06-03T19:25:15.9559382+00:00	WorkerEvent	RegionalMart02	WorkerOnline; ExitCode=0; online
2026-06-03T19:25:15.9574499+00:00	WorkerEvent	Layer07Node03.refresh-l07-n03	GrantAccepted; ExitCode=0; 
2026-06-03T19:25:15.9587992+00:00	WorkerEvent	RegionalMart02	WorkerReady; ExitCode=0; ready
2026-06-03T19:25:15.9638470+00:00	StartPipeline	RegionalMart02	RegionalMart02
2026-06-03T19:25:15.9676404+00:00	WorkerEvent	Layer07Node03.refresh-l07-n03	TaskStarted; ExitCode=0; 
2026-06-03T19:25:15.9694290+00:00	WorkerStarting	Layer08Node03	meta-pipeline
2026-06-03T19:25:16.1375003+00:00	WorkerStarted	Layer08Node03	19744
2026-06-03T19:25:16.1380138+00:00	WorkerControlPipe	Layer08Node03	meta-orchestration-2050292e68604e0eba58ba12fb1bcb18
2026-06-03T19:25:16.1384068+00:00	WorkerLog	Layer08Node03	stdout=C:\Users\jimmy\Desktop\meta-bi\Samples\Demos\MetaOrchestrationHairballCliIntegration\Runs\hairball-seed-20260530\RunArtifacts\runs\20260603-192440_c12f9e0cb1fc43a9a0146173e2224328\logs\Layer08Node03-19744.stdout.log; stderr=C:\Users\jimmy\Desktop\meta-bi\Samples\Demos\MetaOrchestrationHairballCliIntegration\Runs\hairball-seed-20260530\RunArtifacts\runs\20260603-192440_c12f9e0cb1fc43a9a0146173e2224328\logs\Layer08Node03-19744.stderr.log
2026-06-03T19:25:16.1388873+00:00	WorkerEvent	BridgeL05L06.bridge-l05-l06-collect	TaskSucceeded; ExitCode=0; 
2026-06-03T19:25:16.1397215+00:00	TaskSucceeded	BridgeL05L06.bridge-l05-l06-collect	0
2026-06-03T19:25:16.1405310+00:00	WorkerEvent	AuditHairball	WorkerOnline; ExitCode=0; online
2026-06-03T19:25:16.1413497+00:00	WorkerEvent	Layer08Node01.refresh-l08-n01	TaskSucceeded; ExitCode=0; 
2026-06-03T19:25:16.1422662+00:00	TaskSucceeded	Layer08Node01.refresh-l08-n01	0
2026-06-03T19:25:16.1426615+00:00	WorkerEvent	Layer07Node06.export-l07-n06	TaskSucceeded; ExitCode=0; 
2026-06-03T19:25:16.1462056+00:00	TaskSucceeded	Layer07Node06.export-l07-n06	0
2026-06-03T19:25:16.1466572+00:00	WorkerEvent	BridgeL05L06.bridge-l05-l06-north	TaskReady; ExitCode=0; 
2026-06-03T19:25:16.1475293+00:00	WorkerEvent	AuditHairball	WorkerReady; ExitCode=0; ready
2026-06-03T19:25:16.1499234+00:00	StartPipeline	AuditHairball	AuditHairball
2026-06-03T19:25:16.1514524+00:00	WorkerProcessExited	Layer08Node01	ExitCode=0; worker process exited
2026-06-03T19:25:16.1527891+00:00	PipelineCompleted	Layer08Node01	
2026-06-03T19:25:16.1533248+00:00	WorkerProcessExited	Layer07Node06	ExitCode=0; worker process exited
2026-06-03T19:25:16.1541374+00:00	PipelineCompleted	Layer07Node06	
2026-06-03T19:25:16.1556151+00:00	GrantTask	BridgeL05L06.bridge-l05-l06-north	BridgeL05L06.bridge-l05-l06-north; GrantId=grant-102; Attempt=1
2026-06-03T19:25:16.1570377+00:00	GrantTask	BridgeL07L08.bridge-l07-l08-north	BridgeL07L08.bridge-l07-l08-north; GrantId=grant-103; Attempt=1
2026-06-03T19:25:16.1574546+00:00	WorkerStarting	Layer08Node04	meta-pipeline
2026-06-03T19:25:16.3409910+00:00	WorkerStarted	Layer08Node04	13204
2026-06-03T19:25:16.3414812+00:00	WorkerControlPipe	Layer08Node04	meta-orchestration-e6f945b02c574cf8bde57ed83652b52a
2026-06-03T19:25:16.3419613+00:00	WorkerLog	Layer08Node04	stdout=C:\Users\jimmy\Desktop\meta-bi\Samples\Demos\MetaOrchestrationHairballCliIntegration\Runs\hairball-seed-20260530\RunArtifacts\runs\20260603-192440_c12f9e0cb1fc43a9a0146173e2224328\logs\Layer08Node04-13204.stdout.log; stderr=C:\Users\jimmy\Desktop\meta-bi\Samples\Demos\MetaOrchestrationHairballCliIntegration\Runs\hairball-seed-20260530\RunArtifacts\runs\20260603-192440_c12f9e0cb1fc43a9a0146173e2224328\logs\Layer08Node04-13204.stderr.log
2026-06-03T19:25:16.3425709+00:00	WorkerEvent	BridgeL05L06.bridge-l05-l06-north	GrantAccepted; ExitCode=0; 
2026-06-03T19:25:16.3434041+00:00	WorkerEvent	Layer08Node03	WorkerOnline; ExitCode=0; online
2026-06-03T19:25:16.3442828+00:00	WorkerEvent	BridgeL07L08.bridge-l07-l08-north	GrantAccepted; ExitCode=0; 
2026-06-03T19:25:16.3456396+00:00	WorkerStarting	Layer08Node08	meta-pipeline
2026-06-03T19:25:16.4867152+00:00	WorkerStarted	Layer08Node08	7660
2026-06-03T19:25:16.4872030+00:00	WorkerControlPipe	Layer08Node08	meta-orchestration-627c9af0c6744ee4a36f811b55820631
2026-06-03T19:25:16.4875945+00:00	WorkerLog	Layer08Node08	stdout=C:\Users\jimmy\Desktop\meta-bi\Samples\Demos\MetaOrchestrationHairballCliIntegration\Runs\hairball-seed-20260530\RunArtifacts\runs\20260603-192440_c12f9e0cb1fc43a9a0146173e2224328\logs\Layer08Node08-7660.stdout.log; stderr=C:\Users\jimmy\Desktop\meta-bi\Samples\Demos\MetaOrchestrationHairballCliIntegration\Runs\hairball-seed-20260530\RunArtifacts\runs\20260603-192440_c12f9e0cb1fc43a9a0146173e2224328\logs\Layer08Node08-7660.stderr.log
2026-06-03T19:25:16.4881010+00:00	WorkerEvent	BridgeL05L06.bridge-l05-l06-north	TaskStarted; ExitCode=0; 
2026-06-03T19:25:16.4891396+00:00	WorkerEvent	Layer08Node03	WorkerReady; ExitCode=0; ready
2026-06-03T19:25:16.4902704+00:00	StartPipeline	Layer08Node03	Layer08Node03
2026-06-03T19:25:16.4915071+00:00	WorkerEvent	BridgeL05L06.bridge-l05-l06-north	TaskSucceeded; ExitCode=0; 
2026-06-03T19:25:16.4924167+00:00	TaskSucceeded	BridgeL05L06.bridge-l05-l06-north	0
2026-06-03T19:25:16.4928464+00:00	WorkerEvent	Layer08Node02	PipelineStarted; ExitCode=0; pipeline started
2026-06-03T19:25:16.4936960+00:00	WorkerEvent	BridgeL07L08.bridge-l07-l08-north	TaskStarted; ExitCode=0; 
2026-06-03T19:25:16.4947608+00:00	WorkerEvent	BridgeL05L06.bridge-l05-l06-south	TaskReady; ExitCode=0; 
2026-06-03T19:25:16.4955340+00:00	WorkerEvent	Layer08Node02.select-l08-n02	TaskReady; ExitCode=0; 
2026-06-03T19:25:16.4962936+00:00	WorkerEvent	Layer08Node04	WorkerOnline; ExitCode=0; online
2026-06-03T19:25:16.4987484+00:00	GrantTask	BridgeL05L06.bridge-l05-l06-south	BridgeL05L06.bridge-l05-l06-south; GrantId=grant-104; Attempt=1
2026-06-03T19:25:16.4998366+00:00	GrantTask	Layer08Node02.select-l08-n02	Layer08Node02.select-l08-n02; GrantId=grant-105; Attempt=1
2026-06-03T19:25:16.5004682+00:00	WorkerEvent	BridgeL05L06.bridge-l05-l06-south	GrantAccepted; ExitCode=0; 
2026-06-03T19:25:16.5014064+00:00	WorkerEvent	Layer08Node04	WorkerReady; ExitCode=0; ready
2026-06-03T19:25:16.5060325+00:00	StartPipeline	Layer08Node04	Layer08Node04
2026-06-03T19:25:16.5069412+00:00	WorkerEvent	BridgeL05L06.bridge-l05-l06-south	TaskStarted; ExitCode=0; 
2026-06-03T19:25:16.5077455+00:00	WorkerEvent	Layer08Node02.select-l08-n02	GrantAccepted; ExitCode=0; 
2026-06-03T19:25:16.5094505+00:00	WorkerEvent	Layer08Node02.select-l08-n02	TaskStarted; ExitCode=0; 
2026-06-03T19:25:16.5181386+00:00	WorkerEvent	Layer08Node08	WorkerOnline; ExitCode=0; online
2026-06-03T19:25:16.5211841+00:00	WorkerEvent	Layer08Node08	WorkerReady; ExitCode=0; ready
2026-06-03T19:25:16.5258175+00:00	StartPipeline	Layer08Node08	Layer08Node08
2026-06-03T19:25:16.5623101+00:00	WorkerEvent	BridgeL07L08.bridge-l07-l08-north	TaskSucceeded; ExitCode=0; 
2026-06-03T19:25:16.5635063+00:00	TaskSucceeded	BridgeL07L08.bridge-l07-l08-north	0
2026-06-03T19:25:16.5649004+00:00	WorkerEvent	BridgeL07L08.bridge-l07-l08-south	TaskReady; ExitCode=0; 
2026-06-03T19:25:16.5691881+00:00	GrantTask	BridgeL07L08.bridge-l07-l08-south	BridgeL07L08.bridge-l07-l08-south; GrantId=grant-106; Attempt=1
2026-06-03T19:25:16.5709960+00:00	WorkerEvent	BridgeL07L08.bridge-l07-l08-south	GrantAccepted; ExitCode=0; 
2026-06-03T19:25:16.5729845+00:00	WorkerEvent	BridgeL07L08.bridge-l07-l08-south	TaskStarted; ExitCode=0; 
2026-06-03T19:25:16.6009745+00:00	WorkerEvent	Layer07Node03.refresh-l07-n03	TaskSucceeded; ExitCode=0; 
2026-06-03T19:25:16.6022396+00:00	TaskSucceeded	Layer07Node03.refresh-l07-n03	0
2026-06-03T19:25:16.6030256+00:00	WorkerEvent	Layer07Node03	Closed; ExitCode=-1; worker control channel closed
2026-06-03T19:25:16.6039112+00:00	PipelineCompleted	Layer07Node03	
2026-06-03T19:25:16.6062646+00:00	GrantTask	Layer07Hub.hub-l07-stage	Layer07Hub.hub-l07-stage; GrantId=grant-107; Attempt=1
2026-06-03T19:25:16.6067973+00:00	WorkerStarting	PublishHairballFinal	meta-pipeline
2026-06-03T19:25:16.7909038+00:00	WorkerStarted	PublishHairballFinal	24060
2026-06-03T19:25:16.7914924+00:00	WorkerControlPipe	PublishHairballFinal	meta-orchestration-2b7b556b2b924bf791cbcf0225f47d69
2026-06-03T19:25:16.7921763+00:00	WorkerLog	PublishHairballFinal	stdout=C:\Users\jimmy\Desktop\meta-bi\Samples\Demos\MetaOrchestrationHairballCliIntegration\Runs\hairball-seed-20260530\RunArtifacts\runs\20260603-192440_c12f9e0cb1fc43a9a0146173e2224328\logs\PublishHairballFinal-24060.stdout.log; stderr=C:\Users\jimmy\Desktop\meta-bi\Samples\Demos\MetaOrchestrationHairballCliIntegration\Runs\hairball-seed-20260530\RunArtifacts\runs\20260603-192440_c12f9e0cb1fc43a9a0146173e2224328\logs\PublishHairballFinal-24060.stderr.log
2026-06-03T19:25:16.7928790+00:00	WorkerEvent	BridgeL05L06.bridge-l05-l06-south	TaskSucceeded; ExitCode=0; 
2026-06-03T19:25:16.7940340+00:00	TaskSucceeded	BridgeL05L06.bridge-l05-l06-south	0
2026-06-03T19:25:16.7945459+00:00	WorkerEvent	BridgeL07L08.bridge-l07-l08-south	TaskSucceeded; ExitCode=0; 
2026-06-03T19:25:16.7953938+00:00	TaskSucceeded	BridgeL07L08.bridge-l07-l08-south	0
2026-06-03T19:25:16.7958359+00:00	WorkerEvent	Layer07Hub.hub-l07-stage	GrantAccepted; ExitCode=0; 
2026-06-03T19:25:16.7985479+00:00	WorkerProcessExited	BridgeL05L06	ExitCode=0; worker process exited
2026-06-03T19:25:16.7995538+00:00	PipelineCompleted	BridgeL05L06	
2026-06-03T19:25:16.8001477+00:00	WorkerProcessExited	BridgeL07L08	ExitCode=0; worker process exited
2026-06-03T19:25:16.8013366+00:00	PipelineCompleted	BridgeL07L08	
2026-06-03T19:25:16.8018156+00:00	WorkerEvent	Layer07Hub.hub-l07-stage	TaskStarted; ExitCode=0; 
2026-06-03T19:25:16.8027974+00:00	WorkerProcessExited	Layer07Node03	ExitCode=0; worker process exited
2026-06-03T19:25:16.8040995+00:00	WorkerStarting	RegionalMart01	meta-pipeline
2026-06-03T19:25:17.0033791+00:00	WorkerStarted	RegionalMart01	19776
2026-06-03T19:25:17.0040553+00:00	WorkerControlPipe	RegionalMart01	meta-orchestration-4e8a03ef454a492097ddea358b5f1bd2
2026-06-03T19:25:17.0044530+00:00	WorkerLog	RegionalMart01	stdout=C:\Users\jimmy\Desktop\meta-bi\Samples\Demos\MetaOrchestrationHairballCliIntegration\Runs\hairball-seed-20260530\RunArtifacts\runs\20260603-192440_c12f9e0cb1fc43a9a0146173e2224328\logs\RegionalMart01-19776.stdout.log; stderr=C:\Users\jimmy\Desktop\meta-bi\Samples\Demos\MetaOrchestrationHairballCliIntegration\Runs\hairball-seed-20260530\RunArtifacts\runs\20260603-192440_c12f9e0cb1fc43a9a0146173e2224328\logs\RegionalMart01-19776.stderr.log
2026-06-03T19:25:17.0049678+00:00	WorkerEvent	PublishHairballFinal	WorkerOnline; ExitCode=0; online
2026-06-03T19:25:17.0068229+00:00	WorkerStarting	RegionalMart03	meta-pipeline
2026-06-03T19:25:17.2263946+00:00	WorkerStarted	RegionalMart03	3460
2026-06-03T19:25:17.2270071+00:00	WorkerControlPipe	RegionalMart03	meta-orchestration-7d9130e9f4f64d53bdc20a0205ee2f96
2026-06-03T19:25:17.2274169+00:00	WorkerLog	RegionalMart03	stdout=C:\Users\jimmy\Desktop\meta-bi\Samples\Demos\MetaOrchestrationHairballCliIntegration\Runs\hairball-seed-20260530\RunArtifacts\runs\20260603-192440_c12f9e0cb1fc43a9a0146173e2224328\logs\RegionalMart03-3460.stdout.log; stderr=C:\Users\jimmy\Desktop\meta-bi\Samples\Demos\MetaOrchestrationHairballCliIntegration\Runs\hairball-seed-20260530\RunArtifacts\runs\20260603-192440_c12f9e0cb1fc43a9a0146173e2224328\logs\RegionalMart03-3460.stderr.log
2026-06-03T19:25:17.2279268+00:00	WorkerEvent	AuditHairball	PipelineStarted; ExitCode=0; pipeline started
2026-06-03T19:25:17.2287413+00:00	WorkerEvent	Layer08Node02.select-l08-n02	TaskSucceeded; ExitCode=0; 
2026-06-03T19:25:17.2350812+00:00	TaskSucceeded	Layer08Node02.select-l08-n02	0
2026-06-03T19:25:17.2358453+00:00	WorkerEvent	AuditHairball.audit-hairball	TaskReady; ExitCode=0; 
2026-06-03T19:25:17.2366812+00:00	WorkerEvent	RegionalMart01	WorkerOnline; ExitCode=0; online
2026-06-03T19:25:17.2375960+00:00	WorkerEvent	PublishHairballFinal	WorkerReady; ExitCode=0; ready
2026-06-03T19:25:17.2423415+00:00	StartPipeline	PublishHairballFinal	PublishHairballFinal
2026-06-03T19:25:17.2440241+00:00	WorkerEvent	RegionalMart01	WorkerReady; ExitCode=0; ready
2026-06-03T19:25:17.2450278+00:00	StartPipeline	RegionalMart01	RegionalMart01
2026-06-03T19:25:17.2459557+00:00	WorkerProcessExited	Layer08Node02	ExitCode=0; worker process exited
2026-06-03T19:25:17.2467429+00:00	PipelineCompleted	Layer08Node02	
2026-06-03T19:25:17.2519563+00:00	WorkerStarting	RegionalMart04	meta-pipeline
2026-06-03T19:25:17.4851889+00:00	WorkerStarted	RegionalMart04	25780
2026-06-03T19:25:17.4892829+00:00	WorkerControlPipe	RegionalMart04	meta-orchestration-4cecb5dffb4743a1a5a64e804b33a167
2026-06-03T19:25:17.4902979+00:00	WorkerLog	RegionalMart04	stdout=C:\Users\jimmy\Desktop\meta-bi\Samples\Demos\MetaOrchestrationHairballCliIntegration\Runs\hairball-seed-20260530\RunArtifacts\runs\20260603-192440_c12f9e0cb1fc43a9a0146173e2224328\logs\RegionalMart04-25780.stdout.log; stderr=C:\Users\jimmy\Desktop\meta-bi\Samples\Demos\MetaOrchestrationHairballCliIntegration\Runs\hairball-seed-20260530\RunArtifacts\runs\20260603-192440_c12f9e0cb1fc43a9a0146173e2224328\logs\RegionalMart04-25780.stderr.log
2026-06-03T19:25:17.4908784+00:00	WorkerEvent	RegionalMart03	WorkerOnline; ExitCode=0; online
2026-06-03T19:25:17.4917772+00:00	WorkerEvent	Layer08Node03	PipelineStarted; ExitCode=0; pipeline started
2026-06-03T19:25:17.4935700+00:00	WorkerEvent	RegionalMart03	WorkerReady; ExitCode=0; ready
2026-06-03T19:25:17.5063667+00:00	StartPipeline	RegionalMart03	RegionalMart03
2026-06-03T19:25:17.5081811+00:00	WorkerEvent	Layer08Node03.export-l08-n03	TaskReady; ExitCode=0; 
2026-06-03T19:25:17.5117642+00:00	GrantTask	Layer08Node03.export-l08-n03	Layer08Node03.export-l08-n03; GrantId=grant-108; Attempt=1
2026-06-03T19:25:17.5167857+00:00	WorkerEvent	RegionalMart02	PipelineStarted; ExitCode=0; pipeline started
2026-06-03T19:25:17.5200721+00:00	WorkerEvent	Layer08Node03.export-l08-n03	GrantAccepted; ExitCode=0; 
2026-06-03T19:25:17.5253375+00:00	WorkerEvent	Layer08Node03.export-l08-n03	TaskStarted; ExitCode=0; 
2026-06-03T19:25:17.5264289+00:00	WorkerEvent	RegionalMart04	WorkerOnline; ExitCode=0; online
2026-06-03T19:25:17.5274441+00:00	WorkerEvent	RegionalMart02.regional-02-stage	TaskReady; ExitCode=0; 
2026-06-03T19:25:17.5293364+00:00	GrantTask	RegionalMart02.regional-02-stage	RegionalMart02.regional-02-stage; GrantId=grant-109; Attempt=1
2026-06-03T19:25:17.5332179+00:00	WorkerEvent	RegionalMart04	WorkerReady; ExitCode=0; ready
2026-06-03T19:25:17.5389814+00:00	StartPipeline	RegionalMart04	RegionalMart04
2026-06-03T19:25:17.5403400+00:00	WorkerEvent	RegionalMart02.regional-02-stage	GrantAccepted; ExitCode=0; 
2026-06-03T19:25:17.5420446+00:00	WorkerEvent	RegionalMart02.regional-02-stage	TaskStarted; ExitCode=0; 
2026-06-03T19:25:17.5612752+00:00	WorkerEvent	Layer08Node08	PipelineStarted; ExitCode=0; pipeline started
2026-06-03T19:25:17.5657947+00:00	WorkerEvent	Layer08Node08.refresh-l08-n08	TaskReady; ExitCode=0; 
2026-06-03T19:25:17.5685769+00:00	GrantTask	Layer08Node08.refresh-l08-n08	Layer08Node08.refresh-l08-n08; GrantId=grant-110; Attempt=1
2026-06-03T19:25:17.5698186+00:00	WorkerEvent	Layer08Node08.refresh-l08-n08	GrantAccepted; ExitCode=0; 
2026-06-03T19:25:17.5752849+00:00	WorkerEvent	Layer08Node08.refresh-l08-n08	TaskStarted; ExitCode=0; 
2026-06-03T19:25:17.6201791+00:00	WorkerEvent	Layer08Node04	PipelineStarted; ExitCode=0; pipeline started
2026-06-03T19:25:17.6247108+00:00	WorkerEvent	Layer08Node04.select-l08-n04	TaskReady; ExitCode=0; 
2026-06-03T19:25:17.6287983+00:00	GrantTask	Layer08Node04.select-l08-n04	Layer08Node04.select-l08-n04; GrantId=grant-111; Attempt=1
2026-06-03T19:25:17.6383538+00:00	WorkerEvent	Layer08Node04.select-l08-n04	GrantAccepted; ExitCode=0; 
2026-06-03T19:25:17.6442431+00:00	WorkerEvent	Layer08Node04.select-l08-n04	TaskStarted; ExitCode=0; 
2026-06-03T19:25:17.8245100+00:00	WorkerEvent	Layer07Hub.hub-l07-stage	TaskSucceeded; ExitCode=0; 
2026-06-03T19:25:17.8271494+00:00	TaskSucceeded	Layer07Hub.hub-l07-stage	0
2026-06-03T19:25:17.8287832+00:00	WorkerEvent	Layer07Hub.hub-l07-curate	TaskReady; ExitCode=0; 
2026-06-03T19:25:17.8315394+00:00	GrantTask	Layer07Hub.hub-l07-curate	Layer07Hub.hub-l07-curate; GrantId=grant-112; Attempt=1
2026-06-03T19:25:17.8333560+00:00	WorkerEvent	Layer07Hub.hub-l07-curate	GrantAccepted; ExitCode=0; 
2026-06-03T19:25:17.8348044+00:00	WorkerEvent	Layer07Hub.hub-l07-curate	TaskStarted; ExitCode=0; 
2026-06-03T19:25:18.0045295+00:00	WorkerEvent	Layer07Hub.hub-l07-curate	TaskSucceeded; ExitCode=0; 
2026-06-03T19:25:18.0064085+00:00	TaskSucceeded	Layer07Hub.hub-l07-curate	0
2026-06-03T19:25:18.0083120+00:00	WorkerEvent	Layer07Hub.hub-l07-publish	TaskReady; ExitCode=0; 
2026-06-03T19:25:18.0113021+00:00	GrantTask	Layer07Hub.hub-l07-publish	Layer07Hub.hub-l07-publish; GrantId=grant-113; Attempt=1
2026-06-03T19:25:18.0126362+00:00	WorkerEvent	Layer07Hub.hub-l07-publish	GrantAccepted; ExitCode=0; 
2026-06-03T19:25:18.0139457+00:00	WorkerEvent	Layer07Hub.hub-l07-publish	TaskStarted; ExitCode=0; 
2026-06-03T19:25:18.1850322+00:00	WorkerEvent	RegionalMart02.regional-02-stage	TaskSucceeded; ExitCode=0; 
2026-06-03T19:25:18.1862950+00:00	TaskSucceeded	RegionalMart02.regional-02-stage	0
2026-06-03T19:25:18.1881286+00:00	WorkerEvent	RegionalMart02.regional-02-curate	TaskReady; ExitCode=0; 
2026-06-03T19:25:18.1904322+00:00	GrantTask	RegionalMart02.regional-02-curate	RegionalMart02.regional-02-curate; GrantId=grant-114; Attempt=1
2026-06-03T19:25:18.1917628+00:00	WorkerEvent	RegionalMart02.regional-02-curate	GrantAccepted; ExitCode=0; 
2026-06-03T19:25:18.1931396+00:00	WorkerEvent	RegionalMart02.regional-02-curate	TaskStarted; ExitCode=0; 
2026-06-03T19:25:18.2296493+00:00	WorkerEvent	Layer08Node08.refresh-l08-n08	TaskSucceeded; ExitCode=0; 
2026-06-03T19:25:18.2316361+00:00	TaskSucceeded	Layer08Node08.refresh-l08-n08	0
2026-06-03T19:25:18.2360876+00:00	WorkerEvent	Layer08Node08	Closed; ExitCode=-1; worker control channel closed
2026-06-03T19:25:18.2369886+00:00	PipelineCompleted	Layer08Node08	
2026-06-03T19:25:18.2762412+00:00	WorkerProcessExited	Layer08Node08	ExitCode=0; worker process exited
2026-06-03T19:25:18.2856137+00:00	WorkerEvent	Layer07Hub.hub-l07-publish	TaskSucceeded; ExitCode=0; 
2026-06-03T19:25:18.2872676+00:00	TaskSucceeded	Layer07Hub.hub-l07-publish	0
2026-06-03T19:25:18.2928988+00:00	WorkerEvent	Layer08Node03.export-l08-n03	TaskSucceeded; ExitCode=0; 
2026-06-03T19:25:18.2939911+00:00	TaskSucceeded	Layer08Node03.export-l08-n03	0
2026-06-03T19:25:18.2950396+00:00	WorkerEvent	Layer07Hub	Closed; ExitCode=-1; worker control channel closed
2026-06-03T19:25:18.2961171+00:00	PipelineCompleted	Layer07Hub	
2026-06-03T19:25:18.2980494+00:00	WorkerEvent	Layer08Node03	Closed; ExitCode=-1; worker control channel closed
2026-06-03T19:25:18.2991103+00:00	PipelineCompleted	Layer08Node03	
2026-06-03T19:25:18.3242219+00:00	WorkerEvent	Layer08Node04.select-l08-n04	TaskSucceeded; ExitCode=0; 
2026-06-03T19:25:18.3251433+00:00	TaskSucceeded	Layer08Node04.select-l08-n04	0
2026-06-03T19:25:18.3263734+00:00	GrantTask	CompositeMart.composite-curate	CompositeMart.composite-curate; GrantId=grant-115; Attempt=1
2026-06-03T19:25:18.3269146+00:00	GrantTask	Layer08Hub.hub-l08-stage	Layer08Hub.hub-l08-stage; GrantId=grant-116; Attempt=1
2026-06-03T19:25:18.3272979+00:00	WorkerProcessExited	Layer08Node03	ExitCode=0; worker process exited
2026-06-03T19:25:18.3276603+00:00	WorkerProcessExited	Layer07Hub	ExitCode=0; worker process exited
2026-06-03T19:25:18.3285127+00:00	WorkerEvent	Layer08Hub.hub-l08-stage	GrantAccepted; ExitCode=0; 
2026-06-03T19:25:18.3292507+00:00	WorkerEvent	Layer08Node04	Closed; ExitCode=-1; worker control channel closed
2026-06-03T19:25:18.3314386+00:00	PipelineCompleted	Layer08Node04	
2026-06-03T19:25:18.3319410+00:00	WorkerEvent	CompositeMart.composite-curate	GrantAccepted; ExitCode=0; 
2026-06-03T19:25:18.3356960+00:00	WorkerEvent	Layer08Hub.hub-l08-stage	TaskStarted; ExitCode=0; 
2026-06-03T19:25:18.3370054+00:00	WorkerEvent	CompositeMart.composite-curate	TaskStarted; ExitCode=0; 
2026-06-03T19:25:18.3488690+00:00	WorkerProcessExited	Layer08Node04	ExitCode=0; worker process exited
2026-06-03T19:25:18.3705860+00:00	WorkerEvent	PublishHairballFinal	PipelineStarted; ExitCode=0; pipeline started
2026-06-03T19:25:18.3746334+00:00	WorkerEvent	PublishHairballFinal.publish-hairball-final	TaskReady; ExitCode=0; 
2026-06-03T19:25:18.3988850+00:00	WorkerEvent	RegionalMart02.regional-02-curate	TaskSucceeded; ExitCode=0; 
2026-06-03T19:25:18.4006617+00:00	TaskSucceeded	RegionalMart02.regional-02-curate	0
2026-06-03T19:25:18.4019640+00:00	WorkerEvent	RegionalMart02.regional-02-publish	TaskReady; ExitCode=0; 
2026-06-03T19:25:18.4037390+00:00	GrantTask	RegionalMart02.regional-02-publish	RegionalMart02.regional-02-publish; GrantId=grant-117; Attempt=1
2026-06-03T19:25:18.4042199+00:00	WorkerEvent	RegionalMart02.regional-02-publish	GrantAccepted; ExitCode=0; 
2026-06-03T19:25:18.4054847+00:00	WorkerEvent	RegionalMart02.regional-02-publish	TaskStarted; ExitCode=0; 
2026-06-03T19:25:18.4438249+00:00	WorkerEvent	CompositeMart.composite-curate	TaskSucceeded; ExitCode=0; 
2026-06-03T19:25:18.4447291+00:00	TaskSucceeded	CompositeMart.composite-curate	0
2026-06-03T19:25:18.4456546+00:00	WorkerEvent	CompositeMart.composite-reconcile	TaskReady; ExitCode=0; 
2026-06-03T19:25:18.4487890+00:00	GrantTask	CompositeMart.composite-reconcile	CompositeMart.composite-reconcile; GrantId=grant-118; Attempt=1
2026-06-03T19:25:18.4493470+00:00	WorkerEvent	CompositeMart.composite-reconcile	GrantAccepted; ExitCode=0; 
2026-06-03T19:25:18.4511935+00:00	WorkerEvent	CompositeMart.composite-reconcile	TaskStarted; ExitCode=0; 
2026-06-03T19:25:18.5534675+00:00	WorkerEvent	CompositeMart.composite-reconcile	TaskSucceeded; ExitCode=0; 
2026-06-03T19:25:18.5551406+00:00	TaskSucceeded	CompositeMart.composite-reconcile	0
2026-06-03T19:25:18.5565031+00:00	WorkerEvent	CompositeMart.composite-certify	TaskReady; ExitCode=0; 
2026-06-03T19:25:18.5581164+00:00	GrantTask	CompositeMart.composite-certify	CompositeMart.composite-certify; GrantId=grant-119; Attempt=1
2026-06-03T19:25:18.5591252+00:00	WorkerEvent	CompositeMart.composite-certify	GrantAccepted; ExitCode=0; 
2026-06-03T19:25:18.5609952+00:00	WorkerEvent	CompositeMart.composite-certify	TaskStarted; ExitCode=0; 
2026-06-03T19:25:18.6064186+00:00	WorkerEvent	RegionalMart02.regional-02-publish	TaskSucceeded; ExitCode=0; 
2026-06-03T19:25:18.6076489+00:00	TaskSucceeded	RegionalMart02.regional-02-publish	0
2026-06-03T19:25:18.6085804+00:00	WorkerEvent	RegionalMart02.regional-02-audit	TaskReady; ExitCode=0; 
2026-06-03T19:25:18.6106237+00:00	GrantTask	RegionalMart02.regional-02-audit	RegionalMart02.regional-02-audit; GrantId=grant-120; Attempt=1
2026-06-03T19:25:18.6116018+00:00	WorkerEvent	RegionalMart02.regional-02-audit	GrantAccepted; ExitCode=0; 
2026-06-03T19:25:18.6133894+00:00	WorkerEvent	RegionalMart02.regional-02-audit	TaskStarted; ExitCode=0; 
2026-06-03T19:25:18.6431480+00:00	WorkerEvent	CompositeMart.composite-certify	TaskSucceeded; ExitCode=0; 
2026-06-03T19:25:18.6442854+00:00	TaskSucceeded	CompositeMart.composite-certify	0
2026-06-03T19:25:18.6454596+00:00	WorkerEvent	CompositeMart.composite-publish	TaskReady; ExitCode=0; 
2026-06-03T19:25:18.6486476+00:00	GrantTask	CompositeMart.composite-publish	CompositeMart.composite-publish; GrantId=grant-121; Attempt=1
2026-06-03T19:25:18.6509931+00:00	WorkerEvent	CompositeMart.composite-publish	GrantAccepted; ExitCode=0; 
2026-06-03T19:25:18.6526375+00:00	WorkerEvent	CompositeMart.composite-publish	TaskStarted; ExitCode=0; 
2026-06-03T19:25:18.7274222+00:00	WorkerEvent	RegionalMart01	PipelineStarted; ExitCode=0; pipeline started
2026-06-03T19:25:18.7332916+00:00	WorkerEvent	RegionalMart01.regional-01-stage	TaskReady; ExitCode=0; 
2026-06-03T19:25:18.7352047+00:00	GrantTask	RegionalMart01.regional-01-stage	RegionalMart01.regional-01-stage; GrantId=grant-122; Attempt=1
2026-06-03T19:25:18.7365497+00:00	WorkerEvent	RegionalMart01.regional-01-stage	GrantAccepted; ExitCode=0; 
2026-06-03T19:25:18.7405809+00:00	WorkerEvent	RegionalMart01.regional-01-stage	TaskStarted; ExitCode=0; 
2026-06-03T19:25:18.7665737+00:00	WorkerEvent	RegionalMart02.regional-02-audit	TaskSucceeded; ExitCode=0; 
2026-06-03T19:25:18.7696922+00:00	TaskSucceeded	RegionalMart02.regional-02-audit	0
2026-06-03T19:25:18.7712359+00:00	WorkerEvent	RegionalMart02	Closed; ExitCode=-1; worker control channel closed
2026-06-03T19:25:18.7721067+00:00	PipelineCompleted	RegionalMart02	
2026-06-03T19:25:18.8063807+00:00	WorkerProcessExited	RegionalMart02	ExitCode=0; worker process exited
2026-06-03T19:25:18.8271436+00:00	WorkerEvent	CompositeMart.composite-publish	TaskSucceeded; ExitCode=0; 
2026-06-03T19:25:18.8280079+00:00	TaskSucceeded	CompositeMart.composite-publish	0
2026-06-03T19:25:18.8295142+00:00	GrantTask	PublishHairballFinal.publish-hairball-final	PublishHairballFinal.publish-hairball-final; GrantId=grant-123; Attempt=1
2026-06-03T19:25:18.8317065+00:00	WorkerEvent	PublishHairballFinal.publish-hairball-final	GrantAccepted; ExitCode=0; 
2026-06-03T19:25:18.8333060+00:00	WorkerEvent	PublishHairballFinal.publish-hairball-final	TaskStarted; ExitCode=0; 
2026-06-03T19:25:18.8341093+00:00	WorkerEvent	CompositeMart	Closed; ExitCode=-1; worker control channel closed
2026-06-03T19:25:18.8348212+00:00	PipelineCompleted	CompositeMart	
2026-06-03T19:25:18.8718833+00:00	WorkerProcessExited	CompositeMart	ExitCode=0; worker process exited
2026-06-03T19:25:18.9408911+00:00	WorkerEvent	RegionalMart03	PipelineStarted; ExitCode=0; pipeline started
2026-06-03T19:25:18.9433165+00:00	WorkerEvent	RegionalMart03.regional-03-stage	TaskReady; ExitCode=0; 
2026-06-03T19:25:18.9663950+00:00	WorkerEvent	RegionalMart04	PipelineStarted; ExitCode=0; pipeline started
2026-06-03T19:25:18.9688066+00:00	WorkerEvent	RegionalMart04.regional-04-stage	TaskReady; ExitCode=0; 
2026-06-03T19:25:18.9900001+00:00	WorkerEvent	Layer08Hub.hub-l08-stage	TaskSucceeded; ExitCode=0; 
2026-06-03T19:25:18.9907293+00:00	TaskSucceeded	Layer08Hub.hub-l08-stage	0
2026-06-03T19:25:18.9929818+00:00	WorkerEvent	Layer08Hub.hub-l08-curate	TaskReady; ExitCode=0; 
2026-06-03T19:25:18.9940904+00:00	GrantTask	Layer08Hub.hub-l08-curate	Layer08Hub.hub-l08-curate; GrantId=grant-124; Attempt=1
2026-06-03T19:25:18.9945633+00:00	WorkerEvent	Layer08Hub.hub-l08-curate	GrantAccepted; ExitCode=0; 
2026-06-03T19:25:18.9957141+00:00	WorkerEvent	Layer08Hub.hub-l08-curate	TaskStarted; ExitCode=0; 
2026-06-03T19:25:19.0756650+00:00	WorkerEvent	Layer08Hub.hub-l08-curate	TaskSucceeded; ExitCode=0; 
2026-06-03T19:25:19.0763536+00:00	TaskSucceeded	Layer08Hub.hub-l08-curate	0
2026-06-03T19:25:19.0772235+00:00	WorkerEvent	Layer08Hub.hub-l08-publish	TaskReady; ExitCode=0; 
2026-06-03T19:25:19.0784737+00:00	GrantTask	Layer08Hub.hub-l08-publish	Layer08Hub.hub-l08-publish; GrantId=grant-125; Attempt=1
2026-06-03T19:25:19.0789858+00:00	WorkerEvent	Layer08Hub.hub-l08-publish	GrantAccepted; ExitCode=0; 
2026-06-03T19:25:19.0804060+00:00	WorkerEvent	Layer08Hub.hub-l08-publish	TaskStarted; ExitCode=0; 
2026-06-03T19:25:19.1889676+00:00	WorkerEvent	RegionalMart01.regional-01-stage	TaskSucceeded; ExitCode=0; 
2026-06-03T19:25:19.1898339+00:00	TaskSucceeded	RegionalMart01.regional-01-stage	0
2026-06-03T19:25:19.1907674+00:00	WorkerEvent	RegionalMart01.regional-01-curate	TaskReady; ExitCode=0; 
2026-06-03T19:25:19.2153834+00:00	WorkerEvent	Layer08Hub.hub-l08-publish	TaskSucceeded; ExitCode=0; 
2026-06-03T19:25:19.2162334+00:00	TaskSucceeded	Layer08Hub.hub-l08-publish	0
2026-06-03T19:25:19.2172547+00:00	GrantTask	RegionalMart01.regional-01-curate	RegionalMart01.regional-01-curate; GrantId=grant-126; Attempt=1
2026-06-03T19:25:19.2176956+00:00	WorkerEvent	RegionalMart01.regional-01-curate	GrantAccepted; ExitCode=0; 
2026-06-03T19:25:19.2187411+00:00	WorkerEvent	Layer08Hub	Closed; ExitCode=-1; worker control channel closed
2026-06-03T19:25:19.2194143+00:00	PipelineCompleted	Layer08Hub	
2026-06-03T19:25:19.2198128+00:00	WorkerEvent	RegionalMart01.regional-01-curate	TaskStarted; ExitCode=0; 
2026-06-03T19:25:19.2484535+00:00	WorkerProcessExited	Layer08Hub	ExitCode=0; worker process exited
2026-06-03T19:25:19.2875250+00:00	WorkerEvent	PublishHairballFinal.publish-hairball-final	TaskSucceeded; ExitCode=0; 
2026-06-03T19:25:19.2883104+00:00	TaskSucceeded	PublishHairballFinal.publish-hairball-final	0
2026-06-03T19:25:19.2903740+00:00	WorkerEvent	PublishHairballFinal	Closed; ExitCode=-1; worker control channel closed
2026-06-03T19:25:19.2910545+00:00	PipelineCompleted	PublishHairballFinal	
2026-06-03T19:25:19.3064396+00:00	WorkerEvent	RegionalMart01.regional-01-curate	TaskSucceeded; ExitCode=0; 
2026-06-03T19:25:19.3072316+00:00	TaskSucceeded	RegionalMart01.regional-01-curate	0
2026-06-03T19:25:19.3076698+00:00	WorkerProcessExited	PublishHairballFinal	ExitCode=0; worker process exited
2026-06-03T19:25:19.3079979+00:00	WorkerEvent	RegionalMart01.regional-01-publish	TaskReady; ExitCode=0; 
2026-06-03T19:25:19.3093141+00:00	GrantTask	RegionalMart01.regional-01-publish	RegionalMart01.regional-01-publish; GrantId=grant-127; Attempt=1
2026-06-03T19:25:19.3098127+00:00	GrantTask	RegionalMart03.regional-03-stage	RegionalMart03.regional-03-stage; GrantId=grant-128; Attempt=1
2026-06-03T19:25:19.3102169+00:00	WorkerEvent	RegionalMart01.regional-01-publish	GrantAccepted; ExitCode=0; 
2026-06-03T19:25:19.3108387+00:00	WorkerEvent	RegionalMart03.regional-03-stage	GrantAccepted; ExitCode=0; 
2026-06-03T19:25:19.3115895+00:00	WorkerEvent	RegionalMart01.regional-01-publish	TaskStarted; ExitCode=0; 
2026-06-03T19:25:19.3123944+00:00	WorkerEvent	RegionalMart03.regional-03-stage	TaskStarted; ExitCode=0; 
2026-06-03T19:25:19.4249043+00:00	WorkerEvent	RegionalMart01.regional-01-publish	TaskSucceeded; ExitCode=0; 
2026-06-03T19:25:19.4256921+00:00	TaskSucceeded	RegionalMart01.regional-01-publish	0
2026-06-03T19:25:19.4265121+00:00	WorkerEvent	RegionalMart01.regional-01-audit	TaskReady; ExitCode=0; 
2026-06-03T19:25:19.4277621+00:00	GrantTask	RegionalMart01.regional-01-audit	RegionalMart01.regional-01-audit; GrantId=grant-129; Attempt=1
2026-06-03T19:25:19.4282104+00:00	WorkerEvent	RegionalMart01.regional-01-audit	GrantAccepted; ExitCode=0; 
2026-06-03T19:25:19.4291202+00:00	WorkerEvent	RegionalMart01.regional-01-audit	TaskStarted; ExitCode=0; 
2026-06-03T19:25:19.4957025+00:00	WorkerEvent	RegionalMart01.regional-01-audit	TaskSucceeded; ExitCode=0; 
2026-06-03T19:25:19.4968251+00:00	TaskSucceeded	RegionalMart01.regional-01-audit	0
2026-06-03T19:25:19.4983015+00:00	WorkerEvent	RegionalMart01	Closed; ExitCode=-1; worker control channel closed
2026-06-03T19:25:19.4991629+00:00	PipelineCompleted	RegionalMart01	
2026-06-03T19:25:19.5237233+00:00	WorkerProcessExited	RegionalMart01	ExitCode=0; worker process exited
2026-06-03T19:25:19.6388358+00:00	WorkerEvent	RegionalMart03.regional-03-stage	TaskSucceeded; ExitCode=0; 
2026-06-03T19:25:19.6394493+00:00	TaskSucceeded	RegionalMart03.regional-03-stage	0
2026-06-03T19:25:19.6401341+00:00	WorkerEvent	RegionalMart03.regional-03-curate	TaskReady; ExitCode=0; 
2026-06-03T19:25:19.6408810+00:00	GrantTask	RegionalMart03.regional-03-curate	RegionalMart03.regional-03-curate; GrantId=grant-130; Attempt=1
2026-06-03T19:25:19.6412098+00:00	WorkerEvent	RegionalMart03.regional-03-curate	GrantAccepted; ExitCode=0; 
2026-06-03T19:25:19.6419975+00:00	WorkerEvent	RegionalMart03.regional-03-curate	TaskStarted; ExitCode=0; 
2026-06-03T19:25:19.7070162+00:00	WorkerEvent	RegionalMart03.regional-03-curate	TaskSucceeded; ExitCode=0; 
2026-06-03T19:25:19.7075939+00:00	TaskSucceeded	RegionalMart03.regional-03-curate	0
2026-06-03T19:25:19.7081987+00:00	WorkerEvent	RegionalMart03.regional-03-publish	TaskReady; ExitCode=0; 
2026-06-03T19:25:19.7091128+00:00	GrantTask	RegionalMart03.regional-03-publish	RegionalMart03.regional-03-publish; GrantId=grant-131; Attempt=1
2026-06-03T19:25:19.7094490+00:00	WorkerEvent	RegionalMart03.regional-03-publish	GrantAccepted; ExitCode=0; 
2026-06-03T19:25:19.7103214+00:00	WorkerEvent	RegionalMart03.regional-03-publish	TaskStarted; ExitCode=0; 
2026-06-03T19:25:19.7990645+00:00	WorkerEvent	RegionalMart03.regional-03-publish	TaskSucceeded; ExitCode=0; 
2026-06-03T19:25:19.7996185+00:00	TaskSucceeded	RegionalMart03.regional-03-publish	0
2026-06-03T19:25:19.8003359+00:00	GrantTask	RegionalMart04.regional-04-stage	RegionalMart04.regional-04-stage; GrantId=grant-132; Attempt=1
2026-06-03T19:25:19.8006981+00:00	WorkerEvent	RegionalMart03.regional-03-audit	TaskReady; ExitCode=0; 
2026-06-03T19:25:19.8012511+00:00	WorkerEvent	RegionalMart04.regional-04-stage	GrantAccepted; ExitCode=0; 
2026-06-03T19:25:19.8020033+00:00	GrantTask	RegionalMart03.regional-03-audit	RegionalMart03.regional-03-audit; GrantId=grant-133; Attempt=1
2026-06-03T19:25:19.8022899+00:00	WorkerEvent	RegionalMart03.regional-03-audit	GrantAccepted; ExitCode=0; 
2026-06-03T19:25:19.8028724+00:00	WorkerEvent	RegionalMart04.regional-04-stage	TaskStarted; ExitCode=0; 
2026-06-03T19:25:19.8033668+00:00	WorkerEvent	RegionalMart03.regional-03-audit	TaskStarted; ExitCode=0; 
2026-06-03T19:25:19.8574340+00:00	WorkerEvent	RegionalMart03.regional-03-audit	TaskSucceeded; ExitCode=0; 
2026-06-03T19:25:19.8581760+00:00	TaskSucceeded	RegionalMart03.regional-03-audit	0
2026-06-03T19:25:19.8596021+00:00	WorkerEvent	RegionalMart03	Closed; ExitCode=-1; worker control channel closed
2026-06-03T19:25:19.8602822+00:00	PipelineCompleted	RegionalMart03	
2026-06-03T19:25:19.8812862+00:00	WorkerProcessExited	RegionalMart03	ExitCode=0; worker process exited
2026-06-03T19:25:20.0870326+00:00	WorkerEvent	RegionalMart04.regional-04-stage	TaskSucceeded; ExitCode=0; 
2026-06-03T19:25:20.0876069+00:00	TaskSucceeded	RegionalMart04.regional-04-stage	0
2026-06-03T19:25:20.0882580+00:00	WorkerEvent	RegionalMart04.regional-04-curate	TaskReady; ExitCode=0; 
2026-06-03T19:25:20.0890756+00:00	GrantTask	RegionalMart04.regional-04-curate	RegionalMart04.regional-04-curate; GrantId=grant-134; Attempt=1
2026-06-03T19:25:20.0894275+00:00	WorkerEvent	RegionalMart04.regional-04-curate	GrantAccepted; ExitCode=0; 
2026-06-03T19:25:20.0902571+00:00	WorkerEvent	RegionalMart04.regional-04-curate	TaskStarted; ExitCode=0; 
2026-06-03T19:25:20.1475239+00:00	WorkerEvent	RegionalMart04.regional-04-curate	TaskSucceeded; ExitCode=0; 
2026-06-03T19:25:20.1480838+00:00	TaskSucceeded	RegionalMart04.regional-04-curate	0
2026-06-03T19:25:20.1486314+00:00	WorkerEvent	RegionalMart04.regional-04-publish	TaskReady; ExitCode=0; 
2026-06-03T19:25:20.1494438+00:00	GrantTask	RegionalMart04.regional-04-publish	RegionalMart04.regional-04-publish; GrantId=grant-135; Attempt=1
2026-06-03T19:25:20.1497849+00:00	WorkerEvent	RegionalMart04.regional-04-publish	GrantAccepted; ExitCode=0; 
2026-06-03T19:25:20.1505292+00:00	WorkerEvent	RegionalMart04.regional-04-publish	TaskStarted; ExitCode=0; 
2026-06-03T19:25:20.2381976+00:00	WorkerEvent	RegionalMart04.regional-04-publish	TaskSucceeded; ExitCode=0; 
2026-06-03T19:25:20.2387360+00:00	TaskSucceeded	RegionalMart04.regional-04-publish	0
2026-06-03T19:25:20.2394707+00:00	GrantTask	AuditHairball.audit-hairball	AuditHairball.audit-hairball; GrantId=grant-136; Attempt=1
2026-06-03T19:25:20.2397815+00:00	WorkerEvent	RegionalMart04.regional-04-audit	TaskReady; ExitCode=0; 
2026-06-03T19:25:20.2403098+00:00	WorkerEvent	AuditHairball.audit-hairball	GrantAccepted; ExitCode=0; 
2026-06-03T19:25:20.2410346+00:00	GrantTask	RegionalMart04.regional-04-audit	RegionalMart04.regional-04-audit; GrantId=grant-137; Attempt=1
2026-06-03T19:25:20.2415413+00:00	WorkerEvent	AuditHairball.audit-hairball	TaskStarted; ExitCode=0; 
2026-06-03T19:25:20.2420024+00:00	WorkerEvent	RegionalMart04.regional-04-audit	GrantAccepted; ExitCode=0; 
2026-06-03T19:25:20.2427532+00:00	WorkerEvent	RegionalMart04.regional-04-audit	TaskStarted; ExitCode=0; 
2026-06-03T19:25:20.2957872+00:00	WorkerEvent	RegionalMart04.regional-04-audit	TaskSucceeded; ExitCode=0; 
2026-06-03T19:25:20.2967694+00:00	TaskSucceeded	RegionalMart04.regional-04-audit	0
2026-06-03T19:25:20.2983498+00:00	WorkerEvent	RegionalMart04	Closed; ExitCode=-1; worker control channel closed
2026-06-03T19:25:20.2989968+00:00	PipelineCompleted	RegionalMart04	
2026-06-03T19:25:20.3207421+00:00	WorkerProcessExited	RegionalMart04	ExitCode=0; worker process exited
2026-06-03T19:25:20.5057436+00:00	WorkerEvent	AuditHairball.audit-hairball	TaskSucceeded; ExitCode=0; 
2026-06-03T19:25:20.5063927+00:00	TaskSucceeded	AuditHairball.audit-hairball	0
2026-06-03T19:25:20.5078849+00:00	WorkerEvent	AuditHairball	Closed; ExitCode=-1; worker control channel closed
2026-06-03T19:25:20.5083931+00:00	PipelineCompleted	AuditHairball	
2026-06-03T19:25:20.5278298+00:00	WorkerProcessExited	AuditHairball	ExitCode=0; worker process exited
2026-06-03T19:25:20.5296836+00:00	WorkerLogSummary	ExtractSeed01	stdout=C:\Users\jimmy\Desktop\meta-bi\Samples\Demos\MetaOrchestrationHairballCliIntegration\Runs\hairball-seed-20260530\RunArtifacts\runs\20260603-192440_c12f9e0cb1fc43a9a0146173e2224328\logs\ExtractSeed01-31332.stdout.log; stdoutBytes=0; stdoutTruncated=False; stdoutDroppedBytes=0; stderr=C:\Users\jimmy\Desktop\meta-bi\Samples\Demos\MetaOrchestrationHairballCliIntegration\Runs\hairball-seed-20260530\RunArtifacts\runs\20260603-192440_c12f9e0cb1fc43a9a0146173e2224328\logs\ExtractSeed01-31332.stderr.log; stderrBytes=0; stderrTruncated=False; stderrDroppedBytes=0
2026-06-03T19:25:20.5310467+00:00	WorkerLogSummary	ExtractSeed02	stdout=C:\Users\jimmy\Desktop\meta-bi\Samples\Demos\MetaOrchestrationHairballCliIntegration\Runs\hairball-seed-20260530\RunArtifacts\runs\20260603-192440_c12f9e0cb1fc43a9a0146173e2224328\logs\ExtractSeed02-29600.stdout.log; stdoutBytes=0; stdoutTruncated=False; stdoutDroppedBytes=0; stderr=C:\Users\jimmy\Desktop\meta-bi\Samples\Demos\MetaOrchestrationHairballCliIntegration\Runs\hairball-seed-20260530\RunArtifacts\runs\20260603-192440_c12f9e0cb1fc43a9a0146173e2224328\logs\ExtractSeed02-29600.stderr.log; stderrBytes=0; stderrTruncated=False; stderrDroppedBytes=0
2026-06-03T19:25:20.5317479+00:00	WorkerLogSummary	ExtractSeed03	stdout=C:\Users\jimmy\Desktop\meta-bi\Samples\Demos\MetaOrchestrationHairballCliIntegration\Runs\hairball-seed-20260530\RunArtifacts\runs\20260603-192440_c12f9e0cb1fc43a9a0146173e2224328\logs\ExtractSeed03-29284.stdout.log; stdoutBytes=0; stdoutTruncated=False; stdoutDroppedBytes=0; stderr=C:\Users\jimmy\Desktop\meta-bi\Samples\Demos\MetaOrchestrationHairballCliIntegration\Runs\hairball-seed-20260530\RunArtifacts\runs\20260603-192440_c12f9e0cb1fc43a9a0146173e2224328\logs\ExtractSeed03-29284.stderr.log; stderrBytes=0; stderrTruncated=False; stderrDroppedBytes=0
2026-06-03T19:25:20.5322768+00:00	WorkerLogSummary	ExtractSeed04	stdout=C:\Users\jimmy\Desktop\meta-bi\Samples\Demos\MetaOrchestrationHairballCliIntegration\Runs\hairball-seed-20260530\RunArtifacts\runs\20260603-192440_c12f9e0cb1fc43a9a0146173e2224328\logs\ExtractSeed04-31540.stdout.log; stdoutBytes=0; stdoutTruncated=False; stdoutDroppedBytes=0; stderr=C:\Users\jimmy\Desktop\meta-bi\Samples\Demos\MetaOrchestrationHairballCliIntegration\Runs\hairball-seed-20260530\RunArtifacts\runs\20260603-192440_c12f9e0cb1fc43a9a0146173e2224328\logs\ExtractSeed04-31540.stderr.log; stderrBytes=0; stderrTruncated=False; stderrDroppedBytes=0
2026-06-03T19:25:20.5328713+00:00	WorkerLogSummary	ExtractSeed05	stdout=C:\Users\jimmy\Desktop\meta-bi\Samples\Demos\MetaOrchestrationHairballCliIntegration\Runs\hairball-seed-20260530\RunArtifacts\runs\20260603-192440_c12f9e0cb1fc43a9a0146173e2224328\logs\ExtractSeed05-21108.stdout.log; stdoutBytes=0; stdoutTruncated=False; stdoutDroppedBytes=0; stderr=C:\Users\jimmy\Desktop\meta-bi\Samples\Demos\MetaOrchestrationHairballCliIntegration\Runs\hairball-seed-20260530\RunArtifacts\runs\20260603-192440_c12f9e0cb1fc43a9a0146173e2224328\logs\ExtractSeed05-21108.stderr.log; stderrBytes=0; stderrTruncated=False; stderrDroppedBytes=0
2026-06-03T19:25:20.5333928+00:00	WorkerLogSummary	ExtractSeed06	stdout=C:\Users\jimmy\Desktop\meta-bi\Samples\Demos\MetaOrchestrationHairballCliIntegration\Runs\hairball-seed-20260530\RunArtifacts\runs\20260603-192440_c12f9e0cb1fc43a9a0146173e2224328\logs\ExtractSeed06-20380.stdout.log; stdoutBytes=0; stdoutTruncated=False; stdoutDroppedBytes=0; stderr=C:\Users\jimmy\Desktop\meta-bi\Samples\Demos\MetaOrchestrationHairballCliIntegration\Runs\hairball-seed-20260530\RunArtifacts\runs\20260603-192440_c12f9e0cb1fc43a9a0146173e2224328\logs\ExtractSeed06-20380.stderr.log; stderrBytes=0; stderrTruncated=False; stderrDroppedBytes=0
2026-06-03T19:25:20.5338791+00:00	WorkerLogSummary	ExtractSeed07	stdout=C:\Users\jimmy\Desktop\meta-bi\Samples\Demos\MetaOrchestrationHairballCliIntegration\Runs\hairball-seed-20260530\RunArtifacts\runs\20260603-192440_c12f9e0cb1fc43a9a0146173e2224328\logs\ExtractSeed07-27948.stdout.log; stdoutBytes=0; stdoutTruncated=False; stdoutDroppedBytes=0; stderr=C:\Users\jimmy\Desktop\meta-bi\Samples\Demos\MetaOrchestrationHairballCliIntegration\Runs\hairball-seed-20260530\RunArtifacts\runs\20260603-192440_c12f9e0cb1fc43a9a0146173e2224328\logs\ExtractSeed07-27948.stderr.log; stderrBytes=0; stderrTruncated=False; stderrDroppedBytes=0
2026-06-03T19:25:20.5343438+00:00	WorkerLogSummary	ExtractSeed08	stdout=C:\Users\jimmy\Desktop\meta-bi\Samples\Demos\MetaOrchestrationHairballCliIntegration\Runs\hairball-seed-20260530\RunArtifacts\runs\20260603-192440_c12f9e0cb1fc43a9a0146173e2224328\logs\ExtractSeed08-12628.stdout.log; stdoutBytes=0; stdoutTruncated=False; stdoutDroppedBytes=0; stderr=C:\Users\jimmy\Desktop\meta-bi\Samples\Demos\MetaOrchestrationHairballCliIntegration\Runs\hairball-seed-20260530\RunArtifacts\runs\20260603-192440_c12f9e0cb1fc43a9a0146173e2224328\logs\ExtractSeed08-12628.stderr.log; stderrBytes=0; stderrTruncated=False; stderrDroppedBytes=0
2026-06-03T19:25:20.5348741+00:00	WorkerLogSummary	AuditHairball	stdout=C:\Users\jimmy\Desktop\meta-bi\Samples\Demos\MetaOrchestrationHairballCliIntegration\Runs\hairball-seed-20260530\RunArtifacts\runs\20260603-192440_c12f9e0cb1fc43a9a0146173e2224328\logs\AuditHairball-27068.stdout.log; stdoutBytes=0; stdoutTruncated=False; stdoutDroppedBytes=0; stderr=C:\Users\jimmy\Desktop\meta-bi\Samples\Demos\MetaOrchestrationHairballCliIntegration\Runs\hairball-seed-20260530\RunArtifacts\runs\20260603-192440_c12f9e0cb1fc43a9a0146173e2224328\logs\AuditHairball-27068.stderr.log; stderrBytes=0; stderrTruncated=False; stderrDroppedBytes=0
2026-06-03T19:25:20.5356329+00:00	WorkerLogSummary	BridgeL01L02	stdout=C:\Users\jimmy\Desktop\meta-bi\Samples\Demos\MetaOrchestrationHairballCliIntegration\Runs\hairball-seed-20260530\RunArtifacts\runs\20260603-192440_c12f9e0cb1fc43a9a0146173e2224328\logs\BridgeL01L02-27060.stdout.log; stdoutBytes=0; stdoutTruncated=False; stdoutDroppedBytes=0; stderr=C:\Users\jimmy\Desktop\meta-bi\Samples\Demos\MetaOrchestrationHairballCliIntegration\Runs\hairball-seed-20260530\RunArtifacts\runs\20260603-192440_c12f9e0cb1fc43a9a0146173e2224328\logs\BridgeL01L02-27060.stderr.log; stderrBytes=0; stderrTruncated=False; stderrDroppedBytes=0
2026-06-03T19:25:20.5361925+00:00	WorkerLogSummary	BridgeL03L04	stdout=C:\Users\jimmy\Desktop\meta-bi\Samples\Demos\MetaOrchestrationHairballCliIntegration\Runs\hairball-seed-20260530\RunArtifacts\runs\20260603-192440_c12f9e0cb1fc43a9a0146173e2224328\logs\BridgeL03L04-31028.stdout.log; stdoutBytes=0; stdoutTruncated=False; stdoutDroppedBytes=0; stderr=C:\Users\jimmy\Desktop\meta-bi\Samples\Demos\MetaOrchestrationHairballCliIntegration\Runs\hairball-seed-20260530\RunArtifacts\runs\20260603-192440_c12f9e0cb1fc43a9a0146173e2224328\logs\BridgeL03L04-31028.stderr.log; stderrBytes=0; stderrTruncated=False; stderrDroppedBytes=0
2026-06-03T19:25:20.5367274+00:00	WorkerLogSummary	BridgeL05L06	stdout=C:\Users\jimmy\Desktop\meta-bi\Samples\Demos\MetaOrchestrationHairballCliIntegration\Runs\hairball-seed-20260530\RunArtifacts\runs\20260603-192440_c12f9e0cb1fc43a9a0146173e2224328\logs\BridgeL05L06-6656.stdout.log; stdoutBytes=0; stdoutTruncated=False; stdoutDroppedBytes=0; stderr=C:\Users\jimmy\Desktop\meta-bi\Samples\Demos\MetaOrchestrationHairballCliIntegration\Runs\hairball-seed-20260530\RunArtifacts\runs\20260603-192440_c12f9e0cb1fc43a9a0146173e2224328\logs\BridgeL05L06-6656.stderr.log; stderrBytes=0; stderrTruncated=False; stderrDroppedBytes=0
2026-06-03T19:25:20.5372900+00:00	WorkerLogSummary	BridgeL07L08	stdout=C:\Users\jimmy\Desktop\meta-bi\Samples\Demos\MetaOrchestrationHairballCliIntegration\Runs\hairball-seed-20260530\RunArtifacts\runs\20260603-192440_c12f9e0cb1fc43a9a0146173e2224328\logs\BridgeL07L08-9900.stdout.log; stdoutBytes=0; stdoutTruncated=False; stdoutDroppedBytes=0; stderr=C:\Users\jimmy\Desktop\meta-bi\Samples\Demos\MetaOrchestrationHairballCliIntegration\Runs\hairball-seed-20260530\RunArtifacts\runs\20260603-192440_c12f9e0cb1fc43a9a0146173e2224328\logs\BridgeL07L08-9900.stderr.log; stderrBytes=0; stderrTruncated=False; stderrDroppedBytes=0
2026-06-03T19:25:20.5377359+00:00	WorkerLogSummary	CompositeMart	stdout=C:\Users\jimmy\Desktop\meta-bi\Samples\Demos\MetaOrchestrationHairballCliIntegration\Runs\hairball-seed-20260530\RunArtifacts\runs\20260603-192440_c12f9e0cb1fc43a9a0146173e2224328\logs\CompositeMart-4080.stdout.log; stdoutBytes=0; stdoutTruncated=False; stdoutDroppedBytes=0; stderr=C:\Users\jimmy\Desktop\meta-bi\Samples\Demos\MetaOrchestrationHairballCliIntegration\Runs\hairball-seed-20260530\RunArtifacts\runs\20260603-192440_c12f9e0cb1fc43a9a0146173e2224328\logs\CompositeMart-4080.stderr.log; stderrBytes=0; stderrTruncated=False; stderrDroppedBytes=0
2026-06-03T19:25:20.5383422+00:00	WorkerLogSummary	Layer01Node06	stdout=C:\Users\jimmy\Desktop\meta-bi\Samples\Demos\MetaOrchestrationHairballCliIntegration\Runs\hairball-seed-20260530\RunArtifacts\runs\20260603-192440_c12f9e0cb1fc43a9a0146173e2224328\logs\Layer01Node06-20756.stdout.log; stdoutBytes=0; stdoutTruncated=False; stdoutDroppedBytes=0; stderr=C:\Users\jimmy\Desktop\meta-bi\Samples\Demos\MetaOrchestrationHairballCliIntegration\Runs\hairball-seed-20260530\RunArtifacts\runs\20260603-192440_c12f9e0cb1fc43a9a0146173e2224328\logs\Layer01Node06-20756.stderr.log; stderrBytes=0; stderrTruncated=False; stderrDroppedBytes=0
2026-06-03T19:25:20.5391174+00:00	WorkerLogSummary	Layer01Hub	stdout=C:\Users\jimmy\Desktop\meta-bi\Samples\Demos\MetaOrchestrationHairballCliIntegration\Runs\hairball-seed-20260530\RunArtifacts\runs\20260603-192440_c12f9e0cb1fc43a9a0146173e2224328\logs\Layer01Hub-29756.stdout.log; stdoutBytes=0; stdoutTruncated=False; stdoutDroppedBytes=0; stderr=C:\Users\jimmy\Desktop\meta-bi\Samples\Demos\MetaOrchestrationHairballCliIntegration\Runs\hairball-seed-20260530\RunArtifacts\runs\20260603-192440_c12f9e0cb1fc43a9a0146173e2224328\logs\Layer01Hub-29756.stderr.log; stderrBytes=0; stderrTruncated=False; stderrDroppedBytes=0
2026-06-03T19:25:20.5396016+00:00	WorkerLogSummary	Layer01Node01	stdout=C:\Users\jimmy\Desktop\meta-bi\Samples\Demos\MetaOrchestrationHairballCliIntegration\Runs\hairball-seed-20260530\RunArtifacts\runs\20260603-192440_c12f9e0cb1fc43a9a0146173e2224328\logs\Layer01Node01-5776.stdout.log; stdoutBytes=0; stdoutTruncated=False; stdoutDroppedBytes=0; stderr=C:\Users\jimmy\Desktop\meta-bi\Samples\Demos\MetaOrchestrationHairballCliIntegration\Runs\hairball-seed-20260530\RunArtifacts\runs\20260603-192440_c12f9e0cb1fc43a9a0146173e2224328\logs\Layer01Node01-5776.stderr.log; stderrBytes=0; stderrTruncated=False; stderrDroppedBytes=0
2026-06-03T19:25:20.5402675+00:00	WorkerLogSummary	Layer01Node07	stdout=C:\Users\jimmy\Desktop\meta-bi\Samples\Demos\MetaOrchestrationHairballCliIntegration\Runs\hairball-seed-20260530\RunArtifacts\runs\20260603-192440_c12f9e0cb1fc43a9a0146173e2224328\logs\Layer01Node07-16108.stdout.log; stdoutBytes=0; stdoutTruncated=False; stdoutDroppedBytes=0; stderr=C:\Users\jimmy\Desktop\meta-bi\Samples\Demos\MetaOrchestrationHairballCliIntegration\Runs\hairball-seed-20260530\RunArtifacts\runs\20260603-192440_c12f9e0cb1fc43a9a0146173e2224328\logs\Layer01Node07-16108.stderr.log; stderrBytes=0; stderrTruncated=False; stderrDroppedBytes=0
2026-06-03T19:25:20.5408125+00:00	WorkerLogSummary	Layer03Node09	stdout=C:\Users\jimmy\Desktop\meta-bi\Samples\Demos\MetaOrchestrationHairballCliIntegration\Runs\hairball-seed-20260530\RunArtifacts\runs\20260603-192440_c12f9e0cb1fc43a9a0146173e2224328\logs\Layer03Node09-22188.stdout.log; stdoutBytes=0; stdoutTruncated=False; stdoutDroppedBytes=0; stderr=C:\Users\jimmy\Desktop\meta-bi\Samples\Demos\MetaOrchestrationHairballCliIntegration\Runs\hairball-seed-20260530\RunArtifacts\runs\20260603-192440_c12f9e0cb1fc43a9a0146173e2224328\logs\Layer03Node09-22188.stderr.log; stderrBytes=0; stderrTruncated=False; stderrDroppedBytes=0
2026-06-03T19:25:20.5413573+00:00	WorkerLogSummary	Layer01Node02	stdout=C:\Users\jimmy\Desktop\meta-bi\Samples\Demos\MetaOrchestrationHairballCliIntegration\Runs\hairball-seed-20260530\RunArtifacts\runs\20260603-192440_c12f9e0cb1fc43a9a0146173e2224328\logs\Layer01Node02-9592.stdout.log; stdoutBytes=0; stdoutTruncated=False; stdoutDroppedBytes=0; stderr=C:\Users\jimmy\Desktop\meta-bi\Samples\Demos\MetaOrchestrationHairballCliIntegration\Runs\hairball-seed-20260530\RunArtifacts\runs\20260603-192440_c12f9e0cb1fc43a9a0146173e2224328\logs\Layer01Node02-9592.stderr.log; stderrBytes=0; stderrTruncated=False; stderrDroppedBytes=0
2026-06-03T19:25:20.5417869+00:00	WorkerLogSummary	Layer02Node03	stdout=C:\Users\jimmy\Desktop\meta-bi\Samples\Demos\MetaOrchestrationHairballCliIntegration\Runs\hairball-seed-20260530\RunArtifacts\runs\20260603-192440_c12f9e0cb1fc43a9a0146173e2224328\logs\Layer02Node03-9240.stdout.log; stdoutBytes=0; stdoutTruncated=False; stdoutDroppedBytes=0; stderr=C:\Users\jimmy\Desktop\meta-bi\Samples\Demos\MetaOrchestrationHairballCliIntegration\Runs\hairball-seed-20260530\RunArtifacts\runs\20260603-192440_c12f9e0cb1fc43a9a0146173e2224328\logs\Layer02Node03-9240.stderr.log; stderrBytes=0; stderrTruncated=False; stderrDroppedBytes=0
2026-06-03T19:25:20.5424570+00:00	WorkerLogSummary	AuditHairball	stdout=C:\Users\jimmy\Desktop\meta-bi\Samples\Demos\MetaOrchestrationHairballCliIntegration\Runs\hairball-seed-20260530\RunArtifacts\runs\20260603-192440_c12f9e0cb1fc43a9a0146173e2224328\logs\AuditHairball-22084.stdout.log; stdoutBytes=0; stdoutTruncated=False; stdoutDroppedBytes=0; stderr=C:\Users\jimmy\Desktop\meta-bi\Samples\Demos\MetaOrchestrationHairballCliIntegration\Runs\hairball-seed-20260530\RunArtifacts\runs\20260603-192440_c12f9e0cb1fc43a9a0146173e2224328\logs\AuditHairball-22084.stderr.log; stderrBytes=0; stderrTruncated=False; stderrDroppedBytes=0
2026-06-03T19:25:20.5428109+00:00	WorkerLogSummary	Layer01Node04	stdout=C:\Users\jimmy\Desktop\meta-bi\Samples\Demos\MetaOrchestrationHairballCliIntegration\Runs\hairball-seed-20260530\RunArtifacts\runs\20260603-192440_c12f9e0cb1fc43a9a0146173e2224328\logs\Layer01Node04-4932.stdout.log; stdoutBytes=0; stdoutTruncated=False; stdoutDroppedBytes=0; stderr=C:\Users\jimmy\Desktop\meta-bi\Samples\Demos\MetaOrchestrationHairballCliIntegration\Runs\hairball-seed-20260530\RunArtifacts\runs\20260603-192440_c12f9e0cb1fc43a9a0146173e2224328\logs\Layer01Node04-4932.stderr.log; stderrBytes=0; stderrTruncated=False; stderrDroppedBytes=0
2026-06-03T19:25:20.5432749+00:00	WorkerLogSummary	Layer01Node03	stdout=C:\Users\jimmy\Desktop\meta-bi\Samples\Demos\MetaOrchestrationHairballCliIntegration\Runs\hairball-seed-20260530\RunArtifacts\runs\20260603-192440_c12f9e0cb1fc43a9a0146173e2224328\logs\Layer01Node03-28600.stdout.log; stdoutBytes=0; stdoutTruncated=False; stdoutDroppedBytes=0; stderr=C:\Users\jimmy\Desktop\meta-bi\Samples\Demos\MetaOrchestrationHairballCliIntegration\Runs\hairball-seed-20260530\RunArtifacts\runs\20260603-192440_c12f9e0cb1fc43a9a0146173e2224328\logs\Layer01Node03-28600.stderr.log; stderrBytes=0; stderrTruncated=False; stderrDroppedBytes=0
2026-06-03T19:25:20.5435835+00:00	WorkerLogSummary	Layer01Node05	stdout=C:\Users\jimmy\Desktop\meta-bi\Samples\Demos\MetaOrchestrationHairballCliIntegration\Runs\hairball-seed-20260530\RunArtifacts\runs\20260603-192440_c12f9e0cb1fc43a9a0146173e2224328\logs\Layer01Node05-24236.stdout.log; stdoutBytes=0; stdoutTruncated=False; stdoutDroppedBytes=0; stderr=C:\Users\jimmy\Desktop\meta-bi\Samples\Demos\MetaOrchestrationHairballCliIntegration\Runs\hairball-seed-20260530\RunArtifacts\runs\20260603-192440_c12f9e0cb1fc43a9a0146173e2224328\logs\Layer01Node05-24236.stderr.log; stderrBytes=0; stderrTruncated=False; stderrDroppedBytes=0
2026-06-03T19:25:20.5439532+00:00	WorkerLogSummary	Layer01Node09	stdout=C:\Users\jimmy\Desktop\meta-bi\Samples\Demos\MetaOrchestrationHairballCliIntegration\Runs\hairball-seed-20260530\RunArtifacts\runs\20260603-192440_c12f9e0cb1fc43a9a0146173e2224328\logs\Layer01Node09-16164.stdout.log; stdoutBytes=0; stdoutTruncated=False; stdoutDroppedBytes=0; stderr=C:\Users\jimmy\Desktop\meta-bi\Samples\Demos\MetaOrchestrationHairballCliIntegration\Runs\hairball-seed-20260530\RunArtifacts\runs\20260603-192440_c12f9e0cb1fc43a9a0146173e2224328\logs\Layer01Node09-16164.stderr.log; stderrBytes=0; stderrTruncated=False; stderrDroppedBytes=0
2026-06-03T19:25:20.5445311+00:00	WorkerLogSummary	Layer01Node08	stdout=C:\Users\jimmy\Desktop\meta-bi\Samples\Demos\MetaOrchestrationHairballCliIntegration\Runs\hairball-seed-20260530\RunArtifacts\runs\20260603-192440_c12f9e0cb1fc43a9a0146173e2224328\logs\Layer01Node08-10288.stdout.log; stdoutBytes=0; stdoutTruncated=False; stdoutDroppedBytes=0; stderr=C:\Users\jimmy\Desktop\meta-bi\Samples\Demos\MetaOrchestrationHairballCliIntegration\Runs\hairball-seed-20260530\RunArtifacts\runs\20260603-192440_c12f9e0cb1fc43a9a0146173e2224328\logs\Layer01Node08-10288.stderr.log; stderrBytes=0; stderrTruncated=False; stderrDroppedBytes=0
2026-06-03T19:25:20.5449581+00:00	WorkerLogSummary	Layer02Hub	stdout=C:\Users\jimmy\Desktop\meta-bi\Samples\Demos\MetaOrchestrationHairballCliIntegration\Runs\hairball-seed-20260530\RunArtifacts\runs\20260603-192440_c12f9e0cb1fc43a9a0146173e2224328\logs\Layer02Hub-31248.stdout.log; stdoutBytes=0; stdoutTruncated=False; stdoutDroppedBytes=0; stderr=C:\Users\jimmy\Desktop\meta-bi\Samples\Demos\MetaOrchestrationHairballCliIntegration\Runs\hairball-seed-20260530\RunArtifacts\runs\20260603-192440_c12f9e0cb1fc43a9a0146173e2224328\logs\Layer02Hub-31248.stderr.log; stderrBytes=0; stderrTruncated=False; stderrDroppedBytes=0
2026-06-03T19:25:20.5455842+00:00	WorkerLogSummary	Layer02Node05	stdout=C:\Users\jimmy\Desktop\meta-bi\Samples\Demos\MetaOrchestrationHairballCliIntegration\Runs\hairball-seed-20260530\RunArtifacts\runs\20260603-192440_c12f9e0cb1fc43a9a0146173e2224328\logs\Layer02Node05-22800.stdout.log; stdoutBytes=0; stdoutTruncated=False; stdoutDroppedBytes=0; stderr=C:\Users\jimmy\Desktop\meta-bi\Samples\Demos\MetaOrchestrationHairballCliIntegration\Runs\hairball-seed-20260530\RunArtifacts\runs\20260603-192440_c12f9e0cb1fc43a9a0146173e2224328\logs\Layer02Node05-22800.stderr.log; stderrBytes=0; stderrTruncated=False; stderrDroppedBytes=0
2026-06-03T19:25:20.5462432+00:00	WorkerLogSummary	Layer02Node02	stdout=C:\Users\jimmy\Desktop\meta-bi\Samples\Demos\MetaOrchestrationHairballCliIntegration\Runs\hairball-seed-20260530\RunArtifacts\runs\20260603-192440_c12f9e0cb1fc43a9a0146173e2224328\logs\Layer02Node02-26768.stdout.log; stdoutBytes=0; stdoutTruncated=False; stdoutDroppedBytes=0; stderr=C:\Users\jimmy\Desktop\meta-bi\Samples\Demos\MetaOrchestrationHairballCliIntegration\Runs\hairball-seed-20260530\RunArtifacts\runs\20260603-192440_c12f9e0cb1fc43a9a0146173e2224328\logs\Layer02Node02-26768.stderr.log; stderrBytes=0; stderrTruncated=False; stderrDroppedBytes=0
2026-06-03T19:25:20.5471015+00:00	WorkerLogSummary	Layer02Node01	stdout=C:\Users\jimmy\Desktop\meta-bi\Samples\Demos\MetaOrchestrationHairballCliIntegration\Runs\hairball-seed-20260530\RunArtifacts\runs\20260603-192440_c12f9e0cb1fc43a9a0146173e2224328\logs\Layer02Node01-18280.stdout.log; stdoutBytes=0; stdoutTruncated=False; stdoutDroppedBytes=0; stderr=C:\Users\jimmy\Desktop\meta-bi\Samples\Demos\MetaOrchestrationHairballCliIntegration\Runs\hairball-seed-20260530\RunArtifacts\runs\20260603-192440_c12f9e0cb1fc43a9a0146173e2224328\logs\Layer02Node01-18280.stderr.log; stderrBytes=0; stderrTruncated=False; stderrDroppedBytes=0
2026-06-03T19:25:20.5476404+00:00	WorkerLogSummary	Layer02Node04	stdout=C:\Users\jimmy\Desktop\meta-bi\Samples\Demos\MetaOrchestrationHairballCliIntegration\Runs\hairball-seed-20260530\RunArtifacts\runs\20260603-192440_c12f9e0cb1fc43a9a0146173e2224328\logs\Layer02Node04-28488.stdout.log; stdoutBytes=0; stdoutTruncated=False; stdoutDroppedBytes=0; stderr=C:\Users\jimmy\Desktop\meta-bi\Samples\Demos\MetaOrchestrationHairballCliIntegration\Runs\hairball-seed-20260530\RunArtifacts\runs\20260603-192440_c12f9e0cb1fc43a9a0146173e2224328\logs\Layer02Node04-28488.stderr.log; stderrBytes=0; stderrTruncated=False; stderrDroppedBytes=0
2026-06-03T19:25:20.5481000+00:00	WorkerLogSummary	Layer03Node10	stdout=C:\Users\jimmy\Desktop\meta-bi\Samples\Demos\MetaOrchestrationHairballCliIntegration\Runs\hairball-seed-20260530\RunArtifacts\runs\20260603-192440_c12f9e0cb1fc43a9a0146173e2224328\logs\Layer03Node10-29448.stdout.log; stdoutBytes=0; stdoutTruncated=False; stdoutDroppedBytes=0; stderr=C:\Users\jimmy\Desktop\meta-bi\Samples\Demos\MetaOrchestrationHairballCliIntegration\Runs\hairball-seed-20260530\RunArtifacts\runs\20260603-192440_c12f9e0cb1fc43a9a0146173e2224328\logs\Layer03Node10-29448.stderr.log; stderrBytes=0; stderrTruncated=False; stderrDroppedBytes=0
2026-06-03T19:25:20.5486426+00:00	WorkerLogSummary	Layer02Node06	stdout=C:\Users\jimmy\Desktop\meta-bi\Samples\Demos\MetaOrchestrationHairballCliIntegration\Runs\hairball-seed-20260530\RunArtifacts\runs\20260603-192440_c12f9e0cb1fc43a9a0146173e2224328\logs\Layer02Node06-26608.stdout.log; stdoutBytes=0; stdoutTruncated=False; stdoutDroppedBytes=0; stderr=C:\Users\jimmy\Desktop\meta-bi\Samples\Demos\MetaOrchestrationHairballCliIntegration\Runs\hairball-seed-20260530\RunArtifacts\runs\20260603-192440_c12f9e0cb1fc43a9a0146173e2224328\logs\Layer02Node06-26608.stderr.log; stderrBytes=0; stderrTruncated=False; stderrDroppedBytes=0
2026-06-03T19:25:20.5491339+00:00	WorkerLogSummary	Layer03Node03	stdout=C:\Users\jimmy\Desktop\meta-bi\Samples\Demos\MetaOrchestrationHairballCliIntegration\Runs\hairball-seed-20260530\RunArtifacts\runs\20260603-192440_c12f9e0cb1fc43a9a0146173e2224328\logs\Layer03Node03-22068.stdout.log; stdoutBytes=0; stdoutTruncated=False; stdoutDroppedBytes=0; stderr=C:\Users\jimmy\Desktop\meta-bi\Samples\Demos\MetaOrchestrationHairballCliIntegration\Runs\hairball-seed-20260530\RunArtifacts\runs\20260603-192440_c12f9e0cb1fc43a9a0146173e2224328\logs\Layer03Node03-22068.stderr.log; stderrBytes=0; stderrTruncated=False; stderrDroppedBytes=0
2026-06-03T19:25:20.5496846+00:00	WorkerLogSummary	Layer02Node08	stdout=C:\Users\jimmy\Desktop\meta-bi\Samples\Demos\MetaOrchestrationHairballCliIntegration\Runs\hairball-seed-20260530\RunArtifacts\runs\20260603-192440_c12f9e0cb1fc43a9a0146173e2224328\logs\Layer02Node08-8456.stdout.log; stdoutBytes=0; stdoutTruncated=False; stdoutDroppedBytes=0; stderr=C:\Users\jimmy\Desktop\meta-bi\Samples\Demos\MetaOrchestrationHairballCliIntegration\Runs\hairball-seed-20260530\RunArtifacts\runs\20260603-192440_c12f9e0cb1fc43a9a0146173e2224328\logs\Layer02Node08-8456.stderr.log; stderrBytes=0; stderrTruncated=False; stderrDroppedBytes=0
2026-06-03T19:25:20.5503481+00:00	WorkerLogSummary	AuditHairball	stdout=C:\Users\jimmy\Desktop\meta-bi\Samples\Demos\MetaOrchestrationHairballCliIntegration\Runs\hairball-seed-20260530\RunArtifacts\runs\20260603-192440_c12f9e0cb1fc43a9a0146173e2224328\logs\AuditHairball-9228.stdout.log; stdoutBytes=0; stdoutTruncated=False; stdoutDroppedBytes=0; stderr=C:\Users\jimmy\Desktop\meta-bi\Samples\Demos\MetaOrchestrationHairballCliIntegration\Runs\hairball-seed-20260530\RunArtifacts\runs\20260603-192440_c12f9e0cb1fc43a9a0146173e2224328\logs\AuditHairball-9228.stderr.log; stderrBytes=0; stderrTruncated=False; stderrDroppedBytes=0
2026-06-03T19:25:20.5508895+00:00	WorkerLogSummary	BridgeL01L02	stdout=C:\Users\jimmy\Desktop\meta-bi\Samples\Demos\MetaOrchestrationHairballCliIntegration\Runs\hairball-seed-20260530\RunArtifacts\runs\20260603-192440_c12f9e0cb1fc43a9a0146173e2224328\logs\BridgeL01L02-26904.stdout.log; stdoutBytes=0; stdoutTruncated=False; stdoutDroppedBytes=0; stderr=C:\Users\jimmy\Desktop\meta-bi\Samples\Demos\MetaOrchestrationHairballCliIntegration\Runs\hairball-seed-20260530\RunArtifacts\runs\20260603-192440_c12f9e0cb1fc43a9a0146173e2224328\logs\BridgeL01L02-26904.stderr.log; stderrBytes=0; stderrTruncated=False; stderrDroppedBytes=0
2026-06-03T19:25:20.5513667+00:00	WorkerLogSummary	Layer02Node07	stdout=C:\Users\jimmy\Desktop\meta-bi\Samples\Demos\MetaOrchestrationHairballCliIntegration\Runs\hairball-seed-20260530\RunArtifacts\runs\20260603-192440_c12f9e0cb1fc43a9a0146173e2224328\logs\Layer02Node07-16268.stdout.log; stdoutBytes=0; stdoutTruncated=False; stdoutDroppedBytes=0; stderr=C:\Users\jimmy\Desktop\meta-bi\Samples\Demos\MetaOrchestrationHairballCliIntegration\Runs\hairball-seed-20260530\RunArtifacts\runs\20260603-192440_c12f9e0cb1fc43a9a0146173e2224328\logs\Layer02Node07-16268.stderr.log; stderrBytes=0; stderrTruncated=False; stderrDroppedBytes=0
2026-06-03T19:25:20.5518528+00:00	WorkerLogSummary	Layer03Node02	stdout=C:\Users\jimmy\Desktop\meta-bi\Samples\Demos\MetaOrchestrationHairballCliIntegration\Runs\hairball-seed-20260530\RunArtifacts\runs\20260603-192440_c12f9e0cb1fc43a9a0146173e2224328\logs\Layer03Node02-18404.stdout.log; stdoutBytes=0; stdoutTruncated=False; stdoutDroppedBytes=0; stderr=C:\Users\jimmy\Desktop\meta-bi\Samples\Demos\MetaOrchestrationHairballCliIntegration\Runs\hairball-seed-20260530\RunArtifacts\runs\20260603-192440_c12f9e0cb1fc43a9a0146173e2224328\logs\Layer03Node02-18404.stderr.log; stderrBytes=0; stderrTruncated=False; stderrDroppedBytes=0
2026-06-03T19:25:20.5523806+00:00	WorkerLogSummary	Layer06Node02	stdout=C:\Users\jimmy\Desktop\meta-bi\Samples\Demos\MetaOrchestrationHairballCliIntegration\Runs\hairball-seed-20260530\RunArtifacts\runs\20260603-192440_c12f9e0cb1fc43a9a0146173e2224328\logs\Layer06Node02-24080.stdout.log; stdoutBytes=0; stdoutTruncated=False; stdoutDroppedBytes=0; stderr=C:\Users\jimmy\Desktop\meta-bi\Samples\Demos\MetaOrchestrationHairballCliIntegration\Runs\hairball-seed-20260530\RunArtifacts\runs\20260603-192440_c12f9e0cb1fc43a9a0146173e2224328\logs\Layer06Node02-24080.stderr.log; stderrBytes=0; stderrTruncated=False; stderrDroppedBytes=0
2026-06-03T19:25:20.5528405+00:00	WorkerLogSummary	Layer06Node06	stdout=C:\Users\jimmy\Desktop\meta-bi\Samples\Demos\MetaOrchestrationHairballCliIntegration\Runs\hairball-seed-20260530\RunArtifacts\runs\20260603-192440_c12f9e0cb1fc43a9a0146173e2224328\logs\Layer06Node06-656.stdout.log; stdoutBytes=0; stdoutTruncated=False; stdoutDroppedBytes=0; stderr=C:\Users\jimmy\Desktop\meta-bi\Samples\Demos\MetaOrchestrationHairballCliIntegration\Runs\hairball-seed-20260530\RunArtifacts\runs\20260603-192440_c12f9e0cb1fc43a9a0146173e2224328\logs\Layer06Node06-656.stderr.log; stderrBytes=0; stderrTruncated=False; stderrDroppedBytes=0
2026-06-03T19:25:20.5534212+00:00	WorkerLogSummary	BridgeL03L04	stdout=C:\Users\jimmy\Desktop\meta-bi\Samples\Demos\MetaOrchestrationHairballCliIntegration\Runs\hairball-seed-20260530\RunArtifacts\runs\20260603-192440_c12f9e0cb1fc43a9a0146173e2224328\logs\BridgeL03L04-21004.stdout.log; stdoutBytes=0; stdoutTruncated=False; stdoutDroppedBytes=0; stderr=C:\Users\jimmy\Desktop\meta-bi\Samples\Demos\MetaOrchestrationHairballCliIntegration\Runs\hairball-seed-20260530\RunArtifacts\runs\20260603-192440_c12f9e0cb1fc43a9a0146173e2224328\logs\BridgeL03L04-21004.stderr.log; stderrBytes=0; stderrTruncated=False; stderrDroppedBytes=0
2026-06-03T19:25:20.5540167+00:00	WorkerLogSummary	BridgeL05L06	stdout=C:\Users\jimmy\Desktop\meta-bi\Samples\Demos\MetaOrchestrationHairballCliIntegration\Runs\hairball-seed-20260530\RunArtifacts\runs\20260603-192440_c12f9e0cb1fc43a9a0146173e2224328\logs\BridgeL05L06-1976.stdout.log; stdoutBytes=0; stdoutTruncated=False; stdoutDroppedBytes=0; stderr=C:\Users\jimmy\Desktop\meta-bi\Samples\Demos\MetaOrchestrationHairballCliIntegration\Runs\hairball-seed-20260530\RunArtifacts\runs\20260603-192440_c12f9e0cb1fc43a9a0146173e2224328\logs\BridgeL05L06-1976.stderr.log; stderrBytes=0; stderrTruncated=False; stderrDroppedBytes=0
2026-06-03T19:25:20.5546361+00:00	WorkerLogSummary	BridgeL07L08	stdout=C:\Users\jimmy\Desktop\meta-bi\Samples\Demos\MetaOrchestrationHairballCliIntegration\Runs\hairball-seed-20260530\RunArtifacts\runs\20260603-192440_c12f9e0cb1fc43a9a0146173e2224328\logs\BridgeL07L08-30112.stdout.log; stdoutBytes=0; stdoutTruncated=False; stdoutDroppedBytes=0; stderr=C:\Users\jimmy\Desktop\meta-bi\Samples\Demos\MetaOrchestrationHairballCliIntegration\Runs\hairball-seed-20260530\RunArtifacts\runs\20260603-192440_c12f9e0cb1fc43a9a0146173e2224328\logs\BridgeL07L08-30112.stderr.log; stderrBytes=0; stderrTruncated=False; stderrDroppedBytes=0
2026-06-03T19:25:20.5551893+00:00	WorkerLogSummary	Layer03Node06	stdout=C:\Users\jimmy\Desktop\meta-bi\Samples\Demos\MetaOrchestrationHairballCliIntegration\Runs\hairball-seed-20260530\RunArtifacts\runs\20260603-192440_c12f9e0cb1fc43a9a0146173e2224328\logs\Layer03Node06-20576.stdout.log; stdoutBytes=0; stdoutTruncated=False; stdoutDroppedBytes=0; stderr=C:\Users\jimmy\Desktop\meta-bi\Samples\Demos\MetaOrchestrationHairballCliIntegration\Runs\hairball-seed-20260530\RunArtifacts\runs\20260603-192440_c12f9e0cb1fc43a9a0146173e2224328\logs\Layer03Node06-20576.stderr.log; stderrBytes=0; stderrTruncated=False; stderrDroppedBytes=0
2026-06-03T19:25:20.5557484+00:00	WorkerLogSummary	Layer04Node03	stdout=C:\Users\jimmy\Desktop\meta-bi\Samples\Demos\MetaOrchestrationHairballCliIntegration\Runs\hairball-seed-20260530\RunArtifacts\runs\20260603-192440_c12f9e0cb1fc43a9a0146173e2224328\logs\Layer04Node03-18388.stdout.log; stdoutBytes=0; stdoutTruncated=False; stdoutDroppedBytes=0; stderr=C:\Users\jimmy\Desktop\meta-bi\Samples\Demos\MetaOrchestrationHairballCliIntegration\Runs\hairball-seed-20260530\RunArtifacts\runs\20260603-192440_c12f9e0cb1fc43a9a0146173e2224328\logs\Layer04Node03-18388.stderr.log; stderrBytes=0; stderrTruncated=False; stderrDroppedBytes=0
2026-06-03T19:25:20.5562817+00:00	WorkerLogSummary	Layer06Node09	stdout=C:\Users\jimmy\Desktop\meta-bi\Samples\Demos\MetaOrchestrationHairballCliIntegration\Runs\hairball-seed-20260530\RunArtifacts\runs\20260603-192440_c12f9e0cb1fc43a9a0146173e2224328\logs\Layer06Node09-28724.stdout.log; stdoutBytes=0; stdoutTruncated=False; stdoutDroppedBytes=0; stderr=C:\Users\jimmy\Desktop\meta-bi\Samples\Demos\MetaOrchestrationHairballCliIntegration\Runs\hairball-seed-20260530\RunArtifacts\runs\20260603-192440_c12f9e0cb1fc43a9a0146173e2224328\logs\Layer06Node09-28724.stderr.log; stderrBytes=0; stderrTruncated=False; stderrDroppedBytes=0
2026-06-03T19:25:20.5567950+00:00	WorkerLogSummary	AuditHairball	stdout=C:\Users\jimmy\Desktop\meta-bi\Samples\Demos\MetaOrchestrationHairballCliIntegration\Runs\hairball-seed-20260530\RunArtifacts\runs\20260603-192440_c12f9e0cb1fc43a9a0146173e2224328\logs\AuditHairball-23040.stdout.log; stdoutBytes=0; stdoutTruncated=False; stdoutDroppedBytes=0; stderr=C:\Users\jimmy\Desktop\meta-bi\Samples\Demos\MetaOrchestrationHairballCliIntegration\Runs\hairball-seed-20260530\RunArtifacts\runs\20260603-192440_c12f9e0cb1fc43a9a0146173e2224328\logs\AuditHairball-23040.stderr.log; stderrBytes=0; stderrTruncated=False; stderrDroppedBytes=0
2026-06-03T19:25:20.5573899+00:00	WorkerLogSummary	BridgeL01L02	stdout=C:\Users\jimmy\Desktop\meta-bi\Samples\Demos\MetaOrchestrationHairballCliIntegration\Runs\hairball-seed-20260530\RunArtifacts\runs\20260603-192440_c12f9e0cb1fc43a9a0146173e2224328\logs\BridgeL01L02-24396.stdout.log; stdoutBytes=0; stdoutTruncated=False; stdoutDroppedBytes=0; stderr=C:\Users\jimmy\Desktop\meta-bi\Samples\Demos\MetaOrchestrationHairballCliIntegration\Runs\hairball-seed-20260530\RunArtifacts\runs\20260603-192440_c12f9e0cb1fc43a9a0146173e2224328\logs\BridgeL01L02-24396.stderr.log; stderrBytes=0; stderrTruncated=False; stderrDroppedBytes=0
2026-06-03T19:25:20.5579319+00:00	WorkerLogSummary	CompositeMart	stdout=C:\Users\jimmy\Desktop\meta-bi\Samples\Demos\MetaOrchestrationHairballCliIntegration\Runs\hairball-seed-20260530\RunArtifacts\runs\20260603-192440_c12f9e0cb1fc43a9a0146173e2224328\logs\CompositeMart-12388.stdout.log; stdoutBytes=0; stdoutTruncated=False; stdoutDroppedBytes=0; stderr=C:\Users\jimmy\Desktop\meta-bi\Samples\Demos\MetaOrchestrationHairballCliIntegration\Runs\hairball-seed-20260530\RunArtifacts\runs\20260603-192440_c12f9e0cb1fc43a9a0146173e2224328\logs\CompositeMart-12388.stderr.log; stderrBytes=0; stderrTruncated=False; stderrDroppedBytes=0
2026-06-03T19:25:20.5585812+00:00	WorkerLogSummary	Layer03Hub	stdout=C:\Users\jimmy\Desktop\meta-bi\Samples\Demos\MetaOrchestrationHairballCliIntegration\Runs\hairball-seed-20260530\RunArtifacts\runs\20260603-192440_c12f9e0cb1fc43a9a0146173e2224328\logs\Layer03Hub-7852.stdout.log; stdoutBytes=0; stdoutTruncated=False; stdoutDroppedBytes=0; stderr=C:\Users\jimmy\Desktop\meta-bi\Samples\Demos\MetaOrchestrationHairballCliIntegration\Runs\hairball-seed-20260530\RunArtifacts\runs\20260603-192440_c12f9e0cb1fc43a9a0146173e2224328\logs\Layer03Hub-7852.stderr.log; stderrBytes=0; stderrTruncated=False; stderrDroppedBytes=0
2026-06-03T19:25:20.5591846+00:00	WorkerLogSummary	Layer03Node01	stdout=C:\Users\jimmy\Desktop\meta-bi\Samples\Demos\MetaOrchestrationHairballCliIntegration\Runs\hairball-seed-20260530\RunArtifacts\runs\20260603-192440_c12f9e0cb1fc43a9a0146173e2224328\logs\Layer03Node01-25984.stdout.log; stdoutBytes=0; stdoutTruncated=False; stdoutDroppedBytes=0; stderr=C:\Users\jimmy\Desktop\meta-bi\Samples\Demos\MetaOrchestrationHairballCliIntegration\Runs\hairball-seed-20260530\RunArtifacts\runs\20260603-192440_c12f9e0cb1fc43a9a0146173e2224328\logs\Layer03Node01-25984.stderr.log; stderrBytes=0; stderrTruncated=False; stderrDroppedBytes=0
2026-06-03T19:25:20.5597199+00:00	WorkerLogSummary	Layer03Node07	stdout=C:\Users\jimmy\Desktop\meta-bi\Samples\Demos\MetaOrchestrationHairballCliIntegration\Runs\hairball-seed-20260530\RunArtifacts\runs\20260603-192440_c12f9e0cb1fc43a9a0146173e2224328\logs\Layer03Node07-18552.stdout.log; stdoutBytes=0; stdoutTruncated=False; stdoutDroppedBytes=0; stderr=C:\Users\jimmy\Desktop\meta-bi\Samples\Demos\MetaOrchestrationHairballCliIntegration\Runs\hairball-seed-20260530\RunArtifacts\runs\20260603-192440_c12f9e0cb1fc43a9a0146173e2224328\logs\Layer03Node07-18552.stderr.log; stderrBytes=0; stderrTruncated=False; stderrDroppedBytes=0
2026-06-03T19:25:20.5602352+00:00	WorkerLogSummary	Layer03Node04	stdout=C:\Users\jimmy\Desktop\meta-bi\Samples\Demos\MetaOrchestrationHairballCliIntegration\Runs\hairball-seed-20260530\RunArtifacts\runs\20260603-192440_c12f9e0cb1fc43a9a0146173e2224328\logs\Layer03Node04-17496.stdout.log; stdoutBytes=0; stdoutTruncated=False; stdoutDroppedBytes=0; stderr=C:\Users\jimmy\Desktop\meta-bi\Samples\Demos\MetaOrchestrationHairballCliIntegration\Runs\hairball-seed-20260530\RunArtifacts\runs\20260603-192440_c12f9e0cb1fc43a9a0146173e2224328\logs\Layer03Node04-17496.stderr.log; stderrBytes=0; stderrTruncated=False; stderrDroppedBytes=0
2026-06-03T19:25:20.5608784+00:00	WorkerLogSummary	Layer04Node04	stdout=C:\Users\jimmy\Desktop\meta-bi\Samples\Demos\MetaOrchestrationHairballCliIntegration\Runs\hairball-seed-20260530\RunArtifacts\runs\20260603-192440_c12f9e0cb1fc43a9a0146173e2224328\logs\Layer04Node04-2072.stdout.log; stdoutBytes=0; stdoutTruncated=False; stdoutDroppedBytes=0; stderr=C:\Users\jimmy\Desktop\meta-bi\Samples\Demos\MetaOrchestrationHairballCliIntegration\Runs\hairball-seed-20260530\RunArtifacts\runs\20260603-192440_c12f9e0cb1fc43a9a0146173e2224328\logs\Layer04Node04-2072.stderr.log; stderrBytes=0; stderrTruncated=False; stderrDroppedBytes=0
2026-06-03T19:25:20.5615325+00:00	WorkerLogSummary	Layer03Node08	stdout=C:\Users\jimmy\Desktop\meta-bi\Samples\Demos\MetaOrchestrationHairballCliIntegration\Runs\hairball-seed-20260530\RunArtifacts\runs\20260603-192440_c12f9e0cb1fc43a9a0146173e2224328\logs\Layer03Node08-15152.stdout.log; stdoutBytes=0; stdoutTruncated=False; stdoutDroppedBytes=0; stderr=C:\Users\jimmy\Desktop\meta-bi\Samples\Demos\MetaOrchestrationHairballCliIntegration\Runs\hairball-seed-20260530\RunArtifacts\runs\20260603-192440_c12f9e0cb1fc43a9a0146173e2224328\logs\Layer03Node08-15152.stderr.log; stderrBytes=0; stderrTruncated=False; stderrDroppedBytes=0
2026-06-03T19:25:20.5622282+00:00	WorkerLogSummary	AuditHairball	stdout=C:\Users\jimmy\Desktop\meta-bi\Samples\Demos\MetaOrchestrationHairballCliIntegration\Runs\hairball-seed-20260530\RunArtifacts\runs\20260603-192440_c12f9e0cb1fc43a9a0146173e2224328\logs\AuditHairball-22984.stdout.log; stdoutBytes=0; stdoutTruncated=False; stdoutDroppedBytes=0; stderr=C:\Users\jimmy\Desktop\meta-bi\Samples\Demos\MetaOrchestrationHairballCliIntegration\Runs\hairball-seed-20260530\RunArtifacts\runs\20260603-192440_c12f9e0cb1fc43a9a0146173e2224328\logs\AuditHairball-22984.stderr.log; stderrBytes=0; stderrTruncated=False; stderrDroppedBytes=0
2026-06-03T19:25:20.5629032+00:00	WorkerLogSummary	BridgeL03L04	stdout=C:\Users\jimmy\Desktop\meta-bi\Samples\Demos\MetaOrchestrationHairballCliIntegration\Runs\hairball-seed-20260530\RunArtifacts\runs\20260603-192440_c12f9e0cb1fc43a9a0146173e2224328\logs\BridgeL03L04-5660.stdout.log; stdoutBytes=0; stdoutTruncated=False; stdoutDroppedBytes=0; stderr=C:\Users\jimmy\Desktop\meta-bi\Samples\Demos\MetaOrchestrationHairballCliIntegration\Runs\hairball-seed-20260530\RunArtifacts\runs\20260603-192440_c12f9e0cb1fc43a9a0146173e2224328\logs\BridgeL03L04-5660.stderr.log; stderrBytes=0; stderrTruncated=False; stderrDroppedBytes=0
2026-06-03T19:25:20.5636139+00:00	WorkerLogSummary	Layer08Node07	stdout=C:\Users\jimmy\Desktop\meta-bi\Samples\Demos\MetaOrchestrationHairballCliIntegration\Runs\hairball-seed-20260530\RunArtifacts\runs\20260603-192440_c12f9e0cb1fc43a9a0146173e2224328\logs\Layer08Node07-28136.stdout.log; stdoutBytes=0; stdoutTruncated=False; stdoutDroppedBytes=0; stderr=C:\Users\jimmy\Desktop\meta-bi\Samples\Demos\MetaOrchestrationHairballCliIntegration\Runs\hairball-seed-20260530\RunArtifacts\runs\20260603-192440_c12f9e0cb1fc43a9a0146173e2224328\logs\Layer08Node07-28136.stderr.log; stderrBytes=0; stderrTruncated=False; stderrDroppedBytes=0
2026-06-03T19:25:20.5642260+00:00	WorkerLogSummary	Layer03Node05	stdout=C:\Users\jimmy\Desktop\meta-bi\Samples\Demos\MetaOrchestrationHairballCliIntegration\Runs\hairball-seed-20260530\RunArtifacts\runs\20260603-192440_c12f9e0cb1fc43a9a0146173e2224328\logs\Layer03Node05-22780.stdout.log; stdoutBytes=0; stdoutTruncated=False; stdoutDroppedBytes=0; stderr=C:\Users\jimmy\Desktop\meta-bi\Samples\Demos\MetaOrchestrationHairballCliIntegration\Runs\hairball-seed-20260530\RunArtifacts\runs\20260603-192440_c12f9e0cb1fc43a9a0146173e2224328\logs\Layer03Node05-22780.stderr.log; stderrBytes=0; stderrTruncated=False; stderrDroppedBytes=0
2026-06-03T19:25:20.5647464+00:00	WorkerLogSummary	Layer04Node06	stdout=C:\Users\jimmy\Desktop\meta-bi\Samples\Demos\MetaOrchestrationHairballCliIntegration\Runs\hairball-seed-20260530\RunArtifacts\runs\20260603-192440_c12f9e0cb1fc43a9a0146173e2224328\logs\Layer04Node06-24024.stdout.log; stdoutBytes=0; stdoutTruncated=False; stdoutDroppedBytes=0; stderr=C:\Users\jimmy\Desktop\meta-bi\Samples\Demos\MetaOrchestrationHairballCliIntegration\Runs\hairball-seed-20260530\RunArtifacts\runs\20260603-192440_c12f9e0cb1fc43a9a0146173e2224328\logs\Layer04Node06-24024.stderr.log; stderrBytes=0; stderrTruncated=False; stderrDroppedBytes=0
2026-06-03T19:25:20.5652002+00:00	WorkerLogSummary	BridgeL05L06	stdout=C:\Users\jimmy\Desktop\meta-bi\Samples\Demos\MetaOrchestrationHairballCliIntegration\Runs\hairball-seed-20260530\RunArtifacts\runs\20260603-192440_c12f9e0cb1fc43a9a0146173e2224328\logs\BridgeL05L06-21092.stdout.log; stdoutBytes=0; stdoutTruncated=False; stdoutDroppedBytes=0; stderr=C:\Users\jimmy\Desktop\meta-bi\Samples\Demos\MetaOrchestrationHairballCliIntegration\Runs\hairball-seed-20260530\RunArtifacts\runs\20260603-192440_c12f9e0cb1fc43a9a0146173e2224328\logs\BridgeL05L06-21092.stderr.log; stderrBytes=0; stderrTruncated=False; stderrDroppedBytes=0
2026-06-03T19:25:20.5656345+00:00	WorkerLogSummary	Layer04Node09	stdout=C:\Users\jimmy\Desktop\meta-bi\Samples\Demos\MetaOrchestrationHairballCliIntegration\Runs\hairball-seed-20260530\RunArtifacts\runs\20260603-192440_c12f9e0cb1fc43a9a0146173e2224328\logs\Layer04Node09-24336.stdout.log; stdoutBytes=0; stdoutTruncated=False; stdoutDroppedBytes=0; stderr=C:\Users\jimmy\Desktop\meta-bi\Samples\Demos\MetaOrchestrationHairballCliIntegration\Runs\hairball-seed-20260530\RunArtifacts\runs\20260603-192440_c12f9e0cb1fc43a9a0146173e2224328\logs\Layer04Node09-24336.stderr.log; stderrBytes=0; stderrTruncated=False; stderrDroppedBytes=0
2026-06-03T19:25:20.5663005+00:00	WorkerLogSummary	Layer07Node02	stdout=C:\Users\jimmy\Desktop\meta-bi\Samples\Demos\MetaOrchestrationHairballCliIntegration\Runs\hairball-seed-20260530\RunArtifacts\runs\20260603-192440_c12f9e0cb1fc43a9a0146173e2224328\logs\Layer07Node02-27908.stdout.log; stdoutBytes=0; stdoutTruncated=False; stdoutDroppedBytes=0; stderr=C:\Users\jimmy\Desktop\meta-bi\Samples\Demos\MetaOrchestrationHairballCliIntegration\Runs\hairball-seed-20260530\RunArtifacts\runs\20260603-192440_c12f9e0cb1fc43a9a0146173e2224328\logs\Layer07Node02-27908.stderr.log; stderrBytes=0; stderrTruncated=False; stderrDroppedBytes=0
2026-06-03T19:25:20.5669147+00:00	WorkerLogSummary	BridgeL07L08	stdout=C:\Users\jimmy\Desktop\meta-bi\Samples\Demos\MetaOrchestrationHairballCliIntegration\Runs\hairball-seed-20260530\RunArtifacts\runs\20260603-192440_c12f9e0cb1fc43a9a0146173e2224328\logs\BridgeL07L08-30784.stdout.log; stdoutBytes=0; stdoutTruncated=False; stdoutDroppedBytes=0; stderr=C:\Users\jimmy\Desktop\meta-bi\Samples\Demos\MetaOrchestrationHairballCliIntegration\Runs\hairball-seed-20260530\RunArtifacts\runs\20260603-192440_c12f9e0cb1fc43a9a0146173e2224328\logs\BridgeL07L08-30784.stderr.log; stderrBytes=0; stderrTruncated=False; stderrDroppedBytes=0
2026-06-03T19:25:20.5674649+00:00	WorkerLogSummary	CompositeMart	stdout=C:\Users\jimmy\Desktop\meta-bi\Samples\Demos\MetaOrchestrationHairballCliIntegration\Runs\hairball-seed-20260530\RunArtifacts\runs\20260603-192440_c12f9e0cb1fc43a9a0146173e2224328\logs\CompositeMart-29320.stdout.log; stdoutBytes=0; stdoutTruncated=False; stdoutDroppedBytes=0; stderr=C:\Users\jimmy\Desktop\meta-bi\Samples\Demos\MetaOrchestrationHairballCliIntegration\Runs\hairball-seed-20260530\RunArtifacts\runs\20260603-192440_c12f9e0cb1fc43a9a0146173e2224328\logs\CompositeMart-29320.stderr.log; stderrBytes=0; stderrTruncated=False; stderrDroppedBytes=0
2026-06-03T19:25:20.5679008+00:00	WorkerLogSummary	Layer04Node07	stdout=C:\Users\jimmy\Desktop\meta-bi\Samples\Demos\MetaOrchestrationHairballCliIntegration\Runs\hairball-seed-20260530\RunArtifacts\runs\20260603-192440_c12f9e0cb1fc43a9a0146173e2224328\logs\Layer04Node07-26956.stdout.log; stdoutBytes=0; stdoutTruncated=False; stdoutDroppedBytes=0; stderr=C:\Users\jimmy\Desktop\meta-bi\Samples\Demos\MetaOrchestrationHairballCliIntegration\Runs\hairball-seed-20260530\RunArtifacts\runs\20260603-192440_c12f9e0cb1fc43a9a0146173e2224328\logs\Layer04Node07-26956.stderr.log; stderrBytes=0; stderrTruncated=False; stderrDroppedBytes=0
2026-06-03T19:25:20.5684175+00:00	WorkerLogSummary	Layer06Node03	stdout=C:\Users\jimmy\Desktop\meta-bi\Samples\Demos\MetaOrchestrationHairballCliIntegration\Runs\hairball-seed-20260530\RunArtifacts\runs\20260603-192440_c12f9e0cb1fc43a9a0146173e2224328\logs\Layer06Node03-18052.stdout.log; stdoutBytes=0; stdoutTruncated=False; stdoutDroppedBytes=0; stderr=C:\Users\jimmy\Desktop\meta-bi\Samples\Demos\MetaOrchestrationHairballCliIntegration\Runs\hairball-seed-20260530\RunArtifacts\runs\20260603-192440_c12f9e0cb1fc43a9a0146173e2224328\logs\Layer06Node03-18052.stderr.log; stderrBytes=0; stderrTruncated=False; stderrDroppedBytes=0
2026-06-03T19:25:20.5689124+00:00	WorkerLogSummary	AuditHairball	stdout=C:\Users\jimmy\Desktop\meta-bi\Samples\Demos\MetaOrchestrationHairballCliIntegration\Runs\hairball-seed-20260530\RunArtifacts\runs\20260603-192440_c12f9e0cb1fc43a9a0146173e2224328\logs\AuditHairball-23788.stdout.log; stdoutBytes=0; stdoutTruncated=False; stdoutDroppedBytes=0; stderr=C:\Users\jimmy\Desktop\meta-bi\Samples\Demos\MetaOrchestrationHairballCliIntegration\Runs\hairball-seed-20260530\RunArtifacts\runs\20260603-192440_c12f9e0cb1fc43a9a0146173e2224328\logs\AuditHairball-23788.stderr.log; stderrBytes=0; stderrTruncated=False; stderrDroppedBytes=0
2026-06-03T19:25:20.5693610+00:00	WorkerLogSummary	Layer04Hub	stdout=C:\Users\jimmy\Desktop\meta-bi\Samples\Demos\MetaOrchestrationHairballCliIntegration\Runs\hairball-seed-20260530\RunArtifacts\runs\20260603-192440_c12f9e0cb1fc43a9a0146173e2224328\logs\Layer04Hub-21964.stdout.log; stdoutBytes=0; stdoutTruncated=False; stdoutDroppedBytes=0; stderr=C:\Users\jimmy\Desktop\meta-bi\Samples\Demos\MetaOrchestrationHairballCliIntegration\Runs\hairball-seed-20260530\RunArtifacts\runs\20260603-192440_c12f9e0cb1fc43a9a0146173e2224328\logs\Layer04Hub-21964.stderr.log; stderrBytes=0; stderrTruncated=False; stderrDroppedBytes=0
2026-06-03T19:25:20.5698872+00:00	WorkerLogSummary	Layer04Node01	stdout=C:\Users\jimmy\Desktop\meta-bi\Samples\Demos\MetaOrchestrationHairballCliIntegration\Runs\hairball-seed-20260530\RunArtifacts\runs\20260603-192440_c12f9e0cb1fc43a9a0146173e2224328\logs\Layer04Node01-17228.stdout.log; stdoutBytes=0; stdoutTruncated=False; stdoutDroppedBytes=0; stderr=C:\Users\jimmy\Desktop\meta-bi\Samples\Demos\MetaOrchestrationHairballCliIntegration\Runs\hairball-seed-20260530\RunArtifacts\runs\20260603-192440_c12f9e0cb1fc43a9a0146173e2224328\logs\Layer04Node01-17228.stderr.log; stderrBytes=0; stderrTruncated=False; stderrDroppedBytes=0
2026-06-03T19:25:20.5704075+00:00	WorkerLogSummary	Layer04Node05	stdout=C:\Users\jimmy\Desktop\meta-bi\Samples\Demos\MetaOrchestrationHairballCliIntegration\Runs\hairball-seed-20260530\RunArtifacts\runs\20260603-192440_c12f9e0cb1fc43a9a0146173e2224328\logs\Layer04Node05-19848.stdout.log; stdoutBytes=0; stdoutTruncated=False; stdoutDroppedBytes=0; stderr=C:\Users\jimmy\Desktop\meta-bi\Samples\Demos\MetaOrchestrationHairballCliIntegration\Runs\hairball-seed-20260530\RunArtifacts\runs\20260603-192440_c12f9e0cb1fc43a9a0146173e2224328\logs\Layer04Node05-19848.stderr.log; stderrBytes=0; stderrTruncated=False; stderrDroppedBytes=0
2026-06-03T19:25:20.5708235+00:00	WorkerLogSummary	Layer04Node02	stdout=C:\Users\jimmy\Desktop\meta-bi\Samples\Demos\MetaOrchestrationHairballCliIntegration\Runs\hairball-seed-20260530\RunArtifacts\runs\20260603-192440_c12f9e0cb1fc43a9a0146173e2224328\logs\Layer04Node02-24356.stdout.log; stdoutBytes=0; stdoutTruncated=False; stdoutDroppedBytes=0; stderr=C:\Users\jimmy\Desktop\meta-bi\Samples\Demos\MetaOrchestrationHairballCliIntegration\Runs\hairball-seed-20260530\RunArtifacts\runs\20260603-192440_c12f9e0cb1fc43a9a0146173e2224328\logs\Layer04Node02-24356.stderr.log; stderrBytes=0; stderrTruncated=False; stderrDroppedBytes=0
2026-06-03T19:25:20.5711622+00:00	WorkerLogSummary	Layer04Node08	stdout=C:\Users\jimmy\Desktop\meta-bi\Samples\Demos\MetaOrchestrationHairballCliIntegration\Runs\hairball-seed-20260530\RunArtifacts\runs\20260603-192440_c12f9e0cb1fc43a9a0146173e2224328\logs\Layer04Node08-456.stdout.log; stdoutBytes=0; stdoutTruncated=False; stdoutDroppedBytes=0; stderr=C:\Users\jimmy\Desktop\meta-bi\Samples\Demos\MetaOrchestrationHairballCliIntegration\Runs\hairball-seed-20260530\RunArtifacts\runs\20260603-192440_c12f9e0cb1fc43a9a0146173e2224328\logs\Layer04Node08-456.stderr.log; stderrBytes=0; stderrTruncated=False; stderrDroppedBytes=0
2026-06-03T19:25:20.5716231+00:00	WorkerLogSummary	Layer05Node03	stdout=C:\Users\jimmy\Desktop\meta-bi\Samples\Demos\MetaOrchestrationHairballCliIntegration\Runs\hairball-seed-20260530\RunArtifacts\runs\20260603-192440_c12f9e0cb1fc43a9a0146173e2224328\logs\Layer05Node03-26212.stdout.log; stdoutBytes=0; stdoutTruncated=False; stdoutDroppedBytes=0; stderr=C:\Users\jimmy\Desktop\meta-bi\Samples\Demos\MetaOrchestrationHairballCliIntegration\Runs\hairball-seed-20260530\RunArtifacts\runs\20260603-192440_c12f9e0cb1fc43a9a0146173e2224328\logs\Layer05Node03-26212.stderr.log; stderrBytes=0; stderrTruncated=False; stderrDroppedBytes=0
2026-06-03T19:25:20.5719679+00:00	WorkerLogSummary	Layer05Node02	stdout=C:\Users\jimmy\Desktop\meta-bi\Samples\Demos\MetaOrchestrationHairballCliIntegration\Runs\hairball-seed-20260530\RunArtifacts\runs\20260603-192440_c12f9e0cb1fc43a9a0146173e2224328\logs\Layer05Node02-21652.stdout.log; stdoutBytes=0; stdoutTruncated=False; stdoutDroppedBytes=0; stderr=C:\Users\jimmy\Desktop\meta-bi\Samples\Demos\MetaOrchestrationHairballCliIntegration\Runs\hairball-seed-20260530\RunArtifacts\runs\20260603-192440_c12f9e0cb1fc43a9a0146173e2224328\logs\Layer05Node02-21652.stderr.log; stderrBytes=0; stderrTruncated=False; stderrDroppedBytes=0
2026-06-03T19:25:20.5725964+00:00	WorkerLogSummary	Layer07Node07	stdout=C:\Users\jimmy\Desktop\meta-bi\Samples\Demos\MetaOrchestrationHairballCliIntegration\Runs\hairball-seed-20260530\RunArtifacts\runs\20260603-192440_c12f9e0cb1fc43a9a0146173e2224328\logs\Layer07Node07-30576.stdout.log; stdoutBytes=0; stdoutTruncated=False; stdoutDroppedBytes=0; stderr=C:\Users\jimmy\Desktop\meta-bi\Samples\Demos\MetaOrchestrationHairballCliIntegration\Runs\hairball-seed-20260530\RunArtifacts\runs\20260603-192440_c12f9e0cb1fc43a9a0146173e2224328\logs\Layer07Node07-30576.stderr.log; stderrBytes=0; stderrTruncated=False; stderrDroppedBytes=0
2026-06-03T19:25:20.5730325+00:00	WorkerLogSummary	BridgeL03L04	stdout=C:\Users\jimmy\Desktop\meta-bi\Samples\Demos\MetaOrchestrationHairballCliIntegration\Runs\hairball-seed-20260530\RunArtifacts\runs\20260603-192440_c12f9e0cb1fc43a9a0146173e2224328\logs\BridgeL03L04-22032.stdout.log; stdoutBytes=0; stdoutTruncated=False; stdoutDroppedBytes=0; stderr=C:\Users\jimmy\Desktop\meta-bi\Samples\Demos\MetaOrchestrationHairballCliIntegration\Runs\hairball-seed-20260530\RunArtifacts\runs\20260603-192440_c12f9e0cb1fc43a9a0146173e2224328\logs\BridgeL03L04-22032.stderr.log; stderrBytes=0; stderrTruncated=False; stderrDroppedBytes=0
2026-06-03T19:25:20.5734463+00:00	WorkerLogSummary	BridgeL05L06	stdout=C:\Users\jimmy\Desktop\meta-bi\Samples\Demos\MetaOrchestrationHairballCliIntegration\Runs\hairball-seed-20260530\RunArtifacts\runs\20260603-192440_c12f9e0cb1fc43a9a0146173e2224328\logs\BridgeL05L06-29788.stdout.log; stdoutBytes=0; stdoutTruncated=False; stdoutDroppedBytes=0; stderr=C:\Users\jimmy\Desktop\meta-bi\Samples\Demos\MetaOrchestrationHairballCliIntegration\Runs\hairball-seed-20260530\RunArtifacts\runs\20260603-192440_c12f9e0cb1fc43a9a0146173e2224328\logs\BridgeL05L06-29788.stderr.log; stderrBytes=0; stderrTruncated=False; stderrDroppedBytes=0
2026-06-03T19:25:20.5738624+00:00	WorkerLogSummary	BridgeL07L08	stdout=C:\Users\jimmy\Desktop\meta-bi\Samples\Demos\MetaOrchestrationHairballCliIntegration\Runs\hairball-seed-20260530\RunArtifacts\runs\20260603-192440_c12f9e0cb1fc43a9a0146173e2224328\logs\BridgeL07L08-3336.stdout.log; stdoutBytes=0; stdoutTruncated=False; stdoutDroppedBytes=0; stderr=C:\Users\jimmy\Desktop\meta-bi\Samples\Demos\MetaOrchestrationHairballCliIntegration\Runs\hairball-seed-20260530\RunArtifacts\runs\20260603-192440_c12f9e0cb1fc43a9a0146173e2224328\logs\BridgeL07L08-3336.stderr.log; stderrBytes=0; stderrTruncated=False; stderrDroppedBytes=0
2026-06-03T19:25:20.5743409+00:00	WorkerLogSummary	Layer05Node07	stdout=C:\Users\jimmy\Desktop\meta-bi\Samples\Demos\MetaOrchestrationHairballCliIntegration\Runs\hairball-seed-20260530\RunArtifacts\runs\20260603-192440_c12f9e0cb1fc43a9a0146173e2224328\logs\Layer05Node07-27452.stdout.log; stdoutBytes=0; stdoutTruncated=False; stdoutDroppedBytes=0; stderr=C:\Users\jimmy\Desktop\meta-bi\Samples\Demos\MetaOrchestrationHairballCliIntegration\Runs\hairball-seed-20260530\RunArtifacts\runs\20260603-192440_c12f9e0cb1fc43a9a0146173e2224328\logs\Layer05Node07-27452.stderr.log; stderrBytes=0; stderrTruncated=False; stderrDroppedBytes=0
2026-06-03T19:25:20.5748496+00:00	WorkerLogSummary	Layer07Node04	stdout=C:\Users\jimmy\Desktop\meta-bi\Samples\Demos\MetaOrchestrationHairballCliIntegration\Runs\hairball-seed-20260530\RunArtifacts\runs\20260603-192440_c12f9e0cb1fc43a9a0146173e2224328\logs\Layer07Node04-23900.stdout.log; stdoutBytes=0; stdoutTruncated=False; stdoutDroppedBytes=0; stderr=C:\Users\jimmy\Desktop\meta-bi\Samples\Demos\MetaOrchestrationHairballCliIntegration\Runs\hairball-seed-20260530\RunArtifacts\runs\20260603-192440_c12f9e0cb1fc43a9a0146173e2224328\logs\Layer07Node04-23900.stderr.log; stderrBytes=0; stderrTruncated=False; stderrDroppedBytes=0
2026-06-03T19:25:20.5752759+00:00	WorkerLogSummary	Layer06Node04	stdout=C:\Users\jimmy\Desktop\meta-bi\Samples\Demos\MetaOrchestrationHairballCliIntegration\Runs\hairball-seed-20260530\RunArtifacts\runs\20260603-192440_c12f9e0cb1fc43a9a0146173e2224328\logs\Layer06Node04-18968.stdout.log; stdoutBytes=0; stdoutTruncated=False; stdoutDroppedBytes=0; stderr=C:\Users\jimmy\Desktop\meta-bi\Samples\Demos\MetaOrchestrationHairballCliIntegration\Runs\hairball-seed-20260530\RunArtifacts\runs\20260603-192440_c12f9e0cb1fc43a9a0146173e2224328\logs\Layer06Node04-18968.stderr.log; stderrBytes=0; stderrTruncated=False; stderrDroppedBytes=0
2026-06-03T19:25:20.5757176+00:00	WorkerLogSummary	Layer08Node05	stdout=C:\Users\jimmy\Desktop\meta-bi\Samples\Demos\MetaOrchestrationHairballCliIntegration\Runs\hairball-seed-20260530\RunArtifacts\runs\20260603-192440_c12f9e0cb1fc43a9a0146173e2224328\logs\Layer08Node05-29108.stdout.log; stdoutBytes=0; stdoutTruncated=False; stdoutDroppedBytes=0; stderr=C:\Users\jimmy\Desktop\meta-bi\Samples\Demos\MetaOrchestrationHairballCliIntegration\Runs\hairball-seed-20260530\RunArtifacts\runs\20260603-192440_c12f9e0cb1fc43a9a0146173e2224328\logs\Layer08Node05-29108.stderr.log; stderrBytes=0; stderrTruncated=False; stderrDroppedBytes=0
2026-06-03T19:25:20.5761499+00:00	WorkerLogSummary	AuditHairball	stdout=C:\Users\jimmy\Desktop\meta-bi\Samples\Demos\MetaOrchestrationHairballCliIntegration\Runs\hairball-seed-20260530\RunArtifacts\runs\20260603-192440_c12f9e0cb1fc43a9a0146173e2224328\logs\AuditHairball-28088.stdout.log; stdoutBytes=0; stdoutTruncated=False; stdoutDroppedBytes=0; stderr=C:\Users\jimmy\Desktop\meta-bi\Samples\Demos\MetaOrchestrationHairballCliIntegration\Runs\hairball-seed-20260530\RunArtifacts\runs\20260603-192440_c12f9e0cb1fc43a9a0146173e2224328\logs\AuditHairball-28088.stderr.log; stderrBytes=0; stderrTruncated=False; stderrDroppedBytes=0
2026-06-03T19:25:20.5766297+00:00	WorkerLogSummary	Layer05Hub	stdout=C:\Users\jimmy\Desktop\meta-bi\Samples\Demos\MetaOrchestrationHairballCliIntegration\Runs\hairball-seed-20260530\RunArtifacts\runs\20260603-192440_c12f9e0cb1fc43a9a0146173e2224328\logs\Layer05Hub-8704.stdout.log; stdoutBytes=0; stdoutTruncated=False; stdoutDroppedBytes=0; stderr=C:\Users\jimmy\Desktop\meta-bi\Samples\Demos\MetaOrchestrationHairballCliIntegration\Runs\hairball-seed-20260530\RunArtifacts\runs\20260603-192440_c12f9e0cb1fc43a9a0146173e2224328\logs\Layer05Hub-8704.stderr.log; stderrBytes=0; stderrTruncated=False; stderrDroppedBytes=0
2026-06-03T19:25:20.5771502+00:00	WorkerLogSummary	Layer05Node01	stdout=C:\Users\jimmy\Desktop\meta-bi\Samples\Demos\MetaOrchestrationHairballCliIntegration\Runs\hairball-seed-20260530\RunArtifacts\runs\20260603-192440_c12f9e0cb1fc43a9a0146173e2224328\logs\Layer05Node01-30552.stdout.log; stdoutBytes=0; stdoutTruncated=False; stdoutDroppedBytes=0; stderr=C:\Users\jimmy\Desktop\meta-bi\Samples\Demos\MetaOrchestrationHairballCliIntegration\Runs\hairball-seed-20260530\RunArtifacts\runs\20260603-192440_c12f9e0cb1fc43a9a0146173e2224328\logs\Layer05Node01-30552.stderr.log; stderrBytes=0; stderrTruncated=False; stderrDroppedBytes=0
2026-06-03T19:25:20.5778128+00:00	WorkerLogSummary	Layer07Node08	stdout=C:\Users\jimmy\Desktop\meta-bi\Samples\Demos\MetaOrchestrationHairballCliIntegration\Runs\hairball-seed-20260530\RunArtifacts\runs\20260603-192440_c12f9e0cb1fc43a9a0146173e2224328\logs\Layer07Node08-19824.stdout.log; stdoutBytes=0; stdoutTruncated=False; stdoutDroppedBytes=0; stderr=C:\Users\jimmy\Desktop\meta-bi\Samples\Demos\MetaOrchestrationHairballCliIntegration\Runs\hairball-seed-20260530\RunArtifacts\runs\20260603-192440_c12f9e0cb1fc43a9a0146173e2224328\logs\Layer07Node08-19824.stderr.log; stderrBytes=0; stderrTruncated=False; stderrDroppedBytes=0
2026-06-03T19:25:20.5782390+00:00	WorkerLogSummary	BridgeL05L06	stdout=C:\Users\jimmy\Desktop\meta-bi\Samples\Demos\MetaOrchestrationHairballCliIntegration\Runs\hairball-seed-20260530\RunArtifacts\runs\20260603-192440_c12f9e0cb1fc43a9a0146173e2224328\logs\BridgeL05L06-27008.stdout.log; stdoutBytes=0; stdoutTruncated=False; stdoutDroppedBytes=0; stderr=C:\Users\jimmy\Desktop\meta-bi\Samples\Demos\MetaOrchestrationHairballCliIntegration\Runs\hairball-seed-20260530\RunArtifacts\runs\20260603-192440_c12f9e0cb1fc43a9a0146173e2224328\logs\BridgeL05L06-27008.stderr.log; stderrBytes=0; stderrTruncated=False; stderrDroppedBytes=0
2026-06-03T19:25:20.5786557+00:00	WorkerLogSummary	BridgeL07L08	stdout=C:\Users\jimmy\Desktop\meta-bi\Samples\Demos\MetaOrchestrationHairballCliIntegration\Runs\hairball-seed-20260530\RunArtifacts\runs\20260603-192440_c12f9e0cb1fc43a9a0146173e2224328\logs\BridgeL07L08-31424.stdout.log; stdoutBytes=0; stdoutTruncated=False; stdoutDroppedBytes=0; stderr=C:\Users\jimmy\Desktop\meta-bi\Samples\Demos\MetaOrchestrationHairballCliIntegration\Runs\hairball-seed-20260530\RunArtifacts\runs\20260603-192440_c12f9e0cb1fc43a9a0146173e2224328\logs\BridgeL07L08-31424.stderr.log; stderrBytes=0; stderrTruncated=False; stderrDroppedBytes=0
2026-06-03T19:25:20.5791193+00:00	WorkerLogSummary	Layer06Node01	stdout=C:\Users\jimmy\Desktop\meta-bi\Samples\Demos\MetaOrchestrationHairballCliIntegration\Runs\hairball-seed-20260530\RunArtifacts\runs\20260603-192440_c12f9e0cb1fc43a9a0146173e2224328\logs\Layer06Node01-18612.stdout.log; stdoutBytes=0; stdoutTruncated=False; stdoutDroppedBytes=0; stderr=C:\Users\jimmy\Desktop\meta-bi\Samples\Demos\MetaOrchestrationHairballCliIntegration\Runs\hairball-seed-20260530\RunArtifacts\runs\20260603-192440_c12f9e0cb1fc43a9a0146173e2224328\logs\Layer06Node01-18612.stderr.log; stderrBytes=0; stderrTruncated=False; stderrDroppedBytes=0
2026-06-03T19:25:20.5795479+00:00	WorkerLogSummary	Layer05Node05	stdout=C:\Users\jimmy\Desktop\meta-bi\Samples\Demos\MetaOrchestrationHairballCliIntegration\Runs\hairball-seed-20260530\RunArtifacts\runs\20260603-192440_c12f9e0cb1fc43a9a0146173e2224328\logs\Layer05Node05-19336.stdout.log; stdoutBytes=0; stdoutTruncated=False; stdoutDroppedBytes=0; stderr=C:\Users\jimmy\Desktop\meta-bi\Samples\Demos\MetaOrchestrationHairballCliIntegration\Runs\hairball-seed-20260530\RunArtifacts\runs\20260603-192440_c12f9e0cb1fc43a9a0146173e2224328\logs\Layer05Node05-19336.stderr.log; stderrBytes=0; stderrTruncated=False; stderrDroppedBytes=0
2026-06-03T19:25:20.5800033+00:00	WorkerLogSummary	Layer06Node07	stdout=C:\Users\jimmy\Desktop\meta-bi\Samples\Demos\MetaOrchestrationHairballCliIntegration\Runs\hairball-seed-20260530\RunArtifacts\runs\20260603-192440_c12f9e0cb1fc43a9a0146173e2224328\logs\Layer06Node07-23884.stdout.log; stdoutBytes=0; stdoutTruncated=False; stdoutDroppedBytes=0; stderr=C:\Users\jimmy\Desktop\meta-bi\Samples\Demos\MetaOrchestrationHairballCliIntegration\Runs\hairball-seed-20260530\RunArtifacts\runs\20260603-192440_c12f9e0cb1fc43a9a0146173e2224328\logs\Layer06Node07-23884.stderr.log; stderrBytes=0; stderrTruncated=False; stderrDroppedBytes=0
2026-06-03T19:25:20.5803637+00:00	WorkerLogSummary	Layer05Node01	stdout=C:\Users\jimmy\Desktop\meta-bi\Samples\Demos\MetaOrchestrationHairballCliIntegration\Runs\hairball-seed-20260530\RunArtifacts\runs\20260603-192440_c12f9e0cb1fc43a9a0146173e2224328\logs\Layer05Node01-28112.stdout.log; stdoutBytes=0; stdoutTruncated=False; stdoutDroppedBytes=0; stderr=C:\Users\jimmy\Desktop\meta-bi\Samples\Demos\MetaOrchestrationHairballCliIntegration\Runs\hairball-seed-20260530\RunArtifacts\runs\20260603-192440_c12f9e0cb1fc43a9a0146173e2224328\logs\Layer05Node01-28112.stderr.log; stderrBytes=0; stderrTruncated=False; stderrDroppedBytes=0
2026-06-03T19:25:20.5807558+00:00	WorkerLogSummary	Layer05Node04	stdout=C:\Users\jimmy\Desktop\meta-bi\Samples\Demos\MetaOrchestrationHairballCliIntegration\Runs\hairball-seed-20260530\RunArtifacts\runs\20260603-192440_c12f9e0cb1fc43a9a0146173e2224328\logs\Layer05Node04-29440.stdout.log; stdoutBytes=0; stdoutTruncated=False; stdoutDroppedBytes=0; stderr=C:\Users\jimmy\Desktop\meta-bi\Samples\Demos\MetaOrchestrationHairballCliIntegration\Runs\hairball-seed-20260530\RunArtifacts\runs\20260603-192440_c12f9e0cb1fc43a9a0146173e2224328\logs\Layer05Node04-29440.stderr.log; stderrBytes=0; stderrTruncated=False; stderrDroppedBytes=0
2026-06-03T19:25:20.5812164+00:00	WorkerLogSummary	Layer06Node10	stdout=C:\Users\jimmy\Desktop\meta-bi\Samples\Demos\MetaOrchestrationHairballCliIntegration\Runs\hairball-seed-20260530\RunArtifacts\runs\20260603-192440_c12f9e0cb1fc43a9a0146173e2224328\logs\Layer06Node10-14428.stdout.log; stdoutBytes=0; stdoutTruncated=False; stdoutDroppedBytes=0; stderr=C:\Users\jimmy\Desktop\meta-bi\Samples\Demos\MetaOrchestrationHairballCliIntegration\Runs\hairball-seed-20260530\RunArtifacts\runs\20260603-192440_c12f9e0cb1fc43a9a0146173e2224328\logs\Layer06Node10-14428.stderr.log; stderrBytes=0; stderrTruncated=False; stderrDroppedBytes=0
2026-06-03T19:25:20.5815994+00:00	WorkerLogSummary	Layer06Node05	stdout=C:\Users\jimmy\Desktop\meta-bi\Samples\Demos\MetaOrchestrationHairballCliIntegration\Runs\hairball-seed-20260530\RunArtifacts\runs\20260603-192440_c12f9e0cb1fc43a9a0146173e2224328\logs\Layer06Node05-3580.stdout.log; stdoutBytes=0; stdoutTruncated=False; stdoutDroppedBytes=0; stderr=C:\Users\jimmy\Desktop\meta-bi\Samples\Demos\MetaOrchestrationHairballCliIntegration\Runs\hairball-seed-20260530\RunArtifacts\runs\20260603-192440_c12f9e0cb1fc43a9a0146173e2224328\logs\Layer06Node05-3580.stderr.log; stderrBytes=0; stderrTruncated=False; stderrDroppedBytes=0
2026-06-03T19:25:20.5819354+00:00	WorkerLogSummary	Layer08Node06	stdout=C:\Users\jimmy\Desktop\meta-bi\Samples\Demos\MetaOrchestrationHairballCliIntegration\Runs\hairball-seed-20260530\RunArtifacts\runs\20260603-192440_c12f9e0cb1fc43a9a0146173e2224328\logs\Layer08Node06-15708.stdout.log; stdoutBytes=0; stdoutTruncated=False; stdoutDroppedBytes=0; stderr=C:\Users\jimmy\Desktop\meta-bi\Samples\Demos\MetaOrchestrationHairballCliIntegration\Runs\hairball-seed-20260530\RunArtifacts\runs\20260603-192440_c12f9e0cb1fc43a9a0146173e2224328\logs\Layer08Node06-15708.stderr.log; stderrBytes=0; stderrTruncated=False; stderrDroppedBytes=0
2026-06-03T19:25:20.5823081+00:00	WorkerLogSummary	AuditHairball	stdout=C:\Users\jimmy\Desktop\meta-bi\Samples\Demos\MetaOrchestrationHairballCliIntegration\Runs\hairball-seed-20260530\RunArtifacts\runs\20260603-192440_c12f9e0cb1fc43a9a0146173e2224328\logs\AuditHairball-19580.stdout.log; stdoutBytes=0; stdoutTruncated=False; stdoutDroppedBytes=0; stderr=C:\Users\jimmy\Desktop\meta-bi\Samples\Demos\MetaOrchestrationHairballCliIntegration\Runs\hairball-seed-20260530\RunArtifacts\runs\20260603-192440_c12f9e0cb1fc43a9a0146173e2224328\logs\AuditHairball-19580.stderr.log; stderrBytes=0; stderrTruncated=False; stderrDroppedBytes=0
2026-06-03T19:25:20.5826489+00:00	WorkerLogSummary	Layer07Node05	stdout=C:\Users\jimmy\Desktop\meta-bi\Samples\Demos\MetaOrchestrationHairballCliIntegration\Runs\hairball-seed-20260530\RunArtifacts\runs\20260603-192440_c12f9e0cb1fc43a9a0146173e2224328\logs\Layer07Node05-5372.stdout.log; stdoutBytes=0; stdoutTruncated=False; stdoutDroppedBytes=0; stderr=C:\Users\jimmy\Desktop\meta-bi\Samples\Demos\MetaOrchestrationHairballCliIntegration\Runs\hairball-seed-20260530\RunArtifacts\runs\20260603-192440_c12f9e0cb1fc43a9a0146173e2224328\logs\Layer07Node05-5372.stderr.log; stderrBytes=0; stderrTruncated=False; stderrDroppedBytes=0
2026-06-03T19:25:20.5830131+00:00	WorkerLogSummary	Layer06Node08	stdout=C:\Users\jimmy\Desktop\meta-bi\Samples\Demos\MetaOrchestrationHairballCliIntegration\Runs\hairball-seed-20260530\RunArtifacts\runs\20260603-192440_c12f9e0cb1fc43a9a0146173e2224328\logs\Layer06Node08-29488.stdout.log; stdoutBytes=0; stdoutTruncated=False; stdoutDroppedBytes=0; stderr=C:\Users\jimmy\Desktop\meta-bi\Samples\Demos\MetaOrchestrationHairballCliIntegration\Runs\hairball-seed-20260530\RunArtifacts\runs\20260603-192440_c12f9e0cb1fc43a9a0146173e2224328\logs\Layer06Node08-29488.stderr.log; stderrBytes=0; stderrTruncated=False; stderrDroppedBytes=0
2026-06-03T19:25:20.5832779+00:00	WorkerLogSummary	BridgeL05L06	stdout=C:\Users\jimmy\Desktop\meta-bi\Samples\Demos\MetaOrchestrationHairballCliIntegration\Runs\hairball-seed-20260530\RunArtifacts\runs\20260603-192440_c12f9e0cb1fc43a9a0146173e2224328\logs\BridgeL05L06-8000.stdout.log; stdoutBytes=0; stdoutTruncated=False; stdoutDroppedBytes=0; stderr=C:\Users\jimmy\Desktop\meta-bi\Samples\Demos\MetaOrchestrationHairballCliIntegration\Runs\hairball-seed-20260530\RunArtifacts\runs\20260603-192440_c12f9e0cb1fc43a9a0146173e2224328\logs\BridgeL05L06-8000.stderr.log; stderrBytes=0; stderrTruncated=False; stderrDroppedBytes=0
2026-06-03T19:25:20.5837005+00:00	WorkerLogSummary	BridgeL07L08	stdout=C:\Users\jimmy\Desktop\meta-bi\Samples\Demos\MetaOrchestrationHairballCliIntegration\Runs\hairball-seed-20260530\RunArtifacts\runs\20260603-192440_c12f9e0cb1fc43a9a0146173e2224328\logs\BridgeL07L08-20072.stdout.log; stdoutBytes=0; stdoutTruncated=False; stdoutDroppedBytes=0; stderr=C:\Users\jimmy\Desktop\meta-bi\Samples\Demos\MetaOrchestrationHairballCliIntegration\Runs\hairball-seed-20260530\RunArtifacts\runs\20260603-192440_c12f9e0cb1fc43a9a0146173e2224328\logs\BridgeL07L08-20072.stderr.log; stderrBytes=0; stderrTruncated=False; stderrDroppedBytes=0
2026-06-03T19:25:20.5840818+00:00	WorkerLogSummary	Layer05Node06	stdout=C:\Users\jimmy\Desktop\meta-bi\Samples\Demos\MetaOrchestrationHairballCliIntegration\Runs\hairball-seed-20260530\RunArtifacts\runs\20260603-192440_c12f9e0cb1fc43a9a0146173e2224328\logs\Layer05Node06-19380.stdout.log; stdoutBytes=0; stdoutTruncated=False; stdoutDroppedBytes=0; stderr=C:\Users\jimmy\Desktop\meta-bi\Samples\Demos\MetaOrchestrationHairballCliIntegration\Runs\hairball-seed-20260530\RunArtifacts\runs\20260603-192440_c12f9e0cb1fc43a9a0146173e2224328\logs\Layer05Node06-19380.stderr.log; stderrBytes=0; stderrTruncated=False; stderrDroppedBytes=0
2026-06-03T19:25:20.5845352+00:00	WorkerLogSummary	Layer05Node08	stdout=C:\Users\jimmy\Desktop\meta-bi\Samples\Demos\MetaOrchestrationHairballCliIntegration\Runs\hairball-seed-20260530\RunArtifacts\runs\20260603-192440_c12f9e0cb1fc43a9a0146173e2224328\logs\Layer05Node08-18084.stdout.log; stdoutBytes=0; stdoutTruncated=False; stdoutDroppedBytes=0; stderr=C:\Users\jimmy\Desktop\meta-bi\Samples\Demos\MetaOrchestrationHairballCliIntegration\Runs\hairball-seed-20260530\RunArtifacts\runs\20260603-192440_c12f9e0cb1fc43a9a0146173e2224328\logs\Layer05Node08-18084.stderr.log; stderrBytes=0; stderrTruncated=False; stderrDroppedBytes=0
2026-06-03T19:25:20.5850167+00:00	WorkerLogSummary	CompositeMart	stdout=C:\Users\jimmy\Desktop\meta-bi\Samples\Demos\MetaOrchestrationHairballCliIntegration\Runs\hairball-seed-20260530\RunArtifacts\runs\20260603-192440_c12f9e0cb1fc43a9a0146173e2224328\logs\CompositeMart-29904.stdout.log; stdoutBytes=0; stdoutTruncated=False; stdoutDroppedBytes=0; stderr=C:\Users\jimmy\Desktop\meta-bi\Samples\Demos\MetaOrchestrationHairballCliIntegration\Runs\hairball-seed-20260530\RunArtifacts\runs\20260603-192440_c12f9e0cb1fc43a9a0146173e2224328\logs\CompositeMart-29904.stderr.log; stderrBytes=0; stderrTruncated=False; stderrDroppedBytes=0
2026-06-03T19:25:20.5854825+00:00	WorkerLogSummary	Layer05Hub	stdout=C:\Users\jimmy\Desktop\meta-bi\Samples\Demos\MetaOrchestrationHairballCliIntegration\Runs\hairball-seed-20260530\RunArtifacts\runs\20260603-192440_c12f9e0cb1fc43a9a0146173e2224328\logs\Layer05Hub-26112.stdout.log; stdoutBytes=0; stdoutTruncated=False; stdoutDroppedBytes=0; stderr=C:\Users\jimmy\Desktop\meta-bi\Samples\Demos\MetaOrchestrationHairballCliIntegration\Runs\hairball-seed-20260530\RunArtifacts\runs\20260603-192440_c12f9e0cb1fc43a9a0146173e2224328\logs\Layer05Hub-26112.stderr.log; stderrBytes=0; stderrTruncated=False; stderrDroppedBytes=0
2026-06-03T19:25:20.5861432+00:00	WorkerLogSummary	Layer06Hub	stdout=C:\Users\jimmy\Desktop\meta-bi\Samples\Demos\MetaOrchestrationHairballCliIntegration\Runs\hairball-seed-20260530\RunArtifacts\runs\20260603-192440_c12f9e0cb1fc43a9a0146173e2224328\logs\Layer06Hub-23980.stdout.log; stdoutBytes=0; stdoutTruncated=False; stdoutDroppedBytes=0; stderr=C:\Users\jimmy\Desktop\meta-bi\Samples\Demos\MetaOrchestrationHairballCliIntegration\Runs\hairball-seed-20260530\RunArtifacts\runs\20260603-192440_c12f9e0cb1fc43a9a0146173e2224328\logs\Layer06Hub-23980.stderr.log; stderrBytes=0; stderrTruncated=False; stderrDroppedBytes=0
2026-06-03T19:25:20.5866009+00:00	WorkerLogSummary	Layer07Hub	stdout=C:\Users\jimmy\Desktop\meta-bi\Samples\Demos\MetaOrchestrationHairballCliIntegration\Runs\hairball-seed-20260530\RunArtifacts\runs\20260603-192440_c12f9e0cb1fc43a9a0146173e2224328\logs\Layer07Hub-20444.stdout.log; stdoutBytes=0; stdoutTruncated=False; stdoutDroppedBytes=0; stderr=C:\Users\jimmy\Desktop\meta-bi\Samples\Demos\MetaOrchestrationHairballCliIntegration\Runs\hairball-seed-20260530\RunArtifacts\runs\20260603-192440_c12f9e0cb1fc43a9a0146173e2224328\logs\Layer07Hub-20444.stderr.log; stderrBytes=0; stderrTruncated=False; stderrDroppedBytes=0
2026-06-03T19:25:20.5869874+00:00	WorkerLogSummary	Layer07Node01	stdout=C:\Users\jimmy\Desktop\meta-bi\Samples\Demos\MetaOrchestrationHairballCliIntegration\Runs\hairball-seed-20260530\RunArtifacts\runs\20260603-192440_c12f9e0cb1fc43a9a0146173e2224328\logs\Layer07Node01-12908.stdout.log; stdoutBytes=0; stdoutTruncated=False; stdoutDroppedBytes=0; stderr=C:\Users\jimmy\Desktop\meta-bi\Samples\Demos\MetaOrchestrationHairballCliIntegration\Runs\hairball-seed-20260530\RunArtifacts\runs\20260603-192440_c12f9e0cb1fc43a9a0146173e2224328\logs\Layer07Node01-12908.stderr.log; stderrBytes=0; stderrTruncated=False; stderrDroppedBytes=0
2026-06-03T19:25:20.5874492+00:00	WorkerLogSummary	Layer07Node03	stdout=C:\Users\jimmy\Desktop\meta-bi\Samples\Demos\MetaOrchestrationHairballCliIntegration\Runs\hairball-seed-20260530\RunArtifacts\runs\20260603-192440_c12f9e0cb1fc43a9a0146173e2224328\logs\Layer07Node03-25432.stdout.log; stdoutBytes=0; stdoutTruncated=False; stdoutDroppedBytes=0; stderr=C:\Users\jimmy\Desktop\meta-bi\Samples\Demos\MetaOrchestrationHairballCliIntegration\Runs\hairball-seed-20260530\RunArtifacts\runs\20260603-192440_c12f9e0cb1fc43a9a0146173e2224328\logs\Layer07Node03-25432.stderr.log; stderrBytes=0; stderrTruncated=False; stderrDroppedBytes=0
2026-06-03T19:25:20.5877645+00:00	WorkerLogSummary	Layer07Node06	stdout=C:\Users\jimmy\Desktop\meta-bi\Samples\Demos\MetaOrchestrationHairballCliIntegration\Runs\hairball-seed-20260530\RunArtifacts\runs\20260603-192440_c12f9e0cb1fc43a9a0146173e2224328\logs\Layer07Node06-30596.stdout.log; stdoutBytes=0; stdoutTruncated=False; stdoutDroppedBytes=0; stderr=C:\Users\jimmy\Desktop\meta-bi\Samples\Demos\MetaOrchestrationHairballCliIntegration\Runs\hairball-seed-20260530\RunArtifacts\runs\20260603-192440_c12f9e0cb1fc43a9a0146173e2224328\logs\Layer07Node06-30596.stderr.log; stderrBytes=0; stderrTruncated=False; stderrDroppedBytes=0
2026-06-03T19:25:20.5881618+00:00	WorkerLogSummary	Layer08Hub	stdout=C:\Users\jimmy\Desktop\meta-bi\Samples\Demos\MetaOrchestrationHairballCliIntegration\Runs\hairball-seed-20260530\RunArtifacts\runs\20260603-192440_c12f9e0cb1fc43a9a0146173e2224328\logs\Layer08Hub-28044.stdout.log; stdoutBytes=0; stdoutTruncated=False; stdoutDroppedBytes=0; stderr=C:\Users\jimmy\Desktop\meta-bi\Samples\Demos\MetaOrchestrationHairballCliIntegration\Runs\hairball-seed-20260530\RunArtifacts\runs\20260603-192440_c12f9e0cb1fc43a9a0146173e2224328\logs\Layer08Hub-28044.stderr.log; stderrBytes=0; stderrTruncated=False; stderrDroppedBytes=0
2026-06-03T19:25:20.5885293+00:00	WorkerLogSummary	Layer08Node01	stdout=C:\Users\jimmy\Desktop\meta-bi\Samples\Demos\MetaOrchestrationHairballCliIntegration\Runs\hairball-seed-20260530\RunArtifacts\runs\20260603-192440_c12f9e0cb1fc43a9a0146173e2224328\logs\Layer08Node01-27320.stdout.log; stdoutBytes=0; stdoutTruncated=False; stdoutDroppedBytes=0; stderr=C:\Users\jimmy\Desktop\meta-bi\Samples\Demos\MetaOrchestrationHairballCliIntegration\Runs\hairball-seed-20260530\RunArtifacts\runs\20260603-192440_c12f9e0cb1fc43a9a0146173e2224328\logs\Layer08Node01-27320.stderr.log; stderrBytes=0; stderrTruncated=False; stderrDroppedBytes=0
2026-06-03T19:25:20.5888638+00:00	WorkerLogSummary	Layer08Node02	stdout=C:\Users\jimmy\Desktop\meta-bi\Samples\Demos\MetaOrchestrationHairballCliIntegration\Runs\hairball-seed-20260530\RunArtifacts\runs\20260603-192440_c12f9e0cb1fc43a9a0146173e2224328\logs\Layer08Node02-17840.stdout.log; stdoutBytes=0; stdoutTruncated=False; stdoutDroppedBytes=0; stderr=C:\Users\jimmy\Desktop\meta-bi\Samples\Demos\MetaOrchestrationHairballCliIntegration\Runs\hairball-seed-20260530\RunArtifacts\runs\20260603-192440_c12f9e0cb1fc43a9a0146173e2224328\logs\Layer08Node02-17840.stderr.log; stderrBytes=0; stderrTruncated=False; stderrDroppedBytes=0
2026-06-03T19:25:20.5894150+00:00	WorkerLogSummary	RegionalMart02	stdout=C:\Users\jimmy\Desktop\meta-bi\Samples\Demos\MetaOrchestrationHairballCliIntegration\Runs\hairball-seed-20260530\RunArtifacts\runs\20260603-192440_c12f9e0cb1fc43a9a0146173e2224328\logs\RegionalMart02-22380.stdout.log; stdoutBytes=0; stdoutTruncated=False; stdoutDroppedBytes=0; stderr=C:\Users\jimmy\Desktop\meta-bi\Samples\Demos\MetaOrchestrationHairballCliIntegration\Runs\hairball-seed-20260530\RunArtifacts\runs\20260603-192440_c12f9e0cb1fc43a9a0146173e2224328\logs\RegionalMart02-22380.stderr.log; stderrBytes=0; stderrTruncated=False; stderrDroppedBytes=0
2026-06-03T19:25:20.5898391+00:00	WorkerLogSummary	AuditHairball	stdout=C:\Users\jimmy\Desktop\meta-bi\Samples\Demos\MetaOrchestrationHairballCliIntegration\Runs\hairball-seed-20260530\RunArtifacts\runs\20260603-192440_c12f9e0cb1fc43a9a0146173e2224328\logs\AuditHairball-23484.stdout.log; stdoutBytes=0; stdoutTruncated=False; stdoutDroppedBytes=0; stderr=C:\Users\jimmy\Desktop\meta-bi\Samples\Demos\MetaOrchestrationHairballCliIntegration\Runs\hairball-seed-20260530\RunArtifacts\runs\20260603-192440_c12f9e0cb1fc43a9a0146173e2224328\logs\AuditHairball-23484.stderr.log; stderrBytes=0; stderrTruncated=False; stderrDroppedBytes=0
2026-06-03T19:25:20.5902833+00:00	WorkerLogSummary	Layer08Node03	stdout=C:\Users\jimmy\Desktop\meta-bi\Samples\Demos\MetaOrchestrationHairballCliIntegration\Runs\hairball-seed-20260530\RunArtifacts\runs\20260603-192440_c12f9e0cb1fc43a9a0146173e2224328\logs\Layer08Node03-19744.stdout.log; stdoutBytes=0; stdoutTruncated=False; stdoutDroppedBytes=0; stderr=C:\Users\jimmy\Desktop\meta-bi\Samples\Demos\MetaOrchestrationHairballCliIntegration\Runs\hairball-seed-20260530\RunArtifacts\runs\20260603-192440_c12f9e0cb1fc43a9a0146173e2224328\logs\Layer08Node03-19744.stderr.log; stderrBytes=0; stderrTruncated=False; stderrDroppedBytes=0
2026-06-03T19:25:20.5907082+00:00	WorkerLogSummary	Layer08Node04	stdout=C:\Users\jimmy\Desktop\meta-bi\Samples\Demos\MetaOrchestrationHairballCliIntegration\Runs\hairball-seed-20260530\RunArtifacts\runs\20260603-192440_c12f9e0cb1fc43a9a0146173e2224328\logs\Layer08Node04-13204.stdout.log; stdoutBytes=0; stdoutTruncated=False; stdoutDroppedBytes=0; stderr=C:\Users\jimmy\Desktop\meta-bi\Samples\Demos\MetaOrchestrationHairballCliIntegration\Runs\hairball-seed-20260530\RunArtifacts\runs\20260603-192440_c12f9e0cb1fc43a9a0146173e2224328\logs\Layer08Node04-13204.stderr.log; stderrBytes=0; stderrTruncated=False; stderrDroppedBytes=0
2026-06-03T19:25:20.5911881+00:00	WorkerLogSummary	Layer08Node08	stdout=C:\Users\jimmy\Desktop\meta-bi\Samples\Demos\MetaOrchestrationHairballCliIntegration\Runs\hairball-seed-20260530\RunArtifacts\runs\20260603-192440_c12f9e0cb1fc43a9a0146173e2224328\logs\Layer08Node08-7660.stdout.log; stdoutBytes=0; stdoutTruncated=False; stdoutDroppedBytes=0; stderr=C:\Users\jimmy\Desktop\meta-bi\Samples\Demos\MetaOrchestrationHairballCliIntegration\Runs\hairball-seed-20260530\RunArtifacts\runs\20260603-192440_c12f9e0cb1fc43a9a0146173e2224328\logs\Layer08Node08-7660.stderr.log; stderrBytes=0; stderrTruncated=False; stderrDroppedBytes=0
2026-06-03T19:25:20.5917667+00:00	WorkerLogSummary	PublishHairballFinal	stdout=C:\Users\jimmy\Desktop\meta-bi\Samples\Demos\MetaOrchestrationHairballCliIntegration\Runs\hairball-seed-20260530\RunArtifacts\runs\20260603-192440_c12f9e0cb1fc43a9a0146173e2224328\logs\PublishHairballFinal-24060.stdout.log; stdoutBytes=0; stdoutTruncated=False; stdoutDroppedBytes=0; stderr=C:\Users\jimmy\Desktop\meta-bi\Samples\Demos\MetaOrchestrationHairballCliIntegration\Runs\hairball-seed-20260530\RunArtifacts\runs\20260603-192440_c12f9e0cb1fc43a9a0146173e2224328\logs\PublishHairballFinal-24060.stderr.log; stderrBytes=0; stderrTruncated=False; stderrDroppedBytes=0
2026-06-03T19:25:20.5923573+00:00	WorkerLogSummary	RegionalMart01	stdout=C:\Users\jimmy\Desktop\meta-bi\Samples\Demos\MetaOrchestrationHairballCliIntegration\Runs\hairball-seed-20260530\RunArtifacts\runs\20260603-192440_c12f9e0cb1fc43a9a0146173e2224328\logs\RegionalMart01-19776.stdout.log; stdoutBytes=0; stdoutTruncated=False; stdoutDroppedBytes=0; stderr=C:\Users\jimmy\Desktop\meta-bi\Samples\Demos\MetaOrchestrationHairballCliIntegration\Runs\hairball-seed-20260530\RunArtifacts\runs\20260603-192440_c12f9e0cb1fc43a9a0146173e2224328\logs\RegionalMart01-19776.stderr.log; stderrBytes=0; stderrTruncated=False; stderrDroppedBytes=0
2026-06-03T19:25:20.5928294+00:00	WorkerLogSummary	RegionalMart03	stdout=C:\Users\jimmy\Desktop\meta-bi\Samples\Demos\MetaOrchestrationHairballCliIntegration\Runs\hairball-seed-20260530\RunArtifacts\runs\20260603-192440_c12f9e0cb1fc43a9a0146173e2224328\logs\RegionalMart03-3460.stdout.log; stdoutBytes=0; stdoutTruncated=False; stdoutDroppedBytes=0; stderr=C:\Users\jimmy\Desktop\meta-bi\Samples\Demos\MetaOrchestrationHairballCliIntegration\Runs\hairball-seed-20260530\RunArtifacts\runs\20260603-192440_c12f9e0cb1fc43a9a0146173e2224328\logs\RegionalMart03-3460.stderr.log; stderrBytes=0; stderrTruncated=False; stderrDroppedBytes=0
2026-06-03T19:25:20.5933018+00:00	WorkerLogSummary	RegionalMart04	stdout=C:\Users\jimmy\Desktop\meta-bi\Samples\Demos\MetaOrchestrationHairballCliIntegration\Runs\hairball-seed-20260530\RunArtifacts\runs\20260603-192440_c12f9e0cb1fc43a9a0146173e2224328\logs\RegionalMart04-25780.stdout.log; stdoutBytes=0; stdoutTruncated=False; stdoutDroppedBytes=0; stderr=C:\Users\jimmy\Desktop\meta-bi\Samples\Demos\MetaOrchestrationHairballCliIntegration\Runs\hairball-seed-20260530\RunArtifacts\runs\20260603-192440_c12f9e0cb1fc43a9a0146173e2224328\logs\RegionalMart04-25780.stderr.log; stderrBytes=0; stderrTruncated=False; stderrDroppedBytes=0
2026-06-03T19:25:20.5942603+00:00	RunCompleted	DefaultRunPlan	Succeeded
