OccurredAtUtc	EventKind	Subject	Detail
2026-06-03T16:51:14.9872051+00:00	RunStarted	orchestration	C:\Users\jimmy\Desktop\meta-bi\Samples\Demos\MetaOrchestrationHairballCliIntegration\Runs\hairball-seed-20260530\OrchestrationWS
2026-06-03T16:51:14.9968673+00:00	Process	meta-orchestration	4960
2026-06-03T16:51:14.9972376+00:00	PipelineExecutable	meta-pipeline	
2026-06-03T16:51:14.9975136+00:00	PipelineWorkspace	C:\Users\jimmy\Desktop\meta-bi\Samples\Demos\MetaOrchestrationHairballCliIntegration\Runs\hairball-seed-20260530\PipelineWS	
2026-06-03T16:51:14.9977239+00:00	TransformWorkspace	C:\Users\jimmy\Desktop\meta-bi\Samples\Demos\MetaOrchestrationHairballCliIntegration\Runs\hairball-seed-20260530\TransformWS	
2026-06-03T16:51:14.9979687+00:00	BindingWorkspace	C:\Users\jimmy\Desktop\meta-bi\Samples\Demos\MetaOrchestrationHairballCliIntegration\Runs\hairball-seed-20260530\BindingWS	
2026-06-03T16:51:15.0070920+00:00	LeaseAcquired	C:\Users\jimmy\Desktop\meta-bi\Samples\Demos\MetaOrchestrationHairballCliIntegration\Runs\hairball-seed-20260530\OrchestrationWS	C:\Users\jimmy\Desktop\meta-bi\Samples\Demos\MetaOrchestrationHairballCliIntegration\Runs\hairball-seed-20260530\RunArtifacts\leases\b30631311a63a1938a1d960e11d1b12772a5b649874a11ab9e9983ed17563480.tsv
2026-06-03T16:51:15.0084879+00:00	Phase	Loading	C:\Users\jimmy\Desktop\meta-bi\Samples\Demos\MetaOrchestrationHairballCliIntegration\Runs\hairball-seed-20260530\OrchestrationWS
2026-06-03T16:51:15.0849029+00:00	Phase	Building	C:\Users\jimmy\Desktop\meta-bi\Samples\Demos\MetaOrchestrationHairballCliIntegration\Runs\hairball-seed-20260530\OrchestrationWS
2026-06-03T16:51:15.0951408+00:00	Phase	Saving	C:\Users\jimmy\Desktop\meta-bi\Samples\Demos\MetaOrchestrationHairballCliIntegration\Runs\hairball-seed-20260530\OrchestrationWS
2026-06-03T16:51:15.1538565+00:00	RetryPolicyResolved	DefaultRetryPolicy	MaxAttempts=3; RetryableFailureClasses=6
2026-06-03T16:51:15.1567213+00:00	RunPlanReady	DefaultRunPlan	137
2026-06-03T16:51:15.2040829+00:00	WorkerStarting	ExtractSeed01	meta-pipeline
2026-06-03T16:51:15.2872738+00:00	WorkerStarted	ExtractSeed01	10320
2026-06-03T16:51:15.2877231+00:00	WorkerControlPipe	ExtractSeed01	meta-orchestration-cfd6682826f145c79d106cf6477edb67
2026-06-03T16:51:15.2880992+00:00	WorkerLog	ExtractSeed01	stdout=C:\Users\jimmy\Desktop\meta-bi\Samples\Demos\MetaOrchestrationHairballCliIntegration\Runs\hairball-seed-20260530\RunArtifacts\runs\20260603-165114_89d168495a1e4d0688f9f76490956098\logs\ExtractSeed01-10320.stdout.log; stderr=C:\Users\jimmy\Desktop\meta-bi\Samples\Demos\MetaOrchestrationHairballCliIntegration\Runs\hairball-seed-20260530\RunArtifacts\runs\20260603-165114_89d168495a1e4d0688f9f76490956098\logs\ExtractSeed01-10320.stderr.log
2026-06-03T16:51:15.2914062+00:00	WorkerStarting	ExtractSeed02	meta-pipeline
2026-06-03T16:51:15.3595619+00:00	WorkerStarted	ExtractSeed02	28960
2026-06-03T16:51:15.3598424+00:00	WorkerControlPipe	ExtractSeed02	meta-orchestration-657ce24505304bbaa48715268f8b26bc
2026-06-03T16:51:15.3602078+00:00	WorkerLog	ExtractSeed02	stdout=C:\Users\jimmy\Desktop\meta-bi\Samples\Demos\MetaOrchestrationHairballCliIntegration\Runs\hairball-seed-20260530\RunArtifacts\runs\20260603-165114_89d168495a1e4d0688f9f76490956098\logs\ExtractSeed02-28960.stdout.log; stderr=C:\Users\jimmy\Desktop\meta-bi\Samples\Demos\MetaOrchestrationHairballCliIntegration\Runs\hairball-seed-20260530\RunArtifacts\runs\20260603-165114_89d168495a1e4d0688f9f76490956098\logs\ExtractSeed02-28960.stderr.log
2026-06-03T16:51:15.3632698+00:00	WorkerEvent	ExtractSeed01	WorkerOnline; ExitCode=0; online
2026-06-03T16:51:15.3683562+00:00	WorkerStarting	ExtractSeed03	meta-pipeline
2026-06-03T16:51:15.4369794+00:00	WorkerStarted	ExtractSeed03	26184
2026-06-03T16:51:15.4372887+00:00	WorkerControlPipe	ExtractSeed03	meta-orchestration-96ba538438384d9b8543fa84aaec9aab
2026-06-03T16:51:15.4375711+00:00	WorkerLog	ExtractSeed03	stdout=C:\Users\jimmy\Desktop\meta-bi\Samples\Demos\MetaOrchestrationHairballCliIntegration\Runs\hairball-seed-20260530\RunArtifacts\runs\20260603-165114_89d168495a1e4d0688f9f76490956098\logs\ExtractSeed03-26184.stdout.log; stderr=C:\Users\jimmy\Desktop\meta-bi\Samples\Demos\MetaOrchestrationHairballCliIntegration\Runs\hairball-seed-20260530\RunArtifacts\runs\20260603-165114_89d168495a1e4d0688f9f76490956098\logs\ExtractSeed03-26184.stderr.log
2026-06-03T16:51:15.4378857+00:00	WorkerEvent	ExtractSeed01	WorkerReady; ExitCode=0; ready
2026-06-03T16:51:15.4430810+00:00	StartPipeline	ExtractSeed01	ExtractSeed01
2026-06-03T16:51:15.4437978+00:00	WorkerEvent	ExtractSeed02	WorkerOnline; ExitCode=0; online
2026-06-03T16:51:15.4447125+00:00	WorkerStarting	ExtractSeed04	meta-pipeline
2026-06-03T16:51:15.5147216+00:00	WorkerStarted	ExtractSeed04	20956
2026-06-03T16:51:15.5150192+00:00	WorkerControlPipe	ExtractSeed04	meta-orchestration-04ccd03ff2194a11b9ca7bb9461ce3e2
2026-06-03T16:51:15.5152710+00:00	WorkerLog	ExtractSeed04	stdout=C:\Users\jimmy\Desktop\meta-bi\Samples\Demos\MetaOrchestrationHairballCliIntegration\Runs\hairball-seed-20260530\RunArtifacts\runs\20260603-165114_89d168495a1e4d0688f9f76490956098\logs\ExtractSeed04-20956.stdout.log; stderr=C:\Users\jimmy\Desktop\meta-bi\Samples\Demos\MetaOrchestrationHairballCliIntegration\Runs\hairball-seed-20260530\RunArtifacts\runs\20260603-165114_89d168495a1e4d0688f9f76490956098\logs\ExtractSeed04-20956.stderr.log
2026-06-03T16:51:15.5156053+00:00	WorkerEvent	ExtractSeed02	WorkerReady; ExitCode=0; ready
2026-06-03T16:51:15.5163456+00:00	StartPipeline	ExtractSeed02	ExtractSeed02
2026-06-03T16:51:15.5167328+00:00	WorkerEvent	ExtractSeed03	WorkerOnline; ExitCode=0; online
2026-06-03T16:51:15.5173116+00:00	WorkerStarting	ExtractSeed05	meta-pipeline
2026-06-03T16:51:15.5905698+00:00	WorkerStarted	ExtractSeed05	27336
2026-06-03T16:51:15.5909052+00:00	WorkerControlPipe	ExtractSeed05	meta-orchestration-c0b22fc1c9964da5a39cbfdb381d461c
2026-06-03T16:51:15.5911469+00:00	WorkerLog	ExtractSeed05	stdout=C:\Users\jimmy\Desktop\meta-bi\Samples\Demos\MetaOrchestrationHairballCliIntegration\Runs\hairball-seed-20260530\RunArtifacts\runs\20260603-165114_89d168495a1e4d0688f9f76490956098\logs\ExtractSeed05-27336.stdout.log; stderr=C:\Users\jimmy\Desktop\meta-bi\Samples\Demos\MetaOrchestrationHairballCliIntegration\Runs\hairball-seed-20260530\RunArtifacts\runs\20260603-165114_89d168495a1e4d0688f9f76490956098\logs\ExtractSeed05-27336.stderr.log
2026-06-03T16:51:15.5914192+00:00	WorkerEvent	ExtractSeed03	WorkerReady; ExitCode=0; ready
2026-06-03T16:51:15.5918679+00:00	StartPipeline	ExtractSeed03	ExtractSeed03
2026-06-03T16:51:15.5923066+00:00	WorkerEvent	ExtractSeed04	WorkerOnline; ExitCode=0; online
2026-06-03T16:51:15.5931382+00:00	WorkerStarting	ExtractSeed06	meta-pipeline
2026-06-03T16:51:16.2345906+00:00	WorkerStarted	ExtractSeed06	28756
2026-06-03T16:51:16.2350221+00:00	WorkerControlPipe	ExtractSeed06	meta-orchestration-0cc1353a6f574b7ea192396d7358dcc0
2026-06-03T16:51:16.2353576+00:00	WorkerLog	ExtractSeed06	stdout=C:\Users\jimmy\Desktop\meta-bi\Samples\Demos\MetaOrchestrationHairballCliIntegration\Runs\hairball-seed-20260530\RunArtifacts\runs\20260603-165114_89d168495a1e4d0688f9f76490956098\logs\ExtractSeed06-28756.stdout.log; stderr=C:\Users\jimmy\Desktop\meta-bi\Samples\Demos\MetaOrchestrationHairballCliIntegration\Runs\hairball-seed-20260530\RunArtifacts\runs\20260603-165114_89d168495a1e4d0688f9f76490956098\logs\ExtractSeed06-28756.stderr.log
2026-06-03T16:51:16.2357345+00:00	WorkerEvent	ExtractSeed04	WorkerReady; ExitCode=0; ready
2026-06-03T16:51:16.2365847+00:00	StartPipeline	ExtractSeed04	ExtractSeed04
2026-06-03T16:51:16.2373475+00:00	WorkerEvent	ExtractSeed01	PipelineStarted; ExitCode=0; pipeline started
2026-06-03T16:51:16.2380824+00:00	WorkerEvent	ExtractSeed02	PipelineStarted; ExitCode=0; pipeline started
2026-06-03T16:51:16.2386963+00:00	WorkerEvent	ExtractSeed03	PipelineStarted; ExitCode=0; pipeline started
2026-06-03T16:51:16.2393859+00:00	WorkerEvent	ExtractSeed05	WorkerOnline; ExitCode=0; online
2026-06-03T16:51:16.2401485+00:00	WorkerEvent	ExtractSeed06	WorkerOnline; ExitCode=0; online
2026-06-03T16:51:16.2413197+00:00	WorkerStarting	ExtractSeed07	meta-pipeline
2026-06-03T16:51:17.2538469+00:00	WorkerStarted	ExtractSeed07	24936
2026-06-03T16:51:17.2543759+00:00	WorkerControlPipe	ExtractSeed07	meta-orchestration-5d604fce2cfc43048e8addcc9db7798c
2026-06-03T16:51:17.2546503+00:00	WorkerLog	ExtractSeed07	stdout=C:\Users\jimmy\Desktop\meta-bi\Samples\Demos\MetaOrchestrationHairballCliIntegration\Runs\hairball-seed-20260530\RunArtifacts\runs\20260603-165114_89d168495a1e4d0688f9f76490956098\logs\ExtractSeed07-24936.stdout.log; stderr=C:\Users\jimmy\Desktop\meta-bi\Samples\Demos\MetaOrchestrationHairballCliIntegration\Runs\hairball-seed-20260530\RunArtifacts\runs\20260603-165114_89d168495a1e4d0688f9f76490956098\logs\ExtractSeed07-24936.stderr.log
2026-06-03T16:51:17.2550213+00:00	WorkerEvent	ExtractSeed01.extract-seed-01	TaskReady; ExitCode=0; 
2026-06-03T16:51:17.2584067+00:00	WorkerEvent	ExtractSeed02.extract-seed-02	TaskReady; ExitCode=0; 
2026-06-03T16:51:17.2589584+00:00	WorkerEvent	ExtractSeed03.extract-seed-03	TaskReady; ExitCode=0; 
2026-06-03T16:51:17.2593208+00:00	WorkerEvent	ExtractSeed05	WorkerReady; ExitCode=0; ready
2026-06-03T16:51:17.2598083+00:00	StartPipeline	ExtractSeed05	ExtractSeed05
2026-06-03T16:51:17.2608025+00:00	WorkerEvent	ExtractSeed04	PipelineStarted; ExitCode=0; pipeline started
2026-06-03T16:51:17.2612609+00:00	WorkerEvent	ExtractSeed06	WorkerReady; ExitCode=0; ready
2026-06-03T16:51:17.2619680+00:00	StartPipeline	ExtractSeed06	ExtractSeed06
2026-06-03T16:51:17.2624913+00:00	WorkerEvent	ExtractSeed04.extract-seed-04	TaskReady; ExitCode=0; 
2026-06-03T16:51:17.2630230+00:00	WorkerEvent	ExtractSeed07	WorkerOnline; ExitCode=0; online
2026-06-03T16:51:17.2718898+00:00	GrantTask	ExtractSeed01.extract-seed-01	ExtractSeed01.extract-seed-01; GrantId=grant-1; Attempt=1
2026-06-03T16:51:17.2727338+00:00	GrantTask	ExtractSeed02.extract-seed-02	ExtractSeed02.extract-seed-02; GrantId=grant-2; Attempt=1
2026-06-03T16:51:17.2731130+00:00	GrantTask	ExtractSeed03.extract-seed-03	ExtractSeed03.extract-seed-03; GrantId=grant-3; Attempt=1
2026-06-03T16:51:17.2734755+00:00	GrantTask	ExtractSeed04.extract-seed-04	ExtractSeed04.extract-seed-04; GrantId=grant-4; Attempt=1
2026-06-03T16:51:17.2736972+00:00	WorkerStarting	ExtractSeed08	meta-pipeline
2026-06-03T16:51:18.2683720+00:00	WorkerStarted	ExtractSeed08	26708
2026-06-03T16:51:18.2716946+00:00	WorkerControlPipe	ExtractSeed08	meta-orchestration-2d3677437098406c84e85e18695e2670
2026-06-03T16:51:18.2720007+00:00	WorkerLog	ExtractSeed08	stdout=C:\Users\jimmy\Desktop\meta-bi\Samples\Demos\MetaOrchestrationHairballCliIntegration\Runs\hairball-seed-20260530\RunArtifacts\runs\20260603-165114_89d168495a1e4d0688f9f76490956098\logs\ExtractSeed08-26708.stdout.log; stderr=C:\Users\jimmy\Desktop\meta-bi\Samples\Demos\MetaOrchestrationHairballCliIntegration\Runs\hairball-seed-20260530\RunArtifacts\runs\20260603-165114_89d168495a1e4d0688f9f76490956098\logs\ExtractSeed08-26708.stderr.log
2026-06-03T16:51:18.2725177+00:00	WorkerEvent	ExtractSeed01.extract-seed-01	GrantAccepted; ExitCode=0; 
2026-06-03T16:51:18.2746856+00:00	WorkerEvent	ExtractSeed02.extract-seed-02	GrantAccepted; ExitCode=0; 
2026-06-03T16:51:18.2754360+00:00	WorkerEvent	ExtractSeed03.extract-seed-03	GrantAccepted; ExitCode=0; 
2026-06-03T16:51:18.2760449+00:00	WorkerEvent	ExtractSeed04.extract-seed-04	GrantAccepted; ExitCode=0; 
2026-06-03T16:51:18.2766006+00:00	WorkerEvent	ExtractSeed07	WorkerReady; ExitCode=0; ready
2026-06-03T16:51:18.2773152+00:00	StartPipeline	ExtractSeed07	ExtractSeed07
2026-06-03T16:51:18.2778049+00:00	WorkerEvent	ExtractSeed01.extract-seed-01	TaskStarted; ExitCode=0; 
2026-06-03T16:51:18.2790197+00:00	WorkerEvent	ExtractSeed02.extract-seed-02	TaskStarted; ExitCode=0; 
2026-06-03T16:51:18.2795656+00:00	WorkerEvent	ExtractSeed03.extract-seed-03	TaskStarted; ExitCode=0; 
2026-06-03T16:51:18.2800804+00:00	WorkerEvent	ExtractSeed04.extract-seed-04	TaskStarted; ExitCode=0; 
2026-06-03T16:51:18.2805356+00:00	WorkerEvent	ExtractSeed05	PipelineStarted; ExitCode=0; pipeline started
2026-06-03T16:51:18.2811090+00:00	WorkerEvent	ExtractSeed06	PipelineStarted; ExitCode=0; pipeline started
2026-06-03T16:51:18.2817116+00:00	WorkerEvent	ExtractSeed08	WorkerOnline; ExitCode=0; online
2026-06-03T16:51:18.2841965+00:00	WorkerStarting	AuditHairball	meta-pipeline
2026-06-03T16:51:18.6412570+00:00	WorkerStarted	AuditHairball	20120
2026-06-03T16:51:18.6416935+00:00	WorkerControlPipe	AuditHairball	meta-orchestration-cc5477a5ce384ed4b675880efe7c87cd
2026-06-03T16:51:18.6420071+00:00	WorkerLog	AuditHairball	stdout=C:\Users\jimmy\Desktop\meta-bi\Samples\Demos\MetaOrchestrationHairballCliIntegration\Runs\hairball-seed-20260530\RunArtifacts\runs\20260603-165114_89d168495a1e4d0688f9f76490956098\logs\AuditHairball-20120.stdout.log; stderr=C:\Users\jimmy\Desktop\meta-bi\Samples\Demos\MetaOrchestrationHairballCliIntegration\Runs\hairball-seed-20260530\RunArtifacts\runs\20260603-165114_89d168495a1e4d0688f9f76490956098\logs\AuditHairball-20120.stderr.log
2026-06-03T16:51:18.6424150+00:00	WorkerEvent	ExtractSeed01.extract-seed-01	TaskSucceeded; ExitCode=0; 
2026-06-03T16:51:18.6480439+00:00	TaskSucceeded	ExtractSeed01.extract-seed-01	0
2026-06-03T16:51:18.6490233+00:00	WorkerEvent	ExtractSeed02.extract-seed-02	TaskSucceeded; ExitCode=0; 
2026-06-03T16:51:18.6494657+00:00	TaskSucceeded	ExtractSeed02.extract-seed-02	0
2026-06-03T16:51:18.6497149+00:00	WorkerEvent	ExtractSeed03.extract-seed-03	TaskSucceeded; ExitCode=0; 
2026-06-03T16:51:18.6502810+00:00	TaskSucceeded	ExtractSeed03.extract-seed-03	0
2026-06-03T16:51:18.6506832+00:00	WorkerEvent	ExtractSeed04.extract-seed-04	TaskSucceeded; ExitCode=0; 
2026-06-03T16:51:18.6511586+00:00	TaskSucceeded	ExtractSeed04.extract-seed-04	0
2026-06-03T16:51:18.6515469+00:00	WorkerEvent	ExtractSeed05.extract-seed-05	TaskReady; ExitCode=0; 
2026-06-03T16:51:18.6519479+00:00	WorkerEvent	ExtractSeed06.extract-seed-06	TaskReady; ExitCode=0; 
2026-06-03T16:51:18.6523446+00:00	WorkerEvent	ExtractSeed08	WorkerReady; ExitCode=0; ready
2026-06-03T16:51:18.6528236+00:00	StartPipeline	ExtractSeed08	ExtractSeed08
2026-06-03T16:51:18.6532882+00:00	WorkerEvent	AuditHairball	WorkerOnline; ExitCode=0; online
2026-06-03T16:51:18.6553047+00:00	GrantTask	ExtractSeed05.extract-seed-05	ExtractSeed05.extract-seed-05; GrantId=grant-5; Attempt=1
2026-06-03T16:51:18.6558822+00:00	GrantTask	ExtractSeed06.extract-seed-06	ExtractSeed06.extract-seed-06; GrantId=grant-6; Attempt=1
2026-06-03T16:51:18.6563301+00:00	WorkerStarting	BridgeL01L02	meta-pipeline
2026-06-03T16:51:18.7329159+00:00	WorkerStarted	BridgeL01L02	10496
2026-06-03T16:51:18.7332328+00:00	WorkerControlPipe	BridgeL01L02	meta-orchestration-76b361ba14384fec836ecf13c18c833d
2026-06-03T16:51:18.7334995+00:00	WorkerLog	BridgeL01L02	stdout=C:\Users\jimmy\Desktop\meta-bi\Samples\Demos\MetaOrchestrationHairballCliIntegration\Runs\hairball-seed-20260530\RunArtifacts\runs\20260603-165114_89d168495a1e4d0688f9f76490956098\logs\BridgeL01L02-10496.stdout.log; stderr=C:\Users\jimmy\Desktop\meta-bi\Samples\Demos\MetaOrchestrationHairballCliIntegration\Runs\hairball-seed-20260530\RunArtifacts\runs\20260603-165114_89d168495a1e4d0688f9f76490956098\logs\BridgeL01L02-10496.stderr.log
2026-06-03T16:51:18.7338116+00:00	WorkerEvent	ExtractSeed05.extract-seed-05	GrantAccepted; ExitCode=0; 
2026-06-03T16:51:18.7343199+00:00	WorkerEvent	ExtractSeed06.extract-seed-06	GrantAccepted; ExitCode=0; 
2026-06-03T16:51:18.7348552+00:00	WorkerEvent	ExtractSeed05.extract-seed-05	TaskStarted; ExitCode=0; 
2026-06-03T16:51:18.7353233+00:00	WorkerEvent	ExtractSeed06.extract-seed-06	TaskStarted; ExitCode=0; 
2026-06-03T16:51:18.7357481+00:00	WorkerEvent	AuditHairball	WorkerReady; ExitCode=0; ready
2026-06-03T16:51:18.7362439+00:00	StartPipeline	AuditHairball	AuditHairball
2026-06-03T16:51:18.7380838+00:00	WorkerStarting	BridgeL03L04	meta-pipeline
2026-06-03T16:51:18.8267667+00:00	WorkerStarted	BridgeL03L04	22168
2026-06-03T16:51:18.8271940+00:00	WorkerControlPipe	BridgeL03L04	meta-orchestration-7450b1e8dff843798b90565de39ec4d7
2026-06-03T16:51:18.8275861+00:00	WorkerLog	BridgeL03L04	stdout=C:\Users\jimmy\Desktop\meta-bi\Samples\Demos\MetaOrchestrationHairballCliIntegration\Runs\hairball-seed-20260530\RunArtifacts\runs\20260603-165114_89d168495a1e4d0688f9f76490956098\logs\BridgeL03L04-22168.stdout.log; stderr=C:\Users\jimmy\Desktop\meta-bi\Samples\Demos\MetaOrchestrationHairballCliIntegration\Runs\hairball-seed-20260530\RunArtifacts\runs\20260603-165114_89d168495a1e4d0688f9f76490956098\logs\BridgeL03L04-22168.stderr.log
2026-06-03T16:51:18.8280060+00:00	WorkerEvent	BridgeL01L02	WorkerOnline; ExitCode=0; online
2026-06-03T16:51:18.8286039+00:00	WorkerEvent	ExtractSeed07	PipelineStarted; ExitCode=0; pipeline started
2026-06-03T16:51:18.8291599+00:00	WorkerEvent	BridgeL01L02	WorkerReady; ExitCode=0; ready
2026-06-03T16:51:18.8328532+00:00	StartPipeline	BridgeL01L02	BridgeL01L02
2026-06-03T16:51:18.8335985+00:00	WorkerEvent	ExtractSeed07.extract-seed-07	TaskReady; ExitCode=0; 
2026-06-03T16:51:18.8362743+00:00	GrantTask	ExtractSeed07.extract-seed-07	ExtractSeed07.extract-seed-07; GrantId=grant-7; Attempt=1
2026-06-03T16:51:18.8367892+00:00	WorkerStarting	BridgeL05L06	meta-pipeline
2026-06-03T16:51:19.1341281+00:00	WorkerStarted	BridgeL05L06	20324
2026-06-03T16:51:19.1345785+00:00	WorkerControlPipe	BridgeL05L06	meta-orchestration-c5535e59b6854636b20e5e8eb51d6c39
2026-06-03T16:51:19.1348874+00:00	WorkerLog	BridgeL05L06	stdout=C:\Users\jimmy\Desktop\meta-bi\Samples\Demos\MetaOrchestrationHairballCliIntegration\Runs\hairball-seed-20260530\RunArtifacts\runs\20260603-165114_89d168495a1e4d0688f9f76490956098\logs\BridgeL05L06-20324.stdout.log; stderr=C:\Users\jimmy\Desktop\meta-bi\Samples\Demos\MetaOrchestrationHairballCliIntegration\Runs\hairball-seed-20260530\RunArtifacts\runs\20260603-165114_89d168495a1e4d0688f9f76490956098\logs\BridgeL05L06-20324.stderr.log
2026-06-03T16:51:19.1353209+00:00	WorkerEvent	BridgeL03L04	WorkerOnline; ExitCode=0; online
2026-06-03T16:51:19.1359159+00:00	WorkerEvent	BridgeL05L06	WorkerOnline; ExitCode=0; online
2026-06-03T16:51:19.1368663+00:00	WorkerEvent	BridgeL03L04	WorkerReady; ExitCode=0; ready
2026-06-03T16:51:19.1413921+00:00	StartPipeline	BridgeL03L04	BridgeL03L04
2026-06-03T16:51:19.1421066+00:00	WorkerEvent	BridgeL05L06	WorkerReady; ExitCode=0; ready
2026-06-03T16:51:19.1427613+00:00	StartPipeline	BridgeL05L06	BridgeL05L06
2026-06-03T16:51:19.1433445+00:00	WorkerEvent	ExtractSeed05.extract-seed-05	TaskSucceeded; ExitCode=0; 
2026-06-03T16:51:19.1438814+00:00	TaskSucceeded	ExtractSeed05.extract-seed-05	0
2026-06-03T16:51:19.1441610+00:00	WorkerEvent	ExtractSeed06.extract-seed-06	TaskSucceeded; ExitCode=0; 
2026-06-03T16:51:19.1447068+00:00	TaskSucceeded	ExtractSeed06.extract-seed-06	0
2026-06-03T16:51:19.1451181+00:00	WorkerEvent	ExtractSeed07.extract-seed-07	GrantAccepted; ExitCode=0; 
2026-06-03T16:51:19.1555063+00:00	WorkerEvent	ExtractSeed07.extract-seed-07	TaskStarted; ExitCode=0; 
2026-06-03T16:51:19.2309545+00:00	WorkerEvent	ExtractSeed08	PipelineStarted; ExitCode=0; pipeline started
2026-06-03T16:51:19.2329747+00:00	WorkerEvent	ExtractSeed08.extract-seed-08	TaskReady; ExitCode=0; 
2026-06-03T16:51:19.2350314+00:00	GrantTask	ExtractSeed08.extract-seed-08	ExtractSeed08.extract-seed-08; GrantId=grant-8; Attempt=1
2026-06-03T16:51:19.2365908+00:00	WorkerEvent	ExtractSeed08.extract-seed-08	GrantAccepted; ExitCode=0; 
2026-06-03T16:51:19.2381710+00:00	WorkerEvent	ExtractSeed08.extract-seed-08	TaskStarted; ExitCode=0; 
2026-06-03T16:51:19.2445933+00:00	WorkerEvent	AuditHairball	PipelineStarted; ExitCode=0; pipeline started
2026-06-03T16:51:19.2466444+00:00	WorkerEvent	AuditHairball.audit-hairball	TaskReady; ExitCode=0; 
2026-06-03T16:51:19.5366710+00:00	WorkerEvent	ExtractSeed07.extract-seed-07	TaskSucceeded; ExitCode=0; 
2026-06-03T16:51:19.5374059+00:00	TaskSucceeded	ExtractSeed07.extract-seed-07	0
2026-06-03T16:51:19.5401778+00:00	WorkerDeferredForCapacity	AuditHairball	Deferred by orchestration to honor max active worker process capacity.
2026-06-03T16:51:19.5408149+00:00	StopPipeline	AuditHairball	Deferred by orchestration to honor max active worker process capacity.
2026-06-03T16:51:19.5512206+00:00	WorkerEvent	BridgeL01L02	PipelineStarted; ExitCode=0; pipeline started
2026-06-03T16:51:19.5541822+00:00	WorkerEvent	BridgeL01L02.bridge-l01-l02-collect	TaskReady; ExitCode=0; 
2026-06-03T16:51:19.5561092+00:00	WorkerDeferredForCapacity	BridgeL01L02	Deferred by orchestration to honor max active worker process capacity.
2026-06-03T16:51:19.5565240+00:00	StopPipeline	BridgeL01L02	Deferred by orchestration to honor max active worker process capacity.
2026-06-03T16:51:19.5670412+00:00	WorkerEvent	AuditHairball	Closed; ExitCode=0; 
2026-06-03T16:51:19.5719724+00:00	WorkerDeferred	AuditHairball	ResumeTaskId=AuditHairball.audit-hairball
2026-06-03T16:51:19.5731795+00:00	WorkerStarting	Layer01Node06	meta-pipeline
2026-06-03T16:51:19.6732095+00:00	WorkerStarted	Layer01Node06	29664
2026-06-03T16:51:19.6736491+00:00	WorkerControlPipe	Layer01Node06	meta-orchestration-29d27306d4ca4e448f1aa1a56fc25b50
2026-06-03T16:51:19.6739328+00:00	WorkerLog	Layer01Node06	stdout=C:\Users\jimmy\Desktop\meta-bi\Samples\Demos\MetaOrchestrationHairballCliIntegration\Runs\hairball-seed-20260530\RunArtifacts\runs\20260603-165114_89d168495a1e4d0688f9f76490956098\logs\Layer01Node06-29664.stdout.log; stderr=C:\Users\jimmy\Desktop\meta-bi\Samples\Demos\MetaOrchestrationHairballCliIntegration\Runs\hairball-seed-20260530\RunArtifacts\runs\20260603-165114_89d168495a1e4d0688f9f76490956098\logs\Layer01Node06-29664.stderr.log
2026-06-03T16:51:19.6742993+00:00	WorkerEvent	BridgeL01L02	Closed; ExitCode=0; 
2026-06-03T16:51:19.6748985+00:00	WorkerDeferred	BridgeL01L02	ResumeTaskId=BridgeL01L02.bridge-l01-l02-collect
2026-06-03T16:51:19.6753694+00:00	WorkerEvent	ExtractSeed07	Closed; ExitCode=0; 
2026-06-03T16:51:19.6771606+00:00	WorkerEvent	ExtractSeed08.extract-seed-08	TaskSucceeded; ExitCode=0; 
2026-06-03T16:51:19.6777499+00:00	TaskSucceeded	ExtractSeed08.extract-seed-08	0
2026-06-03T16:51:19.6787513+00:00	WorkerStarting	Layer01Node01	meta-pipeline
2026-06-03T16:51:19.7652948+00:00	WorkerStarted	Layer01Node01	22248
2026-06-03T16:51:19.7656138+00:00	WorkerControlPipe	Layer01Node01	meta-orchestration-70392aa559504e308ad365f9e1651625
2026-06-03T16:51:19.7659546+00:00	WorkerLog	Layer01Node01	stdout=C:\Users\jimmy\Desktop\meta-bi\Samples\Demos\MetaOrchestrationHairballCliIntegration\Runs\hairball-seed-20260530\RunArtifacts\runs\20260603-165114_89d168495a1e4d0688f9f76490956098\logs\Layer01Node01-22248.stdout.log; stderr=C:\Users\jimmy\Desktop\meta-bi\Samples\Demos\MetaOrchestrationHairballCliIntegration\Runs\hairball-seed-20260530\RunArtifacts\runs\20260603-165114_89d168495a1e4d0688f9f76490956098\logs\Layer01Node01-22248.stderr.log
2026-06-03T16:51:19.7663341+00:00	WorkerEvent	Layer01Node06	WorkerOnline; ExitCode=0; online
2026-06-03T16:51:19.7674229+00:00	WorkerStarting	Layer01Node07	meta-pipeline
2026-06-03T16:51:19.8465795+00:00	WorkerStarted	Layer01Node07	17892
2026-06-03T16:51:19.8468599+00:00	WorkerControlPipe	Layer01Node07	meta-orchestration-8fa101c4e2fc453f8a88914479f97ded
2026-06-03T16:51:19.8471276+00:00	WorkerLog	Layer01Node07	stdout=C:\Users\jimmy\Desktop\meta-bi\Samples\Demos\MetaOrchestrationHairballCliIntegration\Runs\hairball-seed-20260530\RunArtifacts\runs\20260603-165114_89d168495a1e4d0688f9f76490956098\logs\Layer01Node07-17892.stdout.log; stderr=C:\Users\jimmy\Desktop\meta-bi\Samples\Demos\MetaOrchestrationHairballCliIntegration\Runs\hairball-seed-20260530\RunArtifacts\runs\20260603-165114_89d168495a1e4d0688f9f76490956098\logs\Layer01Node07-17892.stderr.log
2026-06-03T16:51:19.8474103+00:00	WorkerEvent	Layer01Node01	WorkerOnline; ExitCode=0; online
2026-06-03T16:51:19.8479415+00:00	WorkerEvent	Layer01Node06	WorkerReady; ExitCode=0; ready
2026-06-03T16:51:19.8485273+00:00	StartPipeline	Layer01Node06	Layer01Node06
2026-06-03T16:51:19.8521957+00:00	WorkerEvent	Layer01Node01	WorkerReady; ExitCode=0; ready
2026-06-03T16:51:19.8531613+00:00	StartPipeline	Layer01Node01	Layer01Node01
2026-06-03T16:51:19.8662153+00:00	WorkerEvent	Layer01Node07	WorkerOnline; ExitCode=0; online
2026-06-03T16:51:19.8680780+00:00	WorkerEvent	Layer01Node07	WorkerReady; ExitCode=0; ready
2026-06-03T16:51:19.8715818+00:00	StartPipeline	Layer01Node07	Layer01Node07
2026-06-03T16:51:19.8931928+00:00	WorkerEvent	BridgeL05L06	PipelineStarted; ExitCode=0; pipeline started
2026-06-03T16:51:19.8952016+00:00	WorkerEvent	BridgeL05L06.bridge-l05-l06-collect	TaskReady; ExitCode=0; 
2026-06-03T16:51:19.8960842+00:00	WorkerDeferredForCapacity	BridgeL05L06	Deferred by orchestration to honor max active worker process capacity.
2026-06-03T16:51:19.8964299+00:00	StopPipeline	BridgeL05L06	Deferred by orchestration to honor max active worker process capacity.
2026-06-03T16:51:19.9171606+00:00	WorkerEvent	BridgeL05L06	Closed; ExitCode=0; 
2026-06-03T16:51:19.9176369+00:00	WorkerDeferred	BridgeL05L06	ResumeTaskId=BridgeL05L06.bridge-l05-l06-collect
2026-06-03T16:51:19.9180170+00:00	WorkerStarting	Layer03Node09	meta-pipeline
2026-06-03T16:51:19.9970118+00:00	WorkerStarted	Layer03Node09	10120
2026-06-03T16:51:19.9973552+00:00	WorkerControlPipe	Layer03Node09	meta-orchestration-977b6c19fd844c0e8b9a81042dbc73d5
2026-06-03T16:51:19.9976590+00:00	WorkerLog	Layer03Node09	stdout=C:\Users\jimmy\Desktop\meta-bi\Samples\Demos\MetaOrchestrationHairballCliIntegration\Runs\hairball-seed-20260530\RunArtifacts\runs\20260603-165114_89d168495a1e4d0688f9f76490956098\logs\Layer03Node09-10120.stdout.log; stderr=C:\Users\jimmy\Desktop\meta-bi\Samples\Demos\MetaOrchestrationHairballCliIntegration\Runs\hairball-seed-20260530\RunArtifacts\runs\20260603-165114_89d168495a1e4d0688f9f76490956098\logs\Layer03Node09-10120.stderr.log
2026-06-03T16:51:19.9979348+00:00	WorkerEvent	BridgeL03L04	PipelineStarted; ExitCode=0; pipeline started
2026-06-03T16:51:19.9992347+00:00	WorkerEvent	BridgeL03L04.bridge-l03-l04-collect	TaskReady; ExitCode=0; 
2026-06-03T16:51:20.0132979+00:00	WorkerEvent	Layer03Node09	WorkerOnline; ExitCode=0; online
2026-06-03T16:51:20.0148764+00:00	WorkerEvent	Layer03Node09	WorkerReady; ExitCode=0; ready
2026-06-03T16:51:20.0169413+00:00	StartPipeline	Layer03Node09	Layer03Node09
2026-06-03T16:51:20.2751654+00:00	WorkerEvent	Layer01Node06	PipelineStarted; ExitCode=0; pipeline started
2026-06-03T16:51:20.2771907+00:00	WorkerEvent	Layer01Node06.refresh-l01-n06	TaskReady; ExitCode=0; 
2026-06-03T16:51:20.2799047+00:00	GrantTask	Layer01Node06.refresh-l01-n06	Layer01Node06.refresh-l01-n06; GrantId=grant-9; Attempt=1
2026-06-03T16:51:20.2804580+00:00	WorkerEvent	Layer01Node06.refresh-l01-n06	GrantAccepted; ExitCode=0; 
2026-06-03T16:51:20.2829176+00:00	WorkerEvent	Layer01Node06.refresh-l01-n06	TaskStarted; ExitCode=0; 
2026-06-03T16:51:20.3029715+00:00	WorkerEvent	Layer01Node07	PipelineStarted; ExitCode=0; pipeline started
2026-06-03T16:51:20.3051384+00:00	WorkerEvent	Layer01Node07.refresh-l01-n07	TaskReady; ExitCode=0; 
2026-06-03T16:51:20.3074420+00:00	GrantTask	Layer01Node07.refresh-l01-n07	Layer01Node07.refresh-l01-n07; GrantId=grant-10; Attempt=1
2026-06-03T16:51:20.3092211+00:00	WorkerEvent	Layer01Node07.refresh-l01-n07	GrantAccepted; ExitCode=0; 
2026-06-03T16:51:20.3112213+00:00	WorkerEvent	Layer01Node07.refresh-l01-n07	TaskStarted; ExitCode=0; 
2026-06-03T16:51:20.3442517+00:00	WorkerEvent	Layer01Node01	PipelineStarted; ExitCode=0; pipeline started
2026-06-03T16:51:20.3464310+00:00	WorkerEvent	Layer01Node01.export-l01-n01	TaskReady; ExitCode=0; 
2026-06-03T16:51:20.3477408+00:00	GrantTask	Layer01Node01.export-l01-n01	Layer01Node01.export-l01-n01; GrantId=grant-11; Attempt=1
2026-06-03T16:51:20.3502238+00:00	WorkerEvent	Layer01Node01.export-l01-n01	GrantAccepted; ExitCode=0; 
2026-06-03T16:51:20.3527330+00:00	WorkerEvent	Layer01Node01.export-l01-n01	TaskStarted; ExitCode=0; 
2026-06-03T16:51:20.4968141+00:00	WorkerEvent	Layer03Node09	PipelineStarted; ExitCode=0; pipeline started
2026-06-03T16:51:20.4987577+00:00	WorkerEvent	Layer03Node09.refresh-l03-n09	TaskReady; ExitCode=0; 
2026-06-03T16:51:20.4999774+00:00	GrantTask	Layer03Node09.refresh-l03-n09	Layer03Node09.refresh-l03-n09; GrantId=grant-12; Attempt=1
2026-06-03T16:51:20.5003144+00:00	WorkerEvent	Layer03Node09.refresh-l03-n09	GrantAccepted; ExitCode=0; 
2026-06-03T16:51:20.5019782+00:00	WorkerEvent	Layer03Node09.refresh-l03-n09	TaskStarted; ExitCode=0; 
2026-06-03T16:51:20.5895604+00:00	WorkerEvent	Layer01Node06.refresh-l01-n06	TaskSucceeded; ExitCode=0; 
2026-06-03T16:51:20.5900711+00:00	TaskSucceeded	Layer01Node06.refresh-l01-n06	0
2026-06-03T16:51:20.5905042+00:00	WorkerDeferredForCapacity	BridgeL03L04	Deferred by orchestration to honor max active worker process capacity.
2026-06-03T16:51:20.5907900+00:00	StopPipeline	BridgeL03L04	Deferred by orchestration to honor max active worker process capacity.
2026-06-03T16:51:20.6137761+00:00	WorkerEvent	BridgeL03L04	Closed; ExitCode=0; 
2026-06-03T16:51:20.6148051+00:00	WorkerDeferred	BridgeL03L04	ResumeTaskId=BridgeL03L04.bridge-l03-l04-collect
2026-06-03T16:51:20.6155849+00:00	WorkerStarting	Layer02Node03	meta-pipeline
2026-06-03T16:51:20.6974101+00:00	WorkerStarted	Layer02Node03	30952
2026-06-03T16:51:20.6977564+00:00	WorkerControlPipe	Layer02Node03	meta-orchestration-b274e3a280864316a6c1733d7f5b019e
2026-06-03T16:51:20.6980346+00:00	WorkerLog	Layer02Node03	stdout=C:\Users\jimmy\Desktop\meta-bi\Samples\Demos\MetaOrchestrationHairballCliIntegration\Runs\hairball-seed-20260530\RunArtifacts\runs\20260603-165114_89d168495a1e4d0688f9f76490956098\logs\Layer02Node03-30952.stdout.log; stderr=C:\Users\jimmy\Desktop\meta-bi\Samples\Demos\MetaOrchestrationHairballCliIntegration\Runs\hairball-seed-20260530\RunArtifacts\runs\20260603-165114_89d168495a1e4d0688f9f76490956098\logs\Layer02Node03-30952.stderr.log
2026-06-03T16:51:20.6983296+00:00	WorkerEvent	Layer01Node07.refresh-l01-n07	TaskSucceeded; ExitCode=0; 
2026-06-03T16:51:20.6987449+00:00	TaskSucceeded	Layer01Node07.refresh-l01-n07	0
2026-06-03T16:51:20.6991690+00:00	WorkerEvent	Layer01Node06	Closed; ExitCode=0; 
2026-06-03T16:51:20.7001892+00:00	WorkerResuming	AuditHairball	ResumeTaskId=AuditHairball.audit-hairball; Executable=meta-pipeline
2026-06-03T16:51:20.7754235+00:00	WorkerStarted	AuditHairball	2400
2026-06-03T16:51:20.7757251+00:00	WorkerControlPipe	AuditHairball	meta-orchestration-298e51e80d7041138668d921ad5c692d
2026-06-03T16:51:20.7759976+00:00	WorkerLog	AuditHairball	stdout=C:\Users\jimmy\Desktop\meta-bi\Samples\Demos\MetaOrchestrationHairballCliIntegration\Runs\hairball-seed-20260530\RunArtifacts\runs\20260603-165114_89d168495a1e4d0688f9f76490956098\logs\AuditHairball-2400.stdout.log; stderr=C:\Users\jimmy\Desktop\meta-bi\Samples\Demos\MetaOrchestrationHairballCliIntegration\Runs\hairball-seed-20260530\RunArtifacts\runs\20260603-165114_89d168495a1e4d0688f9f76490956098\logs\AuditHairball-2400.stderr.log
2026-06-03T16:51:20.7762787+00:00	WorkerEvent	Layer02Node03	WorkerOnline; ExitCode=0; online
2026-06-03T16:51:20.7767945+00:00	WorkerEvent	Layer01Node01.export-l01-n01	TaskSucceeded; ExitCode=0; 
2026-06-03T16:51:20.7772611+00:00	TaskSucceeded	Layer01Node01.export-l01-n01	0
2026-06-03T16:51:20.7778169+00:00	WorkerEvent	Layer02Node03	WorkerReady; ExitCode=0; ready
2026-06-03T16:51:20.7805943+00:00	StartPipeline	Layer02Node03	Layer02Node03
2026-06-03T16:51:20.7946447+00:00	WorkerEvent	AuditHairball	WorkerOnline; ExitCode=0; online
2026-06-03T16:51:20.7962391+00:00	WorkerEvent	AuditHairball	WorkerReady; ExitCode=0; ready
2026-06-03T16:51:20.7991833+00:00	StartPipeline	AuditHairball	AuditHairball
2026-06-03T16:51:20.7996841+00:00	WorkerEvent	Layer01Node01	Closed; ExitCode=0; 
2026-06-03T16:51:20.8001115+00:00	WorkerStarting	Layer01Node02	meta-pipeline
2026-06-03T16:51:20.8751423+00:00	WorkerStarted	Layer01Node02	12428
2026-06-03T16:51:20.8754210+00:00	WorkerControlPipe	Layer01Node02	meta-orchestration-216ec518ad4c43c7839e3ab8f58c16eb
2026-06-03T16:51:20.8756540+00:00	WorkerLog	Layer01Node02	stdout=C:\Users\jimmy\Desktop\meta-bi\Samples\Demos\MetaOrchestrationHairballCliIntegration\Runs\hairball-seed-20260530\RunArtifacts\runs\20260603-165114_89d168495a1e4d0688f9f76490956098\logs\Layer01Node02-12428.stdout.log; stderr=C:\Users\jimmy\Desktop\meta-bi\Samples\Demos\MetaOrchestrationHairballCliIntegration\Runs\hairball-seed-20260530\RunArtifacts\runs\20260603-165114_89d168495a1e4d0688f9f76490956098\logs\Layer01Node02-12428.stderr.log
2026-06-03T16:51:20.8759080+00:00	WorkerEvent	Layer03Node09.refresh-l03-n09	TaskSucceeded; ExitCode=0; 
2026-06-03T16:51:20.8762849+00:00	TaskSucceeded	Layer03Node09.refresh-l03-n09	0
2026-06-03T16:51:20.8897971+00:00	WorkerEvent	Layer01Node02	WorkerOnline; ExitCode=0; online
2026-06-03T16:51:20.8909808+00:00	WorkerEvent	Layer01Node02	WorkerReady; ExitCode=0; ready
2026-06-03T16:51:20.8932067+00:00	StartPipeline	Layer01Node02	Layer01Node02
2026-06-03T16:51:21.1723499+00:00	WorkerEvent	AuditHairball	PipelineStarted; ExitCode=0; pipeline started
2026-06-03T16:51:21.1737737+00:00	WorkerEvent	AuditHairball.audit-hairball	TaskReady; ExitCode=0; 
2026-06-03T16:51:21.1743167+00:00	WorkerDeferredForCapacity	AuditHairball	Deferred by orchestration to honor max active worker process capacity.
2026-06-03T16:51:21.1745427+00:00	StopPipeline	AuditHairball	Deferred by orchestration to honor max active worker process capacity.
2026-06-03T16:51:21.1882699+00:00	WorkerEvent	AuditHairball	Closed; ExitCode=0; 
2026-06-03T16:51:21.1888168+00:00	WorkerDeferred	AuditHairball	ResumeTaskId=AuditHairball.audit-hairball
2026-06-03T16:51:21.1891326+00:00	WorkerStarting	Layer01Node04	meta-pipeline
2026-06-03T16:51:21.2676298+00:00	WorkerStarted	Layer01Node04	30892
2026-06-03T16:51:21.2681386+00:00	WorkerControlPipe	Layer01Node04	meta-orchestration-79733d87ef16447aac78309aa64d420f
2026-06-03T16:51:21.2684559+00:00	WorkerLog	Layer01Node04	stdout=C:\Users\jimmy\Desktop\meta-bi\Samples\Demos\MetaOrchestrationHairballCliIntegration\Runs\hairball-seed-20260530\RunArtifacts\runs\20260603-165114_89d168495a1e4d0688f9f76490956098\logs\Layer01Node04-30892.stdout.log; stderr=C:\Users\jimmy\Desktop\meta-bi\Samples\Demos\MetaOrchestrationHairballCliIntegration\Runs\hairball-seed-20260530\RunArtifacts\runs\20260603-165114_89d168495a1e4d0688f9f76490956098\logs\Layer01Node04-30892.stderr.log
2026-06-03T16:51:21.2687744+00:00	WorkerEvent	Layer02Node03	PipelineStarted; ExitCode=0; pipeline started
2026-06-03T16:51:21.2706752+00:00	WorkerEvent	Layer02Node03.select-l02-n03	TaskReady; ExitCode=0; 
2026-06-03T16:51:21.2722587+00:00	GrantTask	Layer02Node03.select-l02-n03	Layer02Node03.select-l02-n03; GrantId=grant-13; Attempt=1
2026-06-03T16:51:21.2727931+00:00	WorkerEvent	Layer02Node03.select-l02-n03	GrantAccepted; ExitCode=0; 
2026-06-03T16:51:21.2744674+00:00	WorkerEvent	Layer02Node03.select-l02-n03	TaskStarted; ExitCode=0; 
2026-06-03T16:51:21.2917710+00:00	WorkerEvent	Layer01Node04	WorkerOnline; ExitCode=0; online
2026-06-03T16:51:21.2936124+00:00	WorkerEvent	Layer01Node04	WorkerReady; ExitCode=0; ready
2026-06-03T16:51:21.2973454+00:00	StartPipeline	Layer01Node04	Layer01Node04
2026-06-03T16:51:21.3236986+00:00	WorkerEvent	Layer01Node02	PipelineStarted; ExitCode=0; pipeline started
2026-06-03T16:51:21.3254162+00:00	WorkerEvent	Layer01Node02.select-l01-n02	TaskReady; ExitCode=0; 
2026-06-03T16:51:21.3278968+00:00	GrantTask	Layer01Node02.select-l01-n02	Layer01Node02.select-l01-n02; GrantId=grant-14; Attempt=1
2026-06-03T16:51:21.3299794+00:00	WorkerEvent	Layer01Node02.select-l01-n02	GrantAccepted; ExitCode=0; 
2026-06-03T16:51:21.3322481+00:00	WorkerEvent	Layer01Node02.select-l01-n02	TaskStarted; ExitCode=0; 
2026-06-03T16:51:21.6287406+00:00	WorkerEvent	Layer02Node03.select-l02-n03	TaskSucceeded; ExitCode=0; 
2026-06-03T16:51:21.6301127+00:00	TaskSucceeded	Layer02Node03.select-l02-n03	0
2026-06-03T16:51:21.6577764+00:00	WorkerEvent	Layer02Node03	Closed; ExitCode=0; 
2026-06-03T16:51:21.6603144+00:00	WorkerResuming	AuditHairball	ResumeTaskId=AuditHairball.audit-hairball; Executable=meta-pipeline
2026-06-03T16:51:21.7512469+00:00	WorkerStarted	AuditHairball	24096
2026-06-03T16:51:21.7515733+00:00	WorkerControlPipe	AuditHairball	meta-orchestration-4c4e1192663b40bbbe392558ca0b425f
2026-06-03T16:51:21.7517628+00:00	WorkerLog	AuditHairball	stdout=C:\Users\jimmy\Desktop\meta-bi\Samples\Demos\MetaOrchestrationHairballCliIntegration\Runs\hairball-seed-20260530\RunArtifacts\runs\20260603-165114_89d168495a1e4d0688f9f76490956098\logs\AuditHairball-24096.stdout.log; stderr=C:\Users\jimmy\Desktop\meta-bi\Samples\Demos\MetaOrchestrationHairballCliIntegration\Runs\hairball-seed-20260530\RunArtifacts\runs\20260603-165114_89d168495a1e4d0688f9f76490956098\logs\AuditHairball-24096.stderr.log
2026-06-03T16:51:21.7520064+00:00	WorkerEvent	Layer01Node02.select-l01-n02	TaskSucceeded; ExitCode=0; 
2026-06-03T16:51:21.7523105+00:00	TaskSucceeded	Layer01Node02.select-l01-n02	0
2026-06-03T16:51:21.7670568+00:00	WorkerEvent	AuditHairball	WorkerOnline; ExitCode=0; online
2026-06-03T16:51:21.7683646+00:00	WorkerEvent	AuditHairball	WorkerReady; ExitCode=0; ready
2026-06-03T16:51:21.7712310+00:00	StartPipeline	AuditHairball	AuditHairball
2026-06-03T16:51:21.8116025+00:00	WorkerEvent	Layer01Node04	PipelineStarted; ExitCode=0; pipeline started
2026-06-03T16:51:21.8129063+00:00	WorkerEvent	Layer01Node04.export-l01-n04	TaskReady; ExitCode=0; 
2026-06-03T16:51:21.8136756+00:00	GrantTask	Layer01Node04.export-l01-n04	Layer01Node04.export-l01-n04; GrantId=grant-15; Attempt=1
2026-06-03T16:51:21.8141455+00:00	WorkerEvent	Layer01Node04.export-l01-n04	GrantAccepted; ExitCode=0; 
2026-06-03T16:51:21.8147046+00:00	WorkerEvent	Layer01Node04.export-l01-n04	TaskStarted; ExitCode=0; 
2026-06-03T16:51:22.1309499+00:00	WorkerEvent	AuditHairball	PipelineStarted; ExitCode=0; pipeline started
2026-06-03T16:51:22.1323462+00:00	WorkerEvent	AuditHairball.audit-hairball	TaskReady; ExitCode=0; 
2026-06-03T16:51:22.1330809+00:00	WorkerDeferredForCapacity	AuditHairball	Deferred by orchestration to honor max active worker process capacity.
2026-06-03T16:51:22.1333491+00:00	StopPipeline	AuditHairball	Deferred by orchestration to honor max active worker process capacity.
2026-06-03T16:51:22.1399405+00:00	WorkerEvent	Layer01Node04.export-l01-n04	TaskSucceeded; ExitCode=0; 
2026-06-03T16:51:22.1404588+00:00	TaskSucceeded	Layer01Node04.export-l01-n04	0
2026-06-03T16:51:22.1489234+00:00	WorkerEvent	AuditHairball	Closed; ExitCode=0; 
2026-06-03T16:51:22.1495575+00:00	WorkerDeferred	AuditHairball	ResumeTaskId=AuditHairball.audit-hairball
2026-06-03T16:51:22.1498847+00:00	WorkerStarting	Layer01Node03	meta-pipeline
2026-06-03T16:51:22.2181548+00:00	WorkerStarted	Layer01Node03	19952
2026-06-03T16:51:22.2184197+00:00	WorkerControlPipe	Layer01Node03	meta-orchestration-77121311105e44e8847a251c0d622105
2026-06-03T16:51:22.2186962+00:00	WorkerLog	Layer01Node03	stdout=C:\Users\jimmy\Desktop\meta-bi\Samples\Demos\MetaOrchestrationHairballCliIntegration\Runs\hairball-seed-20260530\RunArtifacts\runs\20260603-165114_89d168495a1e4d0688f9f76490956098\logs\Layer01Node03-19952.stdout.log; stderr=C:\Users\jimmy\Desktop\meta-bi\Samples\Demos\MetaOrchestrationHairballCliIntegration\Runs\hairball-seed-20260530\RunArtifacts\runs\20260603-165114_89d168495a1e4d0688f9f76490956098\logs\Layer01Node03-19952.stderr.log
2026-06-03T16:51:22.2189261+00:00	WorkerEvent	Layer01Node04	Closed; ExitCode=0; 
2026-06-03T16:51:22.2198349+00:00	WorkerStarting	Layer01Node05	meta-pipeline
2026-06-03T16:51:22.2873933+00:00	WorkerStarted	Layer01Node05	28816
2026-06-03T16:51:22.2877366+00:00	WorkerControlPipe	Layer01Node05	meta-orchestration-2d22f10dfcc7411d8282804fa2527bb3
2026-06-03T16:51:22.2880106+00:00	WorkerLog	Layer01Node05	stdout=C:\Users\jimmy\Desktop\meta-bi\Samples\Demos\MetaOrchestrationHairballCliIntegration\Runs\hairball-seed-20260530\RunArtifacts\runs\20260603-165114_89d168495a1e4d0688f9f76490956098\logs\Layer01Node05-28816.stdout.log; stderr=C:\Users\jimmy\Desktop\meta-bi\Samples\Demos\MetaOrchestrationHairballCliIntegration\Runs\hairball-seed-20260530\RunArtifacts\runs\20260603-165114_89d168495a1e4d0688f9f76490956098\logs\Layer01Node05-28816.stderr.log
2026-06-03T16:51:22.2882631+00:00	WorkerEvent	Layer01Node03	WorkerOnline; ExitCode=0; online
2026-06-03T16:51:22.2887985+00:00	WorkerEvent	Layer01Node03	WorkerReady; ExitCode=0; ready
2026-06-03T16:51:22.2919308+00:00	StartPipeline	Layer01Node03	Layer01Node03
2026-06-03T16:51:22.3015829+00:00	WorkerEvent	Layer01Node05	WorkerOnline; ExitCode=0; online
2026-06-03T16:51:22.3028398+00:00	WorkerEvent	Layer01Node05	WorkerReady; ExitCode=0; ready
2026-06-03T16:51:22.3050899+00:00	StartPipeline	Layer01Node05	Layer01Node05
2026-06-03T16:51:22.6587235+00:00	WorkerEvent	Layer01Node05	PipelineStarted; ExitCode=0; pipeline started
2026-06-03T16:51:22.6605092+00:00	WorkerEvent	Layer01Node05.export-l01-n05	TaskReady; ExitCode=0; 
2026-06-03T16:51:22.6612179+00:00	GrantTask	Layer01Node05.export-l01-n05	Layer01Node05.export-l01-n05; GrantId=grant-16; Attempt=1
2026-06-03T16:51:22.6616663+00:00	WorkerEvent	Layer01Node05.export-l01-n05	GrantAccepted; ExitCode=0; 
2026-06-03T16:51:22.6621670+00:00	WorkerEvent	Layer01Node05.export-l01-n05	TaskStarted; ExitCode=0; 
2026-06-03T16:51:22.6751602+00:00	WorkerEvent	Layer01Node03	PipelineStarted; ExitCode=0; pipeline started
2026-06-03T16:51:22.6767988+00:00	WorkerEvent	Layer01Node03.select-l01-n03	TaskReady; ExitCode=0; 
2026-06-03T16:51:22.6777832+00:00	GrantTask	Layer01Node03.select-l01-n03	Layer01Node03.select-l01-n03; GrantId=grant-17; Attempt=1
2026-06-03T16:51:22.6782524+00:00	WorkerEvent	Layer01Node03.select-l01-n03	GrantAccepted; ExitCode=0; 
2026-06-03T16:51:22.6788222+00:00	WorkerEvent	Layer01Node03.select-l01-n03	TaskStarted; ExitCode=0; 
2026-06-03T16:51:22.9538973+00:00	WorkerEvent	Layer01Node03.select-l01-n03	TaskSucceeded; ExitCode=0; 
2026-06-03T16:51:22.9546487+00:00	TaskSucceeded	Layer01Node03.select-l01-n03	0
2026-06-03T16:51:22.9713677+00:00	WorkerEvent	Layer01Node05.export-l01-n05	TaskSucceeded; ExitCode=0; 
2026-06-03T16:51:22.9719937+00:00	TaskSucceeded	Layer01Node05.export-l01-n05	0
2026-06-03T16:51:22.9762287+00:00	WorkerEvent	Layer01Node03	Closed; ExitCode=0; 
2026-06-03T16:51:22.9767249+00:00	WorkerStarting	Layer01Hub	meta-pipeline
2026-06-03T16:51:23.0467400+00:00	WorkerStarted	Layer01Hub	19224
2026-06-03T16:51:23.0470548+00:00	WorkerControlPipe	Layer01Hub	meta-orchestration-9315736e904f49a48cba945b8a9501f1
2026-06-03T16:51:23.0472439+00:00	WorkerLog	Layer01Hub	stdout=C:\Users\jimmy\Desktop\meta-bi\Samples\Demos\MetaOrchestrationHairballCliIntegration\Runs\hairball-seed-20260530\RunArtifacts\runs\20260603-165114_89d168495a1e4d0688f9f76490956098\logs\Layer01Hub-19224.stdout.log; stderr=C:\Users\jimmy\Desktop\meta-bi\Samples\Demos\MetaOrchestrationHairballCliIntegration\Runs\hairball-seed-20260530\RunArtifacts\runs\20260603-165114_89d168495a1e4d0688f9f76490956098\logs\Layer01Hub-19224.stderr.log
2026-06-03T16:51:23.0474536+00:00	WorkerEvent	Layer01Node05	Closed; ExitCode=0; 
2026-06-03T16:51:23.0478351+00:00	WorkerStarting	Layer01Node08	meta-pipeline
2026-06-03T16:51:23.1152863+00:00	WorkerStarted	Layer01Node08	25764
2026-06-03T16:51:23.1155450+00:00	WorkerControlPipe	Layer01Node08	meta-orchestration-fa8430085765467a818d5aad84e1cf64
2026-06-03T16:51:23.1159445+00:00	WorkerLog	Layer01Node08	stdout=C:\Users\jimmy\Desktop\meta-bi\Samples\Demos\MetaOrchestrationHairballCliIntegration\Runs\hairball-seed-20260530\RunArtifacts\runs\20260603-165114_89d168495a1e4d0688f9f76490956098\logs\Layer01Node08-25764.stdout.log; stderr=C:\Users\jimmy\Desktop\meta-bi\Samples\Demos\MetaOrchestrationHairballCliIntegration\Runs\hairball-seed-20260530\RunArtifacts\runs\20260603-165114_89d168495a1e4d0688f9f76490956098\logs\Layer01Node08-25764.stderr.log
2026-06-03T16:51:23.1162570+00:00	WorkerEvent	Layer01Hub	WorkerOnline; ExitCode=0; online
2026-06-03T16:51:23.1168401+00:00	WorkerEvent	Layer01Hub	WorkerReady; ExitCode=0; ready
2026-06-03T16:51:23.1200993+00:00	StartPipeline	Layer01Hub	Layer01Hub
2026-06-03T16:51:23.1302255+00:00	WorkerEvent	Layer01Node08	WorkerOnline; ExitCode=0; online
2026-06-03T16:51:23.1318482+00:00	WorkerEvent	Layer01Node08	WorkerReady; ExitCode=0; ready
2026-06-03T16:51:23.1342257+00:00	StartPipeline	Layer01Node08	Layer01Node08
2026-06-03T16:51:23.5117670+00:00	WorkerEvent	Layer01Node08	PipelineStarted; ExitCode=0; pipeline started
2026-06-03T16:51:23.5143604+00:00	WorkerEvent	Layer01Node08.select-l01-n08	TaskReady; ExitCode=0; 
2026-06-03T16:51:23.5152474+00:00	GrantTask	Layer01Node08.select-l01-n08	Layer01Node08.select-l01-n08; GrantId=grant-18; Attempt=1
2026-06-03T16:51:23.5158822+00:00	WorkerEvent	Layer01Node08.select-l01-n08	GrantAccepted; ExitCode=0; 
2026-06-03T16:51:23.5165105+00:00	WorkerEvent	Layer01Node08.select-l01-n08	TaskStarted; ExitCode=0; 
2026-06-03T16:51:23.6250582+00:00	WorkerEvent	Layer01Hub	PipelineStarted; ExitCode=0; pipeline started
2026-06-03T16:51:23.6269775+00:00	WorkerEvent	Layer01Hub.hub-l01-stage	TaskReady; ExitCode=0; 
2026-06-03T16:51:23.6276679+00:00	GrantTask	Layer01Hub.hub-l01-stage	Layer01Hub.hub-l01-stage; GrantId=grant-19; Attempt=1
2026-06-03T16:51:23.6281628+00:00	WorkerEvent	Layer01Hub.hub-l01-stage	GrantAccepted; ExitCode=0; 
2026-06-03T16:51:23.6286859+00:00	WorkerEvent	Layer01Hub.hub-l01-stage	TaskStarted; ExitCode=0; 
2026-06-03T16:51:23.8218990+00:00	WorkerEvent	Layer01Node08.select-l01-n08	TaskSucceeded; ExitCode=0; 
2026-06-03T16:51:23.8225321+00:00	TaskSucceeded	Layer01Node08.select-l01-n08	0
2026-06-03T16:51:23.8431808+00:00	WorkerEvent	Layer01Node08	Closed; ExitCode=0; 
2026-06-03T16:51:23.8438081+00:00	WorkerStarting	Layer01Node09	meta-pipeline
2026-06-03T16:51:23.9159150+00:00	WorkerStarted	Layer01Node09	19852
2026-06-03T16:51:23.9161886+00:00	WorkerControlPipe	Layer01Node09	meta-orchestration-d226afd2a26549bebaeeb8d2ec07af89
2026-06-03T16:51:23.9164072+00:00	WorkerLog	Layer01Node09	stdout=C:\Users\jimmy\Desktop\meta-bi\Samples\Demos\MetaOrchestrationHairballCliIntegration\Runs\hairball-seed-20260530\RunArtifacts\runs\20260603-165114_89d168495a1e4d0688f9f76490956098\logs\Layer01Node09-19852.stdout.log; stderr=C:\Users\jimmy\Desktop\meta-bi\Samples\Demos\MetaOrchestrationHairballCliIntegration\Runs\hairball-seed-20260530\RunArtifacts\runs\20260603-165114_89d168495a1e4d0688f9f76490956098\logs\Layer01Node09-19852.stderr.log
2026-06-03T16:51:23.9297748+00:00	WorkerEvent	Layer01Node09	WorkerOnline; ExitCode=0; online
2026-06-03T16:51:23.9308380+00:00	WorkerEvent	Layer01Node09	WorkerReady; ExitCode=0; ready
2026-06-03T16:51:23.9328685+00:00	StartPipeline	Layer01Node09	Layer01Node09
2026-06-03T16:51:23.9332066+00:00	WorkerEvent	Layer01Hub.hub-l01-stage	TaskSucceeded; ExitCode=0; 
2026-06-03T16:51:23.9334726+00:00	TaskSucceeded	Layer01Hub.hub-l01-stage	0
2026-06-03T16:51:23.9338370+00:00	WorkerEvent	Layer01Hub.hub-l01-curate	TaskReady; ExitCode=0; 
2026-06-03T16:51:23.9342129+00:00	WorkerDeferredForCapacity	Layer01Hub	Deferred by orchestration to honor max active worker process capacity.
2026-06-03T16:51:23.9343842+00:00	StopPipeline	Layer01Hub	Deferred by orchestration to honor max active worker process capacity.
2026-06-03T16:51:23.9562622+00:00	WorkerEvent	Layer01Hub	Closed; ExitCode=0; 
2026-06-03T16:51:23.9566785+00:00	WorkerDeferred	Layer01Hub	ResumeTaskId=Layer01Hub.hub-l01-curate
2026-06-03T16:51:23.9569977+00:00	WorkerStarting	Layer02Node04	meta-pipeline
2026-06-03T16:51:24.0235699+00:00	WorkerStarted	Layer02Node04	15612
2026-06-03T16:51:24.0238921+00:00	WorkerControlPipe	Layer02Node04	meta-orchestration-659229ca05fb4d578e0cbcb387c100df
2026-06-03T16:51:24.0240957+00:00	WorkerLog	Layer02Node04	stdout=C:\Users\jimmy\Desktop\meta-bi\Samples\Demos\MetaOrchestrationHairballCliIntegration\Runs\hairball-seed-20260530\RunArtifacts\runs\20260603-165114_89d168495a1e4d0688f9f76490956098\logs\Layer02Node04-15612.stdout.log; stderr=C:\Users\jimmy\Desktop\meta-bi\Samples\Demos\MetaOrchestrationHairballCliIntegration\Runs\hairball-seed-20260530\RunArtifacts\runs\20260603-165114_89d168495a1e4d0688f9f76490956098\logs\Layer02Node04-15612.stderr.log
2026-06-03T16:51:24.0374711+00:00	WorkerEvent	Layer02Node04	WorkerOnline; ExitCode=0; online
2026-06-03T16:51:24.0391584+00:00	WorkerEvent	Layer02Node04	WorkerReady; ExitCode=0; ready
2026-06-03T16:51:24.0419181+00:00	StartPipeline	Layer02Node04	Layer02Node04
2026-06-03T16:51:24.2954479+00:00	WorkerEvent	Layer01Node09	PipelineStarted; ExitCode=0; pipeline started
2026-06-03T16:51:24.2966509+00:00	WorkerEvent	Layer01Node09.refresh-l01-n09	TaskReady; ExitCode=0; 
2026-06-03T16:51:24.2974105+00:00	GrantTask	Layer01Node09.refresh-l01-n09	Layer01Node09.refresh-l01-n09; GrantId=grant-20; Attempt=1
2026-06-03T16:51:24.2978033+00:00	WorkerEvent	Layer01Node09.refresh-l01-n09	GrantAccepted; ExitCode=0; 
2026-06-03T16:51:24.2982646+00:00	WorkerEvent	Layer01Node09.refresh-l01-n09	TaskStarted; ExitCode=0; 
2026-06-03T16:51:24.4151613+00:00	WorkerEvent	Layer02Node04	PipelineStarted; ExitCode=0; pipeline started
2026-06-03T16:51:24.4164375+00:00	WorkerEvent	Layer02Node04.export-l02-n04	TaskReady; ExitCode=0; 
2026-06-03T16:51:24.4170960+00:00	GrantTask	Layer02Node04.export-l02-n04	Layer02Node04.export-l02-n04; GrantId=grant-21; Attempt=1
2026-06-03T16:51:24.4175611+00:00	WorkerEvent	Layer02Node04.export-l02-n04	GrantAccepted; ExitCode=0; 
2026-06-03T16:51:24.4180986+00:00	WorkerEvent	Layer02Node04.export-l02-n04	TaskStarted; ExitCode=0; 
2026-06-03T16:51:24.5536145+00:00	WorkerEvent	Layer01Node09.refresh-l01-n09	TaskSucceeded; ExitCode=0; 
2026-06-03T16:51:24.5541141+00:00	TaskSucceeded	Layer01Node09.refresh-l01-n09	0
2026-06-03T16:51:24.5777952+00:00	WorkerEvent	Layer01Node09	Closed; ExitCode=0; 
2026-06-03T16:51:24.5786024+00:00	WorkerResuming	Layer01Hub	ResumeTaskId=Layer01Hub.hub-l01-curate; Executable=meta-pipeline
2026-06-03T16:51:24.6487953+00:00	WorkerStarted	Layer01Hub	12252
2026-06-03T16:51:24.6490615+00:00	WorkerControlPipe	Layer01Hub	meta-orchestration-c9c15ee46feb4ca99f4a169120be134c
2026-06-03T16:51:24.6494260+00:00	WorkerLog	Layer01Hub	stdout=C:\Users\jimmy\Desktop\meta-bi\Samples\Demos\MetaOrchestrationHairballCliIntegration\Runs\hairball-seed-20260530\RunArtifacts\runs\20260603-165114_89d168495a1e4d0688f9f76490956098\logs\Layer01Hub-12252.stdout.log; stderr=C:\Users\jimmy\Desktop\meta-bi\Samples\Demos\MetaOrchestrationHairballCliIntegration\Runs\hairball-seed-20260530\RunArtifacts\runs\20260603-165114_89d168495a1e4d0688f9f76490956098\logs\Layer01Hub-12252.stderr.log
2026-06-03T16:51:24.6628350+00:00	WorkerEvent	Layer01Hub	WorkerOnline; ExitCode=0; online
2026-06-03T16:51:24.6640266+00:00	WorkerEvent	Layer01Hub	WorkerReady; ExitCode=0; ready
2026-06-03T16:51:24.6662988+00:00	StartPipeline	Layer01Hub	Layer01Hub
2026-06-03T16:51:24.7335778+00:00	WorkerEvent	Layer02Node04.export-l02-n04	TaskSucceeded; ExitCode=0; 
2026-06-03T16:51:24.7339768+00:00	TaskSucceeded	Layer02Node04.export-l02-n04	0
2026-06-03T16:51:24.7544455+00:00	WorkerEvent	Layer02Node04	Closed; ExitCode=0; 
2026-06-03T16:51:24.7551798+00:00	WorkerStarting	Layer02Node02	meta-pipeline
2026-06-03T16:51:24.8247659+00:00	WorkerStarted	Layer02Node02	19064
2026-06-03T16:51:24.8250383+00:00	WorkerControlPipe	Layer02Node02	meta-orchestration-7ceeb4d986864f53a7353345bf1c1c93
2026-06-03T16:51:24.8252393+00:00	WorkerLog	Layer02Node02	stdout=C:\Users\jimmy\Desktop\meta-bi\Samples\Demos\MetaOrchestrationHairballCliIntegration\Runs\hairball-seed-20260530\RunArtifacts\runs\20260603-165114_89d168495a1e4d0688f9f76490956098\logs\Layer02Node02-19064.stdout.log; stderr=C:\Users\jimmy\Desktop\meta-bi\Samples\Demos\MetaOrchestrationHairballCliIntegration\Runs\hairball-seed-20260530\RunArtifacts\runs\20260603-165114_89d168495a1e4d0688f9f76490956098\logs\Layer02Node02-19064.stderr.log
2026-06-03T16:51:24.8391006+00:00	WorkerEvent	Layer02Node02	WorkerOnline; ExitCode=0; online
2026-06-03T16:51:24.8403059+00:00	WorkerEvent	Layer02Node02	WorkerReady; ExitCode=0; ready
2026-06-03T16:51:24.8423474+00:00	StartPipeline	Layer02Node02	Layer02Node02
2026-06-03T16:51:25.1679882+00:00	WorkerEvent	Layer01Hub	PipelineStarted; ExitCode=0; pipeline started
2026-06-03T16:51:25.1698873+00:00	WorkerEvent	Layer01Hub.hub-l01-curate	TaskReady; ExitCode=0; 
2026-06-03T16:51:25.1708069+00:00	GrantTask	Layer01Hub.hub-l01-curate	Layer01Hub.hub-l01-curate; GrantId=grant-22; Attempt=1
2026-06-03T16:51:25.1713373+00:00	WorkerEvent	Layer01Hub.hub-l01-curate	GrantAccepted; ExitCode=0; 
2026-06-03T16:51:25.1718738+00:00	WorkerEvent	Layer01Hub.hub-l01-curate	TaskStarted; ExitCode=0; 
2026-06-03T16:51:25.2028363+00:00	WorkerEvent	Layer02Node02	PipelineStarted; ExitCode=0; pipeline started
2026-06-03T16:51:25.2043436+00:00	WorkerEvent	Layer02Node02.refresh-l02-n02	TaskReady; ExitCode=0; 
2026-06-03T16:51:25.2051663+00:00	GrantTask	Layer02Node02.refresh-l02-n02	Layer02Node02.refresh-l02-n02; GrantId=grant-23; Attempt=1
2026-06-03T16:51:25.2056685+00:00	WorkerEvent	Layer02Node02.refresh-l02-n02	GrantAccepted; ExitCode=0; 
2026-06-03T16:51:25.2061027+00:00	WorkerEvent	Layer02Node02.refresh-l02-n02	TaskStarted; ExitCode=0; 
2026-06-03T16:51:25.4124503+00:00	WorkerEvent	Layer01Hub.hub-l01-curate	TaskSucceeded; ExitCode=0; 
2026-06-03T16:51:25.4130438+00:00	TaskSucceeded	Layer01Hub.hub-l01-curate	0
2026-06-03T16:51:25.4135679+00:00	WorkerEvent	Layer01Hub.hub-l01-publish	TaskReady; ExitCode=0; 
2026-06-03T16:51:25.4141978+00:00	GrantTask	Layer01Hub.hub-l01-publish	Layer01Hub.hub-l01-publish; GrantId=grant-24; Attempt=1
2026-06-03T16:51:25.4146015+00:00	WorkerEvent	Layer01Hub.hub-l01-publish	GrantAccepted; ExitCode=0; 
2026-06-03T16:51:25.4151882+00:00	WorkerEvent	Layer01Hub.hub-l01-publish	TaskStarted; ExitCode=0; 
2026-06-03T16:51:25.4577253+00:00	WorkerEvent	Layer02Node02.refresh-l02-n02	TaskSucceeded; ExitCode=0; 
2026-06-03T16:51:25.4582468+00:00	TaskSucceeded	Layer02Node02.refresh-l02-n02	0
2026-06-03T16:51:25.4792186+00:00	WorkerEvent	Layer02Node02	Closed; ExitCode=0; 
2026-06-03T16:51:25.4797553+00:00	WorkerStarting	Layer02Node01	meta-pipeline
2026-06-03T16:51:25.5516190+00:00	WorkerStarted	Layer02Node01	13060
2026-06-03T16:51:25.5520788+00:00	WorkerControlPipe	Layer02Node01	meta-orchestration-a00016455af0410a869028d148e45bed
2026-06-03T16:51:25.5523919+00:00	WorkerLog	Layer02Node01	stdout=C:\Users\jimmy\Desktop\meta-bi\Samples\Demos\MetaOrchestrationHairballCliIntegration\Runs\hairball-seed-20260530\RunArtifacts\runs\20260603-165114_89d168495a1e4d0688f9f76490956098\logs\Layer02Node01-13060.stdout.log; stderr=C:\Users\jimmy\Desktop\meta-bi\Samples\Demos\MetaOrchestrationHairballCliIntegration\Runs\hairball-seed-20260530\RunArtifacts\runs\20260603-165114_89d168495a1e4d0688f9f76490956098\logs\Layer02Node01-13060.stderr.log
2026-06-03T16:51:25.5527125+00:00	WorkerEvent	Layer01Hub.hub-l01-publish	TaskSucceeded; ExitCode=0; 
2026-06-03T16:51:25.5530857+00:00	TaskSucceeded	Layer01Hub.hub-l01-publish	0
2026-06-03T16:51:25.5670538+00:00	WorkerEvent	Layer02Node01	WorkerOnline; ExitCode=0; online
2026-06-03T16:51:25.5684553+00:00	WorkerEvent	Layer02Node01	WorkerReady; ExitCode=0; ready
2026-06-03T16:51:25.5705253+00:00	StartPipeline	Layer02Node01	Layer02Node01
2026-06-03T16:51:26.0045752+00:00	WorkerEvent	Layer02Node01	PipelineStarted; ExitCode=0; pipeline started
2026-06-03T16:51:26.0058522+00:00	WorkerEvent	Layer02Node01.select-l02-n01	TaskReady; ExitCode=0; 
2026-06-03T16:51:26.0068168+00:00	GrantTask	Layer02Node01.select-l02-n01	Layer02Node01.select-l02-n01; GrantId=grant-25; Attempt=1
2026-06-03T16:51:26.0074309+00:00	WorkerEvent	Layer02Node01.select-l02-n01	GrantAccepted; ExitCode=0; 
2026-06-03T16:51:26.0079197+00:00	WorkerEvent	Layer02Node01.select-l02-n01	TaskStarted; ExitCode=0; 
2026-06-03T16:51:26.2656476+00:00	WorkerEvent	Layer02Node01.select-l02-n01	TaskSucceeded; ExitCode=0; 
2026-06-03T16:51:26.2662704+00:00	TaskSucceeded	Layer02Node01.select-l02-n01	0
2026-06-03T16:51:26.2879687+00:00	WorkerEvent	Layer02Node01	Closed; ExitCode=0; 
2026-06-03T16:51:26.2886999+00:00	WorkerStarting	Layer02Node05	meta-pipeline
2026-06-03T16:51:26.3558949+00:00	WorkerStarted	Layer02Node05	24596
2026-06-03T16:51:26.3561512+00:00	WorkerControlPipe	Layer02Node05	meta-orchestration-861c3e7183a548ec8be46072a250bb08
2026-06-03T16:51:26.3565282+00:00	WorkerLog	Layer02Node05	stdout=C:\Users\jimmy\Desktop\meta-bi\Samples\Demos\MetaOrchestrationHairballCliIntegration\Runs\hairball-seed-20260530\RunArtifacts\runs\20260603-165114_89d168495a1e4d0688f9f76490956098\logs\Layer02Node05-24596.stdout.log; stderr=C:\Users\jimmy\Desktop\meta-bi\Samples\Demos\MetaOrchestrationHairballCliIntegration\Runs\hairball-seed-20260530\RunArtifacts\runs\20260603-165114_89d168495a1e4d0688f9f76490956098\logs\Layer02Node05-24596.stderr.log
2026-06-03T16:51:26.3703419+00:00	WorkerEvent	Layer02Node05	WorkerOnline; ExitCode=0; online
2026-06-03T16:51:26.3719172+00:00	WorkerEvent	Layer02Node05	WorkerReady; ExitCode=0; ready
2026-06-03T16:51:26.3743902+00:00	StartPipeline	Layer02Node05	Layer02Node05
2026-06-03T16:51:26.7385722+00:00	WorkerEvent	Layer02Node05	PipelineStarted; ExitCode=0; pipeline started
2026-06-03T16:51:26.7402423+00:00	WorkerEvent	Layer02Node05.select-l02-n05	TaskReady; ExitCode=0; 
2026-06-03T16:51:26.7409928+00:00	GrantTask	Layer02Node05.select-l02-n05	Layer02Node05.select-l02-n05; GrantId=grant-26; Attempt=1
2026-06-03T16:51:26.7414928+00:00	WorkerEvent	Layer02Node05.select-l02-n05	GrantAccepted; ExitCode=0; 
2026-06-03T16:51:26.7419516+00:00	WorkerEvent	Layer02Node05.select-l02-n05	TaskStarted; ExitCode=0; 
2026-06-03T16:51:26.9985417+00:00	WorkerEvent	Layer02Node05.select-l02-n05	TaskSucceeded; ExitCode=0; 
2026-06-03T16:51:26.9991258+00:00	TaskSucceeded	Layer02Node05.select-l02-n05	0
2026-06-03T16:51:27.0212446+00:00	WorkerEvent	Layer02Node05	Closed; ExitCode=0; 
2026-06-03T16:51:27.0219439+00:00	WorkerStarting	Layer02Node06	meta-pipeline
2026-06-03T16:51:27.0898624+00:00	WorkerStarted	Layer02Node06	31276
2026-06-03T16:51:27.0901837+00:00	WorkerControlPipe	Layer02Node06	meta-orchestration-79110d972f4b4a93aaf5c8a701b0f68f
2026-06-03T16:51:27.0904547+00:00	WorkerLog	Layer02Node06	stdout=C:\Users\jimmy\Desktop\meta-bi\Samples\Demos\MetaOrchestrationHairballCliIntegration\Runs\hairball-seed-20260530\RunArtifacts\runs\20260603-165114_89d168495a1e4d0688f9f76490956098\logs\Layer02Node06-31276.stdout.log; stderr=C:\Users\jimmy\Desktop\meta-bi\Samples\Demos\MetaOrchestrationHairballCliIntegration\Runs\hairball-seed-20260530\RunArtifacts\runs\20260603-165114_89d168495a1e4d0688f9f76490956098\logs\Layer02Node06-31276.stderr.log
2026-06-03T16:51:27.1038452+00:00	WorkerEvent	Layer02Node06	WorkerOnline; ExitCode=0; online
2026-06-03T16:51:27.1050158+00:00	WorkerEvent	Layer02Node06	WorkerReady; ExitCode=0; ready
2026-06-03T16:51:27.1073430+00:00	StartPipeline	Layer02Node06	Layer02Node06
2026-06-03T16:51:27.4401559+00:00	WorkerEvent	Layer02Node06	PipelineStarted; ExitCode=0; pipeline started
2026-06-03T16:51:27.4415112+00:00	WorkerEvent	Layer02Node06.refresh-l02-n06	TaskReady; ExitCode=0; 
2026-06-03T16:51:27.4422147+00:00	GrantTask	Layer02Node06.refresh-l02-n06	Layer02Node06.refresh-l02-n06; GrantId=grant-27; Attempt=1
2026-06-03T16:51:27.4427156+00:00	WorkerEvent	Layer02Node06.refresh-l02-n06	GrantAccepted; ExitCode=0; 
2026-06-03T16:51:27.4432492+00:00	WorkerEvent	Layer02Node06.refresh-l02-n06	TaskStarted; ExitCode=0; 
2026-06-03T16:51:27.6786978+00:00	WorkerEvent	Layer02Node06.refresh-l02-n06	TaskSucceeded; ExitCode=0; 
2026-06-03T16:51:27.6793754+00:00	TaskSucceeded	Layer02Node06.refresh-l02-n06	0
2026-06-03T16:51:27.7009692+00:00	WorkerEvent	Layer02Node06	Closed; ExitCode=0; 
2026-06-03T16:51:27.7018626+00:00	WorkerStarting	Layer02Node07	meta-pipeline
2026-06-03T16:51:27.7697324+00:00	WorkerStarted	Layer02Node07	19700
2026-06-03T16:51:27.7703042+00:00	WorkerControlPipe	Layer02Node07	meta-orchestration-2f1347a9d812471181d847e1c46f7099
2026-06-03T16:51:27.7706206+00:00	WorkerLog	Layer02Node07	stdout=C:\Users\jimmy\Desktop\meta-bi\Samples\Demos\MetaOrchestrationHairballCliIntegration\Runs\hairball-seed-20260530\RunArtifacts\runs\20260603-165114_89d168495a1e4d0688f9f76490956098\logs\Layer02Node07-19700.stdout.log; stderr=C:\Users\jimmy\Desktop\meta-bi\Samples\Demos\MetaOrchestrationHairballCliIntegration\Runs\hairball-seed-20260530\RunArtifacts\runs\20260603-165114_89d168495a1e4d0688f9f76490956098\logs\Layer02Node07-19700.stderr.log
2026-06-03T16:51:27.7835595+00:00	WorkerEvent	Layer02Node07	WorkerOnline; ExitCode=0; online
2026-06-03T16:51:27.7850639+00:00	WorkerEvent	Layer02Node07	WorkerReady; ExitCode=0; ready
2026-06-03T16:51:27.7875404+00:00	StartPipeline	Layer02Node07	Layer02Node07
2026-06-03T16:51:28.1221758+00:00	WorkerEvent	Layer02Node07	PipelineStarted; ExitCode=0; pipeline started
2026-06-03T16:51:28.1234698+00:00	WorkerEvent	Layer02Node07.refresh-l02-n07	TaskReady; ExitCode=0; 
2026-06-03T16:51:28.1242094+00:00	GrantTask	Layer02Node07.refresh-l02-n07	Layer02Node07.refresh-l02-n07; GrantId=grant-28; Attempt=1
2026-06-03T16:51:28.1247246+00:00	WorkerEvent	Layer02Node07.refresh-l02-n07	GrantAccepted; ExitCode=0; 
2026-06-03T16:51:28.1253544+00:00	WorkerEvent	Layer02Node07.refresh-l02-n07	TaskStarted; ExitCode=0; 
2026-06-03T16:51:28.3630690+00:00	WorkerEvent	Layer02Node07.refresh-l02-n07	TaskSucceeded; ExitCode=0; 
2026-06-03T16:51:28.3636283+00:00	TaskSucceeded	Layer02Node07.refresh-l02-n07	0
2026-06-03T16:51:28.3840753+00:00	WorkerEvent	Layer02Node07	Closed; ExitCode=0; 
2026-06-03T16:51:28.3847110+00:00	WorkerStarting	Layer02Node08	meta-pipeline
2026-06-03T16:51:28.4524937+00:00	WorkerStarted	Layer02Node08	22184
2026-06-03T16:51:28.4527595+00:00	WorkerControlPipe	Layer02Node08	meta-orchestration-67f7db84af8b43fca6df180139f3ccb6
2026-06-03T16:51:28.4530874+00:00	WorkerLog	Layer02Node08	stdout=C:\Users\jimmy\Desktop\meta-bi\Samples\Demos\MetaOrchestrationHairballCliIntegration\Runs\hairball-seed-20260530\RunArtifacts\runs\20260603-165114_89d168495a1e4d0688f9f76490956098\logs\Layer02Node08-22184.stdout.log; stderr=C:\Users\jimmy\Desktop\meta-bi\Samples\Demos\MetaOrchestrationHairballCliIntegration\Runs\hairball-seed-20260530\RunArtifacts\runs\20260603-165114_89d168495a1e4d0688f9f76490956098\logs\Layer02Node08-22184.stderr.log
2026-06-03T16:51:28.4659371+00:00	WorkerEvent	Layer02Node08	WorkerOnline; ExitCode=0; online
2026-06-03T16:51:28.4676634+00:00	WorkerEvent	Layer02Node08	WorkerReady; ExitCode=0; ready
2026-06-03T16:51:28.4699063+00:00	StartPipeline	Layer02Node08	Layer02Node08
2026-06-03T16:51:28.8018268+00:00	WorkerEvent	Layer02Node08	PipelineStarted; ExitCode=0; pipeline started
2026-06-03T16:51:28.8033341+00:00	WorkerEvent	Layer02Node08.refresh-l02-n08	TaskReady; ExitCode=0; 
2026-06-03T16:51:28.8040707+00:00	GrantTask	Layer02Node08.refresh-l02-n08	Layer02Node08.refresh-l02-n08; GrantId=grant-29; Attempt=1
2026-06-03T16:51:28.8046315+00:00	WorkerEvent	Layer02Node08.refresh-l02-n08	GrantAccepted; ExitCode=0; 
2026-06-03T16:51:28.8051419+00:00	WorkerEvent	Layer02Node08.refresh-l02-n08	TaskStarted; ExitCode=0; 
2026-06-03T16:51:29.0408917+00:00	WorkerEvent	Layer02Node08.refresh-l02-n08	TaskSucceeded; ExitCode=0; 
2026-06-03T16:51:29.0415392+00:00	TaskSucceeded	Layer02Node08.refresh-l02-n08	0
2026-06-03T16:51:29.0619082+00:00	WorkerEvent	Layer02Node08	Closed; ExitCode=0; 
2026-06-03T16:51:29.0625865+00:00	WorkerStarting	Layer02Hub	meta-pipeline
2026-06-03T16:51:29.1304073+00:00	WorkerStarted	Layer02Hub	24352
2026-06-03T16:51:29.1306838+00:00	WorkerControlPipe	Layer02Hub	meta-orchestration-770a7485d5d8427da089dee71d991c5e
2026-06-03T16:51:29.1310756+00:00	WorkerLog	Layer02Hub	stdout=C:\Users\jimmy\Desktop\meta-bi\Samples\Demos\MetaOrchestrationHairballCliIntegration\Runs\hairball-seed-20260530\RunArtifacts\runs\20260603-165114_89d168495a1e4d0688f9f76490956098\logs\Layer02Hub-24352.stdout.log; stderr=C:\Users\jimmy\Desktop\meta-bi\Samples\Demos\MetaOrchestrationHairballCliIntegration\Runs\hairball-seed-20260530\RunArtifacts\runs\20260603-165114_89d168495a1e4d0688f9f76490956098\logs\Layer02Hub-24352.stderr.log
2026-06-03T16:51:29.1442481+00:00	WorkerEvent	Layer02Hub	WorkerOnline; ExitCode=0; online
2026-06-03T16:51:29.1456046+00:00	WorkerEvent	Layer02Hub	WorkerReady; ExitCode=0; ready
2026-06-03T16:51:29.1477291+00:00	StartPipeline	Layer02Hub	Layer02Hub
2026-06-03T16:51:29.6136715+00:00	WorkerEvent	Layer02Hub	PipelineStarted; ExitCode=0; pipeline started
2026-06-03T16:51:29.6150146+00:00	WorkerEvent	Layer02Hub.hub-l02-stage	TaskReady; ExitCode=0; 
2026-06-03T16:51:29.6159901+00:00	GrantTask	Layer02Hub.hub-l02-stage	Layer02Hub.hub-l02-stage; GrantId=grant-30; Attempt=1
2026-06-03T16:51:29.6167649+00:00	WorkerEvent	Layer02Hub.hub-l02-stage	GrantAccepted; ExitCode=0; 
2026-06-03T16:51:29.6174638+00:00	WorkerEvent	Layer02Hub.hub-l02-stage	TaskStarted; ExitCode=0; 
2026-06-03T16:51:29.8765609+00:00	WorkerEvent	Layer02Hub.hub-l02-stage	TaskSucceeded; ExitCode=0; 
2026-06-03T16:51:29.8771323+00:00	TaskSucceeded	Layer02Hub.hub-l02-stage	0
2026-06-03T16:51:29.8776609+00:00	WorkerEvent	Layer02Hub.hub-l02-curate	TaskReady; ExitCode=0; 
2026-06-03T16:51:29.8785057+00:00	GrantTask	Layer02Hub.hub-l02-curate	Layer02Hub.hub-l02-curate; GrantId=grant-31; Attempt=1
2026-06-03T16:51:29.8788340+00:00	WorkerEvent	Layer02Hub.hub-l02-curate	GrantAccepted; ExitCode=0; 
2026-06-03T16:51:29.8793864+00:00	WorkerEvent	Layer02Hub.hub-l02-curate	TaskStarted; ExitCode=0; 
2026-06-03T16:51:29.9358982+00:00	WorkerEvent	Layer02Hub.hub-l02-curate	TaskSucceeded; ExitCode=0; 
2026-06-03T16:51:29.9363095+00:00	TaskSucceeded	Layer02Hub.hub-l02-curate	0
2026-06-03T16:51:29.9367196+00:00	WorkerEvent	Layer02Hub.hub-l02-publish	TaskReady; ExitCode=0; 
2026-06-03T16:51:29.9371533+00:00	GrantTask	Layer02Hub.hub-l02-publish	Layer02Hub.hub-l02-publish; GrantId=grant-32; Attempt=1
2026-06-03T16:51:29.9374323+00:00	WorkerEvent	Layer02Hub.hub-l02-publish	GrantAccepted; ExitCode=0; 
2026-06-03T16:51:29.9378360+00:00	WorkerEvent	Layer02Hub.hub-l02-publish	TaskStarted; ExitCode=0; 
2026-06-03T16:51:30.0274606+00:00	WorkerEvent	Layer02Hub.hub-l02-publish	TaskSucceeded; ExitCode=0; 
2026-06-03T16:51:30.0280161+00:00	TaskSucceeded	Layer02Hub.hub-l02-publish	0
2026-06-03T16:51:30.0489297+00:00	WorkerEvent	Layer02Hub	Closed; ExitCode=0; 
2026-06-03T16:51:30.0497211+00:00	WorkerResuming	BridgeL01L02	ResumeTaskId=BridgeL01L02.bridge-l01-l02-collect; Executable=meta-pipeline
2026-06-03T16:51:30.1184565+00:00	WorkerStarted	BridgeL01L02	29192
2026-06-03T16:51:30.1187193+00:00	WorkerControlPipe	BridgeL01L02	meta-orchestration-923872935f8b469db949b09bab6d6906
2026-06-03T16:51:30.1189001+00:00	WorkerLog	BridgeL01L02	stdout=C:\Users\jimmy\Desktop\meta-bi\Samples\Demos\MetaOrchestrationHairballCliIntegration\Runs\hairball-seed-20260530\RunArtifacts\runs\20260603-165114_89d168495a1e4d0688f9f76490956098\logs\BridgeL01L02-29192.stdout.log; stderr=C:\Users\jimmy\Desktop\meta-bi\Samples\Demos\MetaOrchestrationHairballCliIntegration\Runs\hairball-seed-20260530\RunArtifacts\runs\20260603-165114_89d168495a1e4d0688f9f76490956098\logs\BridgeL01L02-29192.stderr.log
2026-06-03T16:51:30.1317906+00:00	WorkerEvent	BridgeL01L02	WorkerOnline; ExitCode=0; online
2026-06-03T16:51:30.1331622+00:00	WorkerEvent	BridgeL01L02	WorkerReady; ExitCode=0; ready
2026-06-03T16:51:30.1353470+00:00	StartPipeline	BridgeL01L02	BridgeL01L02
2026-06-03T16:51:30.6014024+00:00	WorkerEvent	BridgeL01L02	PipelineStarted; ExitCode=0; pipeline started
2026-06-03T16:51:30.6031117+00:00	WorkerEvent	BridgeL01L02.bridge-l01-l02-collect	TaskReady; ExitCode=0; 
2026-06-03T16:51:30.6037087+00:00	GrantTask	BridgeL01L02.bridge-l01-l02-collect	BridgeL01L02.bridge-l01-l02-collect; GrantId=grant-33; Attempt=1
2026-06-03T16:51:30.6041865+00:00	WorkerEvent	BridgeL01L02.bridge-l01-l02-collect	GrantAccepted; ExitCode=0; 
2026-06-03T16:51:30.6047037+00:00	WorkerEvent	BridgeL01L02.bridge-l01-l02-collect	TaskStarted; ExitCode=0; 
2026-06-03T16:51:30.9033448+00:00	WorkerEvent	BridgeL01L02.bridge-l01-l02-collect	TaskSucceeded; ExitCode=0; 
2026-06-03T16:51:30.9039567+00:00	TaskSucceeded	BridgeL01L02.bridge-l01-l02-collect	0
2026-06-03T16:51:30.9045463+00:00	WorkerEvent	BridgeL01L02.bridge-l01-l02-north	TaskReady; ExitCode=0; 
2026-06-03T16:51:30.9051132+00:00	GrantTask	BridgeL01L02.bridge-l01-l02-north	BridgeL01L02.bridge-l01-l02-north; GrantId=grant-34; Attempt=1
2026-06-03T16:51:30.9053773+00:00	WorkerEvent	BridgeL01L02.bridge-l01-l02-north	GrantAccepted; ExitCode=0; 
2026-06-03T16:51:30.9058359+00:00	WorkerEvent	BridgeL01L02.bridge-l01-l02-north	TaskStarted; ExitCode=0; 
2026-06-03T16:51:30.9662337+00:00	WorkerEvent	BridgeL01L02.bridge-l01-l02-north	TaskSucceeded; ExitCode=0; 
2026-06-03T16:51:30.9669203+00:00	TaskSucceeded	BridgeL01L02.bridge-l01-l02-north	0
2026-06-03T16:51:30.9674747+00:00	WorkerEvent	BridgeL01L02.bridge-l01-l02-south	TaskReady; ExitCode=0; 
2026-06-03T16:51:30.9682760+00:00	GrantTask	BridgeL01L02.bridge-l01-l02-south	BridgeL01L02.bridge-l01-l02-south; GrantId=grant-35; Attempt=1
2026-06-03T16:51:30.9685830+00:00	WorkerEvent	BridgeL01L02.bridge-l01-l02-south	GrantAccepted; ExitCode=0; 
2026-06-03T16:51:30.9691595+00:00	WorkerEvent	BridgeL01L02.bridge-l01-l02-south	TaskStarted; ExitCode=0; 
2026-06-03T16:51:31.0247005+00:00	WorkerEvent	BridgeL01L02.bridge-l01-l02-south	TaskSucceeded; ExitCode=0; 
2026-06-03T16:51:31.0252797+00:00	TaskSucceeded	BridgeL01L02.bridge-l01-l02-south	0
2026-06-03T16:51:31.0461712+00:00	WorkerEvent	BridgeL01L02	Closed; ExitCode=0; 
2026-06-03T16:51:31.0467048+00:00	WorkerStarting	Layer03Node01	meta-pipeline
2026-06-03T16:51:31.1146770+00:00	WorkerStarted	Layer03Node01	7644
2026-06-03T16:51:31.1150295+00:00	WorkerControlPipe	Layer03Node01	meta-orchestration-5ad6fa84d0334aeca3dafd11377926d0
2026-06-03T16:51:31.1153217+00:00	WorkerLog	Layer03Node01	stdout=C:\Users\jimmy\Desktop\meta-bi\Samples\Demos\MetaOrchestrationHairballCliIntegration\Runs\hairball-seed-20260530\RunArtifacts\runs\20260603-165114_89d168495a1e4d0688f9f76490956098\logs\Layer03Node01-7644.stdout.log; stderr=C:\Users\jimmy\Desktop\meta-bi\Samples\Demos\MetaOrchestrationHairballCliIntegration\Runs\hairball-seed-20260530\RunArtifacts\runs\20260603-165114_89d168495a1e4d0688f9f76490956098\logs\Layer03Node01-7644.stderr.log
2026-06-03T16:51:31.1292238+00:00	WorkerEvent	Layer03Node01	WorkerOnline; ExitCode=0; online
2026-06-03T16:51:31.1305964+00:00	WorkerEvent	Layer03Node01	WorkerReady; ExitCode=0; ready
2026-06-03T16:51:31.1332163+00:00	StartPipeline	Layer03Node01	Layer03Node01
2026-06-03T16:51:31.5027918+00:00	WorkerEvent	Layer03Node01	PipelineStarted; ExitCode=0; pipeline started
2026-06-03T16:51:31.5042021+00:00	WorkerEvent	Layer03Node01.select-l03-n01	TaskReady; ExitCode=0; 
2026-06-03T16:51:31.5049119+00:00	GrantTask	Layer03Node01.select-l03-n01	Layer03Node01.select-l03-n01; GrantId=grant-36; Attempt=1
2026-06-03T16:51:31.5055086+00:00	WorkerEvent	Layer03Node01.select-l03-n01	GrantAccepted; ExitCode=0; 
2026-06-03T16:51:31.5059863+00:00	WorkerEvent	Layer03Node01.select-l03-n01	TaskStarted; ExitCode=0; 
2026-06-03T16:51:31.7663998+00:00	WorkerEvent	Layer03Node01.select-l03-n01	TaskSucceeded; ExitCode=0; 
2026-06-03T16:51:31.7671271+00:00	TaskSucceeded	Layer03Node01.select-l03-n01	0
2026-06-03T16:51:31.7890044+00:00	WorkerEvent	Layer03Node01	Closed; ExitCode=0; 
2026-06-03T16:51:31.7895411+00:00	WorkerStarting	Layer03Node02	meta-pipeline
2026-06-03T16:51:31.8569442+00:00	WorkerStarted	Layer03Node02	21520
2026-06-03T16:51:31.8572055+00:00	WorkerControlPipe	Layer03Node02	meta-orchestration-cdf691dae1334c0ea5e2d5255130a920
2026-06-03T16:51:31.8575353+00:00	WorkerLog	Layer03Node02	stdout=C:\Users\jimmy\Desktop\meta-bi\Samples\Demos\MetaOrchestrationHairballCliIntegration\Runs\hairball-seed-20260530\RunArtifacts\runs\20260603-165114_89d168495a1e4d0688f9f76490956098\logs\Layer03Node02-21520.stdout.log; stderr=C:\Users\jimmy\Desktop\meta-bi\Samples\Demos\MetaOrchestrationHairballCliIntegration\Runs\hairball-seed-20260530\RunArtifacts\runs\20260603-165114_89d168495a1e4d0688f9f76490956098\logs\Layer03Node02-21520.stderr.log
2026-06-03T16:51:31.8704472+00:00	WorkerEvent	Layer03Node02	WorkerOnline; ExitCode=0; online
2026-06-03T16:51:31.8717763+00:00	WorkerEvent	Layer03Node02	WorkerReady; ExitCode=0; ready
2026-06-03T16:51:31.8739116+00:00	StartPipeline	Layer03Node02	Layer03Node02
2026-06-03T16:51:32.2257750+00:00	WorkerEvent	Layer03Node02	PipelineStarted; ExitCode=0; pipeline started
2026-06-03T16:51:32.2271287+00:00	WorkerEvent	Layer03Node02.export-l03-n02	TaskReady; ExitCode=0; 
2026-06-03T16:51:32.2278076+00:00	GrantTask	Layer03Node02.export-l03-n02	Layer03Node02.export-l03-n02; GrantId=grant-37; Attempt=1
2026-06-03T16:51:32.2283636+00:00	WorkerEvent	Layer03Node02.export-l03-n02	GrantAccepted; ExitCode=0; 
2026-06-03T16:51:32.2291171+00:00	WorkerEvent	Layer03Node02.export-l03-n02	TaskStarted; ExitCode=0; 
2026-06-03T16:51:32.5249132+00:00	WorkerEvent	Layer03Node02.export-l03-n02	TaskSucceeded; ExitCode=0; 
2026-06-03T16:51:32.5255098+00:00	TaskSucceeded	Layer03Node02.export-l03-n02	0
2026-06-03T16:51:32.5462766+00:00	WorkerEvent	Layer03Node02	Closed; ExitCode=0; 
2026-06-03T16:51:32.5470613+00:00	WorkerStarting	Layer03Node03	meta-pipeline
2026-06-03T16:51:32.6333110+00:00	WorkerStarted	Layer03Node03	18236
2026-06-03T16:51:32.6337443+00:00	WorkerControlPipe	Layer03Node03	meta-orchestration-78569037b6684ec7aae1a57e228435e3
2026-06-03T16:51:32.6340458+00:00	WorkerLog	Layer03Node03	stdout=C:\Users\jimmy\Desktop\meta-bi\Samples\Demos\MetaOrchestrationHairballCliIntegration\Runs\hairball-seed-20260530\RunArtifacts\runs\20260603-165114_89d168495a1e4d0688f9f76490956098\logs\Layer03Node03-18236.stdout.log; stderr=C:\Users\jimmy\Desktop\meta-bi\Samples\Demos\MetaOrchestrationHairballCliIntegration\Runs\hairball-seed-20260530\RunArtifacts\runs\20260603-165114_89d168495a1e4d0688f9f76490956098\logs\Layer03Node03-18236.stderr.log
2026-06-03T16:51:32.6486481+00:00	WorkerEvent	Layer03Node03	WorkerOnline; ExitCode=0; online
2026-06-03T16:51:32.6505106+00:00	WorkerEvent	Layer03Node03	WorkerReady; ExitCode=0; ready
2026-06-03T16:51:32.6528192+00:00	StartPipeline	Layer03Node03	Layer03Node03
2026-06-03T16:51:33.0071057+00:00	WorkerEvent	Layer03Node03	PipelineStarted; ExitCode=0; pipeline started
2026-06-03T16:51:33.0085344+00:00	WorkerEvent	Layer03Node03.export-l03-n03	TaskReady; ExitCode=0; 
2026-06-03T16:51:33.0093280+00:00	GrantTask	Layer03Node03.export-l03-n03	Layer03Node03.export-l03-n03; GrantId=grant-38; Attempt=1
2026-06-03T16:51:33.0098330+00:00	WorkerEvent	Layer03Node03.export-l03-n03	GrantAccepted; ExitCode=0; 
2026-06-03T16:51:33.0104182+00:00	WorkerEvent	Layer03Node03.export-l03-n03	TaskStarted; ExitCode=0; 
2026-06-03T16:51:33.3030111+00:00	WorkerEvent	Layer03Node03.export-l03-n03	TaskSucceeded; ExitCode=0; 
2026-06-03T16:51:33.3036738+00:00	TaskSucceeded	Layer03Node03.export-l03-n03	0
2026-06-03T16:51:33.3242762+00:00	WorkerEvent	Layer03Node03	Closed; ExitCode=0; 
2026-06-03T16:51:33.3249724+00:00	WorkerStarting	Layer03Node04	meta-pipeline
2026-06-03T16:51:33.3930626+00:00	WorkerStarted	Layer03Node04	27408
2026-06-03T16:51:33.3933141+00:00	WorkerControlPipe	Layer03Node04	meta-orchestration-f722d131e60547ca9eca2b0c9f855b20
2026-06-03T16:51:33.3936637+00:00	WorkerLog	Layer03Node04	stdout=C:\Users\jimmy\Desktop\meta-bi\Samples\Demos\MetaOrchestrationHairballCliIntegration\Runs\hairball-seed-20260530\RunArtifacts\runs\20260603-165114_89d168495a1e4d0688f9f76490956098\logs\Layer03Node04-27408.stdout.log; stderr=C:\Users\jimmy\Desktop\meta-bi\Samples\Demos\MetaOrchestrationHairballCliIntegration\Runs\hairball-seed-20260530\RunArtifacts\runs\20260603-165114_89d168495a1e4d0688f9f76490956098\logs\Layer03Node04-27408.stderr.log
2026-06-03T16:51:33.4072086+00:00	WorkerEvent	Layer03Node04	WorkerOnline; ExitCode=0; online
2026-06-03T16:51:33.4084680+00:00	WorkerEvent	Layer03Node04	WorkerReady; ExitCode=0; ready
2026-06-03T16:51:33.4105859+00:00	StartPipeline	Layer03Node04	Layer03Node04
2026-06-03T16:51:33.7822377+00:00	WorkerEvent	Layer03Node04	PipelineStarted; ExitCode=0; pipeline started
2026-06-03T16:51:33.7839984+00:00	WorkerEvent	Layer03Node04.select-l03-n04	TaskReady; ExitCode=0; 
2026-06-03T16:51:33.7847066+00:00	GrantTask	Layer03Node04.select-l03-n04	Layer03Node04.select-l03-n04; GrantId=grant-39; Attempt=1
2026-06-03T16:51:33.7852630+00:00	WorkerEvent	Layer03Node04.select-l03-n04	GrantAccepted; ExitCode=0; 
2026-06-03T16:51:33.7858763+00:00	WorkerEvent	Layer03Node04.select-l03-n04	TaskStarted; ExitCode=0; 
2026-06-03T16:51:34.0426071+00:00	WorkerEvent	Layer03Node04.select-l03-n04	TaskSucceeded; ExitCode=0; 
2026-06-03T16:51:34.0432263+00:00	TaskSucceeded	Layer03Node04.select-l03-n04	0
2026-06-03T16:51:34.0656884+00:00	WorkerEvent	Layer03Node04	Closed; ExitCode=0; 
2026-06-03T16:51:34.0662544+00:00	WorkerStarting	Layer03Node05	meta-pipeline
2026-06-03T16:51:34.1347982+00:00	WorkerStarted	Layer03Node05	5192
2026-06-03T16:51:34.1350586+00:00	WorkerControlPipe	Layer03Node05	meta-orchestration-d83d783c71d64536a07576e6a3db26e3
2026-06-03T16:51:34.1354152+00:00	WorkerLog	Layer03Node05	stdout=C:\Users\jimmy\Desktop\meta-bi\Samples\Demos\MetaOrchestrationHairballCliIntegration\Runs\hairball-seed-20260530\RunArtifacts\runs\20260603-165114_89d168495a1e4d0688f9f76490956098\logs\Layer03Node05-5192.stdout.log; stderr=C:\Users\jimmy\Desktop\meta-bi\Samples\Demos\MetaOrchestrationHairballCliIntegration\Runs\hairball-seed-20260530\RunArtifacts\runs\20260603-165114_89d168495a1e4d0688f9f76490956098\logs\Layer03Node05-5192.stderr.log
2026-06-03T16:51:34.1486253+00:00	WorkerEvent	Layer03Node05	WorkerOnline; ExitCode=0; online
2026-06-03T16:51:34.1500411+00:00	WorkerEvent	Layer03Node05	WorkerReady; ExitCode=0; ready
2026-06-03T16:51:34.1522215+00:00	StartPipeline	Layer03Node05	Layer03Node05
2026-06-03T16:51:34.5197456+00:00	WorkerEvent	Layer03Node05	PipelineStarted; ExitCode=0; pipeline started
2026-06-03T16:51:34.5211141+00:00	WorkerEvent	Layer03Node05.select-l03-n05	TaskReady; ExitCode=0; 
2026-06-03T16:51:34.5220573+00:00	GrantTask	Layer03Node05.select-l03-n05	Layer03Node05.select-l03-n05; GrantId=grant-40; Attempt=1
2026-06-03T16:51:34.5225540+00:00	WorkerEvent	Layer03Node05.select-l03-n05	GrantAccepted; ExitCode=0; 
2026-06-03T16:51:34.5232886+00:00	WorkerEvent	Layer03Node05.select-l03-n05	TaskStarted; ExitCode=0; 
2026-06-03T16:51:34.7783753+00:00	WorkerEvent	Layer03Node05.select-l03-n05	TaskSucceeded; ExitCode=0; 
2026-06-03T16:51:34.7791559+00:00	TaskSucceeded	Layer03Node05.select-l03-n05	0
2026-06-03T16:51:34.8021861+00:00	WorkerEvent	Layer03Node05	Closed; ExitCode=0; 
2026-06-03T16:51:34.8028445+00:00	WorkerStarting	Layer03Node06	meta-pipeline
2026-06-03T16:51:34.8693616+00:00	WorkerStarted	Layer03Node06	30280
2026-06-03T16:51:34.8696218+00:00	WorkerControlPipe	Layer03Node06	meta-orchestration-01a38ecec4864e3d8e37ba4a5af4636f
2026-06-03T16:51:34.8701779+00:00	WorkerLog	Layer03Node06	stdout=C:\Users\jimmy\Desktop\meta-bi\Samples\Demos\MetaOrchestrationHairballCliIntegration\Runs\hairball-seed-20260530\RunArtifacts\runs\20260603-165114_89d168495a1e4d0688f9f76490956098\logs\Layer03Node06-30280.stdout.log; stderr=C:\Users\jimmy\Desktop\meta-bi\Samples\Demos\MetaOrchestrationHairballCliIntegration\Runs\hairball-seed-20260530\RunArtifacts\runs\20260603-165114_89d168495a1e4d0688f9f76490956098\logs\Layer03Node06-30280.stderr.log
2026-06-03T16:51:34.8832268+00:00	WorkerEvent	Layer03Node06	WorkerOnline; ExitCode=0; online
2026-06-03T16:51:34.8845749+00:00	WorkerEvent	Layer03Node06	WorkerReady; ExitCode=0; ready
2026-06-03T16:51:34.8867722+00:00	StartPipeline	Layer03Node06	Layer03Node06
2026-06-03T16:51:35.2194268+00:00	WorkerEvent	Layer03Node06	PipelineStarted; ExitCode=0; pipeline started
2026-06-03T16:51:35.2207840+00:00	WorkerEvent	Layer03Node06.refresh-l03-n06	TaskReady; ExitCode=0; 
2026-06-03T16:51:35.2214870+00:00	GrantTask	Layer03Node06.refresh-l03-n06	Layer03Node06.refresh-l03-n06; GrantId=grant-41; Attempt=1
2026-06-03T16:51:35.2221236+00:00	WorkerEvent	Layer03Node06.refresh-l03-n06	GrantAccepted; ExitCode=0; 
2026-06-03T16:51:35.2227733+00:00	WorkerEvent	Layer03Node06.refresh-l03-n06	TaskStarted; ExitCode=0; 
2026-06-03T16:51:35.4602646+00:00	WorkerEvent	Layer03Node06.refresh-l03-n06	TaskSucceeded; ExitCode=0; 
2026-06-03T16:51:35.4607967+00:00	TaskSucceeded	Layer03Node06.refresh-l03-n06	0
2026-06-03T16:51:35.4822241+00:00	WorkerEvent	Layer03Node06	Closed; ExitCode=0; 
2026-06-03T16:51:35.4827910+00:00	WorkerStarting	Layer03Node07	meta-pipeline
2026-06-03T16:51:35.5493050+00:00	WorkerStarted	Layer03Node07	15132
2026-06-03T16:51:35.5495656+00:00	WorkerControlPipe	Layer03Node07	meta-orchestration-5cb8f1e37f4e43959227b96185973c5e
2026-06-03T16:51:35.5499610+00:00	WorkerLog	Layer03Node07	stdout=C:\Users\jimmy\Desktop\meta-bi\Samples\Demos\MetaOrchestrationHairballCliIntegration\Runs\hairball-seed-20260530\RunArtifacts\runs\20260603-165114_89d168495a1e4d0688f9f76490956098\logs\Layer03Node07-15132.stdout.log; stderr=C:\Users\jimmy\Desktop\meta-bi\Samples\Demos\MetaOrchestrationHairballCliIntegration\Runs\hairball-seed-20260530\RunArtifacts\runs\20260603-165114_89d168495a1e4d0688f9f76490956098\logs\Layer03Node07-15132.stderr.log
2026-06-03T16:51:35.5628550+00:00	WorkerEvent	Layer03Node07	WorkerOnline; ExitCode=0; online
2026-06-03T16:51:35.5642623+00:00	WorkerEvent	Layer03Node07	WorkerReady; ExitCode=0; ready
2026-06-03T16:51:35.5663600+00:00	StartPipeline	Layer03Node07	Layer03Node07
2026-06-03T16:51:35.8975341+00:00	WorkerEvent	Layer03Node07	PipelineStarted; ExitCode=0; pipeline started
2026-06-03T16:51:35.8989434+00:00	WorkerEvent	Layer03Node07.refresh-l03-n07	TaskReady; ExitCode=0; 
2026-06-03T16:51:35.8998301+00:00	GrantTask	Layer03Node07.refresh-l03-n07	Layer03Node07.refresh-l03-n07; GrantId=grant-42; Attempt=1
2026-06-03T16:51:35.9004739+00:00	WorkerEvent	Layer03Node07.refresh-l03-n07	GrantAccepted; ExitCode=0; 
2026-06-03T16:51:35.9009538+00:00	WorkerEvent	Layer03Node07.refresh-l03-n07	TaskStarted; ExitCode=0; 
2026-06-03T16:51:36.1424769+00:00	WorkerEvent	Layer03Node07.refresh-l03-n07	TaskSucceeded; ExitCode=0; 
2026-06-03T16:51:36.1430929+00:00	TaskSucceeded	Layer03Node07.refresh-l03-n07	0
2026-06-03T16:51:36.1627720+00:00	WorkerEvent	Layer03Node07	Closed; ExitCode=0; 
2026-06-03T16:51:36.1632849+00:00	WorkerStarting	Layer03Hub	meta-pipeline
2026-06-03T16:51:36.2294574+00:00	WorkerStarted	Layer03Hub	27036
2026-06-03T16:51:36.2297577+00:00	WorkerControlPipe	Layer03Hub	meta-orchestration-1e8e364cd7a240338f2961628df644a5
2026-06-03T16:51:36.2301511+00:00	WorkerLog	Layer03Hub	stdout=C:\Users\jimmy\Desktop\meta-bi\Samples\Demos\MetaOrchestrationHairballCliIntegration\Runs\hairball-seed-20260530\RunArtifacts\runs\20260603-165114_89d168495a1e4d0688f9f76490956098\logs\Layer03Hub-27036.stdout.log; stderr=C:\Users\jimmy\Desktop\meta-bi\Samples\Demos\MetaOrchestrationHairballCliIntegration\Runs\hairball-seed-20260530\RunArtifacts\runs\20260603-165114_89d168495a1e4d0688f9f76490956098\logs\Layer03Hub-27036.stderr.log
2026-06-03T16:51:36.2433356+00:00	WorkerEvent	Layer03Hub	WorkerOnline; ExitCode=0; online
2026-06-03T16:51:36.2448050+00:00	WorkerEvent	Layer03Hub	WorkerReady; ExitCode=0; ready
2026-06-03T16:51:36.2473707+00:00	StartPipeline	Layer03Hub	Layer03Hub
2026-06-03T16:51:36.7143734+00:00	WorkerEvent	Layer03Hub	PipelineStarted; ExitCode=0; pipeline started
2026-06-03T16:51:36.7158025+00:00	WorkerEvent	Layer03Hub.hub-l03-stage	TaskReady; ExitCode=0; 
2026-06-03T16:51:36.7165560+00:00	GrantTask	Layer03Hub.hub-l03-stage	Layer03Hub.hub-l03-stage; GrantId=grant-43; Attempt=1
2026-06-03T16:51:36.7171499+00:00	WorkerEvent	Layer03Hub.hub-l03-stage	GrantAccepted; ExitCode=0; 
2026-06-03T16:51:36.7178015+00:00	WorkerEvent	Layer03Hub.hub-l03-stage	TaskStarted; ExitCode=0; 
2026-06-03T16:51:36.9736155+00:00	WorkerEvent	Layer03Hub.hub-l03-stage	TaskSucceeded; ExitCode=0; 
2026-06-03T16:51:36.9742248+00:00	TaskSucceeded	Layer03Hub.hub-l03-stage	0
2026-06-03T16:51:36.9747295+00:00	WorkerEvent	Layer03Hub.hub-l03-curate	TaskReady; ExitCode=0; 
2026-06-03T16:51:36.9752768+00:00	GrantTask	Layer03Hub.hub-l03-curate	Layer03Hub.hub-l03-curate; GrantId=grant-44; Attempt=1
2026-06-03T16:51:36.9756598+00:00	WorkerEvent	Layer03Hub.hub-l03-curate	GrantAccepted; ExitCode=0; 
2026-06-03T16:51:36.9762122+00:00	WorkerEvent	Layer03Hub.hub-l03-curate	TaskStarted; ExitCode=0; 
2026-06-03T16:51:37.0292035+00:00	WorkerEvent	Layer03Hub.hub-l03-curate	TaskSucceeded; ExitCode=0; 
2026-06-03T16:51:37.0296115+00:00	TaskSucceeded	Layer03Hub.hub-l03-curate	0
2026-06-03T16:51:37.0300444+00:00	WorkerEvent	Layer03Hub.hub-l03-publish	TaskReady; ExitCode=0; 
2026-06-03T16:51:37.0305174+00:00	GrantTask	Layer03Hub.hub-l03-publish	Layer03Hub.hub-l03-publish; GrantId=grant-45; Attempt=1
2026-06-03T16:51:37.0307877+00:00	WorkerEvent	Layer03Hub.hub-l03-publish	GrantAccepted; ExitCode=0; 
2026-06-03T16:51:37.0315082+00:00	WorkerEvent	Layer03Hub.hub-l03-publish	TaskStarted; ExitCode=0; 
2026-06-03T16:51:37.1270830+00:00	WorkerEvent	Layer03Hub.hub-l03-publish	TaskSucceeded; ExitCode=0; 
2026-06-03T16:51:37.1276505+00:00	TaskSucceeded	Layer03Hub.hub-l03-publish	0
2026-06-03T16:51:37.1486442+00:00	WorkerEvent	Layer03Hub	Closed; ExitCode=0; 
2026-06-03T16:51:37.1492069+00:00	WorkerStarting	Layer03Node08	meta-pipeline
2026-06-03T16:51:37.2154823+00:00	WorkerStarted	Layer03Node08	26100
2026-06-03T16:51:37.2157403+00:00	WorkerControlPipe	Layer03Node08	meta-orchestration-55b5f3cea4094a0680cc26430c3f7e52
2026-06-03T16:51:37.2161227+00:00	WorkerLog	Layer03Node08	stdout=C:\Users\jimmy\Desktop\meta-bi\Samples\Demos\MetaOrchestrationHairballCliIntegration\Runs\hairball-seed-20260530\RunArtifacts\runs\20260603-165114_89d168495a1e4d0688f9f76490956098\logs\Layer03Node08-26100.stdout.log; stderr=C:\Users\jimmy\Desktop\meta-bi\Samples\Demos\MetaOrchestrationHairballCliIntegration\Runs\hairball-seed-20260530\RunArtifacts\runs\20260603-165114_89d168495a1e4d0688f9f76490956098\logs\Layer03Node08-26100.stderr.log
2026-06-03T16:51:37.2295953+00:00	WorkerEvent	Layer03Node08	WorkerOnline; ExitCode=0; online
2026-06-03T16:51:37.2309694+00:00	WorkerEvent	Layer03Node08	WorkerReady; ExitCode=0; ready
2026-06-03T16:51:37.2330368+00:00	StartPipeline	Layer03Node08	Layer03Node08
2026-06-03T16:51:37.5833846+00:00	WorkerEvent	Layer03Node08	PipelineStarted; ExitCode=0; pipeline started
2026-06-03T16:51:37.5847739+00:00	WorkerEvent	Layer03Node08.export-l03-n08	TaskReady; ExitCode=0; 
2026-06-03T16:51:37.5855145+00:00	GrantTask	Layer03Node08.export-l03-n08	Layer03Node08.export-l03-n08; GrantId=grant-46; Attempt=1
2026-06-03T16:51:37.5858899+00:00	WorkerEvent	Layer03Node08.export-l03-n08	GrantAccepted; ExitCode=0; 
2026-06-03T16:51:37.5866643+00:00	WorkerEvent	Layer03Node08.export-l03-n08	TaskStarted; ExitCode=0; 
2026-06-03T16:51:37.8793108+00:00	WorkerEvent	Layer03Node08.export-l03-n08	TaskSucceeded; ExitCode=0; 
2026-06-03T16:51:37.8799161+00:00	TaskSucceeded	Layer03Node08.export-l03-n08	0
2026-06-03T16:51:37.9013021+00:00	WorkerEvent	Layer03Node08	Closed; ExitCode=0; 
2026-06-03T16:51:37.9019021+00:00	WorkerStarting	Layer03Node10	meta-pipeline
2026-06-03T16:51:37.9678516+00:00	WorkerStarted	Layer03Node10	8396
2026-06-03T16:51:37.9681140+00:00	WorkerControlPipe	Layer03Node10	meta-orchestration-356df426ad6047799d5986208da7a045
2026-06-03T16:51:37.9685387+00:00	WorkerLog	Layer03Node10	stdout=C:\Users\jimmy\Desktop\meta-bi\Samples\Demos\MetaOrchestrationHairballCliIntegration\Runs\hairball-seed-20260530\RunArtifacts\runs\20260603-165114_89d168495a1e4d0688f9f76490956098\logs\Layer03Node10-8396.stdout.log; stderr=C:\Users\jimmy\Desktop\meta-bi\Samples\Demos\MetaOrchestrationHairballCliIntegration\Runs\hairball-seed-20260530\RunArtifacts\runs\20260603-165114_89d168495a1e4d0688f9f76490956098\logs\Layer03Node10-8396.stderr.log
2026-06-03T16:51:37.9817442+00:00	WorkerEvent	Layer03Node10	WorkerOnline; ExitCode=0; online
2026-06-03T16:51:37.9831654+00:00	WorkerEvent	Layer03Node10	WorkerReady; ExitCode=0; ready
2026-06-03T16:51:37.9851723+00:00	StartPipeline	Layer03Node10	Layer03Node10
2026-06-03T16:51:38.3155145+00:00	WorkerEvent	Layer03Node10	PipelineStarted; ExitCode=0; pipeline started
2026-06-03T16:51:38.3169440+00:00	WorkerEvent	Layer03Node10.refresh-l03-n10	TaskReady; ExitCode=0; 
2026-06-03T16:51:38.3177037+00:00	GrantTask	Layer03Node10.refresh-l03-n10	Layer03Node10.refresh-l03-n10; GrantId=grant-47; Attempt=1
2026-06-03T16:51:38.3185572+00:00	WorkerEvent	Layer03Node10.refresh-l03-n10	GrantAccepted; ExitCode=0; 
2026-06-03T16:51:38.3193412+00:00	WorkerEvent	Layer03Node10.refresh-l03-n10	TaskStarted; ExitCode=0; 
2026-06-03T16:51:38.5557957+00:00	WorkerEvent	Layer03Node10.refresh-l03-n10	TaskSucceeded; ExitCode=0; 
2026-06-03T16:51:38.5563918+00:00	TaskSucceeded	Layer03Node10.refresh-l03-n10	0
2026-06-03T16:51:38.5777188+00:00	WorkerEvent	Layer03Node10	Closed; ExitCode=0; 
2026-06-03T16:51:38.5788473+00:00	WorkerStarting	Layer04Node01	meta-pipeline
2026-06-03T16:51:38.6465028+00:00	WorkerStarted	Layer04Node01	8684
2026-06-03T16:51:38.6467602+00:00	WorkerControlPipe	Layer04Node01	meta-orchestration-3debcd614b5a4ecba405c04f636fd69d
2026-06-03T16:51:38.6470380+00:00	WorkerLog	Layer04Node01	stdout=C:\Users\jimmy\Desktop\meta-bi\Samples\Demos\MetaOrchestrationHairballCliIntegration\Runs\hairball-seed-20260530\RunArtifacts\runs\20260603-165114_89d168495a1e4d0688f9f76490956098\logs\Layer04Node01-8684.stdout.log; stderr=C:\Users\jimmy\Desktop\meta-bi\Samples\Demos\MetaOrchestrationHairballCliIntegration\Runs\hairball-seed-20260530\RunArtifacts\runs\20260603-165114_89d168495a1e4d0688f9f76490956098\logs\Layer04Node01-8684.stderr.log
2026-06-03T16:51:38.6603921+00:00	WorkerEvent	Layer04Node01	WorkerOnline; ExitCode=0; online
2026-06-03T16:51:38.6620945+00:00	WorkerEvent	Layer04Node01	WorkerReady; ExitCode=0; ready
2026-06-03T16:51:38.6644608+00:00	StartPipeline	Layer04Node01	Layer04Node01
2026-06-03T16:51:38.9961569+00:00	WorkerEvent	Layer04Node01	PipelineStarted; ExitCode=0; pipeline started
2026-06-03T16:51:38.9975480+00:00	WorkerEvent	Layer04Node01.refresh-l04-n01	TaskReady; ExitCode=0; 
2026-06-03T16:51:38.9983888+00:00	GrantTask	Layer04Node01.refresh-l04-n01	Layer04Node01.refresh-l04-n01; GrantId=grant-48; Attempt=1
2026-06-03T16:51:38.9988729+00:00	WorkerEvent	Layer04Node01.refresh-l04-n01	GrantAccepted; ExitCode=0; 
2026-06-03T16:51:38.9994875+00:00	WorkerEvent	Layer04Node01.refresh-l04-n01	TaskStarted; ExitCode=0; 
2026-06-03T16:51:39.2397519+00:00	WorkerEvent	Layer04Node01.refresh-l04-n01	TaskSucceeded; ExitCode=0; 
2026-06-03T16:51:39.2402806+00:00	TaskSucceeded	Layer04Node01.refresh-l04-n01	0
2026-06-03T16:51:39.2614286+00:00	WorkerEvent	Layer04Node01	Closed; ExitCode=0; 
2026-06-03T16:51:39.2619849+00:00	WorkerStarting	Layer04Node02	meta-pipeline
2026-06-03T16:51:39.3283212+00:00	WorkerStarted	Layer04Node02	5620
2026-06-03T16:51:39.3285942+00:00	WorkerControlPipe	Layer04Node02	meta-orchestration-6b578efe04804269980f150d7014978c
2026-06-03T16:51:39.3290134+00:00	WorkerLog	Layer04Node02	stdout=C:\Users\jimmy\Desktop\meta-bi\Samples\Demos\MetaOrchestrationHairballCliIntegration\Runs\hairball-seed-20260530\RunArtifacts\runs\20260603-165114_89d168495a1e4d0688f9f76490956098\logs\Layer04Node02-5620.stdout.log; stderr=C:\Users\jimmy\Desktop\meta-bi\Samples\Demos\MetaOrchestrationHairballCliIntegration\Runs\hairball-seed-20260530\RunArtifacts\runs\20260603-165114_89d168495a1e4d0688f9f76490956098\logs\Layer04Node02-5620.stderr.log
2026-06-03T16:51:39.3418371+00:00	WorkerEvent	Layer04Node02	WorkerOnline; ExitCode=0; online
2026-06-03T16:51:39.3433854+00:00	WorkerEvent	Layer04Node02	WorkerReady; ExitCode=0; ready
2026-06-03T16:51:39.3459540+00:00	StartPipeline	Layer04Node02	Layer04Node02
2026-06-03T16:51:39.7220131+00:00	WorkerEvent	Layer04Node02	PipelineStarted; ExitCode=0; pipeline started
2026-06-03T16:51:39.7234089+00:00	WorkerEvent	Layer04Node02.export-l04-n02	TaskReady; ExitCode=0; 
2026-06-03T16:51:39.7241753+00:00	GrantTask	Layer04Node02.export-l04-n02	Layer04Node02.export-l04-n02; GrantId=grant-49; Attempt=1
2026-06-03T16:51:39.7245250+00:00	WorkerEvent	Layer04Node02.export-l04-n02	GrantAccepted; ExitCode=0; 
2026-06-03T16:51:39.7252947+00:00	WorkerEvent	Layer04Node02.export-l04-n02	TaskStarted; ExitCode=0; 
2026-06-03T16:51:40.0243249+00:00	WorkerEvent	Layer04Node02.export-l04-n02	TaskSucceeded; ExitCode=0; 
2026-06-03T16:51:40.0249929+00:00	TaskSucceeded	Layer04Node02.export-l04-n02	0
2026-06-03T16:51:40.0456042+00:00	WorkerEvent	Layer04Node02	Closed; ExitCode=0; 
2026-06-03T16:51:40.0461489+00:00	WorkerStarting	Layer04Node03	meta-pipeline
2026-06-03T16:51:40.1166831+00:00	WorkerStarted	Layer04Node03	25032
2026-06-03T16:51:40.1169534+00:00	WorkerControlPipe	Layer04Node03	meta-orchestration-f0cfca183a9442e0adf2e35c00a6fddd
2026-06-03T16:51:40.1173234+00:00	WorkerLog	Layer04Node03	stdout=C:\Users\jimmy\Desktop\meta-bi\Samples\Demos\MetaOrchestrationHairballCliIntegration\Runs\hairball-seed-20260530\RunArtifacts\runs\20260603-165114_89d168495a1e4d0688f9f76490956098\logs\Layer04Node03-25032.stdout.log; stderr=C:\Users\jimmy\Desktop\meta-bi\Samples\Demos\MetaOrchestrationHairballCliIntegration\Runs\hairball-seed-20260530\RunArtifacts\runs\20260603-165114_89d168495a1e4d0688f9f76490956098\logs\Layer04Node03-25032.stderr.log
2026-06-03T16:51:40.1311422+00:00	WorkerEvent	Layer04Node03	WorkerOnline; ExitCode=0; online
2026-06-03T16:51:40.1327076+00:00	WorkerEvent	Layer04Node03	WorkerReady; ExitCode=0; ready
2026-06-03T16:51:40.1348690+00:00	StartPipeline	Layer04Node03	Layer04Node03
2026-06-03T16:51:40.4685867+00:00	WorkerEvent	Layer04Node03	PipelineStarted; ExitCode=0; pipeline started
2026-06-03T16:51:40.4699371+00:00	WorkerEvent	Layer04Node03.refresh-l04-n03	TaskReady; ExitCode=0; 
2026-06-03T16:51:40.4707709+00:00	GrantTask	Layer04Node03.refresh-l04-n03	Layer04Node03.refresh-l04-n03; GrantId=grant-50; Attempt=1
2026-06-03T16:51:40.4712540+00:00	WorkerEvent	Layer04Node03.refresh-l04-n03	GrantAccepted; ExitCode=0; 
2026-06-03T16:51:40.4718801+00:00	WorkerEvent	Layer04Node03.refresh-l04-n03	TaskStarted; ExitCode=0; 
2026-06-03T16:51:40.7069471+00:00	WorkerEvent	Layer04Node03.refresh-l04-n03	TaskSucceeded; ExitCode=0; 
2026-06-03T16:51:40.7075459+00:00	TaskSucceeded	Layer04Node03.refresh-l04-n03	0
2026-06-03T16:51:40.7293819+00:00	WorkerEvent	Layer04Node03	Closed; ExitCode=0; 
2026-06-03T16:51:40.7300462+00:00	WorkerStarting	Layer04Node04	meta-pipeline
2026-06-03T16:51:40.7977054+00:00	WorkerStarted	Layer04Node04	20628
2026-06-03T16:51:40.7980368+00:00	WorkerControlPipe	Layer04Node04	meta-orchestration-addaa84d82c0406c8cbc218c565b2225
2026-06-03T16:51:40.7983228+00:00	WorkerLog	Layer04Node04	stdout=C:\Users\jimmy\Desktop\meta-bi\Samples\Demos\MetaOrchestrationHairballCliIntegration\Runs\hairball-seed-20260530\RunArtifacts\runs\20260603-165114_89d168495a1e4d0688f9f76490956098\logs\Layer04Node04-20628.stdout.log; stderr=C:\Users\jimmy\Desktop\meta-bi\Samples\Demos\MetaOrchestrationHairballCliIntegration\Runs\hairball-seed-20260530\RunArtifacts\runs\20260603-165114_89d168495a1e4d0688f9f76490956098\logs\Layer04Node04-20628.stderr.log
2026-06-03T16:51:40.8118731+00:00	WorkerEvent	Layer04Node04	WorkerOnline; ExitCode=0; online
2026-06-03T16:51:40.8130483+00:00	WorkerEvent	Layer04Node04	WorkerReady; ExitCode=0; ready
2026-06-03T16:51:40.8154151+00:00	StartPipeline	Layer04Node04	Layer04Node04
2026-06-03T16:51:41.1501861+00:00	WorkerEvent	Layer04Node04	PipelineStarted; ExitCode=0; pipeline started
2026-06-03T16:51:41.1515448+00:00	WorkerEvent	Layer04Node04.refresh-l04-n04	TaskReady; ExitCode=0; 
2026-06-03T16:51:41.1523116+00:00	GrantTask	Layer04Node04.refresh-l04-n04	Layer04Node04.refresh-l04-n04; GrantId=grant-51; Attempt=1
2026-06-03T16:51:41.1529488+00:00	WorkerEvent	Layer04Node04.refresh-l04-n04	GrantAccepted; ExitCode=0; 
2026-06-03T16:51:41.1535648+00:00	WorkerEvent	Layer04Node04.refresh-l04-n04	TaskStarted; ExitCode=0; 
2026-06-03T16:51:41.3874203+00:00	WorkerEvent	Layer04Node04.refresh-l04-n04	TaskSucceeded; ExitCode=0; 
2026-06-03T16:51:41.3880243+00:00	TaskSucceeded	Layer04Node04.refresh-l04-n04	0
2026-06-03T16:51:41.4084979+00:00	WorkerEvent	Layer04Node04	Closed; ExitCode=0; 
2026-06-03T16:51:41.4091124+00:00	WorkerStarting	Layer04Node05	meta-pipeline
2026-06-03T16:51:41.4769854+00:00	WorkerStarted	Layer04Node05	27280
2026-06-03T16:51:41.4774612+00:00	WorkerControlPipe	Layer04Node05	meta-orchestration-75bc3b150693482eacb33394fbe87c7b
2026-06-03T16:51:41.4778063+00:00	WorkerLog	Layer04Node05	stdout=C:\Users\jimmy\Desktop\meta-bi\Samples\Demos\MetaOrchestrationHairballCliIntegration\Runs\hairball-seed-20260530\RunArtifacts\runs\20260603-165114_89d168495a1e4d0688f9f76490956098\logs\Layer04Node05-27280.stdout.log; stderr=C:\Users\jimmy\Desktop\meta-bi\Samples\Demos\MetaOrchestrationHairballCliIntegration\Runs\hairball-seed-20260530\RunArtifacts\runs\20260603-165114_89d168495a1e4d0688f9f76490956098\logs\Layer04Node05-27280.stderr.log
2026-06-03T16:51:41.4907485+00:00	WorkerEvent	Layer04Node05	WorkerOnline; ExitCode=0; online
2026-06-03T16:51:41.4923762+00:00	WorkerEvent	Layer04Node05	WorkerReady; ExitCode=0; ready
2026-06-03T16:51:41.4950505+00:00	StartPipeline	Layer04Node05	Layer04Node05
2026-06-03T16:51:41.8578072+00:00	WorkerEvent	Layer04Node05	PipelineStarted; ExitCode=0; pipeline started
2026-06-03T16:51:41.8593103+00:00	WorkerEvent	Layer04Node05.select-l04-n05	TaskReady; ExitCode=0; 
2026-06-03T16:51:41.8601567+00:00	GrantTask	Layer04Node05.select-l04-n05	Layer04Node05.select-l04-n05; GrantId=grant-52; Attempt=1
2026-06-03T16:51:41.8606561+00:00	WorkerEvent	Layer04Node05.select-l04-n05	GrantAccepted; ExitCode=0; 
2026-06-03T16:51:41.8611921+00:00	WorkerEvent	Layer04Node05.select-l04-n05	TaskStarted; ExitCode=0; 
2026-06-03T16:51:42.1187860+00:00	WorkerEvent	Layer04Node05.select-l04-n05	TaskSucceeded; ExitCode=0; 
2026-06-03T16:51:42.1194354+00:00	TaskSucceeded	Layer04Node05.select-l04-n05	0
2026-06-03T16:51:42.1399510+00:00	WorkerEvent	Layer04Node05	Closed; ExitCode=0; 
2026-06-03T16:51:42.1404700+00:00	WorkerStarting	Layer04Node06	meta-pipeline
2026-06-03T16:51:42.2083520+00:00	WorkerStarted	Layer04Node06	20624
2026-06-03T16:51:42.2086222+00:00	WorkerControlPipe	Layer04Node06	meta-orchestration-ace62bd995504c28afcb625f9d7ab4a4
2026-06-03T16:51:42.2088970+00:00	WorkerLog	Layer04Node06	stdout=C:\Users\jimmy\Desktop\meta-bi\Samples\Demos\MetaOrchestrationHairballCliIntegration\Runs\hairball-seed-20260530\RunArtifacts\runs\20260603-165114_89d168495a1e4d0688f9f76490956098\logs\Layer04Node06-20624.stdout.log; stderr=C:\Users\jimmy\Desktop\meta-bi\Samples\Demos\MetaOrchestrationHairballCliIntegration\Runs\hairball-seed-20260530\RunArtifacts\runs\20260603-165114_89d168495a1e4d0688f9f76490956098\logs\Layer04Node06-20624.stderr.log
2026-06-03T16:51:42.2219385+00:00	WorkerEvent	Layer04Node06	WorkerOnline; ExitCode=0; online
2026-06-03T16:51:42.2235741+00:00	WorkerEvent	Layer04Node06	WorkerReady; ExitCode=0; ready
2026-06-03T16:51:42.2260977+00:00	StartPipeline	Layer04Node06	Layer04Node06
2026-06-03T16:51:42.5622841+00:00	WorkerEvent	Layer04Node06	PipelineStarted; ExitCode=0; pipeline started
2026-06-03T16:51:42.5636971+00:00	WorkerEvent	Layer04Node06.refresh-l04-n06	TaskReady; ExitCode=0; 
2026-06-03T16:51:42.5647629+00:00	GrantTask	Layer04Node06.refresh-l04-n06	Layer04Node06.refresh-l04-n06; GrantId=grant-53; Attempt=1
2026-06-03T16:51:42.5653245+00:00	WorkerEvent	Layer04Node06.refresh-l04-n06	GrantAccepted; ExitCode=0; 
2026-06-03T16:51:42.5660397+00:00	WorkerEvent	Layer04Node06.refresh-l04-n06	TaskStarted; ExitCode=0; 
2026-06-03T16:51:42.8032168+00:00	WorkerEvent	Layer04Node06.refresh-l04-n06	TaskSucceeded; ExitCode=0; 
2026-06-03T16:51:42.8037741+00:00	TaskSucceeded	Layer04Node06.refresh-l04-n06	0
2026-06-03T16:51:42.8238314+00:00	WorkerEvent	Layer04Node06	Closed; ExitCode=0; 
2026-06-03T16:51:42.8247189+00:00	WorkerStarting	Layer04Node07	meta-pipeline
2026-06-03T16:51:42.8913035+00:00	WorkerStarted	Layer04Node07	30624
2026-06-03T16:51:42.8917197+00:00	WorkerControlPipe	Layer04Node07	meta-orchestration-a9a101951249429187ce014482b8853f
2026-06-03T16:51:42.8921169+00:00	WorkerLog	Layer04Node07	stdout=C:\Users\jimmy\Desktop\meta-bi\Samples\Demos\MetaOrchestrationHairballCliIntegration\Runs\hairball-seed-20260530\RunArtifacts\runs\20260603-165114_89d168495a1e4d0688f9f76490956098\logs\Layer04Node07-30624.stdout.log; stderr=C:\Users\jimmy\Desktop\meta-bi\Samples\Demos\MetaOrchestrationHairballCliIntegration\Runs\hairball-seed-20260530\RunArtifacts\runs\20260603-165114_89d168495a1e4d0688f9f76490956098\logs\Layer04Node07-30624.stderr.log
2026-06-03T16:51:42.9053363+00:00	WorkerEvent	Layer04Node07	WorkerOnline; ExitCode=0; online
2026-06-03T16:51:42.9065984+00:00	WorkerEvent	Layer04Node07	WorkerReady; ExitCode=0; ready
2026-06-03T16:51:42.9100553+00:00	StartPipeline	Layer04Node07	Layer04Node07
2026-06-03T16:51:43.2604590+00:00	WorkerEvent	Layer04Node07	PipelineStarted; ExitCode=0; pipeline started
2026-06-03T16:51:43.2634268+00:00	WorkerEvent	Layer04Node07.refresh-l04-n07	TaskReady; ExitCode=0; 
2026-06-03T16:51:43.2643462+00:00	GrantTask	Layer04Node07.refresh-l04-n07	Layer04Node07.refresh-l04-n07; GrantId=grant-54; Attempt=1
2026-06-03T16:51:43.2651296+00:00	WorkerEvent	Layer04Node07.refresh-l04-n07	GrantAccepted; ExitCode=0; 
2026-06-03T16:51:43.2658755+00:00	WorkerEvent	Layer04Node07.refresh-l04-n07	TaskStarted; ExitCode=0; 
2026-06-03T16:51:43.5191340+00:00	WorkerEvent	Layer04Node07.refresh-l04-n07	TaskSucceeded; ExitCode=0; 
2026-06-03T16:51:43.5197895+00:00	TaskSucceeded	Layer04Node07.refresh-l04-n07	0
2026-06-03T16:51:43.5406943+00:00	WorkerEvent	Layer04Node07	Closed; ExitCode=0; 
2026-06-03T16:51:43.5413255+00:00	WorkerStarting	Layer04Node08	meta-pipeline
2026-06-03T16:51:43.6108683+00:00	WorkerStarted	Layer04Node08	20108
2026-06-03T16:51:43.6111238+00:00	WorkerControlPipe	Layer04Node08	meta-orchestration-b28ce7498cf0483ea861b8548acdc493
2026-06-03T16:51:43.6115294+00:00	WorkerLog	Layer04Node08	stdout=C:\Users\jimmy\Desktop\meta-bi\Samples\Demos\MetaOrchestrationHairballCliIntegration\Runs\hairball-seed-20260530\RunArtifacts\runs\20260603-165114_89d168495a1e4d0688f9f76490956098\logs\Layer04Node08-20108.stdout.log; stderr=C:\Users\jimmy\Desktop\meta-bi\Samples\Demos\MetaOrchestrationHairballCliIntegration\Runs\hairball-seed-20260530\RunArtifacts\runs\20260603-165114_89d168495a1e4d0688f9f76490956098\logs\Layer04Node08-20108.stderr.log
2026-06-03T16:51:43.6253294+00:00	WorkerEvent	Layer04Node08	WorkerOnline; ExitCode=0; online
2026-06-03T16:51:43.6270337+00:00	WorkerEvent	Layer04Node08	WorkerReady; ExitCode=0; ready
2026-06-03T16:51:43.6291238+00:00	StartPipeline	Layer04Node08	Layer04Node08
2026-06-03T16:51:44.0029261+00:00	WorkerEvent	Layer04Node08	PipelineStarted; ExitCode=0; pipeline started
2026-06-03T16:51:44.0042234+00:00	WorkerEvent	Layer04Node08.select-l04-n08	TaskReady; ExitCode=0; 
2026-06-03T16:51:44.0049507+00:00	GrantTask	Layer04Node08.select-l04-n08	Layer04Node08.select-l04-n08; GrantId=grant-55; Attempt=1
2026-06-03T16:51:44.0054946+00:00	WorkerEvent	Layer04Node08.select-l04-n08	GrantAccepted; ExitCode=0; 
2026-06-03T16:51:44.0059797+00:00	WorkerEvent	Layer04Node08.select-l04-n08	TaskStarted; ExitCode=0; 
2026-06-03T16:51:44.2773458+00:00	WorkerEvent	Layer04Node08.select-l04-n08	TaskSucceeded; ExitCode=0; 
2026-06-03T16:51:44.2779537+00:00	TaskSucceeded	Layer04Node08.select-l04-n08	0
2026-06-03T16:51:44.2992850+00:00	WorkerEvent	Layer04Node08	Closed; ExitCode=0; 
2026-06-03T16:51:44.2998940+00:00	WorkerStarting	Layer04Node09	meta-pipeline
2026-06-03T16:51:44.3694995+00:00	WorkerStarted	Layer04Node09	30216
2026-06-03T16:51:44.3697631+00:00	WorkerControlPipe	Layer04Node09	meta-orchestration-fa799edb0269497e82d583dc6b100156
2026-06-03T16:51:44.3700356+00:00	WorkerLog	Layer04Node09	stdout=C:\Users\jimmy\Desktop\meta-bi\Samples\Demos\MetaOrchestrationHairballCliIntegration\Runs\hairball-seed-20260530\RunArtifacts\runs\20260603-165114_89d168495a1e4d0688f9f76490956098\logs\Layer04Node09-30216.stdout.log; stderr=C:\Users\jimmy\Desktop\meta-bi\Samples\Demos\MetaOrchestrationHairballCliIntegration\Runs\hairball-seed-20260530\RunArtifacts\runs\20260603-165114_89d168495a1e4d0688f9f76490956098\logs\Layer04Node09-30216.stderr.log
2026-06-03T16:51:44.3844773+00:00	WorkerEvent	Layer04Node09	WorkerOnline; ExitCode=0; online
2026-06-03T16:51:44.3859879+00:00	WorkerEvent	Layer04Node09	WorkerReady; ExitCode=0; ready
2026-06-03T16:51:44.3884631+00:00	StartPipeline	Layer04Node09	Layer04Node09
2026-06-03T16:51:44.7910226+00:00	WorkerEvent	Layer04Node09	PipelineStarted; ExitCode=0; pipeline started
2026-06-03T16:51:44.7925233+00:00	WorkerEvent	Layer04Node09.select-l04-n09	TaskReady; ExitCode=0; 
2026-06-03T16:51:44.7933473+00:00	GrantTask	Layer04Node09.select-l04-n09	Layer04Node09.select-l04-n09; GrantId=grant-56; Attempt=1
2026-06-03T16:51:44.7938426+00:00	WorkerEvent	Layer04Node09.select-l04-n09	GrantAccepted; ExitCode=0; 
2026-06-03T16:51:44.7945121+00:00	WorkerEvent	Layer04Node09.select-l04-n09	TaskStarted; ExitCode=0; 
2026-06-03T16:51:45.0714322+00:00	WorkerEvent	Layer04Node09.select-l04-n09	TaskSucceeded; ExitCode=0; 
2026-06-03T16:51:45.0720938+00:00	TaskSucceeded	Layer04Node09.select-l04-n09	0
2026-06-03T16:51:45.0982093+00:00	WorkerEvent	Layer04Node09	Closed; ExitCode=0; 
2026-06-03T16:51:45.0988635+00:00	WorkerStarting	Layer04Hub	meta-pipeline
2026-06-03T16:51:45.1707056+00:00	WorkerStarted	Layer04Hub	18556
2026-06-03T16:51:45.1710279+00:00	WorkerControlPipe	Layer04Hub	meta-orchestration-df067e5447f34872ae781635c2be63cb
2026-06-03T16:51:45.1713134+00:00	WorkerLog	Layer04Hub	stdout=C:\Users\jimmy\Desktop\meta-bi\Samples\Demos\MetaOrchestrationHairballCliIntegration\Runs\hairball-seed-20260530\RunArtifacts\runs\20260603-165114_89d168495a1e4d0688f9f76490956098\logs\Layer04Hub-18556.stdout.log; stderr=C:\Users\jimmy\Desktop\meta-bi\Samples\Demos\MetaOrchestrationHairballCliIntegration\Runs\hairball-seed-20260530\RunArtifacts\runs\20260603-165114_89d168495a1e4d0688f9f76490956098\logs\Layer04Hub-18556.stderr.log
2026-06-03T16:51:45.1861167+00:00	WorkerEvent	Layer04Hub	WorkerOnline; ExitCode=0; online
2026-06-03T16:51:45.1873494+00:00	WorkerEvent	Layer04Hub	WorkerReady; ExitCode=0; ready
2026-06-03T16:51:45.1900678+00:00	StartPipeline	Layer04Hub	Layer04Hub
2026-06-03T16:51:45.6947389+00:00	WorkerEvent	Layer04Hub	PipelineStarted; ExitCode=0; pipeline started
2026-06-03T16:51:45.6966650+00:00	WorkerEvent	Layer04Hub.hub-l04-stage	TaskReady; ExitCode=0; 
2026-06-03T16:51:45.6975836+00:00	GrantTask	Layer04Hub.hub-l04-stage	Layer04Hub.hub-l04-stage; GrantId=grant-57; Attempt=1
2026-06-03T16:51:45.6982409+00:00	WorkerEvent	Layer04Hub.hub-l04-stage	GrantAccepted; ExitCode=0; 
2026-06-03T16:51:45.6988628+00:00	WorkerEvent	Layer04Hub.hub-l04-stage	TaskStarted; ExitCode=0; 
2026-06-03T16:51:45.9731517+00:00	WorkerEvent	Layer04Hub.hub-l04-stage	TaskSucceeded; ExitCode=0; 
2026-06-03T16:51:45.9737064+00:00	TaskSucceeded	Layer04Hub.hub-l04-stage	0
2026-06-03T16:51:45.9742545+00:00	WorkerEvent	Layer04Hub.hub-l04-curate	TaskReady; ExitCode=0; 
2026-06-03T16:51:45.9747274+00:00	GrantTask	Layer04Hub.hub-l04-curate	Layer04Hub.hub-l04-curate; GrantId=grant-58; Attempt=1
2026-06-03T16:51:45.9750001+00:00	WorkerEvent	Layer04Hub.hub-l04-curate	GrantAccepted; ExitCode=0; 
2026-06-03T16:51:45.9755170+00:00	WorkerEvent	Layer04Hub.hub-l04-curate	TaskStarted; ExitCode=0; 
2026-06-03T16:51:46.0275362+00:00	WorkerEvent	Layer04Hub.hub-l04-curate	TaskSucceeded; ExitCode=0; 
2026-06-03T16:51:46.0279669+00:00	TaskSucceeded	Layer04Hub.hub-l04-curate	0
2026-06-03T16:51:46.0284357+00:00	WorkerEvent	Layer04Hub.hub-l04-publish	TaskReady; ExitCode=0; 
2026-06-03T16:51:46.0289083+00:00	GrantTask	Layer04Hub.hub-l04-publish	Layer04Hub.hub-l04-publish; GrantId=grant-59; Attempt=1
2026-06-03T16:51:46.0291966+00:00	WorkerEvent	Layer04Hub.hub-l04-publish	GrantAccepted; ExitCode=0; 
2026-06-03T16:51:46.0295683+00:00	WorkerEvent	Layer04Hub.hub-l04-publish	TaskStarted; ExitCode=0; 
2026-06-03T16:51:46.1711791+00:00	WorkerEvent	Layer04Hub.hub-l04-publish	TaskSucceeded; ExitCode=0; 
2026-06-03T16:51:46.1716785+00:00	TaskSucceeded	Layer04Hub.hub-l04-publish	0
2026-06-03T16:51:46.1970503+00:00	WorkerEvent	Layer04Hub	Closed; ExitCode=0; 
2026-06-03T16:51:46.1977180+00:00	WorkerResuming	BridgeL03L04	ResumeTaskId=BridgeL03L04.bridge-l03-l04-collect; Executable=meta-pipeline
2026-06-03T16:51:46.2671130+00:00	WorkerStarted	BridgeL03L04	28328
2026-06-03T16:51:46.2673755+00:00	WorkerControlPipe	BridgeL03L04	meta-orchestration-a4fb4e28793648008c248c4d7c124008
2026-06-03T16:51:46.2675770+00:00	WorkerLog	BridgeL03L04	stdout=C:\Users\jimmy\Desktop\meta-bi\Samples\Demos\MetaOrchestrationHairballCliIntegration\Runs\hairball-seed-20260530\RunArtifacts\runs\20260603-165114_89d168495a1e4d0688f9f76490956098\logs\BridgeL03L04-28328.stdout.log; stderr=C:\Users\jimmy\Desktop\meta-bi\Samples\Demos\MetaOrchestrationHairballCliIntegration\Runs\hairball-seed-20260530\RunArtifacts\runs\20260603-165114_89d168495a1e4d0688f9f76490956098\logs\BridgeL03L04-28328.stderr.log
2026-06-03T16:51:46.2807918+00:00	WorkerEvent	BridgeL03L04	WorkerOnline; ExitCode=0; online
2026-06-03T16:51:46.2819245+00:00	WorkerEvent	BridgeL03L04	WorkerReady; ExitCode=0; ready
2026-06-03T16:51:46.2838976+00:00	StartPipeline	BridgeL03L04	BridgeL03L04
2026-06-03T16:51:46.8282812+00:00	WorkerEvent	BridgeL03L04	PipelineStarted; ExitCode=0; pipeline started
2026-06-03T16:51:46.8296855+00:00	WorkerEvent	BridgeL03L04.bridge-l03-l04-collect	TaskReady; ExitCode=0; 
2026-06-03T16:51:46.8303726+00:00	GrantTask	BridgeL03L04.bridge-l03-l04-collect	BridgeL03L04.bridge-l03-l04-collect; GrantId=grant-60; Attempt=1
2026-06-03T16:51:46.8307827+00:00	WorkerEvent	BridgeL03L04.bridge-l03-l04-collect	GrantAccepted; ExitCode=0; 
2026-06-03T16:51:46.8314261+00:00	WorkerEvent	BridgeL03L04.bridge-l03-l04-collect	TaskStarted; ExitCode=0; 
2026-06-03T16:51:47.2003435+00:00	WorkerEvent	BridgeL03L04.bridge-l03-l04-collect	TaskSucceeded; ExitCode=0; 
2026-06-03T16:51:47.2009023+00:00	TaskSucceeded	BridgeL03L04.bridge-l03-l04-collect	0
2026-06-03T16:51:47.2015193+00:00	WorkerEvent	BridgeL03L04.bridge-l03-l04-north	TaskReady; ExitCode=0; 
2026-06-03T16:51:47.2020343+00:00	GrantTask	BridgeL03L04.bridge-l03-l04-north	BridgeL03L04.bridge-l03-l04-north; GrantId=grant-61; Attempt=1
2026-06-03T16:51:47.2031439+00:00	WorkerEvent	BridgeL03L04.bridge-l03-l04-north	GrantAccepted; ExitCode=0; 
2026-06-03T16:51:47.2037497+00:00	WorkerEvent	BridgeL03L04.bridge-l03-l04-north	TaskStarted; ExitCode=0; 
2026-06-03T16:51:47.2889792+00:00	WorkerEvent	BridgeL03L04.bridge-l03-l04-north	TaskSucceeded; ExitCode=0; 
2026-06-03T16:51:47.2897956+00:00	TaskSucceeded	BridgeL03L04.bridge-l03-l04-north	0
2026-06-03T16:51:47.2905965+00:00	WorkerEvent	BridgeL03L04.bridge-l03-l04-south	TaskReady; ExitCode=0; 
2026-06-03T16:51:47.2918329+00:00	GrantTask	BridgeL03L04.bridge-l03-l04-south	BridgeL03L04.bridge-l03-l04-south; GrantId=grant-62; Attempt=1
2026-06-03T16:51:47.2922255+00:00	WorkerEvent	BridgeL03L04.bridge-l03-l04-south	GrantAccepted; ExitCode=0; 
2026-06-03T16:51:47.2936990+00:00	WorkerEvent	BridgeL03L04.bridge-l03-l04-south	TaskStarted; ExitCode=0; 
2026-06-03T16:51:47.3624758+00:00	WorkerEvent	BridgeL03L04.bridge-l03-l04-south	TaskSucceeded; ExitCode=0; 
2026-06-03T16:51:47.3629053+00:00	TaskSucceeded	BridgeL03L04.bridge-l03-l04-south	0
2026-06-03T16:51:47.3875807+00:00	WorkerEvent	BridgeL03L04	Closed; ExitCode=0; 
2026-06-03T16:51:47.3881359+00:00	WorkerStarting	Layer05Node01	meta-pipeline
2026-06-03T16:51:47.4614402+00:00	WorkerStarted	Layer05Node01	16128
2026-06-03T16:51:47.4617340+00:00	WorkerControlPipe	Layer05Node01	meta-orchestration-381fb38bc3e848d1abdb79a62d2af34a
2026-06-03T16:51:47.4619432+00:00	WorkerLog	Layer05Node01	stdout=C:\Users\jimmy\Desktop\meta-bi\Samples\Demos\MetaOrchestrationHairballCliIntegration\Runs\hairball-seed-20260530\RunArtifacts\runs\20260603-165114_89d168495a1e4d0688f9f76490956098\logs\Layer05Node01-16128.stdout.log; stderr=C:\Users\jimmy\Desktop\meta-bi\Samples\Demos\MetaOrchestrationHairballCliIntegration\Runs\hairball-seed-20260530\RunArtifacts\runs\20260603-165114_89d168495a1e4d0688f9f76490956098\logs\Layer05Node01-16128.stderr.log
2026-06-03T16:51:47.4801402+00:00	WorkerEvent	Layer05Node01	WorkerOnline; ExitCode=0; online
2026-06-03T16:51:47.4814827+00:00	WorkerEvent	Layer05Node01	WorkerReady; ExitCode=0; ready
2026-06-03T16:51:47.4837346+00:00	StartPipeline	Layer05Node01	Layer05Node01
2026-06-03T16:51:47.9119884+00:00	WorkerEvent	Layer05Node01	PipelineStarted; ExitCode=0; pipeline started
2026-06-03T16:51:47.9132045+00:00	WorkerEvent	Layer05Node01.select-l05-n01	TaskReady; ExitCode=0; 
2026-06-03T16:51:47.9140813+00:00	GrantTask	Layer05Node01.select-l05-n01	Layer05Node01.select-l05-n01; GrantId=grant-63; Attempt=1
2026-06-03T16:51:47.9146857+00:00	WorkerEvent	Layer05Node01.select-l05-n01	GrantAccepted; ExitCode=0; 
2026-06-03T16:51:47.9153985+00:00	WorkerEvent	Layer05Node01.select-l05-n01	TaskStarted; ExitCode=0; 
2026-06-03T16:51:48.2065736+00:00	WorkerEvent	Layer05Node01.select-l05-n01	TaskSucceeded; ExitCode=0; 
2026-06-03T16:51:48.2070553+00:00	TaskSucceeded	Layer05Node01.select-l05-n01	0
2026-06-03T16:51:48.2262798+00:00	WorkerEvent	Layer05Node01	Closed; ExitCode=0; 
2026-06-03T16:51:48.2268297+00:00	WorkerStarting	Layer05Node02	meta-pipeline
2026-06-03T16:51:48.2929694+00:00	WorkerStarted	Layer05Node02	31520
2026-06-03T16:51:48.2932393+00:00	WorkerControlPipe	Layer05Node02	meta-orchestration-824b48b709af4249a392e82904b63325
2026-06-03T16:51:48.2934406+00:00	WorkerLog	Layer05Node02	stdout=C:\Users\jimmy\Desktop\meta-bi\Samples\Demos\MetaOrchestrationHairballCliIntegration\Runs\hairball-seed-20260530\RunArtifacts\runs\20260603-165114_89d168495a1e4d0688f9f76490956098\logs\Layer05Node02-31520.stdout.log; stderr=C:\Users\jimmy\Desktop\meta-bi\Samples\Demos\MetaOrchestrationHairballCliIntegration\Runs\hairball-seed-20260530\RunArtifacts\runs\20260603-165114_89d168495a1e4d0688f9f76490956098\logs\Layer05Node02-31520.stderr.log
2026-06-03T16:51:48.3073909+00:00	WorkerEvent	Layer05Node02	WorkerOnline; ExitCode=0; online
2026-06-03T16:51:48.3086416+00:00	WorkerEvent	Layer05Node02	WorkerReady; ExitCode=0; ready
2026-06-03T16:51:48.3107623+00:00	StartPipeline	Layer05Node02	Layer05Node02
2026-06-03T16:51:48.7148515+00:00	WorkerEvent	Layer05Node02	PipelineStarted; ExitCode=0; pipeline started
2026-06-03T16:51:48.7161916+00:00	WorkerEvent	Layer05Node02.select-l05-n02	TaskReady; ExitCode=0; 
2026-06-03T16:51:48.7168901+00:00	GrantTask	Layer05Node02.select-l05-n02	Layer05Node02.select-l05-n02; GrantId=grant-64; Attempt=1
2026-06-03T16:51:48.7173182+00:00	WorkerEvent	Layer05Node02.select-l05-n02	GrantAccepted; ExitCode=0; 
2026-06-03T16:51:48.7179969+00:00	WorkerEvent	Layer05Node02.select-l05-n02	TaskStarted; ExitCode=0; 
2026-06-03T16:51:49.0289897+00:00	WorkerEvent	Layer05Node02.select-l05-n02	TaskSucceeded; ExitCode=0; 
2026-06-03T16:51:49.0297540+00:00	TaskSucceeded	Layer05Node02.select-l05-n02	0
2026-06-03T16:51:49.0723350+00:00	WorkerEvent	Layer05Node02	Closed; ExitCode=0; 
2026-06-03T16:51:49.0733266+00:00	WorkerStarting	Layer05Node03	meta-pipeline
2026-06-03T16:51:49.2081452+00:00	WorkerStarted	Layer05Node03	8316
2026-06-03T16:51:49.2084646+00:00	WorkerControlPipe	Layer05Node03	meta-orchestration-1a28300481ca40be9fdddf6fd7c8d752
2026-06-03T16:51:49.2087176+00:00	WorkerLog	Layer05Node03	stdout=C:\Users\jimmy\Desktop\meta-bi\Samples\Demos\MetaOrchestrationHairballCliIntegration\Runs\hairball-seed-20260530\RunArtifacts\runs\20260603-165114_89d168495a1e4d0688f9f76490956098\logs\Layer05Node03-8316.stdout.log; stderr=C:\Users\jimmy\Desktop\meta-bi\Samples\Demos\MetaOrchestrationHairballCliIntegration\Runs\hairball-seed-20260530\RunArtifacts\runs\20260603-165114_89d168495a1e4d0688f9f76490956098\logs\Layer05Node03-8316.stderr.log
2026-06-03T16:51:49.2259984+00:00	WorkerEvent	Layer05Node03	WorkerOnline; ExitCode=0; online
2026-06-03T16:51:49.2273416+00:00	WorkerEvent	Layer05Node03	WorkerReady; ExitCode=0; ready
2026-06-03T16:51:49.2297928+00:00	StartPipeline	Layer05Node03	Layer05Node03
2026-06-03T16:51:49.6766707+00:00	WorkerEvent	Layer05Node03	PipelineStarted; ExitCode=0; pipeline started
2026-06-03T16:51:49.6778907+00:00	WorkerEvent	Layer05Node03.refresh-l05-n03	TaskReady; ExitCode=0; 
2026-06-03T16:51:49.6787031+00:00	GrantTask	Layer05Node03.refresh-l05-n03	Layer05Node03.refresh-l05-n03; GrantId=grant-65; Attempt=1
2026-06-03T16:51:49.6792732+00:00	WorkerEvent	Layer05Node03.refresh-l05-n03	GrantAccepted; ExitCode=0; 
2026-06-03T16:51:49.6799076+00:00	WorkerEvent	Layer05Node03.refresh-l05-n03	TaskStarted; ExitCode=0; 
2026-06-03T16:51:49.9214901+00:00	WorkerEvent	Layer05Node03.refresh-l05-n03	TaskSucceeded; ExitCode=0; 
2026-06-03T16:51:49.9221192+00:00	TaskSucceeded	Layer05Node03.refresh-l05-n03	0
2026-06-03T16:51:49.9422493+00:00	WorkerEvent	Layer05Node03	Closed; ExitCode=0; 
2026-06-03T16:51:49.9430864+00:00	WorkerStarting	Layer05Node04	meta-pipeline
2026-06-03T16:51:50.0101632+00:00	WorkerStarted	Layer05Node04	7376
2026-06-03T16:51:50.0104446+00:00	WorkerControlPipe	Layer05Node04	meta-orchestration-53bc5670248d4c24b8410e676fda06e1
2026-06-03T16:51:50.0109688+00:00	WorkerLog	Layer05Node04	stdout=C:\Users\jimmy\Desktop\meta-bi\Samples\Demos\MetaOrchestrationHairballCliIntegration\Runs\hairball-seed-20260530\RunArtifacts\runs\20260603-165114_89d168495a1e4d0688f9f76490956098\logs\Layer05Node04-7376.stdout.log; stderr=C:\Users\jimmy\Desktop\meta-bi\Samples\Demos\MetaOrchestrationHairballCliIntegration\Runs\hairball-seed-20260530\RunArtifacts\runs\20260603-165114_89d168495a1e4d0688f9f76490956098\logs\Layer05Node04-7376.stderr.log
2026-06-03T16:51:50.0250761+00:00	WorkerEvent	Layer05Node04	WorkerOnline; ExitCode=0; online
2026-06-03T16:51:50.0266125+00:00	WorkerEvent	Layer05Node04	WorkerReady; ExitCode=0; ready
2026-06-03T16:51:50.0287720+00:00	StartPipeline	Layer05Node04	Layer05Node04
2026-06-03T16:51:50.4169433+00:00	WorkerEvent	Layer05Node04	PipelineStarted; ExitCode=0; pipeline started
2026-06-03T16:51:50.4185186+00:00	WorkerEvent	Layer05Node04.select-l05-n04	TaskReady; ExitCode=0; 
2026-06-03T16:51:50.4192715+00:00	GrantTask	Layer05Node04.select-l05-n04	Layer05Node04.select-l05-n04; GrantId=grant-66; Attempt=1
2026-06-03T16:51:50.4198446+00:00	WorkerEvent	Layer05Node04.select-l05-n04	GrantAccepted; ExitCode=0; 
2026-06-03T16:51:50.4207745+00:00	WorkerEvent	Layer05Node04.select-l05-n04	TaskStarted; ExitCode=0; 
2026-06-03T16:51:50.6849136+00:00	WorkerEvent	Layer05Node04.select-l05-n04	TaskSucceeded; ExitCode=0; 
2026-06-03T16:51:50.6854695+00:00	TaskSucceeded	Layer05Node04.select-l05-n04	0
2026-06-03T16:51:50.7100082+00:00	WorkerEvent	Layer05Node04	Closed; ExitCode=0; 
2026-06-03T16:51:50.7110834+00:00	WorkerStarting	Layer05Node05	meta-pipeline
2026-06-03T16:51:50.7805516+00:00	WorkerStarted	Layer05Node05	2188
2026-06-03T16:51:50.7809085+00:00	WorkerControlPipe	Layer05Node05	meta-orchestration-486e3daae2cc4c81adfd28e037d8928d
2026-06-03T16:51:50.7812697+00:00	WorkerLog	Layer05Node05	stdout=C:\Users\jimmy\Desktop\meta-bi\Samples\Demos\MetaOrchestrationHairballCliIntegration\Runs\hairball-seed-20260530\RunArtifacts\runs\20260603-165114_89d168495a1e4d0688f9f76490956098\logs\Layer05Node05-2188.stdout.log; stderr=C:\Users\jimmy\Desktop\meta-bi\Samples\Demos\MetaOrchestrationHairballCliIntegration\Runs\hairball-seed-20260530\RunArtifacts\runs\20260603-165114_89d168495a1e4d0688f9f76490956098\logs\Layer05Node05-2188.stderr.log
2026-06-03T16:51:50.7943250+00:00	WorkerEvent	Layer05Node05	WorkerOnline; ExitCode=0; online
2026-06-03T16:51:50.7956853+00:00	WorkerEvent	Layer05Node05	WorkerReady; ExitCode=0; ready
2026-06-03T16:51:50.7981040+00:00	StartPipeline	Layer05Node05	Layer05Node05
2026-06-03T16:51:51.1351655+00:00	WorkerEvent	Layer05Node05	PipelineStarted; ExitCode=0; pipeline started
2026-06-03T16:51:51.1373182+00:00	WorkerEvent	Layer05Node05.refresh-l05-n05	TaskReady; ExitCode=0; 
2026-06-03T16:51:51.1390358+00:00	GrantTask	Layer05Node05.refresh-l05-n05	Layer05Node05.refresh-l05-n05; GrantId=grant-67; Attempt=1
2026-06-03T16:51:51.1398905+00:00	WorkerEvent	Layer05Node05.refresh-l05-n05	GrantAccepted; ExitCode=0; 
2026-06-03T16:51:51.1409922+00:00	WorkerEvent	Layer05Node05.refresh-l05-n05	TaskStarted; ExitCode=0; 
2026-06-03T16:51:51.3883798+00:00	WorkerEvent	Layer05Node05.refresh-l05-n05	TaskSucceeded; ExitCode=0; 
2026-06-03T16:51:51.3890510+00:00	TaskSucceeded	Layer05Node05.refresh-l05-n05	0
2026-06-03T16:51:51.4097001+00:00	WorkerEvent	Layer05Node05	Closed; ExitCode=0; 
2026-06-03T16:51:51.4104475+00:00	WorkerStarting	Layer05Node06	meta-pipeline
2026-06-03T16:51:51.4793397+00:00	WorkerStarted	Layer05Node06	28152
2026-06-03T16:51:51.4796135+00:00	WorkerControlPipe	Layer05Node06	meta-orchestration-ed0ba295905d49288adf62ddd6c7a10e
2026-06-03T16:51:51.4798987+00:00	WorkerLog	Layer05Node06	stdout=C:\Users\jimmy\Desktop\meta-bi\Samples\Demos\MetaOrchestrationHairballCliIntegration\Runs\hairball-seed-20260530\RunArtifacts\runs\20260603-165114_89d168495a1e4d0688f9f76490956098\logs\Layer05Node06-28152.stdout.log; stderr=C:\Users\jimmy\Desktop\meta-bi\Samples\Demos\MetaOrchestrationHairballCliIntegration\Runs\hairball-seed-20260530\RunArtifacts\runs\20260603-165114_89d168495a1e4d0688f9f76490956098\logs\Layer05Node06-28152.stderr.log
2026-06-03T16:51:51.4935962+00:00	WorkerEvent	Layer05Node06	WorkerOnline; ExitCode=0; online
2026-06-03T16:51:51.4946569+00:00	WorkerEvent	Layer05Node06	WorkerReady; ExitCode=0; ready
2026-06-03T16:51:51.4966479+00:00	StartPipeline	Layer05Node06	Layer05Node06
2026-06-03T16:51:51.8606102+00:00	WorkerEvent	Layer05Node06	PipelineStarted; ExitCode=0; pipeline started
2026-06-03T16:51:51.8628095+00:00	WorkerEvent	Layer05Node06.export-l05-n06	TaskReady; ExitCode=0; 
2026-06-03T16:51:51.8640696+00:00	GrantTask	Layer05Node06.export-l05-n06	Layer05Node06.export-l05-n06; GrantId=grant-68; Attempt=1
2026-06-03T16:51:51.8647764+00:00	WorkerEvent	Layer05Node06.export-l05-n06	GrantAccepted; ExitCode=0; 
2026-06-03T16:51:51.8654451+00:00	WorkerEvent	Layer05Node06.export-l05-n06	TaskStarted; ExitCode=0; 
2026-06-03T16:51:52.1957553+00:00	WorkerEvent	Layer05Node06.export-l05-n06	TaskSucceeded; ExitCode=0; 
2026-06-03T16:51:52.1962943+00:00	TaskSucceeded	Layer05Node06.export-l05-n06	0
2026-06-03T16:51:52.2159268+00:00	WorkerEvent	Layer05Node06	Closed; ExitCode=0; 
2026-06-03T16:51:52.2169121+00:00	WorkerStarting	Layer05Node07	meta-pipeline
2026-06-03T16:51:52.2849555+00:00	WorkerStarted	Layer05Node07	28808
2026-06-03T16:51:52.2852203+00:00	WorkerControlPipe	Layer05Node07	meta-orchestration-75a5506dd21a447fb8acbd8f03417d93
2026-06-03T16:51:52.2855906+00:00	WorkerLog	Layer05Node07	stdout=C:\Users\jimmy\Desktop\meta-bi\Samples\Demos\MetaOrchestrationHairballCliIntegration\Runs\hairball-seed-20260530\RunArtifacts\runs\20260603-165114_89d168495a1e4d0688f9f76490956098\logs\Layer05Node07-28808.stdout.log; stderr=C:\Users\jimmy\Desktop\meta-bi\Samples\Demos\MetaOrchestrationHairballCliIntegration\Runs\hairball-seed-20260530\RunArtifacts\runs\20260603-165114_89d168495a1e4d0688f9f76490956098\logs\Layer05Node07-28808.stderr.log
2026-06-03T16:51:52.2989677+00:00	WorkerEvent	Layer05Node07	WorkerOnline; ExitCode=0; online
2026-06-03T16:51:52.3004972+00:00	WorkerEvent	Layer05Node07	WorkerReady; ExitCode=0; ready
2026-06-03T16:51:52.3030497+00:00	StartPipeline	Layer05Node07	Layer05Node07
2026-06-03T16:51:52.6553879+00:00	WorkerEvent	Layer05Node07	PipelineStarted; ExitCode=0; pipeline started
2026-06-03T16:51:52.6569034+00:00	WorkerEvent	Layer05Node07.export-l05-n07	TaskReady; ExitCode=0; 
2026-06-03T16:51:52.6577944+00:00	GrantTask	Layer05Node07.export-l05-n07	Layer05Node07.export-l05-n07; GrantId=grant-69; Attempt=1
2026-06-03T16:51:52.6585217+00:00	WorkerEvent	Layer05Node07.export-l05-n07	GrantAccepted; ExitCode=0; 
2026-06-03T16:51:52.6592915+00:00	WorkerEvent	Layer05Node07.export-l05-n07	TaskStarted; ExitCode=0; 
2026-06-03T16:51:52.9522713+00:00	WorkerEvent	Layer05Node07.export-l05-n07	TaskSucceeded; ExitCode=0; 
2026-06-03T16:51:52.9539960+00:00	TaskSucceeded	Layer05Node07.export-l05-n07	0
2026-06-03T16:51:52.9739677+00:00	WorkerEvent	Layer05Node07	Closed; ExitCode=0; 
2026-06-03T16:51:52.9747638+00:00	WorkerStarting	BridgeL07L08	meta-pipeline
2026-06-03T16:51:53.0435100+00:00	WorkerStarted	BridgeL07L08	24468
2026-06-03T16:51:53.0438632+00:00	WorkerControlPipe	BridgeL07L08	meta-orchestration-3e7f53a5301a46828fd0cb00f6a42586
2026-06-03T16:51:53.0442169+00:00	WorkerLog	BridgeL07L08	stdout=C:\Users\jimmy\Desktop\meta-bi\Samples\Demos\MetaOrchestrationHairballCliIntegration\Runs\hairball-seed-20260530\RunArtifacts\runs\20260603-165114_89d168495a1e4d0688f9f76490956098\logs\BridgeL07L08-24468.stdout.log; stderr=C:\Users\jimmy\Desktop\meta-bi\Samples\Demos\MetaOrchestrationHairballCliIntegration\Runs\hairball-seed-20260530\RunArtifacts\runs\20260603-165114_89d168495a1e4d0688f9f76490956098\logs\BridgeL07L08-24468.stderr.log
2026-06-03T16:51:53.0573945+00:00	WorkerEvent	BridgeL07L08	WorkerOnline; ExitCode=0; online
2026-06-03T16:51:53.0586203+00:00	WorkerEvent	BridgeL07L08	WorkerReady; ExitCode=0; ready
2026-06-03T16:51:53.0607002+00:00	StartPipeline	BridgeL07L08	BridgeL07L08
2026-06-03T16:51:53.5468163+00:00	WorkerEvent	BridgeL07L08	PipelineStarted; ExitCode=0; pipeline started
2026-06-03T16:51:53.5483534+00:00	WorkerEvent	BridgeL07L08.bridge-l07-l08-collect	TaskReady; ExitCode=0; 
2026-06-03T16:51:53.5492381+00:00	GrantTask	BridgeL07L08.bridge-l07-l08-collect	BridgeL07L08.bridge-l07-l08-collect; GrantId=grant-70; Attempt=1
2026-06-03T16:51:53.5499506+00:00	WorkerEvent	BridgeL07L08.bridge-l07-l08-collect	GrantAccepted; ExitCode=0; 
2026-06-03T16:51:53.5507190+00:00	WorkerEvent	BridgeL07L08.bridge-l07-l08-collect	TaskStarted; ExitCode=0; 
2026-06-03T16:51:53.8832434+00:00	WorkerEvent	BridgeL07L08.bridge-l07-l08-collect	TaskSucceeded; ExitCode=0; 
2026-06-03T16:51:53.8837302+00:00	TaskSucceeded	BridgeL07L08.bridge-l07-l08-collect	0
2026-06-03T16:51:53.8842057+00:00	WorkerEvent	BridgeL07L08.bridge-l07-l08-north	TaskReady; ExitCode=0; 
2026-06-03T16:51:53.8848171+00:00	WorkerDeferredForCapacity	BridgeL07L08	Deferred by orchestration to honor max active worker process capacity.
2026-06-03T16:51:53.8851761+00:00	StopPipeline	BridgeL07L08	Deferred by orchestration to honor max active worker process capacity.
2026-06-03T16:51:53.9092854+00:00	WorkerEvent	BridgeL07L08	Closed; ExitCode=0; 
2026-06-03T16:51:53.9097798+00:00	WorkerDeferred	BridgeL07L08	ResumeTaskId=BridgeL07L08.bridge-l07-l08-north
2026-06-03T16:51:53.9101810+00:00	WorkerStarting	Layer05Node08	meta-pipeline
2026-06-03T16:51:53.9820642+00:00	WorkerStarted	Layer05Node08	23612
2026-06-03T16:51:53.9823464+00:00	WorkerControlPipe	Layer05Node08	meta-orchestration-f3a26265e0dd4f7d927bcc82d9364592
2026-06-03T16:51:53.9825949+00:00	WorkerLog	Layer05Node08	stdout=C:\Users\jimmy\Desktop\meta-bi\Samples\Demos\MetaOrchestrationHairballCliIntegration\Runs\hairball-seed-20260530\RunArtifacts\runs\20260603-165114_89d168495a1e4d0688f9f76490956098\logs\Layer05Node08-23612.stdout.log; stderr=C:\Users\jimmy\Desktop\meta-bi\Samples\Demos\MetaOrchestrationHairballCliIntegration\Runs\hairball-seed-20260530\RunArtifacts\runs\20260603-165114_89d168495a1e4d0688f9f76490956098\logs\Layer05Node08-23612.stderr.log
2026-06-03T16:51:53.9974697+00:00	WorkerEvent	Layer05Node08	WorkerOnline; ExitCode=0; online
2026-06-03T16:51:53.9987071+00:00	WorkerEvent	Layer05Node08	WorkerReady; ExitCode=0; ready
2026-06-03T16:51:54.0007859+00:00	StartPipeline	Layer05Node08	Layer05Node08
2026-06-03T16:51:54.3879196+00:00	WorkerEvent	Layer05Node08	PipelineStarted; ExitCode=0; pipeline started
2026-06-03T16:51:54.3892027+00:00	WorkerEvent	Layer05Node08.refresh-l05-n08	TaskReady; ExitCode=0; 
2026-06-03T16:51:54.3898777+00:00	GrantTask	Layer05Node08.refresh-l05-n08	Layer05Node08.refresh-l05-n08; GrantId=grant-71; Attempt=1
2026-06-03T16:51:54.3902075+00:00	WorkerEvent	Layer05Node08.refresh-l05-n08	GrantAccepted; ExitCode=0; 
2026-06-03T16:51:54.3907339+00:00	WorkerEvent	Layer05Node08.refresh-l05-n08	TaskStarted; ExitCode=0; 
2026-06-03T16:51:54.6470315+00:00	WorkerEvent	Layer05Node08.refresh-l05-n08	TaskSucceeded; ExitCode=0; 
2026-06-03T16:51:54.6475060+00:00	TaskSucceeded	Layer05Node08.refresh-l05-n08	0
2026-06-03T16:51:54.6681287+00:00	WorkerEvent	Layer05Node08	Closed; ExitCode=0; 
2026-06-03T16:51:54.6691731+00:00	WorkerStarting	Layer05Hub	meta-pipeline
2026-06-03T16:51:54.7400669+00:00	WorkerStarted	Layer05Hub	18084
2026-06-03T16:51:54.7403660+00:00	WorkerControlPipe	Layer05Hub	meta-orchestration-691642e680f04e7badb10dbb3c06a1d8
2026-06-03T16:51:54.7407263+00:00	WorkerLog	Layer05Hub	stdout=C:\Users\jimmy\Desktop\meta-bi\Samples\Demos\MetaOrchestrationHairballCliIntegration\Runs\hairball-seed-20260530\RunArtifacts\runs\20260603-165114_89d168495a1e4d0688f9f76490956098\logs\Layer05Hub-18084.stdout.log; stderr=C:\Users\jimmy\Desktop\meta-bi\Samples\Demos\MetaOrchestrationHairballCliIntegration\Runs\hairball-seed-20260530\RunArtifacts\runs\20260603-165114_89d168495a1e4d0688f9f76490956098\logs\Layer05Hub-18084.stderr.log
2026-06-03T16:51:54.7546990+00:00	WorkerEvent	Layer05Hub	WorkerOnline; ExitCode=0; online
2026-06-03T16:51:54.7560419+00:00	WorkerEvent	Layer05Hub	WorkerReady; ExitCode=0; ready
2026-06-03T16:51:54.7581558+00:00	StartPipeline	Layer05Hub	Layer05Hub
2026-06-03T16:51:55.2499804+00:00	WorkerEvent	Layer05Hub	PipelineStarted; ExitCode=0; pipeline started
2026-06-03T16:51:55.2514758+00:00	WorkerEvent	Layer05Hub.hub-l05-stage	TaskReady; ExitCode=0; 
2026-06-03T16:51:55.2529230+00:00	GrantTask	Layer05Hub.hub-l05-stage	Layer05Hub.hub-l05-stage; GrantId=grant-72; Attempt=1
2026-06-03T16:51:55.2535442+00:00	WorkerEvent	Layer05Hub.hub-l05-stage	GrantAccepted; ExitCode=0; 
2026-06-03T16:51:55.2542351+00:00	WorkerEvent	Layer05Hub.hub-l05-stage	TaskStarted; ExitCode=0; 
2026-06-03T16:51:55.5334578+00:00	WorkerEvent	Layer05Hub.hub-l05-stage	TaskSucceeded; ExitCode=0; 
2026-06-03T16:51:55.5341340+00:00	TaskSucceeded	Layer05Hub.hub-l05-stage	0
2026-06-03T16:51:55.5347676+00:00	WorkerEvent	Layer05Hub.hub-l05-curate	TaskReady; ExitCode=0; 
2026-06-03T16:51:55.5358276+00:00	GrantTask	Layer05Hub.hub-l05-curate	Layer05Hub.hub-l05-curate; GrantId=grant-73; Attempt=1
2026-06-03T16:51:55.5362283+00:00	WorkerEvent	Layer05Hub.hub-l05-curate	GrantAccepted; ExitCode=0; 
2026-06-03T16:51:55.5368846+00:00	WorkerEvent	Layer05Hub.hub-l05-curate	TaskStarted; ExitCode=0; 
2026-06-03T16:51:55.6048673+00:00	WorkerEvent	Layer05Hub.hub-l05-curate	TaskSucceeded; ExitCode=0; 
2026-06-03T16:51:55.6053521+00:00	TaskSucceeded	Layer05Hub.hub-l05-curate	0
2026-06-03T16:51:55.6057409+00:00	WorkerEvent	Layer05Hub.hub-l05-publish	TaskReady; ExitCode=0; 
2026-06-03T16:51:55.6066871+00:00	GrantTask	Layer05Hub.hub-l05-publish	Layer05Hub.hub-l05-publish; GrantId=grant-74; Attempt=1
2026-06-03T16:51:55.6070495+00:00	WorkerEvent	Layer05Hub.hub-l05-publish	GrantAccepted; ExitCode=0; 
2026-06-03T16:51:55.6076473+00:00	WorkerEvent	Layer05Hub.hub-l05-publish	TaskStarted; ExitCode=0; 
2026-06-03T16:51:55.7063373+00:00	WorkerEvent	Layer05Hub.hub-l05-publish	TaskSucceeded; ExitCode=0; 
2026-06-03T16:51:55.7067784+00:00	TaskSucceeded	Layer05Hub.hub-l05-publish	0
2026-06-03T16:51:55.7285436+00:00	WorkerEvent	Layer05Hub	Closed; ExitCode=0; 
2026-06-03T16:51:55.7291574+00:00	WorkerResuming	BridgeL05L06	ResumeTaskId=BridgeL05L06.bridge-l05-l06-collect; Executable=meta-pipeline
2026-06-03T16:51:55.7991567+00:00	WorkerStarted	BridgeL05L06	25352
2026-06-03T16:51:55.7994906+00:00	WorkerControlPipe	BridgeL05L06	meta-orchestration-26fa5b63fab24838aeff9b4784cb7e6c
2026-06-03T16:51:55.7997168+00:00	WorkerLog	BridgeL05L06	stdout=C:\Users\jimmy\Desktop\meta-bi\Samples\Demos\MetaOrchestrationHairballCliIntegration\Runs\hairball-seed-20260530\RunArtifacts\runs\20260603-165114_89d168495a1e4d0688f9f76490956098\logs\BridgeL05L06-25352.stdout.log; stderr=C:\Users\jimmy\Desktop\meta-bi\Samples\Demos\MetaOrchestrationHairballCliIntegration\Runs\hairball-seed-20260530\RunArtifacts\runs\20260603-165114_89d168495a1e4d0688f9f76490956098\logs\BridgeL05L06-25352.stderr.log
2026-06-03T16:51:55.8144579+00:00	WorkerEvent	BridgeL05L06	WorkerOnline; ExitCode=0; online
2026-06-03T16:51:55.8157878+00:00	WorkerEvent	BridgeL05L06	WorkerReady; ExitCode=0; ready
2026-06-03T16:51:55.8180498+00:00	StartPipeline	BridgeL05L06	BridgeL05L06
2026-06-03T16:51:56.3011100+00:00	WorkerEvent	BridgeL05L06	PipelineStarted; ExitCode=0; pipeline started
2026-06-03T16:51:56.3035272+00:00	WorkerEvent	BridgeL05L06.bridge-l05-l06-collect	TaskReady; ExitCode=0; 
2026-06-03T16:51:56.3042882+00:00	GrantTask	BridgeL05L06.bridge-l05-l06-collect	BridgeL05L06.bridge-l05-l06-collect; GrantId=grant-75; Attempt=1
2026-06-03T16:51:56.3048384+00:00	WorkerEvent	BridgeL05L06.bridge-l05-l06-collect	GrantAccepted; ExitCode=0; 
2026-06-03T16:51:56.3053204+00:00	WorkerEvent	BridgeL05L06.bridge-l05-l06-collect	TaskStarted; ExitCode=0; 
2026-06-03T16:51:56.6330413+00:00	WorkerEvent	BridgeL05L06.bridge-l05-l06-collect	TaskSucceeded; ExitCode=0; 
2026-06-03T16:51:56.6336525+00:00	TaskSucceeded	BridgeL05L06.bridge-l05-l06-collect	0
2026-06-03T16:51:56.6340594+00:00	WorkerEvent	BridgeL05L06.bridge-l05-l06-north	TaskReady; ExitCode=0; 
2026-06-03T16:51:56.6345026+00:00	WorkerDeferredForCapacity	BridgeL05L06	Deferred by orchestration to honor max active worker process capacity.
2026-06-03T16:51:56.6348429+00:00	StopPipeline	BridgeL05L06	Deferred by orchestration to honor max active worker process capacity.
2026-06-03T16:51:56.6564284+00:00	WorkerEvent	BridgeL05L06	Closed; ExitCode=0; 
2026-06-03T16:51:56.6568415+00:00	WorkerDeferred	BridgeL05L06	ResumeTaskId=BridgeL05L06.bridge-l05-l06-north
2026-06-03T16:51:56.6571645+00:00	WorkerResuming	BridgeL07L08	ResumeTaskId=BridgeL07L08.bridge-l07-l08-north; Executable=meta-pipeline
2026-06-03T16:51:56.7246316+00:00	WorkerStarted	BridgeL07L08	26424
2026-06-03T16:51:56.7248988+00:00	WorkerControlPipe	BridgeL07L08	meta-orchestration-ae01a65030434d92bb0267d459b46762
2026-06-03T16:51:56.7252308+00:00	WorkerLog	BridgeL07L08	stdout=C:\Users\jimmy\Desktop\meta-bi\Samples\Demos\MetaOrchestrationHairballCliIntegration\Runs\hairball-seed-20260530\RunArtifacts\runs\20260603-165114_89d168495a1e4d0688f9f76490956098\logs\BridgeL07L08-26424.stdout.log; stderr=C:\Users\jimmy\Desktop\meta-bi\Samples\Demos\MetaOrchestrationHairballCliIntegration\Runs\hairball-seed-20260530\RunArtifacts\runs\20260603-165114_89d168495a1e4d0688f9f76490956098\logs\BridgeL07L08-26424.stderr.log
2026-06-03T16:51:56.7390746+00:00	WorkerEvent	BridgeL07L08	WorkerOnline; ExitCode=0; online
2026-06-03T16:51:56.7403482+00:00	WorkerEvent	BridgeL07L08	WorkerReady; ExitCode=0; ready
2026-06-03T16:51:56.7424653+00:00	StartPipeline	BridgeL07L08	BridgeL07L08
2026-06-03T16:51:57.2077170+00:00	WorkerEvent	BridgeL07L08	PipelineStarted; ExitCode=0; pipeline started
2026-06-03T16:51:57.2090772+00:00	WorkerEvent	BridgeL07L08.bridge-l07-l08-north	TaskReady; ExitCode=0; 
2026-06-03T16:51:57.2097434+00:00	GrantTask	BridgeL07L08.bridge-l07-l08-north	BridgeL07L08.bridge-l07-l08-north; GrantId=grant-76; Attempt=1
2026-06-03T16:51:57.2102429+00:00	WorkerEvent	BridgeL07L08.bridge-l07-l08-north	GrantAccepted; ExitCode=0; 
2026-06-03T16:51:57.2106998+00:00	WorkerEvent	BridgeL07L08.bridge-l07-l08-north	TaskStarted; ExitCode=0; 
2026-06-03T16:51:57.4699794+00:00	WorkerEvent	BridgeL07L08.bridge-l07-l08-north	TaskSucceeded; ExitCode=0; 
2026-06-03T16:51:57.4704182+00:00	TaskSucceeded	BridgeL07L08.bridge-l07-l08-north	0
2026-06-03T16:51:57.4709759+00:00	WorkerEvent	BridgeL07L08.bridge-l07-l08-south	TaskReady; ExitCode=0; 
2026-06-03T16:51:57.4716679+00:00	WorkerDeferredForCapacity	BridgeL07L08	Deferred by orchestration to honor max active worker process capacity.
2026-06-03T16:51:57.4718556+00:00	StopPipeline	BridgeL07L08	Deferred by orchestration to honor max active worker process capacity.
2026-06-03T16:51:57.4961553+00:00	WorkerEvent	BridgeL07L08	Closed; ExitCode=0; 
2026-06-03T16:51:57.4966988+00:00	WorkerDeferred	BridgeL07L08	ResumeTaskId=BridgeL07L08.bridge-l07-l08-south
2026-06-03T16:51:57.4970837+00:00	WorkerStarting	Layer06Node01	meta-pipeline
2026-06-03T16:51:57.5688142+00:00	WorkerStarted	Layer06Node01	28852
2026-06-03T16:51:57.5691287+00:00	WorkerControlPipe	Layer06Node01	meta-orchestration-8398ba849e324b60a3bc34923227af17
2026-06-03T16:51:57.5694482+00:00	WorkerLog	Layer06Node01	stdout=C:\Users\jimmy\Desktop\meta-bi\Samples\Demos\MetaOrchestrationHairballCliIntegration\Runs\hairball-seed-20260530\RunArtifacts\runs\20260603-165114_89d168495a1e4d0688f9f76490956098\logs\Layer06Node01-28852.stdout.log; stderr=C:\Users\jimmy\Desktop\meta-bi\Samples\Demos\MetaOrchestrationHairballCliIntegration\Runs\hairball-seed-20260530\RunArtifacts\runs\20260603-165114_89d168495a1e4d0688f9f76490956098\logs\Layer06Node01-28852.stderr.log
2026-06-03T16:51:57.5824918+00:00	WorkerEvent	Layer06Node01	WorkerOnline; ExitCode=0; online
2026-06-03T16:51:57.5843512+00:00	WorkerEvent	Layer06Node01	WorkerReady; ExitCode=0; ready
2026-06-03T16:51:57.5867564+00:00	StartPipeline	Layer06Node01	Layer06Node01
2026-06-03T16:51:57.9670432+00:00	WorkerEvent	Layer06Node01	PipelineStarted; ExitCode=0; pipeline started
2026-06-03T16:51:57.9685054+00:00	WorkerEvent	Layer06Node01.select-l06-n01	TaskReady; ExitCode=0; 
2026-06-03T16:51:57.9692599+00:00	GrantTask	Layer06Node01.select-l06-n01	Layer06Node01.select-l06-n01; GrantId=grant-77; Attempt=1
2026-06-03T16:51:57.9697218+00:00	WorkerEvent	Layer06Node01.select-l06-n01	GrantAccepted; ExitCode=0; 
2026-06-03T16:51:57.9703144+00:00	WorkerEvent	Layer06Node01.select-l06-n01	TaskStarted; ExitCode=0; 
2026-06-03T16:51:58.2272353+00:00	WorkerEvent	Layer06Node01.select-l06-n01	TaskSucceeded; ExitCode=0; 
2026-06-03T16:51:58.2278524+00:00	TaskSucceeded	Layer06Node01.select-l06-n01	0
2026-06-03T16:51:58.2498010+00:00	WorkerEvent	Layer06Node01	Closed; ExitCode=0; 
2026-06-03T16:51:58.2506080+00:00	WorkerStarting	Layer06Node02	meta-pipeline
2026-06-03T16:51:58.3229774+00:00	WorkerStarted	Layer06Node02	17304
2026-06-03T16:51:58.3232536+00:00	WorkerControlPipe	Layer06Node02	meta-orchestration-b8efc1b947114a389977961299383d13
2026-06-03T16:51:58.3236197+00:00	WorkerLog	Layer06Node02	stdout=C:\Users\jimmy\Desktop\meta-bi\Samples\Demos\MetaOrchestrationHairballCliIntegration\Runs\hairball-seed-20260530\RunArtifacts\runs\20260603-165114_89d168495a1e4d0688f9f76490956098\logs\Layer06Node02-17304.stdout.log; stderr=C:\Users\jimmy\Desktop\meta-bi\Samples\Demos\MetaOrchestrationHairballCliIntegration\Runs\hairball-seed-20260530\RunArtifacts\runs\20260603-165114_89d168495a1e4d0688f9f76490956098\logs\Layer06Node02-17304.stderr.log
2026-06-03T16:51:58.3373195+00:00	WorkerEvent	Layer06Node02	WorkerOnline; ExitCode=0; online
2026-06-03T16:51:58.3384518+00:00	WorkerEvent	Layer06Node02	WorkerReady; ExitCode=0; ready
2026-06-03T16:51:58.3405042+00:00	StartPipeline	Layer06Node02	Layer06Node02
2026-06-03T16:51:58.6939163+00:00	WorkerEvent	Layer06Node02	PipelineStarted; ExitCode=0; pipeline started
2026-06-03T16:51:58.6958090+00:00	WorkerEvent	Layer06Node02.export-l06-n02	TaskReady; ExitCode=0; 
2026-06-03T16:51:58.6964229+00:00	GrantTask	Layer06Node02.export-l06-n02	Layer06Node02.export-l06-n02; GrantId=grant-78; Attempt=1
2026-06-03T16:51:58.6970401+00:00	WorkerEvent	Layer06Node02.export-l06-n02	GrantAccepted; ExitCode=0; 
2026-06-03T16:51:58.6976110+00:00	WorkerEvent	Layer06Node02.export-l06-n02	TaskStarted; ExitCode=0; 
2026-06-03T16:51:58.9904206+00:00	WorkerEvent	Layer06Node02.export-l06-n02	TaskSucceeded; ExitCode=0; 
2026-06-03T16:51:58.9910657+00:00	TaskSucceeded	Layer06Node02.export-l06-n02	0
2026-06-03T16:51:59.0168328+00:00	WorkerEvent	Layer06Node02	Closed; ExitCode=0; 
2026-06-03T16:51:59.0173941+00:00	WorkerResuming	BridgeL05L06	ResumeTaskId=BridgeL05L06.bridge-l05-l06-north; Executable=meta-pipeline
2026-06-03T16:51:59.0912233+00:00	WorkerStarted	BridgeL05L06	22672
2026-06-03T16:51:59.0915832+00:00	WorkerControlPipe	BridgeL05L06	meta-orchestration-191bee13d9af4c039dff54c5ad2af627
2026-06-03T16:51:59.0919325+00:00	WorkerLog	BridgeL05L06	stdout=C:\Users\jimmy\Desktop\meta-bi\Samples\Demos\MetaOrchestrationHairballCliIntegration\Runs\hairball-seed-20260530\RunArtifacts\runs\20260603-165114_89d168495a1e4d0688f9f76490956098\logs\BridgeL05L06-22672.stdout.log; stderr=C:\Users\jimmy\Desktop\meta-bi\Samples\Demos\MetaOrchestrationHairballCliIntegration\Runs\hairball-seed-20260530\RunArtifacts\runs\20260603-165114_89d168495a1e4d0688f9f76490956098\logs\BridgeL05L06-22672.stderr.log
2026-06-03T16:51:59.1055916+00:00	WorkerEvent	BridgeL05L06	WorkerOnline; ExitCode=0; online
2026-06-03T16:51:59.1067079+00:00	WorkerEvent	BridgeL05L06	WorkerReady; ExitCode=0; ready
2026-06-03T16:51:59.1086652+00:00	StartPipeline	BridgeL05L06	BridgeL05L06
2026-06-03T16:51:59.5970249+00:00	WorkerEvent	BridgeL05L06	PipelineStarted; ExitCode=0; pipeline started
2026-06-03T16:51:59.5987614+00:00	WorkerEvent	BridgeL05L06.bridge-l05-l06-north	TaskReady; ExitCode=0; 
2026-06-03T16:51:59.6001292+00:00	GrantTask	BridgeL05L06.bridge-l05-l06-north	BridgeL05L06.bridge-l05-l06-north; GrantId=grant-79; Attempt=1
2026-06-03T16:51:59.6013831+00:00	WorkerEvent	BridgeL05L06.bridge-l05-l06-north	GrantAccepted; ExitCode=0; 
2026-06-03T16:51:59.6022204+00:00	WorkerEvent	BridgeL05L06.bridge-l05-l06-north	TaskStarted; ExitCode=0; 
2026-06-03T16:51:59.8856089+00:00	WorkerEvent	BridgeL05L06.bridge-l05-l06-north	TaskSucceeded; ExitCode=0; 
2026-06-03T16:51:59.8861307+00:00	TaskSucceeded	BridgeL05L06.bridge-l05-l06-north	0
2026-06-03T16:51:59.8866762+00:00	WorkerEvent	BridgeL05L06.bridge-l05-l06-south	TaskReady; ExitCode=0; 
2026-06-03T16:51:59.8870956+00:00	WorkerDeferredForCapacity	BridgeL05L06	Deferred by orchestration to honor max active worker process capacity.
2026-06-03T16:51:59.8872654+00:00	StopPipeline	BridgeL05L06	Deferred by orchestration to honor max active worker process capacity.
2026-06-03T16:51:59.9100707+00:00	WorkerEvent	BridgeL05L06	Closed; ExitCode=0; 
2026-06-03T16:51:59.9107214+00:00	WorkerDeferred	BridgeL05L06	ResumeTaskId=BridgeL05L06.bridge-l05-l06-south
2026-06-03T16:51:59.9111273+00:00	WorkerStarting	Layer06Node03	meta-pipeline
2026-06-03T16:51:59.9826622+00:00	WorkerStarted	Layer06Node03	2564
2026-06-03T16:51:59.9831027+00:00	WorkerControlPipe	Layer06Node03	meta-orchestration-a489d23ef558492ba3274ebf89b5613e
2026-06-03T16:51:59.9833990+00:00	WorkerLog	Layer06Node03	stdout=C:\Users\jimmy\Desktop\meta-bi\Samples\Demos\MetaOrchestrationHairballCliIntegration\Runs\hairball-seed-20260530\RunArtifacts\runs\20260603-165114_89d168495a1e4d0688f9f76490956098\logs\Layer06Node03-2564.stdout.log; stderr=C:\Users\jimmy\Desktop\meta-bi\Samples\Demos\MetaOrchestrationHairballCliIntegration\Runs\hairball-seed-20260530\RunArtifacts\runs\20260603-165114_89d168495a1e4d0688f9f76490956098\logs\Layer06Node03-2564.stderr.log
2026-06-03T16:51:59.9972982+00:00	WorkerEvent	Layer06Node03	WorkerOnline; ExitCode=0; online
2026-06-03T16:51:59.9991073+00:00	WorkerEvent	Layer06Node03	WorkerReady; ExitCode=0; ready
2026-06-03T16:52:00.0019427+00:00	StartPipeline	Layer06Node03	Layer06Node03
2026-06-03T16:52:00.3912965+00:00	WorkerEvent	Layer06Node03	PipelineStarted; ExitCode=0; pipeline started
2026-06-03T16:52:00.3926100+00:00	WorkerEvent	Layer06Node03.select-l06-n03	TaskReady; ExitCode=0; 
2026-06-03T16:52:00.3935118+00:00	GrantTask	Layer06Node03.select-l06-n03	Layer06Node03.select-l06-n03; GrantId=grant-80; Attempt=1
2026-06-03T16:52:00.3940282+00:00	WorkerEvent	Layer06Node03.select-l06-n03	GrantAccepted; ExitCode=0; 
2026-06-03T16:52:00.3945923+00:00	WorkerEvent	Layer06Node03.select-l06-n03	TaskStarted; ExitCode=0; 
2026-06-03T16:52:00.6880560+00:00	WorkerEvent	Layer06Node03.select-l06-n03	TaskSucceeded; ExitCode=0; 
2026-06-03T16:52:00.6886663+00:00	TaskSucceeded	Layer06Node03.select-l06-n03	0
2026-06-03T16:52:00.7109126+00:00	WorkerEvent	Layer06Node03	Closed; ExitCode=0; 
2026-06-03T16:52:00.7116355+00:00	WorkerStarting	Layer06Node04	meta-pipeline
2026-06-03T16:52:00.7854305+00:00	WorkerStarted	Layer06Node04	24336
2026-06-03T16:52:00.7857079+00:00	WorkerControlPipe	Layer06Node04	meta-orchestration-6ae7234e148941feb96cbd51d367c68b
2026-06-03T16:52:00.7861556+00:00	WorkerLog	Layer06Node04	stdout=C:\Users\jimmy\Desktop\meta-bi\Samples\Demos\MetaOrchestrationHairballCliIntegration\Runs\hairball-seed-20260530\RunArtifacts\runs\20260603-165114_89d168495a1e4d0688f9f76490956098\logs\Layer06Node04-24336.stdout.log; stderr=C:\Users\jimmy\Desktop\meta-bi\Samples\Demos\MetaOrchestrationHairballCliIntegration\Runs\hairball-seed-20260530\RunArtifacts\runs\20260603-165114_89d168495a1e4d0688f9f76490956098\logs\Layer06Node04-24336.stderr.log
2026-06-03T16:52:00.8005189+00:00	WorkerEvent	Layer06Node04	WorkerOnline; ExitCode=0; online
2026-06-03T16:52:00.8019644+00:00	WorkerEvent	Layer06Node04	WorkerReady; ExitCode=0; ready
2026-06-03T16:52:00.8044223+00:00	StartPipeline	Layer06Node04	Layer06Node04
2026-06-03T16:52:01.1774528+00:00	WorkerEvent	Layer06Node04	PipelineStarted; ExitCode=0; pipeline started
2026-06-03T16:52:01.1789697+00:00	WorkerEvent	Layer06Node04.export-l06-n04	TaskReady; ExitCode=0; 
2026-06-03T16:52:01.1798273+00:00	GrantTask	Layer06Node04.export-l06-n04	Layer06Node04.export-l06-n04; GrantId=grant-81; Attempt=1
2026-06-03T16:52:01.1803853+00:00	WorkerEvent	Layer06Node04.export-l06-n04	GrantAccepted; ExitCode=0; 
2026-06-03T16:52:01.1811028+00:00	WorkerEvent	Layer06Node04.export-l06-n04	TaskStarted; ExitCode=0; 
2026-06-03T16:52:01.4861047+00:00	WorkerEvent	Layer06Node04.export-l06-n04	TaskSucceeded; ExitCode=0; 
2026-06-03T16:52:01.4867341+00:00	TaskSucceeded	Layer06Node04.export-l06-n04	0
2026-06-03T16:52:01.5081004+00:00	WorkerEvent	Layer06Node04	Closed; ExitCode=0; 
2026-06-03T16:52:01.5086837+00:00	WorkerStarting	Layer06Node05	meta-pipeline
2026-06-03T16:52:01.5787225+00:00	WorkerStarted	Layer06Node05	21064
2026-06-03T16:52:01.5789787+00:00	WorkerControlPipe	Layer06Node05	meta-orchestration-8c38edc188c54e58bffaa8dc05546cdd
2026-06-03T16:52:01.5793091+00:00	WorkerLog	Layer06Node05	stdout=C:\Users\jimmy\Desktop\meta-bi\Samples\Demos\MetaOrchestrationHairballCliIntegration\Runs\hairball-seed-20260530\RunArtifacts\runs\20260603-165114_89d168495a1e4d0688f9f76490956098\logs\Layer06Node05-21064.stdout.log; stderr=C:\Users\jimmy\Desktop\meta-bi\Samples\Demos\MetaOrchestrationHairballCliIntegration\Runs\hairball-seed-20260530\RunArtifacts\runs\20260603-165114_89d168495a1e4d0688f9f76490956098\logs\Layer06Node05-21064.stderr.log
2026-06-03T16:52:01.6011261+00:00	WorkerEvent	Layer06Node05	WorkerOnline; ExitCode=0; online
2026-06-03T16:52:01.6029176+00:00	WorkerEvent	Layer06Node05	WorkerReady; ExitCode=0; ready
2026-06-03T16:52:01.6051936+00:00	StartPipeline	Layer06Node05	Layer06Node05
2026-06-03T16:52:01.9656075+00:00	WorkerEvent	Layer06Node05	PipelineStarted; ExitCode=0; pipeline started
2026-06-03T16:52:01.9669092+00:00	WorkerEvent	Layer06Node05.export-l06-n05	TaskReady; ExitCode=0; 
2026-06-03T16:52:01.9675467+00:00	GrantTask	Layer06Node05.export-l06-n05	Layer06Node05.export-l06-n05; GrantId=grant-82; Attempt=1
2026-06-03T16:52:01.9680739+00:00	WorkerEvent	Layer06Node05.export-l06-n05	GrantAccepted; ExitCode=0; 
2026-06-03T16:52:01.9686609+00:00	WorkerEvent	Layer06Node05.export-l06-n05	TaskStarted; ExitCode=0; 
2026-06-03T16:52:02.3219479+00:00	WorkerEvent	Layer06Node05.export-l06-n05	TaskSucceeded; ExitCode=0; 
2026-06-03T16:52:02.3225371+00:00	TaskSucceeded	Layer06Node05.export-l06-n05	0
2026-06-03T16:52:02.3482853+00:00	WorkerEvent	Layer06Node05	Closed; ExitCode=0; 
2026-06-03T16:52:02.3491366+00:00	WorkerStarting	Layer06Node06	meta-pipeline
2026-06-03T16:52:02.4317688+00:00	WorkerStarted	Layer06Node06	23688
2026-06-03T16:52:02.4321589+00:00	WorkerControlPipe	Layer06Node06	meta-orchestration-9f160c88b4824e398dfc647033eee257
2026-06-03T16:52:02.4324855+00:00	WorkerLog	Layer06Node06	stdout=C:\Users\jimmy\Desktop\meta-bi\Samples\Demos\MetaOrchestrationHairballCliIntegration\Runs\hairball-seed-20260530\RunArtifacts\runs\20260603-165114_89d168495a1e4d0688f9f76490956098\logs\Layer06Node06-23688.stdout.log; stderr=C:\Users\jimmy\Desktop\meta-bi\Samples\Demos\MetaOrchestrationHairballCliIntegration\Runs\hairball-seed-20260530\RunArtifacts\runs\20260603-165114_89d168495a1e4d0688f9f76490956098\logs\Layer06Node06-23688.stderr.log
2026-06-03T16:52:02.4476962+00:00	WorkerEvent	Layer06Node06	WorkerOnline; ExitCode=0; online
2026-06-03T16:52:02.4499325+00:00	WorkerEvent	Layer06Node06	WorkerReady; ExitCode=0; ready
2026-06-03T16:52:02.4520232+00:00	StartPipeline	Layer06Node06	Layer06Node06
2026-06-03T16:52:02.8585507+00:00	WorkerEvent	Layer06Node06	PipelineStarted; ExitCode=0; pipeline started
2026-06-03T16:52:02.8600018+00:00	WorkerEvent	Layer06Node06.select-l06-n06	TaskReady; ExitCode=0; 
2026-06-03T16:52:02.8609660+00:00	GrantTask	Layer06Node06.select-l06-n06	Layer06Node06.select-l06-n06; GrantId=grant-83; Attempt=1
2026-06-03T16:52:02.8615721+00:00	WorkerEvent	Layer06Node06.select-l06-n06	GrantAccepted; ExitCode=0; 
2026-06-03T16:52:02.8622717+00:00	WorkerEvent	Layer06Node06.select-l06-n06	TaskStarted; ExitCode=0; 
2026-06-03T16:52:03.1304382+00:00	WorkerEvent	Layer06Node06.select-l06-n06	TaskSucceeded; ExitCode=0; 
2026-06-03T16:52:03.1315740+00:00	TaskSucceeded	Layer06Node06.select-l06-n06	0
2026-06-03T16:52:03.1552091+00:00	WorkerEvent	Layer06Node06	Closed; ExitCode=0; 
2026-06-03T16:52:03.1558064+00:00	WorkerStarting	Layer06Node07	meta-pipeline
2026-06-03T16:52:03.2236243+00:00	WorkerStarted	Layer06Node07	30072
2026-06-03T16:52:03.2238988+00:00	WorkerControlPipe	Layer06Node07	meta-orchestration-c83ed0edb26c43af9f6f52640a5d8153
2026-06-03T16:52:03.2241214+00:00	WorkerLog	Layer06Node07	stdout=C:\Users\jimmy\Desktop\meta-bi\Samples\Demos\MetaOrchestrationHairballCliIntegration\Runs\hairball-seed-20260530\RunArtifacts\runs\20260603-165114_89d168495a1e4d0688f9f76490956098\logs\Layer06Node07-30072.stdout.log; stderr=C:\Users\jimmy\Desktop\meta-bi\Samples\Demos\MetaOrchestrationHairballCliIntegration\Runs\hairball-seed-20260530\RunArtifacts\runs\20260603-165114_89d168495a1e4d0688f9f76490956098\logs\Layer06Node07-30072.stderr.log
2026-06-03T16:52:03.2374704+00:00	WorkerEvent	Layer06Node07	WorkerOnline; ExitCode=0; online
2026-06-03T16:52:03.2386427+00:00	WorkerEvent	Layer06Node07	WorkerReady; ExitCode=0; ready
2026-06-03T16:52:03.2406090+00:00	StartPipeline	Layer06Node07	Layer06Node07
2026-06-03T16:52:03.6136134+00:00	WorkerEvent	Layer06Node07	PipelineStarted; ExitCode=0; pipeline started
2026-06-03T16:52:03.6150682+00:00	WorkerEvent	Layer06Node07.export-l06-n07	TaskReady; ExitCode=0; 
2026-06-03T16:52:03.6161946+00:00	GrantTask	Layer06Node07.export-l06-n07	Layer06Node07.export-l06-n07; GrantId=grant-84; Attempt=1
2026-06-03T16:52:03.6167143+00:00	WorkerEvent	Layer06Node07.export-l06-n07	GrantAccepted; ExitCode=0; 
2026-06-03T16:52:03.6173932+00:00	WorkerEvent	Layer06Node07.export-l06-n07	TaskStarted; ExitCode=0; 
2026-06-03T16:52:03.9143210+00:00	WorkerEvent	Layer06Node07.export-l06-n07	TaskSucceeded; ExitCode=0; 
2026-06-03T16:52:03.9151788+00:00	TaskSucceeded	Layer06Node07.export-l06-n07	0
2026-06-03T16:52:03.9364801+00:00	WorkerEvent	Layer06Node07	Closed; ExitCode=0; 
2026-06-03T16:52:03.9371927+00:00	WorkerStarting	Layer06Node08	meta-pipeline
2026-06-03T16:52:04.0058831+00:00	WorkerStarted	Layer06Node08	20116
2026-06-03T16:52:04.0061396+00:00	WorkerControlPipe	Layer06Node08	meta-orchestration-d45f9f7905bb40ecb7a67f374e58ade7
2026-06-03T16:52:04.0066978+00:00	WorkerLog	Layer06Node08	stdout=C:\Users\jimmy\Desktop\meta-bi\Samples\Demos\MetaOrchestrationHairballCliIntegration\Runs\hairball-seed-20260530\RunArtifacts\runs\20260603-165114_89d168495a1e4d0688f9f76490956098\logs\Layer06Node08-20116.stdout.log; stderr=C:\Users\jimmy\Desktop\meta-bi\Samples\Demos\MetaOrchestrationHairballCliIntegration\Runs\hairball-seed-20260530\RunArtifacts\runs\20260603-165114_89d168495a1e4d0688f9f76490956098\logs\Layer06Node08-20116.stderr.log
2026-06-03T16:52:04.0199772+00:00	WorkerEvent	Layer06Node08	WorkerOnline; ExitCode=0; online
2026-06-03T16:52:04.0213545+00:00	WorkerEvent	Layer06Node08	WorkerReady; ExitCode=0; ready
2026-06-03T16:52:04.0235416+00:00	StartPipeline	Layer06Node08	Layer06Node08
2026-06-03T16:52:04.3748267+00:00	WorkerEvent	Layer06Node08	PipelineStarted; ExitCode=0; pipeline started
2026-06-03T16:52:04.3762010+00:00	WorkerEvent	Layer06Node08.export-l06-n08	TaskReady; ExitCode=0; 
2026-06-03T16:52:04.3771670+00:00	GrantTask	Layer06Node08.export-l06-n08	Layer06Node08.export-l06-n08; GrantId=grant-85; Attempt=1
2026-06-03T16:52:04.3775444+00:00	WorkerEvent	Layer06Node08.export-l06-n08	GrantAccepted; ExitCode=0; 
2026-06-03T16:52:04.3786576+00:00	WorkerEvent	Layer06Node08.export-l06-n08	TaskStarted; ExitCode=0; 
2026-06-03T16:52:04.6880125+00:00	WorkerEvent	Layer06Node08.export-l06-n08	TaskSucceeded; ExitCode=0; 
2026-06-03T16:52:04.6889217+00:00	TaskSucceeded	Layer06Node08.export-l06-n08	0
2026-06-03T16:52:04.7195743+00:00	WorkerEvent	Layer06Node08	Closed; ExitCode=0; 
2026-06-03T16:52:04.7203078+00:00	WorkerResuming	BridgeL05L06	ResumeTaskId=BridgeL05L06.bridge-l05-l06-south; Executable=meta-pipeline
2026-06-03T16:52:04.8000224+00:00	WorkerStarted	BridgeL05L06	356
2026-06-03T16:52:04.8002825+00:00	WorkerControlPipe	BridgeL05L06	meta-orchestration-6792ca70a8154605b6b8801128e46864
2026-06-03T16:52:04.8005171+00:00	WorkerLog	BridgeL05L06	stdout=C:\Users\jimmy\Desktop\meta-bi\Samples\Demos\MetaOrchestrationHairballCliIntegration\Runs\hairball-seed-20260530\RunArtifacts\runs\20260603-165114_89d168495a1e4d0688f9f76490956098\logs\BridgeL05L06-356.stdout.log; stderr=C:\Users\jimmy\Desktop\meta-bi\Samples\Demos\MetaOrchestrationHairballCliIntegration\Runs\hairball-seed-20260530\RunArtifacts\runs\20260603-165114_89d168495a1e4d0688f9f76490956098\logs\BridgeL05L06-356.stderr.log
2026-06-03T16:52:04.8138891+00:00	WorkerEvent	BridgeL05L06	WorkerOnline; ExitCode=0; online
2026-06-03T16:52:04.8151692+00:00	WorkerEvent	BridgeL05L06	WorkerReady; ExitCode=0; ready
2026-06-03T16:52:04.8172782+00:00	StartPipeline	BridgeL05L06	BridgeL05L06
2026-06-03T16:52:05.2984763+00:00	WorkerEvent	BridgeL05L06	PipelineStarted; ExitCode=0; pipeline started
2026-06-03T16:52:05.3001076+00:00	WorkerEvent	BridgeL05L06.bridge-l05-l06-south	TaskReady; ExitCode=0; 
2026-06-03T16:52:05.3010608+00:00	GrantTask	BridgeL05L06.bridge-l05-l06-south	BridgeL05L06.bridge-l05-l06-south; GrantId=grant-86; Attempt=1
2026-06-03T16:52:05.3016994+00:00	WorkerEvent	BridgeL05L06.bridge-l05-l06-south	GrantAccepted; ExitCode=0; 
2026-06-03T16:52:05.3023559+00:00	WorkerEvent	BridgeL05L06.bridge-l05-l06-south	TaskStarted; ExitCode=0; 
2026-06-03T16:52:05.5472030+00:00	WorkerEvent	BridgeL05L06.bridge-l05-l06-south	TaskSucceeded; ExitCode=0; 
2026-06-03T16:52:05.5477435+00:00	TaskSucceeded	BridgeL05L06.bridge-l05-l06-south	0
2026-06-03T16:52:05.5696095+00:00	WorkerEvent	BridgeL05L06	Closed; ExitCode=0; 
2026-06-03T16:52:05.5703101+00:00	WorkerStarting	Layer06Node09	meta-pipeline
2026-06-03T16:52:05.6382451+00:00	WorkerStarted	Layer06Node09	28620
2026-06-03T16:52:05.6385319+00:00	WorkerControlPipe	Layer06Node09	meta-orchestration-c60eef1ef63041f6a9dfc7778c0d1ea8
2026-06-03T16:52:05.6387628+00:00	WorkerLog	Layer06Node09	stdout=C:\Users\jimmy\Desktop\meta-bi\Samples\Demos\MetaOrchestrationHairballCliIntegration\Runs\hairball-seed-20260530\RunArtifacts\runs\20260603-165114_89d168495a1e4d0688f9f76490956098\logs\Layer06Node09-28620.stdout.log; stderr=C:\Users\jimmy\Desktop\meta-bi\Samples\Demos\MetaOrchestrationHairballCliIntegration\Runs\hairball-seed-20260530\RunArtifacts\runs\20260603-165114_89d168495a1e4d0688f9f76490956098\logs\Layer06Node09-28620.stderr.log
2026-06-03T16:52:05.6524113+00:00	WorkerEvent	Layer06Node09	WorkerOnline; ExitCode=0; online
2026-06-03T16:52:05.6536668+00:00	WorkerEvent	Layer06Node09	WorkerReady; ExitCode=0; ready
2026-06-03T16:52:05.6557876+00:00	StartPipeline	Layer06Node09	Layer06Node09
2026-06-03T16:52:06.0321245+00:00	WorkerEvent	Layer06Node09	PipelineStarted; ExitCode=0; pipeline started
2026-06-03T16:52:06.0338745+00:00	WorkerEvent	Layer06Node09.select-l06-n09	TaskReady; ExitCode=0; 
2026-06-03T16:52:06.0348326+00:00	GrantTask	Layer06Node09.select-l06-n09	Layer06Node09.select-l06-n09; GrantId=grant-87; Attempt=1
2026-06-03T16:52:06.0352087+00:00	WorkerEvent	Layer06Node09.select-l06-n09	GrantAccepted; ExitCode=0; 
2026-06-03T16:52:06.0358300+00:00	WorkerEvent	Layer06Node09.select-l06-n09	TaskStarted; ExitCode=0; 
2026-06-03T16:52:06.2944999+00:00	WorkerEvent	Layer06Node09.select-l06-n09	TaskSucceeded; ExitCode=0; 
2026-06-03T16:52:06.2953362+00:00	TaskSucceeded	Layer06Node09.select-l06-n09	0
2026-06-03T16:52:06.3168024+00:00	WorkerEvent	Layer06Node09	Closed; ExitCode=0; 
2026-06-03T16:52:06.3178697+00:00	WorkerStarting	Layer06Hub	meta-pipeline
2026-06-03T16:52:06.4131151+00:00	WorkerStarted	Layer06Hub	23508
2026-06-03T16:52:06.4135510+00:00	WorkerControlPipe	Layer06Hub	meta-orchestration-bb77ef72d2f54608af5d79f68ca082cc
2026-06-03T16:52:06.4141109+00:00	WorkerLog	Layer06Hub	stdout=C:\Users\jimmy\Desktop\meta-bi\Samples\Demos\MetaOrchestrationHairballCliIntegration\Runs\hairball-seed-20260530\RunArtifacts\runs\20260603-165114_89d168495a1e4d0688f9f76490956098\logs\Layer06Hub-23508.stdout.log; stderr=C:\Users\jimmy\Desktop\meta-bi\Samples\Demos\MetaOrchestrationHairballCliIntegration\Runs\hairball-seed-20260530\RunArtifacts\runs\20260603-165114_89d168495a1e4d0688f9f76490956098\logs\Layer06Hub-23508.stderr.log
2026-06-03T16:52:06.4349467+00:00	WorkerEvent	Layer06Hub	WorkerOnline; ExitCode=0; online
2026-06-03T16:52:06.4362210+00:00	WorkerEvent	Layer06Hub	WorkerReady; ExitCode=0; ready
2026-06-03T16:52:06.4383158+00:00	StartPipeline	Layer06Hub	Layer06Hub
2026-06-03T16:52:06.9085897+00:00	WorkerEvent	Layer06Hub	PipelineStarted; ExitCode=0; pipeline started
2026-06-03T16:52:06.9102129+00:00	WorkerEvent	Layer06Hub.hub-l06-stage	TaskReady; ExitCode=0; 
2026-06-03T16:52:06.9111698+00:00	GrantTask	Layer06Hub.hub-l06-stage	Layer06Hub.hub-l06-stage; GrantId=grant-88; Attempt=1
2026-06-03T16:52:06.9117757+00:00	WorkerEvent	Layer06Hub.hub-l06-stage	GrantAccepted; ExitCode=0; 
2026-06-03T16:52:06.9126687+00:00	WorkerEvent	Layer06Hub.hub-l06-stage	TaskStarted; ExitCode=0; 
2026-06-03T16:52:07.1861115+00:00	WorkerEvent	Layer06Hub.hub-l06-stage	TaskSucceeded; ExitCode=0; 
2026-06-03T16:52:07.1866445+00:00	TaskSucceeded	Layer06Hub.hub-l06-stage	0
2026-06-03T16:52:07.1871400+00:00	WorkerEvent	Layer06Hub.hub-l06-curate	TaskReady; ExitCode=0; 
2026-06-03T16:52:07.1877450+00:00	GrantTask	Layer06Hub.hub-l06-curate	Layer06Hub.hub-l06-curate; GrantId=grant-89; Attempt=1
2026-06-03T16:52:07.1881015+00:00	WorkerEvent	Layer06Hub.hub-l06-curate	GrantAccepted; ExitCode=0; 
2026-06-03T16:52:07.1888493+00:00	WorkerEvent	Layer06Hub.hub-l06-curate	TaskStarted; ExitCode=0; 
2026-06-03T16:52:07.2421863+00:00	WorkerEvent	Layer06Hub.hub-l06-curate	TaskSucceeded; ExitCode=0; 
2026-06-03T16:52:07.2427052+00:00	TaskSucceeded	Layer06Hub.hub-l06-curate	0
2026-06-03T16:52:07.2432582+00:00	WorkerEvent	Layer06Hub.hub-l06-publish	TaskReady; ExitCode=0; 
2026-06-03T16:52:07.2445503+00:00	GrantTask	Layer06Hub.hub-l06-publish	Layer06Hub.hub-l06-publish; GrantId=grant-90; Attempt=1
2026-06-03T16:52:07.2449445+00:00	WorkerEvent	Layer06Hub.hub-l06-publish	GrantAccepted; ExitCode=0; 
2026-06-03T16:52:07.2458390+00:00	WorkerEvent	Layer06Hub.hub-l06-publish	TaskStarted; ExitCode=0; 
2026-06-03T16:52:07.3412363+00:00	WorkerEvent	Layer06Hub.hub-l06-publish	TaskSucceeded; ExitCode=0; 
2026-06-03T16:52:07.3418611+00:00	TaskSucceeded	Layer06Hub.hub-l06-publish	0
2026-06-03T16:52:07.3654233+00:00	WorkerEvent	Layer06Hub	Closed; ExitCode=0; 
2026-06-03T16:52:07.3661323+00:00	WorkerStarting	Layer06Node10	meta-pipeline
2026-06-03T16:52:07.4373737+00:00	WorkerStarted	Layer06Node10	19844
2026-06-03T16:52:07.4376911+00:00	WorkerControlPipe	Layer06Node10	meta-orchestration-3d8ac13e2ce84719861fc3d5d28132c5
2026-06-03T16:52:07.4378974+00:00	WorkerLog	Layer06Node10	stdout=C:\Users\jimmy\Desktop\meta-bi\Samples\Demos\MetaOrchestrationHairballCliIntegration\Runs\hairball-seed-20260530\RunArtifacts\runs\20260603-165114_89d168495a1e4d0688f9f76490956098\logs\Layer06Node10-19844.stdout.log; stderr=C:\Users\jimmy\Desktop\meta-bi\Samples\Demos\MetaOrchestrationHairballCliIntegration\Runs\hairball-seed-20260530\RunArtifacts\runs\20260603-165114_89d168495a1e4d0688f9f76490956098\logs\Layer06Node10-19844.stderr.log
2026-06-03T16:52:07.4518887+00:00	WorkerEvent	Layer06Node10	WorkerOnline; ExitCode=0; online
2026-06-03T16:52:07.4535391+00:00	WorkerEvent	Layer06Node10	WorkerReady; ExitCode=0; ready
2026-06-03T16:52:07.4567444+00:00	StartPipeline	Layer06Node10	Layer06Node10
2026-06-03T16:52:07.8378577+00:00	WorkerEvent	Layer06Node10	PipelineStarted; ExitCode=0; pipeline started
2026-06-03T16:52:07.8390575+00:00	WorkerEvent	Layer06Node10.refresh-l06-n10	TaskReady; ExitCode=0; 
2026-06-03T16:52:07.8397058+00:00	GrantTask	Layer06Node10.refresh-l06-n10	Layer06Node10.refresh-l06-n10; GrantId=grant-91; Attempt=1
2026-06-03T16:52:07.8400576+00:00	WorkerEvent	Layer06Node10.refresh-l06-n10	GrantAccepted; ExitCode=0; 
2026-06-03T16:52:07.8407558+00:00	WorkerEvent	Layer06Node10.refresh-l06-n10	TaskStarted; ExitCode=0; 
2026-06-03T16:52:08.0804229+00:00	WorkerEvent	Layer06Node10.refresh-l06-n10	TaskSucceeded; ExitCode=0; 
2026-06-03T16:52:08.0811832+00:00	TaskSucceeded	Layer06Node10.refresh-l06-n10	0
2026-06-03T16:52:08.1059621+00:00	WorkerEvent	Layer06Node10	Closed; ExitCode=0; 
2026-06-03T16:52:08.1065529+00:00	WorkerResuming	BridgeL07L08	ResumeTaskId=BridgeL07L08.bridge-l07-l08-south; Executable=meta-pipeline
2026-06-03T16:52:08.1743244+00:00	WorkerStarted	BridgeL07L08	23512
2026-06-03T16:52:08.1745935+00:00	WorkerControlPipe	BridgeL07L08	meta-orchestration-fbd60006f463449583014adc6eaf35a3
2026-06-03T16:52:08.1751153+00:00	WorkerLog	BridgeL07L08	stdout=C:\Users\jimmy\Desktop\meta-bi\Samples\Demos\MetaOrchestrationHairballCliIntegration\Runs\hairball-seed-20260530\RunArtifacts\runs\20260603-165114_89d168495a1e4d0688f9f76490956098\logs\BridgeL07L08-23512.stdout.log; stderr=C:\Users\jimmy\Desktop\meta-bi\Samples\Demos\MetaOrchestrationHairballCliIntegration\Runs\hairball-seed-20260530\RunArtifacts\runs\20260603-165114_89d168495a1e4d0688f9f76490956098\logs\BridgeL07L08-23512.stderr.log
2026-06-03T16:52:08.1881473+00:00	WorkerEvent	BridgeL07L08	WorkerOnline; ExitCode=0; online
2026-06-03T16:52:08.1895010+00:00	WorkerEvent	BridgeL07L08	WorkerReady; ExitCode=0; ready
2026-06-03T16:52:08.1918606+00:00	StartPipeline	BridgeL07L08	BridgeL07L08
2026-06-03T16:52:08.6661434+00:00	WorkerEvent	BridgeL07L08	PipelineStarted; ExitCode=0; pipeline started
2026-06-03T16:52:08.6674228+00:00	WorkerEvent	BridgeL07L08.bridge-l07-l08-south	TaskReady; ExitCode=0; 
2026-06-03T16:52:08.6680774+00:00	GrantTask	BridgeL07L08.bridge-l07-l08-south	BridgeL07L08.bridge-l07-l08-south; GrantId=grant-92; Attempt=1
2026-06-03T16:52:08.6688366+00:00	WorkerEvent	BridgeL07L08.bridge-l07-l08-south	GrantAccepted; ExitCode=0; 
2026-06-03T16:52:08.6696267+00:00	WorkerEvent	BridgeL07L08.bridge-l07-l08-south	TaskStarted; ExitCode=0; 
2026-06-03T16:52:08.9040913+00:00	WorkerEvent	BridgeL07L08.bridge-l07-l08-south	TaskSucceeded; ExitCode=0; 
2026-06-03T16:52:08.9046731+00:00	TaskSucceeded	BridgeL07L08.bridge-l07-l08-south	0
2026-06-03T16:52:08.9259258+00:00	WorkerEvent	BridgeL07L08	Closed; ExitCode=0; 
2026-06-03T16:52:08.9269551+00:00	WorkerStarting	Layer07Node01	meta-pipeline
2026-06-03T16:52:08.9947531+00:00	WorkerStarted	Layer07Node01	25812
2026-06-03T16:52:08.9950579+00:00	WorkerControlPipe	Layer07Node01	meta-orchestration-aa1f5a63cd76441e9c0b597740acf52e
2026-06-03T16:52:08.9953938+00:00	WorkerLog	Layer07Node01	stdout=C:\Users\jimmy\Desktop\meta-bi\Samples\Demos\MetaOrchestrationHairballCliIntegration\Runs\hairball-seed-20260530\RunArtifacts\runs\20260603-165114_89d168495a1e4d0688f9f76490956098\logs\Layer07Node01-25812.stdout.log; stderr=C:\Users\jimmy\Desktop\meta-bi\Samples\Demos\MetaOrchestrationHairballCliIntegration\Runs\hairball-seed-20260530\RunArtifacts\runs\20260603-165114_89d168495a1e4d0688f9f76490956098\logs\Layer07Node01-25812.stderr.log
2026-06-03T16:52:09.0086090+00:00	WorkerEvent	Layer07Node01	WorkerOnline; ExitCode=0; online
2026-06-03T16:52:09.0098561+00:00	WorkerEvent	Layer07Node01	WorkerReady; ExitCode=0; ready
2026-06-03T16:52:09.0129762+00:00	StartPipeline	Layer07Node01	Layer07Node01
2026-06-03T16:52:09.3894755+00:00	WorkerEvent	Layer07Node01	PipelineStarted; ExitCode=0; pipeline started
2026-06-03T16:52:09.3908076+00:00	WorkerEvent	Layer07Node01.select-l07-n01	TaskReady; ExitCode=0; 
2026-06-03T16:52:09.3916458+00:00	GrantTask	Layer07Node01.select-l07-n01	Layer07Node01.select-l07-n01; GrantId=grant-93; Attempt=1
2026-06-03T16:52:09.3921508+00:00	WorkerEvent	Layer07Node01.select-l07-n01	GrantAccepted; ExitCode=0; 
2026-06-03T16:52:09.3927443+00:00	WorkerEvent	Layer07Node01.select-l07-n01	TaskStarted; ExitCode=0; 
2026-06-03T16:52:09.6555042+00:00	WorkerEvent	Layer07Node01.select-l07-n01	TaskSucceeded; ExitCode=0; 
2026-06-03T16:52:09.6560826+00:00	TaskSucceeded	Layer07Node01.select-l07-n01	0
2026-06-03T16:52:09.6797165+00:00	WorkerEvent	Layer07Node01	Closed; ExitCode=0; 
2026-06-03T16:52:09.6806608+00:00	WorkerStarting	CompositeMart	meta-pipeline
2026-06-03T16:52:09.7537712+00:00	WorkerStarted	CompositeMart	6152
2026-06-03T16:52:09.7540389+00:00	WorkerControlPipe	CompositeMart	meta-orchestration-c8fdae76e326420d80e1f6661642f8b4
2026-06-03T16:52:09.7543122+00:00	WorkerLog	CompositeMart	stdout=C:\Users\jimmy\Desktop\meta-bi\Samples\Demos\MetaOrchestrationHairballCliIntegration\Runs\hairball-seed-20260530\RunArtifacts\runs\20260603-165114_89d168495a1e4d0688f9f76490956098\logs\CompositeMart-6152.stdout.log; stderr=C:\Users\jimmy\Desktop\meta-bi\Samples\Demos\MetaOrchestrationHairballCliIntegration\Runs\hairball-seed-20260530\RunArtifacts\runs\20260603-165114_89d168495a1e4d0688f9f76490956098\logs\CompositeMart-6152.stderr.log
2026-06-03T16:52:09.7680643+00:00	WorkerEvent	CompositeMart	WorkerOnline; ExitCode=0; online
2026-06-03T16:52:09.7695562+00:00	WorkerEvent	CompositeMart	WorkerReady; ExitCode=0; ready
2026-06-03T16:52:09.7720813+00:00	StartPipeline	CompositeMart	CompositeMart
2026-06-03T16:52:10.3753550+00:00	WorkerEvent	CompositeMart	PipelineStarted; ExitCode=0; pipeline started
2026-06-03T16:52:10.3775219+00:00	WorkerEvent	CompositeMart.composite-stage	TaskReady; ExitCode=0; 
2026-06-03T16:52:10.3793508+00:00	GrantTask	CompositeMart.composite-stage	CompositeMart.composite-stage; GrantId=grant-94; Attempt=1
2026-06-03T16:52:10.3801505+00:00	WorkerEvent	CompositeMart.composite-stage	GrantAccepted; ExitCode=0; 
2026-06-03T16:52:10.3816616+00:00	WorkerEvent	CompositeMart.composite-stage	TaskStarted; ExitCode=0; 
2026-06-03T16:52:10.6615538+00:00	WorkerEvent	CompositeMart.composite-stage	TaskSucceeded; ExitCode=0; 
2026-06-03T16:52:10.6620399+00:00	TaskSucceeded	CompositeMart.composite-stage	0
2026-06-03T16:52:10.6626083+00:00	WorkerEvent	CompositeMart.composite-curate	TaskReady; ExitCode=0; 
2026-06-03T16:52:10.6632481+00:00	WorkerDeferredForCapacity	CompositeMart	Deferred by orchestration to honor max active worker process capacity.
2026-06-03T16:52:10.6636641+00:00	StopPipeline	CompositeMart	Deferred by orchestration to honor max active worker process capacity.
2026-06-03T16:52:10.6857753+00:00	WorkerEvent	CompositeMart	Closed; ExitCode=0; 
2026-06-03T16:52:10.6863266+00:00	WorkerDeferred	CompositeMart	ResumeTaskId=CompositeMart.composite-curate
2026-06-03T16:52:10.6867208+00:00	WorkerStarting	Layer07Node02	meta-pipeline
2026-06-03T16:52:10.7587523+00:00	WorkerStarted	Layer07Node02	31484
2026-06-03T16:52:10.7591331+00:00	WorkerControlPipe	Layer07Node02	meta-orchestration-477a03e1e12443fcbbf2d4055e675d0d
2026-06-03T16:52:10.7594371+00:00	WorkerLog	Layer07Node02	stdout=C:\Users\jimmy\Desktop\meta-bi\Samples\Demos\MetaOrchestrationHairballCliIntegration\Runs\hairball-seed-20260530\RunArtifacts\runs\20260603-165114_89d168495a1e4d0688f9f76490956098\logs\Layer07Node02-31484.stdout.log; stderr=C:\Users\jimmy\Desktop\meta-bi\Samples\Demos\MetaOrchestrationHairballCliIntegration\Runs\hairball-seed-20260530\RunArtifacts\runs\20260603-165114_89d168495a1e4d0688f9f76490956098\logs\Layer07Node02-31484.stderr.log
2026-06-03T16:52:10.7739560+00:00	WorkerEvent	Layer07Node02	WorkerOnline; ExitCode=0; online
2026-06-03T16:52:10.7751452+00:00	WorkerEvent	Layer07Node02	WorkerReady; ExitCode=0; ready
2026-06-03T16:52:10.7791316+00:00	StartPipeline	Layer07Node02	Layer07Node02
2026-06-03T16:52:11.1906812+00:00	WorkerEvent	Layer07Node02	PipelineStarted; ExitCode=0; pipeline started
2026-06-03T16:52:11.1920681+00:00	WorkerEvent	Layer07Node02.select-l07-n02	TaskReady; ExitCode=0; 
2026-06-03T16:52:11.1936668+00:00	GrantTask	Layer07Node02.select-l07-n02	Layer07Node02.select-l07-n02; GrantId=grant-95; Attempt=1
2026-06-03T16:52:11.1948582+00:00	WorkerEvent	Layer07Node02.select-l07-n02	GrantAccepted; ExitCode=0; 
2026-06-03T16:52:11.1956432+00:00	WorkerEvent	Layer07Node02.select-l07-n02	TaskStarted; ExitCode=0; 
2026-06-03T16:52:11.4693254+00:00	WorkerEvent	Layer07Node02.select-l07-n02	TaskSucceeded; ExitCode=0; 
2026-06-03T16:52:11.4698582+00:00	TaskSucceeded	Layer07Node02.select-l07-n02	0
2026-06-03T16:52:11.4898182+00:00	WorkerEvent	Layer07Node02	Closed; ExitCode=0; 
2026-06-03T16:52:11.4904716+00:00	WorkerStarting	Layer07Node03	meta-pipeline
2026-06-03T16:52:11.5578385+00:00	WorkerStarted	Layer07Node03	27200
2026-06-03T16:52:11.5582689+00:00	WorkerControlPipe	Layer07Node03	meta-orchestration-85bd69975c2b42058aaf17249417b3d9
2026-06-03T16:52:11.5588735+00:00	WorkerLog	Layer07Node03	stdout=C:\Users\jimmy\Desktop\meta-bi\Samples\Demos\MetaOrchestrationHairballCliIntegration\Runs\hairball-seed-20260530\RunArtifacts\runs\20260603-165114_89d168495a1e4d0688f9f76490956098\logs\Layer07Node03-27200.stdout.log; stderr=C:\Users\jimmy\Desktop\meta-bi\Samples\Demos\MetaOrchestrationHairballCliIntegration\Runs\hairball-seed-20260530\RunArtifacts\runs\20260603-165114_89d168495a1e4d0688f9f76490956098\logs\Layer07Node03-27200.stderr.log
2026-06-03T16:52:11.5793764+00:00	WorkerEvent	Layer07Node03	WorkerOnline; ExitCode=0; online
2026-06-03T16:52:11.5808615+00:00	WorkerEvent	Layer07Node03	WorkerReady; ExitCode=0; ready
2026-06-03T16:52:11.5830866+00:00	StartPipeline	Layer07Node03	Layer07Node03
2026-06-03T16:52:11.9216966+00:00	WorkerEvent	Layer07Node03	PipelineStarted; ExitCode=0; pipeline started
2026-06-03T16:52:11.9234598+00:00	WorkerEvent	Layer07Node03.refresh-l07-n03	TaskReady; ExitCode=0; 
2026-06-03T16:52:11.9249901+00:00	GrantTask	Layer07Node03.refresh-l07-n03	Layer07Node03.refresh-l07-n03; GrantId=grant-96; Attempt=1
2026-06-03T16:52:11.9258836+00:00	WorkerEvent	Layer07Node03.refresh-l07-n03	GrantAccepted; ExitCode=0; 
2026-06-03T16:52:11.9269516+00:00	WorkerEvent	Layer07Node03.refresh-l07-n03	TaskStarted; ExitCode=0; 
2026-06-03T16:52:12.1981915+00:00	WorkerEvent	Layer07Node03.refresh-l07-n03	TaskSucceeded; ExitCode=0; 
2026-06-03T16:52:12.1986270+00:00	TaskSucceeded	Layer07Node03.refresh-l07-n03	0
2026-06-03T16:52:12.2191930+00:00	WorkerEvent	Layer07Node03	Closed; ExitCode=0; 
2026-06-03T16:52:12.2198757+00:00	WorkerStarting	Layer07Node04	meta-pipeline
2026-06-03T16:52:12.2971533+00:00	WorkerStarted	Layer07Node04	30252
2026-06-03T16:52:12.2974484+00:00	WorkerControlPipe	Layer07Node04	meta-orchestration-158524e7c150416893fa488269c8557c
2026-06-03T16:52:12.2976995+00:00	WorkerLog	Layer07Node04	stdout=C:\Users\jimmy\Desktop\meta-bi\Samples\Demos\MetaOrchestrationHairballCliIntegration\Runs\hairball-seed-20260530\RunArtifacts\runs\20260603-165114_89d168495a1e4d0688f9f76490956098\logs\Layer07Node04-30252.stdout.log; stderr=C:\Users\jimmy\Desktop\meta-bi\Samples\Demos\MetaOrchestrationHairballCliIntegration\Runs\hairball-seed-20260530\RunArtifacts\runs\20260603-165114_89d168495a1e4d0688f9f76490956098\logs\Layer07Node04-30252.stderr.log
2026-06-03T16:52:12.3120935+00:00	WorkerEvent	Layer07Node04	WorkerOnline; ExitCode=0; online
2026-06-03T16:52:12.3132528+00:00	WorkerEvent	Layer07Node04	WorkerReady; ExitCode=0; ready
2026-06-03T16:52:12.3154145+00:00	StartPipeline	Layer07Node04	Layer07Node04
2026-06-03T16:52:12.7250538+00:00	WorkerEvent	Layer07Node04	PipelineStarted; ExitCode=0; pipeline started
2026-06-03T16:52:12.7274552+00:00	WorkerEvent	Layer07Node04.select-l07-n04	TaskReady; ExitCode=0; 
2026-06-03T16:52:12.7287866+00:00	GrantTask	Layer07Node04.select-l07-n04	Layer07Node04.select-l07-n04; GrantId=grant-97; Attempt=1
2026-06-03T16:52:12.7294355+00:00	WorkerEvent	Layer07Node04.select-l07-n04	GrantAccepted; ExitCode=0; 
2026-06-03T16:52:12.7302529+00:00	WorkerEvent	Layer07Node04.select-l07-n04	TaskStarted; ExitCode=0; 
2026-06-03T16:52:12.9952968+00:00	WorkerEvent	Layer07Node04.select-l07-n04	TaskSucceeded; ExitCode=0; 
2026-06-03T16:52:12.9958803+00:00	TaskSucceeded	Layer07Node04.select-l07-n04	0
2026-06-03T16:52:13.0170285+00:00	WorkerEvent	Layer07Node04	Closed; ExitCode=0; 
2026-06-03T16:52:13.0176688+00:00	WorkerStarting	Layer07Node05	meta-pipeline
2026-06-03T16:52:13.0860066+00:00	WorkerStarted	Layer07Node05	21924
2026-06-03T16:52:13.0862768+00:00	WorkerControlPipe	Layer07Node05	meta-orchestration-2d79c1d67203477983a281c30807ce01
2026-06-03T16:52:13.0867479+00:00	WorkerLog	Layer07Node05	stdout=C:\Users\jimmy\Desktop\meta-bi\Samples\Demos\MetaOrchestrationHairballCliIntegration\Runs\hairball-seed-20260530\RunArtifacts\runs\20260603-165114_89d168495a1e4d0688f9f76490956098\logs\Layer07Node05-21924.stdout.log; stderr=C:\Users\jimmy\Desktop\meta-bi\Samples\Demos\MetaOrchestrationHairballCliIntegration\Runs\hairball-seed-20260530\RunArtifacts\runs\20260603-165114_89d168495a1e4d0688f9f76490956098\logs\Layer07Node05-21924.stderr.log
2026-06-03T16:52:13.0997693+00:00	WorkerEvent	Layer07Node05	WorkerOnline; ExitCode=0; online
2026-06-03T16:52:13.1012139+00:00	WorkerEvent	Layer07Node05	WorkerReady; ExitCode=0; ready
2026-06-03T16:52:13.1032666+00:00	StartPipeline	Layer07Node05	Layer07Node05
2026-06-03T16:52:13.4762611+00:00	WorkerEvent	Layer07Node05	PipelineStarted; ExitCode=0; pipeline started
2026-06-03T16:52:13.4777013+00:00	WorkerEvent	Layer07Node05.select-l07-n05	TaskReady; ExitCode=0; 
2026-06-03T16:52:13.4786626+00:00	GrantTask	Layer07Node05.select-l07-n05	Layer07Node05.select-l07-n05; GrantId=grant-98; Attempt=1
2026-06-03T16:52:13.4790954+00:00	WorkerEvent	Layer07Node05.select-l07-n05	GrantAccepted; ExitCode=0; 
2026-06-03T16:52:13.4799109+00:00	WorkerEvent	Layer07Node05.select-l07-n05	TaskStarted; ExitCode=0; 
2026-06-03T16:52:13.7448170+00:00	WorkerEvent	Layer07Node05.select-l07-n05	TaskSucceeded; ExitCode=0; 
2026-06-03T16:52:13.7454782+00:00	TaskSucceeded	Layer07Node05.select-l07-n05	0
2026-06-03T16:52:13.7677421+00:00	WorkerEvent	Layer07Node05	Closed; ExitCode=0; 
2026-06-03T16:52:13.7685725+00:00	WorkerStarting	Layer07Node06	meta-pipeline
2026-06-03T16:52:13.8372371+00:00	WorkerStarted	Layer07Node06	24192
2026-06-03T16:52:13.8376120+00:00	WorkerControlPipe	Layer07Node06	meta-orchestration-024fd12d74ba4e62bab9eba0b14fa5d4
2026-06-03T16:52:13.8379888+00:00	WorkerLog	Layer07Node06	stdout=C:\Users\jimmy\Desktop\meta-bi\Samples\Demos\MetaOrchestrationHairballCliIntegration\Runs\hairball-seed-20260530\RunArtifacts\runs\20260603-165114_89d168495a1e4d0688f9f76490956098\logs\Layer07Node06-24192.stdout.log; stderr=C:\Users\jimmy\Desktop\meta-bi\Samples\Demos\MetaOrchestrationHairballCliIntegration\Runs\hairball-seed-20260530\RunArtifacts\runs\20260603-165114_89d168495a1e4d0688f9f76490956098\logs\Layer07Node06-24192.stderr.log
2026-06-03T16:52:13.8514359+00:00	WorkerEvent	Layer07Node06	WorkerOnline; ExitCode=0; online
2026-06-03T16:52:13.8528366+00:00	WorkerEvent	Layer07Node06	WorkerReady; ExitCode=0; ready
2026-06-03T16:52:13.8551027+00:00	StartPipeline	Layer07Node06	Layer07Node06
2026-06-03T16:52:14.2200707+00:00	WorkerEvent	Layer07Node06	PipelineStarted; ExitCode=0; pipeline started
2026-06-03T16:52:14.2220157+00:00	WorkerEvent	Layer07Node06.export-l07-n06	TaskReady; ExitCode=0; 
2026-06-03T16:52:14.2242674+00:00	GrantTask	Layer07Node06.export-l07-n06	Layer07Node06.export-l07-n06; GrantId=grant-99; Attempt=1
2026-06-03T16:52:14.2253423+00:00	WorkerEvent	Layer07Node06.export-l07-n06	GrantAccepted; ExitCode=0; 
2026-06-03T16:52:14.2269032+00:00	WorkerEvent	Layer07Node06.export-l07-n06	TaskStarted; ExitCode=0; 
2026-06-03T16:52:14.5498709+00:00	WorkerEvent	Layer07Node06.export-l07-n06	TaskSucceeded; ExitCode=0; 
2026-06-03T16:52:14.5504485+00:00	TaskSucceeded	Layer07Node06.export-l07-n06	0
2026-06-03T16:52:14.5723885+00:00	WorkerEvent	Layer07Node06	Closed; ExitCode=0; 
2026-06-03T16:52:14.5732042+00:00	WorkerStarting	Layer07Node07	meta-pipeline
2026-06-03T16:52:14.6612146+00:00	WorkerStarted	Layer07Node07	29652
2026-06-03T16:52:14.6614958+00:00	WorkerControlPipe	Layer07Node07	meta-orchestration-efd0f64c71ee4f059e1ca688383ce62e
2026-06-03T16:52:14.6617452+00:00	WorkerLog	Layer07Node07	stdout=C:\Users\jimmy\Desktop\meta-bi\Samples\Demos\MetaOrchestrationHairballCliIntegration\Runs\hairball-seed-20260530\RunArtifacts\runs\20260603-165114_89d168495a1e4d0688f9f76490956098\logs\Layer07Node07-29652.stdout.log; stderr=C:\Users\jimmy\Desktop\meta-bi\Samples\Demos\MetaOrchestrationHairballCliIntegration\Runs\hairball-seed-20260530\RunArtifacts\runs\20260603-165114_89d168495a1e4d0688f9f76490956098\logs\Layer07Node07-29652.stderr.log
2026-06-03T16:52:14.6750602+00:00	WorkerEvent	Layer07Node07	WorkerOnline; ExitCode=0; online
2026-06-03T16:52:14.6762553+00:00	WorkerEvent	Layer07Node07	WorkerReady; ExitCode=0; ready
2026-06-03T16:52:14.6782977+00:00	StartPipeline	Layer07Node07	Layer07Node07
2026-06-03T16:52:15.0462835+00:00	WorkerEvent	Layer07Node07	PipelineStarted; ExitCode=0; pipeline started
2026-06-03T16:52:15.0481396+00:00	WorkerEvent	Layer07Node07.select-l07-n07	TaskReady; ExitCode=0; 
2026-06-03T16:52:15.0490808+00:00	GrantTask	Layer07Node07.select-l07-n07	Layer07Node07.select-l07-n07; GrantId=grant-100; Attempt=1
2026-06-03T16:52:15.0498506+00:00	WorkerEvent	Layer07Node07.select-l07-n07	GrantAccepted; ExitCode=0; 
2026-06-03T16:52:15.0507597+00:00	WorkerEvent	Layer07Node07.select-l07-n07	TaskStarted; ExitCode=0; 
2026-06-03T16:52:15.3157174+00:00	WorkerEvent	Layer07Node07.select-l07-n07	TaskSucceeded; ExitCode=0; 
2026-06-03T16:52:15.3163399+00:00	TaskSucceeded	Layer07Node07.select-l07-n07	0
2026-06-03T16:52:15.3379739+00:00	WorkerEvent	Layer07Node07	Closed; ExitCode=0; 
2026-06-03T16:52:15.3386767+00:00	WorkerStarting	Layer07Node08	meta-pipeline
2026-06-03T16:52:15.4061949+00:00	WorkerStarted	Layer07Node08	15868
2026-06-03T16:52:15.4065677+00:00	WorkerControlPipe	Layer07Node08	meta-orchestration-5b301e316e5648b3a0a8177ec60c1f3b
2026-06-03T16:52:15.4072426+00:00	WorkerLog	Layer07Node08	stdout=C:\Users\jimmy\Desktop\meta-bi\Samples\Demos\MetaOrchestrationHairballCliIntegration\Runs\hairball-seed-20260530\RunArtifacts\runs\20260603-165114_89d168495a1e4d0688f9f76490956098\logs\Layer07Node08-15868.stdout.log; stderr=C:\Users\jimmy\Desktop\meta-bi\Samples\Demos\MetaOrchestrationHairballCliIntegration\Runs\hairball-seed-20260530\RunArtifacts\runs\20260603-165114_89d168495a1e4d0688f9f76490956098\logs\Layer07Node08-15868.stderr.log
2026-06-03T16:52:15.4278953+00:00	WorkerEvent	Layer07Node08	WorkerOnline; ExitCode=0; online
2026-06-03T16:52:15.4297844+00:00	WorkerEvent	Layer07Node08	WorkerReady; ExitCode=0; ready
2026-06-03T16:52:15.4318654+00:00	StartPipeline	Layer07Node08	Layer07Node08
2026-06-03T16:52:15.8013433+00:00	WorkerEvent	Layer07Node08	PipelineStarted; ExitCode=0; pipeline started
2026-06-03T16:52:15.8026289+00:00	WorkerEvent	Layer07Node08.export-l07-n08	TaskReady; ExitCode=0; 
2026-06-03T16:52:15.8035190+00:00	GrantTask	Layer07Node08.export-l07-n08	Layer07Node08.export-l07-n08; GrantId=grant-101; Attempt=1
2026-06-03T16:52:15.8041846+00:00	WorkerEvent	Layer07Node08.export-l07-n08	GrantAccepted; ExitCode=0; 
2026-06-03T16:52:15.8049492+00:00	WorkerEvent	Layer07Node08.export-l07-n08	TaskStarted; ExitCode=0; 
2026-06-03T16:52:16.1201605+00:00	WorkerEvent	Layer07Node08.export-l07-n08	TaskSucceeded; ExitCode=0; 
2026-06-03T16:52:16.1207377+00:00	TaskSucceeded	Layer07Node08.export-l07-n08	0
2026-06-03T16:52:16.1473103+00:00	WorkerEvent	Layer07Node08	Closed; ExitCode=0; 
2026-06-03T16:52:16.1479342+00:00	WorkerStarting	Layer07Hub	meta-pipeline
2026-06-03T16:52:16.2239450+00:00	WorkerStarted	Layer07Hub	30888
2026-06-03T16:52:16.2242634+00:00	WorkerControlPipe	Layer07Hub	meta-orchestration-bd000caead6444f0b9b7cb377088b1b5
2026-06-03T16:52:16.2246493+00:00	WorkerLog	Layer07Hub	stdout=C:\Users\jimmy\Desktop\meta-bi\Samples\Demos\MetaOrchestrationHairballCliIntegration\Runs\hairball-seed-20260530\RunArtifacts\runs\20260603-165114_89d168495a1e4d0688f9f76490956098\logs\Layer07Hub-30888.stdout.log; stderr=C:\Users\jimmy\Desktop\meta-bi\Samples\Demos\MetaOrchestrationHairballCliIntegration\Runs\hairball-seed-20260530\RunArtifacts\runs\20260603-165114_89d168495a1e4d0688f9f76490956098\logs\Layer07Hub-30888.stderr.log
2026-06-03T16:52:16.2460463+00:00	WorkerEvent	Layer07Hub	WorkerOnline; ExitCode=0; online
2026-06-03T16:52:16.2476192+00:00	WorkerEvent	Layer07Hub	WorkerReady; ExitCode=0; ready
2026-06-03T16:52:16.2499920+00:00	StartPipeline	Layer07Hub	Layer07Hub
2026-06-03T16:52:16.7302592+00:00	WorkerEvent	Layer07Hub	PipelineStarted; ExitCode=0; pipeline started
2026-06-03T16:52:16.7316700+00:00	WorkerEvent	Layer07Hub.hub-l07-stage	TaskReady; ExitCode=0; 
2026-06-03T16:52:16.7326958+00:00	GrantTask	Layer07Hub.hub-l07-stage	Layer07Hub.hub-l07-stage; GrantId=grant-102; Attempt=1
2026-06-03T16:52:16.7333471+00:00	WorkerEvent	Layer07Hub.hub-l07-stage	GrantAccepted; ExitCode=0; 
2026-06-03T16:52:16.7340408+00:00	WorkerEvent	Layer07Hub.hub-l07-stage	TaskStarted; ExitCode=0; 
2026-06-03T16:52:17.0008261+00:00	WorkerEvent	Layer07Hub.hub-l07-stage	TaskSucceeded; ExitCode=0; 
2026-06-03T16:52:17.0013694+00:00	TaskSucceeded	Layer07Hub.hub-l07-stage	0
2026-06-03T16:52:17.0018432+00:00	WorkerEvent	Layer07Hub.hub-l07-curate	TaskReady; ExitCode=0; 
2026-06-03T16:52:17.0026405+00:00	GrantTask	Layer07Hub.hub-l07-curate	Layer07Hub.hub-l07-curate; GrantId=grant-103; Attempt=1
2026-06-03T16:52:17.0030020+00:00	WorkerEvent	Layer07Hub.hub-l07-curate	GrantAccepted; ExitCode=0; 
2026-06-03T16:52:17.0037267+00:00	WorkerEvent	Layer07Hub.hub-l07-curate	TaskStarted; ExitCode=0; 
2026-06-03T16:52:17.0641097+00:00	WorkerEvent	Layer07Hub.hub-l07-curate	TaskSucceeded; ExitCode=0; 
2026-06-03T16:52:17.0647103+00:00	TaskSucceeded	Layer07Hub.hub-l07-curate	0
2026-06-03T16:52:17.0653072+00:00	WorkerEvent	Layer07Hub.hub-l07-publish	TaskReady; ExitCode=0; 
2026-06-03T16:52:17.0661319+00:00	GrantTask	Layer07Hub.hub-l07-publish	Layer07Hub.hub-l07-publish; GrantId=grant-104; Attempt=1
2026-06-03T16:52:17.0664820+00:00	WorkerEvent	Layer07Hub.hub-l07-publish	GrantAccepted; ExitCode=0; 
2026-06-03T16:52:17.0672208+00:00	WorkerEvent	Layer07Hub.hub-l07-publish	TaskStarted; ExitCode=0; 
2026-06-03T16:52:17.1562109+00:00	WorkerEvent	Layer07Hub.hub-l07-publish	TaskSucceeded; ExitCode=0; 
2026-06-03T16:52:17.1567486+00:00	TaskSucceeded	Layer07Hub.hub-l07-publish	0
2026-06-03T16:52:17.1781409+00:00	WorkerEvent	Layer07Hub	Closed; ExitCode=0; 
2026-06-03T16:52:17.1787730+00:00	WorkerStarting	Layer08Node01	meta-pipeline
2026-06-03T16:52:17.2463458+00:00	WorkerStarted	Layer08Node01	30760
2026-06-03T16:52:17.2466096+00:00	WorkerControlPipe	Layer08Node01	meta-orchestration-bd642a340e6743fe8b95c4bb34c9301d
2026-06-03T16:52:17.2469503+00:00	WorkerLog	Layer08Node01	stdout=C:\Users\jimmy\Desktop\meta-bi\Samples\Demos\MetaOrchestrationHairballCliIntegration\Runs\hairball-seed-20260530\RunArtifacts\runs\20260603-165114_89d168495a1e4d0688f9f76490956098\logs\Layer08Node01-30760.stdout.log; stderr=C:\Users\jimmy\Desktop\meta-bi\Samples\Demos\MetaOrchestrationHairballCliIntegration\Runs\hairball-seed-20260530\RunArtifacts\runs\20260603-165114_89d168495a1e4d0688f9f76490956098\logs\Layer08Node01-30760.stderr.log
2026-06-03T16:52:17.2601058+00:00	WorkerEvent	Layer08Node01	WorkerOnline; ExitCode=0; online
2026-06-03T16:52:17.2617475+00:00	WorkerEvent	Layer08Node01	WorkerReady; ExitCode=0; ready
2026-06-03T16:52:17.2640923+00:00	StartPipeline	Layer08Node01	Layer08Node01
2026-06-03T16:52:17.6091670+00:00	WorkerEvent	Layer08Node01	PipelineStarted; ExitCode=0; pipeline started
2026-06-03T16:52:17.6104178+00:00	WorkerEvent	Layer08Node01.refresh-l08-n01	TaskReady; ExitCode=0; 
2026-06-03T16:52:17.6113410+00:00	GrantTask	Layer08Node01.refresh-l08-n01	Layer08Node01.refresh-l08-n01; GrantId=grant-105; Attempt=1
2026-06-03T16:52:17.6118660+00:00	WorkerEvent	Layer08Node01.refresh-l08-n01	GrantAccepted; ExitCode=0; 
2026-06-03T16:52:17.6129053+00:00	WorkerEvent	Layer08Node01.refresh-l08-n01	TaskStarted; ExitCode=0; 
2026-06-03T16:52:17.8620147+00:00	WorkerEvent	Layer08Node01.refresh-l08-n01	TaskSucceeded; ExitCode=0; 
2026-06-03T16:52:17.8626150+00:00	TaskSucceeded	Layer08Node01.refresh-l08-n01	0
2026-06-03T16:52:17.8833144+00:00	WorkerEvent	Layer08Node01	Closed; ExitCode=0; 
2026-06-03T16:52:17.8842536+00:00	WorkerStarting	Layer08Node02	meta-pipeline
2026-06-03T16:52:17.9534094+00:00	WorkerStarted	Layer08Node02	20916
2026-06-03T16:52:17.9536894+00:00	WorkerControlPipe	Layer08Node02	meta-orchestration-506decb0ac9a4cedbe017f02c728b9f6
2026-06-03T16:52:17.9540119+00:00	WorkerLog	Layer08Node02	stdout=C:\Users\jimmy\Desktop\meta-bi\Samples\Demos\MetaOrchestrationHairballCliIntegration\Runs\hairball-seed-20260530\RunArtifacts\runs\20260603-165114_89d168495a1e4d0688f9f76490956098\logs\Layer08Node02-20916.stdout.log; stderr=C:\Users\jimmy\Desktop\meta-bi\Samples\Demos\MetaOrchestrationHairballCliIntegration\Runs\hairball-seed-20260530\RunArtifacts\runs\20260603-165114_89d168495a1e4d0688f9f76490956098\logs\Layer08Node02-20916.stderr.log
2026-06-03T16:52:17.9675312+00:00	WorkerEvent	Layer08Node02	WorkerOnline; ExitCode=0; online
2026-06-03T16:52:17.9689298+00:00	WorkerEvent	Layer08Node02	WorkerReady; ExitCode=0; ready
2026-06-03T16:52:17.9711086+00:00	StartPipeline	Layer08Node02	Layer08Node02
2026-06-03T16:52:18.3391787+00:00	WorkerEvent	Layer08Node02	PipelineStarted; ExitCode=0; pipeline started
2026-06-03T16:52:18.3406548+00:00	WorkerEvent	Layer08Node02.select-l08-n02	TaskReady; ExitCode=0; 
2026-06-03T16:52:18.3415727+00:00	GrantTask	Layer08Node02.select-l08-n02	Layer08Node02.select-l08-n02; GrantId=grant-106; Attempt=1
2026-06-03T16:52:18.3422612+00:00	WorkerEvent	Layer08Node02.select-l08-n02	GrantAccepted; ExitCode=0; 
2026-06-03T16:52:18.3430202+00:00	WorkerEvent	Layer08Node02.select-l08-n02	TaskStarted; ExitCode=0; 
2026-06-03T16:52:18.6089973+00:00	WorkerEvent	Layer08Node02.select-l08-n02	TaskSucceeded; ExitCode=0; 
2026-06-03T16:52:18.6096854+00:00	TaskSucceeded	Layer08Node02.select-l08-n02	0
2026-06-03T16:52:18.6303300+00:00	WorkerEvent	Layer08Node02	Closed; ExitCode=0; 
2026-06-03T16:52:18.6309742+00:00	WorkerStarting	Layer08Node03	meta-pipeline
2026-06-03T16:52:18.6989048+00:00	WorkerStarted	Layer08Node03	5996
2026-06-03T16:52:18.6992364+00:00	WorkerControlPipe	Layer08Node03	meta-orchestration-bb634b96e0084162b665b409c97a678c
2026-06-03T16:52:18.6995987+00:00	WorkerLog	Layer08Node03	stdout=C:\Users\jimmy\Desktop\meta-bi\Samples\Demos\MetaOrchestrationHairballCliIntegration\Runs\hairball-seed-20260530\RunArtifacts\runs\20260603-165114_89d168495a1e4d0688f9f76490956098\logs\Layer08Node03-5996.stdout.log; stderr=C:\Users\jimmy\Desktop\meta-bi\Samples\Demos\MetaOrchestrationHairballCliIntegration\Runs\hairball-seed-20260530\RunArtifacts\runs\20260603-165114_89d168495a1e4d0688f9f76490956098\logs\Layer08Node03-5996.stderr.log
2026-06-03T16:52:18.7127758+00:00	WorkerEvent	Layer08Node03	WorkerOnline; ExitCode=0; online
2026-06-03T16:52:18.7141709+00:00	WorkerEvent	Layer08Node03	WorkerReady; ExitCode=0; ready
2026-06-03T16:52:18.7167352+00:00	StartPipeline	Layer08Node03	Layer08Node03
2026-06-03T16:52:19.0667523+00:00	WorkerEvent	Layer08Node03	PipelineStarted; ExitCode=0; pipeline started
2026-06-03T16:52:19.0681089+00:00	WorkerEvent	Layer08Node03.export-l08-n03	TaskReady; ExitCode=0; 
2026-06-03T16:52:19.0690947+00:00	GrantTask	Layer08Node03.export-l08-n03	Layer08Node03.export-l08-n03; GrantId=grant-107; Attempt=1
2026-06-03T16:52:19.0698129+00:00	WorkerEvent	Layer08Node03.export-l08-n03	GrantAccepted; ExitCode=0; 
2026-06-03T16:52:19.0705689+00:00	WorkerEvent	Layer08Node03.export-l08-n03	TaskStarted; ExitCode=0; 
2026-06-03T16:52:19.3809253+00:00	WorkerEvent	Layer08Node03.export-l08-n03	TaskSucceeded; ExitCode=0; 
2026-06-03T16:52:19.3815141+00:00	TaskSucceeded	Layer08Node03.export-l08-n03	0
2026-06-03T16:52:19.4017955+00:00	WorkerEvent	Layer08Node03	Closed; ExitCode=0; 
2026-06-03T16:52:19.4024203+00:00	WorkerStarting	Layer08Node04	meta-pipeline
2026-06-03T16:52:19.4695162+00:00	WorkerStarted	Layer08Node04	5200
2026-06-03T16:52:19.4697909+00:00	WorkerControlPipe	Layer08Node04	meta-orchestration-1d1657914a484738849da41487bdd762
2026-06-03T16:52:19.4702448+00:00	WorkerLog	Layer08Node04	stdout=C:\Users\jimmy\Desktop\meta-bi\Samples\Demos\MetaOrchestrationHairballCliIntegration\Runs\hairball-seed-20260530\RunArtifacts\runs\20260603-165114_89d168495a1e4d0688f9f76490956098\logs\Layer08Node04-5200.stdout.log; stderr=C:\Users\jimmy\Desktop\meta-bi\Samples\Demos\MetaOrchestrationHairballCliIntegration\Runs\hairball-seed-20260530\RunArtifacts\runs\20260603-165114_89d168495a1e4d0688f9f76490956098\logs\Layer08Node04-5200.stderr.log
2026-06-03T16:52:19.4910694+00:00	WorkerEvent	Layer08Node04	WorkerOnline; ExitCode=0; online
2026-06-03T16:52:19.4927029+00:00	WorkerEvent	Layer08Node04	WorkerReady; ExitCode=0; ready
2026-06-03T16:52:19.4950366+00:00	StartPipeline	Layer08Node04	Layer08Node04
2026-06-03T16:52:19.8771610+00:00	WorkerEvent	Layer08Node04	PipelineStarted; ExitCode=0; pipeline started
2026-06-03T16:52:19.8784088+00:00	WorkerEvent	Layer08Node04.select-l08-n04	TaskReady; ExitCode=0; 
2026-06-03T16:52:19.8793660+00:00	GrantTask	Layer08Node04.select-l08-n04	Layer08Node04.select-l08-n04; GrantId=grant-108; Attempt=1
2026-06-03T16:52:19.8798404+00:00	WorkerEvent	Layer08Node04.select-l08-n04	GrantAccepted; ExitCode=0; 
2026-06-03T16:52:19.8809578+00:00	WorkerEvent	Layer08Node04.select-l08-n04	TaskStarted; ExitCode=0; 
2026-06-03T16:52:20.1488315+00:00	WorkerEvent	Layer08Node04.select-l08-n04	TaskSucceeded; ExitCode=0; 
2026-06-03T16:52:20.1494021+00:00	TaskSucceeded	Layer08Node04.select-l08-n04	0
2026-06-03T16:52:20.1693720+00:00	WorkerEvent	Layer08Node04	Closed; ExitCode=0; 
2026-06-03T16:52:20.1703529+00:00	WorkerStarting	Layer08Node05	meta-pipeline
2026-06-03T16:52:20.2388441+00:00	WorkerStarted	Layer08Node05	24064
2026-06-03T16:52:20.2391696+00:00	WorkerControlPipe	Layer08Node05	meta-orchestration-89f65bf5372d43459d38c359018041fa
2026-06-03T16:52:20.2397834+00:00	WorkerLog	Layer08Node05	stdout=C:\Users\jimmy\Desktop\meta-bi\Samples\Demos\MetaOrchestrationHairballCliIntegration\Runs\hairball-seed-20260530\RunArtifacts\runs\20260603-165114_89d168495a1e4d0688f9f76490956098\logs\Layer08Node05-24064.stdout.log; stderr=C:\Users\jimmy\Desktop\meta-bi\Samples\Demos\MetaOrchestrationHairballCliIntegration\Runs\hairball-seed-20260530\RunArtifacts\runs\20260603-165114_89d168495a1e4d0688f9f76490956098\logs\Layer08Node05-24064.stderr.log
2026-06-03T16:52:20.2526764+00:00	WorkerEvent	Layer08Node05	WorkerOnline; ExitCode=0; online
2026-06-03T16:52:20.2539909+00:00	WorkerEvent	Layer08Node05	WorkerReady; ExitCode=0; ready
2026-06-03T16:52:20.2565016+00:00	StartPipeline	Layer08Node05	Layer08Node05
2026-06-03T16:52:20.6020068+00:00	WorkerEvent	Layer08Node05	PipelineStarted; ExitCode=0; pipeline started
2026-06-03T16:52:20.6036287+00:00	WorkerEvent	Layer08Node05.refresh-l08-n05	TaskReady; ExitCode=0; 
2026-06-03T16:52:20.6050179+00:00	GrantTask	Layer08Node05.refresh-l08-n05	Layer08Node05.refresh-l08-n05; GrantId=grant-109; Attempt=1
2026-06-03T16:52:20.6058126+00:00	WorkerEvent	Layer08Node05.refresh-l08-n05	GrantAccepted; ExitCode=0; 
2026-06-03T16:52:20.6065686+00:00	WorkerEvent	Layer08Node05.refresh-l08-n05	TaskStarted; ExitCode=0; 
2026-06-03T16:52:20.8495588+00:00	WorkerEvent	Layer08Node05.refresh-l08-n05	TaskSucceeded; ExitCode=0; 
2026-06-03T16:52:20.8501557+00:00	TaskSucceeded	Layer08Node05.refresh-l08-n05	0
2026-06-03T16:52:20.8741071+00:00	WorkerEvent	Layer08Node05	Closed; ExitCode=0; 
2026-06-03T16:52:20.8750324+00:00	WorkerStarting	Layer08Node06	meta-pipeline
2026-06-03T16:52:20.9433422+00:00	WorkerStarted	Layer08Node06	26592
2026-06-03T16:52:20.9436885+00:00	WorkerControlPipe	Layer08Node06	meta-orchestration-f649c00d962e4d65a85e196d32356d67
2026-06-03T16:52:20.9439574+00:00	WorkerLog	Layer08Node06	stdout=C:\Users\jimmy\Desktop\meta-bi\Samples\Demos\MetaOrchestrationHairballCliIntegration\Runs\hairball-seed-20260530\RunArtifacts\runs\20260603-165114_89d168495a1e4d0688f9f76490956098\logs\Layer08Node06-26592.stdout.log; stderr=C:\Users\jimmy\Desktop\meta-bi\Samples\Demos\MetaOrchestrationHairballCliIntegration\Runs\hairball-seed-20260530\RunArtifacts\runs\20260603-165114_89d168495a1e4d0688f9f76490956098\logs\Layer08Node06-26592.stderr.log
2026-06-03T16:52:20.9591040+00:00	WorkerEvent	Layer08Node06	WorkerOnline; ExitCode=0; online
2026-06-03T16:52:20.9602456+00:00	WorkerEvent	Layer08Node06	WorkerReady; ExitCode=0; ready
2026-06-03T16:52:20.9623663+00:00	StartPipeline	Layer08Node06	Layer08Node06
2026-06-03T16:52:21.3401192+00:00	WorkerEvent	Layer08Node06	PipelineStarted; ExitCode=0; pipeline started
2026-06-03T16:52:21.3418731+00:00	WorkerEvent	Layer08Node06.select-l08-n06	TaskReady; ExitCode=0; 
2026-06-03T16:52:21.3426613+00:00	GrantTask	Layer08Node06.select-l08-n06	Layer08Node06.select-l08-n06; GrantId=grant-110; Attempt=1
2026-06-03T16:52:21.3429559+00:00	WorkerEvent	Layer08Node06.select-l08-n06	GrantAccepted; ExitCode=0; 
2026-06-03T16:52:21.3440371+00:00	WorkerEvent	Layer08Node06.select-l08-n06	TaskStarted; ExitCode=0; 
2026-06-03T16:52:21.6273822+00:00	WorkerEvent	Layer08Node06.select-l08-n06	TaskSucceeded; ExitCode=0; 
2026-06-03T16:52:21.6286108+00:00	TaskSucceeded	Layer08Node06.select-l08-n06	0
2026-06-03T16:52:21.6521930+00:00	WorkerEvent	Layer08Node06	Closed; ExitCode=0; 
2026-06-03T16:52:21.6532655+00:00	WorkerStarting	Layer08Node07	meta-pipeline
2026-06-03T16:52:21.7257390+00:00	WorkerStarted	Layer08Node07	15908
2026-06-03T16:52:21.7260332+00:00	WorkerControlPipe	Layer08Node07	meta-orchestration-f79ba72907d240ed85f059d89580319f
2026-06-03T16:52:21.7263120+00:00	WorkerLog	Layer08Node07	stdout=C:\Users\jimmy\Desktop\meta-bi\Samples\Demos\MetaOrchestrationHairballCliIntegration\Runs\hairball-seed-20260530\RunArtifacts\runs\20260603-165114_89d168495a1e4d0688f9f76490956098\logs\Layer08Node07-15908.stdout.log; stderr=C:\Users\jimmy\Desktop\meta-bi\Samples\Demos\MetaOrchestrationHairballCliIntegration\Runs\hairball-seed-20260530\RunArtifacts\runs\20260603-165114_89d168495a1e4d0688f9f76490956098\logs\Layer08Node07-15908.stderr.log
2026-06-03T16:52:21.7394170+00:00	WorkerEvent	Layer08Node07	WorkerOnline; ExitCode=0; online
2026-06-03T16:52:21.7406947+00:00	WorkerEvent	Layer08Node07	WorkerReady; ExitCode=0; ready
2026-06-03T16:52:21.7430762+00:00	StartPipeline	Layer08Node07	Layer08Node07
2026-06-03T16:52:22.1250738+00:00	WorkerEvent	Layer08Node07	PipelineStarted; ExitCode=0; pipeline started
2026-06-03T16:52:22.1265425+00:00	WorkerEvent	Layer08Node07.select-l08-n07	TaskReady; ExitCode=0; 
2026-06-03T16:52:22.1273962+00:00	GrantTask	Layer08Node07.select-l08-n07	Layer08Node07.select-l08-n07; GrantId=grant-111; Attempt=1
2026-06-03T16:52:22.1277838+00:00	WorkerEvent	Layer08Node07.select-l08-n07	GrantAccepted; ExitCode=0; 
2026-06-03T16:52:22.1289832+00:00	WorkerEvent	Layer08Node07.select-l08-n07	TaskStarted; ExitCode=0; 
2026-06-03T16:52:22.3934159+00:00	WorkerEvent	Layer08Node07.select-l08-n07	TaskSucceeded; ExitCode=0; 
2026-06-03T16:52:22.3940171+00:00	TaskSucceeded	Layer08Node07.select-l08-n07	0
2026-06-03T16:52:22.4141569+00:00	WorkerEvent	Layer08Node07	Closed; ExitCode=0; 
2026-06-03T16:52:22.4150164+00:00	WorkerResuming	CompositeMart	ResumeTaskId=CompositeMart.composite-curate; Executable=meta-pipeline
2026-06-03T16:52:22.4825590+00:00	WorkerStarted	CompositeMart	27716
2026-06-03T16:52:22.4828359+00:00	WorkerControlPipe	CompositeMart	meta-orchestration-994a6dd9561348219cab07763765ef9f
2026-06-03T16:52:22.4831777+00:00	WorkerLog	CompositeMart	stdout=C:\Users\jimmy\Desktop\meta-bi\Samples\Demos\MetaOrchestrationHairballCliIntegration\Runs\hairball-seed-20260530\RunArtifacts\runs\20260603-165114_89d168495a1e4d0688f9f76490956098\logs\CompositeMart-27716.stdout.log; stderr=C:\Users\jimmy\Desktop\meta-bi\Samples\Demos\MetaOrchestrationHairballCliIntegration\Runs\hairball-seed-20260530\RunArtifacts\runs\20260603-165114_89d168495a1e4d0688f9f76490956098\logs\CompositeMart-27716.stderr.log
2026-06-03T16:52:22.4964908+00:00	WorkerEvent	CompositeMart	WorkerOnline; ExitCode=0; online
2026-06-03T16:52:22.4977885+00:00	WorkerEvent	CompositeMart	WorkerReady; ExitCode=0; ready
2026-06-03T16:52:22.4999620+00:00	StartPipeline	CompositeMart	CompositeMart
2026-06-03T16:52:23.2174254+00:00	WorkerEvent	CompositeMart	PipelineStarted; ExitCode=0; pipeline started
2026-06-03T16:52:23.2195096+00:00	WorkerEvent	CompositeMart.composite-curate	TaskReady; ExitCode=0; 
2026-06-03T16:52:23.2207576+00:00	GrantTask	CompositeMart.composite-curate	CompositeMart.composite-curate; GrantId=grant-112; Attempt=1
2026-06-03T16:52:23.2214577+00:00	WorkerEvent	CompositeMart.composite-curate	GrantAccepted; ExitCode=0; 
2026-06-03T16:52:23.2220703+00:00	WorkerEvent	CompositeMart.composite-curate	TaskStarted; ExitCode=0; 
2026-06-03T16:52:23.4770814+00:00	WorkerEvent	CompositeMart.composite-curate	TaskSucceeded; ExitCode=0; 
2026-06-03T16:52:23.4776541+00:00	TaskSucceeded	CompositeMart.composite-curate	0
2026-06-03T16:52:23.4782476+00:00	WorkerEvent	CompositeMart.composite-reconcile	TaskReady; ExitCode=0; 
2026-06-03T16:52:23.4790426+00:00	GrantTask	CompositeMart.composite-reconcile	CompositeMart.composite-reconcile; GrantId=grant-113; Attempt=1
2026-06-03T16:52:23.4795726+00:00	WorkerEvent	CompositeMart.composite-reconcile	GrantAccepted; ExitCode=0; 
2026-06-03T16:52:23.4802795+00:00	WorkerEvent	CompositeMart.composite-reconcile	TaskStarted; ExitCode=0; 
2026-06-03T16:52:23.5789349+00:00	WorkerEvent	CompositeMart.composite-reconcile	TaskSucceeded; ExitCode=0; 
2026-06-03T16:52:23.5794078+00:00	TaskSucceeded	CompositeMart.composite-reconcile	0
2026-06-03T16:52:23.5798698+00:00	WorkerEvent	CompositeMart.composite-certify	TaskReady; ExitCode=0; 
2026-06-03T16:52:23.5804376+00:00	GrantTask	CompositeMart.composite-certify	CompositeMart.composite-certify; GrantId=grant-114; Attempt=1
2026-06-03T16:52:23.5807140+00:00	WorkerEvent	CompositeMart.composite-certify	GrantAccepted; ExitCode=0; 
2026-06-03T16:52:23.5813525+00:00	WorkerEvent	CompositeMart.composite-certify	TaskStarted; ExitCode=0; 
2026-06-03T16:52:23.6504921+00:00	WorkerEvent	CompositeMart.composite-certify	TaskSucceeded; ExitCode=0; 
2026-06-03T16:52:23.6511374+00:00	TaskSucceeded	CompositeMart.composite-certify	0
2026-06-03T16:52:23.6517473+00:00	WorkerEvent	CompositeMart.composite-publish	TaskReady; ExitCode=0; 
2026-06-03T16:52:23.6524549+00:00	GrantTask	CompositeMart.composite-publish	CompositeMart.composite-publish; GrantId=grant-115; Attempt=1
2026-06-03T16:52:23.6528241+00:00	WorkerEvent	CompositeMart.composite-publish	GrantAccepted; ExitCode=0; 
2026-06-03T16:52:23.6535683+00:00	WorkerEvent	CompositeMart.composite-publish	TaskStarted; ExitCode=0; 
2026-06-03T16:52:23.7601252+00:00	WorkerEvent	CompositeMart.composite-publish	TaskSucceeded; ExitCode=0; 
2026-06-03T16:52:23.7606723+00:00	TaskSucceeded	CompositeMart.composite-publish	0
2026-06-03T16:52:23.7827469+00:00	WorkerEvent	CompositeMart	Closed; ExitCode=0; 
2026-06-03T16:52:23.7833866+00:00	WorkerStarting	Layer08Node08	meta-pipeline
2026-06-03T16:52:23.8513565+00:00	WorkerStarted	Layer08Node08	30204
2026-06-03T16:52:23.8516825+00:00	WorkerControlPipe	Layer08Node08	meta-orchestration-0330722996534fc9828147887675271c
2026-06-03T16:52:23.8520721+00:00	WorkerLog	Layer08Node08	stdout=C:\Users\jimmy\Desktop\meta-bi\Samples\Demos\MetaOrchestrationHairballCliIntegration\Runs\hairball-seed-20260530\RunArtifacts\runs\20260603-165114_89d168495a1e4d0688f9f76490956098\logs\Layer08Node08-30204.stdout.log; stderr=C:\Users\jimmy\Desktop\meta-bi\Samples\Demos\MetaOrchestrationHairballCliIntegration\Runs\hairball-seed-20260530\RunArtifacts\runs\20260603-165114_89d168495a1e4d0688f9f76490956098\logs\Layer08Node08-30204.stderr.log
2026-06-03T16:52:23.8651893+00:00	WorkerEvent	Layer08Node08	WorkerOnline; ExitCode=0; online
2026-06-03T16:52:23.8665087+00:00	WorkerEvent	Layer08Node08	WorkerReady; ExitCode=0; ready
2026-06-03T16:52:23.8688801+00:00	StartPipeline	Layer08Node08	Layer08Node08
2026-06-03T16:52:24.2279442+00:00	WorkerEvent	Layer08Node08	PipelineStarted; ExitCode=0; pipeline started
2026-06-03T16:52:24.2294922+00:00	WorkerEvent	Layer08Node08.refresh-l08-n08	TaskReady; ExitCode=0; 
2026-06-03T16:52:24.2308559+00:00	GrantTask	Layer08Node08.refresh-l08-n08	Layer08Node08.refresh-l08-n08; GrantId=grant-116; Attempt=1
2026-06-03T16:52:24.2311992+00:00	WorkerEvent	Layer08Node08.refresh-l08-n08	GrantAccepted; ExitCode=0; 
2026-06-03T16:52:24.2321459+00:00	WorkerEvent	Layer08Node08.refresh-l08-n08	TaskStarted; ExitCode=0; 
2026-06-03T16:52:24.4797570+00:00	WorkerEvent	Layer08Node08.refresh-l08-n08	TaskSucceeded; ExitCode=0; 
2026-06-03T16:52:24.4803181+00:00	TaskSucceeded	Layer08Node08.refresh-l08-n08	0
2026-06-03T16:52:24.5009529+00:00	WorkerEvent	Layer08Node08	Closed; ExitCode=0; 
2026-06-03T16:52:24.5017160+00:00	WorkerStarting	Layer08Hub	meta-pipeline
2026-06-03T16:52:24.5704855+00:00	WorkerStarted	Layer08Hub	23784
2026-06-03T16:52:24.5707658+00:00	WorkerControlPipe	Layer08Hub	meta-orchestration-aa5199e0a1c84e85a3ad0af3c0fd01db
2026-06-03T16:52:24.5711407+00:00	WorkerLog	Layer08Hub	stdout=C:\Users\jimmy\Desktop\meta-bi\Samples\Demos\MetaOrchestrationHairballCliIntegration\Runs\hairball-seed-20260530\RunArtifacts\runs\20260603-165114_89d168495a1e4d0688f9f76490956098\logs\Layer08Hub-23784.stdout.log; stderr=C:\Users\jimmy\Desktop\meta-bi\Samples\Demos\MetaOrchestrationHairballCliIntegration\Runs\hairball-seed-20260530\RunArtifacts\runs\20260603-165114_89d168495a1e4d0688f9f76490956098\logs\Layer08Hub-23784.stderr.log
2026-06-03T16:52:24.5839920+00:00	WorkerEvent	Layer08Hub	WorkerOnline; ExitCode=0; online
2026-06-03T16:52:24.5853441+00:00	WorkerEvent	Layer08Hub	WorkerReady; ExitCode=0; ready
2026-06-03T16:52:24.5881354+00:00	StartPipeline	Layer08Hub	Layer08Hub
2026-06-03T16:52:25.0750243+00:00	WorkerEvent	Layer08Hub	PipelineStarted; ExitCode=0; pipeline started
2026-06-03T16:52:25.0763702+00:00	WorkerEvent	Layer08Hub.hub-l08-stage	TaskReady; ExitCode=0; 
2026-06-03T16:52:25.0771049+00:00	GrantTask	Layer08Hub.hub-l08-stage	Layer08Hub.hub-l08-stage; GrantId=grant-117; Attempt=1
2026-06-03T16:52:25.0776911+00:00	WorkerEvent	Layer08Hub.hub-l08-stage	GrantAccepted; ExitCode=0; 
2026-06-03T16:52:25.0784148+00:00	WorkerEvent	Layer08Hub.hub-l08-stage	TaskStarted; ExitCode=0; 
2026-06-03T16:52:25.3506201+00:00	WorkerEvent	Layer08Hub.hub-l08-stage	TaskSucceeded; ExitCode=0; 
2026-06-03T16:52:25.3513032+00:00	TaskSucceeded	Layer08Hub.hub-l08-stage	0
2026-06-03T16:52:25.3520591+00:00	WorkerEvent	Layer08Hub.hub-l08-curate	TaskReady; ExitCode=0; 
2026-06-03T16:52:25.3528930+00:00	GrantTask	Layer08Hub.hub-l08-curate	Layer08Hub.hub-l08-curate; GrantId=grant-118; Attempt=1
2026-06-03T16:52:25.3531753+00:00	WorkerEvent	Layer08Hub.hub-l08-curate	GrantAccepted; ExitCode=0; 
2026-06-03T16:52:25.3537919+00:00	WorkerEvent	Layer08Hub.hub-l08-curate	TaskStarted; ExitCode=0; 
2026-06-03T16:52:25.4111555+00:00	WorkerEvent	Layer08Hub.hub-l08-curate	TaskSucceeded; ExitCode=0; 
2026-06-03T16:52:25.4116115+00:00	TaskSucceeded	Layer08Hub.hub-l08-curate	0
2026-06-03T16:52:25.4120546+00:00	WorkerEvent	Layer08Hub.hub-l08-publish	TaskReady; ExitCode=0; 
2026-06-03T16:52:25.4127785+00:00	GrantTask	Layer08Hub.hub-l08-publish	Layer08Hub.hub-l08-publish; GrantId=grant-119; Attempt=1
2026-06-03T16:52:25.4130396+00:00	WorkerEvent	Layer08Hub.hub-l08-publish	GrantAccepted; ExitCode=0; 
2026-06-03T16:52:25.4136487+00:00	WorkerEvent	Layer08Hub.hub-l08-publish	TaskStarted; ExitCode=0; 
2026-06-03T16:52:25.5251823+00:00	WorkerEvent	Layer08Hub.hub-l08-publish	TaskSucceeded; ExitCode=0; 
2026-06-03T16:52:25.5256585+00:00	TaskSucceeded	Layer08Hub.hub-l08-publish	0
2026-06-03T16:52:25.5500251+00:00	WorkerEvent	Layer08Hub	Closed; ExitCode=0; 
2026-06-03T16:52:25.5508058+00:00	WorkerStarting	RegionalMart01	meta-pipeline
2026-06-03T16:52:25.6579676+00:00	WorkerStarted	RegionalMart01	25656
2026-06-03T16:52:25.6586731+00:00	WorkerControlPipe	RegionalMart01	meta-orchestration-80c1875942f5439bb37329b9756e4338
2026-06-03T16:52:25.6589922+00:00	WorkerLog	RegionalMart01	stdout=C:\Users\jimmy\Desktop\meta-bi\Samples\Demos\MetaOrchestrationHairballCliIntegration\Runs\hairball-seed-20260530\RunArtifacts\runs\20260603-165114_89d168495a1e4d0688f9f76490956098\logs\RegionalMart01-25656.stdout.log; stderr=C:\Users\jimmy\Desktop\meta-bi\Samples\Demos\MetaOrchestrationHairballCliIntegration\Runs\hairball-seed-20260530\RunArtifacts\runs\20260603-165114_89d168495a1e4d0688f9f76490956098\logs\RegionalMart01-25656.stderr.log
2026-06-03T16:52:25.6911439+00:00	WorkerEvent	RegionalMart01	WorkerOnline; ExitCode=0; online
2026-06-03T16:52:25.6934375+00:00	WorkerEvent	RegionalMart01	WorkerReady; ExitCode=0; ready
2026-06-03T16:52:25.6976651+00:00	StartPipeline	RegionalMart01	RegionalMart01
2026-06-03T16:52:26.2983638+00:00	WorkerEvent	RegionalMart01	PipelineStarted; ExitCode=0; pipeline started
2026-06-03T16:52:26.3005240+00:00	WorkerEvent	RegionalMart01.regional-01-stage	TaskReady; ExitCode=0; 
2026-06-03T16:52:26.3016739+00:00	GrantTask	RegionalMart01.regional-01-stage	RegionalMart01.regional-01-stage; GrantId=grant-120; Attempt=1
2026-06-03T16:52:26.3022077+00:00	WorkerEvent	RegionalMart01.regional-01-stage	GrantAccepted; ExitCode=0; 
2026-06-03T16:52:26.3029348+00:00	WorkerEvent	RegionalMart01.regional-01-stage	TaskStarted; ExitCode=0; 
2026-06-03T16:52:26.5651227+00:00	WorkerEvent	RegionalMart01.regional-01-stage	TaskSucceeded; ExitCode=0; 
2026-06-03T16:52:26.5689715+00:00	TaskSucceeded	RegionalMart01.regional-01-stage	0
2026-06-03T16:52:26.5698723+00:00	WorkerEvent	RegionalMart01.regional-01-curate	TaskReady; ExitCode=0; 
2026-06-03T16:52:26.5713335+00:00	GrantTask	RegionalMart01.regional-01-curate	RegionalMart01.regional-01-curate; GrantId=grant-121; Attempt=1
2026-06-03T16:52:26.5717103+00:00	WorkerEvent	RegionalMart01.regional-01-curate	GrantAccepted; ExitCode=0; 
2026-06-03T16:52:26.5727320+00:00	WorkerEvent	RegionalMart01.regional-01-curate	TaskStarted; ExitCode=0; 
2026-06-03T16:52:26.6300923+00:00	WorkerEvent	RegionalMart01.regional-01-curate	TaskSucceeded; ExitCode=0; 
2026-06-03T16:52:26.6306969+00:00	TaskSucceeded	RegionalMart01.regional-01-curate	0
2026-06-03T16:52:26.6311848+00:00	WorkerEvent	RegionalMart01.regional-01-publish	TaskReady; ExitCode=0; 
2026-06-03T16:52:26.6321753+00:00	GrantTask	RegionalMart01.regional-01-publish	RegionalMart01.regional-01-publish; GrantId=grant-122; Attempt=1
2026-06-03T16:52:26.6325963+00:00	WorkerEvent	RegionalMart01.regional-01-publish	GrantAccepted; ExitCode=0; 
2026-06-03T16:52:26.6332352+00:00	WorkerEvent	RegionalMart01.regional-01-publish	TaskStarted; ExitCode=0; 
2026-06-03T16:52:26.7232980+00:00	WorkerEvent	RegionalMart01.regional-01-publish	TaskSucceeded; ExitCode=0; 
2026-06-03T16:52:26.7238621+00:00	TaskSucceeded	RegionalMart01.regional-01-publish	0
2026-06-03T16:52:26.7243407+00:00	WorkerEvent	RegionalMart01.regional-01-audit	TaskReady; ExitCode=0; 
2026-06-03T16:52:26.7251904+00:00	GrantTask	RegionalMart01.regional-01-audit	RegionalMart01.regional-01-audit; GrantId=grant-123; Attempt=1
2026-06-03T16:52:26.7258516+00:00	WorkerEvent	RegionalMart01.regional-01-audit	GrantAccepted; ExitCode=0; 
2026-06-03T16:52:26.7264762+00:00	WorkerEvent	RegionalMart01.regional-01-audit	TaskStarted; ExitCode=0; 
2026-06-03T16:52:26.7805754+00:00	WorkerEvent	RegionalMart01.regional-01-audit	TaskSucceeded; ExitCode=0; 
2026-06-03T16:52:26.7814739+00:00	TaskSucceeded	RegionalMart01.regional-01-audit	0
2026-06-03T16:52:26.8027906+00:00	WorkerEvent	RegionalMart01	Closed; ExitCode=0; 
2026-06-03T16:52:26.8034390+00:00	WorkerStarting	RegionalMart02	meta-pipeline
2026-06-03T16:52:26.8713843+00:00	WorkerStarted	RegionalMart02	26776
2026-06-03T16:52:26.8716412+00:00	WorkerControlPipe	RegionalMart02	meta-orchestration-26d27799270b4b2692533cfbdd1966c3
2026-06-03T16:52:26.8721240+00:00	WorkerLog	RegionalMart02	stdout=C:\Users\jimmy\Desktop\meta-bi\Samples\Demos\MetaOrchestrationHairballCliIntegration\Runs\hairball-seed-20260530\RunArtifacts\runs\20260603-165114_89d168495a1e4d0688f9f76490956098\logs\RegionalMart02-26776.stdout.log; stderr=C:\Users\jimmy\Desktop\meta-bi\Samples\Demos\MetaOrchestrationHairballCliIntegration\Runs\hairball-seed-20260530\RunArtifacts\runs\20260603-165114_89d168495a1e4d0688f9f76490956098\logs\RegionalMart02-26776.stderr.log
2026-06-03T16:52:26.8851494+00:00	WorkerEvent	RegionalMart02	WorkerOnline; ExitCode=0; online
2026-06-03T16:52:26.8866172+00:00	WorkerEvent	RegionalMart02	WorkerReady; ExitCode=0; ready
2026-06-03T16:52:26.8894330+00:00	StartPipeline	RegionalMart02	RegionalMart02
2026-06-03T16:52:27.4260041+00:00	WorkerEvent	RegionalMart02	PipelineStarted; ExitCode=0; pipeline started
2026-06-03T16:52:27.4273671+00:00	WorkerEvent	RegionalMart02.regional-02-stage	TaskReady; ExitCode=0; 
2026-06-03T16:52:27.4281606+00:00	GrantTask	RegionalMart02.regional-02-stage	RegionalMart02.regional-02-stage; GrantId=grant-124; Attempt=1
2026-06-03T16:52:27.4288369+00:00	WorkerEvent	RegionalMart02.regional-02-stage	GrantAccepted; ExitCode=0; 
2026-06-03T16:52:27.4295547+00:00	WorkerEvent	RegionalMart02.regional-02-stage	TaskStarted; ExitCode=0; 
2026-06-03T16:52:27.6919620+00:00	WorkerEvent	RegionalMart02.regional-02-stage	TaskSucceeded; ExitCode=0; 
2026-06-03T16:52:27.6926035+00:00	TaskSucceeded	RegionalMart02.regional-02-stage	0
2026-06-03T16:52:27.6932594+00:00	WorkerEvent	RegionalMart02.regional-02-curate	TaskReady; ExitCode=0; 
2026-06-03T16:52:27.6939634+00:00	GrantTask	RegionalMart02.regional-02-curate	RegionalMart02.regional-02-curate; GrantId=grant-125; Attempt=1
2026-06-03T16:52:27.6943526+00:00	WorkerEvent	RegionalMart02.regional-02-curate	GrantAccepted; ExitCode=0; 
2026-06-03T16:52:27.6949700+00:00	WorkerEvent	RegionalMart02.regional-02-curate	TaskStarted; ExitCode=0; 
2026-06-03T16:52:27.7553562+00:00	WorkerEvent	RegionalMart02.regional-02-curate	TaskSucceeded; ExitCode=0; 
2026-06-03T16:52:27.7559288+00:00	TaskSucceeded	RegionalMart02.regional-02-curate	0
2026-06-03T16:52:27.7565066+00:00	WorkerEvent	RegionalMart02.regional-02-publish	TaskReady; ExitCode=0; 
2026-06-03T16:52:27.7575371+00:00	GrantTask	RegionalMart02.regional-02-publish	RegionalMart02.regional-02-publish; GrantId=grant-126; Attempt=1
2026-06-03T16:52:27.7579120+00:00	WorkerEvent	RegionalMart02.regional-02-publish	GrantAccepted; ExitCode=0; 
2026-06-03T16:52:27.7588139+00:00	WorkerEvent	RegionalMart02.regional-02-publish	TaskStarted; ExitCode=0; 
2026-06-03T16:52:27.8479235+00:00	WorkerEvent	RegionalMart02.regional-02-publish	TaskSucceeded; ExitCode=0; 
2026-06-03T16:52:27.8484765+00:00	TaskSucceeded	RegionalMart02.regional-02-publish	0
2026-06-03T16:52:27.8490471+00:00	WorkerEvent	RegionalMart02.regional-02-audit	TaskReady; ExitCode=0; 
2026-06-03T16:52:27.8501163+00:00	GrantTask	RegionalMart02.regional-02-audit	RegionalMart02.regional-02-audit; GrantId=grant-127; Attempt=1
2026-06-03T16:52:27.8506411+00:00	WorkerEvent	RegionalMart02.regional-02-audit	GrantAccepted; ExitCode=0; 
2026-06-03T16:52:27.8515563+00:00	WorkerEvent	RegionalMart02.regional-02-audit	TaskStarted; ExitCode=0; 
2026-06-03T16:52:27.9056982+00:00	WorkerEvent	RegionalMart02.regional-02-audit	TaskSucceeded; ExitCode=0; 
2026-06-03T16:52:27.9063356+00:00	TaskSucceeded	RegionalMart02.regional-02-audit	0
2026-06-03T16:52:27.9276467+00:00	WorkerEvent	RegionalMart02	Closed; ExitCode=0; 
2026-06-03T16:52:27.9282457+00:00	WorkerStarting	PublishHairballFinal	meta-pipeline
2026-06-03T16:52:27.9959991+00:00	WorkerStarted	PublishHairballFinal	6600
2026-06-03T16:52:27.9962731+00:00	WorkerControlPipe	PublishHairballFinal	meta-orchestration-3f96b87017e04044821ce99ee52a3dca
2026-06-03T16:52:27.9966073+00:00	WorkerLog	PublishHairballFinal	stdout=C:\Users\jimmy\Desktop\meta-bi\Samples\Demos\MetaOrchestrationHairballCliIntegration\Runs\hairball-seed-20260530\RunArtifacts\runs\20260603-165114_89d168495a1e4d0688f9f76490956098\logs\PublishHairballFinal-6600.stdout.log; stderr=C:\Users\jimmy\Desktop\meta-bi\Samples\Demos\MetaOrchestrationHairballCliIntegration\Runs\hairball-seed-20260530\RunArtifacts\runs\20260603-165114_89d168495a1e4d0688f9f76490956098\logs\PublishHairballFinal-6600.stderr.log
2026-06-03T16:52:28.0100437+00:00	WorkerEvent	PublishHairballFinal	WorkerOnline; ExitCode=0; online
2026-06-03T16:52:28.0112507+00:00	WorkerEvent	PublishHairballFinal	WorkerReady; ExitCode=0; ready
2026-06-03T16:52:28.0132615+00:00	StartPipeline	PublishHairballFinal	PublishHairballFinal
2026-06-03T16:52:28.4148464+00:00	WorkerEvent	PublishHairballFinal	PipelineStarted; ExitCode=0; pipeline started
2026-06-03T16:52:28.4163976+00:00	WorkerEvent	PublishHairballFinal.publish-hairball-final	TaskReady; ExitCode=0; 
2026-06-03T16:52:28.4182232+00:00	GrantTask	PublishHairballFinal.publish-hairball-final	PublishHairballFinal.publish-hairball-final; GrantId=grant-128; Attempt=1
2026-06-03T16:52:28.4188324+00:00	WorkerEvent	PublishHairballFinal.publish-hairball-final	GrantAccepted; ExitCode=0; 
2026-06-03T16:52:28.4195340+00:00	WorkerEvent	PublishHairballFinal.publish-hairball-final	TaskStarted; ExitCode=0; 
2026-06-03T16:52:28.6934697+00:00	WorkerEvent	PublishHairballFinal.publish-hairball-final	TaskSucceeded; ExitCode=0; 
2026-06-03T16:52:28.6940992+00:00	TaskSucceeded	PublishHairballFinal.publish-hairball-final	0
2026-06-03T16:52:28.7149549+00:00	WorkerEvent	PublishHairballFinal	Closed; ExitCode=0; 
2026-06-03T16:52:28.7160222+00:00	WorkerStarting	RegionalMart03	meta-pipeline
2026-06-03T16:52:28.7855127+00:00	WorkerStarted	RegionalMart03	27432
2026-06-03T16:52:28.7858460+00:00	WorkerControlPipe	RegionalMart03	meta-orchestration-bd0a889572da41abb8e4ae738a14986f
2026-06-03T16:52:28.7861567+00:00	WorkerLog	RegionalMart03	stdout=C:\Users\jimmy\Desktop\meta-bi\Samples\Demos\MetaOrchestrationHairballCliIntegration\Runs\hairball-seed-20260530\RunArtifacts\runs\20260603-165114_89d168495a1e4d0688f9f76490956098\logs\RegionalMart03-27432.stdout.log; stderr=C:\Users\jimmy\Desktop\meta-bi\Samples\Demos\MetaOrchestrationHairballCliIntegration\Runs\hairball-seed-20260530\RunArtifacts\runs\20260603-165114_89d168495a1e4d0688f9f76490956098\logs\RegionalMart03-27432.stderr.log
2026-06-03T16:52:28.7989011+00:00	WorkerEvent	RegionalMart03	WorkerOnline; ExitCode=0; online
2026-06-03T16:52:28.8004537+00:00	WorkerEvent	RegionalMart03	WorkerReady; ExitCode=0; ready
2026-06-03T16:52:28.8025038+00:00	StartPipeline	RegionalMart03	RegionalMart03
2026-06-03T16:52:29.3314382+00:00	WorkerEvent	RegionalMart03	PipelineStarted; ExitCode=0; pipeline started
2026-06-03T16:52:29.3336174+00:00	WorkerEvent	RegionalMart03.regional-03-stage	TaskReady; ExitCode=0; 
2026-06-03T16:52:29.3348360+00:00	GrantTask	RegionalMart03.regional-03-stage	RegionalMart03.regional-03-stage; GrantId=grant-129; Attempt=1
2026-06-03T16:52:29.3352886+00:00	WorkerEvent	RegionalMart03.regional-03-stage	GrantAccepted; ExitCode=0; 
2026-06-03T16:52:29.3361965+00:00	WorkerEvent	RegionalMart03.regional-03-stage	TaskStarted; ExitCode=0; 
2026-06-03T16:52:29.5950165+00:00	WorkerEvent	RegionalMart03.regional-03-stage	TaskSucceeded; ExitCode=0; 
2026-06-03T16:52:29.5956535+00:00	TaskSucceeded	RegionalMart03.regional-03-stage	0
2026-06-03T16:52:29.5961948+00:00	WorkerEvent	RegionalMart03.regional-03-curate	TaskReady; ExitCode=0; 
2026-06-03T16:52:29.5968445+00:00	GrantTask	RegionalMart03.regional-03-curate	RegionalMart03.regional-03-curate; GrantId=grant-130; Attempt=1
2026-06-03T16:52:29.5972146+00:00	WorkerEvent	RegionalMart03.regional-03-curate	GrantAccepted; ExitCode=0; 
2026-06-03T16:52:29.5980494+00:00	WorkerEvent	RegionalMart03.regional-03-curate	TaskStarted; ExitCode=0; 
2026-06-03T16:52:29.6523794+00:00	WorkerEvent	RegionalMart03.regional-03-curate	TaskSucceeded; ExitCode=0; 
2026-06-03T16:52:29.6530172+00:00	TaskSucceeded	RegionalMart03.regional-03-curate	0
2026-06-03T16:52:29.6536982+00:00	WorkerEvent	RegionalMart03.regional-03-publish	TaskReady; ExitCode=0; 
2026-06-03T16:52:29.6545635+00:00	GrantTask	RegionalMart03.regional-03-publish	RegionalMart03.regional-03-publish; GrantId=grant-131; Attempt=1
2026-06-03T16:52:29.6549269+00:00	WorkerEvent	RegionalMart03.regional-03-publish	GrantAccepted; ExitCode=0; 
2026-06-03T16:52:29.6556675+00:00	WorkerEvent	RegionalMart03.regional-03-publish	TaskStarted; ExitCode=0; 
2026-06-03T16:52:29.7467627+00:00	WorkerEvent	RegionalMart03.regional-03-publish	TaskSucceeded; ExitCode=0; 
2026-06-03T16:52:29.7473051+00:00	TaskSucceeded	RegionalMart03.regional-03-publish	0
2026-06-03T16:52:29.7478695+00:00	WorkerEvent	RegionalMart03.regional-03-audit	TaskReady; ExitCode=0; 
2026-06-03T16:52:29.7487953+00:00	GrantTask	RegionalMart03.regional-03-audit	RegionalMart03.regional-03-audit; GrantId=grant-132; Attempt=1
2026-06-03T16:52:29.7491907+00:00	WorkerEvent	RegionalMart03.regional-03-audit	GrantAccepted; ExitCode=0; 
2026-06-03T16:52:29.7499931+00:00	WorkerEvent	RegionalMart03.regional-03-audit	TaskStarted; ExitCode=0; 
2026-06-03T16:52:29.8028809+00:00	WorkerEvent	RegionalMart03.regional-03-audit	TaskSucceeded; ExitCode=0; 
2026-06-03T16:52:29.8036233+00:00	TaskSucceeded	RegionalMart03.regional-03-audit	0
2026-06-03T16:52:29.8237926+00:00	WorkerEvent	RegionalMart03	Closed; ExitCode=0; 
2026-06-03T16:52:29.8245155+00:00	WorkerStarting	RegionalMart04	meta-pipeline
2026-06-03T16:52:29.8914906+00:00	WorkerStarted	RegionalMart04	31028
2026-06-03T16:52:29.8917730+00:00	WorkerControlPipe	RegionalMart04	meta-orchestration-f9e2524bd5b14bf382d23f1ba44a5f06
2026-06-03T16:52:29.8921448+00:00	WorkerLog	RegionalMart04	stdout=C:\Users\jimmy\Desktop\meta-bi\Samples\Demos\MetaOrchestrationHairballCliIntegration\Runs\hairball-seed-20260530\RunArtifacts\runs\20260603-165114_89d168495a1e4d0688f9f76490956098\logs\RegionalMart04-31028.stdout.log; stderr=C:\Users\jimmy\Desktop\meta-bi\Samples\Demos\MetaOrchestrationHairballCliIntegration\Runs\hairball-seed-20260530\RunArtifacts\runs\20260603-165114_89d168495a1e4d0688f9f76490956098\logs\RegionalMart04-31028.stderr.log
2026-06-03T16:52:29.9051895+00:00	WorkerEvent	RegionalMart04	WorkerOnline; ExitCode=0; online
2026-06-03T16:52:29.9063868+00:00	WorkerEvent	RegionalMart04	WorkerReady; ExitCode=0; ready
2026-06-03T16:52:29.9085932+00:00	StartPipeline	RegionalMart04	RegionalMart04
2026-06-03T16:52:30.4548800+00:00	WorkerEvent	RegionalMart04	PipelineStarted; ExitCode=0; pipeline started
2026-06-03T16:52:30.4566012+00:00	WorkerEvent	RegionalMart04.regional-04-stage	TaskReady; ExitCode=0; 
2026-06-03T16:52:30.4575704+00:00	GrantTask	RegionalMart04.regional-04-stage	RegionalMart04.regional-04-stage; GrantId=grant-133; Attempt=1
2026-06-03T16:52:30.4580338+00:00	WorkerEvent	RegionalMart04.regional-04-stage	GrantAccepted; ExitCode=0; 
2026-06-03T16:52:30.4599841+00:00	WorkerEvent	RegionalMart04.regional-04-stage	TaskStarted; ExitCode=0; 
2026-06-03T16:52:30.7382170+00:00	WorkerEvent	RegionalMart04.regional-04-stage	TaskSucceeded; ExitCode=0; 
2026-06-03T16:52:30.7387537+00:00	TaskSucceeded	RegionalMart04.regional-04-stage	0
2026-06-03T16:52:30.7392362+00:00	WorkerEvent	RegionalMart04.regional-04-curate	TaskReady; ExitCode=0; 
2026-06-03T16:52:30.7399993+00:00	GrantTask	RegionalMart04.regional-04-curate	RegionalMart04.regional-04-curate; GrantId=grant-134; Attempt=1
2026-06-03T16:52:30.7403835+00:00	WorkerEvent	RegionalMart04.regional-04-curate	GrantAccepted; ExitCode=0; 
2026-06-03T16:52:30.7409687+00:00	WorkerEvent	RegionalMart04.regional-04-curate	TaskStarted; ExitCode=0; 
2026-06-03T16:52:30.8003914+00:00	WorkerEvent	RegionalMart04.regional-04-curate	TaskSucceeded; ExitCode=0; 
2026-06-03T16:52:30.8009086+00:00	TaskSucceeded	RegionalMart04.regional-04-curate	0
2026-06-03T16:52:30.8013443+00:00	WorkerEvent	RegionalMart04.regional-04-publish	TaskReady; ExitCode=0; 
2026-06-03T16:52:30.8025348+00:00	GrantTask	RegionalMart04.regional-04-publish	RegionalMart04.regional-04-publish; GrantId=grant-135; Attempt=1
2026-06-03T16:52:30.8028827+00:00	WorkerEvent	RegionalMart04.regional-04-publish	GrantAccepted; ExitCode=0; 
2026-06-03T16:52:30.8034932+00:00	WorkerEvent	RegionalMart04.regional-04-publish	TaskStarted; ExitCode=0; 
2026-06-03T16:52:30.8979283+00:00	WorkerEvent	RegionalMart04.regional-04-publish	TaskSucceeded; ExitCode=0; 
2026-06-03T16:52:30.8986386+00:00	TaskSucceeded	RegionalMart04.regional-04-publish	0
2026-06-03T16:52:30.8992393+00:00	WorkerEvent	RegionalMart04.regional-04-audit	TaskReady; ExitCode=0; 
2026-06-03T16:52:30.9001852+00:00	GrantTask	RegionalMart04.regional-04-audit	RegionalMart04.regional-04-audit; GrantId=grant-136; Attempt=1
2026-06-03T16:52:30.9005182+00:00	WorkerEvent	RegionalMart04.regional-04-audit	GrantAccepted; ExitCode=0; 
2026-06-03T16:52:30.9011277+00:00	WorkerEvent	RegionalMart04.regional-04-audit	TaskStarted; ExitCode=0; 
2026-06-03T16:52:30.9564195+00:00	WorkerEvent	RegionalMart04.regional-04-audit	TaskSucceeded; ExitCode=0; 
2026-06-03T16:52:30.9570109+00:00	TaskSucceeded	RegionalMart04.regional-04-audit	0
2026-06-03T16:52:30.9781737+00:00	WorkerEvent	RegionalMart04	Closed; ExitCode=0; 
2026-06-03T16:52:30.9788673+00:00	WorkerResuming	AuditHairball	ResumeTaskId=AuditHairball.audit-hairball; Executable=meta-pipeline
2026-06-03T16:52:31.0500904+00:00	WorkerStarted	AuditHairball	20672
2026-06-03T16:52:31.0504161+00:00	WorkerControlPipe	AuditHairball	meta-orchestration-b5cbf5daa0414047b9bae77e0f045f6b
2026-06-03T16:52:31.0508066+00:00	WorkerLog	AuditHairball	stdout=C:\Users\jimmy\Desktop\meta-bi\Samples\Demos\MetaOrchestrationHairballCliIntegration\Runs\hairball-seed-20260530\RunArtifacts\runs\20260603-165114_89d168495a1e4d0688f9f76490956098\logs\AuditHairball-20672.stdout.log; stderr=C:\Users\jimmy\Desktop\meta-bi\Samples\Demos\MetaOrchestrationHairballCliIntegration\Runs\hairball-seed-20260530\RunArtifacts\runs\20260603-165114_89d168495a1e4d0688f9f76490956098\logs\AuditHairball-20672.stderr.log
2026-06-03T16:52:31.0650044+00:00	WorkerEvent	AuditHairball	WorkerOnline; ExitCode=0; online
2026-06-03T16:52:31.0674566+00:00	WorkerEvent	AuditHairball	WorkerReady; ExitCode=0; ready
2026-06-03T16:52:31.0701589+00:00	StartPipeline	AuditHairball	AuditHairball
2026-06-03T16:52:31.4354713+00:00	WorkerEvent	AuditHairball	PipelineStarted; ExitCode=0; pipeline started
2026-06-03T16:52:31.4368539+00:00	WorkerEvent	AuditHairball.audit-hairball	TaskReady; ExitCode=0; 
2026-06-03T16:52:31.4378450+00:00	GrantTask	AuditHairball.audit-hairball	AuditHairball.audit-hairball; GrantId=grant-137; Attempt=1
2026-06-03T16:52:31.4382195+00:00	WorkerEvent	AuditHairball.audit-hairball	GrantAccepted; ExitCode=0; 
2026-06-03T16:52:31.4389428+00:00	WorkerEvent	AuditHairball.audit-hairball	TaskStarted; ExitCode=0; 
2026-06-03T16:52:31.6868518+00:00	WorkerEvent	AuditHairball.audit-hairball	TaskSucceeded; ExitCode=0; 
2026-06-03T16:52:31.6874320+00:00	TaskSucceeded	AuditHairball.audit-hairball	0
2026-06-03T16:52:31.7100025+00:00	WorkerEvent	AuditHairball	Closed; ExitCode=0; 
2026-06-03T16:52:31.7114986+00:00	WorkerLogSummary	ExtractSeed01	stdout=C:\Users\jimmy\Desktop\meta-bi\Samples\Demos\MetaOrchestrationHairballCliIntegration\Runs\hairball-seed-20260530\RunArtifacts\runs\20260603-165114_89d168495a1e4d0688f9f76490956098\logs\ExtractSeed01-10320.stdout.log; stdoutBytes=0; stdoutTruncated=False; stdoutDroppedBytes=0; stderr=C:\Users\jimmy\Desktop\meta-bi\Samples\Demos\MetaOrchestrationHairballCliIntegration\Runs\hairball-seed-20260530\RunArtifacts\runs\20260603-165114_89d168495a1e4d0688f9f76490956098\logs\ExtractSeed01-10320.stderr.log; stderrBytes=0; stderrTruncated=False; stderrDroppedBytes=0
2026-06-03T16:52:31.7124489+00:00	WorkerLogSummary	ExtractSeed02	stdout=C:\Users\jimmy\Desktop\meta-bi\Samples\Demos\MetaOrchestrationHairballCliIntegration\Runs\hairball-seed-20260530\RunArtifacts\runs\20260603-165114_89d168495a1e4d0688f9f76490956098\logs\ExtractSeed02-28960.stdout.log; stdoutBytes=0; stdoutTruncated=False; stdoutDroppedBytes=0; stderr=C:\Users\jimmy\Desktop\meta-bi\Samples\Demos\MetaOrchestrationHairballCliIntegration\Runs\hairball-seed-20260530\RunArtifacts\runs\20260603-165114_89d168495a1e4d0688f9f76490956098\logs\ExtractSeed02-28960.stderr.log; stderrBytes=0; stderrTruncated=False; stderrDroppedBytes=0
2026-06-03T16:52:31.7128963+00:00	WorkerLogSummary	ExtractSeed03	stdout=C:\Users\jimmy\Desktop\meta-bi\Samples\Demos\MetaOrchestrationHairballCliIntegration\Runs\hairball-seed-20260530\RunArtifacts\runs\20260603-165114_89d168495a1e4d0688f9f76490956098\logs\ExtractSeed03-26184.stdout.log; stdoutBytes=0; stdoutTruncated=False; stdoutDroppedBytes=0; stderr=C:\Users\jimmy\Desktop\meta-bi\Samples\Demos\MetaOrchestrationHairballCliIntegration\Runs\hairball-seed-20260530\RunArtifacts\runs\20260603-165114_89d168495a1e4d0688f9f76490956098\logs\ExtractSeed03-26184.stderr.log; stderrBytes=0; stderrTruncated=False; stderrDroppedBytes=0
2026-06-03T16:52:31.7134523+00:00	WorkerLogSummary	ExtractSeed04	stdout=C:\Users\jimmy\Desktop\meta-bi\Samples\Demos\MetaOrchestrationHairballCliIntegration\Runs\hairball-seed-20260530\RunArtifacts\runs\20260603-165114_89d168495a1e4d0688f9f76490956098\logs\ExtractSeed04-20956.stdout.log; stdoutBytes=0; stdoutTruncated=False; stdoutDroppedBytes=0; stderr=C:\Users\jimmy\Desktop\meta-bi\Samples\Demos\MetaOrchestrationHairballCliIntegration\Runs\hairball-seed-20260530\RunArtifacts\runs\20260603-165114_89d168495a1e4d0688f9f76490956098\logs\ExtractSeed04-20956.stderr.log; stderrBytes=0; stderrTruncated=False; stderrDroppedBytes=0
2026-06-03T16:52:31.7139941+00:00	WorkerLogSummary	ExtractSeed05	stdout=C:\Users\jimmy\Desktop\meta-bi\Samples\Demos\MetaOrchestrationHairballCliIntegration\Runs\hairball-seed-20260530\RunArtifacts\runs\20260603-165114_89d168495a1e4d0688f9f76490956098\logs\ExtractSeed05-27336.stdout.log; stdoutBytes=0; stdoutTruncated=False; stdoutDroppedBytes=0; stderr=C:\Users\jimmy\Desktop\meta-bi\Samples\Demos\MetaOrchestrationHairballCliIntegration\Runs\hairball-seed-20260530\RunArtifacts\runs\20260603-165114_89d168495a1e4d0688f9f76490956098\logs\ExtractSeed05-27336.stderr.log; stderrBytes=0; stderrTruncated=False; stderrDroppedBytes=0
2026-06-03T16:52:31.7144466+00:00	WorkerLogSummary	ExtractSeed06	stdout=C:\Users\jimmy\Desktop\meta-bi\Samples\Demos\MetaOrchestrationHairballCliIntegration\Runs\hairball-seed-20260530\RunArtifacts\runs\20260603-165114_89d168495a1e4d0688f9f76490956098\logs\ExtractSeed06-28756.stdout.log; stdoutBytes=0; stdoutTruncated=False; stdoutDroppedBytes=0; stderr=C:\Users\jimmy\Desktop\meta-bi\Samples\Demos\MetaOrchestrationHairballCliIntegration\Runs\hairball-seed-20260530\RunArtifacts\runs\20260603-165114_89d168495a1e4d0688f9f76490956098\logs\ExtractSeed06-28756.stderr.log; stderrBytes=0; stderrTruncated=False; stderrDroppedBytes=0
2026-06-03T16:52:31.7150271+00:00	WorkerLogSummary	ExtractSeed07	stdout=C:\Users\jimmy\Desktop\meta-bi\Samples\Demos\MetaOrchestrationHairballCliIntegration\Runs\hairball-seed-20260530\RunArtifacts\runs\20260603-165114_89d168495a1e4d0688f9f76490956098\logs\ExtractSeed07-24936.stdout.log; stdoutBytes=0; stdoutTruncated=False; stdoutDroppedBytes=0; stderr=C:\Users\jimmy\Desktop\meta-bi\Samples\Demos\MetaOrchestrationHairballCliIntegration\Runs\hairball-seed-20260530\RunArtifacts\runs\20260603-165114_89d168495a1e4d0688f9f76490956098\logs\ExtractSeed07-24936.stderr.log; stderrBytes=0; stderrTruncated=False; stderrDroppedBytes=0
2026-06-03T16:52:31.7157424+00:00	WorkerLogSummary	ExtractSeed08	stdout=C:\Users\jimmy\Desktop\meta-bi\Samples\Demos\MetaOrchestrationHairballCliIntegration\Runs\hairball-seed-20260530\RunArtifacts\runs\20260603-165114_89d168495a1e4d0688f9f76490956098\logs\ExtractSeed08-26708.stdout.log; stdoutBytes=0; stdoutTruncated=False; stdoutDroppedBytes=0; stderr=C:\Users\jimmy\Desktop\meta-bi\Samples\Demos\MetaOrchestrationHairballCliIntegration\Runs\hairball-seed-20260530\RunArtifacts\runs\20260603-165114_89d168495a1e4d0688f9f76490956098\logs\ExtractSeed08-26708.stderr.log; stderrBytes=0; stderrTruncated=False; stderrDroppedBytes=0
2026-06-03T16:52:31.7163448+00:00	WorkerLogSummary	AuditHairball	stdout=C:\Users\jimmy\Desktop\meta-bi\Samples\Demos\MetaOrchestrationHairballCliIntegration\Runs\hairball-seed-20260530\RunArtifacts\runs\20260603-165114_89d168495a1e4d0688f9f76490956098\logs\AuditHairball-20120.stdout.log; stdoutBytes=0; stdoutTruncated=False; stdoutDroppedBytes=0; stderr=C:\Users\jimmy\Desktop\meta-bi\Samples\Demos\MetaOrchestrationHairballCliIntegration\Runs\hairball-seed-20260530\RunArtifacts\runs\20260603-165114_89d168495a1e4d0688f9f76490956098\logs\AuditHairball-20120.stderr.log; stderrBytes=0; stderrTruncated=False; stderrDroppedBytes=0
2026-06-03T16:52:31.7169817+00:00	WorkerLogSummary	BridgeL01L02	stdout=C:\Users\jimmy\Desktop\meta-bi\Samples\Demos\MetaOrchestrationHairballCliIntegration\Runs\hairball-seed-20260530\RunArtifacts\runs\20260603-165114_89d168495a1e4d0688f9f76490956098\logs\BridgeL01L02-10496.stdout.log; stdoutBytes=0; stdoutTruncated=False; stdoutDroppedBytes=0; stderr=C:\Users\jimmy\Desktop\meta-bi\Samples\Demos\MetaOrchestrationHairballCliIntegration\Runs\hairball-seed-20260530\RunArtifacts\runs\20260603-165114_89d168495a1e4d0688f9f76490956098\logs\BridgeL01L02-10496.stderr.log; stderrBytes=0; stderrTruncated=False; stderrDroppedBytes=0
2026-06-03T16:52:31.7175394+00:00	WorkerLogSummary	BridgeL03L04	stdout=C:\Users\jimmy\Desktop\meta-bi\Samples\Demos\MetaOrchestrationHairballCliIntegration\Runs\hairball-seed-20260530\RunArtifacts\runs\20260603-165114_89d168495a1e4d0688f9f76490956098\logs\BridgeL03L04-22168.stdout.log; stdoutBytes=0; stdoutTruncated=False; stdoutDroppedBytes=0; stderr=C:\Users\jimmy\Desktop\meta-bi\Samples\Demos\MetaOrchestrationHairballCliIntegration\Runs\hairball-seed-20260530\RunArtifacts\runs\20260603-165114_89d168495a1e4d0688f9f76490956098\logs\BridgeL03L04-22168.stderr.log; stderrBytes=0; stderrTruncated=False; stderrDroppedBytes=0
2026-06-03T16:52:31.7180212+00:00	WorkerLogSummary	BridgeL05L06	stdout=C:\Users\jimmy\Desktop\meta-bi\Samples\Demos\MetaOrchestrationHairballCliIntegration\Runs\hairball-seed-20260530\RunArtifacts\runs\20260603-165114_89d168495a1e4d0688f9f76490956098\logs\BridgeL05L06-20324.stdout.log; stdoutBytes=0; stdoutTruncated=False; stdoutDroppedBytes=0; stderr=C:\Users\jimmy\Desktop\meta-bi\Samples\Demos\MetaOrchestrationHairballCliIntegration\Runs\hairball-seed-20260530\RunArtifacts\runs\20260603-165114_89d168495a1e4d0688f9f76490956098\logs\BridgeL05L06-20324.stderr.log; stderrBytes=0; stderrTruncated=False; stderrDroppedBytes=0
2026-06-03T16:52:31.7187201+00:00	WorkerLogSummary	Layer01Node06	stdout=C:\Users\jimmy\Desktop\meta-bi\Samples\Demos\MetaOrchestrationHairballCliIntegration\Runs\hairball-seed-20260530\RunArtifacts\runs\20260603-165114_89d168495a1e4d0688f9f76490956098\logs\Layer01Node06-29664.stdout.log; stdoutBytes=0; stdoutTruncated=False; stdoutDroppedBytes=0; stderr=C:\Users\jimmy\Desktop\meta-bi\Samples\Demos\MetaOrchestrationHairballCliIntegration\Runs\hairball-seed-20260530\RunArtifacts\runs\20260603-165114_89d168495a1e4d0688f9f76490956098\logs\Layer01Node06-29664.stderr.log; stderrBytes=0; stderrTruncated=False; stderrDroppedBytes=0
2026-06-03T16:52:31.7192243+00:00	WorkerLogSummary	Layer01Node01	stdout=C:\Users\jimmy\Desktop\meta-bi\Samples\Demos\MetaOrchestrationHairballCliIntegration\Runs\hairball-seed-20260530\RunArtifacts\runs\20260603-165114_89d168495a1e4d0688f9f76490956098\logs\Layer01Node01-22248.stdout.log; stdoutBytes=0; stdoutTruncated=False; stdoutDroppedBytes=0; stderr=C:\Users\jimmy\Desktop\meta-bi\Samples\Demos\MetaOrchestrationHairballCliIntegration\Runs\hairball-seed-20260530\RunArtifacts\runs\20260603-165114_89d168495a1e4d0688f9f76490956098\logs\Layer01Node01-22248.stderr.log; stderrBytes=0; stderrTruncated=False; stderrDroppedBytes=0
2026-06-03T16:52:31.7200103+00:00	WorkerLogSummary	Layer01Node07	stdout=C:\Users\jimmy\Desktop\meta-bi\Samples\Demos\MetaOrchestrationHairballCliIntegration\Runs\hairball-seed-20260530\RunArtifacts\runs\20260603-165114_89d168495a1e4d0688f9f76490956098\logs\Layer01Node07-17892.stdout.log; stdoutBytes=0; stdoutTruncated=False; stdoutDroppedBytes=0; stderr=C:\Users\jimmy\Desktop\meta-bi\Samples\Demos\MetaOrchestrationHairballCliIntegration\Runs\hairball-seed-20260530\RunArtifacts\runs\20260603-165114_89d168495a1e4d0688f9f76490956098\logs\Layer01Node07-17892.stderr.log; stderrBytes=0; stderrTruncated=False; stderrDroppedBytes=0
2026-06-03T16:52:31.7205867+00:00	WorkerLogSummary	Layer03Node09	stdout=C:\Users\jimmy\Desktop\meta-bi\Samples\Demos\MetaOrchestrationHairballCliIntegration\Runs\hairball-seed-20260530\RunArtifacts\runs\20260603-165114_89d168495a1e4d0688f9f76490956098\logs\Layer03Node09-10120.stdout.log; stdoutBytes=0; stdoutTruncated=False; stdoutDroppedBytes=0; stderr=C:\Users\jimmy\Desktop\meta-bi\Samples\Demos\MetaOrchestrationHairballCliIntegration\Runs\hairball-seed-20260530\RunArtifacts\runs\20260603-165114_89d168495a1e4d0688f9f76490956098\logs\Layer03Node09-10120.stderr.log; stderrBytes=0; stderrTruncated=False; stderrDroppedBytes=0
2026-06-03T16:52:31.7210514+00:00	WorkerLogSummary	Layer02Node03	stdout=C:\Users\jimmy\Desktop\meta-bi\Samples\Demos\MetaOrchestrationHairballCliIntegration\Runs\hairball-seed-20260530\RunArtifacts\runs\20260603-165114_89d168495a1e4d0688f9f76490956098\logs\Layer02Node03-30952.stdout.log; stdoutBytes=0; stdoutTruncated=False; stdoutDroppedBytes=0; stderr=C:\Users\jimmy\Desktop\meta-bi\Samples\Demos\MetaOrchestrationHairballCliIntegration\Runs\hairball-seed-20260530\RunArtifacts\runs\20260603-165114_89d168495a1e4d0688f9f76490956098\logs\Layer02Node03-30952.stderr.log; stderrBytes=0; stderrTruncated=False; stderrDroppedBytes=0
2026-06-03T16:52:31.7217051+00:00	WorkerLogSummary	AuditHairball	stdout=C:\Users\jimmy\Desktop\meta-bi\Samples\Demos\MetaOrchestrationHairballCliIntegration\Runs\hairball-seed-20260530\RunArtifacts\runs\20260603-165114_89d168495a1e4d0688f9f76490956098\logs\AuditHairball-2400.stdout.log; stdoutBytes=0; stdoutTruncated=False; stdoutDroppedBytes=0; stderr=C:\Users\jimmy\Desktop\meta-bi\Samples\Demos\MetaOrchestrationHairballCliIntegration\Runs\hairball-seed-20260530\RunArtifacts\runs\20260603-165114_89d168495a1e4d0688f9f76490956098\logs\AuditHairball-2400.stderr.log; stderrBytes=0; stderrTruncated=False; stderrDroppedBytes=0
2026-06-03T16:52:31.7222155+00:00	WorkerLogSummary	Layer01Node02	stdout=C:\Users\jimmy\Desktop\meta-bi\Samples\Demos\MetaOrchestrationHairballCliIntegration\Runs\hairball-seed-20260530\RunArtifacts\runs\20260603-165114_89d168495a1e4d0688f9f76490956098\logs\Layer01Node02-12428.stdout.log; stdoutBytes=0; stdoutTruncated=False; stdoutDroppedBytes=0; stderr=C:\Users\jimmy\Desktop\meta-bi\Samples\Demos\MetaOrchestrationHairballCliIntegration\Runs\hairball-seed-20260530\RunArtifacts\runs\20260603-165114_89d168495a1e4d0688f9f76490956098\logs\Layer01Node02-12428.stderr.log; stderrBytes=0; stderrTruncated=False; stderrDroppedBytes=0
2026-06-03T16:52:31.7226911+00:00	WorkerLogSummary	Layer01Node04	stdout=C:\Users\jimmy\Desktop\meta-bi\Samples\Demos\MetaOrchestrationHairballCliIntegration\Runs\hairball-seed-20260530\RunArtifacts\runs\20260603-165114_89d168495a1e4d0688f9f76490956098\logs\Layer01Node04-30892.stdout.log; stdoutBytes=0; stdoutTruncated=False; stdoutDroppedBytes=0; stderr=C:\Users\jimmy\Desktop\meta-bi\Samples\Demos\MetaOrchestrationHairballCliIntegration\Runs\hairball-seed-20260530\RunArtifacts\runs\20260603-165114_89d168495a1e4d0688f9f76490956098\logs\Layer01Node04-30892.stderr.log; stderrBytes=0; stderrTruncated=False; stderrDroppedBytes=0
2026-06-03T16:52:31.7231446+00:00	WorkerLogSummary	AuditHairball	stdout=C:\Users\jimmy\Desktop\meta-bi\Samples\Demos\MetaOrchestrationHairballCliIntegration\Runs\hairball-seed-20260530\RunArtifacts\runs\20260603-165114_89d168495a1e4d0688f9f76490956098\logs\AuditHairball-24096.stdout.log; stdoutBytes=0; stdoutTruncated=False; stdoutDroppedBytes=0; stderr=C:\Users\jimmy\Desktop\meta-bi\Samples\Demos\MetaOrchestrationHairballCliIntegration\Runs\hairball-seed-20260530\RunArtifacts\runs\20260603-165114_89d168495a1e4d0688f9f76490956098\logs\AuditHairball-24096.stderr.log; stderrBytes=0; stderrTruncated=False; stderrDroppedBytes=0
2026-06-03T16:52:31.7235855+00:00	WorkerLogSummary	Layer01Node03	stdout=C:\Users\jimmy\Desktop\meta-bi\Samples\Demos\MetaOrchestrationHairballCliIntegration\Runs\hairball-seed-20260530\RunArtifacts\runs\20260603-165114_89d168495a1e4d0688f9f76490956098\logs\Layer01Node03-19952.stdout.log; stdoutBytes=0; stdoutTruncated=False; stdoutDroppedBytes=0; stderr=C:\Users\jimmy\Desktop\meta-bi\Samples\Demos\MetaOrchestrationHairballCliIntegration\Runs\hairball-seed-20260530\RunArtifacts\runs\20260603-165114_89d168495a1e4d0688f9f76490956098\logs\Layer01Node03-19952.stderr.log; stderrBytes=0; stderrTruncated=False; stderrDroppedBytes=0
2026-06-03T16:52:31.7241028+00:00	WorkerLogSummary	Layer01Node05	stdout=C:\Users\jimmy\Desktop\meta-bi\Samples\Demos\MetaOrchestrationHairballCliIntegration\Runs\hairball-seed-20260530\RunArtifacts\runs\20260603-165114_89d168495a1e4d0688f9f76490956098\logs\Layer01Node05-28816.stdout.log; stdoutBytes=0; stdoutTruncated=False; stdoutDroppedBytes=0; stderr=C:\Users\jimmy\Desktop\meta-bi\Samples\Demos\MetaOrchestrationHairballCliIntegration\Runs\hairball-seed-20260530\RunArtifacts\runs\20260603-165114_89d168495a1e4d0688f9f76490956098\logs\Layer01Node05-28816.stderr.log; stderrBytes=0; stderrTruncated=False; stderrDroppedBytes=0
2026-06-03T16:52:31.7245488+00:00	WorkerLogSummary	Layer01Hub	stdout=C:\Users\jimmy\Desktop\meta-bi\Samples\Demos\MetaOrchestrationHairballCliIntegration\Runs\hairball-seed-20260530\RunArtifacts\runs\20260603-165114_89d168495a1e4d0688f9f76490956098\logs\Layer01Hub-19224.stdout.log; stdoutBytes=0; stdoutTruncated=False; stdoutDroppedBytes=0; stderr=C:\Users\jimmy\Desktop\meta-bi\Samples\Demos\MetaOrchestrationHairballCliIntegration\Runs\hairball-seed-20260530\RunArtifacts\runs\20260603-165114_89d168495a1e4d0688f9f76490956098\logs\Layer01Hub-19224.stderr.log; stderrBytes=0; stderrTruncated=False; stderrDroppedBytes=0
2026-06-03T16:52:31.7250164+00:00	WorkerLogSummary	Layer01Node08	stdout=C:\Users\jimmy\Desktop\meta-bi\Samples\Demos\MetaOrchestrationHairballCliIntegration\Runs\hairball-seed-20260530\RunArtifacts\runs\20260603-165114_89d168495a1e4d0688f9f76490956098\logs\Layer01Node08-25764.stdout.log; stdoutBytes=0; stdoutTruncated=False; stdoutDroppedBytes=0; stderr=C:\Users\jimmy\Desktop\meta-bi\Samples\Demos\MetaOrchestrationHairballCliIntegration\Runs\hairball-seed-20260530\RunArtifacts\runs\20260603-165114_89d168495a1e4d0688f9f76490956098\logs\Layer01Node08-25764.stderr.log; stderrBytes=0; stderrTruncated=False; stderrDroppedBytes=0
2026-06-03T16:52:31.7254519+00:00	WorkerLogSummary	Layer01Node09	stdout=C:\Users\jimmy\Desktop\meta-bi\Samples\Demos\MetaOrchestrationHairballCliIntegration\Runs\hairball-seed-20260530\RunArtifacts\runs\20260603-165114_89d168495a1e4d0688f9f76490956098\logs\Layer01Node09-19852.stdout.log; stdoutBytes=0; stdoutTruncated=False; stdoutDroppedBytes=0; stderr=C:\Users\jimmy\Desktop\meta-bi\Samples\Demos\MetaOrchestrationHairballCliIntegration\Runs\hairball-seed-20260530\RunArtifacts\runs\20260603-165114_89d168495a1e4d0688f9f76490956098\logs\Layer01Node09-19852.stderr.log; stderrBytes=0; stderrTruncated=False; stderrDroppedBytes=0
2026-06-03T16:52:31.7260353+00:00	WorkerLogSummary	Layer02Node04	stdout=C:\Users\jimmy\Desktop\meta-bi\Samples\Demos\MetaOrchestrationHairballCliIntegration\Runs\hairball-seed-20260530\RunArtifacts\runs\20260603-165114_89d168495a1e4d0688f9f76490956098\logs\Layer02Node04-15612.stdout.log; stdoutBytes=0; stdoutTruncated=False; stdoutDroppedBytes=0; stderr=C:\Users\jimmy\Desktop\meta-bi\Samples\Demos\MetaOrchestrationHairballCliIntegration\Runs\hairball-seed-20260530\RunArtifacts\runs\20260603-165114_89d168495a1e4d0688f9f76490956098\logs\Layer02Node04-15612.stderr.log; stderrBytes=0; stderrTruncated=False; stderrDroppedBytes=0
2026-06-03T16:52:31.7265276+00:00	WorkerLogSummary	Layer01Hub	stdout=C:\Users\jimmy\Desktop\meta-bi\Samples\Demos\MetaOrchestrationHairballCliIntegration\Runs\hairball-seed-20260530\RunArtifacts\runs\20260603-165114_89d168495a1e4d0688f9f76490956098\logs\Layer01Hub-12252.stdout.log; stdoutBytes=0; stdoutTruncated=False; stdoutDroppedBytes=0; stderr=C:\Users\jimmy\Desktop\meta-bi\Samples\Demos\MetaOrchestrationHairballCliIntegration\Runs\hairball-seed-20260530\RunArtifacts\runs\20260603-165114_89d168495a1e4d0688f9f76490956098\logs\Layer01Hub-12252.stderr.log; stderrBytes=0; stderrTruncated=False; stderrDroppedBytes=0
2026-06-03T16:52:31.7270083+00:00	WorkerLogSummary	Layer02Node02	stdout=C:\Users\jimmy\Desktop\meta-bi\Samples\Demos\MetaOrchestrationHairballCliIntegration\Runs\hairball-seed-20260530\RunArtifacts\runs\20260603-165114_89d168495a1e4d0688f9f76490956098\logs\Layer02Node02-19064.stdout.log; stdoutBytes=0; stdoutTruncated=False; stdoutDroppedBytes=0; stderr=C:\Users\jimmy\Desktop\meta-bi\Samples\Demos\MetaOrchestrationHairballCliIntegration\Runs\hairball-seed-20260530\RunArtifacts\runs\20260603-165114_89d168495a1e4d0688f9f76490956098\logs\Layer02Node02-19064.stderr.log; stderrBytes=0; stderrTruncated=False; stderrDroppedBytes=0
2026-06-03T16:52:31.7274188+00:00	WorkerLogSummary	Layer02Node01	stdout=C:\Users\jimmy\Desktop\meta-bi\Samples\Demos\MetaOrchestrationHairballCliIntegration\Runs\hairball-seed-20260530\RunArtifacts\runs\20260603-165114_89d168495a1e4d0688f9f76490956098\logs\Layer02Node01-13060.stdout.log; stdoutBytes=0; stdoutTruncated=False; stdoutDroppedBytes=0; stderr=C:\Users\jimmy\Desktop\meta-bi\Samples\Demos\MetaOrchestrationHairballCliIntegration\Runs\hairball-seed-20260530\RunArtifacts\runs\20260603-165114_89d168495a1e4d0688f9f76490956098\logs\Layer02Node01-13060.stderr.log; stderrBytes=0; stderrTruncated=False; stderrDroppedBytes=0
2026-06-03T16:52:31.7277997+00:00	WorkerLogSummary	Layer02Node05	stdout=C:\Users\jimmy\Desktop\meta-bi\Samples\Demos\MetaOrchestrationHairballCliIntegration\Runs\hairball-seed-20260530\RunArtifacts\runs\20260603-165114_89d168495a1e4d0688f9f76490956098\logs\Layer02Node05-24596.stdout.log; stdoutBytes=0; stdoutTruncated=False; stdoutDroppedBytes=0; stderr=C:\Users\jimmy\Desktop\meta-bi\Samples\Demos\MetaOrchestrationHairballCliIntegration\Runs\hairball-seed-20260530\RunArtifacts\runs\20260603-165114_89d168495a1e4d0688f9f76490956098\logs\Layer02Node05-24596.stderr.log; stderrBytes=0; stderrTruncated=False; stderrDroppedBytes=0
2026-06-03T16:52:31.7284830+00:00	WorkerLogSummary	Layer02Node06	stdout=C:\Users\jimmy\Desktop\meta-bi\Samples\Demos\MetaOrchestrationHairballCliIntegration\Runs\hairball-seed-20260530\RunArtifacts\runs\20260603-165114_89d168495a1e4d0688f9f76490956098\logs\Layer02Node06-31276.stdout.log; stdoutBytes=0; stdoutTruncated=False; stdoutDroppedBytes=0; stderr=C:\Users\jimmy\Desktop\meta-bi\Samples\Demos\MetaOrchestrationHairballCliIntegration\Runs\hairball-seed-20260530\RunArtifacts\runs\20260603-165114_89d168495a1e4d0688f9f76490956098\logs\Layer02Node06-31276.stderr.log; stderrBytes=0; stderrTruncated=False; stderrDroppedBytes=0
2026-06-03T16:52:31.7292047+00:00	WorkerLogSummary	Layer02Node07	stdout=C:\Users\jimmy\Desktop\meta-bi\Samples\Demos\MetaOrchestrationHairballCliIntegration\Runs\hairball-seed-20260530\RunArtifacts\runs\20260603-165114_89d168495a1e4d0688f9f76490956098\logs\Layer02Node07-19700.stdout.log; stdoutBytes=0; stdoutTruncated=False; stdoutDroppedBytes=0; stderr=C:\Users\jimmy\Desktop\meta-bi\Samples\Demos\MetaOrchestrationHairballCliIntegration\Runs\hairball-seed-20260530\RunArtifacts\runs\20260603-165114_89d168495a1e4d0688f9f76490956098\logs\Layer02Node07-19700.stderr.log; stderrBytes=0; stderrTruncated=False; stderrDroppedBytes=0
2026-06-03T16:52:31.7296992+00:00	WorkerLogSummary	Layer02Node08	stdout=C:\Users\jimmy\Desktop\meta-bi\Samples\Demos\MetaOrchestrationHairballCliIntegration\Runs\hairball-seed-20260530\RunArtifacts\runs\20260603-165114_89d168495a1e4d0688f9f76490956098\logs\Layer02Node08-22184.stdout.log; stdoutBytes=0; stdoutTruncated=False; stdoutDroppedBytes=0; stderr=C:\Users\jimmy\Desktop\meta-bi\Samples\Demos\MetaOrchestrationHairballCliIntegration\Runs\hairball-seed-20260530\RunArtifacts\runs\20260603-165114_89d168495a1e4d0688f9f76490956098\logs\Layer02Node08-22184.stderr.log; stderrBytes=0; stderrTruncated=False; stderrDroppedBytes=0
2026-06-03T16:52:31.7301882+00:00	WorkerLogSummary	Layer02Hub	stdout=C:\Users\jimmy\Desktop\meta-bi\Samples\Demos\MetaOrchestrationHairballCliIntegration\Runs\hairball-seed-20260530\RunArtifacts\runs\20260603-165114_89d168495a1e4d0688f9f76490956098\logs\Layer02Hub-24352.stdout.log; stdoutBytes=0; stdoutTruncated=False; stdoutDroppedBytes=0; stderr=C:\Users\jimmy\Desktop\meta-bi\Samples\Demos\MetaOrchestrationHairballCliIntegration\Runs\hairball-seed-20260530\RunArtifacts\runs\20260603-165114_89d168495a1e4d0688f9f76490956098\logs\Layer02Hub-24352.stderr.log; stderrBytes=0; stderrTruncated=False; stderrDroppedBytes=0
2026-06-03T16:52:31.7306631+00:00	WorkerLogSummary	BridgeL01L02	stdout=C:\Users\jimmy\Desktop\meta-bi\Samples\Demos\MetaOrchestrationHairballCliIntegration\Runs\hairball-seed-20260530\RunArtifacts\runs\20260603-165114_89d168495a1e4d0688f9f76490956098\logs\BridgeL01L02-29192.stdout.log; stdoutBytes=0; stdoutTruncated=False; stdoutDroppedBytes=0; stderr=C:\Users\jimmy\Desktop\meta-bi\Samples\Demos\MetaOrchestrationHairballCliIntegration\Runs\hairball-seed-20260530\RunArtifacts\runs\20260603-165114_89d168495a1e4d0688f9f76490956098\logs\BridgeL01L02-29192.stderr.log; stderrBytes=0; stderrTruncated=False; stderrDroppedBytes=0
2026-06-03T16:52:31.7313932+00:00	WorkerLogSummary	Layer03Node01	stdout=C:\Users\jimmy\Desktop\meta-bi\Samples\Demos\MetaOrchestrationHairballCliIntegration\Runs\hairball-seed-20260530\RunArtifacts\runs\20260603-165114_89d168495a1e4d0688f9f76490956098\logs\Layer03Node01-7644.stdout.log; stdoutBytes=0; stdoutTruncated=False; stdoutDroppedBytes=0; stderr=C:\Users\jimmy\Desktop\meta-bi\Samples\Demos\MetaOrchestrationHairballCliIntegration\Runs\hairball-seed-20260530\RunArtifacts\runs\20260603-165114_89d168495a1e4d0688f9f76490956098\logs\Layer03Node01-7644.stderr.log; stderrBytes=0; stderrTruncated=False; stderrDroppedBytes=0
2026-06-03T16:52:31.7321311+00:00	WorkerLogSummary	Layer03Node02	stdout=C:\Users\jimmy\Desktop\meta-bi\Samples\Demos\MetaOrchestrationHairballCliIntegration\Runs\hairball-seed-20260530\RunArtifacts\runs\20260603-165114_89d168495a1e4d0688f9f76490956098\logs\Layer03Node02-21520.stdout.log; stdoutBytes=0; stdoutTruncated=False; stdoutDroppedBytes=0; stderr=C:\Users\jimmy\Desktop\meta-bi\Samples\Demos\MetaOrchestrationHairballCliIntegration\Runs\hairball-seed-20260530\RunArtifacts\runs\20260603-165114_89d168495a1e4d0688f9f76490956098\logs\Layer03Node02-21520.stderr.log; stderrBytes=0; stderrTruncated=False; stderrDroppedBytes=0
2026-06-03T16:52:31.7335503+00:00	WorkerLogSummary	Layer03Node03	stdout=C:\Users\jimmy\Desktop\meta-bi\Samples\Demos\MetaOrchestrationHairballCliIntegration\Runs\hairball-seed-20260530\RunArtifacts\runs\20260603-165114_89d168495a1e4d0688f9f76490956098\logs\Layer03Node03-18236.stdout.log; stdoutBytes=0; stdoutTruncated=False; stdoutDroppedBytes=0; stderr=C:\Users\jimmy\Desktop\meta-bi\Samples\Demos\MetaOrchestrationHairballCliIntegration\Runs\hairball-seed-20260530\RunArtifacts\runs\20260603-165114_89d168495a1e4d0688f9f76490956098\logs\Layer03Node03-18236.stderr.log; stderrBytes=0; stderrTruncated=False; stderrDroppedBytes=0
2026-06-03T16:52:31.7345389+00:00	WorkerLogSummary	Layer03Node04	stdout=C:\Users\jimmy\Desktop\meta-bi\Samples\Demos\MetaOrchestrationHairballCliIntegration\Runs\hairball-seed-20260530\RunArtifacts\runs\20260603-165114_89d168495a1e4d0688f9f76490956098\logs\Layer03Node04-27408.stdout.log; stdoutBytes=0; stdoutTruncated=False; stdoutDroppedBytes=0; stderr=C:\Users\jimmy\Desktop\meta-bi\Samples\Demos\MetaOrchestrationHairballCliIntegration\Runs\hairball-seed-20260530\RunArtifacts\runs\20260603-165114_89d168495a1e4d0688f9f76490956098\logs\Layer03Node04-27408.stderr.log; stderrBytes=0; stderrTruncated=False; stderrDroppedBytes=0
2026-06-03T16:52:31.7350982+00:00	WorkerLogSummary	Layer03Node05	stdout=C:\Users\jimmy\Desktop\meta-bi\Samples\Demos\MetaOrchestrationHairballCliIntegration\Runs\hairball-seed-20260530\RunArtifacts\runs\20260603-165114_89d168495a1e4d0688f9f76490956098\logs\Layer03Node05-5192.stdout.log; stdoutBytes=0; stdoutTruncated=False; stdoutDroppedBytes=0; stderr=C:\Users\jimmy\Desktop\meta-bi\Samples\Demos\MetaOrchestrationHairballCliIntegration\Runs\hairball-seed-20260530\RunArtifacts\runs\20260603-165114_89d168495a1e4d0688f9f76490956098\logs\Layer03Node05-5192.stderr.log; stderrBytes=0; stderrTruncated=False; stderrDroppedBytes=0
2026-06-03T16:52:31.7355696+00:00	WorkerLogSummary	Layer03Node06	stdout=C:\Users\jimmy\Desktop\meta-bi\Samples\Demos\MetaOrchestrationHairballCliIntegration\Runs\hairball-seed-20260530\RunArtifacts\runs\20260603-165114_89d168495a1e4d0688f9f76490956098\logs\Layer03Node06-30280.stdout.log; stdoutBytes=0; stdoutTruncated=False; stdoutDroppedBytes=0; stderr=C:\Users\jimmy\Desktop\meta-bi\Samples\Demos\MetaOrchestrationHairballCliIntegration\Runs\hairball-seed-20260530\RunArtifacts\runs\20260603-165114_89d168495a1e4d0688f9f76490956098\logs\Layer03Node06-30280.stderr.log; stderrBytes=0; stderrTruncated=False; stderrDroppedBytes=0
2026-06-03T16:52:31.7360087+00:00	WorkerLogSummary	Layer03Node07	stdout=C:\Users\jimmy\Desktop\meta-bi\Samples\Demos\MetaOrchestrationHairballCliIntegration\Runs\hairball-seed-20260530\RunArtifacts\runs\20260603-165114_89d168495a1e4d0688f9f76490956098\logs\Layer03Node07-15132.stdout.log; stdoutBytes=0; stdoutTruncated=False; stdoutDroppedBytes=0; stderr=C:\Users\jimmy\Desktop\meta-bi\Samples\Demos\MetaOrchestrationHairballCliIntegration\Runs\hairball-seed-20260530\RunArtifacts\runs\20260603-165114_89d168495a1e4d0688f9f76490956098\logs\Layer03Node07-15132.stderr.log; stderrBytes=0; stderrTruncated=False; stderrDroppedBytes=0
2026-06-03T16:52:31.7365948+00:00	WorkerLogSummary	Layer03Hub	stdout=C:\Users\jimmy\Desktop\meta-bi\Samples\Demos\MetaOrchestrationHairballCliIntegration\Runs\hairball-seed-20260530\RunArtifacts\runs\20260603-165114_89d168495a1e4d0688f9f76490956098\logs\Layer03Hub-27036.stdout.log; stdoutBytes=0; stdoutTruncated=False; stdoutDroppedBytes=0; stderr=C:\Users\jimmy\Desktop\meta-bi\Samples\Demos\MetaOrchestrationHairballCliIntegration\Runs\hairball-seed-20260530\RunArtifacts\runs\20260603-165114_89d168495a1e4d0688f9f76490956098\logs\Layer03Hub-27036.stderr.log; stderrBytes=0; stderrTruncated=False; stderrDroppedBytes=0
2026-06-03T16:52:31.7370146+00:00	WorkerLogSummary	Layer03Node08	stdout=C:\Users\jimmy\Desktop\meta-bi\Samples\Demos\MetaOrchestrationHairballCliIntegration\Runs\hairball-seed-20260530\RunArtifacts\runs\20260603-165114_89d168495a1e4d0688f9f76490956098\logs\Layer03Node08-26100.stdout.log; stdoutBytes=0; stdoutTruncated=False; stdoutDroppedBytes=0; stderr=C:\Users\jimmy\Desktop\meta-bi\Samples\Demos\MetaOrchestrationHairballCliIntegration\Runs\hairball-seed-20260530\RunArtifacts\runs\20260603-165114_89d168495a1e4d0688f9f76490956098\logs\Layer03Node08-26100.stderr.log; stderrBytes=0; stderrTruncated=False; stderrDroppedBytes=0
2026-06-03T16:52:31.7373943+00:00	WorkerLogSummary	Layer03Node10	stdout=C:\Users\jimmy\Desktop\meta-bi\Samples\Demos\MetaOrchestrationHairballCliIntegration\Runs\hairball-seed-20260530\RunArtifacts\runs\20260603-165114_89d168495a1e4d0688f9f76490956098\logs\Layer03Node10-8396.stdout.log; stdoutBytes=0; stdoutTruncated=False; stdoutDroppedBytes=0; stderr=C:\Users\jimmy\Desktop\meta-bi\Samples\Demos\MetaOrchestrationHairballCliIntegration\Runs\hairball-seed-20260530\RunArtifacts\runs\20260603-165114_89d168495a1e4d0688f9f76490956098\logs\Layer03Node10-8396.stderr.log; stderrBytes=0; stderrTruncated=False; stderrDroppedBytes=0
2026-06-03T16:52:31.7378191+00:00	WorkerLogSummary	Layer04Node01	stdout=C:\Users\jimmy\Desktop\meta-bi\Samples\Demos\MetaOrchestrationHairballCliIntegration\Runs\hairball-seed-20260530\RunArtifacts\runs\20260603-165114_89d168495a1e4d0688f9f76490956098\logs\Layer04Node01-8684.stdout.log; stdoutBytes=0; stdoutTruncated=False; stdoutDroppedBytes=0; stderr=C:\Users\jimmy\Desktop\meta-bi\Samples\Demos\MetaOrchestrationHairballCliIntegration\Runs\hairball-seed-20260530\RunArtifacts\runs\20260603-165114_89d168495a1e4d0688f9f76490956098\logs\Layer04Node01-8684.stderr.log; stderrBytes=0; stderrTruncated=False; stderrDroppedBytes=0
2026-06-03T16:52:31.7382097+00:00	WorkerLogSummary	Layer04Node02	stdout=C:\Users\jimmy\Desktop\meta-bi\Samples\Demos\MetaOrchestrationHairballCliIntegration\Runs\hairball-seed-20260530\RunArtifacts\runs\20260603-165114_89d168495a1e4d0688f9f76490956098\logs\Layer04Node02-5620.stdout.log; stdoutBytes=0; stdoutTruncated=False; stdoutDroppedBytes=0; stderr=C:\Users\jimmy\Desktop\meta-bi\Samples\Demos\MetaOrchestrationHairballCliIntegration\Runs\hairball-seed-20260530\RunArtifacts\runs\20260603-165114_89d168495a1e4d0688f9f76490956098\logs\Layer04Node02-5620.stderr.log; stderrBytes=0; stderrTruncated=False; stderrDroppedBytes=0
2026-06-03T16:52:31.7386515+00:00	WorkerLogSummary	Layer04Node03	stdout=C:\Users\jimmy\Desktop\meta-bi\Samples\Demos\MetaOrchestrationHairballCliIntegration\Runs\hairball-seed-20260530\RunArtifacts\runs\20260603-165114_89d168495a1e4d0688f9f76490956098\logs\Layer04Node03-25032.stdout.log; stdoutBytes=0; stdoutTruncated=False; stdoutDroppedBytes=0; stderr=C:\Users\jimmy\Desktop\meta-bi\Samples\Demos\MetaOrchestrationHairballCliIntegration\Runs\hairball-seed-20260530\RunArtifacts\runs\20260603-165114_89d168495a1e4d0688f9f76490956098\logs\Layer04Node03-25032.stderr.log; stderrBytes=0; stderrTruncated=False; stderrDroppedBytes=0
2026-06-03T16:52:31.7390487+00:00	WorkerLogSummary	Layer04Node04	stdout=C:\Users\jimmy\Desktop\meta-bi\Samples\Demos\MetaOrchestrationHairballCliIntegration\Runs\hairball-seed-20260530\RunArtifacts\runs\20260603-165114_89d168495a1e4d0688f9f76490956098\logs\Layer04Node04-20628.stdout.log; stdoutBytes=0; stdoutTruncated=False; stdoutDroppedBytes=0; stderr=C:\Users\jimmy\Desktop\meta-bi\Samples\Demos\MetaOrchestrationHairballCliIntegration\Runs\hairball-seed-20260530\RunArtifacts\runs\20260603-165114_89d168495a1e4d0688f9f76490956098\logs\Layer04Node04-20628.stderr.log; stderrBytes=0; stderrTruncated=False; stderrDroppedBytes=0
2026-06-03T16:52:31.7394959+00:00	WorkerLogSummary	Layer04Node05	stdout=C:\Users\jimmy\Desktop\meta-bi\Samples\Demos\MetaOrchestrationHairballCliIntegration\Runs\hairball-seed-20260530\RunArtifacts\runs\20260603-165114_89d168495a1e4d0688f9f76490956098\logs\Layer04Node05-27280.stdout.log; stdoutBytes=0; stdoutTruncated=False; stdoutDroppedBytes=0; stderr=C:\Users\jimmy\Desktop\meta-bi\Samples\Demos\MetaOrchestrationHairballCliIntegration\Runs\hairball-seed-20260530\RunArtifacts\runs\20260603-165114_89d168495a1e4d0688f9f76490956098\logs\Layer04Node05-27280.stderr.log; stderrBytes=0; stderrTruncated=False; stderrDroppedBytes=0
2026-06-03T16:52:31.7399642+00:00	WorkerLogSummary	Layer04Node06	stdout=C:\Users\jimmy\Desktop\meta-bi\Samples\Demos\MetaOrchestrationHairballCliIntegration\Runs\hairball-seed-20260530\RunArtifacts\runs\20260603-165114_89d168495a1e4d0688f9f76490956098\logs\Layer04Node06-20624.stdout.log; stdoutBytes=0; stdoutTruncated=False; stdoutDroppedBytes=0; stderr=C:\Users\jimmy\Desktop\meta-bi\Samples\Demos\MetaOrchestrationHairballCliIntegration\Runs\hairball-seed-20260530\RunArtifacts\runs\20260603-165114_89d168495a1e4d0688f9f76490956098\logs\Layer04Node06-20624.stderr.log; stderrBytes=0; stderrTruncated=False; stderrDroppedBytes=0
2026-06-03T16:52:31.7404532+00:00	WorkerLogSummary	Layer04Node07	stdout=C:\Users\jimmy\Desktop\meta-bi\Samples\Demos\MetaOrchestrationHairballCliIntegration\Runs\hairball-seed-20260530\RunArtifacts\runs\20260603-165114_89d168495a1e4d0688f9f76490956098\logs\Layer04Node07-30624.stdout.log; stdoutBytes=0; stdoutTruncated=False; stdoutDroppedBytes=0; stderr=C:\Users\jimmy\Desktop\meta-bi\Samples\Demos\MetaOrchestrationHairballCliIntegration\Runs\hairball-seed-20260530\RunArtifacts\runs\20260603-165114_89d168495a1e4d0688f9f76490956098\logs\Layer04Node07-30624.stderr.log; stderrBytes=0; stderrTruncated=False; stderrDroppedBytes=0
2026-06-03T16:52:31.7409525+00:00	WorkerLogSummary	Layer04Node08	stdout=C:\Users\jimmy\Desktop\meta-bi\Samples\Demos\MetaOrchestrationHairballCliIntegration\Runs\hairball-seed-20260530\RunArtifacts\runs\20260603-165114_89d168495a1e4d0688f9f76490956098\logs\Layer04Node08-20108.stdout.log; stdoutBytes=0; stdoutTruncated=False; stdoutDroppedBytes=0; stderr=C:\Users\jimmy\Desktop\meta-bi\Samples\Demos\MetaOrchestrationHairballCliIntegration\Runs\hairball-seed-20260530\RunArtifacts\runs\20260603-165114_89d168495a1e4d0688f9f76490956098\logs\Layer04Node08-20108.stderr.log; stderrBytes=0; stderrTruncated=False; stderrDroppedBytes=0
2026-06-03T16:52:31.7414120+00:00	WorkerLogSummary	Layer04Node09	stdout=C:\Users\jimmy\Desktop\meta-bi\Samples\Demos\MetaOrchestrationHairballCliIntegration\Runs\hairball-seed-20260530\RunArtifacts\runs\20260603-165114_89d168495a1e4d0688f9f76490956098\logs\Layer04Node09-30216.stdout.log; stdoutBytes=0; stdoutTruncated=False; stdoutDroppedBytes=0; stderr=C:\Users\jimmy\Desktop\meta-bi\Samples\Demos\MetaOrchestrationHairballCliIntegration\Runs\hairball-seed-20260530\RunArtifacts\runs\20260603-165114_89d168495a1e4d0688f9f76490956098\logs\Layer04Node09-30216.stderr.log; stderrBytes=0; stderrTruncated=False; stderrDroppedBytes=0
2026-06-03T16:52:31.7419047+00:00	WorkerLogSummary	Layer04Hub	stdout=C:\Users\jimmy\Desktop\meta-bi\Samples\Demos\MetaOrchestrationHairballCliIntegration\Runs\hairball-seed-20260530\RunArtifacts\runs\20260603-165114_89d168495a1e4d0688f9f76490956098\logs\Layer04Hub-18556.stdout.log; stdoutBytes=0; stdoutTruncated=False; stdoutDroppedBytes=0; stderr=C:\Users\jimmy\Desktop\meta-bi\Samples\Demos\MetaOrchestrationHairballCliIntegration\Runs\hairball-seed-20260530\RunArtifacts\runs\20260603-165114_89d168495a1e4d0688f9f76490956098\logs\Layer04Hub-18556.stderr.log; stderrBytes=0; stderrTruncated=False; stderrDroppedBytes=0
2026-06-03T16:52:31.7423379+00:00	WorkerLogSummary	BridgeL03L04	stdout=C:\Users\jimmy\Desktop\meta-bi\Samples\Demos\MetaOrchestrationHairballCliIntegration\Runs\hairball-seed-20260530\RunArtifacts\runs\20260603-165114_89d168495a1e4d0688f9f76490956098\logs\BridgeL03L04-28328.stdout.log; stdoutBytes=0; stdoutTruncated=False; stdoutDroppedBytes=0; stderr=C:\Users\jimmy\Desktop\meta-bi\Samples\Demos\MetaOrchestrationHairballCliIntegration\Runs\hairball-seed-20260530\RunArtifacts\runs\20260603-165114_89d168495a1e4d0688f9f76490956098\logs\BridgeL03L04-28328.stderr.log; stderrBytes=0; stderrTruncated=False; stderrDroppedBytes=0
2026-06-03T16:52:31.7427111+00:00	WorkerLogSummary	Layer05Node01	stdout=C:\Users\jimmy\Desktop\meta-bi\Samples\Demos\MetaOrchestrationHairballCliIntegration\Runs\hairball-seed-20260530\RunArtifacts\runs\20260603-165114_89d168495a1e4d0688f9f76490956098\logs\Layer05Node01-16128.stdout.log; stdoutBytes=0; stdoutTruncated=False; stdoutDroppedBytes=0; stderr=C:\Users\jimmy\Desktop\meta-bi\Samples\Demos\MetaOrchestrationHairballCliIntegration\Runs\hairball-seed-20260530\RunArtifacts\runs\20260603-165114_89d168495a1e4d0688f9f76490956098\logs\Layer05Node01-16128.stderr.log; stderrBytes=0; stderrTruncated=False; stderrDroppedBytes=0
2026-06-03T16:52:31.7431499+00:00	WorkerLogSummary	Layer05Node02	stdout=C:\Users\jimmy\Desktop\meta-bi\Samples\Demos\MetaOrchestrationHairballCliIntegration\Runs\hairball-seed-20260530\RunArtifacts\runs\20260603-165114_89d168495a1e4d0688f9f76490956098\logs\Layer05Node02-31520.stdout.log; stdoutBytes=0; stdoutTruncated=False; stdoutDroppedBytes=0; stderr=C:\Users\jimmy\Desktop\meta-bi\Samples\Demos\MetaOrchestrationHairballCliIntegration\Runs\hairball-seed-20260530\RunArtifacts\runs\20260603-165114_89d168495a1e4d0688f9f76490956098\logs\Layer05Node02-31520.stderr.log; stderrBytes=0; stderrTruncated=False; stderrDroppedBytes=0
2026-06-03T16:52:31.7435860+00:00	WorkerLogSummary	Layer05Node03	stdout=C:\Users\jimmy\Desktop\meta-bi\Samples\Demos\MetaOrchestrationHairballCliIntegration\Runs\hairball-seed-20260530\RunArtifacts\runs\20260603-165114_89d168495a1e4d0688f9f76490956098\logs\Layer05Node03-8316.stdout.log; stdoutBytes=0; stdoutTruncated=False; stdoutDroppedBytes=0; stderr=C:\Users\jimmy\Desktop\meta-bi\Samples\Demos\MetaOrchestrationHairballCliIntegration\Runs\hairball-seed-20260530\RunArtifacts\runs\20260603-165114_89d168495a1e4d0688f9f76490956098\logs\Layer05Node03-8316.stderr.log; stderrBytes=0; stderrTruncated=False; stderrDroppedBytes=0
2026-06-03T16:52:31.7439803+00:00	WorkerLogSummary	Layer05Node04	stdout=C:\Users\jimmy\Desktop\meta-bi\Samples\Demos\MetaOrchestrationHairballCliIntegration\Runs\hairball-seed-20260530\RunArtifacts\runs\20260603-165114_89d168495a1e4d0688f9f76490956098\logs\Layer05Node04-7376.stdout.log; stdoutBytes=0; stdoutTruncated=False; stdoutDroppedBytes=0; stderr=C:\Users\jimmy\Desktop\meta-bi\Samples\Demos\MetaOrchestrationHairballCliIntegration\Runs\hairball-seed-20260530\RunArtifacts\runs\20260603-165114_89d168495a1e4d0688f9f76490956098\logs\Layer05Node04-7376.stderr.log; stderrBytes=0; stderrTruncated=False; stderrDroppedBytes=0
2026-06-03T16:52:31.7443645+00:00	WorkerLogSummary	Layer05Node05	stdout=C:\Users\jimmy\Desktop\meta-bi\Samples\Demos\MetaOrchestrationHairballCliIntegration\Runs\hairball-seed-20260530\RunArtifacts\runs\20260603-165114_89d168495a1e4d0688f9f76490956098\logs\Layer05Node05-2188.stdout.log; stdoutBytes=0; stdoutTruncated=False; stdoutDroppedBytes=0; stderr=C:\Users\jimmy\Desktop\meta-bi\Samples\Demos\MetaOrchestrationHairballCliIntegration\Runs\hairball-seed-20260530\RunArtifacts\runs\20260603-165114_89d168495a1e4d0688f9f76490956098\logs\Layer05Node05-2188.stderr.log; stderrBytes=0; stderrTruncated=False; stderrDroppedBytes=0
2026-06-03T16:52:31.7448040+00:00	WorkerLogSummary	Layer05Node06	stdout=C:\Users\jimmy\Desktop\meta-bi\Samples\Demos\MetaOrchestrationHairballCliIntegration\Runs\hairball-seed-20260530\RunArtifacts\runs\20260603-165114_89d168495a1e4d0688f9f76490956098\logs\Layer05Node06-28152.stdout.log; stdoutBytes=0; stdoutTruncated=False; stdoutDroppedBytes=0; stderr=C:\Users\jimmy\Desktop\meta-bi\Samples\Demos\MetaOrchestrationHairballCliIntegration\Runs\hairball-seed-20260530\RunArtifacts\runs\20260603-165114_89d168495a1e4d0688f9f76490956098\logs\Layer05Node06-28152.stderr.log; stderrBytes=0; stderrTruncated=False; stderrDroppedBytes=0
2026-06-03T16:52:31.7452369+00:00	WorkerLogSummary	Layer05Node07	stdout=C:\Users\jimmy\Desktop\meta-bi\Samples\Demos\MetaOrchestrationHairballCliIntegration\Runs\hairball-seed-20260530\RunArtifacts\runs\20260603-165114_89d168495a1e4d0688f9f76490956098\logs\Layer05Node07-28808.stdout.log; stdoutBytes=0; stdoutTruncated=False; stdoutDroppedBytes=0; stderr=C:\Users\jimmy\Desktop\meta-bi\Samples\Demos\MetaOrchestrationHairballCliIntegration\Runs\hairball-seed-20260530\RunArtifacts\runs\20260603-165114_89d168495a1e4d0688f9f76490956098\logs\Layer05Node07-28808.stderr.log; stderrBytes=0; stderrTruncated=False; stderrDroppedBytes=0
2026-06-03T16:52:31.7458076+00:00	WorkerLogSummary	BridgeL07L08	stdout=C:\Users\jimmy\Desktop\meta-bi\Samples\Demos\MetaOrchestrationHairballCliIntegration\Runs\hairball-seed-20260530\RunArtifacts\runs\20260603-165114_89d168495a1e4d0688f9f76490956098\logs\BridgeL07L08-24468.stdout.log; stdoutBytes=0; stdoutTruncated=False; stdoutDroppedBytes=0; stderr=C:\Users\jimmy\Desktop\meta-bi\Samples\Demos\MetaOrchestrationHairballCliIntegration\Runs\hairball-seed-20260530\RunArtifacts\runs\20260603-165114_89d168495a1e4d0688f9f76490956098\logs\BridgeL07L08-24468.stderr.log; stderrBytes=0; stderrTruncated=False; stderrDroppedBytes=0
2026-06-03T16:52:31.7464033+00:00	WorkerLogSummary	Layer05Node08	stdout=C:\Users\jimmy\Desktop\meta-bi\Samples\Demos\MetaOrchestrationHairballCliIntegration\Runs\hairball-seed-20260530\RunArtifacts\runs\20260603-165114_89d168495a1e4d0688f9f76490956098\logs\Layer05Node08-23612.stdout.log; stdoutBytes=0; stdoutTruncated=False; stdoutDroppedBytes=0; stderr=C:\Users\jimmy\Desktop\meta-bi\Samples\Demos\MetaOrchestrationHairballCliIntegration\Runs\hairball-seed-20260530\RunArtifacts\runs\20260603-165114_89d168495a1e4d0688f9f76490956098\logs\Layer05Node08-23612.stderr.log; stderrBytes=0; stderrTruncated=False; stderrDroppedBytes=0
2026-06-03T16:52:31.7470008+00:00	WorkerLogSummary	Layer05Hub	stdout=C:\Users\jimmy\Desktop\meta-bi\Samples\Demos\MetaOrchestrationHairballCliIntegration\Runs\hairball-seed-20260530\RunArtifacts\runs\20260603-165114_89d168495a1e4d0688f9f76490956098\logs\Layer05Hub-18084.stdout.log; stdoutBytes=0; stdoutTruncated=False; stdoutDroppedBytes=0; stderr=C:\Users\jimmy\Desktop\meta-bi\Samples\Demos\MetaOrchestrationHairballCliIntegration\Runs\hairball-seed-20260530\RunArtifacts\runs\20260603-165114_89d168495a1e4d0688f9f76490956098\logs\Layer05Hub-18084.stderr.log; stderrBytes=0; stderrTruncated=False; stderrDroppedBytes=0
2026-06-03T16:52:31.7475207+00:00	WorkerLogSummary	BridgeL05L06	stdout=C:\Users\jimmy\Desktop\meta-bi\Samples\Demos\MetaOrchestrationHairballCliIntegration\Runs\hairball-seed-20260530\RunArtifacts\runs\20260603-165114_89d168495a1e4d0688f9f76490956098\logs\BridgeL05L06-25352.stdout.log; stdoutBytes=0; stdoutTruncated=False; stdoutDroppedBytes=0; stderr=C:\Users\jimmy\Desktop\meta-bi\Samples\Demos\MetaOrchestrationHairballCliIntegration\Runs\hairball-seed-20260530\RunArtifacts\runs\20260603-165114_89d168495a1e4d0688f9f76490956098\logs\BridgeL05L06-25352.stderr.log; stderrBytes=0; stderrTruncated=False; stderrDroppedBytes=0
2026-06-03T16:52:31.7481402+00:00	WorkerLogSummary	BridgeL07L08	stdout=C:\Users\jimmy\Desktop\meta-bi\Samples\Demos\MetaOrchestrationHairballCliIntegration\Runs\hairball-seed-20260530\RunArtifacts\runs\20260603-165114_89d168495a1e4d0688f9f76490956098\logs\BridgeL07L08-26424.stdout.log; stdoutBytes=0; stdoutTruncated=False; stdoutDroppedBytes=0; stderr=C:\Users\jimmy\Desktop\meta-bi\Samples\Demos\MetaOrchestrationHairballCliIntegration\Runs\hairball-seed-20260530\RunArtifacts\runs\20260603-165114_89d168495a1e4d0688f9f76490956098\logs\BridgeL07L08-26424.stderr.log; stderrBytes=0; stderrTruncated=False; stderrDroppedBytes=0
2026-06-03T16:52:31.7488159+00:00	WorkerLogSummary	Layer06Node01	stdout=C:\Users\jimmy\Desktop\meta-bi\Samples\Demos\MetaOrchestrationHairballCliIntegration\Runs\hairball-seed-20260530\RunArtifacts\runs\20260603-165114_89d168495a1e4d0688f9f76490956098\logs\Layer06Node01-28852.stdout.log; stdoutBytes=0; stdoutTruncated=False; stdoutDroppedBytes=0; stderr=C:\Users\jimmy\Desktop\meta-bi\Samples\Demos\MetaOrchestrationHairballCliIntegration\Runs\hairball-seed-20260530\RunArtifacts\runs\20260603-165114_89d168495a1e4d0688f9f76490956098\logs\Layer06Node01-28852.stderr.log; stderrBytes=0; stderrTruncated=False; stderrDroppedBytes=0
2026-06-03T16:52:31.7496853+00:00	WorkerLogSummary	Layer06Node02	stdout=C:\Users\jimmy\Desktop\meta-bi\Samples\Demos\MetaOrchestrationHairballCliIntegration\Runs\hairball-seed-20260530\RunArtifacts\runs\20260603-165114_89d168495a1e4d0688f9f76490956098\logs\Layer06Node02-17304.stdout.log; stdoutBytes=0; stdoutTruncated=False; stdoutDroppedBytes=0; stderr=C:\Users\jimmy\Desktop\meta-bi\Samples\Demos\MetaOrchestrationHairballCliIntegration\Runs\hairball-seed-20260530\RunArtifacts\runs\20260603-165114_89d168495a1e4d0688f9f76490956098\logs\Layer06Node02-17304.stderr.log; stderrBytes=0; stderrTruncated=False; stderrDroppedBytes=0
2026-06-03T16:52:31.7503120+00:00	WorkerLogSummary	BridgeL05L06	stdout=C:\Users\jimmy\Desktop\meta-bi\Samples\Demos\MetaOrchestrationHairballCliIntegration\Runs\hairball-seed-20260530\RunArtifacts\runs\20260603-165114_89d168495a1e4d0688f9f76490956098\logs\BridgeL05L06-22672.stdout.log; stdoutBytes=0; stdoutTruncated=False; stdoutDroppedBytes=0; stderr=C:\Users\jimmy\Desktop\meta-bi\Samples\Demos\MetaOrchestrationHairballCliIntegration\Runs\hairball-seed-20260530\RunArtifacts\runs\20260603-165114_89d168495a1e4d0688f9f76490956098\logs\BridgeL05L06-22672.stderr.log; stderrBytes=0; stderrTruncated=False; stderrDroppedBytes=0
2026-06-03T16:52:31.7508315+00:00	WorkerLogSummary	Layer06Node03	stdout=C:\Users\jimmy\Desktop\meta-bi\Samples\Demos\MetaOrchestrationHairballCliIntegration\Runs\hairball-seed-20260530\RunArtifacts\runs\20260603-165114_89d168495a1e4d0688f9f76490956098\logs\Layer06Node03-2564.stdout.log; stdoutBytes=0; stdoutTruncated=False; stdoutDroppedBytes=0; stderr=C:\Users\jimmy\Desktop\meta-bi\Samples\Demos\MetaOrchestrationHairballCliIntegration\Runs\hairball-seed-20260530\RunArtifacts\runs\20260603-165114_89d168495a1e4d0688f9f76490956098\logs\Layer06Node03-2564.stderr.log; stderrBytes=0; stderrTruncated=False; stderrDroppedBytes=0
2026-06-03T16:52:31.7512403+00:00	WorkerLogSummary	Layer06Node04	stdout=C:\Users\jimmy\Desktop\meta-bi\Samples\Demos\MetaOrchestrationHairballCliIntegration\Runs\hairball-seed-20260530\RunArtifacts\runs\20260603-165114_89d168495a1e4d0688f9f76490956098\logs\Layer06Node04-24336.stdout.log; stdoutBytes=0; stdoutTruncated=False; stdoutDroppedBytes=0; stderr=C:\Users\jimmy\Desktop\meta-bi\Samples\Demos\MetaOrchestrationHairballCliIntegration\Runs\hairball-seed-20260530\RunArtifacts\runs\20260603-165114_89d168495a1e4d0688f9f76490956098\logs\Layer06Node04-24336.stderr.log; stderrBytes=0; stderrTruncated=False; stderrDroppedBytes=0
2026-06-03T16:52:31.7517144+00:00	WorkerLogSummary	Layer06Node05	stdout=C:\Users\jimmy\Desktop\meta-bi\Samples\Demos\MetaOrchestrationHairballCliIntegration\Runs\hairball-seed-20260530\RunArtifacts\runs\20260603-165114_89d168495a1e4d0688f9f76490956098\logs\Layer06Node05-21064.stdout.log; stdoutBytes=0; stdoutTruncated=False; stdoutDroppedBytes=0; stderr=C:\Users\jimmy\Desktop\meta-bi\Samples\Demos\MetaOrchestrationHairballCliIntegration\Runs\hairball-seed-20260530\RunArtifacts\runs\20260603-165114_89d168495a1e4d0688f9f76490956098\logs\Layer06Node05-21064.stderr.log; stderrBytes=0; stderrTruncated=False; stderrDroppedBytes=0
2026-06-03T16:52:31.7521343+00:00	WorkerLogSummary	Layer06Node06	stdout=C:\Users\jimmy\Desktop\meta-bi\Samples\Demos\MetaOrchestrationHairballCliIntegration\Runs\hairball-seed-20260530\RunArtifacts\runs\20260603-165114_89d168495a1e4d0688f9f76490956098\logs\Layer06Node06-23688.stdout.log; stdoutBytes=0; stdoutTruncated=False; stdoutDroppedBytes=0; stderr=C:\Users\jimmy\Desktop\meta-bi\Samples\Demos\MetaOrchestrationHairballCliIntegration\Runs\hairball-seed-20260530\RunArtifacts\runs\20260603-165114_89d168495a1e4d0688f9f76490956098\logs\Layer06Node06-23688.stderr.log; stderrBytes=0; stderrTruncated=False; stderrDroppedBytes=0
2026-06-03T16:52:31.7526414+00:00	WorkerLogSummary	Layer06Node07	stdout=C:\Users\jimmy\Desktop\meta-bi\Samples\Demos\MetaOrchestrationHairballCliIntegration\Runs\hairball-seed-20260530\RunArtifacts\runs\20260603-165114_89d168495a1e4d0688f9f76490956098\logs\Layer06Node07-30072.stdout.log; stdoutBytes=0; stdoutTruncated=False; stdoutDroppedBytes=0; stderr=C:\Users\jimmy\Desktop\meta-bi\Samples\Demos\MetaOrchestrationHairballCliIntegration\Runs\hairball-seed-20260530\RunArtifacts\runs\20260603-165114_89d168495a1e4d0688f9f76490956098\logs\Layer06Node07-30072.stderr.log; stderrBytes=0; stderrTruncated=False; stderrDroppedBytes=0
2026-06-03T16:52:31.7530928+00:00	WorkerLogSummary	Layer06Node08	stdout=C:\Users\jimmy\Desktop\meta-bi\Samples\Demos\MetaOrchestrationHairballCliIntegration\Runs\hairball-seed-20260530\RunArtifacts\runs\20260603-165114_89d168495a1e4d0688f9f76490956098\logs\Layer06Node08-20116.stdout.log; stdoutBytes=0; stdoutTruncated=False; stdoutDroppedBytes=0; stderr=C:\Users\jimmy\Desktop\meta-bi\Samples\Demos\MetaOrchestrationHairballCliIntegration\Runs\hairball-seed-20260530\RunArtifacts\runs\20260603-165114_89d168495a1e4d0688f9f76490956098\logs\Layer06Node08-20116.stderr.log; stderrBytes=0; stderrTruncated=False; stderrDroppedBytes=0
2026-06-03T16:52:31.7535435+00:00	WorkerLogSummary	BridgeL05L06	stdout=C:\Users\jimmy\Desktop\meta-bi\Samples\Demos\MetaOrchestrationHairballCliIntegration\Runs\hairball-seed-20260530\RunArtifacts\runs\20260603-165114_89d168495a1e4d0688f9f76490956098\logs\BridgeL05L06-356.stdout.log; stdoutBytes=0; stdoutTruncated=False; stdoutDroppedBytes=0; stderr=C:\Users\jimmy\Desktop\meta-bi\Samples\Demos\MetaOrchestrationHairballCliIntegration\Runs\hairball-seed-20260530\RunArtifacts\runs\20260603-165114_89d168495a1e4d0688f9f76490956098\logs\BridgeL05L06-356.stderr.log; stderrBytes=0; stderrTruncated=False; stderrDroppedBytes=0
2026-06-03T16:52:31.7540261+00:00	WorkerLogSummary	Layer06Node09	stdout=C:\Users\jimmy\Desktop\meta-bi\Samples\Demos\MetaOrchestrationHairballCliIntegration\Runs\hairball-seed-20260530\RunArtifacts\runs\20260603-165114_89d168495a1e4d0688f9f76490956098\logs\Layer06Node09-28620.stdout.log; stdoutBytes=0; stdoutTruncated=False; stdoutDroppedBytes=0; stderr=C:\Users\jimmy\Desktop\meta-bi\Samples\Demos\MetaOrchestrationHairballCliIntegration\Runs\hairball-seed-20260530\RunArtifacts\runs\20260603-165114_89d168495a1e4d0688f9f76490956098\logs\Layer06Node09-28620.stderr.log; stderrBytes=0; stderrTruncated=False; stderrDroppedBytes=0
2026-06-03T16:52:31.7545051+00:00	WorkerLogSummary	Layer06Hub	stdout=C:\Users\jimmy\Desktop\meta-bi\Samples\Demos\MetaOrchestrationHairballCliIntegration\Runs\hairball-seed-20260530\RunArtifacts\runs\20260603-165114_89d168495a1e4d0688f9f76490956098\logs\Layer06Hub-23508.stdout.log; stdoutBytes=0; stdoutTruncated=False; stdoutDroppedBytes=0; stderr=C:\Users\jimmy\Desktop\meta-bi\Samples\Demos\MetaOrchestrationHairballCliIntegration\Runs\hairball-seed-20260530\RunArtifacts\runs\20260603-165114_89d168495a1e4d0688f9f76490956098\logs\Layer06Hub-23508.stderr.log; stderrBytes=0; stderrTruncated=False; stderrDroppedBytes=0
2026-06-03T16:52:31.7549296+00:00	WorkerLogSummary	Layer06Node10	stdout=C:\Users\jimmy\Desktop\meta-bi\Samples\Demos\MetaOrchestrationHairballCliIntegration\Runs\hairball-seed-20260530\RunArtifacts\runs\20260603-165114_89d168495a1e4d0688f9f76490956098\logs\Layer06Node10-19844.stdout.log; stdoutBytes=0; stdoutTruncated=False; stdoutDroppedBytes=0; stderr=C:\Users\jimmy\Desktop\meta-bi\Samples\Demos\MetaOrchestrationHairballCliIntegration\Runs\hairball-seed-20260530\RunArtifacts\runs\20260603-165114_89d168495a1e4d0688f9f76490956098\logs\Layer06Node10-19844.stderr.log; stderrBytes=0; stderrTruncated=False; stderrDroppedBytes=0
2026-06-03T16:52:31.7554237+00:00	WorkerLogSummary	BridgeL07L08	stdout=C:\Users\jimmy\Desktop\meta-bi\Samples\Demos\MetaOrchestrationHairballCliIntegration\Runs\hairball-seed-20260530\RunArtifacts\runs\20260603-165114_89d168495a1e4d0688f9f76490956098\logs\BridgeL07L08-23512.stdout.log; stdoutBytes=0; stdoutTruncated=False; stdoutDroppedBytes=0; stderr=C:\Users\jimmy\Desktop\meta-bi\Samples\Demos\MetaOrchestrationHairballCliIntegration\Runs\hairball-seed-20260530\RunArtifacts\runs\20260603-165114_89d168495a1e4d0688f9f76490956098\logs\BridgeL07L08-23512.stderr.log; stderrBytes=0; stderrTruncated=False; stderrDroppedBytes=0
2026-06-03T16:52:31.7558898+00:00	WorkerLogSummary	Layer07Node01	stdout=C:\Users\jimmy\Desktop\meta-bi\Samples\Demos\MetaOrchestrationHairballCliIntegration\Runs\hairball-seed-20260530\RunArtifacts\runs\20260603-165114_89d168495a1e4d0688f9f76490956098\logs\Layer07Node01-25812.stdout.log; stdoutBytes=0; stdoutTruncated=False; stdoutDroppedBytes=0; stderr=C:\Users\jimmy\Desktop\meta-bi\Samples\Demos\MetaOrchestrationHairballCliIntegration\Runs\hairball-seed-20260530\RunArtifacts\runs\20260603-165114_89d168495a1e4d0688f9f76490956098\logs\Layer07Node01-25812.stderr.log; stderrBytes=0; stderrTruncated=False; stderrDroppedBytes=0
2026-06-03T16:52:31.7563495+00:00	WorkerLogSummary	CompositeMart	stdout=C:\Users\jimmy\Desktop\meta-bi\Samples\Demos\MetaOrchestrationHairballCliIntegration\Runs\hairball-seed-20260530\RunArtifacts\runs\20260603-165114_89d168495a1e4d0688f9f76490956098\logs\CompositeMart-6152.stdout.log; stdoutBytes=0; stdoutTruncated=False; stdoutDroppedBytes=0; stderr=C:\Users\jimmy\Desktop\meta-bi\Samples\Demos\MetaOrchestrationHairballCliIntegration\Runs\hairball-seed-20260530\RunArtifacts\runs\20260603-165114_89d168495a1e4d0688f9f76490956098\logs\CompositeMart-6152.stderr.log; stderrBytes=0; stderrTruncated=False; stderrDroppedBytes=0
2026-06-03T16:52:31.7570105+00:00	WorkerLogSummary	Layer07Node02	stdout=C:\Users\jimmy\Desktop\meta-bi\Samples\Demos\MetaOrchestrationHairballCliIntegration\Runs\hairball-seed-20260530\RunArtifacts\runs\20260603-165114_89d168495a1e4d0688f9f76490956098\logs\Layer07Node02-31484.stdout.log; stdoutBytes=0; stdoutTruncated=False; stdoutDroppedBytes=0; stderr=C:\Users\jimmy\Desktop\meta-bi\Samples\Demos\MetaOrchestrationHairballCliIntegration\Runs\hairball-seed-20260530\RunArtifacts\runs\20260603-165114_89d168495a1e4d0688f9f76490956098\logs\Layer07Node02-31484.stderr.log; stderrBytes=0; stderrTruncated=False; stderrDroppedBytes=0
2026-06-03T16:52:31.7574477+00:00	WorkerLogSummary	Layer07Node03	stdout=C:\Users\jimmy\Desktop\meta-bi\Samples\Demos\MetaOrchestrationHairballCliIntegration\Runs\hairball-seed-20260530\RunArtifacts\runs\20260603-165114_89d168495a1e4d0688f9f76490956098\logs\Layer07Node03-27200.stdout.log; stdoutBytes=0; stdoutTruncated=False; stdoutDroppedBytes=0; stderr=C:\Users\jimmy\Desktop\meta-bi\Samples\Demos\MetaOrchestrationHairballCliIntegration\Runs\hairball-seed-20260530\RunArtifacts\runs\20260603-165114_89d168495a1e4d0688f9f76490956098\logs\Layer07Node03-27200.stderr.log; stderrBytes=0; stderrTruncated=False; stderrDroppedBytes=0
2026-06-03T16:52:31.7579112+00:00	WorkerLogSummary	Layer07Node04	stdout=C:\Users\jimmy\Desktop\meta-bi\Samples\Demos\MetaOrchestrationHairballCliIntegration\Runs\hairball-seed-20260530\RunArtifacts\runs\20260603-165114_89d168495a1e4d0688f9f76490956098\logs\Layer07Node04-30252.stdout.log; stdoutBytes=0; stdoutTruncated=False; stdoutDroppedBytes=0; stderr=C:\Users\jimmy\Desktop\meta-bi\Samples\Demos\MetaOrchestrationHairballCliIntegration\Runs\hairball-seed-20260530\RunArtifacts\runs\20260603-165114_89d168495a1e4d0688f9f76490956098\logs\Layer07Node04-30252.stderr.log; stderrBytes=0; stderrTruncated=False; stderrDroppedBytes=0
2026-06-03T16:52:31.7583337+00:00	WorkerLogSummary	Layer07Node05	stdout=C:\Users\jimmy\Desktop\meta-bi\Samples\Demos\MetaOrchestrationHairballCliIntegration\Runs\hairball-seed-20260530\RunArtifacts\runs\20260603-165114_89d168495a1e4d0688f9f76490956098\logs\Layer07Node05-21924.stdout.log; stdoutBytes=0; stdoutTruncated=False; stdoutDroppedBytes=0; stderr=C:\Users\jimmy\Desktop\meta-bi\Samples\Demos\MetaOrchestrationHairballCliIntegration\Runs\hairball-seed-20260530\RunArtifacts\runs\20260603-165114_89d168495a1e4d0688f9f76490956098\logs\Layer07Node05-21924.stderr.log; stderrBytes=0; stderrTruncated=False; stderrDroppedBytes=0
2026-06-03T16:52:31.7588352+00:00	WorkerLogSummary	Layer07Node06	stdout=C:\Users\jimmy\Desktop\meta-bi\Samples\Demos\MetaOrchestrationHairballCliIntegration\Runs\hairball-seed-20260530\RunArtifacts\runs\20260603-165114_89d168495a1e4d0688f9f76490956098\logs\Layer07Node06-24192.stdout.log; stdoutBytes=0; stdoutTruncated=False; stdoutDroppedBytes=0; stderr=C:\Users\jimmy\Desktop\meta-bi\Samples\Demos\MetaOrchestrationHairballCliIntegration\Runs\hairball-seed-20260530\RunArtifacts\runs\20260603-165114_89d168495a1e4d0688f9f76490956098\logs\Layer07Node06-24192.stderr.log; stderrBytes=0; stderrTruncated=False; stderrDroppedBytes=0
2026-06-03T16:52:31.7592439+00:00	WorkerLogSummary	Layer07Node07	stdout=C:\Users\jimmy\Desktop\meta-bi\Samples\Demos\MetaOrchestrationHairballCliIntegration\Runs\hairball-seed-20260530\RunArtifacts\runs\20260603-165114_89d168495a1e4d0688f9f76490956098\logs\Layer07Node07-29652.stdout.log; stdoutBytes=0; stdoutTruncated=False; stdoutDroppedBytes=0; stderr=C:\Users\jimmy\Desktop\meta-bi\Samples\Demos\MetaOrchestrationHairballCliIntegration\Runs\hairball-seed-20260530\RunArtifacts\runs\20260603-165114_89d168495a1e4d0688f9f76490956098\logs\Layer07Node07-29652.stderr.log; stderrBytes=0; stderrTruncated=False; stderrDroppedBytes=0
2026-06-03T16:52:31.7596427+00:00	WorkerLogSummary	Layer07Node08	stdout=C:\Users\jimmy\Desktop\meta-bi\Samples\Demos\MetaOrchestrationHairballCliIntegration\Runs\hairball-seed-20260530\RunArtifacts\runs\20260603-165114_89d168495a1e4d0688f9f76490956098\logs\Layer07Node08-15868.stdout.log; stdoutBytes=0; stdoutTruncated=False; stdoutDroppedBytes=0; stderr=C:\Users\jimmy\Desktop\meta-bi\Samples\Demos\MetaOrchestrationHairballCliIntegration\Runs\hairball-seed-20260530\RunArtifacts\runs\20260603-165114_89d168495a1e4d0688f9f76490956098\logs\Layer07Node08-15868.stderr.log; stderrBytes=0; stderrTruncated=False; stderrDroppedBytes=0
2026-06-03T16:52:31.7602133+00:00	WorkerLogSummary	Layer07Hub	stdout=C:\Users\jimmy\Desktop\meta-bi\Samples\Demos\MetaOrchestrationHairballCliIntegration\Runs\hairball-seed-20260530\RunArtifacts\runs\20260603-165114_89d168495a1e4d0688f9f76490956098\logs\Layer07Hub-30888.stdout.log; stdoutBytes=0; stdoutTruncated=False; stdoutDroppedBytes=0; stderr=C:\Users\jimmy\Desktop\meta-bi\Samples\Demos\MetaOrchestrationHairballCliIntegration\Runs\hairball-seed-20260530\RunArtifacts\runs\20260603-165114_89d168495a1e4d0688f9f76490956098\logs\Layer07Hub-30888.stderr.log; stderrBytes=0; stderrTruncated=False; stderrDroppedBytes=0
2026-06-03T16:52:31.7607224+00:00	WorkerLogSummary	Layer08Node01	stdout=C:\Users\jimmy\Desktop\meta-bi\Samples\Demos\MetaOrchestrationHairballCliIntegration\Runs\hairball-seed-20260530\RunArtifacts\runs\20260603-165114_89d168495a1e4d0688f9f76490956098\logs\Layer08Node01-30760.stdout.log; stdoutBytes=0; stdoutTruncated=False; stdoutDroppedBytes=0; stderr=C:\Users\jimmy\Desktop\meta-bi\Samples\Demos\MetaOrchestrationHairballCliIntegration\Runs\hairball-seed-20260530\RunArtifacts\runs\20260603-165114_89d168495a1e4d0688f9f76490956098\logs\Layer08Node01-30760.stderr.log; stderrBytes=0; stderrTruncated=False; stderrDroppedBytes=0
2026-06-03T16:52:31.7612726+00:00	WorkerLogSummary	Layer08Node02	stdout=C:\Users\jimmy\Desktop\meta-bi\Samples\Demos\MetaOrchestrationHairballCliIntegration\Runs\hairball-seed-20260530\RunArtifacts\runs\20260603-165114_89d168495a1e4d0688f9f76490956098\logs\Layer08Node02-20916.stdout.log; stdoutBytes=0; stdoutTruncated=False; stdoutDroppedBytes=0; stderr=C:\Users\jimmy\Desktop\meta-bi\Samples\Demos\MetaOrchestrationHairballCliIntegration\Runs\hairball-seed-20260530\RunArtifacts\runs\20260603-165114_89d168495a1e4d0688f9f76490956098\logs\Layer08Node02-20916.stderr.log; stderrBytes=0; stderrTruncated=False; stderrDroppedBytes=0
2026-06-03T16:52:31.7617062+00:00	WorkerLogSummary	Layer08Node03	stdout=C:\Users\jimmy\Desktop\meta-bi\Samples\Demos\MetaOrchestrationHairballCliIntegration\Runs\hairball-seed-20260530\RunArtifacts\runs\20260603-165114_89d168495a1e4d0688f9f76490956098\logs\Layer08Node03-5996.stdout.log; stdoutBytes=0; stdoutTruncated=False; stdoutDroppedBytes=0; stderr=C:\Users\jimmy\Desktop\meta-bi\Samples\Demos\MetaOrchestrationHairballCliIntegration\Runs\hairball-seed-20260530\RunArtifacts\runs\20260603-165114_89d168495a1e4d0688f9f76490956098\logs\Layer08Node03-5996.stderr.log; stderrBytes=0; stderrTruncated=False; stderrDroppedBytes=0
2026-06-03T16:52:31.7621715+00:00	WorkerLogSummary	Layer08Node04	stdout=C:\Users\jimmy\Desktop\meta-bi\Samples\Demos\MetaOrchestrationHairballCliIntegration\Runs\hairball-seed-20260530\RunArtifacts\runs\20260603-165114_89d168495a1e4d0688f9f76490956098\logs\Layer08Node04-5200.stdout.log; stdoutBytes=0; stdoutTruncated=False; stdoutDroppedBytes=0; stderr=C:\Users\jimmy\Desktop\meta-bi\Samples\Demos\MetaOrchestrationHairballCliIntegration\Runs\hairball-seed-20260530\RunArtifacts\runs\20260603-165114_89d168495a1e4d0688f9f76490956098\logs\Layer08Node04-5200.stderr.log; stderrBytes=0; stderrTruncated=False; stderrDroppedBytes=0
2026-06-03T16:52:31.7627173+00:00	WorkerLogSummary	Layer08Node05	stdout=C:\Users\jimmy\Desktop\meta-bi\Samples\Demos\MetaOrchestrationHairballCliIntegration\Runs\hairball-seed-20260530\RunArtifacts\runs\20260603-165114_89d168495a1e4d0688f9f76490956098\logs\Layer08Node05-24064.stdout.log; stdoutBytes=0; stdoutTruncated=False; stdoutDroppedBytes=0; stderr=C:\Users\jimmy\Desktop\meta-bi\Samples\Demos\MetaOrchestrationHairballCliIntegration\Runs\hairball-seed-20260530\RunArtifacts\runs\20260603-165114_89d168495a1e4d0688f9f76490956098\logs\Layer08Node05-24064.stderr.log; stderrBytes=0; stderrTruncated=False; stderrDroppedBytes=0
2026-06-03T16:52:31.7631428+00:00	WorkerLogSummary	Layer08Node06	stdout=C:\Users\jimmy\Desktop\meta-bi\Samples\Demos\MetaOrchestrationHairballCliIntegration\Runs\hairball-seed-20260530\RunArtifacts\runs\20260603-165114_89d168495a1e4d0688f9f76490956098\logs\Layer08Node06-26592.stdout.log; stdoutBytes=0; stdoutTruncated=False; stdoutDroppedBytes=0; stderr=C:\Users\jimmy\Desktop\meta-bi\Samples\Demos\MetaOrchestrationHairballCliIntegration\Runs\hairball-seed-20260530\RunArtifacts\runs\20260603-165114_89d168495a1e4d0688f9f76490956098\logs\Layer08Node06-26592.stderr.log; stderrBytes=0; stderrTruncated=False; stderrDroppedBytes=0
2026-06-03T16:52:31.7637064+00:00	WorkerLogSummary	Layer08Node07	stdout=C:\Users\jimmy\Desktop\meta-bi\Samples\Demos\MetaOrchestrationHairballCliIntegration\Runs\hairball-seed-20260530\RunArtifacts\runs\20260603-165114_89d168495a1e4d0688f9f76490956098\logs\Layer08Node07-15908.stdout.log; stdoutBytes=0; stdoutTruncated=False; stdoutDroppedBytes=0; stderr=C:\Users\jimmy\Desktop\meta-bi\Samples\Demos\MetaOrchestrationHairballCliIntegration\Runs\hairball-seed-20260530\RunArtifacts\runs\20260603-165114_89d168495a1e4d0688f9f76490956098\logs\Layer08Node07-15908.stderr.log; stderrBytes=0; stderrTruncated=False; stderrDroppedBytes=0
2026-06-03T16:52:31.7643462+00:00	WorkerLogSummary	CompositeMart	stdout=C:\Users\jimmy\Desktop\meta-bi\Samples\Demos\MetaOrchestrationHairballCliIntegration\Runs\hairball-seed-20260530\RunArtifacts\runs\20260603-165114_89d168495a1e4d0688f9f76490956098\logs\CompositeMart-27716.stdout.log; stdoutBytes=0; stdoutTruncated=False; stdoutDroppedBytes=0; stderr=C:\Users\jimmy\Desktop\meta-bi\Samples\Demos\MetaOrchestrationHairballCliIntegration\Runs\hairball-seed-20260530\RunArtifacts\runs\20260603-165114_89d168495a1e4d0688f9f76490956098\logs\CompositeMart-27716.stderr.log; stderrBytes=0; stderrTruncated=False; stderrDroppedBytes=0
2026-06-03T16:52:31.7649907+00:00	WorkerLogSummary	Layer08Node08	stdout=C:\Users\jimmy\Desktop\meta-bi\Samples\Demos\MetaOrchestrationHairballCliIntegration\Runs\hairball-seed-20260530\RunArtifacts\runs\20260603-165114_89d168495a1e4d0688f9f76490956098\logs\Layer08Node08-30204.stdout.log; stdoutBytes=0; stdoutTruncated=False; stdoutDroppedBytes=0; stderr=C:\Users\jimmy\Desktop\meta-bi\Samples\Demos\MetaOrchestrationHairballCliIntegration\Runs\hairball-seed-20260530\RunArtifacts\runs\20260603-165114_89d168495a1e4d0688f9f76490956098\logs\Layer08Node08-30204.stderr.log; stderrBytes=0; stderrTruncated=False; stderrDroppedBytes=0
2026-06-03T16:52:31.7656326+00:00	WorkerLogSummary	Layer08Hub	stdout=C:\Users\jimmy\Desktop\meta-bi\Samples\Demos\MetaOrchestrationHairballCliIntegration\Runs\hairball-seed-20260530\RunArtifacts\runs\20260603-165114_89d168495a1e4d0688f9f76490956098\logs\Layer08Hub-23784.stdout.log; stdoutBytes=0; stdoutTruncated=False; stdoutDroppedBytes=0; stderr=C:\Users\jimmy\Desktop\meta-bi\Samples\Demos\MetaOrchestrationHairballCliIntegration\Runs\hairball-seed-20260530\RunArtifacts\runs\20260603-165114_89d168495a1e4d0688f9f76490956098\logs\Layer08Hub-23784.stderr.log; stderrBytes=0; stderrTruncated=False; stderrDroppedBytes=0
2026-06-03T16:52:31.7662512+00:00	WorkerLogSummary	RegionalMart01	stdout=C:\Users\jimmy\Desktop\meta-bi\Samples\Demos\MetaOrchestrationHairballCliIntegration\Runs\hairball-seed-20260530\RunArtifacts\runs\20260603-165114_89d168495a1e4d0688f9f76490956098\logs\RegionalMart01-25656.stdout.log; stdoutBytes=0; stdoutTruncated=False; stdoutDroppedBytes=0; stderr=C:\Users\jimmy\Desktop\meta-bi\Samples\Demos\MetaOrchestrationHairballCliIntegration\Runs\hairball-seed-20260530\RunArtifacts\runs\20260603-165114_89d168495a1e4d0688f9f76490956098\logs\RegionalMart01-25656.stderr.log; stderrBytes=0; stderrTruncated=False; stderrDroppedBytes=0
2026-06-03T16:52:31.7667966+00:00	WorkerLogSummary	RegionalMart02	stdout=C:\Users\jimmy\Desktop\meta-bi\Samples\Demos\MetaOrchestrationHairballCliIntegration\Runs\hairball-seed-20260530\RunArtifacts\runs\20260603-165114_89d168495a1e4d0688f9f76490956098\logs\RegionalMart02-26776.stdout.log; stdoutBytes=0; stdoutTruncated=False; stdoutDroppedBytes=0; stderr=C:\Users\jimmy\Desktop\meta-bi\Samples\Demos\MetaOrchestrationHairballCliIntegration\Runs\hairball-seed-20260530\RunArtifacts\runs\20260603-165114_89d168495a1e4d0688f9f76490956098\logs\RegionalMart02-26776.stderr.log; stderrBytes=0; stderrTruncated=False; stderrDroppedBytes=0
2026-06-03T16:52:31.7672700+00:00	WorkerLogSummary	PublishHairballFinal	stdout=C:\Users\jimmy\Desktop\meta-bi\Samples\Demos\MetaOrchestrationHairballCliIntegration\Runs\hairball-seed-20260530\RunArtifacts\runs\20260603-165114_89d168495a1e4d0688f9f76490956098\logs\PublishHairballFinal-6600.stdout.log; stdoutBytes=0; stdoutTruncated=False; stdoutDroppedBytes=0; stderr=C:\Users\jimmy\Desktop\meta-bi\Samples\Demos\MetaOrchestrationHairballCliIntegration\Runs\hairball-seed-20260530\RunArtifacts\runs\20260603-165114_89d168495a1e4d0688f9f76490956098\logs\PublishHairballFinal-6600.stderr.log; stderrBytes=0; stderrTruncated=False; stderrDroppedBytes=0
2026-06-03T16:52:31.7677249+00:00	WorkerLogSummary	RegionalMart03	stdout=C:\Users\jimmy\Desktop\meta-bi\Samples\Demos\MetaOrchestrationHairballCliIntegration\Runs\hairball-seed-20260530\RunArtifacts\runs\20260603-165114_89d168495a1e4d0688f9f76490956098\logs\RegionalMart03-27432.stdout.log; stdoutBytes=0; stdoutTruncated=False; stdoutDroppedBytes=0; stderr=C:\Users\jimmy\Desktop\meta-bi\Samples\Demos\MetaOrchestrationHairballCliIntegration\Runs\hairball-seed-20260530\RunArtifacts\runs\20260603-165114_89d168495a1e4d0688f9f76490956098\logs\RegionalMart03-27432.stderr.log; stderrBytes=0; stderrTruncated=False; stderrDroppedBytes=0
2026-06-03T16:52:31.7681764+00:00	WorkerLogSummary	RegionalMart04	stdout=C:\Users\jimmy\Desktop\meta-bi\Samples\Demos\MetaOrchestrationHairballCliIntegration\Runs\hairball-seed-20260530\RunArtifacts\runs\20260603-165114_89d168495a1e4d0688f9f76490956098\logs\RegionalMart04-31028.stdout.log; stdoutBytes=0; stdoutTruncated=False; stdoutDroppedBytes=0; stderr=C:\Users\jimmy\Desktop\meta-bi\Samples\Demos\MetaOrchestrationHairballCliIntegration\Runs\hairball-seed-20260530\RunArtifacts\runs\20260603-165114_89d168495a1e4d0688f9f76490956098\logs\RegionalMart04-31028.stderr.log; stderrBytes=0; stderrTruncated=False; stderrDroppedBytes=0
2026-06-03T16:52:31.7686595+00:00	WorkerLogSummary	AuditHairball	stdout=C:\Users\jimmy\Desktop\meta-bi\Samples\Demos\MetaOrchestrationHairballCliIntegration\Runs\hairball-seed-20260530\RunArtifacts\runs\20260603-165114_89d168495a1e4d0688f9f76490956098\logs\AuditHairball-20672.stdout.log; stdoutBytes=0; stdoutTruncated=False; stdoutDroppedBytes=0; stderr=C:\Users\jimmy\Desktop\meta-bi\Samples\Demos\MetaOrchestrationHairballCliIntegration\Runs\hairball-seed-20260530\RunArtifacts\runs\20260603-165114_89d168495a1e4d0688f9f76490956098\logs\AuditHairball-20672.stderr.log; stderrBytes=0; stderrTruncated=False; stderrDroppedBytes=0
2026-06-03T16:52:31.7695997+00:00	RunCompleted	DefaultRunPlan	Succeeded
