OccurredAtUtc	EventKind	Subject	Detail
2026-06-03T18:15:33.7646605+00:00	RunStarted	orchestration	C:\Users\jimmy\Desktop\meta-bi\Samples\Demos\MetaOrchestrationHairballCliIntegration\Runs\hairball-seed-20260530\OrchestrationWS
2026-06-03T18:15:33.7745850+00:00	Process	meta-orchestration	13308
2026-06-03T18:15:33.7748702+00:00	PipelineExecutable	meta-pipeline	
2026-06-03T18:15:33.7751260+00:00	PipelineWorkspace	C:\Users\jimmy\Desktop\meta-bi\Samples\Demos\MetaOrchestrationHairballCliIntegration\Runs\hairball-seed-20260530\PipelineWS	
2026-06-03T18:15:33.7753216+00:00	TransformWorkspace	C:\Users\jimmy\Desktop\meta-bi\Samples\Demos\MetaOrchestrationHairballCliIntegration\Runs\hairball-seed-20260530\TransformWS	
2026-06-03T18:15:33.7755079+00:00	BindingWorkspace	C:\Users\jimmy\Desktop\meta-bi\Samples\Demos\MetaOrchestrationHairballCliIntegration\Runs\hairball-seed-20260530\BindingWS	
2026-06-03T18:15:33.7838162+00:00	LeaseAcquired	C:\Users\jimmy\Desktop\meta-bi\Samples\Demos\MetaOrchestrationHairballCliIntegration\Runs\hairball-seed-20260530\OrchestrationWS	C:\Users\jimmy\Desktop\meta-bi\Samples\Demos\MetaOrchestrationHairballCliIntegration\Runs\hairball-seed-20260530\RunArtifacts\leases\b30631311a63a1938a1d960e11d1b12772a5b649874a11ab9e9983ed17563480.tsv
2026-06-03T18:15:33.7849028+00:00	Phase	Loading	C:\Users\jimmy\Desktop\meta-bi\Samples\Demos\MetaOrchestrationHairballCliIntegration\Runs\hairball-seed-20260530\OrchestrationWS
2026-06-03T18:15:33.8676633+00:00	Phase	Building	C:\Users\jimmy\Desktop\meta-bi\Samples\Demos\MetaOrchestrationHairballCliIntegration\Runs\hairball-seed-20260530\OrchestrationWS
2026-06-03T18:15:33.8792616+00:00	Phase	Saving	C:\Users\jimmy\Desktop\meta-bi\Samples\Demos\MetaOrchestrationHairballCliIntegration\Runs\hairball-seed-20260530\OrchestrationWS
2026-06-03T18:15:33.9441795+00:00	RetryPolicyResolved	DefaultRetryPolicy	MaxAttempts=3; RetryableFailureClasses=6
2026-06-03T18:15:33.9471220+00:00	RunPlanReady	DefaultRunPlan	137
2026-06-03T18:15:33.9996531+00:00	WorkerStarting	ExtractSeed01	meta-pipeline
2026-06-03T18:15:34.0818933+00:00	WorkerStarted	ExtractSeed01	22836
2026-06-03T18:15:34.0822257+00:00	WorkerControlPipe	ExtractSeed01	meta-orchestration-ca48de44ef07419b858d57b46fb9bd59
2026-06-03T18:15:34.0826516+00:00	WorkerLog	ExtractSeed01	stdout=C:\Users\jimmy\Desktop\meta-bi\Samples\Demos\MetaOrchestrationHairballCliIntegration\Runs\hairball-seed-20260530\RunArtifacts\runs\20260603-181533_745b3556c2b24d278b4c46f22d88e321\logs\ExtractSeed01-22836.stdout.log; stderr=C:\Users\jimmy\Desktop\meta-bi\Samples\Demos\MetaOrchestrationHairballCliIntegration\Runs\hairball-seed-20260530\RunArtifacts\runs\20260603-181533_745b3556c2b24d278b4c46f22d88e321\logs\ExtractSeed01-22836.stderr.log
2026-06-03T18:15:34.0855074+00:00	WorkerStarting	ExtractSeed02	meta-pipeline
2026-06-03T18:15:34.1587924+00:00	WorkerStarted	ExtractSeed02	19260
2026-06-03T18:15:34.1591069+00:00	WorkerControlPipe	ExtractSeed02	meta-orchestration-ec7e4afd0097427a80f972280bbc8791
2026-06-03T18:15:34.1593884+00:00	WorkerLog	ExtractSeed02	stdout=C:\Users\jimmy\Desktop\meta-bi\Samples\Demos\MetaOrchestrationHairballCliIntegration\Runs\hairball-seed-20260530\RunArtifacts\runs\20260603-181533_745b3556c2b24d278b4c46f22d88e321\logs\ExtractSeed02-19260.stdout.log; stderr=C:\Users\jimmy\Desktop\meta-bi\Samples\Demos\MetaOrchestrationHairballCliIntegration\Runs\hairball-seed-20260530\RunArtifacts\runs\20260603-181533_745b3556c2b24d278b4c46f22d88e321\logs\ExtractSeed02-19260.stderr.log
2026-06-03T18:15:34.1621246+00:00	WorkerEvent	ExtractSeed01	WorkerOnline; ExitCode=0; online
2026-06-03T18:15:34.1674295+00:00	WorkerStarting	ExtractSeed03	meta-pipeline
2026-06-03T18:15:34.2412389+00:00	WorkerStarted	ExtractSeed03	8592
2026-06-03T18:15:34.2415480+00:00	WorkerControlPipe	ExtractSeed03	meta-orchestration-a1a6bb0afa7542e9a164efaa5e589d93
2026-06-03T18:15:34.2417938+00:00	WorkerLog	ExtractSeed03	stdout=C:\Users\jimmy\Desktop\meta-bi\Samples\Demos\MetaOrchestrationHairballCliIntegration\Runs\hairball-seed-20260530\RunArtifacts\runs\20260603-181533_745b3556c2b24d278b4c46f22d88e321\logs\ExtractSeed03-8592.stdout.log; stderr=C:\Users\jimmy\Desktop\meta-bi\Samples\Demos\MetaOrchestrationHairballCliIntegration\Runs\hairball-seed-20260530\RunArtifacts\runs\20260603-181533_745b3556c2b24d278b4c46f22d88e321\logs\ExtractSeed03-8592.stderr.log
2026-06-03T18:15:34.2420998+00:00	WorkerEvent	ExtractSeed01	WorkerReady; ExitCode=0; ready
2026-06-03T18:15:34.2469507+00:00	StartPipeline	ExtractSeed01	ExtractSeed01
2026-06-03T18:15:34.2476692+00:00	WorkerEvent	ExtractSeed02	WorkerOnline; ExitCode=0; online
2026-06-03T18:15:34.2482462+00:00	WorkerStarting	ExtractSeed04	meta-pipeline
2026-06-03T18:15:34.3282517+00:00	WorkerStarted	ExtractSeed04	26964
2026-06-03T18:15:34.3285356+00:00	WorkerControlPipe	ExtractSeed04	meta-orchestration-2918638734234ab291d84a67d598fddf
2026-06-03T18:15:34.3287780+00:00	WorkerLog	ExtractSeed04	stdout=C:\Users\jimmy\Desktop\meta-bi\Samples\Demos\MetaOrchestrationHairballCliIntegration\Runs\hairball-seed-20260530\RunArtifacts\runs\20260603-181533_745b3556c2b24d278b4c46f22d88e321\logs\ExtractSeed04-26964.stdout.log; stderr=C:\Users\jimmy\Desktop\meta-bi\Samples\Demos\MetaOrchestrationHairballCliIntegration\Runs\hairball-seed-20260530\RunArtifacts\runs\20260603-181533_745b3556c2b24d278b4c46f22d88e321\logs\ExtractSeed04-26964.stderr.log
2026-06-03T18:15:34.3290728+00:00	WorkerEvent	ExtractSeed02	WorkerReady; ExitCode=0; ready
2026-06-03T18:15:34.3295628+00:00	StartPipeline	ExtractSeed02	ExtractSeed02
2026-06-03T18:15:34.3299596+00:00	WorkerEvent	ExtractSeed03	WorkerOnline; ExitCode=0; online
2026-06-03T18:15:34.3305924+00:00	WorkerStarting	ExtractSeed05	meta-pipeline
2026-06-03T18:15:34.4170082+00:00	WorkerStarted	ExtractSeed05	21684
2026-06-03T18:15:34.4173795+00:00	WorkerControlPipe	ExtractSeed05	meta-orchestration-07d075427b6e442c8e1ccc4d5f65000f
2026-06-03T18:15:34.4176302+00:00	WorkerLog	ExtractSeed05	stdout=C:\Users\jimmy\Desktop\meta-bi\Samples\Demos\MetaOrchestrationHairballCliIntegration\Runs\hairball-seed-20260530\RunArtifacts\runs\20260603-181533_745b3556c2b24d278b4c46f22d88e321\logs\ExtractSeed05-21684.stdout.log; stderr=C:\Users\jimmy\Desktop\meta-bi\Samples\Demos\MetaOrchestrationHairballCliIntegration\Runs\hairball-seed-20260530\RunArtifacts\runs\20260603-181533_745b3556c2b24d278b4c46f22d88e321\logs\ExtractSeed05-21684.stderr.log
2026-06-03T18:15:34.4179478+00:00	WorkerEvent	ExtractSeed03	WorkerReady; ExitCode=0; ready
2026-06-03T18:15:34.4186237+00:00	StartPipeline	ExtractSeed03	ExtractSeed03
2026-06-03T18:15:34.4195238+00:00	WorkerEvent	ExtractSeed04	WorkerOnline; ExitCode=0; online
2026-06-03T18:15:34.4223185+00:00	WorkerStarting	ExtractSeed06	meta-pipeline
2026-06-03T18:15:35.0197916+00:00	WorkerStarted	ExtractSeed06	5180
2026-06-03T18:15:35.0204773+00:00	WorkerControlPipe	ExtractSeed06	meta-orchestration-af46b3c8499d49069d483d2c0fecb89e
2026-06-03T18:15:35.0209965+00:00	WorkerLog	ExtractSeed06	stdout=C:\Users\jimmy\Desktop\meta-bi\Samples\Demos\MetaOrchestrationHairballCliIntegration\Runs\hairball-seed-20260530\RunArtifacts\runs\20260603-181533_745b3556c2b24d278b4c46f22d88e321\logs\ExtractSeed06-5180.stdout.log; stderr=C:\Users\jimmy\Desktop\meta-bi\Samples\Demos\MetaOrchestrationHairballCliIntegration\Runs\hairball-seed-20260530\RunArtifacts\runs\20260603-181533_745b3556c2b24d278b4c46f22d88e321\logs\ExtractSeed06-5180.stderr.log
2026-06-03T18:15:35.0216693+00:00	WorkerEvent	ExtractSeed04	WorkerReady; ExitCode=0; ready
2026-06-03T18:15:35.0230703+00:00	StartPipeline	ExtractSeed04	ExtractSeed04
2026-06-03T18:15:35.0239993+00:00	WorkerEvent	ExtractSeed01	PipelineStarted; ExitCode=0; pipeline started
2026-06-03T18:15:35.0250683+00:00	WorkerEvent	ExtractSeed02	PipelineStarted; ExitCode=0; pipeline started
2026-06-03T18:15:35.0257563+00:00	WorkerEvent	ExtractSeed03	PipelineStarted; ExitCode=0; pipeline started
2026-06-03T18:15:35.0263914+00:00	WorkerEvent	ExtractSeed05	WorkerOnline; ExitCode=0; online
2026-06-03T18:15:35.0268841+00:00	WorkerEvent	ExtractSeed06	WorkerOnline; ExitCode=0; online
2026-06-03T18:15:35.0278255+00:00	WorkerStarting	ExtractSeed07	meta-pipeline
2026-06-03T18:15:36.0365024+00:00	WorkerStarted	ExtractSeed07	2560
2026-06-03T18:15:36.0373135+00:00	WorkerControlPipe	ExtractSeed07	meta-orchestration-176b7d4604004a7ca68a6520300efcf2
2026-06-03T18:15:36.0378092+00:00	WorkerLog	ExtractSeed07	stdout=C:\Users\jimmy\Desktop\meta-bi\Samples\Demos\MetaOrchestrationHairballCliIntegration\Runs\hairball-seed-20260530\RunArtifacts\runs\20260603-181533_745b3556c2b24d278b4c46f22d88e321\logs\ExtractSeed07-2560.stdout.log; stderr=C:\Users\jimmy\Desktop\meta-bi\Samples\Demos\MetaOrchestrationHairballCliIntegration\Runs\hairball-seed-20260530\RunArtifacts\runs\20260603-181533_745b3556c2b24d278b4c46f22d88e321\logs\ExtractSeed07-2560.stderr.log
2026-06-03T18:15:36.0383136+00:00	WorkerEvent	ExtractSeed01.extract-seed-01	TaskReady; ExitCode=0; 
2026-06-03T18:15:36.0419873+00:00	WorkerEvent	ExtractSeed02.extract-seed-02	TaskReady; ExitCode=0; 
2026-06-03T18:15:36.0424461+00:00	WorkerEvent	ExtractSeed03.extract-seed-03	TaskReady; ExitCode=0; 
2026-06-03T18:15:36.0427631+00:00	WorkerEvent	ExtractSeed05	WorkerReady; ExitCode=0; ready
2026-06-03T18:15:36.0432036+00:00	StartPipeline	ExtractSeed05	ExtractSeed05
2026-06-03T18:15:36.0435681+00:00	WorkerEvent	ExtractSeed04	PipelineStarted; ExitCode=0; pipeline started
2026-06-03T18:15:36.0438888+00:00	WorkerEvent	ExtractSeed06	WorkerReady; ExitCode=0; ready
2026-06-03T18:15:36.0445346+00:00	StartPipeline	ExtractSeed06	ExtractSeed06
2026-06-03T18:15:36.0449790+00:00	WorkerEvent	ExtractSeed04.extract-seed-04	TaskReady; ExitCode=0; 
2026-06-03T18:15:36.0454012+00:00	WorkerEvent	ExtractSeed07	WorkerOnline; ExitCode=0; online
2026-06-03T18:15:36.0541899+00:00	GrantTask	ExtractSeed01.extract-seed-01	ExtractSeed01.extract-seed-01; GrantId=grant-1; Attempt=1
2026-06-03T18:15:36.0548094+00:00	GrantTask	ExtractSeed02.extract-seed-02	ExtractSeed02.extract-seed-02; GrantId=grant-2; Attempt=1
2026-06-03T18:15:36.0553772+00:00	GrantTask	ExtractSeed03.extract-seed-03	ExtractSeed03.extract-seed-03; GrantId=grant-3; Attempt=1
2026-06-03T18:15:36.0561441+00:00	GrantTask	ExtractSeed04.extract-seed-04	ExtractSeed04.extract-seed-04; GrantId=grant-4; Attempt=1
2026-06-03T18:15:36.0565247+00:00	WorkerStarting	ExtractSeed08	meta-pipeline
2026-06-03T18:15:37.0528078+00:00	WorkerStarted	ExtractSeed08	8020
2026-06-03T18:15:37.0539196+00:00	WorkerControlPipe	ExtractSeed08	meta-orchestration-c05406dca20f470098e068f43c726ed9
2026-06-03T18:15:37.0544156+00:00	WorkerLog	ExtractSeed08	stdout=C:\Users\jimmy\Desktop\meta-bi\Samples\Demos\MetaOrchestrationHairballCliIntegration\Runs\hairball-seed-20260530\RunArtifacts\runs\20260603-181533_745b3556c2b24d278b4c46f22d88e321\logs\ExtractSeed08-8020.stdout.log; stderr=C:\Users\jimmy\Desktop\meta-bi\Samples\Demos\MetaOrchestrationHairballCliIntegration\Runs\hairball-seed-20260530\RunArtifacts\runs\20260603-181533_745b3556c2b24d278b4c46f22d88e321\logs\ExtractSeed08-8020.stderr.log
2026-06-03T18:15:37.0549972+00:00	WorkerEvent	ExtractSeed01.extract-seed-01	GrantAccepted; ExitCode=0; 
2026-06-03T18:15:37.0570776+00:00	WorkerEvent	ExtractSeed02.extract-seed-02	GrantAccepted; ExitCode=0; 
2026-06-03T18:15:37.0577341+00:00	WorkerEvent	ExtractSeed03.extract-seed-03	GrantAccepted; ExitCode=0; 
2026-06-03T18:15:37.0582211+00:00	WorkerEvent	ExtractSeed04.extract-seed-04	GrantAccepted; ExitCode=0; 
2026-06-03T18:15:37.0587676+00:00	WorkerEvent	ExtractSeed07	WorkerReady; ExitCode=0; ready
2026-06-03T18:15:37.0593102+00:00	StartPipeline	ExtractSeed07	ExtractSeed07
2026-06-03T18:15:37.0598618+00:00	WorkerEvent	ExtractSeed01.extract-seed-01	TaskStarted; ExitCode=0; 
2026-06-03T18:15:37.0610716+00:00	WorkerEvent	ExtractSeed02.extract-seed-02	TaskStarted; ExitCode=0; 
2026-06-03T18:15:37.0616633+00:00	WorkerEvent	ExtractSeed03.extract-seed-03	TaskStarted; ExitCode=0; 
2026-06-03T18:15:37.0620564+00:00	WorkerEvent	ExtractSeed04.extract-seed-04	TaskStarted; ExitCode=0; 
2026-06-03T18:15:37.0623970+00:00	WorkerEvent	ExtractSeed05	PipelineStarted; ExitCode=0; pipeline started
2026-06-03T18:15:37.0627998+00:00	WorkerEvent	ExtractSeed06	PipelineStarted; ExitCode=0; pipeline started
2026-06-03T18:15:37.0632922+00:00	WorkerEvent	ExtractSeed08	WorkerOnline; ExitCode=0; online
2026-06-03T18:15:37.0656789+00:00	WorkerStarting	AuditHairball	meta-pipeline
2026-06-03T18:15:37.4591289+00:00	WorkerStarted	AuditHairball	8084
2026-06-03T18:15:37.4596213+00:00	WorkerControlPipe	AuditHairball	meta-orchestration-55cc9a00ff444012917bb941d37c196f
2026-06-03T18:15:37.4599924+00:00	WorkerLog	AuditHairball	stdout=C:\Users\jimmy\Desktop\meta-bi\Samples\Demos\MetaOrchestrationHairballCliIntegration\Runs\hairball-seed-20260530\RunArtifacts\runs\20260603-181533_745b3556c2b24d278b4c46f22d88e321\logs\AuditHairball-8084.stdout.log; stderr=C:\Users\jimmy\Desktop\meta-bi\Samples\Demos\MetaOrchestrationHairballCliIntegration\Runs\hairball-seed-20260530\RunArtifacts\runs\20260603-181533_745b3556c2b24d278b4c46f22d88e321\logs\AuditHairball-8084.stderr.log
2026-06-03T18:15:37.4605248+00:00	WorkerEvent	ExtractSeed05.extract-seed-05	TaskReady; ExitCode=0; 
2026-06-03T18:15:37.4615397+00:00	WorkerEvent	ExtractSeed01.extract-seed-01	TaskSucceeded; ExitCode=0; 
2026-06-03T18:15:37.4666819+00:00	TaskSucceeded	ExtractSeed01.extract-seed-01	0
2026-06-03T18:15:37.4731521+00:00	PipelineCompleted	ExtractSeed01	
2026-06-03T18:15:37.4741529+00:00	WorkerEvent	ExtractSeed02.extract-seed-02	TaskSucceeded; ExitCode=0; 
2026-06-03T18:15:37.4751911+00:00	TaskSucceeded	ExtractSeed02.extract-seed-02	0
2026-06-03T18:15:37.4764247+00:00	WorkerEvent	ExtractSeed03.extract-seed-03	TaskSucceeded; ExitCode=0; 
2026-06-03T18:15:37.4771695+00:00	TaskSucceeded	ExtractSeed03.extract-seed-03	0
2026-06-03T18:15:37.4777218+00:00	PipelineCompleted	ExtractSeed03	
2026-06-03T18:15:37.4780949+00:00	WorkerEvent	ExtractSeed04.extract-seed-04	TaskSucceeded; ExitCode=0; 
2026-06-03T18:15:37.4785565+00:00	TaskSucceeded	ExtractSeed04.extract-seed-04	0
2026-06-03T18:15:37.4790884+00:00	PipelineCompleted	ExtractSeed04	
2026-06-03T18:15:37.4794315+00:00	WorkerEvent	ExtractSeed06.extract-seed-06	TaskReady; ExitCode=0; 
2026-06-03T18:15:37.4799994+00:00	WorkerEvent	ExtractSeed08	WorkerReady; ExitCode=0; ready
2026-06-03T18:15:37.4806991+00:00	StartPipeline	ExtractSeed08	ExtractSeed08
2026-06-03T18:15:37.4812930+00:00	WorkerEvent	AuditHairball	WorkerOnline; ExitCode=0; online
2026-06-03T18:15:37.4833388+00:00	GrantTask	ExtractSeed05.extract-seed-05	ExtractSeed05.extract-seed-05; GrantId=grant-5; Attempt=1
2026-06-03T18:15:37.4838583+00:00	GrantTask	ExtractSeed06.extract-seed-06	ExtractSeed06.extract-seed-06; GrantId=grant-6; Attempt=1
2026-06-03T18:15:37.4842043+00:00	WorkerStarting	BridgeL01L02	meta-pipeline
2026-06-03T18:15:37.5695312+00:00	WorkerStarted	BridgeL01L02	10012
2026-06-03T18:15:37.5701291+00:00	WorkerControlPipe	BridgeL01L02	meta-orchestration-7db3624649444c5887137cb2cd11c67c
2026-06-03T18:15:37.5704700+00:00	WorkerLog	BridgeL01L02	stdout=C:\Users\jimmy\Desktop\meta-bi\Samples\Demos\MetaOrchestrationHairballCliIntegration\Runs\hairball-seed-20260530\RunArtifacts\runs\20260603-181533_745b3556c2b24d278b4c46f22d88e321\logs\BridgeL01L02-10012.stdout.log; stderr=C:\Users\jimmy\Desktop\meta-bi\Samples\Demos\MetaOrchestrationHairballCliIntegration\Runs\hairball-seed-20260530\RunArtifacts\runs\20260603-181533_745b3556c2b24d278b4c46f22d88e321\logs\BridgeL01L02-10012.stderr.log
2026-06-03T18:15:37.5708972+00:00	WorkerEvent	ExtractSeed02	Closed; ExitCode=0; 
2026-06-03T18:15:37.5716714+00:00	PipelineCompleted	ExtractSeed02	
2026-06-03T18:15:37.5720834+00:00	WorkerEvent	ExtractSeed05.extract-seed-05	GrantAccepted; ExitCode=0; 
2026-06-03T18:15:37.5727275+00:00	WorkerEvent	ExtractSeed06.extract-seed-06	GrantAccepted; ExitCode=0; 
2026-06-03T18:15:37.5738038+00:00	WorkerEvent	ExtractSeed05.extract-seed-05	TaskStarted; ExitCode=0; 
2026-06-03T18:15:37.5746231+00:00	WorkerEvent	ExtractSeed06.extract-seed-06	TaskStarted; ExitCode=0; 
2026-06-03T18:15:37.5752579+00:00	WorkerEvent	AuditHairball	WorkerReady; ExitCode=0; ready
2026-06-03T18:15:37.5759847+00:00	StartPipeline	AuditHairball	AuditHairball
2026-06-03T18:15:37.5777543+00:00	WorkerStarting	BridgeL03L04	meta-pipeline
2026-06-03T18:15:37.7038915+00:00	WorkerStarted	BridgeL03L04	14928
2026-06-03T18:15:37.7044701+00:00	WorkerControlPipe	BridgeL03L04	meta-orchestration-8eb3ce77fda043239bd862f7b29a26a3
2026-06-03T18:15:37.7048187+00:00	WorkerLog	BridgeL03L04	stdout=C:\Users\jimmy\Desktop\meta-bi\Samples\Demos\MetaOrchestrationHairballCliIntegration\Runs\hairball-seed-20260530\RunArtifacts\runs\20260603-181533_745b3556c2b24d278b4c46f22d88e321\logs\BridgeL03L04-14928.stdout.log; stderr=C:\Users\jimmy\Desktop\meta-bi\Samples\Demos\MetaOrchestrationHairballCliIntegration\Runs\hairball-seed-20260530\RunArtifacts\runs\20260603-181533_745b3556c2b24d278b4c46f22d88e321\logs\BridgeL03L04-14928.stderr.log
2026-06-03T18:15:37.7053159+00:00	WorkerEvent	BridgeL01L02	WorkerOnline; ExitCode=0; online
2026-06-03T18:15:37.7073245+00:00	WorkerStarting	BridgeL05L06	meta-pipeline
2026-06-03T18:15:38.0046003+00:00	WorkerStarted	BridgeL05L06	30892
2026-06-03T18:15:38.0051629+00:00	WorkerControlPipe	BridgeL05L06	meta-orchestration-f98f4cb3d8c34b1c93c3971c2c8fc76c
2026-06-03T18:15:38.0055771+00:00	WorkerLog	BridgeL05L06	stdout=C:\Users\jimmy\Desktop\meta-bi\Samples\Demos\MetaOrchestrationHairballCliIntegration\Runs\hairball-seed-20260530\RunArtifacts\runs\20260603-181533_745b3556c2b24d278b4c46f22d88e321\logs\BridgeL05L06-30892.stdout.log; stderr=C:\Users\jimmy\Desktop\meta-bi\Samples\Demos\MetaOrchestrationHairballCliIntegration\Runs\hairball-seed-20260530\RunArtifacts\runs\20260603-181533_745b3556c2b24d278b4c46f22d88e321\logs\BridgeL05L06-30892.stderr.log
2026-06-03T18:15:38.0060696+00:00	WorkerEvent	BridgeL03L04	WorkerOnline; ExitCode=0; online
2026-06-03T18:15:38.0071809+00:00	WorkerEvent	BridgeL05L06	WorkerOnline; ExitCode=0; online
2026-06-03T18:15:38.0078537+00:00	WorkerEvent	BridgeL03L04	WorkerReady; ExitCode=0; ready
2026-06-03T18:15:38.0116165+00:00	StartPipeline	BridgeL03L04	BridgeL03L04
2026-06-03T18:15:38.0123538+00:00	WorkerEvent	BridgeL05L06	WorkerReady; ExitCode=0; ready
2026-06-03T18:15:38.0134073+00:00	StartPipeline	BridgeL05L06	BridgeL05L06
2026-06-03T18:15:38.0141102+00:00	WorkerEvent	BridgeL01L02	WorkerReady; ExitCode=0; ready
2026-06-03T18:15:38.0146569+00:00	StartPipeline	BridgeL01L02	BridgeL01L02
2026-06-03T18:15:38.0150823+00:00	WorkerEvent	ExtractSeed05.extract-seed-05	TaskSucceeded; ExitCode=0; 
2026-06-03T18:15:38.0155460+00:00	TaskSucceeded	ExtractSeed05.extract-seed-05	0
2026-06-03T18:15:38.0160455+00:00	PipelineCompleted	ExtractSeed05	
2026-06-03T18:15:38.0164553+00:00	WorkerEvent	ExtractSeed06.extract-seed-06	TaskSucceeded; ExitCode=0; 
2026-06-03T18:15:38.0170377+00:00	TaskSucceeded	ExtractSeed06.extract-seed-06	0
2026-06-03T18:15:38.0185597+00:00	PipelineCompleted	ExtractSeed06	
2026-06-03T18:15:38.0191273+00:00	WorkerEvent	ExtractSeed07	PipelineStarted; ExitCode=0; pipeline started
2026-06-03T18:15:38.0208363+00:00	WorkerStarting	BridgeL07L08	meta-pipeline
2026-06-03T18:15:38.1382644+00:00	WorkerStarted	BridgeL07L08	23472
2026-06-03T18:15:38.1388049+00:00	WorkerControlPipe	BridgeL07L08	meta-orchestration-10983105a0b6416380fa23e8fa78c0cb
2026-06-03T18:15:38.1396733+00:00	WorkerLog	BridgeL07L08	stdout=C:\Users\jimmy\Desktop\meta-bi\Samples\Demos\MetaOrchestrationHairballCliIntegration\Runs\hairball-seed-20260530\RunArtifacts\runs\20260603-181533_745b3556c2b24d278b4c46f22d88e321\logs\BridgeL07L08-23472.stdout.log; stderr=C:\Users\jimmy\Desktop\meta-bi\Samples\Demos\MetaOrchestrationHairballCliIntegration\Runs\hairball-seed-20260530\RunArtifacts\runs\20260603-181533_745b3556c2b24d278b4c46f22d88e321\logs\BridgeL07L08-23472.stderr.log
2026-06-03T18:15:38.1402530+00:00	WorkerEvent	ExtractSeed07.extract-seed-07	TaskReady; ExitCode=0; 
2026-06-03T18:15:38.1418167+00:00	WorkerEvent	ExtractSeed08	PipelineStarted; ExitCode=0; pipeline started
2026-06-03T18:15:38.1457636+00:00	GrantTask	ExtractSeed07.extract-seed-07	ExtractSeed07.extract-seed-07; GrantId=grant-7; Attempt=1
2026-06-03T18:15:38.1463093+00:00	WorkerStarting	CompositeMart	meta-pipeline
2026-06-03T18:15:39.0837217+00:00	WorkerStarted	CompositeMart	28204
2026-06-03T18:15:39.0843857+00:00	WorkerControlPipe	CompositeMart	meta-orchestration-fd6f93aabb2240dfbdf6696fc24b789e
2026-06-03T18:15:39.0848856+00:00	WorkerLog	CompositeMart	stdout=C:\Users\jimmy\Desktop\meta-bi\Samples\Demos\MetaOrchestrationHairballCliIntegration\Runs\hairball-seed-20260530\RunArtifacts\runs\20260603-181533_745b3556c2b24d278b4c46f22d88e321\logs\CompositeMart-28204.stdout.log; stderr=C:\Users\jimmy\Desktop\meta-bi\Samples\Demos\MetaOrchestrationHairballCliIntegration\Runs\hairball-seed-20260530\RunArtifacts\runs\20260603-181533_745b3556c2b24d278b4c46f22d88e321\logs\CompositeMart-28204.stderr.log
2026-06-03T18:15:39.0853802+00:00	WorkerEvent	BridgeL07L08	WorkerOnline; ExitCode=0; online
2026-06-03T18:15:39.0862653+00:00	WorkerEvent	ExtractSeed07.extract-seed-07	GrantAccepted; ExitCode=0; 
2026-06-03T18:15:39.0872911+00:00	WorkerEvent	ExtractSeed08.extract-seed-08	TaskReady; ExitCode=0; 
2026-06-03T18:15:39.0890514+00:00	WorkerEvent	AuditHairball	PipelineStarted; ExitCode=0; pipeline started
2026-06-03T18:15:39.0907259+00:00	GrantTask	ExtractSeed08.extract-seed-08	ExtractSeed08.extract-seed-08; GrantId=grant-8; Attempt=1
2026-06-03T18:15:39.0911502+00:00	WorkerStarting	Layer01Hub	meta-pipeline
2026-06-03T18:15:40.0998735+00:00	WorkerStarted	Layer01Hub	16692
2026-06-03T18:15:40.1005779+00:00	WorkerControlPipe	Layer01Hub	meta-orchestration-5cc2309369c14648846a186183acad9c
2026-06-03T18:15:40.1011901+00:00	WorkerLog	Layer01Hub	stdout=C:\Users\jimmy\Desktop\meta-bi\Samples\Demos\MetaOrchestrationHairballCliIntegration\Runs\hairball-seed-20260530\RunArtifacts\runs\20260603-181533_745b3556c2b24d278b4c46f22d88e321\logs\Layer01Hub-16692.stdout.log; stderr=C:\Users\jimmy\Desktop\meta-bi\Samples\Demos\MetaOrchestrationHairballCliIntegration\Runs\hairball-seed-20260530\RunArtifacts\runs\20260603-181533_745b3556c2b24d278b4c46f22d88e321\logs\Layer01Hub-16692.stderr.log
2026-06-03T18:15:40.1018047+00:00	WorkerEvent	BridgeL03L04	PipelineStarted; ExitCode=0; pipeline started
2026-06-03T18:15:40.1028086+00:00	WorkerEvent	BridgeL05L06	PipelineStarted; ExitCode=0; pipeline started
2026-06-03T18:15:40.1038725+00:00	WorkerEvent	BridgeL01L02	PipelineStarted; ExitCode=0; pipeline started
2026-06-03T18:15:40.1046928+00:00	WorkerEvent	CompositeMart	WorkerOnline; ExitCode=0; online
2026-06-03T18:15:40.1052289+00:00	WorkerEvent	BridgeL07L08	WorkerReady; ExitCode=0; ready
2026-06-03T18:15:40.1060556+00:00	StartPipeline	BridgeL07L08	BridgeL07L08
2026-06-03T18:15:40.1065476+00:00	WorkerEvent	Layer01Hub	WorkerOnline; ExitCode=0; online
2026-06-03T18:15:40.1069615+00:00	WorkerEvent	BridgeL03L04.bridge-l03-l04-collect	TaskReady; ExitCode=0; 
2026-06-03T18:15:40.1075144+00:00	WorkerEvent	BridgeL05L06.bridge-l05-l06-collect	TaskReady; ExitCode=0; 
2026-06-03T18:15:40.1081499+00:00	WorkerEvent	BridgeL01L02.bridge-l01-l02-collect	TaskReady; ExitCode=0; 
2026-06-03T18:15:40.1086292+00:00	WorkerEvent	CompositeMart	WorkerReady; ExitCode=0; ready
2026-06-03T18:15:40.1090955+00:00	StartPipeline	CompositeMart	CompositeMart
2026-06-03T18:15:40.1094866+00:00	WorkerEvent	Layer01Hub	WorkerReady; ExitCode=0; ready
2026-06-03T18:15:41.1157128+00:00	StartPipeline	Layer01Hub	Layer01Hub
2026-06-03T18:15:41.1169967+00:00	WorkerEvent	ExtractSeed07.extract-seed-07	TaskStarted; ExitCode=0; 
2026-06-03T18:15:41.1180898+00:00	WorkerEvent	ExtractSeed08.extract-seed-08	GrantAccepted; ExitCode=0; 
2026-06-03T18:15:41.1197726+00:00	WorkerEvent	AuditHairball.audit-hairball	TaskReady; ExitCode=0; 
2026-06-03T18:15:41.1237040+00:00	WorkerStarting	Layer01Node01	meta-pipeline
2026-06-03T18:15:42.1323115+00:00	WorkerStarted	Layer01Node01	7628
2026-06-03T18:15:42.1330962+00:00	WorkerControlPipe	Layer01Node01	meta-orchestration-f4f4c3890b264e9faf3943bf42aeb8b5
2026-06-03T18:15:42.1335910+00:00	WorkerLog	Layer01Node01	stdout=C:\Users\jimmy\Desktop\meta-bi\Samples\Demos\MetaOrchestrationHairballCliIntegration\Runs\hairball-seed-20260530\RunArtifacts\runs\20260603-181533_745b3556c2b24d278b4c46f22d88e321\logs\Layer01Node01-7628.stdout.log; stderr=C:\Users\jimmy\Desktop\meta-bi\Samples\Demos\MetaOrchestrationHairballCliIntegration\Runs\hairball-seed-20260530\RunArtifacts\runs\20260603-181533_745b3556c2b24d278b4c46f22d88e321\logs\Layer01Node01-7628.stderr.log
2026-06-03T18:15:42.1341345+00:00	WorkerEvent	Layer01Hub	PipelineStarted; ExitCode=0; pipeline started
2026-06-03T18:15:42.1349640+00:00	WorkerEvent	CompositeMart	PipelineStarted; ExitCode=0; pipeline started
2026-06-03T18:15:42.1358942+00:00	WorkerEvent	BridgeL07L08	PipelineStarted; ExitCode=0; pipeline started
2026-06-03T18:15:42.1368857+00:00	WorkerEvent	ExtractSeed07.extract-seed-07	TaskSucceeded; ExitCode=0; 
2026-06-03T18:15:42.1375754+00:00	TaskSucceeded	ExtractSeed07.extract-seed-07	0
2026-06-03T18:15:42.1379503+00:00	PipelineCompleted	ExtractSeed07	
2026-06-03T18:15:42.1381604+00:00	WorkerEvent	ExtractSeed08.extract-seed-08	TaskStarted; ExitCode=0; 
2026-06-03T18:15:42.1386487+00:00	WorkerStarting	Layer01Node06	meta-pipeline
2026-06-03T18:15:42.2190709+00:00	WorkerStarted	Layer01Node06	21408
2026-06-03T18:15:42.2193849+00:00	WorkerControlPipe	Layer01Node06	meta-orchestration-38b49a560b584ba1994f27565b97082f
2026-06-03T18:15:42.2196199+00:00	WorkerLog	Layer01Node06	stdout=C:\Users\jimmy\Desktop\meta-bi\Samples\Demos\MetaOrchestrationHairballCliIntegration\Runs\hairball-seed-20260530\RunArtifacts\runs\20260603-181533_745b3556c2b24d278b4c46f22d88e321\logs\Layer01Node06-21408.stdout.log; stderr=C:\Users\jimmy\Desktop\meta-bi\Samples\Demos\MetaOrchestrationHairballCliIntegration\Runs\hairball-seed-20260530\RunArtifacts\runs\20260603-181533_745b3556c2b24d278b4c46f22d88e321\logs\Layer01Node06-21408.stderr.log
2026-06-03T18:15:42.2199319+00:00	WorkerEvent	Layer01Hub.hub-l01-stage	TaskReady; ExitCode=0; 
2026-06-03T18:15:42.2204371+00:00	WorkerEvent	CompositeMart.composite-stage	TaskReady; ExitCode=0; 
2026-06-03T18:15:42.2209191+00:00	WorkerEvent	BridgeL07L08.bridge-l07-l08-collect	TaskReady; ExitCode=0; 
2026-06-03T18:15:42.2212337+00:00	WorkerEvent	ExtractSeed08.extract-seed-08	TaskSucceeded; ExitCode=0; 
2026-06-03T18:15:42.2215285+00:00	TaskSucceeded	ExtractSeed08.extract-seed-08	0
2026-06-03T18:15:42.2218238+00:00	PipelineCompleted	ExtractSeed08	
2026-06-03T18:15:42.2220989+00:00	WorkerEvent	Layer01Node01	WorkerOnline; ExitCode=0; online
2026-06-03T18:15:42.2225874+00:00	WorkerStarting	Layer01Node07	meta-pipeline
2026-06-03T18:15:43.1492845+00:00	WorkerStarted	Layer01Node07	11476
2026-06-03T18:15:43.1500103+00:00	WorkerControlPipe	Layer01Node07	meta-orchestration-39d832b45be84e80b0e8e323134369b3
2026-06-03T18:15:43.1503545+00:00	WorkerLog	Layer01Node07	stdout=C:\Users\jimmy\Desktop\meta-bi\Samples\Demos\MetaOrchestrationHairballCliIntegration\Runs\hairball-seed-20260530\RunArtifacts\runs\20260603-181533_745b3556c2b24d278b4c46f22d88e321\logs\Layer01Node07-11476.stdout.log; stderr=C:\Users\jimmy\Desktop\meta-bi\Samples\Demos\MetaOrchestrationHairballCliIntegration\Runs\hairball-seed-20260530\RunArtifacts\runs\20260603-181533_745b3556c2b24d278b4c46f22d88e321\logs\Layer01Node07-11476.stderr.log
2026-06-03T18:15:43.1508018+00:00	WorkerEvent	Layer01Node06	WorkerOnline; ExitCode=0; online
2026-06-03T18:15:43.1515712+00:00	WorkerEvent	Layer01Node01	WorkerReady; ExitCode=0; ready
2026-06-03T18:15:43.1526214+00:00	StartPipeline	Layer01Node01	Layer01Node01
2026-06-03T18:15:43.1534784+00:00	WorkerEvent	Layer01Node06	WorkerReady; ExitCode=0; ready
2026-06-03T18:15:44.1639618+00:00	StartPipeline	Layer01Node06	Layer01Node06
2026-06-03T18:15:44.1652759+00:00	WorkerEvent	Layer01Node07	WorkerOnline; ExitCode=0; online
2026-06-03T18:15:44.1676552+00:00	WorkerStarting	Layer03Node09	meta-pipeline
2026-06-03T18:15:45.1652350+00:00	WorkerStarted	Layer03Node09	20704
2026-06-03T18:15:45.1659214+00:00	WorkerControlPipe	Layer03Node09	meta-orchestration-10f375f2bb3f40cba079a38cbc6c99d0
2026-06-03T18:15:45.1663834+00:00	WorkerLog	Layer03Node09	stdout=C:\Users\jimmy\Desktop\meta-bi\Samples\Demos\MetaOrchestrationHairballCliIntegration\Runs\hairball-seed-20260530\RunArtifacts\runs\20260603-181533_745b3556c2b24d278b4c46f22d88e321\logs\Layer03Node09-20704.stdout.log; stderr=C:\Users\jimmy\Desktop\meta-bi\Samples\Demos\MetaOrchestrationHairballCliIntegration\Runs\hairball-seed-20260530\RunArtifacts\runs\20260603-181533_745b3556c2b24d278b4c46f22d88e321\logs\Layer03Node09-20704.stderr.log
2026-06-03T18:15:45.1670502+00:00	WorkerEvent	Layer01Node06	PipelineStarted; ExitCode=0; pipeline started
2026-06-03T18:15:45.1681045+00:00	WorkerEvent	Layer01Node07	WorkerReady; ExitCode=0; ready
2026-06-03T18:15:45.1689377+00:00	StartPipeline	Layer01Node07	Layer01Node07
2026-06-03T18:15:45.1695891+00:00	WorkerEvent	Layer01Node06.refresh-l01-n06	TaskReady; ExitCode=0; 
2026-06-03T18:15:45.1701778+00:00	WorkerEvent	Layer01Node01	PipelineStarted; ExitCode=0; pipeline started
2026-06-03T18:15:45.1706589+00:00	WorkerEvent	Layer03Node09	WorkerOnline; ExitCode=0; online
2026-06-03T18:15:45.1720256+00:00	GrantTask	Layer01Node06.refresh-l01-n06	Layer01Node06.refresh-l01-n06; GrantId=grant-9; Attempt=1
2026-06-03T18:15:45.1723092+00:00	WorkerStarting	Layer01Node02	meta-pipeline
2026-06-03T18:15:46.1959215+00:00	WorkerStarted	Layer01Node02	22780
2026-06-03T18:15:46.1965716+00:00	WorkerControlPipe	Layer01Node02	meta-orchestration-482914c5944046218e5a34e36bfc6f4a
2026-06-03T18:15:46.1970127+00:00	WorkerLog	Layer01Node02	stdout=C:\Users\jimmy\Desktop\meta-bi\Samples\Demos\MetaOrchestrationHairballCliIntegration\Runs\hairball-seed-20260530\RunArtifacts\runs\20260603-181533_745b3556c2b24d278b4c46f22d88e321\logs\Layer01Node02-22780.stdout.log; stderr=C:\Users\jimmy\Desktop\meta-bi\Samples\Demos\MetaOrchestrationHairballCliIntegration\Runs\hairball-seed-20260530\RunArtifacts\runs\20260603-181533_745b3556c2b24d278b4c46f22d88e321\logs\Layer01Node02-22780.stderr.log
2026-06-03T18:15:46.1974919+00:00	WorkerEvent	Layer01Node06.refresh-l01-n06	GrantAccepted; ExitCode=0; 
2026-06-03T18:15:46.1984069+00:00	WorkerEvent	Layer01Node01.export-l01-n01	TaskReady; ExitCode=0; 
2026-06-03T18:15:46.1993601+00:00	WorkerEvent	Layer03Node09	WorkerReady; ExitCode=0; ready
2026-06-03T18:15:46.2001827+00:00	StartPipeline	Layer03Node09	Layer03Node09
2026-06-03T18:15:46.2010246+00:00	WorkerEvent	Layer01Node06.refresh-l01-n06	TaskStarted; ExitCode=0; 
2026-06-03T18:15:46.2015590+00:00	WorkerEvent	Layer01Node07	PipelineStarted; ExitCode=0; pipeline started
2026-06-03T18:15:46.2022070+00:00	WorkerEvent	Layer01Node02	WorkerOnline; ExitCode=0; online
2026-06-03T18:15:46.2046418+00:00	GrantTask	Layer01Node01.export-l01-n01	Layer01Node01.export-l01-n01; GrantId=grant-10; Attempt=1
2026-06-03T18:15:46.2050580+00:00	WorkerEvent	Layer01Node07.refresh-l01-n07	TaskReady; ExitCode=0; 
2026-06-03T18:15:46.2055760+00:00	WorkerEvent	Layer01Node02	WorkerReady; ExitCode=0; ready
2026-06-03T18:15:46.5078479+00:00	StartPipeline	Layer01Node02	Layer01Node02
2026-06-03T18:15:46.5087169+00:00	WorkerEvent	Layer01Node06.refresh-l01-n06	TaskSucceeded; ExitCode=0; 
2026-06-03T18:15:46.5092413+00:00	TaskSucceeded	Layer01Node06.refresh-l01-n06	0
2026-06-03T18:15:46.5097616+00:00	PipelineCompleted	Layer01Node06	
2026-06-03T18:15:46.5100760+00:00	WorkerEvent	Layer01Node01.export-l01-n01	GrantAccepted; ExitCode=0; 
2026-06-03T18:15:46.5117207+00:00	GrantTask	Layer01Node07.refresh-l01-n07	Layer01Node07.refresh-l01-n07; GrantId=grant-11; Attempt=1
2026-06-03T18:15:46.5121288+00:00	WorkerStarting	Layer02Node03	meta-pipeline
2026-06-03T18:15:47.2089465+00:00	WorkerStarted	Layer02Node03	4872
2026-06-03T18:15:47.2093444+00:00	WorkerControlPipe	Layer02Node03	meta-orchestration-21927e7812f049fabf8e4484adaee358
2026-06-03T18:15:47.2096198+00:00	WorkerLog	Layer02Node03	stdout=C:\Users\jimmy\Desktop\meta-bi\Samples\Demos\MetaOrchestrationHairballCliIntegration\Runs\hairball-seed-20260530\RunArtifacts\runs\20260603-181533_745b3556c2b24d278b4c46f22d88e321\logs\Layer02Node03-4872.stdout.log; stderr=C:\Users\jimmy\Desktop\meta-bi\Samples\Demos\MetaOrchestrationHairballCliIntegration\Runs\hairball-seed-20260530\RunArtifacts\runs\20260603-181533_745b3556c2b24d278b4c46f22d88e321\logs\Layer02Node03-4872.stderr.log
2026-06-03T18:15:47.2100342+00:00	WorkerEvent	Layer01Node07.refresh-l01-n07	GrantAccepted; ExitCode=0; 
2026-06-03T18:15:47.2107873+00:00	WorkerEvent	Layer01Node01.export-l01-n01	TaskStarted; ExitCode=0; 
2026-06-03T18:15:47.2231949+00:00	WorkerEvent	Layer03Node09	PipelineStarted; ExitCode=0; pipeline started
2026-06-03T18:15:47.2259549+00:00	WorkerEvent	Layer01Node02	PipelineStarted; ExitCode=0; pipeline started
2026-06-03T18:15:47.2276676+00:00	WorkerEvent	Layer02Node03	WorkerOnline; ExitCode=0; online
2026-06-03T18:15:47.2282822+00:00	WorkerEvent	Layer01Node07.refresh-l01-n07	TaskStarted; ExitCode=0; 
2026-06-03T18:15:47.2300532+00:00	WorkerEvent	Layer02Node03	WorkerReady; ExitCode=0; ready
2026-06-03T18:15:47.2345938+00:00	StartPipeline	Layer02Node03	Layer02Node03
2026-06-03T18:15:47.2356827+00:00	WorkerEvent	Layer01Node01.export-l01-n01	TaskSucceeded; ExitCode=0; 
2026-06-03T18:15:47.2364447+00:00	TaskSucceeded	Layer01Node01.export-l01-n01	0
2026-06-03T18:15:47.2373812+00:00	PipelineCompleted	Layer01Node01	
2026-06-03T18:15:47.2377434+00:00	WorkerEvent	Layer03Node09.refresh-l03-n09	TaskReady; ExitCode=0; 
2026-06-03T18:15:47.2383592+00:00	WorkerEvent	Layer01Node02.select-l01-n02	TaskReady; ExitCode=0; 
2026-06-03T18:15:47.2394086+00:00	GrantTask	Layer01Node02.select-l01-n02	Layer01Node02.select-l01-n02; GrantId=grant-12; Attempt=1
2026-06-03T18:15:47.2401331+00:00	GrantTask	Layer03Node09.refresh-l03-n09	Layer03Node09.refresh-l03-n09; GrantId=grant-13; Attempt=1
2026-06-03T18:15:47.2404229+00:00	WorkerStarting	Layer01Node04	meta-pipeline
2026-06-03T18:15:47.3447143+00:00	WorkerStarted	Layer01Node04	23764
2026-06-03T18:15:47.3452474+00:00	WorkerControlPipe	Layer01Node04	meta-orchestration-92f98ec099f7468fb165d43cc969e729
2026-06-03T18:15:47.3457584+00:00	WorkerLog	Layer01Node04	stdout=C:\Users\jimmy\Desktop\meta-bi\Samples\Demos\MetaOrchestrationHairballCliIntegration\Runs\hairball-seed-20260530\RunArtifacts\runs\20260603-181533_745b3556c2b24d278b4c46f22d88e321\logs\Layer01Node04-23764.stdout.log; stderr=C:\Users\jimmy\Desktop\meta-bi\Samples\Demos\MetaOrchestrationHairballCliIntegration\Runs\hairball-seed-20260530\RunArtifacts\runs\20260603-181533_745b3556c2b24d278b4c46f22d88e321\logs\Layer01Node04-23764.stderr.log
2026-06-03T18:15:47.3462603+00:00	WorkerEvent	Layer03Node09.refresh-l03-n09	GrantAccepted; ExitCode=0; 
2026-06-03T18:15:47.3469079+00:00	WorkerEvent	Layer01Node02.select-l01-n02	GrantAccepted; ExitCode=0; 
2026-06-03T18:15:47.3495900+00:00	WorkerEvent	Layer03Node09.refresh-l03-n09	TaskStarted; ExitCode=0; 
2026-06-03T18:15:47.3526228+00:00	WorkerEvent	Layer01Node02.select-l01-n02	TaskStarted; ExitCode=0; 
2026-06-03T18:15:47.3754884+00:00	WorkerEvent	Layer01Node04	WorkerOnline; ExitCode=0; online
2026-06-03T18:15:47.3781030+00:00	WorkerEvent	Layer01Node04	WorkerReady; ExitCode=0; ready
2026-06-03T18:15:47.3840653+00:00	StartPipeline	Layer01Node04	Layer01Node04
2026-06-03T18:15:47.6578709+00:00	WorkerEvent	Layer01Node07.refresh-l01-n07	TaskSucceeded; ExitCode=0; 
2026-06-03T18:15:47.6586137+00:00	TaskSucceeded	Layer01Node07.refresh-l01-n07	0
2026-06-03T18:15:47.6885951+00:00	WorkerEvent	Layer01Node07	Closed; ExitCode=0; 
2026-06-03T18:15:47.6894059+00:00	PipelineCompleted	Layer01Node07	
2026-06-03T18:15:47.6910365+00:00	WorkerStarting	Layer01Node03	meta-pipeline
2026-06-03T18:15:47.7994937+00:00	WorkerStarted	Layer01Node03	5524
2026-06-03T18:15:47.7999263+00:00	WorkerControlPipe	Layer01Node03	meta-orchestration-617903ed777c409c83231acf6539952f
2026-06-03T18:15:47.8002282+00:00	WorkerLog	Layer01Node03	stdout=C:\Users\jimmy\Desktop\meta-bi\Samples\Demos\MetaOrchestrationHairballCliIntegration\Runs\hairball-seed-20260530\RunArtifacts\runs\20260603-181533_745b3556c2b24d278b4c46f22d88e321\logs\Layer01Node03-5524.stdout.log; stderr=C:\Users\jimmy\Desktop\meta-bi\Samples\Demos\MetaOrchestrationHairballCliIntegration\Runs\hairball-seed-20260530\RunArtifacts\runs\20260603-181533_745b3556c2b24d278b4c46f22d88e321\logs\Layer01Node03-5524.stderr.log
2026-06-03T18:15:47.8005539+00:00	WorkerEvent	Layer03Node09.refresh-l03-n09	TaskSucceeded; ExitCode=0; 
2026-06-03T18:15:47.8010071+00:00	TaskSucceeded	Layer03Node09.refresh-l03-n09	0
2026-06-03T18:15:47.8016173+00:00	PipelineCompleted	Layer03Node09	
2026-06-03T18:15:47.8020414+00:00	WorkerEvent	Layer01Node02.select-l01-n02	TaskSucceeded; ExitCode=0; 
2026-06-03T18:15:47.8028384+00:00	TaskSucceeded	Layer01Node02.select-l01-n02	0
2026-06-03T18:15:47.8034447+00:00	PipelineCompleted	Layer01Node02	
2026-06-03T18:15:47.8040194+00:00	WorkerStarting	Layer01Node05	meta-pipeline
2026-06-03T18:15:47.8941150+00:00	WorkerStarted	Layer01Node05	19908
2026-06-03T18:15:47.8945670+00:00	WorkerControlPipe	Layer01Node05	meta-orchestration-b0ec667d0e5248e5a290ac3b80e1452e
2026-06-03T18:15:47.8948889+00:00	WorkerLog	Layer01Node05	stdout=C:\Users\jimmy\Desktop\meta-bi\Samples\Demos\MetaOrchestrationHairballCliIntegration\Runs\hairball-seed-20260530\RunArtifacts\runs\20260603-181533_745b3556c2b24d278b4c46f22d88e321\logs\Layer01Node05-19908.stdout.log; stderr=C:\Users\jimmy\Desktop\meta-bi\Samples\Demos\MetaOrchestrationHairballCliIntegration\Runs\hairball-seed-20260530\RunArtifacts\runs\20260603-181533_745b3556c2b24d278b4c46f22d88e321\logs\Layer01Node05-19908.stderr.log
2026-06-03T18:15:47.8954996+00:00	WorkerEvent	Layer01Node03	WorkerOnline; ExitCode=0; online
2026-06-03T18:15:47.8981531+00:00	WorkerStarting	Layer01Node09	meta-pipeline
2026-06-03T18:15:47.9856321+00:00	WorkerStarted	Layer01Node09	24932
2026-06-03T18:15:47.9859179+00:00	WorkerControlPipe	Layer01Node09	meta-orchestration-aff79c391d1c45458778d20446ae0b28
2026-06-03T18:15:47.9861577+00:00	WorkerLog	Layer01Node09	stdout=C:\Users\jimmy\Desktop\meta-bi\Samples\Demos\MetaOrchestrationHairballCliIntegration\Runs\hairball-seed-20260530\RunArtifacts\runs\20260603-181533_745b3556c2b24d278b4c46f22d88e321\logs\Layer01Node09-24932.stdout.log; stderr=C:\Users\jimmy\Desktop\meta-bi\Samples\Demos\MetaOrchestrationHairballCliIntegration\Runs\hairball-seed-20260530\RunArtifacts\runs\20260603-181533_745b3556c2b24d278b4c46f22d88e321\logs\Layer01Node09-24932.stderr.log
2026-06-03T18:15:47.9863968+00:00	WorkerEvent	Layer02Node03	PipelineStarted; ExitCode=0; pipeline started
2026-06-03T18:15:47.9867567+00:00	WorkerEvent	Layer01Node03	WorkerReady; ExitCode=0; ready
2026-06-03T18:15:47.9871827+00:00	StartPipeline	Layer01Node03	Layer01Node03
2026-06-03T18:15:47.9875124+00:00	WorkerEvent	Layer02Node03.select-l02-n03	TaskReady; ExitCode=0; 
2026-06-03T18:15:47.9877948+00:00	WorkerEvent	Layer01Node04	PipelineStarted; ExitCode=0; pipeline started
2026-06-03T18:15:47.9880785+00:00	WorkerEvent	Layer01Node05	WorkerOnline; ExitCode=0; online
2026-06-03T18:15:47.9895202+00:00	GrantTask	Layer02Node03.select-l02-n03	Layer02Node03.select-l02-n03; GrantId=grant-14; Attempt=1
2026-06-03T18:15:47.9899174+00:00	WorkerEvent	Layer01Node04.export-l01-n04	TaskReady; ExitCode=0; 
2026-06-03T18:15:47.9903222+00:00	WorkerEvent	Layer01Node05	WorkerReady; ExitCode=0; ready
2026-06-03T18:15:47.9911923+00:00	StartPipeline	Layer01Node05	Layer01Node05
2026-06-03T18:15:47.9916792+00:00	WorkerEvent	Layer02Node03.select-l02-n03	GrantAccepted; ExitCode=0; 
2026-06-03T18:15:47.9937285+00:00	GrantTask	Layer01Node04.export-l01-n04	Layer01Node04.export-l01-n04; GrantId=grant-15; Attempt=1
2026-06-03T18:15:47.9940608+00:00	WorkerEvent	Layer02Node03.select-l02-n03	TaskStarted; ExitCode=0; 
2026-06-03T18:15:47.9967236+00:00	WorkerEvent	Layer01Node04.export-l01-n04	GrantAccepted; ExitCode=0; 
2026-06-03T18:15:47.9997834+00:00	WorkerEvent	Layer01Node04.export-l01-n04	TaskStarted; ExitCode=0; 
2026-06-03T18:15:48.0108174+00:00	WorkerEvent	Layer01Node09	WorkerOnline; ExitCode=0; online
2026-06-03T18:15:48.0157836+00:00	WorkerEvent	Layer01Node09	WorkerReady; ExitCode=0; ready
2026-06-03T18:15:48.0191509+00:00	StartPipeline	Layer01Node09	Layer01Node09
2026-06-03T18:15:48.4332818+00:00	WorkerEvent	Layer02Node03.select-l02-n03	TaskSucceeded; ExitCode=0; 
2026-06-03T18:15:48.4344724+00:00	TaskSucceeded	Layer02Node03.select-l02-n03	0
2026-06-03T18:15:48.4725162+00:00	WorkerEvent	Layer02Node03	Closed; ExitCode=0; 
2026-06-03T18:15:48.4732757+00:00	PipelineCompleted	Layer02Node03	
2026-06-03T18:15:48.4748444+00:00	WorkerStarting	Layer01Node08	meta-pipeline
2026-06-03T18:15:48.5928057+00:00	WorkerStarted	Layer01Node08	23816
2026-06-03T18:15:48.5931691+00:00	WorkerControlPipe	Layer01Node08	meta-orchestration-03e106dd76394cc284b24f4e3c4cc8aa
2026-06-03T18:15:48.5934645+00:00	WorkerLog	Layer01Node08	stdout=C:\Users\jimmy\Desktop\meta-bi\Samples\Demos\MetaOrchestrationHairballCliIntegration\Runs\hairball-seed-20260530\RunArtifacts\runs\20260603-181533_745b3556c2b24d278b4c46f22d88e321\logs\Layer01Node08-23816.stdout.log; stderr=C:\Users\jimmy\Desktop\meta-bi\Samples\Demos\MetaOrchestrationHairballCliIntegration\Runs\hairball-seed-20260530\RunArtifacts\runs\20260603-181533_745b3556c2b24d278b4c46f22d88e321\logs\Layer01Node08-23816.stderr.log
2026-06-03T18:15:48.5937886+00:00	WorkerEvent	Layer01Node04.export-l01-n04	TaskSucceeded; ExitCode=0; 
2026-06-03T18:15:48.5943622+00:00	TaskSucceeded	Layer01Node04.export-l01-n04	0
2026-06-03T18:15:48.5949819+00:00	PipelineCompleted	Layer01Node04	
2026-06-03T18:15:48.5966211+00:00	WorkerStarting	Layer02Hub	meta-pipeline
2026-06-03T18:15:48.6830074+00:00	WorkerStarted	Layer02Hub	28164
2026-06-03T18:15:48.6833689+00:00	WorkerControlPipe	Layer02Hub	meta-orchestration-2bc7dc4805f64711ab727dd439ac12a9
2026-06-03T18:15:48.6835747+00:00	WorkerLog	Layer02Hub	stdout=C:\Users\jimmy\Desktop\meta-bi\Samples\Demos\MetaOrchestrationHairballCliIntegration\Runs\hairball-seed-20260530\RunArtifacts\runs\20260603-181533_745b3556c2b24d278b4c46f22d88e321\logs\Layer02Hub-28164.stdout.log; stderr=C:\Users\jimmy\Desktop\meta-bi\Samples\Demos\MetaOrchestrationHairballCliIntegration\Runs\hairball-seed-20260530\RunArtifacts\runs\20260603-181533_745b3556c2b24d278b4c46f22d88e321\logs\Layer02Hub-28164.stderr.log
2026-06-03T18:15:48.6838140+00:00	WorkerEvent	Layer01Node08	WorkerOnline; ExitCode=0; online
2026-06-03T18:15:48.6842151+00:00	WorkerEvent	Layer01Node03	PipelineStarted; ExitCode=0; pipeline started
2026-06-03T18:15:48.6849991+00:00	WorkerEvent	Layer01Node09	PipelineStarted; ExitCode=0; pipeline started
2026-06-03T18:15:48.6854348+00:00	WorkerEvent	Layer01Node05	PipelineStarted; ExitCode=0; pipeline started
2026-06-03T18:15:48.6865190+00:00	WorkerEvent	Layer01Node08	WorkerReady; ExitCode=0; ready
2026-06-03T18:15:48.6877417+00:00	StartPipeline	Layer01Node08	Layer01Node08
2026-06-03T18:15:48.6880599+00:00	WorkerEvent	Layer01Node03.select-l01-n03	TaskReady; ExitCode=0; 
2026-06-03T18:15:48.6883577+00:00	WorkerEvent	Layer01Node09.refresh-l01-n09	TaskReady; ExitCode=0; 
2026-06-03T18:15:48.6900489+00:00	WorkerEvent	Layer01Node05.export-l01-n05	TaskReady; ExitCode=0; 
2026-06-03T18:15:48.6911351+00:00	GrantTask	Layer01Node03.select-l01-n03	Layer01Node03.select-l01-n03; GrantId=grant-16; Attempt=1
2026-06-03T18:15:48.6915622+00:00	GrantTask	Layer01Node05.export-l01-n05	Layer01Node05.export-l01-n05; GrantId=grant-17; Attempt=1
2026-06-03T18:15:48.6919236+00:00	GrantTask	Layer01Node09.refresh-l01-n09	Layer01Node09.refresh-l01-n09; GrantId=grant-18; Attempt=1
2026-06-03T18:15:48.6924932+00:00	WorkerEvent	Layer01Node03.select-l01-n03	GrantAccepted; ExitCode=0; 
2026-06-03T18:15:48.6935050+00:00	WorkerEvent	Layer01Node05.export-l01-n05	GrantAccepted; ExitCode=0; 
2026-06-03T18:15:48.6957453+00:00	WorkerEvent	Layer01Node09.refresh-l01-n09	GrantAccepted; ExitCode=0; 
2026-06-03T18:15:48.6985746+00:00	WorkerEvent	Layer01Node03.select-l01-n03	TaskStarted; ExitCode=0; 
2026-06-03T18:15:48.7005586+00:00	WorkerEvent	Layer01Node05.export-l01-n05	TaskStarted; ExitCode=0; 
2026-06-03T18:15:48.7026851+00:00	WorkerEvent	Layer01Node09.refresh-l01-n09	TaskStarted; ExitCode=0; 
2026-06-03T18:15:48.7086113+00:00	WorkerEvent	Layer02Hub	WorkerOnline; ExitCode=0; online
2026-06-03T18:15:48.7107558+00:00	WorkerEvent	Layer02Hub	WorkerReady; ExitCode=0; ready
2026-06-03T18:15:48.7150007+00:00	StartPipeline	Layer02Hub	Layer02Hub
2026-06-03T18:15:49.0902370+00:00	WorkerEvent	Layer01Node09.refresh-l01-n09	TaskSucceeded; ExitCode=0; 
2026-06-03T18:15:49.0910130+00:00	TaskSucceeded	Layer01Node09.refresh-l01-n09	0
2026-06-03T18:15:49.0939981+00:00	WorkerDeferredForCapacity	AuditHairball	Deferred by orchestration to honor max active worker process capacity.
2026-06-03T18:15:49.0954174+00:00	StopPipeline	AuditHairball	Deferred by orchestration to honor max active worker process capacity.
2026-06-03T18:15:49.0978408+00:00	WorkerDeferredForCapacity	BridgeL01L02	Deferred by orchestration to honor max active worker process capacity.
2026-06-03T18:15:49.0983554+00:00	StopPipeline	BridgeL01L02	Deferred by orchestration to honor max active worker process capacity.
2026-06-03T18:15:49.0998282+00:00	WorkerDeferredForCapacity	BridgeL03L04	Deferred by orchestration to honor max active worker process capacity.
2026-06-03T18:15:49.1003980+00:00	StopPipeline	BridgeL03L04	Deferred by orchestration to honor max active worker process capacity.
2026-06-03T18:15:49.1013073+00:00	WorkerDeferredForCapacity	BridgeL05L06	Deferred by orchestration to honor max active worker process capacity.
2026-06-03T18:15:49.1017499+00:00	StopPipeline	BridgeL05L06	Deferred by orchestration to honor max active worker process capacity.
2026-06-03T18:15:49.1025469+00:00	WorkerDeferredForCapacity	BridgeL07L08	Deferred by orchestration to honor max active worker process capacity.
2026-06-03T18:15:49.1028969+00:00	StopPipeline	BridgeL07L08	Deferred by orchestration to honor max active worker process capacity.
2026-06-03T18:15:49.1047526+00:00	WorkerDeferredForCapacity	CompositeMart	Deferred by orchestration to honor max active worker process capacity.
2026-06-03T18:15:49.1051425+00:00	StopPipeline	CompositeMart	Deferred by orchestration to honor max active worker process capacity.
2026-06-03T18:15:49.1059537+00:00	WorkerDeferredForCapacity	Layer01Hub	Deferred by orchestration to honor max active worker process capacity.
2026-06-03T18:15:49.1063057+00:00	StopPipeline	Layer01Hub	Deferred by orchestration to honor max active worker process capacity.
2026-06-03T18:15:49.1233326+00:00	WorkerEvent	AuditHairball	Closed; ExitCode=0; 
2026-06-03T18:15:49.1245732+00:00	WorkerDeferred	AuditHairball	ResumeTaskId=AuditHairball.audit-hairball
2026-06-03T18:15:49.1251476+00:00	WorkerStarting	Layer02Node02	meta-pipeline
2026-06-03T18:15:49.2822680+00:00	WorkerStarted	Layer02Node02	28580
2026-06-03T18:15:49.2827128+00:00	WorkerControlPipe	Layer02Node02	meta-orchestration-64a3e91e278f4e60ac8f3e81c057f8ca
2026-06-03T18:15:49.2830268+00:00	WorkerLog	Layer02Node02	stdout=C:\Users\jimmy\Desktop\meta-bi\Samples\Demos\MetaOrchestrationHairballCliIntegration\Runs\hairball-seed-20260530\RunArtifacts\runs\20260603-181533_745b3556c2b24d278b4c46f22d88e321\logs\Layer02Node02-28580.stdout.log; stderr=C:\Users\jimmy\Desktop\meta-bi\Samples\Demos\MetaOrchestrationHairballCliIntegration\Runs\hairball-seed-20260530\RunArtifacts\runs\20260603-181533_745b3556c2b24d278b4c46f22d88e321\logs\Layer02Node02-28580.stderr.log
2026-06-03T18:15:49.2833823+00:00	WorkerEvent	Layer01Hub	Closed; ExitCode=0; 
2026-06-03T18:15:49.2840175+00:00	WorkerDeferred	Layer01Hub	ResumeTaskId=Layer01Hub.hub-l01-stage
2026-06-03T18:15:49.2844451+00:00	WorkerEvent	BridgeL03L04	Closed; ExitCode=0; 
2026-06-03T18:15:49.2851768+00:00	WorkerDeferred	BridgeL03L04	ResumeTaskId=BridgeL03L04.bridge-l03-l04-collect
2026-06-03T18:15:49.2856167+00:00	WorkerEvent	BridgeL05L06	Closed; ExitCode=0; 
2026-06-03T18:15:49.2863029+00:00	WorkerDeferred	BridgeL05L06	ResumeTaskId=BridgeL05L06.bridge-l05-l06-collect
2026-06-03T18:15:49.2868059+00:00	WorkerEvent	BridgeL01L02	Closed; ExitCode=0; 
2026-06-03T18:15:49.2874619+00:00	WorkerDeferred	BridgeL01L02	ResumeTaskId=BridgeL01L02.bridge-l01-l02-collect
2026-06-03T18:15:49.2878097+00:00	WorkerEvent	CompositeMart	Closed; ExitCode=0; 
2026-06-03T18:15:49.2882727+00:00	WorkerDeferred	CompositeMart	ResumeTaskId=CompositeMart.composite-stage
2026-06-03T18:15:49.2886392+00:00	WorkerEvent	BridgeL07L08	Closed; ExitCode=0; 
2026-06-03T18:15:49.2891408+00:00	WorkerDeferred	BridgeL07L08	ResumeTaskId=BridgeL07L08.bridge-l07-l08-collect
2026-06-03T18:15:49.2894422+00:00	WorkerEvent	Layer01Node03.select-l01-n03	TaskSucceeded; ExitCode=0; 
2026-06-03T18:15:49.2898978+00:00	TaskSucceeded	Layer01Node03.select-l01-n03	0
2026-06-03T18:15:49.2903827+00:00	PipelineCompleted	Layer01Node03	
2026-06-03T18:15:49.2907136+00:00	WorkerEvent	Layer01Node09	Closed; ExitCode=0; 
2026-06-03T18:15:49.2912625+00:00	PipelineCompleted	Layer01Node09	
2026-06-03T18:15:49.2916137+00:00	WorkerEvent	Layer01Node05.export-l01-n05	TaskSucceeded; ExitCode=0; 
2026-06-03T18:15:49.2922037+00:00	TaskSucceeded	Layer01Node05.export-l01-n05	0
2026-06-03T18:15:49.2929286+00:00	WorkerResuming	Layer01Hub	ResumeTaskId=Layer01Hub.hub-l01-stage; Executable=meta-pipeline
2026-06-03T18:15:49.4187976+00:00	WorkerStarted	Layer01Hub	26484
2026-06-03T18:15:49.4192502+00:00	WorkerControlPipe	Layer01Hub	meta-orchestration-c4ff6595d3284d4aadabd82b5e9bf1d4
2026-06-03T18:15:49.4196138+00:00	WorkerLog	Layer01Hub	stdout=C:\Users\jimmy\Desktop\meta-bi\Samples\Demos\MetaOrchestrationHairballCliIntegration\Runs\hairball-seed-20260530\RunArtifacts\runs\20260603-181533_745b3556c2b24d278b4c46f22d88e321\logs\Layer01Hub-26484.stdout.log; stderr=C:\Users\jimmy\Desktop\meta-bi\Samples\Demos\MetaOrchestrationHairballCliIntegration\Runs\hairball-seed-20260530\RunArtifacts\runs\20260603-181533_745b3556c2b24d278b4c46f22d88e321\logs\Layer01Hub-26484.stderr.log
2026-06-03T18:15:49.4199452+00:00	WorkerEvent	Layer02Node02	WorkerOnline; ExitCode=0; online
2026-06-03T18:15:49.4206019+00:00	WorkerEvent	Layer01Node05	Closed; ExitCode=0; 
2026-06-03T18:15:49.4212320+00:00	PipelineCompleted	Layer01Node05	
2026-06-03T18:15:49.4215995+00:00	WorkerEvent	Layer02Node02	WorkerReady; ExitCode=0; ready
2026-06-03T18:15:49.4243314+00:00	StartPipeline	Layer02Node02	Layer02Node02
2026-06-03T18:15:49.4252573+00:00	WorkerStarting	Layer02Node05	meta-pipeline
2026-06-03T18:15:49.5319699+00:00	WorkerStarted	Layer02Node05	12480
2026-06-03T18:15:49.5323631+00:00	WorkerControlPipe	Layer02Node05	meta-orchestration-be2f326a56f84393ac0763f934a32266
2026-06-03T18:15:49.5327009+00:00	WorkerLog	Layer02Node05	stdout=C:\Users\jimmy\Desktop\meta-bi\Samples\Demos\MetaOrchestrationHairballCliIntegration\Runs\hairball-seed-20260530\RunArtifacts\runs\20260603-181533_745b3556c2b24d278b4c46f22d88e321\logs\Layer02Node05-12480.stdout.log; stderr=C:\Users\jimmy\Desktop\meta-bi\Samples\Demos\MetaOrchestrationHairballCliIntegration\Runs\hairball-seed-20260530\RunArtifacts\runs\20260603-181533_745b3556c2b24d278b4c46f22d88e321\logs\Layer02Node05-12480.stderr.log
2026-06-03T18:15:49.5330555+00:00	WorkerEvent	Layer01Node08	PipelineStarted; ExitCode=0; pipeline started
2026-06-03T18:15:49.5336960+00:00	WorkerEvent	Layer01Hub	WorkerOnline; ExitCode=0; online
2026-06-03T18:15:49.5342503+00:00	WorkerEvent	Layer01Node08.select-l01-n08	TaskReady; ExitCode=0; 
2026-06-03T18:15:49.5347340+00:00	WorkerEvent	Layer01Hub	WorkerReady; ExitCode=0; ready
2026-06-03T18:15:49.5379898+00:00	StartPipeline	Layer01Hub	Layer01Hub
2026-06-03T18:15:49.5393862+00:00	GrantTask	Layer01Node08.select-l01-n08	Layer01Node08.select-l01-n08; GrantId=grant-19; Attempt=1
2026-06-03T18:15:49.5397918+00:00	WorkerResuming	AuditHairball	ResumeTaskId=AuditHairball.audit-hairball; Executable=meta-pipeline
2026-06-03T18:15:49.6322780+00:00	WorkerStarted	AuditHairball	24744
2026-06-03T18:15:49.6327644+00:00	WorkerControlPipe	AuditHairball	meta-orchestration-653a965e88544e919565e16e7cda00af
2026-06-03T18:15:49.6331852+00:00	WorkerLog	AuditHairball	stdout=C:\Users\jimmy\Desktop\meta-bi\Samples\Demos\MetaOrchestrationHairballCliIntegration\Runs\hairball-seed-20260530\RunArtifacts\runs\20260603-181533_745b3556c2b24d278b4c46f22d88e321\logs\AuditHairball-24744.stdout.log; stderr=C:\Users\jimmy\Desktop\meta-bi\Samples\Demos\MetaOrchestrationHairballCliIntegration\Runs\hairball-seed-20260530\RunArtifacts\runs\20260603-181533_745b3556c2b24d278b4c46f22d88e321\logs\AuditHairball-24744.stderr.log
2026-06-03T18:15:49.6336432+00:00	WorkerEvent	Layer01Node08.select-l01-n08	GrantAccepted; ExitCode=0; 
2026-06-03T18:15:49.6344526+00:00	WorkerEvent	Layer02Node05	WorkerOnline; ExitCode=0; online
2026-06-03T18:15:49.6352688+00:00	WorkerEvent	Layer01Node08.select-l01-n08	TaskStarted; ExitCode=0; 
2026-06-03T18:15:49.6357562+00:00	WorkerEvent	Layer02Node05	WorkerReady; ExitCode=0; ready
2026-06-03T18:15:49.6389775+00:00	StartPipeline	Layer02Node05	Layer02Node05
2026-06-03T18:15:49.6402859+00:00	WorkerResuming	BridgeL01L02	ResumeTaskId=BridgeL01L02.bridge-l01-l02-collect; Executable=meta-pipeline
2026-06-03T18:15:49.7452881+00:00	WorkerStarted	BridgeL01L02	21264
2026-06-03T18:15:49.7460291+00:00	WorkerControlPipe	BridgeL01L02	meta-orchestration-e2d44dcf698a4ac8acabea65348cc5c3
2026-06-03T18:15:49.7467919+00:00	WorkerLog	BridgeL01L02	stdout=C:\Users\jimmy\Desktop\meta-bi\Samples\Demos\MetaOrchestrationHairballCliIntegration\Runs\hairball-seed-20260530\RunArtifacts\runs\20260603-181533_745b3556c2b24d278b4c46f22d88e321\logs\BridgeL01L02-21264.stdout.log; stderr=C:\Users\jimmy\Desktop\meta-bi\Samples\Demos\MetaOrchestrationHairballCliIntegration\Runs\hairball-seed-20260530\RunArtifacts\runs\20260603-181533_745b3556c2b24d278b4c46f22d88e321\logs\BridgeL01L02-21264.stderr.log
2026-06-03T18:15:49.7472486+00:00	WorkerEvent	AuditHairball	WorkerOnline; ExitCode=0; online
2026-06-03T18:15:49.7481121+00:00	WorkerEvent	Layer02Hub	PipelineStarted; ExitCode=0; pipeline started
2026-06-03T18:15:49.7489680+00:00	WorkerEvent	AuditHairball	WorkerReady; ExitCode=0; ready
2026-06-03T18:15:49.7534235+00:00	StartPipeline	AuditHairball	AuditHairball
2026-06-03T18:15:49.7541476+00:00	WorkerEvent	Layer02Hub.hub-l02-stage	TaskReady; ExitCode=0; 
2026-06-03T18:15:49.7560180+00:00	WorkerResuming	BridgeL03L04	ResumeTaskId=BridgeL03L04.bridge-l03-l04-collect; Executable=meta-pipeline
2026-06-03T18:15:49.8730896+00:00	WorkerStarted	BridgeL03L04	28936
2026-06-03T18:15:49.8735364+00:00	WorkerControlPipe	BridgeL03L04	meta-orchestration-337faa89828441e6a2db2efdc9ec4a10
2026-06-03T18:15:49.8739126+00:00	WorkerLog	BridgeL03L04	stdout=C:\Users\jimmy\Desktop\meta-bi\Samples\Demos\MetaOrchestrationHairballCliIntegration\Runs\hairball-seed-20260530\RunArtifacts\runs\20260603-181533_745b3556c2b24d278b4c46f22d88e321\logs\BridgeL03L04-28936.stdout.log; stderr=C:\Users\jimmy\Desktop\meta-bi\Samples\Demos\MetaOrchestrationHairballCliIntegration\Runs\hairball-seed-20260530\RunArtifacts\runs\20260603-181533_745b3556c2b24d278b4c46f22d88e321\logs\BridgeL03L04-28936.stderr.log
2026-06-03T18:15:49.8742996+00:00	WorkerEvent	BridgeL01L02	WorkerOnline; ExitCode=0; online
2026-06-03T18:15:49.8761849+00:00	WorkerResuming	BridgeL05L06	ResumeTaskId=BridgeL05L06.bridge-l05-l06-collect; Executable=meta-pipeline
2026-06-03T18:15:49.9916408+00:00	WorkerStarted	BridgeL05L06	14612
2026-06-03T18:15:49.9920502+00:00	WorkerControlPipe	BridgeL05L06	meta-orchestration-cd41b6f966c540f9ba14090320b021ed
2026-06-03T18:15:49.9923855+00:00	WorkerLog	BridgeL05L06	stdout=C:\Users\jimmy\Desktop\meta-bi\Samples\Demos\MetaOrchestrationHairballCliIntegration\Runs\hairball-seed-20260530\RunArtifacts\runs\20260603-181533_745b3556c2b24d278b4c46f22d88e321\logs\BridgeL05L06-14612.stdout.log; stderr=C:\Users\jimmy\Desktop\meta-bi\Samples\Demos\MetaOrchestrationHairballCliIntegration\Runs\hairball-seed-20260530\RunArtifacts\runs\20260603-181533_745b3556c2b24d278b4c46f22d88e321\logs\BridgeL05L06-14612.stderr.log
2026-06-03T18:15:49.9927490+00:00	WorkerEvent	BridgeL03L04	WorkerOnline; ExitCode=0; online
2026-06-03T18:15:49.9934417+00:00	WorkerEvent	BridgeL01L02	WorkerReady; ExitCode=0; ready
2026-06-03T18:15:49.9976922+00:00	StartPipeline	BridgeL01L02	BridgeL01L02
2026-06-03T18:15:49.9984423+00:00	WorkerEvent	BridgeL03L04	WorkerReady; ExitCode=0; ready
2026-06-03T18:15:50.0006885+00:00	StartPipeline	BridgeL03L04	BridgeL03L04
2026-06-03T18:15:50.0025971+00:00	WorkerResuming	BridgeL07L08	ResumeTaskId=BridgeL07L08.bridge-l07-l08-collect; Executable=meta-pipeline
2026-06-03T18:15:50.1351700+00:00	WorkerStarted	BridgeL07L08	28724
2026-06-03T18:15:50.1358814+00:00	WorkerControlPipe	BridgeL07L08	meta-orchestration-9dae98d0f5f34edb84bed5c4b5df2c87
2026-06-03T18:15:50.1362844+00:00	WorkerLog	BridgeL07L08	stdout=C:\Users\jimmy\Desktop\meta-bi\Samples\Demos\MetaOrchestrationHairballCliIntegration\Runs\hairball-seed-20260530\RunArtifacts\runs\20260603-181533_745b3556c2b24d278b4c46f22d88e321\logs\BridgeL07L08-28724.stdout.log; stderr=C:\Users\jimmy\Desktop\meta-bi\Samples\Demos\MetaOrchestrationHairballCliIntegration\Runs\hairball-seed-20260530\RunArtifacts\runs\20260603-181533_745b3556c2b24d278b4c46f22d88e321\logs\BridgeL07L08-28724.stderr.log
2026-06-03T18:15:50.1373468+00:00	WorkerEvent	BridgeL05L06	WorkerOnline; ExitCode=0; online
2026-06-03T18:15:50.1389033+00:00	WorkerEvent	Layer02Node02	PipelineStarted; ExitCode=0; pipeline started
2026-06-03T18:15:50.1427890+00:00	WorkerResuming	CompositeMart	ResumeTaskId=CompositeMart.composite-stage; Executable=meta-pipeline
2026-06-03T18:15:50.3040769+00:00	WorkerStarted	CompositeMart	28076
2026-06-03T18:15:50.3046051+00:00	WorkerControlPipe	CompositeMart	meta-orchestration-8cc20a0ea75f4f25ba1ed2a8857b8f02
2026-06-03T18:15:50.3049430+00:00	WorkerLog	CompositeMart	stdout=C:\Users\jimmy\Desktop\meta-bi\Samples\Demos\MetaOrchestrationHairballCliIntegration\Runs\hairball-seed-20260530\RunArtifacts\runs\20260603-181533_745b3556c2b24d278b4c46f22d88e321\logs\CompositeMart-28076.stdout.log; stderr=C:\Users\jimmy\Desktop\meta-bi\Samples\Demos\MetaOrchestrationHairballCliIntegration\Runs\hairball-seed-20260530\RunArtifacts\runs\20260603-181533_745b3556c2b24d278b4c46f22d88e321\logs\CompositeMart-28076.stderr.log
2026-06-03T18:15:50.3052978+00:00	WorkerEvent	BridgeL07L08	WorkerOnline; ExitCode=0; online
2026-06-03T18:15:50.3058473+00:00	WorkerEvent	BridgeL05L06	WorkerReady; ExitCode=0; ready
2026-06-03T18:15:50.3066482+00:00	StartPipeline	BridgeL05L06	BridgeL05L06
2026-06-03T18:15:50.3075425+00:00	WorkerEvent	BridgeL07L08	WorkerReady; ExitCode=0; ready
2026-06-03T18:15:50.3259899+00:00	StartPipeline	BridgeL07L08	BridgeL07L08
2026-06-03T18:15:50.3287276+00:00	WorkerEvent	Layer01Node08.select-l01-n08	TaskSucceeded; ExitCode=0; 
2026-06-03T18:15:50.3295075+00:00	TaskSucceeded	Layer01Node08.select-l01-n08	0
2026-06-03T18:15:50.3301909+00:00	PipelineCompleted	Layer01Node08	
2026-06-03T18:15:50.3372855+00:00	WorkerEvent	Layer02Node02.refresh-l02-n02	TaskReady; ExitCode=0; 
2026-06-03T18:15:50.3382740+00:00	WorkerEvent	CompositeMart	WorkerOnline; ExitCode=0; online
2026-06-03T18:15:50.3417583+00:00	GrantTask	Layer02Node02.refresh-l02-n02	Layer02Node02.refresh-l02-n02; GrantId=grant-20; Attempt=1
2026-06-03T18:15:50.3423967+00:00	WorkerStarting	Layer02Node01	meta-pipeline
2026-06-03T18:15:50.5720567+00:00	WorkerStarted	Layer02Node01	29184
2026-06-03T18:15:50.5725305+00:00	WorkerControlPipe	Layer02Node01	meta-orchestration-7ade9bd4eaf74663894c193718c8126e
2026-06-03T18:15:50.5728707+00:00	WorkerLog	Layer02Node01	stdout=C:\Users\jimmy\Desktop\meta-bi\Samples\Demos\MetaOrchestrationHairballCliIntegration\Runs\hairball-seed-20260530\RunArtifacts\runs\20260603-181533_745b3556c2b24d278b4c46f22d88e321\logs\Layer02Node01-29184.stdout.log; stderr=C:\Users\jimmy\Desktop\meta-bi\Samples\Demos\MetaOrchestrationHairballCliIntegration\Runs\hairball-seed-20260530\RunArtifacts\runs\20260603-181533_745b3556c2b24d278b4c46f22d88e321\logs\Layer02Node01-29184.stderr.log
2026-06-03T18:15:50.5732245+00:00	WorkerEvent	CompositeMart	WorkerReady; ExitCode=0; ready
2026-06-03T18:15:50.5740342+00:00	StartPipeline	CompositeMart	CompositeMart
2026-06-03T18:15:50.5748522+00:00	WorkerEvent	Layer02Node02.refresh-l02-n02	GrantAccepted; ExitCode=0; 
2026-06-03T18:15:50.5756344+00:00	WorkerEvent	Layer02Node05	PipelineStarted; ExitCode=0; pipeline started
2026-06-03T18:15:50.5784502+00:00	WorkerStarting	Layer02Node04	meta-pipeline
2026-06-03T18:15:51.2593406+00:00	WorkerStarted	Layer02Node04	25900
2026-06-03T18:15:51.2599314+00:00	WorkerControlPipe	Layer02Node04	meta-orchestration-71c060683c9a4cc3a74394a34617b413
2026-06-03T18:15:51.2605528+00:00	WorkerLog	Layer02Node04	stdout=C:\Users\jimmy\Desktop\meta-bi\Samples\Demos\MetaOrchestrationHairballCliIntegration\Runs\hairball-seed-20260530\RunArtifacts\runs\20260603-181533_745b3556c2b24d278b4c46f22d88e321\logs\Layer02Node04-25900.stdout.log; stderr=C:\Users\jimmy\Desktop\meta-bi\Samples\Demos\MetaOrchestrationHairballCliIntegration\Runs\hairball-seed-20260530\RunArtifacts\runs\20260603-181533_745b3556c2b24d278b4c46f22d88e321\logs\Layer02Node04-25900.stderr.log
2026-06-03T18:15:51.2610994+00:00	WorkerEvent	Layer02Node01	WorkerOnline; ExitCode=0; online
2026-06-03T18:15:51.2620157+00:00	WorkerEvent	AuditHairball	PipelineStarted; ExitCode=0; pipeline started
2026-06-03T18:15:51.2632123+00:00	WorkerEvent	Layer02Node02.refresh-l02-n02	TaskStarted; ExitCode=0; 
2026-06-03T18:15:51.2640228+00:00	WorkerEvent	Layer01Hub	PipelineStarted; ExitCode=0; pipeline started
2026-06-03T18:15:51.2645844+00:00	WorkerEvent	Layer02Node05.select-l02-n05	TaskReady; ExitCode=0; 
2026-06-03T18:15:51.2667704+00:00	GrantTask	Layer02Node05.select-l02-n05	Layer02Node05.select-l02-n05; GrantId=grant-21; Attempt=1
2026-06-03T18:15:51.2673402+00:00	WorkerEvent	Layer02Node04	WorkerOnline; ExitCode=0; online
2026-06-03T18:15:51.2682294+00:00	WorkerEvent	BridgeL03L04	PipelineStarted; ExitCode=0; pipeline started
2026-06-03T18:15:51.2687539+00:00	WorkerEvent	BridgeL01L02	PipelineStarted; ExitCode=0; pipeline started
2026-06-03T18:15:51.2692352+00:00	WorkerEvent	Layer02Node01	WorkerReady; ExitCode=0; ready
2026-06-03T18:15:51.2697962+00:00	StartPipeline	Layer02Node01	Layer02Node01
2026-06-03T18:15:51.2703210+00:00	WorkerEvent	Layer02Node04	WorkerReady; ExitCode=0; ready
2026-06-03T18:15:51.2718167+00:00	StartPipeline	Layer02Node04	Layer02Node04
2026-06-03T18:15:51.2724076+00:00	WorkerEvent	BridgeL03L04.bridge-l03-l04-collect	TaskReady; ExitCode=0; 
2026-06-03T18:15:51.2729387+00:00	WorkerEvent	BridgeL01L02.bridge-l01-l02-collect	TaskReady; ExitCode=0; 
2026-06-03T18:15:51.2735394+00:00	WorkerEvent	AuditHairball.audit-hairball	TaskReady; ExitCode=0; 
2026-06-03T18:15:51.2740081+00:00	WorkerEvent	Layer02Node02.refresh-l02-n02	TaskSucceeded; ExitCode=0; 
2026-06-03T18:15:51.2744463+00:00	TaskSucceeded	Layer02Node02.refresh-l02-n02	0
2026-06-03T18:15:51.2750106+00:00	PipelineCompleted	Layer02Node02	
2026-06-03T18:15:51.2753423+00:00	WorkerEvent	Layer01Hub.hub-l01-stage	TaskReady; ExitCode=0; 
2026-06-03T18:15:51.2758680+00:00	WorkerEvent	Layer02Node05.select-l02-n05	GrantAccepted; ExitCode=0; 
2026-06-03T18:15:51.2771476+00:00	GrantTask	Layer01Hub.hub-l01-stage	Layer01Hub.hub-l01-stage; GrantId=grant-22; Attempt=1
2026-06-03T18:15:51.2776120+00:00	WorkerStarting	Layer03Node10	meta-pipeline
2026-06-03T18:15:51.4031117+00:00	WorkerStarted	Layer03Node10	10856
2026-06-03T18:15:51.4035726+00:00	WorkerControlPipe	Layer03Node10	meta-orchestration-57f4d2993cd64a6c94082cfac10409c6
2026-06-03T18:15:51.4038844+00:00	WorkerLog	Layer03Node10	stdout=C:\Users\jimmy\Desktop\meta-bi\Samples\Demos\MetaOrchestrationHairballCliIntegration\Runs\hairball-seed-20260530\RunArtifacts\runs\20260603-181533_745b3556c2b24d278b4c46f22d88e321\logs\Layer03Node10-10856.stdout.log; stderr=C:\Users\jimmy\Desktop\meta-bi\Samples\Demos\MetaOrchestrationHairballCliIntegration\Runs\hairball-seed-20260530\RunArtifacts\runs\20260603-181533_745b3556c2b24d278b4c46f22d88e321\logs\Layer03Node10-10856.stderr.log
2026-06-03T18:15:51.4042507+00:00	WorkerEvent	Layer01Hub.hub-l01-stage	GrantAccepted; ExitCode=0; 
2026-06-03T18:15:51.4049022+00:00	WorkerEvent	Layer02Node05.select-l02-n05	TaskStarted; ExitCode=0; 
2026-06-03T18:15:51.4070242+00:00	WorkerEvent	Layer01Hub.hub-l01-stage	TaskStarted; ExitCode=0; 
2026-06-03T18:15:51.4509424+00:00	WorkerEvent	Layer03Node10	WorkerOnline; ExitCode=0; online
2026-06-03T18:15:51.4530813+00:00	WorkerEvent	Layer03Node10	WorkerReady; ExitCode=0; ready
2026-06-03T18:15:51.4631066+00:00	StartPipeline	Layer03Node10	Layer03Node10
2026-06-03T18:15:51.4752639+00:00	WorkerEvent	BridgeL05L06	PipelineStarted; ExitCode=0; pipeline started
2026-06-03T18:15:51.4786388+00:00	WorkerEvent	BridgeL05L06.bridge-l05-l06-collect	TaskReady; ExitCode=0; 
2026-06-03T18:15:51.4880019+00:00	WorkerEvent	BridgeL07L08	PipelineStarted; ExitCode=0; pipeline started
2026-06-03T18:15:51.4901778+00:00	WorkerEvent	BridgeL07L08.bridge-l07-l08-collect	TaskReady; ExitCode=0; 
2026-06-03T18:15:51.8512975+00:00	WorkerEvent	Layer02Node05.select-l02-n05	TaskSucceeded; ExitCode=0; 
2026-06-03T18:15:51.8520937+00:00	TaskSucceeded	Layer02Node05.select-l02-n05	0
2026-06-03T18:15:51.8527349+00:00	WorkerDeferredForCapacity	AuditHairball	Deferred by orchestration to honor max active worker process capacity.
2026-06-03T18:15:51.8530755+00:00	StopPipeline	AuditHairball	Deferred by orchestration to honor max active worker process capacity.
2026-06-03T18:15:51.8538492+00:00	WorkerDeferredForCapacity	BridgeL01L02	Deferred by orchestration to honor max active worker process capacity.
2026-06-03T18:15:51.8542563+00:00	StopPipeline	BridgeL01L02	Deferred by orchestration to honor max active worker process capacity.
2026-06-03T18:15:51.8550953+00:00	WorkerDeferredForCapacity	BridgeL03L04	Deferred by orchestration to honor max active worker process capacity.
2026-06-03T18:15:51.8554169+00:00	StopPipeline	BridgeL03L04	Deferred by orchestration to honor max active worker process capacity.
2026-06-03T18:15:51.8648628+00:00	WorkerDeferredForCapacity	BridgeL05L06	Deferred by orchestration to honor max active worker process capacity.
2026-06-03T18:15:51.8654664+00:00	StopPipeline	BridgeL05L06	Deferred by orchestration to honor max active worker process capacity.
2026-06-03T18:15:51.8664680+00:00	WorkerDeferredForCapacity	BridgeL07L08	Deferred by orchestration to honor max active worker process capacity.
2026-06-03T18:15:51.8675002+00:00	StopPipeline	BridgeL07L08	Deferred by orchestration to honor max active worker process capacity.
2026-06-03T18:15:51.8684789+00:00	WorkerDeferredForCapacity	Layer02Hub	Deferred by orchestration to honor max active worker process capacity.
2026-06-03T18:15:51.8689201+00:00	StopPipeline	Layer02Hub	Deferred by orchestration to honor max active worker process capacity.
2026-06-03T18:15:51.8792403+00:00	WorkerEvent	BridgeL01L02	Closed; ExitCode=0; 
2026-06-03T18:15:51.8801666+00:00	WorkerDeferred	BridgeL01L02	ResumeTaskId=BridgeL01L02.bridge-l01-l02-collect
2026-06-03T18:15:51.8808335+00:00	WorkerStarting	Layer03Node03	meta-pipeline
2026-06-03T18:15:52.0495560+00:00	WorkerStarted	Layer03Node03	29552
2026-06-03T18:15:52.0501549+00:00	WorkerControlPipe	Layer03Node03	meta-orchestration-d330826c9f394bc281bc3d4df22f37fe
2026-06-03T18:15:52.0506980+00:00	WorkerLog	Layer03Node03	stdout=C:\Users\jimmy\Desktop\meta-bi\Samples\Demos\MetaOrchestrationHairballCliIntegration\Runs\hairball-seed-20260530\RunArtifacts\runs\20260603-181533_745b3556c2b24d278b4c46f22d88e321\logs\Layer03Node03-29552.stdout.log; stderr=C:\Users\jimmy\Desktop\meta-bi\Samples\Demos\MetaOrchestrationHairballCliIntegration\Runs\hairball-seed-20260530\RunArtifacts\runs\20260603-181533_745b3556c2b24d278b4c46f22d88e321\logs\Layer03Node03-29552.stderr.log
2026-06-03T18:15:52.0510794+00:00	WorkerEvent	CompositeMart	PipelineStarted; ExitCode=0; pipeline started
2026-06-03T18:15:52.0527217+00:00	WorkerEvent	BridgeL07L08	Closed; ExitCode=0; 
2026-06-03T18:15:52.0533335+00:00	WorkerDeferred	BridgeL07L08	ResumeTaskId=BridgeL07L08.bridge-l07-l08-collect
2026-06-03T18:15:52.0536459+00:00	WorkerEvent	BridgeL05L06	Closed; ExitCode=0; 
2026-06-03T18:15:52.0540955+00:00	WorkerDeferred	BridgeL05L06	ResumeTaskId=BridgeL05L06.bridge-l05-l06-collect
2026-06-03T18:15:52.0544255+00:00	WorkerEvent	CompositeMart.composite-stage	TaskReady; ExitCode=0; 
2026-06-03T18:15:52.0549677+00:00	WorkerEvent	BridgeL03L04	Closed; ExitCode=0; 
2026-06-03T18:15:52.0555085+00:00	WorkerDeferred	BridgeL03L04	ResumeTaskId=BridgeL03L04.bridge-l03-l04-collect
2026-06-03T18:15:52.0560386+00:00	WorkerEvent	AuditHairball	Closed; ExitCode=0; 
2026-06-03T18:15:52.0565970+00:00	WorkerDeferred	AuditHairball	ResumeTaskId=AuditHairball.audit-hairball
2026-06-03T18:15:52.0569798+00:00	WorkerEvent	Layer02Hub	Closed; ExitCode=0; 
2026-06-03T18:15:52.0575181+00:00	WorkerDeferred	Layer02Hub	ResumeTaskId=Layer02Hub.hub-l02-stage
2026-06-03T18:15:52.0578906+00:00	WorkerEvent	Layer01Hub.hub-l01-stage	TaskSucceeded; ExitCode=0; 
2026-06-03T18:15:52.0584361+00:00	TaskSucceeded	Layer01Hub.hub-l01-stage	0
2026-06-03T18:15:52.0588482+00:00	WorkerEvent	Layer02Node05	Closed; ExitCode=0; 
2026-06-03T18:15:52.0594453+00:00	PipelineCompleted	Layer02Node05	
2026-06-03T18:15:52.0601526+00:00	WorkerStarting	Layer02Node06	meta-pipeline
2026-06-03T18:15:52.1848832+00:00	WorkerStarted	Layer02Node06	19712
2026-06-03T18:15:52.1853074+00:00	WorkerControlPipe	Layer02Node06	meta-orchestration-302a7a451479484e9af527564843565d
2026-06-03T18:15:52.1856412+00:00	WorkerLog	Layer02Node06	stdout=C:\Users\jimmy\Desktop\meta-bi\Samples\Demos\MetaOrchestrationHairballCliIntegration\Runs\hairball-seed-20260530\RunArtifacts\runs\20260603-181533_745b3556c2b24d278b4c46f22d88e321\logs\Layer02Node06-19712.stdout.log; stderr=C:\Users\jimmy\Desktop\meta-bi\Samples\Demos\MetaOrchestrationHairballCliIntegration\Runs\hairball-seed-20260530\RunArtifacts\runs\20260603-181533_745b3556c2b24d278b4c46f22d88e321\logs\Layer02Node06-19712.stderr.log
2026-06-03T18:15:52.1860050+00:00	WorkerEvent	Layer02Node04	PipelineStarted; ExitCode=0; pipeline started
2026-06-03T18:15:52.1865290+00:00	WorkerEvent	Layer03Node03	WorkerOnline; ExitCode=0; online
2026-06-03T18:15:52.1871589+00:00	WorkerEvent	Layer02Node04.export-l02-n04	TaskReady; ExitCode=0; 
2026-06-03T18:15:52.1876454+00:00	WorkerEvent	Layer03Node03	WorkerReady; ExitCode=0; ready
2026-06-03T18:15:52.1912732+00:00	StartPipeline	Layer03Node03	Layer03Node03
2026-06-03T18:15:52.1919055+00:00	WorkerEvent	Layer02Node01	PipelineStarted; ExitCode=0; pipeline started
2026-06-03T18:15:52.1926565+00:00	WorkerEvent	Layer01Hub.hub-l01-curate	TaskReady; ExitCode=0; 
2026-06-03T18:15:52.1979369+00:00	GrantTask	Layer01Hub.hub-l01-curate	Layer01Hub.hub-l01-curate; GrantId=grant-23; Attempt=1
2026-06-03T18:15:52.1988160+00:00	GrantTask	Layer02Node04.export-l02-n04	Layer02Node04.export-l02-n04; GrantId=grant-24; Attempt=1
2026-06-03T18:15:52.1997069+00:00	WorkerResuming	AuditHairball	ResumeTaskId=AuditHairball.audit-hairball; Executable=meta-pipeline
2026-06-03T18:15:52.3266745+00:00	WorkerStarted	AuditHairball	31720
2026-06-03T18:15:52.3275256+00:00	WorkerControlPipe	AuditHairball	meta-orchestration-26905e6f25f94720b2693160dd902283
2026-06-03T18:15:52.3295769+00:00	WorkerLog	AuditHairball	stdout=C:\Users\jimmy\Desktop\meta-bi\Samples\Demos\MetaOrchestrationHairballCliIntegration\Runs\hairball-seed-20260530\RunArtifacts\runs\20260603-181533_745b3556c2b24d278b4c46f22d88e321\logs\AuditHairball-31720.stdout.log; stderr=C:\Users\jimmy\Desktop\meta-bi\Samples\Demos\MetaOrchestrationHairballCliIntegration\Runs\hairball-seed-20260530\RunArtifacts\runs\20260603-181533_745b3556c2b24d278b4c46f22d88e321\logs\AuditHairball-31720.stderr.log
2026-06-03T18:15:52.3301784+00:00	WorkerEvent	Layer02Node04.export-l02-n04	GrantAccepted; ExitCode=0; 
2026-06-03T18:15:52.3314033+00:00	WorkerEvent	Layer02Node01.select-l02-n01	TaskReady; ExitCode=0; 
2026-06-03T18:15:52.3321902+00:00	WorkerEvent	Layer02Node04.export-l02-n04	TaskStarted; ExitCode=0; 
2026-06-03T18:15:52.3328070+00:00	WorkerEvent	Layer03Node10	PipelineStarted; ExitCode=0; pipeline started
2026-06-03T18:15:52.3336490+00:00	WorkerEvent	Layer01Hub.hub-l01-curate	GrantAccepted; ExitCode=0; 
2026-06-03T18:15:52.3343795+00:00	WorkerEvent	Layer02Node06	WorkerOnline; ExitCode=0; online
2026-06-03T18:15:52.3371533+00:00	WorkerResuming	BridgeL01L02	ResumeTaskId=BridgeL01L02.bridge-l01-l02-collect; Executable=meta-pipeline
2026-06-03T18:15:52.4781010+00:00	WorkerStarted	BridgeL01L02	24048
2026-06-03T18:15:52.4798896+00:00	WorkerControlPipe	BridgeL01L02	meta-orchestration-253382ea0c964b698abe7e72f73150d5
2026-06-03T18:15:52.4810167+00:00	WorkerLog	BridgeL01L02	stdout=C:\Users\jimmy\Desktop\meta-bi\Samples\Demos\MetaOrchestrationHairballCliIntegration\Runs\hairball-seed-20260530\RunArtifacts\runs\20260603-181533_745b3556c2b24d278b4c46f22d88e321\logs\BridgeL01L02-24048.stdout.log; stderr=C:\Users\jimmy\Desktop\meta-bi\Samples\Demos\MetaOrchestrationHairballCliIntegration\Runs\hairball-seed-20260530\RunArtifacts\runs\20260603-181533_745b3556c2b24d278b4c46f22d88e321\logs\BridgeL01L02-24048.stderr.log
2026-06-03T18:15:52.4818254+00:00	WorkerEvent	Layer03Node10.refresh-l03-n10	TaskReady; ExitCode=0; 
2026-06-03T18:15:52.4830246+00:00	WorkerEvent	AuditHairball	WorkerOnline; ExitCode=0; online
2026-06-03T18:15:52.4846398+00:00	WorkerEvent	Layer01Hub.hub-l01-curate	TaskStarted; ExitCode=0; 
2026-06-03T18:15:52.4853818+00:00	WorkerEvent	Layer02Node06	WorkerReady; ExitCode=0; ready
2026-06-03T18:15:52.4860940+00:00	StartPipeline	Layer02Node06	Layer02Node06
2026-06-03T18:15:52.4866201+00:00	WorkerEvent	AuditHairball	WorkerReady; ExitCode=0; ready
2026-06-03T18:15:52.4904896+00:00	StartPipeline	AuditHairball	AuditHairball
2026-06-03T18:15:52.4913092+00:00	WorkerEvent	Layer01Hub.hub-l01-curate	TaskSucceeded; ExitCode=0; 
2026-06-03T18:15:52.4918873+00:00	TaskSucceeded	Layer01Hub.hub-l01-curate	0
2026-06-03T18:15:52.4990140+00:00	GrantTask	Layer02Node01.select-l02-n01	Layer02Node01.select-l02-n01; GrantId=grant-25; Attempt=1
2026-06-03T18:15:52.5011219+00:00	GrantTask	Layer03Node10.refresh-l03-n10	Layer03Node10.refresh-l03-n10; GrantId=grant-26; Attempt=1
2026-06-03T18:15:52.5017128+00:00	WorkerResuming	BridgeL03L04	ResumeTaskId=BridgeL03L04.bridge-l03-l04-collect; Executable=meta-pipeline
2026-06-03T18:15:52.6192426+00:00	WorkerStarted	BridgeL03L04	9468
2026-06-03T18:15:52.6197144+00:00	WorkerControlPipe	BridgeL03L04	meta-orchestration-f985851b7b56452f8a2cb7dda2f78309
2026-06-03T18:15:52.6200385+00:00	WorkerLog	BridgeL03L04	stdout=C:\Users\jimmy\Desktop\meta-bi\Samples\Demos\MetaOrchestrationHairballCliIntegration\Runs\hairball-seed-20260530\RunArtifacts\runs\20260603-181533_745b3556c2b24d278b4c46f22d88e321\logs\BridgeL03L04-9468.stdout.log; stderr=C:\Users\jimmy\Desktop\meta-bi\Samples\Demos\MetaOrchestrationHairballCliIntegration\Runs\hairball-seed-20260530\RunArtifacts\runs\20260603-181533_745b3556c2b24d278b4c46f22d88e321\logs\BridgeL03L04-9468.stderr.log
2026-06-03T18:15:52.6204230+00:00	WorkerEvent	Layer02Node01.select-l02-n01	GrantAccepted; ExitCode=0; 
2026-06-03T18:15:52.6211379+00:00	WorkerEvent	BridgeL01L02	WorkerOnline; ExitCode=0; online
2026-06-03T18:15:52.6217151+00:00	WorkerEvent	Layer03Node10.refresh-l03-n10	GrantAccepted; ExitCode=0; 
2026-06-03T18:15:52.6222466+00:00	WorkerEvent	Layer01Hub.hub-l01-publish	TaskReady; ExitCode=0; 
2026-06-03T18:15:52.6248053+00:00	GrantTask	Layer01Hub.hub-l01-publish	Layer01Hub.hub-l01-publish; GrantId=grant-27; Attempt=1
2026-06-03T18:15:52.6253858+00:00	WorkerResuming	BridgeL05L06	ResumeTaskId=BridgeL05L06.bridge-l05-l06-collect; Executable=meta-pipeline
2026-06-03T18:15:52.7674819+00:00	WorkerStarted	BridgeL05L06	28524
2026-06-03T18:15:52.7679909+00:00	WorkerControlPipe	BridgeL05L06	meta-orchestration-f1fb2d68a9d84b37937b1c1716960b43
2026-06-03T18:15:52.7683601+00:00	WorkerLog	BridgeL05L06	stdout=C:\Users\jimmy\Desktop\meta-bi\Samples\Demos\MetaOrchestrationHairballCliIntegration\Runs\hairball-seed-20260530\RunArtifacts\runs\20260603-181533_745b3556c2b24d278b4c46f22d88e321\logs\BridgeL05L06-28524.stdout.log; stderr=C:\Users\jimmy\Desktop\meta-bi\Samples\Demos\MetaOrchestrationHairballCliIntegration\Runs\hairball-seed-20260530\RunArtifacts\runs\20260603-181533_745b3556c2b24d278b4c46f22d88e321\logs\BridgeL05L06-28524.stderr.log
2026-06-03T18:15:52.7687659+00:00	WorkerEvent	BridgeL03L04	WorkerOnline; ExitCode=0; online
2026-06-03T18:15:52.7703578+00:00	WorkerEvent	Layer02Node01.select-l02-n01	TaskStarted; ExitCode=0; 
2026-06-03T18:15:52.7709790+00:00	WorkerEvent	BridgeL03L04	WorkerReady; ExitCode=0; ready
2026-06-03T18:15:52.7833319+00:00	StartPipeline	BridgeL03L04	BridgeL03L04
2026-06-03T18:15:52.7843769+00:00	WorkerEvent	BridgeL01L02	WorkerReady; ExitCode=0; ready
2026-06-03T18:15:52.7852712+00:00	StartPipeline	BridgeL01L02	BridgeL01L02
2026-06-03T18:15:52.7858913+00:00	WorkerEvent	Layer03Node10.refresh-l03-n10	TaskStarted; ExitCode=0; 
2026-06-03T18:15:52.7865768+00:00	WorkerEvent	Layer01Hub.hub-l01-publish	GrantAccepted; ExitCode=0; 
2026-06-03T18:15:52.7886241+00:00	WorkerResuming	BridgeL07L08	ResumeTaskId=BridgeL07L08.bridge-l07-l08-collect; Executable=meta-pipeline
2026-06-03T18:15:52.9495229+00:00	WorkerStarted	BridgeL07L08	18348
2026-06-03T18:15:52.9500737+00:00	WorkerControlPipe	BridgeL07L08	meta-orchestration-e479dbc4c1fa42de848f6876183fdf56
2026-06-03T18:15:52.9504268+00:00	WorkerLog	BridgeL07L08	stdout=C:\Users\jimmy\Desktop\meta-bi\Samples\Demos\MetaOrchestrationHairballCliIntegration\Runs\hairball-seed-20260530\RunArtifacts\runs\20260603-181533_745b3556c2b24d278b4c46f22d88e321\logs\BridgeL07L08-18348.stdout.log; stderr=C:\Users\jimmy\Desktop\meta-bi\Samples\Demos\MetaOrchestrationHairballCliIntegration\Runs\hairball-seed-20260530\RunArtifacts\runs\20260603-181533_745b3556c2b24d278b4c46f22d88e321\logs\BridgeL07L08-18348.stderr.log
2026-06-03T18:15:52.9507958+00:00	WorkerEvent	BridgeL05L06	WorkerOnline; ExitCode=0; online
2026-06-03T18:15:52.9514272+00:00	WorkerEvent	Layer01Hub.hub-l01-publish	TaskStarted; ExitCode=0; 
2026-06-03T18:15:52.9532975+00:00	WorkerEvent	BridgeL05L06	WorkerReady; ExitCode=0; ready
2026-06-03T18:15:52.9669572+00:00	StartPipeline	BridgeL05L06	BridgeL05L06
2026-06-03T18:15:52.9854743+00:00	WorkerEvent	BridgeL07L08	WorkerOnline; ExitCode=0; online
2026-06-03T18:15:52.9876268+00:00	WorkerEvent	Layer02Node04.export-l02-n04	TaskSucceeded; ExitCode=0; 
2026-06-03T18:15:52.9883443+00:00	TaskSucceeded	Layer02Node04.export-l02-n04	0
2026-06-03T18:15:52.9890722+00:00	WorkerDeferredForCapacity	CompositeMart	Deferred by orchestration to honor max active worker process capacity.
2026-06-03T18:15:52.9894027+00:00	StopPipeline	CompositeMart	Deferred by orchestration to honor max active worker process capacity.
2026-06-03T18:15:52.9898783+00:00	WorkerEvent	Layer01Hub.hub-l01-publish	TaskSucceeded; ExitCode=0; 
2026-06-03T18:15:52.9903503+00:00	TaskSucceeded	Layer01Hub.hub-l01-publish	0
2026-06-03T18:15:53.0101602+00:00	WorkerEvent	Layer03Node03	PipelineStarted; ExitCode=0; pipeline started
2026-06-03T18:15:53.0166244+00:00	WorkerEvent	Layer03Node03.export-l03-n03	TaskReady; ExitCode=0; 
2026-06-03T18:15:53.0180001+00:00	GrantTask	Layer03Node03.export-l03-n03	Layer03Node03.export-l03-n03; GrantId=grant-28; Attempt=1
2026-06-03T18:15:53.0195015+00:00	WorkerEvent	BridgeL07L08	WorkerReady; ExitCode=0; ready
2026-06-03T18:15:53.0241955+00:00	StartPipeline	BridgeL07L08	BridgeL07L08
2026-06-03T18:15:53.0345056+00:00	WorkerEvent	CompositeMart	Closed; ExitCode=0; 
2026-06-03T18:15:53.0362810+00:00	WorkerDeferred	CompositeMart	ResumeTaskId=CompositeMart.composite-stage
2026-06-03T18:15:53.0368188+00:00	WorkerEvent	Layer03Node03.export-l03-n03	GrantAccepted; ExitCode=0; 
2026-06-03T18:15:53.0377195+00:00	WorkerStarting	Layer02Node07	meta-pipeline
2026-06-03T18:15:53.2388982+00:00	WorkerStarted	Layer02Node07	15472
2026-06-03T18:15:53.2394118+00:00	WorkerControlPipe	Layer02Node07	meta-orchestration-c07079763a304f37aa2aba0cdb213884
2026-06-03T18:15:53.2397293+00:00	WorkerLog	Layer02Node07	stdout=C:\Users\jimmy\Desktop\meta-bi\Samples\Demos\MetaOrchestrationHairballCliIntegration\Runs\hairball-seed-20260530\RunArtifacts\runs\20260603-181533_745b3556c2b24d278b4c46f22d88e321\logs\Layer02Node07-15472.stdout.log; stderr=C:\Users\jimmy\Desktop\meta-bi\Samples\Demos\MetaOrchestrationHairballCliIntegration\Runs\hairball-seed-20260530\RunArtifacts\runs\20260603-181533_745b3556c2b24d278b4c46f22d88e321\logs\Layer02Node07-15472.stderr.log
2026-06-03T18:15:53.2400846+00:00	WorkerEvent	Layer02Node04	Closed; ExitCode=0; 
2026-06-03T18:15:53.2406645+00:00	PipelineCompleted	Layer02Node04	
2026-06-03T18:15:53.2411327+00:00	WorkerEvent	Layer03Node03.export-l03-n03	TaskStarted; ExitCode=0; 
2026-06-03T18:15:53.2417619+00:00	WorkerEvent	Layer01Hub	Closed; ExitCode=0; 
2026-06-03T18:15:53.2423936+00:00	PipelineCompleted	Layer01Hub	
2026-06-03T18:15:53.2445419+00:00	WorkerStarting	Layer02Node08	meta-pipeline
2026-06-03T18:15:53.4698330+00:00	WorkerStarted	Layer02Node08	5164
2026-06-03T18:15:53.4703714+00:00	WorkerControlPipe	Layer02Node08	meta-orchestration-3f6598553cd14ed5a66e153aea19f15d
2026-06-03T18:15:53.4707406+00:00	WorkerLog	Layer02Node08	stdout=C:\Users\jimmy\Desktop\meta-bi\Samples\Demos\MetaOrchestrationHairballCliIntegration\Runs\hairball-seed-20260530\RunArtifacts\runs\20260603-181533_745b3556c2b24d278b4c46f22d88e321\logs\Layer02Node08-5164.stdout.log; stderr=C:\Users\jimmy\Desktop\meta-bi\Samples\Demos\MetaOrchestrationHairballCliIntegration\Runs\hairball-seed-20260530\RunArtifacts\runs\20260603-181533_745b3556c2b24d278b4c46f22d88e321\logs\Layer02Node08-5164.stderr.log
2026-06-03T18:15:53.4746459+00:00	WorkerEvent	Layer02Node07	WorkerOnline; ExitCode=0; online
2026-06-03T18:15:53.4755662+00:00	WorkerEvent	Layer02Node01.select-l02-n01	TaskSucceeded; ExitCode=0; 
2026-06-03T18:15:53.4762841+00:00	TaskSucceeded	Layer02Node01.select-l02-n01	0
2026-06-03T18:15:53.4777751+00:00	PipelineCompleted	Layer02Node01	
2026-06-03T18:15:53.4781947+00:00	WorkerEvent	Layer03Node10.refresh-l03-n10	TaskSucceeded; ExitCode=0; 
2026-06-03T18:15:53.4790611+00:00	TaskSucceeded	Layer03Node10.refresh-l03-n10	0
2026-06-03T18:15:53.4796667+00:00	PipelineCompleted	Layer03Node10	
2026-06-03T18:15:53.4800948+00:00	WorkerEvent	AuditHairball	PipelineStarted; ExitCode=0; pipeline started
2026-06-03T18:15:53.4812959+00:00	WorkerStarting	Layer03Node02	meta-pipeline
2026-06-03T18:15:53.6716508+00:00	WorkerStarted	Layer03Node02	10272
2026-06-03T18:15:53.6725488+00:00	WorkerControlPipe	Layer03Node02	meta-orchestration-1c89857625f746ffa683cf768aa5c469
2026-06-03T18:15:53.6732853+00:00	WorkerLog	Layer03Node02	stdout=C:\Users\jimmy\Desktop\meta-bi\Samples\Demos\MetaOrchestrationHairballCliIntegration\Runs\hairball-seed-20260530\RunArtifacts\runs\20260603-181533_745b3556c2b24d278b4c46f22d88e321\logs\Layer03Node02-10272.stdout.log; stderr=C:\Users\jimmy\Desktop\meta-bi\Samples\Demos\MetaOrchestrationHairballCliIntegration\Runs\hairball-seed-20260530\RunArtifacts\runs\20260603-181533_745b3556c2b24d278b4c46f22d88e321\logs\Layer03Node02-10272.stderr.log
2026-06-03T18:15:53.6797722+00:00	WorkerEvent	Layer02Node07	WorkerReady; ExitCode=0; ready
2026-06-03T18:15:53.6811799+00:00	StartPipeline	Layer02Node07	Layer02Node07
2026-06-03T18:15:53.6845985+00:00	WorkerEvent	AuditHairball.audit-hairball	TaskReady; ExitCode=0; 
2026-06-03T18:15:53.6855824+00:00	WorkerEvent	Layer02Node08	WorkerOnline; ExitCode=0; online
2026-06-03T18:15:53.6863462+00:00	WorkerEvent	Layer02Node06	PipelineStarted; ExitCode=0; pipeline started
2026-06-03T18:15:53.6882165+00:00	WorkerStarting	Layer06Node02	meta-pipeline
2026-06-03T18:15:53.8770353+00:00	WorkerStarted	Layer06Node02	27544
2026-06-03T18:15:53.8776488+00:00	WorkerControlPipe	Layer06Node02	meta-orchestration-53544510834f47a79e2c4a1d0000130b
2026-06-03T18:15:53.8782116+00:00	WorkerLog	Layer06Node02	stdout=C:\Users\jimmy\Desktop\meta-bi\Samples\Demos\MetaOrchestrationHairballCliIntegration\Runs\hairball-seed-20260530\RunArtifacts\runs\20260603-181533_745b3556c2b24d278b4c46f22d88e321\logs\Layer06Node02-27544.stdout.log; stderr=C:\Users\jimmy\Desktop\meta-bi\Samples\Demos\MetaOrchestrationHairballCliIntegration\Runs\hairball-seed-20260530\RunArtifacts\runs\20260603-181533_745b3556c2b24d278b4c46f22d88e321\logs\Layer06Node02-27544.stderr.log
2026-06-03T18:15:53.8789286+00:00	WorkerEvent	Layer03Node02	WorkerOnline; ExitCode=0; online
2026-06-03T18:15:53.8810467+00:00	WorkerEvent	Layer02Node08	WorkerReady; ExitCode=0; ready
2026-06-03T18:15:53.8820179+00:00	StartPipeline	Layer02Node08	Layer02Node08
2026-06-03T18:15:53.8827861+00:00	WorkerEvent	Layer03Node02	WorkerReady; ExitCode=0; ready
2026-06-03T18:15:53.8869449+00:00	StartPipeline	Layer03Node02	Layer03Node02
2026-06-03T18:15:53.8876587+00:00	WorkerEvent	Layer02Node06.refresh-l02-n06	TaskReady; ExitCode=0; 
2026-06-03T18:15:53.8897670+00:00	GrantTask	Layer02Node06.refresh-l02-n06	Layer02Node06.refresh-l02-n06; GrantId=grant-29; Attempt=1
2026-06-03T18:15:53.8902245+00:00	WorkerResuming	CompositeMart	ResumeTaskId=CompositeMart.composite-stage; Executable=meta-pipeline
2026-06-03T18:15:54.0456738+00:00	WorkerStarted	CompositeMart	28624
2026-06-03T18:15:54.0462483+00:00	WorkerControlPipe	CompositeMart	meta-orchestration-09274e470316471386ece62c85221d45
2026-06-03T18:15:54.0466668+00:00	WorkerLog	CompositeMart	stdout=C:\Users\jimmy\Desktop\meta-bi\Samples\Demos\MetaOrchestrationHairballCliIntegration\Runs\hairball-seed-20260530\RunArtifacts\runs\20260603-181533_745b3556c2b24d278b4c46f22d88e321\logs\CompositeMart-28624.stdout.log; stderr=C:\Users\jimmy\Desktop\meta-bi\Samples\Demos\MetaOrchestrationHairballCliIntegration\Runs\hairball-seed-20260530\RunArtifacts\runs\20260603-181533_745b3556c2b24d278b4c46f22d88e321\logs\CompositeMart-28624.stderr.log
2026-06-03T18:15:54.0470497+00:00	WorkerEvent	Layer03Node03.export-l03-n03	TaskSucceeded; ExitCode=0; 
2026-06-03T18:15:54.0478184+00:00	TaskSucceeded	Layer03Node03.export-l03-n03	0
2026-06-03T18:15:54.0485003+00:00	PipelineCompleted	Layer03Node03	
2026-06-03T18:15:54.0488541+00:00	WorkerEvent	Layer06Node02	WorkerOnline; ExitCode=0; online
2026-06-03T18:15:54.0494664+00:00	WorkerEvent	Layer02Node06.refresh-l02-n06	GrantAccepted; ExitCode=0; 
2026-06-03T18:15:54.0660548+00:00	WorkerEvent	Layer06Node02	WorkerReady; ExitCode=0; ready
2026-06-03T18:15:54.0669120+00:00	StartPipeline	Layer06Node02	Layer06Node02
2026-06-03T18:15:54.0675010+00:00	WorkerEvent	Layer02Node06.refresh-l02-n06	TaskStarted; ExitCode=0; 
2026-06-03T18:15:54.0693986+00:00	WorkerResuming	Layer02Hub	ResumeTaskId=Layer02Hub.hub-l02-stage; Executable=meta-pipeline
2026-06-03T18:15:54.2295499+00:00	WorkerStarted	Layer02Hub	28384
2026-06-03T18:15:54.2301475+00:00	WorkerControlPipe	Layer02Hub	meta-orchestration-4e72aa7e5a1247ff81850039bb74f1e4
2026-06-03T18:15:54.2305438+00:00	WorkerLog	Layer02Hub	stdout=C:\Users\jimmy\Desktop\meta-bi\Samples\Demos\MetaOrchestrationHairballCliIntegration\Runs\hairball-seed-20260530\RunArtifacts\runs\20260603-181533_745b3556c2b24d278b4c46f22d88e321\logs\Layer02Hub-28384.stdout.log; stderr=C:\Users\jimmy\Desktop\meta-bi\Samples\Demos\MetaOrchestrationHairballCliIntegration\Runs\hairball-seed-20260530\RunArtifacts\runs\20260603-181533_745b3556c2b24d278b4c46f22d88e321\logs\Layer02Hub-28384.stderr.log
2026-06-03T18:15:54.2310725+00:00	WorkerEvent	CompositeMart	WorkerOnline; ExitCode=0; online
2026-06-03T18:15:54.2319140+00:00	WorkerEvent	BridgeL03L04	PipelineStarted; ExitCode=0; pipeline started
2026-06-03T18:15:54.2407577+00:00	WorkerEvent	CompositeMart	WorkerReady; ExitCode=0; ready
2026-06-03T18:15:54.2464247+00:00	StartPipeline	CompositeMart	CompositeMart
2026-06-03T18:15:54.2476965+00:00	WorkerEvent	BridgeL03L04.bridge-l03-l04-collect	TaskReady; ExitCode=0; 
2026-06-03T18:15:54.2487759+00:00	WorkerEvent	BridgeL01L02	PipelineStarted; ExitCode=0; pipeline started
2026-06-03T18:15:54.2509217+00:00	WorkerEvent	BridgeL01L02.bridge-l01-l02-collect	TaskReady; ExitCode=0; 
2026-06-03T18:15:54.2607216+00:00	WorkerEvent	Layer02Hub	WorkerOnline; ExitCode=0; online
2026-06-03T18:15:54.2637636+00:00	WorkerEvent	Layer02Hub	WorkerReady; ExitCode=0; ready
2026-06-03T18:15:54.2710613+00:00	StartPipeline	Layer02Hub	Layer02Hub
2026-06-03T18:15:54.3322115+00:00	WorkerEvent	BridgeL07L08	PipelineStarted; ExitCode=0; pipeline started
2026-06-03T18:15:54.3351602+00:00	WorkerEvent	BridgeL07L08.bridge-l07-l08-collect	TaskReady; ExitCode=0; 
2026-06-03T18:15:54.3905778+00:00	WorkerEvent	BridgeL05L06	PipelineStarted; ExitCode=0; pipeline started
2026-06-03T18:15:54.3962126+00:00	WorkerEvent	BridgeL05L06.bridge-l05-l06-collect	TaskReady; ExitCode=0; 
2026-06-03T18:15:54.5374337+00:00	WorkerEvent	Layer02Node07	PipelineStarted; ExitCode=0; pipeline started
2026-06-03T18:15:54.5403138+00:00	WorkerEvent	Layer02Node07.refresh-l02-n07	TaskReady; ExitCode=0; 
2026-06-03T18:15:54.5466381+00:00	GrantTask	Layer02Node07.refresh-l02-n07	Layer02Node07.refresh-l02-n07; GrantId=grant-30; Attempt=1
2026-06-03T18:15:54.5496411+00:00	WorkerEvent	Layer02Node07.refresh-l02-n07	GrantAccepted; ExitCode=0; 
2026-06-03T18:15:54.5520225+00:00	WorkerEvent	Layer02Node07.refresh-l02-n07	TaskStarted; ExitCode=0; 
2026-06-03T18:15:54.7343240+00:00	WorkerEvent	Layer02Node06.refresh-l02-n06	TaskSucceeded; ExitCode=0; 
2026-06-03T18:15:54.7350459+00:00	TaskSucceeded	Layer02Node06.refresh-l02-n06	0
2026-06-03T18:15:54.7361601+00:00	WorkerDeferredForCapacity	AuditHairball	Deferred by orchestration to honor max active worker process capacity.
2026-06-03T18:15:54.7365185+00:00	StopPipeline	AuditHairball	Deferred by orchestration to honor max active worker process capacity.
2026-06-03T18:15:54.7376373+00:00	WorkerDeferredForCapacity	BridgeL01L02	Deferred by orchestration to honor max active worker process capacity.
2026-06-03T18:15:54.7380289+00:00	StopPipeline	BridgeL01L02	Deferred by orchestration to honor max active worker process capacity.
2026-06-03T18:15:54.7539620+00:00	WorkerDeferredForCapacity	BridgeL03L04	Deferred by orchestration to honor max active worker process capacity.
2026-06-03T18:15:54.7546404+00:00	StopPipeline	BridgeL03L04	Deferred by orchestration to honor max active worker process capacity.
2026-06-03T18:15:54.7696517+00:00	WorkerDeferredForCapacity	BridgeL05L06	Deferred by orchestration to honor max active worker process capacity.
2026-06-03T18:15:54.7704539+00:00	StopPipeline	BridgeL05L06	Deferred by orchestration to honor max active worker process capacity.
2026-06-03T18:15:54.7978255+00:00	WorkerEvent	AuditHairball	Closed; ExitCode=0; 
2026-06-03T18:15:54.7996454+00:00	WorkerDeferred	AuditHairball	ResumeTaskId=AuditHairball.audit-hairball
2026-06-03T18:15:54.8002216+00:00	WorkerEvent	Layer02Node06	Closed; ExitCode=0; 
2026-06-03T18:15:54.8009701+00:00	PipelineCompleted	Layer02Node06	
2026-06-03T18:15:54.8022426+00:00	WorkerStarting	Layer06Node06	meta-pipeline
2026-06-03T18:15:54.9701138+00:00	WorkerStarted	Layer06Node06	31456
2026-06-03T18:15:54.9705925+00:00	WorkerControlPipe	Layer06Node06	meta-orchestration-f2dda10129d14e6c9d49b753f33050e0
2026-06-03T18:15:54.9710669+00:00	WorkerLog	Layer06Node06	stdout=C:\Users\jimmy\Desktop\meta-bi\Samples\Demos\MetaOrchestrationHairballCliIntegration\Runs\hairball-seed-20260530\RunArtifacts\runs\20260603-181533_745b3556c2b24d278b4c46f22d88e321\logs\Layer06Node06-31456.stdout.log; stderr=C:\Users\jimmy\Desktop\meta-bi\Samples\Demos\MetaOrchestrationHairballCliIntegration\Runs\hairball-seed-20260530\RunArtifacts\runs\20260603-181533_745b3556c2b24d278b4c46f22d88e321\logs\Layer06Node06-31456.stderr.log
2026-06-03T18:15:54.9714974+00:00	WorkerEvent	BridgeL05L06	Closed; ExitCode=0; 
2026-06-03T18:15:54.9722020+00:00	WorkerDeferred	BridgeL05L06	ResumeTaskId=BridgeL05L06.bridge-l05-l06-collect
2026-06-03T18:15:54.9726531+00:00	WorkerEvent	BridgeL03L04	Closed; ExitCode=0; 
2026-06-03T18:15:54.9732975+00:00	WorkerDeferred	BridgeL03L04	ResumeTaskId=BridgeL03L04.bridge-l03-l04-collect
2026-06-03T18:15:54.9739249+00:00	WorkerEvent	BridgeL01L02	Closed; ExitCode=0; 
2026-06-03T18:15:54.9765443+00:00	WorkerDeferred	BridgeL01L02	ResumeTaskId=BridgeL01L02.bridge-l01-l02-collect
2026-06-03T18:15:54.9783550+00:00	WorkerEvent	Layer03Node02	PipelineStarted; ExitCode=0; pipeline started
2026-06-03T18:15:54.9804121+00:00	WorkerEvent	Layer02Node08	PipelineStarted; ExitCode=0; pipeline started
2026-06-03T18:15:54.9816236+00:00	WorkerEvent	Layer03Node02.export-l03-n02	TaskReady; ExitCode=0; 
2026-06-03T18:15:54.9825278+00:00	WorkerEvent	Layer02Node08.refresh-l02-n08	TaskReady; ExitCode=0; 
2026-06-03T18:15:54.9868907+00:00	GrantTask	Layer02Node08.refresh-l02-n08	Layer02Node08.refresh-l02-n08; GrantId=grant-31; Attempt=1
2026-06-03T18:15:54.9892072+00:00	GrantTask	Layer03Node02.export-l03-n02	Layer03Node02.export-l03-n02; GrantId=grant-32; Attempt=1
2026-06-03T18:15:54.9896613+00:00	WorkerResuming	AuditHairball	ResumeTaskId=AuditHairball.audit-hairball; Executable=meta-pipeline
2026-06-03T18:15:55.1319197+00:00	WorkerStarted	AuditHairball	27552
2026-06-03T18:15:55.1323556+00:00	WorkerControlPipe	AuditHairball	meta-orchestration-414b484ec80b4b469b72db07f0213157
2026-06-03T18:15:55.1327210+00:00	WorkerLog	AuditHairball	stdout=C:\Users\jimmy\Desktop\meta-bi\Samples\Demos\MetaOrchestrationHairballCliIntegration\Runs\hairball-seed-20260530\RunArtifacts\runs\20260603-181533_745b3556c2b24d278b4c46f22d88e321\logs\AuditHairball-27552.stdout.log; stderr=C:\Users\jimmy\Desktop\meta-bi\Samples\Demos\MetaOrchestrationHairballCliIntegration\Runs\hairball-seed-20260530\RunArtifacts\runs\20260603-181533_745b3556c2b24d278b4c46f22d88e321\logs\AuditHairball-27552.stderr.log
2026-06-03T18:15:55.1332052+00:00	WorkerEvent	Layer02Node07.refresh-l02-n07	TaskSucceeded; ExitCode=0; 
2026-06-03T18:15:55.1338513+00:00	TaskSucceeded	Layer02Node07.refresh-l02-n07	0
2026-06-03T18:15:55.1344144+00:00	PipelineCompleted	Layer02Node07	
2026-06-03T18:15:55.1347618+00:00	WorkerEvent	Layer06Node02	PipelineStarted; ExitCode=0; pipeline started
2026-06-03T18:15:55.1353578+00:00	WorkerEvent	Layer03Node02.export-l03-n02	GrantAccepted; ExitCode=0; 
2026-06-03T18:15:55.1359761+00:00	WorkerEvent	Layer06Node02.export-l06-n02	TaskReady; ExitCode=0; 
2026-06-03T18:15:55.1365652+00:00	WorkerEvent	Layer03Node02.export-l03-n02	TaskStarted; ExitCode=0; 
2026-06-03T18:15:55.1371521+00:00	WorkerEvent	Layer02Node08.refresh-l02-n08	GrantAccepted; ExitCode=0; 
2026-06-03T18:15:55.1377251+00:00	WorkerEvent	Layer06Node06	WorkerOnline; ExitCode=0; online
2026-06-03T18:15:55.1399942+00:00	GrantTask	Layer06Node02.export-l06-n02	Layer06Node02.export-l06-n02; GrantId=grant-33; Attempt=1
2026-06-03T18:15:55.1404655+00:00	WorkerResuming	BridgeL01L02	ResumeTaskId=BridgeL01L02.bridge-l01-l02-collect; Executable=meta-pipeline
2026-06-03T18:15:55.2893651+00:00	WorkerStarted	BridgeL01L02	548
2026-06-03T18:15:55.2899009+00:00	WorkerControlPipe	BridgeL01L02	meta-orchestration-c6740eed622945edbabdc7fb5d7158bd
2026-06-03T18:15:55.2903251+00:00	WorkerLog	BridgeL01L02	stdout=C:\Users\jimmy\Desktop\meta-bi\Samples\Demos\MetaOrchestrationHairballCliIntegration\Runs\hairball-seed-20260530\RunArtifacts\runs\20260603-181533_745b3556c2b24d278b4c46f22d88e321\logs\BridgeL01L02-548.stdout.log; stderr=C:\Users\jimmy\Desktop\meta-bi\Samples\Demos\MetaOrchestrationHairballCliIntegration\Runs\hairball-seed-20260530\RunArtifacts\runs\20260603-181533_745b3556c2b24d278b4c46f22d88e321\logs\BridgeL01L02-548.stderr.log
2026-06-03T18:15:55.2907960+00:00	WorkerEvent	Layer06Node02.export-l06-n02	GrantAccepted; ExitCode=0; 
2026-06-03T18:15:55.2916480+00:00	WorkerEvent	AuditHairball	WorkerOnline; ExitCode=0; online
2026-06-03T18:15:55.2924993+00:00	WorkerEvent	Layer02Node08.refresh-l02-n08	TaskStarted; ExitCode=0; 
2026-06-03T18:15:55.2933156+00:00	WorkerEvent	Layer06Node02.export-l06-n02	TaskStarted; ExitCode=0; 
2026-06-03T18:15:55.2940599+00:00	WorkerEvent	AuditHairball	WorkerReady; ExitCode=0; ready
2026-06-03T18:15:55.3009742+00:00	StartPipeline	AuditHairball	AuditHairball
2026-06-03T18:15:55.3020892+00:00	WorkerEvent	Layer06Node06	WorkerReady; ExitCode=0; ready
2026-06-03T18:15:55.3031188+00:00	StartPipeline	Layer06Node06	Layer06Node06
2026-06-03T18:15:55.3050995+00:00	WorkerResuming	BridgeL03L04	ResumeTaskId=BridgeL03L04.bridge-l03-l04-collect; Executable=meta-pipeline
2026-06-03T18:15:55.4516687+00:00	WorkerStarted	BridgeL03L04	25308
2026-06-03T18:15:55.4520865+00:00	WorkerControlPipe	BridgeL03L04	meta-orchestration-168e3dfabb384184a2ea7b63ebfd7494
2026-06-03T18:15:55.4524083+00:00	WorkerLog	BridgeL03L04	stdout=C:\Users\jimmy\Desktop\meta-bi\Samples\Demos\MetaOrchestrationHairballCliIntegration\Runs\hairball-seed-20260530\RunArtifacts\runs\20260603-181533_745b3556c2b24d278b4c46f22d88e321\logs\BridgeL03L04-25308.stdout.log; stderr=C:\Users\jimmy\Desktop\meta-bi\Samples\Demos\MetaOrchestrationHairballCliIntegration\Runs\hairball-seed-20260530\RunArtifacts\runs\20260603-181533_745b3556c2b24d278b4c46f22d88e321\logs\BridgeL03L04-25308.stderr.log
2026-06-03T18:15:55.4528817+00:00	WorkerEvent	BridgeL01L02	WorkerOnline; ExitCode=0; online
2026-06-03T18:15:55.4548932+00:00	WorkerResuming	BridgeL05L06	ResumeTaskId=BridgeL05L06.bridge-l05-l06-collect; Executable=meta-pipeline
2026-06-03T18:15:55.6151039+00:00	WorkerStarted	BridgeL05L06	23576
2026-06-03T18:15:55.6156209+00:00	WorkerControlPipe	BridgeL05L06	meta-orchestration-9fe7223750a941c893c039b2e3755f3f
2026-06-03T18:15:55.6159609+00:00	WorkerLog	BridgeL05L06	stdout=C:\Users\jimmy\Desktop\meta-bi\Samples\Demos\MetaOrchestrationHairballCliIntegration\Runs\hairball-seed-20260530\RunArtifacts\runs\20260603-181533_745b3556c2b24d278b4c46f22d88e321\logs\BridgeL05L06-23576.stdout.log; stderr=C:\Users\jimmy\Desktop\meta-bi\Samples\Demos\MetaOrchestrationHairballCliIntegration\Runs\hairball-seed-20260530\RunArtifacts\runs\20260603-181533_745b3556c2b24d278b4c46f22d88e321\logs\BridgeL05L06-23576.stderr.log
2026-06-03T18:15:55.6163512+00:00	WorkerEvent	BridgeL01L02	WorkerReady; ExitCode=0; ready
2026-06-03T18:15:55.6170093+00:00	StartPipeline	BridgeL01L02	BridgeL01L02
2026-06-03T18:15:55.6176376+00:00	WorkerEvent	BridgeL03L04	WorkerOnline; ExitCode=0; online
2026-06-03T18:15:55.6182101+00:00	WorkerEvent	Layer02Hub	PipelineStarted; ExitCode=0; pipeline started
2026-06-03T18:15:55.6188717+00:00	WorkerEvent	BridgeL03L04	WorkerReady; ExitCode=0; ready
2026-06-03T18:15:55.6375117+00:00	StartPipeline	BridgeL03L04	BridgeL03L04
2026-06-03T18:15:55.6438497+00:00	WorkerEvent	Layer02Hub.hub-l02-stage	TaskReady; ExitCode=0; 
2026-06-03T18:15:55.6482631+00:00	WorkerEvent	BridgeL05L06	WorkerOnline; ExitCode=0; online
2026-06-03T18:15:55.6508979+00:00	WorkerStarting	Layer03Hub	meta-pipeline
2026-06-03T18:15:55.7994020+00:00	WorkerStarted	Layer03Hub	19944
2026-06-03T18:15:55.7999212+00:00	WorkerControlPipe	Layer03Hub	meta-orchestration-c3fda24e7fed4384a3ebf7dee67872b7
2026-06-03T18:15:55.8002688+00:00	WorkerLog	Layer03Hub	stdout=C:\Users\jimmy\Desktop\meta-bi\Samples\Demos\MetaOrchestrationHairballCliIntegration\Runs\hairball-seed-20260530\RunArtifacts\runs\20260603-181533_745b3556c2b24d278b4c46f22d88e321\logs\Layer03Hub-19944.stdout.log; stderr=C:\Users\jimmy\Desktop\meta-bi\Samples\Demos\MetaOrchestrationHairballCliIntegration\Runs\hairball-seed-20260530\RunArtifacts\runs\20260603-181533_745b3556c2b24d278b4c46f22d88e321\logs\Layer03Hub-19944.stderr.log
2026-06-03T18:15:55.8006435+00:00	WorkerEvent	BridgeL05L06	WorkerReady; ExitCode=0; ready
2026-06-03T18:15:55.8012437+00:00	StartPipeline	BridgeL05L06	BridgeL05L06
2026-06-03T18:15:55.8017670+00:00	WorkerEvent	Layer02Node08.refresh-l02-n08	TaskSucceeded; ExitCode=0; 
2026-06-03T18:15:55.8022340+00:00	TaskSucceeded	Layer02Node08.refresh-l02-n08	0
2026-06-03T18:15:55.8027098+00:00	PipelineCompleted	Layer02Node08	
2026-06-03T18:15:55.8034810+00:00	GrantTask	Layer02Hub.hub-l02-stage	Layer02Hub.hub-l02-stage; GrantId=grant-34; Attempt=1
2026-06-03T18:15:55.8038294+00:00	WorkerStarting	Layer03Node06	meta-pipeline
2026-06-03T18:15:55.9708866+00:00	WorkerStarted	Layer03Node06	3932
2026-06-03T18:15:55.9713703+00:00	WorkerControlPipe	Layer03Node06	meta-orchestration-82822a3fb5dc46b2aba4c0045a95d779
2026-06-03T18:15:55.9717340+00:00	WorkerLog	Layer03Node06	stdout=C:\Users\jimmy\Desktop\meta-bi\Samples\Demos\MetaOrchestrationHairballCliIntegration\Runs\hairball-seed-20260530\RunArtifacts\runs\20260603-181533_745b3556c2b24d278b4c46f22d88e321\logs\Layer03Node06-3932.stdout.log; stderr=C:\Users\jimmy\Desktop\meta-bi\Samples\Demos\MetaOrchestrationHairballCliIntegration\Runs\hairball-seed-20260530\RunArtifacts\runs\20260603-181533_745b3556c2b24d278b4c46f22d88e321\logs\Layer03Node06-3932.stderr.log
2026-06-03T18:15:55.9721131+00:00	WorkerEvent	CompositeMart	PipelineStarted; ExitCode=0; pipeline started
2026-06-03T18:15:55.9727037+00:00	WorkerEvent	Layer02Hub.hub-l02-stage	GrantAccepted; ExitCode=0; 
2026-06-03T18:15:55.9735287+00:00	WorkerEvent	Layer06Node02.export-l06-n02	TaskSucceeded; ExitCode=0; 
2026-06-03T18:15:55.9767885+00:00	TaskSucceeded	Layer06Node02.export-l06-n02	0
2026-06-03T18:15:55.9774841+00:00	PipelineCompleted	Layer06Node02	
2026-06-03T18:15:55.9779321+00:00	WorkerEvent	Layer03Node02.export-l03-n02	TaskSucceeded; ExitCode=0; 
2026-06-03T18:15:55.9785329+00:00	TaskSucceeded	Layer03Node02.export-l03-n02	0
2026-06-03T18:15:55.9794711+00:00	PipelineCompleted	Layer03Node02	
2026-06-03T18:15:55.9800059+00:00	WorkerEvent	Layer03Hub	WorkerOnline; ExitCode=0; online
2026-06-03T18:15:55.9811391+00:00	WorkerStarting	Layer04Node03	meta-pipeline
2026-06-03T18:15:56.1408823+00:00	WorkerStarted	Layer04Node03	26548
2026-06-03T18:15:56.1416130+00:00	WorkerControlPipe	Layer04Node03	meta-orchestration-d5c9d9a3c348410dad608c77e24b742b
2026-06-03T18:15:56.1422779+00:00	WorkerLog	Layer04Node03	stdout=C:\Users\jimmy\Desktop\meta-bi\Samples\Demos\MetaOrchestrationHairballCliIntegration\Runs\hairball-seed-20260530\RunArtifacts\runs\20260603-181533_745b3556c2b24d278b4c46f22d88e321\logs\Layer04Node03-26548.stdout.log; stderr=C:\Users\jimmy\Desktop\meta-bi\Samples\Demos\MetaOrchestrationHairballCliIntegration\Runs\hairball-seed-20260530\RunArtifacts\runs\20260603-181533_745b3556c2b24d278b4c46f22d88e321\logs\Layer04Node03-26548.stderr.log
2026-06-03T18:15:56.1428145+00:00	WorkerEvent	CompositeMart.composite-stage	TaskReady; ExitCode=0; 
2026-06-03T18:15:56.1436834+00:00	WorkerEvent	Layer02Hub.hub-l02-stage	TaskStarted; ExitCode=0; 
2026-06-03T18:15:56.1445058+00:00	WorkerEvent	AuditHairball	PipelineStarted; ExitCode=0; pipeline started
2026-06-03T18:15:56.1451921+00:00	WorkerEvent	Layer03Hub	WorkerReady; ExitCode=0; ready
2026-06-03T18:15:56.1460581+00:00	StartPipeline	Layer03Hub	Layer03Hub
2026-06-03T18:15:56.1468994+00:00	WorkerEvent	AuditHairball.audit-hairball	TaskReady; ExitCode=0; 
2026-06-03T18:15:56.1476088+00:00	WorkerEvent	Layer03Node06	WorkerOnline; ExitCode=0; online
2026-06-03T18:15:56.1489610+00:00	WorkerStarting	Layer06Node09	meta-pipeline
2026-06-03T18:15:56.2837646+00:00	WorkerStarted	Layer06Node09	27884
2026-06-03T18:15:56.2842055+00:00	WorkerControlPipe	Layer06Node09	meta-orchestration-e300360974f049efb308b12611c33d99
2026-06-03T18:15:56.2847104+00:00	WorkerLog	Layer06Node09	stdout=C:\Users\jimmy\Desktop\meta-bi\Samples\Demos\MetaOrchestrationHairballCliIntegration\Runs\hairball-seed-20260530\RunArtifacts\runs\20260603-181533_745b3556c2b24d278b4c46f22d88e321\logs\Layer06Node09-27884.stdout.log; stderr=C:\Users\jimmy\Desktop\meta-bi\Samples\Demos\MetaOrchestrationHairballCliIntegration\Runs\hairball-seed-20260530\RunArtifacts\runs\20260603-181533_745b3556c2b24d278b4c46f22d88e321\logs\Layer06Node09-27884.stderr.log
2026-06-03T18:15:56.2851765+00:00	WorkerEvent	Layer04Node03	WorkerOnline; ExitCode=0; online
2026-06-03T18:15:56.2860806+00:00	WorkerEvent	Layer03Node06	WorkerReady; ExitCode=0; ready
2026-06-03T18:15:56.2870050+00:00	StartPipeline	Layer03Node06	Layer03Node06
2026-06-03T18:15:56.2878863+00:00	WorkerEvent	Layer04Node03	WorkerReady; ExitCode=0; ready
2026-06-03T18:15:56.2965660+00:00	StartPipeline	Layer04Node03	Layer04Node03
2026-06-03T18:15:56.2976154+00:00	WorkerEvent	Layer06Node06	PipelineStarted; ExitCode=0; pipeline started
2026-06-03T18:15:56.3005328+00:00	WorkerEvent	Layer06Node06.select-l06-n06	TaskReady; ExitCode=0; 
2026-06-03T18:15:56.3144090+00:00	GrantTask	Layer06Node06.select-l06-n06	Layer06Node06.select-l06-n06; GrantId=grant-35; Attempt=1
2026-06-03T18:15:56.3167706+00:00	WorkerEvent	Layer06Node06.select-l06-n06	GrantAccepted; ExitCode=0; 
2026-06-03T18:15:56.3188131+00:00	WorkerEvent	Layer06Node09	WorkerOnline; ExitCode=0; online
2026-06-03T18:15:56.3261285+00:00	WorkerEvent	Layer06Node06.select-l06-n06	TaskStarted; ExitCode=0; 
2026-06-03T18:15:56.3285265+00:00	WorkerEvent	Layer06Node09	WorkerReady; ExitCode=0; ready
2026-06-03T18:15:56.3296733+00:00	StartPipeline	Layer06Node09	Layer06Node09
2026-06-03T18:15:56.6369387+00:00	WorkerEvent	Layer02Hub.hub-l02-stage	TaskSucceeded; ExitCode=0; 
2026-06-03T18:15:56.6377576+00:00	TaskSucceeded	Layer02Hub.hub-l02-stage	0
2026-06-03T18:15:56.6397377+00:00	WorkerEvent	Layer02Hub.hub-l02-curate	TaskReady; ExitCode=0; 
2026-06-03T18:15:56.6521208+00:00	GrantTask	Layer02Hub.hub-l02-curate	Layer02Hub.hub-l02-curate; GrantId=grant-36; Attempt=1
2026-06-03T18:15:56.6544159+00:00	WorkerEvent	Layer02Hub.hub-l02-curate	GrantAccepted; ExitCode=0; 
2026-06-03T18:15:56.6609566+00:00	WorkerEvent	Layer02Hub.hub-l02-curate	TaskStarted; ExitCode=0; 
2026-06-03T18:15:56.8114379+00:00	WorkerEvent	Layer02Hub.hub-l02-curate	TaskSucceeded; ExitCode=0; 
2026-06-03T18:15:56.8124952+00:00	TaskSucceeded	Layer02Hub.hub-l02-curate	0
2026-06-03T18:15:56.8157222+00:00	WorkerDeferredForCapacity	AuditHairball	Deferred by orchestration to honor max active worker process capacity.
2026-06-03T18:15:56.8164578+00:00	StopPipeline	AuditHairball	Deferred by orchestration to honor max active worker process capacity.
2026-06-03T18:15:56.8171312+00:00	WorkerEvent	Layer02Hub.hub-l02-publish	TaskReady; ExitCode=0; 
2026-06-03T18:15:56.8187406+00:00	GrantTask	Layer02Hub.hub-l02-publish	Layer02Hub.hub-l02-publish; GrantId=grant-37; Attempt=1
2026-06-03T18:15:56.8193617+00:00	WorkerDeferredForCapacity	BridgeL07L08	Deferred by orchestration to honor max active worker process capacity.
2026-06-03T18:15:56.8197474+00:00	StopPipeline	BridgeL07L08	Deferred by orchestration to honor max active worker process capacity.
2026-06-03T18:15:56.8267558+00:00	WorkerDeferredForCapacity	CompositeMart	Deferred by orchestration to honor max active worker process capacity.
2026-06-03T18:15:56.8290430+00:00	StopPipeline	CompositeMart	Deferred by orchestration to honor max active worker process capacity.
2026-06-03T18:15:56.8319196+00:00	WorkerEvent	Layer02Hub.hub-l02-publish	GrantAccepted; ExitCode=0; 
2026-06-03T18:15:56.8329196+00:00	WorkerEvent	Layer02Hub.hub-l02-publish	TaskStarted; ExitCode=0; 
2026-06-03T18:15:56.8396657+00:00	WorkerEvent	AuditHairball	Closed; ExitCode=0; 
2026-06-03T18:15:56.8405128+00:00	WorkerDeferred	AuditHairball	ResumeTaskId=AuditHairball.audit-hairball
2026-06-03T18:15:56.8414604+00:00	WorkerStarting	Layer04Node04	meta-pipeline
2026-06-03T18:15:57.0661870+00:00	WorkerStarted	Layer04Node04	5708
2026-06-03T18:15:57.0668446+00:00	WorkerControlPipe	Layer04Node04	meta-orchestration-eebae3f4d88d407a97258742931dc179
2026-06-03T18:15:57.0672603+00:00	WorkerLog	Layer04Node04	stdout=C:\Users\jimmy\Desktop\meta-bi\Samples\Demos\MetaOrchestrationHairballCliIntegration\Runs\hairball-seed-20260530\RunArtifacts\runs\20260603-181533_745b3556c2b24d278b4c46f22d88e321\logs\Layer04Node04-5708.stdout.log; stderr=C:\Users\jimmy\Desktop\meta-bi\Samples\Demos\MetaOrchestrationHairballCliIntegration\Runs\hairball-seed-20260530\RunArtifacts\runs\20260603-181533_745b3556c2b24d278b4c46f22d88e321\logs\Layer04Node04-5708.stderr.log
2026-06-03T18:15:57.0677040+00:00	WorkerEvent	CompositeMart	Closed; ExitCode=0; 
2026-06-03T18:15:57.0682927+00:00	WorkerDeferred	CompositeMart	ResumeTaskId=CompositeMart.composite-stage
2026-06-03T18:15:57.0687251+00:00	WorkerEvent	BridgeL01L02	PipelineStarted; ExitCode=0; pipeline started
2026-06-03T18:15:57.0693347+00:00	WorkerEvent	BridgeL07L08	Closed; ExitCode=0; 
2026-06-03T18:15:57.0698328+00:00	WorkerDeferred	BridgeL07L08	ResumeTaskId=BridgeL07L08.bridge-l07-l08-collect
2026-06-03T18:15:57.0701744+00:00	WorkerEvent	BridgeL01L02.bridge-l01-l02-collect	TaskReady; ExitCode=0; 
2026-06-03T18:15:57.0707500+00:00	WorkerEvent	BridgeL03L04	PipelineStarted; ExitCode=0; pipeline started
2026-06-03T18:15:57.0758614+00:00	GrantTask	BridgeL01L02.bridge-l01-l02-collect	BridgeL01L02.bridge-l01-l02-collect; GrantId=grant-38; Attempt=1
2026-06-03T18:15:57.0764117+00:00	WorkerResuming	AuditHairball	ResumeTaskId=AuditHairball.audit-hairball; Executable=meta-pipeline
2026-06-03T18:15:57.2335189+00:00	WorkerStarted	AuditHairball	31264
2026-06-03T18:15:57.2339454+00:00	WorkerControlPipe	AuditHairball	meta-orchestration-3eddb4fa3e904153b99daead988fdc38
2026-06-03T18:15:57.2342947+00:00	WorkerLog	AuditHairball	stdout=C:\Users\jimmy\Desktop\meta-bi\Samples\Demos\MetaOrchestrationHairballCliIntegration\Runs\hairball-seed-20260530\RunArtifacts\runs\20260603-181533_745b3556c2b24d278b4c46f22d88e321\logs\AuditHairball-31264.stdout.log; stderr=C:\Users\jimmy\Desktop\meta-bi\Samples\Demos\MetaOrchestrationHairballCliIntegration\Runs\hairball-seed-20260530\RunArtifacts\runs\20260603-181533_745b3556c2b24d278b4c46f22d88e321\logs\AuditHairball-31264.stderr.log
2026-06-03T18:15:57.2346487+00:00	WorkerEvent	BridgeL01L02.bridge-l01-l02-collect	GrantAccepted; ExitCode=0; 
2026-06-03T18:15:57.2352476+00:00	WorkerEvent	BridgeL05L06	PipelineStarted; ExitCode=0; pipeline started
2026-06-03T18:15:57.2358083+00:00	WorkerEvent	BridgeL01L02.bridge-l01-l02-collect	TaskStarted; ExitCode=0; 
2026-06-03T18:15:57.2363603+00:00	WorkerEvent	BridgeL03L04.bridge-l03-l04-collect	TaskReady; ExitCode=0; 
2026-06-03T18:15:57.2368819+00:00	WorkerEvent	BridgeL05L06.bridge-l05-l06-collect	TaskReady; ExitCode=0; 
2026-06-03T18:15:57.2374133+00:00	WorkerEvent	Layer02Hub.hub-l02-publish	TaskSucceeded; ExitCode=0; 
2026-06-03T18:15:57.2379398+00:00	TaskSucceeded	Layer02Hub.hub-l02-publish	0
2026-06-03T18:15:57.2384558+00:00	PipelineCompleted	Layer02Hub	
2026-06-03T18:15:57.2388007+00:00	WorkerEvent	Layer04Node04	WorkerOnline; ExitCode=0; online
2026-06-03T18:15:57.2393616+00:00	WorkerEvent	Layer06Node06.select-l06-n06	TaskSucceeded; ExitCode=0; 
2026-06-03T18:15:57.2400001+00:00	TaskSucceeded	Layer06Node06.select-l06-n06	0
2026-06-03T18:15:57.2407481+00:00	PipelineCompleted	Layer06Node06	
2026-06-03T18:15:57.2415204+00:00	WorkerStarting	Layer03Node01	meta-pipeline
2026-06-03T18:15:57.3556007+00:00	WorkerStarted	Layer03Node01	24448
2026-06-03T18:15:57.3560415+00:00	WorkerControlPipe	Layer03Node01	meta-orchestration-13056c01483644739f12960b36542ef4
2026-06-03T18:15:57.3565286+00:00	WorkerLog	Layer03Node01	stdout=C:\Users\jimmy\Desktop\meta-bi\Samples\Demos\MetaOrchestrationHairballCliIntegration\Runs\hairball-seed-20260530\RunArtifacts\runs\20260603-181533_745b3556c2b24d278b4c46f22d88e321\logs\Layer03Node01-24448.stdout.log; stderr=C:\Users\jimmy\Desktop\meta-bi\Samples\Demos\MetaOrchestrationHairballCliIntegration\Runs\hairball-seed-20260530\RunArtifacts\runs\20260603-181533_745b3556c2b24d278b4c46f22d88e321\logs\Layer03Node01-24448.stderr.log
2026-06-03T18:15:57.3583201+00:00	WorkerEvent	AuditHairball	WorkerOnline; ExitCode=0; online
2026-06-03T18:15:57.3595922+00:00	WorkerEvent	Layer04Node04	WorkerReady; ExitCode=0; ready
2026-06-03T18:15:57.3605772+00:00	StartPipeline	Layer04Node04	Layer04Node04
2026-06-03T18:15:57.3618578+00:00	WorkerEvent	AuditHairball	WorkerReady; ExitCode=0; ready
2026-06-03T18:15:57.3652684+00:00	StartPipeline	AuditHairball	AuditHairball
2026-06-03T18:15:57.3662435+00:00	WorkerEvent	Layer04Node03	PipelineStarted; ExitCode=0; pipeline started
2026-06-03T18:15:57.3668660+00:00	WorkerEvent	Layer03Node06	PipelineStarted; ExitCode=0; pipeline started
2026-06-03T18:15:57.3676042+00:00	WorkerStarting	Layer03Node08	meta-pipeline
2026-06-03T18:15:57.4844642+00:00	WorkerStarted	Layer03Node08	2192
2026-06-03T18:15:57.4848851+00:00	WorkerControlPipe	Layer03Node08	meta-orchestration-cdf583995ca74cd9ad19926c50f3987c
2026-06-03T18:15:57.4853219+00:00	WorkerLog	Layer03Node08	stdout=C:\Users\jimmy\Desktop\meta-bi\Samples\Demos\MetaOrchestrationHairballCliIntegration\Runs\hairball-seed-20260530\RunArtifacts\runs\20260603-181533_745b3556c2b24d278b4c46f22d88e321\logs\Layer03Node08-2192.stdout.log; stderr=C:\Users\jimmy\Desktop\meta-bi\Samples\Demos\MetaOrchestrationHairballCliIntegration\Runs\hairball-seed-20260530\RunArtifacts\runs\20260603-181533_745b3556c2b24d278b4c46f22d88e321\logs\Layer03Node08-2192.stderr.log
2026-06-03T18:15:57.4856944+00:00	WorkerEvent	Layer06Node09	PipelineStarted; ExitCode=0; pipeline started
2026-06-03T18:15:57.4862932+00:00	WorkerEvent	Layer04Node03.refresh-l04-n03	TaskReady; ExitCode=0; 
2026-06-03T18:15:57.4871190+00:00	WorkerEvent	Layer06Node09.select-l06-n09	TaskReady; ExitCode=0; 
2026-06-03T18:15:57.4877293+00:00	WorkerEvent	Layer03Hub	PipelineStarted; ExitCode=0; pipeline started
2026-06-03T18:15:57.4883304+00:00	WorkerEvent	Layer03Node06.refresh-l03-n06	TaskReady; ExitCode=0; 
2026-06-03T18:15:57.4888543+00:00	WorkerEvent	Layer03Hub.hub-l03-stage	TaskReady; ExitCode=0; 
2026-06-03T18:15:57.4895362+00:00	WorkerEvent	Layer03Node01	WorkerOnline; ExitCode=0; online
2026-06-03T18:15:57.4922604+00:00	GrantTask	Layer03Node06.refresh-l03-n06	Layer03Node06.refresh-l03-n06; GrantId=grant-39; Attempt=1
2026-06-03T18:15:57.4929423+00:00	GrantTask	Layer04Node03.refresh-l04-n03	Layer04Node03.refresh-l04-n03; GrantId=grant-40; Attempt=1
2026-06-03T18:15:57.4934352+00:00	GrantTask	Layer06Node09.select-l06-n09	Layer06Node09.select-l06-n09; GrantId=grant-41; Attempt=1
2026-06-03T18:15:57.4938321+00:00	WorkerResuming	BridgeL07L08	ResumeTaskId=BridgeL07L08.bridge-l07-l08-collect; Executable=meta-pipeline
2026-06-03T18:15:57.6107050+00:00	WorkerStarted	BridgeL07L08	22980
2026-06-03T18:15:57.6114066+00:00	WorkerControlPipe	BridgeL07L08	meta-orchestration-cd3533e59fab4b3198a73395343a4e5d
2026-06-03T18:15:57.6122083+00:00	WorkerLog	BridgeL07L08	stdout=C:\Users\jimmy\Desktop\meta-bi\Samples\Demos\MetaOrchestrationHairballCliIntegration\Runs\hairball-seed-20260530\RunArtifacts\runs\20260603-181533_745b3556c2b24d278b4c46f22d88e321\logs\BridgeL07L08-22980.stdout.log; stderr=C:\Users\jimmy\Desktop\meta-bi\Samples\Demos\MetaOrchestrationHairballCliIntegration\Runs\hairball-seed-20260530\RunArtifacts\runs\20260603-181533_745b3556c2b24d278b4c46f22d88e321\logs\BridgeL07L08-22980.stderr.log
2026-06-03T18:15:57.6128188+00:00	WorkerEvent	Layer03Node08	WorkerOnline; ExitCode=0; online
2026-06-03T18:15:57.6135974+00:00	WorkerEvent	Layer06Node09.select-l06-n09	GrantAccepted; ExitCode=0; 
2026-06-03T18:15:57.6144885+00:00	WorkerEvent	Layer04Node03.refresh-l04-n03	GrantAccepted; ExitCode=0; 
2026-06-03T18:15:57.6151963+00:00	WorkerEvent	Layer03Node08	WorkerReady; ExitCode=0; ready
2026-06-03T18:15:57.6222802+00:00	StartPipeline	Layer03Node08	Layer03Node08
2026-06-03T18:15:57.6249711+00:00	WorkerEvent	Layer06Node09.select-l06-n09	TaskStarted; ExitCode=0; 
2026-06-03T18:15:57.6291298+00:00	WorkerEvent	Layer04Node03.refresh-l04-n03	TaskStarted; ExitCode=0; 
2026-06-03T18:15:57.6299153+00:00	WorkerEvent	Layer03Node06.refresh-l03-n06	GrantAccepted; ExitCode=0; 
2026-06-03T18:15:57.6305089+00:00	WorkerEvent	Layer03Node01	WorkerReady; ExitCode=0; ready
2026-06-03T18:15:57.6311086+00:00	StartPipeline	Layer03Node01	Layer03Node01
2026-06-03T18:15:57.6317748+00:00	WorkerEvent	Layer03Node06.refresh-l03-n06	TaskStarted; ExitCode=0; 
2026-06-03T18:15:57.6480814+00:00	WorkerEvent	BridgeL07L08	WorkerOnline; ExitCode=0; online
2026-06-03T18:15:57.6511242+00:00	WorkerEvent	BridgeL07L08	WorkerReady; ExitCode=0; ready
2026-06-03T18:15:57.6661704+00:00	StartPipeline	BridgeL07L08	BridgeL07L08
2026-06-03T18:15:58.1384740+00:00	WorkerEvent	BridgeL01L02.bridge-l01-l02-collect	TaskSucceeded; ExitCode=0; 
2026-06-03T18:15:58.1410526+00:00	TaskSucceeded	BridgeL01L02.bridge-l01-l02-collect	0
2026-06-03T18:15:58.1461465+00:00	WorkerEvent	BridgeL01L02.bridge-l01-l02-north	TaskReady; ExitCode=0; 
2026-06-03T18:15:58.1517486+00:00	GrantTask	BridgeL01L02.bridge-l01-l02-north	BridgeL01L02.bridge-l01-l02-north; GrantId=grant-42; Attempt=1
2026-06-03T18:15:58.1548991+00:00	WorkerEvent	BridgeL01L02.bridge-l01-l02-north	GrantAccepted; ExitCode=0; 
2026-06-03T18:15:58.1637770+00:00	WorkerEvent	BridgeL01L02.bridge-l01-l02-north	TaskStarted; ExitCode=0; 
2026-06-03T18:15:58.2514951+00:00	WorkerEvent	Layer04Node04	PipelineStarted; ExitCode=0; pipeline started
2026-06-03T18:15:58.2542805+00:00	WorkerEvent	Layer04Node04.refresh-l04-n04	TaskReady; ExitCode=0; 
2026-06-03T18:15:58.2695088+00:00	GrantTask	Layer04Node04.refresh-l04-n04	Layer04Node04.refresh-l04-n04; GrantId=grant-43; Attempt=1
2026-06-03T18:15:58.2812886+00:00	WorkerEvent	Layer04Node04.refresh-l04-n04	GrantAccepted; ExitCode=0; 
2026-06-03T18:15:58.2864381+00:00	WorkerEvent	AuditHairball	PipelineStarted; ExitCode=0; pipeline started
2026-06-03T18:15:58.2926888+00:00	WorkerEvent	AuditHairball.audit-hairball	TaskReady; ExitCode=0; 
2026-06-03T18:15:58.2935572+00:00	WorkerEvent	Layer04Node04.refresh-l04-n04	TaskStarted; ExitCode=0; 
2026-06-03T18:15:58.2974471+00:00	WorkerEvent	Layer03Node06.refresh-l03-n06	TaskSucceeded; ExitCode=0; 
2026-06-03T18:15:58.2983752+00:00	TaskSucceeded	Layer03Node06.refresh-l03-n06	0
2026-06-03T18:15:58.2993523+00:00	WorkerDeferredForCapacity	AuditHairball	Deferred by orchestration to honor max active worker process capacity.
2026-06-03T18:15:58.2998304+00:00	StopPipeline	AuditHairball	Deferred by orchestration to honor max active worker process capacity.
2026-06-03T18:15:58.3006574+00:00	WorkerDeferredForCapacity	BridgeL03L04	Deferred by orchestration to honor max active worker process capacity.
2026-06-03T18:15:58.3013849+00:00	StopPipeline	BridgeL03L04	Deferred by orchestration to honor max active worker process capacity.
2026-06-03T18:15:58.3023501+00:00	WorkerDeferredForCapacity	BridgeL05L06	Deferred by orchestration to honor max active worker process capacity.
2026-06-03T18:15:58.3027218+00:00	StopPipeline	BridgeL05L06	Deferred by orchestration to honor max active worker process capacity.
2026-06-03T18:15:58.3034634+00:00	WorkerDeferredForCapacity	Layer03Hub	Deferred by orchestration to honor max active worker process capacity.
2026-06-03T18:15:58.3039220+00:00	StopPipeline	Layer03Hub	Deferred by orchestration to honor max active worker process capacity.
2026-06-03T18:15:58.3289911+00:00	WorkerEvent	Layer04Node03.refresh-l04-n03	TaskSucceeded; ExitCode=0; 
2026-06-03T18:15:58.3301681+00:00	TaskSucceeded	Layer04Node03.refresh-l04-n03	0
2026-06-03T18:15:58.3487441+00:00	WorkerEvent	BridgeL03L04	Closed; ExitCode=0; 
2026-06-03T18:15:58.3645797+00:00	WorkerDeferred	BridgeL03L04	ResumeTaskId=BridgeL03L04.bridge-l03-l04-collect
2026-06-03T18:15:58.3684373+00:00	WorkerEvent	AuditHairball	Closed; ExitCode=0; 
2026-06-03T18:15:58.3694424+00:00	WorkerDeferred	AuditHairball	ResumeTaskId=AuditHairball.audit-hairball
2026-06-03T18:15:58.3699376+00:00	WorkerEvent	BridgeL05L06	Closed; ExitCode=0; 
2026-06-03T18:15:58.3712473+00:00	WorkerDeferred	BridgeL05L06	ResumeTaskId=BridgeL05L06.bridge-l05-l06-collect
2026-06-03T18:15:58.3717757+00:00	WorkerEvent	Layer03Hub	Closed; ExitCode=0; 
2026-06-03T18:15:58.3724358+00:00	WorkerDeferred	Layer03Hub	ResumeTaskId=Layer03Hub.hub-l03-stage
2026-06-03T18:15:58.3734895+00:00	WorkerEvent	Layer03Node06	Closed; ExitCode=0; 
2026-06-03T18:15:58.3743857+00:00	PipelineCompleted	Layer03Node06	
2026-06-03T18:15:58.3753547+00:00	WorkerStarting	Layer03Node07	meta-pipeline
2026-06-03T18:15:58.5239031+00:00	WorkerStarted	Layer03Node07	4176
2026-06-03T18:15:58.5245182+00:00	WorkerControlPipe	Layer03Node07	meta-orchestration-73482ab86ecf446f9727543e0bd30d43
2026-06-03T18:15:58.5249312+00:00	WorkerLog	Layer03Node07	stdout=C:\Users\jimmy\Desktop\meta-bi\Samples\Demos\MetaOrchestrationHairballCliIntegration\Runs\hairball-seed-20260530\RunArtifacts\runs\20260603-181533_745b3556c2b24d278b4c46f22d88e321\logs\Layer03Node07-4176.stdout.log; stderr=C:\Users\jimmy\Desktop\meta-bi\Samples\Demos\MetaOrchestrationHairballCliIntegration\Runs\hairball-seed-20260530\RunArtifacts\runs\20260603-181533_745b3556c2b24d278b4c46f22d88e321\logs\Layer03Node07-4176.stderr.log
2026-06-03T18:15:58.5253938+00:00	WorkerEvent	BridgeL01L02.bridge-l01-l02-north	TaskSucceeded; ExitCode=0; 
2026-06-03T18:15:58.5261233+00:00	TaskSucceeded	BridgeL01L02.bridge-l01-l02-north	0
2026-06-03T18:15:58.5266778+00:00	WorkerEvent	Layer06Node09.select-l06-n09	TaskSucceeded; ExitCode=0; 
2026-06-03T18:15:58.5274347+00:00	TaskSucceeded	Layer06Node09.select-l06-n09	0
2026-06-03T18:15:58.5281223+00:00	PipelineCompleted	Layer06Node09	
2026-06-03T18:15:58.5286020+00:00	WorkerEvent	BridgeL01L02.bridge-l01-l02-south	TaskReady; ExitCode=0; 
2026-06-03T18:15:58.5294399+00:00	WorkerEvent	Layer04Node03	Closed; ExitCode=0; 
2026-06-03T18:15:58.5300981+00:00	PipelineCompleted	Layer04Node03	
2026-06-03T18:15:58.5310386+00:00	GrantTask	BridgeL01L02.bridge-l01-l02-south	BridgeL01L02.bridge-l01-l02-south; GrantId=grant-44; Attempt=1
2026-06-03T18:15:58.5314305+00:00	WorkerStarting	Layer03Node04	meta-pipeline
2026-06-03T18:15:58.6327624+00:00	WorkerStarted	Layer03Node04	19132
2026-06-03T18:15:58.6331107+00:00	WorkerControlPipe	Layer03Node04	meta-orchestration-f3e4d4b0fe52470e8d667cf864f4010f
2026-06-03T18:15:58.6334785+00:00	WorkerLog	Layer03Node04	stdout=C:\Users\jimmy\Desktop\meta-bi\Samples\Demos\MetaOrchestrationHairballCliIntegration\Runs\hairball-seed-20260530\RunArtifacts\runs\20260603-181533_745b3556c2b24d278b4c46f22d88e321\logs\Layer03Node04-19132.stdout.log; stderr=C:\Users\jimmy\Desktop\meta-bi\Samples\Demos\MetaOrchestrationHairballCliIntegration\Runs\hairball-seed-20260530\RunArtifacts\runs\20260603-181533_745b3556c2b24d278b4c46f22d88e321\logs\Layer03Node04-19132.stderr.log
2026-06-03T18:15:58.6339538+00:00	WorkerEvent	BridgeL01L02.bridge-l01-l02-south	GrantAccepted; ExitCode=0; 
2026-06-03T18:15:58.6346490+00:00	WorkerEvent	Layer03Node08	PipelineStarted; ExitCode=0; pipeline started
2026-06-03T18:15:58.6352446+00:00	WorkerEvent	BridgeL01L02.bridge-l01-l02-south	TaskStarted; ExitCode=0; 
2026-06-03T18:15:58.6359442+00:00	WorkerEvent	Layer03Node08.export-l03-n08	TaskReady; ExitCode=0; 
2026-06-03T18:15:58.6364811+00:00	WorkerEvent	Layer03Node07	WorkerOnline; ExitCode=0; online
2026-06-03T18:15:58.6371456+00:00	WorkerEvent	Layer03Node01	PipelineStarted; ExitCode=0; pipeline started
2026-06-03T18:15:58.6377445+00:00	WorkerEvent	Layer03Node07	WorkerReady; ExitCode=0; ready
2026-06-03T18:15:58.6417600+00:00	StartPipeline	Layer03Node07	Layer03Node07
2026-06-03T18:15:58.6431044+00:00	WorkerEvent	Layer03Node01.select-l03-n01	TaskReady; ExitCode=0; 
2026-06-03T18:15:58.6474190+00:00	GrantTask	Layer03Node01.select-l03-n01	Layer03Node01.select-l03-n01; GrantId=grant-45; Attempt=1
2026-06-03T18:15:58.6479484+00:00	GrantTask	Layer03Node08.export-l03-n08	Layer03Node08.export-l03-n08; GrantId=grant-46; Attempt=1
2026-06-03T18:15:58.6483215+00:00	WorkerStarting	Layer03Node05	meta-pipeline
2026-06-03T18:15:58.7644934+00:00	WorkerStarted	Layer03Node05	5200
2026-06-03T18:15:58.7648782+00:00	WorkerControlPipe	Layer03Node05	meta-orchestration-0cba43f9f77c464faf0487c901294630
2026-06-03T18:15:58.7651697+00:00	WorkerLog	Layer03Node05	stdout=C:\Users\jimmy\Desktop\meta-bi\Samples\Demos\MetaOrchestrationHairballCliIntegration\Runs\hairball-seed-20260530\RunArtifacts\runs\20260603-181533_745b3556c2b24d278b4c46f22d88e321\logs\Layer03Node05-5200.stdout.log; stderr=C:\Users\jimmy\Desktop\meta-bi\Samples\Demos\MetaOrchestrationHairballCliIntegration\Runs\hairball-seed-20260530\RunArtifacts\runs\20260603-181533_745b3556c2b24d278b4c46f22d88e321\logs\Layer03Node05-5200.stderr.log
2026-06-03T18:15:58.7654932+00:00	WorkerEvent	BridgeL01L02.bridge-l01-l02-south	TaskSucceeded; ExitCode=0; 
2026-06-03T18:15:58.7659931+00:00	TaskSucceeded	BridgeL01L02.bridge-l01-l02-south	0
2026-06-03T18:15:58.7666839+00:00	PipelineCompleted	BridgeL01L02	
2026-06-03T18:15:58.7670109+00:00	WorkerEvent	Layer03Node08.export-l03-n08	GrantAccepted; ExitCode=0; 
2026-06-03T18:15:58.7675538+00:00	WorkerEvent	Layer03Node04	WorkerOnline; ExitCode=0; online
2026-06-03T18:15:58.7680483+00:00	WorkerEvent	Layer03Node08.export-l03-n08	TaskStarted; ExitCode=0; 
2026-06-03T18:15:58.7686278+00:00	WorkerEvent	Layer03Node04	WorkerReady; ExitCode=0; ready
2026-06-03T18:15:58.7718735+00:00	StartPipeline	Layer03Node04	Layer03Node04
2026-06-03T18:15:58.7752723+00:00	WorkerEvent	Layer03Node01.select-l03-n01	GrantAccepted; ExitCode=0; 
2026-06-03T18:15:58.7764387+00:00	WorkerStarting	Layer04Node06	meta-pipeline
2026-06-03T18:15:58.8971099+00:00	WorkerStarted	Layer04Node06	26540
2026-06-03T18:15:58.8974627+00:00	WorkerControlPipe	Layer04Node06	meta-orchestration-3b520d6260634b4d89d8995e55ff075f
2026-06-03T18:15:58.8977768+00:00	WorkerLog	Layer04Node06	stdout=C:\Users\jimmy\Desktop\meta-bi\Samples\Demos\MetaOrchestrationHairballCliIntegration\Runs\hairball-seed-20260530\RunArtifacts\runs\20260603-181533_745b3556c2b24d278b4c46f22d88e321\logs\Layer04Node06-26540.stdout.log; stderr=C:\Users\jimmy\Desktop\meta-bi\Samples\Demos\MetaOrchestrationHairballCliIntegration\Runs\hairball-seed-20260530\RunArtifacts\runs\20260603-181533_745b3556c2b24d278b4c46f22d88e321\logs\Layer04Node06-26540.stderr.log
2026-06-03T18:15:58.8981540+00:00	WorkerEvent	Layer03Node05	WorkerOnline; ExitCode=0; online
2026-06-03T18:15:58.8987617+00:00	WorkerEvent	Layer04Node04.refresh-l04-n04	TaskSucceeded; ExitCode=0; 
2026-06-03T18:15:58.8994284+00:00	TaskSucceeded	Layer04Node04.refresh-l04-n04	0
2026-06-03T18:15:58.8999361+00:00	PipelineCompleted	Layer04Node04	
2026-06-03T18:15:58.9003211+00:00	WorkerEvent	Layer03Node05	WorkerReady; ExitCode=0; ready
2026-06-03T18:15:58.9030466+00:00	StartPipeline	Layer03Node05	Layer03Node05
2026-06-03T18:15:58.9037016+00:00	WorkerEvent	Layer03Node01.select-l03-n01	TaskStarted; ExitCode=0; 
2026-06-03T18:15:58.9075653+00:00	WorkerStarting	Layer08Node07	meta-pipeline
2026-06-03T18:15:59.0265091+00:00	WorkerStarted	Layer08Node07	23448
2026-06-03T18:15:59.0270420+00:00	WorkerControlPipe	Layer08Node07	meta-orchestration-161722a0be69472f966d397e73498051
2026-06-03T18:15:59.0275032+00:00	WorkerLog	Layer08Node07	stdout=C:\Users\jimmy\Desktop\meta-bi\Samples\Demos\MetaOrchestrationHairballCliIntegration\Runs\hairball-seed-20260530\RunArtifacts\runs\20260603-181533_745b3556c2b24d278b4c46f22d88e321\logs\Layer08Node07-23448.stdout.log; stderr=C:\Users\jimmy\Desktop\meta-bi\Samples\Demos\MetaOrchestrationHairballCliIntegration\Runs\hairball-seed-20260530\RunArtifacts\runs\20260603-181533_745b3556c2b24d278b4c46f22d88e321\logs\Layer08Node07-23448.stderr.log
2026-06-03T18:15:59.0278769+00:00	WorkerEvent	BridgeL07L08	PipelineStarted; ExitCode=0; pipeline started
2026-06-03T18:15:59.0289035+00:00	WorkerEvent	Layer04Node06	WorkerOnline; ExitCode=0; online
2026-06-03T18:15:59.0297881+00:00	WorkerEvent	BridgeL07L08.bridge-l07-l08-collect	TaskReady; ExitCode=0; 
2026-06-03T18:15:59.0304216+00:00	WorkerEvent	Layer04Node06	WorkerReady; ExitCode=0; ready
2026-06-03T18:15:59.0344927+00:00	StartPipeline	Layer04Node06	Layer04Node06
2026-06-03T18:15:59.0368448+00:00	WorkerResuming	AuditHairball	ResumeTaskId=AuditHairball.audit-hairball; Executable=meta-pipeline
2026-06-03T18:15:59.1799637+00:00	WorkerStarted	AuditHairball	21940
2026-06-03T18:15:59.1804427+00:00	WorkerControlPipe	AuditHairball	meta-orchestration-d76e3079a79748a2b2d890cf340323d6
2026-06-03T18:15:59.1807792+00:00	WorkerLog	AuditHairball	stdout=C:\Users\jimmy\Desktop\meta-bi\Samples\Demos\MetaOrchestrationHairballCliIntegration\Runs\hairball-seed-20260530\RunArtifacts\runs\20260603-181533_745b3556c2b24d278b4c46f22d88e321\logs\AuditHairball-21940.stdout.log; stderr=C:\Users\jimmy\Desktop\meta-bi\Samples\Demos\MetaOrchestrationHairballCliIntegration\Runs\hairball-seed-20260530\RunArtifacts\runs\20260603-181533_745b3556c2b24d278b4c46f22d88e321\logs\AuditHairball-21940.stderr.log
2026-06-03T18:15:59.1811451+00:00	WorkerEvent	Layer08Node07	WorkerOnline; ExitCode=0; online
2026-06-03T18:15:59.1832202+00:00	WorkerResuming	BridgeL03L04	ResumeTaskId=BridgeL03L04.bridge-l03-l04-collect; Executable=meta-pipeline
2026-06-03T18:15:59.3313452+00:00	WorkerStarted	BridgeL03L04	16372
2026-06-03T18:15:59.3318868+00:00	WorkerControlPipe	BridgeL03L04	meta-orchestration-b0e72f9a7d5d4c049d889c9fbddd5c84
2026-06-03T18:15:59.3322369+00:00	WorkerLog	BridgeL03L04	stdout=C:\Users\jimmy\Desktop\meta-bi\Samples\Demos\MetaOrchestrationHairballCliIntegration\Runs\hairball-seed-20260530\RunArtifacts\runs\20260603-181533_745b3556c2b24d278b4c46f22d88e321\logs\BridgeL03L04-16372.stdout.log; stderr=C:\Users\jimmy\Desktop\meta-bi\Samples\Demos\MetaOrchestrationHairballCliIntegration\Runs\hairball-seed-20260530\RunArtifacts\runs\20260603-181533_745b3556c2b24d278b4c46f22d88e321\logs\BridgeL03L04-16372.stderr.log
2026-06-03T18:15:59.3325882+00:00	WorkerEvent	Layer08Node07	WorkerReady; ExitCode=0; ready
2026-06-03T18:15:59.3334669+00:00	StartPipeline	Layer08Node07	Layer08Node07
2026-06-03T18:15:59.3340799+00:00	WorkerEvent	AuditHairball	WorkerOnline; ExitCode=0; online
2026-06-03T18:15:59.3373582+00:00	WorkerResuming	BridgeL05L06	ResumeTaskId=BridgeL05L06.bridge-l05-l06-collect; Executable=meta-pipeline
2026-06-03T18:15:59.4857359+00:00	WorkerStarted	BridgeL05L06	28408
2026-06-03T18:15:59.4862103+00:00	WorkerControlPipe	BridgeL05L06	meta-orchestration-545be87c20064b729a684522e30f1814
2026-06-03T18:15:59.4865384+00:00	WorkerLog	BridgeL05L06	stdout=C:\Users\jimmy\Desktop\meta-bi\Samples\Demos\MetaOrchestrationHairballCliIntegration\Runs\hairball-seed-20260530\RunArtifacts\runs\20260603-181533_745b3556c2b24d278b4c46f22d88e321\logs\BridgeL05L06-28408.stdout.log; stderr=C:\Users\jimmy\Desktop\meta-bi\Samples\Demos\MetaOrchestrationHairballCliIntegration\Runs\hairball-seed-20260530\RunArtifacts\runs\20260603-181533_745b3556c2b24d278b4c46f22d88e321\logs\BridgeL05L06-28408.stderr.log
2026-06-03T18:15:59.4869049+00:00	WorkerEvent	BridgeL03L04	WorkerOnline; ExitCode=0; online
2026-06-03T18:15:59.4875989+00:00	WorkerEvent	Layer03Node08.export-l03-n08	TaskSucceeded; ExitCode=0; 
2026-06-03T18:15:59.4883255+00:00	TaskSucceeded	Layer03Node08.export-l03-n08	0
2026-06-03T18:15:59.4907623+00:00	PipelineCompleted	Layer03Node08	
2026-06-03T18:15:59.4915208+00:00	WorkerEvent	BridgeL03L04	WorkerReady; ExitCode=0; ready
2026-06-03T18:15:59.4955700+00:00	StartPipeline	BridgeL03L04	BridgeL03L04
2026-06-03T18:15:59.4964504+00:00	WorkerEvent	AuditHairball	WorkerReady; ExitCode=0; ready
2026-06-03T18:15:59.4972583+00:00	StartPipeline	AuditHairball	AuditHairball
2026-06-03T18:15:59.4979698+00:00	WorkerEvent	Layer03Node07	PipelineStarted; ExitCode=0; pipeline started
2026-06-03T18:15:59.4988825+00:00	WorkerEvent	Layer03Node01.select-l03-n01	TaskSucceeded; ExitCode=0; 
2026-06-03T18:15:59.4995102+00:00	TaskSucceeded	Layer03Node01.select-l03-n01	0
2026-06-03T18:15:59.5001144+00:00	PipelineCompleted	Layer03Node01	
2026-06-03T18:15:59.5004690+00:00	WorkerEvent	Layer03Node07.refresh-l03-n07	TaskReady; ExitCode=0; 
2026-06-03T18:15:59.5014248+00:00	GrantTask	Layer03Node07.refresh-l03-n07	Layer03Node07.refresh-l03-n07; GrantId=grant-47; Attempt=1
2026-06-03T18:15:59.5017429+00:00	WorkerStarting	Layer04Node07	meta-pipeline
2026-06-03T18:15:59.6412470+00:00	WorkerStarted	Layer04Node07	27652
2026-06-03T18:15:59.6419520+00:00	WorkerControlPipe	Layer04Node07	meta-orchestration-eb038ff9d9974a56ba9cbf3c83843cc0
2026-06-03T18:15:59.6426338+00:00	WorkerLog	Layer04Node07	stdout=C:\Users\jimmy\Desktop\meta-bi\Samples\Demos\MetaOrchestrationHairballCliIntegration\Runs\hairball-seed-20260530\RunArtifacts\runs\20260603-181533_745b3556c2b24d278b4c46f22d88e321\logs\Layer04Node07-27652.stdout.log; stderr=C:\Users\jimmy\Desktop\meta-bi\Samples\Demos\MetaOrchestrationHairballCliIntegration\Runs\hairball-seed-20260530\RunArtifacts\runs\20260603-181533_745b3556c2b24d278b4c46f22d88e321\logs\Layer04Node07-27652.stderr.log
2026-06-03T18:15:59.6432475+00:00	WorkerEvent	BridgeL05L06	WorkerOnline; ExitCode=0; online
2026-06-03T18:15:59.6442975+00:00	WorkerEvent	Layer03Node04	PipelineStarted; ExitCode=0; pipeline started
2026-06-03T18:15:59.6461103+00:00	WorkerEvent	BridgeL05L06	WorkerReady; ExitCode=0; ready
2026-06-03T18:15:59.6490944+00:00	StartPipeline	BridgeL05L06	BridgeL05L06
2026-06-03T18:15:59.6498795+00:00	WorkerEvent	Layer03Node04.select-l03-n04	TaskReady; ExitCode=0; 
2026-06-03T18:15:59.6504815+00:00	WorkerEvent	Layer03Node07.refresh-l03-n07	GrantAccepted; ExitCode=0; 
2026-06-03T18:15:59.6515205+00:00	GrantTask	Layer03Node04.select-l03-n04	Layer03Node04.select-l03-n04; GrantId=grant-48; Attempt=1
2026-06-03T18:15:59.6519264+00:00	WorkerStarting	Layer04Node09	meta-pipeline
2026-06-03T18:15:59.7967872+00:00	WorkerStarted	Layer04Node09	16000
2026-06-03T18:15:59.7971775+00:00	WorkerControlPipe	Layer04Node09	meta-orchestration-674a503cfeb945bcbae06cbc900e5eb9
2026-06-03T18:15:59.7975818+00:00	WorkerLog	Layer04Node09	stdout=C:\Users\jimmy\Desktop\meta-bi\Samples\Demos\MetaOrchestrationHairballCliIntegration\Runs\hairball-seed-20260530\RunArtifacts\runs\20260603-181533_745b3556c2b24d278b4c46f22d88e321\logs\Layer04Node09-16000.stdout.log; stderr=C:\Users\jimmy\Desktop\meta-bi\Samples\Demos\MetaOrchestrationHairballCliIntegration\Runs\hairball-seed-20260530\RunArtifacts\runs\20260603-181533_745b3556c2b24d278b4c46f22d88e321\logs\Layer04Node09-16000.stderr.log
2026-06-03T18:15:59.7980208+00:00	WorkerEvent	Layer04Node06	PipelineStarted; ExitCode=0; pipeline started
2026-06-03T18:15:59.7985965+00:00	WorkerEvent	Layer03Node05	PipelineStarted; ExitCode=0; pipeline started
2026-06-03T18:15:59.7992575+00:00	WorkerEvent	Layer04Node06.refresh-l04-n06	TaskReady; ExitCode=0; 
2026-06-03T18:15:59.7998355+00:00	WorkerEvent	Layer03Node05.select-l03-n05	TaskReady; ExitCode=0; 
2026-06-03T18:15:59.8003461+00:00	WorkerEvent	Layer03Node04.select-l03-n04	GrantAccepted; ExitCode=0; 
2026-06-03T18:15:59.8009186+00:00	WorkerEvent	Layer03Node07.refresh-l03-n07	TaskStarted; ExitCode=0; 
2026-06-03T18:15:59.8014244+00:00	WorkerEvent	Layer03Node04.select-l03-n04	TaskStarted; ExitCode=0; 
2026-06-03T18:15:59.8019346+00:00	WorkerEvent	Layer04Node07	WorkerOnline; ExitCode=0; online
2026-06-03T18:15:59.8034323+00:00	GrantTask	Layer03Node05.select-l03-n05	Layer03Node05.select-l03-n05; GrantId=grant-49; Attempt=1
2026-06-03T18:15:59.8040697+00:00	GrantTask	Layer04Node06.refresh-l04-n06	Layer04Node06.refresh-l04-n06; GrantId=grant-50; Attempt=1
2026-06-03T18:15:59.8044552+00:00	WorkerStarting	Layer07Node02	meta-pipeline
2026-06-03T18:15:59.9635253+00:00	WorkerStarted	Layer07Node02	16096
2026-06-03T18:15:59.9640931+00:00	WorkerControlPipe	Layer07Node02	meta-orchestration-cce9dad69d9c4340bde1d52e6b9c4e1b
2026-06-03T18:15:59.9646314+00:00	WorkerLog	Layer07Node02	stdout=C:\Users\jimmy\Desktop\meta-bi\Samples\Demos\MetaOrchestrationHairballCliIntegration\Runs\hairball-seed-20260530\RunArtifacts\runs\20260603-181533_745b3556c2b24d278b4c46f22d88e321\logs\Layer07Node02-16096.stdout.log; stderr=C:\Users\jimmy\Desktop\meta-bi\Samples\Demos\MetaOrchestrationHairballCliIntegration\Runs\hairball-seed-20260530\RunArtifacts\runs\20260603-181533_745b3556c2b24d278b4c46f22d88e321\logs\Layer07Node02-16096.stderr.log
2026-06-03T18:15:59.9652546+00:00	WorkerEvent	Layer04Node06.refresh-l04-n06	GrantAccepted; ExitCode=0; 
2026-06-03T18:15:59.9660272+00:00	WorkerEvent	Layer04Node09	WorkerOnline; ExitCode=0; online
2026-06-03T18:15:59.9666754+00:00	WorkerEvent	Layer03Node05.select-l03-n05	GrantAccepted; ExitCode=0; 
2026-06-03T18:15:59.9673009+00:00	WorkerEvent	Layer04Node07	WorkerReady; ExitCode=0; ready
2026-06-03T18:15:59.9679309+00:00	StartPipeline	Layer04Node07	Layer04Node07
2026-06-03T18:15:59.9684646+00:00	WorkerEvent	Layer04Node06.refresh-l04-n06	TaskStarted; ExitCode=0; 
2026-06-03T18:15:59.9689529+00:00	WorkerEvent	Layer04Node09	WorkerReady; ExitCode=0; ready
2026-06-03T18:15:59.9916702+00:00	StartPipeline	Layer04Node09	Layer04Node09
2026-06-03T18:15:59.9925152+00:00	WorkerEvent	Layer03Node05.select-l03-n05	TaskStarted; ExitCode=0; 
2026-06-03T18:16:00.0256896+00:00	WorkerEvent	Layer07Node02	WorkerOnline; ExitCode=0; online
2026-06-03T18:16:00.0281851+00:00	WorkerEvent	Layer07Node02	WorkerReady; ExitCode=0; ready
2026-06-03T18:16:00.0975435+00:00	StartPipeline	Layer07Node02	Layer07Node02
2026-06-03T18:16:00.3516106+00:00	WorkerEvent	AuditHairball	PipelineStarted; ExitCode=0; pipeline started
2026-06-03T18:16:00.3535865+00:00	WorkerEvent	AuditHairball.audit-hairball	TaskReady; ExitCode=0; 
2026-06-03T18:16:00.3657715+00:00	WorkerEvent	Layer08Node07	PipelineStarted; ExitCode=0; pipeline started
2026-06-03T18:16:00.3680782+00:00	WorkerEvent	Layer08Node07.select-l08-n07	TaskReady; ExitCode=0; 
2026-06-03T18:16:00.3705304+00:00	GrantTask	Layer08Node07.select-l08-n07	Layer08Node07.select-l08-n07; GrantId=grant-51; Attempt=1
2026-06-03T18:16:00.3727729+00:00	WorkerEvent	Layer08Node07.select-l08-n07	GrantAccepted; ExitCode=0; 
2026-06-03T18:16:00.3751095+00:00	WorkerEvent	Layer08Node07.select-l08-n07	TaskStarted; ExitCode=0; 
2026-06-03T18:16:00.5311492+00:00	WorkerEvent	Layer03Node07.refresh-l03-n07	TaskSucceeded; ExitCode=0; 
2026-06-03T18:16:00.5320808+00:00	TaskSucceeded	Layer03Node07.refresh-l03-n07	0
2026-06-03T18:16:00.5776573+00:00	WorkerEvent	Layer03Node07	Closed; ExitCode=0; 
2026-06-03T18:16:00.5786384+00:00	PipelineCompleted	Layer03Node07	
2026-06-03T18:16:00.5836163+00:00	WorkerResuming	CompositeMart	ResumeTaskId=CompositeMart.composite-stage; Executable=meta-pipeline
2026-06-03T18:16:00.9251976+00:00	WorkerStarted	CompositeMart	30476
2026-06-03T18:16:00.9260315+00:00	WorkerControlPipe	CompositeMart	meta-orchestration-229a3dbdc23349a497a339f2ee301bac
2026-06-03T18:16:00.9265857+00:00	WorkerLog	CompositeMart	stdout=C:\Users\jimmy\Desktop\meta-bi\Samples\Demos\MetaOrchestrationHairballCliIntegration\Runs\hairball-seed-20260530\RunArtifacts\runs\20260603-181533_745b3556c2b24d278b4c46f22d88e321\logs\CompositeMart-30476.stdout.log; stderr=C:\Users\jimmy\Desktop\meta-bi\Samples\Demos\MetaOrchestrationHairballCliIntegration\Runs\hairball-seed-20260530\RunArtifacts\runs\20260603-181533_745b3556c2b24d278b4c46f22d88e321\logs\CompositeMart-30476.stderr.log
2026-06-03T18:16:00.9271878+00:00	WorkerEvent	Layer04Node06.refresh-l04-n06	TaskSucceeded; ExitCode=0; 
2026-06-03T18:16:00.9281021+00:00	TaskSucceeded	Layer04Node06.refresh-l04-n06	0
2026-06-03T18:16:00.9288376+00:00	PipelineCompleted	Layer04Node06	
2026-06-03T18:16:00.9292757+00:00	WorkerEvent	Layer03Node04.select-l03-n04	TaskSucceeded; ExitCode=0; 
2026-06-03T18:16:00.9299069+00:00	TaskSucceeded	Layer03Node04.select-l03-n04	0
2026-06-03T18:16:00.9305021+00:00	PipelineCompleted	Layer03Node04	
2026-06-03T18:16:00.9320552+00:00	WorkerResuming	Layer03Hub	ResumeTaskId=Layer03Hub.hub-l03-stage; Executable=meta-pipeline
2026-06-03T18:16:01.0950988+00:00	WorkerStarted	Layer03Hub	4988
2026-06-03T18:16:01.0957805+00:00	WorkerControlPipe	Layer03Hub	meta-orchestration-f30466f517fa4ec7b80c6969a1338b49
2026-06-03T18:16:01.0962079+00:00	WorkerLog	Layer03Hub	stdout=C:\Users\jimmy\Desktop\meta-bi\Samples\Demos\MetaOrchestrationHairballCliIntegration\Runs\hairball-seed-20260530\RunArtifacts\runs\20260603-181533_745b3556c2b24d278b4c46f22d88e321\logs\Layer03Hub-4988.stdout.log; stderr=C:\Users\jimmy\Desktop\meta-bi\Samples\Demos\MetaOrchestrationHairballCliIntegration\Runs\hairball-seed-20260530\RunArtifacts\runs\20260603-181533_745b3556c2b24d278b4c46f22d88e321\logs\Layer03Hub-4988.stderr.log
2026-06-03T18:16:01.0966235+00:00	WorkerEvent	BridgeL03L04	PipelineStarted; ExitCode=0; pipeline started
2026-06-03T18:16:01.0973108+00:00	WorkerEvent	Layer03Node05.select-l03-n05	TaskSucceeded; ExitCode=0; 
2026-06-03T18:16:01.0979983+00:00	TaskSucceeded	Layer03Node05.select-l03-n05	0
2026-06-03T18:16:01.0985933+00:00	PipelineCompleted	Layer03Node05	
2026-06-03T18:16:01.0989389+00:00	WorkerEvent	BridgeL03L04.bridge-l03-l04-collect	TaskReady; ExitCode=0; 
2026-06-03T18:16:01.0994588+00:00	WorkerEvent	CompositeMart	WorkerOnline; ExitCode=0; online
2026-06-03T18:16:01.0999351+00:00	WorkerEvent	Layer04Node07	PipelineStarted; ExitCode=0; pipeline started
2026-06-03T18:16:01.1008297+00:00	WorkerStarting	Layer06Node03	meta-pipeline
2026-06-03T18:16:01.2043689+00:00	WorkerStarted	Layer06Node03	28072
2026-06-03T18:16:01.2048759+00:00	WorkerControlPipe	Layer06Node03	meta-orchestration-5b8b02d92f87431899f01e09bf8216a9
2026-06-03T18:16:01.2053796+00:00	WorkerLog	Layer06Node03	stdout=C:\Users\jimmy\Desktop\meta-bi\Samples\Demos\MetaOrchestrationHairballCliIntegration\Runs\hairball-seed-20260530\RunArtifacts\runs\20260603-181533_745b3556c2b24d278b4c46f22d88e321\logs\Layer06Node03-28072.stdout.log; stderr=C:\Users\jimmy\Desktop\meta-bi\Samples\Demos\MetaOrchestrationHairballCliIntegration\Runs\hairball-seed-20260530\RunArtifacts\runs\20260603-181533_745b3556c2b24d278b4c46f22d88e321\logs\Layer06Node03-28072.stderr.log
2026-06-03T18:16:01.2058662+00:00	WorkerEvent	BridgeL05L06	PipelineStarted; ExitCode=0; pipeline started
2026-06-03T18:16:01.2067838+00:00	WorkerEvent	Layer07Node02	PipelineStarted; ExitCode=0; pipeline started
2026-06-03T18:16:01.2081018+00:00	WorkerEvent	BridgeL05L06.bridge-l05-l06-collect	TaskReady; ExitCode=0; 
2026-06-03T18:16:01.2087153+00:00	WorkerEvent	Layer07Node02.select-l07-n02	TaskReady; ExitCode=0; 
2026-06-03T18:16:01.2091929+00:00	WorkerEvent	Layer04Node09	PipelineStarted; ExitCode=0; pipeline started
2026-06-03T18:16:01.2097783+00:00	WorkerEvent	Layer08Node07.select-l08-n07	TaskSucceeded; ExitCode=0; 
2026-06-03T18:16:01.2102511+00:00	TaskSucceeded	Layer08Node07.select-l08-n07	0
2026-06-03T18:16:01.2106307+00:00	PipelineCompleted	Layer08Node07	
2026-06-03T18:16:01.2108668+00:00	WorkerEvent	Layer04Node09.select-l04-n09	TaskReady; ExitCode=0; 
2026-06-03T18:16:01.2112764+00:00	WorkerEvent	Layer03Hub	WorkerOnline; ExitCode=0; online
2026-06-03T18:16:01.2117020+00:00	WorkerEvent	CompositeMart	WorkerReady; ExitCode=0; ready
2026-06-03T18:16:01.2122689+00:00	StartPipeline	CompositeMart	CompositeMart
2026-06-03T18:16:01.2128223+00:00	WorkerEvent	Layer03Hub	WorkerReady; ExitCode=0; ready
2026-06-03T18:16:01.2147869+00:00	StartPipeline	Layer03Hub	Layer03Hub
2026-06-03T18:16:01.2153108+00:00	WorkerEvent	Layer04Node07.refresh-l04-n07	TaskReady; ExitCode=0; 
2026-06-03T18:16:01.2186918+00:00	GrantTask	Layer04Node07.refresh-l04-n07	Layer04Node07.refresh-l04-n07; GrantId=grant-52; Attempt=1
2026-06-03T18:16:01.2191371+00:00	GrantTask	Layer04Node09.select-l04-n09	Layer04Node09.select-l04-n09; GrantId=grant-53; Attempt=1
2026-06-03T18:16:01.2195561+00:00	GrantTask	Layer07Node02.select-l07-n02	Layer07Node02.select-l07-n02; GrantId=grant-54; Attempt=1
2026-06-03T18:16:01.2198709+00:00	WorkerStarting	Layer04Hub	meta-pipeline
2026-06-03T18:16:01.3293670+00:00	WorkerStarted	Layer04Hub	14296
2026-06-03T18:16:01.3296817+00:00	WorkerControlPipe	Layer04Hub	meta-orchestration-c582ef7acab94a10a6574447074113da
2026-06-03T18:16:01.3299676+00:00	WorkerLog	Layer04Hub	stdout=C:\Users\jimmy\Desktop\meta-bi\Samples\Demos\MetaOrchestrationHairballCliIntegration\Runs\hairball-seed-20260530\RunArtifacts\runs\20260603-181533_745b3556c2b24d278b4c46f22d88e321\logs\Layer04Hub-14296.stdout.log; stderr=C:\Users\jimmy\Desktop\meta-bi\Samples\Demos\MetaOrchestrationHairballCliIntegration\Runs\hairball-seed-20260530\RunArtifacts\runs\20260603-181533_745b3556c2b24d278b4c46f22d88e321\logs\Layer04Hub-14296.stderr.log
2026-06-03T18:16:01.3302860+00:00	WorkerEvent	Layer07Node02.select-l07-n02	GrantAccepted; ExitCode=0; 
2026-06-03T18:16:01.3309294+00:00	WorkerEvent	Layer04Node09.select-l04-n09	GrantAccepted; ExitCode=0; 
2026-06-03T18:16:01.3316115+00:00	WorkerEvent	Layer07Node02.select-l07-n02	TaskStarted; ExitCode=0; 
2026-06-03T18:16:01.3321545+00:00	WorkerEvent	Layer06Node03	WorkerOnline; ExitCode=0; online
2026-06-03T18:16:01.3326510+00:00	WorkerEvent	Layer04Node07.refresh-l04-n07	GrantAccepted; ExitCode=0; 
2026-06-03T18:16:01.3342091+00:00	WorkerStarting	Layer04Node01	meta-pipeline
2026-06-03T18:16:01.4967580+00:00	WorkerStarted	Layer04Node01	29880
2026-06-03T18:16:01.4972870+00:00	WorkerControlPipe	Layer04Node01	meta-orchestration-e97e7d114b6b4acfaa923ea2f9aa929f
2026-06-03T18:16:01.4976637+00:00	WorkerLog	Layer04Node01	stdout=C:\Users\jimmy\Desktop\meta-bi\Samples\Demos\MetaOrchestrationHairballCliIntegration\Runs\hairball-seed-20260530\RunArtifacts\runs\20260603-181533_745b3556c2b24d278b4c46f22d88e321\logs\Layer04Node01-29880.stdout.log; stderr=C:\Users\jimmy\Desktop\meta-bi\Samples\Demos\MetaOrchestrationHairballCliIntegration\Runs\hairball-seed-20260530\RunArtifacts\runs\20260603-181533_745b3556c2b24d278b4c46f22d88e321\logs\Layer04Node01-29880.stderr.log
2026-06-03T18:16:01.4981834+00:00	WorkerEvent	Layer04Node09.select-l04-n09	TaskStarted; ExitCode=0; 
2026-06-03T18:16:01.4988266+00:00	WorkerEvent	Layer06Node03	WorkerReady; ExitCode=0; ready
2026-06-03T18:16:01.4994835+00:00	StartPipeline	Layer06Node03	Layer06Node03
2026-06-03T18:16:01.5002238+00:00	WorkerEvent	Layer04Hub	WorkerOnline; ExitCode=0; online
2026-06-03T18:16:01.5008216+00:00	WorkerEvent	Layer04Node07.refresh-l04-n07	TaskStarted; ExitCode=0; 
2026-06-03T18:16:01.5043624+00:00	WorkerEvent	Layer04Hub	WorkerReady; ExitCode=0; ready
2026-06-03T18:16:01.5160314+00:00	StartPipeline	Layer04Hub	Layer04Hub
2026-06-03T18:16:01.5346670+00:00	WorkerEvent	Layer04Node01	WorkerOnline; ExitCode=0; online
2026-06-03T18:16:01.5393784+00:00	WorkerEvent	Layer04Node01	WorkerReady; ExitCode=0; ready
2026-06-03T18:16:01.5720703+00:00	StartPipeline	Layer04Node01	Layer04Node01
2026-06-03T18:16:02.0121880+00:00	WorkerEvent	Layer04Node07.refresh-l04-n07	TaskSucceeded; ExitCode=0; 
2026-06-03T18:16:02.0132988+00:00	TaskSucceeded	Layer04Node07.refresh-l04-n07	0
2026-06-03T18:16:02.0152012+00:00	WorkerEvent	Layer04Node09.select-l04-n09	TaskSucceeded; ExitCode=0; 
2026-06-03T18:16:02.0179652+00:00	TaskSucceeded	Layer04Node09.select-l04-n09	0
2026-06-03T18:16:02.0325781+00:00	WorkerEvent	Layer04Node07	Closed; ExitCode=0; 
2026-06-03T18:16:02.0333962+00:00	PipelineCompleted	Layer04Node07	
2026-06-03T18:16:02.0337966+00:00	WorkerEvent	Layer07Node02.select-l07-n02	TaskSucceeded; ExitCode=0; 
2026-06-03T18:16:02.0343212+00:00	TaskSucceeded	Layer07Node02.select-l07-n02	0
2026-06-03T18:16:02.0358584+00:00	WorkerStarting	Layer04Node02	meta-pipeline
2026-06-03T18:16:02.1780275+00:00	WorkerStarted	Layer04Node02	22880
2026-06-03T18:16:02.1784611+00:00	WorkerControlPipe	Layer04Node02	meta-orchestration-873fd0e25a344400b9274b24e30b680f
2026-06-03T18:16:02.1788109+00:00	WorkerLog	Layer04Node02	stdout=C:\Users\jimmy\Desktop\meta-bi\Samples\Demos\MetaOrchestrationHairballCliIntegration\Runs\hairball-seed-20260530\RunArtifacts\runs\20260603-181533_745b3556c2b24d278b4c46f22d88e321\logs\Layer04Node02-22880.stdout.log; stderr=C:\Users\jimmy\Desktop\meta-bi\Samples\Demos\MetaOrchestrationHairballCliIntegration\Runs\hairball-seed-20260530\RunArtifacts\runs\20260603-181533_745b3556c2b24d278b4c46f22d88e321\logs\Layer04Node02-22880.stderr.log
2026-06-03T18:16:02.1791628+00:00	WorkerEvent	Layer07Node02	Closed; ExitCode=0; 
2026-06-03T18:16:02.1796637+00:00	PipelineCompleted	Layer07Node02	
2026-06-03T18:16:02.1801138+00:00	WorkerEvent	Layer04Node09	Closed; ExitCode=0; 
2026-06-03T18:16:02.1805781+00:00	PipelineCompleted	Layer04Node09	
2026-06-03T18:16:02.1819105+00:00	WorkerStarting	Layer04Node05	meta-pipeline
2026-06-03T18:16:02.3262050+00:00	WorkerStarted	Layer04Node05	11760
2026-06-03T18:16:02.3267200+00:00	WorkerControlPipe	Layer04Node05	meta-orchestration-05afab457cd5430ab53fe08ffa5c07be
2026-06-03T18:16:02.3271329+00:00	WorkerLog	Layer04Node05	stdout=C:\Users\jimmy\Desktop\meta-bi\Samples\Demos\MetaOrchestrationHairballCliIntegration\Runs\hairball-seed-20260530\RunArtifacts\runs\20260603-181533_745b3556c2b24d278b4c46f22d88e321\logs\Layer04Node05-11760.stdout.log; stderr=C:\Users\jimmy\Desktop\meta-bi\Samples\Demos\MetaOrchestrationHairballCliIntegration\Runs\hairball-seed-20260530\RunArtifacts\runs\20260603-181533_745b3556c2b24d278b4c46f22d88e321\logs\Layer04Node05-11760.stderr.log
2026-06-03T18:16:02.3275988+00:00	WorkerEvent	Layer04Node02	WorkerOnline; ExitCode=0; online
2026-06-03T18:16:02.3298614+00:00	WorkerStarting	Layer04Node08	meta-pipeline
2026-06-03T18:16:02.4505295+00:00	WorkerStarted	Layer04Node08	18692
2026-06-03T18:16:02.4509329+00:00	WorkerControlPipe	Layer04Node08	meta-orchestration-01f8f8bcff85472bba6b908d47a2def9
2026-06-03T18:16:02.4512838+00:00	WorkerLog	Layer04Node08	stdout=C:\Users\jimmy\Desktop\meta-bi\Samples\Demos\MetaOrchestrationHairballCliIntegration\Runs\hairball-seed-20260530\RunArtifacts\runs\20260603-181533_745b3556c2b24d278b4c46f22d88e321\logs\Layer04Node08-18692.stdout.log; stderr=C:\Users\jimmy\Desktop\meta-bi\Samples\Demos\MetaOrchestrationHairballCliIntegration\Runs\hairball-seed-20260530\RunArtifacts\runs\20260603-181533_745b3556c2b24d278b4c46f22d88e321\logs\Layer04Node08-18692.stderr.log
2026-06-03T18:16:02.4516570+00:00	WorkerEvent	Layer04Node05	WorkerOnline; ExitCode=0; online
2026-06-03T18:16:02.4522702+00:00	WorkerEvent	Layer06Node03	PipelineStarted; ExitCode=0; pipeline started
2026-06-03T18:16:02.4528688+00:00	WorkerEvent	Layer04Node05	WorkerReady; ExitCode=0; ready
2026-06-03T18:16:02.4598564+00:00	StartPipeline	Layer04Node05	Layer04Node05
2026-06-03T18:16:02.4606831+00:00	WorkerEvent	Layer06Node03.select-l06-n03	TaskReady; ExitCode=0; 
2026-06-03T18:16:02.4613152+00:00	WorkerEvent	Layer03Hub	PipelineStarted; ExitCode=0; pipeline started
2026-06-03T18:16:02.4617874+00:00	WorkerEvent	Layer04Node02	WorkerReady; ExitCode=0; ready
2026-06-03T18:16:02.4624032+00:00	StartPipeline	Layer04Node02	Layer04Node02
2026-06-03T18:16:02.4628900+00:00	WorkerEvent	Layer04Node01	PipelineStarted; ExitCode=0; pipeline started
2026-06-03T18:16:02.4633497+00:00	WorkerEvent	Layer03Hub.hub-l03-stage	TaskReady; ExitCode=0; 
2026-06-03T18:16:02.4651013+00:00	GrantTask	Layer03Hub.hub-l03-stage	Layer03Hub.hub-l03-stage; GrantId=grant-55; Attempt=1
2026-06-03T18:16:02.4656595+00:00	GrantTask	Layer06Node03.select-l06-n03	Layer06Node03.select-l06-n03; GrantId=grant-56; Attempt=1
2026-06-03T18:16:02.4660458+00:00	WorkerEvent	Layer04Node01.refresh-l04-n01	TaskReady; ExitCode=0; 
2026-06-03T18:16:02.4666266+00:00	WorkerEvent	Layer06Node03.select-l06-n03	GrantAccepted; ExitCode=0; 
2026-06-03T18:16:02.4671239+00:00	WorkerEvent	Layer03Hub.hub-l03-stage	GrantAccepted; ExitCode=0; 
2026-06-03T18:16:02.4687069+00:00	WorkerEvent	Layer06Node03.select-l06-n03	TaskStarted; ExitCode=0; 
2026-06-03T18:16:02.4706597+00:00	WorkerEvent	Layer03Hub.hub-l03-stage	TaskStarted; ExitCode=0; 
2026-06-03T18:16:02.4820780+00:00	WorkerEvent	Layer04Node08	WorkerOnline; ExitCode=0; online
2026-06-03T18:16:02.4851533+00:00	WorkerEvent	Layer04Node08	WorkerReady; ExitCode=0; ready
2026-06-03T18:16:02.4962563+00:00	StartPipeline	Layer04Node08	Layer04Node08
2026-06-03T18:16:02.6793226+00:00	WorkerEvent	Layer04Hub	PipelineStarted; ExitCode=0; pipeline started
2026-06-03T18:16:02.6821582+00:00	WorkerEvent	Layer04Hub.hub-l04-stage	TaskReady; ExitCode=0; 
2026-06-03T18:16:02.6979314+00:00	WorkerEvent	CompositeMart	PipelineStarted; ExitCode=0; pipeline started
2026-06-03T18:16:02.7004572+00:00	WorkerEvent	CompositeMart.composite-stage	TaskReady; ExitCode=0; 
2026-06-03T18:16:02.9163836+00:00	WorkerEvent	Layer06Node03.select-l06-n03	TaskSucceeded; ExitCode=0; 
2026-06-03T18:16:02.9172035+00:00	TaskSucceeded	Layer06Node03.select-l06-n03	0
2026-06-03T18:16:02.9209190+00:00	WorkerEvent	Layer03Hub.hub-l03-stage	TaskSucceeded; ExitCode=0; 
2026-06-03T18:16:02.9227416+00:00	TaskSucceeded	Layer03Hub.hub-l03-stage	0
2026-06-03T18:16:02.9244283+00:00	GrantTask	Layer04Node01.refresh-l04-n01	Layer04Node01.refresh-l04-n01; GrantId=grant-57; Attempt=1
2026-06-03T18:16:02.9248565+00:00	WorkerDeferredForCapacity	AuditHairball	Deferred by orchestration to honor max active worker process capacity.
2026-06-03T18:16:02.9252032+00:00	StopPipeline	AuditHairball	Deferred by orchestration to honor max active worker process capacity.
2026-06-03T18:16:02.9256980+00:00	WorkerEvent	Layer04Node01.refresh-l04-n01	GrantAccepted; ExitCode=0; 
2026-06-03T18:16:02.9263264+00:00	WorkerEvent	Layer03Hub.hub-l03-curate	TaskReady; ExitCode=0; 
2026-06-03T18:16:02.9271032+00:00	WorkerEvent	Layer04Node01.refresh-l04-n01	TaskStarted; ExitCode=0; 
2026-06-03T18:16:02.9286568+00:00	GrantTask	Layer03Hub.hub-l03-curate	Layer03Hub.hub-l03-curate; GrantId=grant-58; Attempt=1
2026-06-03T18:16:02.9291897+00:00	WorkerDeferredForCapacity	BridgeL03L04	Deferred by orchestration to honor max active worker process capacity.
2026-06-03T18:16:02.9295796+00:00	StopPipeline	BridgeL03L04	Deferred by orchestration to honor max active worker process capacity.
2026-06-03T18:16:02.9316576+00:00	WorkerDeferredForCapacity	BridgeL05L06	Deferred by orchestration to honor max active worker process capacity.
2026-06-03T18:16:02.9320631+00:00	StopPipeline	BridgeL05L06	Deferred by orchestration to honor max active worker process capacity.
2026-06-03T18:16:02.9326641+00:00	WorkerEvent	Layer03Hub.hub-l03-curate	GrantAccepted; ExitCode=0; 
2026-06-03T18:16:02.9340230+00:00	WorkerDeferredForCapacity	BridgeL07L08	Deferred by orchestration to honor max active worker process capacity.
2026-06-03T18:16:02.9344841+00:00	StopPipeline	BridgeL07L08	Deferred by orchestration to honor max active worker process capacity.
2026-06-03T18:16:02.9349708+00:00	WorkerEvent	Layer03Hub.hub-l03-curate	TaskStarted; ExitCode=0; 
2026-06-03T18:16:02.9391621+00:00	WorkerDeferredForCapacity	CompositeMart	Deferred by orchestration to honor max active worker process capacity.
2026-06-03T18:16:02.9399247+00:00	StopPipeline	CompositeMart	Deferred by orchestration to honor max active worker process capacity.
2026-06-03T18:16:02.9414459+00:00	WorkerDeferredForCapacity	Layer04Hub	Deferred by orchestration to honor max active worker process capacity.
2026-06-03T18:16:02.9419751+00:00	StopPipeline	Layer04Hub	Deferred by orchestration to honor max active worker process capacity.
2026-06-03T18:16:02.9557070+00:00	WorkerEvent	Layer06Node03	Closed; ExitCode=0; 
2026-06-03T18:16:02.9565691+00:00	PipelineCompleted	Layer06Node03	
2026-06-03T18:16:02.9585195+00:00	WorkerStarting	Layer07Node07	meta-pipeline
2026-06-03T18:16:03.1432376+00:00	WorkerStarted	Layer07Node07	3180
2026-06-03T18:16:03.1445106+00:00	WorkerControlPipe	Layer07Node07	meta-orchestration-a22f4a3b2e894930be7e8825ac8ca065
2026-06-03T18:16:03.1452109+00:00	WorkerLog	Layer07Node07	stdout=C:\Users\jimmy\Desktop\meta-bi\Samples\Demos\MetaOrchestrationHairballCliIntegration\Runs\hairball-seed-20260530\RunArtifacts\runs\20260603-181533_745b3556c2b24d278b4c46f22d88e321\logs\Layer07Node07-3180.stdout.log; stderr=C:\Users\jimmy\Desktop\meta-bi\Samples\Demos\MetaOrchestrationHairballCliIntegration\Runs\hairball-seed-20260530\RunArtifacts\runs\20260603-181533_745b3556c2b24d278b4c46f22d88e321\logs\Layer07Node07-3180.stderr.log
2026-06-03T18:16:03.1458665+00:00	WorkerEvent	BridgeL07L08	Closed; ExitCode=0; 
2026-06-03T18:16:03.1466376+00:00	WorkerDeferred	BridgeL07L08	ResumeTaskId=BridgeL07L08.bridge-l07-l08-collect
2026-06-03T18:16:03.1471162+00:00	WorkerEvent	BridgeL05L06	Closed; ExitCode=0; 
2026-06-03T18:16:03.1477827+00:00	WorkerDeferred	BridgeL05L06	ResumeTaskId=BridgeL05L06.bridge-l05-l06-collect
2026-06-03T18:16:03.1481721+00:00	WorkerEvent	BridgeL03L04	Closed; ExitCode=0; 
2026-06-03T18:16:03.1487516+00:00	WorkerDeferred	BridgeL03L04	ResumeTaskId=BridgeL03L04.bridge-l03-l04-collect
2026-06-03T18:16:03.1491122+00:00	WorkerEvent	Layer04Hub	Closed; ExitCode=0; 
2026-06-03T18:16:03.1496573+00:00	WorkerDeferred	Layer04Hub	ResumeTaskId=Layer04Hub.hub-l04-stage
2026-06-03T18:16:03.1499940+00:00	WorkerEvent	Layer03Hub.hub-l03-curate	TaskSucceeded; ExitCode=0; 
2026-06-03T18:16:03.1505129+00:00	TaskSucceeded	Layer03Hub.hub-l03-curate	0
2026-06-03T18:16:03.1509506+00:00	WorkerEvent	AuditHairball	Closed; ExitCode=0; 
2026-06-03T18:16:03.1514259+00:00	WorkerDeferred	AuditHairball	ResumeTaskId=AuditHairball.audit-hairball
2026-06-03T18:16:03.1517792+00:00	WorkerEvent	CompositeMart	Closed; ExitCode=0; 
2026-06-03T18:16:03.1522250+00:00	WorkerDeferred	CompositeMart	ResumeTaskId=CompositeMart.composite-stage
2026-06-03T18:16:03.1533372+00:00	WorkerStarting	Layer05Node03	meta-pipeline
2026-06-03T18:16:03.2980988+00:00	WorkerStarted	Layer05Node03	15904
2026-06-03T18:16:03.2985419+00:00	WorkerControlPipe	Layer05Node03	meta-orchestration-5e4e4614b6f147d1937d0376c8a5af76
2026-06-03T18:16:03.2988283+00:00	WorkerLog	Layer05Node03	stdout=C:\Users\jimmy\Desktop\meta-bi\Samples\Demos\MetaOrchestrationHairballCliIntegration\Runs\hairball-seed-20260530\RunArtifacts\runs\20260603-181533_745b3556c2b24d278b4c46f22d88e321\logs\Layer05Node03-15904.stdout.log; stderr=C:\Users\jimmy\Desktop\meta-bi\Samples\Demos\MetaOrchestrationHairballCliIntegration\Runs\hairball-seed-20260530\RunArtifacts\runs\20260603-181533_745b3556c2b24d278b4c46f22d88e321\logs\Layer05Node03-15904.stderr.log
2026-06-03T18:16:03.2992154+00:00	WorkerEvent	Layer04Node05	PipelineStarted; ExitCode=0; pipeline started
2026-06-03T18:16:03.2999538+00:00	WorkerEvent	Layer07Node07	WorkerOnline; ExitCode=0; online
2026-06-03T18:16:03.3006613+00:00	WorkerEvent	Layer04Node05.select-l04-n05	TaskReady; ExitCode=0; 
2026-06-03T18:16:03.3012865+00:00	WorkerEvent	Layer07Node07	WorkerReady; ExitCode=0; ready
2026-06-03T18:16:03.3058363+00:00	StartPipeline	Layer07Node07	Layer07Node07
2026-06-03T18:16:03.3078908+00:00	WorkerEvent	Layer03Hub.hub-l03-publish	TaskReady; ExitCode=0; 
2026-06-03T18:16:03.3099857+00:00	WorkerEvent	Layer04Node02	PipelineStarted; ExitCode=0; pipeline started
2026-06-03T18:16:03.3144972+00:00	GrantTask	Layer03Hub.hub-l03-publish	Layer03Hub.hub-l03-publish; GrantId=grant-59; Attempt=1
2026-06-03T18:16:03.3151191+00:00	GrantTask	Layer04Node05.select-l04-n05	Layer04Node05.select-l04-n05; GrantId=grant-60; Attempt=1
2026-06-03T18:16:03.3155441+00:00	WorkerResuming	AuditHairball	ResumeTaskId=AuditHairball.audit-hairball; Executable=meta-pipeline
2026-06-03T18:16:03.4422366+00:00	WorkerStarted	AuditHairball	1976
2026-06-03T18:16:03.4429975+00:00	WorkerControlPipe	AuditHairball	meta-orchestration-8e3583449b6440d6968664b0c36ce727
2026-06-03T18:16:03.4434907+00:00	WorkerLog	AuditHairball	stdout=C:\Users\jimmy\Desktop\meta-bi\Samples\Demos\MetaOrchestrationHairballCliIntegration\Runs\hairball-seed-20260530\RunArtifacts\runs\20260603-181533_745b3556c2b24d278b4c46f22d88e321\logs\AuditHairball-1976.stdout.log; stderr=C:\Users\jimmy\Desktop\meta-bi\Samples\Demos\MetaOrchestrationHairballCliIntegration\Runs\hairball-seed-20260530\RunArtifacts\runs\20260603-181533_745b3556c2b24d278b4c46f22d88e321\logs\AuditHairball-1976.stderr.log
2026-06-03T18:16:03.4442014+00:00	WorkerEvent	Layer04Node08	PipelineStarted; ExitCode=0; pipeline started
2026-06-03T18:16:03.4450618+00:00	WorkerEvent	Layer04Node05.select-l04-n05	GrantAccepted; ExitCode=0; 
2026-06-03T18:16:03.4457744+00:00	WorkerEvent	Layer04Node08.select-l04-n08	TaskReady; ExitCode=0; 
2026-06-03T18:16:03.4464545+00:00	WorkerEvent	Layer04Node05.select-l04-n05	TaskStarted; ExitCode=0; 
2026-06-03T18:16:03.4470245+00:00	WorkerEvent	Layer03Hub.hub-l03-publish	GrantAccepted; ExitCode=0; 
2026-06-03T18:16:03.4475990+00:00	WorkerEvent	Layer05Node03	WorkerOnline; ExitCode=0; online
2026-06-03T18:16:03.4484729+00:00	WorkerEvent	Layer03Hub.hub-l03-publish	TaskStarted; ExitCode=0; 
2026-06-03T18:16:03.4491947+00:00	WorkerEvent	Layer05Node03	WorkerReady; ExitCode=0; ready
2026-06-03T18:16:03.4613596+00:00	StartPipeline	Layer05Node03	Layer05Node03
2026-06-03T18:16:03.4621379+00:00	WorkerEvent	Layer04Node02.export-l04-n02	TaskReady; ExitCode=0; 
2026-06-03T18:16:03.4645504+00:00	GrantTask	Layer04Node02.export-l04-n02	Layer04Node02.export-l04-n02; GrantId=grant-61; Attempt=1
2026-06-03T18:16:03.4651244+00:00	GrantTask	Layer04Node08.select-l04-n08	Layer04Node08.select-l04-n08; GrantId=grant-62; Attempt=1
2026-06-03T18:16:03.4655470+00:00	WorkerResuming	BridgeL03L04	ResumeTaskId=BridgeL03L04.bridge-l03-l04-collect; Executable=meta-pipeline
2026-06-03T18:16:03.6171872+00:00	WorkerStarted	BridgeL03L04	27008
2026-06-03T18:16:03.6175950+00:00	WorkerControlPipe	BridgeL03L04	meta-orchestration-7e8b0a60eb0444adabe451c67b00e439
2026-06-03T18:16:03.6179166+00:00	WorkerLog	BridgeL03L04	stdout=C:\Users\jimmy\Desktop\meta-bi\Samples\Demos\MetaOrchestrationHairballCliIntegration\Runs\hairball-seed-20260530\RunArtifacts\runs\20260603-181533_745b3556c2b24d278b4c46f22d88e321\logs\BridgeL03L04-27008.stdout.log; stderr=C:\Users\jimmy\Desktop\meta-bi\Samples\Demos\MetaOrchestrationHairballCliIntegration\Runs\hairball-seed-20260530\RunArtifacts\runs\20260603-181533_745b3556c2b24d278b4c46f22d88e321\logs\BridgeL03L04-27008.stderr.log
2026-06-03T18:16:03.6183164+00:00	WorkerEvent	Layer04Node01.refresh-l04-n01	TaskSucceeded; ExitCode=0; 
2026-06-03T18:16:03.6188524+00:00	TaskSucceeded	Layer04Node01.refresh-l04-n01	0
2026-06-03T18:16:03.6194354+00:00	PipelineCompleted	Layer04Node01	
2026-06-03T18:16:03.6208264+00:00	WorkerEvent	Layer04Node08.select-l04-n08	GrantAccepted; ExitCode=0; 
2026-06-03T18:16:03.6219364+00:00	WorkerEvent	AuditHairball	WorkerOnline; ExitCode=0; online
2026-06-03T18:16:03.6266974+00:00	WorkerEvent	Layer04Node08.select-l04-n08	TaskStarted; ExitCode=0; 
2026-06-03T18:16:03.6276564+00:00	WorkerEvent	Layer04Node02.export-l04-n02	GrantAccepted; ExitCode=0; 
2026-06-03T18:16:03.6295427+00:00	WorkerResuming	BridgeL05L06	ResumeTaskId=BridgeL05L06.bridge-l05-l06-collect; Executable=meta-pipeline
2026-06-03T18:16:03.7552293+00:00	WorkerStarted	BridgeL05L06	26584
2026-06-03T18:16:03.7557608+00:00	WorkerControlPipe	BridgeL05L06	meta-orchestration-6c4c1ca9a630460280ea47c2258affa5
2026-06-03T18:16:03.7561690+00:00	WorkerLog	BridgeL05L06	stdout=C:\Users\jimmy\Desktop\meta-bi\Samples\Demos\MetaOrchestrationHairballCliIntegration\Runs\hairball-seed-20260530\RunArtifacts\runs\20260603-181533_745b3556c2b24d278b4c46f22d88e321\logs\BridgeL05L06-26584.stdout.log; stderr=C:\Users\jimmy\Desktop\meta-bi\Samples\Demos\MetaOrchestrationHairballCliIntegration\Runs\hairball-seed-20260530\RunArtifacts\runs\20260603-181533_745b3556c2b24d278b4c46f22d88e321\logs\BridgeL05L06-26584.stderr.log
2026-06-03T18:16:03.7565472+00:00	WorkerEvent	BridgeL03L04	WorkerOnline; ExitCode=0; online
2026-06-03T18:16:03.7574469+00:00	WorkerEvent	Layer03Hub.hub-l03-publish	TaskSucceeded; ExitCode=0; 
2026-06-03T18:16:03.7583549+00:00	TaskSucceeded	Layer03Hub.hub-l03-publish	0
2026-06-03T18:16:03.7589540+00:00	PipelineCompleted	Layer03Hub	
2026-06-03T18:16:03.7597869+00:00	WorkerEvent	BridgeL03L04	WorkerReady; ExitCode=0; ready
2026-06-03T18:16:03.7624028+00:00	StartPipeline	BridgeL03L04	BridgeL03L04
2026-06-03T18:16:03.7632278+00:00	WorkerEvent	AuditHairball	WorkerReady; ExitCode=0; ready
2026-06-03T18:16:03.7641464+00:00	StartPipeline	AuditHairball	AuditHairball
2026-06-03T18:16:03.7649263+00:00	WorkerEvent	Layer04Node02.export-l04-n02	TaskStarted; ExitCode=0; 
2026-06-03T18:16:03.7663421+00:00	WorkerStarting	Layer05Node02	meta-pipeline
2026-06-03T18:16:03.9104052+00:00	WorkerStarted	Layer05Node02	20336
2026-06-03T18:16:03.9112872+00:00	WorkerControlPipe	Layer05Node02	meta-orchestration-f754ac1c43e64e07897f338a9864bf73
2026-06-03T18:16:03.9116941+00:00	WorkerLog	Layer05Node02	stdout=C:\Users\jimmy\Desktop\meta-bi\Samples\Demos\MetaOrchestrationHairballCliIntegration\Runs\hairball-seed-20260530\RunArtifacts\runs\20260603-181533_745b3556c2b24d278b4c46f22d88e321\logs\Layer05Node02-20336.stdout.log; stderr=C:\Users\jimmy\Desktop\meta-bi\Samples\Demos\MetaOrchestrationHairballCliIntegration\Runs\hairball-seed-20260530\RunArtifacts\runs\20260603-181533_745b3556c2b24d278b4c46f22d88e321\logs\Layer05Node02-20336.stderr.log
2026-06-03T18:16:03.9121509+00:00	WorkerEvent	BridgeL05L06	WorkerOnline; ExitCode=0; online
2026-06-03T18:16:03.9139172+00:00	WorkerResuming	BridgeL07L08	ResumeTaskId=BridgeL07L08.bridge-l07-l08-collect; Executable=meta-pipeline
2026-06-03T18:16:04.0587684+00:00	WorkerStarted	BridgeL07L08	5452
2026-06-03T18:16:04.0594449+00:00	WorkerControlPipe	BridgeL07L08	meta-orchestration-044291526c1c4b9982b39acc8edb2d94
2026-06-03T18:16:04.0599108+00:00	WorkerLog	BridgeL07L08	stdout=C:\Users\jimmy\Desktop\meta-bi\Samples\Demos\MetaOrchestrationHairballCliIntegration\Runs\hairball-seed-20260530\RunArtifacts\runs\20260603-181533_745b3556c2b24d278b4c46f22d88e321\logs\BridgeL07L08-5452.stdout.log; stderr=C:\Users\jimmy\Desktop\meta-bi\Samples\Demos\MetaOrchestrationHairballCliIntegration\Runs\hairball-seed-20260530\RunArtifacts\runs\20260603-181533_745b3556c2b24d278b4c46f22d88e321\logs\BridgeL07L08-5452.stderr.log
2026-06-03T18:16:04.0611700+00:00	WorkerEvent	BridgeL05L06	WorkerReady; ExitCode=0; ready
2026-06-03T18:16:04.0622661+00:00	StartPipeline	BridgeL05L06	BridgeL05L06
2026-06-03T18:16:04.0630164+00:00	WorkerEvent	Layer04Node05.select-l04-n05	TaskSucceeded; ExitCode=0; 
2026-06-03T18:16:04.0636826+00:00	TaskSucceeded	Layer04Node05.select-l04-n05	0
2026-06-03T18:16:04.0642115+00:00	PipelineCompleted	Layer04Node05	
2026-06-03T18:16:04.0645598+00:00	WorkerEvent	Layer05Node02	WorkerOnline; ExitCode=0; online
2026-06-03T18:16:04.0657679+00:00	WorkerStarting	Layer07Node04	meta-pipeline
2026-06-03T18:16:04.2458664+00:00	WorkerStarted	Layer07Node04	25920
2026-06-03T18:16:04.2466315+00:00	WorkerControlPipe	Layer07Node04	meta-orchestration-708532b1908b413983d4924cedccf8c7
2026-06-03T18:16:04.2470224+00:00	WorkerLog	Layer07Node04	stdout=C:\Users\jimmy\Desktop\meta-bi\Samples\Demos\MetaOrchestrationHairballCliIntegration\Runs\hairball-seed-20260530\RunArtifacts\runs\20260603-181533_745b3556c2b24d278b4c46f22d88e321\logs\Layer07Node04-25920.stdout.log; stderr=C:\Users\jimmy\Desktop\meta-bi\Samples\Demos\MetaOrchestrationHairballCliIntegration\Runs\hairball-seed-20260530\RunArtifacts\runs\20260603-181533_745b3556c2b24d278b4c46f22d88e321\logs\Layer07Node04-25920.stderr.log
2026-06-03T18:16:04.2476706+00:00	WorkerEvent	BridgeL07L08	WorkerOnline; ExitCode=0; online
2026-06-03T18:16:04.2484407+00:00	WorkerEvent	Layer04Node08.select-l04-n08	TaskSucceeded; ExitCode=0; 
2026-06-03T18:16:04.2493283+00:00	TaskSucceeded	Layer04Node08.select-l04-n08	0
2026-06-03T18:16:04.2500035+00:00	PipelineCompleted	Layer04Node08	
2026-06-03T18:16:04.2504277+00:00	WorkerEvent	BridgeL07L08	WorkerReady; ExitCode=0; ready
2026-06-03T18:16:04.2572498+00:00	StartPipeline	BridgeL07L08	BridgeL07L08
2026-06-03T18:16:04.2586674+00:00	WorkerEvent	Layer05Node02	WorkerReady; ExitCode=0; ready
2026-06-03T18:16:04.2597203+00:00	StartPipeline	Layer05Node02	Layer05Node02
2026-06-03T18:16:04.2608095+00:00	WorkerResuming	Layer04Hub	ResumeTaskId=Layer04Hub.hub-l04-stage; Executable=meta-pipeline
2026-06-03T18:16:04.4754640+00:00	WorkerStarted	Layer04Hub	13704
2026-06-03T18:16:04.4760013+00:00	WorkerControlPipe	Layer04Hub	meta-orchestration-cea27224ad5f4ba8b9b51189e45a6936
2026-06-03T18:16:04.4765164+00:00	WorkerLog	Layer04Hub	stdout=C:\Users\jimmy\Desktop\meta-bi\Samples\Demos\MetaOrchestrationHairballCliIntegration\Runs\hairball-seed-20260530\RunArtifacts\runs\20260603-181533_745b3556c2b24d278b4c46f22d88e321\logs\Layer04Hub-13704.stdout.log; stderr=C:\Users\jimmy\Desktop\meta-bi\Samples\Demos\MetaOrchestrationHairballCliIntegration\Runs\hairball-seed-20260530\RunArtifacts\runs\20260603-181533_745b3556c2b24d278b4c46f22d88e321\logs\Layer04Hub-13704.stderr.log
2026-06-03T18:16:04.4769629+00:00	WorkerEvent	Layer07Node04	WorkerOnline; ExitCode=0; online
2026-06-03T18:16:04.4776707+00:00	WorkerEvent	Layer07Node07	PipelineStarted; ExitCode=0; pipeline started
2026-06-03T18:16:04.4783908+00:00	WorkerEvent	Layer05Node03	PipelineStarted; ExitCode=0; pipeline started
2026-06-03T18:16:04.4791109+00:00	WorkerEvent	Layer04Node02.export-l04-n02	TaskSucceeded; ExitCode=0; 
2026-06-03T18:16:04.4796793+00:00	TaskSucceeded	Layer04Node02.export-l04-n02	0
2026-06-03T18:16:04.4802557+00:00	PipelineCompleted	Layer04Node02	
2026-06-03T18:16:04.4810781+00:00	WorkerStarting	Layer05Node07	meta-pipeline
2026-06-03T18:16:04.6922488+00:00	WorkerStarted	Layer05Node07	15792
2026-06-03T18:16:04.6949910+00:00	WorkerControlPipe	Layer05Node07	meta-orchestration-634061a4cff9495794828e56bbd7ce48
2026-06-03T18:16:04.6954438+00:00	WorkerLog	Layer05Node07	stdout=C:\Users\jimmy\Desktop\meta-bi\Samples\Demos\MetaOrchestrationHairballCliIntegration\Runs\hairball-seed-20260530\RunArtifacts\runs\20260603-181533_745b3556c2b24d278b4c46f22d88e321\logs\Layer05Node07-15792.stdout.log; stderr=C:\Users\jimmy\Desktop\meta-bi\Samples\Demos\MetaOrchestrationHairballCliIntegration\Runs\hairball-seed-20260530\RunArtifacts\runs\20260603-181533_745b3556c2b24d278b4c46f22d88e321\logs\Layer05Node07-15792.stderr.log
2026-06-03T18:16:04.6958582+00:00	WorkerEvent	Layer04Hub	WorkerOnline; ExitCode=0; online
2026-06-03T18:16:04.6964821+00:00	WorkerEvent	Layer07Node04	WorkerReady; ExitCode=0; ready
2026-06-03T18:16:04.6973414+00:00	StartPipeline	Layer07Node04	Layer07Node04
2026-06-03T18:16:04.6980844+00:00	WorkerEvent	Layer04Hub	WorkerReady; ExitCode=0; ready
2026-06-03T18:16:04.7155119+00:00	StartPipeline	Layer04Hub	Layer04Hub
2026-06-03T18:16:04.7165553+00:00	WorkerEvent	Layer07Node07.select-l07-n07	TaskReady; ExitCode=0; 
2026-06-03T18:16:04.7172807+00:00	WorkerEvent	Layer05Node03.refresh-l05-n03	TaskReady; ExitCode=0; 
2026-06-03T18:16:04.7288750+00:00	GrantTask	Layer05Node03.refresh-l05-n03	Layer05Node03.refresh-l05-n03; GrantId=grant-63; Attempt=1
2026-06-03T18:16:04.7294693+00:00	GrantTask	Layer07Node07.select-l07-n07	Layer07Node07.select-l07-n07; GrantId=grant-64; Attempt=1
2026-06-03T18:16:04.7298550+00:00	WorkerResuming	CompositeMart	ResumeTaskId=CompositeMart.composite-stage; Executable=meta-pipeline
2026-06-03T18:16:04.9396875+00:00	WorkerStarted	CompositeMart	29932
2026-06-03T18:16:04.9402802+00:00	WorkerControlPipe	CompositeMart	meta-orchestration-471aa1ab953e44f0ae569e061bf752a1
2026-06-03T18:16:04.9406794+00:00	WorkerLog	CompositeMart	stdout=C:\Users\jimmy\Desktop\meta-bi\Samples\Demos\MetaOrchestrationHairballCliIntegration\Runs\hairball-seed-20260530\RunArtifacts\runs\20260603-181533_745b3556c2b24d278b4c46f22d88e321\logs\CompositeMart-29932.stdout.log; stderr=C:\Users\jimmy\Desktop\meta-bi\Samples\Demos\MetaOrchestrationHairballCliIntegration\Runs\hairball-seed-20260530\RunArtifacts\runs\20260603-181533_745b3556c2b24d278b4c46f22d88e321\logs\CompositeMart-29932.stderr.log
2026-06-03T18:16:04.9411388+00:00	WorkerEvent	Layer07Node07.select-l07-n07	GrantAccepted; ExitCode=0; 
2026-06-03T18:16:04.9418637+00:00	WorkerEvent	AuditHairball	PipelineStarted; ExitCode=0; pipeline started
2026-06-03T18:16:04.9427237+00:00	WorkerEvent	Layer05Node03.refresh-l05-n03	GrantAccepted; ExitCode=0; 
2026-06-03T18:16:04.9434914+00:00	WorkerEvent	Layer05Node07	WorkerOnline; ExitCode=0; online
2026-06-03T18:16:04.9456751+00:00	WorkerStarting	Layer05Hub	meta-pipeline
2026-06-03T18:16:05.1441217+00:00	WorkerStarted	Layer05Hub	27044
2026-06-03T18:16:05.1446717+00:00	WorkerControlPipe	Layer05Hub	meta-orchestration-1c652f25fac544b195be9758d9723777
2026-06-03T18:16:05.1450722+00:00	WorkerLog	Layer05Hub	stdout=C:\Users\jimmy\Desktop\meta-bi\Samples\Demos\MetaOrchestrationHairballCliIntegration\Runs\hairball-seed-20260530\RunArtifacts\runs\20260603-181533_745b3556c2b24d278b4c46f22d88e321\logs\Layer05Hub-27044.stdout.log; stderr=C:\Users\jimmy\Desktop\meta-bi\Samples\Demos\MetaOrchestrationHairballCliIntegration\Runs\hairball-seed-20260530\RunArtifacts\runs\20260603-181533_745b3556c2b24d278b4c46f22d88e321\logs\Layer05Hub-27044.stderr.log
2026-06-03T18:16:05.1455586+00:00	WorkerEvent	CompositeMart	WorkerOnline; ExitCode=0; online
2026-06-03T18:16:05.1462906+00:00	WorkerEvent	Layer07Node07.select-l07-n07	TaskStarted; ExitCode=0; 
2026-06-03T18:16:05.1479361+00:00	WorkerEvent	AuditHairball.audit-hairball	TaskReady; ExitCode=0; 
2026-06-03T18:16:05.1486270+00:00	WorkerEvent	Layer05Node03.refresh-l05-n03	TaskStarted; ExitCode=0; 
2026-06-03T18:16:05.1492721+00:00	WorkerEvent	Layer05Node07	WorkerReady; ExitCode=0; ready
2026-06-03T18:16:05.1499652+00:00	StartPipeline	Layer05Node07	Layer05Node07
2026-06-03T18:16:05.1505732+00:00	WorkerEvent	CompositeMart	WorkerReady; ExitCode=0; ready
2026-06-03T18:16:05.1670466+00:00	StartPipeline	CompositeMart	CompositeMart
2026-06-03T18:16:05.1930888+00:00	WorkerEvent	Layer05Hub	WorkerOnline; ExitCode=0; online
2026-06-03T18:16:05.2096287+00:00	WorkerEvent	Layer05Hub	WorkerReady; ExitCode=0; ready
2026-06-03T18:16:05.2107053+00:00	StartPipeline	Layer05Hub	Layer05Hub
2026-06-03T18:16:05.2929371+00:00	WorkerEvent	BridgeL03L04	PipelineStarted; ExitCode=0; pipeline started
2026-06-03T18:16:05.2953950+00:00	WorkerEvent	BridgeL03L04.bridge-l03-l04-collect	TaskReady; ExitCode=0; 
2026-06-03T18:16:05.4645126+00:00	WorkerEvent	Layer05Node02	PipelineStarted; ExitCode=0; pipeline started
2026-06-03T18:16:05.4667775+00:00	WorkerEvent	Layer05Node02.select-l05-n02	TaskReady; ExitCode=0; 
2026-06-03T18:16:05.4717313+00:00	GrantTask	Layer05Node02.select-l05-n02	Layer05Node02.select-l05-n02; GrantId=grant-65; Attempt=1
2026-06-03T18:16:05.4740492+00:00	WorkerEvent	Layer05Node02.select-l05-n02	GrantAccepted; ExitCode=0; 
2026-06-03T18:16:05.4766602+00:00	WorkerEvent	Layer05Node02.select-l05-n02	TaskStarted; ExitCode=0; 
2026-06-03T18:16:05.6614347+00:00	WorkerEvent	BridgeL05L06	PipelineStarted; ExitCode=0; pipeline started
2026-06-03T18:16:05.6669980+00:00	WorkerEvent	BridgeL05L06.bridge-l05-l06-collect	TaskReady; ExitCode=0; 
2026-06-03T18:16:05.6985953+00:00	WorkerEvent	Layer05Node03.refresh-l05-n03	TaskSucceeded; ExitCode=0; 
2026-06-03T18:16:05.6995983+00:00	TaskSucceeded	Layer05Node03.refresh-l05-n03	0
2026-06-03T18:16:05.7006377+00:00	WorkerDeferredForCapacity	AuditHairball	Deferred by orchestration to honor max active worker process capacity.
2026-06-03T18:16:05.7011123+00:00	StopPipeline	AuditHairball	Deferred by orchestration to honor max active worker process capacity.
2026-06-03T18:16:05.7023460+00:00	WorkerDeferredForCapacity	BridgeL03L04	Deferred by orchestration to honor max active worker process capacity.
2026-06-03T18:16:05.7028841+00:00	StopPipeline	BridgeL03L04	Deferred by orchestration to honor max active worker process capacity.
2026-06-03T18:16:05.7040874+00:00	WorkerDeferredForCapacity	BridgeL05L06	Deferred by orchestration to honor max active worker process capacity.
2026-06-03T18:16:05.7046336+00:00	StopPipeline	BridgeL05L06	Deferred by orchestration to honor max active worker process capacity.
2026-06-03T18:16:05.7248116+00:00	WorkerEvent	AuditHairball	Closed; ExitCode=0; 
2026-06-03T18:16:05.7258110+00:00	WorkerDeferred	AuditHairball	ResumeTaskId=AuditHairball.audit-hairball
2026-06-03T18:16:05.7264158+00:00	WorkerEvent	BridgeL03L04	Closed; ExitCode=0; 
2026-06-03T18:16:05.7272659+00:00	WorkerDeferred	BridgeL03L04	ResumeTaskId=BridgeL03L04.bridge-l03-l04-collect
2026-06-03T18:16:05.7281504+00:00	WorkerStarting	Layer06Node04	meta-pipeline
2026-06-03T18:16:05.9126898+00:00	WorkerStarted	Layer06Node04	26940
2026-06-03T18:16:05.9133268+00:00	WorkerControlPipe	Layer06Node04	meta-orchestration-58ed302786e146dbbef2f2f9cfde2d09
2026-06-03T18:16:05.9137346+00:00	WorkerLog	Layer06Node04	stdout=C:\Users\jimmy\Desktop\meta-bi\Samples\Demos\MetaOrchestrationHairballCliIntegration\Runs\hairball-seed-20260530\RunArtifacts\runs\20260603-181533_745b3556c2b24d278b4c46f22d88e321\logs\Layer06Node04-26940.stdout.log; stderr=C:\Users\jimmy\Desktop\meta-bi\Samples\Demos\MetaOrchestrationHairballCliIntegration\Runs\hairball-seed-20260530\RunArtifacts\runs\20260603-181533_745b3556c2b24d278b4c46f22d88e321\logs\Layer06Node04-26940.stderr.log
2026-06-03T18:16:05.9142289+00:00	WorkerEvent	BridgeL05L06	Closed; ExitCode=0; 
2026-06-03T18:16:05.9149999+00:00	WorkerDeferred	BridgeL05L06	ResumeTaskId=BridgeL05L06.bridge-l05-l06-collect
2026-06-03T18:16:05.9155509+00:00	WorkerEvent	BridgeL07L08	PipelineStarted; ExitCode=0; pipeline started
2026-06-03T18:16:05.9162799+00:00	WorkerEvent	Layer07Node04	PipelineStarted; ExitCode=0; pipeline started
2026-06-03T18:16:05.9170265+00:00	WorkerEvent	BridgeL07L08.bridge-l07-l08-collect	TaskReady; ExitCode=0; 
2026-06-03T18:16:05.9178750+00:00	WorkerEvent	Layer07Node04.select-l07-n04	TaskReady; ExitCode=0; 
2026-06-03T18:16:05.9186369+00:00	WorkerEvent	Layer07Node07.select-l07-n07	TaskSucceeded; ExitCode=0; 
2026-06-03T18:16:05.9206033+00:00	TaskSucceeded	Layer07Node07.select-l07-n07	0
2026-06-03T18:16:05.9218579+00:00	PipelineCompleted	Layer07Node07	
2026-06-03T18:16:05.9223417+00:00	WorkerEvent	Layer05Node03	Closed; ExitCode=0; 
2026-06-03T18:16:05.9230293+00:00	PipelineCompleted	Layer05Node03	
2026-06-03T18:16:05.9252307+00:00	GrantTask	Layer07Node04.select-l07-n04	Layer07Node04.select-l07-n04; GrantId=grant-66; Attempt=1
2026-06-03T18:16:05.9257199+00:00	WorkerResuming	AuditHairball	ResumeTaskId=AuditHairball.audit-hairball; Executable=meta-pipeline
2026-06-03T18:16:06.1463503+00:00	WorkerStarted	AuditHairball	27912
2026-06-03T18:16:06.1469247+00:00	WorkerControlPipe	AuditHairball	meta-orchestration-9780504c3a4847dc84d73596b5778e33
2026-06-03T18:16:06.1473151+00:00	WorkerLog	AuditHairball	stdout=C:\Users\jimmy\Desktop\meta-bi\Samples\Demos\MetaOrchestrationHairballCliIntegration\Runs\hairball-seed-20260530\RunArtifacts\runs\20260603-181533_745b3556c2b24d278b4c46f22d88e321\logs\AuditHairball-27912.stdout.log; stderr=C:\Users\jimmy\Desktop\meta-bi\Samples\Demos\MetaOrchestrationHairballCliIntegration\Runs\hairball-seed-20260530\RunArtifacts\runs\20260603-181533_745b3556c2b24d278b4c46f22d88e321\logs\AuditHairball-27912.stderr.log
2026-06-03T18:16:06.1478161+00:00	WorkerEvent	Layer04Hub	PipelineStarted; ExitCode=0; pipeline started
2026-06-03T18:16:06.1484797+00:00	WorkerEvent	Layer07Node04.select-l07-n04	GrantAccepted; ExitCode=0; 
2026-06-03T18:16:06.1492630+00:00	WorkerEvent	Layer06Node04	WorkerOnline; ExitCode=0; online
2026-06-03T18:16:06.1512286+00:00	WorkerResuming	BridgeL03L04	ResumeTaskId=BridgeL03L04.bridge-l03-l04-collect; Executable=meta-pipeline
2026-06-03T18:16:06.3323963+00:00	WorkerStarted	BridgeL03L04	23112
2026-06-03T18:16:06.3328853+00:00	WorkerControlPipe	BridgeL03L04	meta-orchestration-6099a8ec4c884b2081b3b0d6fc3325a9
2026-06-03T18:16:06.3332594+00:00	WorkerLog	BridgeL03L04	stdout=C:\Users\jimmy\Desktop\meta-bi\Samples\Demos\MetaOrchestrationHairballCliIntegration\Runs\hairball-seed-20260530\RunArtifacts\runs\20260603-181533_745b3556c2b24d278b4c46f22d88e321\logs\BridgeL03L04-23112.stdout.log; stderr=C:\Users\jimmy\Desktop\meta-bi\Samples\Demos\MetaOrchestrationHairballCliIntegration\Runs\hairball-seed-20260530\RunArtifacts\runs\20260603-181533_745b3556c2b24d278b4c46f22d88e321\logs\BridgeL03L04-23112.stderr.log
2026-06-03T18:16:06.3337017+00:00	WorkerEvent	Layer04Hub.hub-l04-stage	TaskReady; ExitCode=0; 
2026-06-03T18:16:06.3345116+00:00	WorkerEvent	Layer07Node04.select-l07-n04	TaskStarted; ExitCode=0; 
2026-06-03T18:16:06.3356159+00:00	WorkerEvent	Layer06Node04	WorkerReady; ExitCode=0; ready
2026-06-03T18:16:06.3369759+00:00	StartPipeline	Layer06Node04	Layer06Node04
2026-06-03T18:16:06.3384355+00:00	WorkerEvent	Layer05Node02.select-l05-n02	TaskSucceeded; ExitCode=0; 
2026-06-03T18:16:06.3392763+00:00	TaskSucceeded	Layer05Node02.select-l05-n02	0
2026-06-03T18:16:06.3400410+00:00	PipelineCompleted	Layer05Node02	
2026-06-03T18:16:06.3405528+00:00	WorkerEvent	AuditHairball	WorkerOnline; ExitCode=0; online
2026-06-03T18:16:06.3413640+00:00	WorkerEvent	Layer05Node07	PipelineStarted; ExitCode=0; pipeline started
2026-06-03T18:16:06.3435575+00:00	GrantTask	Layer04Hub.hub-l04-stage	Layer04Hub.hub-l04-stage; GrantId=grant-67; Attempt=1
2026-06-03T18:16:06.3440598+00:00	WorkerStarting	Layer08Node05	meta-pipeline
2026-06-03T18:16:06.5169422+00:00	WorkerStarted	Layer08Node05	6724
2026-06-03T18:16:06.5175633+00:00	WorkerControlPipe	Layer08Node05	meta-orchestration-5d78d5be75564d84923d8297b074e299
2026-06-03T18:16:06.5193769+00:00	WorkerLog	Layer08Node05	stdout=C:\Users\jimmy\Desktop\meta-bi\Samples\Demos\MetaOrchestrationHairballCliIntegration\Runs\hairball-seed-20260530\RunArtifacts\runs\20260603-181533_745b3556c2b24d278b4c46f22d88e321\logs\Layer08Node05-6724.stdout.log; stderr=C:\Users\jimmy\Desktop\meta-bi\Samples\Demos\MetaOrchestrationHairballCliIntegration\Runs\hairball-seed-20260530\RunArtifacts\runs\20260603-181533_745b3556c2b24d278b4c46f22d88e321\logs\Layer08Node05-6724.stderr.log
2026-06-03T18:16:06.5200425+00:00	WorkerEvent	Layer04Hub.hub-l04-stage	GrantAccepted; ExitCode=0; 
2026-06-03T18:16:06.5209409+00:00	WorkerEvent	BridgeL03L04	WorkerOnline; ExitCode=0; online
2026-06-03T18:16:06.5218638+00:00	WorkerEvent	AuditHairball	WorkerReady; ExitCode=0; ready
2026-06-03T18:16:06.5277164+00:00	StartPipeline	AuditHairball	AuditHairball
2026-06-03T18:16:06.5292111+00:00	WorkerEvent	Layer04Hub.hub-l04-stage	TaskStarted; ExitCode=0; 
2026-06-03T18:16:06.5299120+00:00	WorkerEvent	BridgeL03L04	WorkerReady; ExitCode=0; ready
2026-06-03T18:16:06.5424208+00:00	StartPipeline	BridgeL03L04	BridgeL03L04
2026-06-03T18:16:06.5435868+00:00	WorkerEvent	Layer05Node07.export-l05-n07	TaskReady; ExitCode=0; 
2026-06-03T18:16:06.5463930+00:00	GrantTask	Layer05Node07.export-l05-n07	Layer05Node07.export-l05-n07; GrantId=grant-68; Attempt=1
2026-06-03T18:16:06.5469908+00:00	WorkerResuming	BridgeL05L06	ResumeTaskId=BridgeL05L06.bridge-l05-l06-collect; Executable=meta-pipeline
2026-06-03T18:16:06.7306992+00:00	WorkerStarted	BridgeL05L06	25664
2026-06-03T18:16:06.7313807+00:00	WorkerControlPipe	BridgeL05L06	meta-orchestration-1a06631d8c8c4e46946b6582cf0d7481
2026-06-03T18:16:06.7325700+00:00	WorkerLog	BridgeL05L06	stdout=C:\Users\jimmy\Desktop\meta-bi\Samples\Demos\MetaOrchestrationHairballCliIntegration\Runs\hairball-seed-20260530\RunArtifacts\runs\20260603-181533_745b3556c2b24d278b4c46f22d88e321\logs\BridgeL05L06-25664.stdout.log; stderr=C:\Users\jimmy\Desktop\meta-bi\Samples\Demos\MetaOrchestrationHairballCliIntegration\Runs\hairball-seed-20260530\RunArtifacts\runs\20260603-181533_745b3556c2b24d278b4c46f22d88e321\logs\BridgeL05L06-25664.stderr.log
2026-06-03T18:16:06.7336418+00:00	WorkerEvent	Layer05Hub	PipelineStarted; ExitCode=0; pipeline started
2026-06-03T18:16:06.7441717+00:00	WorkerEvent	Layer08Node05	WorkerOnline; ExitCode=0; online
2026-06-03T18:16:06.7468992+00:00	WorkerEvent	Layer05Hub.hub-l05-stage	TaskReady; ExitCode=0; 
2026-06-03T18:16:06.7495665+00:00	WorkerEvent	Layer08Node05	WorkerReady; ExitCode=0; ready
2026-06-03T18:16:06.7633575+00:00	StartPipeline	Layer08Node05	Layer08Node05
2026-06-03T18:16:06.7642105+00:00	WorkerEvent	Layer05Node07.export-l05-n07	GrantAccepted; ExitCode=0; 
2026-06-03T18:16:06.7661702+00:00	WorkerStarting	Layer05Node01	meta-pipeline
2026-06-03T18:16:06.9443976+00:00	WorkerStarted	Layer05Node01	28632
2026-06-03T18:16:06.9450258+00:00	WorkerControlPipe	Layer05Node01	meta-orchestration-a6b380863e194da2a0a5bb6f1dbee53e
2026-06-03T18:16:06.9454730+00:00	WorkerLog	Layer05Node01	stdout=C:\Users\jimmy\Desktop\meta-bi\Samples\Demos\MetaOrchestrationHairballCliIntegration\Runs\hairball-seed-20260530\RunArtifacts\runs\20260603-181533_745b3556c2b24d278b4c46f22d88e321\logs\Layer05Node01-28632.stdout.log; stderr=C:\Users\jimmy\Desktop\meta-bi\Samples\Demos\MetaOrchestrationHairballCliIntegration\Runs\hairball-seed-20260530\RunArtifacts\runs\20260603-181533_745b3556c2b24d278b4c46f22d88e321\logs\Layer05Node01-28632.stderr.log
2026-06-03T18:16:06.9459048+00:00	WorkerEvent	BridgeL05L06	WorkerOnline; ExitCode=0; online
2026-06-03T18:16:06.9466111+00:00	WorkerEvent	Layer07Node04.select-l07-n04	TaskSucceeded; ExitCode=0; 
2026-06-03T18:16:06.9472272+00:00	TaskSucceeded	Layer07Node04.select-l07-n04	0
2026-06-03T18:16:06.9478328+00:00	PipelineCompleted	Layer07Node04	
2026-06-03T18:16:06.9482294+00:00	WorkerEvent	Layer05Node07.export-l05-n07	TaskStarted; ExitCode=0; 
2026-06-03T18:16:06.9501132+00:00	WorkerStarting	Layer08Node06	meta-pipeline
2026-06-03T18:16:07.1473523+00:00	WorkerStarted	Layer08Node06	30280
2026-06-03T18:16:07.1498026+00:00	WorkerControlPipe	Layer08Node06	meta-orchestration-f4d65b0fea29411cb6c0e977b65f8c37
2026-06-03T18:16:07.1504737+00:00	WorkerLog	Layer08Node06	stdout=C:\Users\jimmy\Desktop\meta-bi\Samples\Demos\MetaOrchestrationHairballCliIntegration\Runs\hairball-seed-20260530\RunArtifacts\runs\20260603-181533_745b3556c2b24d278b4c46f22d88e321\logs\Layer08Node06-30280.stdout.log; stderr=C:\Users\jimmy\Desktop\meta-bi\Samples\Demos\MetaOrchestrationHairballCliIntegration\Runs\hairball-seed-20260530\RunArtifacts\runs\20260603-181533_745b3556c2b24d278b4c46f22d88e321\logs\Layer08Node06-30280.stderr.log
2026-06-03T18:16:07.1608874+00:00	WorkerEvent	BridgeL05L06	WorkerReady; ExitCode=0; ready
2026-06-03T18:16:07.1623377+00:00	StartPipeline	BridgeL05L06	BridgeL05L06
2026-06-03T18:16:07.1630397+00:00	WorkerEvent	CompositeMart	PipelineStarted; ExitCode=0; pipeline started
2026-06-03T18:16:07.1636947+00:00	WorkerEvent	Layer05Node01	WorkerOnline; ExitCode=0; online
2026-06-03T18:16:07.1656375+00:00	WorkerEvent	CompositeMart.composite-stage	TaskReady; ExitCode=0; 
2026-06-03T18:16:07.1689443+00:00	WorkerEvent	Layer05Node01	WorkerReady; ExitCode=0; ready
2026-06-03T18:16:07.1913753+00:00	StartPipeline	Layer05Node01	Layer05Node01
2026-06-03T18:16:07.1925088+00:00	WorkerEvent	Layer08Node06	WorkerOnline; ExitCode=0; online
2026-06-03T18:16:07.1944634+00:00	WorkerEvent	Layer08Node06	WorkerReady; ExitCode=0; ready
2026-06-03T18:16:07.2084893+00:00	StartPipeline	Layer08Node06	Layer08Node06
2026-06-03T18:16:07.4293656+00:00	WorkerEvent	Layer04Hub.hub-l04-stage	TaskSucceeded; ExitCode=0; 
2026-06-03T18:16:07.4321788+00:00	TaskSucceeded	Layer04Hub.hub-l04-stage	0
2026-06-03T18:16:07.4372109+00:00	WorkerDeferredForCapacity	BridgeL07L08	Deferred by orchestration to honor max active worker process capacity.
2026-06-03T18:16:07.4381904+00:00	StopPipeline	BridgeL07L08	Deferred by orchestration to honor max active worker process capacity.
2026-06-03T18:16:07.4429076+00:00	WorkerEvent	Layer04Hub.hub-l04-curate	TaskReady; ExitCode=0; 
2026-06-03T18:16:07.4464518+00:00	GrantTask	Layer04Hub.hub-l04-curate	Layer04Hub.hub-l04-curate; GrantId=grant-69; Attempt=1
2026-06-03T18:16:07.4470582+00:00	WorkerDeferredForCapacity	CompositeMart	Deferred by orchestration to honor max active worker process capacity.
2026-06-03T18:16:07.4474644+00:00	StopPipeline	CompositeMart	Deferred by orchestration to honor max active worker process capacity.
2026-06-03T18:16:07.4550239+00:00	WorkerDeferredForCapacity	Layer05Hub	Deferred by orchestration to honor max active worker process capacity.
2026-06-03T18:16:07.4597598+00:00	StopPipeline	Layer05Hub	Deferred by orchestration to honor max active worker process capacity.
2026-06-03T18:16:07.4604429+00:00	WorkerEvent	Layer06Node04	PipelineStarted; ExitCode=0; pipeline started
2026-06-03T18:16:07.4646787+00:00	WorkerEvent	Layer06Node04.export-l06-n04	TaskReady; ExitCode=0; 
2026-06-03T18:16:07.4715718+00:00	GrantTask	Layer06Node04.export-l06-n04	Layer06Node04.export-l06-n04; GrantId=grant-70; Attempt=1
2026-06-03T18:16:07.4753642+00:00	WorkerEvent	Layer06Node04.export-l06-n04	GrantAccepted; ExitCode=0; 
2026-06-03T18:16:07.4771865+00:00	WorkerEvent	Layer06Node04.export-l06-n04	TaskStarted; ExitCode=0; 
2026-06-03T18:16:07.4793122+00:00	WorkerEvent	Layer04Hub.hub-l04-curate	GrantAccepted; ExitCode=0; 
2026-06-03T18:16:07.4821517+00:00	WorkerEvent	CompositeMart	Closed; ExitCode=0; 
2026-06-03T18:16:07.4828751+00:00	WorkerDeferred	CompositeMart	ResumeTaskId=CompositeMart.composite-stage
2026-06-03T18:16:07.4832710+00:00	WorkerEvent	Layer04Hub.hub-l04-curate	TaskStarted; ExitCode=0; 
2026-06-03T18:16:07.4872325+00:00	WorkerStarting	Layer07Node08	meta-pipeline
2026-06-03T18:16:07.7751521+00:00	WorkerStarted	Layer07Node08	4012
2026-06-03T18:16:07.7759196+00:00	WorkerControlPipe	Layer07Node08	meta-orchestration-540787d1f8f44027aedc1591fc7b36a6
2026-06-03T18:16:07.7763418+00:00	WorkerLog	Layer07Node08	stdout=C:\Users\jimmy\Desktop\meta-bi\Samples\Demos\MetaOrchestrationHairballCliIntegration\Runs\hairball-seed-20260530\RunArtifacts\runs\20260603-181533_745b3556c2b24d278b4c46f22d88e321\logs\Layer07Node08-4012.stdout.log; stderr=C:\Users\jimmy\Desktop\meta-bi\Samples\Demos\MetaOrchestrationHairballCliIntegration\Runs\hairball-seed-20260530\RunArtifacts\runs\20260603-181533_745b3556c2b24d278b4c46f22d88e321\logs\Layer07Node08-4012.stderr.log
2026-06-03T18:16:07.7768505+00:00	WorkerEvent	Layer05Hub	Closed; ExitCode=0; 
2026-06-03T18:16:07.7774757+00:00	WorkerDeferred	Layer05Hub	ResumeTaskId=Layer05Hub.hub-l05-stage
2026-06-03T18:16:07.7779263+00:00	WorkerEvent	BridgeL07L08	Closed; ExitCode=0; 
2026-06-03T18:16:07.7787548+00:00	WorkerDeferred	BridgeL07L08	ResumeTaskId=BridgeL07L08.bridge-l07-l08-collect
2026-06-03T18:16:07.7791402+00:00	WorkerEvent	Layer04Hub.hub-l04-curate	TaskSucceeded; ExitCode=0; 
2026-06-03T18:16:07.7797654+00:00	TaskSucceeded	Layer04Hub.hub-l04-curate	0
2026-06-03T18:16:07.7802569+00:00	WorkerEvent	AuditHairball	PipelineStarted; ExitCode=0; pipeline started
2026-06-03T18:16:07.7822603+00:00	WorkerResuming	BridgeL07L08	ResumeTaskId=BridgeL07L08.bridge-l07-l08-collect; Executable=meta-pipeline
2026-06-03T18:16:07.9639754+00:00	WorkerStarted	BridgeL07L08	25784
2026-06-03T18:16:07.9647683+00:00	WorkerControlPipe	BridgeL07L08	meta-orchestration-d804217fb4074d48bae2a62778292b94
2026-06-03T18:16:07.9661038+00:00	WorkerLog	BridgeL07L08	stdout=C:\Users\jimmy\Desktop\meta-bi\Samples\Demos\MetaOrchestrationHairballCliIntegration\Runs\hairball-seed-20260530\RunArtifacts\runs\20260603-181533_745b3556c2b24d278b4c46f22d88e321\logs\BridgeL07L08-25784.stdout.log; stderr=C:\Users\jimmy\Desktop\meta-bi\Samples\Demos\MetaOrchestrationHairballCliIntegration\Runs\hairball-seed-20260530\RunArtifacts\runs\20260603-181533_745b3556c2b24d278b4c46f22d88e321\logs\BridgeL07L08-25784.stderr.log
2026-06-03T18:16:07.9666816+00:00	WorkerEvent	Layer07Node08	WorkerOnline; ExitCode=0; online
2026-06-03T18:16:07.9676947+00:00	WorkerEvent	Layer04Hub.hub-l04-publish	TaskReady; ExitCode=0; 
2026-06-03T18:16:07.9686212+00:00	WorkerEvent	Layer08Node05	PipelineStarted; ExitCode=0; pipeline started
2026-06-03T18:16:07.9694163+00:00	WorkerEvent	AuditHairball.audit-hairball	TaskReady; ExitCode=0; 
2026-06-03T18:16:07.9702343+00:00	WorkerEvent	Layer05Node07.export-l05-n07	TaskSucceeded; ExitCode=0; 
2026-06-03T18:16:07.9710436+00:00	TaskSucceeded	Layer05Node07.export-l05-n07	0
2026-06-03T18:16:07.9717391+00:00	PipelineCompleted	Layer05Node07	
2026-06-03T18:16:07.9722173+00:00	WorkerEvent	Layer07Node08	WorkerReady; ExitCode=0; ready
2026-06-03T18:16:07.9877578+00:00	StartPipeline	Layer07Node08	Layer07Node08
2026-06-03T18:16:07.9888971+00:00	WorkerEvent	Layer08Node05.refresh-l08-n05	TaskReady; ExitCode=0; 
2026-06-03T18:16:07.9913969+00:00	GrantTask	Layer04Hub.hub-l04-publish	Layer04Hub.hub-l04-publish; GrantId=grant-71; Attempt=1
2026-06-03T18:16:08.0029086+00:00	GrantTask	Layer08Node05.refresh-l08-n05	Layer08Node05.refresh-l08-n05; GrantId=grant-72; Attempt=1
2026-06-03T18:16:08.0038175+00:00	WorkerStarting	Layer06Node01	meta-pipeline
2026-06-03T18:16:08.1988158+00:00	WorkerStarted	Layer06Node01	9652
2026-06-03T18:16:08.1993505+00:00	WorkerControlPipe	Layer06Node01	meta-orchestration-6c6265b9465b4f139ef8c908042200a9
2026-06-03T18:16:08.1998547+00:00	WorkerLog	Layer06Node01	stdout=C:\Users\jimmy\Desktop\meta-bi\Samples\Demos\MetaOrchestrationHairballCliIntegration\Runs\hairball-seed-20260530\RunArtifacts\runs\20260603-181533_745b3556c2b24d278b4c46f22d88e321\logs\Layer06Node01-9652.stdout.log; stderr=C:\Users\jimmy\Desktop\meta-bi\Samples\Demos\MetaOrchestrationHairballCliIntegration\Runs\hairball-seed-20260530\RunArtifacts\runs\20260603-181533_745b3556c2b24d278b4c46f22d88e321\logs\Layer06Node01-9652.stderr.log
2026-06-03T18:16:08.2027547+00:00	WorkerEvent	BridgeL07L08	WorkerOnline; ExitCode=0; online
2026-06-03T18:16:08.2035748+00:00	WorkerEvent	Layer04Hub.hub-l04-publish	GrantAccepted; ExitCode=0; 
2026-06-03T18:16:08.2043027+00:00	WorkerEvent	BridgeL03L04	PipelineStarted; ExitCode=0; pipeline started
2026-06-03T18:16:08.2049856+00:00	WorkerEvent	Layer08Node05.refresh-l08-n05	GrantAccepted; ExitCode=0; 
2026-06-03T18:16:08.2062378+00:00	WorkerStarting	Layer06Node07	meta-pipeline
2026-06-03T18:16:08.3816315+00:00	WorkerStarted	Layer06Node07	27592
2026-06-03T18:16:08.3823502+00:00	WorkerControlPipe	Layer06Node07	meta-orchestration-61adbe70a75f43948d77c6c03e8a1b0e
2026-06-03T18:16:08.3831164+00:00	WorkerLog	Layer06Node07	stdout=C:\Users\jimmy\Desktop\meta-bi\Samples\Demos\MetaOrchestrationHairballCliIntegration\Runs\hairball-seed-20260530\RunArtifacts\runs\20260603-181533_745b3556c2b24d278b4c46f22d88e321\logs\Layer06Node07-27592.stdout.log; stderr=C:\Users\jimmy\Desktop\meta-bi\Samples\Demos\MetaOrchestrationHairballCliIntegration\Runs\hairball-seed-20260530\RunArtifacts\runs\20260603-181533_745b3556c2b24d278b4c46f22d88e321\logs\Layer06Node07-27592.stderr.log
2026-06-03T18:16:08.3846464+00:00	WorkerEvent	BridgeL07L08	WorkerReady; ExitCode=0; ready
2026-06-03T18:16:08.3858232+00:00	StartPipeline	BridgeL07L08	BridgeL07L08
2026-06-03T18:16:08.3867765+00:00	WorkerEvent	Layer04Hub.hub-l04-publish	TaskStarted; ExitCode=0; 
2026-06-03T18:16:08.3879250+00:00	WorkerEvent	BridgeL03L04.bridge-l03-l04-collect	TaskReady; ExitCode=0; 
2026-06-03T18:16:08.3887524+00:00	WorkerEvent	Layer06Node04.export-l06-n04	TaskSucceeded; ExitCode=0; 
2026-06-03T18:16:08.3894164+00:00	TaskSucceeded	Layer06Node04.export-l06-n04	0
2026-06-03T18:16:08.3904077+00:00	PipelineCompleted	Layer06Node04	
2026-06-03T18:16:08.3908777+00:00	WorkerEvent	Layer08Node05.refresh-l08-n05	TaskStarted; ExitCode=0; 
2026-06-03T18:16:08.3916649+00:00	WorkerEvent	Layer05Node01	PipelineStarted; ExitCode=0; pipeline started
2026-06-03T18:16:08.3924101+00:00	WorkerEvent	Layer06Node01	WorkerOnline; ExitCode=0; online
2026-06-03T18:16:08.3938559+00:00	GrantTask	BridgeL03L04.bridge-l03-l04-collect	BridgeL03L04.bridge-l03-l04-collect; GrantId=grant-73; Attempt=1
2026-06-03T18:16:08.3943117+00:00	WorkerStarting	Layer06Node10	meta-pipeline
2026-06-03T18:16:08.5428417+00:00	WorkerStarted	Layer06Node10	30328
2026-06-03T18:16:08.5432296+00:00	WorkerControlPipe	Layer06Node10	meta-orchestration-38eb03827c8d41fb861db62c5d8691ea
2026-06-03T18:16:08.5435782+00:00	WorkerLog	Layer06Node10	stdout=C:\Users\jimmy\Desktop\meta-bi\Samples\Demos\MetaOrchestrationHairballCliIntegration\Runs\hairball-seed-20260530\RunArtifacts\runs\20260603-181533_745b3556c2b24d278b4c46f22d88e321\logs\Layer06Node10-30328.stdout.log; stderr=C:\Users\jimmy\Desktop\meta-bi\Samples\Demos\MetaOrchestrationHairballCliIntegration\Runs\hairball-seed-20260530\RunArtifacts\runs\20260603-181533_745b3556c2b24d278b4c46f22d88e321\logs\Layer06Node10-30328.stderr.log
2026-06-03T18:16:08.5439953+00:00	WorkerEvent	Layer06Node07	WorkerOnline; ExitCode=0; online
2026-06-03T18:16:08.5446965+00:00	WorkerEvent	Layer04Hub.hub-l04-publish	TaskSucceeded; ExitCode=0; 
2026-06-03T18:16:08.5454320+00:00	TaskSucceeded	Layer04Hub.hub-l04-publish	0
2026-06-03T18:16:08.5460850+00:00	PipelineCompleted	Layer04Hub	
2026-06-03T18:16:08.5464571+00:00	WorkerEvent	Layer06Node07	WorkerReady; ExitCode=0; ready
2026-06-03T18:16:08.5623355+00:00	StartPipeline	Layer06Node07	Layer06Node07
2026-06-03T18:16:08.5633090+00:00	WorkerEvent	Layer08Node06	PipelineStarted; ExitCode=0; pipeline started
2026-06-03T18:16:08.5640491+00:00	WorkerEvent	BridgeL03L04.bridge-l03-l04-collect	GrantAccepted; ExitCode=0; 
2026-06-03T18:16:08.5647726+00:00	WorkerEvent	Layer05Node01.select-l05-n01	TaskReady; ExitCode=0; 
2026-06-03T18:16:08.5655007+00:00	WorkerEvent	Layer06Node01	WorkerReady; ExitCode=0; ready
2026-06-03T18:16:08.5663535+00:00	StartPipeline	Layer06Node01	Layer06Node01
2026-06-03T18:16:08.5694633+00:00	WorkerEvent	Layer08Node06.select-l08-n06	TaskReady; ExitCode=0; 
2026-06-03T18:16:08.5712313+00:00	WorkerEvent	BridgeL03L04.bridge-l03-l04-collect	TaskStarted; ExitCode=0; 
2026-06-03T18:16:08.5754522+00:00	GrantTask	Layer08Node06.select-l08-n06	Layer08Node06.select-l08-n06; GrantId=grant-74; Attempt=1
2026-06-03T18:16:08.5761117+00:00	WorkerStarting	Layer05Node04	meta-pipeline
2026-06-03T18:16:08.8247613+00:00	WorkerStarted	Layer05Node04	12344
2026-06-03T18:16:08.8255735+00:00	WorkerControlPipe	Layer05Node04	meta-orchestration-bde546629ace445f9b330ad1d11c64a4
2026-06-03T18:16:08.8283839+00:00	WorkerLog	Layer05Node04	stdout=C:\Users\jimmy\Desktop\meta-bi\Samples\Demos\MetaOrchestrationHairballCliIntegration\Runs\hairball-seed-20260530\RunArtifacts\runs\20260603-181533_745b3556c2b24d278b4c46f22d88e321\logs\Layer05Node04-12344.stdout.log; stderr=C:\Users\jimmy\Desktop\meta-bi\Samples\Demos\MetaOrchestrationHairballCliIntegration\Runs\hairball-seed-20260530\RunArtifacts\runs\20260603-181533_745b3556c2b24d278b4c46f22d88e321\logs\Layer05Node04-12344.stderr.log
2026-06-03T18:16:08.8295972+00:00	WorkerEvent	BridgeL05L06	PipelineStarted; ExitCode=0; pipeline started
2026-06-03T18:16:08.8305836+00:00	WorkerEvent	Layer08Node06.select-l08-n06	GrantAccepted; ExitCode=0; 
2026-06-03T18:16:08.8312735+00:00	WorkerEvent	Layer06Node10	WorkerOnline; ExitCode=0; online
2026-06-03T18:16:08.8341709+00:00	WorkerEvent	BridgeL05L06.bridge-l05-l06-collect	TaskReady; ExitCode=0; 
2026-06-03T18:16:08.8363536+00:00	WorkerEvent	Layer08Node06.select-l08-n06	TaskStarted; ExitCode=0; 
2026-06-03T18:16:08.8371535+00:00	WorkerEvent	Layer06Node10	WorkerReady; ExitCode=0; ready
2026-06-03T18:16:08.8450339+00:00	StartPipeline	Layer06Node10	Layer06Node10
2026-06-03T18:16:08.8569769+00:00	WorkerEvent	Layer05Node04	WorkerOnline; ExitCode=0; online
2026-06-03T18:16:08.8597961+00:00	WorkerEvent	Layer05Node04	WorkerReady; ExitCode=0; ready
2026-06-03T18:16:08.8642104+00:00	StartPipeline	Layer05Node04	Layer05Node04
2026-06-03T18:16:08.9614242+00:00	WorkerEvent	Layer08Node05.refresh-l08-n05	TaskSucceeded; ExitCode=0; 
2026-06-03T18:16:08.9622119+00:00	TaskSucceeded	Layer08Node05.refresh-l08-n05	0
2026-06-03T18:16:08.9935033+00:00	WorkerEvent	Layer08Node05	Closed; ExitCode=0; 
2026-06-03T18:16:08.9942975+00:00	PipelineCompleted	Layer08Node05	
2026-06-03T18:16:08.9961513+00:00	WorkerResuming	CompositeMart	ResumeTaskId=CompositeMart.composite-stage; Executable=meta-pipeline
2026-06-03T18:16:09.2532929+00:00	WorkerStarted	CompositeMart	31064
2026-06-03T18:16:09.2539126+00:00	WorkerControlPipe	CompositeMart	meta-orchestration-83d4718064484bf5bef52bffe3726c59
2026-06-03T18:16:09.2544807+00:00	WorkerLog	CompositeMart	stdout=C:\Users\jimmy\Desktop\meta-bi\Samples\Demos\MetaOrchestrationHairballCliIntegration\Runs\hairball-seed-20260530\RunArtifacts\runs\20260603-181533_745b3556c2b24d278b4c46f22d88e321\logs\CompositeMart-31064.stdout.log; stderr=C:\Users\jimmy\Desktop\meta-bi\Samples\Demos\MetaOrchestrationHairballCliIntegration\Runs\hairball-seed-20260530\RunArtifacts\runs\20260603-181533_745b3556c2b24d278b4c46f22d88e321\logs\CompositeMart-31064.stderr.log
2026-06-03T18:16:09.2549876+00:00	WorkerEvent	Layer07Node08	PipelineStarted; ExitCode=0; pipeline started
2026-06-03T18:16:09.2574999+00:00	WorkerEvent	Layer07Node08.export-l07-n08	TaskReady; ExitCode=0; 
2026-06-03T18:16:09.2608797+00:00	GrantTask	Layer07Node08.export-l07-n08	Layer07Node08.export-l07-n08; GrantId=grant-75; Attempt=1
2026-06-03T18:16:09.2626689+00:00	WorkerEvent	Layer07Node08.export-l07-n08	GrantAccepted; ExitCode=0; 
2026-06-03T18:16:09.2719256+00:00	WorkerEvent	Layer07Node08.export-l07-n08	TaskStarted; ExitCode=0; 
2026-06-03T18:16:09.3084164+00:00	WorkerEvent	CompositeMart	WorkerOnline; ExitCode=0; online
2026-06-03T18:16:09.3112160+00:00	WorkerEvent	CompositeMart	WorkerReady; ExitCode=0; ready
2026-06-03T18:16:09.3219680+00:00	StartPipeline	CompositeMart	CompositeMart
2026-06-03T18:16:09.6287031+00:00	WorkerEvent	Layer08Node06.select-l08-n06	TaskSucceeded; ExitCode=0; 
2026-06-03T18:16:09.6296933+00:00	TaskSucceeded	Layer08Node06.select-l08-n06	0
2026-06-03T18:16:09.6468171+00:00	WorkerEvent	BridgeL03L04.bridge-l03-l04-collect	TaskSucceeded; ExitCode=0; 
2026-06-03T18:16:09.6476247+00:00	TaskSucceeded	BridgeL03L04.bridge-l03-l04-collect	0
2026-06-03T18:16:09.6484840+00:00	WorkerDeferredForCapacity	AuditHairball	Deferred by orchestration to honor max active worker process capacity.
2026-06-03T18:16:09.6489003+00:00	StopPipeline	AuditHairball	Deferred by orchestration to honor max active worker process capacity.
2026-06-03T18:16:09.6498484+00:00	WorkerEvent	BridgeL03L04.bridge-l03-l04-north	TaskReady; ExitCode=0; 
2026-06-03T18:16:09.6536965+00:00	GrantTask	BridgeL03L04.bridge-l03-l04-north	BridgeL03L04.bridge-l03-l04-north; GrantId=grant-76; Attempt=1
2026-06-03T18:16:09.6542441+00:00	WorkerDeferredForCapacity	BridgeL05L06	Deferred by orchestration to honor max active worker process capacity.
2026-06-03T18:16:09.6546601+00:00	StopPipeline	BridgeL05L06	Deferred by orchestration to honor max active worker process capacity.
2026-06-03T18:16:09.6555611+00:00	WorkerEvent	BridgeL03L04.bridge-l03-l04-north	GrantAccepted; ExitCode=0; 
2026-06-03T18:16:09.6568887+00:00	WorkerDeferredForCapacity	Layer05Node01	Deferred by orchestration to honor max active worker process capacity.
2026-06-03T18:16:09.6577318+00:00	StopPipeline	Layer05Node01	Deferred by orchestration to honor max active worker process capacity.
2026-06-03T18:16:09.6739745+00:00	WorkerEvent	Layer08Node06	Closed; ExitCode=0; 
2026-06-03T18:16:09.6753797+00:00	PipelineCompleted	Layer08Node06	
2026-06-03T18:16:09.6782681+00:00	WorkerStarting	Layer05Node05	meta-pipeline
2026-06-03T18:16:09.8441623+00:00	WorkerStarted	Layer05Node05	30812
2026-06-03T18:16:09.8447464+00:00	WorkerControlPipe	Layer05Node05	meta-orchestration-992d8ee17ac04cebbd6449474678cf18
2026-06-03T18:16:09.8451593+00:00	WorkerLog	Layer05Node05	stdout=C:\Users\jimmy\Desktop\meta-bi\Samples\Demos\MetaOrchestrationHairballCliIntegration\Runs\hairball-seed-20260530\RunArtifacts\runs\20260603-181533_745b3556c2b24d278b4c46f22d88e321\logs\Layer05Node05-30812.stdout.log; stderr=C:\Users\jimmy\Desktop\meta-bi\Samples\Demos\MetaOrchestrationHairballCliIntegration\Runs\hairball-seed-20260530\RunArtifacts\runs\20260603-181533_745b3556c2b24d278b4c46f22d88e321\logs\Layer05Node05-30812.stderr.log
2026-06-03T18:16:09.8455995+00:00	WorkerEvent	Layer06Node07	PipelineStarted; ExitCode=0; pipeline started
2026-06-03T18:16:09.8463041+00:00	WorkerEvent	BridgeL05L06	Closed; ExitCode=0; 
2026-06-03T18:16:09.8468886+00:00	WorkerDeferred	BridgeL05L06	ResumeTaskId=BridgeL05L06.bridge-l05-l06-collect
2026-06-03T18:16:09.8473325+00:00	WorkerEvent	Layer06Node07.export-l06-n07	TaskReady; ExitCode=0; 
2026-06-03T18:16:09.8480828+00:00	WorkerEvent	BridgeL03L04.bridge-l03-l04-north	TaskStarted; ExitCode=0; 
2026-06-03T18:16:09.8488132+00:00	WorkerEvent	Layer05Node01	Closed; ExitCode=0; 
2026-06-03T18:16:09.8494478+00:00	WorkerDeferred	Layer05Node01	ResumeTaskId=Layer05Node01.select-l05-n01
2026-06-03T18:16:09.8498487+00:00	WorkerEvent	AuditHairball	Closed; ExitCode=0; 
2026-06-03T18:16:09.8515528+00:00	WorkerDeferred	AuditHairball	ResumeTaskId=AuditHairball.audit-hairball
2026-06-03T18:16:09.8520538+00:00	WorkerEvent	Layer06Node01	PipelineStarted; ExitCode=0; pipeline started
2026-06-03T18:16:09.8541469+00:00	GrantTask	Layer06Node07.export-l06-n07	Layer06Node07.export-l06-n07; GrantId=grant-77; Attempt=1
2026-06-03T18:16:09.8546591+00:00	WorkerResuming	AuditHairball	ResumeTaskId=AuditHairball.audit-hairball; Executable=meta-pipeline
2026-06-03T18:16:10.0052525+00:00	WorkerStarted	AuditHairball	25012
2026-06-03T18:16:10.0058275+00:00	WorkerControlPipe	AuditHairball	meta-orchestration-da4df9c35435456cbd7b2e4b384364d1
2026-06-03T18:16:10.0063147+00:00	WorkerLog	AuditHairball	stdout=C:\Users\jimmy\Desktop\meta-bi\Samples\Demos\MetaOrchestrationHairballCliIntegration\Runs\hairball-seed-20260530\RunArtifacts\runs\20260603-181533_745b3556c2b24d278b4c46f22d88e321\logs\AuditHairball-25012.stdout.log; stderr=C:\Users\jimmy\Desktop\meta-bi\Samples\Demos\MetaOrchestrationHairballCliIntegration\Runs\hairball-seed-20260530\RunArtifacts\runs\20260603-181533_745b3556c2b24d278b4c46f22d88e321\logs\AuditHairball-25012.stderr.log
2026-06-03T18:16:10.0067650+00:00	WorkerEvent	Layer06Node07.export-l06-n07	GrantAccepted; ExitCode=0; 
2026-06-03T18:16:10.0074653+00:00	WorkerEvent	BridgeL07L08	PipelineStarted; ExitCode=0; pipeline started
2026-06-03T18:16:10.0082931+00:00	WorkerEvent	Layer06Node07.export-l06-n07	TaskStarted; ExitCode=0; 
2026-06-03T18:16:10.0089180+00:00	WorkerEvent	BridgeL07L08.bridge-l07-l08-collect	TaskReady; ExitCode=0; 
2026-06-03T18:16:10.0095436+00:00	WorkerEvent	Layer05Node05	WorkerOnline; ExitCode=0; online
2026-06-03T18:16:10.0101468+00:00	WorkerEvent	Layer05Node04	PipelineStarted; ExitCode=0; pipeline started
2026-06-03T18:16:10.0107222+00:00	WorkerEvent	Layer05Node05	WorkerReady; ExitCode=0; ready
2026-06-03T18:16:10.0144090+00:00	StartPipeline	Layer05Node05	Layer05Node05
2026-06-03T18:16:10.0153434+00:00	WorkerEvent	Layer05Node04.select-l05-n04	TaskReady; ExitCode=0; 
2026-06-03T18:16:10.0163104+00:00	WorkerEvent	BridgeL03L04.bridge-l03-l04-north	TaskSucceeded; ExitCode=0; 
2026-06-03T18:16:10.0178497+00:00	TaskSucceeded	BridgeL03L04.bridge-l03-l04-north	0
2026-06-03T18:16:10.0184197+00:00	WorkerEvent	Layer06Node10	PipelineStarted; ExitCode=0; pipeline started
2026-06-03T18:16:10.0191478+00:00	WorkerEvent	Layer06Node01.select-l06-n01	TaskReady; ExitCode=0; 
2026-06-03T18:16:10.0205650+00:00	GrantTask	Layer05Node04.select-l05-n04	Layer05Node04.select-l05-n04; GrantId=grant-78; Attempt=1
2026-06-03T18:16:10.0211415+00:00	GrantTask	Layer06Node01.select-l06-n01	Layer06Node01.select-l06-n01; GrantId=grant-79; Attempt=1
2026-06-03T18:16:10.0218221+00:00	WorkerResuming	Layer05Node01	ResumeTaskId=Layer05Node01.select-l05-n01; Executable=meta-pipeline
2026-06-03T18:16:10.1626750+00:00	WorkerStarted	Layer05Node01	22204
2026-06-03T18:16:10.1630803+00:00	WorkerControlPipe	Layer05Node01	meta-orchestration-cce690f103f44e369202c63ffa39e668
2026-06-03T18:16:10.1634370+00:00	WorkerLog	Layer05Node01	stdout=C:\Users\jimmy\Desktop\meta-bi\Samples\Demos\MetaOrchestrationHairballCliIntegration\Runs\hairball-seed-20260530\RunArtifacts\runs\20260603-181533_745b3556c2b24d278b4c46f22d88e321\logs\Layer05Node01-22204.stdout.log; stderr=C:\Users\jimmy\Desktop\meta-bi\Samples\Demos\MetaOrchestrationHairballCliIntegration\Runs\hairball-seed-20260530\RunArtifacts\runs\20260603-181533_745b3556c2b24d278b4c46f22d88e321\logs\Layer05Node01-22204.stderr.log
2026-06-03T18:16:10.1638433+00:00	WorkerEvent	Layer07Node08.export-l07-n08	TaskSucceeded; ExitCode=0; 
2026-06-03T18:16:10.1646842+00:00	TaskSucceeded	Layer07Node08.export-l07-n08	0
2026-06-03T18:16:10.1654445+00:00	PipelineCompleted	Layer07Node08	
2026-06-03T18:16:10.1658960+00:00	WorkerEvent	Layer05Node04.select-l05-n04	GrantAccepted; ExitCode=0; 
2026-06-03T18:16:10.1676837+00:00	WorkerEvent	BridgeL03L04.bridge-l03-l04-south	TaskReady; ExitCode=0; 
2026-06-03T18:16:10.1685215+00:00	WorkerEvent	Layer05Node04.select-l05-n04	TaskStarted; ExitCode=0; 
2026-06-03T18:16:10.1692164+00:00	WorkerEvent	Layer06Node10.refresh-l06-n10	TaskReady; ExitCode=0; 
2026-06-03T18:16:10.1701301+00:00	WorkerEvent	AuditHairball	WorkerOnline; ExitCode=0; online
2026-06-03T18:16:10.1710161+00:00	WorkerEvent	Layer06Node01.select-l06-n01	GrantAccepted; ExitCode=0; 
2026-06-03T18:16:10.1736947+00:00	GrantTask	BridgeL03L04.bridge-l03-l04-south	BridgeL03L04.bridge-l03-l04-south; GrantId=grant-80; Attempt=1
2026-06-03T18:16:10.1750168+00:00	GrantTask	Layer06Node10.refresh-l06-n10	Layer06Node10.refresh-l06-n10; GrantId=grant-81; Attempt=1
2026-06-03T18:16:10.1755933+00:00	WorkerResuming	BridgeL05L06	ResumeTaskId=BridgeL05L06.bridge-l05-l06-collect; Executable=meta-pipeline
2026-06-03T18:16:10.3593165+00:00	WorkerStarted	BridgeL05L06	22908
2026-06-03T18:16:10.3599074+00:00	WorkerControlPipe	BridgeL05L06	meta-orchestration-dd67632f17be4ac3940d2c35da966e15
2026-06-03T18:16:10.3603394+00:00	WorkerLog	BridgeL05L06	stdout=C:\Users\jimmy\Desktop\meta-bi\Samples\Demos\MetaOrchestrationHairballCliIntegration\Runs\hairball-seed-20260530\RunArtifacts\runs\20260603-181533_745b3556c2b24d278b4c46f22d88e321\logs\BridgeL05L06-22908.stdout.log; stderr=C:\Users\jimmy\Desktop\meta-bi\Samples\Demos\MetaOrchestrationHairballCliIntegration\Runs\hairball-seed-20260530\RunArtifacts\runs\20260603-181533_745b3556c2b24d278b4c46f22d88e321\logs\BridgeL05L06-22908.stderr.log
2026-06-03T18:16:10.3607682+00:00	WorkerEvent	BridgeL03L04.bridge-l03-l04-south	GrantAccepted; ExitCode=0; 
2026-06-03T18:16:10.3615085+00:00	WorkerEvent	Layer06Node10.refresh-l06-n10	GrantAccepted; ExitCode=0; 
2026-06-03T18:16:10.3623783+00:00	WorkerEvent	Layer05Node01	WorkerOnline; ExitCode=0; online
2026-06-03T18:16:10.3630858+00:00	WorkerEvent	AuditHairball	WorkerReady; ExitCode=0; ready
2026-06-03T18:16:10.3638685+00:00	StartPipeline	AuditHairball	AuditHairball
2026-06-03T18:16:10.3645548+00:00	WorkerEvent	BridgeL03L04.bridge-l03-l04-south	TaskStarted; ExitCode=0; 
2026-06-03T18:16:10.3652922+00:00	WorkerEvent	Layer06Node10.refresh-l06-n10	TaskStarted; ExitCode=0; 
2026-06-03T18:16:10.3661060+00:00	WorkerEvent	Layer05Node01	WorkerReady; ExitCode=0; ready
2026-06-03T18:16:10.3725675+00:00	StartPipeline	Layer05Node01	Layer05Node01
2026-06-03T18:16:10.3737832+00:00	WorkerEvent	Layer06Node01.select-l06-n01	TaskStarted; ExitCode=0; 
2026-06-03T18:16:10.3761446+00:00	WorkerResuming	Layer05Hub	ResumeTaskId=Layer05Hub.hub-l05-stage; Executable=meta-pipeline
2026-06-03T18:16:10.7815806+00:00	WorkerStarted	Layer05Hub	27560
2026-06-03T18:16:10.7823854+00:00	WorkerControlPipe	Layer05Hub	meta-orchestration-d6cf483c3f3a4e99a07f617b42608116
2026-06-03T18:16:10.7924038+00:00	WorkerLog	Layer05Hub	stdout=C:\Users\jimmy\Desktop\meta-bi\Samples\Demos\MetaOrchestrationHairballCliIntegration\Runs\hairball-seed-20260530\RunArtifacts\runs\20260603-181533_745b3556c2b24d278b4c46f22d88e321\logs\Layer05Hub-27560.stdout.log; stderr=C:\Users\jimmy\Desktop\meta-bi\Samples\Demos\MetaOrchestrationHairballCliIntegration\Runs\hairball-seed-20260530\RunArtifacts\runs\20260603-181533_745b3556c2b24d278b4c46f22d88e321\logs\Layer05Hub-27560.stderr.log
2026-06-03T18:16:10.7947438+00:00	WorkerEvent	BridgeL05L06	WorkerOnline; ExitCode=0; online
2026-06-03T18:16:10.7980183+00:00	WorkerEvent	BridgeL03L04.bridge-l03-l04-south	TaskSucceeded; ExitCode=0; 
2026-06-03T18:16:10.8032662+00:00	TaskSucceeded	BridgeL03L04.bridge-l03-l04-south	0
2026-06-03T18:16:10.8060470+00:00	PipelineCompleted	BridgeL03L04	
2026-06-03T18:16:10.8068913+00:00	WorkerEvent	BridgeL05L06	WorkerReady; ExitCode=0; ready
2026-06-03T18:16:10.8122925+00:00	StartPipeline	BridgeL05L06	BridgeL05L06
2026-06-03T18:16:10.8212696+00:00	WorkerStarting	Layer06Node05	meta-pipeline
2026-06-03T18:16:11.0695155+00:00	WorkerStarted	Layer06Node05	1844
2026-06-03T18:16:11.0702669+00:00	WorkerControlPipe	Layer06Node05	meta-orchestration-c66f2227475249e6adc843db94dcf649
2026-06-03T18:16:11.0707653+00:00	WorkerLog	Layer06Node05	stdout=C:\Users\jimmy\Desktop\meta-bi\Samples\Demos\MetaOrchestrationHairballCliIntegration\Runs\hairball-seed-20260530\RunArtifacts\runs\20260603-181533_745b3556c2b24d278b4c46f22d88e321\logs\Layer06Node05-1844.stdout.log; stderr=C:\Users\jimmy\Desktop\meta-bi\Samples\Demos\MetaOrchestrationHairballCliIntegration\Runs\hairball-seed-20260530\RunArtifacts\runs\20260603-181533_745b3556c2b24d278b4c46f22d88e321\logs\Layer06Node05-1844.stderr.log
2026-06-03T18:16:11.0712712+00:00	WorkerEvent	Layer05Hub	WorkerOnline; ExitCode=0; online
2026-06-03T18:16:11.0725347+00:00	WorkerEvent	Layer06Node01.select-l06-n01	TaskSucceeded; ExitCode=0; 
2026-06-03T18:16:11.0735900+00:00	TaskSucceeded	Layer06Node01.select-l06-n01	0
2026-06-03T18:16:11.0746175+00:00	PipelineCompleted	Layer06Node01	
2026-06-03T18:16:11.0752624+00:00	WorkerEvent	Layer05Hub	WorkerReady; ExitCode=0; ready
2026-06-03T18:16:11.0895818+00:00	StartPipeline	Layer05Hub	Layer05Hub
2026-06-03T18:16:11.0908471+00:00	WorkerEvent	Layer05Node05	PipelineStarted; ExitCode=0; pipeline started
2026-06-03T18:16:11.0917692+00:00	WorkerEvent	CompositeMart	PipelineStarted; ExitCode=0; pipeline started
2026-06-03T18:16:11.0932329+00:00	WorkerStarting	Layer07Node05	meta-pipeline
2026-06-03T18:16:11.2739293+00:00	WorkerStarted	Layer07Node05	25488
2026-06-03T18:16:11.2745604+00:00	WorkerControlPipe	Layer07Node05	meta-orchestration-4cad93f516514d37a3ff30cb07f209de
2026-06-03T18:16:11.2750314+00:00	WorkerLog	Layer07Node05	stdout=C:\Users\jimmy\Desktop\meta-bi\Samples\Demos\MetaOrchestrationHairballCliIntegration\Runs\hairball-seed-20260530\RunArtifacts\runs\20260603-181533_745b3556c2b24d278b4c46f22d88e321\logs\Layer07Node05-25488.stdout.log; stderr=C:\Users\jimmy\Desktop\meta-bi\Samples\Demos\MetaOrchestrationHairballCliIntegration\Runs\hairball-seed-20260530\RunArtifacts\runs\20260603-181533_745b3556c2b24d278b4c46f22d88e321\logs\Layer07Node05-25488.stderr.log
2026-06-03T18:16:11.2754710+00:00	WorkerEvent	Layer06Node07.export-l06-n07	TaskSucceeded; ExitCode=0; 
2026-06-03T18:16:11.2760898+00:00	TaskSucceeded	Layer06Node07.export-l06-n07	0
2026-06-03T18:16:11.2768111+00:00	PipelineCompleted	Layer06Node07	
2026-06-03T18:16:11.2771952+00:00	WorkerEvent	Layer05Node04.select-l05-n04	TaskSucceeded; ExitCode=0; 
2026-06-03T18:16:11.2777511+00:00	TaskSucceeded	Layer05Node04.select-l05-n04	0
2026-06-03T18:16:11.2784540+00:00	PipelineCompleted	Layer05Node04	
2026-06-03T18:16:11.2788317+00:00	WorkerEvent	Layer05Node05.refresh-l05-n05	TaskReady; ExitCode=0; 
2026-06-03T18:16:11.2796071+00:00	WorkerEvent	Layer06Node05	WorkerOnline; ExitCode=0; online
2026-06-03T18:16:11.2803226+00:00	WorkerEvent	Layer06Node10.refresh-l06-n10	TaskSucceeded; ExitCode=0; 
2026-06-03T18:16:11.2809658+00:00	TaskSucceeded	Layer06Node10.refresh-l06-n10	0
2026-06-03T18:16:11.2815859+00:00	PipelineCompleted	Layer06Node10	
2026-06-03T18:16:11.2820299+00:00	WorkerEvent	Layer06Node05	WorkerReady; ExitCode=0; ready
2026-06-03T18:16:11.2945201+00:00	StartPipeline	Layer06Node05	Layer06Node05
2026-06-03T18:16:11.2953128+00:00	WorkerEvent	CompositeMart.composite-stage	TaskReady; ExitCode=0; 
2026-06-03T18:16:11.2975789+00:00	GrantTask	Layer05Node05.refresh-l05-n05	Layer05Node05.refresh-l05-n05; GrantId=grant-82; Attempt=1
2026-06-03T18:16:11.2980751+00:00	WorkerStarting	Layer05Node08	meta-pipeline
2026-06-03T18:16:11.4470307+00:00	WorkerStarted	Layer05Node08	10120
2026-06-03T18:16:11.4474462+00:00	WorkerControlPipe	Layer05Node08	meta-orchestration-63ba4e35aa60400995e75bba2c9fa9c1
2026-06-03T18:16:11.4486784+00:00	WorkerLog	Layer05Node08	stdout=C:\Users\jimmy\Desktop\meta-bi\Samples\Demos\MetaOrchestrationHairballCliIntegration\Runs\hairball-seed-20260530\RunArtifacts\runs\20260603-181533_745b3556c2b24d278b4c46f22d88e321\logs\Layer05Node08-10120.stdout.log; stderr=C:\Users\jimmy\Desktop\meta-bi\Samples\Demos\MetaOrchestrationHairballCliIntegration\Runs\hairball-seed-20260530\RunArtifacts\runs\20260603-181533_745b3556c2b24d278b4c46f22d88e321\logs\Layer05Node08-10120.stderr.log
2026-06-03T18:16:11.4492580+00:00	WorkerEvent	Layer05Node05.refresh-l05-n05	GrantAccepted; ExitCode=0; 
2026-06-03T18:16:11.4506092+00:00	WorkerEvent	Layer07Node05	WorkerOnline; ExitCode=0; online
2026-06-03T18:16:11.4513830+00:00	WorkerEvent	Layer05Node05.refresh-l05-n05	TaskStarted; ExitCode=0; 
2026-06-03T18:16:11.4534892+00:00	WorkerStarting	Layer05Node06	meta-pipeline
2026-06-03T18:16:11.6064395+00:00	WorkerStarted	Layer05Node06	28176
2026-06-03T18:16:11.6069378+00:00	WorkerControlPipe	Layer05Node06	meta-orchestration-5a986e8e192644e0b6b1e966db565f77
2026-06-03T18:16:11.6073244+00:00	WorkerLog	Layer05Node06	stdout=C:\Users\jimmy\Desktop\meta-bi\Samples\Demos\MetaOrchestrationHairballCliIntegration\Runs\hairball-seed-20260530\RunArtifacts\runs\20260603-181533_745b3556c2b24d278b4c46f22d88e321\logs\Layer05Node06-28176.stdout.log; stderr=C:\Users\jimmy\Desktop\meta-bi\Samples\Demos\MetaOrchestrationHairballCliIntegration\Runs\hairball-seed-20260530\RunArtifacts\runs\20260603-181533_745b3556c2b24d278b4c46f22d88e321\logs\Layer05Node06-28176.stderr.log
2026-06-03T18:16:11.6077104+00:00	WorkerEvent	Layer05Node08	WorkerOnline; ExitCode=0; online
2026-06-03T18:16:11.6084067+00:00	WorkerEvent	Layer05Node01	PipelineStarted; ExitCode=0; pipeline started
2026-06-03T18:16:11.6091936+00:00	WorkerEvent	Layer05Node08	WorkerReady; ExitCode=0; ready
2026-06-03T18:16:11.6137668+00:00	StartPipeline	Layer05Node08	Layer05Node08
2026-06-03T18:16:11.6174698+00:00	WorkerEvent	Layer05Node01.select-l05-n01	TaskReady; ExitCode=0; 
2026-06-03T18:16:11.6182800+00:00	WorkerEvent	AuditHairball	PipelineStarted; ExitCode=0; pipeline started
2026-06-03T18:16:11.6192162+00:00	WorkerEvent	Layer07Node05	WorkerReady; ExitCode=0; ready
2026-06-03T18:16:11.6202939+00:00	StartPipeline	Layer07Node05	Layer07Node05
2026-06-03T18:16:11.6213110+00:00	WorkerEvent	AuditHairball.audit-hairball	TaskReady; ExitCode=0; 
2026-06-03T18:16:11.6253902+00:00	GrantTask	Layer05Node01.select-l05-n01	Layer05Node01.select-l05-n01; GrantId=grant-83; Attempt=1
2026-06-03T18:16:11.6260442+00:00	WorkerStarting	Layer06Hub	meta-pipeline
2026-06-03T18:16:11.7840716+00:00	WorkerStarted	Layer06Hub	23304
2026-06-03T18:16:11.7847036+00:00	WorkerControlPipe	Layer06Hub	meta-orchestration-57a3bb96a51d4f6caa2ef1acc2c443aa
2026-06-03T18:16:11.7851595+00:00	WorkerLog	Layer06Hub	stdout=C:\Users\jimmy\Desktop\meta-bi\Samples\Demos\MetaOrchestrationHairballCliIntegration\Runs\hairball-seed-20260530\RunArtifacts\runs\20260603-181533_745b3556c2b24d278b4c46f22d88e321\logs\Layer06Hub-23304.stdout.log; stderr=C:\Users\jimmy\Desktop\meta-bi\Samples\Demos\MetaOrchestrationHairballCliIntegration\Runs\hairball-seed-20260530\RunArtifacts\runs\20260603-181533_745b3556c2b24d278b4c46f22d88e321\logs\Layer06Hub-23304.stderr.log
2026-06-03T18:16:11.7856864+00:00	WorkerEvent	Layer05Node06	WorkerOnline; ExitCode=0; online
2026-06-03T18:16:11.7866326+00:00	WorkerEvent	Layer05Node01.select-l05-n01	GrantAccepted; ExitCode=0; 
2026-06-03T18:16:11.7891087+00:00	WorkerEvent	Layer05Node06	WorkerReady; ExitCode=0; ready
2026-06-03T18:16:11.8106497+00:00	StartPipeline	Layer05Node06	Layer05Node06
2026-06-03T18:16:11.8254450+00:00	WorkerEvent	Layer05Node01.select-l05-n01	TaskStarted; ExitCode=0; 
2026-06-03T18:16:11.8274243+00:00	WorkerEvent	Layer06Hub	WorkerOnline; ExitCode=0; online
2026-06-03T18:16:11.8293179+00:00	WorkerEvent	Layer06Hub	WorkerReady; ExitCode=0; ready
2026-06-03T18:16:11.8561027+00:00	StartPipeline	Layer06Hub	Layer06Hub
2026-06-03T18:16:12.1574433+00:00	WorkerEvent	Layer05Node05.refresh-l05-n05	TaskSucceeded; ExitCode=0; 
2026-06-03T18:16:12.1586603+00:00	TaskSucceeded	Layer05Node05.refresh-l05-n05	0
2026-06-03T18:16:12.1598196+00:00	WorkerDeferredForCapacity	AuditHairball	Deferred by orchestration to honor max active worker process capacity.
2026-06-03T18:16:12.1603830+00:00	StopPipeline	AuditHairball	Deferred by orchestration to honor max active worker process capacity.
2026-06-03T18:16:12.1613022+00:00	WorkerDeferredForCapacity	BridgeL07L08	Deferred by orchestration to honor max active worker process capacity.
2026-06-03T18:16:12.1617628+00:00	StopPipeline	BridgeL07L08	Deferred by orchestration to honor max active worker process capacity.
2026-06-03T18:16:12.1695175+00:00	WorkerDeferredForCapacity	CompositeMart	Deferred by orchestration to honor max active worker process capacity.
2026-06-03T18:16:12.1701711+00:00	StopPipeline	CompositeMart	Deferred by orchestration to honor max active worker process capacity.
2026-06-03T18:16:12.1953971+00:00	WorkerEvent	AuditHairball	Closed; ExitCode=0; 
2026-06-03T18:16:12.1962120+00:00	WorkerDeferred	AuditHairball	ResumeTaskId=AuditHairball.audit-hairball
2026-06-03T18:16:12.1968985+00:00	WorkerStarting	Layer06Node08	meta-pipeline
2026-06-03T18:16:12.4187003+00:00	WorkerStarted	Layer06Node08	22928
2026-06-03T18:16:12.4192451+00:00	WorkerControlPipe	Layer06Node08	meta-orchestration-bb7b351e65d0446c9b32030d3aaaa74a
2026-06-03T18:16:12.4196755+00:00	WorkerLog	Layer06Node08	stdout=C:\Users\jimmy\Desktop\meta-bi\Samples\Demos\MetaOrchestrationHairballCliIntegration\Runs\hairball-seed-20260530\RunArtifacts\runs\20260603-181533_745b3556c2b24d278b4c46f22d88e321\logs\Layer06Node08-22928.stdout.log; stderr=C:\Users\jimmy\Desktop\meta-bi\Samples\Demos\MetaOrchestrationHairballCliIntegration\Runs\hairball-seed-20260530\RunArtifacts\runs\20260603-181533_745b3556c2b24d278b4c46f22d88e321\logs\Layer06Node08-22928.stderr.log
2026-06-03T18:16:12.4201617+00:00	WorkerEvent	BridgeL05L06	PipelineStarted; ExitCode=0; pipeline started
2026-06-03T18:16:12.4241623+00:00	WorkerEvent	BridgeL07L08	Closed; ExitCode=0; 
2026-06-03T18:16:12.4249908+00:00	WorkerDeferred	BridgeL07L08	ResumeTaskId=BridgeL07L08.bridge-l07-l08-collect
2026-06-03T18:16:12.4254564+00:00	WorkerEvent	BridgeL05L06.bridge-l05-l06-collect	TaskReady; ExitCode=0; 
2026-06-03T18:16:12.4261621+00:00	WorkerEvent	Layer05Node05	Closed; ExitCode=0; 
2026-06-03T18:16:12.4268049+00:00	PipelineCompleted	Layer05Node05	
2026-06-03T18:16:12.4272244+00:00	WorkerEvent	Layer06Node05	PipelineStarted; ExitCode=0; pipeline started
2026-06-03T18:16:12.4278710+00:00	WorkerEvent	CompositeMart	Closed; ExitCode=0; 
2026-06-03T18:16:12.4284556+00:00	WorkerDeferred	CompositeMart	ResumeTaskId=CompositeMart.composite-stage
2026-06-03T18:16:12.4289729+00:00	WorkerEvent	Layer06Node05.export-l06-n05	TaskReady; ExitCode=0; 
2026-06-03T18:16:12.4309639+00:00	GrantTask	Layer06Node05.export-l06-n05	Layer06Node05.export-l06-n05; GrantId=grant-84; Attempt=1
2026-06-03T18:16:12.4315194+00:00	WorkerResuming	AuditHairball	ResumeTaskId=AuditHairball.audit-hairball; Executable=meta-pipeline
2026-06-03T18:16:12.6078012+00:00	WorkerStarted	AuditHairball	28840
2026-06-03T18:16:12.6083020+00:00	WorkerControlPipe	AuditHairball	meta-orchestration-06942ae3ed4b474bb864585a5144ea32
2026-06-03T18:16:12.6086993+00:00	WorkerLog	AuditHairball	stdout=C:\Users\jimmy\Desktop\meta-bi\Samples\Demos\MetaOrchestrationHairballCliIntegration\Runs\hairball-seed-20260530\RunArtifacts\runs\20260603-181533_745b3556c2b24d278b4c46f22d88e321\logs\AuditHairball-28840.stdout.log; stderr=C:\Users\jimmy\Desktop\meta-bi\Samples\Demos\MetaOrchestrationHairballCliIntegration\Runs\hairball-seed-20260530\RunArtifacts\runs\20260603-181533_745b3556c2b24d278b4c46f22d88e321\logs\AuditHairball-28840.stderr.log
2026-06-03T18:16:12.6091516+00:00	WorkerEvent	Layer05Hub	PipelineStarted; ExitCode=0; pipeline started
2026-06-03T18:16:12.6098233+00:00	WorkerEvent	Layer06Node05.export-l06-n05	GrantAccepted; ExitCode=0; 
2026-06-03T18:16:12.6106327+00:00	WorkerEvent	Layer06Node08	WorkerOnline; ExitCode=0; online
2026-06-03T18:16:12.6122295+00:00	WorkerResuming	BridgeL07L08	ResumeTaskId=BridgeL07L08.bridge-l07-l08-collect; Executable=meta-pipeline
2026-06-03T18:16:12.8035170+00:00	WorkerStarted	BridgeL07L08	11212
2026-06-03T18:16:12.8040625+00:00	WorkerControlPipe	BridgeL07L08	meta-orchestration-925af5f13e834a899ae171470b1517c2
2026-06-03T18:16:12.8044894+00:00	WorkerLog	BridgeL07L08	stdout=C:\Users\jimmy\Desktop\meta-bi\Samples\Demos\MetaOrchestrationHairballCliIntegration\Runs\hairball-seed-20260530\RunArtifacts\runs\20260603-181533_745b3556c2b24d278b4c46f22d88e321\logs\BridgeL07L08-11212.stdout.log; stderr=C:\Users\jimmy\Desktop\meta-bi\Samples\Demos\MetaOrchestrationHairballCliIntegration\Runs\hairball-seed-20260530\RunArtifacts\runs\20260603-181533_745b3556c2b24d278b4c46f22d88e321\logs\BridgeL07L08-11212.stderr.log
2026-06-03T18:16:12.8050020+00:00	WorkerEvent	Layer05Hub.hub-l05-stage	TaskReady; ExitCode=0; 
2026-06-03T18:16:12.8057325+00:00	WorkerEvent	Layer06Node05.export-l06-n05	TaskStarted; ExitCode=0; 
2026-06-03T18:16:12.8065187+00:00	WorkerEvent	Layer05Node08	PipelineStarted; ExitCode=0; pipeline started
2026-06-03T18:16:12.8072433+00:00	WorkerEvent	AuditHairball	WorkerOnline; ExitCode=0; online
2026-06-03T18:16:12.8080256+00:00	WorkerEvent	Layer05Node08.refresh-l05-n08	TaskReady; ExitCode=0; 
2026-06-03T18:16:12.8086883+00:00	WorkerEvent	AuditHairball	WorkerReady; ExitCode=0; ready
2026-06-03T18:16:12.8138354+00:00	StartPipeline	AuditHairball	AuditHairball
2026-06-03T18:16:12.8149641+00:00	WorkerEvent	Layer05Node01.select-l05-n01	TaskSucceeded; ExitCode=0; 
2026-06-03T18:16:12.8160104+00:00	TaskSucceeded	Layer05Node01.select-l05-n01	0
2026-06-03T18:16:12.8169631+00:00	PipelineCompleted	Layer05Node01	
2026-06-03T18:16:12.8178583+00:00	WorkerEvent	Layer06Node08	WorkerReady; ExitCode=0; ready
2026-06-03T18:16:12.8188287+00:00	StartPipeline	Layer06Node08	Layer06Node08
2026-06-03T18:16:12.8204001+00:00	WorkerEvent	Layer07Node05	PipelineStarted; ExitCode=0; pipeline started
2026-06-03T18:16:12.8231213+00:00	GrantTask	Layer05Node08.refresh-l05-n08	Layer05Node08.refresh-l05-n08; GrantId=grant-85; Attempt=1
2026-06-03T18:16:12.8236552+00:00	WorkerResuming	CompositeMart	ResumeTaskId=CompositeMart.composite-stage; Executable=meta-pipeline
2026-06-03T18:16:12.9736765+00:00	WorkerStarted	CompositeMart	24612
2026-06-03T18:16:12.9742429+00:00	WorkerControlPipe	CompositeMart	meta-orchestration-5d9b31d4d1724b55bce034cd8ab72bfc
2026-06-03T18:16:12.9747516+00:00	WorkerLog	CompositeMart	stdout=C:\Users\jimmy\Desktop\meta-bi\Samples\Demos\MetaOrchestrationHairballCliIntegration\Runs\hairball-seed-20260530\RunArtifacts\runs\20260603-181533_745b3556c2b24d278b4c46f22d88e321\logs\CompositeMart-24612.stdout.log; stderr=C:\Users\jimmy\Desktop\meta-bi\Samples\Demos\MetaOrchestrationHairballCliIntegration\Runs\hairball-seed-20260530\RunArtifacts\runs\20260603-181533_745b3556c2b24d278b4c46f22d88e321\logs\CompositeMart-24612.stderr.log
2026-06-03T18:16:12.9752071+00:00	WorkerEvent	Layer05Node06	PipelineStarted; ExitCode=0; pipeline started
2026-06-03T18:16:12.9761440+00:00	WorkerEvent	BridgeL07L08	WorkerOnline; ExitCode=0; online
2026-06-03T18:16:12.9775395+00:00	WorkerEvent	Layer05Node06.export-l05-n06	TaskReady; ExitCode=0; 
2026-06-03T18:16:12.9782977+00:00	WorkerEvent	BridgeL07L08	WorkerReady; ExitCode=0; ready
2026-06-03T18:16:12.9870214+00:00	StartPipeline	BridgeL07L08	BridgeL07L08
2026-06-03T18:16:12.9881319+00:00	WorkerEvent	Layer05Node08.refresh-l05-n08	GrantAccepted; ExitCode=0; 
2026-06-03T18:16:12.9888773+00:00	WorkerEvent	Layer07Node05.select-l07-n05	TaskReady; ExitCode=0; 
2026-06-03T18:16:12.9911939+00:00	GrantTask	Layer05Node06.export-l05-n06	Layer05Node06.export-l05-n06; GrantId=grant-86; Attempt=1
2026-06-03T18:16:12.9917441+00:00	GrantTask	Layer07Node05.select-l07-n05	Layer07Node05.select-l07-n05; GrantId=grant-87; Attempt=1
2026-06-03T18:16:12.9921197+00:00	WorkerStarting	Layer07Hub	meta-pipeline
2026-06-03T18:16:13.1595874+00:00	WorkerStarted	Layer07Hub	28784
2026-06-03T18:16:13.1601419+00:00	WorkerControlPipe	Layer07Hub	meta-orchestration-93444b7491e841ed8cb8a09d6644efef
2026-06-03T18:16:13.1607964+00:00	WorkerLog	Layer07Hub	stdout=C:\Users\jimmy\Desktop\meta-bi\Samples\Demos\MetaOrchestrationHairballCliIntegration\Runs\hairball-seed-20260530\RunArtifacts\runs\20260603-181533_745b3556c2b24d278b4c46f22d88e321\logs\Layer07Hub-28784.stdout.log; stderr=C:\Users\jimmy\Desktop\meta-bi\Samples\Demos\MetaOrchestrationHairballCliIntegration\Runs\hairball-seed-20260530\RunArtifacts\runs\20260603-181533_745b3556c2b24d278b4c46f22d88e321\logs\Layer07Hub-28784.stderr.log
2026-06-03T18:16:13.1612386+00:00	WorkerEvent	Layer05Node06.export-l05-n06	GrantAccepted; ExitCode=0; 
2026-06-03T18:16:13.1622021+00:00	WorkerEvent	Layer05Node08.refresh-l05-n08	TaskStarted; ExitCode=0; 
2026-06-03T18:16:13.1635257+00:00	WorkerEvent	CompositeMart	WorkerOnline; ExitCode=0; online
2026-06-03T18:16:13.1644174+00:00	WorkerEvent	Layer07Node05.select-l07-n05	GrantAccepted; ExitCode=0; 
2026-06-03T18:16:13.1667522+00:00	WorkerEvent	Layer05Node06.export-l05-n06	TaskStarted; ExitCode=0; 
2026-06-03T18:16:13.1690470+00:00	WorkerEvent	CompositeMart	WorkerReady; ExitCode=0; ready
2026-06-03T18:16:13.1750032+00:00	StartPipeline	CompositeMart	CompositeMart
2026-06-03T18:16:13.1761022+00:00	WorkerEvent	Layer07Node05.select-l07-n05	TaskStarted; ExitCode=0; 
2026-06-03T18:16:13.2156731+00:00	WorkerEvent	Layer07Hub	WorkerOnline; ExitCode=0; online
2026-06-03T18:16:13.2177363+00:00	WorkerEvent	Layer07Hub	WorkerReady; ExitCode=0; ready
2026-06-03T18:16:13.2351648+00:00	StartPipeline	Layer07Hub	Layer07Hub
2026-06-03T18:16:13.3015091+00:00	WorkerEvent	Layer06Hub	PipelineStarted; ExitCode=0; pipeline started
2026-06-03T18:16:13.3041118+00:00	WorkerEvent	Layer06Hub.hub-l06-stage	TaskReady; ExitCode=0; 
2026-06-03T18:16:13.6911607+00:00	WorkerEvent	Layer06Node05.export-l06-n05	TaskSucceeded; ExitCode=0; 
2026-06-03T18:16:13.6921069+00:00	TaskSucceeded	Layer06Node05.export-l06-n05	0
2026-06-03T18:16:13.7286829+00:00	WorkerEvent	Layer05Node08.refresh-l05-n08	TaskSucceeded; ExitCode=0; 
2026-06-03T18:16:13.7301016+00:00	TaskSucceeded	Layer05Node08.refresh-l05-n08	0
2026-06-03T18:16:13.7372169+00:00	WorkerEvent	Layer06Node05	Closed; ExitCode=0; 
2026-06-03T18:16:13.7391951+00:00	PipelineCompleted	Layer06Node05	
2026-06-03T18:16:13.7411098+00:00	WorkerStarting	Layer07Node01	meta-pipeline
2026-06-03T18:16:13.9530147+00:00	WorkerStarted	Layer07Node01	5704
2026-06-03T18:16:13.9539132+00:00	WorkerControlPipe	Layer07Node01	meta-orchestration-7184e539ff784e1c92607dc9d38e16f8
2026-06-03T18:16:13.9546694+00:00	WorkerLog	Layer07Node01	stdout=C:\Users\jimmy\Desktop\meta-bi\Samples\Demos\MetaOrchestrationHairballCliIntegration\Runs\hairball-seed-20260530\RunArtifacts\runs\20260603-181533_745b3556c2b24d278b4c46f22d88e321\logs\Layer07Node01-5704.stdout.log; stderr=C:\Users\jimmy\Desktop\meta-bi\Samples\Demos\MetaOrchestrationHairballCliIntegration\Runs\hairball-seed-20260530\RunArtifacts\runs\20260603-181533_745b3556c2b24d278b4c46f22d88e321\logs\Layer07Node01-5704.stderr.log
2026-06-03T18:16:13.9554011+00:00	WorkerEvent	Layer05Node08	Closed; ExitCode=0; 
2026-06-03T18:16:13.9563280+00:00	PipelineCompleted	Layer05Node08	
2026-06-03T18:16:13.9568553+00:00	WorkerEvent	AuditHairball	PipelineStarted; ExitCode=0; pipeline started
2026-06-03T18:16:13.9576715+00:00	WorkerEvent	Layer06Node08	PipelineStarted; ExitCode=0; pipeline started
2026-06-03T18:16:13.9597082+00:00	WorkerStarting	Layer07Node03	meta-pipeline
2026-06-03T18:16:14.1217160+00:00	WorkerStarted	Layer07Node03	28508
2026-06-03T18:16:14.1223648+00:00	WorkerControlPipe	Layer07Node03	meta-orchestration-15ebbf5914f5447b93676610a9496080
2026-06-03T18:16:14.1228812+00:00	WorkerLog	Layer07Node03	stdout=C:\Users\jimmy\Desktop\meta-bi\Samples\Demos\MetaOrchestrationHairballCliIntegration\Runs\hairball-seed-20260530\RunArtifacts\runs\20260603-181533_745b3556c2b24d278b4c46f22d88e321\logs\Layer07Node03-28508.stdout.log; stderr=C:\Users\jimmy\Desktop\meta-bi\Samples\Demos\MetaOrchestrationHairballCliIntegration\Runs\hairball-seed-20260530\RunArtifacts\runs\20260603-181533_745b3556c2b24d278b4c46f22d88e321\logs\Layer07Node03-28508.stderr.log
2026-06-03T18:16:14.1232950+00:00	WorkerEvent	Layer05Node06.export-l05-n06	TaskSucceeded; ExitCode=0; 
2026-06-03T18:16:14.1241083+00:00	TaskSucceeded	Layer05Node06.export-l05-n06	0
2026-06-03T18:16:14.1249773+00:00	PipelineCompleted	Layer05Node06	
2026-06-03T18:16:14.1254500+00:00	WorkerEvent	Layer07Node01	WorkerOnline; ExitCode=0; online
2026-06-03T18:16:14.1264480+00:00	WorkerEvent	AuditHairball.audit-hairball	TaskReady; ExitCode=0; 
2026-06-03T18:16:14.1272616+00:00	WorkerEvent	Layer07Node01	WorkerReady; ExitCode=0; ready
2026-06-03T18:16:14.1379749+00:00	StartPipeline	Layer07Node01	Layer07Node01
2026-06-03T18:16:14.1389340+00:00	WorkerEvent	Layer06Node08.export-l06-n08	TaskReady; ExitCode=0; 
2026-06-03T18:16:14.1396048+00:00	WorkerEvent	Layer07Node05.select-l07-n05	TaskSucceeded; ExitCode=0; 
2026-06-03T18:16:14.1401680+00:00	TaskSucceeded	Layer07Node05.select-l07-n05	0
2026-06-03T18:16:14.1410089+00:00	PipelineCompleted	Layer07Node05	
2026-06-03T18:16:14.1427248+00:00	GrantTask	Layer05Hub.hub-l05-stage	Layer05Hub.hub-l05-stage; GrantId=grant-88; Attempt=1
2026-06-03T18:16:14.1432762+00:00	GrantTask	Layer06Node08.export-l06-n08	Layer06Node08.export-l06-n08; GrantId=grant-89; Attempt=1
2026-06-03T18:16:14.1438011+00:00	WorkerStarting	Layer07Node06	meta-pipeline
2026-06-03T18:16:14.2699005+00:00	WorkerStarted	Layer07Node06	30940
2026-06-03T18:16:14.2705076+00:00	WorkerControlPipe	Layer07Node06	meta-orchestration-43332b5f2b164e4c8a4955bf5b7b333e
2026-06-03T18:16:14.2709464+00:00	WorkerLog	Layer07Node06	stdout=C:\Users\jimmy\Desktop\meta-bi\Samples\Demos\MetaOrchestrationHairballCliIntegration\Runs\hairball-seed-20260530\RunArtifacts\runs\20260603-181533_745b3556c2b24d278b4c46f22d88e321\logs\Layer07Node06-30940.stdout.log; stderr=C:\Users\jimmy\Desktop\meta-bi\Samples\Demos\MetaOrchestrationHairballCliIntegration\Runs\hairball-seed-20260530\RunArtifacts\runs\20260603-181533_745b3556c2b24d278b4c46f22d88e321\logs\Layer07Node06-30940.stderr.log
2026-06-03T18:16:14.2713558+00:00	WorkerEvent	Layer05Hub.hub-l05-stage	GrantAccepted; ExitCode=0; 
2026-06-03T18:16:14.2722522+00:00	WorkerEvent	Layer07Node03	WorkerOnline; ExitCode=0; online
2026-06-03T18:16:14.2731041+00:00	WorkerEvent	Layer05Hub.hub-l05-stage	TaskStarted; ExitCode=0; 
2026-06-03T18:16:14.2738016+00:00	WorkerEvent	Layer06Node08.export-l06-n08	GrantAccepted; ExitCode=0; 
2026-06-03T18:16:14.2753610+00:00	WorkerStarting	Layer08Hub	meta-pipeline
2026-06-03T18:16:14.4444530+00:00	WorkerStarted	Layer08Hub	31632
2026-06-03T18:16:14.4448969+00:00	WorkerControlPipe	Layer08Hub	meta-orchestration-e88b0be24261486e8f1ffa237f70e0a7
2026-06-03T18:16:14.4452510+00:00	WorkerLog	Layer08Hub	stdout=C:\Users\jimmy\Desktop\meta-bi\Samples\Demos\MetaOrchestrationHairballCliIntegration\Runs\hairball-seed-20260530\RunArtifacts\runs\20260603-181533_745b3556c2b24d278b4c46f22d88e321\logs\Layer08Hub-31632.stdout.log; stderr=C:\Users\jimmy\Desktop\meta-bi\Samples\Demos\MetaOrchestrationHairballCliIntegration\Runs\hairball-seed-20260530\RunArtifacts\runs\20260603-181533_745b3556c2b24d278b4c46f22d88e321\logs\Layer08Hub-31632.stderr.log
2026-06-03T18:16:14.4456341+00:00	WorkerEvent	Layer07Node03	WorkerReady; ExitCode=0; ready
2026-06-03T18:16:14.4463482+00:00	StartPipeline	Layer07Node03	Layer07Node03
2026-06-03T18:16:14.4471586+00:00	WorkerEvent	Layer06Node08.export-l06-n08	TaskStarted; ExitCode=0; 
2026-06-03T18:16:14.4478734+00:00	WorkerEvent	Layer07Node06	WorkerOnline; ExitCode=0; online
2026-06-03T18:16:14.4512896+00:00	WorkerEvent	Layer07Node06	WorkerReady; ExitCode=0; ready
2026-06-03T18:16:14.4670466+00:00	StartPipeline	Layer07Node06	Layer07Node06
2026-06-03T18:16:14.4896916+00:00	WorkerEvent	BridgeL07L08	PipelineStarted; ExitCode=0; pipeline started
2026-06-03T18:16:14.4916541+00:00	WorkerEvent	BridgeL07L08.bridge-l07-l08-collect	TaskReady; ExitCode=0; 
2026-06-03T18:16:14.4951926+00:00	GrantTask	BridgeL07L08.bridge-l07-l08-collect	BridgeL07L08.bridge-l07-l08-collect; GrantId=grant-90; Attempt=1
2026-06-03T18:16:14.4957262+00:00	WorkerEvent	Layer08Hub	WorkerOnline; ExitCode=0; online
2026-06-03T18:16:14.4964095+00:00	WorkerEvent	BridgeL07L08.bridge-l07-l08-collect	GrantAccepted; ExitCode=0; 
2026-06-03T18:16:14.5007768+00:00	WorkerEvent	BridgeL07L08.bridge-l07-l08-collect	TaskStarted; ExitCode=0; 
2026-06-03T18:16:14.5598000+00:00	WorkerEvent	Layer08Hub	WorkerReady; ExitCode=0; ready
2026-06-03T18:16:14.5607769+00:00	StartPipeline	Layer08Hub	Layer08Hub
2026-06-03T18:16:14.6424277+00:00	WorkerEvent	Layer07Hub	PipelineStarted; ExitCode=0; pipeline started
2026-06-03T18:16:14.6446568+00:00	WorkerEvent	Layer07Hub.hub-l07-stage	TaskReady; ExitCode=0; 
2026-06-03T18:16:14.9213622+00:00	WorkerEvent	CompositeMart	PipelineStarted; ExitCode=0; pipeline started
2026-06-03T18:16:14.9241170+00:00	WorkerEvent	CompositeMart.composite-stage	TaskReady; ExitCode=0; 
2026-06-03T18:16:14.9570809+00:00	WorkerEvent	Layer05Hub.hub-l05-stage	TaskSucceeded; ExitCode=0; 
2026-06-03T18:16:14.9579807+00:00	TaskSucceeded	Layer05Hub.hub-l05-stage	0
2026-06-03T18:16:14.9594651+00:00	GrantTask	BridgeL05L06.bridge-l05-l06-collect	BridgeL05L06.bridge-l05-l06-collect; GrantId=grant-91; Attempt=1
2026-06-03T18:16:14.9604604+00:00	WorkerEvent	Layer05Hub.hub-l05-curate	TaskReady; ExitCode=0; 
2026-06-03T18:16:14.9624724+00:00	GrantTask	Layer05Hub.hub-l05-curate	Layer05Hub.hub-l05-curate; GrantId=grant-92; Attempt=1
2026-06-03T18:16:14.9630344+00:00	WorkerEvent	BridgeL05L06.bridge-l05-l06-collect	GrantAccepted; ExitCode=0; 
2026-06-03T18:16:14.9675869+00:00	WorkerEvent	Layer05Hub.hub-l05-curate	GrantAccepted; ExitCode=0; 
2026-06-03T18:16:14.9684849+00:00	WorkerEvent	BridgeL05L06.bridge-l05-l06-collect	TaskStarted; ExitCode=0; 
2026-06-03T18:16:14.9702797+00:00	WorkerEvent	Layer05Hub.hub-l05-curate	TaskStarted; ExitCode=0; 
2026-06-03T18:16:15.0150401+00:00	WorkerEvent	Layer06Node08.export-l06-n08	TaskSucceeded; ExitCode=0; 
2026-06-03T18:16:15.0164238+00:00	TaskSucceeded	Layer06Node08.export-l06-n08	0
2026-06-03T18:16:15.0185203+00:00	GrantTask	Layer06Hub.hub-l06-stage	Layer06Hub.hub-l06-stage; GrantId=grant-93; Attempt=1
2026-06-03T18:16:15.0230428+00:00	WorkerEvent	Layer06Hub.hub-l06-stage	GrantAccepted; ExitCode=0; 
2026-06-03T18:16:15.0247479+00:00	WorkerEvent	Layer06Hub.hub-l06-stage	TaskStarted; ExitCode=0; 
2026-06-03T18:16:15.0691254+00:00	WorkerEvent	Layer06Node08	Closed; ExitCode=0; 
2026-06-03T18:16:15.0701927+00:00	PipelineCompleted	Layer06Node08	
2026-06-03T18:16:15.0720350+00:00	WorkerStarting	Layer08Node01	meta-pipeline
2026-06-03T18:16:15.2617533+00:00	WorkerStarted	Layer08Node01	28392
2026-06-03T18:16:15.2622270+00:00	WorkerControlPipe	Layer08Node01	meta-orchestration-5e932b84de6b4c0ab3b7ead5caaa7212
2026-06-03T18:16:15.2627242+00:00	WorkerLog	Layer08Node01	stdout=C:\Users\jimmy\Desktop\meta-bi\Samples\Demos\MetaOrchestrationHairballCliIntegration\Runs\hairball-seed-20260530\RunArtifacts\runs\20260603-181533_745b3556c2b24d278b4c46f22d88e321\logs\Layer08Node01-28392.stdout.log; stderr=C:\Users\jimmy\Desktop\meta-bi\Samples\Demos\MetaOrchestrationHairballCliIntegration\Runs\hairball-seed-20260530\RunArtifacts\runs\20260603-181533_745b3556c2b24d278b4c46f22d88e321\logs\Layer08Node01-28392.stderr.log
2026-06-03T18:16:15.2638332+00:00	WorkerEvent	Layer05Hub.hub-l05-curate	TaskSucceeded; ExitCode=0; 
2026-06-03T18:16:15.2653574+00:00	TaskSucceeded	Layer05Hub.hub-l05-curate	0
2026-06-03T18:16:15.2659149+00:00	WorkerEvent	BridgeL07L08.bridge-l07-l08-collect	TaskSucceeded; ExitCode=0; 
2026-06-03T18:16:15.2666015+00:00	TaskSucceeded	BridgeL07L08.bridge-l07-l08-collect	0
2026-06-03T18:16:15.2670796+00:00	WorkerEvent	Layer07Node01	PipelineStarted; ExitCode=0; pipeline started
2026-06-03T18:16:15.2687884+00:00	WorkerEvent	Layer05Hub.hub-l05-publish	TaskReady; ExitCode=0; 
2026-06-03T18:16:15.2721027+00:00	GrantTask	Layer05Hub.hub-l05-publish	Layer05Hub.hub-l05-publish; GrantId=grant-94; Attempt=1
2026-06-03T18:16:15.2725739+00:00	WorkerEvent	BridgeL07L08.bridge-l07-l08-north	TaskReady; ExitCode=0; 
2026-06-03T18:16:15.2732765+00:00	WorkerEvent	Layer07Node01.select-l07-n01	TaskReady; ExitCode=0; 
2026-06-03T18:16:15.2750255+00:00	GrantTask	Layer07Node01.select-l07-n01	Layer07Node01.select-l07-n01; GrantId=grant-95; Attempt=1
2026-06-03T18:16:15.2754832+00:00	WorkerEvent	Layer05Hub.hub-l05-publish	GrantAccepted; ExitCode=0; 
2026-06-03T18:16:15.2770771+00:00	WorkerEvent	Layer05Hub.hub-l05-publish	TaskStarted; ExitCode=0; 
2026-06-03T18:16:15.2793482+00:00	WorkerEvent	Layer07Node01.select-l07-n01	GrantAccepted; ExitCode=0; 
2026-06-03T18:16:15.2830898+00:00	WorkerEvent	Layer07Node01.select-l07-n01	TaskStarted; ExitCode=0; 
2026-06-03T18:16:15.3060575+00:00	WorkerEvent	Layer08Node01	WorkerOnline; ExitCode=0; online
2026-06-03T18:16:15.3081092+00:00	WorkerEvent	Layer08Node01	WorkerReady; ExitCode=0; ready
2026-06-03T18:16:15.3178246+00:00	StartPipeline	Layer08Node01	Layer08Node01
2026-06-03T18:16:15.4729329+00:00	WorkerEvent	Layer07Node03	PipelineStarted; ExitCode=0; pipeline started
2026-06-03T18:16:15.4748326+00:00	WorkerEvent	Layer07Node03.refresh-l07-n03	TaskReady; ExitCode=0; 
2026-06-03T18:16:15.4879040+00:00	WorkerEvent	Layer07Node06	PipelineStarted; ExitCode=0; pipeline started
2026-06-03T18:16:15.4908338+00:00	WorkerEvent	Layer07Node06.export-l07-n06	TaskReady; ExitCode=0; 
2026-06-03T18:16:15.5184554+00:00	WorkerEvent	Layer05Hub.hub-l05-publish	TaskSucceeded; ExitCode=0; 
2026-06-03T18:16:15.5195993+00:00	TaskSucceeded	Layer05Hub.hub-l05-publish	0
2026-06-03T18:16:15.5214688+00:00	GrantTask	Layer07Node03.refresh-l07-n03	Layer07Node03.refresh-l07-n03; GrantId=grant-96; Attempt=1
2026-06-03T18:16:15.5234346+00:00	WorkerEvent	Layer07Node03.refresh-l07-n03	GrantAccepted; ExitCode=0; 
2026-06-03T18:16:15.5250727+00:00	WorkerEvent	Layer07Node03.refresh-l07-n03	TaskStarted; ExitCode=0; 
2026-06-03T18:16:15.5600585+00:00	WorkerEvent	Layer05Hub	Closed; ExitCode=0; 
2026-06-03T18:16:15.5611640+00:00	PipelineCompleted	Layer05Hub	
2026-06-03T18:16:15.5646875+00:00	WorkerStarting	Layer08Node02	meta-pipeline
2026-06-03T18:16:15.7699780+00:00	WorkerStarted	Layer08Node02	29736
2026-06-03T18:16:15.7711933+00:00	WorkerControlPipe	Layer08Node02	meta-orchestration-5c13b06506d44fa2b2437e8b19712e20
2026-06-03T18:16:15.7716507+00:00	WorkerLog	Layer08Node02	stdout=C:\Users\jimmy\Desktop\meta-bi\Samples\Demos\MetaOrchestrationHairballCliIntegration\Runs\hairball-seed-20260530\RunArtifacts\runs\20260603-181533_745b3556c2b24d278b4c46f22d88e321\logs\Layer08Node02-29736.stdout.log; stderr=C:\Users\jimmy\Desktop\meta-bi\Samples\Demos\MetaOrchestrationHairballCliIntegration\Runs\hairball-seed-20260530\RunArtifacts\runs\20260603-181533_745b3556c2b24d278b4c46f22d88e321\logs\Layer08Node02-29736.stderr.log
2026-06-03T18:16:15.7723007+00:00	WorkerEvent	Layer06Hub.hub-l06-stage	TaskSucceeded; ExitCode=0; 
2026-06-03T18:16:15.7730644+00:00	TaskSucceeded	Layer06Hub.hub-l06-stage	0
2026-06-03T18:16:15.7736143+00:00	WorkerEvent	BridgeL05L06.bridge-l05-l06-collect	TaskSucceeded; ExitCode=0; 
2026-06-03T18:16:15.7742950+00:00	TaskSucceeded	BridgeL05L06.bridge-l05-l06-collect	0
2026-06-03T18:16:15.7754678+00:00	GrantTask	BridgeL07L08.bridge-l07-l08-north	BridgeL07L08.bridge-l07-l08-north; GrantId=grant-97; Attempt=1
2026-06-03T18:16:15.7759445+00:00	WorkerDeferredForCapacity	AuditHairball	Deferred by orchestration to honor max active worker process capacity.
2026-06-03T18:16:15.7764214+00:00	StopPipeline	AuditHairball	Deferred by orchestration to honor max active worker process capacity.
2026-06-03T18:16:15.7847437+00:00	WorkerEvent	Layer06Hub.hub-l06-curate	TaskReady; ExitCode=0; 
2026-06-03T18:16:15.7859299+00:00	WorkerEvent	BridgeL05L06.bridge-l05-l06-north	TaskReady; ExitCode=0; 
2026-06-03T18:16:15.7866626+00:00	WorkerEvent	BridgeL07L08.bridge-l07-l08-north	GrantAccepted; ExitCode=0; 
2026-06-03T18:16:15.7882405+00:00	GrantTask	BridgeL05L06.bridge-l05-l06-north	BridgeL05L06.bridge-l05-l06-north; GrantId=grant-98; Attempt=1
2026-06-03T18:16:15.7896450+00:00	GrantTask	Layer06Hub.hub-l06-curate	Layer06Hub.hub-l06-curate; GrantId=grant-99; Attempt=1
2026-06-03T18:16:15.7902243+00:00	WorkerDeferredForCapacity	CompositeMart	Deferred by orchestration to honor max active worker process capacity.
2026-06-03T18:16:15.7906547+00:00	StopPipeline	CompositeMart	Deferred by orchestration to honor max active worker process capacity.
2026-06-03T18:16:15.7911547+00:00	WorkerEvent	Layer06Hub.hub-l06-curate	GrantAccepted; ExitCode=0; 
2026-06-03T18:16:15.7919188+00:00	WorkerEvent	BridgeL05L06.bridge-l05-l06-north	GrantAccepted; ExitCode=0; 
2026-06-03T18:16:15.7927353+00:00	WorkerEvent	BridgeL07L08.bridge-l07-l08-north	TaskStarted; ExitCode=0; 
2026-06-03T18:16:15.7942502+00:00	WorkerDeferredForCapacity	Layer07Hub	Deferred by orchestration to honor max active worker process capacity.
2026-06-03T18:16:15.7947470+00:00	StopPipeline	Layer07Hub	Deferred by orchestration to honor max active worker process capacity.
2026-06-03T18:16:15.7953371+00:00	WorkerEvent	Layer06Hub.hub-l06-curate	TaskStarted; ExitCode=0; 
2026-06-03T18:16:15.7966744+00:00	WorkerEvent	BridgeL05L06.bridge-l05-l06-north	TaskStarted; ExitCode=0; 
2026-06-03T18:16:15.7993011+00:00	WorkerDeferredForCapacity	Layer07Node06	Deferred by orchestration to honor max active worker process capacity.
2026-06-03T18:16:15.7999648+00:00	StopPipeline	Layer07Node06	Deferred by orchestration to honor max active worker process capacity.
2026-06-03T18:16:15.8148252+00:00	WorkerEvent	AuditHairball	Closed; ExitCode=0; 
2026-06-03T18:16:15.8159630+00:00	WorkerDeferred	AuditHairball	ResumeTaskId=AuditHairball.audit-hairball
2026-06-03T18:16:15.8164473+00:00	WorkerEvent	Layer08Node02	WorkerOnline; ExitCode=0; online
2026-06-03T18:16:15.8176488+00:00	WorkerStarting	Layer08Node03	meta-pipeline
2026-06-03T18:16:16.0448906+00:00	WorkerStarted	Layer08Node03	19716
2026-06-03T18:16:16.0454222+00:00	WorkerControlPipe	Layer08Node03	meta-orchestration-2846f2e9a8244fbeaa9c21c2fde0bdf8
2026-06-03T18:16:16.0458409+00:00	WorkerLog	Layer08Node03	stdout=C:\Users\jimmy\Desktop\meta-bi\Samples\Demos\MetaOrchestrationHairballCliIntegration\Runs\hairball-seed-20260530\RunArtifacts\runs\20260603-181533_745b3556c2b24d278b4c46f22d88e321\logs\Layer08Node03-19716.stdout.log; stderr=C:\Users\jimmy\Desktop\meta-bi\Samples\Demos\MetaOrchestrationHairballCliIntegration\Runs\hairball-seed-20260530\RunArtifacts\runs\20260603-181533_745b3556c2b24d278b4c46f22d88e321\logs\Layer08Node03-19716.stderr.log
2026-06-03T18:16:16.0465234+00:00	WorkerEvent	Layer06Hub.hub-l06-curate	TaskSucceeded; ExitCode=0; 
2026-06-03T18:16:16.0472645+00:00	TaskSucceeded	Layer06Hub.hub-l06-curate	0
2026-06-03T18:16:16.0484038+00:00	WorkerEvent	Layer08Node02	WorkerReady; ExitCode=0; ready
2026-06-03T18:16:16.0494221+00:00	StartPipeline	Layer08Node02	Layer08Node02
2026-06-03T18:16:16.0515177+00:00	WorkerEvent	Layer06Hub.hub-l06-publish	TaskReady; ExitCode=0; 
2026-06-03T18:16:16.0550478+00:00	WorkerEvent	BridgeL05L06.bridge-l05-l06-north	TaskSucceeded; ExitCode=0; 
2026-06-03T18:16:16.0560984+00:00	TaskSucceeded	BridgeL05L06.bridge-l05-l06-north	0
2026-06-03T18:16:16.0567654+00:00	WorkerEvent	Layer07Hub	Closed; ExitCode=0; 
2026-06-03T18:16:16.0574163+00:00	WorkerDeferred	Layer07Hub	ResumeTaskId=Layer07Hub.hub-l07-stage
2026-06-03T18:16:16.0578477+00:00	WorkerEvent	BridgeL05L06.bridge-l05-l06-south	TaskReady; ExitCode=0; 
2026-06-03T18:16:16.0586842+00:00	WorkerEvent	BridgeL07L08.bridge-l07-l08-north	TaskSucceeded; ExitCode=0; 
2026-06-03T18:16:16.0593473+00:00	TaskSucceeded	BridgeL07L08.bridge-l07-l08-north	0
2026-06-03T18:16:16.0598616+00:00	WorkerEvent	CompositeMart	Closed; ExitCode=0; 
2026-06-03T18:16:16.0606195+00:00	WorkerDeferred	CompositeMart	ResumeTaskId=CompositeMart.composite-stage
2026-06-03T18:16:16.0610252+00:00	WorkerEvent	BridgeL07L08.bridge-l07-l08-south	TaskReady; ExitCode=0; 
2026-06-03T18:16:16.0616974+00:00	WorkerEvent	Layer07Node01.select-l07-n01	TaskSucceeded; ExitCode=0; 
2026-06-03T18:16:16.0627343+00:00	TaskSucceeded	Layer07Node01.select-l07-n01	0
2026-06-03T18:16:16.0644962+00:00	WorkerEvent	Layer07Node06	Closed; ExitCode=0; 
2026-06-03T18:16:16.0652475+00:00	WorkerDeferred	Layer07Node06	ResumeTaskId=Layer07Node06.export-l07-n06
2026-06-03T18:16:16.0693639+00:00	GrantTask	BridgeL05L06.bridge-l05-l06-south	BridgeL05L06.bridge-l05-l06-south; GrantId=grant-100; Attempt=1
2026-06-03T18:16:16.0702813+00:00	GrantTask	Layer06Hub.hub-l06-publish	Layer06Hub.hub-l06-publish; GrantId=grant-101; Attempt=1
2026-06-03T18:16:16.0708449+00:00	WorkerResuming	CompositeMart	ResumeTaskId=CompositeMart.composite-stage; Executable=meta-pipeline
2026-06-03T18:16:16.2360714+00:00	WorkerStarted	CompositeMart	22904
2026-06-03T18:16:16.2394117+00:00	WorkerControlPipe	CompositeMart	meta-orchestration-96864f9bec7c448c99421d6078ea8f70
2026-06-03T18:16:16.2402445+00:00	WorkerLog	CompositeMart	stdout=C:\Users\jimmy\Desktop\meta-bi\Samples\Demos\MetaOrchestrationHairballCliIntegration\Runs\hairball-seed-20260530\RunArtifacts\runs\20260603-181533_745b3556c2b24d278b4c46f22d88e321\logs\CompositeMart-22904.stdout.log; stderr=C:\Users\jimmy\Desktop\meta-bi\Samples\Demos\MetaOrchestrationHairballCliIntegration\Runs\hairball-seed-20260530\RunArtifacts\runs\20260603-181533_745b3556c2b24d278b4c46f22d88e321\logs\CompositeMart-22904.stderr.log
2026-06-03T18:16:16.2440107+00:00	WorkerEvent	Layer06Hub.hub-l06-publish	GrantAccepted; ExitCode=0; 
2026-06-03T18:16:16.2452794+00:00	WorkerEvent	BridgeL05L06.bridge-l05-l06-south	GrantAccepted; ExitCode=0; 
2026-06-03T18:16:16.2556240+00:00	WorkerEvent	Layer06Hub.hub-l06-publish	TaskStarted; ExitCode=0; 
2026-06-03T18:16:16.2567847+00:00	WorkerEvent	Layer08Hub	PipelineStarted; ExitCode=0; pipeline started
2026-06-03T18:16:16.2583701+00:00	WorkerEvent	Layer07Node01	Closed; ExitCode=0; 
2026-06-03T18:16:16.2591928+00:00	PipelineCompleted	Layer07Node01	
2026-06-03T18:16:16.2595819+00:00	WorkerEvent	Layer08Node03	WorkerOnline; ExitCode=0; online
2026-06-03T18:16:16.2609843+00:00	WorkerResuming	Layer07Node06	ResumeTaskId=Layer07Node06.export-l07-n06; Executable=meta-pipeline
2026-06-03T18:16:16.4673044+00:00	WorkerStarted	Layer07Node06	31560
2026-06-03T18:16:16.4679021+00:00	WorkerControlPipe	Layer07Node06	meta-orchestration-8951cd54f71442d5920566b43b957a05
2026-06-03T18:16:16.4684561+00:00	WorkerLog	Layer07Node06	stdout=C:\Users\jimmy\Desktop\meta-bi\Samples\Demos\MetaOrchestrationHairballCliIntegration\Runs\hairball-seed-20260530\RunArtifacts\runs\20260603-181533_745b3556c2b24d278b4c46f22d88e321\logs\Layer07Node06-31560.stdout.log; stderr=C:\Users\jimmy\Desktop\meta-bi\Samples\Demos\MetaOrchestrationHairballCliIntegration\Runs\hairball-seed-20260530\RunArtifacts\runs\20260603-181533_745b3556c2b24d278b4c46f22d88e321\logs\Layer07Node06-31560.stderr.log
2026-06-03T18:16:16.4690157+00:00	WorkerEvent	Layer06Hub.hub-l06-publish	TaskSucceeded; ExitCode=0; 
2026-06-03T18:16:16.4697618+00:00	TaskSucceeded	Layer06Hub.hub-l06-publish	0
2026-06-03T18:16:16.4707057+00:00	PipelineCompleted	Layer06Hub	
2026-06-03T18:16:16.4711319+00:00	WorkerEvent	BridgeL05L06.bridge-l05-l06-south	TaskStarted; ExitCode=0; 
2026-06-03T18:16:16.4719259+00:00	WorkerEvent	Layer08Hub.hub-l08-stage	TaskReady; ExitCode=0; 
2026-06-03T18:16:16.4726459+00:00	WorkerEvent	BridgeL05L06.bridge-l05-l06-south	TaskSucceeded; ExitCode=0; 
2026-06-03T18:16:16.4732360+00:00	TaskSucceeded	BridgeL05L06.bridge-l05-l06-south	0
2026-06-03T18:16:16.4736941+00:00	WorkerEvent	Layer07Node03.refresh-l07-n03	TaskSucceeded; ExitCode=0; 
2026-06-03T18:16:16.4743785+00:00	TaskSucceeded	Layer07Node03.refresh-l07-n03	0
2026-06-03T18:16:16.4749567+00:00	PipelineCompleted	Layer07Node03	
2026-06-03T18:16:16.4753079+00:00	WorkerEvent	Layer08Node03	WorkerReady; ExitCode=0; ready
2026-06-03T18:16:16.4759931+00:00	StartPipeline	Layer08Node03	Layer08Node03
2026-06-03T18:16:16.4766489+00:00	WorkerEvent	Layer08Node01	PipelineStarted; ExitCode=0; pipeline started
2026-06-03T18:16:16.4772854+00:00	WorkerEvent	CompositeMart	WorkerOnline; ExitCode=0; online
2026-06-03T18:16:16.4780048+00:00	WorkerEvent	Layer08Node01.refresh-l08-n01	TaskReady; ExitCode=0; 
2026-06-03T18:16:16.4796044+00:00	GrantTask	BridgeL07L08.bridge-l07-l08-south	BridgeL07L08.bridge-l07-l08-south; GrantId=grant-102; Attempt=1
2026-06-03T18:16:16.4830097+00:00	GrantTask	Layer08Node01.refresh-l08-n01	Layer08Node01.refresh-l08-n01; GrantId=grant-103; Attempt=1
2026-06-03T18:16:16.4835595+00:00	WorkerStarting	Layer08Node04	meta-pipeline
2026-06-03T18:16:16.6189832+00:00	WorkerStarted	Layer08Node04	30088
2026-06-03T18:16:16.6195278+00:00	WorkerControlPipe	Layer08Node04	meta-orchestration-bb50f734faaa4a7fb9f477f322694e2a
2026-06-03T18:16:16.6199176+00:00	WorkerLog	Layer08Node04	stdout=C:\Users\jimmy\Desktop\meta-bi\Samples\Demos\MetaOrchestrationHairballCliIntegration\Runs\hairball-seed-20260530\RunArtifacts\runs\20260603-181533_745b3556c2b24d278b4c46f22d88e321\logs\Layer08Node04-30088.stdout.log; stderr=C:\Users\jimmy\Desktop\meta-bi\Samples\Demos\MetaOrchestrationHairballCliIntegration\Runs\hairball-seed-20260530\RunArtifacts\runs\20260603-181533_745b3556c2b24d278b4c46f22d88e321\logs\Layer08Node04-30088.stderr.log
2026-06-03T18:16:16.6203376+00:00	WorkerEvent	BridgeL05L06	Closed; ExitCode=0; 
2026-06-03T18:16:16.6210169+00:00	PipelineCompleted	BridgeL05L06	
2026-06-03T18:16:16.6214059+00:00	WorkerEvent	BridgeL07L08.bridge-l07-l08-south	GrantAccepted; ExitCode=0; 
2026-06-03T18:16:16.6220433+00:00	WorkerEvent	Layer07Node06	WorkerOnline; ExitCode=0; online
2026-06-03T18:16:16.6227463+00:00	WorkerEvent	BridgeL07L08.bridge-l07-l08-south	TaskStarted; ExitCode=0; 
2026-06-03T18:16:16.6234828+00:00	WorkerEvent	Layer07Node06	WorkerReady; ExitCode=0; ready
2026-06-03T18:16:16.6275515+00:00	StartPipeline	Layer07Node06	Layer07Node06
2026-06-03T18:16:16.6285686+00:00	WorkerEvent	Layer08Node01.refresh-l08-n01	GrantAccepted; ExitCode=0; 
2026-06-03T18:16:16.6304484+00:00	WorkerEvent	CompositeMart	WorkerReady; ExitCode=0; ready
2026-06-03T18:16:16.6316876+00:00	StartPipeline	CompositeMart	CompositeMart
2026-06-03T18:16:16.6326181+00:00	WorkerEvent	Layer08Node01.refresh-l08-n01	TaskStarted; ExitCode=0; 
2026-06-03T18:16:16.6337190+00:00	WorkerStarting	Layer08Node08	meta-pipeline
2026-06-03T18:16:16.7919243+00:00	WorkerStarted	Layer08Node08	23396
2026-06-03T18:16:16.7923900+00:00	WorkerControlPipe	Layer08Node08	meta-orchestration-f40298b070fa4479a1347ba6022b6596
2026-06-03T18:16:16.7928385+00:00	WorkerLog	Layer08Node08	stdout=C:\Users\jimmy\Desktop\meta-bi\Samples\Demos\MetaOrchestrationHairballCliIntegration\Runs\hairball-seed-20260530\RunArtifacts\runs\20260603-181533_745b3556c2b24d278b4c46f22d88e321\logs\Layer08Node08-23396.stdout.log; stderr=C:\Users\jimmy\Desktop\meta-bi\Samples\Demos\MetaOrchestrationHairballCliIntegration\Runs\hairball-seed-20260530\RunArtifacts\runs\20260603-181533_745b3556c2b24d278b4c46f22d88e321\logs\Layer08Node08-23396.stderr.log
2026-06-03T18:16:16.7932481+00:00	WorkerEvent	BridgeL07L08.bridge-l07-l08-south	TaskSucceeded; ExitCode=0; 
2026-06-03T18:16:16.7942076+00:00	TaskSucceeded	BridgeL07L08.bridge-l07-l08-south	0
2026-06-03T18:16:16.7950480+00:00	PipelineCompleted	BridgeL07L08	
2026-06-03T18:16:16.7955034+00:00	WorkerEvent	Layer08Node04	WorkerOnline; ExitCode=0; online
2026-06-03T18:16:16.7970055+00:00	WorkerStarting	RegionalMart02	meta-pipeline
2026-06-03T18:16:16.9564145+00:00	WorkerStarted	RegionalMart02	712
2026-06-03T18:16:16.9569874+00:00	WorkerControlPipe	RegionalMart02	meta-orchestration-dd826653b9a646baa871e3ff1f5408ed
2026-06-03T18:16:16.9574689+00:00	WorkerLog	RegionalMart02	stdout=C:\Users\jimmy\Desktop\meta-bi\Samples\Demos\MetaOrchestrationHairballCliIntegration\Runs\hairball-seed-20260530\RunArtifacts\runs\20260603-181533_745b3556c2b24d278b4c46f22d88e321\logs\RegionalMart02-712.stdout.log; stderr=C:\Users\jimmy\Desktop\meta-bi\Samples\Demos\MetaOrchestrationHairballCliIntegration\Runs\hairball-seed-20260530\RunArtifacts\runs\20260603-181533_745b3556c2b24d278b4c46f22d88e321\logs\RegionalMart02-712.stderr.log
2026-06-03T18:16:16.9579603+00:00	WorkerEvent	Layer08Node08	WorkerOnline; ExitCode=0; online
2026-06-03T18:16:16.9588653+00:00	WorkerEvent	Layer08Node04	WorkerReady; ExitCode=0; ready
2026-06-03T18:16:16.9596145+00:00	StartPipeline	Layer08Node04	Layer08Node04
2026-06-03T18:16:16.9604187+00:00	WorkerEvent	Layer08Node08	WorkerReady; ExitCode=0; ready
2026-06-03T18:16:16.9768960+00:00	StartPipeline	Layer08Node08	Layer08Node08
2026-06-03T18:16:16.9789810+00:00	WorkerResuming	AuditHairball	ResumeTaskId=AuditHairball.audit-hairball; Executable=meta-pipeline
2026-06-03T18:16:17.1891118+00:00	WorkerStarted	AuditHairball	24408
2026-06-03T18:16:17.1917625+00:00	WorkerControlPipe	AuditHairball	meta-orchestration-bcba693e7eb14a188c8e40a5cdeb5565
2026-06-03T18:16:17.2032363+00:00	WorkerLog	AuditHairball	stdout=C:\Users\jimmy\Desktop\meta-bi\Samples\Demos\MetaOrchestrationHairballCliIntegration\Runs\hairball-seed-20260530\RunArtifacts\runs\20260603-181533_745b3556c2b24d278b4c46f22d88e321\logs\AuditHairball-24408.stdout.log; stderr=C:\Users\jimmy\Desktop\meta-bi\Samples\Demos\MetaOrchestrationHairballCliIntegration\Runs\hairball-seed-20260530\RunArtifacts\runs\20260603-181533_745b3556c2b24d278b4c46f22d88e321\logs\AuditHairball-24408.stderr.log
2026-06-03T18:16:17.2042173+00:00	WorkerEvent	Layer08Node02	PipelineStarted; ExitCode=0; pipeline started
2026-06-03T18:16:17.2052281+00:00	WorkerEvent	RegionalMart02	WorkerOnline; ExitCode=0; online
2026-06-03T18:16:17.2077536+00:00	WorkerResuming	Layer07Hub	ResumeTaskId=Layer07Hub.hub-l07-stage; Executable=meta-pipeline
2026-06-03T18:16:17.4217466+00:00	WorkerStarted	Layer07Hub	9556
2026-06-03T18:16:17.4224381+00:00	WorkerControlPipe	Layer07Hub	meta-orchestration-f496b8f097a742219b72d3b24c3277b2
2026-06-03T18:16:17.4229085+00:00	WorkerLog	Layer07Hub	stdout=C:\Users\jimmy\Desktop\meta-bi\Samples\Demos\MetaOrchestrationHairballCliIntegration\Runs\hairball-seed-20260530\RunArtifacts\runs\20260603-181533_745b3556c2b24d278b4c46f22d88e321\logs\Layer07Hub-9556.stdout.log; stderr=C:\Users\jimmy\Desktop\meta-bi\Samples\Demos\MetaOrchestrationHairballCliIntegration\Runs\hairball-seed-20260530\RunArtifacts\runs\20260603-181533_745b3556c2b24d278b4c46f22d88e321\logs\Layer07Hub-9556.stderr.log
2026-06-03T18:16:17.4233920+00:00	WorkerEvent	AuditHairball	WorkerOnline; ExitCode=0; online
2026-06-03T18:16:17.4240722+00:00	WorkerEvent	Layer08Node02.select-l08-n02	TaskReady; ExitCode=0; 
2026-06-03T18:16:17.4257436+00:00	WorkerEvent	AuditHairball	WorkerReady; ExitCode=0; ready
2026-06-03T18:16:17.4338249+00:00	StartPipeline	AuditHairball	AuditHairball
2026-06-03T18:16:17.4353893+00:00	WorkerEvent	RegionalMart02	WorkerReady; ExitCode=0; ready
2026-06-03T18:16:17.4369344+00:00	StartPipeline	RegionalMart02	RegionalMart02
2026-06-03T18:16:17.4379555+00:00	WorkerEvent	Layer08Node01.refresh-l08-n01	TaskSucceeded; ExitCode=0; 
2026-06-03T18:16:17.4395455+00:00	TaskSucceeded	Layer08Node01.refresh-l08-n01	0
2026-06-03T18:16:17.4403492+00:00	PipelineCompleted	Layer08Node01	
2026-06-03T18:16:17.4419787+00:00	GrantTask	Layer08Node02.select-l08-n02	Layer08Node02.select-l08-n02; GrantId=grant-104; Attempt=1
2026-06-03T18:16:17.4424355+00:00	WorkerStarting	PublishHairballFinal	meta-pipeline
2026-06-03T18:16:17.6772300+00:00	WorkerStarted	PublishHairballFinal	10144
2026-06-03T18:16:17.6777572+00:00	WorkerControlPipe	PublishHairballFinal	meta-orchestration-31c9e2e72f5a40038cbdc6870dfcfba2
2026-06-03T18:16:17.6782282+00:00	WorkerLog	PublishHairballFinal	stdout=C:\Users\jimmy\Desktop\meta-bi\Samples\Demos\MetaOrchestrationHairballCliIntegration\Runs\hairball-seed-20260530\RunArtifacts\runs\20260603-181533_745b3556c2b24d278b4c46f22d88e321\logs\PublishHairballFinal-10144.stdout.log; stderr=C:\Users\jimmy\Desktop\meta-bi\Samples\Demos\MetaOrchestrationHairballCliIntegration\Runs\hairball-seed-20260530\RunArtifacts\runs\20260603-181533_745b3556c2b24d278b4c46f22d88e321\logs\PublishHairballFinal-10144.stderr.log
2026-06-03T18:16:17.6788337+00:00	WorkerEvent	Layer08Node02.select-l08-n02	GrantAccepted; ExitCode=0; 
2026-06-03T18:16:17.6802329+00:00	WorkerEvent	Layer08Node03	PipelineStarted; ExitCode=0; pipeline started
2026-06-03T18:16:17.6809124+00:00	WorkerEvent	Layer07Hub	WorkerOnline; ExitCode=0; online
2026-06-03T18:16:17.6823791+00:00	WorkerStarting	RegionalMart01	meta-pipeline
2026-06-03T18:16:17.8760558+00:00	WorkerStarted	RegionalMart01	31448
2026-06-03T18:16:17.8767071+00:00	WorkerControlPipe	RegionalMart01	meta-orchestration-e8d1ad76c73e487699de3ef88c30ddfa
2026-06-03T18:16:17.8771695+00:00	WorkerLog	RegionalMart01	stdout=C:\Users\jimmy\Desktop\meta-bi\Samples\Demos\MetaOrchestrationHairballCliIntegration\Runs\hairball-seed-20260530\RunArtifacts\runs\20260603-181533_745b3556c2b24d278b4c46f22d88e321\logs\RegionalMart01-31448.stdout.log; stderr=C:\Users\jimmy\Desktop\meta-bi\Samples\Demos\MetaOrchestrationHairballCliIntegration\Runs\hairball-seed-20260530\RunArtifacts\runs\20260603-181533_745b3556c2b24d278b4c46f22d88e321\logs\RegionalMart01-31448.stderr.log
2026-06-03T18:16:17.8776024+00:00	WorkerEvent	Layer08Node02.select-l08-n02	TaskStarted; ExitCode=0; 
2026-06-03T18:16:17.8787097+00:00	WorkerEvent	Layer07Node06	PipelineStarted; ExitCode=0; pipeline started
2026-06-03T18:16:17.8798058+00:00	WorkerEvent	Layer08Node03.export-l08-n03	TaskReady; ExitCode=0; 
2026-06-03T18:16:17.8808548+00:00	WorkerEvent	Layer07Hub	WorkerReady; ExitCode=0; ready
2026-06-03T18:16:17.8816626+00:00	StartPipeline	Layer07Hub	Layer07Hub
2026-06-03T18:16:17.8823288+00:00	WorkerEvent	Layer07Node06.export-l07-n06	TaskReady; ExitCode=0; 
2026-06-03T18:16:17.8831267+00:00	WorkerEvent	PublishHairballFinal	WorkerOnline; ExitCode=0; online
2026-06-03T18:16:17.8849457+00:00	GrantTask	Layer07Node06.export-l07-n06	Layer07Node06.export-l07-n06; GrantId=grant-105; Attempt=1
2026-06-03T18:16:17.8987989+00:00	GrantTask	Layer08Node03.export-l08-n03	Layer08Node03.export-l08-n03; GrantId=grant-106; Attempt=1
2026-06-03T18:16:17.8994706+00:00	WorkerEvent	PublishHairballFinal	WorkerReady; ExitCode=0; ready
2026-06-03T18:16:17.9004776+00:00	StartPipeline	PublishHairballFinal	PublishHairballFinal
2026-06-03T18:16:17.9016190+00:00	WorkerEvent	Layer07Node06.export-l07-n06	GrantAccepted; ExitCode=0; 
2026-06-03T18:16:17.9031374+00:00	WorkerEvent	Layer07Node06.export-l07-n06	TaskStarted; ExitCode=0; 
2026-06-03T18:16:17.9047036+00:00	WorkerEvent	Layer08Node03.export-l08-n03	GrantAccepted; ExitCode=0; 
2026-06-03T18:16:17.9060543+00:00	WorkerEvent	Layer08Node03.export-l08-n03	TaskStarted; ExitCode=0; 
2026-06-03T18:16:17.9252509+00:00	WorkerEvent	RegionalMart01	WorkerOnline; ExitCode=0; online
2026-06-03T18:16:17.9494223+00:00	WorkerEvent	RegionalMart01	WorkerReady; ExitCode=0; ready
2026-06-03T18:16:17.9505129+00:00	StartPipeline	RegionalMart01	RegionalMart01
2026-06-03T18:16:18.0698531+00:00	WorkerEvent	Layer08Node08	PipelineStarted; ExitCode=0; pipeline started
2026-06-03T18:16:18.0714175+00:00	WorkerEvent	Layer08Node08.refresh-l08-n08	TaskReady; ExitCode=0; 
2026-06-03T18:16:18.0745282+00:00	GrantTask	Layer08Node08.refresh-l08-n08	Layer08Node08.refresh-l08-n08; GrantId=grant-107; Attempt=1
2026-06-03T18:16:18.0757389+00:00	WorkerEvent	Layer08Node08.refresh-l08-n08	GrantAccepted; ExitCode=0; 
2026-06-03T18:16:18.0771524+00:00	WorkerEvent	Layer08Node08.refresh-l08-n08	TaskStarted; ExitCode=0; 
2026-06-03T18:16:18.1358305+00:00	WorkerEvent	Layer08Node04	PipelineStarted; ExitCode=0; pipeline started
2026-06-03T18:16:18.1374099+00:00	WorkerEvent	Layer08Node04.select-l08-n04	TaskReady; ExitCode=0; 
2026-06-03T18:16:18.1419905+00:00	GrantTask	Layer08Node04.select-l08-n04	Layer08Node04.select-l08-n04; GrantId=grant-108; Attempt=1
2026-06-03T18:16:18.1554979+00:00	WorkerEvent	Layer08Node04.select-l08-n04	GrantAccepted; ExitCode=0; 
2026-06-03T18:16:18.1570760+00:00	WorkerEvent	Layer08Node04.select-l08-n04	TaskStarted; ExitCode=0; 
2026-06-03T18:16:18.4555521+00:00	WorkerEvent	AuditHairball	PipelineStarted; ExitCode=0; pipeline started
2026-06-03T18:16:18.4569983+00:00	WorkerEvent	AuditHairball.audit-hairball	TaskReady; ExitCode=0; 
2026-06-03T18:16:18.5351674+00:00	WorkerEvent	CompositeMart	PipelineStarted; ExitCode=0; pipeline started
2026-06-03T18:16:18.5383696+00:00	WorkerEvent	CompositeMart.composite-stage	TaskReady; ExitCode=0; 
2026-06-03T18:16:18.5399675+00:00	GrantTask	CompositeMart.composite-stage	CompositeMart.composite-stage; GrantId=grant-109; Attempt=1
2026-06-03T18:16:18.5418248+00:00	WorkerEvent	CompositeMart.composite-stage	GrantAccepted; ExitCode=0; 
2026-06-03T18:16:18.5431680+00:00	WorkerEvent	CompositeMart.composite-stage	TaskStarted; ExitCode=0; 
2026-06-03T18:16:18.5989002+00:00	WorkerEvent	Layer08Node02.select-l08-n02	TaskSucceeded; ExitCode=0; 
2026-06-03T18:16:18.5998915+00:00	TaskSucceeded	Layer08Node02.select-l08-n02	0
2026-06-03T18:16:18.6009398+00:00	PipelineCompleted	Layer08Node02	
2026-06-03T18:16:18.6021273+00:00	WorkerStarting	RegionalMart03	meta-pipeline
2026-06-03T18:16:18.9412640+00:00	WorkerStarted	RegionalMart03	20236
2026-06-03T18:16:18.9422661+00:00	WorkerControlPipe	RegionalMart03	meta-orchestration-a1d274d090334233915bb78b93409276
2026-06-03T18:16:18.9427216+00:00	WorkerLog	RegionalMart03	stdout=C:\Users\jimmy\Desktop\meta-bi\Samples\Demos\MetaOrchestrationHairballCliIntegration\Runs\hairball-seed-20260530\RunArtifacts\runs\20260603-181533_745b3556c2b24d278b4c46f22d88e321\logs\RegionalMart03-20236.stdout.log; stderr=C:\Users\jimmy\Desktop\meta-bi\Samples\Demos\MetaOrchestrationHairballCliIntegration\Runs\hairball-seed-20260530\RunArtifacts\runs\20260603-181533_745b3556c2b24d278b4c46f22d88e321\logs\RegionalMart03-20236.stderr.log
2026-06-03T18:16:18.9431973+00:00	WorkerEvent	Layer07Node06.export-l07-n06	TaskSucceeded; ExitCode=0; 
2026-06-03T18:16:18.9456481+00:00	TaskSucceeded	Layer07Node06.export-l07-n06	0
2026-06-03T18:16:18.9467276+00:00	PipelineCompleted	Layer07Node06	
2026-06-03T18:16:18.9473714+00:00	WorkerEvent	Layer08Node03.export-l08-n03	TaskSucceeded; ExitCode=0; 
2026-06-03T18:16:18.9482195+00:00	TaskSucceeded	Layer08Node03.export-l08-n03	0
2026-06-03T18:16:18.9489498+00:00	PipelineCompleted	Layer08Node03	
2026-06-03T18:16:18.9505555+00:00	WorkerStarting	RegionalMart04	meta-pipeline
2026-06-03T18:16:19.1583378+00:00	WorkerStarted	RegionalMart04	9948
2026-06-03T18:16:19.1605802+00:00	WorkerControlPipe	RegionalMart04	meta-orchestration-c57ecf5e4d15440f9fcfa2a1f62df59f
2026-06-03T18:16:19.1671743+00:00	WorkerLog	RegionalMart04	stdout=C:\Users\jimmy\Desktop\meta-bi\Samples\Demos\MetaOrchestrationHairballCliIntegration\Runs\hairball-seed-20260530\RunArtifacts\runs\20260603-181533_745b3556c2b24d278b4c46f22d88e321\logs\RegionalMart04-9948.stdout.log; stderr=C:\Users\jimmy\Desktop\meta-bi\Samples\Demos\MetaOrchestrationHairballCliIntegration\Runs\hairball-seed-20260530\RunArtifacts\runs\20260603-181533_745b3556c2b24d278b4c46f22d88e321\logs\RegionalMart04-9948.stderr.log
2026-06-03T18:16:19.1719985+00:00	WorkerEvent	RegionalMart03	WorkerOnline; ExitCode=0; online
2026-06-03T18:16:19.1754523+00:00	WorkerEvent	Layer08Node08.refresh-l08-n08	TaskSucceeded; ExitCode=0; 
2026-06-03T18:16:19.1807505+00:00	TaskSucceeded	Layer08Node08.refresh-l08-n08	0
2026-06-03T18:16:19.1842866+00:00	PipelineCompleted	Layer08Node08	
2026-06-03T18:16:19.1856457+00:00	WorkerEvent	RegionalMart03	WorkerReady; ExitCode=0; ready
2026-06-03T18:16:19.1912230+00:00	StartPipeline	RegionalMart03	RegionalMart03
2026-06-03T18:16:19.1922386+00:00	WorkerEvent	Layer08Node04.select-l08-n04	TaskSucceeded; ExitCode=0; 
2026-06-03T18:16:19.1930489+00:00	TaskSucceeded	Layer08Node04.select-l08-n04	0
2026-06-03T18:16:19.1938414+00:00	PipelineCompleted	Layer08Node04	
2026-06-03T18:16:19.1973585+00:00	GrantTask	Layer08Hub.hub-l08-stage	Layer08Hub.hub-l08-stage; GrantId=grant-110; Attempt=1
2026-06-03T18:16:19.1978832+00:00	WorkerEvent	RegionalMart04	WorkerOnline; ExitCode=0; online
2026-06-03T18:16:19.2032314+00:00	WorkerEvent	RegionalMart04	WorkerReady; ExitCode=0; ready
2026-06-03T18:16:19.2053067+00:00	StartPipeline	RegionalMart04	RegionalMart04
2026-06-03T18:16:19.2061498+00:00	WorkerEvent	Layer08Hub.hub-l08-stage	GrantAccepted; ExitCode=0; 
2026-06-03T18:16:19.2069168+00:00	WorkerEvent	PublishHairballFinal	PipelineStarted; ExitCode=0; pipeline started
2026-06-03T18:16:19.2077387+00:00	WorkerEvent	Layer08Hub.hub-l08-stage	TaskStarted; ExitCode=0; 
2026-06-03T18:16:19.2090721+00:00	WorkerEvent	PublishHairballFinal.publish-hairball-final	TaskReady; ExitCode=0; 
2026-06-03T18:16:19.2476458+00:00	WorkerEvent	RegionalMart02	PipelineStarted; ExitCode=0; pipeline started
2026-06-03T18:16:19.2510606+00:00	WorkerEvent	RegionalMart02.regional-02-stage	TaskReady; ExitCode=0; 
2026-06-03T18:16:19.2534542+00:00	GrantTask	RegionalMart02.regional-02-stage	RegionalMart02.regional-02-stage; GrantId=grant-111; Attempt=1
2026-06-03T18:16:19.2549387+00:00	WorkerEvent	RegionalMart02.regional-02-stage	GrantAccepted; ExitCode=0; 
2026-06-03T18:16:19.2562177+00:00	WorkerEvent	RegionalMart02.regional-02-stage	TaskStarted; ExitCode=0; 
2026-06-03T18:16:19.3913996+00:00	WorkerEvent	CompositeMart.composite-stage	TaskSucceeded; ExitCode=0; 
2026-06-03T18:16:19.3927806+00:00	TaskSucceeded	CompositeMart.composite-stage	0
2026-06-03T18:16:19.3983584+00:00	WorkerEvent	CompositeMart.composite-curate	TaskReady; ExitCode=0; 
2026-06-03T18:16:19.4052443+00:00	GrantTask	CompositeMart.composite-curate	CompositeMart.composite-curate; GrantId=grant-112; Attempt=1
2026-06-03T18:16:19.4060549+00:00	WorkerEvent	Layer07Hub	PipelineStarted; ExitCode=0; pipeline started
2026-06-03T18:16:19.4070243+00:00	WorkerEvent	CompositeMart.composite-curate	GrantAccepted; ExitCode=0; 
2026-06-03T18:16:19.4087658+00:00	WorkerEvent	Layer07Hub.hub-l07-stage	TaskReady; ExitCode=0; 
2026-06-03T18:16:19.4097785+00:00	WorkerEvent	CompositeMart.composite-curate	TaskStarted; ExitCode=0; 
2026-06-03T18:16:19.4125352+00:00	GrantTask	Layer07Hub.hub-l07-stage	Layer07Hub.hub-l07-stage; GrantId=grant-113; Attempt=1
2026-06-03T18:16:19.4206569+00:00	WorkerEvent	Layer07Hub.hub-l07-stage	GrantAccepted; ExitCode=0; 
2026-06-03T18:16:19.4222163+00:00	WorkerEvent	Layer07Hub.hub-l07-stage	TaskStarted; ExitCode=0; 
2026-06-03T18:16:19.6038626+00:00	WorkerEvent	CompositeMart.composite-curate	TaskSucceeded; ExitCode=0; 
2026-06-03T18:16:19.6051982+00:00	TaskSucceeded	CompositeMart.composite-curate	0
2026-06-03T18:16:19.6081775+00:00	WorkerEvent	CompositeMart.composite-reconcile	TaskReady; ExitCode=0; 
2026-06-03T18:16:19.6158507+00:00	GrantTask	CompositeMart.composite-reconcile	CompositeMart.composite-reconcile; GrantId=grant-114; Attempt=1
2026-06-03T18:16:19.6193763+00:00	WorkerEvent	CompositeMart.composite-reconcile	GrantAccepted; ExitCode=0; 
2026-06-03T18:16:19.6218716+00:00	WorkerEvent	CompositeMart.composite-reconcile	TaskStarted; ExitCode=0; 
2026-06-03T18:16:19.6708903+00:00	WorkerEvent	RegionalMart01	PipelineStarted; ExitCode=0; pipeline started
2026-06-03T18:16:19.6752095+00:00	WorkerEvent	RegionalMart01.regional-01-stage	TaskReady; ExitCode=0; 
2026-06-03T18:16:19.6796125+00:00	GrantTask	RegionalMart01.regional-01-stage	RegionalMart01.regional-01-stage; GrantId=grant-115; Attempt=1
2026-06-03T18:16:19.6819318+00:00	WorkerEvent	RegionalMart01.regional-01-stage	GrantAccepted; ExitCode=0; 
2026-06-03T18:16:19.6843231+00:00	WorkerEvent	RegionalMart01.regional-01-stage	TaskStarted; ExitCode=0; 
2026-06-03T18:16:19.7831485+00:00	WorkerEvent	CompositeMart.composite-reconcile	TaskSucceeded; ExitCode=0; 
2026-06-03T18:16:19.7845122+00:00	TaskSucceeded	CompositeMart.composite-reconcile	0
2026-06-03T18:16:19.7859308+00:00	WorkerEvent	CompositeMart.composite-certify	TaskReady; ExitCode=0; 
2026-06-03T18:16:19.7875267+00:00	GrantTask	CompositeMart.composite-certify	CompositeMart.composite-certify; GrantId=grant-116; Attempt=1
2026-06-03T18:16:19.7881157+00:00	WorkerEvent	CompositeMart.composite-certify	GrantAccepted; ExitCode=0; 
2026-06-03T18:16:19.7893672+00:00	WorkerEvent	CompositeMart.composite-certify	TaskStarted; ExitCode=0; 
2026-06-03T18:16:19.9373854+00:00	WorkerEvent	CompositeMart.composite-certify	TaskSucceeded; ExitCode=0; 
2026-06-03T18:16:19.9394824+00:00	TaskSucceeded	CompositeMart.composite-certify	0
2026-06-03T18:16:19.9409585+00:00	WorkerEvent	CompositeMart.composite-publish	TaskReady; ExitCode=0; 
2026-06-03T18:16:19.9540349+00:00	GrantTask	CompositeMart.composite-publish	CompositeMart.composite-publish; GrantId=grant-117; Attempt=1
2026-06-03T18:16:19.9548756+00:00	WorkerEvent	Layer08Hub.hub-l08-stage	TaskSucceeded; ExitCode=0; 
2026-06-03T18:16:19.9557964+00:00	TaskSucceeded	Layer08Hub.hub-l08-stage	0
2026-06-03T18:16:19.9563014+00:00	WorkerEvent	CompositeMart.composite-publish	GrantAccepted; ExitCode=0; 
2026-06-03T18:16:19.9569953+00:00	WorkerEvent	Layer08Hub.hub-l08-curate	TaskReady; ExitCode=0; 
2026-06-03T18:16:19.9576509+00:00	WorkerEvent	CompositeMart.composite-publish	TaskStarted; ExitCode=0; 
2026-06-03T18:16:19.9593563+00:00	GrantTask	Layer08Hub.hub-l08-curate	Layer08Hub.hub-l08-curate; GrantId=grant-118; Attempt=1
2026-06-03T18:16:19.9627368+00:00	WorkerEvent	Layer08Hub.hub-l08-curate	GrantAccepted; ExitCode=0; 
2026-06-03T18:16:19.9640956+00:00	WorkerEvent	Layer08Hub.hub-l08-curate	TaskStarted; ExitCode=0; 
2026-06-03T18:16:19.9707848+00:00	WorkerEvent	RegionalMart02.regional-02-stage	TaskSucceeded; ExitCode=0; 
2026-06-03T18:16:19.9717120+00:00	TaskSucceeded	RegionalMart02.regional-02-stage	0
2026-06-03T18:16:19.9727893+00:00	WorkerEvent	RegionalMart02.regional-02-curate	TaskReady; ExitCode=0; 
2026-06-03T18:16:19.9744668+00:00	GrantTask	RegionalMart02.regional-02-curate	RegionalMart02.regional-02-curate; GrantId=grant-119; Attempt=1
2026-06-03T18:16:19.9759029+00:00	WorkerEvent	RegionalMart02.regional-02-curate	GrantAccepted; ExitCode=0; 
2026-06-03T18:16:19.9775192+00:00	WorkerEvent	RegionalMart02.regional-02-curate	TaskStarted; ExitCode=0; 
2026-06-03T18:16:20.1135489+00:00	WorkerEvent	Layer08Hub.hub-l08-curate	TaskSucceeded; ExitCode=0; 
2026-06-03T18:16:20.1148221+00:00	TaskSucceeded	Layer08Hub.hub-l08-curate	0
2026-06-03T18:16:20.1159495+00:00	WorkerEvent	Layer08Hub.hub-l08-publish	TaskReady; ExitCode=0; 
2026-06-03T18:16:20.1243061+00:00	GrantTask	Layer08Hub.hub-l08-publish	Layer08Hub.hub-l08-publish; GrantId=grant-120; Attempt=1
2026-06-03T18:16:20.1249178+00:00	WorkerEvent	Layer08Hub.hub-l08-publish	GrantAccepted; ExitCode=0; 
2026-06-03T18:16:20.1260736+00:00	WorkerEvent	Layer08Hub.hub-l08-publish	TaskStarted; ExitCode=0; 
2026-06-03T18:16:20.1725202+00:00	WorkerEvent	RegionalMart02.regional-02-curate	TaskSucceeded; ExitCode=0; 
2026-06-03T18:16:20.1735592+00:00	TaskSucceeded	RegionalMart02.regional-02-curate	0
2026-06-03T18:16:20.1745840+00:00	WorkerEvent	RegionalMart02.regional-02-publish	TaskReady; ExitCode=0; 
2026-06-03T18:16:20.1814222+00:00	GrantTask	RegionalMart02.regional-02-publish	RegionalMart02.regional-02-publish; GrantId=grant-121; Attempt=1
2026-06-03T18:16:20.1842226+00:00	WorkerEvent	RegionalMart02.regional-02-publish	GrantAccepted; ExitCode=0; 
2026-06-03T18:16:20.1875281+00:00	WorkerEvent	RegionalMart02.regional-02-publish	TaskStarted; ExitCode=0; 
2026-06-03T18:16:20.1888307+00:00	WorkerEvent	Layer07Hub.hub-l07-stage	TaskSucceeded; ExitCode=0; 
2026-06-03T18:16:20.1898757+00:00	TaskSucceeded	Layer07Hub.hub-l07-stage	0
2026-06-03T18:16:20.1914911+00:00	WorkerEvent	Layer07Hub.hub-l07-curate	TaskReady; ExitCode=0; 
2026-06-03T18:16:20.1936059+00:00	GrantTask	Layer07Hub.hub-l07-curate	Layer07Hub.hub-l07-curate; GrantId=grant-122; Attempt=1
2026-06-03T18:16:20.1966439+00:00	WorkerEvent	Layer07Hub.hub-l07-curate	GrantAccepted; ExitCode=0; 
2026-06-03T18:16:20.2002650+00:00	WorkerEvent	Layer07Hub.hub-l07-curate	TaskStarted; ExitCode=0; 
2026-06-03T18:16:20.2321483+00:00	WorkerEvent	CompositeMart.composite-publish	TaskSucceeded; ExitCode=0; 
2026-06-03T18:16:20.2332559+00:00	TaskSucceeded	CompositeMart.composite-publish	0
2026-06-03T18:16:20.2804829+00:00	WorkerEvent	CompositeMart	Closed; ExitCode=0; 
2026-06-03T18:16:20.2816030+00:00	PipelineCompleted	CompositeMart	
2026-06-03T18:16:20.3474635+00:00	WorkerEvent	Layer07Hub.hub-l07-curate	TaskSucceeded; ExitCode=0; 
2026-06-03T18:16:20.3487708+00:00	TaskSucceeded	Layer07Hub.hub-l07-curate	0
2026-06-03T18:16:20.3504770+00:00	WorkerEvent	Layer07Hub.hub-l07-publish	TaskReady; ExitCode=0; 
2026-06-03T18:16:20.3526613+00:00	GrantTask	Layer07Hub.hub-l07-publish	Layer07Hub.hub-l07-publish; GrantId=grant-123; Attempt=1
2026-06-03T18:16:20.3533333+00:00	WorkerEvent	Layer07Hub.hub-l07-publish	GrantAccepted; ExitCode=0; 
2026-06-03T18:16:20.3544826+00:00	WorkerEvent	Layer07Hub.hub-l07-publish	TaskStarted; ExitCode=0; 
2026-06-03T18:16:20.3577463+00:00	WorkerEvent	Layer08Hub.hub-l08-publish	TaskSucceeded; ExitCode=0; 
2026-06-03T18:16:20.3586263+00:00	TaskSucceeded	Layer08Hub.hub-l08-publish	0
2026-06-03T18:16:20.4032935+00:00	WorkerEvent	Layer08Hub	Closed; ExitCode=0; 
2026-06-03T18:16:20.4041356+00:00	PipelineCompleted	Layer08Hub	
2026-06-03T18:16:20.4058807+00:00	WorkerEvent	RegionalMart01.regional-01-stage	TaskSucceeded; ExitCode=0; 
2026-06-03T18:16:20.4066125+00:00	TaskSucceeded	RegionalMart01.regional-01-stage	0
2026-06-03T18:16:20.4077807+00:00	WorkerEvent	RegionalMart01.regional-01-curate	TaskReady; ExitCode=0; 
2026-06-03T18:16:20.4092777+00:00	GrantTask	RegionalMart01.regional-01-curate	RegionalMart01.regional-01-curate; GrantId=grant-124; Attempt=1
2026-06-03T18:16:20.4138953+00:00	WorkerEvent	RegionalMart01.regional-01-curate	GrantAccepted; ExitCode=0; 
2026-06-03T18:16:20.4159379+00:00	WorkerEvent	RegionalMart01.regional-01-curate	TaskStarted; ExitCode=0; 
2026-06-03T18:16:20.4462735+00:00	WorkerEvent	RegionalMart02.regional-02-publish	TaskSucceeded; ExitCode=0; 
2026-06-03T18:16:20.4471901+00:00	TaskSucceeded	RegionalMart02.regional-02-publish	0
2026-06-03T18:16:20.4482296+00:00	WorkerEvent	RegionalMart02.regional-02-audit	TaskReady; ExitCode=0; 
2026-06-03T18:16:20.4497426+00:00	GrantTask	RegionalMart02.regional-02-audit	RegionalMart02.regional-02-audit; GrantId=grant-125; Attempt=1
2026-06-03T18:16:20.4504095+00:00	WorkerEvent	RegionalMart02.regional-02-audit	GrantAccepted; ExitCode=0; 
2026-06-03T18:16:20.4519589+00:00	WorkerEvent	RegionalMart02.regional-02-audit	TaskStarted; ExitCode=0; 
2026-06-03T18:16:20.5671892+00:00	WorkerEvent	RegionalMart01.regional-01-curate	TaskSucceeded; ExitCode=0; 
2026-06-03T18:16:20.5682392+00:00	TaskSucceeded	RegionalMart01.regional-01-curate	0
2026-06-03T18:16:20.5692332+00:00	WorkerEvent	RegionalMart01.regional-01-publish	TaskReady; ExitCode=0; 
2026-06-03T18:16:20.5725869+00:00	GrantTask	RegionalMart01.regional-01-publish	RegionalMart01.regional-01-publish; GrantId=grant-126; Attempt=1
2026-06-03T18:16:20.5731372+00:00	WorkerEvent	RegionalMart01.regional-01-publish	GrantAccepted; ExitCode=0; 
2026-06-03T18:16:20.5742881+00:00	WorkerEvent	RegionalMart01.regional-01-publish	TaskStarted; ExitCode=0; 
2026-06-03T18:16:20.6460362+00:00	WorkerEvent	Layer07Hub.hub-l07-publish	TaskSucceeded; ExitCode=0; 
2026-06-03T18:16:20.6481477+00:00	TaskSucceeded	Layer07Hub.hub-l07-publish	0
2026-06-03T18:16:20.6498363+00:00	GrantTask	PublishHairballFinal.publish-hairball-final	PublishHairballFinal.publish-hairball-final; GrantId=grant-127; Attempt=1
2026-06-03T18:16:20.6509255+00:00	WorkerEvent	PublishHairballFinal.publish-hairball-final	GrantAccepted; ExitCode=0; 
2026-06-03T18:16:20.6526370+00:00	WorkerEvent	PublishHairballFinal.publish-hairball-final	TaskStarted; ExitCode=0; 
2026-06-03T18:16:20.6557498+00:00	WorkerEvent	RegionalMart02.regional-02-audit	TaskSucceeded; ExitCode=0; 
2026-06-03T18:16:20.6566576+00:00	TaskSucceeded	RegionalMart02.regional-02-audit	0
2026-06-03T18:16:20.6951928+00:00	WorkerEvent	Layer07Hub	Closed; ExitCode=0; 
2026-06-03T18:16:20.6964302+00:00	PipelineCompleted	Layer07Hub	
2026-06-03T18:16:20.7097329+00:00	WorkerEvent	RegionalMart02	Closed; ExitCode=0; 
2026-06-03T18:16:20.7109912+00:00	PipelineCompleted	RegionalMart02	
2026-06-03T18:16:20.8022026+00:00	WorkerEvent	RegionalMart04	PipelineStarted; ExitCode=0; pipeline started
2026-06-03T18:16:20.8052697+00:00	WorkerEvent	RegionalMart04.regional-04-stage	TaskReady; ExitCode=0; 
2026-06-03T18:16:20.8704175+00:00	WorkerEvent	RegionalMart03	PipelineStarted; ExitCode=0; pipeline started
2026-06-03T18:16:20.8743352+00:00	WorkerEvent	RegionalMart03.regional-03-stage	TaskReady; ExitCode=0; 
2026-06-03T18:16:20.8760066+00:00	GrantTask	RegionalMart03.regional-03-stage	RegionalMart03.regional-03-stage; GrantId=grant-128; Attempt=1
2026-06-03T18:16:20.8784390+00:00	WorkerEvent	RegionalMart03.regional-03-stage	GrantAccepted; ExitCode=0; 
2026-06-03T18:16:20.8800001+00:00	WorkerEvent	RegionalMart03.regional-03-stage	TaskStarted; ExitCode=0; 
2026-06-03T18:16:20.9170287+00:00	WorkerEvent	RegionalMart01.regional-01-publish	TaskSucceeded; ExitCode=0; 
2026-06-03T18:16:20.9182737+00:00	TaskSucceeded	RegionalMart01.regional-01-publish	0
2026-06-03T18:16:20.9193780+00:00	WorkerEvent	RegionalMart01.regional-01-audit	TaskReady; ExitCode=0; 
2026-06-03T18:16:20.9212852+00:00	GrantTask	RegionalMart01.regional-01-audit	RegionalMart01.regional-01-audit; GrantId=grant-129; Attempt=1
2026-06-03T18:16:20.9220331+00:00	WorkerEvent	RegionalMart01.regional-01-audit	GrantAccepted; ExitCode=0; 
2026-06-03T18:16:20.9232580+00:00	WorkerEvent	RegionalMart01.regional-01-audit	TaskStarted; ExitCode=0; 
2026-06-03T18:16:21.0308819+00:00	WorkerEvent	RegionalMart01.regional-01-audit	TaskSucceeded; ExitCode=0; 
2026-06-03T18:16:21.0321137+00:00	TaskSucceeded	RegionalMart01.regional-01-audit	0
2026-06-03T18:16:21.0655904+00:00	WorkerEvent	RegionalMart01	Closed; ExitCode=0; 
2026-06-03T18:16:21.0666731+00:00	PipelineCompleted	RegionalMart01	
2026-06-03T18:16:21.3255654+00:00	WorkerEvent	PublishHairballFinal.publish-hairball-final	TaskSucceeded; ExitCode=0; 
2026-06-03T18:16:21.3271163+00:00	TaskSucceeded	PublishHairballFinal.publish-hairball-final	0
2026-06-03T18:16:21.3643539+00:00	WorkerEvent	PublishHairballFinal	Closed; ExitCode=0; 
2026-06-03T18:16:21.3682188+00:00	PipelineCompleted	PublishHairballFinal	
2026-06-03T18:16:21.4245042+00:00	WorkerEvent	RegionalMart03.regional-03-stage	TaskSucceeded; ExitCode=0; 
2026-06-03T18:16:21.4252999+00:00	TaskSucceeded	RegionalMart03.regional-03-stage	0
2026-06-03T18:16:21.4268004+00:00	WorkerEvent	RegionalMart03.regional-03-curate	TaskReady; ExitCode=0; 
2026-06-03T18:16:21.4291342+00:00	GrantTask	RegionalMart03.regional-03-curate	RegionalMart03.regional-03-curate; GrantId=grant-130; Attempt=1
2026-06-03T18:16:21.4316848+00:00	WorkerEvent	RegionalMart03.regional-03-curate	GrantAccepted; ExitCode=0; 
2026-06-03T18:16:21.4337562+00:00	WorkerEvent	RegionalMart03.regional-03-curate	TaskStarted; ExitCode=0; 
2026-06-03T18:16:21.5342136+00:00	WorkerEvent	RegionalMart03.regional-03-curate	TaskSucceeded; ExitCode=0; 
2026-06-03T18:16:21.5347874+00:00	TaskSucceeded	RegionalMart03.regional-03-curate	0
2026-06-03T18:16:21.5353642+00:00	WorkerEvent	RegionalMart03.regional-03-publish	TaskReady; ExitCode=0; 
2026-06-03T18:16:21.5360590+00:00	GrantTask	RegionalMart03.regional-03-publish	RegionalMart03.regional-03-publish; GrantId=grant-131; Attempt=1
2026-06-03T18:16:21.5364101+00:00	WorkerEvent	RegionalMart03.regional-03-publish	GrantAccepted; ExitCode=0; 
2026-06-03T18:16:21.5370637+00:00	WorkerEvent	RegionalMart03.regional-03-publish	TaskStarted; ExitCode=0; 
2026-06-03T18:16:21.7483564+00:00	WorkerEvent	RegionalMart03.regional-03-publish	TaskSucceeded; ExitCode=0; 
2026-06-03T18:16:21.7491796+00:00	TaskSucceeded	RegionalMart03.regional-03-publish	0
2026-06-03T18:16:21.7499271+00:00	GrantTask	RegionalMart04.regional-04-stage	RegionalMart04.regional-04-stage; GrantId=grant-132; Attempt=1
2026-06-03T18:16:21.7504135+00:00	WorkerEvent	RegionalMart03.regional-03-audit	TaskReady; ExitCode=0; 
2026-06-03T18:16:21.7511138+00:00	WorkerEvent	RegionalMart04.regional-04-stage	GrantAccepted; ExitCode=0; 
2026-06-03T18:16:21.7520432+00:00	GrantTask	RegionalMart03.regional-03-audit	RegionalMart03.regional-03-audit; GrantId=grant-133; Attempt=1
2026-06-03T18:16:21.7523699+00:00	WorkerEvent	RegionalMart03.regional-03-audit	GrantAccepted; ExitCode=0; 
2026-06-03T18:16:21.7528496+00:00	WorkerEvent	RegionalMart04.regional-04-stage	TaskStarted; ExitCode=0; 
2026-06-03T18:16:21.7533055+00:00	WorkerEvent	RegionalMart03.regional-03-audit	TaskStarted; ExitCode=0; 
2026-06-03T18:16:21.8420323+00:00	WorkerEvent	RegionalMart03.regional-03-audit	TaskSucceeded; ExitCode=0; 
2026-06-03T18:16:21.8432707+00:00	TaskSucceeded	RegionalMart03.regional-03-audit	0
2026-06-03T18:16:21.8741261+00:00	WorkerEvent	RegionalMart03	Closed; ExitCode=0; 
2026-06-03T18:16:21.8749356+00:00	PipelineCompleted	RegionalMart03	
2026-06-03T18:16:22.1374863+00:00	WorkerEvent	RegionalMart04.regional-04-stage	TaskSucceeded; ExitCode=0; 
2026-06-03T18:16:22.1380985+00:00	TaskSucceeded	RegionalMart04.regional-04-stage	0
2026-06-03T18:16:22.1385750+00:00	WorkerEvent	RegionalMart04.regional-04-curate	TaskReady; ExitCode=0; 
2026-06-03T18:16:22.1391730+00:00	GrantTask	RegionalMart04.regional-04-curate	RegionalMart04.regional-04-curate; GrantId=grant-134; Attempt=1
2026-06-03T18:16:22.1394153+00:00	WorkerEvent	RegionalMart04.regional-04-curate	GrantAccepted; ExitCode=0; 
2026-06-03T18:16:22.1399324+00:00	WorkerEvent	RegionalMart04.regional-04-curate	TaskStarted; ExitCode=0; 
2026-06-03T18:16:22.2480999+00:00	WorkerEvent	RegionalMart04.regional-04-curate	TaskSucceeded; ExitCode=0; 
2026-06-03T18:16:22.2530113+00:00	TaskSucceeded	RegionalMart04.regional-04-curate	0
2026-06-03T18:16:22.2550994+00:00	WorkerEvent	RegionalMart04.regional-04-publish	TaskReady; ExitCode=0; 
2026-06-03T18:16:22.2574472+00:00	GrantTask	RegionalMart04.regional-04-publish	RegionalMart04.regional-04-publish; GrantId=grant-135; Attempt=1
2026-06-03T18:16:22.2616290+00:00	WorkerEvent	RegionalMart04.regional-04-publish	GrantAccepted; ExitCode=0; 
2026-06-03T18:16:22.2661823+00:00	WorkerEvent	RegionalMart04.regional-04-publish	TaskStarted; ExitCode=0; 
2026-06-03T18:16:22.6170045+00:00	WorkerEvent	RegionalMart04.regional-04-publish	TaskSucceeded; ExitCode=0; 
2026-06-03T18:16:22.6179841+00:00	TaskSucceeded	RegionalMart04.regional-04-publish	0
2026-06-03T18:16:22.6192348+00:00	GrantTask	AuditHairball.audit-hairball	AuditHairball.audit-hairball; GrantId=grant-136; Attempt=1
2026-06-03T18:16:22.6197603+00:00	WorkerEvent	RegionalMart04.regional-04-audit	TaskReady; ExitCode=0; 
2026-06-03T18:16:22.6206819+00:00	WorkerEvent	AuditHairball.audit-hairball	GrantAccepted; ExitCode=0; 
2026-06-03T18:16:22.6217607+00:00	GrantTask	RegionalMart04.regional-04-audit	RegionalMart04.regional-04-audit; GrantId=grant-137; Attempt=1
2026-06-03T18:16:22.6221475+00:00	WorkerEvent	AuditHairball.audit-hairball	TaskStarted; ExitCode=0; 
2026-06-03T18:16:22.6227981+00:00	WorkerEvent	RegionalMart04.regional-04-audit	GrantAccepted; ExitCode=0; 
2026-06-03T18:16:22.6237782+00:00	WorkerEvent	RegionalMart04.regional-04-audit	TaskStarted; ExitCode=0; 
2026-06-03T18:16:22.7501716+00:00	WorkerEvent	RegionalMart04.regional-04-audit	TaskSucceeded; ExitCode=0; 
2026-06-03T18:16:22.7510494+00:00	TaskSucceeded	RegionalMart04.regional-04-audit	0
2026-06-03T18:16:22.7917942+00:00	WorkerEvent	RegionalMart04	Closed; ExitCode=0; 
2026-06-03T18:16:22.7929526+00:00	PipelineCompleted	RegionalMart04	
2026-06-03T18:16:23.0880889+00:00	WorkerEvent	AuditHairball.audit-hairball	TaskSucceeded; ExitCode=0; 
2026-06-03T18:16:23.0888204+00:00	TaskSucceeded	AuditHairball.audit-hairball	0
2026-06-03T18:16:23.1151174+00:00	WorkerEvent	AuditHairball	Closed; ExitCode=0; 
2026-06-03T18:16:23.1157062+00:00	PipelineCompleted	AuditHairball	
2026-06-03T18:16:23.1167682+00:00	WorkerLogSummary	ExtractSeed01	stdout=C:\Users\jimmy\Desktop\meta-bi\Samples\Demos\MetaOrchestrationHairballCliIntegration\Runs\hairball-seed-20260530\RunArtifacts\runs\20260603-181533_745b3556c2b24d278b4c46f22d88e321\logs\ExtractSeed01-22836.stdout.log; stdoutBytes=0; stdoutTruncated=False; stdoutDroppedBytes=0; stderr=C:\Users\jimmy\Desktop\meta-bi\Samples\Demos\MetaOrchestrationHairballCliIntegration\Runs\hairball-seed-20260530\RunArtifacts\runs\20260603-181533_745b3556c2b24d278b4c46f22d88e321\logs\ExtractSeed01-22836.stderr.log; stderrBytes=0; stderrTruncated=False; stderrDroppedBytes=0
2026-06-03T18:16:23.1175703+00:00	WorkerLogSummary	ExtractSeed02	stdout=C:\Users\jimmy\Desktop\meta-bi\Samples\Demos\MetaOrchestrationHairballCliIntegration\Runs\hairball-seed-20260530\RunArtifacts\runs\20260603-181533_745b3556c2b24d278b4c46f22d88e321\logs\ExtractSeed02-19260.stdout.log; stdoutBytes=0; stdoutTruncated=False; stdoutDroppedBytes=0; stderr=C:\Users\jimmy\Desktop\meta-bi\Samples\Demos\MetaOrchestrationHairballCliIntegration\Runs\hairball-seed-20260530\RunArtifacts\runs\20260603-181533_745b3556c2b24d278b4c46f22d88e321\logs\ExtractSeed02-19260.stderr.log; stderrBytes=0; stderrTruncated=False; stderrDroppedBytes=0
2026-06-03T18:16:23.1182070+00:00	WorkerLogSummary	ExtractSeed03	stdout=C:\Users\jimmy\Desktop\meta-bi\Samples\Demos\MetaOrchestrationHairballCliIntegration\Runs\hairball-seed-20260530\RunArtifacts\runs\20260603-181533_745b3556c2b24d278b4c46f22d88e321\logs\ExtractSeed03-8592.stdout.log; stdoutBytes=0; stdoutTruncated=False; stdoutDroppedBytes=0; stderr=C:\Users\jimmy\Desktop\meta-bi\Samples\Demos\MetaOrchestrationHairballCliIntegration\Runs\hairball-seed-20260530\RunArtifacts\runs\20260603-181533_745b3556c2b24d278b4c46f22d88e321\logs\ExtractSeed03-8592.stderr.log; stderrBytes=0; stderrTruncated=False; stderrDroppedBytes=0
2026-06-03T18:16:23.1187287+00:00	WorkerLogSummary	ExtractSeed04	stdout=C:\Users\jimmy\Desktop\meta-bi\Samples\Demos\MetaOrchestrationHairballCliIntegration\Runs\hairball-seed-20260530\RunArtifacts\runs\20260603-181533_745b3556c2b24d278b4c46f22d88e321\logs\ExtractSeed04-26964.stdout.log; stdoutBytes=0; stdoutTruncated=False; stdoutDroppedBytes=0; stderr=C:\Users\jimmy\Desktop\meta-bi\Samples\Demos\MetaOrchestrationHairballCliIntegration\Runs\hairball-seed-20260530\RunArtifacts\runs\20260603-181533_745b3556c2b24d278b4c46f22d88e321\logs\ExtractSeed04-26964.stderr.log; stderrBytes=0; stderrTruncated=False; stderrDroppedBytes=0
2026-06-03T18:16:23.1191471+00:00	WorkerLogSummary	ExtractSeed05	stdout=C:\Users\jimmy\Desktop\meta-bi\Samples\Demos\MetaOrchestrationHairballCliIntegration\Runs\hairball-seed-20260530\RunArtifacts\runs\20260603-181533_745b3556c2b24d278b4c46f22d88e321\logs\ExtractSeed05-21684.stdout.log; stdoutBytes=0; stdoutTruncated=False; stdoutDroppedBytes=0; stderr=C:\Users\jimmy\Desktop\meta-bi\Samples\Demos\MetaOrchestrationHairballCliIntegration\Runs\hairball-seed-20260530\RunArtifacts\runs\20260603-181533_745b3556c2b24d278b4c46f22d88e321\logs\ExtractSeed05-21684.stderr.log; stderrBytes=0; stderrTruncated=False; stderrDroppedBytes=0
2026-06-03T18:16:23.1195439+00:00	WorkerLogSummary	ExtractSeed06	stdout=C:\Users\jimmy\Desktop\meta-bi\Samples\Demos\MetaOrchestrationHairballCliIntegration\Runs\hairball-seed-20260530\RunArtifacts\runs\20260603-181533_745b3556c2b24d278b4c46f22d88e321\logs\ExtractSeed06-5180.stdout.log; stdoutBytes=0; stdoutTruncated=False; stdoutDroppedBytes=0; stderr=C:\Users\jimmy\Desktop\meta-bi\Samples\Demos\MetaOrchestrationHairballCliIntegration\Runs\hairball-seed-20260530\RunArtifacts\runs\20260603-181533_745b3556c2b24d278b4c46f22d88e321\logs\ExtractSeed06-5180.stderr.log; stderrBytes=0; stderrTruncated=False; stderrDroppedBytes=0
2026-06-03T18:16:23.1199601+00:00	WorkerLogSummary	ExtractSeed07	stdout=C:\Users\jimmy\Desktop\meta-bi\Samples\Demos\MetaOrchestrationHairballCliIntegration\Runs\hairball-seed-20260530\RunArtifacts\runs\20260603-181533_745b3556c2b24d278b4c46f22d88e321\logs\ExtractSeed07-2560.stdout.log; stdoutBytes=0; stdoutTruncated=False; stdoutDroppedBytes=0; stderr=C:\Users\jimmy\Desktop\meta-bi\Samples\Demos\MetaOrchestrationHairballCliIntegration\Runs\hairball-seed-20260530\RunArtifacts\runs\20260603-181533_745b3556c2b24d278b4c46f22d88e321\logs\ExtractSeed07-2560.stderr.log; stderrBytes=0; stderrTruncated=False; stderrDroppedBytes=0
2026-06-03T18:16:23.1204508+00:00	WorkerLogSummary	ExtractSeed08	stdout=C:\Users\jimmy\Desktop\meta-bi\Samples\Demos\MetaOrchestrationHairballCliIntegration\Runs\hairball-seed-20260530\RunArtifacts\runs\20260603-181533_745b3556c2b24d278b4c46f22d88e321\logs\ExtractSeed08-8020.stdout.log; stdoutBytes=0; stdoutTruncated=False; stdoutDroppedBytes=0; stderr=C:\Users\jimmy\Desktop\meta-bi\Samples\Demos\MetaOrchestrationHairballCliIntegration\Runs\hairball-seed-20260530\RunArtifacts\runs\20260603-181533_745b3556c2b24d278b4c46f22d88e321\logs\ExtractSeed08-8020.stderr.log; stderrBytes=0; stderrTruncated=False; stderrDroppedBytes=0
2026-06-03T18:16:23.1208578+00:00	WorkerLogSummary	AuditHairball	stdout=C:\Users\jimmy\Desktop\meta-bi\Samples\Demos\MetaOrchestrationHairballCliIntegration\Runs\hairball-seed-20260530\RunArtifacts\runs\20260603-181533_745b3556c2b24d278b4c46f22d88e321\logs\AuditHairball-8084.stdout.log; stdoutBytes=0; stdoutTruncated=False; stdoutDroppedBytes=0; stderr=C:\Users\jimmy\Desktop\meta-bi\Samples\Demos\MetaOrchestrationHairballCliIntegration\Runs\hairball-seed-20260530\RunArtifacts\runs\20260603-181533_745b3556c2b24d278b4c46f22d88e321\logs\AuditHairball-8084.stderr.log; stderrBytes=0; stderrTruncated=False; stderrDroppedBytes=0
2026-06-03T18:16:23.1212633+00:00	WorkerLogSummary	BridgeL01L02	stdout=C:\Users\jimmy\Desktop\meta-bi\Samples\Demos\MetaOrchestrationHairballCliIntegration\Runs\hairball-seed-20260530\RunArtifacts\runs\20260603-181533_745b3556c2b24d278b4c46f22d88e321\logs\BridgeL01L02-10012.stdout.log; stdoutBytes=0; stdoutTruncated=False; stdoutDroppedBytes=0; stderr=C:\Users\jimmy\Desktop\meta-bi\Samples\Demos\MetaOrchestrationHairballCliIntegration\Runs\hairball-seed-20260530\RunArtifacts\runs\20260603-181533_745b3556c2b24d278b4c46f22d88e321\logs\BridgeL01L02-10012.stderr.log; stderrBytes=0; stderrTruncated=False; stderrDroppedBytes=0
2026-06-03T18:16:23.1216768+00:00	WorkerLogSummary	BridgeL03L04	stdout=C:\Users\jimmy\Desktop\meta-bi\Samples\Demos\MetaOrchestrationHairballCliIntegration\Runs\hairball-seed-20260530\RunArtifacts\runs\20260603-181533_745b3556c2b24d278b4c46f22d88e321\logs\BridgeL03L04-14928.stdout.log; stdoutBytes=0; stdoutTruncated=False; stdoutDroppedBytes=0; stderr=C:\Users\jimmy\Desktop\meta-bi\Samples\Demos\MetaOrchestrationHairballCliIntegration\Runs\hairball-seed-20260530\RunArtifacts\runs\20260603-181533_745b3556c2b24d278b4c46f22d88e321\logs\BridgeL03L04-14928.stderr.log; stderrBytes=0; stderrTruncated=False; stderrDroppedBytes=0
2026-06-03T18:16:23.1220651+00:00	WorkerLogSummary	BridgeL05L06	stdout=C:\Users\jimmy\Desktop\meta-bi\Samples\Demos\MetaOrchestrationHairballCliIntegration\Runs\hairball-seed-20260530\RunArtifacts\runs\20260603-181533_745b3556c2b24d278b4c46f22d88e321\logs\BridgeL05L06-30892.stdout.log; stdoutBytes=0; stdoutTruncated=False; stdoutDroppedBytes=0; stderr=C:\Users\jimmy\Desktop\meta-bi\Samples\Demos\MetaOrchestrationHairballCliIntegration\Runs\hairball-seed-20260530\RunArtifacts\runs\20260603-181533_745b3556c2b24d278b4c46f22d88e321\logs\BridgeL05L06-30892.stderr.log; stderrBytes=0; stderrTruncated=False; stderrDroppedBytes=0
2026-06-03T18:16:23.1224482+00:00	WorkerLogSummary	BridgeL07L08	stdout=C:\Users\jimmy\Desktop\meta-bi\Samples\Demos\MetaOrchestrationHairballCliIntegration\Runs\hairball-seed-20260530\RunArtifacts\runs\20260603-181533_745b3556c2b24d278b4c46f22d88e321\logs\BridgeL07L08-23472.stdout.log; stdoutBytes=0; stdoutTruncated=False; stdoutDroppedBytes=0; stderr=C:\Users\jimmy\Desktop\meta-bi\Samples\Demos\MetaOrchestrationHairballCliIntegration\Runs\hairball-seed-20260530\RunArtifacts\runs\20260603-181533_745b3556c2b24d278b4c46f22d88e321\logs\BridgeL07L08-23472.stderr.log; stderrBytes=0; stderrTruncated=False; stderrDroppedBytes=0
2026-06-03T18:16:23.1228488+00:00	WorkerLogSummary	CompositeMart	stdout=C:\Users\jimmy\Desktop\meta-bi\Samples\Demos\MetaOrchestrationHairballCliIntegration\Runs\hairball-seed-20260530\RunArtifacts\runs\20260603-181533_745b3556c2b24d278b4c46f22d88e321\logs\CompositeMart-28204.stdout.log; stdoutBytes=0; stdoutTruncated=False; stdoutDroppedBytes=0; stderr=C:\Users\jimmy\Desktop\meta-bi\Samples\Demos\MetaOrchestrationHairballCliIntegration\Runs\hairball-seed-20260530\RunArtifacts\runs\20260603-181533_745b3556c2b24d278b4c46f22d88e321\logs\CompositeMart-28204.stderr.log; stderrBytes=0; stderrTruncated=False; stderrDroppedBytes=0
2026-06-03T18:16:23.1232784+00:00	WorkerLogSummary	Layer01Hub	stdout=C:\Users\jimmy\Desktop\meta-bi\Samples\Demos\MetaOrchestrationHairballCliIntegration\Runs\hairball-seed-20260530\RunArtifacts\runs\20260603-181533_745b3556c2b24d278b4c46f22d88e321\logs\Layer01Hub-16692.stdout.log; stdoutBytes=0; stdoutTruncated=False; stdoutDroppedBytes=0; stderr=C:\Users\jimmy\Desktop\meta-bi\Samples\Demos\MetaOrchestrationHairballCliIntegration\Runs\hairball-seed-20260530\RunArtifacts\runs\20260603-181533_745b3556c2b24d278b4c46f22d88e321\logs\Layer01Hub-16692.stderr.log; stderrBytes=0; stderrTruncated=False; stderrDroppedBytes=0
2026-06-03T18:16:23.1237328+00:00	WorkerLogSummary	Layer01Node01	stdout=C:\Users\jimmy\Desktop\meta-bi\Samples\Demos\MetaOrchestrationHairballCliIntegration\Runs\hairball-seed-20260530\RunArtifacts\runs\20260603-181533_745b3556c2b24d278b4c46f22d88e321\logs\Layer01Node01-7628.stdout.log; stdoutBytes=0; stdoutTruncated=False; stdoutDroppedBytes=0; stderr=C:\Users\jimmy\Desktop\meta-bi\Samples\Demos\MetaOrchestrationHairballCliIntegration\Runs\hairball-seed-20260530\RunArtifacts\runs\20260603-181533_745b3556c2b24d278b4c46f22d88e321\logs\Layer01Node01-7628.stderr.log; stderrBytes=0; stderrTruncated=False; stderrDroppedBytes=0
2026-06-03T18:16:23.1241370+00:00	WorkerLogSummary	Layer01Node06	stdout=C:\Users\jimmy\Desktop\meta-bi\Samples\Demos\MetaOrchestrationHairballCliIntegration\Runs\hairball-seed-20260530\RunArtifacts\runs\20260603-181533_745b3556c2b24d278b4c46f22d88e321\logs\Layer01Node06-21408.stdout.log; stdoutBytes=0; stdoutTruncated=False; stdoutDroppedBytes=0; stderr=C:\Users\jimmy\Desktop\meta-bi\Samples\Demos\MetaOrchestrationHairballCliIntegration\Runs\hairball-seed-20260530\RunArtifacts\runs\20260603-181533_745b3556c2b24d278b4c46f22d88e321\logs\Layer01Node06-21408.stderr.log; stderrBytes=0; stderrTruncated=False; stderrDroppedBytes=0
2026-06-03T18:16:23.1245348+00:00	WorkerLogSummary	Layer01Node07	stdout=C:\Users\jimmy\Desktop\meta-bi\Samples\Demos\MetaOrchestrationHairballCliIntegration\Runs\hairball-seed-20260530\RunArtifacts\runs\20260603-181533_745b3556c2b24d278b4c46f22d88e321\logs\Layer01Node07-11476.stdout.log; stdoutBytes=0; stdoutTruncated=False; stdoutDroppedBytes=0; stderr=C:\Users\jimmy\Desktop\meta-bi\Samples\Demos\MetaOrchestrationHairballCliIntegration\Runs\hairball-seed-20260530\RunArtifacts\runs\20260603-181533_745b3556c2b24d278b4c46f22d88e321\logs\Layer01Node07-11476.stderr.log; stderrBytes=0; stderrTruncated=False; stderrDroppedBytes=0
2026-06-03T18:16:23.1250091+00:00	WorkerLogSummary	Layer03Node09	stdout=C:\Users\jimmy\Desktop\meta-bi\Samples\Demos\MetaOrchestrationHairballCliIntegration\Runs\hairball-seed-20260530\RunArtifacts\runs\20260603-181533_745b3556c2b24d278b4c46f22d88e321\logs\Layer03Node09-20704.stdout.log; stdoutBytes=0; stdoutTruncated=False; stdoutDroppedBytes=0; stderr=C:\Users\jimmy\Desktop\meta-bi\Samples\Demos\MetaOrchestrationHairballCliIntegration\Runs\hairball-seed-20260530\RunArtifacts\runs\20260603-181533_745b3556c2b24d278b4c46f22d88e321\logs\Layer03Node09-20704.stderr.log; stderrBytes=0; stderrTruncated=False; stderrDroppedBytes=0
2026-06-03T18:16:23.1257154+00:00	WorkerLogSummary	Layer01Node02	stdout=C:\Users\jimmy\Desktop\meta-bi\Samples\Demos\MetaOrchestrationHairballCliIntegration\Runs\hairball-seed-20260530\RunArtifacts\runs\20260603-181533_745b3556c2b24d278b4c46f22d88e321\logs\Layer01Node02-22780.stdout.log; stdoutBytes=0; stdoutTruncated=False; stdoutDroppedBytes=0; stderr=C:\Users\jimmy\Desktop\meta-bi\Samples\Demos\MetaOrchestrationHairballCliIntegration\Runs\hairball-seed-20260530\RunArtifacts\runs\20260603-181533_745b3556c2b24d278b4c46f22d88e321\logs\Layer01Node02-22780.stderr.log; stderrBytes=0; stderrTruncated=False; stderrDroppedBytes=0
2026-06-03T18:16:23.1265239+00:00	WorkerLogSummary	Layer02Node03	stdout=C:\Users\jimmy\Desktop\meta-bi\Samples\Demos\MetaOrchestrationHairballCliIntegration\Runs\hairball-seed-20260530\RunArtifacts\runs\20260603-181533_745b3556c2b24d278b4c46f22d88e321\logs\Layer02Node03-4872.stdout.log; stdoutBytes=0; stdoutTruncated=False; stdoutDroppedBytes=0; stderr=C:\Users\jimmy\Desktop\meta-bi\Samples\Demos\MetaOrchestrationHairballCliIntegration\Runs\hairball-seed-20260530\RunArtifacts\runs\20260603-181533_745b3556c2b24d278b4c46f22d88e321\logs\Layer02Node03-4872.stderr.log; stderrBytes=0; stderrTruncated=False; stderrDroppedBytes=0
2026-06-03T18:16:23.1272472+00:00	WorkerLogSummary	Layer01Node04	stdout=C:\Users\jimmy\Desktop\meta-bi\Samples\Demos\MetaOrchestrationHairballCliIntegration\Runs\hairball-seed-20260530\RunArtifacts\runs\20260603-181533_745b3556c2b24d278b4c46f22d88e321\logs\Layer01Node04-23764.stdout.log; stdoutBytes=0; stdoutTruncated=False; stdoutDroppedBytes=0; stderr=C:\Users\jimmy\Desktop\meta-bi\Samples\Demos\MetaOrchestrationHairballCliIntegration\Runs\hairball-seed-20260530\RunArtifacts\runs\20260603-181533_745b3556c2b24d278b4c46f22d88e321\logs\Layer01Node04-23764.stderr.log; stderrBytes=0; stderrTruncated=False; stderrDroppedBytes=0
2026-06-03T18:16:23.1279356+00:00	WorkerLogSummary	Layer01Node03	stdout=C:\Users\jimmy\Desktop\meta-bi\Samples\Demos\MetaOrchestrationHairballCliIntegration\Runs\hairball-seed-20260530\RunArtifacts\runs\20260603-181533_745b3556c2b24d278b4c46f22d88e321\logs\Layer01Node03-5524.stdout.log; stdoutBytes=0; stdoutTruncated=False; stdoutDroppedBytes=0; stderr=C:\Users\jimmy\Desktop\meta-bi\Samples\Demos\MetaOrchestrationHairballCliIntegration\Runs\hairball-seed-20260530\RunArtifacts\runs\20260603-181533_745b3556c2b24d278b4c46f22d88e321\logs\Layer01Node03-5524.stderr.log; stderrBytes=0; stderrTruncated=False; stderrDroppedBytes=0
2026-06-03T18:16:23.1286009+00:00	WorkerLogSummary	Layer01Node05	stdout=C:\Users\jimmy\Desktop\meta-bi\Samples\Demos\MetaOrchestrationHairballCliIntegration\Runs\hairball-seed-20260530\RunArtifacts\runs\20260603-181533_745b3556c2b24d278b4c46f22d88e321\logs\Layer01Node05-19908.stdout.log; stdoutBytes=0; stdoutTruncated=False; stdoutDroppedBytes=0; stderr=C:\Users\jimmy\Desktop\meta-bi\Samples\Demos\MetaOrchestrationHairballCliIntegration\Runs\hairball-seed-20260530\RunArtifacts\runs\20260603-181533_745b3556c2b24d278b4c46f22d88e321\logs\Layer01Node05-19908.stderr.log; stderrBytes=0; stderrTruncated=False; stderrDroppedBytes=0
2026-06-03T18:16:23.1291362+00:00	WorkerLogSummary	Layer01Node09	stdout=C:\Users\jimmy\Desktop\meta-bi\Samples\Demos\MetaOrchestrationHairballCliIntegration\Runs\hairball-seed-20260530\RunArtifacts\runs\20260603-181533_745b3556c2b24d278b4c46f22d88e321\logs\Layer01Node09-24932.stdout.log; stdoutBytes=0; stdoutTruncated=False; stdoutDroppedBytes=0; stderr=C:\Users\jimmy\Desktop\meta-bi\Samples\Demos\MetaOrchestrationHairballCliIntegration\Runs\hairball-seed-20260530\RunArtifacts\runs\20260603-181533_745b3556c2b24d278b4c46f22d88e321\logs\Layer01Node09-24932.stderr.log; stderrBytes=0; stderrTruncated=False; stderrDroppedBytes=0
2026-06-03T18:16:23.1298075+00:00	WorkerLogSummary	Layer01Node08	stdout=C:\Users\jimmy\Desktop\meta-bi\Samples\Demos\MetaOrchestrationHairballCliIntegration\Runs\hairball-seed-20260530\RunArtifacts\runs\20260603-181533_745b3556c2b24d278b4c46f22d88e321\logs\Layer01Node08-23816.stdout.log; stdoutBytes=0; stdoutTruncated=False; stdoutDroppedBytes=0; stderr=C:\Users\jimmy\Desktop\meta-bi\Samples\Demos\MetaOrchestrationHairballCliIntegration\Runs\hairball-seed-20260530\RunArtifacts\runs\20260603-181533_745b3556c2b24d278b4c46f22d88e321\logs\Layer01Node08-23816.stderr.log; stderrBytes=0; stderrTruncated=False; stderrDroppedBytes=0
2026-06-03T18:16:23.1304457+00:00	WorkerLogSummary	Layer02Hub	stdout=C:\Users\jimmy\Desktop\meta-bi\Samples\Demos\MetaOrchestrationHairballCliIntegration\Runs\hairball-seed-20260530\RunArtifacts\runs\20260603-181533_745b3556c2b24d278b4c46f22d88e321\logs\Layer02Hub-28164.stdout.log; stdoutBytes=0; stdoutTruncated=False; stdoutDroppedBytes=0; stderr=C:\Users\jimmy\Desktop\meta-bi\Samples\Demos\MetaOrchestrationHairballCliIntegration\Runs\hairball-seed-20260530\RunArtifacts\runs\20260603-181533_745b3556c2b24d278b4c46f22d88e321\logs\Layer02Hub-28164.stderr.log; stderrBytes=0; stderrTruncated=False; stderrDroppedBytes=0
2026-06-03T18:16:23.1310309+00:00	WorkerLogSummary	Layer02Node02	stdout=C:\Users\jimmy\Desktop\meta-bi\Samples\Demos\MetaOrchestrationHairballCliIntegration\Runs\hairball-seed-20260530\RunArtifacts\runs\20260603-181533_745b3556c2b24d278b4c46f22d88e321\logs\Layer02Node02-28580.stdout.log; stdoutBytes=0; stdoutTruncated=False; stdoutDroppedBytes=0; stderr=C:\Users\jimmy\Desktop\meta-bi\Samples\Demos\MetaOrchestrationHairballCliIntegration\Runs\hairball-seed-20260530\RunArtifacts\runs\20260603-181533_745b3556c2b24d278b4c46f22d88e321\logs\Layer02Node02-28580.stderr.log; stderrBytes=0; stderrTruncated=False; stderrDroppedBytes=0
2026-06-03T18:16:23.1317129+00:00	WorkerLogSummary	Layer01Hub	stdout=C:\Users\jimmy\Desktop\meta-bi\Samples\Demos\MetaOrchestrationHairballCliIntegration\Runs\hairball-seed-20260530\RunArtifacts\runs\20260603-181533_745b3556c2b24d278b4c46f22d88e321\logs\Layer01Hub-26484.stdout.log; stdoutBytes=0; stdoutTruncated=False; stdoutDroppedBytes=0; stderr=C:\Users\jimmy\Desktop\meta-bi\Samples\Demos\MetaOrchestrationHairballCliIntegration\Runs\hairball-seed-20260530\RunArtifacts\runs\20260603-181533_745b3556c2b24d278b4c46f22d88e321\logs\Layer01Hub-26484.stderr.log; stderrBytes=0; stderrTruncated=False; stderrDroppedBytes=0
2026-06-03T18:16:23.1321387+00:00	WorkerLogSummary	Layer02Node05	stdout=C:\Users\jimmy\Desktop\meta-bi\Samples\Demos\MetaOrchestrationHairballCliIntegration\Runs\hairball-seed-20260530\RunArtifacts\runs\20260603-181533_745b3556c2b24d278b4c46f22d88e321\logs\Layer02Node05-12480.stdout.log; stdoutBytes=0; stdoutTruncated=False; stdoutDroppedBytes=0; stderr=C:\Users\jimmy\Desktop\meta-bi\Samples\Demos\MetaOrchestrationHairballCliIntegration\Runs\hairball-seed-20260530\RunArtifacts\runs\20260603-181533_745b3556c2b24d278b4c46f22d88e321\logs\Layer02Node05-12480.stderr.log; stderrBytes=0; stderrTruncated=False; stderrDroppedBytes=0
2026-06-03T18:16:23.1326987+00:00	WorkerLogSummary	AuditHairball	stdout=C:\Users\jimmy\Desktop\meta-bi\Samples\Demos\MetaOrchestrationHairballCliIntegration\Runs\hairball-seed-20260530\RunArtifacts\runs\20260603-181533_745b3556c2b24d278b4c46f22d88e321\logs\AuditHairball-24744.stdout.log; stdoutBytes=0; stdoutTruncated=False; stdoutDroppedBytes=0; stderr=C:\Users\jimmy\Desktop\meta-bi\Samples\Demos\MetaOrchestrationHairballCliIntegration\Runs\hairball-seed-20260530\RunArtifacts\runs\20260603-181533_745b3556c2b24d278b4c46f22d88e321\logs\AuditHairball-24744.stderr.log; stderrBytes=0; stderrTruncated=False; stderrDroppedBytes=0
2026-06-03T18:16:23.1332200+00:00	WorkerLogSummary	BridgeL01L02	stdout=C:\Users\jimmy\Desktop\meta-bi\Samples\Demos\MetaOrchestrationHairballCliIntegration\Runs\hairball-seed-20260530\RunArtifacts\runs\20260603-181533_745b3556c2b24d278b4c46f22d88e321\logs\BridgeL01L02-21264.stdout.log; stdoutBytes=0; stdoutTruncated=False; stdoutDroppedBytes=0; stderr=C:\Users\jimmy\Desktop\meta-bi\Samples\Demos\MetaOrchestrationHairballCliIntegration\Runs\hairball-seed-20260530\RunArtifacts\runs\20260603-181533_745b3556c2b24d278b4c46f22d88e321\logs\BridgeL01L02-21264.stderr.log; stderrBytes=0; stderrTruncated=False; stderrDroppedBytes=0
2026-06-03T18:16:23.1337255+00:00	WorkerLogSummary	BridgeL03L04	stdout=C:\Users\jimmy\Desktop\meta-bi\Samples\Demos\MetaOrchestrationHairballCliIntegration\Runs\hairball-seed-20260530\RunArtifacts\runs\20260603-181533_745b3556c2b24d278b4c46f22d88e321\logs\BridgeL03L04-28936.stdout.log; stdoutBytes=0; stdoutTruncated=False; stdoutDroppedBytes=0; stderr=C:\Users\jimmy\Desktop\meta-bi\Samples\Demos\MetaOrchestrationHairballCliIntegration\Runs\hairball-seed-20260530\RunArtifacts\runs\20260603-181533_745b3556c2b24d278b4c46f22d88e321\logs\BridgeL03L04-28936.stderr.log; stderrBytes=0; stderrTruncated=False; stderrDroppedBytes=0
2026-06-03T18:16:23.1343348+00:00	WorkerLogSummary	BridgeL05L06	stdout=C:\Users\jimmy\Desktop\meta-bi\Samples\Demos\MetaOrchestrationHairballCliIntegration\Runs\hairball-seed-20260530\RunArtifacts\runs\20260603-181533_745b3556c2b24d278b4c46f22d88e321\logs\BridgeL05L06-14612.stdout.log; stdoutBytes=0; stdoutTruncated=False; stdoutDroppedBytes=0; stderr=C:\Users\jimmy\Desktop\meta-bi\Samples\Demos\MetaOrchestrationHairballCliIntegration\Runs\hairball-seed-20260530\RunArtifacts\runs\20260603-181533_745b3556c2b24d278b4c46f22d88e321\logs\BridgeL05L06-14612.stderr.log; stderrBytes=0; stderrTruncated=False; stderrDroppedBytes=0
2026-06-03T18:16:23.1348859+00:00	WorkerLogSummary	BridgeL07L08	stdout=C:\Users\jimmy\Desktop\meta-bi\Samples\Demos\MetaOrchestrationHairballCliIntegration\Runs\hairball-seed-20260530\RunArtifacts\runs\20260603-181533_745b3556c2b24d278b4c46f22d88e321\logs\BridgeL07L08-28724.stdout.log; stdoutBytes=0; stdoutTruncated=False; stdoutDroppedBytes=0; stderr=C:\Users\jimmy\Desktop\meta-bi\Samples\Demos\MetaOrchestrationHairballCliIntegration\Runs\hairball-seed-20260530\RunArtifacts\runs\20260603-181533_745b3556c2b24d278b4c46f22d88e321\logs\BridgeL07L08-28724.stderr.log; stderrBytes=0; stderrTruncated=False; stderrDroppedBytes=0
2026-06-03T18:16:23.1354595+00:00	WorkerLogSummary	CompositeMart	stdout=C:\Users\jimmy\Desktop\meta-bi\Samples\Demos\MetaOrchestrationHairballCliIntegration\Runs\hairball-seed-20260530\RunArtifacts\runs\20260603-181533_745b3556c2b24d278b4c46f22d88e321\logs\CompositeMart-28076.stdout.log; stdoutBytes=0; stdoutTruncated=False; stdoutDroppedBytes=0; stderr=C:\Users\jimmy\Desktop\meta-bi\Samples\Demos\MetaOrchestrationHairballCliIntegration\Runs\hairball-seed-20260530\RunArtifacts\runs\20260603-181533_745b3556c2b24d278b4c46f22d88e321\logs\CompositeMart-28076.stderr.log; stderrBytes=0; stderrTruncated=False; stderrDroppedBytes=0
2026-06-03T18:16:23.1359691+00:00	WorkerLogSummary	Layer02Node01	stdout=C:\Users\jimmy\Desktop\meta-bi\Samples\Demos\MetaOrchestrationHairballCliIntegration\Runs\hairball-seed-20260530\RunArtifacts\runs\20260603-181533_745b3556c2b24d278b4c46f22d88e321\logs\Layer02Node01-29184.stdout.log; stdoutBytes=0; stdoutTruncated=False; stdoutDroppedBytes=0; stderr=C:\Users\jimmy\Desktop\meta-bi\Samples\Demos\MetaOrchestrationHairballCliIntegration\Runs\hairball-seed-20260530\RunArtifacts\runs\20260603-181533_745b3556c2b24d278b4c46f22d88e321\logs\Layer02Node01-29184.stderr.log; stderrBytes=0; stderrTruncated=False; stderrDroppedBytes=0
2026-06-03T18:16:23.1365900+00:00	WorkerLogSummary	Layer02Node04	stdout=C:\Users\jimmy\Desktop\meta-bi\Samples\Demos\MetaOrchestrationHairballCliIntegration\Runs\hairball-seed-20260530\RunArtifacts\runs\20260603-181533_745b3556c2b24d278b4c46f22d88e321\logs\Layer02Node04-25900.stdout.log; stdoutBytes=0; stdoutTruncated=False; stdoutDroppedBytes=0; stderr=C:\Users\jimmy\Desktop\meta-bi\Samples\Demos\MetaOrchestrationHairballCliIntegration\Runs\hairball-seed-20260530\RunArtifacts\runs\20260603-181533_745b3556c2b24d278b4c46f22d88e321\logs\Layer02Node04-25900.stderr.log; stderrBytes=0; stderrTruncated=False; stderrDroppedBytes=0
2026-06-03T18:16:23.1370171+00:00	WorkerLogSummary	Layer03Node10	stdout=C:\Users\jimmy\Desktop\meta-bi\Samples\Demos\MetaOrchestrationHairballCliIntegration\Runs\hairball-seed-20260530\RunArtifacts\runs\20260603-181533_745b3556c2b24d278b4c46f22d88e321\logs\Layer03Node10-10856.stdout.log; stdoutBytes=0; stdoutTruncated=False; stdoutDroppedBytes=0; stderr=C:\Users\jimmy\Desktop\meta-bi\Samples\Demos\MetaOrchestrationHairballCliIntegration\Runs\hairball-seed-20260530\RunArtifacts\runs\20260603-181533_745b3556c2b24d278b4c46f22d88e321\logs\Layer03Node10-10856.stderr.log; stderrBytes=0; stderrTruncated=False; stderrDroppedBytes=0
2026-06-03T18:16:23.1376128+00:00	WorkerLogSummary	Layer03Node03	stdout=C:\Users\jimmy\Desktop\meta-bi\Samples\Demos\MetaOrchestrationHairballCliIntegration\Runs\hairball-seed-20260530\RunArtifacts\runs\20260603-181533_745b3556c2b24d278b4c46f22d88e321\logs\Layer03Node03-29552.stdout.log; stdoutBytes=0; stdoutTruncated=False; stdoutDroppedBytes=0; stderr=C:\Users\jimmy\Desktop\meta-bi\Samples\Demos\MetaOrchestrationHairballCliIntegration\Runs\hairball-seed-20260530\RunArtifacts\runs\20260603-181533_745b3556c2b24d278b4c46f22d88e321\logs\Layer03Node03-29552.stderr.log; stderrBytes=0; stderrTruncated=False; stderrDroppedBytes=0
2026-06-03T18:16:23.1381574+00:00	WorkerLogSummary	Layer02Node06	stdout=C:\Users\jimmy\Desktop\meta-bi\Samples\Demos\MetaOrchestrationHairballCliIntegration\Runs\hairball-seed-20260530\RunArtifacts\runs\20260603-181533_745b3556c2b24d278b4c46f22d88e321\logs\Layer02Node06-19712.stdout.log; stdoutBytes=0; stdoutTruncated=False; stdoutDroppedBytes=0; stderr=C:\Users\jimmy\Desktop\meta-bi\Samples\Demos\MetaOrchestrationHairballCliIntegration\Runs\hairball-seed-20260530\RunArtifacts\runs\20260603-181533_745b3556c2b24d278b4c46f22d88e321\logs\Layer02Node06-19712.stderr.log; stderrBytes=0; stderrTruncated=False; stderrDroppedBytes=0
2026-06-03T18:16:23.1385371+00:00	WorkerLogSummary	AuditHairball	stdout=C:\Users\jimmy\Desktop\meta-bi\Samples\Demos\MetaOrchestrationHairballCliIntegration\Runs\hairball-seed-20260530\RunArtifacts\runs\20260603-181533_745b3556c2b24d278b4c46f22d88e321\logs\AuditHairball-31720.stdout.log; stdoutBytes=0; stdoutTruncated=False; stdoutDroppedBytes=0; stderr=C:\Users\jimmy\Desktop\meta-bi\Samples\Demos\MetaOrchestrationHairballCliIntegration\Runs\hairball-seed-20260530\RunArtifacts\runs\20260603-181533_745b3556c2b24d278b4c46f22d88e321\logs\AuditHairball-31720.stderr.log; stderrBytes=0; stderrTruncated=False; stderrDroppedBytes=0
2026-06-03T18:16:23.1391385+00:00	WorkerLogSummary	BridgeL01L02	stdout=C:\Users\jimmy\Desktop\meta-bi\Samples\Demos\MetaOrchestrationHairballCliIntegration\Runs\hairball-seed-20260530\RunArtifacts\runs\20260603-181533_745b3556c2b24d278b4c46f22d88e321\logs\BridgeL01L02-24048.stdout.log; stdoutBytes=0; stdoutTruncated=False; stdoutDroppedBytes=0; stderr=C:\Users\jimmy\Desktop\meta-bi\Samples\Demos\MetaOrchestrationHairballCliIntegration\Runs\hairball-seed-20260530\RunArtifacts\runs\20260603-181533_745b3556c2b24d278b4c46f22d88e321\logs\BridgeL01L02-24048.stderr.log; stderrBytes=0; stderrTruncated=False; stderrDroppedBytes=0
2026-06-03T18:16:23.1396183+00:00	WorkerLogSummary	BridgeL03L04	stdout=C:\Users\jimmy\Desktop\meta-bi\Samples\Demos\MetaOrchestrationHairballCliIntegration\Runs\hairball-seed-20260530\RunArtifacts\runs\20260603-181533_745b3556c2b24d278b4c46f22d88e321\logs\BridgeL03L04-9468.stdout.log; stdoutBytes=0; stdoutTruncated=False; stdoutDroppedBytes=0; stderr=C:\Users\jimmy\Desktop\meta-bi\Samples\Demos\MetaOrchestrationHairballCliIntegration\Runs\hairball-seed-20260530\RunArtifacts\runs\20260603-181533_745b3556c2b24d278b4c46f22d88e321\logs\BridgeL03L04-9468.stderr.log; stderrBytes=0; stderrTruncated=False; stderrDroppedBytes=0
2026-06-03T18:16:23.1400198+00:00	WorkerLogSummary	BridgeL05L06	stdout=C:\Users\jimmy\Desktop\meta-bi\Samples\Demos\MetaOrchestrationHairballCliIntegration\Runs\hairball-seed-20260530\RunArtifacts\runs\20260603-181533_745b3556c2b24d278b4c46f22d88e321\logs\BridgeL05L06-28524.stdout.log; stdoutBytes=0; stdoutTruncated=False; stdoutDroppedBytes=0; stderr=C:\Users\jimmy\Desktop\meta-bi\Samples\Demos\MetaOrchestrationHairballCliIntegration\Runs\hairball-seed-20260530\RunArtifacts\runs\20260603-181533_745b3556c2b24d278b4c46f22d88e321\logs\BridgeL05L06-28524.stderr.log; stderrBytes=0; stderrTruncated=False; stderrDroppedBytes=0
2026-06-03T18:16:23.1404348+00:00	WorkerLogSummary	BridgeL07L08	stdout=C:\Users\jimmy\Desktop\meta-bi\Samples\Demos\MetaOrchestrationHairballCliIntegration\Runs\hairball-seed-20260530\RunArtifacts\runs\20260603-181533_745b3556c2b24d278b4c46f22d88e321\logs\BridgeL07L08-18348.stdout.log; stdoutBytes=0; stdoutTruncated=False; stdoutDroppedBytes=0; stderr=C:\Users\jimmy\Desktop\meta-bi\Samples\Demos\MetaOrchestrationHairballCliIntegration\Runs\hairball-seed-20260530\RunArtifacts\runs\20260603-181533_745b3556c2b24d278b4c46f22d88e321\logs\BridgeL07L08-18348.stderr.log; stderrBytes=0; stderrTruncated=False; stderrDroppedBytes=0
2026-06-03T18:16:23.1410577+00:00	WorkerLogSummary	Layer02Node07	stdout=C:\Users\jimmy\Desktop\meta-bi\Samples\Demos\MetaOrchestrationHairballCliIntegration\Runs\hairball-seed-20260530\RunArtifacts\runs\20260603-181533_745b3556c2b24d278b4c46f22d88e321\logs\Layer02Node07-15472.stdout.log; stdoutBytes=0; stdoutTruncated=False; stdoutDroppedBytes=0; stderr=C:\Users\jimmy\Desktop\meta-bi\Samples\Demos\MetaOrchestrationHairballCliIntegration\Runs\hairball-seed-20260530\RunArtifacts\runs\20260603-181533_745b3556c2b24d278b4c46f22d88e321\logs\Layer02Node07-15472.stderr.log; stderrBytes=0; stderrTruncated=False; stderrDroppedBytes=0
2026-06-03T18:16:23.1417478+00:00	WorkerLogSummary	Layer02Node08	stdout=C:\Users\jimmy\Desktop\meta-bi\Samples\Demos\MetaOrchestrationHairballCliIntegration\Runs\hairball-seed-20260530\RunArtifacts\runs\20260603-181533_745b3556c2b24d278b4c46f22d88e321\logs\Layer02Node08-5164.stdout.log; stdoutBytes=0; stdoutTruncated=False; stdoutDroppedBytes=0; stderr=C:\Users\jimmy\Desktop\meta-bi\Samples\Demos\MetaOrchestrationHairballCliIntegration\Runs\hairball-seed-20260530\RunArtifacts\runs\20260603-181533_745b3556c2b24d278b4c46f22d88e321\logs\Layer02Node08-5164.stderr.log; stderrBytes=0; stderrTruncated=False; stderrDroppedBytes=0
2026-06-03T18:16:23.1428775+00:00	WorkerLogSummary	Layer03Node02	stdout=C:\Users\jimmy\Desktop\meta-bi\Samples\Demos\MetaOrchestrationHairballCliIntegration\Runs\hairball-seed-20260530\RunArtifacts\runs\20260603-181533_745b3556c2b24d278b4c46f22d88e321\logs\Layer03Node02-10272.stdout.log; stdoutBytes=0; stdoutTruncated=False; stdoutDroppedBytes=0; stderr=C:\Users\jimmy\Desktop\meta-bi\Samples\Demos\MetaOrchestrationHairballCliIntegration\Runs\hairball-seed-20260530\RunArtifacts\runs\20260603-181533_745b3556c2b24d278b4c46f22d88e321\logs\Layer03Node02-10272.stderr.log; stderrBytes=0; stderrTruncated=False; stderrDroppedBytes=0
2026-06-03T18:16:23.1439998+00:00	WorkerLogSummary	Layer06Node02	stdout=C:\Users\jimmy\Desktop\meta-bi\Samples\Demos\MetaOrchestrationHairballCliIntegration\Runs\hairball-seed-20260530\RunArtifacts\runs\20260603-181533_745b3556c2b24d278b4c46f22d88e321\logs\Layer06Node02-27544.stdout.log; stdoutBytes=0; stdoutTruncated=False; stdoutDroppedBytes=0; stderr=C:\Users\jimmy\Desktop\meta-bi\Samples\Demos\MetaOrchestrationHairballCliIntegration\Runs\hairball-seed-20260530\RunArtifacts\runs\20260603-181533_745b3556c2b24d278b4c46f22d88e321\logs\Layer06Node02-27544.stderr.log; stderrBytes=0; stderrTruncated=False; stderrDroppedBytes=0
2026-06-03T18:16:23.1447544+00:00	WorkerLogSummary	CompositeMart	stdout=C:\Users\jimmy\Desktop\meta-bi\Samples\Demos\MetaOrchestrationHairballCliIntegration\Runs\hairball-seed-20260530\RunArtifacts\runs\20260603-181533_745b3556c2b24d278b4c46f22d88e321\logs\CompositeMart-28624.stdout.log; stdoutBytes=0; stdoutTruncated=False; stdoutDroppedBytes=0; stderr=C:\Users\jimmy\Desktop\meta-bi\Samples\Demos\MetaOrchestrationHairballCliIntegration\Runs\hairball-seed-20260530\RunArtifacts\runs\20260603-181533_745b3556c2b24d278b4c46f22d88e321\logs\CompositeMart-28624.stderr.log; stderrBytes=0; stderrTruncated=False; stderrDroppedBytes=0
2026-06-03T18:16:23.1454132+00:00	WorkerLogSummary	Layer02Hub	stdout=C:\Users\jimmy\Desktop\meta-bi\Samples\Demos\MetaOrchestrationHairballCliIntegration\Runs\hairball-seed-20260530\RunArtifacts\runs\20260603-181533_745b3556c2b24d278b4c46f22d88e321\logs\Layer02Hub-28384.stdout.log; stdoutBytes=0; stdoutTruncated=False; stdoutDroppedBytes=0; stderr=C:\Users\jimmy\Desktop\meta-bi\Samples\Demos\MetaOrchestrationHairballCliIntegration\Runs\hairball-seed-20260530\RunArtifacts\runs\20260603-181533_745b3556c2b24d278b4c46f22d88e321\logs\Layer02Hub-28384.stderr.log; stderrBytes=0; stderrTruncated=False; stderrDroppedBytes=0
2026-06-03T18:16:23.1461533+00:00	WorkerLogSummary	Layer06Node06	stdout=C:\Users\jimmy\Desktop\meta-bi\Samples\Demos\MetaOrchestrationHairballCliIntegration\Runs\hairball-seed-20260530\RunArtifacts\runs\20260603-181533_745b3556c2b24d278b4c46f22d88e321\logs\Layer06Node06-31456.stdout.log; stdoutBytes=0; stdoutTruncated=False; stdoutDroppedBytes=0; stderr=C:\Users\jimmy\Desktop\meta-bi\Samples\Demos\MetaOrchestrationHairballCliIntegration\Runs\hairball-seed-20260530\RunArtifacts\runs\20260603-181533_745b3556c2b24d278b4c46f22d88e321\logs\Layer06Node06-31456.stderr.log; stderrBytes=0; stderrTruncated=False; stderrDroppedBytes=0
2026-06-03T18:16:23.1467999+00:00	WorkerLogSummary	AuditHairball	stdout=C:\Users\jimmy\Desktop\meta-bi\Samples\Demos\MetaOrchestrationHairballCliIntegration\Runs\hairball-seed-20260530\RunArtifacts\runs\20260603-181533_745b3556c2b24d278b4c46f22d88e321\logs\AuditHairball-27552.stdout.log; stdoutBytes=0; stdoutTruncated=False; stdoutDroppedBytes=0; stderr=C:\Users\jimmy\Desktop\meta-bi\Samples\Demos\MetaOrchestrationHairballCliIntegration\Runs\hairball-seed-20260530\RunArtifacts\runs\20260603-181533_745b3556c2b24d278b4c46f22d88e321\logs\AuditHairball-27552.stderr.log; stderrBytes=0; stderrTruncated=False; stderrDroppedBytes=0
2026-06-03T18:16:23.1473922+00:00	WorkerLogSummary	BridgeL01L02	stdout=C:\Users\jimmy\Desktop\meta-bi\Samples\Demos\MetaOrchestrationHairballCliIntegration\Runs\hairball-seed-20260530\RunArtifacts\runs\20260603-181533_745b3556c2b24d278b4c46f22d88e321\logs\BridgeL01L02-548.stdout.log; stdoutBytes=0; stdoutTruncated=False; stdoutDroppedBytes=0; stderr=C:\Users\jimmy\Desktop\meta-bi\Samples\Demos\MetaOrchestrationHairballCliIntegration\Runs\hairball-seed-20260530\RunArtifacts\runs\20260603-181533_745b3556c2b24d278b4c46f22d88e321\logs\BridgeL01L02-548.stderr.log; stderrBytes=0; stderrTruncated=False; stderrDroppedBytes=0
2026-06-03T18:16:23.1481435+00:00	WorkerLogSummary	BridgeL03L04	stdout=C:\Users\jimmy\Desktop\meta-bi\Samples\Demos\MetaOrchestrationHairballCliIntegration\Runs\hairball-seed-20260530\RunArtifacts\runs\20260603-181533_745b3556c2b24d278b4c46f22d88e321\logs\BridgeL03L04-25308.stdout.log; stdoutBytes=0; stdoutTruncated=False; stdoutDroppedBytes=0; stderr=C:\Users\jimmy\Desktop\meta-bi\Samples\Demos\MetaOrchestrationHairballCliIntegration\Runs\hairball-seed-20260530\RunArtifacts\runs\20260603-181533_745b3556c2b24d278b4c46f22d88e321\logs\BridgeL03L04-25308.stderr.log; stderrBytes=0; stderrTruncated=False; stderrDroppedBytes=0
2026-06-03T18:16:23.1486944+00:00	WorkerLogSummary	BridgeL05L06	stdout=C:\Users\jimmy\Desktop\meta-bi\Samples\Demos\MetaOrchestrationHairballCliIntegration\Runs\hairball-seed-20260530\RunArtifacts\runs\20260603-181533_745b3556c2b24d278b4c46f22d88e321\logs\BridgeL05L06-23576.stdout.log; stdoutBytes=0; stdoutTruncated=False; stdoutDroppedBytes=0; stderr=C:\Users\jimmy\Desktop\meta-bi\Samples\Demos\MetaOrchestrationHairballCliIntegration\Runs\hairball-seed-20260530\RunArtifacts\runs\20260603-181533_745b3556c2b24d278b4c46f22d88e321\logs\BridgeL05L06-23576.stderr.log; stderrBytes=0; stderrTruncated=False; stderrDroppedBytes=0
2026-06-03T18:16:23.1493766+00:00	WorkerLogSummary	Layer03Hub	stdout=C:\Users\jimmy\Desktop\meta-bi\Samples\Demos\MetaOrchestrationHairballCliIntegration\Runs\hairball-seed-20260530\RunArtifacts\runs\20260603-181533_745b3556c2b24d278b4c46f22d88e321\logs\Layer03Hub-19944.stdout.log; stdoutBytes=0; stdoutTruncated=False; stdoutDroppedBytes=0; stderr=C:\Users\jimmy\Desktop\meta-bi\Samples\Demos\MetaOrchestrationHairballCliIntegration\Runs\hairball-seed-20260530\RunArtifacts\runs\20260603-181533_745b3556c2b24d278b4c46f22d88e321\logs\Layer03Hub-19944.stderr.log; stderrBytes=0; stderrTruncated=False; stderrDroppedBytes=0
2026-06-03T18:16:23.1500443+00:00	WorkerLogSummary	Layer03Node06	stdout=C:\Users\jimmy\Desktop\meta-bi\Samples\Demos\MetaOrchestrationHairballCliIntegration\Runs\hairball-seed-20260530\RunArtifacts\runs\20260603-181533_745b3556c2b24d278b4c46f22d88e321\logs\Layer03Node06-3932.stdout.log; stdoutBytes=0; stdoutTruncated=False; stdoutDroppedBytes=0; stderr=C:\Users\jimmy\Desktop\meta-bi\Samples\Demos\MetaOrchestrationHairballCliIntegration\Runs\hairball-seed-20260530\RunArtifacts\runs\20260603-181533_745b3556c2b24d278b4c46f22d88e321\logs\Layer03Node06-3932.stderr.log; stderrBytes=0; stderrTruncated=False; stderrDroppedBytes=0
2026-06-03T18:16:23.1508540+00:00	WorkerLogSummary	Layer04Node03	stdout=C:\Users\jimmy\Desktop\meta-bi\Samples\Demos\MetaOrchestrationHairballCliIntegration\Runs\hairball-seed-20260530\RunArtifacts\runs\20260603-181533_745b3556c2b24d278b4c46f22d88e321\logs\Layer04Node03-26548.stdout.log; stdoutBytes=0; stdoutTruncated=False; stdoutDroppedBytes=0; stderr=C:\Users\jimmy\Desktop\meta-bi\Samples\Demos\MetaOrchestrationHairballCliIntegration\Runs\hairball-seed-20260530\RunArtifacts\runs\20260603-181533_745b3556c2b24d278b4c46f22d88e321\logs\Layer04Node03-26548.stderr.log; stderrBytes=0; stderrTruncated=False; stderrDroppedBytes=0
2026-06-03T18:16:23.1516067+00:00	WorkerLogSummary	Layer06Node09	stdout=C:\Users\jimmy\Desktop\meta-bi\Samples\Demos\MetaOrchestrationHairballCliIntegration\Runs\hairball-seed-20260530\RunArtifacts\runs\20260603-181533_745b3556c2b24d278b4c46f22d88e321\logs\Layer06Node09-27884.stdout.log; stdoutBytes=0; stdoutTruncated=False; stdoutDroppedBytes=0; stderr=C:\Users\jimmy\Desktop\meta-bi\Samples\Demos\MetaOrchestrationHairballCliIntegration\Runs\hairball-seed-20260530\RunArtifacts\runs\20260603-181533_745b3556c2b24d278b4c46f22d88e321\logs\Layer06Node09-27884.stderr.log; stderrBytes=0; stderrTruncated=False; stderrDroppedBytes=0
2026-06-03T18:16:23.1522867+00:00	WorkerLogSummary	Layer04Node04	stdout=C:\Users\jimmy\Desktop\meta-bi\Samples\Demos\MetaOrchestrationHairballCliIntegration\Runs\hairball-seed-20260530\RunArtifacts\runs\20260603-181533_745b3556c2b24d278b4c46f22d88e321\logs\Layer04Node04-5708.stdout.log; stdoutBytes=0; stdoutTruncated=False; stdoutDroppedBytes=0; stderr=C:\Users\jimmy\Desktop\meta-bi\Samples\Demos\MetaOrchestrationHairballCliIntegration\Runs\hairball-seed-20260530\RunArtifacts\runs\20260603-181533_745b3556c2b24d278b4c46f22d88e321\logs\Layer04Node04-5708.stderr.log; stderrBytes=0; stderrTruncated=False; stderrDroppedBytes=0
2026-06-03T18:16:23.1529258+00:00	WorkerLogSummary	AuditHairball	stdout=C:\Users\jimmy\Desktop\meta-bi\Samples\Demos\MetaOrchestrationHairballCliIntegration\Runs\hairball-seed-20260530\RunArtifacts\runs\20260603-181533_745b3556c2b24d278b4c46f22d88e321\logs\AuditHairball-31264.stdout.log; stdoutBytes=0; stdoutTruncated=False; stdoutDroppedBytes=0; stderr=C:\Users\jimmy\Desktop\meta-bi\Samples\Demos\MetaOrchestrationHairballCliIntegration\Runs\hairball-seed-20260530\RunArtifacts\runs\20260603-181533_745b3556c2b24d278b4c46f22d88e321\logs\AuditHairball-31264.stderr.log; stderrBytes=0; stderrTruncated=False; stderrDroppedBytes=0
2026-06-03T18:16:23.1534834+00:00	WorkerLogSummary	Layer03Node01	stdout=C:\Users\jimmy\Desktop\meta-bi\Samples\Demos\MetaOrchestrationHairballCliIntegration\Runs\hairball-seed-20260530\RunArtifacts\runs\20260603-181533_745b3556c2b24d278b4c46f22d88e321\logs\Layer03Node01-24448.stdout.log; stdoutBytes=0; stdoutTruncated=False; stdoutDroppedBytes=0; stderr=C:\Users\jimmy\Desktop\meta-bi\Samples\Demos\MetaOrchestrationHairballCliIntegration\Runs\hairball-seed-20260530\RunArtifacts\runs\20260603-181533_745b3556c2b24d278b4c46f22d88e321\logs\Layer03Node01-24448.stderr.log; stderrBytes=0; stderrTruncated=False; stderrDroppedBytes=0
2026-06-03T18:16:23.1540337+00:00	WorkerLogSummary	Layer03Node08	stdout=C:\Users\jimmy\Desktop\meta-bi\Samples\Demos\MetaOrchestrationHairballCliIntegration\Runs\hairball-seed-20260530\RunArtifacts\runs\20260603-181533_745b3556c2b24d278b4c46f22d88e321\logs\Layer03Node08-2192.stdout.log; stdoutBytes=0; stdoutTruncated=False; stdoutDroppedBytes=0; stderr=C:\Users\jimmy\Desktop\meta-bi\Samples\Demos\MetaOrchestrationHairballCliIntegration\Runs\hairball-seed-20260530\RunArtifacts\runs\20260603-181533_745b3556c2b24d278b4c46f22d88e321\logs\Layer03Node08-2192.stderr.log; stderrBytes=0; stderrTruncated=False; stderrDroppedBytes=0
2026-06-03T18:16:23.1547524+00:00	WorkerLogSummary	BridgeL07L08	stdout=C:\Users\jimmy\Desktop\meta-bi\Samples\Demos\MetaOrchestrationHairballCliIntegration\Runs\hairball-seed-20260530\RunArtifacts\runs\20260603-181533_745b3556c2b24d278b4c46f22d88e321\logs\BridgeL07L08-22980.stdout.log; stdoutBytes=0; stdoutTruncated=False; stdoutDroppedBytes=0; stderr=C:\Users\jimmy\Desktop\meta-bi\Samples\Demos\MetaOrchestrationHairballCliIntegration\Runs\hairball-seed-20260530\RunArtifacts\runs\20260603-181533_745b3556c2b24d278b4c46f22d88e321\logs\BridgeL07L08-22980.stderr.log; stderrBytes=0; stderrTruncated=False; stderrDroppedBytes=0
2026-06-03T18:16:23.1554292+00:00	WorkerLogSummary	Layer03Node07	stdout=C:\Users\jimmy\Desktop\meta-bi\Samples\Demos\MetaOrchestrationHairballCliIntegration\Runs\hairball-seed-20260530\RunArtifacts\runs\20260603-181533_745b3556c2b24d278b4c46f22d88e321\logs\Layer03Node07-4176.stdout.log; stdoutBytes=0; stdoutTruncated=False; stdoutDroppedBytes=0; stderr=C:\Users\jimmy\Desktop\meta-bi\Samples\Demos\MetaOrchestrationHairballCliIntegration\Runs\hairball-seed-20260530\RunArtifacts\runs\20260603-181533_745b3556c2b24d278b4c46f22d88e321\logs\Layer03Node07-4176.stderr.log; stderrBytes=0; stderrTruncated=False; stderrDroppedBytes=0
2026-06-03T18:16:23.1560416+00:00	WorkerLogSummary	Layer03Node04	stdout=C:\Users\jimmy\Desktop\meta-bi\Samples\Demos\MetaOrchestrationHairballCliIntegration\Runs\hairball-seed-20260530\RunArtifacts\runs\20260603-181533_745b3556c2b24d278b4c46f22d88e321\logs\Layer03Node04-19132.stdout.log; stdoutBytes=0; stdoutTruncated=False; stdoutDroppedBytes=0; stderr=C:\Users\jimmy\Desktop\meta-bi\Samples\Demos\MetaOrchestrationHairballCliIntegration\Runs\hairball-seed-20260530\RunArtifacts\runs\20260603-181533_745b3556c2b24d278b4c46f22d88e321\logs\Layer03Node04-19132.stderr.log; stderrBytes=0; stderrTruncated=False; stderrDroppedBytes=0
2026-06-03T18:16:23.1567596+00:00	WorkerLogSummary	Layer03Node05	stdout=C:\Users\jimmy\Desktop\meta-bi\Samples\Demos\MetaOrchestrationHairballCliIntegration\Runs\hairball-seed-20260530\RunArtifacts\runs\20260603-181533_745b3556c2b24d278b4c46f22d88e321\logs\Layer03Node05-5200.stdout.log; stdoutBytes=0; stdoutTruncated=False; stdoutDroppedBytes=0; stderr=C:\Users\jimmy\Desktop\meta-bi\Samples\Demos\MetaOrchestrationHairballCliIntegration\Runs\hairball-seed-20260530\RunArtifacts\runs\20260603-181533_745b3556c2b24d278b4c46f22d88e321\logs\Layer03Node05-5200.stderr.log; stderrBytes=0; stderrTruncated=False; stderrDroppedBytes=0
2026-06-03T18:16:23.1576048+00:00	WorkerLogSummary	Layer04Node06	stdout=C:\Users\jimmy\Desktop\meta-bi\Samples\Demos\MetaOrchestrationHairballCliIntegration\Runs\hairball-seed-20260530\RunArtifacts\runs\20260603-181533_745b3556c2b24d278b4c46f22d88e321\logs\Layer04Node06-26540.stdout.log; stdoutBytes=0; stdoutTruncated=False; stdoutDroppedBytes=0; stderr=C:\Users\jimmy\Desktop\meta-bi\Samples\Demos\MetaOrchestrationHairballCliIntegration\Runs\hairball-seed-20260530\RunArtifacts\runs\20260603-181533_745b3556c2b24d278b4c46f22d88e321\logs\Layer04Node06-26540.stderr.log; stderrBytes=0; stderrTruncated=False; stderrDroppedBytes=0
2026-06-03T18:16:23.1583639+00:00	WorkerLogSummary	Layer08Node07	stdout=C:\Users\jimmy\Desktop\meta-bi\Samples\Demos\MetaOrchestrationHairballCliIntegration\Runs\hairball-seed-20260530\RunArtifacts\runs\20260603-181533_745b3556c2b24d278b4c46f22d88e321\logs\Layer08Node07-23448.stdout.log; stdoutBytes=0; stdoutTruncated=False; stdoutDroppedBytes=0; stderr=C:\Users\jimmy\Desktop\meta-bi\Samples\Demos\MetaOrchestrationHairballCliIntegration\Runs\hairball-seed-20260530\RunArtifacts\runs\20260603-181533_745b3556c2b24d278b4c46f22d88e321\logs\Layer08Node07-23448.stderr.log; stderrBytes=0; stderrTruncated=False; stderrDroppedBytes=0
2026-06-03T18:16:23.1590918+00:00	WorkerLogSummary	AuditHairball	stdout=C:\Users\jimmy\Desktop\meta-bi\Samples\Demos\MetaOrchestrationHairballCliIntegration\Runs\hairball-seed-20260530\RunArtifacts\runs\20260603-181533_745b3556c2b24d278b4c46f22d88e321\logs\AuditHairball-21940.stdout.log; stdoutBytes=0; stdoutTruncated=False; stdoutDroppedBytes=0; stderr=C:\Users\jimmy\Desktop\meta-bi\Samples\Demos\MetaOrchestrationHairballCliIntegration\Runs\hairball-seed-20260530\RunArtifacts\runs\20260603-181533_745b3556c2b24d278b4c46f22d88e321\logs\AuditHairball-21940.stderr.log; stderrBytes=0; stderrTruncated=False; stderrDroppedBytes=0
2026-06-03T18:16:23.1599105+00:00	WorkerLogSummary	BridgeL03L04	stdout=C:\Users\jimmy\Desktop\meta-bi\Samples\Demos\MetaOrchestrationHairballCliIntegration\Runs\hairball-seed-20260530\RunArtifacts\runs\20260603-181533_745b3556c2b24d278b4c46f22d88e321\logs\BridgeL03L04-16372.stdout.log; stdoutBytes=0; stdoutTruncated=False; stdoutDroppedBytes=0; stderr=C:\Users\jimmy\Desktop\meta-bi\Samples\Demos\MetaOrchestrationHairballCliIntegration\Runs\hairball-seed-20260530\RunArtifacts\runs\20260603-181533_745b3556c2b24d278b4c46f22d88e321\logs\BridgeL03L04-16372.stderr.log; stderrBytes=0; stderrTruncated=False; stderrDroppedBytes=0
2026-06-03T18:16:23.1607998+00:00	WorkerLogSummary	BridgeL05L06	stdout=C:\Users\jimmy\Desktop\meta-bi\Samples\Demos\MetaOrchestrationHairballCliIntegration\Runs\hairball-seed-20260530\RunArtifacts\runs\20260603-181533_745b3556c2b24d278b4c46f22d88e321\logs\BridgeL05L06-28408.stdout.log; stdoutBytes=0; stdoutTruncated=False; stdoutDroppedBytes=0; stderr=C:\Users\jimmy\Desktop\meta-bi\Samples\Demos\MetaOrchestrationHairballCliIntegration\Runs\hairball-seed-20260530\RunArtifacts\runs\20260603-181533_745b3556c2b24d278b4c46f22d88e321\logs\BridgeL05L06-28408.stderr.log; stderrBytes=0; stderrTruncated=False; stderrDroppedBytes=0
2026-06-03T18:16:23.1616339+00:00	WorkerLogSummary	Layer04Node07	stdout=C:\Users\jimmy\Desktop\meta-bi\Samples\Demos\MetaOrchestrationHairballCliIntegration\Runs\hairball-seed-20260530\RunArtifacts\runs\20260603-181533_745b3556c2b24d278b4c46f22d88e321\logs\Layer04Node07-27652.stdout.log; stdoutBytes=0; stdoutTruncated=False; stdoutDroppedBytes=0; stderr=C:\Users\jimmy\Desktop\meta-bi\Samples\Demos\MetaOrchestrationHairballCliIntegration\Runs\hairball-seed-20260530\RunArtifacts\runs\20260603-181533_745b3556c2b24d278b4c46f22d88e321\logs\Layer04Node07-27652.stderr.log; stderrBytes=0; stderrTruncated=False; stderrDroppedBytes=0
2026-06-03T18:16:23.1624568+00:00	WorkerLogSummary	Layer04Node09	stdout=C:\Users\jimmy\Desktop\meta-bi\Samples\Demos\MetaOrchestrationHairballCliIntegration\Runs\hairball-seed-20260530\RunArtifacts\runs\20260603-181533_745b3556c2b24d278b4c46f22d88e321\logs\Layer04Node09-16000.stdout.log; stdoutBytes=0; stdoutTruncated=False; stdoutDroppedBytes=0; stderr=C:\Users\jimmy\Desktop\meta-bi\Samples\Demos\MetaOrchestrationHairballCliIntegration\Runs\hairball-seed-20260530\RunArtifacts\runs\20260603-181533_745b3556c2b24d278b4c46f22d88e321\logs\Layer04Node09-16000.stderr.log; stderrBytes=0; stderrTruncated=False; stderrDroppedBytes=0
2026-06-03T18:16:23.1631243+00:00	WorkerLogSummary	Layer07Node02	stdout=C:\Users\jimmy\Desktop\meta-bi\Samples\Demos\MetaOrchestrationHairballCliIntegration\Runs\hairball-seed-20260530\RunArtifacts\runs\20260603-181533_745b3556c2b24d278b4c46f22d88e321\logs\Layer07Node02-16096.stdout.log; stdoutBytes=0; stdoutTruncated=False; stdoutDroppedBytes=0; stderr=C:\Users\jimmy\Desktop\meta-bi\Samples\Demos\MetaOrchestrationHairballCliIntegration\Runs\hairball-seed-20260530\RunArtifacts\runs\20260603-181533_745b3556c2b24d278b4c46f22d88e321\logs\Layer07Node02-16096.stderr.log; stderrBytes=0; stderrTruncated=False; stderrDroppedBytes=0
2026-06-03T18:16:23.1639541+00:00	WorkerLogSummary	CompositeMart	stdout=C:\Users\jimmy\Desktop\meta-bi\Samples\Demos\MetaOrchestrationHairballCliIntegration\Runs\hairball-seed-20260530\RunArtifacts\runs\20260603-181533_745b3556c2b24d278b4c46f22d88e321\logs\CompositeMart-30476.stdout.log; stdoutBytes=0; stdoutTruncated=False; stdoutDroppedBytes=0; stderr=C:\Users\jimmy\Desktop\meta-bi\Samples\Demos\MetaOrchestrationHairballCliIntegration\Runs\hairball-seed-20260530\RunArtifacts\runs\20260603-181533_745b3556c2b24d278b4c46f22d88e321\logs\CompositeMart-30476.stderr.log; stderrBytes=0; stderrTruncated=False; stderrDroppedBytes=0
2026-06-03T18:16:23.1651000+00:00	WorkerLogSummary	Layer03Hub	stdout=C:\Users\jimmy\Desktop\meta-bi\Samples\Demos\MetaOrchestrationHairballCliIntegration\Runs\hairball-seed-20260530\RunArtifacts\runs\20260603-181533_745b3556c2b24d278b4c46f22d88e321\logs\Layer03Hub-4988.stdout.log; stdoutBytes=0; stdoutTruncated=False; stdoutDroppedBytes=0; stderr=C:\Users\jimmy\Desktop\meta-bi\Samples\Demos\MetaOrchestrationHairballCliIntegration\Runs\hairball-seed-20260530\RunArtifacts\runs\20260603-181533_745b3556c2b24d278b4c46f22d88e321\logs\Layer03Hub-4988.stderr.log; stderrBytes=0; stderrTruncated=False; stderrDroppedBytes=0
2026-06-03T18:16:23.1658920+00:00	WorkerLogSummary	Layer06Node03	stdout=C:\Users\jimmy\Desktop\meta-bi\Samples\Demos\MetaOrchestrationHairballCliIntegration\Runs\hairball-seed-20260530\RunArtifacts\runs\20260603-181533_745b3556c2b24d278b4c46f22d88e321\logs\Layer06Node03-28072.stdout.log; stdoutBytes=0; stdoutTruncated=False; stdoutDroppedBytes=0; stderr=C:\Users\jimmy\Desktop\meta-bi\Samples\Demos\MetaOrchestrationHairballCliIntegration\Runs\hairball-seed-20260530\RunArtifacts\runs\20260603-181533_745b3556c2b24d278b4c46f22d88e321\logs\Layer06Node03-28072.stderr.log; stderrBytes=0; stderrTruncated=False; stderrDroppedBytes=0
2026-06-03T18:16:23.1666831+00:00	WorkerLogSummary	Layer04Hub	stdout=C:\Users\jimmy\Desktop\meta-bi\Samples\Demos\MetaOrchestrationHairballCliIntegration\Runs\hairball-seed-20260530\RunArtifacts\runs\20260603-181533_745b3556c2b24d278b4c46f22d88e321\logs\Layer04Hub-14296.stdout.log; stdoutBytes=0; stdoutTruncated=False; stdoutDroppedBytes=0; stderr=C:\Users\jimmy\Desktop\meta-bi\Samples\Demos\MetaOrchestrationHairballCliIntegration\Runs\hairball-seed-20260530\RunArtifacts\runs\20260603-181533_745b3556c2b24d278b4c46f22d88e321\logs\Layer04Hub-14296.stderr.log; stderrBytes=0; stderrTruncated=False; stderrDroppedBytes=0
2026-06-03T18:16:23.1673987+00:00	WorkerLogSummary	Layer04Node01	stdout=C:\Users\jimmy\Desktop\meta-bi\Samples\Demos\MetaOrchestrationHairballCliIntegration\Runs\hairball-seed-20260530\RunArtifacts\runs\20260603-181533_745b3556c2b24d278b4c46f22d88e321\logs\Layer04Node01-29880.stdout.log; stdoutBytes=0; stdoutTruncated=False; stdoutDroppedBytes=0; stderr=C:\Users\jimmy\Desktop\meta-bi\Samples\Demos\MetaOrchestrationHairballCliIntegration\Runs\hairball-seed-20260530\RunArtifacts\runs\20260603-181533_745b3556c2b24d278b4c46f22d88e321\logs\Layer04Node01-29880.stderr.log; stderrBytes=0; stderrTruncated=False; stderrDroppedBytes=0
2026-06-03T18:16:23.1678934+00:00	WorkerLogSummary	Layer04Node02	stdout=C:\Users\jimmy\Desktop\meta-bi\Samples\Demos\MetaOrchestrationHairballCliIntegration\Runs\hairball-seed-20260530\RunArtifacts\runs\20260603-181533_745b3556c2b24d278b4c46f22d88e321\logs\Layer04Node02-22880.stdout.log; stdoutBytes=0; stdoutTruncated=False; stdoutDroppedBytes=0; stderr=C:\Users\jimmy\Desktop\meta-bi\Samples\Demos\MetaOrchestrationHairballCliIntegration\Runs\hairball-seed-20260530\RunArtifacts\runs\20260603-181533_745b3556c2b24d278b4c46f22d88e321\logs\Layer04Node02-22880.stderr.log; stderrBytes=0; stderrTruncated=False; stderrDroppedBytes=0
2026-06-03T18:16:23.1683433+00:00	WorkerLogSummary	Layer04Node05	stdout=C:\Users\jimmy\Desktop\meta-bi\Samples\Demos\MetaOrchestrationHairballCliIntegration\Runs\hairball-seed-20260530\RunArtifacts\runs\20260603-181533_745b3556c2b24d278b4c46f22d88e321\logs\Layer04Node05-11760.stdout.log; stdoutBytes=0; stdoutTruncated=False; stdoutDroppedBytes=0; stderr=C:\Users\jimmy\Desktop\meta-bi\Samples\Demos\MetaOrchestrationHairballCliIntegration\Runs\hairball-seed-20260530\RunArtifacts\runs\20260603-181533_745b3556c2b24d278b4c46f22d88e321\logs\Layer04Node05-11760.stderr.log; stderrBytes=0; stderrTruncated=False; stderrDroppedBytes=0
2026-06-03T18:16:23.1690760+00:00	WorkerLogSummary	Layer04Node08	stdout=C:\Users\jimmy\Desktop\meta-bi\Samples\Demos\MetaOrchestrationHairballCliIntegration\Runs\hairball-seed-20260530\RunArtifacts\runs\20260603-181533_745b3556c2b24d278b4c46f22d88e321\logs\Layer04Node08-18692.stdout.log; stdoutBytes=0; stdoutTruncated=False; stdoutDroppedBytes=0; stderr=C:\Users\jimmy\Desktop\meta-bi\Samples\Demos\MetaOrchestrationHairballCliIntegration\Runs\hairball-seed-20260530\RunArtifacts\runs\20260603-181533_745b3556c2b24d278b4c46f22d88e321\logs\Layer04Node08-18692.stderr.log; stderrBytes=0; stderrTruncated=False; stderrDroppedBytes=0
2026-06-03T18:16:23.1698360+00:00	WorkerLogSummary	Layer07Node07	stdout=C:\Users\jimmy\Desktop\meta-bi\Samples\Demos\MetaOrchestrationHairballCliIntegration\Runs\hairball-seed-20260530\RunArtifacts\runs\20260603-181533_745b3556c2b24d278b4c46f22d88e321\logs\Layer07Node07-3180.stdout.log; stdoutBytes=0; stdoutTruncated=False; stdoutDroppedBytes=0; stderr=C:\Users\jimmy\Desktop\meta-bi\Samples\Demos\MetaOrchestrationHairballCliIntegration\Runs\hairball-seed-20260530\RunArtifacts\runs\20260603-181533_745b3556c2b24d278b4c46f22d88e321\logs\Layer07Node07-3180.stderr.log; stderrBytes=0; stderrTruncated=False; stderrDroppedBytes=0
2026-06-03T18:16:23.1705781+00:00	WorkerLogSummary	Layer05Node03	stdout=C:\Users\jimmy\Desktop\meta-bi\Samples\Demos\MetaOrchestrationHairballCliIntegration\Runs\hairball-seed-20260530\RunArtifacts\runs\20260603-181533_745b3556c2b24d278b4c46f22d88e321\logs\Layer05Node03-15904.stdout.log; stdoutBytes=0; stdoutTruncated=False; stdoutDroppedBytes=0; stderr=C:\Users\jimmy\Desktop\meta-bi\Samples\Demos\MetaOrchestrationHairballCliIntegration\Runs\hairball-seed-20260530\RunArtifacts\runs\20260603-181533_745b3556c2b24d278b4c46f22d88e321\logs\Layer05Node03-15904.stderr.log; stderrBytes=0; stderrTruncated=False; stderrDroppedBytes=0
2026-06-03T18:16:23.1712983+00:00	WorkerLogSummary	AuditHairball	stdout=C:\Users\jimmy\Desktop\meta-bi\Samples\Demos\MetaOrchestrationHairballCliIntegration\Runs\hairball-seed-20260530\RunArtifacts\runs\20260603-181533_745b3556c2b24d278b4c46f22d88e321\logs\AuditHairball-1976.stdout.log; stdoutBytes=0; stdoutTruncated=False; stdoutDroppedBytes=0; stderr=C:\Users\jimmy\Desktop\meta-bi\Samples\Demos\MetaOrchestrationHairballCliIntegration\Runs\hairball-seed-20260530\RunArtifacts\runs\20260603-181533_745b3556c2b24d278b4c46f22d88e321\logs\AuditHairball-1976.stderr.log; stderrBytes=0; stderrTruncated=False; stderrDroppedBytes=0
2026-06-03T18:16:23.1720541+00:00	WorkerLogSummary	BridgeL03L04	stdout=C:\Users\jimmy\Desktop\meta-bi\Samples\Demos\MetaOrchestrationHairballCliIntegration\Runs\hairball-seed-20260530\RunArtifacts\runs\20260603-181533_745b3556c2b24d278b4c46f22d88e321\logs\BridgeL03L04-27008.stdout.log; stdoutBytes=0; stdoutTruncated=False; stdoutDroppedBytes=0; stderr=C:\Users\jimmy\Desktop\meta-bi\Samples\Demos\MetaOrchestrationHairballCliIntegration\Runs\hairball-seed-20260530\RunArtifacts\runs\20260603-181533_745b3556c2b24d278b4c46f22d88e321\logs\BridgeL03L04-27008.stderr.log; stderrBytes=0; stderrTruncated=False; stderrDroppedBytes=0
2026-06-03T18:16:23.1725317+00:00	WorkerLogSummary	BridgeL05L06	stdout=C:\Users\jimmy\Desktop\meta-bi\Samples\Demos\MetaOrchestrationHairballCliIntegration\Runs\hairball-seed-20260530\RunArtifacts\runs\20260603-181533_745b3556c2b24d278b4c46f22d88e321\logs\BridgeL05L06-26584.stdout.log; stdoutBytes=0; stdoutTruncated=False; stdoutDroppedBytes=0; stderr=C:\Users\jimmy\Desktop\meta-bi\Samples\Demos\MetaOrchestrationHairballCliIntegration\Runs\hairball-seed-20260530\RunArtifacts\runs\20260603-181533_745b3556c2b24d278b4c46f22d88e321\logs\BridgeL05L06-26584.stderr.log; stderrBytes=0; stderrTruncated=False; stderrDroppedBytes=0
2026-06-03T18:16:23.1730515+00:00	WorkerLogSummary	Layer05Node02	stdout=C:\Users\jimmy\Desktop\meta-bi\Samples\Demos\MetaOrchestrationHairballCliIntegration\Runs\hairball-seed-20260530\RunArtifacts\runs\20260603-181533_745b3556c2b24d278b4c46f22d88e321\logs\Layer05Node02-20336.stdout.log; stdoutBytes=0; stdoutTruncated=False; stdoutDroppedBytes=0; stderr=C:\Users\jimmy\Desktop\meta-bi\Samples\Demos\MetaOrchestrationHairballCliIntegration\Runs\hairball-seed-20260530\RunArtifacts\runs\20260603-181533_745b3556c2b24d278b4c46f22d88e321\logs\Layer05Node02-20336.stderr.log; stderrBytes=0; stderrTruncated=False; stderrDroppedBytes=0
2026-06-03T18:16:23.1735578+00:00	WorkerLogSummary	BridgeL07L08	stdout=C:\Users\jimmy\Desktop\meta-bi\Samples\Demos\MetaOrchestrationHairballCliIntegration\Runs\hairball-seed-20260530\RunArtifacts\runs\20260603-181533_745b3556c2b24d278b4c46f22d88e321\logs\BridgeL07L08-5452.stdout.log; stdoutBytes=0; stdoutTruncated=False; stdoutDroppedBytes=0; stderr=C:\Users\jimmy\Desktop\meta-bi\Samples\Demos\MetaOrchestrationHairballCliIntegration\Runs\hairball-seed-20260530\RunArtifacts\runs\20260603-181533_745b3556c2b24d278b4c46f22d88e321\logs\BridgeL07L08-5452.stderr.log; stderrBytes=0; stderrTruncated=False; stderrDroppedBytes=0
2026-06-03T18:16:23.1740466+00:00	WorkerLogSummary	Layer07Node04	stdout=C:\Users\jimmy\Desktop\meta-bi\Samples\Demos\MetaOrchestrationHairballCliIntegration\Runs\hairball-seed-20260530\RunArtifacts\runs\20260603-181533_745b3556c2b24d278b4c46f22d88e321\logs\Layer07Node04-25920.stdout.log; stdoutBytes=0; stdoutTruncated=False; stdoutDroppedBytes=0; stderr=C:\Users\jimmy\Desktop\meta-bi\Samples\Demos\MetaOrchestrationHairballCliIntegration\Runs\hairball-seed-20260530\RunArtifacts\runs\20260603-181533_745b3556c2b24d278b4c46f22d88e321\logs\Layer07Node04-25920.stderr.log; stderrBytes=0; stderrTruncated=False; stderrDroppedBytes=0
2026-06-03T18:16:23.1745336+00:00	WorkerLogSummary	Layer04Hub	stdout=C:\Users\jimmy\Desktop\meta-bi\Samples\Demos\MetaOrchestrationHairballCliIntegration\Runs\hairball-seed-20260530\RunArtifacts\runs\20260603-181533_745b3556c2b24d278b4c46f22d88e321\logs\Layer04Hub-13704.stdout.log; stdoutBytes=0; stdoutTruncated=False; stdoutDroppedBytes=0; stderr=C:\Users\jimmy\Desktop\meta-bi\Samples\Demos\MetaOrchestrationHairballCliIntegration\Runs\hairball-seed-20260530\RunArtifacts\runs\20260603-181533_745b3556c2b24d278b4c46f22d88e321\logs\Layer04Hub-13704.stderr.log; stderrBytes=0; stderrTruncated=False; stderrDroppedBytes=0
2026-06-03T18:16:23.1751720+00:00	WorkerLogSummary	Layer05Node07	stdout=C:\Users\jimmy\Desktop\meta-bi\Samples\Demos\MetaOrchestrationHairballCliIntegration\Runs\hairball-seed-20260530\RunArtifacts\runs\20260603-181533_745b3556c2b24d278b4c46f22d88e321\logs\Layer05Node07-15792.stdout.log; stdoutBytes=0; stdoutTruncated=False; stdoutDroppedBytes=0; stderr=C:\Users\jimmy\Desktop\meta-bi\Samples\Demos\MetaOrchestrationHairballCliIntegration\Runs\hairball-seed-20260530\RunArtifacts\runs\20260603-181533_745b3556c2b24d278b4c46f22d88e321\logs\Layer05Node07-15792.stderr.log; stderrBytes=0; stderrTruncated=False; stderrDroppedBytes=0
2026-06-03T18:16:23.1758851+00:00	WorkerLogSummary	CompositeMart	stdout=C:\Users\jimmy\Desktop\meta-bi\Samples\Demos\MetaOrchestrationHairballCliIntegration\Runs\hairball-seed-20260530\RunArtifacts\runs\20260603-181533_745b3556c2b24d278b4c46f22d88e321\logs\CompositeMart-29932.stdout.log; stdoutBytes=0; stdoutTruncated=False; stdoutDroppedBytes=0; stderr=C:\Users\jimmy\Desktop\meta-bi\Samples\Demos\MetaOrchestrationHairballCliIntegration\Runs\hairball-seed-20260530\RunArtifacts\runs\20260603-181533_745b3556c2b24d278b4c46f22d88e321\logs\CompositeMart-29932.stderr.log; stderrBytes=0; stderrTruncated=False; stderrDroppedBytes=0
2026-06-03T18:16:23.1766360+00:00	WorkerLogSummary	Layer05Hub	stdout=C:\Users\jimmy\Desktop\meta-bi\Samples\Demos\MetaOrchestrationHairballCliIntegration\Runs\hairball-seed-20260530\RunArtifacts\runs\20260603-181533_745b3556c2b24d278b4c46f22d88e321\logs\Layer05Hub-27044.stdout.log; stdoutBytes=0; stdoutTruncated=False; stdoutDroppedBytes=0; stderr=C:\Users\jimmy\Desktop\meta-bi\Samples\Demos\MetaOrchestrationHairballCliIntegration\Runs\hairball-seed-20260530\RunArtifacts\runs\20260603-181533_745b3556c2b24d278b4c46f22d88e321\logs\Layer05Hub-27044.stderr.log; stderrBytes=0; stderrTruncated=False; stderrDroppedBytes=0
2026-06-03T18:16:23.1773344+00:00	WorkerLogSummary	Layer06Node04	stdout=C:\Users\jimmy\Desktop\meta-bi\Samples\Demos\MetaOrchestrationHairballCliIntegration\Runs\hairball-seed-20260530\RunArtifacts\runs\20260603-181533_745b3556c2b24d278b4c46f22d88e321\logs\Layer06Node04-26940.stdout.log; stdoutBytes=0; stdoutTruncated=False; stdoutDroppedBytes=0; stderr=C:\Users\jimmy\Desktop\meta-bi\Samples\Demos\MetaOrchestrationHairballCliIntegration\Runs\hairball-seed-20260530\RunArtifacts\runs\20260603-181533_745b3556c2b24d278b4c46f22d88e321\logs\Layer06Node04-26940.stderr.log; stderrBytes=0; stderrTruncated=False; stderrDroppedBytes=0
2026-06-03T18:16:23.1782523+00:00	WorkerLogSummary	AuditHairball	stdout=C:\Users\jimmy\Desktop\meta-bi\Samples\Demos\MetaOrchestrationHairballCliIntegration\Runs\hairball-seed-20260530\RunArtifacts\runs\20260603-181533_745b3556c2b24d278b4c46f22d88e321\logs\AuditHairball-27912.stdout.log; stdoutBytes=0; stdoutTruncated=False; stdoutDroppedBytes=0; stderr=C:\Users\jimmy\Desktop\meta-bi\Samples\Demos\MetaOrchestrationHairballCliIntegration\Runs\hairball-seed-20260530\RunArtifacts\runs\20260603-181533_745b3556c2b24d278b4c46f22d88e321\logs\AuditHairball-27912.stderr.log; stderrBytes=0; stderrTruncated=False; stderrDroppedBytes=0
2026-06-03T18:16:23.1797547+00:00	WorkerLogSummary	BridgeL03L04	stdout=C:\Users\jimmy\Desktop\meta-bi\Samples\Demos\MetaOrchestrationHairballCliIntegration\Runs\hairball-seed-20260530\RunArtifacts\runs\20260603-181533_745b3556c2b24d278b4c46f22d88e321\logs\BridgeL03L04-23112.stdout.log; stdoutBytes=0; stdoutTruncated=False; stdoutDroppedBytes=0; stderr=C:\Users\jimmy\Desktop\meta-bi\Samples\Demos\MetaOrchestrationHairballCliIntegration\Runs\hairball-seed-20260530\RunArtifacts\runs\20260603-181533_745b3556c2b24d278b4c46f22d88e321\logs\BridgeL03L04-23112.stderr.log; stderrBytes=0; stderrTruncated=False; stderrDroppedBytes=0
2026-06-03T18:16:23.1804752+00:00	WorkerLogSummary	Layer08Node05	stdout=C:\Users\jimmy\Desktop\meta-bi\Samples\Demos\MetaOrchestrationHairballCliIntegration\Runs\hairball-seed-20260530\RunArtifacts\runs\20260603-181533_745b3556c2b24d278b4c46f22d88e321\logs\Layer08Node05-6724.stdout.log; stdoutBytes=0; stdoutTruncated=False; stdoutDroppedBytes=0; stderr=C:\Users\jimmy\Desktop\meta-bi\Samples\Demos\MetaOrchestrationHairballCliIntegration\Runs\hairball-seed-20260530\RunArtifacts\runs\20260603-181533_745b3556c2b24d278b4c46f22d88e321\logs\Layer08Node05-6724.stderr.log; stderrBytes=0; stderrTruncated=False; stderrDroppedBytes=0
2026-06-03T18:16:23.1814089+00:00	WorkerLogSummary	BridgeL05L06	stdout=C:\Users\jimmy\Desktop\meta-bi\Samples\Demos\MetaOrchestrationHairballCliIntegration\Runs\hairball-seed-20260530\RunArtifacts\runs\20260603-181533_745b3556c2b24d278b4c46f22d88e321\logs\BridgeL05L06-25664.stdout.log; stdoutBytes=0; stdoutTruncated=False; stdoutDroppedBytes=0; stderr=C:\Users\jimmy\Desktop\meta-bi\Samples\Demos\MetaOrchestrationHairballCliIntegration\Runs\hairball-seed-20260530\RunArtifacts\runs\20260603-181533_745b3556c2b24d278b4c46f22d88e321\logs\BridgeL05L06-25664.stderr.log; stderrBytes=0; stderrTruncated=False; stderrDroppedBytes=0
2026-06-03T18:16:23.1820977+00:00	WorkerLogSummary	Layer05Node01	stdout=C:\Users\jimmy\Desktop\meta-bi\Samples\Demos\MetaOrchestrationHairballCliIntegration\Runs\hairball-seed-20260530\RunArtifacts\runs\20260603-181533_745b3556c2b24d278b4c46f22d88e321\logs\Layer05Node01-28632.stdout.log; stdoutBytes=0; stdoutTruncated=False; stdoutDroppedBytes=0; stderr=C:\Users\jimmy\Desktop\meta-bi\Samples\Demos\MetaOrchestrationHairballCliIntegration\Runs\hairball-seed-20260530\RunArtifacts\runs\20260603-181533_745b3556c2b24d278b4c46f22d88e321\logs\Layer05Node01-28632.stderr.log; stderrBytes=0; stderrTruncated=False; stderrDroppedBytes=0
2026-06-03T18:16:23.1827515+00:00	WorkerLogSummary	Layer08Node06	stdout=C:\Users\jimmy\Desktop\meta-bi\Samples\Demos\MetaOrchestrationHairballCliIntegration\Runs\hairball-seed-20260530\RunArtifacts\runs\20260603-181533_745b3556c2b24d278b4c46f22d88e321\logs\Layer08Node06-30280.stdout.log; stdoutBytes=0; stdoutTruncated=False; stdoutDroppedBytes=0; stderr=C:\Users\jimmy\Desktop\meta-bi\Samples\Demos\MetaOrchestrationHairballCliIntegration\Runs\hairball-seed-20260530\RunArtifacts\runs\20260603-181533_745b3556c2b24d278b4c46f22d88e321\logs\Layer08Node06-30280.stderr.log; stderrBytes=0; stderrTruncated=False; stderrDroppedBytes=0
2026-06-03T18:16:23.1832809+00:00	WorkerLogSummary	Layer07Node08	stdout=C:\Users\jimmy\Desktop\meta-bi\Samples\Demos\MetaOrchestrationHairballCliIntegration\Runs\hairball-seed-20260530\RunArtifacts\runs\20260603-181533_745b3556c2b24d278b4c46f22d88e321\logs\Layer07Node08-4012.stdout.log; stdoutBytes=0; stdoutTruncated=False; stdoutDroppedBytes=0; stderr=C:\Users\jimmy\Desktop\meta-bi\Samples\Demos\MetaOrchestrationHairballCliIntegration\Runs\hairball-seed-20260530\RunArtifacts\runs\20260603-181533_745b3556c2b24d278b4c46f22d88e321\logs\Layer07Node08-4012.stderr.log; stderrBytes=0; stderrTruncated=False; stderrDroppedBytes=0
2026-06-03T18:16:23.1837880+00:00	WorkerLogSummary	BridgeL07L08	stdout=C:\Users\jimmy\Desktop\meta-bi\Samples\Demos\MetaOrchestrationHairballCliIntegration\Runs\hairball-seed-20260530\RunArtifacts\runs\20260603-181533_745b3556c2b24d278b4c46f22d88e321\logs\BridgeL07L08-25784.stdout.log; stdoutBytes=0; stdoutTruncated=False; stdoutDroppedBytes=0; stderr=C:\Users\jimmy\Desktop\meta-bi\Samples\Demos\MetaOrchestrationHairballCliIntegration\Runs\hairball-seed-20260530\RunArtifacts\runs\20260603-181533_745b3556c2b24d278b4c46f22d88e321\logs\BridgeL07L08-25784.stderr.log; stderrBytes=0; stderrTruncated=False; stderrDroppedBytes=0
2026-06-03T18:16:23.1842758+00:00	WorkerLogSummary	Layer06Node01	stdout=C:\Users\jimmy\Desktop\meta-bi\Samples\Demos\MetaOrchestrationHairballCliIntegration\Runs\hairball-seed-20260530\RunArtifacts\runs\20260603-181533_745b3556c2b24d278b4c46f22d88e321\logs\Layer06Node01-9652.stdout.log; stdoutBytes=0; stdoutTruncated=False; stdoutDroppedBytes=0; stderr=C:\Users\jimmy\Desktop\meta-bi\Samples\Demos\MetaOrchestrationHairballCliIntegration\Runs\hairball-seed-20260530\RunArtifacts\runs\20260603-181533_745b3556c2b24d278b4c46f22d88e321\logs\Layer06Node01-9652.stderr.log; stderrBytes=0; stderrTruncated=False; stderrDroppedBytes=0
2026-06-03T18:16:23.1847902+00:00	WorkerLogSummary	Layer06Node07	stdout=C:\Users\jimmy\Desktop\meta-bi\Samples\Demos\MetaOrchestrationHairballCliIntegration\Runs\hairball-seed-20260530\RunArtifacts\runs\20260603-181533_745b3556c2b24d278b4c46f22d88e321\logs\Layer06Node07-27592.stdout.log; stdoutBytes=0; stdoutTruncated=False; stdoutDroppedBytes=0; stderr=C:\Users\jimmy\Desktop\meta-bi\Samples\Demos\MetaOrchestrationHairballCliIntegration\Runs\hairball-seed-20260530\RunArtifacts\runs\20260603-181533_745b3556c2b24d278b4c46f22d88e321\logs\Layer06Node07-27592.stderr.log; stderrBytes=0; stderrTruncated=False; stderrDroppedBytes=0
2026-06-03T18:16:23.1852552+00:00	WorkerLogSummary	Layer06Node10	stdout=C:\Users\jimmy\Desktop\meta-bi\Samples\Demos\MetaOrchestrationHairballCliIntegration\Runs\hairball-seed-20260530\RunArtifacts\runs\20260603-181533_745b3556c2b24d278b4c46f22d88e321\logs\Layer06Node10-30328.stdout.log; stdoutBytes=0; stdoutTruncated=False; stdoutDroppedBytes=0; stderr=C:\Users\jimmy\Desktop\meta-bi\Samples\Demos\MetaOrchestrationHairballCliIntegration\Runs\hairball-seed-20260530\RunArtifacts\runs\20260603-181533_745b3556c2b24d278b4c46f22d88e321\logs\Layer06Node10-30328.stderr.log; stderrBytes=0; stderrTruncated=False; stderrDroppedBytes=0
2026-06-03T18:16:23.1858725+00:00	WorkerLogSummary	Layer05Node04	stdout=C:\Users\jimmy\Desktop\meta-bi\Samples\Demos\MetaOrchestrationHairballCliIntegration\Runs\hairball-seed-20260530\RunArtifacts\runs\20260603-181533_745b3556c2b24d278b4c46f22d88e321\logs\Layer05Node04-12344.stdout.log; stdoutBytes=0; stdoutTruncated=False; stdoutDroppedBytes=0; stderr=C:\Users\jimmy\Desktop\meta-bi\Samples\Demos\MetaOrchestrationHairballCliIntegration\Runs\hairball-seed-20260530\RunArtifacts\runs\20260603-181533_745b3556c2b24d278b4c46f22d88e321\logs\Layer05Node04-12344.stderr.log; stderrBytes=0; stderrTruncated=False; stderrDroppedBytes=0
2026-06-03T18:16:23.1864384+00:00	WorkerLogSummary	CompositeMart	stdout=C:\Users\jimmy\Desktop\meta-bi\Samples\Demos\MetaOrchestrationHairballCliIntegration\Runs\hairball-seed-20260530\RunArtifacts\runs\20260603-181533_745b3556c2b24d278b4c46f22d88e321\logs\CompositeMart-31064.stdout.log; stdoutBytes=0; stdoutTruncated=False; stdoutDroppedBytes=0; stderr=C:\Users\jimmy\Desktop\meta-bi\Samples\Demos\MetaOrchestrationHairballCliIntegration\Runs\hairball-seed-20260530\RunArtifacts\runs\20260603-181533_745b3556c2b24d278b4c46f22d88e321\logs\CompositeMart-31064.stderr.log; stderrBytes=0; stderrTruncated=False; stderrDroppedBytes=0
2026-06-03T18:16:23.1872225+00:00	WorkerLogSummary	Layer05Node05	stdout=C:\Users\jimmy\Desktop\meta-bi\Samples\Demos\MetaOrchestrationHairballCliIntegration\Runs\hairball-seed-20260530\RunArtifacts\runs\20260603-181533_745b3556c2b24d278b4c46f22d88e321\logs\Layer05Node05-30812.stdout.log; stdoutBytes=0; stdoutTruncated=False; stdoutDroppedBytes=0; stderr=C:\Users\jimmy\Desktop\meta-bi\Samples\Demos\MetaOrchestrationHairballCliIntegration\Runs\hairball-seed-20260530\RunArtifacts\runs\20260603-181533_745b3556c2b24d278b4c46f22d88e321\logs\Layer05Node05-30812.stderr.log; stderrBytes=0; stderrTruncated=False; stderrDroppedBytes=0
2026-06-03T18:16:23.1876881+00:00	WorkerLogSummary	AuditHairball	stdout=C:\Users\jimmy\Desktop\meta-bi\Samples\Demos\MetaOrchestrationHairballCliIntegration\Runs\hairball-seed-20260530\RunArtifacts\runs\20260603-181533_745b3556c2b24d278b4c46f22d88e321\logs\AuditHairball-25012.stdout.log; stdoutBytes=0; stdoutTruncated=False; stdoutDroppedBytes=0; stderr=C:\Users\jimmy\Desktop\meta-bi\Samples\Demos\MetaOrchestrationHairballCliIntegration\Runs\hairball-seed-20260530\RunArtifacts\runs\20260603-181533_745b3556c2b24d278b4c46f22d88e321\logs\AuditHairball-25012.stderr.log; stderrBytes=0; stderrTruncated=False; stderrDroppedBytes=0
2026-06-03T18:16:23.1885215+00:00	WorkerLogSummary	Layer05Node01	stdout=C:\Users\jimmy\Desktop\meta-bi\Samples\Demos\MetaOrchestrationHairballCliIntegration\Runs\hairball-seed-20260530\RunArtifacts\runs\20260603-181533_745b3556c2b24d278b4c46f22d88e321\logs\Layer05Node01-22204.stdout.log; stdoutBytes=0; stdoutTruncated=False; stdoutDroppedBytes=0; stderr=C:\Users\jimmy\Desktop\meta-bi\Samples\Demos\MetaOrchestrationHairballCliIntegration\Runs\hairball-seed-20260530\RunArtifacts\runs\20260603-181533_745b3556c2b24d278b4c46f22d88e321\logs\Layer05Node01-22204.stderr.log; stderrBytes=0; stderrTruncated=False; stderrDroppedBytes=0
2026-06-03T18:16:23.1890713+00:00	WorkerLogSummary	BridgeL05L06	stdout=C:\Users\jimmy\Desktop\meta-bi\Samples\Demos\MetaOrchestrationHairballCliIntegration\Runs\hairball-seed-20260530\RunArtifacts\runs\20260603-181533_745b3556c2b24d278b4c46f22d88e321\logs\BridgeL05L06-22908.stdout.log; stdoutBytes=0; stdoutTruncated=False; stdoutDroppedBytes=0; stderr=C:\Users\jimmy\Desktop\meta-bi\Samples\Demos\MetaOrchestrationHairballCliIntegration\Runs\hairball-seed-20260530\RunArtifacts\runs\20260603-181533_745b3556c2b24d278b4c46f22d88e321\logs\BridgeL05L06-22908.stderr.log; stderrBytes=0; stderrTruncated=False; stderrDroppedBytes=0
2026-06-03T18:16:23.1895691+00:00	WorkerLogSummary	Layer05Hub	stdout=C:\Users\jimmy\Desktop\meta-bi\Samples\Demos\MetaOrchestrationHairballCliIntegration\Runs\hairball-seed-20260530\RunArtifacts\runs\20260603-181533_745b3556c2b24d278b4c46f22d88e321\logs\Layer05Hub-27560.stdout.log; stdoutBytes=0; stdoutTruncated=False; stdoutDroppedBytes=0; stderr=C:\Users\jimmy\Desktop\meta-bi\Samples\Demos\MetaOrchestrationHairballCliIntegration\Runs\hairball-seed-20260530\RunArtifacts\runs\20260603-181533_745b3556c2b24d278b4c46f22d88e321\logs\Layer05Hub-27560.stderr.log; stderrBytes=0; stderrTruncated=False; stderrDroppedBytes=0
2026-06-03T18:16:23.1902455+00:00	WorkerLogSummary	Layer06Node05	stdout=C:\Users\jimmy\Desktop\meta-bi\Samples\Demos\MetaOrchestrationHairballCliIntegration\Runs\hairball-seed-20260530\RunArtifacts\runs\20260603-181533_745b3556c2b24d278b4c46f22d88e321\logs\Layer06Node05-1844.stdout.log; stdoutBytes=0; stdoutTruncated=False; stdoutDroppedBytes=0; stderr=C:\Users\jimmy\Desktop\meta-bi\Samples\Demos\MetaOrchestrationHairballCliIntegration\Runs\hairball-seed-20260530\RunArtifacts\runs\20260603-181533_745b3556c2b24d278b4c46f22d88e321\logs\Layer06Node05-1844.stderr.log; stderrBytes=0; stderrTruncated=False; stderrDroppedBytes=0
2026-06-03T18:16:23.1910500+00:00	WorkerLogSummary	Layer07Node05	stdout=C:\Users\jimmy\Desktop\meta-bi\Samples\Demos\MetaOrchestrationHairballCliIntegration\Runs\hairball-seed-20260530\RunArtifacts\runs\20260603-181533_745b3556c2b24d278b4c46f22d88e321\logs\Layer07Node05-25488.stdout.log; stdoutBytes=0; stdoutTruncated=False; stdoutDroppedBytes=0; stderr=C:\Users\jimmy\Desktop\meta-bi\Samples\Demos\MetaOrchestrationHairballCliIntegration\Runs\hairball-seed-20260530\RunArtifacts\runs\20260603-181533_745b3556c2b24d278b4c46f22d88e321\logs\Layer07Node05-25488.stderr.log; stderrBytes=0; stderrTruncated=False; stderrDroppedBytes=0
2026-06-03T18:16:23.1919247+00:00	WorkerLogSummary	Layer05Node08	stdout=C:\Users\jimmy\Desktop\meta-bi\Samples\Demos\MetaOrchestrationHairballCliIntegration\Runs\hairball-seed-20260530\RunArtifacts\runs\20260603-181533_745b3556c2b24d278b4c46f22d88e321\logs\Layer05Node08-10120.stdout.log; stdoutBytes=0; stdoutTruncated=False; stdoutDroppedBytes=0; stderr=C:\Users\jimmy\Desktop\meta-bi\Samples\Demos\MetaOrchestrationHairballCliIntegration\Runs\hairball-seed-20260530\RunArtifacts\runs\20260603-181533_745b3556c2b24d278b4c46f22d88e321\logs\Layer05Node08-10120.stderr.log; stderrBytes=0; stderrTruncated=False; stderrDroppedBytes=0
2026-06-03T18:16:23.1928438+00:00	WorkerLogSummary	Layer05Node06	stdout=C:\Users\jimmy\Desktop\meta-bi\Samples\Demos\MetaOrchestrationHairballCliIntegration\Runs\hairball-seed-20260530\RunArtifacts\runs\20260603-181533_745b3556c2b24d278b4c46f22d88e321\logs\Layer05Node06-28176.stdout.log; stdoutBytes=0; stdoutTruncated=False; stdoutDroppedBytes=0; stderr=C:\Users\jimmy\Desktop\meta-bi\Samples\Demos\MetaOrchestrationHairballCliIntegration\Runs\hairball-seed-20260530\RunArtifacts\runs\20260603-181533_745b3556c2b24d278b4c46f22d88e321\logs\Layer05Node06-28176.stderr.log; stderrBytes=0; stderrTruncated=False; stderrDroppedBytes=0
2026-06-03T18:16:23.1937234+00:00	WorkerLogSummary	Layer06Hub	stdout=C:\Users\jimmy\Desktop\meta-bi\Samples\Demos\MetaOrchestrationHairballCliIntegration\Runs\hairball-seed-20260530\RunArtifacts\runs\20260603-181533_745b3556c2b24d278b4c46f22d88e321\logs\Layer06Hub-23304.stdout.log; stdoutBytes=0; stdoutTruncated=False; stdoutDroppedBytes=0; stderr=C:\Users\jimmy\Desktop\meta-bi\Samples\Demos\MetaOrchestrationHairballCliIntegration\Runs\hairball-seed-20260530\RunArtifacts\runs\20260603-181533_745b3556c2b24d278b4c46f22d88e321\logs\Layer06Hub-23304.stderr.log; stderrBytes=0; stderrTruncated=False; stderrDroppedBytes=0
2026-06-03T18:16:23.1945499+00:00	WorkerLogSummary	Layer06Node08	stdout=C:\Users\jimmy\Desktop\meta-bi\Samples\Demos\MetaOrchestrationHairballCliIntegration\Runs\hairball-seed-20260530\RunArtifacts\runs\20260603-181533_745b3556c2b24d278b4c46f22d88e321\logs\Layer06Node08-22928.stdout.log; stdoutBytes=0; stdoutTruncated=False; stdoutDroppedBytes=0; stderr=C:\Users\jimmy\Desktop\meta-bi\Samples\Demos\MetaOrchestrationHairballCliIntegration\Runs\hairball-seed-20260530\RunArtifacts\runs\20260603-181533_745b3556c2b24d278b4c46f22d88e321\logs\Layer06Node08-22928.stderr.log; stderrBytes=0; stderrTruncated=False; stderrDroppedBytes=0
2026-06-03T18:16:23.1950722+00:00	WorkerLogSummary	AuditHairball	stdout=C:\Users\jimmy\Desktop\meta-bi\Samples\Demos\MetaOrchestrationHairballCliIntegration\Runs\hairball-seed-20260530\RunArtifacts\runs\20260603-181533_745b3556c2b24d278b4c46f22d88e321\logs\AuditHairball-28840.stdout.log; stdoutBytes=0; stdoutTruncated=False; stdoutDroppedBytes=0; stderr=C:\Users\jimmy\Desktop\meta-bi\Samples\Demos\MetaOrchestrationHairballCliIntegration\Runs\hairball-seed-20260530\RunArtifacts\runs\20260603-181533_745b3556c2b24d278b4c46f22d88e321\logs\AuditHairball-28840.stderr.log; stderrBytes=0; stderrTruncated=False; stderrDroppedBytes=0
2026-06-03T18:16:23.1957492+00:00	WorkerLogSummary	BridgeL07L08	stdout=C:\Users\jimmy\Desktop\meta-bi\Samples\Demos\MetaOrchestrationHairballCliIntegration\Runs\hairball-seed-20260530\RunArtifacts\runs\20260603-181533_745b3556c2b24d278b4c46f22d88e321\logs\BridgeL07L08-11212.stdout.log; stdoutBytes=0; stdoutTruncated=False; stdoutDroppedBytes=0; stderr=C:\Users\jimmy\Desktop\meta-bi\Samples\Demos\MetaOrchestrationHairballCliIntegration\Runs\hairball-seed-20260530\RunArtifacts\runs\20260603-181533_745b3556c2b24d278b4c46f22d88e321\logs\BridgeL07L08-11212.stderr.log; stderrBytes=0; stderrTruncated=False; stderrDroppedBytes=0
2026-06-03T18:16:23.1965496+00:00	WorkerLogSummary	CompositeMart	stdout=C:\Users\jimmy\Desktop\meta-bi\Samples\Demos\MetaOrchestrationHairballCliIntegration\Runs\hairball-seed-20260530\RunArtifacts\runs\20260603-181533_745b3556c2b24d278b4c46f22d88e321\logs\CompositeMart-24612.stdout.log; stdoutBytes=0; stdoutTruncated=False; stdoutDroppedBytes=0; stderr=C:\Users\jimmy\Desktop\meta-bi\Samples\Demos\MetaOrchestrationHairballCliIntegration\Runs\hairball-seed-20260530\RunArtifacts\runs\20260603-181533_745b3556c2b24d278b4c46f22d88e321\logs\CompositeMart-24612.stderr.log; stderrBytes=0; stderrTruncated=False; stderrDroppedBytes=0
2026-06-03T18:16:23.1973380+00:00	WorkerLogSummary	Layer07Hub	stdout=C:\Users\jimmy\Desktop\meta-bi\Samples\Demos\MetaOrchestrationHairballCliIntegration\Runs\hairball-seed-20260530\RunArtifacts\runs\20260603-181533_745b3556c2b24d278b4c46f22d88e321\logs\Layer07Hub-28784.stdout.log; stdoutBytes=0; stdoutTruncated=False; stdoutDroppedBytes=0; stderr=C:\Users\jimmy\Desktop\meta-bi\Samples\Demos\MetaOrchestrationHairballCliIntegration\Runs\hairball-seed-20260530\RunArtifacts\runs\20260603-181533_745b3556c2b24d278b4c46f22d88e321\logs\Layer07Hub-28784.stderr.log; stderrBytes=0; stderrTruncated=False; stderrDroppedBytes=0
2026-06-03T18:16:23.1982379+00:00	WorkerLogSummary	Layer07Node01	stdout=C:\Users\jimmy\Desktop\meta-bi\Samples\Demos\MetaOrchestrationHairballCliIntegration\Runs\hairball-seed-20260530\RunArtifacts\runs\20260603-181533_745b3556c2b24d278b4c46f22d88e321\logs\Layer07Node01-5704.stdout.log; stdoutBytes=0; stdoutTruncated=False; stdoutDroppedBytes=0; stderr=C:\Users\jimmy\Desktop\meta-bi\Samples\Demos\MetaOrchestrationHairballCliIntegration\Runs\hairball-seed-20260530\RunArtifacts\runs\20260603-181533_745b3556c2b24d278b4c46f22d88e321\logs\Layer07Node01-5704.stderr.log; stderrBytes=0; stderrTruncated=False; stderrDroppedBytes=0
2026-06-03T18:16:23.1988200+00:00	WorkerLogSummary	Layer07Node03	stdout=C:\Users\jimmy\Desktop\meta-bi\Samples\Demos\MetaOrchestrationHairballCliIntegration\Runs\hairball-seed-20260530\RunArtifacts\runs\20260603-181533_745b3556c2b24d278b4c46f22d88e321\logs\Layer07Node03-28508.stdout.log; stdoutBytes=0; stdoutTruncated=False; stdoutDroppedBytes=0; stderr=C:\Users\jimmy\Desktop\meta-bi\Samples\Demos\MetaOrchestrationHairballCliIntegration\Runs\hairball-seed-20260530\RunArtifacts\runs\20260603-181533_745b3556c2b24d278b4c46f22d88e321\logs\Layer07Node03-28508.stderr.log; stderrBytes=0; stderrTruncated=False; stderrDroppedBytes=0
2026-06-03T18:16:23.1994464+00:00	WorkerLogSummary	Layer07Node06	stdout=C:\Users\jimmy\Desktop\meta-bi\Samples\Demos\MetaOrchestrationHairballCliIntegration\Runs\hairball-seed-20260530\RunArtifacts\runs\20260603-181533_745b3556c2b24d278b4c46f22d88e321\logs\Layer07Node06-30940.stdout.log; stdoutBytes=0; stdoutTruncated=False; stdoutDroppedBytes=0; stderr=C:\Users\jimmy\Desktop\meta-bi\Samples\Demos\MetaOrchestrationHairballCliIntegration\Runs\hairball-seed-20260530\RunArtifacts\runs\20260603-181533_745b3556c2b24d278b4c46f22d88e321\logs\Layer07Node06-30940.stderr.log; stderrBytes=0; stderrTruncated=False; stderrDroppedBytes=0
2026-06-03T18:16:23.2000666+00:00	WorkerLogSummary	Layer08Hub	stdout=C:\Users\jimmy\Desktop\meta-bi\Samples\Demos\MetaOrchestrationHairballCliIntegration\Runs\hairball-seed-20260530\RunArtifacts\runs\20260603-181533_745b3556c2b24d278b4c46f22d88e321\logs\Layer08Hub-31632.stdout.log; stdoutBytes=0; stdoutTruncated=False; stdoutDroppedBytes=0; stderr=C:\Users\jimmy\Desktop\meta-bi\Samples\Demos\MetaOrchestrationHairballCliIntegration\Runs\hairball-seed-20260530\RunArtifacts\runs\20260603-181533_745b3556c2b24d278b4c46f22d88e321\logs\Layer08Hub-31632.stderr.log; stderrBytes=0; stderrTruncated=False; stderrDroppedBytes=0
2026-06-03T18:16:23.2008277+00:00	WorkerLogSummary	Layer08Node01	stdout=C:\Users\jimmy\Desktop\meta-bi\Samples\Demos\MetaOrchestrationHairballCliIntegration\Runs\hairball-seed-20260530\RunArtifacts\runs\20260603-181533_745b3556c2b24d278b4c46f22d88e321\logs\Layer08Node01-28392.stdout.log; stdoutBytes=0; stdoutTruncated=False; stdoutDroppedBytes=0; stderr=C:\Users\jimmy\Desktop\meta-bi\Samples\Demos\MetaOrchestrationHairballCliIntegration\Runs\hairball-seed-20260530\RunArtifacts\runs\20260603-181533_745b3556c2b24d278b4c46f22d88e321\logs\Layer08Node01-28392.stderr.log; stderrBytes=0; stderrTruncated=False; stderrDroppedBytes=0
2026-06-03T18:16:23.2015699+00:00	WorkerLogSummary	Layer08Node02	stdout=C:\Users\jimmy\Desktop\meta-bi\Samples\Demos\MetaOrchestrationHairballCliIntegration\Runs\hairball-seed-20260530\RunArtifacts\runs\20260603-181533_745b3556c2b24d278b4c46f22d88e321\logs\Layer08Node02-29736.stdout.log; stdoutBytes=0; stdoutTruncated=False; stdoutDroppedBytes=0; stderr=C:\Users\jimmy\Desktop\meta-bi\Samples\Demos\MetaOrchestrationHairballCliIntegration\Runs\hairball-seed-20260530\RunArtifacts\runs\20260603-181533_745b3556c2b24d278b4c46f22d88e321\logs\Layer08Node02-29736.stderr.log; stderrBytes=0; stderrTruncated=False; stderrDroppedBytes=0
2026-06-03T18:16:23.2022933+00:00	WorkerLogSummary	Layer08Node03	stdout=C:\Users\jimmy\Desktop\meta-bi\Samples\Demos\MetaOrchestrationHairballCliIntegration\Runs\hairball-seed-20260530\RunArtifacts\runs\20260603-181533_745b3556c2b24d278b4c46f22d88e321\logs\Layer08Node03-19716.stdout.log; stdoutBytes=0; stdoutTruncated=False; stdoutDroppedBytes=0; stderr=C:\Users\jimmy\Desktop\meta-bi\Samples\Demos\MetaOrchestrationHairballCliIntegration\Runs\hairball-seed-20260530\RunArtifacts\runs\20260603-181533_745b3556c2b24d278b4c46f22d88e321\logs\Layer08Node03-19716.stderr.log; stderrBytes=0; stderrTruncated=False; stderrDroppedBytes=0
2026-06-03T18:16:23.2032331+00:00	WorkerLogSummary	CompositeMart	stdout=C:\Users\jimmy\Desktop\meta-bi\Samples\Demos\MetaOrchestrationHairballCliIntegration\Runs\hairball-seed-20260530\RunArtifacts\runs\20260603-181533_745b3556c2b24d278b4c46f22d88e321\logs\CompositeMart-22904.stdout.log; stdoutBytes=0; stdoutTruncated=False; stdoutDroppedBytes=0; stderr=C:\Users\jimmy\Desktop\meta-bi\Samples\Demos\MetaOrchestrationHairballCliIntegration\Runs\hairball-seed-20260530\RunArtifacts\runs\20260603-181533_745b3556c2b24d278b4c46f22d88e321\logs\CompositeMart-22904.stderr.log; stderrBytes=0; stderrTruncated=False; stderrDroppedBytes=0
2026-06-03T18:16:23.2038236+00:00	WorkerLogSummary	Layer07Node06	stdout=C:\Users\jimmy\Desktop\meta-bi\Samples\Demos\MetaOrchestrationHairballCliIntegration\Runs\hairball-seed-20260530\RunArtifacts\runs\20260603-181533_745b3556c2b24d278b4c46f22d88e321\logs\Layer07Node06-31560.stdout.log; stdoutBytes=0; stdoutTruncated=False; stdoutDroppedBytes=0; stderr=C:\Users\jimmy\Desktop\meta-bi\Samples\Demos\MetaOrchestrationHairballCliIntegration\Runs\hairball-seed-20260530\RunArtifacts\runs\20260603-181533_745b3556c2b24d278b4c46f22d88e321\logs\Layer07Node06-31560.stderr.log; stderrBytes=0; stderrTruncated=False; stderrDroppedBytes=0
2026-06-03T18:16:23.2044192+00:00	WorkerLogSummary	Layer08Node04	stdout=C:\Users\jimmy\Desktop\meta-bi\Samples\Demos\MetaOrchestrationHairballCliIntegration\Runs\hairball-seed-20260530\RunArtifacts\runs\20260603-181533_745b3556c2b24d278b4c46f22d88e321\logs\Layer08Node04-30088.stdout.log; stdoutBytes=0; stdoutTruncated=False; stdoutDroppedBytes=0; stderr=C:\Users\jimmy\Desktop\meta-bi\Samples\Demos\MetaOrchestrationHairballCliIntegration\Runs\hairball-seed-20260530\RunArtifacts\runs\20260603-181533_745b3556c2b24d278b4c46f22d88e321\logs\Layer08Node04-30088.stderr.log; stderrBytes=0; stderrTruncated=False; stderrDroppedBytes=0
2026-06-03T18:16:23.2050214+00:00	WorkerLogSummary	Layer08Node08	stdout=C:\Users\jimmy\Desktop\meta-bi\Samples\Demos\MetaOrchestrationHairballCliIntegration\Runs\hairball-seed-20260530\RunArtifacts\runs\20260603-181533_745b3556c2b24d278b4c46f22d88e321\logs\Layer08Node08-23396.stdout.log; stdoutBytes=0; stdoutTruncated=False; stdoutDroppedBytes=0; stderr=C:\Users\jimmy\Desktop\meta-bi\Samples\Demos\MetaOrchestrationHairballCliIntegration\Runs\hairball-seed-20260530\RunArtifacts\runs\20260603-181533_745b3556c2b24d278b4c46f22d88e321\logs\Layer08Node08-23396.stderr.log; stderrBytes=0; stderrTruncated=False; stderrDroppedBytes=0
2026-06-03T18:16:23.2060563+00:00	WorkerLogSummary	RegionalMart02	stdout=C:\Users\jimmy\Desktop\meta-bi\Samples\Demos\MetaOrchestrationHairballCliIntegration\Runs\hairball-seed-20260530\RunArtifacts\runs\20260603-181533_745b3556c2b24d278b4c46f22d88e321\logs\RegionalMart02-712.stdout.log; stdoutBytes=0; stdoutTruncated=False; stdoutDroppedBytes=0; stderr=C:\Users\jimmy\Desktop\meta-bi\Samples\Demos\MetaOrchestrationHairballCliIntegration\Runs\hairball-seed-20260530\RunArtifacts\runs\20260603-181533_745b3556c2b24d278b4c46f22d88e321\logs\RegionalMart02-712.stderr.log; stderrBytes=0; stderrTruncated=False; stderrDroppedBytes=0
2026-06-03T18:16:23.2066914+00:00	WorkerLogSummary	AuditHairball	stdout=C:\Users\jimmy\Desktop\meta-bi\Samples\Demos\MetaOrchestrationHairballCliIntegration\Runs\hairball-seed-20260530\RunArtifacts\runs\20260603-181533_745b3556c2b24d278b4c46f22d88e321\logs\AuditHairball-24408.stdout.log; stdoutBytes=0; stdoutTruncated=False; stdoutDroppedBytes=0; stderr=C:\Users\jimmy\Desktop\meta-bi\Samples\Demos\MetaOrchestrationHairballCliIntegration\Runs\hairball-seed-20260530\RunArtifacts\runs\20260603-181533_745b3556c2b24d278b4c46f22d88e321\logs\AuditHairball-24408.stderr.log; stderrBytes=0; stderrTruncated=False; stderrDroppedBytes=0
2026-06-03T18:16:23.2074891+00:00	WorkerLogSummary	Layer07Hub	stdout=C:\Users\jimmy\Desktop\meta-bi\Samples\Demos\MetaOrchestrationHairballCliIntegration\Runs\hairball-seed-20260530\RunArtifacts\runs\20260603-181533_745b3556c2b24d278b4c46f22d88e321\logs\Layer07Hub-9556.stdout.log; stdoutBytes=0; stdoutTruncated=False; stdoutDroppedBytes=0; stderr=C:\Users\jimmy\Desktop\meta-bi\Samples\Demos\MetaOrchestrationHairballCliIntegration\Runs\hairball-seed-20260530\RunArtifacts\runs\20260603-181533_745b3556c2b24d278b4c46f22d88e321\logs\Layer07Hub-9556.stderr.log; stderrBytes=0; stderrTruncated=False; stderrDroppedBytes=0
2026-06-03T18:16:23.2080443+00:00	WorkerLogSummary	PublishHairballFinal	stdout=C:\Users\jimmy\Desktop\meta-bi\Samples\Demos\MetaOrchestrationHairballCliIntegration\Runs\hairball-seed-20260530\RunArtifacts\runs\20260603-181533_745b3556c2b24d278b4c46f22d88e321\logs\PublishHairballFinal-10144.stdout.log; stdoutBytes=0; stdoutTruncated=False; stdoutDroppedBytes=0; stderr=C:\Users\jimmy\Desktop\meta-bi\Samples\Demos\MetaOrchestrationHairballCliIntegration\Runs\hairball-seed-20260530\RunArtifacts\runs\20260603-181533_745b3556c2b24d278b4c46f22d88e321\logs\PublishHairballFinal-10144.stderr.log; stderrBytes=0; stderrTruncated=False; stderrDroppedBytes=0
2026-06-03T18:16:23.2091642+00:00	WorkerLogSummary	RegionalMart01	stdout=C:\Users\jimmy\Desktop\meta-bi\Samples\Demos\MetaOrchestrationHairballCliIntegration\Runs\hairball-seed-20260530\RunArtifacts\runs\20260603-181533_745b3556c2b24d278b4c46f22d88e321\logs\RegionalMart01-31448.stdout.log; stdoutBytes=0; stdoutTruncated=False; stdoutDroppedBytes=0; stderr=C:\Users\jimmy\Desktop\meta-bi\Samples\Demos\MetaOrchestrationHairballCliIntegration\Runs\hairball-seed-20260530\RunArtifacts\runs\20260603-181533_745b3556c2b24d278b4c46f22d88e321\logs\RegionalMart01-31448.stderr.log; stderrBytes=0; stderrTruncated=False; stderrDroppedBytes=0
2026-06-03T18:16:23.2103460+00:00	WorkerLogSummary	RegionalMart03	stdout=C:\Users\jimmy\Desktop\meta-bi\Samples\Demos\MetaOrchestrationHairballCliIntegration\Runs\hairball-seed-20260530\RunArtifacts\runs\20260603-181533_745b3556c2b24d278b4c46f22d88e321\logs\RegionalMart03-20236.stdout.log; stdoutBytes=0; stdoutTruncated=False; stdoutDroppedBytes=0; stderr=C:\Users\jimmy\Desktop\meta-bi\Samples\Demos\MetaOrchestrationHairballCliIntegration\Runs\hairball-seed-20260530\RunArtifacts\runs\20260603-181533_745b3556c2b24d278b4c46f22d88e321\logs\RegionalMart03-20236.stderr.log; stderrBytes=0; stderrTruncated=False; stderrDroppedBytes=0
2026-06-03T18:16:23.2119136+00:00	WorkerLogSummary	RegionalMart04	stdout=C:\Users\jimmy\Desktop\meta-bi\Samples\Demos\MetaOrchestrationHairballCliIntegration\Runs\hairball-seed-20260530\RunArtifacts\runs\20260603-181533_745b3556c2b24d278b4c46f22d88e321\logs\RegionalMart04-9948.stdout.log; stdoutBytes=0; stdoutTruncated=False; stdoutDroppedBytes=0; stderr=C:\Users\jimmy\Desktop\meta-bi\Samples\Demos\MetaOrchestrationHairballCliIntegration\Runs\hairball-seed-20260530\RunArtifacts\runs\20260603-181533_745b3556c2b24d278b4c46f22d88e321\logs\RegionalMart04-9948.stderr.log; stderrBytes=0; stderrTruncated=False; stderrDroppedBytes=0
2026-06-03T18:16:23.2139578+00:00	RunCompleted	DefaultRunPlan	Succeeded
