OccurredAtUtc	EventKind	Subject	Detail
2026-06-03T19:36:03.2244329+00:00	RunStarted	orchestration	C:\Users\jimmy\Desktop\meta-bi\Samples\Demos\MetaOrchestrationHairballCliIntegration\Runs\hairball-seed-20260530\OrchestrationWS
2026-06-03T19:36:03.2333426+00:00	Process	meta-orchestration	21416
2026-06-03T19:36:03.2337023+00:00	PipelineExecutable	meta-pipeline	
2026-06-03T19:36:03.2340405+00:00	PipelineWorkspace	C:\Users\jimmy\Desktop\meta-bi\Samples\Demos\MetaOrchestrationHairballCliIntegration\Runs\hairball-seed-20260530\PipelineWS	
2026-06-03T19:36:03.2342543+00:00	TransformWorkspace	C:\Users\jimmy\Desktop\meta-bi\Samples\Demos\MetaOrchestrationHairballCliIntegration\Runs\hairball-seed-20260530\TransformWS	
2026-06-03T19:36:03.2344773+00:00	BindingWorkspace	C:\Users\jimmy\Desktop\meta-bi\Samples\Demos\MetaOrchestrationHairballCliIntegration\Runs\hairball-seed-20260530\BindingWS	
2026-06-03T19:36:03.2469413+00:00	LeaseAcquired	C:\Users\jimmy\Desktop\meta-bi\Samples\Demos\MetaOrchestrationHairballCliIntegration\Runs\hairball-seed-20260530\OrchestrationWS	C:\Users\jimmy\Desktop\meta-bi\Samples\Demos\MetaOrchestrationHairballCliIntegration\Runs\hairball-seed-20260530\RunArtifacts\leases\b30631311a63a1938a1d960e11d1b12772a5b649874a11ab9e9983ed17563480.tsv
2026-06-03T19:36:03.2480810+00:00	Phase	Loading	C:\Users\jimmy\Desktop\meta-bi\Samples\Demos\MetaOrchestrationHairballCliIntegration\Runs\hairball-seed-20260530\OrchestrationWS
2026-06-03T19:36:03.3348593+00:00	Phase	Building	C:\Users\jimmy\Desktop\meta-bi\Samples\Demos\MetaOrchestrationHairballCliIntegration\Runs\hairball-seed-20260530\OrchestrationWS
2026-06-03T19:36:03.3455295+00:00	Phase	Saving	C:\Users\jimmy\Desktop\meta-bi\Samples\Demos\MetaOrchestrationHairballCliIntegration\Runs\hairball-seed-20260530\OrchestrationWS
2026-06-03T19:36:03.4119977+00:00	RetryPolicyResolved	DefaultRetryPolicy	MaxAttempts=3; RetryableFailureClasses=6
2026-06-03T19:36:03.4148981+00:00	RunPlanReady	DefaultRunPlan	137
2026-06-03T19:36:03.4713333+00:00	WorkerStarting	ExtractSeed01	meta-pipeline
2026-06-03T19:36:03.5667288+00:00	WorkerStarted	ExtractSeed01	19812
2026-06-03T19:36:03.5672614+00:00	WorkerControlPipe	ExtractSeed01	meta-orchestration-14c623373d8948c48e055f2f9cb403eb
2026-06-03T19:36:03.5676888+00:00	WorkerLog	ExtractSeed01	stdout=C:\Users\jimmy\Desktop\meta-bi\Samples\Demos\MetaOrchestrationHairballCliIntegration\Runs\hairball-seed-20260530\RunArtifacts\runs\20260603-193603_74360da14dd34e3a8b281efec21da86d\logs\ExtractSeed01-19812.stdout.log; stderr=C:\Users\jimmy\Desktop\meta-bi\Samples\Demos\MetaOrchestrationHairballCliIntegration\Runs\hairball-seed-20260530\RunArtifacts\runs\20260603-193603_74360da14dd34e3a8b281efec21da86d\logs\ExtractSeed01-19812.stderr.log
2026-06-03T19:36:03.5717707+00:00	WorkerStarting	ExtractSeed02	meta-pipeline
2026-06-03T19:36:03.6437857+00:00	WorkerStarted	ExtractSeed02	3596
2026-06-03T19:36:03.6440740+00:00	WorkerControlPipe	ExtractSeed02	meta-orchestration-5ed75510789e44aeb669649c8b9a7ec4
2026-06-03T19:36:03.6442564+00:00	WorkerLog	ExtractSeed02	stdout=C:\Users\jimmy\Desktop\meta-bi\Samples\Demos\MetaOrchestrationHairballCliIntegration\Runs\hairball-seed-20260530\RunArtifacts\runs\20260603-193603_74360da14dd34e3a8b281efec21da86d\logs\ExtractSeed02-3596.stdout.log; stderr=C:\Users\jimmy\Desktop\meta-bi\Samples\Demos\MetaOrchestrationHairballCliIntegration\Runs\hairball-seed-20260530\RunArtifacts\runs\20260603-193603_74360da14dd34e3a8b281efec21da86d\logs\ExtractSeed02-3596.stderr.log
2026-06-03T19:36:03.6465870+00:00	WorkerEvent	ExtractSeed01	WorkerOnline; ExitCode=0; online
2026-06-03T19:36:03.6550407+00:00	WorkerStarting	ExtractSeed03	meta-pipeline
2026-06-03T19:36:03.7287402+00:00	WorkerStarted	ExtractSeed03	20048
2026-06-03T19:36:03.7290288+00:00	WorkerControlPipe	ExtractSeed03	meta-orchestration-2f17a901984b4a0dbe73f24a98333419
2026-06-03T19:36:03.7292166+00:00	WorkerLog	ExtractSeed03	stdout=C:\Users\jimmy\Desktop\meta-bi\Samples\Demos\MetaOrchestrationHairballCliIntegration\Runs\hairball-seed-20260530\RunArtifacts\runs\20260603-193603_74360da14dd34e3a8b281efec21da86d\logs\ExtractSeed03-20048.stdout.log; stderr=C:\Users\jimmy\Desktop\meta-bi\Samples\Demos\MetaOrchestrationHairballCliIntegration\Runs\hairball-seed-20260530\RunArtifacts\runs\20260603-193603_74360da14dd34e3a8b281efec21da86d\logs\ExtractSeed03-20048.stderr.log
2026-06-03T19:36:03.7296087+00:00	WorkerEvent	ExtractSeed01	WorkerReady; ExitCode=0; ready
2026-06-03T19:36:03.7349297+00:00	StartPipeline	ExtractSeed01	ExtractSeed01
2026-06-03T19:36:03.7361535+00:00	WorkerEvent	ExtractSeed02	WorkerOnline; ExitCode=0; online
2026-06-03T19:36:03.7368386+00:00	WorkerStarting	ExtractSeed04	meta-pipeline
2026-06-03T19:36:03.8140868+00:00	WorkerStarted	ExtractSeed04	31136
2026-06-03T19:36:03.8144306+00:00	WorkerControlPipe	ExtractSeed04	meta-orchestration-7fc813df79bc4ecab165d9d191da8738
2026-06-03T19:36:03.8146474+00:00	WorkerLog	ExtractSeed04	stdout=C:\Users\jimmy\Desktop\meta-bi\Samples\Demos\MetaOrchestrationHairballCliIntegration\Runs\hairball-seed-20260530\RunArtifacts\runs\20260603-193603_74360da14dd34e3a8b281efec21da86d\logs\ExtractSeed04-31136.stdout.log; stderr=C:\Users\jimmy\Desktop\meta-bi\Samples\Demos\MetaOrchestrationHairballCliIntegration\Runs\hairball-seed-20260530\RunArtifacts\runs\20260603-193603_74360da14dd34e3a8b281efec21da86d\logs\ExtractSeed04-31136.stderr.log
2026-06-03T19:36:03.8149704+00:00	WorkerEvent	ExtractSeed02	WorkerReady; ExitCode=0; ready
2026-06-03T19:36:03.8157285+00:00	StartPipeline	ExtractSeed02	ExtractSeed02
2026-06-03T19:36:03.8163430+00:00	WorkerEvent	ExtractSeed03	WorkerOnline; ExitCode=0; online
2026-06-03T19:36:03.8177874+00:00	WorkerStarting	ExtractSeed05	meta-pipeline
2026-06-03T19:36:03.9034470+00:00	WorkerStarted	ExtractSeed05	14104
2026-06-03T19:36:03.9037565+00:00	WorkerControlPipe	ExtractSeed05	meta-orchestration-1ab5ca4ef7944610be5365b8444d338b
2026-06-03T19:36:03.9040607+00:00	WorkerLog	ExtractSeed05	stdout=C:\Users\jimmy\Desktop\meta-bi\Samples\Demos\MetaOrchestrationHairballCliIntegration\Runs\hairball-seed-20260530\RunArtifacts\runs\20260603-193603_74360da14dd34e3a8b281efec21da86d\logs\ExtractSeed05-14104.stdout.log; stderr=C:\Users\jimmy\Desktop\meta-bi\Samples\Demos\MetaOrchestrationHairballCliIntegration\Runs\hairball-seed-20260530\RunArtifacts\runs\20260603-193603_74360da14dd34e3a8b281efec21da86d\logs\ExtractSeed05-14104.stderr.log
2026-06-03T19:36:03.9044019+00:00	WorkerEvent	ExtractSeed03	WorkerReady; ExitCode=0; ready
2026-06-03T19:36:03.9050089+00:00	StartPipeline	ExtractSeed03	ExtractSeed03
2026-06-03T19:36:03.9055512+00:00	WorkerEvent	ExtractSeed04	WorkerOnline; ExitCode=0; online
2026-06-03T19:36:03.9062768+00:00	WorkerStarting	ExtractSeed06	meta-pipeline
2026-06-03T19:36:04.4995341+00:00	WorkerStarted	ExtractSeed06	31476
2026-06-03T19:36:04.5001557+00:00	WorkerControlPipe	ExtractSeed06	meta-orchestration-97182300e1ba4d22b6dc79867f6b2557
2026-06-03T19:36:04.5005563+00:00	WorkerLog	ExtractSeed06	stdout=C:\Users\jimmy\Desktop\meta-bi\Samples\Demos\MetaOrchestrationHairballCliIntegration\Runs\hairball-seed-20260530\RunArtifacts\runs\20260603-193603_74360da14dd34e3a8b281efec21da86d\logs\ExtractSeed06-31476.stdout.log; stderr=C:\Users\jimmy\Desktop\meta-bi\Samples\Demos\MetaOrchestrationHairballCliIntegration\Runs\hairball-seed-20260530\RunArtifacts\runs\20260603-193603_74360da14dd34e3a8b281efec21da86d\logs\ExtractSeed06-31476.stderr.log
2026-06-03T19:36:04.5010293+00:00	WorkerEvent	ExtractSeed04	WorkerReady; ExitCode=0; ready
2026-06-03T19:36:04.5029232+00:00	StartPipeline	ExtractSeed04	ExtractSeed04
2026-06-03T19:36:04.5036089+00:00	WorkerEvent	ExtractSeed01	PipelineStarted; ExitCode=0; pipeline started
2026-06-03T19:36:04.5044577+00:00	WorkerEvent	ExtractSeed02	PipelineStarted; ExitCode=0; pipeline started
2026-06-03T19:36:04.5052479+00:00	WorkerEvent	ExtractSeed03	PipelineStarted; ExitCode=0; pipeline started
2026-06-03T19:36:04.5061459+00:00	WorkerEvent	ExtractSeed05	WorkerOnline; ExitCode=0; online
2026-06-03T19:36:04.5070726+00:00	WorkerEvent	ExtractSeed06	WorkerOnline; ExitCode=0; online
2026-06-03T19:36:04.5084970+00:00	WorkerStarting	ExtractSeed07	meta-pipeline
2026-06-03T19:36:05.5024197+00:00	WorkerStarted	ExtractSeed07	28368
2026-06-03T19:36:05.5035499+00:00	WorkerControlPipe	ExtractSeed07	meta-orchestration-bcf6a36c19e147d1aaa662a7dabe1100
2026-06-03T19:36:05.5042121+00:00	WorkerLog	ExtractSeed07	stdout=C:\Users\jimmy\Desktop\meta-bi\Samples\Demos\MetaOrchestrationHairballCliIntegration\Runs\hairball-seed-20260530\RunArtifacts\runs\20260603-193603_74360da14dd34e3a8b281efec21da86d\logs\ExtractSeed07-28368.stdout.log; stderr=C:\Users\jimmy\Desktop\meta-bi\Samples\Demos\MetaOrchestrationHairballCliIntegration\Runs\hairball-seed-20260530\RunArtifacts\runs\20260603-193603_74360da14dd34e3a8b281efec21da86d\logs\ExtractSeed07-28368.stderr.log
2026-06-03T19:36:05.5051909+00:00	WorkerEvent	ExtractSeed01.extract-seed-01	TaskReady; ExitCode=0; 
2026-06-03T19:36:05.5128882+00:00	WorkerEvent	ExtractSeed02.extract-seed-02	TaskReady; ExitCode=0; 
2026-06-03T19:36:05.5143343+00:00	WorkerEvent	ExtractSeed03.extract-seed-03	TaskReady; ExitCode=0; 
2026-06-03T19:36:05.5153014+00:00	WorkerEvent	ExtractSeed05	WorkerReady; ExitCode=0; ready
2026-06-03T19:36:05.5168600+00:00	StartPipeline	ExtractSeed05	ExtractSeed05
2026-06-03T19:36:05.5189571+00:00	WorkerEvent	ExtractSeed04	PipelineStarted; ExitCode=0; pipeline started
2026-06-03T19:36:05.5205099+00:00	WorkerEvent	ExtractSeed06	WorkerReady; ExitCode=0; ready
2026-06-03T19:36:05.5216158+00:00	StartPipeline	ExtractSeed06	ExtractSeed06
2026-06-03T19:36:05.5226736+00:00	WorkerEvent	ExtractSeed04.extract-seed-04	TaskReady; ExitCode=0; 
2026-06-03T19:36:05.5237005+00:00	WorkerEvent	ExtractSeed07	WorkerOnline; ExitCode=0; online
2026-06-03T19:36:05.5357575+00:00	GrantTask	ExtractSeed01.extract-seed-01	ExtractSeed01.extract-seed-01; GrantId=grant-1; Attempt=1
2026-06-03T19:36:05.5363747+00:00	GrantTask	ExtractSeed02.extract-seed-02	ExtractSeed02.extract-seed-02; GrantId=grant-2; Attempt=1
2026-06-03T19:36:05.5368430+00:00	GrantTask	ExtractSeed03.extract-seed-03	ExtractSeed03.extract-seed-03; GrantId=grant-3; Attempt=1
2026-06-03T19:36:05.5373650+00:00	GrantTask	ExtractSeed04.extract-seed-04	ExtractSeed04.extract-seed-04; GrantId=grant-4; Attempt=1
2026-06-03T19:36:05.5377301+00:00	WorkerStarting	ExtractSeed08	meta-pipeline
2026-06-03T19:36:06.5044082+00:00	WorkerStarted	ExtractSeed08	27104
2026-06-03T19:36:06.5057441+00:00	WorkerControlPipe	ExtractSeed08	meta-orchestration-0be7ac93273e4b64bcd98a11fa4f0217
2026-06-03T19:36:06.5062532+00:00	WorkerLog	ExtractSeed08	stdout=C:\Users\jimmy\Desktop\meta-bi\Samples\Demos\MetaOrchestrationHairballCliIntegration\Runs\hairball-seed-20260530\RunArtifacts\runs\20260603-193603_74360da14dd34e3a8b281efec21da86d\logs\ExtractSeed08-27104.stdout.log; stderr=C:\Users\jimmy\Desktop\meta-bi\Samples\Demos\MetaOrchestrationHairballCliIntegration\Runs\hairball-seed-20260530\RunArtifacts\runs\20260603-193603_74360da14dd34e3a8b281efec21da86d\logs\ExtractSeed08-27104.stderr.log
2026-06-03T19:36:06.5070661+00:00	WorkerEvent	ExtractSeed01.extract-seed-01	GrantAccepted; ExitCode=0; 
2026-06-03T19:36:06.5109118+00:00	WorkerEvent	ExtractSeed02.extract-seed-02	GrantAccepted; ExitCode=0; 
2026-06-03T19:36:06.5117164+00:00	WorkerEvent	ExtractSeed03.extract-seed-03	GrantAccepted; ExitCode=0; 
2026-06-03T19:36:06.5122100+00:00	WorkerEvent	ExtractSeed04.extract-seed-04	GrantAccepted; ExitCode=0; 
2026-06-03T19:36:06.5127481+00:00	WorkerEvent	ExtractSeed07	WorkerReady; ExitCode=0; ready
2026-06-03T19:36:06.5135456+00:00	StartPipeline	ExtractSeed07	ExtractSeed07
2026-06-03T19:36:06.5142197+00:00	WorkerEvent	ExtractSeed01.extract-seed-01	TaskStarted; ExitCode=0; 
2026-06-03T19:36:06.5180505+00:00	WorkerEvent	ExtractSeed02.extract-seed-02	TaskStarted; ExitCode=0; 
2026-06-03T19:36:06.5197608+00:00	WorkerEvent	ExtractSeed03.extract-seed-03	TaskStarted; ExitCode=0; 
2026-06-03T19:36:06.5208997+00:00	WorkerEvent	ExtractSeed04.extract-seed-04	TaskStarted; ExitCode=0; 
2026-06-03T19:36:06.5216104+00:00	WorkerEvent	ExtractSeed05	PipelineStarted; ExitCode=0; pipeline started
2026-06-03T19:36:06.5223140+00:00	WorkerEvent	ExtractSeed06	PipelineStarted; ExitCode=0; pipeline started
2026-06-03T19:36:06.5234213+00:00	WorkerEvent	ExtractSeed08	WorkerOnline; ExitCode=0; online
2026-06-03T19:36:06.5271683+00:00	WorkerStarting	AuditHairball	meta-pipeline
2026-06-03T19:36:06.9424509+00:00	WorkerStarted	AuditHairball	28088
2026-06-03T19:36:06.9429966+00:00	WorkerControlPipe	AuditHairball	meta-orchestration-6aff7f9cad494107a71c8202522c3bcf
2026-06-03T19:36:06.9433620+00:00	WorkerLog	AuditHairball	stdout=C:\Users\jimmy\Desktop\meta-bi\Samples\Demos\MetaOrchestrationHairballCliIntegration\Runs\hairball-seed-20260530\RunArtifacts\runs\20260603-193603_74360da14dd34e3a8b281efec21da86d\logs\AuditHairball-28088.stdout.log; stderr=C:\Users\jimmy\Desktop\meta-bi\Samples\Demos\MetaOrchestrationHairballCliIntegration\Runs\hairball-seed-20260530\RunArtifacts\runs\20260603-193603_74360da14dd34e3a8b281efec21da86d\logs\AuditHairball-28088.stderr.log
2026-06-03T19:36:06.9439286+00:00	WorkerEvent	ExtractSeed05.extract-seed-05	TaskReady; ExitCode=0; 
2026-06-03T19:36:06.9452430+00:00	WorkerEvent	ExtractSeed01.extract-seed-01	TaskSucceeded; ExitCode=0; 
2026-06-03T19:36:06.9500161+00:00	TaskSucceeded	ExtractSeed01.extract-seed-01	0
2026-06-03T19:36:06.9512497+00:00	WorkerEvent	ExtractSeed03.extract-seed-03	TaskSucceeded; ExitCode=0; 
2026-06-03T19:36:06.9528795+00:00	TaskSucceeded	ExtractSeed03.extract-seed-03	0
2026-06-03T19:36:06.9533202+00:00	WorkerEvent	ExtractSeed04.extract-seed-04	TaskSucceeded; ExitCode=0; 
2026-06-03T19:36:06.9539497+00:00	TaskSucceeded	ExtractSeed04.extract-seed-04	0
2026-06-03T19:36:06.9543526+00:00	WorkerEvent	ExtractSeed06.extract-seed-06	TaskReady; ExitCode=0; 
2026-06-03T19:36:06.9550706+00:00	WorkerEvent	ExtractSeed08	WorkerReady; ExitCode=0; ready
2026-06-03T19:36:06.9556910+00:00	StartPipeline	ExtractSeed08	ExtractSeed08
2026-06-03T19:36:06.9562828+00:00	WorkerEvent	AuditHairball	WorkerOnline; ExitCode=0; online
2026-06-03T19:36:06.9590151+00:00	WorkerProcessExited	ExtractSeed01	ExitCode=0; worker process exited
2026-06-03T19:36:06.9659174+00:00	PipelineCompleted	ExtractSeed01	
2026-06-03T19:36:06.9667503+00:00	WorkerEvent	ExtractSeed02.extract-seed-02	TaskSucceeded; ExitCode=0; 
2026-06-03T19:36:06.9681647+00:00	TaskSucceeded	ExtractSeed02.extract-seed-02	0
2026-06-03T19:36:06.9687998+00:00	WorkerEvent	ExtractSeed02	Closed; ExitCode=-1; worker control channel closed
2026-06-03T19:36:06.9692757+00:00	WorkerProcessExited	ExtractSeed02	ExitCode=0; worker control channel closed
2026-06-03T19:36:06.9699979+00:00	PipelineCompleted	ExtractSeed02	
2026-06-03T19:36:06.9703607+00:00	WorkerEvent	AuditHairball	WorkerReady; ExitCode=0; ready
2026-06-03T19:36:06.9709009+00:00	StartPipeline	AuditHairball	AuditHairball
2026-06-03T19:36:06.9715444+00:00	WorkerProcessExited	ExtractSeed03	ExitCode=0; worker process exited
2026-06-03T19:36:06.9721040+00:00	PipelineCompleted	ExtractSeed03	
2026-06-03T19:36:06.9724490+00:00	WorkerProcessExited	ExtractSeed04	ExitCode=0; worker process exited
2026-06-03T19:36:06.9732871+00:00	PipelineCompleted	ExtractSeed04	
2026-06-03T19:36:06.9754595+00:00	GrantTask	ExtractSeed05.extract-seed-05	ExtractSeed05.extract-seed-05; GrantId=grant-5; Attempt=1
2026-06-03T19:36:06.9761182+00:00	GrantTask	ExtractSeed06.extract-seed-06	ExtractSeed06.extract-seed-06; GrantId=grant-6; Attempt=1
2026-06-03T19:36:06.9765944+00:00	WorkerStarting	BridgeL01L02	meta-pipeline
2026-06-03T19:36:07.0979001+00:00	WorkerStarted	BridgeL01L02	19380
2026-06-03T19:36:07.0984532+00:00	WorkerControlPipe	BridgeL01L02	meta-orchestration-6cb0f8262e2c43e88836dc72b2e5e25a
2026-06-03T19:36:07.0987893+00:00	WorkerLog	BridgeL01L02	stdout=C:\Users\jimmy\Desktop\meta-bi\Samples\Demos\MetaOrchestrationHairballCliIntegration\Runs\hairball-seed-20260530\RunArtifacts\runs\20260603-193603_74360da14dd34e3a8b281efec21da86d\logs\BridgeL01L02-19380.stdout.log; stderr=C:\Users\jimmy\Desktop\meta-bi\Samples\Demos\MetaOrchestrationHairballCliIntegration\Runs\hairball-seed-20260530\RunArtifacts\runs\20260603-193603_74360da14dd34e3a8b281efec21da86d\logs\BridgeL01L02-19380.stderr.log
2026-06-03T19:36:07.0992455+00:00	WorkerEvent	ExtractSeed05.extract-seed-05	GrantAccepted; ExitCode=0; 
2026-06-03T19:36:07.0999385+00:00	WorkerEvent	ExtractSeed06.extract-seed-06	GrantAccepted; ExitCode=0; 
2026-06-03T19:36:07.1009735+00:00	WorkerEvent	ExtractSeed05.extract-seed-05	TaskStarted; ExitCode=0; 
2026-06-03T19:36:07.1020212+00:00	WorkerEvent	ExtractSeed06.extract-seed-06	TaskStarted; ExitCode=0; 
2026-06-03T19:36:07.1038519+00:00	WorkerStarting	BridgeL03L04	meta-pipeline
2026-06-03T19:36:07.2469539+00:00	WorkerStarted	BridgeL03L04	26924
2026-06-03T19:36:07.2473934+00:00	WorkerControlPipe	BridgeL03L04	meta-orchestration-7d9f3fa78e3c45858f18624cda19665b
2026-06-03T19:36:07.2477619+00:00	WorkerLog	BridgeL03L04	stdout=C:\Users\jimmy\Desktop\meta-bi\Samples\Demos\MetaOrchestrationHairballCliIntegration\Runs\hairball-seed-20260530\RunArtifacts\runs\20260603-193603_74360da14dd34e3a8b281efec21da86d\logs\BridgeL03L04-26924.stdout.log; stderr=C:\Users\jimmy\Desktop\meta-bi\Samples\Demos\MetaOrchestrationHairballCliIntegration\Runs\hairball-seed-20260530\RunArtifacts\runs\20260603-193603_74360da14dd34e3a8b281efec21da86d\logs\BridgeL03L04-26924.stderr.log
2026-06-03T19:36:07.2483921+00:00	WorkerEvent	BridgeL01L02	WorkerOnline; ExitCode=0; online
2026-06-03T19:36:07.2498385+00:00	WorkerEvent	ExtractSeed07	PipelineStarted; ExitCode=0; pipeline started
2026-06-03T19:36:07.2530136+00:00	WorkerStarting	BridgeL05L06	meta-pipeline
2026-06-03T19:36:07.6003878+00:00	WorkerStarted	BridgeL05L06	31456
2026-06-03T19:36:07.6012089+00:00	WorkerControlPipe	BridgeL05L06	meta-orchestration-b12939f7f44d43d693397118da50094b
2026-06-03T19:36:07.6019161+00:00	WorkerLog	BridgeL05L06	stdout=C:\Users\jimmy\Desktop\meta-bi\Samples\Demos\MetaOrchestrationHairballCliIntegration\Runs\hairball-seed-20260530\RunArtifacts\runs\20260603-193603_74360da14dd34e3a8b281efec21da86d\logs\BridgeL05L06-31456.stdout.log; stderr=C:\Users\jimmy\Desktop\meta-bi\Samples\Demos\MetaOrchestrationHairballCliIntegration\Runs\hairball-seed-20260530\RunArtifacts\runs\20260603-193603_74360da14dd34e3a8b281efec21da86d\logs\BridgeL05L06-31456.stderr.log
2026-06-03T19:36:07.6028308+00:00	WorkerEvent	BridgeL01L02	WorkerReady; ExitCode=0; ready
2026-06-03T19:36:07.6036814+00:00	StartPipeline	BridgeL01L02	BridgeL01L02
2026-06-03T19:36:07.6042792+00:00	WorkerEvent	BridgeL05L06	WorkerOnline; ExitCode=0; online
2026-06-03T19:36:07.6048659+00:00	WorkerEvent	BridgeL03L04	WorkerOnline; ExitCode=0; online
2026-06-03T19:36:07.6054899+00:00	WorkerEvent	ExtractSeed05.extract-seed-05	TaskSucceeded; ExitCode=0; 
2026-06-03T19:36:07.6061820+00:00	TaskSucceeded	ExtractSeed05.extract-seed-05	0
2026-06-03T19:36:07.6064992+00:00	WorkerEvent	ExtractSeed06.extract-seed-06	TaskSucceeded; ExitCode=0; 
2026-06-03T19:36:07.6071760+00:00	TaskSucceeded	ExtractSeed06.extract-seed-06	0
2026-06-03T19:36:07.6076919+00:00	WorkerEvent	ExtractSeed06	Closed; ExitCode=-1; worker control channel closed
2026-06-03T19:36:07.6083550+00:00	PipelineCompleted	ExtractSeed06	
2026-06-03T19:36:07.6087395+00:00	WorkerEvent	ExtractSeed07.extract-seed-07	TaskReady; ExitCode=0; 
2026-06-03T19:36:07.6092715+00:00	WorkerProcessExited	ExtractSeed05	ExitCode=0; worker process exited
2026-06-03T19:36:07.6097687+00:00	PipelineCompleted	ExtractSeed05	
2026-06-03T19:36:07.6116058+00:00	GrantTask	ExtractSeed07.extract-seed-07	ExtractSeed07.extract-seed-07; GrantId=grant-7; Attempt=1
2026-06-03T19:36:07.6120736+00:00	WorkerStarting	BridgeL07L08	meta-pipeline
2026-06-03T19:36:07.7744925+00:00	WorkerStarted	BridgeL07L08	31656
2026-06-03T19:36:07.7749150+00:00	WorkerControlPipe	BridgeL07L08	meta-orchestration-e306ca7dd5a347ae91dc2e9d59cc6e82
2026-06-03T19:36:07.7752848+00:00	WorkerLog	BridgeL07L08	stdout=C:\Users\jimmy\Desktop\meta-bi\Samples\Demos\MetaOrchestrationHairballCliIntegration\Runs\hairball-seed-20260530\RunArtifacts\runs\20260603-193603_74360da14dd34e3a8b281efec21da86d\logs\BridgeL07L08-31656.stdout.log; stderr=C:\Users\jimmy\Desktop\meta-bi\Samples\Demos\MetaOrchestrationHairballCliIntegration\Runs\hairball-seed-20260530\RunArtifacts\runs\20260603-193603_74360da14dd34e3a8b281efec21da86d\logs\BridgeL07L08-31656.stderr.log
2026-06-03T19:36:07.7758974+00:00	WorkerEvent	BridgeL05L06	WorkerReady; ExitCode=0; ready
2026-06-03T19:36:07.7767448+00:00	StartPipeline	BridgeL05L06	BridgeL05L06
2026-06-03T19:36:07.7774863+00:00	WorkerEvent	BridgeL03L04	WorkerReady; ExitCode=0; ready
2026-06-03T19:36:07.7783454+00:00	StartPipeline	BridgeL03L04	BridgeL03L04
2026-06-03T19:36:07.7790131+00:00	WorkerEvent	ExtractSeed07.extract-seed-07	GrantAccepted; ExitCode=0; 
2026-06-03T19:36:07.7797103+00:00	WorkerEvent	ExtractSeed08	PipelineStarted; ExitCode=0; pipeline started
2026-06-03T19:36:07.7803504+00:00	WorkerEvent	AuditHairball	PipelineStarted; ExitCode=0; pipeline started
2026-06-03T19:36:07.7809468+00:00	WorkerProcessExited	ExtractSeed06	ExitCode=0; worker process exited
2026-06-03T19:36:07.7839418+00:00	WorkerStarting	CompositeMart	meta-pipeline
2026-06-03T19:36:08.5065887+00:00	WorkerStarted	CompositeMart	3504
2026-06-03T19:36:08.5070199+00:00	WorkerControlPipe	CompositeMart	meta-orchestration-ef822bccd8c045b6a744930fcd59b103
2026-06-03T19:36:08.5073504+00:00	WorkerLog	CompositeMart	stdout=C:\Users\jimmy\Desktop\meta-bi\Samples\Demos\MetaOrchestrationHairballCliIntegration\Runs\hairball-seed-20260530\RunArtifacts\runs\20260603-193603_74360da14dd34e3a8b281efec21da86d\logs\CompositeMart-3504.stdout.log; stderr=C:\Users\jimmy\Desktop\meta-bi\Samples\Demos\MetaOrchestrationHairballCliIntegration\Runs\hairball-seed-20260530\RunArtifacts\runs\20260603-193603_74360da14dd34e3a8b281efec21da86d\logs\CompositeMart-3504.stderr.log
2026-06-03T19:36:08.5078310+00:00	WorkerEvent	BridgeL07L08	WorkerOnline; ExitCode=0; online
2026-06-03T19:36:08.5086568+00:00	WorkerEvent	ExtractSeed07.extract-seed-07	TaskStarted; ExitCode=0; 
2026-06-03T19:36:08.5093780+00:00	WorkerEvent	ExtractSeed08.extract-seed-08	TaskReady; ExitCode=0; 
2026-06-03T19:36:08.5101329+00:00	WorkerEvent	AuditHairball.audit-hairball	TaskReady; ExitCode=0; 
2026-06-03T19:36:08.5122147+00:00	GrantTask	ExtractSeed08.extract-seed-08	ExtractSeed08.extract-seed-08; GrantId=grant-8; Attempt=1
2026-06-03T19:36:08.5127293+00:00	WorkerStarting	Layer01Hub	meta-pipeline
2026-06-03T19:36:09.5085059+00:00	WorkerStarted	Layer01Hub	7644
2026-06-03T19:36:09.5089797+00:00	WorkerControlPipe	Layer01Hub	meta-orchestration-8e086dd6bd854a499a887a0a51227138
2026-06-03T19:36:09.5094236+00:00	WorkerLog	Layer01Hub	stdout=C:\Users\jimmy\Desktop\meta-bi\Samples\Demos\MetaOrchestrationHairballCliIntegration\Runs\hairball-seed-20260530\RunArtifacts\runs\20260603-193603_74360da14dd34e3a8b281efec21da86d\logs\Layer01Hub-7644.stdout.log; stderr=C:\Users\jimmy\Desktop\meta-bi\Samples\Demos\MetaOrchestrationHairballCliIntegration\Runs\hairball-seed-20260530\RunArtifacts\runs\20260603-193603_74360da14dd34e3a8b281efec21da86d\logs\Layer01Hub-7644.stderr.log
2026-06-03T19:36:09.5098242+00:00	WorkerEvent	BridgeL01L02	PipelineStarted; ExitCode=0; pipeline started
2026-06-03T19:36:09.5103244+00:00	WorkerEvent	BridgeL05L06	PipelineStarted; ExitCode=0; pipeline started
2026-06-03T19:36:09.5108685+00:00	WorkerEvent	BridgeL03L04	PipelineStarted; ExitCode=0; pipeline started
2026-06-03T19:36:09.5112624+00:00	WorkerEvent	CompositeMart	WorkerOnline; ExitCode=0; online
2026-06-03T19:36:09.5118646+00:00	WorkerEvent	BridgeL07L08	WorkerReady; ExitCode=0; ready
2026-06-03T19:36:09.5125759+00:00	StartPipeline	BridgeL07L08	BridgeL07L08
2026-06-03T19:36:09.5131756+00:00	WorkerEvent	Layer01Hub	WorkerOnline; ExitCode=0; online
2026-06-03T19:36:09.5138047+00:00	WorkerEvent	BridgeL01L02.bridge-l01-l02-collect	TaskReady; ExitCode=0; 
2026-06-03T19:36:09.5148360+00:00	WorkerEvent	BridgeL05L06.bridge-l05-l06-collect	TaskReady; ExitCode=0; 
2026-06-03T19:36:09.5155726+00:00	WorkerEvent	BridgeL03L04.bridge-l03-l04-collect	TaskReady; ExitCode=0; 
2026-06-03T19:36:09.5171958+00:00	WorkerEvent	CompositeMart	WorkerReady; ExitCode=0; ready
2026-06-03T19:36:09.5180154+00:00	StartPipeline	CompositeMart	CompositeMart
2026-06-03T19:36:09.5186642+00:00	WorkerEvent	Layer01Hub	WorkerReady; ExitCode=0; ready
2026-06-03T19:36:09.5192417+00:00	StartPipeline	Layer01Hub	Layer01Hub
2026-06-03T19:36:09.5202730+00:00	WorkerEvent	ExtractSeed07.extract-seed-07	TaskSucceeded; ExitCode=0; 
2026-06-03T19:36:09.5207547+00:00	TaskSucceeded	ExtractSeed07.extract-seed-07	0
2026-06-03T19:36:09.5210386+00:00	WorkerEvent	ExtractSeed08.extract-seed-08	GrantAccepted; ExitCode=0; 
2026-06-03T19:36:09.5217323+00:00	WorkerProcessExited	ExtractSeed07	ExitCode=0; worker process exited
2026-06-03T19:36:09.5224818+00:00	PipelineCompleted	ExtractSeed07	
2026-06-03T19:36:09.5235518+00:00	WorkerStarting	Layer01Node06	meta-pipeline
2026-06-03T19:36:10.5125123+00:00	WorkerStarted	Layer01Node06	28908
2026-06-03T19:36:10.5129344+00:00	WorkerControlPipe	Layer01Node06	meta-orchestration-5fcbfd7a704a488cb81480e2263559e2
2026-06-03T19:36:10.5133142+00:00	WorkerLog	Layer01Node06	stdout=C:\Users\jimmy\Desktop\meta-bi\Samples\Demos\MetaOrchestrationHairballCliIntegration\Runs\hairball-seed-20260530\RunArtifacts\runs\20260603-193603_74360da14dd34e3a8b281efec21da86d\logs\Layer01Node06-28908.stdout.log; stderr=C:\Users\jimmy\Desktop\meta-bi\Samples\Demos\MetaOrchestrationHairballCliIntegration\Runs\hairball-seed-20260530\RunArtifacts\runs\20260603-193603_74360da14dd34e3a8b281efec21da86d\logs\Layer01Node06-28908.stderr.log
2026-06-03T19:36:10.5142457+00:00	WorkerEvent	ExtractSeed08.extract-seed-08	TaskStarted; ExitCode=0; 
2026-06-03T19:36:10.5221253+00:00	WorkerStarting	Layer01Node01	meta-pipeline
2026-06-03T19:36:11.5177120+00:00	WorkerStarted	Layer01Node01	29320
2026-06-03T19:36:11.5188221+00:00	WorkerControlPipe	Layer01Node01	meta-orchestration-244849a6df9e4c89a3bdfe78634a0b3a
2026-06-03T19:36:11.5194095+00:00	WorkerLog	Layer01Node01	stdout=C:\Users\jimmy\Desktop\meta-bi\Samples\Demos\MetaOrchestrationHairballCliIntegration\Runs\hairball-seed-20260530\RunArtifacts\runs\20260603-193603_74360da14dd34e3a8b281efec21da86d\logs\Layer01Node01-29320.stdout.log; stderr=C:\Users\jimmy\Desktop\meta-bi\Samples\Demos\MetaOrchestrationHairballCliIntegration\Runs\hairball-seed-20260530\RunArtifacts\runs\20260603-193603_74360da14dd34e3a8b281efec21da86d\logs\Layer01Node01-29320.stderr.log
2026-06-03T19:36:11.5199426+00:00	WorkerEvent	Layer01Hub	PipelineStarted; ExitCode=0; pipeline started
2026-06-03T19:36:11.5208308+00:00	WorkerEvent	CompositeMart	PipelineStarted; ExitCode=0; pipeline started
2026-06-03T19:36:11.5217733+00:00	WorkerEvent	BridgeL07L08	PipelineStarted; ExitCode=0; pipeline started
2026-06-03T19:36:11.5226701+00:00	WorkerEvent	Layer01Node06	WorkerOnline; ExitCode=0; online
2026-06-03T19:36:11.5234644+00:00	WorkerEvent	ExtractSeed08.extract-seed-08	TaskSucceeded; ExitCode=0; 
2026-06-03T19:36:11.5239894+00:00	TaskSucceeded	ExtractSeed08.extract-seed-08	0
2026-06-03T19:36:11.5243731+00:00	WorkerProcessExited	ExtractSeed08	ExitCode=0; worker process exited
2026-06-03T19:36:11.5250007+00:00	PipelineCompleted	ExtractSeed08	
2026-06-03T19:36:11.5258957+00:00	WorkerStarting	Layer01Node07	meta-pipeline
2026-06-03T19:36:12.5185130+00:00	WorkerStarted	Layer01Node07	23788
2026-06-03T19:36:12.5190527+00:00	WorkerControlPipe	Layer01Node07	meta-orchestration-28262c9fbb1e4a469531648fc5b1839a
2026-06-03T19:36:12.5193584+00:00	WorkerLog	Layer01Node07	stdout=C:\Users\jimmy\Desktop\meta-bi\Samples\Demos\MetaOrchestrationHairballCliIntegration\Runs\hairball-seed-20260530\RunArtifacts\runs\20260603-193603_74360da14dd34e3a8b281efec21da86d\logs\Layer01Node07-23788.stdout.log; stderr=C:\Users\jimmy\Desktop\meta-bi\Samples\Demos\MetaOrchestrationHairballCliIntegration\Runs\hairball-seed-20260530\RunArtifacts\runs\20260603-193603_74360da14dd34e3a8b281efec21da86d\logs\Layer01Node07-23788.stderr.log
2026-06-03T19:36:12.5197532+00:00	WorkerEvent	Layer01Hub.hub-l01-stage	TaskReady; ExitCode=0; 
2026-06-03T19:36:12.5204808+00:00	WorkerEvent	CompositeMart.composite-stage	TaskReady; ExitCode=0; 
2026-06-03T19:36:12.5212142+00:00	WorkerEvent	BridgeL07L08.bridge-l07-l08-collect	TaskReady; ExitCode=0; 
2026-06-03T19:36:12.5219653+00:00	WorkerEvent	Layer01Node06	WorkerReady; ExitCode=0; ready
2026-06-03T19:36:13.5201406+00:00	StartPipeline	Layer01Node06	Layer01Node06
2026-06-03T19:36:13.5211388+00:00	WorkerEvent	Layer01Node07	WorkerOnline; ExitCode=0; online
2026-06-03T19:36:13.5224715+00:00	WorkerEvent	Layer01Node01	WorkerOnline; ExitCode=0; online
2026-06-03T19:36:13.5242042+00:00	WorkerStarting	Layer03Node09	meta-pipeline
2026-06-03T19:36:14.5229202+00:00	WorkerStarted	Layer03Node09	21004
2026-06-03T19:36:14.5234258+00:00	WorkerControlPipe	Layer03Node09	meta-orchestration-671a2892844849a0b0fd8ad677b978d6
2026-06-03T19:36:14.5237511+00:00	WorkerLog	Layer03Node09	stdout=C:\Users\jimmy\Desktop\meta-bi\Samples\Demos\MetaOrchestrationHairballCliIntegration\Runs\hairball-seed-20260530\RunArtifacts\runs\20260603-193603_74360da14dd34e3a8b281efec21da86d\logs\Layer03Node09-21004.stdout.log; stderr=C:\Users\jimmy\Desktop\meta-bi\Samples\Demos\MetaOrchestrationHairballCliIntegration\Runs\hairball-seed-20260530\RunArtifacts\runs\20260603-193603_74360da14dd34e3a8b281efec21da86d\logs\Layer03Node09-21004.stderr.log
2026-06-03T19:36:14.5241650+00:00	WorkerEvent	Layer01Node06	PipelineStarted; ExitCode=0; pipeline started
2026-06-03T19:36:14.5249369+00:00	WorkerEvent	Layer01Node07	WorkerReady; ExitCode=0; ready
2026-06-03T19:36:14.5258356+00:00	StartPipeline	Layer01Node07	Layer01Node07
2026-06-03T19:36:14.5265706+00:00	WorkerEvent	Layer01Node06.refresh-l01-n06	TaskReady; ExitCode=0; 
2026-06-03T19:36:14.5272205+00:00	WorkerEvent	Layer01Node01	WorkerReady; ExitCode=0; ready
2026-06-03T19:36:14.5282496+00:00	StartPipeline	Layer01Node01	Layer01Node01
2026-06-03T19:36:14.5292033+00:00	WorkerEvent	Layer03Node09	WorkerOnline; ExitCode=0; online
2026-06-03T19:36:14.5324717+00:00	GrantTask	Layer01Node06.refresh-l01-n06	Layer01Node06.refresh-l01-n06; GrantId=grant-9; Attempt=1
2026-06-03T19:36:14.5329208+00:00	WorkerStarting	Layer01Node02	meta-pipeline
2026-06-03T19:36:15.5266577+00:00	WorkerStarted	Layer01Node02	27840
2026-06-03T19:36:15.5272752+00:00	WorkerControlPipe	Layer01Node02	meta-orchestration-7db6f292b6ce4cdb872ac5a091ec7a48
2026-06-03T19:36:15.5275148+00:00	WorkerLog	Layer01Node02	stdout=C:\Users\jimmy\Desktop\meta-bi\Samples\Demos\MetaOrchestrationHairballCliIntegration\Runs\hairball-seed-20260530\RunArtifacts\runs\20260603-193603_74360da14dd34e3a8b281efec21da86d\logs\Layer01Node02-27840.stdout.log; stderr=C:\Users\jimmy\Desktop\meta-bi\Samples\Demos\MetaOrchestrationHairballCliIntegration\Runs\hairball-seed-20260530\RunArtifacts\runs\20260603-193603_74360da14dd34e3a8b281efec21da86d\logs\Layer01Node02-27840.stderr.log
2026-06-03T19:36:15.5278664+00:00	WorkerEvent	Layer01Node06.refresh-l01-n06	GrantAccepted; ExitCode=0; 
2026-06-03T19:36:15.5286476+00:00	WorkerEvent	Layer03Node09	WorkerReady; ExitCode=0; ready
2026-06-03T19:36:15.5302943+00:00	StartPipeline	Layer03Node09	Layer03Node09
2026-06-03T19:36:15.5310818+00:00	WorkerEvent	Layer01Node06.refresh-l01-n06	TaskStarted; ExitCode=0; 
2026-06-03T19:36:15.5319650+00:00	WorkerEvent	Layer01Node07	PipelineStarted; ExitCode=0; pipeline started
2026-06-03T19:36:15.5332533+00:00	WorkerEvent	Layer01Node01	PipelineStarted; ExitCode=0; pipeline started
2026-06-03T19:36:15.5341223+00:00	WorkerEvent	Layer01Node02	WorkerOnline; ExitCode=0; online
2026-06-03T19:36:15.5425921+00:00	WorkerEvent	Layer01Node07.refresh-l01-n07	TaskReady; ExitCode=0; 
2026-06-03T19:36:15.5467622+00:00	GrantTask	Layer01Node07.refresh-l01-n07	Layer01Node07.refresh-l01-n07; GrantId=grant-10; Attempt=1
2026-06-03T19:36:15.5482928+00:00	WorkerEvent	Layer01Node01.export-l01-n01	TaskReady; ExitCode=0; 
2026-06-03T19:36:15.5497690+00:00	WorkerEvent	Layer01Node02	WorkerReady; ExitCode=0; ready
2026-06-03T19:36:15.5506993+00:00	StartPipeline	Layer01Node02	Layer01Node02
2026-06-03T19:36:15.5515859+00:00	WorkerEvent	Layer01Node07.refresh-l01-n07	GrantAccepted; ExitCode=0; 
2026-06-03T19:36:15.5544930+00:00	GrantTask	Layer01Node01.export-l01-n01	Layer01Node01.export-l01-n01; GrantId=grant-11; Attempt=1
2026-06-03T19:36:15.5551081+00:00	WorkerEvent	Layer01Node07.refresh-l01-n07	TaskStarted; ExitCode=0; 
2026-06-03T19:36:15.5580643+00:00	WorkerEvent	Layer01Node01.export-l01-n01	GrantAccepted; ExitCode=0; 
2026-06-03T19:36:15.5605475+00:00	WorkerEvent	Layer01Node01.export-l01-n01	TaskStarted; ExitCode=0; 
2026-06-03T19:36:15.9734108+00:00	WorkerEvent	Layer01Node07.refresh-l01-n07	TaskSucceeded; ExitCode=0; 
2026-06-03T19:36:15.9744240+00:00	TaskSucceeded	Layer01Node07.refresh-l01-n07	0
2026-06-03T19:36:15.9748088+00:00	WorkerEvent	Layer01Node06.refresh-l01-n06	TaskSucceeded; ExitCode=0; 
2026-06-03T19:36:15.9754018+00:00	TaskSucceeded	Layer01Node06.refresh-l01-n06	0
2026-06-03T19:36:15.9788398+00:00	WorkerDeferredForCapacity	AuditHairball	Deferred by orchestration to honor max active worker process capacity.
2026-06-03T19:36:15.9798787+00:00	StopPipeline	AuditHairball	Deferred by orchestration to honor max active worker process capacity.
2026-06-03T19:36:15.9828022+00:00	WorkerProcessExited	Layer01Node06	ExitCode=0; worker process exited
2026-06-03T19:36:15.9837727+00:00	PipelineCompleted	Layer01Node06	
2026-06-03T19:36:15.9842748+00:00	WorkerProcessExited	Layer01Node07	ExitCode=0; worker process exited
2026-06-03T19:36:15.9848814+00:00	PipelineCompleted	Layer01Node07	
2026-06-03T19:36:15.9857950+00:00	WorkerStarting	Layer02Node03	meta-pipeline
2026-06-03T19:36:16.0848935+00:00	WorkerStarted	Layer02Node03	12924
2026-06-03T19:36:16.0853337+00:00	WorkerControlPipe	Layer02Node03	meta-orchestration-bbdb1cb89cc747e09ec2b5ba126d81a9
2026-06-03T19:36:16.0857832+00:00	WorkerLog	Layer02Node03	stdout=C:\Users\jimmy\Desktop\meta-bi\Samples\Demos\MetaOrchestrationHairballCliIntegration\Runs\hairball-seed-20260530\RunArtifacts\runs\20260603-193603_74360da14dd34e3a8b281efec21da86d\logs\Layer02Node03-12924.stdout.log; stderr=C:\Users\jimmy\Desktop\meta-bi\Samples\Demos\MetaOrchestrationHairballCliIntegration\Runs\hairball-seed-20260530\RunArtifacts\runs\20260603-193603_74360da14dd34e3a8b281efec21da86d\logs\Layer02Node03-12924.stderr.log
2026-06-03T19:36:16.0865429+00:00	WorkerEvent	AuditHairball	Closed; ExitCode=0; worker control channel closed
2026-06-03T19:36:16.0869734+00:00	WorkerProcessExited	AuditHairball	ExitCode=0; worker control channel closed
2026-06-03T19:36:16.0881384+00:00	WorkerDeferred	AuditHairball	ResumeTaskId=AuditHairball.audit-hairball
2026-06-03T19:36:16.0898413+00:00	WorkerResuming	AuditHairball	ResumeTaskId=AuditHairball.audit-hairball; Executable=meta-pipeline
2026-06-03T19:36:16.1963044+00:00	WorkerStarted	AuditHairball	3064
2026-06-03T19:36:16.1969999+00:00	WorkerControlPipe	AuditHairball	meta-orchestration-77ddda8b3d0340d89286fc04195336ae
2026-06-03T19:36:16.1973174+00:00	WorkerLog	AuditHairball	stdout=C:\Users\jimmy\Desktop\meta-bi\Samples\Demos\MetaOrchestrationHairballCliIntegration\Runs\hairball-seed-20260530\RunArtifacts\runs\20260603-193603_74360da14dd34e3a8b281efec21da86d\logs\AuditHairball-3064.stdout.log; stderr=C:\Users\jimmy\Desktop\meta-bi\Samples\Demos\MetaOrchestrationHairballCliIntegration\Runs\hairball-seed-20260530\RunArtifacts\runs\20260603-193603_74360da14dd34e3a8b281efec21da86d\logs\AuditHairball-3064.stderr.log
2026-06-03T19:36:16.1977115+00:00	WorkerEvent	Layer02Node03	WorkerOnline; ExitCode=0; online
2026-06-03T19:36:16.1984541+00:00	WorkerEvent	Layer01Node01.export-l01-n01	TaskSucceeded; ExitCode=0; 
2026-06-03T19:36:16.1991890+00:00	TaskSucceeded	Layer01Node01.export-l01-n01	0
2026-06-03T19:36:16.1995861+00:00	WorkerEvent	Layer02Node03	WorkerReady; ExitCode=0; ready
2026-06-03T19:36:16.2019621+00:00	StartPipeline	Layer02Node03	Layer02Node03
2026-06-03T19:36:16.2026976+00:00	WorkerEvent	Layer03Node09	PipelineStarted; ExitCode=0; pipeline started
2026-06-03T19:36:16.2033167+00:00	WorkerProcessExited	Layer01Node01	ExitCode=0; worker process exited
2026-06-03T19:36:16.2038591+00:00	PipelineCompleted	Layer01Node01	
2026-06-03T19:36:16.2042057+00:00	WorkerEvent	Layer03Node09.refresh-l03-n09	TaskReady; ExitCode=0; 
2026-06-03T19:36:16.2051596+00:00	GrantTask	Layer03Node09.refresh-l03-n09	Layer03Node09.refresh-l03-n09; GrantId=grant-12; Attempt=1
2026-06-03T19:36:16.2055226+00:00	WorkerStarting	Layer01Node04	meta-pipeline
2026-06-03T19:36:16.2937023+00:00	WorkerStarted	Layer01Node04	30332
2026-06-03T19:36:16.2940989+00:00	WorkerControlPipe	Layer01Node04	meta-orchestration-8abbf57237434442aaf5ea97b0e2a6fd
2026-06-03T19:36:16.2943733+00:00	WorkerLog	Layer01Node04	stdout=C:\Users\jimmy\Desktop\meta-bi\Samples\Demos\MetaOrchestrationHairballCliIntegration\Runs\hairball-seed-20260530\RunArtifacts\runs\20260603-193603_74360da14dd34e3a8b281efec21da86d\logs\Layer01Node04-30332.stdout.log; stderr=C:\Users\jimmy\Desktop\meta-bi\Samples\Demos\MetaOrchestrationHairballCliIntegration\Runs\hairball-seed-20260530\RunArtifacts\runs\20260603-193603_74360da14dd34e3a8b281efec21da86d\logs\Layer01Node04-30332.stderr.log
2026-06-03T19:36:16.2948286+00:00	WorkerEvent	AuditHairball	WorkerOnline; ExitCode=0; online
2026-06-03T19:36:16.2961699+00:00	WorkerEvent	Layer03Node09.refresh-l03-n09	GrantAccepted; ExitCode=0; 
2026-06-03T19:36:16.2970187+00:00	WorkerEvent	AuditHairball	WorkerReady; ExitCode=0; ready
2026-06-03T19:36:16.3001029+00:00	StartPipeline	AuditHairball	AuditHairball
2026-06-03T19:36:16.3007925+00:00	WorkerEvent	Layer03Node09.refresh-l03-n09	TaskStarted; ExitCode=0; 
2026-06-03T19:36:16.3014994+00:00	WorkerEvent	Layer01Node02	PipelineStarted; ExitCode=0; pipeline started
2026-06-03T19:36:16.3029696+00:00	WorkerStarting	Layer01Node03	meta-pipeline
2026-06-03T19:36:16.6603455+00:00	WorkerStarted	Layer01Node03	24384
2026-06-03T19:36:16.6609440+00:00	WorkerControlPipe	Layer01Node03	meta-orchestration-7b9fbba78fa747e892cfa3719d060a71
2026-06-03T19:36:16.6615634+00:00	WorkerLog	Layer01Node03	stdout=C:\Users\jimmy\Desktop\meta-bi\Samples\Demos\MetaOrchestrationHairballCliIntegration\Runs\hairball-seed-20260530\RunArtifacts\runs\20260603-193603_74360da14dd34e3a8b281efec21da86d\logs\Layer01Node03-24384.stdout.log; stderr=C:\Users\jimmy\Desktop\meta-bi\Samples\Demos\MetaOrchestrationHairballCliIntegration\Runs\hairball-seed-20260530\RunArtifacts\runs\20260603-193603_74360da14dd34e3a8b281efec21da86d\logs\Layer01Node03-24384.stderr.log
2026-06-03T19:36:16.6621765+00:00	WorkerEvent	Layer01Node03	WorkerOnline; ExitCode=0; online
2026-06-03T19:36:16.6630321+00:00	WorkerEvent	Layer01Node04	WorkerOnline; ExitCode=0; online
2026-06-03T19:36:16.6638393+00:00	WorkerEvent	Layer01Node03	WorkerReady; ExitCode=0; ready
2026-06-03T19:36:16.6675515+00:00	StartPipeline	Layer01Node03	Layer01Node03
2026-06-03T19:36:16.6685131+00:00	WorkerEvent	Layer01Node04	WorkerReady; ExitCode=0; ready
2026-06-03T19:36:16.6694788+00:00	StartPipeline	Layer01Node04	Layer01Node04
2026-06-03T19:36:16.6702908+00:00	WorkerEvent	Layer03Node09.refresh-l03-n09	TaskSucceeded; ExitCode=0; 
2026-06-03T19:36:16.6709882+00:00	TaskSucceeded	Layer03Node09.refresh-l03-n09	0
2026-06-03T19:36:16.6713557+00:00	WorkerEvent	Layer01Node02.select-l01-n02	TaskReady; ExitCode=0; 
2026-06-03T19:36:16.6720699+00:00	WorkerProcessExited	Layer03Node09	ExitCode=0; worker process exited
2026-06-03T19:36:16.6727998+00:00	PipelineCompleted	Layer03Node09	
2026-06-03T19:36:16.6747749+00:00	GrantTask	Layer01Node02.select-l01-n02	Layer01Node02.select-l01-n02; GrantId=grant-13; Attempt=1
2026-06-03T19:36:16.6752625+00:00	WorkerStarting	Layer01Node05	meta-pipeline
2026-06-03T19:36:17.5327488+00:00	WorkerStarted	Layer01Node05	12872
2026-06-03T19:36:17.5331782+00:00	WorkerControlPipe	Layer01Node05	meta-orchestration-270f4c66b97a47eab19508e60a10d15e
2026-06-03T19:36:17.5336019+00:00	WorkerLog	Layer01Node05	stdout=C:\Users\jimmy\Desktop\meta-bi\Samples\Demos\MetaOrchestrationHairballCliIntegration\Runs\hairball-seed-20260530\RunArtifacts\runs\20260603-193603_74360da14dd34e3a8b281efec21da86d\logs\Layer01Node05-12872.stdout.log; stderr=C:\Users\jimmy\Desktop\meta-bi\Samples\Demos\MetaOrchestrationHairballCliIntegration\Runs\hairball-seed-20260530\RunArtifacts\runs\20260603-193603_74360da14dd34e3a8b281efec21da86d\logs\Layer01Node05-12872.stderr.log
2026-06-03T19:36:17.5340072+00:00	WorkerEvent	Layer02Node03	PipelineStarted; ExitCode=0; pipeline started
2026-06-03T19:36:17.5350236+00:00	WorkerEvent	Layer01Node02.select-l01-n02	GrantAccepted; ExitCode=0; 
2026-06-03T19:36:17.5369973+00:00	WorkerEvent	AuditHairball	PipelineStarted; ExitCode=0; pipeline started
2026-06-03T19:36:17.5385885+00:00	WorkerEvent	Layer01Node04	PipelineStarted; ExitCode=0; pipeline started
2026-06-03T19:36:17.5401444+00:00	WorkerEvent	Layer01Node03	PipelineStarted; ExitCode=0; pipeline started
2026-06-03T19:36:17.5417346+00:00	WorkerEvent	Layer01Node05	WorkerOnline; ExitCode=0; online
2026-06-03T19:36:17.5448246+00:00	WorkerEvent	Layer02Node03.select-l02-n03	TaskReady; ExitCode=0; 
2026-06-03T19:36:17.5496290+00:00	GrantTask	Layer02Node03.select-l02-n03	Layer02Node03.select-l02-n03; GrantId=grant-14; Attempt=1
2026-06-03T19:36:17.5502787+00:00	WorkerEvent	Layer01Node03.select-l01-n03	TaskReady; ExitCode=0; 
2026-06-03T19:36:17.5510165+00:00	WorkerEvent	AuditHairball.audit-hairball	TaskReady; ExitCode=0; 
2026-06-03T19:36:17.5518648+00:00	WorkerEvent	Layer01Node04.export-l01-n04	TaskReady; ExitCode=0; 
2026-06-03T19:36:17.5525641+00:00	WorkerEvent	Layer01Node05	WorkerReady; ExitCode=0; ready
2026-06-03T19:36:17.5541412+00:00	StartPipeline	Layer01Node05	Layer01Node05
2026-06-03T19:36:17.5550143+00:00	WorkerEvent	Layer02Node03.select-l02-n03	GrantAccepted; ExitCode=0; 
2026-06-03T19:36:17.5556015+00:00	WorkerEvent	Layer01Node02.select-l01-n02	TaskStarted; ExitCode=0; 
2026-06-03T19:36:17.5574700+00:00	GrantTask	Layer01Node04.export-l01-n04	Layer01Node04.export-l01-n04; GrantId=grant-15; Attempt=1
2026-06-03T19:36:17.5577868+00:00	WorkerEvent	Layer02Node03.select-l02-n03	TaskStarted; ExitCode=0; 
2026-06-03T19:36:17.5598936+00:00	WorkerEvent	Layer01Node04.export-l01-n04	GrantAccepted; ExitCode=0; 
2026-06-03T19:36:17.5623105+00:00	WorkerEvent	Layer01Node04.export-l01-n04	TaskStarted; ExitCode=0; 
2026-06-03T19:36:17.8971041+00:00	WorkerEvent	Layer01Node02.select-l01-n02	TaskSucceeded; ExitCode=0; 
2026-06-03T19:36:17.8978006+00:00	TaskSucceeded	Layer01Node02.select-l01-n02	0
2026-06-03T19:36:17.8987313+00:00	GrantTask	Layer01Node03.select-l01-n03	Layer01Node03.select-l01-n03; GrantId=grant-16; Attempt=1
2026-06-03T19:36:17.8992341+00:00	WorkerDeferredForCapacity	AuditHairball	Deferred by orchestration to honor max active worker process capacity.
2026-06-03T19:36:17.8996067+00:00	StopPipeline	AuditHairball	Deferred by orchestration to honor max active worker process capacity.
2026-06-03T19:36:17.9003298+00:00	WorkerEvent	Layer01Node03.select-l01-n03	GrantAccepted; ExitCode=0; 
2026-06-03T19:36:17.9010023+00:00	WorkerEvent	Layer01Node02	Closed; ExitCode=-1; worker control channel closed
2026-06-03T19:36:17.9017196+00:00	PipelineCompleted	Layer01Node02	
2026-06-03T19:36:17.9027916+00:00	WorkerStarting	Layer01Node09	meta-pipeline
2026-06-03T19:36:18.0158647+00:00	WorkerStarted	Layer01Node09	28116
2026-06-03T19:36:18.0167099+00:00	WorkerControlPipe	Layer01Node09	meta-orchestration-cb59c9b2c9994ff988e49449fb302913
2026-06-03T19:36:18.0169962+00:00	WorkerLog	Layer01Node09	stdout=C:\Users\jimmy\Desktop\meta-bi\Samples\Demos\MetaOrchestrationHairballCliIntegration\Runs\hairball-seed-20260530\RunArtifacts\runs\20260603-193603_74360da14dd34e3a8b281efec21da86d\logs\Layer01Node09-28116.stdout.log; stderr=C:\Users\jimmy\Desktop\meta-bi\Samples\Demos\MetaOrchestrationHairballCliIntegration\Runs\hairball-seed-20260530\RunArtifacts\runs\20260603-193603_74360da14dd34e3a8b281efec21da86d\logs\Layer01Node09-28116.stderr.log
2026-06-03T19:36:18.0174519+00:00	WorkerEvent	Layer02Node03.select-l02-n03	TaskSucceeded; ExitCode=0; 
2026-06-03T19:36:18.0217591+00:00	TaskSucceeded	Layer02Node03.select-l02-n03	0
2026-06-03T19:36:18.0223463+00:00	WorkerEvent	Layer01Node03.select-l01-n03	TaskStarted; ExitCode=0; 
2026-06-03T19:36:18.0231221+00:00	WorkerEvent	AuditHairball	Closed; ExitCode=0; worker control channel closed
2026-06-03T19:36:18.0235155+00:00	WorkerProcessExited	AuditHairball	ExitCode=0; worker control channel closed
2026-06-03T19:36:18.0241111+00:00	WorkerDeferred	AuditHairball	ResumeTaskId=AuditHairball.audit-hairball
2026-06-03T19:36:18.0244532+00:00	WorkerEvent	Layer01Node04.export-l01-n04	TaskSucceeded; ExitCode=0; 
2026-06-03T19:36:18.0251128+00:00	TaskSucceeded	Layer01Node04.export-l01-n04	0
2026-06-03T19:36:18.0255238+00:00	WorkerProcessExited	Layer02Node03	ExitCode=0; worker process exited
2026-06-03T19:36:18.0262811+00:00	PipelineCompleted	Layer02Node03	
2026-06-03T19:36:18.0267511+00:00	WorkerProcessExited	Layer01Node04	ExitCode=0; worker process exited
2026-06-03T19:36:18.0274135+00:00	PipelineCompleted	Layer01Node04	
2026-06-03T19:36:18.0278290+00:00	WorkerProcessExited	Layer01Node02	ExitCode=0; worker process exited
2026-06-03T19:36:18.0300165+00:00	WorkerResuming	AuditHairball	ResumeTaskId=AuditHairball.audit-hairball; Executable=meta-pipeline
2026-06-03T19:36:18.1201262+00:00	WorkerStarted	AuditHairball	21860
2026-06-03T19:36:18.1204471+00:00	WorkerControlPipe	AuditHairball	meta-orchestration-57cfabeb77cd49c1a313400e8691738b
2026-06-03T19:36:18.1207187+00:00	WorkerLog	AuditHairball	stdout=C:\Users\jimmy\Desktop\meta-bi\Samples\Demos\MetaOrchestrationHairballCliIntegration\Runs\hairball-seed-20260530\RunArtifacts\runs\20260603-193603_74360da14dd34e3a8b281efec21da86d\logs\AuditHairball-21860.stdout.log; stderr=C:\Users\jimmy\Desktop\meta-bi\Samples\Demos\MetaOrchestrationHairballCliIntegration\Runs\hairball-seed-20260530\RunArtifacts\runs\20260603-193603_74360da14dd34e3a8b281efec21da86d\logs\AuditHairball-21860.stderr.log
2026-06-03T19:36:18.1210824+00:00	WorkerEvent	Layer01Node05	PipelineStarted; ExitCode=0; pipeline started
2026-06-03T19:36:18.1217360+00:00	WorkerEvent	Layer01Node09	WorkerOnline; ExitCode=0; online
2026-06-03T19:36:18.1224526+00:00	WorkerEvent	Layer01Node05.export-l01-n05	TaskReady; ExitCode=0; 
2026-06-03T19:36:18.1230157+00:00	WorkerEvent	Layer01Node09	WorkerReady; ExitCode=0; ready
2026-06-03T19:36:18.1250667+00:00	StartPipeline	Layer01Node09	Layer01Node09
2026-06-03T19:36:18.1271553+00:00	GrantTask	Layer01Node05.export-l01-n05	Layer01Node05.export-l01-n05; GrantId=grant-17; Attempt=1
2026-06-03T19:36:18.1280425+00:00	WorkerStarting	Layer01Node08	meta-pipeline
2026-06-03T19:36:18.2152414+00:00	WorkerStarted	Layer01Node08	15056
2026-06-03T19:36:18.2156178+00:00	WorkerControlPipe	Layer01Node08	meta-orchestration-5ef32daac4a74dac8e6d4e8f11d9a296
2026-06-03T19:36:18.2158522+00:00	WorkerLog	Layer01Node08	stdout=C:\Users\jimmy\Desktop\meta-bi\Samples\Demos\MetaOrchestrationHairballCliIntegration\Runs\hairball-seed-20260530\RunArtifacts\runs\20260603-193603_74360da14dd34e3a8b281efec21da86d\logs\Layer01Node08-15056.stdout.log; stderr=C:\Users\jimmy\Desktop\meta-bi\Samples\Demos\MetaOrchestrationHairballCliIntegration\Runs\hairball-seed-20260530\RunArtifacts\runs\20260603-193603_74360da14dd34e3a8b281efec21da86d\logs\Layer01Node08-15056.stderr.log
2026-06-03T19:36:18.2161682+00:00	WorkerEvent	AuditHairball	WorkerOnline; ExitCode=0; online
2026-06-03T19:36:18.2168786+00:00	WorkerEvent	Layer01Node05.export-l01-n05	GrantAccepted; ExitCode=0; 
2026-06-03T19:36:18.2177199+00:00	WorkerEvent	AuditHairball	WorkerReady; ExitCode=0; ready
2026-06-03T19:36:18.2209429+00:00	StartPipeline	AuditHairball	AuditHairball
2026-06-03T19:36:18.2218212+00:00	WorkerEvent	Layer01Node05.export-l01-n05	TaskStarted; ExitCode=0; 
2026-06-03T19:36:18.2240333+00:00	WorkerStarting	Layer02Hub	meta-pipeline
2026-06-03T19:36:18.3345424+00:00	WorkerStarted	Layer02Hub	28184
2026-06-03T19:36:18.3349701+00:00	WorkerControlPipe	Layer02Hub	meta-orchestration-5949364e23e640348c3aa8498bf48aa4
2026-06-03T19:36:18.3352704+00:00	WorkerLog	Layer02Hub	stdout=C:\Users\jimmy\Desktop\meta-bi\Samples\Demos\MetaOrchestrationHairballCliIntegration\Runs\hairball-seed-20260530\RunArtifacts\runs\20260603-193603_74360da14dd34e3a8b281efec21da86d\logs\Layer02Hub-28184.stdout.log; stderr=C:\Users\jimmy\Desktop\meta-bi\Samples\Demos\MetaOrchestrationHairballCliIntegration\Runs\hairball-seed-20260530\RunArtifacts\runs\20260603-193603_74360da14dd34e3a8b281efec21da86d\logs\Layer02Hub-28184.stderr.log
2026-06-03T19:36:18.3356660+00:00	WorkerEvent	Layer01Node08	WorkerOnline; ExitCode=0; online
2026-06-03T19:36:18.3377381+00:00	WorkerEvent	Layer01Node08	WorkerReady; ExitCode=0; ready
2026-06-03T19:36:18.3409372+00:00	StartPipeline	Layer01Node08	Layer01Node08
2026-06-03T19:36:18.3632354+00:00	WorkerEvent	Layer02Hub	WorkerOnline; ExitCode=0; online
2026-06-03T19:36:18.3660728+00:00	WorkerEvent	Layer02Hub	WorkerReady; ExitCode=0; ready
2026-06-03T19:36:18.3702813+00:00	StartPipeline	Layer02Hub	Layer02Hub
2026-06-03T19:36:18.3912361+00:00	WorkerEvent	Layer01Node03.select-l01-n03	TaskSucceeded; ExitCode=0; 
2026-06-03T19:36:18.3925515+00:00	TaskSucceeded	Layer01Node03.select-l01-n03	0
2026-06-03T19:36:18.3946516+00:00	WorkerDeferredForCapacity	BridgeL01L02	Deferred by orchestration to honor max active worker process capacity.
2026-06-03T19:36:18.3952327+00:00	StopPipeline	BridgeL01L02	Deferred by orchestration to honor max active worker process capacity.
2026-06-03T19:36:18.3957449+00:00	WorkerEvent	Layer01Node03	Closed; ExitCode=-1; worker control channel closed
2026-06-03T19:36:18.3964129+00:00	PipelineCompleted	Layer01Node03	
2026-06-03T19:36:18.3971208+00:00	WorkerStarting	Layer02Node05	meta-pipeline
2026-06-03T19:36:18.5292475+00:00	WorkerStarted	Layer02Node05	19064
2026-06-03T19:36:18.5297199+00:00	WorkerControlPipe	Layer02Node05	meta-orchestration-5d8611950a164693a42962ca5744ccf2
2026-06-03T19:36:18.5300732+00:00	WorkerLog	Layer02Node05	stdout=C:\Users\jimmy\Desktop\meta-bi\Samples\Demos\MetaOrchestrationHairballCliIntegration\Runs\hairball-seed-20260530\RunArtifacts\runs\20260603-193603_74360da14dd34e3a8b281efec21da86d\logs\Layer02Node05-19064.stdout.log; stderr=C:\Users\jimmy\Desktop\meta-bi\Samples\Demos\MetaOrchestrationHairballCliIntegration\Runs\hairball-seed-20260530\RunArtifacts\runs\20260603-193603_74360da14dd34e3a8b281efec21da86d\logs\Layer02Node05-19064.stderr.log
2026-06-03T19:36:18.5305091+00:00	WorkerEvent	BridgeL01L02	Closed; ExitCode=0; worker control channel closed
2026-06-03T19:36:18.5308327+00:00	WorkerProcessExited	BridgeL01L02	ExitCode=0; worker control channel closed
2026-06-03T19:36:18.5315298+00:00	WorkerDeferred	BridgeL01L02	ResumeTaskId=BridgeL01L02.bridge-l01-l02-collect
2026-06-03T19:36:18.5318899+00:00	WorkerProcessExited	Layer01Node03	ExitCode=0; worker process exited
2026-06-03T19:36:18.5335516+00:00	WorkerResuming	BridgeL01L02	ResumeTaskId=BridgeL01L02.bridge-l01-l02-collect; Executable=meta-pipeline
2026-06-03T19:36:18.7841565+00:00	WorkerStarted	BridgeL01L02	29684
2026-06-03T19:36:18.7846577+00:00	WorkerControlPipe	BridgeL01L02	meta-orchestration-a89bb4c173264e429130309cb065727f
2026-06-03T19:36:18.7851509+00:00	WorkerLog	BridgeL01L02	stdout=C:\Users\jimmy\Desktop\meta-bi\Samples\Demos\MetaOrchestrationHairballCliIntegration\Runs\hairball-seed-20260530\RunArtifacts\runs\20260603-193603_74360da14dd34e3a8b281efec21da86d\logs\BridgeL01L02-29684.stdout.log; stderr=C:\Users\jimmy\Desktop\meta-bi\Samples\Demos\MetaOrchestrationHairballCliIntegration\Runs\hairball-seed-20260530\RunArtifacts\runs\20260603-193603_74360da14dd34e3a8b281efec21da86d\logs\BridgeL01L02-29684.stderr.log
2026-06-03T19:36:18.7858611+00:00	WorkerEvent	Layer02Node05	WorkerOnline; ExitCode=0; online
2026-06-03T19:36:18.7866069+00:00	WorkerEvent	BridgeL01L02	WorkerOnline; ExitCode=0; online
2026-06-03T19:36:18.7875333+00:00	WorkerEvent	Layer02Node05	WorkerReady; ExitCode=0; ready
2026-06-03T19:36:18.7906764+00:00	StartPipeline	Layer02Node05	Layer02Node05
2026-06-03T19:36:18.7914992+00:00	WorkerEvent	BridgeL01L02	WorkerReady; ExitCode=0; ready
2026-06-03T19:36:18.7923311+00:00	StartPipeline	BridgeL01L02	BridgeL01L02
2026-06-03T19:36:18.7929524+00:00	WorkerEvent	Layer01Node05.export-l01-n05	TaskSucceeded; ExitCode=0; 
2026-06-03T19:36:18.7936634+00:00	TaskSucceeded	Layer01Node05.export-l01-n05	0
2026-06-03T19:36:18.7945296+00:00	WorkerProcessExited	Layer01Node05	ExitCode=0; worker process exited
2026-06-03T19:36:18.7955574+00:00	PipelineCompleted	Layer01Node05	
2026-06-03T19:36:18.7973194+00:00	GrantTask	Layer01Hub.hub-l01-stage	Layer01Hub.hub-l01-stage; GrantId=grant-18; Attempt=1
2026-06-03T19:36:18.7976791+00:00	WorkerStarting	Layer02Node01	meta-pipeline
2026-06-03T19:36:19.5389057+00:00	WorkerStarted	Layer02Node01	25256
2026-06-03T19:36:19.5393868+00:00	WorkerControlPipe	Layer02Node01	meta-orchestration-98ebff724e3a4ad1acea49eda6afdba9
2026-06-03T19:36:19.5399183+00:00	WorkerLog	Layer02Node01	stdout=C:\Users\jimmy\Desktop\meta-bi\Samples\Demos\MetaOrchestrationHairballCliIntegration\Runs\hairball-seed-20260530\RunArtifacts\runs\20260603-193603_74360da14dd34e3a8b281efec21da86d\logs\Layer02Node01-25256.stdout.log; stderr=C:\Users\jimmy\Desktop\meta-bi\Samples\Demos\MetaOrchestrationHairballCliIntegration\Runs\hairball-seed-20260530\RunArtifacts\runs\20260603-193603_74360da14dd34e3a8b281efec21da86d\logs\Layer02Node01-25256.stderr.log
2026-06-03T19:36:19.5402367+00:00	WorkerEvent	Layer01Hub.hub-l01-stage	GrantAccepted; ExitCode=0; 
2026-06-03T19:36:19.5408575+00:00	WorkerEvent	Layer01Node09	PipelineStarted; ExitCode=0; pipeline started
2026-06-03T19:36:19.5439442+00:00	WorkerEvent	AuditHairball	PipelineStarted; ExitCode=0; pipeline started
2026-06-03T19:36:19.5486927+00:00	WorkerEvent	Layer01Node08	PipelineStarted; ExitCode=0; pipeline started
2026-06-03T19:36:19.5521183+00:00	WorkerEvent	Layer02Hub	PipelineStarted; ExitCode=0; pipeline started
2026-06-03T19:36:19.5558616+00:00	WorkerEvent	Layer02Node05	PipelineStarted; ExitCode=0; pipeline started
2026-06-03T19:36:19.5582204+00:00	WorkerEvent	BridgeL01L02	PipelineStarted; ExitCode=0; pipeline started
2026-06-03T19:36:19.5606560+00:00	WorkerEvent	Layer02Node01	WorkerOnline; ExitCode=0; online
2026-06-03T19:36:19.5625792+00:00	WorkerEvent	Layer01Hub.hub-l01-stage	TaskStarted; ExitCode=0; 
2026-06-03T19:36:19.5646061+00:00	WorkerEvent	Layer01Node09.refresh-l01-n09	TaskReady; ExitCode=0; 
2026-06-03T19:36:19.5664892+00:00	GrantTask	Layer01Node09.refresh-l01-n09	Layer01Node09.refresh-l01-n09; GrantId=grant-19; Attempt=1
2026-06-03T19:36:19.5668341+00:00	WorkerEvent	BridgeL01L02.bridge-l01-l02-collect	TaskReady; ExitCode=0; 
2026-06-03T19:36:19.5674277+00:00	WorkerEvent	Layer02Hub.hub-l02-stage	TaskReady; ExitCode=0; 
2026-06-03T19:36:19.5682383+00:00	WorkerEvent	Layer02Node05.select-l02-n05	TaskReady; ExitCode=0; 
2026-06-03T19:36:19.5688166+00:00	WorkerEvent	Layer01Node08.select-l01-n08	TaskReady; ExitCode=0; 
2026-06-03T19:36:19.5694292+00:00	WorkerEvent	AuditHairball.audit-hairball	TaskReady; ExitCode=0; 
2026-06-03T19:36:19.5700557+00:00	WorkerEvent	Layer02Node01	WorkerReady; ExitCode=0; ready
2026-06-03T19:36:19.5707805+00:00	StartPipeline	Layer02Node01	Layer02Node01
2026-06-03T19:36:19.5712915+00:00	WorkerEvent	Layer01Node09.refresh-l01-n09	GrantAccepted; ExitCode=0; 
2026-06-03T19:36:19.5737745+00:00	GrantTask	Layer01Node08.select-l01-n08	Layer01Node08.select-l01-n08; GrantId=grant-20; Attempt=1
2026-06-03T19:36:19.5744051+00:00	GrantTask	Layer02Node05.select-l02-n05	Layer02Node05.select-l02-n05; GrantId=grant-21; Attempt=1
2026-06-03T19:36:19.5748942+00:00	WorkerEvent	Layer01Node08.select-l01-n08	GrantAccepted; ExitCode=0; 
2026-06-03T19:36:19.5762241+00:00	WorkerEvent	Layer01Node09.refresh-l01-n09	TaskStarted; ExitCode=0; 
2026-06-03T19:36:19.5787154+00:00	WorkerEvent	Layer02Node05.select-l02-n05	GrantAccepted; ExitCode=0; 
2026-06-03T19:36:19.5809301+00:00	WorkerEvent	Layer01Node08.select-l01-n08	TaskStarted; ExitCode=0; 
2026-06-03T19:36:19.5827073+00:00	WorkerEvent	Layer02Node05.select-l02-n05	TaskStarted; ExitCode=0; 
2026-06-03T19:36:20.0373860+00:00	WorkerEvent	Layer01Node09.refresh-l01-n09	TaskSucceeded; ExitCode=0; 
2026-06-03T19:36:20.0383355+00:00	TaskSucceeded	Layer01Node09.refresh-l01-n09	0
2026-06-03T19:36:20.0392217+00:00	WorkerDeferredForCapacity	AuditHairball	Deferred by orchestration to honor max active worker process capacity.
2026-06-03T19:36:20.0396749+00:00	StopPipeline	AuditHairball	Deferred by orchestration to honor max active worker process capacity.
2026-06-03T19:36:20.0406545+00:00	WorkerDeferredForCapacity	BridgeL01L02	Deferred by orchestration to honor max active worker process capacity.
2026-06-03T19:36:20.0410420+00:00	StopPipeline	BridgeL01L02	Deferred by orchestration to honor max active worker process capacity.
2026-06-03T19:36:20.0418161+00:00	WorkerEvent	Layer01Node09	Closed; ExitCode=-1; worker control channel closed
2026-06-03T19:36:20.0428361+00:00	PipelineCompleted	Layer01Node09	
2026-06-03T19:36:20.0469332+00:00	WorkerStarting	Layer02Node02	meta-pipeline
2026-06-03T19:36:20.1895278+00:00	WorkerStarted	Layer02Node02	384
2026-06-03T19:36:20.1898258+00:00	WorkerControlPipe	Layer02Node02	meta-orchestration-404f5c20b54446e1b4c4306ebd09980e
2026-06-03T19:36:20.1900500+00:00	WorkerLog	Layer02Node02	stdout=C:\Users\jimmy\Desktop\meta-bi\Samples\Demos\MetaOrchestrationHairballCliIntegration\Runs\hairball-seed-20260530\RunArtifacts\runs\20260603-193603_74360da14dd34e3a8b281efec21da86d\logs\Layer02Node02-384.stdout.log; stderr=C:\Users\jimmy\Desktop\meta-bi\Samples\Demos\MetaOrchestrationHairballCliIntegration\Runs\hairball-seed-20260530\RunArtifacts\runs\20260603-193603_74360da14dd34e3a8b281efec21da86d\logs\Layer02Node02-384.stderr.log
2026-06-03T19:36:20.1903065+00:00	WorkerEvent	Layer01Hub.hub-l01-stage	TaskSucceeded; ExitCode=0; 
2026-06-03T19:36:20.1906757+00:00	TaskSucceeded	Layer01Hub.hub-l01-stage	0
2026-06-03T19:36:20.1912407+00:00	WorkerEvent	BridgeL01L02	Closed; ExitCode=0; worker control channel closed
2026-06-03T19:36:20.1915970+00:00	WorkerProcessExited	BridgeL01L02	ExitCode=0; worker control channel closed
2026-06-03T19:36:20.1921373+00:00	WorkerDeferred	BridgeL01L02	ResumeTaskId=BridgeL01L02.bridge-l01-l02-collect
2026-06-03T19:36:20.1925852+00:00	WorkerEvent	Layer01Hub.hub-l01-curate	TaskReady; ExitCode=0; 
2026-06-03T19:36:20.1937990+00:00	WorkerEvent	Layer02Node05.select-l02-n05	TaskSucceeded; ExitCode=0; 
2026-06-03T19:36:20.1941858+00:00	TaskSucceeded	Layer02Node05.select-l02-n05	0
2026-06-03T19:36:20.1944419+00:00	WorkerEvent	Layer01Node08.select-l01-n08	TaskSucceeded; ExitCode=0; 
2026-06-03T19:36:20.1947719+00:00	TaskSucceeded	Layer01Node08.select-l01-n08	0
2026-06-03T19:36:20.1950086+00:00	WorkerEvent	AuditHairball	Closed; ExitCode=-1; worker control channel closed
2026-06-03T19:36:20.1952156+00:00	WorkerProcessExited	AuditHairball	ExitCode=0; worker control channel closed
2026-06-03T19:36:20.1956599+00:00	WorkerDeferred	AuditHairball	ResumeTaskId=AuditHairball.audit-hairball
2026-06-03T19:36:20.1959215+00:00	WorkerProcessExited	Layer02Node05	ExitCode=0; worker process exited
2026-06-03T19:36:20.1963499+00:00	PipelineCompleted	Layer02Node05	
2026-06-03T19:36:20.1965760+00:00	WorkerProcessExited	Layer01Node08	ExitCode=0; worker process exited
2026-06-03T19:36:20.1971185+00:00	PipelineCompleted	Layer01Node08	
2026-06-03T19:36:20.1974367+00:00	WorkerProcessExited	Layer01Node09	ExitCode=0; worker process exited
2026-06-03T19:36:20.1982305+00:00	GrantTask	Layer01Hub.hub-l01-curate	Layer01Hub.hub-l01-curate; GrantId=grant-22; Attempt=1
2026-06-03T19:36:20.1985262+00:00	WorkerStarting	Layer02Node04	meta-pipeline
2026-06-03T19:36:20.2788841+00:00	WorkerStarted	Layer02Node04	18236
2026-06-03T19:36:20.2794288+00:00	WorkerControlPipe	Layer02Node04	meta-orchestration-598f3d6042ff49ae86d4fff6c81cccb8
2026-06-03T19:36:20.2797829+00:00	WorkerLog	Layer02Node04	stdout=C:\Users\jimmy\Desktop\meta-bi\Samples\Demos\MetaOrchestrationHairballCliIntegration\Runs\hairball-seed-20260530\RunArtifacts\runs\20260603-193603_74360da14dd34e3a8b281efec21da86d\logs\Layer02Node04-18236.stdout.log; stderr=C:\Users\jimmy\Desktop\meta-bi\Samples\Demos\MetaOrchestrationHairballCliIntegration\Runs\hairball-seed-20260530\RunArtifacts\runs\20260603-193603_74360da14dd34e3a8b281efec21da86d\logs\Layer02Node04-18236.stderr.log
2026-06-03T19:36:20.2801696+00:00	WorkerEvent	Layer01Hub.hub-l01-curate	GrantAccepted; ExitCode=0; 
2026-06-03T19:36:20.2812738+00:00	WorkerEvent	Layer02Node02	WorkerOnline; ExitCode=0; online
2026-06-03T19:36:20.2825968+00:00	WorkerEvent	Layer01Hub.hub-l01-curate	TaskStarted; ExitCode=0; 
2026-06-03T19:36:20.2837521+00:00	WorkerEvent	Layer02Node02	WorkerReady; ExitCode=0; ready
2026-06-03T19:36:20.2899565+00:00	StartPipeline	Layer02Node02	Layer02Node02
2026-06-03T19:36:20.2915217+00:00	WorkerStarting	Layer03Node03	meta-pipeline
2026-06-03T19:36:20.3966622+00:00	WorkerStarted	Layer03Node03	17012
2026-06-03T19:36:20.3969790+00:00	WorkerControlPipe	Layer03Node03	meta-orchestration-e56c880486ba43c1921f6ae4905f1a59
2026-06-03T19:36:20.3972706+00:00	WorkerLog	Layer03Node03	stdout=C:\Users\jimmy\Desktop\meta-bi\Samples\Demos\MetaOrchestrationHairballCliIntegration\Runs\hairball-seed-20260530\RunArtifacts\runs\20260603-193603_74360da14dd34e3a8b281efec21da86d\logs\Layer03Node03-17012.stdout.log; stderr=C:\Users\jimmy\Desktop\meta-bi\Samples\Demos\MetaOrchestrationHairballCliIntegration\Runs\hairball-seed-20260530\RunArtifacts\runs\20260603-193603_74360da14dd34e3a8b281efec21da86d\logs\Layer03Node03-17012.stderr.log
2026-06-03T19:36:20.3976394+00:00	WorkerEvent	Layer01Hub.hub-l01-curate	TaskSucceeded; ExitCode=0; 
2026-06-03T19:36:20.3981744+00:00	TaskSucceeded	Layer01Hub.hub-l01-curate	0
2026-06-03T19:36:20.3985686+00:00	WorkerEvent	Layer02Node04	WorkerOnline; ExitCode=0; online
2026-06-03T19:36:20.3990923+00:00	WorkerEvent	Layer01Hub.hub-l01-publish	TaskReady; ExitCode=0; 
2026-06-03T19:36:20.3996835+00:00	WorkerEvent	Layer02Node04	WorkerReady; ExitCode=0; ready
2026-06-03T19:36:20.4020632+00:00	StartPipeline	Layer02Node04	Layer02Node04
2026-06-03T19:36:20.4027010+00:00	WorkerEvent	Layer02Node01	PipelineStarted; ExitCode=0; pipeline started
2026-06-03T19:36:20.4047529+00:00	GrantTask	Layer01Hub.hub-l01-publish	Layer01Hub.hub-l01-publish; GrantId=grant-23; Attempt=1
2026-06-03T19:36:20.4051774+00:00	WorkerResuming	AuditHairball	ResumeTaskId=AuditHairball.audit-hairball; Executable=meta-pipeline
2026-06-03T19:36:20.5141227+00:00	WorkerStarted	AuditHairball	5164
2026-06-03T19:36:20.5145829+00:00	WorkerControlPipe	AuditHairball	meta-orchestration-a7af1f0d535b40c9ac863b07c4022d54
2026-06-03T19:36:20.5148778+00:00	WorkerLog	AuditHairball	stdout=C:\Users\jimmy\Desktop\meta-bi\Samples\Demos\MetaOrchestrationHairballCliIntegration\Runs\hairball-seed-20260530\RunArtifacts\runs\20260603-193603_74360da14dd34e3a8b281efec21da86d\logs\AuditHairball-5164.stdout.log; stderr=C:\Users\jimmy\Desktop\meta-bi\Samples\Demos\MetaOrchestrationHairballCliIntegration\Runs\hairball-seed-20260530\RunArtifacts\runs\20260603-193603_74360da14dd34e3a8b281efec21da86d\logs\AuditHairball-5164.stderr.log
2026-06-03T19:36:20.5152466+00:00	WorkerEvent	Layer01Hub.hub-l01-publish	GrantAccepted; ExitCode=0; 
2026-06-03T19:36:20.5158716+00:00	WorkerEvent	Layer03Node03	WorkerOnline; ExitCode=0; online
2026-06-03T19:36:20.5165989+00:00	WorkerEvent	Layer01Hub.hub-l01-publish	TaskStarted; ExitCode=0; 
2026-06-03T19:36:20.5172258+00:00	WorkerEvent	Layer03Node03	WorkerReady; ExitCode=0; ready
2026-06-03T19:36:20.5214291+00:00	StartPipeline	Layer03Node03	Layer03Node03
2026-06-03T19:36:20.5286761+00:00	WorkerEvent	Layer02Node01.select-l02-n01	TaskReady; ExitCode=0; 
2026-06-03T19:36:20.5316182+00:00	GrantTask	Layer02Node01.select-l02-n01	Layer02Node01.select-l02-n01; GrantId=grant-24; Attempt=1
2026-06-03T19:36:20.5320247+00:00	WorkerResuming	BridgeL01L02	ResumeTaskId=BridgeL01L02.bridge-l01-l02-collect; Executable=meta-pipeline
2026-06-03T19:36:20.6627561+00:00	WorkerStarted	BridgeL01L02	21924
2026-06-03T19:36:20.6632376+00:00	WorkerControlPipe	BridgeL01L02	meta-orchestration-f3c1cbbd8853439589db8dd44daff229
2026-06-03T19:36:20.6635748+00:00	WorkerLog	BridgeL01L02	stdout=C:\Users\jimmy\Desktop\meta-bi\Samples\Demos\MetaOrchestrationHairballCliIntegration\Runs\hairball-seed-20260530\RunArtifacts\runs\20260603-193603_74360da14dd34e3a8b281efec21da86d\logs\BridgeL01L02-21924.stdout.log; stderr=C:\Users\jimmy\Desktop\meta-bi\Samples\Demos\MetaOrchestrationHairballCliIntegration\Runs\hairball-seed-20260530\RunArtifacts\runs\20260603-193603_74360da14dd34e3a8b281efec21da86d\logs\BridgeL01L02-21924.stderr.log
2026-06-03T19:36:20.6640654+00:00	WorkerEvent	AuditHairball	WorkerOnline; ExitCode=0; online
2026-06-03T19:36:20.6647994+00:00	WorkerEvent	Layer02Node01.select-l02-n01	GrantAccepted; ExitCode=0; 
2026-06-03T19:36:20.6667376+00:00	WorkerEvent	AuditHairball	WorkerReady; ExitCode=0; ready
2026-06-03T19:36:20.6694821+00:00	StartPipeline	AuditHairball	AuditHairball
2026-06-03T19:36:20.6704648+00:00	WorkerEvent	Layer02Node01.select-l02-n01	TaskStarted; ExitCode=0; 
2026-06-03T19:36:20.6952990+00:00	WorkerEvent	BridgeL01L02	WorkerOnline; ExitCode=0; online
2026-06-03T19:36:20.6989621+00:00	WorkerEvent	BridgeL01L02	WorkerReady; ExitCode=0; ready
2026-06-03T19:36:20.7037342+00:00	StartPipeline	BridgeL01L02	BridgeL01L02
2026-06-03T19:36:20.7442572+00:00	WorkerEvent	Layer01Hub.hub-l01-publish	TaskSucceeded; ExitCode=0; 
2026-06-03T19:36:20.7453532+00:00	TaskSucceeded	Layer01Hub.hub-l01-publish	0
2026-06-03T19:36:20.7462654+00:00	WorkerDeferredForCapacity	BridgeL03L04	Deferred by orchestration to honor max active worker process capacity.
2026-06-03T19:36:20.7473149+00:00	StopPipeline	BridgeL03L04	Deferred by orchestration to honor max active worker process capacity.
2026-06-03T19:36:20.7490040+00:00	WorkerEvent	Layer01Hub	Closed; ExitCode=-1; worker control channel closed
2026-06-03T19:36:20.7497155+00:00	PipelineCompleted	Layer01Hub	
2026-06-03T19:36:20.7504789+00:00	WorkerStarting	Layer02Node08	meta-pipeline
2026-06-03T19:36:20.8953430+00:00	WorkerStarted	Layer02Node08	27228
2026-06-03T19:36:20.8958961+00:00	WorkerControlPipe	Layer02Node08	meta-orchestration-1849f6e144ea4836992e36bf872531ee
2026-06-03T19:36:20.8962946+00:00	WorkerLog	Layer02Node08	stdout=C:\Users\jimmy\Desktop\meta-bi\Samples\Demos\MetaOrchestrationHairballCliIntegration\Runs\hairball-seed-20260530\RunArtifacts\runs\20260603-193603_74360da14dd34e3a8b281efec21da86d\logs\Layer02Node08-27228.stdout.log; stderr=C:\Users\jimmy\Desktop\meta-bi\Samples\Demos\MetaOrchestrationHairballCliIntegration\Runs\hairball-seed-20260530\RunArtifacts\runs\20260603-193603_74360da14dd34e3a8b281efec21da86d\logs\Layer02Node08-27228.stderr.log
2026-06-03T19:36:20.8967774+00:00	WorkerEvent	BridgeL03L04	Closed; ExitCode=0; worker control channel closed
2026-06-03T19:36:20.8970381+00:00	WorkerProcessExited	BridgeL03L04	ExitCode=0; worker control channel closed
2026-06-03T19:36:20.8976387+00:00	WorkerDeferred	BridgeL03L04	ResumeTaskId=BridgeL03L04.bridge-l03-l04-collect
2026-06-03T19:36:20.8979567+00:00	WorkerProcessExited	Layer01Hub	ExitCode=0; worker process exited
2026-06-03T19:36:20.8995783+00:00	WorkerResuming	BridgeL03L04	ResumeTaskId=BridgeL03L04.bridge-l03-l04-collect; Executable=meta-pipeline
2026-06-03T19:36:21.0208700+00:00	WorkerStarted	BridgeL03L04	24192
2026-06-03T19:36:21.0213218+00:00	WorkerControlPipe	BridgeL03L04	meta-orchestration-e8b32dce03814c448d5eb275a23237df
2026-06-03T19:36:21.0217404+00:00	WorkerLog	BridgeL03L04	stdout=C:\Users\jimmy\Desktop\meta-bi\Samples\Demos\MetaOrchestrationHairballCliIntegration\Runs\hairball-seed-20260530\RunArtifacts\runs\20260603-193603_74360da14dd34e3a8b281efec21da86d\logs\BridgeL03L04-24192.stdout.log; stderr=C:\Users\jimmy\Desktop\meta-bi\Samples\Demos\MetaOrchestrationHairballCliIntegration\Runs\hairball-seed-20260530\RunArtifacts\runs\20260603-193603_74360da14dd34e3a8b281efec21da86d\logs\BridgeL03L04-24192.stderr.log
2026-06-03T19:36:21.0222454+00:00	WorkerEvent	Layer02Node08	WorkerOnline; ExitCode=0; online
2026-06-03T19:36:21.0229623+00:00	WorkerEvent	Layer02Node02	PipelineStarted; ExitCode=0; pipeline started
2026-06-03T19:36:21.0239860+00:00	WorkerEvent	Layer02Node08	WorkerReady; ExitCode=0; ready
2026-06-03T19:36:21.0282719+00:00	StartPipeline	Layer02Node08	Layer02Node08
2026-06-03T19:36:21.0291821+00:00	WorkerEvent	Layer02Node02.refresh-l02-n02	TaskReady; ExitCode=0; 
2026-06-03T19:36:21.0313796+00:00	GrantTask	Layer02Node02.refresh-l02-n02	Layer02Node02.refresh-l02-n02; GrantId=grant-25; Attempt=1
2026-06-03T19:36:21.0331758+00:00	WorkerEvent	Layer02Node02.refresh-l02-n02	GrantAccepted; ExitCode=0; 
2026-06-03T19:36:21.0354937+00:00	WorkerEvent	Layer02Node02.refresh-l02-n02	TaskStarted; ExitCode=0; 
2026-06-03T19:36:21.0562689+00:00	WorkerEvent	BridgeL03L04	WorkerOnline; ExitCode=0; online
2026-06-03T19:36:21.0620998+00:00	WorkerEvent	BridgeL03L04	WorkerReady; ExitCode=0; ready
2026-06-03T19:36:21.0673731+00:00	StartPipeline	BridgeL03L04	BridgeL03L04
2026-06-03T19:36:21.2273527+00:00	WorkerEvent	Layer02Node04	PipelineStarted; ExitCode=0; pipeline started
2026-06-03T19:36:21.2315969+00:00	WorkerEvent	Layer02Node04.export-l02-n04	TaskReady; ExitCode=0; 
2026-06-03T19:36:21.2351997+00:00	GrantTask	Layer02Node04.export-l02-n04	Layer02Node04.export-l02-n04; GrantId=grant-26; Attempt=1
2026-06-03T19:36:21.2358459+00:00	WorkerEvent	Layer02Node04.export-l02-n04	GrantAccepted; ExitCode=0; 
2026-06-03T19:36:21.2379948+00:00	WorkerEvent	Layer02Node04.export-l02-n04	TaskStarted; ExitCode=0; 
2026-06-03T19:36:21.2712110+00:00	WorkerEvent	Layer02Node01.select-l02-n01	TaskSucceeded; ExitCode=0; 
2026-06-03T19:36:21.2721941+00:00	TaskSucceeded	Layer02Node01.select-l02-n01	0
2026-06-03T19:36:21.2731707+00:00	WorkerDeferredForCapacity	BridgeL05L06	Deferred by orchestration to honor max active worker process capacity.
2026-06-03T19:36:21.2737506+00:00	StopPipeline	BridgeL05L06	Deferred by orchestration to honor max active worker process capacity.
2026-06-03T19:36:21.2749187+00:00	WorkerDeferredForCapacity	BridgeL07L08	Deferred by orchestration to honor max active worker process capacity.
2026-06-03T19:36:21.2755255+00:00	StopPipeline	BridgeL07L08	Deferred by orchestration to honor max active worker process capacity.
2026-06-03T19:36:21.2803047+00:00	WorkerEvent	Layer02Node01	Closed; ExitCode=-1; worker control channel closed
2026-06-03T19:36:21.2822000+00:00	PipelineCompleted	Layer02Node01	
2026-06-03T19:36:21.2833844+00:00	WorkerStarting	Layer03Node02	meta-pipeline
2026-06-03T19:36:21.4329151+00:00	WorkerStarted	Layer03Node02	13172
2026-06-03T19:36:21.4335028+00:00	WorkerControlPipe	Layer03Node02	meta-orchestration-c1626fecb4bc4f5384e44d9d47218727
2026-06-03T19:36:21.4339235+00:00	WorkerLog	Layer03Node02	stdout=C:\Users\jimmy\Desktop\meta-bi\Samples\Demos\MetaOrchestrationHairballCliIntegration\Runs\hairball-seed-20260530\RunArtifacts\runs\20260603-193603_74360da14dd34e3a8b281efec21da86d\logs\Layer03Node02-13172.stdout.log; stderr=C:\Users\jimmy\Desktop\meta-bi\Samples\Demos\MetaOrchestrationHairballCliIntegration\Runs\hairball-seed-20260530\RunArtifacts\runs\20260603-193603_74360da14dd34e3a8b281efec21da86d\logs\Layer03Node02-13172.stderr.log
2026-06-03T19:36:21.4344566+00:00	WorkerEvent	BridgeL05L06	Closed; ExitCode=-1; worker control channel closed
2026-06-03T19:36:21.4348321+00:00	WorkerProcessExited	BridgeL05L06	ExitCode=0; worker control channel closed
2026-06-03T19:36:21.4355207+00:00	WorkerDeferred	BridgeL05L06	ResumeTaskId=BridgeL05L06.bridge-l05-l06-collect
2026-06-03T19:36:21.4358822+00:00	WorkerEvent	BridgeL07L08	Closed; ExitCode=-1; worker control channel closed
2026-06-03T19:36:21.4362383+00:00	WorkerProcessExited	BridgeL07L08	ExitCode=0; worker control channel closed
2026-06-03T19:36:21.4368453+00:00	WorkerDeferred	BridgeL07L08	ResumeTaskId=BridgeL07L08.bridge-l07-l08-collect
2026-06-03T19:36:21.4372342+00:00	WorkerEvent	Layer03Node03	PipelineStarted; ExitCode=0; pipeline started
2026-06-03T19:36:21.4380018+00:00	WorkerProcessExited	Layer02Node01	ExitCode=0; worker process exited
2026-06-03T19:36:21.4383762+00:00	WorkerEvent	Layer03Node03.export-l03-n03	TaskReady; ExitCode=0; 
2026-06-03T19:36:21.4398533+00:00	GrantTask	Layer03Node03.export-l03-n03	Layer03Node03.export-l03-n03; GrantId=grant-27; Attempt=1
2026-06-03T19:36:21.4468628+00:00	WorkerStarting	Layer06Node02	meta-pipeline
2026-06-03T19:36:21.5722198+00:00	WorkerStarted	Layer06Node02	21560
2026-06-03T19:36:21.5728448+00:00	WorkerControlPipe	Layer06Node02	meta-orchestration-049bce0f878340039cd56c74f80f7507
2026-06-03T19:36:21.5733490+00:00	WorkerLog	Layer06Node02	stdout=C:\Users\jimmy\Desktop\meta-bi\Samples\Demos\MetaOrchestrationHairballCliIntegration\Runs\hairball-seed-20260530\RunArtifacts\runs\20260603-193603_74360da14dd34e3a8b281efec21da86d\logs\Layer06Node02-21560.stdout.log; stderr=C:\Users\jimmy\Desktop\meta-bi\Samples\Demos\MetaOrchestrationHairballCliIntegration\Runs\hairball-seed-20260530\RunArtifacts\runs\20260603-193603_74360da14dd34e3a8b281efec21da86d\logs\Layer06Node02-21560.stderr.log
2026-06-03T19:36:21.5781123+00:00	WorkerEvent	AuditHairball	PipelineStarted; ExitCode=0; pipeline started
2026-06-03T19:36:21.5799444+00:00	WorkerEvent	Layer03Node03.export-l03-n03	GrantAccepted; ExitCode=0; 
2026-06-03T19:36:21.5809212+00:00	WorkerEvent	Layer03Node02	WorkerOnline; ExitCode=0; online
2026-06-03T19:36:21.5817653+00:00	WorkerEvent	Layer02Node02.refresh-l02-n02	TaskSucceeded; ExitCode=0; 
2026-06-03T19:36:21.5826336+00:00	TaskSucceeded	Layer02Node02.refresh-l02-n02	0
2026-06-03T19:36:21.5831648+00:00	WorkerEvent	AuditHairball.audit-hairball	TaskReady; ExitCode=0; 
2026-06-03T19:36:21.5842887+00:00	WorkerEvent	Layer03Node03.export-l03-n03	TaskStarted; ExitCode=0; 
2026-06-03T19:36:21.5850678+00:00	WorkerEvent	Layer03Node02	WorkerReady; ExitCode=0; ready
2026-06-03T19:36:21.5999936+00:00	StartPipeline	Layer03Node02	Layer03Node02
2026-06-03T19:36:21.6026478+00:00	WorkerProcessExited	Layer02Node02	ExitCode=0; worker process exited
2026-06-03T19:36:21.6035388+00:00	PipelineCompleted	Layer02Node02	
2026-06-03T19:36:21.6056973+00:00	WorkerStarting	Layer02Node06	meta-pipeline
2026-06-03T19:36:21.8206474+00:00	WorkerStarted	Layer02Node06	28020
2026-06-03T19:36:21.8212234+00:00	WorkerControlPipe	Layer02Node06	meta-orchestration-119e26c2788d47b5a6380597e8dc7832
2026-06-03T19:36:21.8215939+00:00	WorkerLog	Layer02Node06	stdout=C:\Users\jimmy\Desktop\meta-bi\Samples\Demos\MetaOrchestrationHairballCliIntegration\Runs\hairball-seed-20260530\RunArtifacts\runs\20260603-193603_74360da14dd34e3a8b281efec21da86d\logs\Layer02Node06-28020.stdout.log; stderr=C:\Users\jimmy\Desktop\meta-bi\Samples\Demos\MetaOrchestrationHairballCliIntegration\Runs\hairball-seed-20260530\RunArtifacts\runs\20260603-193603_74360da14dd34e3a8b281efec21da86d\logs\Layer02Node06-28020.stderr.log
2026-06-03T19:36:21.8220310+00:00	WorkerEvent	Layer06Node02	WorkerOnline; ExitCode=0; online
2026-06-03T19:36:21.8230825+00:00	WorkerStarting	Layer03Node10	meta-pipeline
2026-06-03T19:36:22.0219617+00:00	WorkerStarted	Layer03Node10	23940
2026-06-03T19:36:22.0241267+00:00	WorkerControlPipe	Layer03Node10	meta-orchestration-b3cfde6f70954d5891570d7d3c0b532b
2026-06-03T19:36:22.0258475+00:00	WorkerLog	Layer03Node10	stdout=C:\Users\jimmy\Desktop\meta-bi\Samples\Demos\MetaOrchestrationHairballCliIntegration\Runs\hairball-seed-20260530\RunArtifacts\runs\20260603-193603_74360da14dd34e3a8b281efec21da86d\logs\Layer03Node10-23940.stdout.log; stderr=C:\Users\jimmy\Desktop\meta-bi\Samples\Demos\MetaOrchestrationHairballCliIntegration\Runs\hairball-seed-20260530\RunArtifacts\runs\20260603-193603_74360da14dd34e3a8b281efec21da86d\logs\Layer03Node10-23940.stderr.log
2026-06-03T19:36:22.0272556+00:00	WorkerEvent	Layer02Node08	PipelineStarted; ExitCode=0; pipeline started
2026-06-03T19:36:22.0280171+00:00	WorkerEvent	Layer06Node02	WorkerReady; ExitCode=0; ready
2026-06-03T19:36:22.0287617+00:00	StartPipeline	Layer06Node02	Layer06Node02
2026-06-03T19:36:22.0293959+00:00	WorkerEvent	Layer02Node08.refresh-l02-n08	TaskReady; ExitCode=0; 
2026-06-03T19:36:22.0299894+00:00	WorkerEvent	Layer02Node06	WorkerOnline; ExitCode=0; online
2026-06-03T19:36:22.0437937+00:00	GrantTask	Layer02Node08.refresh-l02-n08	Layer02Node08.refresh-l02-n08; GrantId=grant-28; Attempt=1
2026-06-03T19:36:22.0478815+00:00	WorkerEvent	Layer02Node06	WorkerReady; ExitCode=0; ready
2026-06-03T19:36:22.0604378+00:00	StartPipeline	Layer02Node06	Layer02Node06
2026-06-03T19:36:22.0637302+00:00	WorkerEvent	Layer02Node08.refresh-l02-n08	GrantAccepted; ExitCode=0; 
2026-06-03T19:36:22.0659881+00:00	WorkerEvent	Layer03Node10	WorkerOnline; ExitCode=0; online
2026-06-03T19:36:22.0683154+00:00	WorkerEvent	Layer02Node08.refresh-l02-n08	TaskStarted; ExitCode=0; 
2026-06-03T19:36:22.0691440+00:00	WorkerEvent	Layer03Node10	WorkerReady; ExitCode=0; ready
2026-06-03T19:36:22.0768889+00:00	StartPipeline	Layer03Node10	Layer03Node10
2026-06-03T19:36:22.0803248+00:00	WorkerEvent	Layer02Node04.export-l02-n04	TaskSucceeded; ExitCode=0; 
2026-06-03T19:36:22.0813866+00:00	TaskSucceeded	Layer02Node04.export-l02-n04	0
2026-06-03T19:36:22.0817856+00:00	WorkerProcessExited	Layer02Node04	ExitCode=0; worker process exited
2026-06-03T19:36:22.0871529+00:00	PipelineCompleted	Layer02Node04	
2026-06-03T19:36:22.0879463+00:00	WorkerStarting	Layer02Node07	meta-pipeline
2026-06-03T19:36:22.2769672+00:00	WorkerStarted	Layer02Node07	27120
2026-06-03T19:36:22.2777371+00:00	WorkerControlPipe	Layer02Node07	meta-orchestration-04b7dd542c704bf28f56e1b3d7bcc97f
2026-06-03T19:36:22.2781187+00:00	WorkerLog	Layer02Node07	stdout=C:\Users\jimmy\Desktop\meta-bi\Samples\Demos\MetaOrchestrationHairballCliIntegration\Runs\hairball-seed-20260530\RunArtifacts\runs\20260603-193603_74360da14dd34e3a8b281efec21da86d\logs\Layer02Node07-27120.stdout.log; stderr=C:\Users\jimmy\Desktop\meta-bi\Samples\Demos\MetaOrchestrationHairballCliIntegration\Runs\hairball-seed-20260530\RunArtifacts\runs\20260603-193603_74360da14dd34e3a8b281efec21da86d\logs\Layer02Node07-27120.stderr.log
2026-06-03T19:36:22.2786875+00:00	WorkerEvent	BridgeL01L02	PipelineStarted; ExitCode=0; pipeline started
2026-06-03T19:36:22.2806573+00:00	WorkerEvent	BridgeL01L02.bridge-l01-l02-collect	TaskReady; ExitCode=0; 
2026-06-03T19:36:22.3116329+00:00	WorkerEvent	Layer02Node07	WorkerOnline; ExitCode=0; online
2026-06-03T19:36:22.3186184+00:00	WorkerEvent	Layer02Node07	WorkerReady; ExitCode=0; ready
2026-06-03T19:36:22.3300905+00:00	StartPipeline	Layer02Node07	Layer02Node07
2026-06-03T19:36:22.4354864+00:00	WorkerEvent	Layer03Node03.export-l03-n03	TaskSucceeded; ExitCode=0; 
2026-06-03T19:36:22.4366760+00:00	TaskSucceeded	Layer03Node03.export-l03-n03	0
2026-06-03T19:36:22.4396441+00:00	WorkerEvent	Layer03Node03	Closed; ExitCode=-1; worker control channel closed
2026-06-03T19:36:22.4426743+00:00	PipelineCompleted	Layer03Node03	
2026-06-03T19:36:22.4458480+00:00	WorkerResuming	BridgeL05L06	ResumeTaskId=BridgeL05L06.bridge-l05-l06-collect; Executable=meta-pipeline
2026-06-03T19:36:22.5986390+00:00	WorkerStarted	BridgeL05L06	24136
2026-06-03T19:36:22.5992550+00:00	WorkerControlPipe	BridgeL05L06	meta-orchestration-a62084c6c539474a9a82051499c15271
2026-06-03T19:36:22.5996237+00:00	WorkerLog	BridgeL05L06	stdout=C:\Users\jimmy\Desktop\meta-bi\Samples\Demos\MetaOrchestrationHairballCliIntegration\Runs\hairball-seed-20260530\RunArtifacts\runs\20260603-193603_74360da14dd34e3a8b281efec21da86d\logs\BridgeL05L06-24136.stdout.log; stderr=C:\Users\jimmy\Desktop\meta-bi\Samples\Demos\MetaOrchestrationHairballCliIntegration\Runs\hairball-seed-20260530\RunArtifacts\runs\20260603-193603_74360da14dd34e3a8b281efec21da86d\logs\BridgeL05L06-24136.stderr.log
2026-06-03T19:36:22.6001925+00:00	WorkerEvent	BridgeL03L04	PipelineStarted; ExitCode=0; pipeline started
2026-06-03T19:36:22.6010968+00:00	WorkerProcessExited	Layer03Node03	ExitCode=0; worker process exited
2026-06-03T19:36:22.6034060+00:00	WorkerEvent	BridgeL03L04.bridge-l03-l04-collect	TaskReady; ExitCode=0; 
2026-06-03T19:36:22.6323382+00:00	WorkerEvent	BridgeL05L06	WorkerOnline; ExitCode=0; online
2026-06-03T19:36:22.6356981+00:00	WorkerEvent	BridgeL05L06	WorkerReady; ExitCode=0; ready
2026-06-03T19:36:22.6388910+00:00	StartPipeline	BridgeL05L06	BridgeL05L06
2026-06-03T19:36:22.6716846+00:00	WorkerEvent	Layer02Node08.refresh-l02-n08	TaskSucceeded; ExitCode=0; 
2026-06-03T19:36:22.6787517+00:00	TaskSucceeded	Layer02Node08.refresh-l02-n08	0
2026-06-03T19:36:22.6801974+00:00	WorkerDeferredForCapacity	AuditHairball	Deferred by orchestration to honor max active worker process capacity.
2026-06-03T19:36:22.6806162+00:00	StopPipeline	AuditHairball	Deferred by orchestration to honor max active worker process capacity.
2026-06-03T19:36:22.6857771+00:00	WorkerDeferredForCapacity	BridgeL01L02	Deferred by orchestration to honor max active worker process capacity.
2026-06-03T19:36:22.6867981+00:00	StopPipeline	BridgeL01L02	Deferred by orchestration to honor max active worker process capacity.
2026-06-03T19:36:22.6876242+00:00	WorkerEvent	Layer02Node08	Closed; ExitCode=-1; worker control channel closed
2026-06-03T19:36:22.6884758+00:00	PipelineCompleted	Layer02Node08	
2026-06-03T19:36:22.6890595+00:00	WorkerEvent	AuditHairball	Closed; ExitCode=-1; worker control channel closed
2026-06-03T19:36:22.6894749+00:00	WorkerProcessExited	AuditHairball	ExitCode=0; worker control channel closed
2026-06-03T19:36:22.6910560+00:00	WorkerDeferred	AuditHairball	ResumeTaskId=AuditHairball.audit-hairball
2026-06-03T19:36:22.6915898+00:00	WorkerEvent	Layer03Node02	PipelineStarted; ExitCode=0; pipeline started
2026-06-03T19:36:22.6934997+00:00	WorkerStarting	Layer03Node06	meta-pipeline
2026-06-03T19:36:22.8471544+00:00	WorkerStarted	Layer03Node06	1328
2026-06-03T19:36:22.8477046+00:00	WorkerControlPipe	Layer03Node06	meta-orchestration-757c7806f3b54bddbab1e5476e007514
2026-06-03T19:36:22.8487294+00:00	WorkerLog	Layer03Node06	stdout=C:\Users\jimmy\Desktop\meta-bi\Samples\Demos\MetaOrchestrationHairballCliIntegration\Runs\hairball-seed-20260530\RunArtifacts\runs\20260603-193603_74360da14dd34e3a8b281efec21da86d\logs\Layer03Node06-1328.stdout.log; stderr=C:\Users\jimmy\Desktop\meta-bi\Samples\Demos\MetaOrchestrationHairballCliIntegration\Runs\hairball-seed-20260530\RunArtifacts\runs\20260603-193603_74360da14dd34e3a8b281efec21da86d\logs\Layer03Node06-1328.stderr.log
2026-06-03T19:36:22.8499136+00:00	WorkerEvent	BridgeL01L02	Closed; ExitCode=-1; worker control channel closed
2026-06-03T19:36:22.8511826+00:00	WorkerProcessExited	BridgeL01L02	ExitCode=0; worker control channel closed
2026-06-03T19:36:22.8521942+00:00	WorkerDeferred	BridgeL01L02	ResumeTaskId=BridgeL01L02.bridge-l01-l02-collect
2026-06-03T19:36:22.8525878+00:00	WorkerEvent	Layer03Node02.export-l03-n02	TaskReady; ExitCode=0; 
2026-06-03T19:36:22.8533143+00:00	WorkerProcessExited	Layer02Node08	ExitCode=0; worker process exited
2026-06-03T19:36:22.8562843+00:00	GrantTask	Layer03Node02.export-l03-n02	Layer03Node02.export-l03-n02; GrantId=grant-29; Attempt=1
2026-06-03T19:36:22.8570361+00:00	WorkerStarting	Layer04Node03	meta-pipeline
2026-06-03T19:36:22.9881462+00:00	WorkerStarted	Layer04Node03	20492
2026-06-03T19:36:22.9885063+00:00	WorkerControlPipe	Layer04Node03	meta-orchestration-2e4db461d97c4f63bc0921a9956ad945
2026-06-03T19:36:22.9889756+00:00	WorkerLog	Layer04Node03	stdout=C:\Users\jimmy\Desktop\meta-bi\Samples\Demos\MetaOrchestrationHairballCliIntegration\Runs\hairball-seed-20260530\RunArtifacts\runs\20260603-193603_74360da14dd34e3a8b281efec21da86d\logs\Layer04Node03-20492.stdout.log; stderr=C:\Users\jimmy\Desktop\meta-bi\Samples\Demos\MetaOrchestrationHairballCliIntegration\Runs\hairball-seed-20260530\RunArtifacts\runs\20260603-193603_74360da14dd34e3a8b281efec21da86d\logs\Layer04Node03-20492.stderr.log
2026-06-03T19:36:22.9895530+00:00	WorkerEvent	Layer06Node02	PipelineStarted; ExitCode=0; pipeline started
2026-06-03T19:36:22.9903346+00:00	WorkerEvent	Layer03Node06	WorkerOnline; ExitCode=0; online
2026-06-03T19:36:22.9915087+00:00	WorkerEvent	Layer03Node02.export-l03-n02	GrantAccepted; ExitCode=0; 
2026-06-03T19:36:22.9928485+00:00	WorkerEvent	Layer02Node06	PipelineStarted; ExitCode=0; pipeline started
2026-06-03T19:36:22.9948784+00:00	WorkerResuming	AuditHairball	ResumeTaskId=AuditHairball.audit-hairball; Executable=meta-pipeline
2026-06-03T19:36:23.0931941+00:00	WorkerStarted	AuditHairball	21476
2026-06-03T19:36:23.0935519+00:00	WorkerControlPipe	AuditHairball	meta-orchestration-af3a591e9f9241b380266a8727b21efa
2026-06-03T19:36:23.0939155+00:00	WorkerLog	AuditHairball	stdout=C:\Users\jimmy\Desktop\meta-bi\Samples\Demos\MetaOrchestrationHairballCliIntegration\Runs\hairball-seed-20260530\RunArtifacts\runs\20260603-193603_74360da14dd34e3a8b281efec21da86d\logs\AuditHairball-21476.stdout.log; stderr=C:\Users\jimmy\Desktop\meta-bi\Samples\Demos\MetaOrchestrationHairballCliIntegration\Runs\hairball-seed-20260530\RunArtifacts\runs\20260603-193603_74360da14dd34e3a8b281efec21da86d\logs\AuditHairball-21476.stderr.log
2026-06-03T19:36:23.0943538+00:00	WorkerEvent	Layer04Node03	WorkerOnline; ExitCode=0; online
2026-06-03T19:36:23.0949185+00:00	WorkerEvent	Layer03Node10	PipelineStarted; ExitCode=0; pipeline started
2026-06-03T19:36:23.0955444+00:00	WorkerEvent	Layer04Node03	WorkerReady; ExitCode=0; ready
2026-06-03T19:36:23.0992994+00:00	StartPipeline	Layer04Node03	Layer04Node03
2026-06-03T19:36:23.1002016+00:00	WorkerEvent	Layer03Node10.refresh-l03-n10	TaskReady; ExitCode=0; 
2026-06-03T19:36:23.1008011+00:00	WorkerEvent	Layer06Node02.export-l06-n02	TaskReady; ExitCode=0; 
2026-06-03T19:36:23.1015124+00:00	WorkerEvent	Layer03Node06	WorkerReady; ExitCode=0; ready
2026-06-03T19:36:23.1021886+00:00	StartPipeline	Layer03Node06	Layer03Node06
2026-06-03T19:36:23.1028311+00:00	WorkerEvent	Layer03Node02.export-l03-n02	TaskStarted; ExitCode=0; 
2026-06-03T19:36:23.1033620+00:00	WorkerEvent	Layer02Node06.refresh-l02-n06	TaskReady; ExitCode=0; 
2026-06-03T19:36:23.1056496+00:00	GrantTask	Layer02Node06.refresh-l02-n06	Layer02Node06.refresh-l02-n06; GrantId=grant-30; Attempt=1
2026-06-03T19:36:23.1066611+00:00	GrantTask	Layer03Node10.refresh-l03-n10	Layer03Node10.refresh-l03-n10; GrantId=grant-31; Attempt=1
2026-06-03T19:36:23.1092382+00:00	GrantTask	Layer06Node02.export-l06-n02	Layer06Node02.export-l06-n02; GrantId=grant-32; Attempt=1
2026-06-03T19:36:23.1154854+00:00	WorkerEvent	Layer02Node06.refresh-l02-n06	GrantAccepted; ExitCode=0; 
2026-06-03T19:36:23.1204102+00:00	WorkerEvent	Layer03Node10.refresh-l03-n10	GrantAccepted; ExitCode=0; 
2026-06-03T19:36:23.1265176+00:00	WorkerEvent	Layer06Node02.export-l06-n02	GrantAccepted; ExitCode=0; 
2026-06-03T19:36:23.1288329+00:00	WorkerEvent	Layer02Node06.refresh-l02-n06	TaskStarted; ExitCode=0; 
2026-06-03T19:36:23.1308885+00:00	WorkerEvent	Layer03Node10.refresh-l03-n10	TaskStarted; ExitCode=0; 
2026-06-03T19:36:23.1316516+00:00	WorkerEvent	AuditHairball	WorkerOnline; ExitCode=0; online
2026-06-03T19:36:23.1323206+00:00	WorkerEvent	Layer06Node02.export-l06-n02	TaskStarted; ExitCode=0; 
2026-06-03T19:36:23.1329969+00:00	WorkerEvent	AuditHairball	WorkerReady; ExitCode=0; ready
2026-06-03T19:36:23.1378878+00:00	StartPipeline	AuditHairball	AuditHairball
2026-06-03T19:36:23.1387745+00:00	WorkerEvent	Layer02Node07	PipelineStarted; ExitCode=0; pipeline started
2026-06-03T19:36:23.1431966+00:00	WorkerEvent	Layer02Node07.refresh-l02-n07	TaskReady; ExitCode=0; 
2026-06-03T19:36:23.1464534+00:00	GrantTask	Layer02Node07.refresh-l02-n07	Layer02Node07.refresh-l02-n07; GrantId=grant-33; Attempt=1
2026-06-03T19:36:23.1489807+00:00	WorkerEvent	Layer02Node07.refresh-l02-n07	GrantAccepted; ExitCode=0; 
2026-06-03T19:36:23.1521121+00:00	WorkerEvent	Layer02Node07.refresh-l02-n07	TaskStarted; ExitCode=0; 
2026-06-03T19:36:23.7718972+00:00	WorkerEvent	Layer02Node06.refresh-l02-n06	TaskSucceeded; ExitCode=0; 
2026-06-03T19:36:23.7856405+00:00	TaskSucceeded	Layer02Node06.refresh-l02-n06	0
2026-06-03T19:36:23.7870961+00:00	WorkerDeferredForCapacity	BridgeL03L04	Deferred by orchestration to honor max active worker process capacity.
2026-06-03T19:36:23.7875929+00:00	StopPipeline	BridgeL03L04	Deferred by orchestration to honor max active worker process capacity.
2026-06-03T19:36:23.7880376+00:00	WorkerProcessExited	Layer02Node06	ExitCode=0; worker process exited
2026-06-03T19:36:23.7888403+00:00	PipelineCompleted	Layer02Node06	
2026-06-03T19:36:23.7900998+00:00	WorkerStarting	Layer06Node06	meta-pipeline
2026-06-03T19:36:23.9463818+00:00	WorkerStarted	Layer06Node06	30384
2026-06-03T19:36:23.9467194+00:00	WorkerControlPipe	Layer06Node06	meta-orchestration-b896ee7f3f594cc89021c7c31013a8cc
2026-06-03T19:36:23.9470913+00:00	WorkerLog	Layer06Node06	stdout=C:\Users\jimmy\Desktop\meta-bi\Samples\Demos\MetaOrchestrationHairballCliIntegration\Runs\hairball-seed-20260530\RunArtifacts\runs\20260603-193603_74360da14dd34e3a8b281efec21da86d\logs\Layer06Node06-30384.stdout.log; stderr=C:\Users\jimmy\Desktop\meta-bi\Samples\Demos\MetaOrchestrationHairballCliIntegration\Runs\hairball-seed-20260530\RunArtifacts\runs\20260603-193603_74360da14dd34e3a8b281efec21da86d\logs\Layer06Node06-30384.stderr.log
2026-06-03T19:36:23.9476647+00:00	WorkerEvent	Layer03Node10.refresh-l03-n10	TaskSucceeded; ExitCode=0; 
2026-06-03T19:36:23.9488681+00:00	TaskSucceeded	Layer03Node10.refresh-l03-n10	0
2026-06-03T19:36:23.9496755+00:00	WorkerEvent	BridgeL03L04	Closed; ExitCode=0; worker control channel closed
2026-06-03T19:36:23.9502576+00:00	WorkerProcessExited	BridgeL03L04	ExitCode=0; worker control channel closed
2026-06-03T19:36:23.9516461+00:00	WorkerDeferred	BridgeL03L04	ResumeTaskId=BridgeL03L04.bridge-l03-l04-collect
2026-06-03T19:36:23.9520061+00:00	WorkerEvent	Layer02Node07.refresh-l02-n07	TaskSucceeded; ExitCode=0; 
2026-06-03T19:36:23.9526318+00:00	TaskSucceeded	Layer02Node07.refresh-l02-n07	0
2026-06-03T19:36:23.9531805+00:00	WorkerEvent	Layer03Node02.export-l03-n02	TaskSucceeded; ExitCode=0; 
2026-06-03T19:36:23.9544256+00:00	TaskSucceeded	Layer03Node02.export-l03-n02	0
2026-06-03T19:36:23.9549348+00:00	WorkerProcessExited	Layer03Node02	ExitCode=0; worker process exited
2026-06-03T19:36:23.9557172+00:00	PipelineCompleted	Layer03Node02	
2026-06-03T19:36:23.9560399+00:00	WorkerProcessExited	Layer03Node10	ExitCode=0; worker process exited
2026-06-03T19:36:23.9566762+00:00	PipelineCompleted	Layer03Node10	
2026-06-03T19:36:23.9570952+00:00	WorkerProcessExited	Layer02Node07	ExitCode=0; worker process exited
2026-06-03T19:36:23.9582833+00:00	PipelineCompleted	Layer02Node07	
2026-06-03T19:36:23.9596842+00:00	GrantTask	Layer02Hub.hub-l02-stage	Layer02Hub.hub-l02-stage; GrantId=grant-34; Attempt=1
2026-06-03T19:36:23.9600383+00:00	WorkerStarting	Layer06Node09	meta-pipeline
2026-06-03T19:36:24.0661752+00:00	WorkerStarted	Layer06Node09	27288
2026-06-03T19:36:24.0665004+00:00	WorkerControlPipe	Layer06Node09	meta-orchestration-a59439ad375b44769494da58008701b9
2026-06-03T19:36:24.0668690+00:00	WorkerLog	Layer06Node09	stdout=C:\Users\jimmy\Desktop\meta-bi\Samples\Demos\MetaOrchestrationHairballCliIntegration\Runs\hairball-seed-20260530\RunArtifacts\runs\20260603-193603_74360da14dd34e3a8b281efec21da86d\logs\Layer06Node09-27288.stdout.log; stderr=C:\Users\jimmy\Desktop\meta-bi\Samples\Demos\MetaOrchestrationHairballCliIntegration\Runs\hairball-seed-20260530\RunArtifacts\runs\20260603-193603_74360da14dd34e3a8b281efec21da86d\logs\Layer06Node09-27288.stderr.log
2026-06-03T19:36:24.0673592+00:00	WorkerEvent	Layer06Node02.export-l06-n02	TaskSucceeded; ExitCode=0; 
2026-06-03T19:36:24.0681766+00:00	TaskSucceeded	Layer06Node02.export-l06-n02	0
2026-06-03T19:36:24.0686198+00:00	WorkerEvent	Layer04Node03	PipelineStarted; ExitCode=0; pipeline started
2026-06-03T19:36:24.0692148+00:00	WorkerEvent	Layer02Hub.hub-l02-stage	GrantAccepted; ExitCode=0; 
2026-06-03T19:36:24.0699560+00:00	WorkerEvent	BridgeL05L06	PipelineStarted; ExitCode=0; pipeline started
2026-06-03T19:36:24.0705208+00:00	WorkerEvent	Layer04Node03.refresh-l04-n03	TaskReady; ExitCode=0; 
2026-06-03T19:36:24.0711287+00:00	WorkerEvent	Layer02Hub.hub-l02-stage	TaskStarted; ExitCode=0; 
2026-06-03T19:36:24.0716150+00:00	WorkerEvent	BridgeL05L06.bridge-l05-l06-collect	TaskReady; ExitCode=0; 
2026-06-03T19:36:24.0722801+00:00	WorkerEvent	Layer06Node06	WorkerOnline; ExitCode=0; online
2026-06-03T19:36:24.0734153+00:00	WorkerProcessExited	Layer06Node02	ExitCode=0; worker process exited
2026-06-03T19:36:24.0744012+00:00	PipelineCompleted	Layer06Node02	
2026-06-03T19:36:24.0748818+00:00	WorkerEvent	Layer06Node06	WorkerReady; ExitCode=0; ready
2026-06-03T19:36:24.0784676+00:00	StartPipeline	Layer06Node06	Layer06Node06
2026-06-03T19:36:24.0807850+00:00	GrantTask	Layer04Node03.refresh-l04-n03	Layer04Node03.refresh-l04-n03; GrantId=grant-35; Attempt=1
2026-06-03T19:36:24.0812539+00:00	WorkerResuming	BridgeL01L02	ResumeTaskId=BridgeL01L02.bridge-l01-l02-collect; Executable=meta-pipeline
2026-06-03T19:36:24.1745300+00:00	WorkerStarted	BridgeL01L02	28856
2026-06-03T19:36:24.1752836+00:00	WorkerControlPipe	BridgeL01L02	meta-orchestration-c5874f110c9f4ebc8079720a7a73a26f
2026-06-03T19:36:24.1756988+00:00	WorkerLog	BridgeL01L02	stdout=C:\Users\jimmy\Desktop\meta-bi\Samples\Demos\MetaOrchestrationHairballCliIntegration\Runs\hairball-seed-20260530\RunArtifacts\runs\20260603-193603_74360da14dd34e3a8b281efec21da86d\logs\BridgeL01L02-28856.stdout.log; stderr=C:\Users\jimmy\Desktop\meta-bi\Samples\Demos\MetaOrchestrationHairballCliIntegration\Runs\hairball-seed-20260530\RunArtifacts\runs\20260603-193603_74360da14dd34e3a8b281efec21da86d\logs\BridgeL01L02-28856.stderr.log
2026-06-03T19:36:24.1760877+00:00	WorkerEvent	AuditHairball	PipelineStarted; ExitCode=0; pipeline started
2026-06-03T19:36:24.1768648+00:00	WorkerEvent	Layer04Node03.refresh-l04-n03	GrantAccepted; ExitCode=0; 
2026-06-03T19:36:24.1776339+00:00	WorkerEvent	AuditHairball.audit-hairball	TaskReady; ExitCode=0; 
2026-06-03T19:36:24.1783001+00:00	WorkerEvent	Layer04Node03.refresh-l04-n03	TaskStarted; ExitCode=0; 
2026-06-03T19:36:24.1788977+00:00	WorkerEvent	Layer03Node06	PipelineStarted; ExitCode=0; pipeline started
2026-06-03T19:36:24.1794725+00:00	WorkerEvent	Layer06Node09	WorkerOnline; ExitCode=0; online
2026-06-03T19:36:24.1803289+00:00	WorkerEvent	Layer03Node06.refresh-l03-n06	TaskReady; ExitCode=0; 
2026-06-03T19:36:24.1815320+00:00	WorkerEvent	Layer06Node09	WorkerReady; ExitCode=0; ready
2026-06-03T19:36:24.1867199+00:00	StartPipeline	Layer06Node09	Layer06Node09
2026-06-03T19:36:24.1901051+00:00	GrantTask	Layer03Node06.refresh-l03-n06	Layer03Node06.refresh-l03-n06; GrantId=grant-36; Attempt=1
2026-06-03T19:36:24.1910578+00:00	WorkerResuming	BridgeL03L04	ResumeTaskId=BridgeL03L04.bridge-l03-l04-collect; Executable=meta-pipeline
2026-06-03T19:36:24.3135700+00:00	WorkerStarted	BridgeL03L04	20060
2026-06-03T19:36:24.3142519+00:00	WorkerControlPipe	BridgeL03L04	meta-orchestration-2473e9131d9e45249dee988652b1a799
2026-06-03T19:36:24.3148741+00:00	WorkerLog	BridgeL03L04	stdout=C:\Users\jimmy\Desktop\meta-bi\Samples\Demos\MetaOrchestrationHairballCliIntegration\Runs\hairball-seed-20260530\RunArtifacts\runs\20260603-193603_74360da14dd34e3a8b281efec21da86d\logs\BridgeL03L04-20060.stdout.log; stderr=C:\Users\jimmy\Desktop\meta-bi\Samples\Demos\MetaOrchestrationHairballCliIntegration\Runs\hairball-seed-20260530\RunArtifacts\runs\20260603-193603_74360da14dd34e3a8b281efec21da86d\logs\BridgeL03L04-20060.stderr.log
2026-06-03T19:36:24.3154868+00:00	WorkerEvent	BridgeL01L02	WorkerOnline; ExitCode=0; online
2026-06-03T19:36:24.3173929+00:00	WorkerEvent	Layer03Node06.refresh-l03-n06	GrantAccepted; ExitCode=0; 
2026-06-03T19:36:24.3194855+00:00	WorkerResuming	BridgeL07L08	ResumeTaskId=BridgeL07L08.bridge-l07-l08-collect; Executable=meta-pipeline
2026-06-03T19:36:24.4662639+00:00	WorkerStarted	BridgeL07L08	22116
2026-06-03T19:36:24.4668552+00:00	WorkerControlPipe	BridgeL07L08	meta-orchestration-565676853fe2406096fcaae8d8a70b44
2026-06-03T19:36:24.4672192+00:00	WorkerLog	BridgeL07L08	stdout=C:\Users\jimmy\Desktop\meta-bi\Samples\Demos\MetaOrchestrationHairballCliIntegration\Runs\hairball-seed-20260530\RunArtifacts\runs\20260603-193603_74360da14dd34e3a8b281efec21da86d\logs\BridgeL07L08-22116.stdout.log; stderr=C:\Users\jimmy\Desktop\meta-bi\Samples\Demos\MetaOrchestrationHairballCliIntegration\Runs\hairball-seed-20260530\RunArtifacts\runs\20260603-193603_74360da14dd34e3a8b281efec21da86d\logs\BridgeL07L08-22116.stderr.log
2026-06-03T19:36:24.4676874+00:00	WorkerEvent	BridgeL01L02	WorkerReady; ExitCode=0; ready
2026-06-03T19:36:24.4684706+00:00	StartPipeline	BridgeL01L02	BridgeL01L02
2026-06-03T19:36:24.4691610+00:00	WorkerEvent	Layer03Node06.refresh-l03-n06	TaskStarted; ExitCode=0; 
2026-06-03T19:36:24.4697915+00:00	WorkerEvent	BridgeL03L04	WorkerOnline; ExitCode=0; online
2026-06-03T19:36:24.4719225+00:00	WorkerStarting	Layer03Hub	meta-pipeline
2026-06-03T19:36:24.6320380+00:00	WorkerStarted	Layer03Hub	20268
2026-06-03T19:36:24.6325797+00:00	WorkerControlPipe	Layer03Hub	meta-orchestration-9d86cbdd8707431f91bbb7a8fd4ba68d
2026-06-03T19:36:24.6331347+00:00	WorkerLog	Layer03Hub	stdout=C:\Users\jimmy\Desktop\meta-bi\Samples\Demos\MetaOrchestrationHairballCliIntegration\Runs\hairball-seed-20260530\RunArtifacts\runs\20260603-193603_74360da14dd34e3a8b281efec21da86d\logs\Layer03Hub-20268.stdout.log; stderr=C:\Users\jimmy\Desktop\meta-bi\Samples\Demos\MetaOrchestrationHairballCliIntegration\Runs\hairball-seed-20260530\RunArtifacts\runs\20260603-193603_74360da14dd34e3a8b281efec21da86d\logs\Layer03Hub-20268.stderr.log
2026-06-03T19:36:24.6337801+00:00	WorkerEvent	BridgeL07L08	WorkerOnline; ExitCode=0; online
2026-06-03T19:36:24.6349564+00:00	WorkerEvent	Layer02Hub.hub-l02-stage	TaskSucceeded; ExitCode=0; 
2026-06-03T19:36:24.6360268+00:00	TaskSucceeded	Layer02Hub.hub-l02-stage	0
2026-06-03T19:36:24.6365960+00:00	WorkerEvent	BridgeL03L04	WorkerReady; ExitCode=0; ready
2026-06-03T19:36:24.6374134+00:00	StartPipeline	BridgeL03L04	BridgeL03L04
2026-06-03T19:36:24.6380705+00:00	WorkerEvent	BridgeL07L08	WorkerReady; ExitCode=0; ready
2026-06-03T19:36:24.6473007+00:00	StartPipeline	BridgeL07L08	BridgeL07L08
2026-06-03T19:36:24.6492317+00:00	WorkerEvent	Layer02Hub.hub-l02-curate	TaskReady; ExitCode=0; 
2026-06-03T19:36:24.6526416+00:00	GrantTask	Layer02Hub.hub-l02-curate	Layer02Hub.hub-l02-curate; GrantId=grant-37; Attempt=1
2026-06-03T19:36:24.6548008+00:00	WorkerEvent	Layer02Hub.hub-l02-curate	GrantAccepted; ExitCode=0; 
2026-06-03T19:36:24.6575865+00:00	WorkerEvent	Layer02Hub.hub-l02-curate	TaskStarted; ExitCode=0; 
2026-06-03T19:36:24.6692334+00:00	WorkerEvent	Layer03Hub	WorkerOnline; ExitCode=0; online
2026-06-03T19:36:24.6775340+00:00	WorkerEvent	Layer03Hub	WorkerReady; ExitCode=0; ready
2026-06-03T19:36:24.6816065+00:00	StartPipeline	Layer03Hub	Layer03Hub
2026-06-03T19:36:24.7520218+00:00	WorkerEvent	Layer04Node03.refresh-l04-n03	TaskSucceeded; ExitCode=0; 
2026-06-03T19:36:24.7543106+00:00	TaskSucceeded	Layer04Node03.refresh-l04-n03	0
2026-06-03T19:36:24.7583959+00:00	WorkerEvent	Layer04Node03	Closed; ExitCode=-1; worker control channel closed
2026-06-03T19:36:24.7594825+00:00	PipelineCompleted	Layer04Node03	
2026-06-03T19:36:24.7637475+00:00	WorkerStarting	Layer03Node01	meta-pipeline
2026-06-03T19:36:24.9219242+00:00	WorkerStarted	Layer03Node01	4688
2026-06-03T19:36:24.9225295+00:00	WorkerControlPipe	Layer03Node01	meta-orchestration-56111edd425641a2bff31bb783619b1c
2026-06-03T19:36:24.9228779+00:00	WorkerLog	Layer03Node01	stdout=C:\Users\jimmy\Desktop\meta-bi\Samples\Demos\MetaOrchestrationHairballCliIntegration\Runs\hairball-seed-20260530\RunArtifacts\runs\20260603-193603_74360da14dd34e3a8b281efec21da86d\logs\Layer03Node01-4688.stdout.log; stderr=C:\Users\jimmy\Desktop\meta-bi\Samples\Demos\MetaOrchestrationHairballCliIntegration\Runs\hairball-seed-20260530\RunArtifacts\runs\20260603-193603_74360da14dd34e3a8b281efec21da86d\logs\Layer03Node01-4688.stderr.log
2026-06-03T19:36:24.9233548+00:00	WorkerEvent	Layer02Hub.hub-l02-curate	TaskSucceeded; ExitCode=0; 
2026-06-03T19:36:24.9243823+00:00	TaskSucceeded	Layer02Hub.hub-l02-curate	0
2026-06-03T19:36:24.9251730+00:00	WorkerEvent	Layer03Node06.refresh-l03-n06	TaskSucceeded; ExitCode=0; 
2026-06-03T19:36:24.9257993+00:00	TaskSucceeded	Layer03Node06.refresh-l03-n06	0
2026-06-03T19:36:24.9261379+00:00	WorkerProcessExited	Layer04Node03	ExitCode=0; worker process exited
2026-06-03T19:36:24.9265199+00:00	WorkerEvent	Layer02Hub.hub-l02-publish	TaskReady; ExitCode=0; 
2026-06-03T19:36:24.9272853+00:00	WorkerProcessExited	Layer03Node06	ExitCode=0; worker process exited
2026-06-03T19:36:24.9278843+00:00	PipelineCompleted	Layer03Node06	
2026-06-03T19:36:24.9287939+00:00	GrantTask	Layer02Hub.hub-l02-publish	Layer02Hub.hub-l02-publish; GrantId=grant-38; Attempt=1
2026-06-03T19:36:24.9291290+00:00	WorkerStarting	Layer03Node07	meta-pipeline
2026-06-03T19:36:25.0700795+00:00	WorkerStarted	Layer03Node07	31396
2026-06-03T19:36:25.0705125+00:00	WorkerControlPipe	Layer03Node07	meta-orchestration-2cad2c6f61af4448a1a639bdaae64de0
2026-06-03T19:36:25.0709056+00:00	WorkerLog	Layer03Node07	stdout=C:\Users\jimmy\Desktop\meta-bi\Samples\Demos\MetaOrchestrationHairballCliIntegration\Runs\hairball-seed-20260530\RunArtifacts\runs\20260603-193603_74360da14dd34e3a8b281efec21da86d\logs\Layer03Node07-31396.stdout.log; stderr=C:\Users\jimmy\Desktop\meta-bi\Samples\Demos\MetaOrchestrationHairballCliIntegration\Runs\hairball-seed-20260530\RunArtifacts\runs\20260603-193603_74360da14dd34e3a8b281efec21da86d\logs\Layer03Node07-31396.stderr.log
2026-06-03T19:36:25.0716031+00:00	WorkerEvent	Layer03Node01	WorkerOnline; ExitCode=0; online
2026-06-03T19:36:25.0760377+00:00	WorkerEvent	Layer02Hub.hub-l02-publish	GrantAccepted; ExitCode=0; 
2026-06-03T19:36:25.0770935+00:00	WorkerEvent	Layer06Node06	PipelineStarted; ExitCode=0; pipeline started
2026-06-03T19:36:25.0782455+00:00	WorkerDeferredForCapacity	AuditHairball	Deferred by orchestration to honor max active worker process capacity.
2026-06-03T19:36:25.0786309+00:00	StopPipeline	AuditHairball	Deferred by orchestration to honor max active worker process capacity.
2026-06-03T19:36:25.0790907+00:00	WorkerEvent	Layer03Node01	WorkerReady; ExitCode=0; ready
2026-06-03T19:36:25.0813010+00:00	StartPipeline	Layer03Node01	Layer03Node01
2026-06-03T19:36:25.0826038+00:00	WorkerEvent	Layer02Hub.hub-l02-publish	TaskStarted; ExitCode=0; 
2026-06-03T19:36:25.0836151+00:00	WorkerEvent	Layer06Node06.select-l06-n06	TaskReady; ExitCode=0; 
2026-06-03T19:36:25.0854330+00:00	GrantTask	Layer06Node06.select-l06-n06	Layer06Node06.select-l06-n06; GrantId=grant-39; Attempt=1
2026-06-03T19:36:25.0860142+00:00	WorkerDeferredForCapacity	BridgeL05L06	Deferred by orchestration to honor max active worker process capacity.
2026-06-03T19:36:25.0863997+00:00	StopPipeline	BridgeL05L06	Deferred by orchestration to honor max active worker process capacity.
2026-06-03T19:36:25.0885632+00:00	WorkerEvent	AuditHairball	Closed; ExitCode=0; worker control channel closed
2026-06-03T19:36:25.0890643+00:00	WorkerProcessExited	AuditHairball	ExitCode=0; worker control channel closed
2026-06-03T19:36:25.0901336+00:00	WorkerDeferred	AuditHairball	ResumeTaskId=AuditHairball.audit-hairball
2026-06-03T19:36:25.0905496+00:00	WorkerEvent	Layer06Node06.select-l06-n06	GrantAccepted; ExitCode=0; 
2026-06-03T19:36:25.0919333+00:00	WorkerStarting	Layer04Node04	meta-pipeline
2026-06-03T19:36:25.2666485+00:00	WorkerStarted	Layer04Node04	6300
2026-06-03T19:36:25.2671553+00:00	WorkerControlPipe	Layer04Node04	meta-orchestration-7eadf397cad142ec84a850d246fe0c8b
2026-06-03T19:36:25.2675349+00:00	WorkerLog	Layer04Node04	stdout=C:\Users\jimmy\Desktop\meta-bi\Samples\Demos\MetaOrchestrationHairballCliIntegration\Runs\hairball-seed-20260530\RunArtifacts\runs\20260603-193603_74360da14dd34e3a8b281efec21da86d\logs\Layer04Node04-6300.stdout.log; stderr=C:\Users\jimmy\Desktop\meta-bi\Samples\Demos\MetaOrchestrationHairballCliIntegration\Runs\hairball-seed-20260530\RunArtifacts\runs\20260603-193603_74360da14dd34e3a8b281efec21da86d\logs\Layer04Node04-6300.stderr.log
2026-06-03T19:36:25.2681141+00:00	WorkerEvent	Layer03Node07	WorkerOnline; ExitCode=0; online
2026-06-03T19:36:25.2689650+00:00	WorkerEvent	BridgeL05L06	Closed; ExitCode=0; worker control channel closed
2026-06-03T19:36:25.2693224+00:00	WorkerProcessExited	BridgeL05L06	ExitCode=0; worker control channel closed
2026-06-03T19:36:25.2699442+00:00	WorkerDeferred	BridgeL05L06	ResumeTaskId=BridgeL05L06.bridge-l05-l06-collect
2026-06-03T19:36:25.2702642+00:00	WorkerEvent	Layer06Node09	PipelineStarted; ExitCode=0; pipeline started
2026-06-03T19:36:25.2710300+00:00	WorkerEvent	Layer03Node07	WorkerReady; ExitCode=0; ready
2026-06-03T19:36:25.2793654+00:00	StartPipeline	Layer03Node07	Layer03Node07
2026-06-03T19:36:25.2803034+00:00	WorkerEvent	Layer06Node09.select-l06-n09	TaskReady; ExitCode=0; 
2026-06-03T19:36:25.2812073+00:00	WorkerEvent	Layer06Node06.select-l06-n06	TaskStarted; ExitCode=0; 
2026-06-03T19:36:25.2838520+00:00	GrantTask	Layer06Node09.select-l06-n09	Layer06Node09.select-l06-n09; GrantId=grant-40; Attempt=1
2026-06-03T19:36:25.2842791+00:00	WorkerResuming	AuditHairball	ResumeTaskId=AuditHairball.audit-hairball; Executable=meta-pipeline
2026-06-03T19:36:25.4663665+00:00	WorkerStarted	AuditHairball	7060
2026-06-03T19:36:25.4676919+00:00	WorkerControlPipe	AuditHairball	meta-orchestration-f3b8a8aa861b4b27bb11eb8172ed42e1
2026-06-03T19:36:25.4709256+00:00	WorkerLog	AuditHairball	stdout=C:\Users\jimmy\Desktop\meta-bi\Samples\Demos\MetaOrchestrationHairballCliIntegration\Runs\hairball-seed-20260530\RunArtifacts\runs\20260603-193603_74360da14dd34e3a8b281efec21da86d\logs\AuditHairball-7060.stdout.log; stderr=C:\Users\jimmy\Desktop\meta-bi\Samples\Demos\MetaOrchestrationHairballCliIntegration\Runs\hairball-seed-20260530\RunArtifacts\runs\20260603-193603_74360da14dd34e3a8b281efec21da86d\logs\AuditHairball-7060.stderr.log
2026-06-03T19:36:25.4762404+00:00	WorkerEvent	Layer04Node04	WorkerOnline; ExitCode=0; online
2026-06-03T19:36:25.4792443+00:00	WorkerEvent	Layer02Hub.hub-l02-publish	TaskSucceeded; ExitCode=0; 
2026-06-03T19:36:25.4803616+00:00	TaskSucceeded	Layer02Hub.hub-l02-publish	0
2026-06-03T19:36:25.4808500+00:00	WorkerEvent	Layer06Node09.select-l06-n09	GrantAccepted; ExitCode=0; 
2026-06-03T19:36:25.4817226+00:00	WorkerProcessExited	Layer02Hub	ExitCode=0; worker process exited
2026-06-03T19:36:25.4849803+00:00	PipelineCompleted	Layer02Hub	
2026-06-03T19:36:25.4857832+00:00	WorkerStarting	Layer03Node08	meta-pipeline
2026-06-03T19:36:25.7751497+00:00	WorkerStarted	Layer03Node08	19648
2026-06-03T19:36:25.7769518+00:00	WorkerControlPipe	Layer03Node08	meta-orchestration-6c342a3ebe624a93bf037d938fffb757
2026-06-03T19:36:25.7783351+00:00	WorkerLog	Layer03Node08	stdout=C:\Users\jimmy\Desktop\meta-bi\Samples\Demos\MetaOrchestrationHairballCliIntegration\Runs\hairball-seed-20260530\RunArtifacts\runs\20260603-193603_74360da14dd34e3a8b281efec21da86d\logs\Layer03Node08-19648.stdout.log; stderr=C:\Users\jimmy\Desktop\meta-bi\Samples\Demos\MetaOrchestrationHairballCliIntegration\Runs\hairball-seed-20260530\RunArtifacts\runs\20260603-193603_74360da14dd34e3a8b281efec21da86d\logs\Layer03Node08-19648.stderr.log
2026-06-03T19:36:25.7789067+00:00	WorkerEvent	Layer04Node04	WorkerReady; ExitCode=0; ready
2026-06-03T19:36:25.7798500+00:00	StartPipeline	Layer04Node04	Layer04Node04
2026-06-03T19:36:25.7812910+00:00	WorkerEvent	AuditHairball	WorkerOnline; ExitCode=0; online
2026-06-03T19:36:25.7823536+00:00	WorkerEvent	Layer06Node09.select-l06-n09	TaskStarted; ExitCode=0; 
2026-06-03T19:36:25.7847480+00:00	WorkerEvent	AuditHairball	WorkerReady; ExitCode=0; ready
2026-06-03T19:36:25.7962511+00:00	StartPipeline	AuditHairball	AuditHairball
2026-06-03T19:36:25.8121948+00:00	WorkerEvent	Layer03Node08	WorkerOnline; ExitCode=0; online
2026-06-03T19:36:25.8163682+00:00	WorkerEvent	Layer03Node08	WorkerReady; ExitCode=0; ready
2026-06-03T19:36:25.8255470+00:00	StartPipeline	Layer03Node08	Layer03Node08
2026-06-03T19:36:25.8754168+00:00	WorkerEvent	BridgeL01L02	PipelineStarted; ExitCode=0; pipeline started
2026-06-03T19:36:25.8793156+00:00	WorkerEvent	BridgeL01L02.bridge-l01-l02-collect	TaskReady; ExitCode=0; 
2026-06-03T19:36:25.8833924+00:00	GrantTask	BridgeL01L02.bridge-l01-l02-collect	BridgeL01L02.bridge-l01-l02-collect; GrantId=grant-41; Attempt=1
2026-06-03T19:36:25.9012286+00:00	WorkerEvent	BridgeL01L02.bridge-l01-l02-collect	GrantAccepted; ExitCode=0; 
2026-06-03T19:36:25.9039285+00:00	WorkerEvent	BridgeL01L02.bridge-l01-l02-collect	TaskStarted; ExitCode=0; 
2026-06-03T19:36:26.0234815+00:00	WorkerEvent	BridgeL07L08	PipelineStarted; ExitCode=0; pipeline started
2026-06-03T19:36:26.0280518+00:00	WorkerEvent	BridgeL07L08.bridge-l07-l08-collect	TaskReady; ExitCode=0; 
2026-06-03T19:36:26.1069924+00:00	WorkerEvent	BridgeL03L04	PipelineStarted; ExitCode=0; pipeline started
2026-06-03T19:36:26.1115845+00:00	WorkerEvent	BridgeL03L04.bridge-l03-l04-collect	TaskReady; ExitCode=0; 
2026-06-03T19:36:26.1364724+00:00	WorkerEvent	Layer03Hub	PipelineStarted; ExitCode=0; pipeline started
2026-06-03T19:36:26.1450221+00:00	WorkerEvent	Layer03Hub.hub-l03-stage	TaskReady; ExitCode=0; 
2026-06-03T19:36:26.1958563+00:00	WorkerEvent	Layer06Node06.select-l06-n06	TaskSucceeded; ExitCode=0; 
2026-06-03T19:36:26.1977089+00:00	TaskSucceeded	Layer06Node06.select-l06-n06	0
2026-06-03T19:36:26.2004107+00:00	WorkerEvent	Layer06Node06	Closed; ExitCode=-1; worker control channel closed
2026-06-03T19:36:26.2012278+00:00	PipelineCompleted	Layer06Node06	
2026-06-03T19:36:26.2035640+00:00	WorkerResuming	BridgeL05L06	ResumeTaskId=BridgeL05L06.bridge-l05-l06-collect; Executable=meta-pipeline
2026-06-03T19:36:26.5831120+00:00	WorkerStarted	BridgeL05L06	7152
2026-06-03T19:36:26.5986100+00:00	WorkerControlPipe	BridgeL05L06	meta-orchestration-7ece81800c124647a368244464921f1c
2026-06-03T19:36:26.5992551+00:00	WorkerLog	BridgeL05L06	stdout=C:\Users\jimmy\Desktop\meta-bi\Samples\Demos\MetaOrchestrationHairballCliIntegration\Runs\hairball-seed-20260530\RunArtifacts\runs\20260603-193603_74360da14dd34e3a8b281efec21da86d\logs\BridgeL05L06-7152.stdout.log; stderr=C:\Users\jimmy\Desktop\meta-bi\Samples\Demos\MetaOrchestrationHairballCliIntegration\Runs\hairball-seed-20260530\RunArtifacts\runs\20260603-193603_74360da14dd34e3a8b281efec21da86d\logs\BridgeL05L06-7152.stderr.log
2026-06-03T19:36:26.6029359+00:00	WorkerEvent	Layer03Node01	PipelineStarted; ExitCode=0; pipeline started
2026-06-03T19:36:26.6040714+00:00	WorkerEvent	Layer03Node07	PipelineStarted; ExitCode=0; pipeline started
2026-06-03T19:36:26.6095054+00:00	WorkerEvent	Layer06Node09.select-l06-n09	TaskSucceeded; ExitCode=0; 
2026-06-03T19:36:26.6140365+00:00	TaskSucceeded	Layer06Node09.select-l06-n09	0
2026-06-03T19:36:26.6167052+00:00	WorkerEvent	Layer03Node01.select-l03-n01	TaskReady; ExitCode=0; 
2026-06-03T19:36:26.6197564+00:00	WorkerEvent	Layer03Node07.refresh-l03-n07	TaskReady; ExitCode=0; 
2026-06-03T19:36:26.6241014+00:00	WorkerProcessExited	Layer06Node06	ExitCode=0; worker process exited
2026-06-03T19:36:26.6247412+00:00	WorkerProcessExited	Layer06Node09	ExitCode=0; worker process exited
2026-06-03T19:36:26.6286262+00:00	PipelineCompleted	Layer06Node09	
2026-06-03T19:36:26.6308675+00:00	GrantTask	Layer03Node01.select-l03-n01	Layer03Node01.select-l03-n01; GrantId=grant-42; Attempt=1
2026-06-03T19:36:26.6341886+00:00	GrantTask	Layer03Node07.refresh-l03-n07	Layer03Node07.refresh-l03-n07; GrantId=grant-43; Attempt=1
2026-06-03T19:36:26.6346924+00:00	WorkerStarting	Layer03Node04	meta-pipeline
2026-06-03T19:36:26.8499942+00:00	WorkerStarted	Layer03Node04	22728
2026-06-03T19:36:26.8512019+00:00	WorkerControlPipe	Layer03Node04	meta-orchestration-5e08aa40b9e94214b49e0a47cc812b7f
2026-06-03T19:36:26.8518234+00:00	WorkerLog	Layer03Node04	stdout=C:\Users\jimmy\Desktop\meta-bi\Samples\Demos\MetaOrchestrationHairballCliIntegration\Runs\hairball-seed-20260530\RunArtifacts\runs\20260603-193603_74360da14dd34e3a8b281efec21da86d\logs\Layer03Node04-22728.stdout.log; stderr=C:\Users\jimmy\Desktop\meta-bi\Samples\Demos\MetaOrchestrationHairballCliIntegration\Runs\hairball-seed-20260530\RunArtifacts\runs\20260603-193603_74360da14dd34e3a8b281efec21da86d\logs\Layer03Node04-22728.stderr.log
2026-06-03T19:36:26.8541878+00:00	WorkerEvent	Layer03Node01.select-l03-n01	GrantAccepted; ExitCode=0; 
2026-06-03T19:36:26.8560003+00:00	WorkerEvent	Layer03Node07.refresh-l03-n07	GrantAccepted; ExitCode=0; 
2026-06-03T19:36:26.8579128+00:00	WorkerEvent	BridgeL05L06	WorkerOnline; ExitCode=0; online
2026-06-03T19:36:26.8610079+00:00	WorkerEvent	Layer03Node01.select-l03-n01	TaskStarted; ExitCode=0; 
2026-06-03T19:36:26.8620433+00:00	WorkerEvent	Layer03Node07.refresh-l03-n07	TaskStarted; ExitCode=0; 
2026-06-03T19:36:26.8628414+00:00	WorkerEvent	BridgeL05L06	WorkerReady; ExitCode=0; ready
2026-06-03T19:36:26.8682223+00:00	StartPipeline	BridgeL05L06	BridgeL05L06
2026-06-03T19:36:26.8865450+00:00	WorkerEvent	Layer03Node04	WorkerOnline; ExitCode=0; online
2026-06-03T19:36:26.8903435+00:00	WorkerEvent	Layer03Node04	WorkerReady; ExitCode=0; ready
2026-06-03T19:36:26.9131236+00:00	StartPipeline	Layer03Node04	Layer03Node04
2026-06-03T19:36:26.9155944+00:00	WorkerEvent	BridgeL01L02.bridge-l01-l02-collect	TaskSucceeded; ExitCode=0; 
2026-06-03T19:36:26.9166812+00:00	TaskSucceeded	BridgeL01L02.bridge-l01-l02-collect	0
2026-06-03T19:36:26.9185036+00:00	WorkerDeferredForCapacity	BridgeL03L04	Deferred by orchestration to honor max active worker process capacity.
2026-06-03T19:36:26.9188840+00:00	StopPipeline	BridgeL03L04	Deferred by orchestration to honor max active worker process capacity.
2026-06-03T19:36:26.9193545+00:00	WorkerEvent	BridgeL01L02.bridge-l01-l02-north	TaskReady; ExitCode=0; 
2026-06-03T19:36:26.9256852+00:00	GrantTask	BridgeL01L02.bridge-l01-l02-north	BridgeL01L02.bridge-l01-l02-north; GrantId=grant-44; Attempt=1
2026-06-03T19:36:26.9261634+00:00	WorkerDeferredForCapacity	BridgeL07L08	Deferred by orchestration to honor max active worker process capacity.
2026-06-03T19:36:26.9264927+00:00	StopPipeline	BridgeL07L08	Deferred by orchestration to honor max active worker process capacity.
2026-06-03T19:36:26.9270479+00:00	WorkerEvent	BridgeL01L02.bridge-l01-l02-north	GrantAccepted; ExitCode=0; 
2026-06-03T19:36:26.9279111+00:00	WorkerEvent	AuditHairball	PipelineStarted; ExitCode=0; pipeline started
2026-06-03T19:36:26.9297158+00:00	WorkerDeferredForCapacity	CompositeMart	Deferred by orchestration to honor max active worker process capacity.
2026-06-03T19:36:26.9301388+00:00	StopPipeline	CompositeMart	Deferred by orchestration to honor max active worker process capacity.
2026-06-03T19:36:26.9306722+00:00	WorkerEvent	BridgeL01L02.bridge-l01-l02-north	TaskStarted; ExitCode=0; 
2026-06-03T19:36:26.9315672+00:00	WorkerEvent	AuditHairball.audit-hairball	TaskReady; ExitCode=0; 
2026-06-03T19:36:26.9333633+00:00	WorkerDeferredForCapacity	AuditHairball	Deferred by orchestration to honor max active worker process capacity.
2026-06-03T19:36:26.9338209+00:00	StopPipeline	AuditHairball	Deferred by orchestration to honor max active worker process capacity.
2026-06-03T19:36:26.9769628+00:00	WorkerEvent	BridgeL07L08	Closed; ExitCode=0; worker control channel closed
2026-06-03T19:36:26.9778812+00:00	WorkerProcessExited	BridgeL07L08	ExitCode=0; worker control channel closed
2026-06-03T19:36:26.9814837+00:00	WorkerDeferred	BridgeL07L08	ResumeTaskId=BridgeL07L08.bridge-l07-l08-collect
2026-06-03T19:36:26.9826258+00:00	WorkerEvent	CompositeMart	Closed; ExitCode=-1; worker control channel closed
2026-06-03T19:36:26.9829931+00:00	WorkerProcessExited	CompositeMart	ExitCode=0; worker control channel closed
2026-06-03T19:36:26.9837833+00:00	WorkerDeferred	CompositeMart	ResumeTaskId=CompositeMart.composite-stage
2026-06-03T19:36:26.9841705+00:00	WorkerEvent	AuditHairball	Closed; ExitCode=0; worker control channel closed
2026-06-03T19:36:26.9844892+00:00	WorkerProcessExited	AuditHairball	ExitCode=0; worker control channel closed
2026-06-03T19:36:26.9850976+00:00	WorkerDeferred	AuditHairball	ResumeTaskId=AuditHairball.audit-hairball
2026-06-03T19:36:26.9854629+00:00	WorkerEvent	BridgeL03L04	Closed; ExitCode=0; worker control channel closed
2026-06-03T19:36:26.9858608+00:00	WorkerProcessExited	BridgeL03L04	ExitCode=0; worker control channel closed
2026-06-03T19:36:26.9866008+00:00	WorkerDeferred	BridgeL03L04	ResumeTaskId=BridgeL03L04.bridge-l03-l04-collect
2026-06-03T19:36:26.9884758+00:00	WorkerStarting	Layer08Node07	meta-pipeline
2026-06-03T19:36:27.2497910+00:00	WorkerStarted	Layer08Node07	16240
2026-06-03T19:36:27.2522978+00:00	WorkerControlPipe	Layer08Node07	meta-orchestration-891f7f46020143ebbcc212be00d3fa77
2026-06-03T19:36:27.2540774+00:00	WorkerLog	Layer08Node07	stdout=C:\Users\jimmy\Desktop\meta-bi\Samples\Demos\MetaOrchestrationHairballCliIntegration\Runs\hairball-seed-20260530\RunArtifacts\runs\20260603-193603_74360da14dd34e3a8b281efec21da86d\logs\Layer08Node07-16240.stdout.log; stderr=C:\Users\jimmy\Desktop\meta-bi\Samples\Demos\MetaOrchestrationHairballCliIntegration\Runs\hairball-seed-20260530\RunArtifacts\runs\20260603-193603_74360da14dd34e3a8b281efec21da86d\logs\Layer08Node07-16240.stderr.log
2026-06-03T19:36:27.2586424+00:00	WorkerEvent	Layer04Node04	PipelineStarted; ExitCode=0; pipeline started
2026-06-03T19:36:27.2597143+00:00	WorkerEvent	BridgeL01L02.bridge-l01-l02-north	TaskSucceeded; ExitCode=0; 
2026-06-03T19:36:27.2606598+00:00	TaskSucceeded	BridgeL01L02.bridge-l01-l02-north	0
2026-06-03T19:36:27.2611329+00:00	WorkerEvent	Layer03Node08	PipelineStarted; ExitCode=0; pipeline started
2026-06-03T19:36:27.2624597+00:00	WorkerStarting	Layer03Node05	meta-pipeline
2026-06-03T19:36:27.4579435+00:00	WorkerStarted	Layer03Node05	23952
2026-06-03T19:36:27.4587068+00:00	WorkerControlPipe	Layer03Node05	meta-orchestration-7a0796b68935491fa525b92ced6e925e
2026-06-03T19:36:27.4593367+00:00	WorkerLog	Layer03Node05	stdout=C:\Users\jimmy\Desktop\meta-bi\Samples\Demos\MetaOrchestrationHairballCliIntegration\Runs\hairball-seed-20260530\RunArtifacts\runs\20260603-193603_74360da14dd34e3a8b281efec21da86d\logs\Layer03Node05-23952.stdout.log; stderr=C:\Users\jimmy\Desktop\meta-bi\Samples\Demos\MetaOrchestrationHairballCliIntegration\Runs\hairball-seed-20260530\RunArtifacts\runs\20260603-193603_74360da14dd34e3a8b281efec21da86d\logs\Layer03Node05-23952.stderr.log
2026-06-03T19:36:27.4599459+00:00	WorkerEvent	Layer04Node04.refresh-l04-n04	TaskReady; ExitCode=0; 
2026-06-03T19:36:27.4656950+00:00	WorkerEvent	BridgeL01L02.bridge-l01-l02-south	TaskReady; ExitCode=0; 
2026-06-03T19:36:27.4666924+00:00	WorkerEvent	Layer03Node08.export-l03-n08	TaskReady; ExitCode=0; 
2026-06-03T19:36:27.4733215+00:00	WorkerEvent	Layer08Node07	WorkerOnline; ExitCode=0; online
2026-06-03T19:36:27.4767065+00:00	GrantTask	BridgeL01L02.bridge-l01-l02-south	BridgeL01L02.bridge-l01-l02-south; GrantId=grant-45; Attempt=1
2026-06-03T19:36:27.4785318+00:00	GrantTask	Layer03Node08.export-l03-n08	Layer03Node08.export-l03-n08; GrantId=grant-46; Attempt=1
2026-06-03T19:36:27.4793041+00:00	GrantTask	Layer04Node04.refresh-l04-n04	Layer04Node04.refresh-l04-n04; GrantId=grant-47; Attempt=1
2026-06-03T19:36:27.4797389+00:00	WorkerStarting	Layer04Node06	meta-pipeline
2026-06-03T19:36:27.6750463+00:00	WorkerStarted	Layer04Node06	28012
2026-06-03T19:36:27.6757162+00:00	WorkerControlPipe	Layer04Node06	meta-orchestration-2cb8fe035fac4c2ea57f261e84834ec5
2026-06-03T19:36:27.6761127+00:00	WorkerLog	Layer04Node06	stdout=C:\Users\jimmy\Desktop\meta-bi\Samples\Demos\MetaOrchestrationHairballCliIntegration\Runs\hairball-seed-20260530\RunArtifacts\runs\20260603-193603_74360da14dd34e3a8b281efec21da86d\logs\Layer04Node06-28012.stdout.log; stderr=C:\Users\jimmy\Desktop\meta-bi\Samples\Demos\MetaOrchestrationHairballCliIntegration\Runs\hairball-seed-20260530\RunArtifacts\runs\20260603-193603_74360da14dd34e3a8b281efec21da86d\logs\Layer04Node06-28012.stderr.log
2026-06-03T19:36:27.6765279+00:00	WorkerEvent	Layer04Node04.refresh-l04-n04	GrantAccepted; ExitCode=0; 
2026-06-03T19:36:27.6772884+00:00	WorkerEvent	BridgeL01L02.bridge-l01-l02-south	GrantAccepted; ExitCode=0; 
2026-06-03T19:36:27.6780156+00:00	WorkerEvent	Layer04Node04.refresh-l04-n04	TaskStarted; ExitCode=0; 
2026-06-03T19:36:27.6789031+00:00	WorkerEvent	BridgeL01L02.bridge-l01-l02-south	TaskStarted; ExitCode=0; 
2026-06-03T19:36:27.6798441+00:00	WorkerEvent	Layer03Node08.export-l03-n08	GrantAccepted; ExitCode=0; 
2026-06-03T19:36:27.6807633+00:00	WorkerEvent	Layer03Node05	WorkerOnline; ExitCode=0; online
2026-06-03T19:36:27.6821891+00:00	WorkerEvent	Layer08Node07	WorkerReady; ExitCode=0; ready
2026-06-03T19:36:27.6832524+00:00	StartPipeline	Layer08Node07	Layer08Node07
2026-06-03T19:36:27.6839605+00:00	WorkerEvent	Layer03Node08.export-l03-n08	TaskStarted; ExitCode=0; 
2026-06-03T19:36:27.6847754+00:00	WorkerEvent	Layer03Node05	WorkerReady; ExitCode=0; ready
2026-06-03T19:36:27.7111718+00:00	StartPipeline	Layer03Node05	Layer03Node05
2026-06-03T19:36:27.7126010+00:00	WorkerEvent	Layer03Node07.refresh-l03-n07	TaskSucceeded; ExitCode=0; 
2026-06-03T19:36:27.7137333+00:00	TaskSucceeded	Layer03Node07.refresh-l03-n07	0
2026-06-03T19:36:27.7155953+00:00	WorkerResuming	AuditHairball	ResumeTaskId=AuditHairball.audit-hairball; Executable=meta-pipeline
2026-06-03T19:36:27.9832261+00:00	WorkerStarted	AuditHairball	27784
2026-06-03T19:36:27.9844398+00:00	WorkerControlPipe	AuditHairball	meta-orchestration-67b0e86ef862454b902bcea7f19b0dd7
2026-06-03T19:36:27.9857760+00:00	WorkerLog	AuditHairball	stdout=C:\Users\jimmy\Desktop\meta-bi\Samples\Demos\MetaOrchestrationHairballCliIntegration\Runs\hairball-seed-20260530\RunArtifacts\runs\20260603-193603_74360da14dd34e3a8b281efec21da86d\logs\AuditHairball-27784.stdout.log; stderr=C:\Users\jimmy\Desktop\meta-bi\Samples\Demos\MetaOrchestrationHairballCliIntegration\Runs\hairball-seed-20260530\RunArtifacts\runs\20260603-193603_74360da14dd34e3a8b281efec21da86d\logs\AuditHairball-27784.stderr.log
2026-06-03T19:36:27.9907242+00:00	WorkerEvent	Layer03Node01.select-l03-n01	TaskSucceeded; ExitCode=0; 
2026-06-03T19:36:27.9920470+00:00	TaskSucceeded	Layer03Node01.select-l03-n01	0
2026-06-03T19:36:27.9934251+00:00	WorkerEvent	Layer04Node06	WorkerOnline; ExitCode=0; online
2026-06-03T19:36:27.9946612+00:00	WorkerEvent	BridgeL01L02.bridge-l01-l02-south	TaskSucceeded; ExitCode=0; 
2026-06-03T19:36:27.9987418+00:00	TaskSucceeded	BridgeL01L02.bridge-l01-l02-south	0
2026-06-03T19:36:27.9993635+00:00	WorkerProcessExited	Layer03Node07	ExitCode=0; worker process exited
2026-06-03T19:36:28.0000441+00:00	PipelineCompleted	Layer03Node07	
2026-06-03T19:36:28.0003736+00:00	WorkerProcessExited	Layer03Node01	ExitCode=0; worker process exited
2026-06-03T19:36:28.0009847+00:00	PipelineCompleted	Layer03Node01	
2026-06-03T19:36:28.0013844+00:00	WorkerProcessExited	BridgeL01L02	ExitCode=0; worker process exited
2026-06-03T19:36:28.0020152+00:00	PipelineCompleted	BridgeL01L02	
2026-06-03T19:36:28.0023689+00:00	WorkerEvent	Layer04Node06	WorkerReady; ExitCode=0; ready
2026-06-03T19:36:28.0143185+00:00	StartPipeline	Layer04Node06	Layer04Node06
2026-06-03T19:36:28.0157518+00:00	WorkerStarting	Layer04Node09	meta-pipeline
2026-06-03T19:36:28.2514201+00:00	WorkerStarted	Layer04Node09	19788
2026-06-03T19:36:28.2520635+00:00	WorkerControlPipe	Layer04Node09	meta-orchestration-6e27e8618855410fad74ec55329512cb
2026-06-03T19:36:28.2529710+00:00	WorkerLog	Layer04Node09	stdout=C:\Users\jimmy\Desktop\meta-bi\Samples\Demos\MetaOrchestrationHairballCliIntegration\Runs\hairball-seed-20260530\RunArtifacts\runs\20260603-193603_74360da14dd34e3a8b281efec21da86d\logs\Layer04Node09-19788.stdout.log; stderr=C:\Users\jimmy\Desktop\meta-bi\Samples\Demos\MetaOrchestrationHairballCliIntegration\Runs\hairball-seed-20260530\RunArtifacts\runs\20260603-193603_74360da14dd34e3a8b281efec21da86d\logs\Layer04Node09-19788.stderr.log
2026-06-03T19:36:28.2535563+00:00	WorkerEvent	AuditHairball	WorkerOnline; ExitCode=0; online
2026-06-03T19:36:28.2543159+00:00	WorkerEvent	Layer03Node04	PipelineStarted; ExitCode=0; pipeline started
2026-06-03T19:36:28.2550405+00:00	WorkerEvent	AuditHairball	WorkerReady; ExitCode=0; ready
2026-06-03T19:36:28.2803512+00:00	StartPipeline	AuditHairball	AuditHairball
2026-06-03T19:36:28.2816198+00:00	WorkerEvent	Layer03Node04.select-l03-n04	TaskReady; ExitCode=0; 
2026-06-03T19:36:28.2832843+00:00	GrantTask	Layer03Node04.select-l03-n04	Layer03Node04.select-l03-n04; GrantId=grant-48; Attempt=1
2026-06-03T19:36:28.2837833+00:00	WorkerStarting	Layer07Node02	meta-pipeline
2026-06-03T19:36:28.5706663+00:00	WorkerStarted	Layer07Node02	4008
2026-06-03T19:36:28.5714303+00:00	WorkerControlPipe	Layer07Node02	meta-orchestration-f2c8eef714774c45847af3db4d481b25
2026-06-03T19:36:28.5718400+00:00	WorkerLog	Layer07Node02	stdout=C:\Users\jimmy\Desktop\meta-bi\Samples\Demos\MetaOrchestrationHairballCliIntegration\Runs\hairball-seed-20260530\RunArtifacts\runs\20260603-193603_74360da14dd34e3a8b281efec21da86d\logs\Layer07Node02-4008.stdout.log; stderr=C:\Users\jimmy\Desktop\meta-bi\Samples\Demos\MetaOrchestrationHairballCliIntegration\Runs\hairball-seed-20260530\RunArtifacts\runs\20260603-193603_74360da14dd34e3a8b281efec21da86d\logs\Layer07Node02-4008.stderr.log
2026-06-03T19:36:28.5723847+00:00	WorkerEvent	Layer04Node04.refresh-l04-n04	TaskSucceeded; ExitCode=0; 
2026-06-03T19:36:28.5731985+00:00	TaskSucceeded	Layer04Node04.refresh-l04-n04	0
2026-06-03T19:36:28.5737171+00:00	WorkerEvent	Layer04Node09	WorkerOnline; ExitCode=0; online
2026-06-03T19:36:28.5744715+00:00	WorkerEvent	Layer03Node04.select-l03-n04	GrantAccepted; ExitCode=0; 
2026-06-03T19:36:28.5751911+00:00	WorkerEvent	BridgeL05L06	PipelineStarted; ExitCode=0; pipeline started
2026-06-03T19:36:28.5767725+00:00	WorkerProcessExited	Layer04Node04	ExitCode=0; worker process exited
2026-06-03T19:36:28.5779714+00:00	PipelineCompleted	Layer04Node04	
2026-06-03T19:36:28.5802810+00:00	WorkerResuming	BridgeL03L04	ResumeTaskId=BridgeL03L04.bridge-l03-l04-collect; Executable=meta-pipeline
2026-06-03T19:36:28.8603831+00:00	WorkerStarted	BridgeL03L04	24584
2026-06-03T19:36:28.8611958+00:00	WorkerControlPipe	BridgeL03L04	meta-orchestration-73ba3efb59464e3c90c307fe923d53bc
2026-06-03T19:36:28.8646910+00:00	WorkerLog	BridgeL03L04	stdout=C:\Users\jimmy\Desktop\meta-bi\Samples\Demos\MetaOrchestrationHairballCliIntegration\Runs\hairball-seed-20260530\RunArtifacts\runs\20260603-193603_74360da14dd34e3a8b281efec21da86d\logs\BridgeL03L04-24584.stdout.log; stderr=C:\Users\jimmy\Desktop\meta-bi\Samples\Demos\MetaOrchestrationHairballCliIntegration\Runs\hairball-seed-20260530\RunArtifacts\runs\20260603-193603_74360da14dd34e3a8b281efec21da86d\logs\BridgeL03L04-24584.stderr.log
2026-06-03T19:36:28.8654651+00:00	WorkerEvent	Layer07Node02	WorkerOnline; ExitCode=0; online
2026-06-03T19:36:28.8718193+00:00	WorkerEvent	Layer04Node09	WorkerReady; ExitCode=0; ready
2026-06-03T19:36:28.8745505+00:00	StartPipeline	Layer04Node09	Layer04Node09
2026-06-03T19:36:28.8989588+00:00	WorkerEvent	BridgeL03L04	WorkerOnline; ExitCode=0; online
2026-06-03T19:36:28.9004140+00:00	WorkerEvent	Layer07Node02	WorkerReady; ExitCode=0; ready
2026-06-03T19:36:28.9073523+00:00	StartPipeline	Layer07Node02	Layer07Node02
2026-06-03T19:36:28.9203632+00:00	WorkerEvent	Layer03Node05	PipelineStarted; ExitCode=0; pipeline started
2026-06-03T19:36:28.9220093+00:00	WorkerEvent	Layer03Node04.select-l03-n04	TaskStarted; ExitCode=0; 
2026-06-03T19:36:28.9235944+00:00	WorkerEvent	BridgeL05L06.bridge-l05-l06-collect	TaskReady; ExitCode=0; 
2026-06-03T19:36:28.9256627+00:00	WorkerResuming	BridgeL07L08	ResumeTaskId=BridgeL07L08.bridge-l07-l08-collect; Executable=meta-pipeline
2026-06-03T19:36:29.1536325+00:00	WorkerStarted	BridgeL07L08	28380
2026-06-03T19:36:29.1542721+00:00	WorkerControlPipe	BridgeL07L08	meta-orchestration-03baf85e978d42838b874bfe2885e51a
2026-06-03T19:36:29.1546761+00:00	WorkerLog	BridgeL07L08	stdout=C:\Users\jimmy\Desktop\meta-bi\Samples\Demos\MetaOrchestrationHairballCliIntegration\Runs\hairball-seed-20260530\RunArtifacts\runs\20260603-193603_74360da14dd34e3a8b281efec21da86d\logs\BridgeL07L08-28380.stdout.log; stderr=C:\Users\jimmy\Desktop\meta-bi\Samples\Demos\MetaOrchestrationHairballCliIntegration\Runs\hairball-seed-20260530\RunArtifacts\runs\20260603-193603_74360da14dd34e3a8b281efec21da86d\logs\BridgeL07L08-28380.stderr.log
2026-06-03T19:36:29.1553584+00:00	WorkerEvent	BridgeL03L04	WorkerReady; ExitCode=0; ready
2026-06-03T19:36:29.1570184+00:00	StartPipeline	BridgeL03L04	BridgeL03L04
2026-06-03T19:36:29.1578729+00:00	WorkerEvent	Layer04Node06	PipelineStarted; ExitCode=0; pipeline started
2026-06-03T19:36:29.1585740+00:00	WorkerEvent	Layer03Node08.export-l03-n08	TaskSucceeded; ExitCode=0; 
2026-06-03T19:36:29.1592145+00:00	TaskSucceeded	Layer03Node08.export-l03-n08	0
2026-06-03T19:36:29.1596735+00:00	WorkerEvent	Layer04Node06.refresh-l04-n06	TaskReady; ExitCode=0; 
2026-06-03T19:36:29.1604189+00:00	WorkerEvent	Layer03Node08	Closed; ExitCode=-1; worker control channel closed
2026-06-03T19:36:29.1612545+00:00	PipelineCompleted	Layer03Node08	
2026-06-03T19:36:29.1616577+00:00	WorkerEvent	Layer03Node05.select-l03-n05	TaskReady; ExitCode=0; 
2026-06-03T19:36:29.1628288+00:00	WorkerEvent	Layer08Node07	PipelineStarted; ExitCode=0; pipeline started
2026-06-03T19:36:29.1643837+00:00	GrantTask	Layer03Node05.select-l03-n05	Layer03Node05.select-l03-n05; GrantId=grant-49; Attempt=1
2026-06-03T19:36:29.1827925+00:00	GrantTask	Layer04Node06.refresh-l04-n06	Layer04Node06.refresh-l04-n06; GrantId=grant-50; Attempt=1
2026-06-03T19:36:29.1834791+00:00	WorkerStarting	Layer04Node07	meta-pipeline
2026-06-03T19:36:29.3646108+00:00	WorkerStarted	Layer04Node07	20324
2026-06-03T19:36:29.3651332+00:00	WorkerControlPipe	Layer04Node07	meta-orchestration-cc4000d2acf94c0cbcd44491d87154d4
2026-06-03T19:36:29.3654809+00:00	WorkerLog	Layer04Node07	stdout=C:\Users\jimmy\Desktop\meta-bi\Samples\Demos\MetaOrchestrationHairballCliIntegration\Runs\hairball-seed-20260530\RunArtifacts\runs\20260603-193603_74360da14dd34e3a8b281efec21da86d\logs\Layer04Node07-20324.stdout.log; stderr=C:\Users\jimmy\Desktop\meta-bi\Samples\Demos\MetaOrchestrationHairballCliIntegration\Runs\hairball-seed-20260530\RunArtifacts\runs\20260603-193603_74360da14dd34e3a8b281efec21da86d\logs\Layer04Node07-20324.stderr.log
2026-06-03T19:36:29.3660201+00:00	WorkerEvent	BridgeL07L08	WorkerOnline; ExitCode=0; online
2026-06-03T19:36:29.3670123+00:00	WorkerEvent	Layer04Node06.refresh-l04-n06	GrantAccepted; ExitCode=0; 
2026-06-03T19:36:29.3677335+00:00	WorkerEvent	BridgeL07L08	WorkerReady; ExitCode=0; ready
2026-06-03T19:36:29.3739181+00:00	StartPipeline	BridgeL07L08	BridgeL07L08
2026-06-03T19:36:29.3751541+00:00	WorkerEvent	Layer04Node06.refresh-l04-n06	TaskStarted; ExitCode=0; 
2026-06-03T19:36:29.3758865+00:00	WorkerEvent	AuditHairball	PipelineStarted; ExitCode=0; pipeline started
2026-06-03T19:36:29.3767633+00:00	WorkerEvent	Layer03Node05.select-l03-n05	GrantAccepted; ExitCode=0; 
2026-06-03T19:36:29.3779200+00:00	WorkerEvent	Layer08Node07.select-l08-n07	TaskReady; ExitCode=0; 
2026-06-03T19:36:29.3786857+00:00	WorkerProcessExited	Layer03Node08	ExitCode=0; worker process exited
2026-06-03T19:36:29.3806351+00:00	GrantTask	Layer08Node07.select-l08-n07	Layer08Node07.select-l08-n07; GrantId=grant-51; Attempt=1
2026-06-03T19:36:29.3810617+00:00	WorkerEvent	AuditHairball.audit-hairball	TaskReady; ExitCode=0; 
2026-06-03T19:36:29.3817194+00:00	WorkerEvent	Layer03Node05.select-l03-n05	TaskStarted; ExitCode=0; 
2026-06-03T19:36:29.3867235+00:00	WorkerEvent	Layer08Node07.select-l08-n07	GrantAccepted; ExitCode=0; 
2026-06-03T19:36:29.3895016+00:00	WorkerEvent	Layer08Node07.select-l08-n07	TaskStarted; ExitCode=0; 
2026-06-03T19:36:29.3966461+00:00	WorkerEvent	Layer04Node07	WorkerOnline; ExitCode=0; online
2026-06-03T19:36:29.3991976+00:00	WorkerEvent	Layer04Node07	WorkerReady; ExitCode=0; ready
2026-06-03T19:36:29.4287070+00:00	StartPipeline	Layer04Node07	Layer04Node07
2026-06-03T19:36:29.4414265+00:00	WorkerEvent	Layer03Node04.select-l03-n04	TaskSucceeded; ExitCode=0; 
2026-06-03T19:36:29.4422699+00:00	TaskSucceeded	Layer03Node04.select-l03-n04	0
2026-06-03T19:36:29.4486308+00:00	WorkerEvent	Layer03Node04	Closed; ExitCode=-1; worker control channel closed
2026-06-03T19:36:29.4496255+00:00	PipelineCompleted	Layer03Node04	
2026-06-03T19:36:29.4516123+00:00	WorkerResuming	CompositeMart	ResumeTaskId=CompositeMart.composite-stage; Executable=meta-pipeline
2026-06-03T19:36:29.7377666+00:00	WorkerStarted	CompositeMart	22716
2026-06-03T19:36:29.7412979+00:00	WorkerControlPipe	CompositeMart	meta-orchestration-8dd6788d8d8e4c59a1f061b4803526f4
2026-06-03T19:36:29.7416593+00:00	WorkerLog	CompositeMart	stdout=C:\Users\jimmy\Desktop\meta-bi\Samples\Demos\MetaOrchestrationHairballCliIntegration\Runs\hairball-seed-20260530\RunArtifacts\runs\20260603-193603_74360da14dd34e3a8b281efec21da86d\logs\CompositeMart-22716.stdout.log; stderr=C:\Users\jimmy\Desktop\meta-bi\Samples\Demos\MetaOrchestrationHairballCliIntegration\Runs\hairball-seed-20260530\RunArtifacts\runs\20260603-193603_74360da14dd34e3a8b281efec21da86d\logs\CompositeMart-22716.stderr.log
2026-06-03T19:36:29.7420842+00:00	WorkerProcessExited	Layer03Node04	ExitCode=0; worker process exited
2026-06-03T19:36:29.7799100+00:00	WorkerEvent	CompositeMart	WorkerOnline; ExitCode=0; online
2026-06-03T19:36:29.7839265+00:00	WorkerEvent	CompositeMart	WorkerReady; ExitCode=0; ready
2026-06-03T19:36:29.7888464+00:00	StartPipeline	CompositeMart	CompositeMart
2026-06-03T19:36:30.1167571+00:00	WorkerEvent	Layer04Node09	PipelineStarted; ExitCode=0; pipeline started
2026-06-03T19:36:30.1211641+00:00	WorkerEvent	Layer04Node09.select-l04-n09	TaskReady; ExitCode=0; 
2026-06-03T19:36:30.1247633+00:00	GrantTask	Layer04Node09.select-l04-n09	Layer04Node09.select-l04-n09; GrantId=grant-52; Attempt=1
2026-06-03T19:36:30.1283666+00:00	WorkerEvent	Layer04Node09.select-l04-n09	GrantAccepted; ExitCode=0; 
2026-06-03T19:36:30.1308599+00:00	WorkerEvent	Layer04Node09.select-l04-n09	TaskStarted; ExitCode=0; 
2026-06-03T19:36:30.2170161+00:00	WorkerEvent	Layer04Node06.refresh-l04-n06	TaskSucceeded; ExitCode=0; 
2026-06-03T19:36:30.2183470+00:00	TaskSucceeded	Layer04Node06.refresh-l04-n06	0
2026-06-03T19:36:30.2219396+00:00	WorkerEvent	Layer04Node06	Closed; ExitCode=-1; worker control channel closed
2026-06-03T19:36:30.2248503+00:00	PipelineCompleted	Layer04Node06	
2026-06-03T19:36:30.2291229+00:00	WorkerStarting	Layer04Hub	meta-pipeline
2026-06-03T19:36:30.4526481+00:00	WorkerStarted	Layer04Hub	22228
2026-06-03T19:36:30.4554890+00:00	WorkerControlPipe	Layer04Hub	meta-orchestration-1ef41088fe114f0ebfc6f0da7640eedb
2026-06-03T19:36:30.4561662+00:00	WorkerLog	Layer04Hub	stdout=C:\Users\jimmy\Desktop\meta-bi\Samples\Demos\MetaOrchestrationHairballCliIntegration\Runs\hairball-seed-20260530\RunArtifacts\runs\20260603-193603_74360da14dd34e3a8b281efec21da86d\logs\Layer04Hub-22228.stdout.log; stderr=C:\Users\jimmy\Desktop\meta-bi\Samples\Demos\MetaOrchestrationHairballCliIntegration\Runs\hairball-seed-20260530\RunArtifacts\runs\20260603-193603_74360da14dd34e3a8b281efec21da86d\logs\Layer04Hub-22228.stderr.log
2026-06-03T19:36:30.4570219+00:00	WorkerEvent	Layer07Node02	PipelineStarted; ExitCode=0; pipeline started
2026-06-03T19:36:30.4663618+00:00	WorkerEvent	Layer03Node05.select-l03-n05	TaskSucceeded; ExitCode=0; 
2026-06-03T19:36:30.4673702+00:00	TaskSucceeded	Layer03Node05.select-l03-n05	0
2026-06-03T19:36:30.4679524+00:00	WorkerEvent	Layer08Node07.select-l08-n07	TaskSucceeded; ExitCode=0; 
2026-06-03T19:36:30.4728000+00:00	TaskSucceeded	Layer08Node07.select-l08-n07	0
2026-06-03T19:36:30.4738953+00:00	WorkerProcessExited	Layer03Node05	ExitCode=0; worker process exited
2026-06-03T19:36:30.4749124+00:00	PipelineCompleted	Layer03Node05	
2026-06-03T19:36:30.4753573+00:00	WorkerProcessExited	Layer08Node07	ExitCode=0; worker process exited
2026-06-03T19:36:30.4760225+00:00	PipelineCompleted	Layer08Node07	
2026-06-03T19:36:30.4764448+00:00	WorkerProcessExited	Layer04Node06	ExitCode=0; worker process exited
2026-06-03T19:36:30.4779368+00:00	GrantTask	Layer03Hub.hub-l03-stage	Layer03Hub.hub-l03-stage; GrantId=grant-53; Attempt=1
2026-06-03T19:36:30.4789717+00:00	WorkerStarting	Layer06Node03	meta-pipeline
2026-06-03T19:36:30.6784774+00:00	WorkerStarted	Layer06Node03	18164
2026-06-03T19:36:30.6794786+00:00	WorkerControlPipe	Layer06Node03	meta-orchestration-41552e15fd3c4a0da39668559a46667e
2026-06-03T19:36:30.6809099+00:00	WorkerLog	Layer06Node03	stdout=C:\Users\jimmy\Desktop\meta-bi\Samples\Demos\MetaOrchestrationHairballCliIntegration\Runs\hairball-seed-20260530\RunArtifacts\runs\20260603-193603_74360da14dd34e3a8b281efec21da86d\logs\Layer06Node03-18164.stdout.log; stderr=C:\Users\jimmy\Desktop\meta-bi\Samples\Demos\MetaOrchestrationHairballCliIntegration\Runs\hairball-seed-20260530\RunArtifacts\runs\20260603-193603_74360da14dd34e3a8b281efec21da86d\logs\Layer06Node03-18164.stderr.log
2026-06-03T19:36:30.6814807+00:00	WorkerEvent	Layer07Node02.select-l07-n02	TaskReady; ExitCode=0; 
2026-06-03T19:36:30.6825794+00:00	WorkerEvent	Layer03Hub.hub-l03-stage	GrantAccepted; ExitCode=0; 
2026-06-03T19:36:30.6834729+00:00	WorkerEvent	Layer04Hub	WorkerOnline; ExitCode=0; online
2026-06-03T19:36:30.6842557+00:00	WorkerEvent	Layer04Node07	PipelineStarted; ExitCode=0; pipeline started
2026-06-03T19:36:30.6904183+00:00	GrantTask	Layer07Node02.select-l07-n02	Layer07Node02.select-l07-n02; GrantId=grant-54; Attempt=1
2026-06-03T19:36:30.6908526+00:00	WorkerStarting	Layer04Node01	meta-pipeline
2026-06-03T19:36:30.8771380+00:00	WorkerStarted	Layer04Node01	23676
2026-06-03T19:36:30.8779199+00:00	WorkerControlPipe	Layer04Node01	meta-orchestration-ff7b5414cf1d4ec0bb40be732eb8f59a
2026-06-03T19:36:30.8783348+00:00	WorkerLog	Layer04Node01	stdout=C:\Users\jimmy\Desktop\meta-bi\Samples\Demos\MetaOrchestrationHairballCliIntegration\Runs\hairball-seed-20260530\RunArtifacts\runs\20260603-193603_74360da14dd34e3a8b281efec21da86d\logs\Layer04Node01-23676.stdout.log; stderr=C:\Users\jimmy\Desktop\meta-bi\Samples\Demos\MetaOrchestrationHairballCliIntegration\Runs\hairball-seed-20260530\RunArtifacts\runs\20260603-193603_74360da14dd34e3a8b281efec21da86d\logs\Layer04Node01-23676.stderr.log
2026-06-03T19:36:30.8788220+00:00	WorkerEvent	BridgeL03L04	PipelineStarted; ExitCode=0; pipeline started
2026-06-03T19:36:30.8801735+00:00	WorkerEvent	Layer07Node02.select-l07-n02	GrantAccepted; ExitCode=0; 
2026-06-03T19:36:30.8811799+00:00	WorkerEvent	BridgeL03L04.bridge-l03-l04-collect	TaskReady; ExitCode=0; 
2026-06-03T19:36:30.8818257+00:00	WorkerEvent	Layer07Node02.select-l07-n02	TaskStarted; ExitCode=0; 
2026-06-03T19:36:30.8824410+00:00	WorkerEvent	Layer03Hub.hub-l03-stage	TaskStarted; ExitCode=0; 
2026-06-03T19:36:30.8831940+00:00	WorkerEvent	Layer04Hub	WorkerReady; ExitCode=0; ready
2026-06-03T19:36:30.8840505+00:00	StartPipeline	Layer04Hub	Layer04Hub
2026-06-03T19:36:30.8850769+00:00	WorkerEvent	Layer04Node09.select-l04-n09	TaskSucceeded; ExitCode=0; 
2026-06-03T19:36:30.8860524+00:00	TaskSucceeded	Layer04Node09.select-l04-n09	0
2026-06-03T19:36:30.8865461+00:00	WorkerEvent	Layer04Node07.refresh-l04-n07	TaskReady; ExitCode=0; 
2026-06-03T19:36:30.8873938+00:00	WorkerEvent	Layer06Node03	WorkerOnline; ExitCode=0; online
2026-06-03T19:36:30.8888673+00:00	WorkerProcessExited	Layer04Node09	ExitCode=0; worker process exited
2026-06-03T19:36:30.8896429+00:00	PipelineCompleted	Layer04Node09	
2026-06-03T19:36:30.8917445+00:00	GrantTask	Layer04Node07.refresh-l04-n07	Layer04Node07.refresh-l04-n07; GrantId=grant-55; Attempt=1
2026-06-03T19:36:30.8921510+00:00	WorkerStarting	Layer04Node02	meta-pipeline
2026-06-03T19:36:31.0611847+00:00	WorkerStarted	Layer04Node02	12860
2026-06-03T19:36:31.0619319+00:00	WorkerControlPipe	Layer04Node02	meta-orchestration-c41d563fd7bd4ac28557736ddebc0ebf
2026-06-03T19:36:31.0627994+00:00	WorkerLog	Layer04Node02	stdout=C:\Users\jimmy\Desktop\meta-bi\Samples\Demos\MetaOrchestrationHairballCliIntegration\Runs\hairball-seed-20260530\RunArtifacts\runs\20260603-193603_74360da14dd34e3a8b281efec21da86d\logs\Layer04Node02-12860.stdout.log; stderr=C:\Users\jimmy\Desktop\meta-bi\Samples\Demos\MetaOrchestrationHairballCliIntegration\Runs\hairball-seed-20260530\RunArtifacts\runs\20260603-193603_74360da14dd34e3a8b281efec21da86d\logs\Layer04Node02-12860.stderr.log
2026-06-03T19:36:31.0633386+00:00	WorkerEvent	BridgeL07L08	PipelineStarted; ExitCode=0; pipeline started
2026-06-03T19:36:31.0641790+00:00	WorkerEvent	Layer04Node07.refresh-l04-n07	GrantAccepted; ExitCode=0; 
2026-06-03T19:36:31.0649654+00:00	WorkerEvent	Layer04Node01	WorkerOnline; ExitCode=0; online
2026-06-03T19:36:31.0656807+00:00	WorkerEvent	Layer06Node03	WorkerReady; ExitCode=0; ready
2026-06-03T19:36:31.0664520+00:00	StartPipeline	Layer06Node03	Layer06Node03
2026-06-03T19:36:31.0671375+00:00	WorkerEvent	BridgeL07L08.bridge-l07-l08-collect	TaskReady; ExitCode=0; 
2026-06-03T19:36:31.0677766+00:00	WorkerEvent	Layer04Node07.refresh-l04-n07	TaskStarted; ExitCode=0; 
2026-06-03T19:36:31.0699279+00:00	WorkerEvent	Layer04Node01	WorkerReady; ExitCode=0; ready
2026-06-03T19:36:31.0768609+00:00	StartPipeline	Layer04Node01	Layer04Node01
2026-06-03T19:36:31.0979143+00:00	WorkerEvent	Layer04Node02	WorkerOnline; ExitCode=0; online
2026-06-03T19:36:31.1239518+00:00	WorkerEvent	Layer04Node02	WorkerReady; ExitCode=0; ready
2026-06-03T19:36:31.1254258+00:00	StartPipeline	Layer04Node02	Layer04Node02
2026-06-03T19:36:31.5308086+00:00	WorkerEvent	CompositeMart	PipelineStarted; ExitCode=0; pipeline started
2026-06-03T19:36:31.5341237+00:00	WorkerEvent	Layer03Hub.hub-l03-stage	TaskSucceeded; ExitCode=0; 
2026-06-03T19:36:31.5373532+00:00	TaskSucceeded	Layer03Hub.hub-l03-stage	0
2026-06-03T19:36:31.5432265+00:00	WorkerDeferredForCapacity	AuditHairball	Deferred by orchestration to honor max active worker process capacity.
2026-06-03T19:36:31.5437544+00:00	StopPipeline	AuditHairball	Deferred by orchestration to honor max active worker process capacity.
2026-06-03T19:36:31.5443464+00:00	WorkerEvent	Layer03Hub.hub-l03-curate	TaskReady; ExitCode=0; 
2026-06-03T19:36:31.5450808+00:00	WorkerEvent	CompositeMart.composite-stage	TaskReady; ExitCode=0; 
2026-06-03T19:36:31.5523687+00:00	GrantTask	Layer03Hub.hub-l03-curate	Layer03Hub.hub-l03-curate; GrantId=grant-56; Attempt=1
2026-06-03T19:36:31.5529703+00:00	WorkerDeferredForCapacity	BridgeL03L04	Deferred by orchestration to honor max active worker process capacity.
2026-06-03T19:36:31.5536031+00:00	StopPipeline	BridgeL03L04	Deferred by orchestration to honor max active worker process capacity.
2026-06-03T19:36:31.5544196+00:00	WorkerEvent	Layer03Hub.hub-l03-curate	GrantAccepted; ExitCode=0; 
2026-06-03T19:36:31.5555753+00:00	WorkerDeferredForCapacity	BridgeL05L06	Deferred by orchestration to honor max active worker process capacity.
2026-06-03T19:36:31.5559755+00:00	StopPipeline	BridgeL05L06	Deferred by orchestration to honor max active worker process capacity.
2026-06-03T19:36:31.5564746+00:00	WorkerEvent	Layer03Hub.hub-l03-curate	TaskStarted; ExitCode=0; 
2026-06-03T19:36:31.5576577+00:00	WorkerDeferredForCapacity	BridgeL07L08	Deferred by orchestration to honor max active worker process capacity.
2026-06-03T19:36:31.5723253+00:00	StopPipeline	BridgeL07L08	Deferred by orchestration to honor max active worker process capacity.
2026-06-03T19:36:31.5729035+00:00	WorkerEvent	BridgeL03L04	Closed; ExitCode=0; worker control channel closed
2026-06-03T19:36:31.5732145+00:00	WorkerProcessExited	BridgeL03L04	ExitCode=0; worker control channel closed
2026-06-03T19:36:31.5738081+00:00	WorkerDeferred	BridgeL03L04	ResumeTaskId=BridgeL03L04.bridge-l03-l04-collect
2026-06-03T19:36:31.5741763+00:00	WorkerEvent	AuditHairball	Closed; ExitCode=0; worker control channel closed
2026-06-03T19:36:31.5745388+00:00	WorkerProcessExited	AuditHairball	ExitCode=0; worker control channel closed
2026-06-03T19:36:31.5752023+00:00	WorkerDeferred	AuditHairball	ResumeTaskId=AuditHairball.audit-hairball
2026-06-03T19:36:31.5759527+00:00	WorkerStarting	Layer04Node05	meta-pipeline
2026-06-03T19:36:31.8144634+00:00	WorkerStarted	Layer04Node05	24212
2026-06-03T19:36:31.8154078+00:00	WorkerControlPipe	Layer04Node05	meta-orchestration-fedcfe0607af4f619b82f27de17888d3
2026-06-03T19:36:31.8167699+00:00	WorkerLog	Layer04Node05	stdout=C:\Users\jimmy\Desktop\meta-bi\Samples\Demos\MetaOrchestrationHairballCliIntegration\Runs\hairball-seed-20260530\RunArtifacts\runs\20260603-193603_74360da14dd34e3a8b281efec21da86d\logs\Layer04Node05-24212.stdout.log; stderr=C:\Users\jimmy\Desktop\meta-bi\Samples\Demos\MetaOrchestrationHairballCliIntegration\Runs\hairball-seed-20260530\RunArtifacts\runs\20260603-193603_74360da14dd34e3a8b281efec21da86d\logs\Layer04Node05-24212.stderr.log
2026-06-03T19:36:31.8223981+00:00	WorkerEvent	Layer03Hub.hub-l03-curate	TaskSucceeded; ExitCode=0; 
2026-06-03T19:36:31.8237916+00:00	TaskSucceeded	Layer03Hub.hub-l03-curate	0
2026-06-03T19:36:31.8263958+00:00	WorkerEvent	BridgeL07L08	Closed; ExitCode=-1; worker control channel closed
2026-06-03T19:36:31.8288191+00:00	WorkerProcessExited	BridgeL07L08	ExitCode=0; worker control channel closed
2026-06-03T19:36:31.8299096+00:00	WorkerDeferred	BridgeL07L08	ResumeTaskId=BridgeL07L08.bridge-l07-l08-collect
2026-06-03T19:36:31.8333920+00:00	WorkerEvent	Layer04Node07.refresh-l04-n07	TaskSucceeded; ExitCode=0; 
2026-06-03T19:36:31.8379319+00:00	TaskSucceeded	Layer04Node07.refresh-l04-n07	0
2026-06-03T19:36:31.8389383+00:00	WorkerEvent	Layer03Hub.hub-l03-publish	TaskReady; ExitCode=0; 
2026-06-03T19:36:31.8400213+00:00	WorkerEvent	BridgeL05L06	Closed; ExitCode=0; worker control channel closed
2026-06-03T19:36:31.8404461+00:00	WorkerProcessExited	BridgeL05L06	ExitCode=0; worker control channel closed
2026-06-03T19:36:31.8413377+00:00	WorkerDeferred	BridgeL05L06	ResumeTaskId=BridgeL05L06.bridge-l05-l06-collect
2026-06-03T19:36:31.8417842+00:00	WorkerProcessExited	Layer04Node07	ExitCode=0; worker process exited
2026-06-03T19:36:31.8425556+00:00	PipelineCompleted	Layer04Node07	
2026-06-03T19:36:31.8505894+00:00	WorkerEvent	Layer04Node05	WorkerOnline; ExitCode=0; online
2026-06-03T19:36:31.8554712+00:00	GrantTask	Layer03Hub.hub-l03-publish	Layer03Hub.hub-l03-publish; GrantId=grant-57; Attempt=1
2026-06-03T19:36:31.8559706+00:00	WorkerStarting	Layer04Node08	meta-pipeline
2026-06-03T19:36:32.0543325+00:00	WorkerStarted	Layer04Node08	408
2026-06-03T19:36:32.0549511+00:00	WorkerControlPipe	Layer04Node08	meta-orchestration-6756b85c098545da94bc7737a5e3e28b
2026-06-03T19:36:32.0553573+00:00	WorkerLog	Layer04Node08	stdout=C:\Users\jimmy\Desktop\meta-bi\Samples\Demos\MetaOrchestrationHairballCliIntegration\Runs\hairball-seed-20260530\RunArtifacts\runs\20260603-193603_74360da14dd34e3a8b281efec21da86d\logs\Layer04Node08-408.stdout.log; stderr=C:\Users\jimmy\Desktop\meta-bi\Samples\Demos\MetaOrchestrationHairballCliIntegration\Runs\hairball-seed-20260530\RunArtifacts\runs\20260603-193603_74360da14dd34e3a8b281efec21da86d\logs\Layer04Node08-408.stderr.log
2026-06-03T19:36:32.0558722+00:00	WorkerEvent	Layer07Node02.select-l07-n02	TaskSucceeded; ExitCode=0; 
2026-06-03T19:36:32.0568620+00:00	TaskSucceeded	Layer07Node02.select-l07-n02	0
2026-06-03T19:36:32.0573720+00:00	WorkerEvent	Layer03Hub.hub-l03-publish	GrantAccepted; ExitCode=0; 
2026-06-03T19:36:32.0581402+00:00	WorkerEvent	Layer04Node05	WorkerReady; ExitCode=0; ready
2026-06-03T19:36:32.0589533+00:00	StartPipeline	Layer04Node05	Layer04Node05
2026-06-03T19:36:32.0598138+00:00	WorkerEvent	Layer03Hub.hub-l03-publish	TaskStarted; ExitCode=0; 
2026-06-03T19:36:32.0604910+00:00	WorkerProcessExited	Layer07Node02	ExitCode=0; worker process exited
2026-06-03T19:36:32.0611210+00:00	PipelineCompleted	Layer07Node02	
2026-06-03T19:36:32.0620435+00:00	WorkerStarting	Layer05Node03	meta-pipeline
2026-06-03T19:36:32.2604333+00:00	WorkerStarted	Layer05Node03	23592
2026-06-03T19:36:32.2609912+00:00	WorkerControlPipe	Layer05Node03	meta-orchestration-514d5c8202f04c5996d89cfa9d207c2a
2026-06-03T19:36:32.2615083+00:00	WorkerLog	Layer05Node03	stdout=C:\Users\jimmy\Desktop\meta-bi\Samples\Demos\MetaOrchestrationHairballCliIntegration\Runs\hairball-seed-20260530\RunArtifacts\runs\20260603-193603_74360da14dd34e3a8b281efec21da86d\logs\Layer05Node03-23592.stdout.log; stderr=C:\Users\jimmy\Desktop\meta-bi\Samples\Demos\MetaOrchestrationHairballCliIntegration\Runs\hairball-seed-20260530\RunArtifacts\runs\20260603-193603_74360da14dd34e3a8b281efec21da86d\logs\Layer05Node03-23592.stderr.log
2026-06-03T19:36:32.2621472+00:00	WorkerEvent	Layer04Node02	PipelineStarted; ExitCode=0; pipeline started
2026-06-03T19:36:32.2630834+00:00	WorkerEvent	Layer04Node01	PipelineStarted; ExitCode=0; pipeline started
2026-06-03T19:36:32.2638647+00:00	WorkerEvent	Layer06Node03	PipelineStarted; ExitCode=0; pipeline started
2026-06-03T19:36:32.2649179+00:00	WorkerEvent	Layer04Node02.export-l04-n02	TaskReady; ExitCode=0; 
2026-06-03T19:36:32.2656397+00:00	WorkerEvent	Layer04Node01.refresh-l04-n01	TaskReady; ExitCode=0; 
2026-06-03T19:36:32.2663062+00:00	WorkerEvent	Layer06Node03.select-l06-n03	TaskReady; ExitCode=0; 
2026-06-03T19:36:32.2669940+00:00	WorkerEvent	Layer04Node08	WorkerOnline; ExitCode=0; online
2026-06-03T19:36:32.2696605+00:00	GrantTask	Layer04Node01.refresh-l04-n01	Layer04Node01.refresh-l04-n01; GrantId=grant-58; Attempt=1
2026-06-03T19:36:32.2715701+00:00	GrantTask	Layer04Node02.export-l04-n02	Layer04Node02.export-l04-n02; GrantId=grant-59; Attempt=1
2026-06-03T19:36:32.2741739+00:00	GrantTask	Layer06Node03.select-l06-n03	Layer06Node03.select-l06-n03; GrantId=grant-60; Attempt=1
2026-06-03T19:36:32.2746233+00:00	WorkerStarting	Layer07Node07	meta-pipeline
2026-06-03T19:36:32.4243830+00:00	WorkerStarted	Layer07Node07	27804
2026-06-03T19:36:32.4248544+00:00	WorkerControlPipe	Layer07Node07	meta-orchestration-7637e20aca374686b4d984ac60cbb764
2026-06-03T19:36:32.4251824+00:00	WorkerLog	Layer07Node07	stdout=C:\Users\jimmy\Desktop\meta-bi\Samples\Demos\MetaOrchestrationHairballCliIntegration\Runs\hairball-seed-20260530\RunArtifacts\runs\20260603-193603_74360da14dd34e3a8b281efec21da86d\logs\Layer07Node07-27804.stdout.log; stderr=C:\Users\jimmy\Desktop\meta-bi\Samples\Demos\MetaOrchestrationHairballCliIntegration\Runs\hairball-seed-20260530\RunArtifacts\runs\20260603-193603_74360da14dd34e3a8b281efec21da86d\logs\Layer07Node07-27804.stderr.log
2026-06-03T19:36:32.4256440+00:00	WorkerEvent	Layer05Node03	WorkerOnline; ExitCode=0; online
2026-06-03T19:36:32.4265568+00:00	WorkerEvent	Layer03Hub.hub-l03-publish	TaskSucceeded; ExitCode=0; 
2026-06-03T19:36:32.4276284+00:00	TaskSucceeded	Layer03Hub.hub-l03-publish	0
2026-06-03T19:36:32.4280357+00:00	WorkerEvent	Layer04Hub	PipelineStarted; ExitCode=0; pipeline started
2026-06-03T19:36:32.4288701+00:00	WorkerEvent	Layer05Node03	WorkerReady; ExitCode=0; ready
2026-06-03T19:36:32.4394381+00:00	StartPipeline	Layer05Node03	Layer05Node03
2026-06-03T19:36:32.4406347+00:00	WorkerEvent	Layer04Hub.hub-l04-stage	TaskReady; ExitCode=0; 
2026-06-03T19:36:32.4417948+00:00	WorkerEvent	Layer04Node02.export-l04-n02	GrantAccepted; ExitCode=0; 
2026-06-03T19:36:32.4432222+00:00	WorkerEvent	Layer04Node01.refresh-l04-n01	GrantAccepted; ExitCode=0; 
2026-06-03T19:36:32.4445280+00:00	WorkerEvent	Layer04Node02.export-l04-n02	TaskStarted; ExitCode=0; 
2026-06-03T19:36:32.4453947+00:00	WorkerEvent	Layer04Node01.refresh-l04-n01	TaskStarted; ExitCode=0; 
2026-06-03T19:36:32.4461336+00:00	WorkerEvent	Layer06Node03.select-l06-n03	GrantAccepted; ExitCode=0; 
2026-06-03T19:36:32.4469329+00:00	WorkerEvent	Layer04Node08	WorkerReady; ExitCode=0; ready
2026-06-03T19:36:32.4476865+00:00	StartPipeline	Layer04Node08	Layer04Node08
2026-06-03T19:36:32.4484065+00:00	WorkerEvent	Layer06Node03.select-l06-n03	TaskStarted; ExitCode=0; 
2026-06-03T19:36:32.4490593+00:00	WorkerProcessExited	Layer03Hub	ExitCode=0; worker process exited
2026-06-03T19:36:32.4497480+00:00	PipelineCompleted	Layer03Hub	
2026-06-03T19:36:32.4506702+00:00	WorkerStarting	Layer05Node02	meta-pipeline
2026-06-03T19:36:32.5873746+00:00	WorkerStarted	Layer05Node02	31192
2026-06-03T19:36:32.5877816+00:00	WorkerControlPipe	Layer05Node02	meta-orchestration-75d49faf42cc4f6d93e74051d6038a9a
2026-06-03T19:36:32.5881192+00:00	WorkerLog	Layer05Node02	stdout=C:\Users\jimmy\Desktop\meta-bi\Samples\Demos\MetaOrchestrationHairballCliIntegration\Runs\hairball-seed-20260530\RunArtifacts\runs\20260603-193603_74360da14dd34e3a8b281efec21da86d\logs\Layer05Node02-31192.stdout.log; stderr=C:\Users\jimmy\Desktop\meta-bi\Samples\Demos\MetaOrchestrationHairballCliIntegration\Runs\hairball-seed-20260530\RunArtifacts\runs\20260603-193603_74360da14dd34e3a8b281efec21da86d\logs\Layer05Node02-31192.stderr.log
2026-06-03T19:36:32.5885569+00:00	WorkerEvent	Layer07Node07	WorkerOnline; ExitCode=0; online
2026-06-03T19:36:32.5909500+00:00	WorkerResuming	AuditHairball	ResumeTaskId=AuditHairball.audit-hairball; Executable=meta-pipeline
2026-06-03T19:36:32.7850199+00:00	WorkerStarted	AuditHairball	28156
2026-06-03T19:36:32.7856340+00:00	WorkerControlPipe	AuditHairball	meta-orchestration-b916704f77ed4b5d9a9b45f4c420fc46
2026-06-03T19:36:32.7861164+00:00	WorkerLog	AuditHairball	stdout=C:\Users\jimmy\Desktop\meta-bi\Samples\Demos\MetaOrchestrationHairballCliIntegration\Runs\hairball-seed-20260530\RunArtifacts\runs\20260603-193603_74360da14dd34e3a8b281efec21da86d\logs\AuditHairball-28156.stdout.log; stderr=C:\Users\jimmy\Desktop\meta-bi\Samples\Demos\MetaOrchestrationHairballCliIntegration\Runs\hairball-seed-20260530\RunArtifacts\runs\20260603-193603_74360da14dd34e3a8b281efec21da86d\logs\AuditHairball-28156.stderr.log
2026-06-03T19:36:32.7872171+00:00	WorkerEvent	Layer05Node02	WorkerOnline; ExitCode=0; online
2026-06-03T19:36:32.7882332+00:00	WorkerEvent	Layer07Node07	WorkerReady; ExitCode=0; ready
2026-06-03T19:36:32.7889817+00:00	StartPipeline	Layer07Node07	Layer07Node07
2026-06-03T19:36:32.7897358+00:00	WorkerEvent	Layer05Node02	WorkerReady; ExitCode=0; ready
2026-06-03T19:36:32.7970767+00:00	StartPipeline	Layer05Node02	Layer05Node02
2026-06-03T19:36:32.7991978+00:00	WorkerResuming	BridgeL03L04	ResumeTaskId=BridgeL03L04.bridge-l03-l04-collect; Executable=meta-pipeline
2026-06-03T19:36:33.0185685+00:00	WorkerStarted	BridgeL03L04	17840
2026-06-03T19:36:33.0190539+00:00	WorkerControlPipe	BridgeL03L04	meta-orchestration-b882f64879a24623b7a765bfba4ed239
2026-06-03T19:36:33.0200144+00:00	WorkerLog	BridgeL03L04	stdout=C:\Users\jimmy\Desktop\meta-bi\Samples\Demos\MetaOrchestrationHairballCliIntegration\Runs\hairball-seed-20260530\RunArtifacts\runs\20260603-193603_74360da14dd34e3a8b281efec21da86d\logs\BridgeL03L04-17840.stdout.log; stderr=C:\Users\jimmy\Desktop\meta-bi\Samples\Demos\MetaOrchestrationHairballCliIntegration\Runs\hairball-seed-20260530\RunArtifacts\runs\20260603-193603_74360da14dd34e3a8b281efec21da86d\logs\BridgeL03L04-17840.stderr.log
2026-06-03T19:36:33.0205784+00:00	WorkerEvent	AuditHairball	WorkerOnline; ExitCode=0; online
2026-06-03T19:36:33.0226226+00:00	WorkerEvent	AuditHairball	WorkerReady; ExitCode=0; ready
2026-06-03T19:36:33.0448563+00:00	StartPipeline	AuditHairball	AuditHairball
2026-06-03T19:36:33.0724510+00:00	WorkerEvent	BridgeL03L04	WorkerOnline; ExitCode=0; online
2026-06-03T19:36:33.0769308+00:00	WorkerEvent	BridgeL03L04	WorkerReady; ExitCode=0; ready
2026-06-03T19:36:33.0826710+00:00	StartPipeline	BridgeL03L04	BridgeL03L04
2026-06-03T19:36:33.1067580+00:00	WorkerEvent	Layer04Node05	PipelineStarted; ExitCode=0; pipeline started
2026-06-03T19:36:33.1094642+00:00	WorkerEvent	Layer04Node05.select-l04-n05	TaskReady; ExitCode=0; 
2026-06-03T19:36:33.1135773+00:00	GrantTask	Layer04Node05.select-l04-n05	Layer04Node05.select-l04-n05; GrantId=grant-61; Attempt=1
2026-06-03T19:36:33.1157186+00:00	WorkerEvent	Layer04Node05.select-l04-n05	GrantAccepted; ExitCode=0; 
2026-06-03T19:36:33.1182438+00:00	WorkerEvent	Layer04Node05.select-l04-n05	TaskStarted; ExitCode=0; 
2026-06-03T19:36:33.1260908+00:00	WorkerEvent	Layer04Node01.refresh-l04-n01	TaskSucceeded; ExitCode=0; 
2026-06-03T19:36:33.1271368+00:00	TaskSucceeded	Layer04Node01.refresh-l04-n01	0
2026-06-03T19:36:33.1293433+00:00	WorkerEvent	Layer04Node01	Closed; ExitCode=-1; worker control channel closed
2026-06-03T19:36:33.1308375+00:00	PipelineCompleted	Layer04Node01	
2026-06-03T19:36:33.1327560+00:00	WorkerResuming	BridgeL05L06	ResumeTaskId=BridgeL05L06.bridge-l05-l06-collect; Executable=meta-pipeline
2026-06-03T19:36:33.3606857+00:00	WorkerStarted	BridgeL05L06	21656
2026-06-03T19:36:33.3631312+00:00	WorkerControlPipe	BridgeL05L06	meta-orchestration-14b1a8c22da246b3b333896e5e38f83e
2026-06-03T19:36:33.3658854+00:00	WorkerLog	BridgeL05L06	stdout=C:\Users\jimmy\Desktop\meta-bi\Samples\Demos\MetaOrchestrationHairballCliIntegration\Runs\hairball-seed-20260530\RunArtifacts\runs\20260603-193603_74360da14dd34e3a8b281efec21da86d\logs\BridgeL05L06-21656.stdout.log; stderr=C:\Users\jimmy\Desktop\meta-bi\Samples\Demos\MetaOrchestrationHairballCliIntegration\Runs\hairball-seed-20260530\RunArtifacts\runs\20260603-193603_74360da14dd34e3a8b281efec21da86d\logs\BridgeL05L06-21656.stderr.log
2026-06-03T19:36:33.3692196+00:00	WorkerEvent	Layer06Node03.select-l06-n03	TaskSucceeded; ExitCode=0; 
2026-06-03T19:36:33.3757097+00:00	TaskSucceeded	Layer06Node03.select-l06-n03	0
2026-06-03T19:36:33.3910342+00:00	WorkerEvent	Layer04Node02.export-l04-n02	TaskSucceeded; ExitCode=0; 
2026-06-03T19:36:33.3919873+00:00	TaskSucceeded	Layer04Node02.export-l04-n02	0
2026-06-03T19:36:33.3924198+00:00	WorkerProcessExited	Layer04Node01	ExitCode=0; worker process exited
2026-06-03T19:36:33.3928621+00:00	WorkerProcessExited	Layer06Node03	ExitCode=0; worker process exited
2026-06-03T19:36:33.3937189+00:00	PipelineCompleted	Layer06Node03	
2026-06-03T19:36:33.3945830+00:00	WorkerStarting	Layer05Node07	meta-pipeline
2026-06-03T19:36:33.6127842+00:00	WorkerStarted	Layer05Node07	17116
2026-06-03T19:36:33.6169581+00:00	WorkerControlPipe	Layer05Node07	meta-orchestration-70985a3ef41d4a0aa1bf1c786841353a
2026-06-03T19:36:33.6206459+00:00	WorkerLog	Layer05Node07	stdout=C:\Users\jimmy\Desktop\meta-bi\Samples\Demos\MetaOrchestrationHairballCliIntegration\Runs\hairball-seed-20260530\RunArtifacts\runs\20260603-193603_74360da14dd34e3a8b281efec21da86d\logs\Layer05Node07-17116.stdout.log; stderr=C:\Users\jimmy\Desktop\meta-bi\Samples\Demos\MetaOrchestrationHairballCliIntegration\Runs\hairball-seed-20260530\RunArtifacts\runs\20260603-193603_74360da14dd34e3a8b281efec21da86d\logs\Layer05Node07-17116.stderr.log
2026-06-03T19:36:33.6234977+00:00	WorkerEvent	Layer05Node03	PipelineStarted; ExitCode=0; pipeline started
2026-06-03T19:36:33.6249423+00:00	WorkerEvent	BridgeL05L06	WorkerOnline; ExitCode=0; online
2026-06-03T19:36:33.6273687+00:00	WorkerProcessExited	Layer04Node02	ExitCode=0; worker process exited
2026-06-03T19:36:33.6313825+00:00	PipelineCompleted	Layer04Node02	
2026-06-03T19:36:33.6325761+00:00	WorkerEvent	Layer05Node03.refresh-l05-n03	TaskReady; ExitCode=0; 
2026-06-03T19:36:33.6405461+00:00	WorkerEvent	BridgeL05L06	WorkerReady; ExitCode=0; ready
2026-06-03T19:36:33.6428628+00:00	StartPipeline	BridgeL05L06	BridgeL05L06
2026-06-03T19:36:33.6467995+00:00	GrantTask	Layer05Node03.refresh-l05-n03	Layer05Node03.refresh-l05-n03; GrantId=grant-62; Attempt=1
2026-06-03T19:36:33.6472971+00:00	WorkerResuming	BridgeL07L08	ResumeTaskId=BridgeL07L08.bridge-l07-l08-collect; Executable=meta-pipeline
2026-06-03T19:36:33.8690133+00:00	WorkerStarted	BridgeL07L08	8052
2026-06-03T19:36:33.8715571+00:00	WorkerControlPipe	BridgeL07L08	meta-orchestration-0fe02a7b78ad4c239a069252659f044f
2026-06-03T19:36:33.8723733+00:00	WorkerLog	BridgeL07L08	stdout=C:\Users\jimmy\Desktop\meta-bi\Samples\Demos\MetaOrchestrationHairballCliIntegration\Runs\hairball-seed-20260530\RunArtifacts\runs\20260603-193603_74360da14dd34e3a8b281efec21da86d\logs\BridgeL07L08-8052.stdout.log; stderr=C:\Users\jimmy\Desktop\meta-bi\Samples\Demos\MetaOrchestrationHairballCliIntegration\Runs\hairball-seed-20260530\RunArtifacts\runs\20260603-193603_74360da14dd34e3a8b281efec21da86d\logs\BridgeL07L08-8052.stderr.log
2026-06-03T19:36:33.8735884+00:00	WorkerEvent	Layer05Node03.refresh-l05-n03	GrantAccepted; ExitCode=0; 
2026-06-03T19:36:33.8754628+00:00	WorkerEvent	Layer05Node07	WorkerOnline; ExitCode=0; online
2026-06-03T19:36:33.8775893+00:00	WorkerEvent	Layer04Node08	PipelineStarted; ExitCode=0; pipeline started
2026-06-03T19:36:33.8800349+00:00	WorkerEvent	Layer05Node03.refresh-l05-n03	TaskStarted; ExitCode=0; 
2026-06-03T19:36:33.8823496+00:00	WorkerEvent	Layer05Node07	WorkerReady; ExitCode=0; ready
2026-06-03T19:36:33.8926989+00:00	StartPipeline	Layer05Node07	Layer05Node07
2026-06-03T19:36:33.8939962+00:00	WorkerEvent	Layer04Node08.select-l04-n08	TaskReady; ExitCode=0; 
2026-06-03T19:36:33.8975513+00:00	GrantTask	Layer04Node08.select-l04-n08	Layer04Node08.select-l04-n08; GrantId=grant-63; Attempt=1
2026-06-03T19:36:33.9094527+00:00	WorkerEvent	Layer04Node08.select-l04-n08	GrantAccepted; ExitCode=0; 
2026-06-03T19:36:33.9128567+00:00	WorkerEvent	Layer04Node08.select-l04-n08	TaskStarted; ExitCode=0; 
2026-06-03T19:36:33.9175576+00:00	WorkerEvent	BridgeL07L08	WorkerOnline; ExitCode=0; online
2026-06-03T19:36:33.9327701+00:00	WorkerEvent	BridgeL07L08	WorkerReady; ExitCode=0; ready
2026-06-03T19:36:33.9407692+00:00	StartPipeline	BridgeL07L08	BridgeL07L08
2026-06-03T19:36:33.9424563+00:00	WorkerEvent	Layer04Node05.select-l04-n05	TaskSucceeded; ExitCode=0; 
2026-06-03T19:36:33.9442710+00:00	TaskSucceeded	Layer04Node05.select-l04-n05	0
2026-06-03T19:36:33.9547152+00:00	WorkerDeferredForCapacity	CompositeMart	Deferred by orchestration to honor max active worker process capacity.
2026-06-03T19:36:33.9552458+00:00	StopPipeline	CompositeMart	Deferred by orchestration to honor max active worker process capacity.
2026-06-03T19:36:33.9656483+00:00	WorkerProcessExited	Layer04Node05	ExitCode=0; worker process exited
2026-06-03T19:36:33.9802753+00:00	PipelineCompleted	Layer04Node05	
2026-06-03T19:36:33.9816118+00:00	WorkerEvent	CompositeMart	Closed; ExitCode=-1; worker control channel closed
2026-06-03T19:36:33.9840890+00:00	WorkerProcessExited	CompositeMart	ExitCode=0; worker control channel closed
2026-06-03T19:36:33.9849203+00:00	WorkerDeferred	CompositeMart	ResumeTaskId=CompositeMart.composite-stage
2026-06-03T19:36:33.9865300+00:00	WorkerStarting	Layer07Node04	meta-pipeline
2026-06-03T19:36:34.1927986+00:00	WorkerStarted	Layer07Node04	19848
2026-06-03T19:36:34.1935486+00:00	WorkerControlPipe	Layer07Node04	meta-orchestration-1496d895bcfe4b4e9f9bf14e1cc9abe3
2026-06-03T19:36:34.1940218+00:00	WorkerLog	Layer07Node04	stdout=C:\Users\jimmy\Desktop\meta-bi\Samples\Demos\MetaOrchestrationHairballCliIntegration\Runs\hairball-seed-20260530\RunArtifacts\runs\20260603-193603_74360da14dd34e3a8b281efec21da86d\logs\Layer07Node04-19848.stdout.log; stderr=C:\Users\jimmy\Desktop\meta-bi\Samples\Demos\MetaOrchestrationHairballCliIntegration\Runs\hairball-seed-20260530\RunArtifacts\runs\20260603-193603_74360da14dd34e3a8b281efec21da86d\logs\Layer07Node04-19848.stderr.log
2026-06-03T19:36:34.1944613+00:00	WorkerEvent	Layer05Node02	PipelineStarted; ExitCode=0; pipeline started
2026-06-03T19:36:34.1951469+00:00	WorkerEvent	AuditHairball	PipelineStarted; ExitCode=0; pipeline started
2026-06-03T19:36:34.1959414+00:00	WorkerEvent	Layer07Node07	PipelineStarted; ExitCode=0; pipeline started
2026-06-03T19:36:34.1968362+00:00	WorkerEvent	Layer05Node02.select-l05-n02	TaskReady; ExitCode=0; 
2026-06-03T19:36:34.1976748+00:00	WorkerEvent	AuditHairball.audit-hairball	TaskReady; ExitCode=0; 
2026-06-03T19:36:34.1984313+00:00	WorkerEvent	Layer07Node07.select-l07-n07	TaskReady; ExitCode=0; 
2026-06-03T19:36:34.2057931+00:00	GrantTask	Layer05Node02.select-l05-n02	Layer05Node02.select-l05-n02; GrantId=grant-64; Attempt=1
2026-06-03T19:36:34.2081645+00:00	GrantTask	Layer07Node07.select-l07-n07	Layer07Node07.select-l07-n07; GrantId=grant-65; Attempt=1
2026-06-03T19:36:34.2088264+00:00	WorkerResuming	CompositeMart	ResumeTaskId=CompositeMart.composite-stage; Executable=meta-pipeline
2026-06-03T19:36:34.4160109+00:00	WorkerStarted	CompositeMart	25660
2026-06-03T19:36:34.4169898+00:00	WorkerControlPipe	CompositeMart	meta-orchestration-09e08f4641874df7a585ee1f2d5d56eb
2026-06-03T19:36:34.4195276+00:00	WorkerLog	CompositeMart	stdout=C:\Users\jimmy\Desktop\meta-bi\Samples\Demos\MetaOrchestrationHairballCliIntegration\Runs\hairball-seed-20260530\RunArtifacts\runs\20260603-193603_74360da14dd34e3a8b281efec21da86d\logs\CompositeMart-25660.stdout.log; stderr=C:\Users\jimmy\Desktop\meta-bi\Samples\Demos\MetaOrchestrationHairballCliIntegration\Runs\hairball-seed-20260530\RunArtifacts\runs\20260603-193603_74360da14dd34e3a8b281efec21da86d\logs\CompositeMart-25660.stderr.log
2026-06-03T19:36:34.4203499+00:00	WorkerEvent	Layer05Node02.select-l05-n02	GrantAccepted; ExitCode=0; 
2026-06-03T19:36:34.4213728+00:00	WorkerEvent	Layer07Node07.select-l07-n07	GrantAccepted; ExitCode=0; 
2026-06-03T19:36:34.4222342+00:00	WorkerEvent	Layer05Node02.select-l05-n02	TaskStarted; ExitCode=0; 
2026-06-03T19:36:34.4230373+00:00	WorkerEvent	Layer07Node07.select-l07-n07	TaskStarted; ExitCode=0; 
2026-06-03T19:36:34.4237508+00:00	WorkerEvent	Layer07Node04	WorkerOnline; ExitCode=0; online
2026-06-03T19:36:34.4257983+00:00	WorkerEvent	Layer07Node04	WorkerReady; ExitCode=0; ready
2026-06-03T19:36:34.4492925+00:00	StartPipeline	Layer07Node04	Layer07Node04
2026-06-03T19:36:34.4510880+00:00	WorkerEvent	CompositeMart	WorkerOnline; ExitCode=0; online
2026-06-03T19:36:34.4622165+00:00	WorkerEvent	CompositeMart	WorkerReady; ExitCode=0; ready
2026-06-03T19:36:34.4665671+00:00	StartPipeline	CompositeMart	CompositeMart
2026-06-03T19:36:34.6780378+00:00	WorkerEvent	BridgeL03L04	PipelineStarted; ExitCode=0; pipeline started
2026-06-03T19:36:34.6804869+00:00	WorkerEvent	BridgeL03L04.bridge-l03-l04-collect	TaskReady; ExitCode=0; 
2026-06-03T19:36:34.6840711+00:00	WorkerEvent	Layer05Node03.refresh-l05-n03	TaskSucceeded; ExitCode=0; 
2026-06-03T19:36:34.6861555+00:00	TaskSucceeded	Layer05Node03.refresh-l05-n03	0
2026-06-03T19:36:34.6866810+00:00	WorkerEvent	Layer05Node03	Closed; ExitCode=-1; worker control channel closed
2026-06-03T19:36:34.6882858+00:00	PipelineCompleted	Layer05Node03	
2026-06-03T19:36:34.6909506+00:00	WorkerStarting	Layer06Node04	meta-pipeline
2026-06-03T19:36:34.9497651+00:00	WorkerStarted	Layer06Node04	6244
2026-06-03T19:36:34.9503511+00:00	WorkerControlPipe	Layer06Node04	meta-orchestration-384a2ff9df5243d9a0dca7a5698f80d7
2026-06-03T19:36:34.9535256+00:00	WorkerLog	Layer06Node04	stdout=C:\Users\jimmy\Desktop\meta-bi\Samples\Demos\MetaOrchestrationHairballCliIntegration\Runs\hairball-seed-20260530\RunArtifacts\runs\20260603-193603_74360da14dd34e3a8b281efec21da86d\logs\Layer06Node04-6244.stdout.log; stderr=C:\Users\jimmy\Desktop\meta-bi\Samples\Demos\MetaOrchestrationHairballCliIntegration\Runs\hairball-seed-20260530\RunArtifacts\runs\20260603-193603_74360da14dd34e3a8b281efec21da86d\logs\Layer06Node04-6244.stderr.log
2026-06-03T19:36:34.9558137+00:00	WorkerEvent	Layer04Node08.select-l04-n08	TaskSucceeded; ExitCode=0; 
2026-06-03T19:36:34.9568398+00:00	TaskSucceeded	Layer04Node08.select-l04-n08	0
2026-06-03T19:36:34.9573236+00:00	WorkerProcessExited	Layer04Node08	ExitCode=0; worker process exited
2026-06-03T19:36:34.9580823+00:00	PipelineCompleted	Layer04Node08	
2026-06-03T19:36:34.9584646+00:00	WorkerProcessExited	Layer05Node03	ExitCode=0; worker process exited
2026-06-03T19:36:34.9608063+00:00	GrantTask	Layer04Hub.hub-l04-stage	Layer04Hub.hub-l04-stage; GrantId=grant-66; Attempt=1
2026-06-03T19:36:34.9611877+00:00	WorkerStarting	Layer05Hub	meta-pipeline
2026-06-03T19:36:35.1629342+00:00	WorkerStarted	Layer05Hub	3288
2026-06-03T19:36:35.1634439+00:00	WorkerControlPipe	Layer05Hub	meta-orchestration-c3f07aa168d1479eb1d91b9b7b644ccf
2026-06-03T19:36:35.1638083+00:00	WorkerLog	Layer05Hub	stdout=C:\Users\jimmy\Desktop\meta-bi\Samples\Demos\MetaOrchestrationHairballCliIntegration\Runs\hairball-seed-20260530\RunArtifacts\runs\20260603-193603_74360da14dd34e3a8b281efec21da86d\logs\Layer05Hub-3288.stdout.log; stderr=C:\Users\jimmy\Desktop\meta-bi\Samples\Demos\MetaOrchestrationHairballCliIntegration\Runs\hairball-seed-20260530\RunArtifacts\runs\20260603-193603_74360da14dd34e3a8b281efec21da86d\logs\Layer05Hub-3288.stderr.log
2026-06-03T19:36:35.1642328+00:00	WorkerEvent	Layer06Node04	WorkerOnline; ExitCode=0; online
2026-06-03T19:36:35.1650441+00:00	WorkerEvent	Layer04Hub.hub-l04-stage	GrantAccepted; ExitCode=0; 
2026-06-03T19:36:35.1658634+00:00	WorkerEvent	Layer06Node04	WorkerReady; ExitCode=0; ready
2026-06-03T19:36:35.1743507+00:00	StartPipeline	Layer06Node04	Layer06Node04
2026-06-03T19:36:35.1764264+00:00	WorkerEvent	Layer04Hub.hub-l04-stage	TaskStarted; ExitCode=0; 
2026-06-03T19:36:35.1773910+00:00	WorkerEvent	Layer05Node07	PipelineStarted; ExitCode=0; pipeline started
2026-06-03T19:36:35.1782548+00:00	WorkerEvent	BridgeL05L06	PipelineStarted; ExitCode=0; pipeline started
2026-06-03T19:36:35.1808736+00:00	WorkerEvent	Layer05Node07.export-l05-n07	TaskReady; ExitCode=0; 
2026-06-03T19:36:35.1821048+00:00	WorkerEvent	BridgeL05L06.bridge-l05-l06-collect	TaskReady; ExitCode=0; 
2026-06-03T19:36:35.2014530+00:00	GrantTask	Layer05Node07.export-l05-n07	Layer05Node07.export-l05-n07; GrantId=grant-67; Attempt=1
2026-06-03T19:36:35.2051224+00:00	WorkerEvent	Layer05Node07.export-l05-n07	GrantAccepted; ExitCode=0; 
2026-06-03T19:36:35.2062536+00:00	WorkerEvent	Layer05Hub	WorkerOnline; ExitCode=0; online
2026-06-03T19:36:35.2093045+00:00	WorkerEvent	Layer05Node07.export-l05-n07	TaskStarted; ExitCode=0; 
2026-06-03T19:36:35.2117367+00:00	WorkerEvent	Layer05Hub	WorkerReady; ExitCode=0; ready
2026-06-03T19:36:35.2413356+00:00	StartPipeline	Layer05Hub	Layer05Hub
2026-06-03T19:36:35.3521063+00:00	WorkerEvent	Layer07Node07.select-l07-n07	TaskSucceeded; ExitCode=0; 
2026-06-03T19:36:35.3532677+00:00	TaskSucceeded	Layer07Node07.select-l07-n07	0
2026-06-03T19:36:35.3573297+00:00	WorkerEvent	Layer05Node02.select-l05-n02	TaskSucceeded; ExitCode=0; 
2026-06-03T19:36:35.3587220+00:00	TaskSucceeded	Layer05Node02.select-l05-n02	0
2026-06-03T19:36:35.3800362+00:00	WorkerEvent	Layer07Node07	Closed; ExitCode=-1; worker control channel closed
2026-06-03T19:36:35.3805758+00:00	WorkerProcessExited	Layer07Node07	ExitCode=0; worker control channel closed
2026-06-03T19:36:35.3855745+00:00	PipelineCompleted	Layer07Node07	
2026-06-03T19:36:35.3873824+00:00	WorkerStarting	Layer08Node05	meta-pipeline
2026-06-03T19:36:35.5497989+00:00	WorkerStarted	Layer08Node05	28724
2026-06-03T19:36:35.5502895+00:00	WorkerControlPipe	Layer08Node05	meta-orchestration-78b58bb1bbac44569a791792051f2e50
2026-06-03T19:36:35.5506194+00:00	WorkerLog	Layer08Node05	stdout=C:\Users\jimmy\Desktop\meta-bi\Samples\Demos\MetaOrchestrationHairballCliIntegration\Runs\hairball-seed-20260530\RunArtifacts\runs\20260603-193603_74360da14dd34e3a8b281efec21da86d\logs\Layer08Node05-28724.stdout.log; stderr=C:\Users\jimmy\Desktop\meta-bi\Samples\Demos\MetaOrchestrationHairballCliIntegration\Runs\hairball-seed-20260530\RunArtifacts\runs\20260603-193603_74360da14dd34e3a8b281efec21da86d\logs\Layer08Node05-28724.stderr.log
2026-06-03T19:36:35.5512957+00:00	WorkerEvent	BridgeL07L08	PipelineStarted; ExitCode=0; pipeline started
2026-06-03T19:36:35.5522260+00:00	WorkerProcessExited	Layer05Node02	ExitCode=0; worker process exited
2026-06-03T19:36:35.5529917+00:00	PipelineCompleted	Layer05Node02	
2026-06-03T19:36:35.5533189+00:00	WorkerEvent	BridgeL07L08.bridge-l07-l08-collect	TaskReady; ExitCode=0; 
2026-06-03T19:36:35.5551955+00:00	WorkerStarting	Layer05Node01	meta-pipeline
2026-06-03T19:36:35.7059110+00:00	WorkerStarted	Layer05Node01	10320
2026-06-03T19:36:35.7067345+00:00	WorkerControlPipe	Layer05Node01	meta-orchestration-97a7e969e8664130a2b791a96a283ec8
2026-06-03T19:36:35.7071482+00:00	WorkerLog	Layer05Node01	stdout=C:\Users\jimmy\Desktop\meta-bi\Samples\Demos\MetaOrchestrationHairballCliIntegration\Runs\hairball-seed-20260530\RunArtifacts\runs\20260603-193603_74360da14dd34e3a8b281efec21da86d\logs\Layer05Node01-10320.stdout.log; stderr=C:\Users\jimmy\Desktop\meta-bi\Samples\Demos\MetaOrchestrationHairballCliIntegration\Runs\hairball-seed-20260530\RunArtifacts\runs\20260603-193603_74360da14dd34e3a8b281efec21da86d\logs\Layer05Node01-10320.stderr.log
2026-06-03T19:36:35.7076984+00:00	WorkerEvent	Layer08Node05	WorkerOnline; ExitCode=0; online
2026-06-03T19:36:35.7085512+00:00	WorkerEvent	Layer07Node04	PipelineStarted; ExitCode=0; pipeline started
2026-06-03T19:36:35.7111923+00:00	WorkerEvent	Layer08Node05	WorkerReady; ExitCode=0; ready
2026-06-03T19:36:35.7149142+00:00	StartPipeline	Layer08Node05	Layer08Node05
2026-06-03T19:36:35.7161633+00:00	WorkerEvent	Layer07Node04.select-l07-n04	TaskReady; ExitCode=0; 
2026-06-03T19:36:35.7193941+00:00	GrantTask	Layer07Node04.select-l07-n04	Layer07Node04.select-l07-n04; GrantId=grant-68; Attempt=1
2026-06-03T19:36:35.7214605+00:00	WorkerEvent	Layer07Node04.select-l07-n04	GrantAccepted; ExitCode=0; 
2026-06-03T19:36:35.7236079+00:00	WorkerEvent	Layer07Node04.select-l07-n04	TaskStarted; ExitCode=0; 
2026-06-03T19:36:35.7460481+00:00	WorkerEvent	Layer05Node01	WorkerOnline; ExitCode=0; online
2026-06-03T19:36:35.7485014+00:00	WorkerEvent	Layer05Node01	WorkerReady; ExitCode=0; ready
2026-06-03T19:36:35.7940704+00:00	StartPipeline	Layer05Node01	Layer05Node01
2026-06-03T19:36:35.9427075+00:00	WorkerEvent	Layer04Hub.hub-l04-stage	TaskSucceeded; ExitCode=0; 
2026-06-03T19:36:35.9436891+00:00	TaskSucceeded	Layer04Hub.hub-l04-stage	0
2026-06-03T19:36:35.9450932+00:00	GrantTask	BridgeL03L04.bridge-l03-l04-collect	BridgeL03L04.bridge-l03-l04-collect; GrantId=grant-69; Attempt=1
2026-06-03T19:36:35.9455189+00:00	WorkerDeferredForCapacity	AuditHairball	Deferred by orchestration to honor max active worker process capacity.
2026-06-03T19:36:35.9458395+00:00	StopPipeline	AuditHairball	Deferred by orchestration to honor max active worker process capacity.
2026-06-03T19:36:35.9465408+00:00	WorkerEvent	Layer04Hub.hub-l04-curate	TaskReady; ExitCode=0; 
2026-06-03T19:36:35.9487119+00:00	GrantTask	Layer04Hub.hub-l04-curate	Layer04Hub.hub-l04-curate; GrantId=grant-70; Attempt=1
2026-06-03T19:36:35.9492582+00:00	WorkerDeferredForCapacity	BridgeL05L06	Deferred by orchestration to honor max active worker process capacity.
2026-06-03T19:36:35.9496494+00:00	StopPipeline	BridgeL05L06	Deferred by orchestration to honor max active worker process capacity.
2026-06-03T19:36:35.9514278+00:00	WorkerEvent	BridgeL03L04.bridge-l03-l04-collect	GrantAccepted; ExitCode=0; 
2026-06-03T19:36:35.9603836+00:00	WorkerEvent	AuditHairball	Closed; ExitCode=-1; worker control channel closed
2026-06-03T19:36:35.9608015+00:00	WorkerProcessExited	AuditHairball	ExitCode=0; worker control channel closed
2026-06-03T19:36:35.9615059+00:00	WorkerDeferred	AuditHairball	ResumeTaskId=AuditHairball.audit-hairball
2026-06-03T19:36:35.9628441+00:00	WorkerStarting	Layer07Node08	meta-pipeline
2026-06-03T19:36:36.2454058+00:00	WorkerStarted	Layer07Node08	3780
2026-06-03T19:36:36.2459610+00:00	WorkerControlPipe	Layer07Node08	meta-orchestration-a83ffbd1e0a94988b83f02c44f6d4728
2026-06-03T19:36:36.2463368+00:00	WorkerLog	Layer07Node08	stdout=C:\Users\jimmy\Desktop\meta-bi\Samples\Demos\MetaOrchestrationHairballCliIntegration\Runs\hairball-seed-20260530\RunArtifacts\runs\20260603-193603_74360da14dd34e3a8b281efec21da86d\logs\Layer07Node08-3780.stdout.log; stderr=C:\Users\jimmy\Desktop\meta-bi\Samples\Demos\MetaOrchestrationHairballCliIntegration\Runs\hairball-seed-20260530\RunArtifacts\runs\20260603-193603_74360da14dd34e3a8b281efec21da86d\logs\Layer07Node08-3780.stderr.log
2026-06-03T19:36:36.2468219+00:00	WorkerEvent	BridgeL03L04.bridge-l03-l04-collect	TaskStarted; ExitCode=0; 
2026-06-03T19:36:36.2475839+00:00	WorkerEvent	Layer04Hub.hub-l04-curate	GrantAccepted; ExitCode=0; 
2026-06-03T19:36:36.2484824+00:00	WorkerEvent	Layer05Node07.export-l05-n07	TaskSucceeded; ExitCode=0; 
2026-06-03T19:36:36.2492262+00:00	TaskSucceeded	Layer05Node07.export-l05-n07	0
2026-06-03T19:36:36.2496589+00:00	WorkerEvent	CompositeMart	PipelineStarted; ExitCode=0; pipeline started
2026-06-03T19:36:36.2504278+00:00	WorkerEvent	BridgeL05L06	Closed; ExitCode=0; worker control channel closed
2026-06-03T19:36:36.2512348+00:00	WorkerProcessExited	BridgeL05L06	ExitCode=0; worker control channel closed
2026-06-03T19:36:36.2522529+00:00	WorkerDeferred	BridgeL05L06	ResumeTaskId=BridgeL05L06.bridge-l05-l06-collect
2026-06-03T19:36:36.2526493+00:00	WorkerEvent	Layer04Hub.hub-l04-curate	TaskStarted; ExitCode=0; 
2026-06-03T19:36:36.2537015+00:00	WorkerEvent	CompositeMart.composite-stage	TaskReady; ExitCode=0; 
2026-06-03T19:36:36.2551468+00:00	WorkerStarting	Layer06Node01	meta-pipeline
2026-06-03T19:36:36.4591682+00:00	WorkerStarted	Layer06Node01	14892
2026-06-03T19:36:36.4597416+00:00	WorkerControlPipe	Layer06Node01	meta-orchestration-442aea11ed2c4d1eaaa62704b6aef820
2026-06-03T19:36:36.4601690+00:00	WorkerLog	Layer06Node01	stdout=C:\Users\jimmy\Desktop\meta-bi\Samples\Demos\MetaOrchestrationHairballCliIntegration\Runs\hairball-seed-20260530\RunArtifacts\runs\20260603-193603_74360da14dd34e3a8b281efec21da86d\logs\Layer06Node01-14892.stdout.log; stderr=C:\Users\jimmy\Desktop\meta-bi\Samples\Demos\MetaOrchestrationHairballCliIntegration\Runs\hairball-seed-20260530\RunArtifacts\runs\20260603-193603_74360da14dd34e3a8b281efec21da86d\logs\Layer06Node01-14892.stderr.log
2026-06-03T19:36:36.4606361+00:00	WorkerEvent	Layer06Node04	PipelineStarted; ExitCode=0; pipeline started
2026-06-03T19:36:36.4615188+00:00	WorkerEvent	Layer07Node08	WorkerOnline; ExitCode=0; online
2026-06-03T19:36:36.4624408+00:00	WorkerEvent	Layer06Node04.export-l06-n04	TaskReady; ExitCode=0; 
2026-06-03T19:36:36.4635584+00:00	WorkerEvent	Layer04Hub.hub-l04-curate	TaskSucceeded; ExitCode=0; 
2026-06-03T19:36:36.4646562+00:00	TaskSucceeded	Layer04Hub.hub-l04-curate	0
2026-06-03T19:36:36.4665009+00:00	WorkerEvent	Layer07Node08	WorkerReady; ExitCode=0; ready
2026-06-03T19:36:36.4796289+00:00	StartPipeline	Layer07Node08	Layer07Node08
2026-06-03T19:36:36.4807112+00:00	WorkerEvent	Layer04Hub.hub-l04-publish	TaskReady; ExitCode=0; 
2026-06-03T19:36:36.4819109+00:00	WorkerProcessExited	Layer05Node07	ExitCode=0; worker process exited
2026-06-03T19:36:36.4828704+00:00	PipelineCompleted	Layer05Node07	
2026-06-03T19:36:36.4858173+00:00	GrantTask	Layer04Hub.hub-l04-publish	Layer04Hub.hub-l04-publish; GrantId=grant-71; Attempt=1
2026-06-03T19:36:36.4957031+00:00	GrantTask	Layer06Node04.export-l06-n04	Layer06Node04.export-l06-n04; GrantId=grant-72; Attempt=1
2026-06-03T19:36:36.4961809+00:00	WorkerStarting	Layer06Node07	meta-pipeline
2026-06-03T19:36:36.7288218+00:00	WorkerStarted	Layer06Node07	9444
2026-06-03T19:36:36.7295694+00:00	WorkerControlPipe	Layer06Node07	meta-orchestration-7e70a1784087478d8e01e824675cc3e3
2026-06-03T19:36:36.7300741+00:00	WorkerLog	Layer06Node07	stdout=C:\Users\jimmy\Desktop\meta-bi\Samples\Demos\MetaOrchestrationHairballCliIntegration\Runs\hairball-seed-20260530\RunArtifacts\runs\20260603-193603_74360da14dd34e3a8b281efec21da86d\logs\Layer06Node07-9444.stdout.log; stderr=C:\Users\jimmy\Desktop\meta-bi\Samples\Demos\MetaOrchestrationHairballCliIntegration\Runs\hairball-seed-20260530\RunArtifacts\runs\20260603-193603_74360da14dd34e3a8b281efec21da86d\logs\Layer06Node07-9444.stderr.log
2026-06-03T19:36:36.7306075+00:00	WorkerEvent	Layer06Node04.export-l06-n04	GrantAccepted; ExitCode=0; 
2026-06-03T19:36:36.7318169+00:00	WorkerEvent	Layer04Hub.hub-l04-publish	GrantAccepted; ExitCode=0; 
2026-06-03T19:36:36.7337865+00:00	WorkerEvent	Layer06Node01	WorkerOnline; ExitCode=0; online
2026-06-03T19:36:36.7348765+00:00	WorkerEvent	Layer07Node04.select-l07-n04	TaskSucceeded; ExitCode=0; 
2026-06-03T19:36:36.7361822+00:00	TaskSucceeded	Layer07Node04.select-l07-n04	0
2026-06-03T19:36:36.7366099+00:00	WorkerEvent	Layer05Hub	PipelineStarted; ExitCode=0; pipeline started
2026-06-03T19:36:36.7372778+00:00	WorkerProcessExited	Layer07Node04	ExitCode=0; worker process exited
2026-06-03T19:36:36.7379460+00:00	PipelineCompleted	Layer07Node04	
2026-06-03T19:36:36.7388706+00:00	WorkerStarting	Layer06Node10	meta-pipeline
2026-06-03T19:36:36.9445382+00:00	WorkerStarted	Layer06Node10	20160
2026-06-03T19:36:36.9451477+00:00	WorkerControlPipe	Layer06Node10	meta-orchestration-64b3641ea1ad4f959d5214ec101e515a
2026-06-03T19:36:36.9456819+00:00	WorkerLog	Layer06Node10	stdout=C:\Users\jimmy\Desktop\meta-bi\Samples\Demos\MetaOrchestrationHairballCliIntegration\Runs\hairball-seed-20260530\RunArtifacts\runs\20260603-193603_74360da14dd34e3a8b281efec21da86d\logs\Layer06Node10-20160.stdout.log; stderr=C:\Users\jimmy\Desktop\meta-bi\Samples\Demos\MetaOrchestrationHairballCliIntegration\Runs\hairball-seed-20260530\RunArtifacts\runs\20260603-193603_74360da14dd34e3a8b281efec21da86d\logs\Layer06Node10-20160.stderr.log
2026-06-03T19:36:36.9463045+00:00	WorkerEvent	Layer06Node04.export-l06-n04	TaskStarted; ExitCode=0; 
2026-06-03T19:36:36.9472579+00:00	WorkerEvent	BridgeL03L04.bridge-l03-l04-collect	TaskSucceeded; ExitCode=0; 
2026-06-03T19:36:36.9482935+00:00	TaskSucceeded	BridgeL03L04.bridge-l03-l04-collect	0
2026-06-03T19:36:36.9501886+00:00	WorkerEvent	Layer04Hub.hub-l04-publish	TaskStarted; ExitCode=0; 
2026-06-03T19:36:36.9531963+00:00	WorkerEvent	Layer06Node07	WorkerOnline; ExitCode=0; online
2026-06-03T19:36:36.9541156+00:00	WorkerEvent	Layer08Node05	PipelineStarted; ExitCode=0; pipeline started
2026-06-03T19:36:36.9548798+00:00	WorkerEvent	Layer06Node01	WorkerReady; ExitCode=0; ready
2026-06-03T19:36:36.9557825+00:00	StartPipeline	Layer06Node01	Layer06Node01
2026-06-03T19:36:36.9565843+00:00	WorkerEvent	Layer06Node07	WorkerReady; ExitCode=0; ready
2026-06-03T19:36:36.9607035+00:00	StartPipeline	Layer06Node07	Layer06Node07
2026-06-03T19:36:36.9617572+00:00	WorkerEvent	BridgeL03L04.bridge-l03-l04-north	TaskReady; ExitCode=0; 
2026-06-03T19:36:36.9624781+00:00	WorkerEvent	Layer08Node05.refresh-l08-n05	TaskReady; ExitCode=0; 
2026-06-03T19:36:36.9632172+00:00	WorkerEvent	Layer05Hub.hub-l05-stage	TaskReady; ExitCode=0; 
2026-06-03T19:36:36.9686513+00:00	GrantTask	BridgeL03L04.bridge-l03-l04-north	BridgeL03L04.bridge-l03-l04-north; GrantId=grant-73; Attempt=1
2026-06-03T19:36:36.9698309+00:00	GrantTask	Layer08Node05.refresh-l08-n05	Layer08Node05.refresh-l08-n05; GrantId=grant-74; Attempt=1
2026-06-03T19:36:36.9703594+00:00	WorkerDeferredForCapacity	BridgeL07L08	Deferred by orchestration to honor max active worker process capacity.
2026-06-03T19:36:36.9709662+00:00	StopPipeline	BridgeL07L08	Deferred by orchestration to honor max active worker process capacity.
2026-06-03T19:36:36.9716303+00:00	WorkerEvent	BridgeL03L04.bridge-l03-l04-north	GrantAccepted; ExitCode=0; 
2026-06-03T19:36:36.9724195+00:00	WorkerEvent	Layer08Node05.refresh-l08-n05	GrantAccepted; ExitCode=0; 
2026-06-03T19:36:36.9737089+00:00	WorkerDeferredForCapacity	CompositeMart	Deferred by orchestration to honor max active worker process capacity.
2026-06-03T19:36:36.9742107+00:00	StopPipeline	CompositeMart	Deferred by orchestration to honor max active worker process capacity.
2026-06-03T19:36:36.9751613+00:00	WorkerEvent	BridgeL03L04.bridge-l03-l04-north	TaskStarted; ExitCode=0; 
2026-06-03T19:36:36.9766390+00:00	WorkerDeferredForCapacity	Layer05Hub	Deferred by orchestration to honor max active worker process capacity.
2026-06-03T19:36:36.9770581+00:00	StopPipeline	Layer05Hub	Deferred by orchestration to honor max active worker process capacity.
2026-06-03T19:36:36.9784638+00:00	WorkerEvent	Layer06Node10	WorkerOnline; ExitCode=0; online
2026-06-03T19:36:36.9798137+00:00	WorkerEvent	BridgeL07L08	Closed; ExitCode=-1; worker control channel closed
2026-06-03T19:36:36.9805086+00:00	WorkerDeferred	BridgeL07L08	ResumeTaskId=BridgeL07L08.bridge-l07-l08-collect
2026-06-03T19:36:36.9814142+00:00	WorkerStarting	Layer05Node05	meta-pipeline
2026-06-03T19:36:37.1747290+00:00	WorkerStarted	Layer05Node05	25268
2026-06-03T19:36:37.1755551+00:00	WorkerControlPipe	Layer05Node05	meta-orchestration-b6421da845f444a79769689736e840a4
2026-06-03T19:36:37.1760106+00:00	WorkerLog	Layer05Node05	stdout=C:\Users\jimmy\Desktop\meta-bi\Samples\Demos\MetaOrchestrationHairballCliIntegration\Runs\hairball-seed-20260530\RunArtifacts\runs\20260603-193603_74360da14dd34e3a8b281efec21da86d\logs\Layer05Node05-25268.stdout.log; stderr=C:\Users\jimmy\Desktop\meta-bi\Samples\Demos\MetaOrchestrationHairballCliIntegration\Runs\hairball-seed-20260530\RunArtifacts\runs\20260603-193603_74360da14dd34e3a8b281efec21da86d\logs\Layer05Node05-25268.stderr.log
2026-06-03T19:36:37.1765118+00:00	WorkerEvent	Layer05Node01	PipelineStarted; ExitCode=0; pipeline started
2026-06-03T19:36:37.1779748+00:00	WorkerEvent	Layer04Hub.hub-l04-publish	TaskSucceeded; ExitCode=0; 
2026-06-03T19:36:37.1789036+00:00	TaskSucceeded	Layer04Hub.hub-l04-publish	0
2026-06-03T19:36:37.1793655+00:00	WorkerEvent	Layer08Node05.refresh-l08-n05	TaskStarted; ExitCode=0; 
2026-06-03T19:36:37.1800745+00:00	WorkerEvent	CompositeMart	Closed; ExitCode=0; worker control channel closed
2026-06-03T19:36:37.1805324+00:00	WorkerProcessExited	CompositeMart	ExitCode=0; worker control channel closed
2026-06-03T19:36:37.1812230+00:00	WorkerDeferred	CompositeMart	ResumeTaskId=CompositeMart.composite-stage
2026-06-03T19:36:37.1818307+00:00	WorkerEvent	BridgeL03L04.bridge-l03-l04-north	TaskSucceeded; ExitCode=0; 
2026-06-03T19:36:37.1825773+00:00	TaskSucceeded	BridgeL03L04.bridge-l03-l04-north	0
2026-06-03T19:36:37.1830544+00:00	WorkerEvent	Layer05Node01.select-l05-n01	TaskReady; ExitCode=0; 
2026-06-03T19:36:37.1843263+00:00	WorkerEvent	Layer06Node10	WorkerReady; ExitCode=0; ready
2026-06-03T19:36:37.1852565+00:00	StartPipeline	Layer06Node10	Layer06Node10
2026-06-03T19:36:37.1859627+00:00	WorkerEvent	BridgeL03L04.bridge-l03-l04-south	TaskReady; ExitCode=0; 
2026-06-03T19:36:37.1867282+00:00	WorkerEvent	Layer05Hub	Closed; ExitCode=0; worker control channel closed
2026-06-03T19:36:37.1871131+00:00	WorkerProcessExited	Layer05Hub	ExitCode=0; worker control channel closed
2026-06-03T19:36:37.1877530+00:00	WorkerDeferred	Layer05Hub	ResumeTaskId=Layer05Hub.hub-l05-stage
2026-06-03T19:36:37.1881320+00:00	WorkerProcessExited	BridgeL07L08	ExitCode=0; worker process exited
2026-06-03T19:36:37.1885485+00:00	WorkerProcessExited	Layer04Hub	ExitCode=0; worker process exited
2026-06-03T19:36:37.1892094+00:00	PipelineCompleted	Layer04Hub	
2026-06-03T19:36:37.1904375+00:00	GrantTask	BridgeL03L04.bridge-l03-l04-south	BridgeL03L04.bridge-l03-l04-south; GrantId=grant-75; Attempt=1
2026-06-03T19:36:37.1921034+00:00	GrantTask	Layer05Node01.select-l05-n01	Layer05Node01.select-l05-n01; GrantId=grant-76; Attempt=1
2026-06-03T19:36:37.1924995+00:00	WorkerStarting	Layer05Node04	meta-pipeline
2026-06-03T19:36:37.4240788+00:00	WorkerStarted	Layer05Node04	23116
2026-06-03T19:36:37.4247715+00:00	WorkerControlPipe	Layer05Node04	meta-orchestration-a93599e502794c7e98ce774090eb72f2
2026-06-03T19:36:37.4282081+00:00	WorkerLog	Layer05Node04	stdout=C:\Users\jimmy\Desktop\meta-bi\Samples\Demos\MetaOrchestrationHairballCliIntegration\Runs\hairball-seed-20260530\RunArtifacts\runs\20260603-193603_74360da14dd34e3a8b281efec21da86d\logs\Layer05Node04-23116.stdout.log; stderr=C:\Users\jimmy\Desktop\meta-bi\Samples\Demos\MetaOrchestrationHairballCliIntegration\Runs\hairball-seed-20260530\RunArtifacts\runs\20260603-193603_74360da14dd34e3a8b281efec21da86d\logs\Layer05Node04-23116.stderr.log
2026-06-03T19:36:37.4300396+00:00	WorkerEvent	BridgeL03L04.bridge-l03-l04-south	GrantAccepted; ExitCode=0; 
2026-06-03T19:36:37.4368657+00:00	WorkerEvent	Layer05Node01.select-l05-n01	GrantAccepted; ExitCode=0; 
2026-06-03T19:36:37.4385224+00:00	WorkerEvent	Layer05Node05	WorkerOnline; ExitCode=0; online
2026-06-03T19:36:37.4405009+00:00	WorkerEvent	BridgeL03L04.bridge-l03-l04-south	TaskStarted; ExitCode=0; 
2026-06-03T19:36:37.4412823+00:00	WorkerEvent	Layer05Node01.select-l05-n01	TaskStarted; ExitCode=0; 
2026-06-03T19:36:37.4445275+00:00	WorkerStarting	Layer08Node06	meta-pipeline
2026-06-03T19:36:37.6825522+00:00	WorkerStarted	Layer08Node06	19800
2026-06-03T19:36:37.6831920+00:00	WorkerControlPipe	Layer08Node06	meta-orchestration-6213000d69f3413a9d258ee175edac2d
2026-06-03T19:36:37.6842421+00:00	WorkerLog	Layer08Node06	stdout=C:\Users\jimmy\Desktop\meta-bi\Samples\Demos\MetaOrchestrationHairballCliIntegration\Runs\hairball-seed-20260530\RunArtifacts\runs\20260603-193603_74360da14dd34e3a8b281efec21da86d\logs\Layer08Node06-19800.stdout.log; stderr=C:\Users\jimmy\Desktop\meta-bi\Samples\Demos\MetaOrchestrationHairballCliIntegration\Runs\hairball-seed-20260530\RunArtifacts\runs\20260603-193603_74360da14dd34e3a8b281efec21da86d\logs\Layer08Node06-19800.stderr.log
2026-06-03T19:36:37.6847820+00:00	WorkerEvent	BridgeL03L04.bridge-l03-l04-south	TaskSucceeded; ExitCode=0; 
2026-06-03T19:36:37.6855304+00:00	TaskSucceeded	BridgeL03L04.bridge-l03-l04-south	0
2026-06-03T19:36:37.6859182+00:00	WorkerEvent	Layer07Node08	PipelineStarted; ExitCode=0; pipeline started
2026-06-03T19:36:37.6866075+00:00	WorkerEvent	Layer05Node05	WorkerReady; ExitCode=0; ready
2026-06-03T19:36:37.6903892+00:00	StartPipeline	Layer05Node05	Layer05Node05
2026-06-03T19:36:37.7010222+00:00	WorkerEvent	Layer07Node08.export-l07-n08	TaskReady; ExitCode=0; 
2026-06-03T19:36:37.7027032+00:00	WorkerEvent	Layer05Node04	WorkerOnline; ExitCode=0; online
2026-06-03T19:36:37.7081707+00:00	WorkerProcessExited	BridgeL03L04	ExitCode=0; worker process exited
2026-06-03T19:36:37.7131819+00:00	PipelineCompleted	BridgeL03L04	
2026-06-03T19:36:37.7146616+00:00	WorkerEvent	Layer06Node04.export-l06-n04	TaskSucceeded; ExitCode=0; 
2026-06-03T19:36:37.7177326+00:00	TaskSucceeded	Layer06Node04.export-l06-n04	0
2026-06-03T19:36:37.7184836+00:00	WorkerEvent	Layer06Node04	Closed; ExitCode=-1; worker control channel closed
2026-06-03T19:36:37.7192108+00:00	WorkerProcessExited	Layer06Node04	ExitCode=0; worker control channel closed
2026-06-03T19:36:37.7267716+00:00	PipelineCompleted	Layer06Node04	
2026-06-03T19:36:37.7392768+00:00	WorkerEvent	Layer08Node06	WorkerOnline; ExitCode=0; online
2026-06-03T19:36:37.7427899+00:00	WorkerEvent	Layer05Node04	WorkerReady; ExitCode=0; ready
2026-06-03T19:36:37.7481940+00:00	StartPipeline	Layer05Node04	Layer05Node04
2026-06-03T19:36:37.7503132+00:00	WorkerEvent	Layer08Node06	WorkerReady; ExitCode=0; ready
2026-06-03T19:36:37.7526420+00:00	StartPipeline	Layer08Node06	Layer08Node06
2026-06-03T19:36:37.7555120+00:00	GrantTask	Layer07Node08.export-l07-n08	Layer07Node08.export-l07-n08; GrantId=grant-77; Attempt=1
2026-06-03T19:36:37.7561274+00:00	WorkerStarting	Layer06Node05	meta-pipeline
2026-06-03T19:36:38.0243903+00:00	WorkerStarted	Layer06Node05	30828
2026-06-03T19:36:38.0251843+00:00	WorkerControlPipe	Layer06Node05	meta-orchestration-e364b99d6e8e4bfcaed97af24517aa5a
2026-06-03T19:36:38.0256824+00:00	WorkerLog	Layer06Node05	stdout=C:\Users\jimmy\Desktop\meta-bi\Samples\Demos\MetaOrchestrationHairballCliIntegration\Runs\hairball-seed-20260530\RunArtifacts\runs\20260603-193603_74360da14dd34e3a8b281efec21da86d\logs\Layer06Node05-30828.stdout.log; stderr=C:\Users\jimmy\Desktop\meta-bi\Samples\Demos\MetaOrchestrationHairballCliIntegration\Runs\hairball-seed-20260530\RunArtifacts\runs\20260603-193603_74360da14dd34e3a8b281efec21da86d\logs\Layer06Node05-30828.stderr.log
2026-06-03T19:36:38.0263090+00:00	WorkerEvent	Layer07Node08.export-l07-n08	GrantAccepted; ExitCode=0; 
2026-06-03T19:36:38.0273169+00:00	WorkerEvent	Layer08Node05.refresh-l08-n05	TaskSucceeded; ExitCode=0; 
2026-06-03T19:36:38.0283937+00:00	TaskSucceeded	Layer08Node05.refresh-l08-n05	0
2026-06-03T19:36:38.0289208+00:00	WorkerProcessExited	Layer08Node05	ExitCode=0; worker process exited
2026-06-03T19:36:38.0297391+00:00	PipelineCompleted	Layer08Node05	
2026-06-03T19:36:38.0319448+00:00	WorkerResuming	AuditHairball	ResumeTaskId=AuditHairball.audit-hairball; Executable=meta-pipeline
2026-06-03T19:36:38.2261172+00:00	WorkerStarted	AuditHairball	21764
2026-06-03T19:36:38.2267128+00:00	WorkerControlPipe	AuditHairball	meta-orchestration-73f0eed020ef4d9d9a5b5f8f5c35bc04
2026-06-03T19:36:38.2271046+00:00	WorkerLog	AuditHairball	stdout=C:\Users\jimmy\Desktop\meta-bi\Samples\Demos\MetaOrchestrationHairballCliIntegration\Runs\hairball-seed-20260530\RunArtifacts\runs\20260603-193603_74360da14dd34e3a8b281efec21da86d\logs\AuditHairball-21764.stdout.log; stderr=C:\Users\jimmy\Desktop\meta-bi\Samples\Demos\MetaOrchestrationHairballCliIntegration\Runs\hairball-seed-20260530\RunArtifacts\runs\20260603-193603_74360da14dd34e3a8b281efec21da86d\logs\AuditHairball-21764.stderr.log
2026-06-03T19:36:38.2275603+00:00	WorkerEvent	Layer06Node05	WorkerOnline; ExitCode=0; online
2026-06-03T19:36:38.2284086+00:00	WorkerEvent	Layer07Node08.export-l07-n08	TaskStarted; ExitCode=0; 
2026-06-03T19:36:38.2293763+00:00	WorkerEvent	Layer06Node07	PipelineStarted; ExitCode=0; pipeline started
2026-06-03T19:36:38.2301362+00:00	WorkerEvent	Layer06Node01	PipelineStarted; ExitCode=0; pipeline started
2026-06-03T19:36:38.2354931+00:00	WorkerEvent	Layer06Node05	WorkerReady; ExitCode=0; ready
2026-06-03T19:36:38.2402237+00:00	StartPipeline	Layer06Node05	Layer06Node05
2026-06-03T19:36:38.2412918+00:00	WorkerEvent	Layer06Node07.export-l06-n07	TaskReady; ExitCode=0; 
2026-06-03T19:36:38.2424958+00:00	WorkerEvent	Layer06Node01.select-l06-n01	TaskReady; ExitCode=0; 
2026-06-03T19:36:38.2447300+00:00	GrantTask	Layer06Node01.select-l06-n01	Layer06Node01.select-l06-n01; GrantId=grant-78; Attempt=1
2026-06-03T19:36:38.2452356+00:00	GrantTask	Layer06Node07.export-l06-n07	Layer06Node07.export-l06-n07; GrantId=grant-79; Attempt=1
2026-06-03T19:36:38.2456247+00:00	WorkerResuming	BridgeL05L06	ResumeTaskId=BridgeL05L06.bridge-l05-l06-collect; Executable=meta-pipeline
2026-06-03T19:36:38.4086874+00:00	WorkerStarted	BridgeL05L06	27636
2026-06-03T19:36:38.4094321+00:00	WorkerControlPipe	BridgeL05L06	meta-orchestration-ef3fdf524ce24b1b8f86be09395c262c
2026-06-03T19:36:38.4099962+00:00	WorkerLog	BridgeL05L06	stdout=C:\Users\jimmy\Desktop\meta-bi\Samples\Demos\MetaOrchestrationHairballCliIntegration\Runs\hairball-seed-20260530\RunArtifacts\runs\20260603-193603_74360da14dd34e3a8b281efec21da86d\logs\BridgeL05L06-27636.stdout.log; stderr=C:\Users\jimmy\Desktop\meta-bi\Samples\Demos\MetaOrchestrationHairballCliIntegration\Runs\hairball-seed-20260530\RunArtifacts\runs\20260603-193603_74360da14dd34e3a8b281efec21da86d\logs\BridgeL05L06-27636.stderr.log
2026-06-03T19:36:38.4107565+00:00	WorkerEvent	Layer05Node01.select-l05-n01	TaskSucceeded; ExitCode=0; 
2026-06-03T19:36:38.4117169+00:00	TaskSucceeded	Layer05Node01.select-l05-n01	0
2026-06-03T19:36:38.4122655+00:00	WorkerEvent	Layer06Node07.export-l06-n07	GrantAccepted; ExitCode=0; 
2026-06-03T19:36:38.4130809+00:00	WorkerEvent	AuditHairball	WorkerOnline; ExitCode=0; online
2026-06-03T19:36:38.4139248+00:00	WorkerEvent	Layer06Node01.select-l06-n01	GrantAccepted; ExitCode=0; 
2026-06-03T19:36:38.4148259+00:00	WorkerEvent	Layer06Node10	PipelineStarted; ExitCode=0; pipeline started
2026-06-03T19:36:38.4157388+00:00	WorkerProcessExited	Layer05Node01	ExitCode=0; worker process exited
2026-06-03T19:36:38.4171503+00:00	PipelineCompleted	Layer05Node01	
2026-06-03T19:36:38.4185788+00:00	WorkerStarting	Layer05Node06	meta-pipeline
2026-06-03T19:36:38.6081520+00:00	WorkerStarted	Layer05Node06	12672
2026-06-03T19:36:38.6091671+00:00	WorkerControlPipe	Layer05Node06	meta-orchestration-19606a5f93844614a66c688caacdd74e
2026-06-03T19:36:38.6096892+00:00	WorkerLog	Layer05Node06	stdout=C:\Users\jimmy\Desktop\meta-bi\Samples\Demos\MetaOrchestrationHairballCliIntegration\Runs\hairball-seed-20260530\RunArtifacts\runs\20260603-193603_74360da14dd34e3a8b281efec21da86d\logs\Layer05Node06-12672.stdout.log; stderr=C:\Users\jimmy\Desktop\meta-bi\Samples\Demos\MetaOrchestrationHairballCliIntegration\Runs\hairball-seed-20260530\RunArtifacts\runs\20260603-193603_74360da14dd34e3a8b281efec21da86d\logs\Layer05Node06-12672.stderr.log
2026-06-03T19:36:38.6102895+00:00	WorkerEvent	BridgeL05L06	WorkerOnline; ExitCode=0; online
2026-06-03T19:36:38.6113791+00:00	WorkerEvent	Layer06Node07.export-l06-n07	TaskStarted; ExitCode=0; 
2026-06-03T19:36:38.6122844+00:00	WorkerEvent	AuditHairball	WorkerReady; ExitCode=0; ready
2026-06-03T19:36:38.6136085+00:00	StartPipeline	AuditHairball	AuditHairball
2026-06-03T19:36:38.6147950+00:00	WorkerEvent	BridgeL05L06	WorkerReady; ExitCode=0; ready
2026-06-03T19:36:38.6200656+00:00	StartPipeline	BridgeL05L06	BridgeL05L06
2026-06-03T19:36:38.6215005+00:00	WorkerEvent	Layer06Node01.select-l06-n01	TaskStarted; ExitCode=0; 
2026-06-03T19:36:38.6281072+00:00	WorkerEvent	Layer06Node10.refresh-l06-n10	TaskReady; ExitCode=0; 
2026-06-03T19:36:38.6322335+00:00	GrantTask	Layer06Node10.refresh-l06-n10	Layer06Node10.refresh-l06-n10; GrantId=grant-80; Attempt=1
2026-06-03T19:36:38.6329654+00:00	WorkerResuming	BridgeL07L08	ResumeTaskId=BridgeL07L08.bridge-l07-l08-collect; Executable=meta-pipeline
2026-06-03T19:36:38.9277170+00:00	WorkerStarted	BridgeL07L08	27072
2026-06-03T19:36:38.9284107+00:00	WorkerControlPipe	BridgeL07L08	meta-orchestration-6ee1e6dae8a54bc2a71c7dcd69bb8e3e
2026-06-03T19:36:38.9288984+00:00	WorkerLog	BridgeL07L08	stdout=C:\Users\jimmy\Desktop\meta-bi\Samples\Demos\MetaOrchestrationHairballCliIntegration\Runs\hairball-seed-20260530\RunArtifacts\runs\20260603-193603_74360da14dd34e3a8b281efec21da86d\logs\BridgeL07L08-27072.stdout.log; stderr=C:\Users\jimmy\Desktop\meta-bi\Samples\Demos\MetaOrchestrationHairballCliIntegration\Runs\hairball-seed-20260530\RunArtifacts\runs\20260603-193603_74360da14dd34e3a8b281efec21da86d\logs\BridgeL07L08-27072.stderr.log
2026-06-03T19:36:38.9300977+00:00	WorkerEvent	Layer05Node06	WorkerOnline; ExitCode=0; online
2026-06-03T19:36:38.9371337+00:00	WorkerEvent	Layer05Node05	PipelineStarted; ExitCode=0; pipeline started
2026-06-03T19:36:38.9380857+00:00	WorkerEvent	Layer06Node10.refresh-l06-n10	GrantAccepted; ExitCode=0; 
2026-06-03T19:36:38.9414089+00:00	WorkerEvent	Layer05Node06	WorkerReady; ExitCode=0; ready
2026-06-03T19:36:38.9501961+00:00	StartPipeline	Layer05Node06	Layer05Node06
2026-06-03T19:36:38.9515728+00:00	WorkerEvent	Layer05Node05.refresh-l05-n05	TaskReady; ExitCode=0; 
2026-06-03T19:36:38.9526192+00:00	WorkerEvent	Layer06Node10.refresh-l06-n10	TaskStarted; ExitCode=0; 
2026-06-03T19:36:38.9551410+00:00	GrantTask	Layer05Node05.refresh-l05-n05	Layer05Node05.refresh-l05-n05; GrantId=grant-81; Attempt=1
2026-06-03T19:36:38.9665956+00:00	WorkerEvent	BridgeL07L08	WorkerOnline; ExitCode=0; online
2026-06-03T19:36:38.9701372+00:00	WorkerEvent	Layer05Node05.refresh-l05-n05	GrantAccepted; ExitCode=0; 
2026-06-03T19:36:38.9725782+00:00	WorkerEvent	BridgeL07L08	WorkerReady; ExitCode=0; ready
2026-06-03T19:36:38.9748794+00:00	StartPipeline	BridgeL07L08	BridgeL07L08
2026-06-03T19:36:38.9758525+00:00	WorkerEvent	Layer05Node05.refresh-l05-n05	TaskStarted; ExitCode=0; 
2026-06-03T19:36:38.9906181+00:00	WorkerEvent	Layer08Node06	PipelineStarted; ExitCode=0; pipeline started
2026-06-03T19:36:38.9935477+00:00	WorkerEvent	Layer08Node06.select-l08-n06	TaskReady; ExitCode=0; 
2026-06-03T19:36:39.0042262+00:00	GrantTask	Layer08Node06.select-l08-n06	Layer08Node06.select-l08-n06; GrantId=grant-82; Attempt=1
2026-06-03T19:36:39.0047966+00:00	WorkerEvent	Layer08Node06.select-l08-n06	GrantAccepted; ExitCode=0; 
2026-06-03T19:36:39.0060585+00:00	WorkerEvent	Layer05Node04	PipelineStarted; ExitCode=0; pipeline started
2026-06-03T19:36:39.0090893+00:00	WorkerEvent	Layer08Node06.select-l08-n06	TaskStarted; ExitCode=0; 
2026-06-03T19:36:39.0101197+00:00	WorkerEvent	Layer05Node04.select-l05-n04	TaskReady; ExitCode=0; 
2026-06-03T19:36:39.0297497+00:00	GrantTask	Layer05Node04.select-l05-n04	Layer05Node04.select-l05-n04; GrantId=grant-83; Attempt=1
2026-06-03T19:36:39.0462112+00:00	WorkerEvent	Layer05Node04.select-l05-n04	GrantAccepted; ExitCode=0; 
2026-06-03T19:36:39.0518188+00:00	WorkerEvent	Layer05Node04.select-l05-n04	TaskStarted; ExitCode=0; 
2026-06-03T19:36:39.1751679+00:00	WorkerEvent	Layer07Node08.export-l07-n08	TaskSucceeded; ExitCode=0; 
2026-06-03T19:36:39.1762210+00:00	TaskSucceeded	Layer07Node08.export-l07-n08	0
2026-06-03T19:36:39.1871469+00:00	WorkerProcessExited	Layer07Node08	ExitCode=0; worker process exited
2026-06-03T19:36:39.1882206+00:00	PipelineCompleted	Layer07Node08	
2026-06-03T19:36:39.1910647+00:00	WorkerResuming	CompositeMart	ResumeTaskId=CompositeMart.composite-stage; Executable=meta-pipeline
2026-06-03T19:36:39.5904239+00:00	WorkerStarted	CompositeMart	26748
2026-06-03T19:36:39.5913761+00:00	WorkerControlPipe	CompositeMart	meta-orchestration-c61f6da6c15f4ee39fba622afd61f6f1
2026-06-03T19:36:39.5961119+00:00	WorkerLog	CompositeMart	stdout=C:\Users\jimmy\Desktop\meta-bi\Samples\Demos\MetaOrchestrationHairballCliIntegration\Runs\hairball-seed-20260530\RunArtifacts\runs\20260603-193603_74360da14dd34e3a8b281efec21da86d\logs\CompositeMart-26748.stdout.log; stderr=C:\Users\jimmy\Desktop\meta-bi\Samples\Demos\MetaOrchestrationHairballCliIntegration\Runs\hairball-seed-20260530\RunArtifacts\runs\20260603-193603_74360da14dd34e3a8b281efec21da86d\logs\CompositeMart-26748.stderr.log
2026-06-03T19:36:39.6009561+00:00	WorkerEvent	Layer06Node05	PipelineStarted; ExitCode=0; pipeline started
2026-06-03T19:36:39.6024325+00:00	WorkerEvent	Layer06Node01.select-l06-n01	TaskSucceeded; ExitCode=0; 
2026-06-03T19:36:39.6042756+00:00	TaskSucceeded	Layer06Node01.select-l06-n01	0
2026-06-03T19:36:39.6169089+00:00	WorkerEvent	Layer06Node05.export-l06-n05	TaskReady; ExitCode=0; 
2026-06-03T19:36:39.6253954+00:00	WorkerProcessExited	Layer06Node01	ExitCode=0; worker process exited
2026-06-03T19:36:39.6265091+00:00	PipelineCompleted	Layer06Node01	
2026-06-03T19:36:39.6278343+00:00	GrantTask	Layer06Node05.export-l06-n05	Layer06Node05.export-l06-n05; GrantId=grant-84; Attempt=1
2026-06-03T19:36:39.6284036+00:00	WorkerStarting	Layer07Node05	meta-pipeline
2026-06-03T19:36:39.9184578+00:00	WorkerStarted	Layer07Node05	31260
2026-06-03T19:36:39.9190384+00:00	WorkerControlPipe	Layer07Node05	meta-orchestration-21255320c0724833b5d2a794becfe2eb
2026-06-03T19:36:39.9194219+00:00	WorkerLog	Layer07Node05	stdout=C:\Users\jimmy\Desktop\meta-bi\Samples\Demos\MetaOrchestrationHairballCliIntegration\Runs\hairball-seed-20260530\RunArtifacts\runs\20260603-193603_74360da14dd34e3a8b281efec21da86d\logs\Layer07Node05-31260.stdout.log; stderr=C:\Users\jimmy\Desktop\meta-bi\Samples\Demos\MetaOrchestrationHairballCliIntegration\Runs\hairball-seed-20260530\RunArtifacts\runs\20260603-193603_74360da14dd34e3a8b281efec21da86d\logs\Layer07Node05-31260.stderr.log
2026-06-03T19:36:39.9198755+00:00	WorkerEvent	Layer06Node05.export-l06-n05	GrantAccepted; ExitCode=0; 
2026-06-03T19:36:39.9209393+00:00	WorkerEvent	CompositeMart	WorkerOnline; ExitCode=0; online
2026-06-03T19:36:39.9219113+00:00	WorkerEvent	Layer06Node07.export-l06-n07	TaskSucceeded; ExitCode=0; 
2026-06-03T19:36:39.9227744+00:00	TaskSucceeded	Layer06Node07.export-l06-n07	0
2026-06-03T19:36:39.9231791+00:00	WorkerEvent	Layer05Node05.refresh-l05-n05	TaskSucceeded; ExitCode=0; 
2026-06-03T19:36:39.9240282+00:00	TaskSucceeded	Layer05Node05.refresh-l05-n05	0
2026-06-03T19:36:39.9244779+00:00	WorkerProcessExited	Layer05Node05	ExitCode=0; worker process exited
2026-06-03T19:36:39.9252672+00:00	PipelineCompleted	Layer05Node05	
2026-06-03T19:36:39.9256610+00:00	WorkerProcessExited	Layer06Node07	ExitCode=0; worker process exited
2026-06-03T19:36:39.9263239+00:00	PipelineCompleted	Layer06Node07	
2026-06-03T19:36:39.9272397+00:00	WorkerStarting	Layer06Node08	meta-pipeline
2026-06-03T19:36:40.0912936+00:00	WorkerStarted	Layer06Node08	21976
2026-06-03T19:36:40.0918137+00:00	WorkerControlPipe	Layer06Node08	meta-orchestration-8249e0aca59c4103ae20a3c1b68f2e24
2026-06-03T19:36:40.0921811+00:00	WorkerLog	Layer06Node08	stdout=C:\Users\jimmy\Desktop\meta-bi\Samples\Demos\MetaOrchestrationHairballCliIntegration\Runs\hairball-seed-20260530\RunArtifacts\runs\20260603-193603_74360da14dd34e3a8b281efec21da86d\logs\Layer06Node08-21976.stdout.log; stderr=C:\Users\jimmy\Desktop\meta-bi\Samples\Demos\MetaOrchestrationHairballCliIntegration\Runs\hairball-seed-20260530\RunArtifacts\runs\20260603-193603_74360da14dd34e3a8b281efec21da86d\logs\Layer06Node08-21976.stderr.log
2026-06-03T19:36:40.0926081+00:00	WorkerEvent	Layer06Node05.export-l06-n05	TaskStarted; ExitCode=0; 
2026-06-03T19:36:40.0933937+00:00	WorkerEvent	CompositeMart	WorkerReady; ExitCode=0; ready
2026-06-03T19:36:40.0945619+00:00	StartPipeline	CompositeMart	CompositeMart
2026-06-03T19:36:40.0954791+00:00	WorkerEvent	AuditHairball	PipelineStarted; ExitCode=0; pipeline started
2026-06-03T19:36:40.0963349+00:00	WorkerEvent	Layer08Node06.select-l08-n06	TaskSucceeded; ExitCode=0; 
2026-06-03T19:36:40.0975261+00:00	TaskSucceeded	Layer08Node06.select-l08-n06	0
2026-06-03T19:36:40.0980592+00:00	WorkerEvent	AuditHairball.audit-hairball	TaskReady; ExitCode=0; 
2026-06-03T19:36:40.0990694+00:00	WorkerEvent	Layer07Node05	WorkerOnline; ExitCode=0; online
2026-06-03T19:36:40.0999643+00:00	WorkerEvent	Layer06Node10.refresh-l06-n10	TaskSucceeded; ExitCode=0; 
2026-06-03T19:36:40.1008203+00:00	TaskSucceeded	Layer06Node10.refresh-l06-n10	0
2026-06-03T19:36:40.1011645+00:00	WorkerEvent	Layer05Node04.select-l05-n04	TaskSucceeded; ExitCode=0; 
2026-06-03T19:36:40.1017947+00:00	TaskSucceeded	Layer05Node04.select-l05-n04	0
2026-06-03T19:36:40.1021848+00:00	WorkerProcessExited	Layer06Node10	ExitCode=0; worker process exited
2026-06-03T19:36:40.1028772+00:00	PipelineCompleted	Layer06Node10	
2026-06-03T19:36:40.1033362+00:00	WorkerProcessExited	Layer08Node06	ExitCode=0; worker process exited
2026-06-03T19:36:40.1041570+00:00	PipelineCompleted	Layer08Node06	
2026-06-03T19:36:40.1045313+00:00	WorkerEvent	Layer07Node05	WorkerReady; ExitCode=0; ready
2026-06-03T19:36:40.1102534+00:00	StartPipeline	Layer07Node05	Layer07Node05
2026-06-03T19:36:40.1110853+00:00	WorkerProcessExited	Layer05Node04	ExitCode=0; worker process exited
2026-06-03T19:36:40.1117752+00:00	PipelineCompleted	Layer05Node04	
2026-06-03T19:36:40.1127556+00:00	WorkerStarting	Layer05Node08	meta-pipeline
2026-06-03T19:36:40.2628567+00:00	WorkerStarted	Layer05Node08	29264
2026-06-03T19:36:40.2665904+00:00	WorkerControlPipe	Layer05Node08	meta-orchestration-a46b2363daa54df4832b6de699a4c95e
2026-06-03T19:36:40.2673128+00:00	WorkerLog	Layer05Node08	stdout=C:\Users\jimmy\Desktop\meta-bi\Samples\Demos\MetaOrchestrationHairballCliIntegration\Runs\hairball-seed-20260530\RunArtifacts\runs\20260603-193603_74360da14dd34e3a8b281efec21da86d\logs\Layer05Node08-29264.stdout.log; stderr=C:\Users\jimmy\Desktop\meta-bi\Samples\Demos\MetaOrchestrationHairballCliIntegration\Runs\hairball-seed-20260530\RunArtifacts\runs\20260603-193603_74360da14dd34e3a8b281efec21da86d\logs\Layer05Node08-29264.stderr.log
2026-06-03T19:36:40.2679166+00:00	WorkerEvent	Layer05Node06	PipelineStarted; ExitCode=0; pipeline started
2026-06-03T19:36:40.2689424+00:00	WorkerEvent	Layer06Node08	WorkerOnline; ExitCode=0; online
2026-06-03T19:36:40.2726592+00:00	WorkerResuming	Layer05Hub	ResumeTaskId=Layer05Hub.hub-l05-stage; Executable=meta-pipeline
2026-06-03T19:36:40.4482317+00:00	WorkerStarted	Layer05Hub	22828
2026-06-03T19:36:40.4512007+00:00	WorkerControlPipe	Layer05Hub	meta-orchestration-5c5d8965412c4c988c9faabc3acbc2ea
2026-06-03T19:36:40.4521091+00:00	WorkerLog	Layer05Hub	stdout=C:\Users\jimmy\Desktop\meta-bi\Samples\Demos\MetaOrchestrationHairballCliIntegration\Runs\hairball-seed-20260530\RunArtifacts\runs\20260603-193603_74360da14dd34e3a8b281efec21da86d\logs\Layer05Hub-22828.stdout.log; stderr=C:\Users\jimmy\Desktop\meta-bi\Samples\Demos\MetaOrchestrationHairballCliIntegration\Runs\hairball-seed-20260530\RunArtifacts\runs\20260603-193603_74360da14dd34e3a8b281efec21da86d\logs\Layer05Hub-22828.stderr.log
2026-06-03T19:36:40.4542371+00:00	WorkerEvent	BridgeL05L06	PipelineStarted; ExitCode=0; pipeline started
2026-06-03T19:36:40.4582866+00:00	WorkerEvent	Layer05Node06.export-l05-n06	TaskReady; ExitCode=0; 
2026-06-03T19:36:40.4598685+00:00	WorkerEvent	BridgeL05L06.bridge-l05-l06-collect	TaskReady; ExitCode=0; 
2026-06-03T19:36:40.4607045+00:00	WorkerEvent	Layer06Node08	WorkerReady; ExitCode=0; ready
2026-06-03T19:36:40.4658768+00:00	StartPipeline	Layer06Node08	Layer06Node08
2026-06-03T19:36:40.4689110+00:00	WorkerEvent	Layer05Node08	WorkerOnline; ExitCode=0; online
2026-06-03T19:36:40.4728190+00:00	GrantTask	Layer05Node06.export-l05-n06	Layer05Node06.export-l05-n06; GrantId=grant-85; Attempt=1
2026-06-03T19:36:40.4737778+00:00	WorkerStarting	Layer06Hub	meta-pipeline
2026-06-03T19:36:40.6922428+00:00	WorkerStarted	Layer06Hub	26436
2026-06-03T19:36:40.6928117+00:00	WorkerControlPipe	Layer06Hub	meta-orchestration-33052f0ed8a54fb293930e07e6c43c9c
2026-06-03T19:36:40.6932178+00:00	WorkerLog	Layer06Hub	stdout=C:\Users\jimmy\Desktop\meta-bi\Samples\Demos\MetaOrchestrationHairballCliIntegration\Runs\hairball-seed-20260530\RunArtifacts\runs\20260603-193603_74360da14dd34e3a8b281efec21da86d\logs\Layer06Hub-26436.stdout.log; stderr=C:\Users\jimmy\Desktop\meta-bi\Samples\Demos\MetaOrchestrationHairballCliIntegration\Runs\hairball-seed-20260530\RunArtifacts\runs\20260603-193603_74360da14dd34e3a8b281efec21da86d\logs\Layer06Hub-26436.stderr.log
2026-06-03T19:36:40.6936878+00:00	WorkerEvent	Layer05Node06.export-l05-n06	GrantAccepted; ExitCode=0; 
2026-06-03T19:36:40.6946807+00:00	WorkerEvent	BridgeL07L08	PipelineStarted; ExitCode=0; pipeline started
2026-06-03T19:36:40.6955422+00:00	WorkerEvent	Layer05Hub	WorkerOnline; ExitCode=0; online
2026-06-03T19:36:40.6964082+00:00	WorkerEvent	Layer05Node08	WorkerReady; ExitCode=0; ready
2026-06-03T19:36:40.6982125+00:00	StartPipeline	Layer05Node08	Layer05Node08
2026-06-03T19:36:40.7005367+00:00	WorkerEvent	Layer05Node06.export-l05-n06	TaskStarted; ExitCode=0; 
2026-06-03T19:36:40.7014558+00:00	WorkerEvent	BridgeL07L08.bridge-l07-l08-collect	TaskReady; ExitCode=0; 
2026-06-03T19:36:40.7024944+00:00	WorkerEvent	Layer05Hub	WorkerReady; ExitCode=0; ready
2026-06-03T19:36:40.7223543+00:00	StartPipeline	Layer05Hub	Layer05Hub
2026-06-03T19:36:40.7269201+00:00	GrantTask	BridgeL07L08.bridge-l07-l08-collect	BridgeL07L08.bridge-l07-l08-collect; GrantId=grant-86; Attempt=1
2026-06-03T19:36:40.7274838+00:00	WorkerStarting	Layer07Hub	meta-pipeline
2026-06-03T19:36:40.9643177+00:00	WorkerStarted	Layer07Hub	17592
2026-06-03T19:36:40.9650072+00:00	WorkerControlPipe	Layer07Hub	meta-orchestration-c5ae341d90ed4a69961f4d98904a0e0b
2026-06-03T19:36:40.9654426+00:00	WorkerLog	Layer07Hub	stdout=C:\Users\jimmy\Desktop\meta-bi\Samples\Demos\MetaOrchestrationHairballCliIntegration\Runs\hairball-seed-20260530\RunArtifacts\runs\20260603-193603_74360da14dd34e3a8b281efec21da86d\logs\Layer07Hub-17592.stdout.log; stderr=C:\Users\jimmy\Desktop\meta-bi\Samples\Demos\MetaOrchestrationHairballCliIntegration\Runs\hairball-seed-20260530\RunArtifacts\runs\20260603-193603_74360da14dd34e3a8b281efec21da86d\logs\Layer07Hub-17592.stderr.log
2026-06-03T19:36:40.9659666+00:00	WorkerEvent	BridgeL07L08.bridge-l07-l08-collect	GrantAccepted; ExitCode=0; 
2026-06-03T19:36:40.9668459+00:00	WorkerEvent	Layer06Hub	WorkerOnline; ExitCode=0; online
2026-06-03T19:36:40.9690179+00:00	WorkerEvent	Layer06Node05.export-l06-n05	TaskSucceeded; ExitCode=0; 
2026-06-03T19:36:40.9700679+00:00	TaskSucceeded	Layer06Node05.export-l06-n05	0
2026-06-03T19:36:40.9706218+00:00	WorkerEvent	Layer06Node05	Closed; ExitCode=-1; worker control channel closed
2026-06-03T19:36:40.9713715+00:00	PipelineCompleted	Layer06Node05	
2026-06-03T19:36:40.9722121+00:00	WorkerEvent	BridgeL07L08.bridge-l07-l08-collect	TaskStarted; ExitCode=0; 
2026-06-03T19:36:40.9731623+00:00	WorkerEvent	Layer06Hub	WorkerReady; ExitCode=0; ready
2026-06-03T19:36:40.9884168+00:00	StartPipeline	Layer06Hub	Layer06Hub
2026-06-03T19:36:40.9904739+00:00	WorkerStarting	Layer07Node01	meta-pipeline
2026-06-03T19:36:41.2459475+00:00	WorkerStarted	Layer07Node01	16580
2026-06-03T19:36:41.2465059+00:00	WorkerControlPipe	Layer07Node01	meta-orchestration-4a01de95ddfe4d8499e914ab519cb8a6
2026-06-03T19:36:41.2468880+00:00	WorkerLog	Layer07Node01	stdout=C:\Users\jimmy\Desktop\meta-bi\Samples\Demos\MetaOrchestrationHairballCliIntegration\Runs\hairball-seed-20260530\RunArtifacts\runs\20260603-193603_74360da14dd34e3a8b281efec21da86d\logs\Layer07Node01-16580.stdout.log; stderr=C:\Users\jimmy\Desktop\meta-bi\Samples\Demos\MetaOrchestrationHairballCliIntegration\Runs\hairball-seed-20260530\RunArtifacts\runs\20260603-193603_74360da14dd34e3a8b281efec21da86d\logs\Layer07Node01-16580.stderr.log
2026-06-03T19:36:41.2473718+00:00	WorkerEvent	Layer07Hub	WorkerOnline; ExitCode=0; online
2026-06-03T19:36:41.2487359+00:00	WorkerProcessExited	Layer06Node05	ExitCode=0; worker process exited
2026-06-03T19:36:41.2493438+00:00	WorkerEvent	Layer07Hub	WorkerReady; ExitCode=0; ready
2026-06-03T19:36:41.2723968+00:00	StartPipeline	Layer07Hub	Layer07Hub
2026-06-03T19:36:41.2939124+00:00	WorkerEvent	Layer07Node01	WorkerOnline; ExitCode=0; online
2026-06-03T19:36:41.2991847+00:00	WorkerEvent	Layer07Node01	WorkerReady; ExitCode=0; ready
2026-06-03T19:36:41.3139470+00:00	StartPipeline	Layer07Node01	Layer07Node01
2026-06-03T19:36:41.4120420+00:00	WorkerEvent	Layer07Node05	PipelineStarted; ExitCode=0; pipeline started
2026-06-03T19:36:41.4143503+00:00	WorkerEvent	Layer07Node05.select-l07-n05	TaskReady; ExitCode=0; 
2026-06-03T19:36:41.4169724+00:00	GrantTask	Layer07Node05.select-l07-n05	Layer07Node05.select-l07-n05; GrantId=grant-87; Attempt=1
2026-06-03T19:36:41.4185947+00:00	WorkerEvent	Layer07Node05.select-l07-n05	GrantAccepted; ExitCode=0; 
2026-06-03T19:36:41.4204017+00:00	WorkerEvent	Layer07Node05.select-l07-n05	TaskStarted; ExitCode=0; 
2026-06-03T19:36:41.7258151+00:00	WorkerEvent	Layer06Node08	PipelineStarted; ExitCode=0; pipeline started
2026-06-03T19:36:41.7337828+00:00	WorkerEvent	Layer06Node08.export-l06-n08	TaskReady; ExitCode=0; 
2026-06-03T19:36:41.7366413+00:00	GrantTask	Layer06Node08.export-l06-n08	Layer06Node08.export-l06-n08; GrantId=grant-88; Attempt=1
2026-06-03T19:36:41.7406440+00:00	WorkerEvent	Layer06Node08.export-l06-n08	GrantAccepted; ExitCode=0; 
2026-06-03T19:36:41.7433449+00:00	WorkerEvent	Layer06Node08.export-l06-n08	TaskStarted; ExitCode=0; 
2026-06-03T19:36:41.7854074+00:00	WorkerEvent	Layer05Node06.export-l05-n06	TaskSucceeded; ExitCode=0; 
2026-06-03T19:36:41.7867482+00:00	TaskSucceeded	Layer05Node06.export-l05-n06	0
2026-06-03T19:36:41.7918131+00:00	WorkerProcessExited	Layer05Node06	ExitCode=0; worker process exited
2026-06-03T19:36:41.7927687+00:00	PipelineCompleted	Layer05Node06	
2026-06-03T19:36:41.7942587+00:00	WorkerStarting	Layer07Node03	meta-pipeline
2026-06-03T19:36:42.0346208+00:00	WorkerStarted	Layer07Node03	21872
2026-06-03T19:36:42.0352405+00:00	WorkerControlPipe	Layer07Node03	meta-orchestration-71ad4f1b4c0144b282c33e5519af9c25
2026-06-03T19:36:42.0486202+00:00	WorkerLog	Layer07Node03	stdout=C:\Users\jimmy\Desktop\meta-bi\Samples\Demos\MetaOrchestrationHairballCliIntegration\Runs\hairball-seed-20260530\RunArtifacts\runs\20260603-193603_74360da14dd34e3a8b281efec21da86d\logs\Layer07Node03-21872.stdout.log; stderr=C:\Users\jimmy\Desktop\meta-bi\Samples\Demos\MetaOrchestrationHairballCliIntegration\Runs\hairball-seed-20260530\RunArtifacts\runs\20260603-193603_74360da14dd34e3a8b281efec21da86d\logs\Layer07Node03-21872.stderr.log
2026-06-03T19:36:42.0714889+00:00	WorkerEvent	BridgeL07L08.bridge-l07-l08-collect	TaskSucceeded; ExitCode=0; 
2026-06-03T19:36:42.0764867+00:00	TaskSucceeded	BridgeL07L08.bridge-l07-l08-collect	0
2026-06-03T19:36:42.0771278+00:00	WorkerEvent	Layer05Node08	PipelineStarted; ExitCode=0; pipeline started
2026-06-03T19:36:42.0792147+00:00	WorkerEvent	Layer07Node03	WorkerOnline; ExitCode=0; online
2026-06-03T19:36:42.0812906+00:00	WorkerEvent	BridgeL07L08.bridge-l07-l08-north	TaskReady; ExitCode=0; 
2026-06-03T19:36:42.0834383+00:00	WorkerEvent	Layer05Node08.refresh-l05-n08	TaskReady; ExitCode=0; 
2026-06-03T19:36:42.0888635+00:00	GrantTask	Layer05Node08.refresh-l05-n08	Layer05Node08.refresh-l05-n08; GrantId=grant-89; Attempt=1
2026-06-03T19:36:42.0893848+00:00	WorkerEvent	Layer07Node03	WorkerReady; ExitCode=0; ready
2026-06-03T19:36:42.0902963+00:00	StartPipeline	Layer07Node03	Layer07Node03
2026-06-03T19:36:42.0910470+00:00	WorkerEvent	Layer05Node08.refresh-l05-n08	GrantAccepted; ExitCode=0; 
2026-06-03T19:36:42.0928822+00:00	WorkerEvent	Layer05Node08.refresh-l05-n08	TaskStarted; ExitCode=0; 
2026-06-03T19:36:42.1433610+00:00	WorkerEvent	CompositeMart	PipelineStarted; ExitCode=0; pipeline started
2026-06-03T19:36:42.1458408+00:00	WorkerEvent	CompositeMart.composite-stage	TaskReady; ExitCode=0; 
2026-06-03T19:36:42.4697480+00:00	WorkerEvent	Layer07Node05.select-l07-n05	TaskSucceeded; ExitCode=0; 
2026-06-03T19:36:42.4708157+00:00	TaskSucceeded	Layer07Node05.select-l07-n05	0
2026-06-03T19:36:42.4866191+00:00	WorkerEvent	Layer07Node05	Closed; ExitCode=0; worker control channel closed
2026-06-03T19:36:42.4871555+00:00	WorkerProcessExited	Layer07Node05	ExitCode=0; worker control channel closed
2026-06-03T19:36:42.4879716+00:00	PipelineCompleted	Layer07Node05	
2026-06-03T19:36:42.4883796+00:00	WorkerEvent	Layer05Hub	PipelineStarted; ExitCode=0; pipeline started
2026-06-03T19:36:42.4903396+00:00	WorkerStarting	Layer07Node06	meta-pipeline
2026-06-03T19:36:42.7266359+00:00	WorkerStarted	Layer07Node06	21736
2026-06-03T19:36:42.7279954+00:00	WorkerControlPipe	Layer07Node06	meta-orchestration-2754839175c74a2ea735b2b8627d1cb3
2026-06-03T19:36:42.7332264+00:00	WorkerLog	Layer07Node06	stdout=C:\Users\jimmy\Desktop\meta-bi\Samples\Demos\MetaOrchestrationHairballCliIntegration\Runs\hairball-seed-20260530\RunArtifacts\runs\20260603-193603_74360da14dd34e3a8b281efec21da86d\logs\Layer07Node06-21736.stdout.log; stderr=C:\Users\jimmy\Desktop\meta-bi\Samples\Demos\MetaOrchestrationHairballCliIntegration\Runs\hairball-seed-20260530\RunArtifacts\runs\20260603-193603_74360da14dd34e3a8b281efec21da86d\logs\Layer07Node06-21736.stderr.log
2026-06-03T19:36:42.7343033+00:00	WorkerEvent	Layer07Node01	PipelineStarted; ExitCode=0; pipeline started
2026-06-03T19:36:42.7372459+00:00	WorkerEvent	Layer06Hub	PipelineStarted; ExitCode=0; pipeline started
2026-06-03T19:36:42.7388390+00:00	WorkerEvent	Layer05Hub.hub-l05-stage	TaskReady; ExitCode=0; 
2026-06-03T19:36:42.7398528+00:00	WorkerEvent	Layer07Node01.select-l07-n01	TaskReady; ExitCode=0; 
2026-06-03T19:36:42.7410273+00:00	WorkerEvent	Layer06Hub.hub-l06-stage	TaskReady; ExitCode=0; 
2026-06-03T19:36:42.7444023+00:00	GrantTask	Layer07Node01.select-l07-n01	Layer07Node01.select-l07-n01; GrantId=grant-90; Attempt=1
2026-06-03T19:36:42.7663274+00:00	WorkerEvent	Layer07Node01.select-l07-n01	GrantAccepted; ExitCode=0; 
2026-06-03T19:36:42.7691622+00:00	WorkerEvent	Layer07Node01.select-l07-n01	TaskStarted; ExitCode=0; 
2026-06-03T19:36:42.7702505+00:00	WorkerEvent	Layer07Node06	WorkerOnline; ExitCode=0; online
2026-06-03T19:36:42.7864203+00:00	WorkerEvent	Layer07Node06	WorkerReady; ExitCode=0; ready
2026-06-03T19:36:42.8350606+00:00	StartPipeline	Layer07Node06	Layer07Node06
2026-06-03T19:36:42.9160070+00:00	WorkerEvent	Layer06Node08.export-l06-n08	TaskSucceeded; ExitCode=0; 
2026-06-03T19:36:42.9172820+00:00	TaskSucceeded	Layer06Node08.export-l06-n08	0
2026-06-03T19:36:42.9224592+00:00	GrantTask	Layer06Hub.hub-l06-stage	Layer06Hub.hub-l06-stage; GrantId=grant-91; Attempt=1
2026-06-03T19:36:42.9230769+00:00	WorkerEvent	Layer06Node08	Closed; ExitCode=-1; worker control channel closed
2026-06-03T19:36:42.9238278+00:00	PipelineCompleted	Layer06Node08	
2026-06-03T19:36:42.9253434+00:00	WorkerStarting	Layer08Hub	meta-pipeline
2026-06-03T19:36:43.1217155+00:00	WorkerStarted	Layer08Hub	28400
2026-06-03T19:36:43.1222649+00:00	WorkerControlPipe	Layer08Hub	meta-orchestration-c9753ca307d84e76a22556e13aa809e8
2026-06-03T19:36:43.1226919+00:00	WorkerLog	Layer08Hub	stdout=C:\Users\jimmy\Desktop\meta-bi\Samples\Demos\MetaOrchestrationHairballCliIntegration\Runs\hairball-seed-20260530\RunArtifacts\runs\20260603-193603_74360da14dd34e3a8b281efec21da86d\logs\Layer08Hub-28400.stdout.log; stderr=C:\Users\jimmy\Desktop\meta-bi\Samples\Demos\MetaOrchestrationHairballCliIntegration\Runs\hairball-seed-20260530\RunArtifacts\runs\20260603-193603_74360da14dd34e3a8b281efec21da86d\logs\Layer08Hub-28400.stderr.log
2026-06-03T19:36:43.1231825+00:00	WorkerEvent	Layer07Hub	PipelineStarted; ExitCode=0; pipeline started
2026-06-03T19:36:43.1242733+00:00	WorkerEvent	Layer06Hub.hub-l06-stage	GrantAccepted; ExitCode=0; 
2026-06-03T19:36:43.1252999+00:00	WorkerEvent	Layer07Hub.hub-l07-stage	TaskReady; ExitCode=0; 
2026-06-03T19:36:43.1261458+00:00	WorkerEvent	Layer05Node08.refresh-l05-n08	TaskSucceeded; ExitCode=0; 
2026-06-03T19:36:43.1269642+00:00	TaskSucceeded	Layer05Node08.refresh-l05-n08	0
2026-06-03T19:36:43.1273745+00:00	WorkerProcessExited	Layer06Node08	ExitCode=0; worker process exited
2026-06-03T19:36:43.1279131+00:00	WorkerProcessExited	Layer05Node08	ExitCode=0; worker process exited
2026-06-03T19:36:43.1293031+00:00	PipelineCompleted	Layer05Node08	
2026-06-03T19:36:43.1318602+00:00	GrantTask	Layer05Hub.hub-l05-stage	Layer05Hub.hub-l05-stage; GrantId=grant-92; Attempt=1
2026-06-03T19:36:43.1323679+00:00	WorkerStarting	Layer08Node01	meta-pipeline
2026-06-03T19:36:43.2852210+00:00	WorkerStarted	Layer08Node01	17064
2026-06-03T19:36:43.2857751+00:00	WorkerControlPipe	Layer08Node01	meta-orchestration-62644a5dfaf0452483245cbe2f53b751
2026-06-03T19:36:43.2862192+00:00	WorkerLog	Layer08Node01	stdout=C:\Users\jimmy\Desktop\meta-bi\Samples\Demos\MetaOrchestrationHairballCliIntegration\Runs\hairball-seed-20260530\RunArtifacts\runs\20260603-193603_74360da14dd34e3a8b281efec21da86d\logs\Layer08Node01-17064.stdout.log; stderr=C:\Users\jimmy\Desktop\meta-bi\Samples\Demos\MetaOrchestrationHairballCliIntegration\Runs\hairball-seed-20260530\RunArtifacts\runs\20260603-193603_74360da14dd34e3a8b281efec21da86d\logs\Layer08Node01-17064.stderr.log
2026-06-03T19:36:43.2869211+00:00	WorkerEvent	Layer06Hub.hub-l06-stage	TaskStarted; ExitCode=0; 
2026-06-03T19:36:43.2877871+00:00	WorkerEvent	Layer08Hub	WorkerOnline; ExitCode=0; online
2026-06-03T19:36:43.2888898+00:00	WorkerEvent	Layer05Hub.hub-l05-stage	GrantAccepted; ExitCode=0; 
2026-06-03T19:36:43.2899722+00:00	WorkerEvent	Layer08Hub	WorkerReady; ExitCode=0; ready
2026-06-03T19:36:43.3041563+00:00	StartPipeline	Layer08Hub	Layer08Hub
2026-06-03T19:36:43.3054042+00:00	WorkerEvent	Layer05Hub.hub-l05-stage	TaskStarted; ExitCode=0; 
2026-06-03T19:36:43.3126042+00:00	WorkerEvent	Layer07Node03	PipelineStarted; ExitCode=0; pipeline started
2026-06-03T19:36:43.3190511+00:00	WorkerEvent	Layer07Node03.refresh-l07-n03	TaskReady; ExitCode=0; 
2026-06-03T19:36:43.3201381+00:00	WorkerEvent	Layer08Node01	WorkerOnline; ExitCode=0; online
2026-06-03T19:36:43.3346121+00:00	WorkerEvent	Layer08Node01	WorkerReady; ExitCode=0; ready
2026-06-03T19:36:43.3395965+00:00	StartPipeline	Layer08Node01	Layer08Node01
2026-06-03T19:36:43.6011917+00:00	WorkerEvent	Layer07Node01.select-l07-n01	TaskSucceeded; ExitCode=0; 
2026-06-03T19:36:43.6063058+00:00	TaskSucceeded	Layer07Node01.select-l07-n01	0
2026-06-03T19:36:43.6075137+00:00	WorkerEvent	Layer07Node01	Closed; ExitCode=-1; worker control channel closed
2026-06-03T19:36:43.6091137+00:00	PipelineCompleted	Layer07Node01	
2026-06-03T19:36:43.6113295+00:00	GrantTask	CompositeMart.composite-stage	CompositeMart.composite-stage; GrantId=grant-93; Attempt=1
2026-06-03T19:36:43.6118016+00:00	WorkerStarting	Layer08Node02	meta-pipeline
2026-06-03T19:36:43.8102457+00:00	WorkerStarted	Layer08Node02	5200
2026-06-03T19:36:43.8108665+00:00	WorkerControlPipe	Layer08Node02	meta-orchestration-269611e792b9481280e3e3d8f0c40919
2026-06-03T19:36:43.8115313+00:00	WorkerLog	Layer08Node02	stdout=C:\Users\jimmy\Desktop\meta-bi\Samples\Demos\MetaOrchestrationHairballCliIntegration\Runs\hairball-seed-20260530\RunArtifacts\runs\20260603-193603_74360da14dd34e3a8b281efec21da86d\logs\Layer08Node02-5200.stdout.log; stderr=C:\Users\jimmy\Desktop\meta-bi\Samples\Demos\MetaOrchestrationHairballCliIntegration\Runs\hairball-seed-20260530\RunArtifacts\runs\20260603-193603_74360da14dd34e3a8b281efec21da86d\logs\Layer08Node02-5200.stderr.log
2026-06-03T19:36:43.8120557+00:00	WorkerEvent	CompositeMart.composite-stage	GrantAccepted; ExitCode=0; 
2026-06-03T19:36:43.8129551+00:00	WorkerProcessExited	Layer07Node01	ExitCode=0; worker process exited
2026-06-03T19:36:43.8151485+00:00	WorkerEvent	CompositeMart.composite-stage	TaskStarted; ExitCode=0; 
2026-06-03T19:36:43.8504632+00:00	WorkerEvent	Layer08Node02	WorkerOnline; ExitCode=0; online
2026-06-03T19:36:43.8533044+00:00	WorkerEvent	Layer08Node02	WorkerReady; ExitCode=0; ready
2026-06-03T19:36:43.8577865+00:00	StartPipeline	Layer08Node02	Layer08Node02
2026-06-03T19:36:43.9241962+00:00	WorkerEvent	Layer06Hub.hub-l06-stage	TaskSucceeded; ExitCode=0; 
2026-06-03T19:36:43.9252409+00:00	TaskSucceeded	Layer06Hub.hub-l06-stage	0
2026-06-03T19:36:43.9271394+00:00	WorkerEvent	Layer06Hub.hub-l06-curate	TaskReady; ExitCode=0; 
2026-06-03T19:36:43.9356686+00:00	GrantTask	Layer06Hub.hub-l06-curate	Layer06Hub.hub-l06-curate; GrantId=grant-94; Attempt=1
2026-06-03T19:36:43.9383088+00:00	WorkerEvent	Layer06Hub.hub-l06-curate	GrantAccepted; ExitCode=0; 
2026-06-03T19:36:43.9412354+00:00	WorkerEvent	Layer06Hub.hub-l06-curate	TaskStarted; ExitCode=0; 
2026-06-03T19:36:44.0364875+00:00	WorkerEvent	Layer07Node06	PipelineStarted; ExitCode=0; pipeline started
2026-06-03T19:36:44.0406493+00:00	WorkerEvent	Layer07Node06.export-l07-n06	TaskReady; ExitCode=0; 
2026-06-03T19:36:44.0433295+00:00	GrantTask	Layer07Node06.export-l07-n06	Layer07Node06.export-l07-n06; GrantId=grant-95; Attempt=1
2026-06-03T19:36:44.0472484+00:00	WorkerEvent	Layer07Node06.export-l07-n06	GrantAccepted; ExitCode=0; 
2026-06-03T19:36:44.0495402+00:00	WorkerEvent	Layer07Node06.export-l07-n06	TaskStarted; ExitCode=0; 
2026-06-03T19:36:44.0847878+00:00	WorkerEvent	Layer05Hub.hub-l05-stage	TaskSucceeded; ExitCode=0; 
2026-06-03T19:36:44.0861681+00:00	TaskSucceeded	Layer05Hub.hub-l05-stage	0
2026-06-03T19:36:44.0880276+00:00	GrantTask	BridgeL05L06.bridge-l05-l06-collect	BridgeL05L06.bridge-l05-l06-collect; GrantId=grant-96; Attempt=1
2026-06-03T19:36:44.0886987+00:00	WorkerEvent	Layer05Hub.hub-l05-curate	TaskReady; ExitCode=0; 
2026-06-03T19:36:44.0939466+00:00	GrantTask	Layer05Hub.hub-l05-curate	Layer05Hub.hub-l05-curate; GrantId=grant-97; Attempt=1
2026-06-03T19:36:44.0946683+00:00	WorkerEvent	BridgeL05L06.bridge-l05-l06-collect	GrantAccepted; ExitCode=0; 
2026-06-03T19:36:44.0971367+00:00	WorkerEvent	Layer05Hub.hub-l05-curate	GrantAccepted; ExitCode=0; 
2026-06-03T19:36:44.0999278+00:00	WorkerEvent	BridgeL05L06.bridge-l05-l06-collect	TaskStarted; ExitCode=0; 
2026-06-03T19:36:44.1019349+00:00	WorkerEvent	Layer05Hub.hub-l05-curate	TaskStarted; ExitCode=0; 
2026-06-03T19:36:44.1210962+00:00	WorkerEvent	Layer06Hub.hub-l06-curate	TaskSucceeded; ExitCode=0; 
2026-06-03T19:36:44.1224916+00:00	TaskSucceeded	Layer06Hub.hub-l06-curate	0
2026-06-03T19:36:44.1241992+00:00	WorkerEvent	Layer06Hub.hub-l06-publish	TaskReady; ExitCode=0; 
2026-06-03T19:36:44.1276798+00:00	GrantTask	Layer06Hub.hub-l06-publish	Layer06Hub.hub-l06-publish; GrantId=grant-98; Attempt=1
2026-06-03T19:36:44.1305394+00:00	WorkerEvent	Layer06Hub.hub-l06-publish	GrantAccepted; ExitCode=0; 
2026-06-03T19:36:44.1329904+00:00	WorkerEvent	Layer06Hub.hub-l06-publish	TaskStarted; ExitCode=0; 
2026-06-03T19:36:44.2438296+00:00	WorkerEvent	Layer05Hub.hub-l05-curate	TaskSucceeded; ExitCode=0; 
2026-06-03T19:36:44.2451511+00:00	TaskSucceeded	Layer05Hub.hub-l05-curate	0
2026-06-03T19:36:44.2472643+00:00	WorkerEvent	Layer05Hub.hub-l05-publish	TaskReady; ExitCode=0; 
2026-06-03T19:36:44.2506061+00:00	GrantTask	Layer05Hub.hub-l05-publish	Layer05Hub.hub-l05-publish; GrantId=grant-99; Attempt=1
2026-06-03T19:36:44.2521364+00:00	WorkerEvent	Layer05Hub.hub-l05-publish	GrantAccepted; ExitCode=0; 
2026-06-03T19:36:44.2539301+00:00	WorkerEvent	Layer05Hub.hub-l05-publish	TaskStarted; ExitCode=0; 
2026-06-03T19:36:44.3778902+00:00	WorkerEvent	Layer06Hub.hub-l06-publish	TaskSucceeded; ExitCode=0; 
2026-06-03T19:36:44.3791048+00:00	TaskSucceeded	Layer06Hub.hub-l06-publish	0
2026-06-03T19:36:44.3813958+00:00	WorkerDeferredForCapacity	AuditHairball	Deferred by orchestration to honor max active worker process capacity.
2026-06-03T19:36:44.3819193+00:00	StopPipeline	AuditHairball	Deferred by orchestration to honor max active worker process capacity.
2026-06-03T19:36:44.3825157+00:00	WorkerEvent	Layer06Hub	Closed; ExitCode=-1; worker control channel closed
2026-06-03T19:36:44.3833081+00:00	PipelineCompleted	Layer06Hub	
2026-06-03T19:36:44.3845168+00:00	WorkerStarting	RegionalMart02	meta-pipeline
2026-06-03T19:36:44.5748688+00:00	WorkerStarted	RegionalMart02	30188
2026-06-03T19:36:44.5756669+00:00	WorkerControlPipe	RegionalMart02	meta-orchestration-43be89e40474419ea32e91973392fde5
2026-06-03T19:36:44.5760933+00:00	WorkerLog	RegionalMart02	stdout=C:\Users\jimmy\Desktop\meta-bi\Samples\Demos\MetaOrchestrationHairballCliIntegration\Runs\hairball-seed-20260530\RunArtifacts\runs\20260603-193603_74360da14dd34e3a8b281efec21da86d\logs\RegionalMart02-30188.stdout.log; stderr=C:\Users\jimmy\Desktop\meta-bi\Samples\Demos\MetaOrchestrationHairballCliIntegration\Runs\hairball-seed-20260530\RunArtifacts\runs\20260603-193603_74360da14dd34e3a8b281efec21da86d\logs\RegionalMart02-30188.stderr.log
2026-06-03T19:36:44.5766417+00:00	WorkerEvent	CompositeMart.composite-stage	TaskSucceeded; ExitCode=0; 
2026-06-03T19:36:44.5786151+00:00	TaskSucceeded	CompositeMart.composite-stage	0
2026-06-03T19:36:44.5796283+00:00	WorkerEvent	AuditHairball	Closed; ExitCode=0; worker control channel closed
2026-06-03T19:36:44.5809601+00:00	WorkerProcessExited	AuditHairball	ExitCode=0; worker control channel closed
2026-06-03T19:36:44.5820068+00:00	WorkerDeferred	AuditHairball	ResumeTaskId=AuditHairball.audit-hairball
2026-06-03T19:36:44.5825033+00:00	WorkerEvent	CompositeMart.composite-curate	TaskReady; ExitCode=0; 
2026-06-03T19:36:44.5838070+00:00	WorkerEvent	Layer05Hub.hub-l05-publish	TaskSucceeded; ExitCode=0; 
2026-06-03T19:36:44.5851292+00:00	TaskSucceeded	Layer05Hub.hub-l05-publish	0
2026-06-03T19:36:44.5856436+00:00	WorkerEvent	Layer08Node01	PipelineStarted; ExitCode=0; pipeline started
2026-06-03T19:36:44.5869784+00:00	WorkerProcessExited	Layer06Hub	ExitCode=0; worker process exited
2026-06-03T19:36:44.5874425+00:00	WorkerProcessExited	Layer05Hub	ExitCode=0; worker process exited
2026-06-03T19:36:44.5883221+00:00	PipelineCompleted	Layer05Hub	
2026-06-03T19:36:44.5898662+00:00	GrantTask	Layer07Node03.refresh-l07-n03	Layer07Node03.refresh-l07-n03; GrantId=grant-100; Attempt=1
2026-06-03T19:36:44.5904582+00:00	WorkerResuming	AuditHairball	ResumeTaskId=AuditHairball.audit-hairball; Executable=meta-pipeline
2026-06-03T19:36:44.7595712+00:00	WorkerStarted	AuditHairball	29392
2026-06-03T19:36:44.7601466+00:00	WorkerControlPipe	AuditHairball	meta-orchestration-1089c83ac7a24798baa7547a3774147c
2026-06-03T19:36:44.7670265+00:00	WorkerLog	AuditHairball	stdout=C:\Users\jimmy\Desktop\meta-bi\Samples\Demos\MetaOrchestrationHairballCliIntegration\Runs\hairball-seed-20260530\RunArtifacts\runs\20260603-193603_74360da14dd34e3a8b281efec21da86d\logs\AuditHairball-29392.stdout.log; stderr=C:\Users\jimmy\Desktop\meta-bi\Samples\Demos\MetaOrchestrationHairballCliIntegration\Runs\hairball-seed-20260530\RunArtifacts\runs\20260603-193603_74360da14dd34e3a8b281efec21da86d\logs\AuditHairball-29392.stderr.log
2026-06-03T19:36:44.7678706+00:00	WorkerEvent	Layer07Node03.refresh-l07-n03	GrantAccepted; ExitCode=0; 
2026-06-03T19:36:44.7698767+00:00	WorkerEvent	RegionalMart02	WorkerOnline; ExitCode=0; online
2026-06-03T19:36:44.7716336+00:00	WorkerEvent	Layer08Node01.refresh-l08-n01	TaskReady; ExitCode=0; 
2026-06-03T19:36:44.7750208+00:00	GrantTask	Layer08Node01.refresh-l08-n01	Layer08Node01.refresh-l08-n01; GrantId=grant-101; Attempt=1
2026-06-03T19:36:44.7757625+00:00	WorkerStarting	Layer08Node03	meta-pipeline
2026-06-03T19:36:44.9878437+00:00	WorkerStarted	Layer08Node03	17808
2026-06-03T19:36:44.9888669+00:00	WorkerControlPipe	Layer08Node03	meta-orchestration-b1a262701ef64ea5885ef068b200ece3
2026-06-03T19:36:44.9893212+00:00	WorkerLog	Layer08Node03	stdout=C:\Users\jimmy\Desktop\meta-bi\Samples\Demos\MetaOrchestrationHairballCliIntegration\Runs\hairball-seed-20260530\RunArtifacts\runs\20260603-193603_74360da14dd34e3a8b281efec21da86d\logs\Layer08Node03-17808.stdout.log; stderr=C:\Users\jimmy\Desktop\meta-bi\Samples\Demos\MetaOrchestrationHairballCliIntegration\Runs\hairball-seed-20260530\RunArtifacts\runs\20260603-193603_74360da14dd34e3a8b281efec21da86d\logs\Layer08Node03-17808.stderr.log
2026-06-03T19:36:44.9899172+00:00	WorkerEvent	Layer07Node03.refresh-l07-n03	TaskStarted; ExitCode=0; 
2026-06-03T19:36:44.9912820+00:00	WorkerEvent	RegionalMart02	WorkerReady; ExitCode=0; ready
2026-06-03T19:36:44.9927749+00:00	StartPipeline	RegionalMart02	RegionalMart02
2026-06-03T19:36:44.9941586+00:00	WorkerEvent	Layer07Node06.export-l07-n06	TaskSucceeded; ExitCode=0; 
2026-06-03T19:36:44.9979059+00:00	TaskSucceeded	Layer07Node06.export-l07-n06	0
2026-06-03T19:36:44.9984286+00:00	WorkerEvent	Layer08Hub	PipelineStarted; ExitCode=0; pipeline started
2026-06-03T19:36:44.9992550+00:00	WorkerEvent	AuditHairball	WorkerOnline; ExitCode=0; online
2026-06-03T19:36:45.0002781+00:00	WorkerEvent	BridgeL05L06.bridge-l05-l06-collect	TaskSucceeded; ExitCode=0; 
2026-06-03T19:36:45.0011912+00:00	TaskSucceeded	BridgeL05L06.bridge-l05-l06-collect	0
2026-06-03T19:36:45.0017839+00:00	WorkerEvent	Layer08Hub.hub-l08-stage	TaskReady; ExitCode=0; 
2026-06-03T19:36:45.0032619+00:00	WorkerEvent	Layer08Node01.refresh-l08-n01	GrantAccepted; ExitCode=0; 
2026-06-03T19:36:45.0042769+00:00	WorkerProcessExited	Layer07Node06	ExitCode=0; worker process exited
2026-06-03T19:36:45.0050239+00:00	PipelineCompleted	Layer07Node06	
2026-06-03T19:36:45.0054496+00:00	WorkerEvent	BridgeL05L06.bridge-l05-l06-north	TaskReady; ExitCode=0; 
2026-06-03T19:36:45.0063845+00:00	WorkerEvent	AuditHairball	WorkerReady; ExitCode=0; ready
2026-06-03T19:36:45.0177150+00:00	StartPipeline	AuditHairball	AuditHairball
2026-06-03T19:36:45.0186475+00:00	WorkerEvent	Layer08Node01.refresh-l08-n01	TaskStarted; ExitCode=0; 
2026-06-03T19:36:45.0304259+00:00	GrantTask	BridgeL05L06.bridge-l05-l06-north	BridgeL05L06.bridge-l05-l06-north; GrantId=grant-102; Attempt=1
2026-06-03T19:36:45.0314872+00:00	GrantTask	BridgeL07L08.bridge-l07-l08-north	BridgeL07L08.bridge-l07-l08-north; GrantId=grant-103; Attempt=1
2026-06-03T19:36:45.0320126+00:00	WorkerStarting	Layer08Node04	meta-pipeline
2026-06-03T19:36:45.2346262+00:00	WorkerStarted	Layer08Node04	26504
2026-06-03T19:36:45.2359538+00:00	WorkerControlPipe	Layer08Node04	meta-orchestration-d1fad53e3dfe4097b90d166ce57f68dd
2026-06-03T19:36:45.2366580+00:00	WorkerLog	Layer08Node04	stdout=C:\Users\jimmy\Desktop\meta-bi\Samples\Demos\MetaOrchestrationHairballCliIntegration\Runs\hairball-seed-20260530\RunArtifacts\runs\20260603-193603_74360da14dd34e3a8b281efec21da86d\logs\Layer08Node04-26504.stdout.log; stderr=C:\Users\jimmy\Desktop\meta-bi\Samples\Demos\MetaOrchestrationHairballCliIntegration\Runs\hairball-seed-20260530\RunArtifacts\runs\20260603-193603_74360da14dd34e3a8b281efec21da86d\logs\Layer08Node04-26504.stderr.log
2026-06-03T19:36:45.2374552+00:00	WorkerEvent	BridgeL05L06.bridge-l05-l06-north	GrantAccepted; ExitCode=0; 
2026-06-03T19:36:45.2391170+00:00	WorkerEvent	Layer08Node02	PipelineStarted; ExitCode=0; pipeline started
2026-06-03T19:36:45.2401628+00:00	WorkerEvent	BridgeL07L08.bridge-l07-l08-north	GrantAccepted; ExitCode=0; 
2026-06-03T19:36:45.2409602+00:00	WorkerEvent	Layer08Node03	WorkerOnline; ExitCode=0; online
2026-06-03T19:36:45.2423514+00:00	WorkerDeferredForCapacity	CompositeMart	Deferred by orchestration to honor max active worker process capacity.
2026-06-03T19:36:45.2427913+00:00	StopPipeline	CompositeMart	Deferred by orchestration to honor max active worker process capacity.
2026-06-03T19:36:45.2434265+00:00	WorkerEvent	BridgeL05L06.bridge-l05-l06-north	TaskStarted; ExitCode=0; 
2026-06-03T19:36:45.2442735+00:00	WorkerEvent	Layer08Node02.select-l08-n02	TaskReady; ExitCode=0; 
2026-06-03T19:36:45.2451134+00:00	WorkerEvent	BridgeL07L08.bridge-l07-l08-north	TaskStarted; ExitCode=0; 
2026-06-03T19:36:45.2464494+00:00	WorkerEvent	Layer08Node03	WorkerReady; ExitCode=0; ready
2026-06-03T19:36:45.2715836+00:00	StartPipeline	Layer08Node03	Layer08Node03
2026-06-03T19:36:45.2729570+00:00	WorkerEvent	CompositeMart	Closed; ExitCode=0; worker control channel closed
2026-06-03T19:36:45.2734058+00:00	WorkerProcessExited	CompositeMart	ExitCode=0; worker control channel closed
2026-06-03T19:36:45.2744046+00:00	WorkerDeferred	CompositeMart	ResumeTaskId=CompositeMart.composite-curate
2026-06-03T19:36:45.2754809+00:00	WorkerStarting	Layer08Node08	meta-pipeline
2026-06-03T19:36:45.4849245+00:00	WorkerStarted	Layer08Node08	30952
2026-06-03T19:36:45.4853474+00:00	WorkerControlPipe	Layer08Node08	meta-orchestration-76094099a47b4eee8ab7128f62e0ad8c
2026-06-03T19:36:45.4857308+00:00	WorkerLog	Layer08Node08	stdout=C:\Users\jimmy\Desktop\meta-bi\Samples\Demos\MetaOrchestrationHairballCliIntegration\Runs\hairball-seed-20260530\RunArtifacts\runs\20260603-193603_74360da14dd34e3a8b281efec21da86d\logs\Layer08Node08-30952.stdout.log; stderr=C:\Users\jimmy\Desktop\meta-bi\Samples\Demos\MetaOrchestrationHairballCliIntegration\Runs\hairball-seed-20260530\RunArtifacts\runs\20260603-193603_74360da14dd34e3a8b281efec21da86d\logs\Layer08Node08-30952.stderr.log
2026-06-03T19:36:45.4861901+00:00	WorkerEvent	BridgeL05L06.bridge-l05-l06-north	TaskSucceeded; ExitCode=0; 
2026-06-03T19:36:45.4869974+00:00	TaskSucceeded	BridgeL05L06.bridge-l05-l06-north	0
2026-06-03T19:36:45.4874540+00:00	WorkerEvent	BridgeL07L08.bridge-l07-l08-north	TaskSucceeded; ExitCode=0; 
2026-06-03T19:36:45.4882235+00:00	TaskSucceeded	BridgeL07L08.bridge-l07-l08-north	0
2026-06-03T19:36:45.4886904+00:00	WorkerEvent	Layer08Node04	WorkerOnline; ExitCode=0; online
2026-06-03T19:36:45.4917742+00:00	WorkerEvent	BridgeL05L06.bridge-l05-l06-south	TaskReady; ExitCode=0; 
2026-06-03T19:36:45.4953502+00:00	GrantTask	BridgeL05L06.bridge-l05-l06-south	BridgeL05L06.bridge-l05-l06-south; GrantId=grant-104; Attempt=1
2026-06-03T19:36:45.4970187+00:00	WorkerEvent	BridgeL07L08.bridge-l07-l08-south	TaskReady; ExitCode=0; 
2026-06-03T19:36:45.4985069+00:00	WorkerEvent	Layer08Node04	WorkerReady; ExitCode=0; ready
2026-06-03T19:36:45.5050288+00:00	StartPipeline	Layer08Node04	Layer08Node04
2026-06-03T19:36:45.5061830+00:00	WorkerEvent	BridgeL05L06.bridge-l05-l06-south	GrantAccepted; ExitCode=0; 
2026-06-03T19:36:45.5083016+00:00	GrantTask	BridgeL07L08.bridge-l07-l08-south	BridgeL07L08.bridge-l07-l08-south; GrantId=grant-105; Attempt=1
2026-06-03T19:36:45.5087751+00:00	WorkerEvent	BridgeL05L06.bridge-l05-l06-south	TaskStarted; ExitCode=0; 
2026-06-03T19:36:45.5113641+00:00	WorkerEvent	Layer07Node03.refresh-l07-n03	TaskSucceeded; ExitCode=0; 
2026-06-03T19:36:45.5214039+00:00	TaskSucceeded	Layer07Node03.refresh-l07-n03	0
2026-06-03T19:36:45.5237090+00:00	GrantTask	Layer07Hub.hub-l07-stage	Layer07Hub.hub-l07-stage; GrantId=grant-106; Attempt=1
2026-06-03T19:36:45.5241654+00:00	WorkerEvent	Layer08Node08	WorkerOnline; ExitCode=0; online
2026-06-03T19:36:45.5250636+00:00	WorkerEvent	BridgeL07L08.bridge-l07-l08-south	GrantAccepted; ExitCode=0; 
2026-06-03T19:36:45.5275130+00:00	WorkerEvent	Layer08Node08	WorkerReady; ExitCode=0; ready
2026-06-03T19:36:45.5322421+00:00	StartPipeline	Layer08Node08	Layer08Node08
2026-06-03T19:36:45.5335496+00:00	WorkerEvent	BridgeL07L08.bridge-l07-l08-south	TaskStarted; ExitCode=0; 
2026-06-03T19:36:45.5354727+00:00	WorkerEvent	Layer07Hub.hub-l07-stage	GrantAccepted; ExitCode=0; 
2026-06-03T19:36:45.5376204+00:00	WorkerEvent	Layer07Hub.hub-l07-stage	TaskStarted; ExitCode=0; 
2026-06-03T19:36:45.5509391+00:00	WorkerProcessExited	Layer07Node03	ExitCode=0; worker process exited
2026-06-03T19:36:45.5518953+00:00	PipelineCompleted	Layer07Node03	
2026-06-03T19:36:45.5531672+00:00	WorkerResuming	CompositeMart	ResumeTaskId=CompositeMart.composite-curate; Executable=meta-pipeline
2026-06-03T19:36:45.7988854+00:00	WorkerStarted	CompositeMart	27476
2026-06-03T19:36:45.7995508+00:00	WorkerControlPipe	CompositeMart	meta-orchestration-2ce5317e4fb247a4a970f8d5615a4533
2026-06-03T19:36:45.8003191+00:00	WorkerLog	CompositeMart	stdout=C:\Users\jimmy\Desktop\meta-bi\Samples\Demos\MetaOrchestrationHairballCliIntegration\Runs\hairball-seed-20260530\RunArtifacts\runs\20260603-193603_74360da14dd34e3a8b281efec21da86d\logs\CompositeMart-27476.stdout.log; stderr=C:\Users\jimmy\Desktop\meta-bi\Samples\Demos\MetaOrchestrationHairballCliIntegration\Runs\hairball-seed-20260530\RunArtifacts\runs\20260603-193603_74360da14dd34e3a8b281efec21da86d\logs\CompositeMart-27476.stderr.log
2026-06-03T19:36:45.8009422+00:00	WorkerEvent	BridgeL05L06.bridge-l05-l06-south	TaskSucceeded; ExitCode=0; 
2026-06-03T19:36:45.8018817+00:00	TaskSucceeded	BridgeL05L06.bridge-l05-l06-south	0
2026-06-03T19:36:45.8023397+00:00	WorkerEvent	BridgeL07L08.bridge-l07-l08-south	TaskSucceeded; ExitCode=0; 
2026-06-03T19:36:45.8035817+00:00	TaskSucceeded	BridgeL07L08.bridge-l07-l08-south	0
2026-06-03T19:36:45.8040562+00:00	WorkerProcessExited	BridgeL07L08	ExitCode=0; worker process exited
2026-06-03T19:36:45.8052442+00:00	PipelineCompleted	BridgeL07L08	
2026-06-03T19:36:45.8057955+00:00	WorkerProcessExited	BridgeL05L06	ExitCode=0; worker process exited
2026-06-03T19:36:45.8067420+00:00	PipelineCompleted	BridgeL05L06	
2026-06-03T19:36:45.8087092+00:00	WorkerStarting	PublishHairballFinal	meta-pipeline
2026-06-03T19:36:45.9604842+00:00	WorkerStarted	PublishHairballFinal	12476
2026-06-03T19:36:45.9614679+00:00	WorkerControlPipe	PublishHairballFinal	meta-orchestration-19b9c2f7beef484cbdfabe937179b43b
2026-06-03T19:36:45.9620617+00:00	WorkerLog	PublishHairballFinal	stdout=C:\Users\jimmy\Desktop\meta-bi\Samples\Demos\MetaOrchestrationHairballCliIntegration\Runs\hairball-seed-20260530\RunArtifacts\runs\20260603-193603_74360da14dd34e3a8b281efec21da86d\logs\PublishHairballFinal-12476.stdout.log; stderr=C:\Users\jimmy\Desktop\meta-bi\Samples\Demos\MetaOrchestrationHairballCliIntegration\Runs\hairball-seed-20260530\RunArtifacts\runs\20260603-193603_74360da14dd34e3a8b281efec21da86d\logs\PublishHairballFinal-12476.stderr.log
2026-06-03T19:36:45.9639863+00:00	WorkerEvent	CompositeMart	WorkerOnline; ExitCode=0; online
2026-06-03T19:36:45.9654224+00:00	WorkerEvent	Layer08Node01.refresh-l08-n01	TaskSucceeded; ExitCode=0; 
2026-06-03T19:36:45.9665417+00:00	TaskSucceeded	Layer08Node01.refresh-l08-n01	0
2026-06-03T19:36:45.9669751+00:00	WorkerEvent	CompositeMart	WorkerReady; ExitCode=0; ready
2026-06-03T19:36:45.9751874+00:00	StartPipeline	CompositeMart	CompositeMart
2026-06-03T19:36:45.9762901+00:00	WorkerProcessExited	Layer08Node01	ExitCode=0; worker process exited
2026-06-03T19:36:45.9770921+00:00	PipelineCompleted	Layer08Node01	
2026-06-03T19:36:45.9786857+00:00	GrantTask	Layer08Node02.select-l08-n02	Layer08Node02.select-l08-n02; GrantId=grant-107; Attempt=1
2026-06-03T19:36:45.9796391+00:00	WorkerStarting	RegionalMart01	meta-pipeline
2026-06-03T19:36:46.1903365+00:00	WorkerStarted	RegionalMart01	13280
2026-06-03T19:36:46.1908167+00:00	WorkerControlPipe	RegionalMart01	meta-orchestration-34ee3a9a3c524cf5b99ec9865f3ae16d
2026-06-03T19:36:46.1911759+00:00	WorkerLog	RegionalMart01	stdout=C:\Users\jimmy\Desktop\meta-bi\Samples\Demos\MetaOrchestrationHairballCliIntegration\Runs\hairball-seed-20260530\RunArtifacts\runs\20260603-193603_74360da14dd34e3a8b281efec21da86d\logs\RegionalMart01-13280.stdout.log; stderr=C:\Users\jimmy\Desktop\meta-bi\Samples\Demos\MetaOrchestrationHairballCliIntegration\Runs\hairball-seed-20260530\RunArtifacts\runs\20260603-193603_74360da14dd34e3a8b281efec21da86d\logs\RegionalMart01-13280.stderr.log
2026-06-03T19:36:46.1916218+00:00	WorkerEvent	Layer08Node02.select-l08-n02	GrantAccepted; ExitCode=0; 
2026-06-03T19:36:46.1925338+00:00	WorkerEvent	PublishHairballFinal	WorkerOnline; ExitCode=0; online
2026-06-03T19:36:46.1985278+00:00	WorkerEvent	Layer08Node02.select-l08-n02	TaskStarted; ExitCode=0; 
2026-06-03T19:36:46.2029985+00:00	WorkerEvent	AuditHairball	PipelineStarted; ExitCode=0; pipeline started
2026-06-03T19:36:46.2038823+00:00	WorkerEvent	PublishHairballFinal	WorkerReady; ExitCode=0; ready
2026-06-03T19:36:46.2133200+00:00	StartPipeline	PublishHairballFinal	PublishHairballFinal
2026-06-03T19:36:46.2145306+00:00	WorkerEvent	AuditHairball.audit-hairball	TaskReady; ExitCode=0; 
2026-06-03T19:36:46.2160428+00:00	WorkerStarting	RegionalMart03	meta-pipeline
2026-06-03T19:36:46.4794797+00:00	WorkerStarted	RegionalMart03	24600
2026-06-03T19:36:46.4800620+00:00	WorkerControlPipe	RegionalMart03	meta-orchestration-7b4955a3f0904d9091ec0a59019d1c17
2026-06-03T19:36:46.4805151+00:00	WorkerLog	RegionalMart03	stdout=C:\Users\jimmy\Desktop\meta-bi\Samples\Demos\MetaOrchestrationHairballCliIntegration\Runs\hairball-seed-20260530\RunArtifacts\runs\20260603-193603_74360da14dd34e3a8b281efec21da86d\logs\RegionalMart03-24600.stdout.log; stderr=C:\Users\jimmy\Desktop\meta-bi\Samples\Demos\MetaOrchestrationHairballCliIntegration\Runs\hairball-seed-20260530\RunArtifacts\runs\20260603-193603_74360da14dd34e3a8b281efec21da86d\logs\RegionalMart03-24600.stderr.log
2026-06-03T19:36:46.4810318+00:00	WorkerEvent	Layer07Hub.hub-l07-stage	TaskSucceeded; ExitCode=0; 
2026-06-03T19:36:46.4818376+00:00	TaskSucceeded	Layer07Hub.hub-l07-stage	0
2026-06-03T19:36:46.4823297+00:00	WorkerEvent	Layer08Node03	PipelineStarted; ExitCode=0; pipeline started
2026-06-03T19:36:46.4832047+00:00	WorkerEvent	RegionalMart01	WorkerOnline; ExitCode=0; online
2026-06-03T19:36:46.4845727+00:00	WorkerEvent	Layer07Hub.hub-l07-curate	TaskReady; ExitCode=0; 
2026-06-03T19:36:46.4941245+00:00	GrantTask	Layer07Hub.hub-l07-curate	Layer07Hub.hub-l07-curate; GrantId=grant-108; Attempt=1
2026-06-03T19:36:46.4947336+00:00	WorkerEvent	Layer08Node03.export-l08-n03	TaskReady; ExitCode=0; 
2026-06-03T19:36:46.4959274+00:00	WorkerEvent	RegionalMart01	WorkerReady; ExitCode=0; ready
2026-06-03T19:36:46.5033403+00:00	StartPipeline	RegionalMart01	RegionalMart01
2026-06-03T19:36:46.5048189+00:00	WorkerEvent	Layer07Hub.hub-l07-curate	GrantAccepted; ExitCode=0; 
2026-06-03T19:36:46.5067622+00:00	GrantTask	Layer08Node03.export-l08-n03	Layer08Node03.export-l08-n03; GrantId=grant-109; Attempt=1
2026-06-03T19:36:46.5073074+00:00	WorkerEvent	Layer07Hub.hub-l07-curate	TaskStarted; ExitCode=0; 
2026-06-03T19:36:46.5137425+00:00	WorkerEvent	RegionalMart03	WorkerOnline; ExitCode=0; online
2026-06-03T19:36:46.5154421+00:00	WorkerEvent	RegionalMart03	WorkerReady; ExitCode=0; ready
2026-06-03T19:36:46.5424872+00:00	StartPipeline	RegionalMart03	RegionalMart03
2026-06-03T19:36:46.5438236+00:00	WorkerEvent	Layer08Node03.export-l08-n03	GrantAccepted; ExitCode=0; 
2026-06-03T19:36:46.5456378+00:00	WorkerEvent	Layer08Node03.export-l08-n03	TaskStarted; ExitCode=0; 
2026-06-03T19:36:46.7463182+00:00	WorkerEvent	Layer08Node08	PipelineStarted; ExitCode=0; pipeline started
2026-06-03T19:36:46.7646341+00:00	WorkerEvent	Layer08Node08.refresh-l08-n08	TaskReady; ExitCode=0; 
2026-06-03T19:36:46.7666273+00:00	GrantTask	Layer08Node08.refresh-l08-n08	Layer08Node08.refresh-l08-n08; GrantId=grant-110; Attempt=1
2026-06-03T19:36:46.7910618+00:00	WorkerEvent	Layer08Node08.refresh-l08-n08	GrantAccepted; ExitCode=0; 
2026-06-03T19:36:46.7951064+00:00	WorkerEvent	Layer08Node08.refresh-l08-n08	TaskStarted; ExitCode=0; 
2026-06-03T19:36:46.8249256+00:00	WorkerEvent	Layer08Node04	PipelineStarted; ExitCode=0; pipeline started
2026-06-03T19:36:46.8326950+00:00	WorkerEvent	Layer08Node04.select-l08-n04	TaskReady; ExitCode=0; 
2026-06-03T19:36:46.8348909+00:00	GrantTask	Layer08Node04.select-l08-n04	Layer08Node04.select-l08-n04; GrantId=grant-111; Attempt=1
2026-06-03T19:36:46.8356458+00:00	WorkerEvent	Layer08Node04.select-l08-n04	GrantAccepted; ExitCode=0; 
2026-06-03T19:36:46.8379733+00:00	WorkerEvent	Layer08Node04.select-l08-n04	TaskStarted; ExitCode=0; 
2026-06-03T19:36:46.8654483+00:00	WorkerEvent	RegionalMart02	PipelineStarted; ExitCode=0; pipeline started
2026-06-03T19:36:46.8672610+00:00	WorkerEvent	RegionalMart02.regional-02-stage	TaskReady; ExitCode=0; 
2026-06-03T19:36:46.8696398+00:00	GrantTask	RegionalMart02.regional-02-stage	RegionalMart02.regional-02-stage; GrantId=grant-112; Attempt=1
2026-06-03T19:36:46.8713950+00:00	WorkerEvent	RegionalMart02.regional-02-stage	GrantAccepted; ExitCode=0; 
2026-06-03T19:36:46.8737253+00:00	WorkerEvent	RegionalMart02.regional-02-stage	TaskStarted; ExitCode=0; 
2026-06-03T19:36:46.9418625+00:00	WorkerEvent	Layer07Hub.hub-l07-curate	TaskSucceeded; ExitCode=0; 
2026-06-03T19:36:46.9438449+00:00	TaskSucceeded	Layer07Hub.hub-l07-curate	0
2026-06-03T19:36:46.9459963+00:00	WorkerEvent	Layer07Hub.hub-l07-publish	TaskReady; ExitCode=0; 
2026-06-03T19:36:46.9504556+00:00	GrantTask	Layer07Hub.hub-l07-publish	Layer07Hub.hub-l07-publish; GrantId=grant-113; Attempt=1
2026-06-03T19:36:46.9518023+00:00	WorkerEvent	Layer07Hub.hub-l07-publish	GrantAccepted; ExitCode=0; 
2026-06-03T19:36:46.9700687+00:00	WorkerEvent	Layer07Hub.hub-l07-publish	TaskStarted; ExitCode=0; 
2026-06-03T19:36:47.2053030+00:00	WorkerEvent	Layer08Node02.select-l08-n02	TaskSucceeded; ExitCode=0; 
2026-06-03T19:36:47.2065243+00:00	TaskSucceeded	Layer08Node02.select-l08-n02	0
2026-06-03T19:36:47.2086967+00:00	WorkerEvent	Layer08Node02	Closed; ExitCode=-1; worker control channel closed
2026-06-03T19:36:47.2097496+00:00	PipelineCompleted	Layer08Node02	
2026-06-03T19:36:47.2109727+00:00	WorkerStarting	RegionalMart04	meta-pipeline
2026-06-03T19:36:47.4155804+00:00	WorkerStarted	RegionalMart04	22296
2026-06-03T19:36:47.4161453+00:00	WorkerControlPipe	RegionalMart04	meta-orchestration-b075710797cf42ca8ade44aac03d048d
2026-06-03T19:36:47.4165629+00:00	WorkerLog	RegionalMart04	stdout=C:\Users\jimmy\Desktop\meta-bi\Samples\Demos\MetaOrchestrationHairballCliIntegration\Runs\hairball-seed-20260530\RunArtifacts\runs\20260603-193603_74360da14dd34e3a8b281efec21da86d\logs\RegionalMart04-22296.stdout.log; stderr=C:\Users\jimmy\Desktop\meta-bi\Samples\Demos\MetaOrchestrationHairballCliIntegration\Runs\hairball-seed-20260530\RunArtifacts\runs\20260603-193603_74360da14dd34e3a8b281efec21da86d\logs\RegionalMart04-22296.stderr.log
2026-06-03T19:36:47.4170215+00:00	WorkerEvent	Layer07Hub.hub-l07-publish	TaskSucceeded; ExitCode=0; 
2026-06-03T19:36:47.4179855+00:00	TaskSucceeded	Layer07Hub.hub-l07-publish	0
2026-06-03T19:36:47.4184231+00:00	WorkerProcessExited	Layer07Hub	ExitCode=0; worker process exited
2026-06-03T19:36:47.4191979+00:00	PipelineCompleted	Layer07Hub	
2026-06-03T19:36:47.4195858+00:00	WorkerProcessExited	Layer08Node02	ExitCode=0; worker process exited
2026-06-03T19:36:47.4564745+00:00	WorkerEvent	RegionalMart04	WorkerOnline; ExitCode=0; online
2026-06-03T19:36:47.4655724+00:00	WorkerEvent	RegionalMart04	WorkerReady; ExitCode=0; ready
2026-06-03T19:36:47.4725136+00:00	StartPipeline	RegionalMart04	RegionalMart04
2026-06-03T19:36:47.5126045+00:00	WorkerEvent	Layer08Node03.export-l08-n03	TaskSucceeded; ExitCode=0; 
2026-06-03T19:36:47.5137213+00:00	TaskSucceeded	Layer08Node03.export-l08-n03	0
2026-06-03T19:36:47.5170885+00:00	WorkerEvent	Layer08Node03	Closed; ExitCode=-1; worker control channel closed
2026-06-03T19:36:47.5185321+00:00	PipelineCompleted	Layer08Node03	
2026-06-03T19:36:47.5409822+00:00	WorkerEvent	Layer08Node08.refresh-l08-n08	TaskSucceeded; ExitCode=0; 
2026-06-03T19:36:47.5430394+00:00	TaskSucceeded	Layer08Node08.refresh-l08-n08	0
2026-06-03T19:36:47.5464349+00:00	WorkerEvent	Layer08Node08	Closed; ExitCode=-1; worker control channel closed
2026-06-03T19:36:47.5497657+00:00	PipelineCompleted	Layer08Node08	
2026-06-03T19:36:47.5523669+00:00	WorkerEvent	PublishHairballFinal	PipelineStarted; ExitCode=0; pipeline started
2026-06-03T19:36:47.5540917+00:00	WorkerProcessExited	Layer08Node03	ExitCode=0; worker process exited
2026-06-03T19:36:47.5546714+00:00	WorkerEvent	PublishHairballFinal.publish-hairball-final	TaskReady; ExitCode=0; 
2026-06-03T19:36:47.5661868+00:00	WorkerProcessExited	Layer08Node08	ExitCode=0; worker process exited
2026-06-03T19:36:47.6368744+00:00	WorkerEvent	Layer08Node04.select-l08-n04	TaskSucceeded; ExitCode=0; 
2026-06-03T19:36:47.6382846+00:00	TaskSucceeded	Layer08Node04.select-l08-n04	0
2026-06-03T19:36:47.6401581+00:00	GrantTask	Layer08Hub.hub-l08-stage	Layer08Hub.hub-l08-stage; GrantId=grant-114; Attempt=1
2026-06-03T19:36:47.6409335+00:00	WorkerEvent	Layer08Node04	Closed; ExitCode=-1; worker control channel closed
2026-06-03T19:36:47.6459658+00:00	PipelineCompleted	Layer08Node04	
2026-06-03T19:36:47.6464941+00:00	WorkerEvent	Layer08Hub.hub-l08-stage	GrantAccepted; ExitCode=0; 
2026-06-03T19:36:47.6478515+00:00	WorkerEvent	Layer08Hub.hub-l08-stage	TaskStarted; ExitCode=0; 
2026-06-03T19:36:47.6562861+00:00	WorkerProcessExited	Layer08Node04	ExitCode=0; worker process exited
2026-06-03T19:36:47.6754792+00:00	WorkerEvent	RegionalMart02.regional-02-stage	TaskSucceeded; ExitCode=0; 
2026-06-03T19:36:47.6771601+00:00	TaskSucceeded	RegionalMart02.regional-02-stage	0
2026-06-03T19:36:47.6793474+00:00	WorkerEvent	RegionalMart02.regional-02-curate	TaskReady; ExitCode=0; 
2026-06-03T19:36:47.6819073+00:00	GrantTask	RegionalMart02.regional-02-curate	RegionalMart02.regional-02-curate; GrantId=grant-115; Attempt=1
2026-06-03T19:36:47.6847407+00:00	WorkerEvent	RegionalMart02.regional-02-curate	GrantAccepted; ExitCode=0; 
2026-06-03T19:36:47.6862852+00:00	WorkerEvent	RegionalMart02.regional-02-curate	TaskStarted; ExitCode=0; 
2026-06-03T19:36:47.8777513+00:00	WorkerEvent	RegionalMart02.regional-02-curate	TaskSucceeded; ExitCode=0; 
2026-06-03T19:36:47.8789107+00:00	TaskSucceeded	RegionalMart02.regional-02-curate	0
2026-06-03T19:36:47.8805848+00:00	WorkerEvent	RegionalMart02.regional-02-publish	TaskReady; ExitCode=0; 
2026-06-03T19:36:47.8885001+00:00	GrantTask	RegionalMart02.regional-02-publish	RegionalMart02.regional-02-publish; GrantId=grant-116; Attempt=1
2026-06-03T19:36:47.8893121+00:00	WorkerEvent	RegionalMart02.regional-02-publish	GrantAccepted; ExitCode=0; 
2026-06-03T19:36:47.8946001+00:00	WorkerEvent	RegionalMart02.regional-02-publish	TaskStarted; ExitCode=0; 
2026-06-03T19:36:47.9782645+00:00	WorkerEvent	CompositeMart	PipelineStarted; ExitCode=0; pipeline started
2026-06-03T19:36:47.9810183+00:00	WorkerEvent	CompositeMart.composite-curate	TaskReady; ExitCode=0; 
2026-06-03T19:36:47.9829408+00:00	GrantTask	CompositeMart.composite-curate	CompositeMart.composite-curate; GrantId=grant-117; Attempt=1
2026-06-03T19:36:47.9846037+00:00	WorkerEvent	CompositeMart.composite-curate	GrantAccepted; ExitCode=0; 
2026-06-03T19:36:47.9862883+00:00	WorkerEvent	CompositeMart.composite-curate	TaskStarted; ExitCode=0; 
2026-06-03T19:36:48.1479704+00:00	WorkerEvent	RegionalMart02.regional-02-publish	TaskSucceeded; ExitCode=0; 
2026-06-03T19:36:48.1489442+00:00	TaskSucceeded	RegionalMart02.regional-02-publish	0
2026-06-03T19:36:48.1501269+00:00	WorkerEvent	RegionalMart02.regional-02-audit	TaskReady; ExitCode=0; 
2026-06-03T19:36:48.1545626+00:00	GrantTask	RegionalMart02.regional-02-audit	RegionalMart02.regional-02-audit; GrantId=grant-118; Attempt=1
2026-06-03T19:36:48.1552122+00:00	WorkerEvent	RegionalMart02.regional-02-audit	GrantAccepted; ExitCode=0; 
2026-06-03T19:36:48.1568726+00:00	WorkerEvent	RegionalMart02.regional-02-audit	TaskStarted; ExitCode=0; 
2026-06-03T19:36:48.2147593+00:00	WorkerEvent	RegionalMart01	PipelineStarted; ExitCode=0; pipeline started
2026-06-03T19:36:48.2207474+00:00	WorkerEvent	RegionalMart01.regional-01-stage	TaskReady; ExitCode=0; 
2026-06-03T19:36:48.2235147+00:00	GrantTask	RegionalMart01.regional-01-stage	RegionalMart01.regional-01-stage; GrantId=grant-119; Attempt=1
2026-06-03T19:36:48.2248387+00:00	WorkerEvent	RegionalMart01.regional-01-stage	GrantAccepted; ExitCode=0; 
2026-06-03T19:36:48.2342240+00:00	WorkerEvent	RegionalMart01.regional-01-stage	TaskStarted; ExitCode=0; 
2026-06-03T19:36:48.3287688+00:00	WorkerEvent	RegionalMart02.regional-02-audit	TaskSucceeded; ExitCode=0; 
2026-06-03T19:36:48.3317997+00:00	TaskSucceeded	RegionalMart02.regional-02-audit	0
2026-06-03T19:36:48.3347811+00:00	WorkerEvent	RegionalMart03	PipelineStarted; ExitCode=0; pipeline started
2026-06-03T19:36:48.3364728+00:00	WorkerEvent	RegionalMart02	Closed; ExitCode=-1; worker control channel closed
2026-06-03T19:36:48.3373273+00:00	PipelineCompleted	RegionalMart02	
2026-06-03T19:36:48.3381857+00:00	WorkerEvent	RegionalMart03.regional-03-stage	TaskReady; ExitCode=0; 
2026-06-03T19:36:48.3682542+00:00	WorkerProcessExited	RegionalMart02	ExitCode=0; worker process exited
2026-06-03T19:36:48.4004372+00:00	WorkerEvent	Layer08Hub.hub-l08-stage	TaskSucceeded; ExitCode=0; 
2026-06-03T19:36:48.4019243+00:00	TaskSucceeded	Layer08Hub.hub-l08-stage	0
2026-06-03T19:36:48.4028263+00:00	WorkerEvent	Layer08Hub.hub-l08-curate	TaskReady; ExitCode=0; 
2026-06-03T19:36:48.4043800+00:00	GrantTask	Layer08Hub.hub-l08-curate	Layer08Hub.hub-l08-curate; GrantId=grant-120; Attempt=1
2026-06-03T19:36:48.4048723+00:00	WorkerEvent	Layer08Hub.hub-l08-curate	GrantAccepted; ExitCode=0; 
2026-06-03T19:36:48.4060569+00:00	WorkerEvent	Layer08Hub.hub-l08-curate	TaskStarted; ExitCode=0; 
2026-06-03T19:36:48.4986705+00:00	WorkerEvent	Layer08Hub.hub-l08-curate	TaskSucceeded; ExitCode=0; 
2026-06-03T19:36:48.4998123+00:00	TaskSucceeded	Layer08Hub.hub-l08-curate	0
2026-06-03T19:36:48.5009122+00:00	WorkerEvent	Layer08Hub.hub-l08-publish	TaskReady; ExitCode=0; 
2026-06-03T19:36:48.5024989+00:00	GrantTask	Layer08Hub.hub-l08-publish	Layer08Hub.hub-l08-publish; GrantId=grant-121; Attempt=1
2026-06-03T19:36:48.5029960+00:00	WorkerEvent	Layer08Hub.hub-l08-publish	GrantAccepted; ExitCode=0; 
2026-06-03T19:36:48.5044202+00:00	WorkerEvent	Layer08Hub.hub-l08-publish	TaskStarted; ExitCode=0; 
2026-06-03T19:36:48.5477592+00:00	WorkerEvent	CompositeMart.composite-curate	TaskSucceeded; ExitCode=0; 
2026-06-03T19:36:48.5487240+00:00	TaskSucceeded	CompositeMart.composite-curate	0
2026-06-03T19:36:48.5498277+00:00	WorkerEvent	CompositeMart.composite-reconcile	TaskReady; ExitCode=0; 
2026-06-03T19:36:48.5510618+00:00	GrantTask	CompositeMart.composite-reconcile	CompositeMart.composite-reconcile; GrantId=grant-122; Attempt=1
2026-06-03T19:36:48.5514992+00:00	WorkerEvent	CompositeMart.composite-reconcile	GrantAccepted; ExitCode=0; 
2026-06-03T19:36:48.5524744+00:00	WorkerEvent	CompositeMart.composite-reconcile	TaskStarted; ExitCode=0; 
2026-06-03T19:36:48.6726744+00:00	WorkerEvent	Layer08Hub.hub-l08-publish	TaskSucceeded; ExitCode=0; 
2026-06-03T19:36:48.6735560+00:00	TaskSucceeded	Layer08Hub.hub-l08-publish	0
2026-06-03T19:36:48.6754142+00:00	WorkerEvent	Layer08Hub	Closed; ExitCode=-1; worker control channel closed
2026-06-03T19:36:48.6762481+00:00	PipelineCompleted	Layer08Hub	
2026-06-03T19:36:48.7072490+00:00	WorkerProcessExited	Layer08Hub	ExitCode=0; worker process exited
2026-06-03T19:36:48.7403625+00:00	WorkerEvent	CompositeMart.composite-reconcile	TaskSucceeded; ExitCode=0; 
2026-06-03T19:36:48.7410493+00:00	TaskSucceeded	CompositeMart.composite-reconcile	0
2026-06-03T19:36:48.7422888+00:00	WorkerEvent	CompositeMart.composite-certify	TaskReady; ExitCode=0; 
2026-06-03T19:36:48.7440497+00:00	GrantTask	CompositeMart.composite-certify	CompositeMart.composite-certify; GrantId=grant-123; Attempt=1
2026-06-03T19:36:48.7448751+00:00	WorkerEvent	CompositeMart.composite-certify	GrantAccepted; ExitCode=0; 
2026-06-03T19:36:48.7461967+00:00	WorkerEvent	CompositeMart.composite-certify	TaskStarted; ExitCode=0; 
2026-06-03T19:36:48.7684205+00:00	WorkerEvent	RegionalMart01.regional-01-stage	TaskSucceeded; ExitCode=0; 
2026-06-03T19:36:48.7691158+00:00	TaskSucceeded	RegionalMart01.regional-01-stage	0
2026-06-03T19:36:48.7698636+00:00	WorkerEvent	RegionalMart01.regional-01-curate	TaskReady; ExitCode=0; 
2026-06-03T19:36:48.7708730+00:00	GrantTask	RegionalMart01.regional-01-curate	RegionalMart01.regional-01-curate; GrantId=grant-124; Attempt=1
2026-06-03T19:36:48.7712586+00:00	WorkerEvent	RegionalMart01.regional-01-curate	GrantAccepted; ExitCode=0; 
2026-06-03T19:36:48.7722205+00:00	WorkerEvent	RegionalMart01.regional-01-curate	TaskStarted; ExitCode=0; 
2026-06-03T19:36:48.8539651+00:00	WorkerEvent	CompositeMart.composite-certify	TaskSucceeded; ExitCode=0; 
2026-06-03T19:36:48.8548752+00:00	TaskSucceeded	CompositeMart.composite-certify	0
2026-06-03T19:36:48.8559616+00:00	WorkerEvent	CompositeMart.composite-publish	TaskReady; ExitCode=0; 
2026-06-03T19:36:48.8569208+00:00	GrantTask	CompositeMart.composite-publish	CompositeMart.composite-publish; GrantId=grant-125; Attempt=1
2026-06-03T19:36:48.8572780+00:00	WorkerEvent	CompositeMart.composite-publish	GrantAccepted; ExitCode=0; 
2026-06-03T19:36:48.8582439+00:00	WorkerEvent	CompositeMart.composite-publish	TaskStarted; ExitCode=0; 
2026-06-03T19:36:48.8758701+00:00	WorkerEvent	RegionalMart01.regional-01-curate	TaskSucceeded; ExitCode=0; 
2026-06-03T19:36:48.8771951+00:00	TaskSucceeded	RegionalMart01.regional-01-curate	0
2026-06-03T19:36:48.8781630+00:00	GrantTask	RegionalMart03.regional-03-stage	RegionalMart03.regional-03-stage; GrantId=grant-126; Attempt=1
2026-06-03T19:36:48.8786060+00:00	WorkerEvent	RegionalMart04	PipelineStarted; ExitCode=0; pipeline started
2026-06-03T19:36:48.8791084+00:00	WorkerEvent	RegionalMart03.regional-03-stage	GrantAccepted; ExitCode=0; 
2026-06-03T19:36:48.8797905+00:00	WorkerEvent	RegionalMart01.regional-01-publish	TaskReady; ExitCode=0; 
2026-06-03T19:36:48.8804736+00:00	WorkerEvent	RegionalMart03.regional-03-stage	TaskStarted; ExitCode=0; 
2026-06-03T19:36:48.8813208+00:00	WorkerEvent	RegionalMart04.regional-04-stage	TaskReady; ExitCode=0; 
2026-06-03T19:36:48.8823938+00:00	GrantTask	RegionalMart01.regional-01-publish	RegionalMart01.regional-01-publish; GrantId=grant-127; Attempt=1
2026-06-03T19:36:48.8828343+00:00	WorkerEvent	RegionalMart01.regional-01-publish	GrantAccepted; ExitCode=0; 
2026-06-03T19:36:48.8840279+00:00	WorkerEvent	RegionalMart01.regional-01-publish	TaskStarted; ExitCode=0; 
2026-06-03T19:36:49.0117720+00:00	WorkerEvent	CompositeMart.composite-publish	TaskSucceeded; ExitCode=0; 
2026-06-03T19:36:49.0125249+00:00	TaskSucceeded	CompositeMart.composite-publish	0
2026-06-03T19:36:49.0137024+00:00	GrantTask	PublishHairballFinal.publish-hairball-final	PublishHairballFinal.publish-hairball-final; GrantId=grant-128; Attempt=1
2026-06-03T19:36:49.0142401+00:00	WorkerEvent	PublishHairballFinal.publish-hairball-final	GrantAccepted; ExitCode=0; 
2026-06-03T19:36:49.0151475+00:00	WorkerEvent	CompositeMart	Closed; ExitCode=-1; worker control channel closed
2026-06-03T19:36:49.0158437+00:00	PipelineCompleted	CompositeMart	
2026-06-03T19:36:49.0161841+00:00	WorkerEvent	PublishHairballFinal.publish-hairball-final	TaskStarted; ExitCode=0; 
2026-06-03T19:36:49.0202523+00:00	WorkerEvent	RegionalMart01.regional-01-publish	TaskSucceeded; ExitCode=0; 
2026-06-03T19:36:49.0209333+00:00	TaskSucceeded	RegionalMart01.regional-01-publish	0
2026-06-03T19:36:49.0219313+00:00	WorkerEvent	RegionalMart01.regional-01-audit	TaskReady; ExitCode=0; 
2026-06-03T19:36:49.0232121+00:00	GrantTask	RegionalMart01.regional-01-audit	RegionalMart01.regional-01-audit; GrantId=grant-129; Attempt=1
2026-06-03T19:36:49.0236622+00:00	WorkerEvent	RegionalMart01.regional-01-audit	GrantAccepted; ExitCode=0; 
2026-06-03T19:36:49.0248046+00:00	WorkerEvent	RegionalMart01.regional-01-audit	TaskStarted; ExitCode=0; 
2026-06-03T19:36:49.0301744+00:00	WorkerProcessExited	CompositeMart	ExitCode=0; worker process exited
2026-06-03T19:36:49.1178083+00:00	WorkerEvent	RegionalMart01.regional-01-audit	TaskSucceeded; ExitCode=0; 
2026-06-03T19:36:49.1184442+00:00	TaskSucceeded	RegionalMart01.regional-01-audit	0
2026-06-03T19:36:49.1207308+00:00	WorkerEvent	RegionalMart01	Closed; ExitCode=-1; worker control channel closed
2026-06-03T19:36:49.1214907+00:00	PipelineCompleted	RegionalMart01	
2026-06-03T19:36:49.1469818+00:00	WorkerProcessExited	RegionalMart01	ExitCode=0; worker process exited
2026-06-03T19:36:49.3455206+00:00	WorkerEvent	RegionalMart03.regional-03-stage	TaskSucceeded; ExitCode=0; 
2026-06-03T19:36:49.3461954+00:00	TaskSucceeded	RegionalMart03.regional-03-stage	0
2026-06-03T19:36:49.3468506+00:00	WorkerEvent	RegionalMart03.regional-03-curate	TaskReady; ExitCode=0; 
2026-06-03T19:36:49.3477594+00:00	GrantTask	RegionalMart03.regional-03-curate	RegionalMart03.regional-03-curate; GrantId=grant-130; Attempt=1
2026-06-03T19:36:49.3481711+00:00	WorkerEvent	RegionalMart03.regional-03-curate	GrantAccepted; ExitCode=0; 
2026-06-03T19:36:49.3491204+00:00	WorkerEvent	RegionalMart03.regional-03-curate	TaskStarted; ExitCode=0; 
2026-06-03T19:36:49.4323661+00:00	WorkerEvent	RegionalMart03.regional-03-curate	TaskSucceeded; ExitCode=0; 
2026-06-03T19:36:49.4332417+00:00	TaskSucceeded	RegionalMart03.regional-03-curate	0
2026-06-03T19:36:49.4340147+00:00	WorkerEvent	RegionalMart03.regional-03-publish	TaskReady; ExitCode=0; 
2026-06-03T19:36:49.4353839+00:00	GrantTask	RegionalMart03.regional-03-publish	RegionalMart03.regional-03-publish; GrantId=grant-131; Attempt=1
2026-06-03T19:36:49.4357911+00:00	WorkerEvent	RegionalMart03.regional-03-publish	GrantAccepted; ExitCode=0; 
2026-06-03T19:36:49.4366463+00:00	WorkerEvent	RegionalMart03.regional-03-publish	TaskStarted; ExitCode=0; 
2026-06-03T19:36:49.5019651+00:00	WorkerEvent	PublishHairballFinal.publish-hairball-final	TaskSucceeded; ExitCode=0; 
2026-06-03T19:36:49.5029013+00:00	TaskSucceeded	PublishHairballFinal.publish-hairball-final	0
2026-06-03T19:36:49.5048483+00:00	WorkerEvent	PublishHairballFinal	Closed; ExitCode=-1; worker control channel closed
2026-06-03T19:36:49.5054711+00:00	PipelineCompleted	PublishHairballFinal	
2026-06-03T19:36:49.5350721+00:00	WorkerProcessExited	PublishHairballFinal	ExitCode=0; worker process exited
2026-06-03T19:36:49.5572797+00:00	WorkerEvent	RegionalMart03.regional-03-publish	TaskSucceeded; ExitCode=0; 
2026-06-03T19:36:49.5580006+00:00	TaskSucceeded	RegionalMart03.regional-03-publish	0
2026-06-03T19:36:49.5603145+00:00	GrantTask	RegionalMart04.regional-04-stage	RegionalMart04.regional-04-stage; GrantId=grant-132; Attempt=1
2026-06-03T19:36:49.5634869+00:00	WorkerEvent	RegionalMart03.regional-03-audit	TaskReady; ExitCode=0; 
2026-06-03T19:36:49.5644805+00:00	WorkerEvent	RegionalMart04.regional-04-stage	GrantAccepted; ExitCode=0; 
2026-06-03T19:36:49.5654928+00:00	GrantTask	RegionalMart03.regional-03-audit	RegionalMart03.regional-03-audit; GrantId=grant-133; Attempt=1
2026-06-03T19:36:49.5658696+00:00	WorkerEvent	RegionalMart03.regional-03-audit	GrantAccepted; ExitCode=0; 
2026-06-03T19:36:49.5663982+00:00	WorkerEvent	RegionalMart04.regional-04-stage	TaskStarted; ExitCode=0; 
2026-06-03T19:36:49.5670366+00:00	WorkerEvent	RegionalMart03.regional-03-audit	TaskStarted; ExitCode=0; 
2026-06-03T19:36:49.6378326+00:00	WorkerEvent	RegionalMart03.regional-03-audit	TaskSucceeded; ExitCode=0; 
2026-06-03T19:36:49.6384851+00:00	TaskSucceeded	RegionalMart03.regional-03-audit	0
2026-06-03T19:36:49.6399673+00:00	WorkerEvent	RegionalMart03	Closed; ExitCode=-1; worker control channel closed
2026-06-03T19:36:49.6404639+00:00	PipelineCompleted	RegionalMart03	
2026-06-03T19:36:49.6662746+00:00	WorkerProcessExited	RegionalMart03	ExitCode=0; worker process exited
2026-06-03T19:36:49.8864624+00:00	WorkerEvent	RegionalMart04.regional-04-stage	TaskSucceeded; ExitCode=0; 
2026-06-03T19:36:49.8870492+00:00	TaskSucceeded	RegionalMart04.regional-04-stage	0
2026-06-03T19:36:49.8874898+00:00	WorkerEvent	RegionalMart04.regional-04-curate	TaskReady; ExitCode=0; 
2026-06-03T19:36:49.8883321+00:00	GrantTask	RegionalMart04.regional-04-curate	RegionalMart04.regional-04-curate; GrantId=grant-134; Attempt=1
2026-06-03T19:36:49.8885856+00:00	WorkerEvent	RegionalMart04.regional-04-curate	GrantAccepted; ExitCode=0; 
2026-06-03T19:36:49.8890752+00:00	WorkerEvent	RegionalMart04.regional-04-curate	TaskStarted; ExitCode=0; 
2026-06-03T19:36:49.9407448+00:00	WorkerEvent	RegionalMart04.regional-04-curate	TaskSucceeded; ExitCode=0; 
2026-06-03T19:36:49.9414170+00:00	TaskSucceeded	RegionalMart04.regional-04-curate	0
2026-06-03T19:36:49.9419008+00:00	WorkerEvent	RegionalMart04.regional-04-publish	TaskReady; ExitCode=0; 
2026-06-03T19:36:49.9440066+00:00	GrantTask	RegionalMart04.regional-04-publish	RegionalMart04.regional-04-publish; GrantId=grant-135; Attempt=1
2026-06-03T19:36:49.9442835+00:00	WorkerEvent	RegionalMart04.regional-04-publish	GrantAccepted; ExitCode=0; 
2026-06-03T19:36:49.9448383+00:00	WorkerEvent	RegionalMart04.regional-04-publish	TaskStarted; ExitCode=0; 
2026-06-03T19:36:50.0287300+00:00	WorkerEvent	RegionalMart04.regional-04-publish	TaskSucceeded; ExitCode=0; 
2026-06-03T19:36:50.0292796+00:00	TaskSucceeded	RegionalMart04.regional-04-publish	0
2026-06-03T19:36:50.0298331+00:00	GrantTask	AuditHairball.audit-hairball	AuditHairball.audit-hairball; GrantId=grant-136; Attempt=1
2026-06-03T19:36:50.0303398+00:00	WorkerEvent	RegionalMart04.regional-04-audit	TaskReady; ExitCode=0; 
2026-06-03T19:36:50.0307570+00:00	WorkerEvent	AuditHairball.audit-hairball	GrantAccepted; ExitCode=0; 
2026-06-03T19:36:50.0316513+00:00	GrantTask	RegionalMart04.regional-04-audit	RegionalMart04.regional-04-audit; GrantId=grant-137; Attempt=1
2026-06-03T19:36:50.0321108+00:00	WorkerEvent	RegionalMart04.regional-04-audit	GrantAccepted; ExitCode=0; 
2026-06-03T19:36:50.0327898+00:00	WorkerEvent	AuditHairball.audit-hairball	TaskStarted; ExitCode=0; 
2026-06-03T19:36:50.0334764+00:00	WorkerEvent	RegionalMart04.regional-04-audit	TaskStarted; ExitCode=0; 
2026-06-03T19:36:50.0995234+00:00	WorkerEvent	RegionalMart04.regional-04-audit	TaskSucceeded; ExitCode=0; 
2026-06-03T19:36:50.1003067+00:00	TaskSucceeded	RegionalMart04.regional-04-audit	0
2026-06-03T19:36:50.1018151+00:00	WorkerEvent	RegionalMart04	Closed; ExitCode=-1; worker control channel closed
2026-06-03T19:36:50.1024124+00:00	PipelineCompleted	RegionalMart04	
2026-06-03T19:36:50.1243104+00:00	WorkerProcessExited	RegionalMart04	ExitCode=0; worker process exited
2026-06-03T19:36:50.3397468+00:00	WorkerEvent	AuditHairball.audit-hairball	TaskSucceeded; ExitCode=0; 
2026-06-03T19:36:50.3403870+00:00	TaskSucceeded	AuditHairball.audit-hairball	0
2026-06-03T19:36:50.3418428+00:00	WorkerEvent	AuditHairball	Closed; ExitCode=-1; worker control channel closed
2026-06-03T19:36:50.3431658+00:00	PipelineCompleted	AuditHairball	
2026-06-03T19:36:50.3642578+00:00	WorkerProcessExited	AuditHairball	ExitCode=0; worker process exited
2026-06-03T19:36:50.3655287+00:00	WorkerLogSummary	ExtractSeed01	stdout=C:\Users\jimmy\Desktop\meta-bi\Samples\Demos\MetaOrchestrationHairballCliIntegration\Runs\hairball-seed-20260530\RunArtifacts\runs\20260603-193603_74360da14dd34e3a8b281efec21da86d\logs\ExtractSeed01-19812.stdout.log; stdoutBytes=0; stdoutTruncated=False; stdoutDroppedBytes=0; stderr=C:\Users\jimmy\Desktop\meta-bi\Samples\Demos\MetaOrchestrationHairballCliIntegration\Runs\hairball-seed-20260530\RunArtifacts\runs\20260603-193603_74360da14dd34e3a8b281efec21da86d\logs\ExtractSeed01-19812.stderr.log; stderrBytes=0; stderrTruncated=False; stderrDroppedBytes=0
2026-06-03T19:36:50.3663428+00:00	WorkerLogSummary	ExtractSeed02	stdout=C:\Users\jimmy\Desktop\meta-bi\Samples\Demos\MetaOrchestrationHairballCliIntegration\Runs\hairball-seed-20260530\RunArtifacts\runs\20260603-193603_74360da14dd34e3a8b281efec21da86d\logs\ExtractSeed02-3596.stdout.log; stdoutBytes=0; stdoutTruncated=False; stdoutDroppedBytes=0; stderr=C:\Users\jimmy\Desktop\meta-bi\Samples\Demos\MetaOrchestrationHairballCliIntegration\Runs\hairball-seed-20260530\RunArtifacts\runs\20260603-193603_74360da14dd34e3a8b281efec21da86d\logs\ExtractSeed02-3596.stderr.log; stderrBytes=0; stderrTruncated=False; stderrDroppedBytes=0
2026-06-03T19:36:50.3673781+00:00	WorkerLogSummary	ExtractSeed03	stdout=C:\Users\jimmy\Desktop\meta-bi\Samples\Demos\MetaOrchestrationHairballCliIntegration\Runs\hairball-seed-20260530\RunArtifacts\runs\20260603-193603_74360da14dd34e3a8b281efec21da86d\logs\ExtractSeed03-20048.stdout.log; stdoutBytes=0; stdoutTruncated=False; stdoutDroppedBytes=0; stderr=C:\Users\jimmy\Desktop\meta-bi\Samples\Demos\MetaOrchestrationHairballCliIntegration\Runs\hairball-seed-20260530\RunArtifacts\runs\20260603-193603_74360da14dd34e3a8b281efec21da86d\logs\ExtractSeed03-20048.stderr.log; stderrBytes=0; stderrTruncated=False; stderrDroppedBytes=0
2026-06-03T19:36:50.3680518+00:00	WorkerLogSummary	ExtractSeed04	stdout=C:\Users\jimmy\Desktop\meta-bi\Samples\Demos\MetaOrchestrationHairballCliIntegration\Runs\hairball-seed-20260530\RunArtifacts\runs\20260603-193603_74360da14dd34e3a8b281efec21da86d\logs\ExtractSeed04-31136.stdout.log; stdoutBytes=0; stdoutTruncated=False; stdoutDroppedBytes=0; stderr=C:\Users\jimmy\Desktop\meta-bi\Samples\Demos\MetaOrchestrationHairballCliIntegration\Runs\hairball-seed-20260530\RunArtifacts\runs\20260603-193603_74360da14dd34e3a8b281efec21da86d\logs\ExtractSeed04-31136.stderr.log; stderrBytes=0; stderrTruncated=False; stderrDroppedBytes=0
2026-06-03T19:36:50.3685705+00:00	WorkerLogSummary	ExtractSeed05	stdout=C:\Users\jimmy\Desktop\meta-bi\Samples\Demos\MetaOrchestrationHairballCliIntegration\Runs\hairball-seed-20260530\RunArtifacts\runs\20260603-193603_74360da14dd34e3a8b281efec21da86d\logs\ExtractSeed05-14104.stdout.log; stdoutBytes=0; stdoutTruncated=False; stdoutDroppedBytes=0; stderr=C:\Users\jimmy\Desktop\meta-bi\Samples\Demos\MetaOrchestrationHairballCliIntegration\Runs\hairball-seed-20260530\RunArtifacts\runs\20260603-193603_74360da14dd34e3a8b281efec21da86d\logs\ExtractSeed05-14104.stderr.log; stderrBytes=0; stderrTruncated=False; stderrDroppedBytes=0
2026-06-03T19:36:50.3688938+00:00	WorkerLogSummary	ExtractSeed06	stdout=C:\Users\jimmy\Desktop\meta-bi\Samples\Demos\MetaOrchestrationHairballCliIntegration\Runs\hairball-seed-20260530\RunArtifacts\runs\20260603-193603_74360da14dd34e3a8b281efec21da86d\logs\ExtractSeed06-31476.stdout.log; stdoutBytes=0; stdoutTruncated=False; stdoutDroppedBytes=0; stderr=C:\Users\jimmy\Desktop\meta-bi\Samples\Demos\MetaOrchestrationHairballCliIntegration\Runs\hairball-seed-20260530\RunArtifacts\runs\20260603-193603_74360da14dd34e3a8b281efec21da86d\logs\ExtractSeed06-31476.stderr.log; stderrBytes=0; stderrTruncated=False; stderrDroppedBytes=0
2026-06-03T19:36:50.3692460+00:00	WorkerLogSummary	ExtractSeed07	stdout=C:\Users\jimmy\Desktop\meta-bi\Samples\Demos\MetaOrchestrationHairballCliIntegration\Runs\hairball-seed-20260530\RunArtifacts\runs\20260603-193603_74360da14dd34e3a8b281efec21da86d\logs\ExtractSeed07-28368.stdout.log; stdoutBytes=0; stdoutTruncated=False; stdoutDroppedBytes=0; stderr=C:\Users\jimmy\Desktop\meta-bi\Samples\Demos\MetaOrchestrationHairballCliIntegration\Runs\hairball-seed-20260530\RunArtifacts\runs\20260603-193603_74360da14dd34e3a8b281efec21da86d\logs\ExtractSeed07-28368.stderr.log; stderrBytes=0; stderrTruncated=False; stderrDroppedBytes=0
2026-06-03T19:36:50.3695982+00:00	WorkerLogSummary	ExtractSeed08	stdout=C:\Users\jimmy\Desktop\meta-bi\Samples\Demos\MetaOrchestrationHairballCliIntegration\Runs\hairball-seed-20260530\RunArtifacts\runs\20260603-193603_74360da14dd34e3a8b281efec21da86d\logs\ExtractSeed08-27104.stdout.log; stdoutBytes=0; stdoutTruncated=False; stdoutDroppedBytes=0; stderr=C:\Users\jimmy\Desktop\meta-bi\Samples\Demos\MetaOrchestrationHairballCliIntegration\Runs\hairball-seed-20260530\RunArtifacts\runs\20260603-193603_74360da14dd34e3a8b281efec21da86d\logs\ExtractSeed08-27104.stderr.log; stderrBytes=0; stderrTruncated=False; stderrDroppedBytes=0
2026-06-03T19:36:50.3701310+00:00	WorkerLogSummary	AuditHairball	stdout=C:\Users\jimmy\Desktop\meta-bi\Samples\Demos\MetaOrchestrationHairballCliIntegration\Runs\hairball-seed-20260530\RunArtifacts\runs\20260603-193603_74360da14dd34e3a8b281efec21da86d\logs\AuditHairball-28088.stdout.log; stdoutBytes=0; stdoutTruncated=False; stdoutDroppedBytes=0; stderr=C:\Users\jimmy\Desktop\meta-bi\Samples\Demos\MetaOrchestrationHairballCliIntegration\Runs\hairball-seed-20260530\RunArtifacts\runs\20260603-193603_74360da14dd34e3a8b281efec21da86d\logs\AuditHairball-28088.stderr.log; stderrBytes=0; stderrTruncated=False; stderrDroppedBytes=0
2026-06-03T19:36:50.3707115+00:00	WorkerLogSummary	BridgeL01L02	stdout=C:\Users\jimmy\Desktop\meta-bi\Samples\Demos\MetaOrchestrationHairballCliIntegration\Runs\hairball-seed-20260530\RunArtifacts\runs\20260603-193603_74360da14dd34e3a8b281efec21da86d\logs\BridgeL01L02-19380.stdout.log; stdoutBytes=0; stdoutTruncated=False; stdoutDroppedBytes=0; stderr=C:\Users\jimmy\Desktop\meta-bi\Samples\Demos\MetaOrchestrationHairballCliIntegration\Runs\hairball-seed-20260530\RunArtifacts\runs\20260603-193603_74360da14dd34e3a8b281efec21da86d\logs\BridgeL01L02-19380.stderr.log; stderrBytes=0; stderrTruncated=False; stderrDroppedBytes=0
2026-06-03T19:36:50.3711006+00:00	WorkerLogSummary	BridgeL03L04	stdout=C:\Users\jimmy\Desktop\meta-bi\Samples\Demos\MetaOrchestrationHairballCliIntegration\Runs\hairball-seed-20260530\RunArtifacts\runs\20260603-193603_74360da14dd34e3a8b281efec21da86d\logs\BridgeL03L04-26924.stdout.log; stdoutBytes=0; stdoutTruncated=False; stdoutDroppedBytes=0; stderr=C:\Users\jimmy\Desktop\meta-bi\Samples\Demos\MetaOrchestrationHairballCliIntegration\Runs\hairball-seed-20260530\RunArtifacts\runs\20260603-193603_74360da14dd34e3a8b281efec21da86d\logs\BridgeL03L04-26924.stderr.log; stderrBytes=0; stderrTruncated=False; stderrDroppedBytes=0
2026-06-03T19:36:50.3714645+00:00	WorkerLogSummary	BridgeL05L06	stdout=C:\Users\jimmy\Desktop\meta-bi\Samples\Demos\MetaOrchestrationHairballCliIntegration\Runs\hairball-seed-20260530\RunArtifacts\runs\20260603-193603_74360da14dd34e3a8b281efec21da86d\logs\BridgeL05L06-31456.stdout.log; stdoutBytes=0; stdoutTruncated=False; stdoutDroppedBytes=0; stderr=C:\Users\jimmy\Desktop\meta-bi\Samples\Demos\MetaOrchestrationHairballCliIntegration\Runs\hairball-seed-20260530\RunArtifacts\runs\20260603-193603_74360da14dd34e3a8b281efec21da86d\logs\BridgeL05L06-31456.stderr.log; stderrBytes=0; stderrTruncated=False; stderrDroppedBytes=0
2026-06-03T19:36:50.3718480+00:00	WorkerLogSummary	BridgeL07L08	stdout=C:\Users\jimmy\Desktop\meta-bi\Samples\Demos\MetaOrchestrationHairballCliIntegration\Runs\hairball-seed-20260530\RunArtifacts\runs\20260603-193603_74360da14dd34e3a8b281efec21da86d\logs\BridgeL07L08-31656.stdout.log; stdoutBytes=0; stdoutTruncated=False; stdoutDroppedBytes=0; stderr=C:\Users\jimmy\Desktop\meta-bi\Samples\Demos\MetaOrchestrationHairballCliIntegration\Runs\hairball-seed-20260530\RunArtifacts\runs\20260603-193603_74360da14dd34e3a8b281efec21da86d\logs\BridgeL07L08-31656.stderr.log; stderrBytes=0; stderrTruncated=False; stderrDroppedBytes=0
2026-06-03T19:36:50.3722214+00:00	WorkerLogSummary	CompositeMart	stdout=C:\Users\jimmy\Desktop\meta-bi\Samples\Demos\MetaOrchestrationHairballCliIntegration\Runs\hairball-seed-20260530\RunArtifacts\runs\20260603-193603_74360da14dd34e3a8b281efec21da86d\logs\CompositeMart-3504.stdout.log; stdoutBytes=0; stdoutTruncated=False; stdoutDroppedBytes=0; stderr=C:\Users\jimmy\Desktop\meta-bi\Samples\Demos\MetaOrchestrationHairballCliIntegration\Runs\hairball-seed-20260530\RunArtifacts\runs\20260603-193603_74360da14dd34e3a8b281efec21da86d\logs\CompositeMart-3504.stderr.log; stderrBytes=0; stderrTruncated=False; stderrDroppedBytes=0
2026-06-03T19:36:50.3725785+00:00	WorkerLogSummary	Layer01Hub	stdout=C:\Users\jimmy\Desktop\meta-bi\Samples\Demos\MetaOrchestrationHairballCliIntegration\Runs\hairball-seed-20260530\RunArtifacts\runs\20260603-193603_74360da14dd34e3a8b281efec21da86d\logs\Layer01Hub-7644.stdout.log; stdoutBytes=0; stdoutTruncated=False; stdoutDroppedBytes=0; stderr=C:\Users\jimmy\Desktop\meta-bi\Samples\Demos\MetaOrchestrationHairballCliIntegration\Runs\hairball-seed-20260530\RunArtifacts\runs\20260603-193603_74360da14dd34e3a8b281efec21da86d\logs\Layer01Hub-7644.stderr.log; stderrBytes=0; stderrTruncated=False; stderrDroppedBytes=0
2026-06-03T19:36:50.3730430+00:00	WorkerLogSummary	Layer01Node06	stdout=C:\Users\jimmy\Desktop\meta-bi\Samples\Demos\MetaOrchestrationHairballCliIntegration\Runs\hairball-seed-20260530\RunArtifacts\runs\20260603-193603_74360da14dd34e3a8b281efec21da86d\logs\Layer01Node06-28908.stdout.log; stdoutBytes=0; stdoutTruncated=False; stdoutDroppedBytes=0; stderr=C:\Users\jimmy\Desktop\meta-bi\Samples\Demos\MetaOrchestrationHairballCliIntegration\Runs\hairball-seed-20260530\RunArtifacts\runs\20260603-193603_74360da14dd34e3a8b281efec21da86d\logs\Layer01Node06-28908.stderr.log; stderrBytes=0; stderrTruncated=False; stderrDroppedBytes=0
2026-06-03T19:36:50.3733857+00:00	WorkerLogSummary	Layer01Node01	stdout=C:\Users\jimmy\Desktop\meta-bi\Samples\Demos\MetaOrchestrationHairballCliIntegration\Runs\hairball-seed-20260530\RunArtifacts\runs\20260603-193603_74360da14dd34e3a8b281efec21da86d\logs\Layer01Node01-29320.stdout.log; stdoutBytes=0; stdoutTruncated=False; stdoutDroppedBytes=0; stderr=C:\Users\jimmy\Desktop\meta-bi\Samples\Demos\MetaOrchestrationHairballCliIntegration\Runs\hairball-seed-20260530\RunArtifacts\runs\20260603-193603_74360da14dd34e3a8b281efec21da86d\logs\Layer01Node01-29320.stderr.log; stderrBytes=0; stderrTruncated=False; stderrDroppedBytes=0
2026-06-03T19:36:50.3738446+00:00	WorkerLogSummary	Layer01Node07	stdout=C:\Users\jimmy\Desktop\meta-bi\Samples\Demos\MetaOrchestrationHairballCliIntegration\Runs\hairball-seed-20260530\RunArtifacts\runs\20260603-193603_74360da14dd34e3a8b281efec21da86d\logs\Layer01Node07-23788.stdout.log; stdoutBytes=0; stdoutTruncated=False; stdoutDroppedBytes=0; stderr=C:\Users\jimmy\Desktop\meta-bi\Samples\Demos\MetaOrchestrationHairballCliIntegration\Runs\hairball-seed-20260530\RunArtifacts\runs\20260603-193603_74360da14dd34e3a8b281efec21da86d\logs\Layer01Node07-23788.stderr.log; stderrBytes=0; stderrTruncated=False; stderrDroppedBytes=0
2026-06-03T19:36:50.3741788+00:00	WorkerLogSummary	Layer03Node09	stdout=C:\Users\jimmy\Desktop\meta-bi\Samples\Demos\MetaOrchestrationHairballCliIntegration\Runs\hairball-seed-20260530\RunArtifacts\runs\20260603-193603_74360da14dd34e3a8b281efec21da86d\logs\Layer03Node09-21004.stdout.log; stdoutBytes=0; stdoutTruncated=False; stdoutDroppedBytes=0; stderr=C:\Users\jimmy\Desktop\meta-bi\Samples\Demos\MetaOrchestrationHairballCliIntegration\Runs\hairball-seed-20260530\RunArtifacts\runs\20260603-193603_74360da14dd34e3a8b281efec21da86d\logs\Layer03Node09-21004.stderr.log; stderrBytes=0; stderrTruncated=False; stderrDroppedBytes=0
2026-06-03T19:36:50.3747260+00:00	WorkerLogSummary	Layer01Node02	stdout=C:\Users\jimmy\Desktop\meta-bi\Samples\Demos\MetaOrchestrationHairballCliIntegration\Runs\hairball-seed-20260530\RunArtifacts\runs\20260603-193603_74360da14dd34e3a8b281efec21da86d\logs\Layer01Node02-27840.stdout.log; stdoutBytes=0; stdoutTruncated=False; stdoutDroppedBytes=0; stderr=C:\Users\jimmy\Desktop\meta-bi\Samples\Demos\MetaOrchestrationHairballCliIntegration\Runs\hairball-seed-20260530\RunArtifacts\runs\20260603-193603_74360da14dd34e3a8b281efec21da86d\logs\Layer01Node02-27840.stderr.log; stderrBytes=0; stderrTruncated=False; stderrDroppedBytes=0
2026-06-03T19:36:50.3751797+00:00	WorkerLogSummary	Layer02Node03	stdout=C:\Users\jimmy\Desktop\meta-bi\Samples\Demos\MetaOrchestrationHairballCliIntegration\Runs\hairball-seed-20260530\RunArtifacts\runs\20260603-193603_74360da14dd34e3a8b281efec21da86d\logs\Layer02Node03-12924.stdout.log; stdoutBytes=0; stdoutTruncated=False; stdoutDroppedBytes=0; stderr=C:\Users\jimmy\Desktop\meta-bi\Samples\Demos\MetaOrchestrationHairballCliIntegration\Runs\hairball-seed-20260530\RunArtifacts\runs\20260603-193603_74360da14dd34e3a8b281efec21da86d\logs\Layer02Node03-12924.stderr.log; stderrBytes=0; stderrTruncated=False; stderrDroppedBytes=0
2026-06-03T19:36:50.3756967+00:00	WorkerLogSummary	AuditHairball	stdout=C:\Users\jimmy\Desktop\meta-bi\Samples\Demos\MetaOrchestrationHairballCliIntegration\Runs\hairball-seed-20260530\RunArtifacts\runs\20260603-193603_74360da14dd34e3a8b281efec21da86d\logs\AuditHairball-3064.stdout.log; stdoutBytes=0; stdoutTruncated=False; stdoutDroppedBytes=0; stderr=C:\Users\jimmy\Desktop\meta-bi\Samples\Demos\MetaOrchestrationHairballCliIntegration\Runs\hairball-seed-20260530\RunArtifacts\runs\20260603-193603_74360da14dd34e3a8b281efec21da86d\logs\AuditHairball-3064.stderr.log; stderrBytes=0; stderrTruncated=False; stderrDroppedBytes=0
2026-06-03T19:36:50.3761486+00:00	WorkerLogSummary	Layer01Node04	stdout=C:\Users\jimmy\Desktop\meta-bi\Samples\Demos\MetaOrchestrationHairballCliIntegration\Runs\hairball-seed-20260530\RunArtifacts\runs\20260603-193603_74360da14dd34e3a8b281efec21da86d\logs\Layer01Node04-30332.stdout.log; stdoutBytes=0; stdoutTruncated=False; stdoutDroppedBytes=0; stderr=C:\Users\jimmy\Desktop\meta-bi\Samples\Demos\MetaOrchestrationHairballCliIntegration\Runs\hairball-seed-20260530\RunArtifacts\runs\20260603-193603_74360da14dd34e3a8b281efec21da86d\logs\Layer01Node04-30332.stderr.log; stderrBytes=0; stderrTruncated=False; stderrDroppedBytes=0
2026-06-03T19:36:50.3765590+00:00	WorkerLogSummary	Layer01Node03	stdout=C:\Users\jimmy\Desktop\meta-bi\Samples\Demos\MetaOrchestrationHairballCliIntegration\Runs\hairball-seed-20260530\RunArtifacts\runs\20260603-193603_74360da14dd34e3a8b281efec21da86d\logs\Layer01Node03-24384.stdout.log; stdoutBytes=0; stdoutTruncated=False; stdoutDroppedBytes=0; stderr=C:\Users\jimmy\Desktop\meta-bi\Samples\Demos\MetaOrchestrationHairballCliIntegration\Runs\hairball-seed-20260530\RunArtifacts\runs\20260603-193603_74360da14dd34e3a8b281efec21da86d\logs\Layer01Node03-24384.stderr.log; stderrBytes=0; stderrTruncated=False; stderrDroppedBytes=0
2026-06-03T19:36:50.3769218+00:00	WorkerLogSummary	Layer01Node05	stdout=C:\Users\jimmy\Desktop\meta-bi\Samples\Demos\MetaOrchestrationHairballCliIntegration\Runs\hairball-seed-20260530\RunArtifacts\runs\20260603-193603_74360da14dd34e3a8b281efec21da86d\logs\Layer01Node05-12872.stdout.log; stdoutBytes=0; stdoutTruncated=False; stdoutDroppedBytes=0; stderr=C:\Users\jimmy\Desktop\meta-bi\Samples\Demos\MetaOrchestrationHairballCliIntegration\Runs\hairball-seed-20260530\RunArtifacts\runs\20260603-193603_74360da14dd34e3a8b281efec21da86d\logs\Layer01Node05-12872.stderr.log; stderrBytes=0; stderrTruncated=False; stderrDroppedBytes=0
2026-06-03T19:36:50.3772443+00:00	WorkerLogSummary	Layer01Node09	stdout=C:\Users\jimmy\Desktop\meta-bi\Samples\Demos\MetaOrchestrationHairballCliIntegration\Runs\hairball-seed-20260530\RunArtifacts\runs\20260603-193603_74360da14dd34e3a8b281efec21da86d\logs\Layer01Node09-28116.stdout.log; stdoutBytes=0; stdoutTruncated=False; stdoutDroppedBytes=0; stderr=C:\Users\jimmy\Desktop\meta-bi\Samples\Demos\MetaOrchestrationHairballCliIntegration\Runs\hairball-seed-20260530\RunArtifacts\runs\20260603-193603_74360da14dd34e3a8b281efec21da86d\logs\Layer01Node09-28116.stderr.log; stderrBytes=0; stderrTruncated=False; stderrDroppedBytes=0
2026-06-03T19:36:50.3776079+00:00	WorkerLogSummary	AuditHairball	stdout=C:\Users\jimmy\Desktop\meta-bi\Samples\Demos\MetaOrchestrationHairballCliIntegration\Runs\hairball-seed-20260530\RunArtifacts\runs\20260603-193603_74360da14dd34e3a8b281efec21da86d\logs\AuditHairball-21860.stdout.log; stdoutBytes=0; stdoutTruncated=False; stdoutDroppedBytes=0; stderr=C:\Users\jimmy\Desktop\meta-bi\Samples\Demos\MetaOrchestrationHairballCliIntegration\Runs\hairball-seed-20260530\RunArtifacts\runs\20260603-193603_74360da14dd34e3a8b281efec21da86d\logs\AuditHairball-21860.stderr.log; stderrBytes=0; stderrTruncated=False; stderrDroppedBytes=0
2026-06-03T19:36:50.3779267+00:00	WorkerLogSummary	Layer01Node08	stdout=C:\Users\jimmy\Desktop\meta-bi\Samples\Demos\MetaOrchestrationHairballCliIntegration\Runs\hairball-seed-20260530\RunArtifacts\runs\20260603-193603_74360da14dd34e3a8b281efec21da86d\logs\Layer01Node08-15056.stdout.log; stdoutBytes=0; stdoutTruncated=False; stdoutDroppedBytes=0; stderr=C:\Users\jimmy\Desktop\meta-bi\Samples\Demos\MetaOrchestrationHairballCliIntegration\Runs\hairball-seed-20260530\RunArtifacts\runs\20260603-193603_74360da14dd34e3a8b281efec21da86d\logs\Layer01Node08-15056.stderr.log; stderrBytes=0; stderrTruncated=False; stderrDroppedBytes=0
2026-06-03T19:36:50.3782587+00:00	WorkerLogSummary	Layer02Hub	stdout=C:\Users\jimmy\Desktop\meta-bi\Samples\Demos\MetaOrchestrationHairballCliIntegration\Runs\hairball-seed-20260530\RunArtifacts\runs\20260603-193603_74360da14dd34e3a8b281efec21da86d\logs\Layer02Hub-28184.stdout.log; stdoutBytes=0; stdoutTruncated=False; stdoutDroppedBytes=0; stderr=C:\Users\jimmy\Desktop\meta-bi\Samples\Demos\MetaOrchestrationHairballCliIntegration\Runs\hairball-seed-20260530\RunArtifacts\runs\20260603-193603_74360da14dd34e3a8b281efec21da86d\logs\Layer02Hub-28184.stderr.log; stderrBytes=0; stderrTruncated=False; stderrDroppedBytes=0
2026-06-03T19:36:50.3786004+00:00	WorkerLogSummary	Layer02Node05	stdout=C:\Users\jimmy\Desktop\meta-bi\Samples\Demos\MetaOrchestrationHairballCliIntegration\Runs\hairball-seed-20260530\RunArtifacts\runs\20260603-193603_74360da14dd34e3a8b281efec21da86d\logs\Layer02Node05-19064.stdout.log; stdoutBytes=0; stdoutTruncated=False; stdoutDroppedBytes=0; stderr=C:\Users\jimmy\Desktop\meta-bi\Samples\Demos\MetaOrchestrationHairballCliIntegration\Runs\hairball-seed-20260530\RunArtifacts\runs\20260603-193603_74360da14dd34e3a8b281efec21da86d\logs\Layer02Node05-19064.stderr.log; stderrBytes=0; stderrTruncated=False; stderrDroppedBytes=0
2026-06-03T19:36:50.3789173+00:00	WorkerLogSummary	BridgeL01L02	stdout=C:\Users\jimmy\Desktop\meta-bi\Samples\Demos\MetaOrchestrationHairballCliIntegration\Runs\hairball-seed-20260530\RunArtifacts\runs\20260603-193603_74360da14dd34e3a8b281efec21da86d\logs\BridgeL01L02-29684.stdout.log; stdoutBytes=0; stdoutTruncated=False; stdoutDroppedBytes=0; stderr=C:\Users\jimmy\Desktop\meta-bi\Samples\Demos\MetaOrchestrationHairballCliIntegration\Runs\hairball-seed-20260530\RunArtifacts\runs\20260603-193603_74360da14dd34e3a8b281efec21da86d\logs\BridgeL01L02-29684.stderr.log; stderrBytes=0; stderrTruncated=False; stderrDroppedBytes=0
2026-06-03T19:36:50.3792355+00:00	WorkerLogSummary	Layer02Node01	stdout=C:\Users\jimmy\Desktop\meta-bi\Samples\Demos\MetaOrchestrationHairballCliIntegration\Runs\hairball-seed-20260530\RunArtifacts\runs\20260603-193603_74360da14dd34e3a8b281efec21da86d\logs\Layer02Node01-25256.stdout.log; stdoutBytes=0; stdoutTruncated=False; stdoutDroppedBytes=0; stderr=C:\Users\jimmy\Desktop\meta-bi\Samples\Demos\MetaOrchestrationHairballCliIntegration\Runs\hairball-seed-20260530\RunArtifacts\runs\20260603-193603_74360da14dd34e3a8b281efec21da86d\logs\Layer02Node01-25256.stderr.log; stderrBytes=0; stderrTruncated=False; stderrDroppedBytes=0
2026-06-03T19:36:50.3796676+00:00	WorkerLogSummary	Layer02Node02	stdout=C:\Users\jimmy\Desktop\meta-bi\Samples\Demos\MetaOrchestrationHairballCliIntegration\Runs\hairball-seed-20260530\RunArtifacts\runs\20260603-193603_74360da14dd34e3a8b281efec21da86d\logs\Layer02Node02-384.stdout.log; stdoutBytes=0; stdoutTruncated=False; stdoutDroppedBytes=0; stderr=C:\Users\jimmy\Desktop\meta-bi\Samples\Demos\MetaOrchestrationHairballCliIntegration\Runs\hairball-seed-20260530\RunArtifacts\runs\20260603-193603_74360da14dd34e3a8b281efec21da86d\logs\Layer02Node02-384.stderr.log; stderrBytes=0; stderrTruncated=False; stderrDroppedBytes=0
2026-06-03T19:36:50.3800282+00:00	WorkerLogSummary	Layer02Node04	stdout=C:\Users\jimmy\Desktop\meta-bi\Samples\Demos\MetaOrchestrationHairballCliIntegration\Runs\hairball-seed-20260530\RunArtifacts\runs\20260603-193603_74360da14dd34e3a8b281efec21da86d\logs\Layer02Node04-18236.stdout.log; stdoutBytes=0; stdoutTruncated=False; stdoutDroppedBytes=0; stderr=C:\Users\jimmy\Desktop\meta-bi\Samples\Demos\MetaOrchestrationHairballCliIntegration\Runs\hairball-seed-20260530\RunArtifacts\runs\20260603-193603_74360da14dd34e3a8b281efec21da86d\logs\Layer02Node04-18236.stderr.log; stderrBytes=0; stderrTruncated=False; stderrDroppedBytes=0
2026-06-03T19:36:50.3803533+00:00	WorkerLogSummary	Layer03Node03	stdout=C:\Users\jimmy\Desktop\meta-bi\Samples\Demos\MetaOrchestrationHairballCliIntegration\Runs\hairball-seed-20260530\RunArtifacts\runs\20260603-193603_74360da14dd34e3a8b281efec21da86d\logs\Layer03Node03-17012.stdout.log; stdoutBytes=0; stdoutTruncated=False; stdoutDroppedBytes=0; stderr=C:\Users\jimmy\Desktop\meta-bi\Samples\Demos\MetaOrchestrationHairballCliIntegration\Runs\hairball-seed-20260530\RunArtifacts\runs\20260603-193603_74360da14dd34e3a8b281efec21da86d\logs\Layer03Node03-17012.stderr.log; stderrBytes=0; stderrTruncated=False; stderrDroppedBytes=0
2026-06-03T19:36:50.3806729+00:00	WorkerLogSummary	AuditHairball	stdout=C:\Users\jimmy\Desktop\meta-bi\Samples\Demos\MetaOrchestrationHairballCliIntegration\Runs\hairball-seed-20260530\RunArtifacts\runs\20260603-193603_74360da14dd34e3a8b281efec21da86d\logs\AuditHairball-5164.stdout.log; stdoutBytes=0; stdoutTruncated=False; stdoutDroppedBytes=0; stderr=C:\Users\jimmy\Desktop\meta-bi\Samples\Demos\MetaOrchestrationHairballCliIntegration\Runs\hairball-seed-20260530\RunArtifacts\runs\20260603-193603_74360da14dd34e3a8b281efec21da86d\logs\AuditHairball-5164.stderr.log; stderrBytes=0; stderrTruncated=False; stderrDroppedBytes=0
2026-06-03T19:36:50.3811311+00:00	WorkerLogSummary	BridgeL01L02	stdout=C:\Users\jimmy\Desktop\meta-bi\Samples\Demos\MetaOrchestrationHairballCliIntegration\Runs\hairball-seed-20260530\RunArtifacts\runs\20260603-193603_74360da14dd34e3a8b281efec21da86d\logs\BridgeL01L02-21924.stdout.log; stdoutBytes=0; stdoutTruncated=False; stdoutDroppedBytes=0; stderr=C:\Users\jimmy\Desktop\meta-bi\Samples\Demos\MetaOrchestrationHairballCliIntegration\Runs\hairball-seed-20260530\RunArtifacts\runs\20260603-193603_74360da14dd34e3a8b281efec21da86d\logs\BridgeL01L02-21924.stderr.log; stderrBytes=0; stderrTruncated=False; stderrDroppedBytes=0
2026-06-03T19:36:50.3816605+00:00	WorkerLogSummary	Layer02Node08	stdout=C:\Users\jimmy\Desktop\meta-bi\Samples\Demos\MetaOrchestrationHairballCliIntegration\Runs\hairball-seed-20260530\RunArtifacts\runs\20260603-193603_74360da14dd34e3a8b281efec21da86d\logs\Layer02Node08-27228.stdout.log; stdoutBytes=0; stdoutTruncated=False; stdoutDroppedBytes=0; stderr=C:\Users\jimmy\Desktop\meta-bi\Samples\Demos\MetaOrchestrationHairballCliIntegration\Runs\hairball-seed-20260530\RunArtifacts\runs\20260603-193603_74360da14dd34e3a8b281efec21da86d\logs\Layer02Node08-27228.stderr.log; stderrBytes=0; stderrTruncated=False; stderrDroppedBytes=0
2026-06-03T19:36:50.3820045+00:00	WorkerLogSummary	BridgeL03L04	stdout=C:\Users\jimmy\Desktop\meta-bi\Samples\Demos\MetaOrchestrationHairballCliIntegration\Runs\hairball-seed-20260530\RunArtifacts\runs\20260603-193603_74360da14dd34e3a8b281efec21da86d\logs\BridgeL03L04-24192.stdout.log; stdoutBytes=0; stdoutTruncated=False; stdoutDroppedBytes=0; stderr=C:\Users\jimmy\Desktop\meta-bi\Samples\Demos\MetaOrchestrationHairballCliIntegration\Runs\hairball-seed-20260530\RunArtifacts\runs\20260603-193603_74360da14dd34e3a8b281efec21da86d\logs\BridgeL03L04-24192.stderr.log; stderrBytes=0; stderrTruncated=False; stderrDroppedBytes=0
2026-06-03T19:36:50.3823461+00:00	WorkerLogSummary	Layer03Node02	stdout=C:\Users\jimmy\Desktop\meta-bi\Samples\Demos\MetaOrchestrationHairballCliIntegration\Runs\hairball-seed-20260530\RunArtifacts\runs\20260603-193603_74360da14dd34e3a8b281efec21da86d\logs\Layer03Node02-13172.stdout.log; stdoutBytes=0; stdoutTruncated=False; stdoutDroppedBytes=0; stderr=C:\Users\jimmy\Desktop\meta-bi\Samples\Demos\MetaOrchestrationHairballCliIntegration\Runs\hairball-seed-20260530\RunArtifacts\runs\20260603-193603_74360da14dd34e3a8b281efec21da86d\logs\Layer03Node02-13172.stderr.log; stderrBytes=0; stderrTruncated=False; stderrDroppedBytes=0
2026-06-03T19:36:50.3827425+00:00	WorkerLogSummary	Layer06Node02	stdout=C:\Users\jimmy\Desktop\meta-bi\Samples\Demos\MetaOrchestrationHairballCliIntegration\Runs\hairball-seed-20260530\RunArtifacts\runs\20260603-193603_74360da14dd34e3a8b281efec21da86d\logs\Layer06Node02-21560.stdout.log; stdoutBytes=0; stdoutTruncated=False; stdoutDroppedBytes=0; stderr=C:\Users\jimmy\Desktop\meta-bi\Samples\Demos\MetaOrchestrationHairballCliIntegration\Runs\hairball-seed-20260530\RunArtifacts\runs\20260603-193603_74360da14dd34e3a8b281efec21da86d\logs\Layer06Node02-21560.stderr.log; stderrBytes=0; stderrTruncated=False; stderrDroppedBytes=0
2026-06-03T19:36:50.3831498+00:00	WorkerLogSummary	Layer02Node06	stdout=C:\Users\jimmy\Desktop\meta-bi\Samples\Demos\MetaOrchestrationHairballCliIntegration\Runs\hairball-seed-20260530\RunArtifacts\runs\20260603-193603_74360da14dd34e3a8b281efec21da86d\logs\Layer02Node06-28020.stdout.log; stdoutBytes=0; stdoutTruncated=False; stdoutDroppedBytes=0; stderr=C:\Users\jimmy\Desktop\meta-bi\Samples\Demos\MetaOrchestrationHairballCliIntegration\Runs\hairball-seed-20260530\RunArtifacts\runs\20260603-193603_74360da14dd34e3a8b281efec21da86d\logs\Layer02Node06-28020.stderr.log; stderrBytes=0; stderrTruncated=False; stderrDroppedBytes=0
2026-06-03T19:36:50.3835821+00:00	WorkerLogSummary	Layer03Node10	stdout=C:\Users\jimmy\Desktop\meta-bi\Samples\Demos\MetaOrchestrationHairballCliIntegration\Runs\hairball-seed-20260530\RunArtifacts\runs\20260603-193603_74360da14dd34e3a8b281efec21da86d\logs\Layer03Node10-23940.stdout.log; stdoutBytes=0; stdoutTruncated=False; stdoutDroppedBytes=0; stderr=C:\Users\jimmy\Desktop\meta-bi\Samples\Demos\MetaOrchestrationHairballCliIntegration\Runs\hairball-seed-20260530\RunArtifacts\runs\20260603-193603_74360da14dd34e3a8b281efec21da86d\logs\Layer03Node10-23940.stderr.log; stderrBytes=0; stderrTruncated=False; stderrDroppedBytes=0
2026-06-03T19:36:50.3839132+00:00	WorkerLogSummary	Layer02Node07	stdout=C:\Users\jimmy\Desktop\meta-bi\Samples\Demos\MetaOrchestrationHairballCliIntegration\Runs\hairball-seed-20260530\RunArtifacts\runs\20260603-193603_74360da14dd34e3a8b281efec21da86d\logs\Layer02Node07-27120.stdout.log; stdoutBytes=0; stdoutTruncated=False; stdoutDroppedBytes=0; stderr=C:\Users\jimmy\Desktop\meta-bi\Samples\Demos\MetaOrchestrationHairballCliIntegration\Runs\hairball-seed-20260530\RunArtifacts\runs\20260603-193603_74360da14dd34e3a8b281efec21da86d\logs\Layer02Node07-27120.stderr.log; stderrBytes=0; stderrTruncated=False; stderrDroppedBytes=0
2026-06-03T19:36:50.3842503+00:00	WorkerLogSummary	BridgeL05L06	stdout=C:\Users\jimmy\Desktop\meta-bi\Samples\Demos\MetaOrchestrationHairballCliIntegration\Runs\hairball-seed-20260530\RunArtifacts\runs\20260603-193603_74360da14dd34e3a8b281efec21da86d\logs\BridgeL05L06-24136.stdout.log; stdoutBytes=0; stdoutTruncated=False; stdoutDroppedBytes=0; stderr=C:\Users\jimmy\Desktop\meta-bi\Samples\Demos\MetaOrchestrationHairballCliIntegration\Runs\hairball-seed-20260530\RunArtifacts\runs\20260603-193603_74360da14dd34e3a8b281efec21da86d\logs\BridgeL05L06-24136.stderr.log; stderrBytes=0; stderrTruncated=False; stderrDroppedBytes=0
2026-06-03T19:36:50.3845620+00:00	WorkerLogSummary	Layer03Node06	stdout=C:\Users\jimmy\Desktop\meta-bi\Samples\Demos\MetaOrchestrationHairballCliIntegration\Runs\hairball-seed-20260530\RunArtifacts\runs\20260603-193603_74360da14dd34e3a8b281efec21da86d\logs\Layer03Node06-1328.stdout.log; stdoutBytes=0; stdoutTruncated=False; stdoutDroppedBytes=0; stderr=C:\Users\jimmy\Desktop\meta-bi\Samples\Demos\MetaOrchestrationHairballCliIntegration\Runs\hairball-seed-20260530\RunArtifacts\runs\20260603-193603_74360da14dd34e3a8b281efec21da86d\logs\Layer03Node06-1328.stderr.log; stderrBytes=0; stderrTruncated=False; stderrDroppedBytes=0
2026-06-03T19:36:50.3849165+00:00	WorkerLogSummary	Layer04Node03	stdout=C:\Users\jimmy\Desktop\meta-bi\Samples\Demos\MetaOrchestrationHairballCliIntegration\Runs\hairball-seed-20260530\RunArtifacts\runs\20260603-193603_74360da14dd34e3a8b281efec21da86d\logs\Layer04Node03-20492.stdout.log; stdoutBytes=0; stdoutTruncated=False; stdoutDroppedBytes=0; stderr=C:\Users\jimmy\Desktop\meta-bi\Samples\Demos\MetaOrchestrationHairballCliIntegration\Runs\hairball-seed-20260530\RunArtifacts\runs\20260603-193603_74360da14dd34e3a8b281efec21da86d\logs\Layer04Node03-20492.stderr.log; stderrBytes=0; stderrTruncated=False; stderrDroppedBytes=0
2026-06-03T19:36:50.3852495+00:00	WorkerLogSummary	AuditHairball	stdout=C:\Users\jimmy\Desktop\meta-bi\Samples\Demos\MetaOrchestrationHairballCliIntegration\Runs\hairball-seed-20260530\RunArtifacts\runs\20260603-193603_74360da14dd34e3a8b281efec21da86d\logs\AuditHairball-21476.stdout.log; stdoutBytes=0; stdoutTruncated=False; stdoutDroppedBytes=0; stderr=C:\Users\jimmy\Desktop\meta-bi\Samples\Demos\MetaOrchestrationHairballCliIntegration\Runs\hairball-seed-20260530\RunArtifacts\runs\20260603-193603_74360da14dd34e3a8b281efec21da86d\logs\AuditHairball-21476.stderr.log; stderrBytes=0; stderrTruncated=False; stderrDroppedBytes=0
2026-06-03T19:36:50.3855795+00:00	WorkerLogSummary	Layer06Node06	stdout=C:\Users\jimmy\Desktop\meta-bi\Samples\Demos\MetaOrchestrationHairballCliIntegration\Runs\hairball-seed-20260530\RunArtifacts\runs\20260603-193603_74360da14dd34e3a8b281efec21da86d\logs\Layer06Node06-30384.stdout.log; stdoutBytes=0; stdoutTruncated=False; stdoutDroppedBytes=0; stderr=C:\Users\jimmy\Desktop\meta-bi\Samples\Demos\MetaOrchestrationHairballCliIntegration\Runs\hairball-seed-20260530\RunArtifacts\runs\20260603-193603_74360da14dd34e3a8b281efec21da86d\logs\Layer06Node06-30384.stderr.log; stderrBytes=0; stderrTruncated=False; stderrDroppedBytes=0
2026-06-03T19:36:50.3858958+00:00	WorkerLogSummary	Layer06Node09	stdout=C:\Users\jimmy\Desktop\meta-bi\Samples\Demos\MetaOrchestrationHairballCliIntegration\Runs\hairball-seed-20260530\RunArtifacts\runs\20260603-193603_74360da14dd34e3a8b281efec21da86d\logs\Layer06Node09-27288.stdout.log; stdoutBytes=0; stdoutTruncated=False; stdoutDroppedBytes=0; stderr=C:\Users\jimmy\Desktop\meta-bi\Samples\Demos\MetaOrchestrationHairballCliIntegration\Runs\hairball-seed-20260530\RunArtifacts\runs\20260603-193603_74360da14dd34e3a8b281efec21da86d\logs\Layer06Node09-27288.stderr.log; stderrBytes=0; stderrTruncated=False; stderrDroppedBytes=0
2026-06-03T19:36:50.3862232+00:00	WorkerLogSummary	BridgeL01L02	stdout=C:\Users\jimmy\Desktop\meta-bi\Samples\Demos\MetaOrchestrationHairballCliIntegration\Runs\hairball-seed-20260530\RunArtifacts\runs\20260603-193603_74360da14dd34e3a8b281efec21da86d\logs\BridgeL01L02-28856.stdout.log; stdoutBytes=0; stdoutTruncated=False; stdoutDroppedBytes=0; stderr=C:\Users\jimmy\Desktop\meta-bi\Samples\Demos\MetaOrchestrationHairballCliIntegration\Runs\hairball-seed-20260530\RunArtifacts\runs\20260603-193603_74360da14dd34e3a8b281efec21da86d\logs\BridgeL01L02-28856.stderr.log; stderrBytes=0; stderrTruncated=False; stderrDroppedBytes=0
2026-06-03T19:36:50.3866082+00:00	WorkerLogSummary	BridgeL03L04	stdout=C:\Users\jimmy\Desktop\meta-bi\Samples\Demos\MetaOrchestrationHairballCliIntegration\Runs\hairball-seed-20260530\RunArtifacts\runs\20260603-193603_74360da14dd34e3a8b281efec21da86d\logs\BridgeL03L04-20060.stdout.log; stdoutBytes=0; stdoutTruncated=False; stdoutDroppedBytes=0; stderr=C:\Users\jimmy\Desktop\meta-bi\Samples\Demos\MetaOrchestrationHairballCliIntegration\Runs\hairball-seed-20260530\RunArtifacts\runs\20260603-193603_74360da14dd34e3a8b281efec21da86d\logs\BridgeL03L04-20060.stderr.log; stderrBytes=0; stderrTruncated=False; stderrDroppedBytes=0
2026-06-03T19:36:50.3870475+00:00	WorkerLogSummary	BridgeL07L08	stdout=C:\Users\jimmy\Desktop\meta-bi\Samples\Demos\MetaOrchestrationHairballCliIntegration\Runs\hairball-seed-20260530\RunArtifacts\runs\20260603-193603_74360da14dd34e3a8b281efec21da86d\logs\BridgeL07L08-22116.stdout.log; stdoutBytes=0; stdoutTruncated=False; stdoutDroppedBytes=0; stderr=C:\Users\jimmy\Desktop\meta-bi\Samples\Demos\MetaOrchestrationHairballCliIntegration\Runs\hairball-seed-20260530\RunArtifacts\runs\20260603-193603_74360da14dd34e3a8b281efec21da86d\logs\BridgeL07L08-22116.stderr.log; stderrBytes=0; stderrTruncated=False; stderrDroppedBytes=0
2026-06-03T19:36:50.3874157+00:00	WorkerLogSummary	Layer03Hub	stdout=C:\Users\jimmy\Desktop\meta-bi\Samples\Demos\MetaOrchestrationHairballCliIntegration\Runs\hairball-seed-20260530\RunArtifacts\runs\20260603-193603_74360da14dd34e3a8b281efec21da86d\logs\Layer03Hub-20268.stdout.log; stdoutBytes=0; stdoutTruncated=False; stdoutDroppedBytes=0; stderr=C:\Users\jimmy\Desktop\meta-bi\Samples\Demos\MetaOrchestrationHairballCliIntegration\Runs\hairball-seed-20260530\RunArtifacts\runs\20260603-193603_74360da14dd34e3a8b281efec21da86d\logs\Layer03Hub-20268.stderr.log; stderrBytes=0; stderrTruncated=False; stderrDroppedBytes=0
2026-06-03T19:36:50.3877741+00:00	WorkerLogSummary	Layer03Node01	stdout=C:\Users\jimmy\Desktop\meta-bi\Samples\Demos\MetaOrchestrationHairballCliIntegration\Runs\hairball-seed-20260530\RunArtifacts\runs\20260603-193603_74360da14dd34e3a8b281efec21da86d\logs\Layer03Node01-4688.stdout.log; stdoutBytes=0; stdoutTruncated=False; stdoutDroppedBytes=0; stderr=C:\Users\jimmy\Desktop\meta-bi\Samples\Demos\MetaOrchestrationHairballCliIntegration\Runs\hairball-seed-20260530\RunArtifacts\runs\20260603-193603_74360da14dd34e3a8b281efec21da86d\logs\Layer03Node01-4688.stderr.log; stderrBytes=0; stderrTruncated=False; stderrDroppedBytes=0
2026-06-03T19:36:50.3881773+00:00	WorkerLogSummary	Layer03Node07	stdout=C:\Users\jimmy\Desktop\meta-bi\Samples\Demos\MetaOrchestrationHairballCliIntegration\Runs\hairball-seed-20260530\RunArtifacts\runs\20260603-193603_74360da14dd34e3a8b281efec21da86d\logs\Layer03Node07-31396.stdout.log; stdoutBytes=0; stdoutTruncated=False; stdoutDroppedBytes=0; stderr=C:\Users\jimmy\Desktop\meta-bi\Samples\Demos\MetaOrchestrationHairballCliIntegration\Runs\hairball-seed-20260530\RunArtifacts\runs\20260603-193603_74360da14dd34e3a8b281efec21da86d\logs\Layer03Node07-31396.stderr.log; stderrBytes=0; stderrTruncated=False; stderrDroppedBytes=0
2026-06-03T19:36:50.3886361+00:00	WorkerLogSummary	Layer04Node04	stdout=C:\Users\jimmy\Desktop\meta-bi\Samples\Demos\MetaOrchestrationHairballCliIntegration\Runs\hairball-seed-20260530\RunArtifacts\runs\20260603-193603_74360da14dd34e3a8b281efec21da86d\logs\Layer04Node04-6300.stdout.log; stdoutBytes=0; stdoutTruncated=False; stdoutDroppedBytes=0; stderr=C:\Users\jimmy\Desktop\meta-bi\Samples\Demos\MetaOrchestrationHairballCliIntegration\Runs\hairball-seed-20260530\RunArtifacts\runs\20260603-193603_74360da14dd34e3a8b281efec21da86d\logs\Layer04Node04-6300.stderr.log; stderrBytes=0; stderrTruncated=False; stderrDroppedBytes=0
2026-06-03T19:36:50.3889875+00:00	WorkerLogSummary	AuditHairball	stdout=C:\Users\jimmy\Desktop\meta-bi\Samples\Demos\MetaOrchestrationHairballCliIntegration\Runs\hairball-seed-20260530\RunArtifacts\runs\20260603-193603_74360da14dd34e3a8b281efec21da86d\logs\AuditHairball-7060.stdout.log; stdoutBytes=0; stdoutTruncated=False; stdoutDroppedBytes=0; stderr=C:\Users\jimmy\Desktop\meta-bi\Samples\Demos\MetaOrchestrationHairballCliIntegration\Runs\hairball-seed-20260530\RunArtifacts\runs\20260603-193603_74360da14dd34e3a8b281efec21da86d\logs\AuditHairball-7060.stderr.log; stderrBytes=0; stderrTruncated=False; stderrDroppedBytes=0
2026-06-03T19:36:50.3894209+00:00	WorkerLogSummary	Layer03Node08	stdout=C:\Users\jimmy\Desktop\meta-bi\Samples\Demos\MetaOrchestrationHairballCliIntegration\Runs\hairball-seed-20260530\RunArtifacts\runs\20260603-193603_74360da14dd34e3a8b281efec21da86d\logs\Layer03Node08-19648.stdout.log; stdoutBytes=0; stdoutTruncated=False; stdoutDroppedBytes=0; stderr=C:\Users\jimmy\Desktop\meta-bi\Samples\Demos\MetaOrchestrationHairballCliIntegration\Runs\hairball-seed-20260530\RunArtifacts\runs\20260603-193603_74360da14dd34e3a8b281efec21da86d\logs\Layer03Node08-19648.stderr.log; stderrBytes=0; stderrTruncated=False; stderrDroppedBytes=0
2026-06-03T19:36:50.3897167+00:00	WorkerLogSummary	BridgeL05L06	stdout=C:\Users\jimmy\Desktop\meta-bi\Samples\Demos\MetaOrchestrationHairballCliIntegration\Runs\hairball-seed-20260530\RunArtifacts\runs\20260603-193603_74360da14dd34e3a8b281efec21da86d\logs\BridgeL05L06-7152.stdout.log; stdoutBytes=0; stdoutTruncated=False; stdoutDroppedBytes=0; stderr=C:\Users\jimmy\Desktop\meta-bi\Samples\Demos\MetaOrchestrationHairballCliIntegration\Runs\hairball-seed-20260530\RunArtifacts\runs\20260603-193603_74360da14dd34e3a8b281efec21da86d\logs\BridgeL05L06-7152.stderr.log; stderrBytes=0; stderrTruncated=False; stderrDroppedBytes=0
2026-06-03T19:36:50.3901503+00:00	WorkerLogSummary	Layer03Node04	stdout=C:\Users\jimmy\Desktop\meta-bi\Samples\Demos\MetaOrchestrationHairballCliIntegration\Runs\hairball-seed-20260530\RunArtifacts\runs\20260603-193603_74360da14dd34e3a8b281efec21da86d\logs\Layer03Node04-22728.stdout.log; stdoutBytes=0; stdoutTruncated=False; stdoutDroppedBytes=0; stderr=C:\Users\jimmy\Desktop\meta-bi\Samples\Demos\MetaOrchestrationHairballCliIntegration\Runs\hairball-seed-20260530\RunArtifacts\runs\20260603-193603_74360da14dd34e3a8b281efec21da86d\logs\Layer03Node04-22728.stderr.log; stderrBytes=0; stderrTruncated=False; stderrDroppedBytes=0
2026-06-03T19:36:50.3905738+00:00	WorkerLogSummary	Layer08Node07	stdout=C:\Users\jimmy\Desktop\meta-bi\Samples\Demos\MetaOrchestrationHairballCliIntegration\Runs\hairball-seed-20260530\RunArtifacts\runs\20260603-193603_74360da14dd34e3a8b281efec21da86d\logs\Layer08Node07-16240.stdout.log; stdoutBytes=0; stdoutTruncated=False; stdoutDroppedBytes=0; stderr=C:\Users\jimmy\Desktop\meta-bi\Samples\Demos\MetaOrchestrationHairballCliIntegration\Runs\hairball-seed-20260530\RunArtifacts\runs\20260603-193603_74360da14dd34e3a8b281efec21da86d\logs\Layer08Node07-16240.stderr.log; stderrBytes=0; stderrTruncated=False; stderrDroppedBytes=0
2026-06-03T19:36:50.3910862+00:00	WorkerLogSummary	Layer03Node05	stdout=C:\Users\jimmy\Desktop\meta-bi\Samples\Demos\MetaOrchestrationHairballCliIntegration\Runs\hairball-seed-20260530\RunArtifacts\runs\20260603-193603_74360da14dd34e3a8b281efec21da86d\logs\Layer03Node05-23952.stdout.log; stdoutBytes=0; stdoutTruncated=False; stdoutDroppedBytes=0; stderr=C:\Users\jimmy\Desktop\meta-bi\Samples\Demos\MetaOrchestrationHairballCliIntegration\Runs\hairball-seed-20260530\RunArtifacts\runs\20260603-193603_74360da14dd34e3a8b281efec21da86d\logs\Layer03Node05-23952.stderr.log; stderrBytes=0; stderrTruncated=False; stderrDroppedBytes=0
2026-06-03T19:36:50.3922186+00:00	WorkerLogSummary	Layer04Node06	stdout=C:\Users\jimmy\Desktop\meta-bi\Samples\Demos\MetaOrchestrationHairballCliIntegration\Runs\hairball-seed-20260530\RunArtifacts\runs\20260603-193603_74360da14dd34e3a8b281efec21da86d\logs\Layer04Node06-28012.stdout.log; stdoutBytes=0; stdoutTruncated=False; stdoutDroppedBytes=0; stderr=C:\Users\jimmy\Desktop\meta-bi\Samples\Demos\MetaOrchestrationHairballCliIntegration\Runs\hairball-seed-20260530\RunArtifacts\runs\20260603-193603_74360da14dd34e3a8b281efec21da86d\logs\Layer04Node06-28012.stderr.log; stderrBytes=0; stderrTruncated=False; stderrDroppedBytes=0
2026-06-03T19:36:50.3934671+00:00	WorkerLogSummary	AuditHairball	stdout=C:\Users\jimmy\Desktop\meta-bi\Samples\Demos\MetaOrchestrationHairballCliIntegration\Runs\hairball-seed-20260530\RunArtifacts\runs\20260603-193603_74360da14dd34e3a8b281efec21da86d\logs\AuditHairball-27784.stdout.log; stdoutBytes=0; stdoutTruncated=False; stdoutDroppedBytes=0; stderr=C:\Users\jimmy\Desktop\meta-bi\Samples\Demos\MetaOrchestrationHairballCliIntegration\Runs\hairball-seed-20260530\RunArtifacts\runs\20260603-193603_74360da14dd34e3a8b281efec21da86d\logs\AuditHairball-27784.stderr.log; stderrBytes=0; stderrTruncated=False; stderrDroppedBytes=0
2026-06-03T19:36:50.3958415+00:00	WorkerLogSummary	Layer04Node09	stdout=C:\Users\jimmy\Desktop\meta-bi\Samples\Demos\MetaOrchestrationHairballCliIntegration\Runs\hairball-seed-20260530\RunArtifacts\runs\20260603-193603_74360da14dd34e3a8b281efec21da86d\logs\Layer04Node09-19788.stdout.log; stdoutBytes=0; stdoutTruncated=False; stdoutDroppedBytes=0; stderr=C:\Users\jimmy\Desktop\meta-bi\Samples\Demos\MetaOrchestrationHairballCliIntegration\Runs\hairball-seed-20260530\RunArtifacts\runs\20260603-193603_74360da14dd34e3a8b281efec21da86d\logs\Layer04Node09-19788.stderr.log; stderrBytes=0; stderrTruncated=False; stderrDroppedBytes=0
2026-06-03T19:36:50.3970970+00:00	WorkerLogSummary	Layer07Node02	stdout=C:\Users\jimmy\Desktop\meta-bi\Samples\Demos\MetaOrchestrationHairballCliIntegration\Runs\hairball-seed-20260530\RunArtifacts\runs\20260603-193603_74360da14dd34e3a8b281efec21da86d\logs\Layer07Node02-4008.stdout.log; stdoutBytes=0; stdoutTruncated=False; stdoutDroppedBytes=0; stderr=C:\Users\jimmy\Desktop\meta-bi\Samples\Demos\MetaOrchestrationHairballCliIntegration\Runs\hairball-seed-20260530\RunArtifacts\runs\20260603-193603_74360da14dd34e3a8b281efec21da86d\logs\Layer07Node02-4008.stderr.log; stderrBytes=0; stderrTruncated=False; stderrDroppedBytes=0
2026-06-03T19:36:50.3978327+00:00	WorkerLogSummary	BridgeL03L04	stdout=C:\Users\jimmy\Desktop\meta-bi\Samples\Demos\MetaOrchestrationHairballCliIntegration\Runs\hairball-seed-20260530\RunArtifacts\runs\20260603-193603_74360da14dd34e3a8b281efec21da86d\logs\BridgeL03L04-24584.stdout.log; stdoutBytes=0; stdoutTruncated=False; stdoutDroppedBytes=0; stderr=C:\Users\jimmy\Desktop\meta-bi\Samples\Demos\MetaOrchestrationHairballCliIntegration\Runs\hairball-seed-20260530\RunArtifacts\runs\20260603-193603_74360da14dd34e3a8b281efec21da86d\logs\BridgeL03L04-24584.stderr.log; stderrBytes=0; stderrTruncated=False; stderrDroppedBytes=0
2026-06-03T19:36:50.3982014+00:00	WorkerLogSummary	BridgeL07L08	stdout=C:\Users\jimmy\Desktop\meta-bi\Samples\Demos\MetaOrchestrationHairballCliIntegration\Runs\hairball-seed-20260530\RunArtifacts\runs\20260603-193603_74360da14dd34e3a8b281efec21da86d\logs\BridgeL07L08-28380.stdout.log; stdoutBytes=0; stdoutTruncated=False; stdoutDroppedBytes=0; stderr=C:\Users\jimmy\Desktop\meta-bi\Samples\Demos\MetaOrchestrationHairballCliIntegration\Runs\hairball-seed-20260530\RunArtifacts\runs\20260603-193603_74360da14dd34e3a8b281efec21da86d\logs\BridgeL07L08-28380.stderr.log; stderrBytes=0; stderrTruncated=False; stderrDroppedBytes=0
2026-06-03T19:36:50.3986219+00:00	WorkerLogSummary	Layer04Node07	stdout=C:\Users\jimmy\Desktop\meta-bi\Samples\Demos\MetaOrchestrationHairballCliIntegration\Runs\hairball-seed-20260530\RunArtifacts\runs\20260603-193603_74360da14dd34e3a8b281efec21da86d\logs\Layer04Node07-20324.stdout.log; stdoutBytes=0; stdoutTruncated=False; stdoutDroppedBytes=0; stderr=C:\Users\jimmy\Desktop\meta-bi\Samples\Demos\MetaOrchestrationHairballCliIntegration\Runs\hairball-seed-20260530\RunArtifacts\runs\20260603-193603_74360da14dd34e3a8b281efec21da86d\logs\Layer04Node07-20324.stderr.log; stderrBytes=0; stderrTruncated=False; stderrDroppedBytes=0
2026-06-03T19:36:50.3990038+00:00	WorkerLogSummary	CompositeMart	stdout=C:\Users\jimmy\Desktop\meta-bi\Samples\Demos\MetaOrchestrationHairballCliIntegration\Runs\hairball-seed-20260530\RunArtifacts\runs\20260603-193603_74360da14dd34e3a8b281efec21da86d\logs\CompositeMart-22716.stdout.log; stdoutBytes=0; stdoutTruncated=False; stdoutDroppedBytes=0; stderr=C:\Users\jimmy\Desktop\meta-bi\Samples\Demos\MetaOrchestrationHairballCliIntegration\Runs\hairball-seed-20260530\RunArtifacts\runs\20260603-193603_74360da14dd34e3a8b281efec21da86d\logs\CompositeMart-22716.stderr.log; stderrBytes=0; stderrTruncated=False; stderrDroppedBytes=0
2026-06-03T19:36:50.3994253+00:00	WorkerLogSummary	Layer04Hub	stdout=C:\Users\jimmy\Desktop\meta-bi\Samples\Demos\MetaOrchestrationHairballCliIntegration\Runs\hairball-seed-20260530\RunArtifacts\runs\20260603-193603_74360da14dd34e3a8b281efec21da86d\logs\Layer04Hub-22228.stdout.log; stdoutBytes=0; stdoutTruncated=False; stdoutDroppedBytes=0; stderr=C:\Users\jimmy\Desktop\meta-bi\Samples\Demos\MetaOrchestrationHairballCliIntegration\Runs\hairball-seed-20260530\RunArtifacts\runs\20260603-193603_74360da14dd34e3a8b281efec21da86d\logs\Layer04Hub-22228.stderr.log; stderrBytes=0; stderrTruncated=False; stderrDroppedBytes=0
2026-06-03T19:36:50.3998536+00:00	WorkerLogSummary	Layer06Node03	stdout=C:\Users\jimmy\Desktop\meta-bi\Samples\Demos\MetaOrchestrationHairballCliIntegration\Runs\hairball-seed-20260530\RunArtifacts\runs\20260603-193603_74360da14dd34e3a8b281efec21da86d\logs\Layer06Node03-18164.stdout.log; stdoutBytes=0; stdoutTruncated=False; stdoutDroppedBytes=0; stderr=C:\Users\jimmy\Desktop\meta-bi\Samples\Demos\MetaOrchestrationHairballCliIntegration\Runs\hairball-seed-20260530\RunArtifacts\runs\20260603-193603_74360da14dd34e3a8b281efec21da86d\logs\Layer06Node03-18164.stderr.log; stderrBytes=0; stderrTruncated=False; stderrDroppedBytes=0
2026-06-03T19:36:50.4003322+00:00	WorkerLogSummary	Layer04Node01	stdout=C:\Users\jimmy\Desktop\meta-bi\Samples\Demos\MetaOrchestrationHairballCliIntegration\Runs\hairball-seed-20260530\RunArtifacts\runs\20260603-193603_74360da14dd34e3a8b281efec21da86d\logs\Layer04Node01-23676.stdout.log; stdoutBytes=0; stdoutTruncated=False; stdoutDroppedBytes=0; stderr=C:\Users\jimmy\Desktop\meta-bi\Samples\Demos\MetaOrchestrationHairballCliIntegration\Runs\hairball-seed-20260530\RunArtifacts\runs\20260603-193603_74360da14dd34e3a8b281efec21da86d\logs\Layer04Node01-23676.stderr.log; stderrBytes=0; stderrTruncated=False; stderrDroppedBytes=0
2026-06-03T19:36:50.4007653+00:00	WorkerLogSummary	Layer04Node02	stdout=C:\Users\jimmy\Desktop\meta-bi\Samples\Demos\MetaOrchestrationHairballCliIntegration\Runs\hairball-seed-20260530\RunArtifacts\runs\20260603-193603_74360da14dd34e3a8b281efec21da86d\logs\Layer04Node02-12860.stdout.log; stdoutBytes=0; stdoutTruncated=False; stdoutDroppedBytes=0; stderr=C:\Users\jimmy\Desktop\meta-bi\Samples\Demos\MetaOrchestrationHairballCliIntegration\Runs\hairball-seed-20260530\RunArtifacts\runs\20260603-193603_74360da14dd34e3a8b281efec21da86d\logs\Layer04Node02-12860.stderr.log; stderrBytes=0; stderrTruncated=False; stderrDroppedBytes=0
2026-06-03T19:36:50.4012213+00:00	WorkerLogSummary	Layer04Node05	stdout=C:\Users\jimmy\Desktop\meta-bi\Samples\Demos\MetaOrchestrationHairballCliIntegration\Runs\hairball-seed-20260530\RunArtifacts\runs\20260603-193603_74360da14dd34e3a8b281efec21da86d\logs\Layer04Node05-24212.stdout.log; stdoutBytes=0; stdoutTruncated=False; stdoutDroppedBytes=0; stderr=C:\Users\jimmy\Desktop\meta-bi\Samples\Demos\MetaOrchestrationHairballCliIntegration\Runs\hairball-seed-20260530\RunArtifacts\runs\20260603-193603_74360da14dd34e3a8b281efec21da86d\logs\Layer04Node05-24212.stderr.log; stderrBytes=0; stderrTruncated=False; stderrDroppedBytes=0
2026-06-03T19:36:50.4017455+00:00	WorkerLogSummary	Layer04Node08	stdout=C:\Users\jimmy\Desktop\meta-bi\Samples\Demos\MetaOrchestrationHairballCliIntegration\Runs\hairball-seed-20260530\RunArtifacts\runs\20260603-193603_74360da14dd34e3a8b281efec21da86d\logs\Layer04Node08-408.stdout.log; stdoutBytes=0; stdoutTruncated=False; stdoutDroppedBytes=0; stderr=C:\Users\jimmy\Desktop\meta-bi\Samples\Demos\MetaOrchestrationHairballCliIntegration\Runs\hairball-seed-20260530\RunArtifacts\runs\20260603-193603_74360da14dd34e3a8b281efec21da86d\logs\Layer04Node08-408.stderr.log; stderrBytes=0; stderrTruncated=False; stderrDroppedBytes=0
2026-06-03T19:36:50.4021039+00:00	WorkerLogSummary	Layer05Node03	stdout=C:\Users\jimmy\Desktop\meta-bi\Samples\Demos\MetaOrchestrationHairballCliIntegration\Runs\hairball-seed-20260530\RunArtifacts\runs\20260603-193603_74360da14dd34e3a8b281efec21da86d\logs\Layer05Node03-23592.stdout.log; stdoutBytes=0; stdoutTruncated=False; stdoutDroppedBytes=0; stderr=C:\Users\jimmy\Desktop\meta-bi\Samples\Demos\MetaOrchestrationHairballCliIntegration\Runs\hairball-seed-20260530\RunArtifacts\runs\20260603-193603_74360da14dd34e3a8b281efec21da86d\logs\Layer05Node03-23592.stderr.log; stderrBytes=0; stderrTruncated=False; stderrDroppedBytes=0
2026-06-03T19:36:50.4024319+00:00	WorkerLogSummary	Layer07Node07	stdout=C:\Users\jimmy\Desktop\meta-bi\Samples\Demos\MetaOrchestrationHairballCliIntegration\Runs\hairball-seed-20260530\RunArtifacts\runs\20260603-193603_74360da14dd34e3a8b281efec21da86d\logs\Layer07Node07-27804.stdout.log; stdoutBytes=0; stdoutTruncated=False; stdoutDroppedBytes=0; stderr=C:\Users\jimmy\Desktop\meta-bi\Samples\Demos\MetaOrchestrationHairballCliIntegration\Runs\hairball-seed-20260530\RunArtifacts\runs\20260603-193603_74360da14dd34e3a8b281efec21da86d\logs\Layer07Node07-27804.stderr.log; stderrBytes=0; stderrTruncated=False; stderrDroppedBytes=0
2026-06-03T19:36:50.4028607+00:00	WorkerLogSummary	Layer05Node02	stdout=C:\Users\jimmy\Desktop\meta-bi\Samples\Demos\MetaOrchestrationHairballCliIntegration\Runs\hairball-seed-20260530\RunArtifacts\runs\20260603-193603_74360da14dd34e3a8b281efec21da86d\logs\Layer05Node02-31192.stdout.log; stdoutBytes=0; stdoutTruncated=False; stdoutDroppedBytes=0; stderr=C:\Users\jimmy\Desktop\meta-bi\Samples\Demos\MetaOrchestrationHairballCliIntegration\Runs\hairball-seed-20260530\RunArtifacts\runs\20260603-193603_74360da14dd34e3a8b281efec21da86d\logs\Layer05Node02-31192.stderr.log; stderrBytes=0; stderrTruncated=False; stderrDroppedBytes=0
2026-06-03T19:36:50.4033411+00:00	WorkerLogSummary	AuditHairball	stdout=C:\Users\jimmy\Desktop\meta-bi\Samples\Demos\MetaOrchestrationHairballCliIntegration\Runs\hairball-seed-20260530\RunArtifacts\runs\20260603-193603_74360da14dd34e3a8b281efec21da86d\logs\AuditHairball-28156.stdout.log; stdoutBytes=0; stdoutTruncated=False; stdoutDroppedBytes=0; stderr=C:\Users\jimmy\Desktop\meta-bi\Samples\Demos\MetaOrchestrationHairballCliIntegration\Runs\hairball-seed-20260530\RunArtifacts\runs\20260603-193603_74360da14dd34e3a8b281efec21da86d\logs\AuditHairball-28156.stderr.log; stderrBytes=0; stderrTruncated=False; stderrDroppedBytes=0
2026-06-03T19:36:50.4038005+00:00	WorkerLogSummary	BridgeL03L04	stdout=C:\Users\jimmy\Desktop\meta-bi\Samples\Demos\MetaOrchestrationHairballCliIntegration\Runs\hairball-seed-20260530\RunArtifacts\runs\20260603-193603_74360da14dd34e3a8b281efec21da86d\logs\BridgeL03L04-17840.stdout.log; stdoutBytes=0; stdoutTruncated=False; stdoutDroppedBytes=0; stderr=C:\Users\jimmy\Desktop\meta-bi\Samples\Demos\MetaOrchestrationHairballCliIntegration\Runs\hairball-seed-20260530\RunArtifacts\runs\20260603-193603_74360da14dd34e3a8b281efec21da86d\logs\BridgeL03L04-17840.stderr.log; stderrBytes=0; stderrTruncated=False; stderrDroppedBytes=0
2026-06-03T19:36:50.4042841+00:00	WorkerLogSummary	BridgeL05L06	stdout=C:\Users\jimmy\Desktop\meta-bi\Samples\Demos\MetaOrchestrationHairballCliIntegration\Runs\hairball-seed-20260530\RunArtifacts\runs\20260603-193603_74360da14dd34e3a8b281efec21da86d\logs\BridgeL05L06-21656.stdout.log; stdoutBytes=0; stdoutTruncated=False; stdoutDroppedBytes=0; stderr=C:\Users\jimmy\Desktop\meta-bi\Samples\Demos\MetaOrchestrationHairballCliIntegration\Runs\hairball-seed-20260530\RunArtifacts\runs\20260603-193603_74360da14dd34e3a8b281efec21da86d\logs\BridgeL05L06-21656.stderr.log; stderrBytes=0; stderrTruncated=False; stderrDroppedBytes=0
2026-06-03T19:36:50.4047186+00:00	WorkerLogSummary	Layer05Node07	stdout=C:\Users\jimmy\Desktop\meta-bi\Samples\Demos\MetaOrchestrationHairballCliIntegration\Runs\hairball-seed-20260530\RunArtifacts\runs\20260603-193603_74360da14dd34e3a8b281efec21da86d\logs\Layer05Node07-17116.stdout.log; stdoutBytes=0; stdoutTruncated=False; stdoutDroppedBytes=0; stderr=C:\Users\jimmy\Desktop\meta-bi\Samples\Demos\MetaOrchestrationHairballCliIntegration\Runs\hairball-seed-20260530\RunArtifacts\runs\20260603-193603_74360da14dd34e3a8b281efec21da86d\logs\Layer05Node07-17116.stderr.log; stderrBytes=0; stderrTruncated=False; stderrDroppedBytes=0
2026-06-03T19:36:50.4050590+00:00	WorkerLogSummary	BridgeL07L08	stdout=C:\Users\jimmy\Desktop\meta-bi\Samples\Demos\MetaOrchestrationHairballCliIntegration\Runs\hairball-seed-20260530\RunArtifacts\runs\20260603-193603_74360da14dd34e3a8b281efec21da86d\logs\BridgeL07L08-8052.stdout.log; stdoutBytes=0; stdoutTruncated=False; stdoutDroppedBytes=0; stderr=C:\Users\jimmy\Desktop\meta-bi\Samples\Demos\MetaOrchestrationHairballCliIntegration\Runs\hairball-seed-20260530\RunArtifacts\runs\20260603-193603_74360da14dd34e3a8b281efec21da86d\logs\BridgeL07L08-8052.stderr.log; stderrBytes=0; stderrTruncated=False; stderrDroppedBytes=0
2026-06-03T19:36:50.4054322+00:00	WorkerLogSummary	Layer07Node04	stdout=C:\Users\jimmy\Desktop\meta-bi\Samples\Demos\MetaOrchestrationHairballCliIntegration\Runs\hairball-seed-20260530\RunArtifacts\runs\20260603-193603_74360da14dd34e3a8b281efec21da86d\logs\Layer07Node04-19848.stdout.log; stdoutBytes=0; stdoutTruncated=False; stdoutDroppedBytes=0; stderr=C:\Users\jimmy\Desktop\meta-bi\Samples\Demos\MetaOrchestrationHairballCliIntegration\Runs\hairball-seed-20260530\RunArtifacts\runs\20260603-193603_74360da14dd34e3a8b281efec21da86d\logs\Layer07Node04-19848.stderr.log; stderrBytes=0; stderrTruncated=False; stderrDroppedBytes=0
2026-06-03T19:36:50.4059056+00:00	WorkerLogSummary	CompositeMart	stdout=C:\Users\jimmy\Desktop\meta-bi\Samples\Demos\MetaOrchestrationHairballCliIntegration\Runs\hairball-seed-20260530\RunArtifacts\runs\20260603-193603_74360da14dd34e3a8b281efec21da86d\logs\CompositeMart-25660.stdout.log; stdoutBytes=0; stdoutTruncated=False; stdoutDroppedBytes=0; stderr=C:\Users\jimmy\Desktop\meta-bi\Samples\Demos\MetaOrchestrationHairballCliIntegration\Runs\hairball-seed-20260530\RunArtifacts\runs\20260603-193603_74360da14dd34e3a8b281efec21da86d\logs\CompositeMart-25660.stderr.log; stderrBytes=0; stderrTruncated=False; stderrDroppedBytes=0
2026-06-03T19:36:50.4063756+00:00	WorkerLogSummary	Layer06Node04	stdout=C:\Users\jimmy\Desktop\meta-bi\Samples\Demos\MetaOrchestrationHairballCliIntegration\Runs\hairball-seed-20260530\RunArtifacts\runs\20260603-193603_74360da14dd34e3a8b281efec21da86d\logs\Layer06Node04-6244.stdout.log; stdoutBytes=0; stdoutTruncated=False; stdoutDroppedBytes=0; stderr=C:\Users\jimmy\Desktop\meta-bi\Samples\Demos\MetaOrchestrationHairballCliIntegration\Runs\hairball-seed-20260530\RunArtifacts\runs\20260603-193603_74360da14dd34e3a8b281efec21da86d\logs\Layer06Node04-6244.stderr.log; stderrBytes=0; stderrTruncated=False; stderrDroppedBytes=0
2026-06-03T19:36:50.4066632+00:00	WorkerLogSummary	Layer05Hub	stdout=C:\Users\jimmy\Desktop\meta-bi\Samples\Demos\MetaOrchestrationHairballCliIntegration\Runs\hairball-seed-20260530\RunArtifacts\runs\20260603-193603_74360da14dd34e3a8b281efec21da86d\logs\Layer05Hub-3288.stdout.log; stdoutBytes=0; stdoutTruncated=False; stdoutDroppedBytes=0; stderr=C:\Users\jimmy\Desktop\meta-bi\Samples\Demos\MetaOrchestrationHairballCliIntegration\Runs\hairball-seed-20260530\RunArtifacts\runs\20260603-193603_74360da14dd34e3a8b281efec21da86d\logs\Layer05Hub-3288.stderr.log; stderrBytes=0; stderrTruncated=False; stderrDroppedBytes=0
2026-06-03T19:36:50.4072222+00:00	WorkerLogSummary	Layer08Node05	stdout=C:\Users\jimmy\Desktop\meta-bi\Samples\Demos\MetaOrchestrationHairballCliIntegration\Runs\hairball-seed-20260530\RunArtifacts\runs\20260603-193603_74360da14dd34e3a8b281efec21da86d\logs\Layer08Node05-28724.stdout.log; stdoutBytes=0; stdoutTruncated=False; stdoutDroppedBytes=0; stderr=C:\Users\jimmy\Desktop\meta-bi\Samples\Demos\MetaOrchestrationHairballCliIntegration\Runs\hairball-seed-20260530\RunArtifacts\runs\20260603-193603_74360da14dd34e3a8b281efec21da86d\logs\Layer08Node05-28724.stderr.log; stderrBytes=0; stderrTruncated=False; stderrDroppedBytes=0
2026-06-03T19:36:50.4076154+00:00	WorkerLogSummary	Layer05Node01	stdout=C:\Users\jimmy\Desktop\meta-bi\Samples\Demos\MetaOrchestrationHairballCliIntegration\Runs\hairball-seed-20260530\RunArtifacts\runs\20260603-193603_74360da14dd34e3a8b281efec21da86d\logs\Layer05Node01-10320.stdout.log; stdoutBytes=0; stdoutTruncated=False; stdoutDroppedBytes=0; stderr=C:\Users\jimmy\Desktop\meta-bi\Samples\Demos\MetaOrchestrationHairballCliIntegration\Runs\hairball-seed-20260530\RunArtifacts\runs\20260603-193603_74360da14dd34e3a8b281efec21da86d\logs\Layer05Node01-10320.stderr.log; stderrBytes=0; stderrTruncated=False; stderrDroppedBytes=0
2026-06-03T19:36:50.4080199+00:00	WorkerLogSummary	Layer07Node08	stdout=C:\Users\jimmy\Desktop\meta-bi\Samples\Demos\MetaOrchestrationHairballCliIntegration\Runs\hairball-seed-20260530\RunArtifacts\runs\20260603-193603_74360da14dd34e3a8b281efec21da86d\logs\Layer07Node08-3780.stdout.log; stdoutBytes=0; stdoutTruncated=False; stdoutDroppedBytes=0; stderr=C:\Users\jimmy\Desktop\meta-bi\Samples\Demos\MetaOrchestrationHairballCliIntegration\Runs\hairball-seed-20260530\RunArtifacts\runs\20260603-193603_74360da14dd34e3a8b281efec21da86d\logs\Layer07Node08-3780.stderr.log; stderrBytes=0; stderrTruncated=False; stderrDroppedBytes=0
2026-06-03T19:36:50.4083719+00:00	WorkerLogSummary	Layer06Node01	stdout=C:\Users\jimmy\Desktop\meta-bi\Samples\Demos\MetaOrchestrationHairballCliIntegration\Runs\hairball-seed-20260530\RunArtifacts\runs\20260603-193603_74360da14dd34e3a8b281efec21da86d\logs\Layer06Node01-14892.stdout.log; stdoutBytes=0; stdoutTruncated=False; stdoutDroppedBytes=0; stderr=C:\Users\jimmy\Desktop\meta-bi\Samples\Demos\MetaOrchestrationHairballCliIntegration\Runs\hairball-seed-20260530\RunArtifacts\runs\20260603-193603_74360da14dd34e3a8b281efec21da86d\logs\Layer06Node01-14892.stderr.log; stderrBytes=0; stderrTruncated=False; stderrDroppedBytes=0
2026-06-03T19:36:50.4088560+00:00	WorkerLogSummary	Layer06Node07	stdout=C:\Users\jimmy\Desktop\meta-bi\Samples\Demos\MetaOrchestrationHairballCliIntegration\Runs\hairball-seed-20260530\RunArtifacts\runs\20260603-193603_74360da14dd34e3a8b281efec21da86d\logs\Layer06Node07-9444.stdout.log; stdoutBytes=0; stdoutTruncated=False; stdoutDroppedBytes=0; stderr=C:\Users\jimmy\Desktop\meta-bi\Samples\Demos\MetaOrchestrationHairballCliIntegration\Runs\hairball-seed-20260530\RunArtifacts\runs\20260603-193603_74360da14dd34e3a8b281efec21da86d\logs\Layer06Node07-9444.stderr.log; stderrBytes=0; stderrTruncated=False; stderrDroppedBytes=0
2026-06-03T19:36:50.4093991+00:00	WorkerLogSummary	Layer06Node10	stdout=C:\Users\jimmy\Desktop\meta-bi\Samples\Demos\MetaOrchestrationHairballCliIntegration\Runs\hairball-seed-20260530\RunArtifacts\runs\20260603-193603_74360da14dd34e3a8b281efec21da86d\logs\Layer06Node10-20160.stdout.log; stdoutBytes=0; stdoutTruncated=False; stdoutDroppedBytes=0; stderr=C:\Users\jimmy\Desktop\meta-bi\Samples\Demos\MetaOrchestrationHairballCliIntegration\Runs\hairball-seed-20260530\RunArtifacts\runs\20260603-193603_74360da14dd34e3a8b281efec21da86d\logs\Layer06Node10-20160.stderr.log; stderrBytes=0; stderrTruncated=False; stderrDroppedBytes=0
2026-06-03T19:36:50.4099344+00:00	WorkerLogSummary	Layer05Node05	stdout=C:\Users\jimmy\Desktop\meta-bi\Samples\Demos\MetaOrchestrationHairballCliIntegration\Runs\hairball-seed-20260530\RunArtifacts\runs\20260603-193603_74360da14dd34e3a8b281efec21da86d\logs\Layer05Node05-25268.stdout.log; stdoutBytes=0; stdoutTruncated=False; stdoutDroppedBytes=0; stderr=C:\Users\jimmy\Desktop\meta-bi\Samples\Demos\MetaOrchestrationHairballCliIntegration\Runs\hairball-seed-20260530\RunArtifacts\runs\20260603-193603_74360da14dd34e3a8b281efec21da86d\logs\Layer05Node05-25268.stderr.log; stderrBytes=0; stderrTruncated=False; stderrDroppedBytes=0
2026-06-03T19:36:50.4104611+00:00	WorkerLogSummary	Layer05Node04	stdout=C:\Users\jimmy\Desktop\meta-bi\Samples\Demos\MetaOrchestrationHairballCliIntegration\Runs\hairball-seed-20260530\RunArtifacts\runs\20260603-193603_74360da14dd34e3a8b281efec21da86d\logs\Layer05Node04-23116.stdout.log; stdoutBytes=0; stdoutTruncated=False; stdoutDroppedBytes=0; stderr=C:\Users\jimmy\Desktop\meta-bi\Samples\Demos\MetaOrchestrationHairballCliIntegration\Runs\hairball-seed-20260530\RunArtifacts\runs\20260603-193603_74360da14dd34e3a8b281efec21da86d\logs\Layer05Node04-23116.stderr.log; stderrBytes=0; stderrTruncated=False; stderrDroppedBytes=0
2026-06-03T19:36:50.4108445+00:00	WorkerLogSummary	Layer08Node06	stdout=C:\Users\jimmy\Desktop\meta-bi\Samples\Demos\MetaOrchestrationHairballCliIntegration\Runs\hairball-seed-20260530\RunArtifacts\runs\20260603-193603_74360da14dd34e3a8b281efec21da86d\logs\Layer08Node06-19800.stdout.log; stdoutBytes=0; stdoutTruncated=False; stdoutDroppedBytes=0; stderr=C:\Users\jimmy\Desktop\meta-bi\Samples\Demos\MetaOrchestrationHairballCliIntegration\Runs\hairball-seed-20260530\RunArtifacts\runs\20260603-193603_74360da14dd34e3a8b281efec21da86d\logs\Layer08Node06-19800.stderr.log; stderrBytes=0; stderrTruncated=False; stderrDroppedBytes=0
2026-06-03T19:36:50.4113772+00:00	WorkerLogSummary	Layer06Node05	stdout=C:\Users\jimmy\Desktop\meta-bi\Samples\Demos\MetaOrchestrationHairballCliIntegration\Runs\hairball-seed-20260530\RunArtifacts\runs\20260603-193603_74360da14dd34e3a8b281efec21da86d\logs\Layer06Node05-30828.stdout.log; stdoutBytes=0; stdoutTruncated=False; stdoutDroppedBytes=0; stderr=C:\Users\jimmy\Desktop\meta-bi\Samples\Demos\MetaOrchestrationHairballCliIntegration\Runs\hairball-seed-20260530\RunArtifacts\runs\20260603-193603_74360da14dd34e3a8b281efec21da86d\logs\Layer06Node05-30828.stderr.log; stderrBytes=0; stderrTruncated=False; stderrDroppedBytes=0
2026-06-03T19:36:50.4116682+00:00	WorkerLogSummary	AuditHairball	stdout=C:\Users\jimmy\Desktop\meta-bi\Samples\Demos\MetaOrchestrationHairballCliIntegration\Runs\hairball-seed-20260530\RunArtifacts\runs\20260603-193603_74360da14dd34e3a8b281efec21da86d\logs\AuditHairball-21764.stdout.log; stdoutBytes=0; stdoutTruncated=False; stdoutDroppedBytes=0; stderr=C:\Users\jimmy\Desktop\meta-bi\Samples\Demos\MetaOrchestrationHairballCliIntegration\Runs\hairball-seed-20260530\RunArtifacts\runs\20260603-193603_74360da14dd34e3a8b281efec21da86d\logs\AuditHairball-21764.stderr.log; stderrBytes=0; stderrTruncated=False; stderrDroppedBytes=0
2026-06-03T19:36:50.4120448+00:00	WorkerLogSummary	BridgeL05L06	stdout=C:\Users\jimmy\Desktop\meta-bi\Samples\Demos\MetaOrchestrationHairballCliIntegration\Runs\hairball-seed-20260530\RunArtifacts\runs\20260603-193603_74360da14dd34e3a8b281efec21da86d\logs\BridgeL05L06-27636.stdout.log; stdoutBytes=0; stdoutTruncated=False; stdoutDroppedBytes=0; stderr=C:\Users\jimmy\Desktop\meta-bi\Samples\Demos\MetaOrchestrationHairballCliIntegration\Runs\hairball-seed-20260530\RunArtifacts\runs\20260603-193603_74360da14dd34e3a8b281efec21da86d\logs\BridgeL05L06-27636.stderr.log; stderrBytes=0; stderrTruncated=False; stderrDroppedBytes=0
2026-06-03T19:36:50.4124647+00:00	WorkerLogSummary	Layer05Node06	stdout=C:\Users\jimmy\Desktop\meta-bi\Samples\Demos\MetaOrchestrationHairballCliIntegration\Runs\hairball-seed-20260530\RunArtifacts\runs\20260603-193603_74360da14dd34e3a8b281efec21da86d\logs\Layer05Node06-12672.stdout.log; stdoutBytes=0; stdoutTruncated=False; stdoutDroppedBytes=0; stderr=C:\Users\jimmy\Desktop\meta-bi\Samples\Demos\MetaOrchestrationHairballCliIntegration\Runs\hairball-seed-20260530\RunArtifacts\runs\20260603-193603_74360da14dd34e3a8b281efec21da86d\logs\Layer05Node06-12672.stderr.log; stderrBytes=0; stderrTruncated=False; stderrDroppedBytes=0
2026-06-03T19:36:50.4130180+00:00	WorkerLogSummary	BridgeL07L08	stdout=C:\Users\jimmy\Desktop\meta-bi\Samples\Demos\MetaOrchestrationHairballCliIntegration\Runs\hairball-seed-20260530\RunArtifacts\runs\20260603-193603_74360da14dd34e3a8b281efec21da86d\logs\BridgeL07L08-27072.stdout.log; stdoutBytes=0; stdoutTruncated=False; stdoutDroppedBytes=0; stderr=C:\Users\jimmy\Desktop\meta-bi\Samples\Demos\MetaOrchestrationHairballCliIntegration\Runs\hairball-seed-20260530\RunArtifacts\runs\20260603-193603_74360da14dd34e3a8b281efec21da86d\logs\BridgeL07L08-27072.stderr.log; stderrBytes=0; stderrTruncated=False; stderrDroppedBytes=0
2026-06-03T19:36:50.4133776+00:00	WorkerLogSummary	CompositeMart	stdout=C:\Users\jimmy\Desktop\meta-bi\Samples\Demos\MetaOrchestrationHairballCliIntegration\Runs\hairball-seed-20260530\RunArtifacts\runs\20260603-193603_74360da14dd34e3a8b281efec21da86d\logs\CompositeMart-26748.stdout.log; stdoutBytes=0; stdoutTruncated=False; stdoutDroppedBytes=0; stderr=C:\Users\jimmy\Desktop\meta-bi\Samples\Demos\MetaOrchestrationHairballCliIntegration\Runs\hairball-seed-20260530\RunArtifacts\runs\20260603-193603_74360da14dd34e3a8b281efec21da86d\logs\CompositeMart-26748.stderr.log; stderrBytes=0; stderrTruncated=False; stderrDroppedBytes=0
2026-06-03T19:36:50.4137568+00:00	WorkerLogSummary	Layer07Node05	stdout=C:\Users\jimmy\Desktop\meta-bi\Samples\Demos\MetaOrchestrationHairballCliIntegration\Runs\hairball-seed-20260530\RunArtifacts\runs\20260603-193603_74360da14dd34e3a8b281efec21da86d\logs\Layer07Node05-31260.stdout.log; stdoutBytes=0; stdoutTruncated=False; stdoutDroppedBytes=0; stderr=C:\Users\jimmy\Desktop\meta-bi\Samples\Demos\MetaOrchestrationHairballCliIntegration\Runs\hairball-seed-20260530\RunArtifacts\runs\20260603-193603_74360da14dd34e3a8b281efec21da86d\logs\Layer07Node05-31260.stderr.log; stderrBytes=0; stderrTruncated=False; stderrDroppedBytes=0
2026-06-03T19:36:50.4140921+00:00	WorkerLogSummary	Layer06Node08	stdout=C:\Users\jimmy\Desktop\meta-bi\Samples\Demos\MetaOrchestrationHairballCliIntegration\Runs\hairball-seed-20260530\RunArtifacts\runs\20260603-193603_74360da14dd34e3a8b281efec21da86d\logs\Layer06Node08-21976.stdout.log; stdoutBytes=0; stdoutTruncated=False; stdoutDroppedBytes=0; stderr=C:\Users\jimmy\Desktop\meta-bi\Samples\Demos\MetaOrchestrationHairballCliIntegration\Runs\hairball-seed-20260530\RunArtifacts\runs\20260603-193603_74360da14dd34e3a8b281efec21da86d\logs\Layer06Node08-21976.stderr.log; stderrBytes=0; stderrTruncated=False; stderrDroppedBytes=0
2026-06-03T19:36:50.4146137+00:00	WorkerLogSummary	Layer05Node08	stdout=C:\Users\jimmy\Desktop\meta-bi\Samples\Demos\MetaOrchestrationHairballCliIntegration\Runs\hairball-seed-20260530\RunArtifacts\runs\20260603-193603_74360da14dd34e3a8b281efec21da86d\logs\Layer05Node08-29264.stdout.log; stdoutBytes=0; stdoutTruncated=False; stdoutDroppedBytes=0; stderr=C:\Users\jimmy\Desktop\meta-bi\Samples\Demos\MetaOrchestrationHairballCliIntegration\Runs\hairball-seed-20260530\RunArtifacts\runs\20260603-193603_74360da14dd34e3a8b281efec21da86d\logs\Layer05Node08-29264.stderr.log; stderrBytes=0; stderrTruncated=False; stderrDroppedBytes=0
2026-06-03T19:36:50.4149681+00:00	WorkerLogSummary	Layer05Hub	stdout=C:\Users\jimmy\Desktop\meta-bi\Samples\Demos\MetaOrchestrationHairballCliIntegration\Runs\hairball-seed-20260530\RunArtifacts\runs\20260603-193603_74360da14dd34e3a8b281efec21da86d\logs\Layer05Hub-22828.stdout.log; stdoutBytes=0; stdoutTruncated=False; stdoutDroppedBytes=0; stderr=C:\Users\jimmy\Desktop\meta-bi\Samples\Demos\MetaOrchestrationHairballCliIntegration\Runs\hairball-seed-20260530\RunArtifacts\runs\20260603-193603_74360da14dd34e3a8b281efec21da86d\logs\Layer05Hub-22828.stderr.log; stderrBytes=0; stderrTruncated=False; stderrDroppedBytes=0
2026-06-03T19:36:50.4153957+00:00	WorkerLogSummary	Layer06Hub	stdout=C:\Users\jimmy\Desktop\meta-bi\Samples\Demos\MetaOrchestrationHairballCliIntegration\Runs\hairball-seed-20260530\RunArtifacts\runs\20260603-193603_74360da14dd34e3a8b281efec21da86d\logs\Layer06Hub-26436.stdout.log; stdoutBytes=0; stdoutTruncated=False; stdoutDroppedBytes=0; stderr=C:\Users\jimmy\Desktop\meta-bi\Samples\Demos\MetaOrchestrationHairballCliIntegration\Runs\hairball-seed-20260530\RunArtifacts\runs\20260603-193603_74360da14dd34e3a8b281efec21da86d\logs\Layer06Hub-26436.stderr.log; stderrBytes=0; stderrTruncated=False; stderrDroppedBytes=0
2026-06-03T19:36:50.4157581+00:00	WorkerLogSummary	Layer07Hub	stdout=C:\Users\jimmy\Desktop\meta-bi\Samples\Demos\MetaOrchestrationHairballCliIntegration\Runs\hairball-seed-20260530\RunArtifacts\runs\20260603-193603_74360da14dd34e3a8b281efec21da86d\logs\Layer07Hub-17592.stdout.log; stdoutBytes=0; stdoutTruncated=False; stdoutDroppedBytes=0; stderr=C:\Users\jimmy\Desktop\meta-bi\Samples\Demos\MetaOrchestrationHairballCliIntegration\Runs\hairball-seed-20260530\RunArtifacts\runs\20260603-193603_74360da14dd34e3a8b281efec21da86d\logs\Layer07Hub-17592.stderr.log; stderrBytes=0; stderrTruncated=False; stderrDroppedBytes=0
2026-06-03T19:36:50.4161374+00:00	WorkerLogSummary	Layer07Node01	stdout=C:\Users\jimmy\Desktop\meta-bi\Samples\Demos\MetaOrchestrationHairballCliIntegration\Runs\hairball-seed-20260530\RunArtifacts\runs\20260603-193603_74360da14dd34e3a8b281efec21da86d\logs\Layer07Node01-16580.stdout.log; stdoutBytes=0; stdoutTruncated=False; stdoutDroppedBytes=0; stderr=C:\Users\jimmy\Desktop\meta-bi\Samples\Demos\MetaOrchestrationHairballCliIntegration\Runs\hairball-seed-20260530\RunArtifacts\runs\20260603-193603_74360da14dd34e3a8b281efec21da86d\logs\Layer07Node01-16580.stderr.log; stderrBytes=0; stderrTruncated=False; stderrDroppedBytes=0
2026-06-03T19:36:50.4164297+00:00	WorkerLogSummary	Layer07Node03	stdout=C:\Users\jimmy\Desktop\meta-bi\Samples\Demos\MetaOrchestrationHairballCliIntegration\Runs\hairball-seed-20260530\RunArtifacts\runs\20260603-193603_74360da14dd34e3a8b281efec21da86d\logs\Layer07Node03-21872.stdout.log; stdoutBytes=0; stdoutTruncated=False; stdoutDroppedBytes=0; stderr=C:\Users\jimmy\Desktop\meta-bi\Samples\Demos\MetaOrchestrationHairballCliIntegration\Runs\hairball-seed-20260530\RunArtifacts\runs\20260603-193603_74360da14dd34e3a8b281efec21da86d\logs\Layer07Node03-21872.stderr.log; stderrBytes=0; stderrTruncated=False; stderrDroppedBytes=0
2026-06-03T19:36:50.4168058+00:00	WorkerLogSummary	Layer07Node06	stdout=C:\Users\jimmy\Desktop\meta-bi\Samples\Demos\MetaOrchestrationHairballCliIntegration\Runs\hairball-seed-20260530\RunArtifacts\runs\20260603-193603_74360da14dd34e3a8b281efec21da86d\logs\Layer07Node06-21736.stdout.log; stdoutBytes=0; stdoutTruncated=False; stdoutDroppedBytes=0; stderr=C:\Users\jimmy\Desktop\meta-bi\Samples\Demos\MetaOrchestrationHairballCliIntegration\Runs\hairball-seed-20260530\RunArtifacts\runs\20260603-193603_74360da14dd34e3a8b281efec21da86d\logs\Layer07Node06-21736.stderr.log; stderrBytes=0; stderrTruncated=False; stderrDroppedBytes=0
2026-06-03T19:36:50.4172115+00:00	WorkerLogSummary	Layer08Hub	stdout=C:\Users\jimmy\Desktop\meta-bi\Samples\Demos\MetaOrchestrationHairballCliIntegration\Runs\hairball-seed-20260530\RunArtifacts\runs\20260603-193603_74360da14dd34e3a8b281efec21da86d\logs\Layer08Hub-28400.stdout.log; stdoutBytes=0; stdoutTruncated=False; stdoutDroppedBytes=0; stderr=C:\Users\jimmy\Desktop\meta-bi\Samples\Demos\MetaOrchestrationHairballCliIntegration\Runs\hairball-seed-20260530\RunArtifacts\runs\20260603-193603_74360da14dd34e3a8b281efec21da86d\logs\Layer08Hub-28400.stderr.log; stderrBytes=0; stderrTruncated=False; stderrDroppedBytes=0
2026-06-03T19:36:50.4175754+00:00	WorkerLogSummary	Layer08Node01	stdout=C:\Users\jimmy\Desktop\meta-bi\Samples\Demos\MetaOrchestrationHairballCliIntegration\Runs\hairball-seed-20260530\RunArtifacts\runs\20260603-193603_74360da14dd34e3a8b281efec21da86d\logs\Layer08Node01-17064.stdout.log; stdoutBytes=0; stdoutTruncated=False; stdoutDroppedBytes=0; stderr=C:\Users\jimmy\Desktop\meta-bi\Samples\Demos\MetaOrchestrationHairballCliIntegration\Runs\hairball-seed-20260530\RunArtifacts\runs\20260603-193603_74360da14dd34e3a8b281efec21da86d\logs\Layer08Node01-17064.stderr.log; stderrBytes=0; stderrTruncated=False; stderrDroppedBytes=0
2026-06-03T19:36:50.4179633+00:00	WorkerLogSummary	Layer08Node02	stdout=C:\Users\jimmy\Desktop\meta-bi\Samples\Demos\MetaOrchestrationHairballCliIntegration\Runs\hairball-seed-20260530\RunArtifacts\runs\20260603-193603_74360da14dd34e3a8b281efec21da86d\logs\Layer08Node02-5200.stdout.log; stdoutBytes=0; stdoutTruncated=False; stdoutDroppedBytes=0; stderr=C:\Users\jimmy\Desktop\meta-bi\Samples\Demos\MetaOrchestrationHairballCliIntegration\Runs\hairball-seed-20260530\RunArtifacts\runs\20260603-193603_74360da14dd34e3a8b281efec21da86d\logs\Layer08Node02-5200.stderr.log; stderrBytes=0; stderrTruncated=False; stderrDroppedBytes=0
2026-06-03T19:36:50.4183474+00:00	WorkerLogSummary	RegionalMart02	stdout=C:\Users\jimmy\Desktop\meta-bi\Samples\Demos\MetaOrchestrationHairballCliIntegration\Runs\hairball-seed-20260530\RunArtifacts\runs\20260603-193603_74360da14dd34e3a8b281efec21da86d\logs\RegionalMart02-30188.stdout.log; stdoutBytes=0; stdoutTruncated=False; stdoutDroppedBytes=0; stderr=C:\Users\jimmy\Desktop\meta-bi\Samples\Demos\MetaOrchestrationHairballCliIntegration\Runs\hairball-seed-20260530\RunArtifacts\runs\20260603-193603_74360da14dd34e3a8b281efec21da86d\logs\RegionalMart02-30188.stderr.log; stderrBytes=0; stderrTruncated=False; stderrDroppedBytes=0
2026-06-03T19:36:50.4186458+00:00	WorkerLogSummary	AuditHairball	stdout=C:\Users\jimmy\Desktop\meta-bi\Samples\Demos\MetaOrchestrationHairballCliIntegration\Runs\hairball-seed-20260530\RunArtifacts\runs\20260603-193603_74360da14dd34e3a8b281efec21da86d\logs\AuditHairball-29392.stdout.log; stdoutBytes=0; stdoutTruncated=False; stdoutDroppedBytes=0; stderr=C:\Users\jimmy\Desktop\meta-bi\Samples\Demos\MetaOrchestrationHairballCliIntegration\Runs\hairball-seed-20260530\RunArtifacts\runs\20260603-193603_74360da14dd34e3a8b281efec21da86d\logs\AuditHairball-29392.stderr.log; stderrBytes=0; stderrTruncated=False; stderrDroppedBytes=0
2026-06-03T19:36:50.4190809+00:00	WorkerLogSummary	Layer08Node03	stdout=C:\Users\jimmy\Desktop\meta-bi\Samples\Demos\MetaOrchestrationHairballCliIntegration\Runs\hairball-seed-20260530\RunArtifacts\runs\20260603-193603_74360da14dd34e3a8b281efec21da86d\logs\Layer08Node03-17808.stdout.log; stdoutBytes=0; stdoutTruncated=False; stdoutDroppedBytes=0; stderr=C:\Users\jimmy\Desktop\meta-bi\Samples\Demos\MetaOrchestrationHairballCliIntegration\Runs\hairball-seed-20260530\RunArtifacts\runs\20260603-193603_74360da14dd34e3a8b281efec21da86d\logs\Layer08Node03-17808.stderr.log; stderrBytes=0; stderrTruncated=False; stderrDroppedBytes=0
2026-06-03T19:36:50.4196431+00:00	WorkerLogSummary	Layer08Node04	stdout=C:\Users\jimmy\Desktop\meta-bi\Samples\Demos\MetaOrchestrationHairballCliIntegration\Runs\hairball-seed-20260530\RunArtifacts\runs\20260603-193603_74360da14dd34e3a8b281efec21da86d\logs\Layer08Node04-26504.stdout.log; stdoutBytes=0; stdoutTruncated=False; stdoutDroppedBytes=0; stderr=C:\Users\jimmy\Desktop\meta-bi\Samples\Demos\MetaOrchestrationHairballCliIntegration\Runs\hairball-seed-20260530\RunArtifacts\runs\20260603-193603_74360da14dd34e3a8b281efec21da86d\logs\Layer08Node04-26504.stderr.log; stderrBytes=0; stderrTruncated=False; stderrDroppedBytes=0
2026-06-03T19:36:50.4200538+00:00	WorkerLogSummary	Layer08Node08	stdout=C:\Users\jimmy\Desktop\meta-bi\Samples\Demos\MetaOrchestrationHairballCliIntegration\Runs\hairball-seed-20260530\RunArtifacts\runs\20260603-193603_74360da14dd34e3a8b281efec21da86d\logs\Layer08Node08-30952.stdout.log; stdoutBytes=0; stdoutTruncated=False; stdoutDroppedBytes=0; stderr=C:\Users\jimmy\Desktop\meta-bi\Samples\Demos\MetaOrchestrationHairballCliIntegration\Runs\hairball-seed-20260530\RunArtifacts\runs\20260603-193603_74360da14dd34e3a8b281efec21da86d\logs\Layer08Node08-30952.stderr.log; stderrBytes=0; stderrTruncated=False; stderrDroppedBytes=0
2026-06-03T19:36:50.4204418+00:00	WorkerLogSummary	CompositeMart	stdout=C:\Users\jimmy\Desktop\meta-bi\Samples\Demos\MetaOrchestrationHairballCliIntegration\Runs\hairball-seed-20260530\RunArtifacts\runs\20260603-193603_74360da14dd34e3a8b281efec21da86d\logs\CompositeMart-27476.stdout.log; stdoutBytes=0; stdoutTruncated=False; stdoutDroppedBytes=0; stderr=C:\Users\jimmy\Desktop\meta-bi\Samples\Demos\MetaOrchestrationHairballCliIntegration\Runs\hairball-seed-20260530\RunArtifacts\runs\20260603-193603_74360da14dd34e3a8b281efec21da86d\logs\CompositeMart-27476.stderr.log; stderrBytes=0; stderrTruncated=False; stderrDroppedBytes=0
2026-06-03T19:36:50.4209666+00:00	WorkerLogSummary	PublishHairballFinal	stdout=C:\Users\jimmy\Desktop\meta-bi\Samples\Demos\MetaOrchestrationHairballCliIntegration\Runs\hairball-seed-20260530\RunArtifacts\runs\20260603-193603_74360da14dd34e3a8b281efec21da86d\logs\PublishHairballFinal-12476.stdout.log; stdoutBytes=0; stdoutTruncated=False; stdoutDroppedBytes=0; stderr=C:\Users\jimmy\Desktop\meta-bi\Samples\Demos\MetaOrchestrationHairballCliIntegration\Runs\hairball-seed-20260530\RunArtifacts\runs\20260603-193603_74360da14dd34e3a8b281efec21da86d\logs\PublishHairballFinal-12476.stderr.log; stderrBytes=0; stderrTruncated=False; stderrDroppedBytes=0
2026-06-03T19:36:50.4213977+00:00	WorkerLogSummary	RegionalMart01	stdout=C:\Users\jimmy\Desktop\meta-bi\Samples\Demos\MetaOrchestrationHairballCliIntegration\Runs\hairball-seed-20260530\RunArtifacts\runs\20260603-193603_74360da14dd34e3a8b281efec21da86d\logs\RegionalMart01-13280.stdout.log; stdoutBytes=0; stdoutTruncated=False; stdoutDroppedBytes=0; stderr=C:\Users\jimmy\Desktop\meta-bi\Samples\Demos\MetaOrchestrationHairballCliIntegration\Runs\hairball-seed-20260530\RunArtifacts\runs\20260603-193603_74360da14dd34e3a8b281efec21da86d\logs\RegionalMart01-13280.stderr.log; stderrBytes=0; stderrTruncated=False; stderrDroppedBytes=0
2026-06-03T19:36:50.4219135+00:00	WorkerLogSummary	RegionalMart03	stdout=C:\Users\jimmy\Desktop\meta-bi\Samples\Demos\MetaOrchestrationHairballCliIntegration\Runs\hairball-seed-20260530\RunArtifacts\runs\20260603-193603_74360da14dd34e3a8b281efec21da86d\logs\RegionalMart03-24600.stdout.log; stdoutBytes=0; stdoutTruncated=False; stdoutDroppedBytes=0; stderr=C:\Users\jimmy\Desktop\meta-bi\Samples\Demos\MetaOrchestrationHairballCliIntegration\Runs\hairball-seed-20260530\RunArtifacts\runs\20260603-193603_74360da14dd34e3a8b281efec21da86d\logs\RegionalMart03-24600.stderr.log; stderrBytes=0; stderrTruncated=False; stderrDroppedBytes=0
2026-06-03T19:36:50.4222998+00:00	WorkerLogSummary	RegionalMart04	stdout=C:\Users\jimmy\Desktop\meta-bi\Samples\Demos\MetaOrchestrationHairballCliIntegration\Runs\hairball-seed-20260530\RunArtifacts\runs\20260603-193603_74360da14dd34e3a8b281efec21da86d\logs\RegionalMart04-22296.stdout.log; stdoutBytes=0; stdoutTruncated=False; stdoutDroppedBytes=0; stderr=C:\Users\jimmy\Desktop\meta-bi\Samples\Demos\MetaOrchestrationHairballCliIntegration\Runs\hairball-seed-20260530\RunArtifacts\runs\20260603-193603_74360da14dd34e3a8b281efec21da86d\logs\RegionalMart04-22296.stderr.log; stderrBytes=0; stderrTruncated=False; stderrDroppedBytes=0
2026-06-03T19:36:50.4232196+00:00	RunCompleted	DefaultRunPlan	Succeeded
