OccurredAtUtc	EventKind	Subject	Detail
2026-06-03T11:07:43.0186030+00:00	RunStarted	orchestration	C:\Users\jimmy\Desktop\meta-bi\Samples\Demos\MetaOrchestrationHairballCliIntegration\Runs\hairball-seed-20260530\OrchestrationWS
2026-06-03T11:07:43.0425007+00:00	Process	meta-orchestration	10280
2026-06-03T11:07:43.0432424+00:00	PipelineExecutable	meta-pipeline	
2026-06-03T11:07:43.0439548+00:00	PipelineWorkspace	C:\Users\jimmy\Desktop\meta-bi\Samples\Demos\MetaOrchestrationHairballCliIntegration\Runs\hairball-seed-20260530\PipelineWS	
2026-06-03T11:07:43.0446455+00:00	TransformWorkspace	C:\Users\jimmy\Desktop\meta-bi\Samples\Demos\MetaOrchestrationHairballCliIntegration\Runs\hairball-seed-20260530\TransformWS	
2026-06-03T11:07:43.0454556+00:00	BindingWorkspace	C:\Users\jimmy\Desktop\meta-bi\Samples\Demos\MetaOrchestrationHairballCliIntegration\Runs\hairball-seed-20260530\BindingWS	
2026-06-03T11:07:43.0757435+00:00	LeaseAcquired	C:\Users\jimmy\Desktop\meta-bi\Samples\Demos\MetaOrchestrationHairballCliIntegration\Runs\hairball-seed-20260530\OrchestrationWS	C:\Users\jimmy\Desktop\meta-bi\Samples\Demos\MetaOrchestrationHairballCliIntegration\Runs\hairball-seed-20260530\RunArtifacts\leases\b30631311a63a1938a1d960e11d1b12772a5b649874a11ab9e9983ed17563480.tsv
2026-06-03T11:07:43.0783471+00:00	Phase	Loading	C:\Users\jimmy\Desktop\meta-bi\Samples\Demos\MetaOrchestrationHairballCliIntegration\Runs\hairball-seed-20260530\OrchestrationWS
2026-06-03T11:07:43.3196425+00:00	Phase	Building	C:\Users\jimmy\Desktop\meta-bi\Samples\Demos\MetaOrchestrationHairballCliIntegration\Runs\hairball-seed-20260530\OrchestrationWS
2026-06-03T11:07:43.3530734+00:00	Phase	Saving	C:\Users\jimmy\Desktop\meta-bi\Samples\Demos\MetaOrchestrationHairballCliIntegration\Runs\hairball-seed-20260530\OrchestrationWS
2026-06-03T11:07:43.5992976+00:00	RetryPolicyResolved	DefaultRetryPolicy	MaxAttempts=3; RetryableFailureClasses=6
2026-06-03T11:07:43.6083735+00:00	RunPlanReady	DefaultRunPlan	137
2026-06-03T11:07:44.0062588+00:00	WorkerStarting	ExtractSeed01	meta-pipeline
2026-06-03T11:07:44.5109192+00:00	WorkerStarted	ExtractSeed01	18984
2026-06-03T11:07:44.5119124+00:00	WorkerControlPipe	ExtractSeed01	meta-orchestration-68dab1d28b694c138a823524ef076fa3
2026-06-03T11:07:44.5130081+00:00	WorkerLog	ExtractSeed01	stdout=C:\Users\jimmy\Desktop\meta-bi\Samples\Demos\MetaOrchestrationHairballCliIntegration\Runs\hairball-seed-20260530\RunArtifacts\runs\20260603-110742_4844be1369c548d7bedbf8a4694ba772\logs\ExtractSeed01-18984.stdout.log; stderr=C:\Users\jimmy\Desktop\meta-bi\Samples\Demos\MetaOrchestrationHairballCliIntegration\Runs\hairball-seed-20260530\RunArtifacts\runs\20260603-110742_4844be1369c548d7bedbf8a4694ba772\logs\ExtractSeed01-18984.stderr.log
2026-06-03T11:07:44.5246526+00:00	WorkerStarting	ExtractSeed02	meta-pipeline
2026-06-03T11:07:44.7430154+00:00	WorkerStarted	ExtractSeed02	25228
2026-06-03T11:07:44.7437617+00:00	WorkerControlPipe	ExtractSeed02	meta-orchestration-ec0697330cae4b04924251bb5734d77d
2026-06-03T11:07:44.7443648+00:00	WorkerLog	ExtractSeed02	stdout=C:\Users\jimmy\Desktop\meta-bi\Samples\Demos\MetaOrchestrationHairballCliIntegration\Runs\hairball-seed-20260530\RunArtifacts\runs\20260603-110742_4844be1369c548d7bedbf8a4694ba772\logs\ExtractSeed02-25228.stdout.log; stderr=C:\Users\jimmy\Desktop\meta-bi\Samples\Demos\MetaOrchestrationHairballCliIntegration\Runs\hairball-seed-20260530\RunArtifacts\runs\20260603-110742_4844be1369c548d7bedbf8a4694ba772\logs\ExtractSeed02-25228.stderr.log
2026-06-03T11:07:44.7550374+00:00	WorkerEvent	ExtractSeed01	WorkerOnline; ExitCode=0; online
2026-06-03T11:07:44.7719908+00:00	WorkerStarting	ExtractSeed03	meta-pipeline
2026-06-03T11:07:44.9562912+00:00	WorkerStarted	ExtractSeed03	26000
2026-06-03T11:07:44.9570976+00:00	WorkerControlPipe	ExtractSeed03	meta-orchestration-1d81af2784cc4f89a05840268b856a5a
2026-06-03T11:07:44.9577790+00:00	WorkerLog	ExtractSeed03	stdout=C:\Users\jimmy\Desktop\meta-bi\Samples\Demos\MetaOrchestrationHairballCliIntegration\Runs\hairball-seed-20260530\RunArtifacts\runs\20260603-110742_4844be1369c548d7bedbf8a4694ba772\logs\ExtractSeed03-26000.stdout.log; stderr=C:\Users\jimmy\Desktop\meta-bi\Samples\Demos\MetaOrchestrationHairballCliIntegration\Runs\hairball-seed-20260530\RunArtifacts\runs\20260603-110742_4844be1369c548d7bedbf8a4694ba772\logs\ExtractSeed03-26000.stderr.log
2026-06-03T11:07:44.9587915+00:00	WorkerEvent	ExtractSeed01	WorkerReady; ExitCode=0; ready
2026-06-03T11:07:44.9746080+00:00	StartPipeline	ExtractSeed01	ExtractSeed01
2026-06-03T11:07:44.9768597+00:00	WorkerEvent	ExtractSeed02	WorkerOnline; ExitCode=0; online
2026-06-03T11:07:44.9787960+00:00	WorkerStarting	ExtractSeed04	meta-pipeline
2026-06-03T11:07:45.1875184+00:00	WorkerStarted	ExtractSeed04	28352
2026-06-03T11:07:45.1883465+00:00	WorkerControlPipe	ExtractSeed04	meta-orchestration-005664cc66e64951bf50c65579765283
2026-06-03T11:07:45.1891076+00:00	WorkerLog	ExtractSeed04	stdout=C:\Users\jimmy\Desktop\meta-bi\Samples\Demos\MetaOrchestrationHairballCliIntegration\Runs\hairball-seed-20260530\RunArtifacts\runs\20260603-110742_4844be1369c548d7bedbf8a4694ba772\logs\ExtractSeed04-28352.stdout.log; stderr=C:\Users\jimmy\Desktop\meta-bi\Samples\Demos\MetaOrchestrationHairballCliIntegration\Runs\hairball-seed-20260530\RunArtifacts\runs\20260603-110742_4844be1369c548d7bedbf8a4694ba772\logs\ExtractSeed04-28352.stderr.log
2026-06-03T11:07:45.1898479+00:00	WorkerEvent	ExtractSeed02	WorkerReady; ExitCode=0; ready
2026-06-03T11:07:45.1910122+00:00	StartPipeline	ExtractSeed02	ExtractSeed02
2026-06-03T11:07:45.1931119+00:00	WorkerEvent	ExtractSeed03	WorkerOnline; ExitCode=0; online
2026-06-03T11:07:45.1946182+00:00	WorkerStarting	ExtractSeed05	meta-pipeline
2026-06-03T11:07:45.4004096+00:00	WorkerStarted	ExtractSeed05	27716
2026-06-03T11:07:45.4021080+00:00	WorkerControlPipe	ExtractSeed05	meta-orchestration-da20365008064ef5aa75b6922d4a7c6a
2026-06-03T11:07:45.4028833+00:00	WorkerLog	ExtractSeed05	stdout=C:\Users\jimmy\Desktop\meta-bi\Samples\Demos\MetaOrchestrationHairballCliIntegration\Runs\hairball-seed-20260530\RunArtifacts\runs\20260603-110742_4844be1369c548d7bedbf8a4694ba772\logs\ExtractSeed05-27716.stdout.log; stderr=C:\Users\jimmy\Desktop\meta-bi\Samples\Demos\MetaOrchestrationHairballCliIntegration\Runs\hairball-seed-20260530\RunArtifacts\runs\20260603-110742_4844be1369c548d7bedbf8a4694ba772\logs\ExtractSeed05-27716.stderr.log
2026-06-03T11:07:45.4037807+00:00	WorkerEvent	ExtractSeed03	WorkerReady; ExitCode=0; ready
2026-06-03T11:07:45.4052437+00:00	StartPipeline	ExtractSeed03	ExtractSeed03
2026-06-03T11:07:45.4067050+00:00	WorkerEvent	ExtractSeed04	WorkerOnline; ExitCode=0; online
2026-06-03T11:07:45.4082648+00:00	WorkerStarting	ExtractSeed06	meta-pipeline
2026-06-03T11:07:46.0980298+00:00	WorkerStarted	ExtractSeed06	7856
2026-06-03T11:07:46.0989683+00:00	WorkerControlPipe	ExtractSeed06	meta-orchestration-81244424fa7c4143a9bf08cda6a537f3
2026-06-03T11:07:46.0997398+00:00	WorkerLog	ExtractSeed06	stdout=C:\Users\jimmy\Desktop\meta-bi\Samples\Demos\MetaOrchestrationHairballCliIntegration\Runs\hairball-seed-20260530\RunArtifacts\runs\20260603-110742_4844be1369c548d7bedbf8a4694ba772\logs\ExtractSeed06-7856.stdout.log; stderr=C:\Users\jimmy\Desktop\meta-bi\Samples\Demos\MetaOrchestrationHairballCliIntegration\Runs\hairball-seed-20260530\RunArtifacts\runs\20260603-110742_4844be1369c548d7bedbf8a4694ba772\logs\ExtractSeed06-7856.stderr.log
2026-06-03T11:07:46.1007491+00:00	WorkerEvent	ExtractSeed04	WorkerReady; ExitCode=0; ready
2026-06-03T11:07:46.1028892+00:00	StartPipeline	ExtractSeed04	ExtractSeed04
2026-06-03T11:07:46.1042144+00:00	WorkerEvent	ExtractSeed05	WorkerOnline; ExitCode=0; online
2026-06-03T11:07:46.1055864+00:00	WorkerEvent	ExtractSeed06	WorkerOnline; ExitCode=0; online
2026-06-03T11:07:46.1071947+00:00	WorkerStarting	ExtractSeed07	meta-pipeline
2026-06-03T11:07:47.1019229+00:00	WorkerStarted	ExtractSeed07	24648
2026-06-03T11:07:47.1028806+00:00	WorkerControlPipe	ExtractSeed07	meta-orchestration-5cfe93f501dd4a67a9bf30d2efc4119c
2026-06-03T11:07:47.1039002+00:00	WorkerLog	ExtractSeed07	stdout=C:\Users\jimmy\Desktop\meta-bi\Samples\Demos\MetaOrchestrationHairballCliIntegration\Runs\hairball-seed-20260530\RunArtifacts\runs\20260603-110742_4844be1369c548d7bedbf8a4694ba772\logs\ExtractSeed07-24648.stdout.log; stderr=C:\Users\jimmy\Desktop\meta-bi\Samples\Demos\MetaOrchestrationHairballCliIntegration\Runs\hairball-seed-20260530\RunArtifacts\runs\20260603-110742_4844be1369c548d7bedbf8a4694ba772\logs\ExtractSeed07-24648.stderr.log
2026-06-03T11:07:47.1051237+00:00	WorkerEvent	ExtractSeed05	WorkerReady; ExitCode=0; ready
2026-06-03T11:07:47.1066873+00:00	StartPipeline	ExtractSeed05	ExtractSeed05
2026-06-03T11:07:47.1079325+00:00	WorkerEvent	ExtractSeed06	WorkerReady; ExitCode=0; ready
2026-06-03T11:07:47.1197497+00:00	StartPipeline	ExtractSeed06	ExtractSeed06
2026-06-03T11:07:47.1210021+00:00	WorkerEvent	ExtractSeed07	WorkerOnline; ExitCode=0; online
2026-06-03T11:07:47.1226123+00:00	WorkerStarting	ExtractSeed08	meta-pipeline
2026-06-03T11:07:48.1273170+00:00	WorkerStarted	ExtractSeed08	19284
2026-06-03T11:07:48.1283323+00:00	WorkerControlPipe	ExtractSeed08	meta-orchestration-04e6649fe631413d8bc9309a1a1e4653
2026-06-03T11:07:48.1289337+00:00	WorkerLog	ExtractSeed08	stdout=C:\Users\jimmy\Desktop\meta-bi\Samples\Demos\MetaOrchestrationHairballCliIntegration\Runs\hairball-seed-20260530\RunArtifacts\runs\20260603-110742_4844be1369c548d7bedbf8a4694ba772\logs\ExtractSeed08-19284.stdout.log; stderr=C:\Users\jimmy\Desktop\meta-bi\Samples\Demos\MetaOrchestrationHairballCliIntegration\Runs\hairball-seed-20260530\RunArtifacts\runs\20260603-110742_4844be1369c548d7bedbf8a4694ba772\logs\ExtractSeed08-19284.stderr.log
2026-06-03T11:07:48.1296746+00:00	WorkerEvent	ExtractSeed07	WorkerReady; ExitCode=0; ready
2026-06-03T11:07:48.1326631+00:00	StartPipeline	ExtractSeed07	ExtractSeed07
2026-06-03T11:07:48.1339733+00:00	WorkerEvent	ExtractSeed08	WorkerOnline; ExitCode=0; online
2026-06-03T11:07:48.1397769+00:00	WorkerStarting	AuditHairball	meta-pipeline
2026-06-03T11:07:49.1310863+00:00	WorkerStarted	AuditHairball	17140
2026-06-03T11:07:49.1321558+00:00	WorkerControlPipe	AuditHairball	meta-orchestration-a84bc04ee4224fb2a6cb1af6defe4528
2026-06-03T11:07:49.1330283+00:00	WorkerLog	AuditHairball	stdout=C:\Users\jimmy\Desktop\meta-bi\Samples\Demos\MetaOrchestrationHairballCliIntegration\Runs\hairball-seed-20260530\RunArtifacts\runs\20260603-110742_4844be1369c548d7bedbf8a4694ba772\logs\AuditHairball-17140.stdout.log; stderr=C:\Users\jimmy\Desktop\meta-bi\Samples\Demos\MetaOrchestrationHairballCliIntegration\Runs\hairball-seed-20260530\RunArtifacts\runs\20260603-110742_4844be1369c548d7bedbf8a4694ba772\logs\AuditHairball-17140.stderr.log
2026-06-03T11:07:49.1341146+00:00	WorkerEvent	ExtractSeed08	WorkerReady; ExitCode=0; ready
2026-06-03T11:07:49.1361939+00:00	StartPipeline	ExtractSeed08	ExtractSeed08
2026-06-03T11:07:49.1374810+00:00	WorkerEvent	ExtractSeed01	PipelineStarted; ExitCode=0; pipeline started
2026-06-03T11:07:49.1391529+00:00	WorkerEvent	ExtractSeed02	PipelineStarted; ExitCode=0; pipeline started
2026-06-03T11:07:49.1400937+00:00	WorkerEvent	ExtractSeed03	PipelineStarted; ExitCode=0; pipeline started
2026-06-03T11:07:49.1412823+00:00	WorkerEvent	ExtractSeed04	PipelineStarted; ExitCode=0; pipeline started
2026-06-03T11:07:49.1425059+00:00	WorkerEvent	ExtractSeed05	PipelineStarted; ExitCode=0; pipeline started
2026-06-03T11:07:49.1434118+00:00	WorkerEvent	ExtractSeed06	PipelineStarted; ExitCode=0; pipeline started
2026-06-03T11:07:49.1445252+00:00	WorkerEvent	AuditHairball	WorkerOnline; ExitCode=0; online
2026-06-03T11:07:49.1475443+00:00	WorkerStarting	BridgeL01L02	meta-pipeline
2026-06-03T11:07:50.1479685+00:00	WorkerStarted	BridgeL01L02	27976
2026-06-03T11:07:50.1487556+00:00	WorkerControlPipe	BridgeL01L02	meta-orchestration-0d3c95f0a08e4f74b530eafa380da164
2026-06-03T11:07:50.1494230+00:00	WorkerLog	BridgeL01L02	stdout=C:\Users\jimmy\Desktop\meta-bi\Samples\Demos\MetaOrchestrationHairballCliIntegration\Runs\hairball-seed-20260530\RunArtifacts\runs\20260603-110742_4844be1369c548d7bedbf8a4694ba772\logs\BridgeL01L02-27976.stdout.log; stderr=C:\Users\jimmy\Desktop\meta-bi\Samples\Demos\MetaOrchestrationHairballCliIntegration\Runs\hairball-seed-20260530\RunArtifacts\runs\20260603-110742_4844be1369c548d7bedbf8a4694ba772\logs\BridgeL01L02-27976.stderr.log
2026-06-03T11:07:50.1502810+00:00	WorkerEvent	ExtractSeed01.extract-seed-01	TaskReady; ExitCode=0; 
2026-06-03T11:07:50.1594343+00:00	WorkerEvent	ExtractSeed02.extract-seed-02	TaskReady; ExitCode=0; 
2026-06-03T11:07:50.1606050+00:00	WorkerEvent	ExtractSeed03.extract-seed-03	TaskReady; ExitCode=0; 
2026-06-03T11:07:50.1616776+00:00	WorkerEvent	ExtractSeed04.extract-seed-04	TaskReady; ExitCode=0; 
2026-06-03T11:07:50.1627233+00:00	WorkerEvent	ExtractSeed05.extract-seed-05	TaskReady; ExitCode=0; 
2026-06-03T11:07:50.1638090+00:00	WorkerEvent	ExtractSeed06.extract-seed-06	TaskReady; ExitCode=0; 
2026-06-03T11:07:50.1649633+00:00	WorkerEvent	AuditHairball	WorkerReady; ExitCode=0; ready
2026-06-03T11:07:50.1660669+00:00	StartPipeline	AuditHairball	AuditHairball
2026-06-03T11:07:50.1672396+00:00	WorkerEvent	ExtractSeed07	PipelineStarted; ExitCode=0; pipeline started
2026-06-03T11:07:50.1682122+00:00	WorkerEvent	BridgeL01L02	WorkerOnline; ExitCode=0; online
2026-06-03T11:07:50.1938926+00:00	GrantTask	ExtractSeed01.extract-seed-01	ExtractSeed01.extract-seed-01; GrantId=grant-1; Attempt=1
2026-06-03T11:07:50.1947554+00:00	WorkerStarting	BridgeL03L04	meta-pipeline
2026-06-03T11:07:51.1614792+00:00	WorkerStarted	BridgeL03L04	27864
2026-06-03T11:07:51.1622926+00:00	WorkerControlPipe	BridgeL03L04	meta-orchestration-f1e240cbe4704e08a5c6bc25fb781922
2026-06-03T11:07:51.1628104+00:00	WorkerLog	BridgeL03L04	stdout=C:\Users\jimmy\Desktop\meta-bi\Samples\Demos\MetaOrchestrationHairballCliIntegration\Runs\hairball-seed-20260530\RunArtifacts\runs\20260603-110742_4844be1369c548d7bedbf8a4694ba772\logs\BridgeL03L04-27864.stdout.log; stderr=C:\Users\jimmy\Desktop\meta-bi\Samples\Demos\MetaOrchestrationHairballCliIntegration\Runs\hairball-seed-20260530\RunArtifacts\runs\20260603-110742_4844be1369c548d7bedbf8a4694ba772\logs\BridgeL03L04-27864.stderr.log
2026-06-03T11:07:51.1636057+00:00	WorkerEvent	ExtractSeed01.extract-seed-01	GrantAccepted; ExitCode=0; 
2026-06-03T11:07:51.1687789+00:00	WorkerEvent	ExtractSeed07.extract-seed-07	TaskReady; ExitCode=0; 
2026-06-03T11:07:51.1703335+00:00	WorkerEvent	BridgeL01L02	WorkerReady; ExitCode=0; ready
2026-06-03T11:07:51.1717288+00:00	StartPipeline	BridgeL01L02	BridgeL01L02
2026-06-03T11:07:51.1729456+00:00	WorkerEvent	ExtractSeed01.extract-seed-01	TaskStarted; ExitCode=0; 
2026-06-03T11:07:51.1758130+00:00	WorkerEvent	ExtractSeed08	PipelineStarted; ExitCode=0; pipeline started
2026-06-03T11:07:51.1771286+00:00	WorkerEvent	BridgeL03L04	WorkerOnline; ExitCode=0; online
2026-06-03T11:07:51.1830223+00:00	GrantTask	ExtractSeed02.extract-seed-02	ExtractSeed02.extract-seed-02; GrantId=grant-2; Attempt=1
2026-06-03T11:07:51.1839031+00:00	WorkerStarting	BridgeL05L06	meta-pipeline
2026-06-03T11:07:52.1784680+00:00	WorkerStarted	BridgeL05L06	6612
2026-06-03T11:07:52.1793151+00:00	WorkerControlPipe	BridgeL05L06	meta-orchestration-3f8fe37d9d814b039a4de5477d8b3eee
2026-06-03T11:07:52.1800192+00:00	WorkerLog	BridgeL05L06	stdout=C:\Users\jimmy\Desktop\meta-bi\Samples\Demos\MetaOrchestrationHairballCliIntegration\Runs\hairball-seed-20260530\RunArtifacts\runs\20260603-110742_4844be1369c548d7bedbf8a4694ba772\logs\BridgeL05L06-6612.stdout.log; stderr=C:\Users\jimmy\Desktop\meta-bi\Samples\Demos\MetaOrchestrationHairballCliIntegration\Runs\hairball-seed-20260530\RunArtifacts\runs\20260603-110742_4844be1369c548d7bedbf8a4694ba772\logs\BridgeL05L06-6612.stderr.log
2026-06-03T11:07:52.1809251+00:00	WorkerEvent	ExtractSeed02.extract-seed-02	GrantAccepted; ExitCode=0; 
2026-06-03T11:07:52.1824729+00:00	WorkerEvent	ExtractSeed08.extract-seed-08	TaskReady; ExitCode=0; 
2026-06-03T11:07:52.1836972+00:00	WorkerEvent	BridgeL03L04	WorkerReady; ExitCode=0; ready
2026-06-03T11:07:52.1853350+00:00	StartPipeline	BridgeL03L04	BridgeL03L04
2026-06-03T11:07:52.1864610+00:00	WorkerEvent	ExtractSeed02.extract-seed-02	TaskStarted; ExitCode=0; 
2026-06-03T11:07:52.1875270+00:00	WorkerEvent	AuditHairball	PipelineStarted; ExitCode=0; pipeline started
2026-06-03T11:07:52.1885831+00:00	WorkerEvent	BridgeL05L06	WorkerOnline; ExitCode=0; online
2026-06-03T11:07:52.1925567+00:00	GrantTask	ExtractSeed03.extract-seed-03	ExtractSeed03.extract-seed-03; GrantId=grant-3; Attempt=1
2026-06-03T11:07:52.1934461+00:00	WorkerEvent	AuditHairball.audit-hairball	TaskReady; ExitCode=0; 
2026-06-03T11:07:52.1947188+00:00	WorkerEvent	BridgeL05L06	WorkerReady; ExitCode=0; ready
2026-06-03T11:07:53.1943116+00:00	StartPipeline	BridgeL05L06	BridgeL05L06
2026-06-03T11:07:53.1959000+00:00	WorkerEvent	ExtractSeed03.extract-seed-03	GrantAccepted; ExitCode=0; 
2026-06-03T11:07:53.2003655+00:00	GrantTask	ExtractSeed04.extract-seed-04	ExtractSeed04.extract-seed-04; GrantId=grant-4; Attempt=1
2026-06-03T11:07:53.2048179+00:00	WorkerEvent	ExtractSeed03.extract-seed-03	TaskStarted; ExitCode=0; 
2026-06-03T11:07:53.2062508+00:00	WorkerEvent	BridgeL01L02	PipelineStarted; ExitCode=0; pipeline started
2026-06-03T11:07:53.2130967+00:00	GrantTask	ExtractSeed05.extract-seed-05	ExtractSeed05.extract-seed-05; GrantId=grant-5; Attempt=1
2026-06-03T11:07:53.2141828+00:00	WorkerEvent	ExtractSeed04.extract-seed-04	GrantAccepted; ExitCode=0; 
2026-06-03T11:07:53.2164202+00:00	WorkerEvent	BridgeL01L02.bridge-l01-l02-collect	TaskReady; ExitCode=0; 
2026-06-03T11:07:53.2247257+00:00	GrantTask	ExtractSeed06.extract-seed-06	ExtractSeed06.extract-seed-06; GrantId=grant-6; Attempt=1
2026-06-03T11:07:53.2258814+00:00	WorkerEvent	ExtractSeed04.extract-seed-04	TaskStarted; ExitCode=0; 
2026-06-03T11:07:53.2289056+00:00	WorkerEvent	ExtractSeed05.extract-seed-05	GrantAccepted; ExitCode=0; 
2026-06-03T11:07:53.2335956+00:00	GrantTask	ExtractSeed07.extract-seed-07	ExtractSeed07.extract-seed-07; GrantId=grant-7; Attempt=1
2026-06-03T11:07:53.2360793+00:00	WorkerEvent	ExtractSeed05.extract-seed-05	TaskStarted; ExitCode=0; 
2026-06-03T11:07:53.2371316+00:00	WorkerEvent	ExtractSeed06.extract-seed-06	GrantAccepted; ExitCode=0; 
2026-06-03T11:07:53.2415577+00:00	GrantTask	ExtractSeed08.extract-seed-08	ExtractSeed08.extract-seed-08; GrantId=grant-8; Attempt=1
2026-06-03T11:07:53.2437482+00:00	WorkerEvent	ExtractSeed06.extract-seed-06	TaskStarted; ExitCode=0; 
2026-06-03T11:07:53.2445411+00:00	WorkerEvent	ExtractSeed07.extract-seed-07	GrantAccepted; ExitCode=0; 
2026-06-03T11:07:53.2629064+00:00	WorkerEvent	ExtractSeed08.extract-seed-08	GrantAccepted; ExitCode=0; 
2026-06-03T11:07:53.2684192+00:00	WorkerEvent	ExtractSeed07.extract-seed-07	TaskStarted; ExitCode=0; 
2026-06-03T11:07:53.2720392+00:00	WorkerEvent	ExtractSeed01.extract-seed-01	TaskSucceeded; ExitCode=0; 
2026-06-03T11:07:53.2809691+00:00	TaskSucceeded	ExtractSeed01.extract-seed-01	0
2026-06-03T11:07:53.2820942+00:00	WorkerEvent	ExtractSeed02.extract-seed-02	TaskSucceeded; ExitCode=0; 
2026-06-03T11:07:53.2826947+00:00	TaskSucceeded	ExtractSeed02.extract-seed-02	0
2026-06-03T11:07:53.2830987+00:00	WorkerEvent	ExtractSeed08.extract-seed-08	TaskStarted; ExitCode=0; 
2026-06-03T11:07:54.1008824+00:00	WorkerEvent	ExtractSeed03.extract-seed-03	TaskSucceeded; ExitCode=0; 
2026-06-03T11:07:54.1019021+00:00	TaskSucceeded	ExtractSeed03.extract-seed-03	0
2026-06-03T11:07:54.1365839+00:00	WorkerEvent	BridgeL03L04	PipelineStarted; ExitCode=0; pipeline started
2026-06-03T11:07:54.1405644+00:00	WorkerEvent	BridgeL03L04.bridge-l03-l04-collect	TaskReady; ExitCode=0; 
2026-06-03T11:07:54.1495837+00:00	WorkerEvent	ExtractSeed03	Closed; ExitCode=0; 
2026-06-03T11:07:54.1588047+00:00	WorkerStarting	BridgeL07L08	meta-pipeline
2026-06-03T11:07:54.3346157+00:00	WorkerStarted	BridgeL07L08	15648
2026-06-03T11:07:54.3350962+00:00	WorkerControlPipe	BridgeL07L08	meta-orchestration-7c1846b429024b03b2ec717cf80c9d95
2026-06-03T11:07:54.3354683+00:00	WorkerLog	BridgeL07L08	stdout=C:\Users\jimmy\Desktop\meta-bi\Samples\Demos\MetaOrchestrationHairballCliIntegration\Runs\hairball-seed-20260530\RunArtifacts\runs\20260603-110742_4844be1369c548d7bedbf8a4694ba772\logs\BridgeL07L08-15648.stdout.log; stderr=C:\Users\jimmy\Desktop\meta-bi\Samples\Demos\MetaOrchestrationHairballCliIntegration\Runs\hairball-seed-20260530\RunArtifacts\runs\20260603-110742_4844be1369c548d7bedbf8a4694ba772\logs\BridgeL07L08-15648.stderr.log
2026-06-03T11:07:54.3358641+00:00	WorkerEvent	ExtractSeed04.extract-seed-04	TaskSucceeded; ExitCode=0; 
2026-06-03T11:07:54.3364263+00:00	TaskSucceeded	ExtractSeed04.extract-seed-04	0
2026-06-03T11:07:54.3368545+00:00	WorkerEvent	ExtractSeed05.extract-seed-05	TaskSucceeded; ExitCode=0; 
2026-06-03T11:07:54.3373938+00:00	TaskSucceeded	ExtractSeed05.extract-seed-05	0
2026-06-03T11:07:54.3378414+00:00	WorkerEvent	ExtractSeed06.extract-seed-06	TaskSucceeded; ExitCode=0; 
2026-06-03T11:07:54.3382894+00:00	TaskSucceeded	ExtractSeed06.extract-seed-06	0
2026-06-03T11:07:54.3389350+00:00	WorkerEvent	ExtractSeed07.extract-seed-07	TaskSucceeded; ExitCode=0; 
2026-06-03T11:07:54.3394269+00:00	TaskSucceeded	ExtractSeed07.extract-seed-07	0
2026-06-03T11:07:54.3398428+00:00	WorkerEvent	ExtractSeed08.extract-seed-08	TaskSucceeded; ExitCode=0; 
2026-06-03T11:07:54.3402846+00:00	TaskSucceeded	ExtractSeed08.extract-seed-08	0
2026-06-03T11:07:54.3406274+00:00	WorkerEvent	BridgeL05L06	PipelineStarted; ExitCode=0; pipeline started
2026-06-03T11:07:54.3427928+00:00	WorkerDeferredForCapacity	AuditHairball	Deferred by orchestration to honor max active worker process capacity.
2026-06-03T11:07:54.3433373+00:00	StopPipeline	AuditHairball	Deferred by orchestration to honor max active worker process capacity.
2026-06-03T11:07:54.3441404+00:00	WorkerEvent	BridgeL05L06.bridge-l05-l06-collect	TaskReady; ExitCode=0; 
2026-06-03T11:07:54.3448860+00:00	WorkerDeferredForCapacity	BridgeL01L02	Deferred by orchestration to honor max active worker process capacity.
2026-06-03T11:07:54.3451898+00:00	StopPipeline	BridgeL01L02	Deferred by orchestration to honor max active worker process capacity.
2026-06-03T11:07:54.3458070+00:00	WorkerDeferredForCapacity	BridgeL03L04	Deferred by orchestration to honor max active worker process capacity.
2026-06-03T11:07:54.3461400+00:00	StopPipeline	BridgeL03L04	Deferred by orchestration to honor max active worker process capacity.
2026-06-03T11:07:54.3468264+00:00	WorkerDeferredForCapacity	BridgeL05L06	Deferred by orchestration to honor max active worker process capacity.
2026-06-03T11:07:54.3472278+00:00	StopPipeline	BridgeL05L06	Deferred by orchestration to honor max active worker process capacity.
2026-06-03T11:07:54.3627990+00:00	WorkerEvent	BridgeL07L08	WorkerOnline; ExitCode=0; online
2026-06-03T11:07:54.3647011+00:00	WorkerEvent	BridgeL07L08	WorkerReady; ExitCode=0; ready
2026-06-03T11:07:54.3673918+00:00	StartPipeline	BridgeL07L08	BridgeL07L08
2026-06-03T11:07:54.3681406+00:00	WorkerEvent	AuditHairball	Closed; ExitCode=0; 
2026-06-03T11:07:54.3690604+00:00	WorkerDeferred	AuditHairball	ResumeTaskId=AuditHairball.audit-hairball
2026-06-03T11:07:54.3696191+00:00	WorkerStarting	Layer01Node01	meta-pipeline
2026-06-03T11:07:54.5833786+00:00	WorkerStarted	Layer01Node01	4012
2026-06-03T11:07:54.5841854+00:00	WorkerControlPipe	Layer01Node01	meta-orchestration-d103510e09914077a32a36d78ef050d4
2026-06-03T11:07:54.5849220+00:00	WorkerLog	Layer01Node01	stdout=C:\Users\jimmy\Desktop\meta-bi\Samples\Demos\MetaOrchestrationHairballCliIntegration\Runs\hairball-seed-20260530\RunArtifacts\runs\20260603-110742_4844be1369c548d7bedbf8a4694ba772\logs\Layer01Node01-4012.stdout.log; stderr=C:\Users\jimmy\Desktop\meta-bi\Samples\Demos\MetaOrchestrationHairballCliIntegration\Runs\hairball-seed-20260530\RunArtifacts\runs\20260603-110742_4844be1369c548d7bedbf8a4694ba772\logs\Layer01Node01-4012.stderr.log
2026-06-03T11:07:54.5856380+00:00	WorkerEvent	BridgeL01L02	Closed; ExitCode=0; 
2026-06-03T11:07:54.5868052+00:00	WorkerDeferred	BridgeL01L02	ResumeTaskId=BridgeL01L02.bridge-l01-l02-collect
2026-06-03T11:07:54.5875986+00:00	WorkerEvent	BridgeL03L04	Closed; ExitCode=0; 
2026-06-03T11:07:54.5886909+00:00	WorkerDeferred	BridgeL03L04	ResumeTaskId=BridgeL03L04.bridge-l03-l04-collect
2026-06-03T11:07:54.5894783+00:00	WorkerEvent	BridgeL05L06	Closed; ExitCode=0; 
2026-06-03T11:07:54.5905433+00:00	WorkerDeferred	BridgeL05L06	ResumeTaskId=BridgeL05L06.bridge-l05-l06-collect
2026-06-03T11:07:54.5917275+00:00	WorkerStarting	Layer01Node06	meta-pipeline
2026-06-03T11:07:54.8190399+00:00	WorkerStarted	Layer01Node06	27740
2026-06-03T11:07:54.8198644+00:00	WorkerControlPipe	Layer01Node06	meta-orchestration-9917726f873b4513ba958064bbef7a14
2026-06-03T11:07:54.8204705+00:00	WorkerLog	Layer01Node06	stdout=C:\Users\jimmy\Desktop\meta-bi\Samples\Demos\MetaOrchestrationHairballCliIntegration\Runs\hairball-seed-20260530\RunArtifacts\runs\20260603-110742_4844be1369c548d7bedbf8a4694ba772\logs\Layer01Node06-27740.stdout.log; stderr=C:\Users\jimmy\Desktop\meta-bi\Samples\Demos\MetaOrchestrationHairballCliIntegration\Runs\hairball-seed-20260530\RunArtifacts\runs\20260603-110742_4844be1369c548d7bedbf8a4694ba772\logs\Layer01Node06-27740.stderr.log
2026-06-03T11:07:54.8211456+00:00	WorkerEvent	Layer01Node01	WorkerOnline; ExitCode=0; online
2026-06-03T11:07:54.8228852+00:00	WorkerStarting	Layer01Node07	meta-pipeline
2026-06-03T11:07:55.0545200+00:00	WorkerStarted	Layer01Node07	10948
2026-06-03T11:07:55.0555001+00:00	WorkerControlPipe	Layer01Node07	meta-orchestration-cc19737c23d34edb83091bf3d11abb77
2026-06-03T11:07:55.0566416+00:00	WorkerLog	Layer01Node07	stdout=C:\Users\jimmy\Desktop\meta-bi\Samples\Demos\MetaOrchestrationHairballCliIntegration\Runs\hairball-seed-20260530\RunArtifacts\runs\20260603-110742_4844be1369c548d7bedbf8a4694ba772\logs\Layer01Node07-10948.stdout.log; stderr=C:\Users\jimmy\Desktop\meta-bi\Samples\Demos\MetaOrchestrationHairballCliIntegration\Runs\hairball-seed-20260530\RunArtifacts\runs\20260603-110742_4844be1369c548d7bedbf8a4694ba772\logs\Layer01Node07-10948.stderr.log
2026-06-03T11:07:55.0579207+00:00	WorkerEvent	Layer01Node01	WorkerReady; ExitCode=0; ready
2026-06-03T11:07:55.0591575+00:00	StartPipeline	Layer01Node01	Layer01Node01
2026-06-03T11:07:55.0603021+00:00	WorkerEvent	Layer01Node06	WorkerOnline; ExitCode=0; online
2026-06-03T11:07:55.0618519+00:00	WorkerStarting	Layer03Node09	meta-pipeline
2026-06-03T11:07:55.2935463+00:00	WorkerStarted	Layer03Node09	27508
2026-06-03T11:07:55.2943366+00:00	WorkerControlPipe	Layer03Node09	meta-orchestration-d1d796b618504a3c9adab566ef3e3cba
2026-06-03T11:07:55.2950033+00:00	WorkerLog	Layer03Node09	stdout=C:\Users\jimmy\Desktop\meta-bi\Samples\Demos\MetaOrchestrationHairballCliIntegration\Runs\hairball-seed-20260530\RunArtifacts\runs\20260603-110742_4844be1369c548d7bedbf8a4694ba772\logs\Layer03Node09-27508.stdout.log; stderr=C:\Users\jimmy\Desktop\meta-bi\Samples\Demos\MetaOrchestrationHairballCliIntegration\Runs\hairball-seed-20260530\RunArtifacts\runs\20260603-110742_4844be1369c548d7bedbf8a4694ba772\logs\Layer03Node09-27508.stderr.log
2026-06-03T11:07:55.2957467+00:00	WorkerEvent	Layer01Node07	WorkerOnline; ExitCode=0; online
2026-06-03T11:07:55.2973433+00:00	WorkerEvent	Layer01Node06	WorkerReady; ExitCode=0; ready
2026-06-03T11:07:55.2987023+00:00	StartPipeline	Layer01Node06	Layer01Node06
2026-06-03T11:07:55.2998203+00:00	WorkerEvent	Layer01Node07	WorkerReady; ExitCode=0; ready
2026-06-03T11:07:55.3056522+00:00	StartPipeline	Layer01Node07	Layer01Node07
2026-06-03T11:07:55.3491090+00:00	WorkerEvent	Layer03Node09	WorkerOnline; ExitCode=0; online
2026-06-03T11:07:55.3533989+00:00	WorkerEvent	Layer03Node09	WorkerReady; ExitCode=0; ready
2026-06-03T11:07:55.3611294+00:00	StartPipeline	Layer03Node09	Layer03Node09
2026-06-03T11:07:56.2617538+00:00	WorkerEvent	BridgeL07L08	PipelineStarted; ExitCode=0; pipeline started
2026-06-03T11:07:56.2668117+00:00	WorkerEvent	BridgeL07L08.bridge-l07-l08-collect	TaskReady; ExitCode=0; 
2026-06-03T11:07:56.4465056+00:00	WorkerEvent	Layer01Node01	PipelineStarted; ExitCode=0; pipeline started
2026-06-03T11:07:56.4518313+00:00	WorkerEvent	Layer01Node01.export-l01-n01	TaskReady; ExitCode=0; 
2026-06-03T11:07:56.4556855+00:00	GrantTask	Layer01Node01.export-l01-n01	Layer01Node01.export-l01-n01; GrantId=grant-9; Attempt=1
2026-06-03T11:07:56.4566083+00:00	WorkerEvent	Layer01Node01.export-l01-n01	GrantAccepted; ExitCode=0; 
2026-06-03T11:07:56.4606657+00:00	WorkerEvent	Layer01Node01.export-l01-n01	TaskStarted; ExitCode=0; 
2026-06-03T11:07:56.5092757+00:00	WorkerEvent	Layer01Node06	PipelineStarted; ExitCode=0; pipeline started
2026-06-03T11:07:56.5142516+00:00	WorkerEvent	Layer01Node06.refresh-l01-n06	TaskReady; ExitCode=0; 
2026-06-03T11:07:56.5180172+00:00	GrantTask	Layer01Node06.refresh-l01-n06	Layer01Node06.refresh-l01-n06; GrantId=grant-10; Attempt=1
2026-06-03T11:07:56.5212485+00:00	WorkerEvent	Layer01Node06.refresh-l01-n06	GrantAccepted; ExitCode=0; 
2026-06-03T11:07:56.5253256+00:00	WorkerEvent	Layer01Node06.refresh-l01-n06	TaskStarted; ExitCode=0; 
2026-06-03T11:07:56.6268637+00:00	WorkerEvent	Layer03Node09	PipelineStarted; ExitCode=0; pipeline started
2026-06-03T11:07:56.6315338+00:00	WorkerEvent	Layer03Node09.refresh-l03-n09	TaskReady; ExitCode=0; 
2026-06-03T11:07:56.6349620+00:00	GrantTask	Layer03Node09.refresh-l03-n09	Layer03Node09.refresh-l03-n09; GrantId=grant-11; Attempt=1
2026-06-03T11:07:56.6360558+00:00	WorkerEvent	Layer03Node09.refresh-l03-n09	GrantAccepted; ExitCode=0; 
2026-06-03T11:07:56.6394969+00:00	WorkerEvent	Layer03Node09.refresh-l03-n09	TaskStarted; ExitCode=0; 
2026-06-03T11:07:56.6866153+00:00	WorkerEvent	Layer01Node07	PipelineStarted; ExitCode=0; pipeline started
2026-06-03T11:07:56.6905334+00:00	WorkerEvent	Layer01Node07.refresh-l01-n07	TaskReady; ExitCode=0; 
2026-06-03T11:07:56.6946791+00:00	GrantTask	Layer01Node07.refresh-l01-n07	Layer01Node07.refresh-l01-n07; GrantId=grant-12; Attempt=1
2026-06-03T11:07:56.6982253+00:00	WorkerEvent	Layer01Node07.refresh-l01-n07	GrantAccepted; ExitCode=0; 
2026-06-03T11:07:56.7021251+00:00	WorkerEvent	Layer01Node07.refresh-l01-n07	TaskStarted; ExitCode=0; 
2026-06-03T11:07:57.4510008+00:00	WorkerEvent	Layer01Node06.refresh-l01-n06	TaskSucceeded; ExitCode=0; 
2026-06-03T11:07:57.4521347+00:00	TaskSucceeded	Layer01Node06.refresh-l01-n06	0
2026-06-03T11:07:57.4537538+00:00	WorkerDeferredForCapacity	BridgeL07L08	Deferred by orchestration to honor max active worker process capacity.
2026-06-03T11:07:57.4545842+00:00	StopPipeline	BridgeL07L08	Deferred by orchestration to honor max active worker process capacity.
2026-06-03T11:07:57.4879169+00:00	WorkerEvent	BridgeL07L08	Closed; ExitCode=0; 
2026-06-03T11:07:57.4887465+00:00	WorkerDeferred	BridgeL07L08	ResumeTaskId=BridgeL07L08.bridge-l07-l08-collect
2026-06-03T11:07:57.4896067+00:00	WorkerStarting	Layer02Node03	meta-pipeline
2026-06-03T11:07:57.6938085+00:00	WorkerStarted	Layer02Node03	19476
2026-06-03T11:07:57.6946672+00:00	WorkerControlPipe	Layer02Node03	meta-orchestration-f317f9a34fcf4ad888cbfc0065464572
2026-06-03T11:07:57.6953761+00:00	WorkerLog	Layer02Node03	stdout=C:\Users\jimmy\Desktop\meta-bi\Samples\Demos\MetaOrchestrationHairballCliIntegration\Runs\hairball-seed-20260530\RunArtifacts\runs\20260603-110742_4844be1369c548d7bedbf8a4694ba772\logs\Layer02Node03-19476.stdout.log; stderr=C:\Users\jimmy\Desktop\meta-bi\Samples\Demos\MetaOrchestrationHairballCliIntegration\Runs\hairball-seed-20260530\RunArtifacts\runs\20260603-110742_4844be1369c548d7bedbf8a4694ba772\logs\Layer02Node03-19476.stderr.log
2026-06-03T11:07:57.6961475+00:00	WorkerEvent	Layer03Node09.refresh-l03-n09	TaskSucceeded; ExitCode=0; 
2026-06-03T11:07:57.6975183+00:00	TaskSucceeded	Layer03Node09.refresh-l03-n09	0
2026-06-03T11:07:57.6982218+00:00	WorkerEvent	Layer01Node07.refresh-l01-n07	TaskSucceeded; ExitCode=0; 
2026-06-03T11:07:57.6991680+00:00	TaskSucceeded	Layer01Node07.refresh-l01-n07	0
2026-06-03T11:07:57.6998757+00:00	WorkerEvent	Layer01Node06	Closed; ExitCode=0; 
2026-06-03T11:07:57.7032242+00:00	WorkerResuming	AuditHairball	ResumeTaskId=AuditHairball.audit-hairball; Executable=meta-pipeline
2026-06-03T11:07:57.8951000+00:00	WorkerStarted	AuditHairball	11012
2026-06-03T11:07:57.8957896+00:00	WorkerControlPipe	AuditHairball	meta-orchestration-ab9c331c2c1b41ca843a4596737af112
2026-06-03T11:07:57.8964202+00:00	WorkerLog	AuditHairball	stdout=C:\Users\jimmy\Desktop\meta-bi\Samples\Demos\MetaOrchestrationHairballCliIntegration\Runs\hairball-seed-20260530\RunArtifacts\runs\20260603-110742_4844be1369c548d7bedbf8a4694ba772\logs\AuditHairball-11012.stdout.log; stderr=C:\Users\jimmy\Desktop\meta-bi\Samples\Demos\MetaOrchestrationHairballCliIntegration\Runs\hairball-seed-20260530\RunArtifacts\runs\20260603-110742_4844be1369c548d7bedbf8a4694ba772\logs\AuditHairball-11012.stderr.log
2026-06-03T11:07:57.8971520+00:00	WorkerEvent	Layer02Node03	WorkerOnline; ExitCode=0; online
2026-06-03T11:07:57.8981529+00:00	WorkerEvent	Layer01Node01.export-l01-n01	TaskSucceeded; ExitCode=0; 
2026-06-03T11:07:57.8990574+00:00	TaskSucceeded	Layer01Node01.export-l01-n01	0
2026-06-03T11:07:57.9000340+00:00	WorkerEvent	Layer02Node03	WorkerReady; ExitCode=0; ready
2026-06-03T11:07:57.9065236+00:00	StartPipeline	Layer02Node03	Layer02Node03
2026-06-03T11:07:57.9339232+00:00	WorkerEvent	AuditHairball	WorkerOnline; ExitCode=0; online
2026-06-03T11:07:57.9381539+00:00	WorkerEvent	AuditHairball	WorkerReady; ExitCode=0; ready
2026-06-03T11:07:57.9435970+00:00	StartPipeline	AuditHairball	AuditHairball
2026-06-03T11:07:59.0129069+00:00	WorkerEvent	AuditHairball	PipelineStarted; ExitCode=0; pipeline started
2026-06-03T11:07:59.0180948+00:00	WorkerEvent	AuditHairball.audit-hairball	TaskReady; ExitCode=0; 
2026-06-03T11:07:59.0195737+00:00	WorkerDeferredForCapacity	AuditHairball	Deferred by orchestration to honor max active worker process capacity.
2026-06-03T11:07:59.0203183+00:00	StopPipeline	AuditHairball	Deferred by orchestration to honor max active worker process capacity.
2026-06-03T11:07:59.0457857+00:00	WorkerEvent	AuditHairball	Closed; ExitCode=0; 
2026-06-03T11:07:59.0465256+00:00	WorkerDeferred	AuditHairball	ResumeTaskId=AuditHairball.audit-hairball
2026-06-03T11:07:59.0477833+00:00	WorkerStarting	Layer01Node02	meta-pipeline
2026-06-03T11:07:59.2704022+00:00	WorkerStarted	Layer01Node02	25304
2026-06-03T11:07:59.2712505+00:00	WorkerControlPipe	Layer01Node02	meta-orchestration-89a6840d404f4b868d31c649f2393525
2026-06-03T11:07:59.2717178+00:00	WorkerLog	Layer01Node02	stdout=C:\Users\jimmy\Desktop\meta-bi\Samples\Demos\MetaOrchestrationHairballCliIntegration\Runs\hairball-seed-20260530\RunArtifacts\runs\20260603-110742_4844be1369c548d7bedbf8a4694ba772\logs\Layer01Node02-25304.stdout.log; stderr=C:\Users\jimmy\Desktop\meta-bi\Samples\Demos\MetaOrchestrationHairballCliIntegration\Runs\hairball-seed-20260530\RunArtifacts\runs\20260603-110742_4844be1369c548d7bedbf8a4694ba772\logs\Layer01Node02-25304.stderr.log
2026-06-03T11:07:59.2722638+00:00	WorkerEvent	Layer02Node03	PipelineStarted; ExitCode=0; pipeline started
2026-06-03T11:07:59.2736595+00:00	WorkerEvent	Layer02Node03.select-l02-n03	TaskReady; ExitCode=0; 
2026-06-03T11:07:59.2750524+00:00	GrantTask	Layer02Node03.select-l02-n03	Layer02Node03.select-l02-n03; GrantId=grant-13; Attempt=1
2026-06-03T11:07:59.2761863+00:00	WorkerEvent	Layer02Node03.select-l02-n03	GrantAccepted; ExitCode=0; 
2026-06-03T11:07:59.2784315+00:00	WorkerEvent	Layer02Node03.select-l02-n03	TaskStarted; ExitCode=0; 
2026-06-03T11:07:59.3247107+00:00	WorkerEvent	Layer01Node02	WorkerOnline; ExitCode=0; online
2026-06-03T11:07:59.3299665+00:00	WorkerEvent	Layer01Node02	WorkerReady; ExitCode=0; ready
2026-06-03T11:07:59.3380690+00:00	StartPipeline	Layer01Node02	Layer01Node02
2026-06-03T11:08:00.2792279+00:00	WorkerEvent	Layer02Node03.select-l02-n03	TaskSucceeded; ExitCode=0; 
2026-06-03T11:08:00.2803234+00:00	TaskSucceeded	Layer02Node03.select-l02-n03	0
2026-06-03T11:08:00.3289821+00:00	WorkerEvent	Layer02Node03	Closed; ExitCode=0; 
2026-06-03T11:08:00.3308462+00:00	WorkerStarting	Layer01Node04	meta-pipeline
2026-06-03T11:08:00.5652499+00:00	WorkerStarted	Layer01Node04	19584
2026-06-03T11:08:00.5661255+00:00	WorkerControlPipe	Layer01Node04	meta-orchestration-f4db8391b13f450ea9b39ac881b29031
2026-06-03T11:08:00.5668596+00:00	WorkerLog	Layer01Node04	stdout=C:\Users\jimmy\Desktop\meta-bi\Samples\Demos\MetaOrchestrationHairballCliIntegration\Runs\hairball-seed-20260530\RunArtifacts\runs\20260603-110742_4844be1369c548d7bedbf8a4694ba772\logs\Layer01Node04-19584.stdout.log; stderr=C:\Users\jimmy\Desktop\meta-bi\Samples\Demos\MetaOrchestrationHairballCliIntegration\Runs\hairball-seed-20260530\RunArtifacts\runs\20260603-110742_4844be1369c548d7bedbf8a4694ba772\logs\Layer01Node04-19584.stderr.log
2026-06-03T11:08:00.6266361+00:00	WorkerEvent	Layer01Node04	WorkerOnline; ExitCode=0; online
2026-06-03T11:08:00.6326254+00:00	WorkerEvent	Layer01Node04	WorkerReady; ExitCode=0; ready
2026-06-03T11:08:00.6414533+00:00	StartPipeline	Layer01Node04	Layer01Node04
2026-06-03T11:08:00.8527524+00:00	WorkerEvent	Layer01Node02	PipelineStarted; ExitCode=0; pipeline started
2026-06-03T11:08:00.8570614+00:00	WorkerEvent	Layer01Node02.select-l01-n02	TaskReady; ExitCode=0; 
2026-06-03T11:08:00.8611180+00:00	GrantTask	Layer01Node02.select-l01-n02	Layer01Node02.select-l01-n02; GrantId=grant-14; Attempt=1
2026-06-03T11:08:00.8645986+00:00	WorkerEvent	Layer01Node02.select-l01-n02	GrantAccepted; ExitCode=0; 
2026-06-03T11:08:00.8684347+00:00	WorkerEvent	Layer01Node02.select-l01-n02	TaskStarted; ExitCode=0; 
2026-06-03T11:08:01.7773099+00:00	WorkerEvent	Layer01Node02.select-l01-n02	TaskSucceeded; ExitCode=0; 
2026-06-03T11:08:01.7784415+00:00	TaskSucceeded	Layer01Node02.select-l01-n02	0
2026-06-03T11:08:01.8191362+00:00	WorkerEvent	Layer01Node02	Closed; ExitCode=0; 
2026-06-03T11:08:01.8207280+00:00	WorkerStarting	Layer01Node03	meta-pipeline
2026-06-03T11:08:01.9999720+00:00	WorkerStarted	Layer01Node03	16508
2026-06-03T11:08:02.0007174+00:00	WorkerControlPipe	Layer01Node03	meta-orchestration-13a5c91a93b64fd0b3e6550b7c2fea78
2026-06-03T11:08:02.0012845+00:00	WorkerLog	Layer01Node03	stdout=C:\Users\jimmy\Desktop\meta-bi\Samples\Demos\MetaOrchestrationHairballCliIntegration\Runs\hairball-seed-20260530\RunArtifacts\runs\20260603-110742_4844be1369c548d7bedbf8a4694ba772\logs\Layer01Node03-16508.stdout.log; stderr=C:\Users\jimmy\Desktop\meta-bi\Samples\Demos\MetaOrchestrationHairballCliIntegration\Runs\hairball-seed-20260530\RunArtifacts\runs\20260603-110742_4844be1369c548d7bedbf8a4694ba772\logs\Layer01Node03-16508.stderr.log
2026-06-03T11:08:02.0019258+00:00	WorkerEvent	Layer01Node04	PipelineStarted; ExitCode=0; pipeline started
2026-06-03T11:08:02.0034637+00:00	WorkerEvent	Layer01Node04.export-l01-n04	TaskReady; ExitCode=0; 
2026-06-03T11:08:02.0052752+00:00	GrantTask	Layer01Node04.export-l01-n04	Layer01Node04.export-l01-n04; GrantId=grant-15; Attempt=1
2026-06-03T11:08:02.0061562+00:00	WorkerEvent	Layer01Node04.export-l01-n04	GrantAccepted; ExitCode=0; 
2026-06-03T11:08:02.0077910+00:00	WorkerEvent	Layer01Node04.export-l01-n04	TaskStarted; ExitCode=0; 
2026-06-03T11:08:02.0399564+00:00	WorkerEvent	Layer01Node03	WorkerOnline; ExitCode=0; online
2026-06-03T11:08:02.0437578+00:00	WorkerEvent	Layer01Node03	WorkerReady; ExitCode=0; ready
2026-06-03T11:08:02.0488909+00:00	StartPipeline	Layer01Node03	Layer01Node03
2026-06-03T11:08:02.9259313+00:00	WorkerEvent	Layer01Node04.export-l01-n04	TaskSucceeded; ExitCode=0; 
2026-06-03T11:08:02.9270062+00:00	TaskSucceeded	Layer01Node04.export-l01-n04	0
2026-06-03T11:08:02.9564949+00:00	WorkerEvent	Layer01Node04	Closed; ExitCode=0; 
2026-06-03T11:08:02.9576037+00:00	WorkerStarting	Layer01Node05	meta-pipeline
2026-06-03T11:08:03.1552038+00:00	WorkerStarted	Layer01Node05	12732
2026-06-03T11:08:03.1561717+00:00	WorkerControlPipe	Layer01Node05	meta-orchestration-e3d55a34386642e494d2a5eb0cb95cac
2026-06-03T11:08:03.1569918+00:00	WorkerLog	Layer01Node05	stdout=C:\Users\jimmy\Desktop\meta-bi\Samples\Demos\MetaOrchestrationHairballCliIntegration\Runs\hairball-seed-20260530\RunArtifacts\runs\20260603-110742_4844be1369c548d7bedbf8a4694ba772\logs\Layer01Node05-12732.stdout.log; stderr=C:\Users\jimmy\Desktop\meta-bi\Samples\Demos\MetaOrchestrationHairballCliIntegration\Runs\hairball-seed-20260530\RunArtifacts\runs\20260603-110742_4844be1369c548d7bedbf8a4694ba772\logs\Layer01Node05-12732.stderr.log
2026-06-03T11:08:03.1928562+00:00	WorkerEvent	Layer01Node05	WorkerOnline; ExitCode=0; online
2026-06-03T11:08:03.1971211+00:00	WorkerEvent	Layer01Node05	WorkerReady; ExitCode=0; ready
2026-06-03T11:08:03.2027283+00:00	StartPipeline	Layer01Node05	Layer01Node05
2026-06-03T11:08:03.3068800+00:00	WorkerEvent	Layer01Node03	PipelineStarted; ExitCode=0; pipeline started
2026-06-03T11:08:03.3112465+00:00	WorkerEvent	Layer01Node03.select-l01-n03	TaskReady; ExitCode=0; 
2026-06-03T11:08:03.3128313+00:00	GrantTask	Layer01Node03.select-l01-n03	Layer01Node03.select-l01-n03; GrantId=grant-16; Attempt=1
2026-06-03T11:08:03.3143561+00:00	WorkerEvent	Layer01Node03.select-l01-n03	GrantAccepted; ExitCode=0; 
2026-06-03T11:08:03.3164866+00:00	WorkerEvent	Layer01Node03.select-l01-n03	TaskStarted; ExitCode=0; 
2026-06-03T11:08:04.2101329+00:00	WorkerEvent	Layer01Node03.select-l01-n03	TaskSucceeded; ExitCode=0; 
2026-06-03T11:08:04.2117030+00:00	TaskSucceeded	Layer01Node03.select-l01-n03	0
2026-06-03T11:08:04.2551659+00:00	WorkerEvent	Layer01Node03	Closed; ExitCode=0; 
2026-06-03T11:08:04.2557066+00:00	WorkerStarting	Layer01Node08	meta-pipeline
2026-06-03T11:08:04.4683091+00:00	WorkerStarted	Layer01Node08	28436
2026-06-03T11:08:04.4690155+00:00	WorkerControlPipe	Layer01Node08	meta-orchestration-c664c46fe1a740fcbf4162d2cc441ebb
2026-06-03T11:08:04.4695816+00:00	WorkerLog	Layer01Node08	stdout=C:\Users\jimmy\Desktop\meta-bi\Samples\Demos\MetaOrchestrationHairballCliIntegration\Runs\hairball-seed-20260530\RunArtifacts\runs\20260603-110742_4844be1369c548d7bedbf8a4694ba772\logs\Layer01Node08-28436.stdout.log; stderr=C:\Users\jimmy\Desktop\meta-bi\Samples\Demos\MetaOrchestrationHairballCliIntegration\Runs\hairball-seed-20260530\RunArtifacts\runs\20260603-110742_4844be1369c548d7bedbf8a4694ba772\logs\Layer01Node08-28436.stderr.log
2026-06-03T11:08:04.4702036+00:00	WorkerEvent	Layer01Node05	PipelineStarted; ExitCode=0; pipeline started
2026-06-03T11:08:04.4717188+00:00	WorkerEvent	Layer01Node05.export-l01-n05	TaskReady; ExitCode=0; 
2026-06-03T11:08:04.4739406+00:00	GrantTask	Layer01Node05.export-l01-n05	Layer01Node05.export-l01-n05; GrantId=grant-17; Attempt=1
2026-06-03T11:08:04.4749841+00:00	WorkerEvent	Layer01Node05.export-l01-n05	GrantAccepted; ExitCode=0; 
2026-06-03T11:08:04.4765615+00:00	WorkerEvent	Layer01Node05.export-l01-n05	TaskStarted; ExitCode=0; 
2026-06-03T11:08:04.5199613+00:00	WorkerEvent	Layer01Node08	WorkerOnline; ExitCode=0; online
2026-06-03T11:08:04.5240091+00:00	WorkerEvent	Layer01Node08	WorkerReady; ExitCode=0; ready
2026-06-03T11:08:04.5321088+00:00	StartPipeline	Layer01Node08	Layer01Node08
2026-06-03T11:08:05.5076145+00:00	WorkerEvent	Layer01Node05.export-l01-n05	TaskSucceeded; ExitCode=0; 
2026-06-03T11:08:05.5089505+00:00	TaskSucceeded	Layer01Node05.export-l01-n05	0
2026-06-03T11:08:05.5513204+00:00	WorkerEvent	Layer01Node05	Closed; ExitCode=0; 
2026-06-03T11:08:05.5530217+00:00	WorkerStarting	Layer01Hub	meta-pipeline
2026-06-03T11:08:05.7604338+00:00	WorkerStarted	Layer01Hub	24252
2026-06-03T11:08:05.7612472+00:00	WorkerControlPipe	Layer01Hub	meta-orchestration-af37a81131a544f6bc3041669d8aca27
2026-06-03T11:08:05.7617818+00:00	WorkerLog	Layer01Hub	stdout=C:\Users\jimmy\Desktop\meta-bi\Samples\Demos\MetaOrchestrationHairballCliIntegration\Runs\hairball-seed-20260530\RunArtifacts\runs\20260603-110742_4844be1369c548d7bedbf8a4694ba772\logs\Layer01Hub-24252.stdout.log; stderr=C:\Users\jimmy\Desktop\meta-bi\Samples\Demos\MetaOrchestrationHairballCliIntegration\Runs\hairball-seed-20260530\RunArtifacts\runs\20260603-110742_4844be1369c548d7bedbf8a4694ba772\logs\Layer01Hub-24252.stderr.log
2026-06-03T11:08:05.8009229+00:00	WorkerEvent	Layer01Hub	WorkerOnline; ExitCode=0; online
2026-06-03T11:08:05.8051813+00:00	WorkerEvent	Layer01Hub	WorkerReady; ExitCode=0; ready
2026-06-03T11:08:05.8132814+00:00	StartPipeline	Layer01Hub	Layer01Hub
2026-06-03T11:08:05.9613595+00:00	WorkerEvent	Layer01Node08	PipelineStarted; ExitCode=0; pipeline started
2026-06-03T11:08:05.9655956+00:00	WorkerEvent	Layer01Node08.select-l01-n08	TaskReady; ExitCode=0; 
2026-06-03T11:08:05.9676169+00:00	GrantTask	Layer01Node08.select-l01-n08	Layer01Node08.select-l01-n08; GrantId=grant-18; Attempt=1
2026-06-03T11:08:05.9686201+00:00	WorkerEvent	Layer01Node08.select-l01-n08	GrantAccepted; ExitCode=0; 
2026-06-03T11:08:05.9701098+00:00	WorkerEvent	Layer01Node08.select-l01-n08	TaskStarted; ExitCode=0; 
2026-06-03T11:08:06.8628303+00:00	WorkerEvent	Layer01Node08.select-l01-n08	TaskSucceeded; ExitCode=0; 
2026-06-03T11:08:06.8641302+00:00	TaskSucceeded	Layer01Node08.select-l01-n08	0
2026-06-03T11:08:06.9093400+00:00	WorkerEvent	Layer01Node08	Closed; ExitCode=0; 
2026-06-03T11:08:06.9104086+00:00	WorkerStarting	Layer01Node09	meta-pipeline
2026-06-03T11:08:07.1333305+00:00	WorkerStarted	Layer01Node09	5148
2026-06-03T11:08:07.1341518+00:00	WorkerControlPipe	Layer01Node09	meta-orchestration-ff5d5d97f77c4f1faaa600a0268dbe78
2026-06-03T11:08:07.1348704+00:00	WorkerLog	Layer01Node09	stdout=C:\Users\jimmy\Desktop\meta-bi\Samples\Demos\MetaOrchestrationHairballCliIntegration\Runs\hairball-seed-20260530\RunArtifacts\runs\20260603-110742_4844be1369c548d7bedbf8a4694ba772\logs\Layer01Node09-5148.stdout.log; stderr=C:\Users\jimmy\Desktop\meta-bi\Samples\Demos\MetaOrchestrationHairballCliIntegration\Runs\hairball-seed-20260530\RunArtifacts\runs\20260603-110742_4844be1369c548d7bedbf8a4694ba772\logs\Layer01Node09-5148.stderr.log
2026-06-03T11:08:07.1834148+00:00	WorkerEvent	Layer01Node09	WorkerOnline; ExitCode=0; online
2026-06-03T11:08:07.1876630+00:00	WorkerEvent	Layer01Node09	WorkerReady; ExitCode=0; ready
2026-06-03T11:08:07.1949999+00:00	StartPipeline	Layer01Node09	Layer01Node09
2026-06-03T11:08:07.6919796+00:00	WorkerEvent	Layer01Hub	PipelineStarted; ExitCode=0; pipeline started
2026-06-03T11:08:07.6962218+00:00	WorkerEvent	Layer01Hub.hub-l01-stage	TaskReady; ExitCode=0; 
2026-06-03T11:08:07.6977498+00:00	GrantTask	Layer01Hub.hub-l01-stage	Layer01Hub.hub-l01-stage; GrantId=grant-19; Attempt=1
2026-06-03T11:08:07.6987541+00:00	WorkerEvent	Layer01Hub.hub-l01-stage	GrantAccepted; ExitCode=0; 
2026-06-03T11:08:07.7003179+00:00	WorkerEvent	Layer01Hub.hub-l01-stage	TaskStarted; ExitCode=0; 
2026-06-03T11:08:08.5405584+00:00	WorkerEvent	Layer01Hub.hub-l01-stage	TaskSucceeded; ExitCode=0; 
2026-06-03T11:08:08.5416842+00:00	TaskSucceeded	Layer01Hub.hub-l01-stage	0
2026-06-03T11:08:08.5428209+00:00	WorkerEvent	Layer01Hub.hub-l01-curate	TaskReady; ExitCode=0; 
2026-06-03T11:08:08.5439462+00:00	WorkerDeferredForCapacity	Layer01Hub	Deferred by orchestration to honor max active worker process capacity.
2026-06-03T11:08:08.5448276+00:00	StopPipeline	Layer01Hub	Deferred by orchestration to honor max active worker process capacity.
2026-06-03T11:08:08.5862157+00:00	WorkerEvent	Layer01Hub	Closed; ExitCode=0; 
2026-06-03T11:08:08.5871201+00:00	WorkerDeferred	Layer01Hub	ResumeTaskId=Layer01Hub.hub-l01-curate
2026-06-03T11:08:08.5875232+00:00	WorkerStarting	Layer02Node04	meta-pipeline
2026-06-03T11:08:08.7901689+00:00	WorkerStarted	Layer02Node04	29832
2026-06-03T11:08:08.7909485+00:00	WorkerControlPipe	Layer02Node04	meta-orchestration-8b595779035242d89a718c869f7267e8
2026-06-03T11:08:08.7914083+00:00	WorkerLog	Layer02Node04	stdout=C:\Users\jimmy\Desktop\meta-bi\Samples\Demos\MetaOrchestrationHairballCliIntegration\Runs\hairball-seed-20260530\RunArtifacts\runs\20260603-110742_4844be1369c548d7bedbf8a4694ba772\logs\Layer02Node04-29832.stdout.log; stderr=C:\Users\jimmy\Desktop\meta-bi\Samples\Demos\MetaOrchestrationHairballCliIntegration\Runs\hairball-seed-20260530\RunArtifacts\runs\20260603-110742_4844be1369c548d7bedbf8a4694ba772\logs\Layer02Node04-29832.stderr.log
2026-06-03T11:08:08.7919522+00:00	WorkerEvent	Layer01Node09	PipelineStarted; ExitCode=0; pipeline started
2026-06-03T11:08:08.7938085+00:00	WorkerEvent	Layer01Node09.refresh-l01-n09	TaskReady; ExitCode=0; 
2026-06-03T11:08:08.7953057+00:00	GrantTask	Layer01Node09.refresh-l01-n09	Layer01Node09.refresh-l01-n09; GrantId=grant-20; Attempt=1
2026-06-03T11:08:08.7964867+00:00	WorkerEvent	Layer01Node09.refresh-l01-n09	GrantAccepted; ExitCode=0; 
2026-06-03T11:08:08.7981258+00:00	WorkerEvent	Layer01Node09.refresh-l01-n09	TaskStarted; ExitCode=0; 
2026-06-03T11:08:08.8374488+00:00	WorkerEvent	Layer02Node04	WorkerOnline; ExitCode=0; online
2026-06-03T11:08:08.8419966+00:00	WorkerEvent	Layer02Node04	WorkerReady; ExitCode=0; ready
2026-06-03T11:08:08.8486913+00:00	StartPipeline	Layer02Node04	Layer02Node04
2026-06-03T11:08:09.5723064+00:00	WorkerEvent	Layer01Node09.refresh-l01-n09	TaskSucceeded; ExitCode=0; 
2026-06-03T11:08:09.5734017+00:00	TaskSucceeded	Layer01Node09.refresh-l01-n09	0
2026-06-03T11:08:09.6160633+00:00	WorkerEvent	Layer01Node09	Closed; ExitCode=0; 
2026-06-03T11:08:09.6171095+00:00	WorkerResuming	Layer01Hub	ResumeTaskId=Layer01Hub.hub-l01-curate; Executable=meta-pipeline
2026-06-03T11:08:09.8252457+00:00	WorkerStarted	Layer01Hub	30128
2026-06-03T11:08:09.8260137+00:00	WorkerControlPipe	Layer01Hub	meta-orchestration-828b0a4a1a074ba2be5f63e05395fb8c
2026-06-03T11:08:09.8266788+00:00	WorkerLog	Layer01Hub	stdout=C:\Users\jimmy\Desktop\meta-bi\Samples\Demos\MetaOrchestrationHairballCliIntegration\Runs\hairball-seed-20260530\RunArtifacts\runs\20260603-110742_4844be1369c548d7bedbf8a4694ba772\logs\Layer01Hub-30128.stdout.log; stderr=C:\Users\jimmy\Desktop\meta-bi\Samples\Demos\MetaOrchestrationHairballCliIntegration\Runs\hairball-seed-20260530\RunArtifacts\runs\20260603-110742_4844be1369c548d7bedbf8a4694ba772\logs\Layer01Hub-30128.stderr.log
2026-06-03T11:08:09.8663812+00:00	WorkerEvent	Layer01Hub	WorkerOnline; ExitCode=0; online
2026-06-03T11:08:09.8703611+00:00	WorkerEvent	Layer01Hub	WorkerReady; ExitCode=0; ready
2026-06-03T11:08:09.8780901+00:00	StartPipeline	Layer01Hub	Layer01Hub
2026-06-03T11:08:10.1562548+00:00	WorkerEvent	Layer02Node04	PipelineStarted; ExitCode=0; pipeline started
2026-06-03T11:08:10.1606273+00:00	WorkerEvent	Layer02Node04.export-l02-n04	TaskReady; ExitCode=0; 
2026-06-03T11:08:10.1626356+00:00	GrantTask	Layer02Node04.export-l02-n04	Layer02Node04.export-l02-n04; GrantId=grant-21; Attempt=1
2026-06-03T11:08:10.1639721+00:00	WorkerEvent	Layer02Node04.export-l02-n04	GrantAccepted; ExitCode=0; 
2026-06-03T11:08:10.1654615+00:00	WorkerEvent	Layer02Node04.export-l02-n04	TaskStarted; ExitCode=0; 
2026-06-03T11:08:11.1971849+00:00	WorkerEvent	Layer02Node04.export-l02-n04	TaskSucceeded; ExitCode=0; 
2026-06-03T11:08:11.1983906+00:00	TaskSucceeded	Layer02Node04.export-l02-n04	0
2026-06-03T11:08:11.2416885+00:00	WorkerEvent	Layer02Node04	Closed; ExitCode=0; 
2026-06-03T11:08:11.2430877+00:00	WorkerStarting	Layer02Node02	meta-pipeline
2026-06-03T11:08:11.4321216+00:00	WorkerStarted	Layer02Node02	5692
2026-06-03T11:08:11.4328044+00:00	WorkerControlPipe	Layer02Node02	meta-orchestration-3f5387023bc04512a6c452741da81571
2026-06-03T11:08:11.4333317+00:00	WorkerLog	Layer02Node02	stdout=C:\Users\jimmy\Desktop\meta-bi\Samples\Demos\MetaOrchestrationHairballCliIntegration\Runs\hairball-seed-20260530\RunArtifacts\runs\20260603-110742_4844be1369c548d7bedbf8a4694ba772\logs\Layer02Node02-5692.stdout.log; stderr=C:\Users\jimmy\Desktop\meta-bi\Samples\Demos\MetaOrchestrationHairballCliIntegration\Runs\hairball-seed-20260530\RunArtifacts\runs\20260603-110742_4844be1369c548d7bedbf8a4694ba772\logs\Layer02Node02-5692.stderr.log
2026-06-03T11:08:11.4682942+00:00	WorkerEvent	Layer02Node02	WorkerOnline; ExitCode=0; online
2026-06-03T11:08:11.4724030+00:00	WorkerEvent	Layer02Node02	WorkerReady; ExitCode=0; ready
2026-06-03T11:08:11.4774042+00:00	StartPipeline	Layer02Node02	Layer02Node02
2026-06-03T11:08:11.7769289+00:00	WorkerEvent	Layer01Hub	PipelineStarted; ExitCode=0; pipeline started
2026-06-03T11:08:11.7814244+00:00	WorkerEvent	Layer01Hub.hub-l01-curate	TaskReady; ExitCode=0; 
2026-06-03T11:08:11.7834328+00:00	GrantTask	Layer01Hub.hub-l01-curate	Layer01Hub.hub-l01-curate; GrantId=grant-22; Attempt=1
2026-06-03T11:08:11.7842020+00:00	WorkerEvent	Layer01Hub.hub-l01-curate	GrantAccepted; ExitCode=0; 
2026-06-03T11:08:11.7853669+00:00	WorkerEvent	Layer01Hub.hub-l01-curate	TaskStarted; ExitCode=0; 
2026-06-03T11:08:12.5896728+00:00	WorkerEvent	Layer01Hub.hub-l01-curate	TaskSucceeded; ExitCode=0; 
2026-06-03T11:08:12.5907995+00:00	TaskSucceeded	Layer01Hub.hub-l01-curate	0
2026-06-03T11:08:12.5919814+00:00	WorkerEvent	Layer01Hub.hub-l01-publish	TaskReady; ExitCode=0; 
2026-06-03T11:08:12.5934673+00:00	GrantTask	Layer01Hub.hub-l01-publish	Layer01Hub.hub-l01-publish; GrantId=grant-23; Attempt=1
2026-06-03T11:08:12.5945126+00:00	WorkerEvent	Layer01Hub.hub-l01-publish	GrantAccepted; ExitCode=0; 
2026-06-03T11:08:12.5960693+00:00	WorkerEvent	Layer01Hub.hub-l01-publish	TaskStarted; ExitCode=0; 
2026-06-03T11:08:12.6970325+00:00	WorkerEvent	Layer02Node02	PipelineStarted; ExitCode=0; pipeline started
2026-06-03T11:08:12.7016519+00:00	WorkerEvent	Layer02Node02.refresh-l02-n02	TaskReady; ExitCode=0; 
2026-06-03T11:08:12.7034240+00:00	GrantTask	Layer02Node02.refresh-l02-n02	Layer02Node02.refresh-l02-n02; GrantId=grant-24; Attempt=1
2026-06-03T11:08:12.7039766+00:00	WorkerEvent	Layer02Node02.refresh-l02-n02	GrantAccepted; ExitCode=0; 
2026-06-03T11:08:12.7050654+00:00	WorkerEvent	Layer02Node02.refresh-l02-n02	TaskStarted; ExitCode=0; 
2026-06-03T11:08:12.9487277+00:00	WorkerEvent	Layer01Hub.hub-l01-publish	TaskSucceeded; ExitCode=0; 
2026-06-03T11:08:12.9497311+00:00	TaskSucceeded	Layer01Hub.hub-l01-publish	0
2026-06-03T11:08:12.9906906+00:00	WorkerEvent	Layer01Hub	Closed; ExitCode=0; 
2026-06-03T11:08:12.9913567+00:00	WorkerStarting	Layer02Node01	meta-pipeline
2026-06-03T11:08:13.2096035+00:00	WorkerStarted	Layer02Node01	15704
2026-06-03T11:08:13.2101989+00:00	WorkerControlPipe	Layer02Node01	meta-orchestration-a42eb3e608e14bec849c490909e0ecd8
2026-06-03T11:08:13.2105935+00:00	WorkerLog	Layer02Node01	stdout=C:\Users\jimmy\Desktop\meta-bi\Samples\Demos\MetaOrchestrationHairballCliIntegration\Runs\hairball-seed-20260530\RunArtifacts\runs\20260603-110742_4844be1369c548d7bedbf8a4694ba772\logs\Layer02Node01-15704.stdout.log; stderr=C:\Users\jimmy\Desktop\meta-bi\Samples\Demos\MetaOrchestrationHairballCliIntegration\Runs\hairball-seed-20260530\RunArtifacts\runs\20260603-110742_4844be1369c548d7bedbf8a4694ba772\logs\Layer02Node01-15704.stderr.log
2026-06-03T11:08:13.2537082+00:00	WorkerEvent	Layer02Node01	WorkerOnline; ExitCode=0; online
2026-06-03T11:08:13.2576211+00:00	WorkerEvent	Layer02Node01	WorkerReady; ExitCode=0; ready
2026-06-03T11:08:13.2639453+00:00	StartPipeline	Layer02Node01	Layer02Node01
2026-06-03T11:08:13.4872591+00:00	WorkerEvent	Layer02Node02.refresh-l02-n02	TaskSucceeded; ExitCode=0; 
2026-06-03T11:08:13.4881949+00:00	TaskSucceeded	Layer02Node02.refresh-l02-n02	0
2026-06-03T11:08:13.5317360+00:00	WorkerEvent	Layer02Node02	Closed; ExitCode=0; 
2026-06-03T11:08:13.5329354+00:00	WorkerStarting	Layer02Node05	meta-pipeline
2026-06-03T11:08:13.7400619+00:00	WorkerStarted	Layer02Node05	27000
2026-06-03T11:08:13.7408852+00:00	WorkerControlPipe	Layer02Node05	meta-orchestration-007fb3be00574cb49285944729e2b2f7
2026-06-03T11:08:13.7415712+00:00	WorkerLog	Layer02Node05	stdout=C:\Users\jimmy\Desktop\meta-bi\Samples\Demos\MetaOrchestrationHairballCliIntegration\Runs\hairball-seed-20260530\RunArtifacts\runs\20260603-110742_4844be1369c548d7bedbf8a4694ba772\logs\Layer02Node05-27000.stdout.log; stderr=C:\Users\jimmy\Desktop\meta-bi\Samples\Demos\MetaOrchestrationHairballCliIntegration\Runs\hairball-seed-20260530\RunArtifacts\runs\20260603-110742_4844be1369c548d7bedbf8a4694ba772\logs\Layer02Node05-27000.stderr.log
2026-06-03T11:08:13.7899258+00:00	WorkerEvent	Layer02Node05	WorkerOnline; ExitCode=0; online
2026-06-03T11:08:13.7943466+00:00	WorkerEvent	Layer02Node05	WorkerReady; ExitCode=0; ready
2026-06-03T11:08:13.8023011+00:00	StartPipeline	Layer02Node05	Layer02Node05
2026-06-03T11:08:14.5616580+00:00	WorkerEvent	Layer02Node01	PipelineStarted; ExitCode=0; pipeline started
2026-06-03T11:08:14.5664124+00:00	WorkerEvent	Layer02Node01.select-l02-n01	TaskReady; ExitCode=0; 
2026-06-03T11:08:14.5679365+00:00	GrantTask	Layer02Node01.select-l02-n01	Layer02Node01.select-l02-n01; GrantId=grant-25; Attempt=1
2026-06-03T11:08:14.5692725+00:00	WorkerEvent	Layer02Node01.select-l02-n01	GrantAccepted; ExitCode=0; 
2026-06-03T11:08:14.5706860+00:00	WorkerEvent	Layer02Node01.select-l02-n01	TaskStarted; ExitCode=0; 
2026-06-03T11:08:15.2448255+00:00	WorkerEvent	Layer02Node05	PipelineStarted; ExitCode=0; pipeline started
2026-06-03T11:08:15.2503624+00:00	WorkerEvent	Layer02Node05.select-l02-n05	TaskReady; ExitCode=0; 
2026-06-03T11:08:15.2523622+00:00	GrantTask	Layer02Node05.select-l02-n05	Layer02Node05.select-l02-n05; GrantId=grant-26; Attempt=1
2026-06-03T11:08:15.2533394+00:00	WorkerEvent	Layer02Node05.select-l02-n05	GrantAccepted; ExitCode=0; 
2026-06-03T11:08:15.2551490+00:00	WorkerEvent	Layer02Node05.select-l02-n05	TaskStarted; ExitCode=0; 
2026-06-03T11:08:15.6329917+00:00	WorkerEvent	Layer02Node01.select-l02-n01	TaskSucceeded; ExitCode=0; 
2026-06-03T11:08:15.6343233+00:00	TaskSucceeded	Layer02Node01.select-l02-n01	0
2026-06-03T11:08:15.6831193+00:00	WorkerEvent	Layer02Node01	Closed; ExitCode=0; 
2026-06-03T11:08:15.6848239+00:00	WorkerStarting	Layer02Node06	meta-pipeline
2026-06-03T11:08:15.9067872+00:00	WorkerStarted	Layer02Node06	3560
2026-06-03T11:08:15.9076289+00:00	WorkerControlPipe	Layer02Node06	meta-orchestration-507fa6f1cb0a4a20ba35ef0997e52c27
2026-06-03T11:08:15.9084294+00:00	WorkerLog	Layer02Node06	stdout=C:\Users\jimmy\Desktop\meta-bi\Samples\Demos\MetaOrchestrationHairballCliIntegration\Runs\hairball-seed-20260530\RunArtifacts\runs\20260603-110742_4844be1369c548d7bedbf8a4694ba772\logs\Layer02Node06-3560.stdout.log; stderr=C:\Users\jimmy\Desktop\meta-bi\Samples\Demos\MetaOrchestrationHairballCliIntegration\Runs\hairball-seed-20260530\RunArtifacts\runs\20260603-110742_4844be1369c548d7bedbf8a4694ba772\logs\Layer02Node06-3560.stderr.log
2026-06-03T11:08:15.9580405+00:00	WorkerEvent	Layer02Node06	WorkerOnline; ExitCode=0; online
2026-06-03T11:08:15.9619767+00:00	WorkerEvent	Layer02Node06	WorkerReady; ExitCode=0; ready
2026-06-03T11:08:15.9687578+00:00	StartPipeline	Layer02Node06	Layer02Node06
2026-06-03T11:08:16.2171384+00:00	WorkerEvent	Layer02Node05.select-l02-n05	TaskSucceeded; ExitCode=0; 
2026-06-03T11:08:16.2186116+00:00	TaskSucceeded	Layer02Node05.select-l02-n05	0
2026-06-03T11:08:16.2741654+00:00	WorkerEvent	Layer02Node05	Closed; ExitCode=0; 
2026-06-03T11:08:16.2754088+00:00	WorkerStarting	Layer02Node07	meta-pipeline
2026-06-03T11:08:16.4942042+00:00	WorkerStarted	Layer02Node07	4932
2026-06-03T11:08:16.4952661+00:00	WorkerControlPipe	Layer02Node07	meta-orchestration-81631c1cde184457bbf8f1a2f84fde37
2026-06-03T11:08:16.4959801+00:00	WorkerLog	Layer02Node07	stdout=C:\Users\jimmy\Desktop\meta-bi\Samples\Demos\MetaOrchestrationHairballCliIntegration\Runs\hairball-seed-20260530\RunArtifacts\runs\20260603-110742_4844be1369c548d7bedbf8a4694ba772\logs\Layer02Node07-4932.stdout.log; stderr=C:\Users\jimmy\Desktop\meta-bi\Samples\Demos\MetaOrchestrationHairballCliIntegration\Runs\hairball-seed-20260530\RunArtifacts\runs\20260603-110742_4844be1369c548d7bedbf8a4694ba772\logs\Layer02Node07-4932.stderr.log
2026-06-03T11:08:16.5408487+00:00	WorkerEvent	Layer02Node07	WorkerOnline; ExitCode=0; online
2026-06-03T11:08:16.5445130+00:00	WorkerEvent	Layer02Node07	WorkerReady; ExitCode=0; ready
2026-06-03T11:08:16.5513269+00:00	StartPipeline	Layer02Node07	Layer02Node07
2026-06-03T11:08:17.3070629+00:00	WorkerEvent	Layer02Node06	PipelineStarted; ExitCode=0; pipeline started
2026-06-03T11:08:17.3111775+00:00	WorkerEvent	Layer02Node06.refresh-l02-n06	TaskReady; ExitCode=0; 
2026-06-03T11:08:17.3132359+00:00	GrantTask	Layer02Node06.refresh-l02-n06	Layer02Node06.refresh-l02-n06; GrantId=grant-27; Attempt=1
2026-06-03T11:08:17.3141006+00:00	WorkerEvent	Layer02Node06.refresh-l02-n06	GrantAccepted; ExitCode=0; 
2026-06-03T11:08:17.3157239+00:00	WorkerEvent	Layer02Node06.refresh-l02-n06	TaskStarted; ExitCode=0; 
2026-06-03T11:08:17.8036998+00:00	WorkerEvent	Layer02Node07	PipelineStarted; ExitCode=0; pipeline started
2026-06-03T11:08:17.8078476+00:00	WorkerEvent	Layer02Node07.refresh-l02-n07	TaskReady; ExitCode=0; 
2026-06-03T11:08:17.8099772+00:00	GrantTask	Layer02Node07.refresh-l02-n07	Layer02Node07.refresh-l02-n07; GrantId=grant-28; Attempt=1
2026-06-03T11:08:17.8110240+00:00	WorkerEvent	Layer02Node07.refresh-l02-n07	GrantAccepted; ExitCode=0; 
2026-06-03T11:08:17.8127061+00:00	WorkerEvent	Layer02Node07.refresh-l02-n07	TaskStarted; ExitCode=0; 
2026-06-03T11:08:18.1463057+00:00	WorkerEvent	Layer02Node06.refresh-l02-n06	TaskSucceeded; ExitCode=0; 
2026-06-03T11:08:18.1474084+00:00	TaskSucceeded	Layer02Node06.refresh-l02-n06	0
2026-06-03T11:08:18.1924809+00:00	WorkerEvent	Layer02Node06	Closed; ExitCode=0; 
2026-06-03T11:08:18.1935639+00:00	WorkerStarting	Layer02Node08	meta-pipeline
2026-06-03T11:08:18.4260414+00:00	WorkerStarted	Layer02Node08	23096
2026-06-03T11:08:18.4270186+00:00	WorkerControlPipe	Layer02Node08	meta-orchestration-10bb1946d33d41b49ee8a189b128a40a
2026-06-03T11:08:18.4275808+00:00	WorkerLog	Layer02Node08	stdout=C:\Users\jimmy\Desktop\meta-bi\Samples\Demos\MetaOrchestrationHairballCliIntegration\Runs\hairball-seed-20260530\RunArtifacts\runs\20260603-110742_4844be1369c548d7bedbf8a4694ba772\logs\Layer02Node08-23096.stdout.log; stderr=C:\Users\jimmy\Desktop\meta-bi\Samples\Demos\MetaOrchestrationHairballCliIntegration\Runs\hairball-seed-20260530\RunArtifacts\runs\20260603-110742_4844be1369c548d7bedbf8a4694ba772\logs\Layer02Node08-23096.stderr.log
2026-06-03T11:08:18.4783400+00:00	WorkerEvent	Layer02Node08	WorkerOnline; ExitCode=0; online
2026-06-03T11:08:18.4822558+00:00	WorkerEvent	Layer02Node08	WorkerReady; ExitCode=0; ready
2026-06-03T11:08:18.4892874+00:00	StartPipeline	Layer02Node08	Layer02Node08
2026-06-03T11:08:18.6535888+00:00	WorkerEvent	Layer02Node07.refresh-l02-n07	TaskSucceeded; ExitCode=0; 
2026-06-03T11:08:18.6547316+00:00	TaskSucceeded	Layer02Node07.refresh-l02-n07	0
2026-06-03T11:08:18.7065855+00:00	WorkerEvent	Layer02Node07	Closed; ExitCode=0; 
2026-06-03T11:08:18.7083639+00:00	WorkerStarting	Layer03Node02	meta-pipeline
2026-06-03T11:08:18.9536656+00:00	WorkerStarted	Layer03Node02	29928
2026-06-03T11:08:18.9545934+00:00	WorkerControlPipe	Layer03Node02	meta-orchestration-0264c8e8bdca40d688eabfe0a64ebcb3
2026-06-03T11:08:18.9552234+00:00	WorkerLog	Layer03Node02	stdout=C:\Users\jimmy\Desktop\meta-bi\Samples\Demos\MetaOrchestrationHairballCliIntegration\Runs\hairball-seed-20260530\RunArtifacts\runs\20260603-110742_4844be1369c548d7bedbf8a4694ba772\logs\Layer03Node02-29928.stdout.log; stderr=C:\Users\jimmy\Desktop\meta-bi\Samples\Demos\MetaOrchestrationHairballCliIntegration\Runs\hairball-seed-20260530\RunArtifacts\runs\20260603-110742_4844be1369c548d7bedbf8a4694ba772\logs\Layer03Node02-29928.stderr.log
2026-06-03T11:08:18.9957295+00:00	WorkerEvent	Layer03Node02	WorkerOnline; ExitCode=0; online
2026-06-03T11:08:18.9999606+00:00	WorkerEvent	Layer03Node02	WorkerReady; ExitCode=0; ready
2026-06-03T11:08:19.0075124+00:00	StartPipeline	Layer03Node02	Layer03Node02
2026-06-03T11:08:19.8079585+00:00	WorkerEvent	Layer02Node08	PipelineStarted; ExitCode=0; pipeline started
2026-06-03T11:08:19.8128400+00:00	WorkerEvent	Layer02Node08.refresh-l02-n08	TaskReady; ExitCode=0; 
2026-06-03T11:08:19.8150377+00:00	GrantTask	Layer02Node08.refresh-l02-n08	Layer02Node08.refresh-l02-n08; GrantId=grant-29; Attempt=1
2026-06-03T11:08:19.8159924+00:00	WorkerEvent	Layer02Node08.refresh-l02-n08	GrantAccepted; ExitCode=0; 
2026-06-03T11:08:19.8182623+00:00	WorkerEvent	Layer02Node08.refresh-l02-n08	TaskStarted; ExitCode=0; 
2026-06-03T11:08:20.2205643+00:00	WorkerEvent	Layer03Node02	PipelineStarted; ExitCode=0; pipeline started
2026-06-03T11:08:20.2240058+00:00	WorkerEvent	Layer03Node02.export-l03-n02	TaskReady; ExitCode=0; 
2026-06-03T11:08:20.2259174+00:00	GrantTask	Layer03Node02.export-l03-n02	Layer03Node02.export-l03-n02; GrantId=grant-30; Attempt=1
2026-06-03T11:08:20.2268938+00:00	WorkerEvent	Layer03Node02.export-l03-n02	GrantAccepted; ExitCode=0; 
2026-06-03T11:08:20.2286262+00:00	WorkerEvent	Layer03Node02.export-l03-n02	TaskStarted; ExitCode=0; 
2026-06-03T11:08:20.5678276+00:00	WorkerEvent	Layer02Node08.refresh-l02-n08	TaskSucceeded; ExitCode=0; 
2026-06-03T11:08:20.5688701+00:00	TaskSucceeded	Layer02Node08.refresh-l02-n08	0
2026-06-03T11:08:20.6100511+00:00	WorkerEvent	Layer02Node08	Closed; ExitCode=0; 
2026-06-03T11:08:20.6116319+00:00	WorkerStarting	Layer02Hub	meta-pipeline
2026-06-03T11:08:20.8067088+00:00	WorkerStarted	Layer02Hub	29408
2026-06-03T11:08:20.8074027+00:00	WorkerControlPipe	Layer02Hub	meta-orchestration-bddbb103fc3a445cac296960cc8f2157
2026-06-03T11:08:20.8080499+00:00	WorkerLog	Layer02Hub	stdout=C:\Users\jimmy\Desktop\meta-bi\Samples\Demos\MetaOrchestrationHairballCliIntegration\Runs\hairball-seed-20260530\RunArtifacts\runs\20260603-110742_4844be1369c548d7bedbf8a4694ba772\logs\Layer02Hub-29408.stdout.log; stderr=C:\Users\jimmy\Desktop\meta-bi\Samples\Demos\MetaOrchestrationHairballCliIntegration\Runs\hairball-seed-20260530\RunArtifacts\runs\20260603-110742_4844be1369c548d7bedbf8a4694ba772\logs\Layer02Hub-29408.stderr.log
2026-06-03T11:08:20.8634595+00:00	WorkerEvent	Layer02Hub	WorkerOnline; ExitCode=0; online
2026-06-03T11:08:20.8677139+00:00	WorkerEvent	Layer02Hub	WorkerReady; ExitCode=0; ready
2026-06-03T11:08:20.8744634+00:00	StartPipeline	Layer02Hub	Layer02Hub
2026-06-03T11:08:21.3800151+00:00	WorkerEvent	Layer03Node02.export-l03-n02	TaskSucceeded; ExitCode=0; 
2026-06-03T11:08:21.3811088+00:00	TaskSucceeded	Layer03Node02.export-l03-n02	0
2026-06-03T11:08:21.4305558+00:00	WorkerEvent	Layer03Node02	Closed; ExitCode=0; 
2026-06-03T11:08:21.4319273+00:00	WorkerStarting	Layer03Node03	meta-pipeline
2026-06-03T11:08:21.6221986+00:00	WorkerStarted	Layer03Node03	29904
2026-06-03T11:08:21.6231673+00:00	WorkerControlPipe	Layer03Node03	meta-orchestration-e16ec69f350f4a81b11430032c4f4513
2026-06-03T11:08:21.6237359+00:00	WorkerLog	Layer03Node03	stdout=C:\Users\jimmy\Desktop\meta-bi\Samples\Demos\MetaOrchestrationHairballCliIntegration\Runs\hairball-seed-20260530\RunArtifacts\runs\20260603-110742_4844be1369c548d7bedbf8a4694ba772\logs\Layer03Node03-29904.stdout.log; stderr=C:\Users\jimmy\Desktop\meta-bi\Samples\Demos\MetaOrchestrationHairballCliIntegration\Runs\hairball-seed-20260530\RunArtifacts\runs\20260603-110742_4844be1369c548d7bedbf8a4694ba772\logs\Layer03Node03-29904.stderr.log
2026-06-03T11:08:21.6804744+00:00	WorkerEvent	Layer03Node03	WorkerOnline; ExitCode=0; online
2026-06-03T11:08:21.6836621+00:00	WorkerEvent	Layer03Node03	WorkerReady; ExitCode=0; ready
2026-06-03T11:08:21.6900344+00:00	StartPipeline	Layer03Node03	Layer03Node03
2026-06-03T11:08:22.7390181+00:00	WorkerEvent	Layer02Hub	PipelineStarted; ExitCode=0; pipeline started
2026-06-03T11:08:22.7438500+00:00	WorkerEvent	Layer02Hub.hub-l02-stage	TaskReady; ExitCode=0; 
2026-06-03T11:08:22.7458146+00:00	GrantTask	Layer02Hub.hub-l02-stage	Layer02Hub.hub-l02-stage; GrantId=grant-31; Attempt=1
2026-06-03T11:08:22.7471176+00:00	WorkerEvent	Layer02Hub.hub-l02-stage	GrantAccepted; ExitCode=0; 
2026-06-03T11:08:22.7488139+00:00	WorkerEvent	Layer02Hub.hub-l02-stage	TaskStarted; ExitCode=0; 
2026-06-03T11:08:23.0959890+00:00	WorkerEvent	Layer03Node03	PipelineStarted; ExitCode=0; pipeline started
2026-06-03T11:08:23.1005524+00:00	WorkerEvent	Layer03Node03.export-l03-n03	TaskReady; ExitCode=0; 
2026-06-03T11:08:23.1022515+00:00	GrantTask	Layer03Node03.export-l03-n03	Layer03Node03.export-l03-n03; GrantId=grant-32; Attempt=1
2026-06-03T11:08:23.1030356+00:00	WorkerEvent	Layer03Node03.export-l03-n03	GrantAccepted; ExitCode=0; 
2026-06-03T11:08:23.1043375+00:00	WorkerEvent	Layer03Node03.export-l03-n03	TaskStarted; ExitCode=0; 
2026-06-03T11:08:23.6825399+00:00	WorkerEvent	Layer02Hub.hub-l02-stage	TaskSucceeded; ExitCode=0; 
2026-06-03T11:08:23.6837183+00:00	TaskSucceeded	Layer02Hub.hub-l02-stage	0
2026-06-03T11:08:23.6851976+00:00	WorkerEvent	Layer02Hub.hub-l02-curate	TaskReady; ExitCode=0; 
2026-06-03T11:08:23.6872368+00:00	GrantTask	Layer02Hub.hub-l02-curate	Layer02Hub.hub-l02-curate; GrantId=grant-33; Attempt=1
2026-06-03T11:08:23.6879866+00:00	WorkerEvent	Layer02Hub.hub-l02-curate	GrantAccepted; ExitCode=0; 
2026-06-03T11:08:23.6896854+00:00	WorkerEvent	Layer02Hub.hub-l02-curate	TaskStarted; ExitCode=0; 
2026-06-03T11:08:23.8612306+00:00	WorkerEvent	Layer02Hub.hub-l02-curate	TaskSucceeded; ExitCode=0; 
2026-06-03T11:08:23.8623621+00:00	TaskSucceeded	Layer02Hub.hub-l02-curate	0
2026-06-03T11:08:23.8635439+00:00	WorkerEvent	Layer02Hub.hub-l02-publish	TaskReady; ExitCode=0; 
2026-06-03T11:08:23.8652183+00:00	GrantTask	Layer02Hub.hub-l02-publish	Layer02Hub.hub-l02-publish; GrantId=grant-34; Attempt=1
2026-06-03T11:08:23.8660433+00:00	WorkerEvent	Layer02Hub.hub-l02-publish	GrantAccepted; ExitCode=0; 
2026-06-03T11:08:23.8674245+00:00	WorkerEvent	Layer02Hub.hub-l02-publish	TaskStarted; ExitCode=0; 
2026-06-03T11:08:24.1187499+00:00	WorkerEvent	Layer03Node03.export-l03-n03	TaskSucceeded; ExitCode=0; 
2026-06-03T11:08:24.1197074+00:00	TaskSucceeded	Layer03Node03.export-l03-n03	0
2026-06-03T11:08:24.1503739+00:00	WorkerEvent	Layer02Hub.hub-l02-publish	TaskSucceeded; ExitCode=0; 
2026-06-03T11:08:24.1511541+00:00	TaskSucceeded	Layer02Hub.hub-l02-publish	0
2026-06-03T11:08:24.1603617+00:00	WorkerEvent	Layer03Node03	Closed; ExitCode=0; 
2026-06-03T11:08:24.1611730+00:00	WorkerResuming	BridgeL01L02	ResumeTaskId=BridgeL01L02.bridge-l01-l02-collect; Executable=meta-pipeline
2026-06-03T11:08:24.3404736+00:00	WorkerStarted	BridgeL01L02	16008
2026-06-03T11:08:24.3411702+00:00	WorkerControlPipe	BridgeL01L02	meta-orchestration-8504db89c79b401a93b0f03ad247c17f
2026-06-03T11:08:24.3418359+00:00	WorkerLog	BridgeL01L02	stdout=C:\Users\jimmy\Desktop\meta-bi\Samples\Demos\MetaOrchestrationHairballCliIntegration\Runs\hairball-seed-20260530\RunArtifacts\runs\20260603-110742_4844be1369c548d7bedbf8a4694ba772\logs\BridgeL01L02-16008.stdout.log; stderr=C:\Users\jimmy\Desktop\meta-bi\Samples\Demos\MetaOrchestrationHairballCliIntegration\Runs\hairball-seed-20260530\RunArtifacts\runs\20260603-110742_4844be1369c548d7bedbf8a4694ba772\logs\BridgeL01L02-16008.stderr.log
2026-06-03T11:08:24.3425922+00:00	WorkerEvent	Layer02Hub	Closed; ExitCode=0; 
2026-06-03T11:08:24.3439916+00:00	WorkerStarting	Layer03Node01	meta-pipeline
2026-06-03T11:08:24.5443292+00:00	WorkerStarted	Layer03Node01	17180
2026-06-03T11:08:24.5452149+00:00	WorkerControlPipe	Layer03Node01	meta-orchestration-0754de7adbed44f7aa785aad00a90692
2026-06-03T11:08:24.5457542+00:00	WorkerLog	Layer03Node01	stdout=C:\Users\jimmy\Desktop\meta-bi\Samples\Demos\MetaOrchestrationHairballCliIntegration\Runs\hairball-seed-20260530\RunArtifacts\runs\20260603-110742_4844be1369c548d7bedbf8a4694ba772\logs\Layer03Node01-17180.stdout.log; stderr=C:\Users\jimmy\Desktop\meta-bi\Samples\Demos\MetaOrchestrationHairballCliIntegration\Runs\hairball-seed-20260530\RunArtifacts\runs\20260603-110742_4844be1369c548d7bedbf8a4694ba772\logs\Layer03Node01-17180.stderr.log
2026-06-03T11:08:24.5466424+00:00	WorkerEvent	BridgeL01L02	WorkerOnline; ExitCode=0; online
2026-06-03T11:08:24.5482770+00:00	WorkerEvent	BridgeL01L02	WorkerReady; ExitCode=0; ready
2026-06-03T11:08:24.5543658+00:00	StartPipeline	BridgeL01L02	BridgeL01L02
2026-06-03T11:08:24.5872232+00:00	WorkerEvent	Layer03Node01	WorkerOnline; ExitCode=0; online
2026-06-03T11:08:24.5910143+00:00	WorkerEvent	Layer03Node01	WorkerReady; ExitCode=0; ready
2026-06-03T11:08:24.5983440+00:00	StartPipeline	Layer03Node01	Layer03Node01
2026-06-03T11:08:25.8557218+00:00	WorkerEvent	Layer03Node01	PipelineStarted; ExitCode=0; pipeline started
2026-06-03T11:08:25.8609395+00:00	WorkerEvent	Layer03Node01.select-l03-n01	TaskReady; ExitCode=0; 
2026-06-03T11:08:25.8629206+00:00	GrantTask	Layer03Node01.select-l03-n01	Layer03Node01.select-l03-n01; GrantId=grant-35; Attempt=1
2026-06-03T11:08:25.8640988+00:00	WorkerEvent	Layer03Node01.select-l03-n01	GrantAccepted; ExitCode=0; 
2026-06-03T11:08:25.8660295+00:00	WorkerEvent	Layer03Node01.select-l03-n01	TaskStarted; ExitCode=0; 
2026-06-03T11:08:26.3500597+00:00	WorkerEvent	BridgeL01L02	PipelineStarted; ExitCode=0; pipeline started
2026-06-03T11:08:26.3559276+00:00	WorkerEvent	BridgeL01L02.bridge-l01-l02-collect	TaskReady; ExitCode=0; 
2026-06-03T11:08:26.3588932+00:00	GrantTask	BridgeL01L02.bridge-l01-l02-collect	BridgeL01L02.bridge-l01-l02-collect; GrantId=grant-36; Attempt=1
2026-06-03T11:08:26.3597808+00:00	WorkerEvent	BridgeL01L02.bridge-l01-l02-collect	GrantAccepted; ExitCode=0; 
2026-06-03T11:08:26.3617917+00:00	WorkerEvent	BridgeL01L02.bridge-l01-l02-collect	TaskStarted; ExitCode=0; 
2026-06-03T11:08:26.8248578+00:00	WorkerEvent	Layer03Node01.select-l03-n01	TaskSucceeded; ExitCode=0; 
2026-06-03T11:08:26.8259792+00:00	TaskSucceeded	Layer03Node01.select-l03-n01	0
2026-06-03T11:08:26.8772982+00:00	WorkerEvent	Layer03Node01	Closed; ExitCode=0; 
2026-06-03T11:08:26.8788452+00:00	WorkerStarting	Layer03Node06	meta-pipeline
2026-06-03T11:08:27.1157591+00:00	WorkerStarted	Layer03Node06	14612
2026-06-03T11:08:27.1165856+00:00	WorkerControlPipe	Layer03Node06	meta-orchestration-afd9cd9b09e94be99797ae22648f5649
2026-06-03T11:08:27.1174078+00:00	WorkerLog	Layer03Node06	stdout=C:\Users\jimmy\Desktop\meta-bi\Samples\Demos\MetaOrchestrationHairballCliIntegration\Runs\hairball-seed-20260530\RunArtifacts\runs\20260603-110742_4844be1369c548d7bedbf8a4694ba772\logs\Layer03Node06-14612.stdout.log; stderr=C:\Users\jimmy\Desktop\meta-bi\Samples\Demos\MetaOrchestrationHairballCliIntegration\Runs\hairball-seed-20260530\RunArtifacts\runs\20260603-110742_4844be1369c548d7bedbf8a4694ba772\logs\Layer03Node06-14612.stderr.log
2026-06-03T11:08:27.1686389+00:00	WorkerEvent	Layer03Node06	WorkerOnline; ExitCode=0; online
2026-06-03T11:08:27.1726053+00:00	WorkerEvent	Layer03Node06	WorkerReady; ExitCode=0; ready
2026-06-03T11:08:27.1798234+00:00	StartPipeline	Layer03Node06	Layer03Node06
2026-06-03T11:08:27.4396733+00:00	WorkerEvent	BridgeL01L02.bridge-l01-l02-collect	TaskSucceeded; ExitCode=0; 
2026-06-03T11:08:27.4408440+00:00	TaskSucceeded	BridgeL01L02.bridge-l01-l02-collect	0
2026-06-03T11:08:27.4427579+00:00	WorkerEvent	BridgeL01L02.bridge-l01-l02-north	TaskReady; ExitCode=0; 
2026-06-03T11:08:27.4447339+00:00	GrantTask	BridgeL01L02.bridge-l01-l02-north	BridgeL01L02.bridge-l01-l02-north; GrantId=grant-37; Attempt=1
2026-06-03T11:08:27.4458054+00:00	WorkerEvent	BridgeL01L02.bridge-l01-l02-north	GrantAccepted; ExitCode=0; 
2026-06-03T11:08:27.4474805+00:00	WorkerEvent	BridgeL01L02.bridge-l01-l02-north	TaskStarted; ExitCode=0; 
2026-06-03T11:08:27.6722430+00:00	WorkerEvent	BridgeL01L02.bridge-l01-l02-north	TaskSucceeded; ExitCode=0; 
2026-06-03T11:08:27.6734235+00:00	TaskSucceeded	BridgeL01L02.bridge-l01-l02-north	0
2026-06-03T11:08:27.6748198+00:00	WorkerEvent	BridgeL01L02.bridge-l01-l02-south	TaskReady; ExitCode=0; 
2026-06-03T11:08:27.6786800+00:00	GrantTask	BridgeL01L02.bridge-l01-l02-south	BridgeL01L02.bridge-l01-l02-south; GrantId=grant-38; Attempt=1
2026-06-03T11:08:27.6795645+00:00	WorkerEvent	BridgeL01L02.bridge-l01-l02-south	GrantAccepted; ExitCode=0; 
2026-06-03T11:08:27.6810863+00:00	WorkerEvent	BridgeL01L02.bridge-l01-l02-south	TaskStarted; ExitCode=0; 
2026-06-03T11:08:27.8484174+00:00	WorkerEvent	BridgeL01L02.bridge-l01-l02-south	TaskSucceeded; ExitCode=0; 
2026-06-03T11:08:27.8495129+00:00	TaskSucceeded	BridgeL01L02.bridge-l01-l02-south	0
2026-06-03T11:08:27.9025072+00:00	WorkerEvent	BridgeL01L02	Closed; ExitCode=0; 
2026-06-03T11:08:27.9041222+00:00	WorkerStarting	Layer03Node04	meta-pipeline
2026-06-03T11:08:28.1619523+00:00	WorkerStarted	Layer03Node04	20272
2026-06-03T11:08:28.1628968+00:00	WorkerControlPipe	Layer03Node04	meta-orchestration-7a411801b81a4ebcb75382af422c4926
2026-06-03T11:08:28.1638111+00:00	WorkerLog	Layer03Node04	stdout=C:\Users\jimmy\Desktop\meta-bi\Samples\Demos\MetaOrchestrationHairballCliIntegration\Runs\hairball-seed-20260530\RunArtifacts\runs\20260603-110742_4844be1369c548d7bedbf8a4694ba772\logs\Layer03Node04-20272.stdout.log; stderr=C:\Users\jimmy\Desktop\meta-bi\Samples\Demos\MetaOrchestrationHairballCliIntegration\Runs\hairball-seed-20260530\RunArtifacts\runs\20260603-110742_4844be1369c548d7bedbf8a4694ba772\logs\Layer03Node04-20272.stderr.log
2026-06-03T11:08:28.2146647+00:00	WorkerEvent	Layer03Node04	WorkerOnline; ExitCode=0; online
2026-06-03T11:08:28.2193017+00:00	WorkerEvent	Layer03Node04	WorkerReady; ExitCode=0; ready
2026-06-03T11:08:28.2257852+00:00	StartPipeline	Layer03Node04	Layer03Node04
2026-06-03T11:08:28.6226065+00:00	WorkerEvent	Layer03Node06	PipelineStarted; ExitCode=0; pipeline started
2026-06-03T11:08:28.6270577+00:00	WorkerEvent	Layer03Node06.refresh-l03-n06	TaskReady; ExitCode=0; 
2026-06-03T11:08:28.6289456+00:00	GrantTask	Layer03Node06.refresh-l03-n06	Layer03Node06.refresh-l03-n06; GrantId=grant-39; Attempt=1
2026-06-03T11:08:28.6299301+00:00	WorkerEvent	Layer03Node06.refresh-l03-n06	GrantAccepted; ExitCode=0; 
2026-06-03T11:08:28.6317630+00:00	WorkerEvent	Layer03Node06.refresh-l03-n06	TaskStarted; ExitCode=0; 
2026-06-03T11:08:29.3677236+00:00	WorkerEvent	Layer03Node06.refresh-l03-n06	TaskSucceeded; ExitCode=0; 
2026-06-03T11:08:29.3688603+00:00	TaskSucceeded	Layer03Node06.refresh-l03-n06	0
2026-06-03T11:08:29.4130412+00:00	WorkerEvent	Layer03Node06	Closed; ExitCode=0; 
2026-06-03T11:08:29.4147325+00:00	WorkerStarting	Layer03Node05	meta-pipeline
2026-06-03T11:08:29.6012364+00:00	WorkerStarted	Layer03Node05	17468
2026-06-03T11:08:29.6021427+00:00	WorkerControlPipe	Layer03Node05	meta-orchestration-9a590714b46d4f6fadbcbaa572537a48
2026-06-03T11:08:29.6027354+00:00	WorkerLog	Layer03Node05	stdout=C:\Users\jimmy\Desktop\meta-bi\Samples\Demos\MetaOrchestrationHairballCliIntegration\Runs\hairball-seed-20260530\RunArtifacts\runs\20260603-110742_4844be1369c548d7bedbf8a4694ba772\logs\Layer03Node05-17468.stdout.log; stderr=C:\Users\jimmy\Desktop\meta-bi\Samples\Demos\MetaOrchestrationHairballCliIntegration\Runs\hairball-seed-20260530\RunArtifacts\runs\20260603-110742_4844be1369c548d7bedbf8a4694ba772\logs\Layer03Node05-17468.stderr.log
2026-06-03T11:08:29.6035063+00:00	WorkerEvent	Layer03Node04	PipelineStarted; ExitCode=0; pipeline started
2026-06-03T11:08:29.6052849+00:00	WorkerEvent	Layer03Node04.select-l03-n04	TaskReady; ExitCode=0; 
2026-06-03T11:08:29.6073433+00:00	GrantTask	Layer03Node04.select-l03-n04	Layer03Node04.select-l03-n04; GrantId=grant-40; Attempt=1
2026-06-03T11:08:29.6085913+00:00	WorkerEvent	Layer03Node04.select-l03-n04	GrantAccepted; ExitCode=0; 
2026-06-03T11:08:29.6101248+00:00	WorkerEvent	Layer03Node04.select-l03-n04	TaskStarted; ExitCode=0; 
2026-06-03T11:08:29.6471316+00:00	WorkerEvent	Layer03Node05	WorkerOnline; ExitCode=0; online
2026-06-03T11:08:29.6514508+00:00	WorkerEvent	Layer03Node05	WorkerReady; ExitCode=0; ready
2026-06-03T11:08:29.6593108+00:00	StartPipeline	Layer03Node05	Layer03Node05
2026-06-03T11:08:30.4567178+00:00	WorkerEvent	Layer03Node04.select-l03-n04	TaskSucceeded; ExitCode=0; 
2026-06-03T11:08:30.4579319+00:00	TaskSucceeded	Layer03Node04.select-l03-n04	0
2026-06-03T11:08:30.4965220+00:00	WorkerEvent	Layer03Node04	Closed; ExitCode=0; 
2026-06-03T11:08:30.4972898+00:00	WorkerStarting	Layer03Node07	meta-pipeline
2026-06-03T11:08:30.6807520+00:00	WorkerStarted	Layer03Node07	5288
2026-06-03T11:08:30.6815183+00:00	WorkerControlPipe	Layer03Node07	meta-orchestration-65a53b83d2814b369489b397b6b0d561
2026-06-03T11:08:30.6820653+00:00	WorkerLog	Layer03Node07	stdout=C:\Users\jimmy\Desktop\meta-bi\Samples\Demos\MetaOrchestrationHairballCliIntegration\Runs\hairball-seed-20260530\RunArtifacts\runs\20260603-110742_4844be1369c548d7bedbf8a4694ba772\logs\Layer03Node07-5288.stdout.log; stderr=C:\Users\jimmy\Desktop\meta-bi\Samples\Demos\MetaOrchestrationHairballCliIntegration\Runs\hairball-seed-20260530\RunArtifacts\runs\20260603-110742_4844be1369c548d7bedbf8a4694ba772\logs\Layer03Node07-5288.stderr.log
2026-06-03T11:08:30.7189490+00:00	WorkerEvent	Layer03Node07	WorkerOnline; ExitCode=0; online
2026-06-03T11:08:30.7229628+00:00	WorkerEvent	Layer03Node07	WorkerReady; ExitCode=0; ready
2026-06-03T11:08:30.7301274+00:00	StartPipeline	Layer03Node07	Layer03Node07
2026-06-03T11:08:30.9277628+00:00	WorkerEvent	Layer03Node05	PipelineStarted; ExitCode=0; pipeline started
2026-06-03T11:08:30.9329314+00:00	WorkerEvent	Layer03Node05.select-l03-n05	TaskReady; ExitCode=0; 
2026-06-03T11:08:30.9354895+00:00	GrantTask	Layer03Node05.select-l03-n05	Layer03Node05.select-l03-n05; GrantId=grant-41; Attempt=1
2026-06-03T11:08:30.9372473+00:00	WorkerEvent	Layer03Node05.select-l03-n05	GrantAccepted; ExitCode=0; 
2026-06-03T11:08:30.9386552+00:00	WorkerEvent	Layer03Node05.select-l03-n05	TaskStarted; ExitCode=0; 
2026-06-03T11:08:31.8611986+00:00	WorkerEvent	Layer03Node05.select-l03-n05	TaskSucceeded; ExitCode=0; 
2026-06-03T11:08:31.8621431+00:00	TaskSucceeded	Layer03Node05.select-l03-n05	0
2026-06-03T11:08:31.9077328+00:00	WorkerEvent	Layer03Node05	Closed; ExitCode=0; 
2026-06-03T11:08:31.9091182+00:00	WorkerStarting	Layer03Node08	meta-pipeline
2026-06-03T11:08:32.1046094+00:00	WorkerStarted	Layer03Node08	25876
2026-06-03T11:08:32.1053760+00:00	WorkerControlPipe	Layer03Node08	meta-orchestration-8b9b44d9cc29475f8258e44ff6dddfd6
2026-06-03T11:08:32.1060306+00:00	WorkerLog	Layer03Node08	stdout=C:\Users\jimmy\Desktop\meta-bi\Samples\Demos\MetaOrchestrationHairballCliIntegration\Runs\hairball-seed-20260530\RunArtifacts\runs\20260603-110742_4844be1369c548d7bedbf8a4694ba772\logs\Layer03Node08-25876.stdout.log; stderr=C:\Users\jimmy\Desktop\meta-bi\Samples\Demos\MetaOrchestrationHairballCliIntegration\Runs\hairball-seed-20260530\RunArtifacts\runs\20260603-110742_4844be1369c548d7bedbf8a4694ba772\logs\Layer03Node08-25876.stderr.log
2026-06-03T11:08:32.1068073+00:00	WorkerEvent	Layer03Node07	PipelineStarted; ExitCode=0; pipeline started
2026-06-03T11:08:32.1090016+00:00	WorkerEvent	Layer03Node07.refresh-l03-n07	TaskReady; ExitCode=0; 
2026-06-03T11:08:32.1107216+00:00	GrantTask	Layer03Node07.refresh-l03-n07	Layer03Node07.refresh-l03-n07; GrantId=grant-42; Attempt=1
2026-06-03T11:08:32.1118070+00:00	WorkerEvent	Layer03Node07.refresh-l03-n07	GrantAccepted; ExitCode=0; 
2026-06-03T11:08:32.1138029+00:00	WorkerEvent	Layer03Node07.refresh-l03-n07	TaskStarted; ExitCode=0; 
2026-06-03T11:08:32.1478091+00:00	WorkerEvent	Layer03Node08	WorkerOnline; ExitCode=0; online
2026-06-03T11:08:32.1516556+00:00	WorkerEvent	Layer03Node08	WorkerReady; ExitCode=0; ready
2026-06-03T11:08:32.1582200+00:00	StartPipeline	Layer03Node08	Layer03Node08
2026-06-03T11:08:33.0087627+00:00	WorkerEvent	Layer03Node07.refresh-l03-n07	TaskSucceeded; ExitCode=0; 
2026-06-03T11:08:33.0102984+00:00	TaskSucceeded	Layer03Node07.refresh-l03-n07	0
2026-06-03T11:08:33.0606781+00:00	WorkerEvent	Layer03Node07	Closed; ExitCode=0; 
2026-06-03T11:08:33.0624166+00:00	WorkerStarting	Layer03Hub	meta-pipeline
2026-06-03T11:08:33.2768978+00:00	WorkerStarted	Layer03Hub	20228
2026-06-03T11:08:33.2775571+00:00	WorkerControlPipe	Layer03Hub	meta-orchestration-1bb65e8d74884602a4eecd892fe65490
2026-06-03T11:08:33.2782864+00:00	WorkerLog	Layer03Hub	stdout=C:\Users\jimmy\Desktop\meta-bi\Samples\Demos\MetaOrchestrationHairballCliIntegration\Runs\hairball-seed-20260530\RunArtifacts\runs\20260603-110742_4844be1369c548d7bedbf8a4694ba772\logs\Layer03Hub-20228.stdout.log; stderr=C:\Users\jimmy\Desktop\meta-bi\Samples\Demos\MetaOrchestrationHairballCliIntegration\Runs\hairball-seed-20260530\RunArtifacts\runs\20260603-110742_4844be1369c548d7bedbf8a4694ba772\logs\Layer03Hub-20228.stderr.log
2026-06-03T11:08:33.3204048+00:00	WorkerEvent	Layer03Hub	WorkerOnline; ExitCode=0; online
2026-06-03T11:08:33.3243469+00:00	WorkerEvent	Layer03Hub	WorkerReady; ExitCode=0; ready
2026-06-03T11:08:33.3324801+00:00	StartPipeline	Layer03Hub	Layer03Hub
2026-06-03T11:08:33.4611664+00:00	WorkerEvent	Layer03Node08	PipelineStarted; ExitCode=0; pipeline started
2026-06-03T11:08:33.4657825+00:00	WorkerEvent	Layer03Node08.export-l03-n08	TaskReady; ExitCode=0; 
2026-06-03T11:08:33.4677543+00:00	GrantTask	Layer03Node08.export-l03-n08	Layer03Node08.export-l03-n08; GrantId=grant-43; Attempt=1
2026-06-03T11:08:33.4720687+00:00	WorkerEvent	Layer03Node08.export-l03-n08	GrantAccepted; ExitCode=0; 
2026-06-03T11:08:33.4734341+00:00	WorkerEvent	Layer03Node08.export-l03-n08	TaskStarted; ExitCode=0; 
2026-06-03T11:08:34.4277979+00:00	WorkerEvent	Layer03Node08.export-l03-n08	TaskSucceeded; ExitCode=0; 
2026-06-03T11:08:34.4290031+00:00	TaskSucceeded	Layer03Node08.export-l03-n08	0
2026-06-03T11:08:34.4782406+00:00	WorkerEvent	Layer03Node08	Closed; ExitCode=0; 
2026-06-03T11:08:34.4797676+00:00	WorkerStarting	Layer03Node10	meta-pipeline
2026-06-03T11:08:34.6616895+00:00	WorkerStarted	Layer03Node10	11476
2026-06-03T11:08:34.6624785+00:00	WorkerControlPipe	Layer03Node10	meta-orchestration-7111dda2589a4746a86ebbbe9856b7be
2026-06-03T11:08:34.6631180+00:00	WorkerLog	Layer03Node10	stdout=C:\Users\jimmy\Desktop\meta-bi\Samples\Demos\MetaOrchestrationHairballCliIntegration\Runs\hairball-seed-20260530\RunArtifacts\runs\20260603-110742_4844be1369c548d7bedbf8a4694ba772\logs\Layer03Node10-11476.stdout.log; stderr=C:\Users\jimmy\Desktop\meta-bi\Samples\Demos\MetaOrchestrationHairballCliIntegration\Runs\hairball-seed-20260530\RunArtifacts\runs\20260603-110742_4844be1369c548d7bedbf8a4694ba772\logs\Layer03Node10-11476.stderr.log
2026-06-03T11:08:34.7143206+00:00	WorkerEvent	Layer03Node10	WorkerOnline; ExitCode=0; online
2026-06-03T11:08:34.7185014+00:00	WorkerEvent	Layer03Node10	WorkerReady; ExitCode=0; ready
2026-06-03T11:08:34.7265754+00:00	StartPipeline	Layer03Node10	Layer03Node10
2026-06-03T11:08:34.8971865+00:00	WorkerEvent	Layer03Hub	PipelineStarted; ExitCode=0; pipeline started
2026-06-03T11:08:34.9013598+00:00	WorkerEvent	Layer03Hub.hub-l03-stage	TaskReady; ExitCode=0; 
2026-06-03T11:08:34.9030807+00:00	GrantTask	Layer03Hub.hub-l03-stage	Layer03Hub.hub-l03-stage; GrantId=grant-44; Attempt=1
2026-06-03T11:08:34.9051517+00:00	WorkerEvent	Layer03Hub.hub-l03-stage	GrantAccepted; ExitCode=0; 
2026-06-03T11:08:34.9069277+00:00	WorkerEvent	Layer03Hub.hub-l03-stage	TaskStarted; ExitCode=0; 
2026-06-03T11:08:35.7235260+00:00	WorkerEvent	Layer03Hub.hub-l03-stage	TaskSucceeded; ExitCode=0; 
2026-06-03T11:08:35.7244640+00:00	TaskSucceeded	Layer03Hub.hub-l03-stage	0
2026-06-03T11:08:35.7255108+00:00	WorkerEvent	Layer03Hub.hub-l03-curate	TaskReady; ExitCode=0; 
2026-06-03T11:08:35.7269313+00:00	GrantTask	Layer03Hub.hub-l03-curate	Layer03Hub.hub-l03-curate; GrantId=grant-45; Attempt=1
2026-06-03T11:08:35.7280683+00:00	WorkerEvent	Layer03Hub.hub-l03-curate	GrantAccepted; ExitCode=0; 
2026-06-03T11:08:35.7304423+00:00	WorkerEvent	Layer03Hub.hub-l03-curate	TaskStarted; ExitCode=0; 
2026-06-03T11:08:35.9064169+00:00	WorkerEvent	Layer03Node10	PipelineStarted; ExitCode=0; pipeline started
2026-06-03T11:08:35.9114296+00:00	WorkerEvent	Layer03Node10.refresh-l03-n10	TaskReady; ExitCode=0; 
2026-06-03T11:08:35.9131982+00:00	GrantTask	Layer03Node10.refresh-l03-n10	Layer03Node10.refresh-l03-n10; GrantId=grant-46; Attempt=1
2026-06-03T11:08:35.9140443+00:00	WorkerEvent	Layer03Node10.refresh-l03-n10	GrantAccepted; ExitCode=0; 
2026-06-03T11:08:35.9154333+00:00	WorkerEvent	Layer03Node10.refresh-l03-n10	TaskStarted; ExitCode=0; 
2026-06-03T11:08:35.9397878+00:00	WorkerEvent	Layer03Hub.hub-l03-curate	TaskSucceeded; ExitCode=0; 
2026-06-03T11:08:35.9410515+00:00	TaskSucceeded	Layer03Hub.hub-l03-curate	0
2026-06-03T11:08:35.9427892+00:00	WorkerEvent	Layer03Hub.hub-l03-publish	TaskReady; ExitCode=0; 
2026-06-03T11:08:35.9449084+00:00	GrantTask	Layer03Hub.hub-l03-publish	Layer03Hub.hub-l03-publish; GrantId=grant-47; Attempt=1
2026-06-03T11:08:35.9455142+00:00	WorkerEvent	Layer03Hub.hub-l03-publish	GrantAccepted; ExitCode=0; 
2026-06-03T11:08:35.9469821+00:00	WorkerEvent	Layer03Hub.hub-l03-publish	TaskStarted; ExitCode=0; 
2026-06-03T11:08:36.2627391+00:00	WorkerEvent	Layer03Hub.hub-l03-publish	TaskSucceeded; ExitCode=0; 
2026-06-03T11:08:36.2638032+00:00	TaskSucceeded	Layer03Hub.hub-l03-publish	0
2026-06-03T11:08:36.3210910+00:00	WorkerEvent	Layer03Hub	Closed; ExitCode=0; 
2026-06-03T11:08:36.3227552+00:00	WorkerStarting	Layer04Node01	meta-pipeline
2026-06-03T11:08:36.5457266+00:00	WorkerStarted	Layer04Node01	22168
2026-06-03T11:08:36.5465498+00:00	WorkerControlPipe	Layer04Node01	meta-orchestration-64fe97325c0844a08ae3a1c97895094e
2026-06-03T11:08:36.5473158+00:00	WorkerLog	Layer04Node01	stdout=C:\Users\jimmy\Desktop\meta-bi\Samples\Demos\MetaOrchestrationHairballCliIntegration\Runs\hairball-seed-20260530\RunArtifacts\runs\20260603-110742_4844be1369c548d7bedbf8a4694ba772\logs\Layer04Node01-22168.stdout.log; stderr=C:\Users\jimmy\Desktop\meta-bi\Samples\Demos\MetaOrchestrationHairballCliIntegration\Runs\hairball-seed-20260530\RunArtifacts\runs\20260603-110742_4844be1369c548d7bedbf8a4694ba772\logs\Layer04Node01-22168.stderr.log
2026-06-03T11:08:36.5995601+00:00	WorkerEvent	Layer04Node01	WorkerOnline; ExitCode=0; online
2026-06-03T11:08:36.6054958+00:00	WorkerEvent	Layer04Node01	WorkerReady; ExitCode=0; ready
2026-06-03T11:08:36.6133143+00:00	StartPipeline	Layer04Node01	Layer04Node01
2026-06-03T11:08:36.8456678+00:00	WorkerEvent	Layer03Node10.refresh-l03-n10	TaskSucceeded; ExitCode=0; 
2026-06-03T11:08:36.8468895+00:00	TaskSucceeded	Layer03Node10.refresh-l03-n10	0
2026-06-03T11:08:36.8946840+00:00	WorkerEvent	Layer03Node10	Closed; ExitCode=0; 
2026-06-03T11:08:36.8962043+00:00	WorkerStarting	Layer04Node02	meta-pipeline
2026-06-03T11:08:37.1079365+00:00	WorkerStarted	Layer04Node02	16980
2026-06-03T11:08:37.1088412+00:00	WorkerControlPipe	Layer04Node02	meta-orchestration-4ac9b4837a78465ba4336da5b5465968
2026-06-03T11:08:37.1096903+00:00	WorkerLog	Layer04Node02	stdout=C:\Users\jimmy\Desktop\meta-bi\Samples\Demos\MetaOrchestrationHairballCliIntegration\Runs\hairball-seed-20260530\RunArtifacts\runs\20260603-110742_4844be1369c548d7bedbf8a4694ba772\logs\Layer04Node02-16980.stdout.log; stderr=C:\Users\jimmy\Desktop\meta-bi\Samples\Demos\MetaOrchestrationHairballCliIntegration\Runs\hairball-seed-20260530\RunArtifacts\runs\20260603-110742_4844be1369c548d7bedbf8a4694ba772\logs\Layer04Node02-16980.stderr.log
2026-06-03T11:08:37.1590861+00:00	WorkerEvent	Layer04Node02	WorkerOnline; ExitCode=0; online
2026-06-03T11:08:37.1631612+00:00	WorkerEvent	Layer04Node02	WorkerReady; ExitCode=0; ready
2026-06-03T11:08:37.1714011+00:00	StartPipeline	Layer04Node02	Layer04Node02
2026-06-03T11:08:37.9646907+00:00	WorkerEvent	Layer04Node01	PipelineStarted; ExitCode=0; pipeline started
2026-06-03T11:08:37.9689987+00:00	WorkerEvent	Layer04Node01.refresh-l04-n01	TaskReady; ExitCode=0; 
2026-06-03T11:08:37.9712023+00:00	GrantTask	Layer04Node01.refresh-l04-n01	Layer04Node01.refresh-l04-n01; GrantId=grant-48; Attempt=1
2026-06-03T11:08:37.9720726+00:00	WorkerEvent	Layer04Node01.refresh-l04-n01	GrantAccepted; ExitCode=0; 
2026-06-03T11:08:37.9737209+00:00	WorkerEvent	Layer04Node01.refresh-l04-n01	TaskStarted; ExitCode=0; 
2026-06-03T11:08:38.4536089+00:00	WorkerEvent	Layer04Node02	PipelineStarted; ExitCode=0; pipeline started
2026-06-03T11:08:38.4583452+00:00	WorkerEvent	Layer04Node02.export-l04-n02	TaskReady; ExitCode=0; 
2026-06-03T11:08:38.4603780+00:00	GrantTask	Layer04Node02.export-l04-n02	Layer04Node02.export-l04-n02; GrantId=grant-49; Attempt=1
2026-06-03T11:08:38.4616882+00:00	WorkerEvent	Layer04Node02.export-l04-n02	GrantAccepted; ExitCode=0; 
2026-06-03T11:08:38.4634580+00:00	WorkerEvent	Layer04Node02.export-l04-n02	TaskStarted; ExitCode=0; 
2026-06-03T11:08:38.7480359+00:00	WorkerEvent	Layer04Node01.refresh-l04-n01	TaskSucceeded; ExitCode=0; 
2026-06-03T11:08:38.7493584+00:00	TaskSucceeded	Layer04Node01.refresh-l04-n01	0
2026-06-03T11:08:38.7887596+00:00	WorkerEvent	Layer04Node01	Closed; ExitCode=0; 
2026-06-03T11:08:38.7896349+00:00	WorkerStarting	Layer04Node03	meta-pipeline
2026-06-03T11:08:38.9995428+00:00	WorkerStarted	Layer04Node03	15892
2026-06-03T11:08:39.0003529+00:00	WorkerControlPipe	Layer04Node03	meta-orchestration-a6cf0f7d898f4c81b0e0f1d1a2ddfced
2026-06-03T11:08:39.0010503+00:00	WorkerLog	Layer04Node03	stdout=C:\Users\jimmy\Desktop\meta-bi\Samples\Demos\MetaOrchestrationHairballCliIntegration\Runs\hairball-seed-20260530\RunArtifacts\runs\20260603-110742_4844be1369c548d7bedbf8a4694ba772\logs\Layer04Node03-15892.stdout.log; stderr=C:\Users\jimmy\Desktop\meta-bi\Samples\Demos\MetaOrchestrationHairballCliIntegration\Runs\hairball-seed-20260530\RunArtifacts\runs\20260603-110742_4844be1369c548d7bedbf8a4694ba772\logs\Layer04Node03-15892.stderr.log
2026-06-03T11:08:39.0549691+00:00	WorkerEvent	Layer04Node03	WorkerOnline; ExitCode=0; online
2026-06-03T11:08:39.0592824+00:00	WorkerEvent	Layer04Node03	WorkerReady; ExitCode=0; ready
2026-06-03T11:08:39.0662172+00:00	StartPipeline	Layer04Node03	Layer04Node03
2026-06-03T11:08:39.4959201+00:00	WorkerEvent	Layer04Node02.export-l04-n02	TaskSucceeded; ExitCode=0; 
2026-06-03T11:08:39.4972514+00:00	TaskSucceeded	Layer04Node02.export-l04-n02	0
2026-06-03T11:08:39.5380866+00:00	WorkerEvent	Layer04Node02	Closed; ExitCode=0; 
2026-06-03T11:08:39.5394583+00:00	WorkerStarting	Layer04Node04	meta-pipeline
2026-06-03T11:08:39.7855287+00:00	WorkerStarted	Layer04Node04	8392
2026-06-03T11:08:39.7864246+00:00	WorkerControlPipe	Layer04Node04	meta-orchestration-fd7968c4a1954aa788b6fcbd948d9ab0
2026-06-03T11:08:39.7869958+00:00	WorkerLog	Layer04Node04	stdout=C:\Users\jimmy\Desktop\meta-bi\Samples\Demos\MetaOrchestrationHairballCliIntegration\Runs\hairball-seed-20260530\RunArtifacts\runs\20260603-110742_4844be1369c548d7bedbf8a4694ba772\logs\Layer04Node04-8392.stdout.log; stderr=C:\Users\jimmy\Desktop\meta-bi\Samples\Demos\MetaOrchestrationHairballCliIntegration\Runs\hairball-seed-20260530\RunArtifacts\runs\20260603-110742_4844be1369c548d7bedbf8a4694ba772\logs\Layer04Node04-8392.stderr.log
2026-06-03T11:08:39.8408163+00:00	WorkerEvent	Layer04Node04	WorkerOnline; ExitCode=0; online
2026-06-03T11:08:39.8448500+00:00	WorkerEvent	Layer04Node04	WorkerReady; ExitCode=0; ready
2026-06-03T11:08:39.8520603+00:00	StartPipeline	Layer04Node04	Layer04Node04
2026-06-03T11:08:40.4008119+00:00	WorkerEvent	Layer04Node03	PipelineStarted; ExitCode=0; pipeline started
2026-06-03T11:08:40.4052568+00:00	WorkerEvent	Layer04Node03.refresh-l04-n03	TaskReady; ExitCode=0; 
2026-06-03T11:08:40.4071032+00:00	GrantTask	Layer04Node03.refresh-l04-n03	Layer04Node03.refresh-l04-n03; GrantId=grant-50; Attempt=1
2026-06-03T11:08:40.4086598+00:00	WorkerEvent	Layer04Node03.refresh-l04-n03	GrantAccepted; ExitCode=0; 
2026-06-03T11:08:40.4104035+00:00	WorkerEvent	Layer04Node03.refresh-l04-n03	TaskStarted; ExitCode=0; 
2026-06-03T11:08:41.1935428+00:00	WorkerEvent	Layer04Node04	PipelineStarted; ExitCode=0; pipeline started
2026-06-03T11:08:41.1982296+00:00	WorkerEvent	Layer04Node04.refresh-l04-n04	TaskReady; ExitCode=0; 
2026-06-03T11:08:41.2003173+00:00	GrantTask	Layer04Node04.refresh-l04-n04	Layer04Node04.refresh-l04-n04; GrantId=grant-51; Attempt=1
2026-06-03T11:08:41.2021994+00:00	WorkerEvent	Layer04Node04.refresh-l04-n04	GrantAccepted; ExitCode=0; 
2026-06-03T11:08:41.2044920+00:00	WorkerEvent	Layer04Node04.refresh-l04-n04	TaskStarted; ExitCode=0; 
2026-06-03T11:08:41.2471577+00:00	WorkerEvent	Layer04Node03.refresh-l04-n03	TaskSucceeded; ExitCode=0; 
2026-06-03T11:08:41.2483832+00:00	TaskSucceeded	Layer04Node03.refresh-l04-n03	0
2026-06-03T11:08:41.2904122+00:00	WorkerEvent	Layer04Node03	Closed; ExitCode=0; 
2026-06-03T11:08:41.2918760+00:00	WorkerStarting	Layer04Node05	meta-pipeline
2026-06-03T11:08:41.4702796+00:00	WorkerStarted	Layer04Node05	20324
2026-06-03T11:08:41.4708769+00:00	WorkerControlPipe	Layer04Node05	meta-orchestration-b6a0716713584449b1d538603d9f7aa8
2026-06-03T11:08:41.4715911+00:00	WorkerLog	Layer04Node05	stdout=C:\Users\jimmy\Desktop\meta-bi\Samples\Demos\MetaOrchestrationHairballCliIntegration\Runs\hairball-seed-20260530\RunArtifacts\runs\20260603-110742_4844be1369c548d7bedbf8a4694ba772\logs\Layer04Node05-20324.stdout.log; stderr=C:\Users\jimmy\Desktop\meta-bi\Samples\Demos\MetaOrchestrationHairballCliIntegration\Runs\hairball-seed-20260530\RunArtifacts\runs\20260603-110742_4844be1369c548d7bedbf8a4694ba772\logs\Layer04Node05-20324.stderr.log
2026-06-03T11:08:41.5087002+00:00	WorkerEvent	Layer04Node05	WorkerOnline; ExitCode=0; online
2026-06-03T11:08:41.5122408+00:00	WorkerEvent	Layer04Node05	WorkerReady; ExitCode=0; ready
2026-06-03T11:08:41.5189941+00:00	StartPipeline	Layer04Node05	Layer04Node05
2026-06-03T11:08:42.0039718+00:00	WorkerEvent	Layer04Node04.refresh-l04-n04	TaskSucceeded; ExitCode=0; 
2026-06-03T11:08:42.0050798+00:00	TaskSucceeded	Layer04Node04.refresh-l04-n04	0
2026-06-03T11:08:42.0486317+00:00	WorkerEvent	Layer04Node04	Closed; ExitCode=0; 
2026-06-03T11:08:42.0501924+00:00	WorkerStarting	Layer04Node06	meta-pipeline
2026-06-03T11:08:42.2710576+00:00	WorkerStarted	Layer04Node06	22072
2026-06-03T11:08:42.2720100+00:00	WorkerControlPipe	Layer04Node06	meta-orchestration-925f9a79c1024a9c9ce9daf8ae062cb8
2026-06-03T11:08:42.2728471+00:00	WorkerLog	Layer04Node06	stdout=C:\Users\jimmy\Desktop\meta-bi\Samples\Demos\MetaOrchestrationHairballCliIntegration\Runs\hairball-seed-20260530\RunArtifacts\runs\20260603-110742_4844be1369c548d7bedbf8a4694ba772\logs\Layer04Node06-22072.stdout.log; stderr=C:\Users\jimmy\Desktop\meta-bi\Samples\Demos\MetaOrchestrationHairballCliIntegration\Runs\hairball-seed-20260530\RunArtifacts\runs\20260603-110742_4844be1369c548d7bedbf8a4694ba772\logs\Layer04Node06-22072.stderr.log
2026-06-03T11:08:42.3084038+00:00	WorkerEvent	Layer04Node06	WorkerOnline; ExitCode=0; online
2026-06-03T11:08:42.3126850+00:00	WorkerEvent	Layer04Node06	WorkerReady; ExitCode=0; ready
2026-06-03T11:08:42.3207426+00:00	StartPipeline	Layer04Node06	Layer04Node06
2026-06-03T11:08:42.9097113+00:00	WorkerEvent	Layer04Node05	PipelineStarted; ExitCode=0; pipeline started
2026-06-03T11:08:42.9143345+00:00	WorkerEvent	Layer04Node05.select-l04-n05	TaskReady; ExitCode=0; 
2026-06-03T11:08:42.9162419+00:00	GrantTask	Layer04Node05.select-l04-n05	Layer04Node05.select-l04-n05; GrantId=grant-52; Attempt=1
2026-06-03T11:08:42.9175786+00:00	WorkerEvent	Layer04Node05.select-l04-n05	GrantAccepted; ExitCode=0; 
2026-06-03T11:08:42.9194739+00:00	WorkerEvent	Layer04Node05.select-l04-n05	TaskStarted; ExitCode=0; 
2026-06-03T11:08:43.4904669+00:00	WorkerEvent	Layer04Node06	PipelineStarted; ExitCode=0; pipeline started
2026-06-03T11:08:43.4960508+00:00	WorkerEvent	Layer04Node06.refresh-l04-n06	TaskReady; ExitCode=0; 
2026-06-03T11:08:43.4982678+00:00	GrantTask	Layer04Node06.refresh-l04-n06	Layer04Node06.refresh-l04-n06; GrantId=grant-53; Attempt=1
2026-06-03T11:08:43.5004062+00:00	WorkerEvent	Layer04Node06.refresh-l04-n06	GrantAccepted; ExitCode=0; 
2026-06-03T11:08:43.5024403+00:00	WorkerEvent	Layer04Node06.refresh-l04-n06	TaskStarted; ExitCode=0; 
2026-06-03T11:08:43.8590627+00:00	WorkerEvent	Layer04Node05.select-l04-n05	TaskSucceeded; ExitCode=0; 
2026-06-03T11:08:43.8603263+00:00	TaskSucceeded	Layer04Node05.select-l04-n05	0
2026-06-03T11:08:43.9023178+00:00	WorkerEvent	Layer04Node05	Closed; ExitCode=0; 
2026-06-03T11:08:43.9037000+00:00	WorkerStarting	Layer04Node07	meta-pipeline
2026-06-03T11:08:44.1385065+00:00	WorkerStarted	Layer04Node07	19232
2026-06-03T11:08:44.1391573+00:00	WorkerControlPipe	Layer04Node07	meta-orchestration-0c9be3519b7c469c9e5c7a54b5ded0cd
2026-06-03T11:08:44.1396977+00:00	WorkerLog	Layer04Node07	stdout=C:\Users\jimmy\Desktop\meta-bi\Samples\Demos\MetaOrchestrationHairballCliIntegration\Runs\hairball-seed-20260530\RunArtifacts\runs\20260603-110742_4844be1369c548d7bedbf8a4694ba772\logs\Layer04Node07-19232.stdout.log; stderr=C:\Users\jimmy\Desktop\meta-bi\Samples\Demos\MetaOrchestrationHairballCliIntegration\Runs\hairball-seed-20260530\RunArtifacts\runs\20260603-110742_4844be1369c548d7bedbf8a4694ba772\logs\Layer04Node07-19232.stderr.log
2026-06-03T11:08:44.1888892+00:00	WorkerEvent	Layer04Node07	WorkerOnline; ExitCode=0; online
2026-06-03T11:08:44.1931917+00:00	WorkerEvent	Layer04Node07	WorkerReady; ExitCode=0; ready
2026-06-03T11:08:44.1989314+00:00	StartPipeline	Layer04Node07	Layer04Node07
2026-06-03T11:08:44.3241122+00:00	WorkerEvent	Layer04Node06.refresh-l04-n06	TaskSucceeded; ExitCode=0; 
2026-06-03T11:08:44.3251381+00:00	TaskSucceeded	Layer04Node06.refresh-l04-n06	0
2026-06-03T11:08:44.3713531+00:00	WorkerEvent	Layer04Node06	Closed; ExitCode=0; 
2026-06-03T11:08:44.3731399+00:00	WorkerStarting	Layer04Node08	meta-pipeline
2026-06-03T11:08:44.5970946+00:00	WorkerStarted	Layer04Node08	31696
2026-06-03T11:08:44.5978905+00:00	WorkerControlPipe	Layer04Node08	meta-orchestration-8e988394563441ddb2908a6c56ba1f6b
2026-06-03T11:08:44.5985627+00:00	WorkerLog	Layer04Node08	stdout=C:\Users\jimmy\Desktop\meta-bi\Samples\Demos\MetaOrchestrationHairballCliIntegration\Runs\hairball-seed-20260530\RunArtifacts\runs\20260603-110742_4844be1369c548d7bedbf8a4694ba772\logs\Layer04Node08-31696.stdout.log; stderr=C:\Users\jimmy\Desktop\meta-bi\Samples\Demos\MetaOrchestrationHairballCliIntegration\Runs\hairball-seed-20260530\RunArtifacts\runs\20260603-110742_4844be1369c548d7bedbf8a4694ba772\logs\Layer04Node08-31696.stderr.log
2026-06-03T11:08:44.6382533+00:00	WorkerEvent	Layer04Node08	WorkerOnline; ExitCode=0; online
2026-06-03T11:08:44.6419830+00:00	WorkerEvent	Layer04Node08	WorkerReady; ExitCode=0; ready
2026-06-03T11:08:44.6484350+00:00	StartPipeline	Layer04Node08	Layer04Node08
2026-06-03T11:08:45.5351886+00:00	WorkerEvent	Layer04Node07	PipelineStarted; ExitCode=0; pipeline started
2026-06-03T11:08:45.5397203+00:00	WorkerEvent	Layer04Node07.refresh-l04-n07	TaskReady; ExitCode=0; 
2026-06-03T11:08:45.5416123+00:00	GrantTask	Layer04Node07.refresh-l04-n07	Layer04Node07.refresh-l04-n07; GrantId=grant-54; Attempt=1
2026-06-03T11:08:45.5425203+00:00	WorkerEvent	Layer04Node07.refresh-l04-n07	GrantAccepted; ExitCode=0; 
2026-06-03T11:08:45.5445559+00:00	WorkerEvent	Layer04Node07.refresh-l04-n07	TaskStarted; ExitCode=0; 
2026-06-03T11:08:46.1867614+00:00	WorkerEvent	Layer04Node08	PipelineStarted; ExitCode=0; pipeline started
2026-06-03T11:08:46.1913788+00:00	WorkerEvent	Layer04Node08.select-l04-n08	TaskReady; ExitCode=0; 
2026-06-03T11:08:46.1947042+00:00	GrantTask	Layer04Node08.select-l04-n08	Layer04Node08.select-l04-n08; GrantId=grant-55; Attempt=1
2026-06-03T11:08:46.1967545+00:00	WorkerEvent	Layer04Node08.select-l04-n08	GrantAccepted; ExitCode=0; 
2026-06-03T11:08:46.1993394+00:00	WorkerEvent	Layer04Node08.select-l04-n08	TaskStarted; ExitCode=0; 
2026-06-03T11:08:46.4425119+00:00	WorkerEvent	Layer04Node07.refresh-l04-n07	TaskSucceeded; ExitCode=0; 
2026-06-03T11:08:46.4436736+00:00	TaskSucceeded	Layer04Node07.refresh-l04-n07	0
2026-06-03T11:08:46.4841523+00:00	WorkerEvent	Layer04Node07	Closed; ExitCode=0; 
2026-06-03T11:08:46.4850284+00:00	WorkerStarting	Layer04Node09	meta-pipeline
2026-06-03T11:08:46.7112540+00:00	WorkerStarted	Layer04Node09	30192
2026-06-03T11:08:46.7120826+00:00	WorkerControlPipe	Layer04Node09	meta-orchestration-5bfb31b9ebc247e68b3f442329c15f57
2026-06-03T11:08:46.7127878+00:00	WorkerLog	Layer04Node09	stdout=C:\Users\jimmy\Desktop\meta-bi\Samples\Demos\MetaOrchestrationHairballCliIntegration\Runs\hairball-seed-20260530\RunArtifacts\runs\20260603-110742_4844be1369c548d7bedbf8a4694ba772\logs\Layer04Node09-30192.stdout.log; stderr=C:\Users\jimmy\Desktop\meta-bi\Samples\Demos\MetaOrchestrationHairballCliIntegration\Runs\hairball-seed-20260530\RunArtifacts\runs\20260603-110742_4844be1369c548d7bedbf8a4694ba772\logs\Layer04Node09-30192.stderr.log
2026-06-03T11:08:46.7498466+00:00	WorkerEvent	Layer04Node09	WorkerOnline; ExitCode=0; online
2026-06-03T11:08:46.7539378+00:00	WorkerEvent	Layer04Node09	WorkerReady; ExitCode=0; ready
2026-06-03T11:08:46.7610529+00:00	StartPipeline	Layer04Node09	Layer04Node09
2026-06-03T11:08:47.1119018+00:00	WorkerEvent	Layer04Node08.select-l04-n08	TaskSucceeded; ExitCode=0; 
2026-06-03T11:08:47.1128536+00:00	TaskSucceeded	Layer04Node08.select-l04-n08	0
2026-06-03T11:08:47.1547993+00:00	WorkerEvent	Layer04Node08	Closed; ExitCode=0; 
2026-06-03T11:08:47.1568073+00:00	WorkerStarting	Layer05Node02	meta-pipeline
2026-06-03T11:08:47.3340527+00:00	WorkerStarted	Layer05Node02	24628
2026-06-03T11:08:47.3349302+00:00	WorkerControlPipe	Layer05Node02	meta-orchestration-e065d47f5c534e8e94246db4cf3f6f01
2026-06-03T11:08:47.3356119+00:00	WorkerLog	Layer05Node02	stdout=C:\Users\jimmy\Desktop\meta-bi\Samples\Demos\MetaOrchestrationHairballCliIntegration\Runs\hairball-seed-20260530\RunArtifacts\runs\20260603-110742_4844be1369c548d7bedbf8a4694ba772\logs\Layer05Node02-24628.stdout.log; stderr=C:\Users\jimmy\Desktop\meta-bi\Samples\Demos\MetaOrchestrationHairballCliIntegration\Runs\hairball-seed-20260530\RunArtifacts\runs\20260603-110742_4844be1369c548d7bedbf8a4694ba772\logs\Layer05Node02-24628.stderr.log
2026-06-03T11:08:47.3719295+00:00	WorkerEvent	Layer05Node02	WorkerOnline; ExitCode=0; online
2026-06-03T11:08:47.3755538+00:00	WorkerEvent	Layer05Node02	WorkerReady; ExitCode=0; ready
2026-06-03T11:08:47.3810428+00:00	StartPipeline	Layer05Node02	Layer05Node02
2026-06-03T11:08:48.1019201+00:00	WorkerEvent	Layer04Node09	PipelineStarted; ExitCode=0; pipeline started
2026-06-03T11:08:48.1064345+00:00	WorkerEvent	Layer04Node09.select-l04-n09	TaskReady; ExitCode=0; 
2026-06-03T11:08:48.1081482+00:00	GrantTask	Layer04Node09.select-l04-n09	Layer04Node09.select-l04-n09; GrantId=grant-56; Attempt=1
2026-06-03T11:08:48.1097143+00:00	WorkerEvent	Layer04Node09.select-l04-n09	GrantAccepted; ExitCode=0; 
2026-06-03T11:08:48.1116626+00:00	WorkerEvent	Layer04Node09.select-l04-n09	TaskStarted; ExitCode=0; 
2026-06-03T11:08:48.7371294+00:00	WorkerEvent	Layer05Node02	PipelineStarted; ExitCode=0; pipeline started
2026-06-03T11:08:48.7420144+00:00	WorkerEvent	Layer05Node02.select-l05-n02	TaskReady; ExitCode=0; 
2026-06-03T11:08:48.7443310+00:00	GrantTask	Layer05Node02.select-l05-n02	Layer05Node02.select-l05-n02; GrantId=grant-57; Attempt=1
2026-06-03T11:08:48.7450991+00:00	WorkerEvent	Layer05Node02.select-l05-n02	GrantAccepted; ExitCode=0; 
2026-06-03T11:08:48.7480118+00:00	WorkerEvent	Layer05Node02.select-l05-n02	TaskStarted; ExitCode=0; 
2026-06-03T11:08:48.9266756+00:00	WorkerEvent	Layer04Node09.select-l04-n09	TaskSucceeded; ExitCode=0; 
2026-06-03T11:08:48.9305563+00:00	TaskSucceeded	Layer04Node09.select-l04-n09	0
2026-06-03T11:08:48.9752833+00:00	WorkerEvent	Layer04Node09	Closed; ExitCode=0; 
2026-06-03T11:08:48.9768373+00:00	WorkerStarting	Layer04Hub	meta-pipeline
2026-06-03T11:08:49.1808469+00:00	WorkerStarted	Layer04Hub	26572
2026-06-03T11:08:49.1815612+00:00	WorkerControlPipe	Layer04Hub	meta-orchestration-3dc993cd8d57456187abcc6b8ff91317
2026-06-03T11:08:49.1822446+00:00	WorkerLog	Layer04Hub	stdout=C:\Users\jimmy\Desktop\meta-bi\Samples\Demos\MetaOrchestrationHairballCliIntegration\Runs\hairball-seed-20260530\RunArtifacts\runs\20260603-110742_4844be1369c548d7bedbf8a4694ba772\logs\Layer04Hub-26572.stdout.log; stderr=C:\Users\jimmy\Desktop\meta-bi\Samples\Demos\MetaOrchestrationHairballCliIntegration\Runs\hairball-seed-20260530\RunArtifacts\runs\20260603-110742_4844be1369c548d7bedbf8a4694ba772\logs\Layer04Hub-26572.stderr.log
2026-06-03T11:08:49.2296451+00:00	WorkerEvent	Layer04Hub	WorkerOnline; ExitCode=0; online
2026-06-03T11:08:49.2338160+00:00	WorkerEvent	Layer04Hub	WorkerReady; ExitCode=0; ready
2026-06-03T11:08:49.2406278+00:00	StartPipeline	Layer04Hub	Layer04Hub
2026-06-03T11:08:49.6127029+00:00	WorkerEvent	Layer05Node02.select-l05-n02	TaskSucceeded; ExitCode=0; 
2026-06-03T11:08:49.6140372+00:00	TaskSucceeded	Layer05Node02.select-l05-n02	0
2026-06-03T11:08:49.6615705+00:00	WorkerEvent	Layer05Node02	Closed; ExitCode=0; 
2026-06-03T11:08:49.6632008+00:00	WorkerStarting	Layer05Node03	meta-pipeline
2026-06-03T11:08:49.8807615+00:00	WorkerStarted	Layer05Node03	25356
2026-06-03T11:08:49.8816428+00:00	WorkerControlPipe	Layer05Node03	meta-orchestration-643cf819336747dfa386a87a66a73a2a
2026-06-03T11:08:49.8823201+00:00	WorkerLog	Layer05Node03	stdout=C:\Users\jimmy\Desktop\meta-bi\Samples\Demos\MetaOrchestrationHairballCliIntegration\Runs\hairball-seed-20260530\RunArtifacts\runs\20260603-110742_4844be1369c548d7bedbf8a4694ba772\logs\Layer05Node03-25356.stdout.log; stderr=C:\Users\jimmy\Desktop\meta-bi\Samples\Demos\MetaOrchestrationHairballCliIntegration\Runs\hairball-seed-20260530\RunArtifacts\runs\20260603-110742_4844be1369c548d7bedbf8a4694ba772\logs\Layer05Node03-25356.stderr.log
2026-06-03T11:08:49.9194794+00:00	WorkerEvent	Layer05Node03	WorkerOnline; ExitCode=0; online
2026-06-03T11:08:49.9229430+00:00	WorkerEvent	Layer05Node03	WorkerReady; ExitCode=0; ready
2026-06-03T11:08:49.9301647+00:00	StartPipeline	Layer05Node03	Layer05Node03
2026-06-03T11:08:50.9631221+00:00	WorkerEvent	Layer04Hub	PipelineStarted; ExitCode=0; pipeline started
2026-06-03T11:08:50.9678932+00:00	WorkerEvent	Layer04Hub.hub-l04-stage	TaskReady; ExitCode=0; 
2026-06-03T11:08:50.9702403+00:00	GrantTask	Layer04Hub.hub-l04-stage	Layer04Hub.hub-l04-stage; GrantId=grant-58; Attempt=1
2026-06-03T11:08:50.9710956+00:00	WorkerEvent	Layer04Hub.hub-l04-stage	GrantAccepted; ExitCode=0; 
2026-06-03T11:08:50.9732283+00:00	WorkerEvent	Layer04Hub.hub-l04-stage	TaskStarted; ExitCode=0; 
2026-06-03T11:08:51.0425894+00:00	WorkerEvent	Layer05Node03	PipelineStarted; ExitCode=0; pipeline started
2026-06-03T11:08:51.0473551+00:00	WorkerEvent	Layer05Node03.refresh-l05-n03	TaskReady; ExitCode=0; 
2026-06-03T11:08:51.0492296+00:00	GrantTask	Layer05Node03.refresh-l05-n03	Layer05Node03.refresh-l05-n03; GrantId=grant-59; Attempt=1
2026-06-03T11:08:51.0504187+00:00	WorkerEvent	Layer05Node03.refresh-l05-n03	GrantAccepted; ExitCode=0; 
2026-06-03T11:08:51.0521111+00:00	WorkerEvent	Layer05Node03.refresh-l05-n03	TaskStarted; ExitCode=0; 
2026-06-03T11:08:51.8869933+00:00	WorkerEvent	Layer04Hub.hub-l04-stage	TaskSucceeded; ExitCode=0; 
2026-06-03T11:08:51.8882049+00:00	TaskSucceeded	Layer04Hub.hub-l04-stage	0
2026-06-03T11:08:51.8890612+00:00	WorkerEvent	Layer05Node03.refresh-l05-n03	TaskSucceeded; ExitCode=0; 
2026-06-03T11:08:51.8900109+00:00	TaskSucceeded	Layer05Node03.refresh-l05-n03	0
2026-06-03T11:08:51.8912395+00:00	WorkerEvent	Layer04Hub.hub-l04-curate	TaskReady; ExitCode=0; 
2026-06-03T11:08:51.8928883+00:00	GrantTask	Layer04Hub.hub-l04-curate	Layer04Hub.hub-l04-curate; GrantId=grant-60; Attempt=1
2026-06-03T11:08:51.8935793+00:00	WorkerEvent	Layer04Hub.hub-l04-curate	GrantAccepted; ExitCode=0; 
2026-06-03T11:08:51.8957915+00:00	WorkerEvent	Layer04Hub.hub-l04-curate	TaskStarted; ExitCode=0; 
2026-06-03T11:08:51.9255522+00:00	WorkerEvent	Layer05Node03	Closed; ExitCode=0; 
2026-06-03T11:08:51.9265634+00:00	WorkerResuming	BridgeL03L04	ResumeTaskId=BridgeL03L04.bridge-l03-l04-collect; Executable=meta-pipeline
2026-06-03T11:08:52.1163737+00:00	WorkerStarted	BridgeL03L04	29468
2026-06-03T11:08:52.1170630+00:00	WorkerControlPipe	BridgeL03L04	meta-orchestration-66d019a93cd04b959cae2236e67556c4
2026-06-03T11:08:52.1175734+00:00	WorkerLog	BridgeL03L04	stdout=C:\Users\jimmy\Desktop\meta-bi\Samples\Demos\MetaOrchestrationHairballCliIntegration\Runs\hairball-seed-20260530\RunArtifacts\runs\20260603-110742_4844be1369c548d7bedbf8a4694ba772\logs\BridgeL03L04-29468.stdout.log; stderr=C:\Users\jimmy\Desktop\meta-bi\Samples\Demos\MetaOrchestrationHairballCliIntegration\Runs\hairball-seed-20260530\RunArtifacts\runs\20260603-110742_4844be1369c548d7bedbf8a4694ba772\logs\BridgeL03L04-29468.stderr.log
2026-06-03T11:08:52.1182224+00:00	WorkerEvent	Layer04Hub.hub-l04-curate	TaskSucceeded; ExitCode=0; 
2026-06-03T11:08:52.1193562+00:00	TaskSucceeded	Layer04Hub.hub-l04-curate	0
2026-06-03T11:08:52.1207906+00:00	WorkerEvent	Layer04Hub.hub-l04-publish	TaskReady; ExitCode=0; 
2026-06-03T11:08:52.1227041+00:00	GrantTask	Layer04Hub.hub-l04-publish	Layer04Hub.hub-l04-publish; GrantId=grant-61; Attempt=1
2026-06-03T11:08:52.1234060+00:00	WorkerEvent	Layer04Hub.hub-l04-publish	GrantAccepted; ExitCode=0; 
2026-06-03T11:08:52.1263075+00:00	WorkerEvent	Layer04Hub.hub-l04-publish	TaskStarted; ExitCode=0; 
2026-06-03T11:08:52.1694143+00:00	WorkerEvent	BridgeL03L04	WorkerOnline; ExitCode=0; online
2026-06-03T11:08:52.1736885+00:00	WorkerEvent	BridgeL03L04	WorkerReady; ExitCode=0; ready
2026-06-03T11:08:52.1798802+00:00	StartPipeline	BridgeL03L04	BridgeL03L04
2026-06-03T11:08:52.4939590+00:00	WorkerEvent	Layer04Hub.hub-l04-publish	TaskSucceeded; ExitCode=0; 
2026-06-03T11:08:52.4949588+00:00	TaskSucceeded	Layer04Hub.hub-l04-publish	0
2026-06-03T11:08:52.5378116+00:00	WorkerEvent	Layer04Hub	Closed; ExitCode=0; 
2026-06-03T11:08:52.5395648+00:00	WorkerStarting	Layer05Node04	meta-pipeline
2026-06-03T11:08:52.7369629+00:00	WorkerStarted	Layer05Node04	30544
2026-06-03T11:08:52.7379414+00:00	WorkerControlPipe	Layer05Node04	meta-orchestration-fabea15848ea434d9bedc2ef099abb74
2026-06-03T11:08:52.7386064+00:00	WorkerLog	Layer05Node04	stdout=C:\Users\jimmy\Desktop\meta-bi\Samples\Demos\MetaOrchestrationHairballCliIntegration\Runs\hairball-seed-20260530\RunArtifacts\runs\20260603-110742_4844be1369c548d7bedbf8a4694ba772\logs\Layer05Node04-30544.stdout.log; stderr=C:\Users\jimmy\Desktop\meta-bi\Samples\Demos\MetaOrchestrationHairballCliIntegration\Runs\hairball-seed-20260530\RunArtifacts\runs\20260603-110742_4844be1369c548d7bedbf8a4694ba772\logs\Layer05Node04-30544.stderr.log
2026-06-03T11:08:52.7938764+00:00	WorkerEvent	Layer05Node04	WorkerOnline; ExitCode=0; online
2026-06-03T11:08:52.7983298+00:00	WorkerEvent	Layer05Node04	WorkerReady; ExitCode=0; ready
2026-06-03T11:08:52.8063926+00:00	StartPipeline	Layer05Node04	Layer05Node04
2026-06-03T11:08:53.9654943+00:00	WorkerEvent	BridgeL03L04	PipelineStarted; ExitCode=0; pipeline started
2026-06-03T11:08:53.9707535+00:00	WorkerEvent	BridgeL03L04.bridge-l03-l04-collect	TaskReady; ExitCode=0; 
2026-06-03T11:08:53.9724662+00:00	GrantTask	BridgeL03L04.bridge-l03-l04-collect	BridgeL03L04.bridge-l03-l04-collect; GrantId=grant-62; Attempt=1
2026-06-03T11:08:53.9737562+00:00	WorkerEvent	BridgeL03L04.bridge-l03-l04-collect	GrantAccepted; ExitCode=0; 
2026-06-03T11:08:53.9755739+00:00	WorkerEvent	BridgeL03L04.bridge-l03-l04-collect	TaskStarted; ExitCode=0; 
2026-06-03T11:08:54.1038625+00:00	WorkerEvent	Layer05Node04	PipelineStarted; ExitCode=0; pipeline started
2026-06-03T11:08:54.1082566+00:00	WorkerEvent	Layer05Node04.select-l05-n04	TaskReady; ExitCode=0; 
2026-06-03T11:08:54.1104514+00:00	GrantTask	Layer05Node04.select-l05-n04	Layer05Node04.select-l05-n04; GrantId=grant-63; Attempt=1
2026-06-03T11:08:54.1112280+00:00	WorkerEvent	Layer05Node04.select-l05-n04	GrantAccepted; ExitCode=0; 
2026-06-03T11:08:54.1128869+00:00	WorkerEvent	Layer05Node04.select-l05-n04	TaskStarted; ExitCode=0; 
2026-06-03T11:08:54.8740628+00:00	WorkerEvent	BridgeL03L04.bridge-l03-l04-collect	TaskSucceeded; ExitCode=0; 
2026-06-03T11:08:54.8753814+00:00	TaskSucceeded	BridgeL03L04.bridge-l03-l04-collect	0
2026-06-03T11:08:54.8766151+00:00	WorkerEvent	BridgeL03L04.bridge-l03-l04-north	TaskReady; ExitCode=0; 
2026-06-03T11:08:54.8782447+00:00	GrantTask	BridgeL03L04.bridge-l03-l04-north	BridgeL03L04.bridge-l03-l04-north; GrantId=grant-64; Attempt=1
2026-06-03T11:08:54.8791114+00:00	WorkerEvent	BridgeL03L04.bridge-l03-l04-north	GrantAccepted; ExitCode=0; 
2026-06-03T11:08:54.8810317+00:00	WorkerEvent	BridgeL03L04.bridge-l03-l04-north	TaskStarted; ExitCode=0; 
2026-06-03T11:08:54.9485659+00:00	WorkerEvent	Layer05Node04.select-l05-n04	TaskSucceeded; ExitCode=0; 
2026-06-03T11:08:54.9495213+00:00	TaskSucceeded	Layer05Node04.select-l05-n04	0
2026-06-03T11:08:54.9956970+00:00	WorkerEvent	Layer05Node04	Closed; ExitCode=0; 
2026-06-03T11:08:54.9972151+00:00	WorkerStarting	Layer05Node05	meta-pipeline
2026-06-03T11:08:55.1779824+00:00	WorkerStarted	Layer05Node05	26084
2026-06-03T11:08:55.1786327+00:00	WorkerControlPipe	Layer05Node05	meta-orchestration-1042c1c87ec54682bcde31a8727bd9dc
2026-06-03T11:08:55.1792885+00:00	WorkerLog	Layer05Node05	stdout=C:\Users\jimmy\Desktop\meta-bi\Samples\Demos\MetaOrchestrationHairballCliIntegration\Runs\hairball-seed-20260530\RunArtifacts\runs\20260603-110742_4844be1369c548d7bedbf8a4694ba772\logs\Layer05Node05-26084.stdout.log; stderr=C:\Users\jimmy\Desktop\meta-bi\Samples\Demos\MetaOrchestrationHairballCliIntegration\Runs\hairball-seed-20260530\RunArtifacts\runs\20260603-110742_4844be1369c548d7bedbf8a4694ba772\logs\Layer05Node05-26084.stderr.log
2026-06-03T11:08:55.1799415+00:00	WorkerEvent	BridgeL03L04.bridge-l03-l04-north	TaskSucceeded; ExitCode=0; 
2026-06-03T11:08:55.1810897+00:00	TaskSucceeded	BridgeL03L04.bridge-l03-l04-north	0
2026-06-03T11:08:55.1823818+00:00	WorkerEvent	BridgeL03L04.bridge-l03-l04-south	TaskReady; ExitCode=0; 
2026-06-03T11:08:55.1841276+00:00	GrantTask	BridgeL03L04.bridge-l03-l04-south	BridgeL03L04.bridge-l03-l04-south; GrantId=grant-65; Attempt=1
2026-06-03T11:08:55.1849489+00:00	WorkerEvent	BridgeL03L04.bridge-l03-l04-south	GrantAccepted; ExitCode=0; 
2026-06-03T11:08:55.1867540+00:00	WorkerEvent	BridgeL03L04.bridge-l03-l04-south	TaskStarted; ExitCode=0; 
2026-06-03T11:08:55.2213928+00:00	WorkerEvent	Layer05Node05	WorkerOnline; ExitCode=0; online
2026-06-03T11:08:55.2247600+00:00	WorkerEvent	Layer05Node05	WorkerReady; ExitCode=0; ready
2026-06-03T11:08:55.2291528+00:00	StartPipeline	Layer05Node05	Layer05Node05
2026-06-03T11:08:55.3847176+00:00	WorkerEvent	BridgeL03L04.bridge-l03-l04-south	TaskSucceeded; ExitCode=0; 
2026-06-03T11:08:55.3857288+00:00	TaskSucceeded	BridgeL03L04.bridge-l03-l04-south	0
2026-06-03T11:08:55.4305869+00:00	WorkerEvent	BridgeL03L04	Closed; ExitCode=0; 
2026-06-03T11:08:55.4325018+00:00	WorkerStarting	Layer05Node01	meta-pipeline
2026-06-03T11:08:55.6328129+00:00	WorkerStarted	Layer05Node01	28256
2026-06-03T11:08:55.6338015+00:00	WorkerControlPipe	Layer05Node01	meta-orchestration-a4e44568153c455dae8ff8daa040bcee
2026-06-03T11:08:55.6345875+00:00	WorkerLog	Layer05Node01	stdout=C:\Users\jimmy\Desktop\meta-bi\Samples\Demos\MetaOrchestrationHairballCliIntegration\Runs\hairball-seed-20260530\RunArtifacts\runs\20260603-110742_4844be1369c548d7bedbf8a4694ba772\logs\Layer05Node01-28256.stdout.log; stderr=C:\Users\jimmy\Desktop\meta-bi\Samples\Demos\MetaOrchestrationHairballCliIntegration\Runs\hairball-seed-20260530\RunArtifacts\runs\20260603-110742_4844be1369c548d7bedbf8a4694ba772\logs\Layer05Node01-28256.stderr.log
2026-06-03T11:08:55.6702778+00:00	WorkerEvent	Layer05Node01	WorkerOnline; ExitCode=0; online
2026-06-03T11:08:55.6742994+00:00	WorkerEvent	Layer05Node01	WorkerReady; ExitCode=0; ready
2026-06-03T11:08:55.6805384+00:00	StartPipeline	Layer05Node01	Layer05Node01
2026-06-03T11:08:56.3387465+00:00	WorkerEvent	Layer05Node05	PipelineStarted; ExitCode=0; pipeline started
2026-06-03T11:08:56.3439641+00:00	WorkerEvent	Layer05Node05.refresh-l05-n05	TaskReady; ExitCode=0; 
2026-06-03T11:08:56.3462287+00:00	GrantTask	Layer05Node05.refresh-l05-n05	Layer05Node05.refresh-l05-n05; GrantId=grant-66; Attempt=1
2026-06-03T11:08:56.3476057+00:00	WorkerEvent	Layer05Node05.refresh-l05-n05	GrantAccepted; ExitCode=0; 
2026-06-03T11:08:56.3491622+00:00	WorkerEvent	Layer05Node05.refresh-l05-n05	TaskStarted; ExitCode=0; 
2026-06-03T11:08:56.8723764+00:00	WorkerEvent	Layer05Node01	PipelineStarted; ExitCode=0; pipeline started
2026-06-03T11:08:56.8766908+00:00	WorkerEvent	Layer05Node01.select-l05-n01	TaskReady; ExitCode=0; 
2026-06-03T11:08:56.8785939+00:00	GrantTask	Layer05Node01.select-l05-n01	Layer05Node01.select-l05-n01; GrantId=grant-67; Attempt=1
2026-06-03T11:08:56.8797471+00:00	WorkerEvent	Layer05Node01.select-l05-n01	GrantAccepted; ExitCode=0; 
2026-06-03T11:08:56.8814912+00:00	WorkerEvent	Layer05Node01.select-l05-n01	TaskStarted; ExitCode=0; 
2026-06-03T11:08:57.1333136+00:00	WorkerEvent	Layer05Node05.refresh-l05-n05	TaskSucceeded; ExitCode=0; 
2026-06-03T11:08:57.1346109+00:00	TaskSucceeded	Layer05Node05.refresh-l05-n05	0
2026-06-03T11:08:57.1739904+00:00	WorkerEvent	Layer05Node05	Closed; ExitCode=0; 
2026-06-03T11:08:57.1754557+00:00	WorkerStarting	Layer05Node07	meta-pipeline
2026-06-03T11:08:57.3792075+00:00	WorkerStarted	Layer05Node07	17428
2026-06-03T11:08:57.3801933+00:00	WorkerControlPipe	Layer05Node07	meta-orchestration-fc9c4c69c0ea4ace963ae75270fc3101
2026-06-03T11:08:57.3809454+00:00	WorkerLog	Layer05Node07	stdout=C:\Users\jimmy\Desktop\meta-bi\Samples\Demos\MetaOrchestrationHairballCliIntegration\Runs\hairball-seed-20260530\RunArtifacts\runs\20260603-110742_4844be1369c548d7bedbf8a4694ba772\logs\Layer05Node07-17428.stdout.log; stderr=C:\Users\jimmy\Desktop\meta-bi\Samples\Demos\MetaOrchestrationHairballCliIntegration\Runs\hairball-seed-20260530\RunArtifacts\runs\20260603-110742_4844be1369c548d7bedbf8a4694ba772\logs\Layer05Node07-17428.stderr.log
2026-06-03T11:08:57.4251219+00:00	WorkerEvent	Layer05Node07	WorkerOnline; ExitCode=0; online
2026-06-03T11:08:57.4293926+00:00	WorkerEvent	Layer05Node07	WorkerReady; ExitCode=0; ready
2026-06-03T11:08:57.4351912+00:00	StartPipeline	Layer05Node07	Layer05Node07
2026-06-03T11:08:57.8174881+00:00	WorkerEvent	Layer05Node01.select-l05-n01	TaskSucceeded; ExitCode=0; 
2026-06-03T11:08:57.8186474+00:00	TaskSucceeded	Layer05Node01.select-l05-n01	0
2026-06-03T11:08:57.8587921+00:00	WorkerEvent	Layer05Node01	Closed; ExitCode=0; 
2026-06-03T11:08:57.8605010+00:00	WorkerStarting	Layer05Node06	meta-pipeline
2026-06-03T11:08:58.0961778+00:00	WorkerStarted	Layer05Node06	23000
2026-06-03T11:08:58.0970048+00:00	WorkerControlPipe	Layer05Node06	meta-orchestration-740057ee2c1a4ffb97e8e80302af8d6b
2026-06-03T11:08:58.0977149+00:00	WorkerLog	Layer05Node06	stdout=C:\Users\jimmy\Desktop\meta-bi\Samples\Demos\MetaOrchestrationHairballCliIntegration\Runs\hairball-seed-20260530\RunArtifacts\runs\20260603-110742_4844be1369c548d7bedbf8a4694ba772\logs\Layer05Node06-23000.stdout.log; stderr=C:\Users\jimmy\Desktop\meta-bi\Samples\Demos\MetaOrchestrationHairballCliIntegration\Runs\hairball-seed-20260530\RunArtifacts\runs\20260603-110742_4844be1369c548d7bedbf8a4694ba772\logs\Layer05Node06-23000.stderr.log
2026-06-03T11:08:58.1372222+00:00	WorkerEvent	Layer05Node06	WorkerOnline; ExitCode=0; online
2026-06-03T11:08:58.1412892+00:00	WorkerEvent	Layer05Node06	WorkerReady; ExitCode=0; ready
2026-06-03T11:08:58.1477257+00:00	StartPipeline	Layer05Node06	Layer05Node06
2026-06-03T11:08:58.6788983+00:00	WorkerEvent	Layer05Node07	PipelineStarted; ExitCode=0; pipeline started
2026-06-03T11:08:58.6831758+00:00	WorkerEvent	Layer05Node07.export-l05-n07	TaskReady; ExitCode=0; 
2026-06-03T11:08:58.6854967+00:00	GrantTask	Layer05Node07.export-l05-n07	Layer05Node07.export-l05-n07; GrantId=grant-68; Attempt=1
2026-06-03T11:08:58.6862561+00:00	WorkerEvent	Layer05Node07.export-l05-n07	GrantAccepted; ExitCode=0; 
2026-06-03T11:08:58.6880243+00:00	WorkerEvent	Layer05Node07.export-l05-n07	TaskStarted; ExitCode=0; 
2026-06-03T11:08:59.2320097+00:00	WorkerEvent	Layer05Node06	PipelineStarted; ExitCode=0; pipeline started
2026-06-03T11:08:59.2364336+00:00	WorkerEvent	Layer05Node06.export-l05-n06	TaskReady; ExitCode=0; 
2026-06-03T11:08:59.2381784+00:00	GrantTask	Layer05Node06.export-l05-n06	Layer05Node06.export-l05-n06; GrantId=grant-69; Attempt=1
2026-06-03T11:08:59.2393413+00:00	WorkerEvent	Layer05Node06.export-l05-n06	GrantAccepted; ExitCode=0; 
2026-06-03T11:08:59.2409993+00:00	WorkerEvent	Layer05Node06.export-l05-n06	TaskStarted; ExitCode=0; 
2026-06-03T11:08:59.6043743+00:00	WorkerEvent	Layer05Node07.export-l05-n07	TaskSucceeded; ExitCode=0; 
2026-06-03T11:08:59.6056979+00:00	TaskSucceeded	Layer05Node07.export-l05-n07	0
2026-06-03T11:08:59.6481316+00:00	WorkerEvent	Layer05Node07	Closed; ExitCode=0; 
2026-06-03T11:08:59.6495271+00:00	WorkerResuming	BridgeL07L08	ResumeTaskId=BridgeL07L08.bridge-l07-l08-collect; Executable=meta-pipeline
2026-06-03T11:08:59.8570583+00:00	WorkerStarted	BridgeL07L08	22816
2026-06-03T11:08:59.8577461+00:00	WorkerControlPipe	BridgeL07L08	meta-orchestration-aa3e2ebcacc24999a661b4f1fcc30925
2026-06-03T11:08:59.8583886+00:00	WorkerLog	BridgeL07L08	stdout=C:\Users\jimmy\Desktop\meta-bi\Samples\Demos\MetaOrchestrationHairballCliIntegration\Runs\hairball-seed-20260530\RunArtifacts\runs\20260603-110742_4844be1369c548d7bedbf8a4694ba772\logs\BridgeL07L08-22816.stdout.log; stderr=C:\Users\jimmy\Desktop\meta-bi\Samples\Demos\MetaOrchestrationHairballCliIntegration\Runs\hairball-seed-20260530\RunArtifacts\runs\20260603-110742_4844be1369c548d7bedbf8a4694ba772\logs\BridgeL07L08-22816.stderr.log
2026-06-03T11:08:59.9095227+00:00	WorkerEvent	BridgeL07L08	WorkerOnline; ExitCode=0; online
2026-06-03T11:08:59.9131323+00:00	WorkerEvent	BridgeL07L08	WorkerReady; ExitCode=0; ready
2026-06-03T11:08:59.9197805+00:00	StartPipeline	BridgeL07L08	BridgeL07L08
2026-06-03T11:09:00.2462193+00:00	WorkerEvent	Layer05Node06.export-l05-n06	TaskSucceeded; ExitCode=0; 
2026-06-03T11:09:00.2473601+00:00	TaskSucceeded	Layer05Node06.export-l05-n06	0
2026-06-03T11:09:00.2877859+00:00	WorkerEvent	Layer05Node06	Closed; ExitCode=0; 
2026-06-03T11:09:00.2891832+00:00	WorkerStarting	Layer05Node08	meta-pipeline
2026-06-03T11:09:00.5044589+00:00	WorkerStarted	Layer05Node08	21664
2026-06-03T11:09:00.5051271+00:00	WorkerControlPipe	Layer05Node08	meta-orchestration-9301a54035ee4533a93f3baca103c721
2026-06-03T11:09:00.5057767+00:00	WorkerLog	Layer05Node08	stdout=C:\Users\jimmy\Desktop\meta-bi\Samples\Demos\MetaOrchestrationHairballCliIntegration\Runs\hairball-seed-20260530\RunArtifacts\runs\20260603-110742_4844be1369c548d7bedbf8a4694ba772\logs\Layer05Node08-21664.stdout.log; stderr=C:\Users\jimmy\Desktop\meta-bi\Samples\Demos\MetaOrchestrationHairballCliIntegration\Runs\hairball-seed-20260530\RunArtifacts\runs\20260603-110742_4844be1369c548d7bedbf8a4694ba772\logs\Layer05Node08-21664.stderr.log
2026-06-03T11:09:00.5495328+00:00	WorkerEvent	Layer05Node08	WorkerOnline; ExitCode=0; online
2026-06-03T11:09:00.5538374+00:00	WorkerEvent	Layer05Node08	WorkerReady; ExitCode=0; ready
2026-06-03T11:09:00.5615142+00:00	StartPipeline	Layer05Node08	Layer05Node08
2026-06-03T11:09:01.8349400+00:00	WorkerEvent	BridgeL07L08	PipelineStarted; ExitCode=0; pipeline started
2026-06-03T11:09:01.8397351+00:00	WorkerEvent	BridgeL07L08.bridge-l07-l08-collect	TaskReady; ExitCode=0; 
2026-06-03T11:09:01.8419322+00:00	GrantTask	BridgeL07L08.bridge-l07-l08-collect	BridgeL07L08.bridge-l07-l08-collect; GrantId=grant-70; Attempt=1
2026-06-03T11:09:01.8432114+00:00	WorkerEvent	BridgeL07L08.bridge-l07-l08-collect	GrantAccepted; ExitCode=0; 
2026-06-03T11:09:01.8445511+00:00	WorkerEvent	Layer05Node08	PipelineStarted; ExitCode=0; pipeline started
2026-06-03T11:09:01.8455530+00:00	WorkerEvent	BridgeL07L08.bridge-l07-l08-collect	TaskStarted; ExitCode=0; 
2026-06-03T11:09:01.8471387+00:00	WorkerEvent	Layer05Node08.refresh-l05-n08	TaskReady; ExitCode=0; 
2026-06-03T11:09:01.8489768+00:00	GrantTask	Layer05Node08.refresh-l05-n08	Layer05Node08.refresh-l05-n08; GrantId=grant-71; Attempt=1
2026-06-03T11:09:01.8500977+00:00	WorkerEvent	Layer05Node08.refresh-l05-n08	GrantAccepted; ExitCode=0; 
2026-06-03T11:09:01.8517348+00:00	WorkerEvent	Layer05Node08.refresh-l05-n08	TaskStarted; ExitCode=0; 
2026-06-03T11:09:02.6616197+00:00	WorkerEvent	Layer05Node08.refresh-l05-n08	TaskSucceeded; ExitCode=0; 
2026-06-03T11:09:02.6630002+00:00	TaskSucceeded	Layer05Node08.refresh-l05-n08	0
2026-06-03T11:09:02.7041494+00:00	WorkerEvent	Layer05Node08	Closed; ExitCode=0; 
2026-06-03T11:09:02.7052912+00:00	WorkerStarting	Layer05Hub	meta-pipeline
2026-06-03T11:09:02.9067614+00:00	WorkerStarted	Layer05Hub	26988
2026-06-03T11:09:02.9074726+00:00	WorkerControlPipe	Layer05Hub	meta-orchestration-5def7d54d6e8409a8b254c824f165494
2026-06-03T11:09:02.9079840+00:00	WorkerLog	Layer05Hub	stdout=C:\Users\jimmy\Desktop\meta-bi\Samples\Demos\MetaOrchestrationHairballCliIntegration\Runs\hairball-seed-20260530\RunArtifacts\runs\20260603-110742_4844be1369c548d7bedbf8a4694ba772\logs\Layer05Hub-26988.stdout.log; stderr=C:\Users\jimmy\Desktop\meta-bi\Samples\Demos\MetaOrchestrationHairballCliIntegration\Runs\hairball-seed-20260530\RunArtifacts\runs\20260603-110742_4844be1369c548d7bedbf8a4694ba772\logs\Layer05Hub-26988.stderr.log
2026-06-03T11:09:02.9085373+00:00	WorkerEvent	BridgeL07L08.bridge-l07-l08-collect	TaskSucceeded; ExitCode=0; 
2026-06-03T11:09:02.9099500+00:00	TaskSucceeded	BridgeL07L08.bridge-l07-l08-collect	0
2026-06-03T11:09:02.9113013+00:00	WorkerEvent	BridgeL07L08.bridge-l07-l08-north	TaskReady; ExitCode=0; 
2026-06-03T11:09:02.9125520+00:00	WorkerDeferredForCapacity	BridgeL07L08	Deferred by orchestration to honor max active worker process capacity.
2026-06-03T11:09:02.9131101+00:00	StopPipeline	BridgeL07L08	Deferred by orchestration to honor max active worker process capacity.
2026-06-03T11:09:02.9532333+00:00	WorkerEvent	Layer05Hub	WorkerOnline; ExitCode=0; online
2026-06-03T11:09:02.9553064+00:00	WorkerEvent	Layer05Hub	WorkerReady; ExitCode=0; ready
2026-06-03T11:09:02.9578680+00:00	StartPipeline	Layer05Hub	Layer05Hub
2026-06-03T11:09:02.9587513+00:00	WorkerEvent	BridgeL07L08	Closed; ExitCode=0; 
2026-06-03T11:09:02.9592397+00:00	WorkerDeferred	BridgeL07L08	ResumeTaskId=BridgeL07L08.bridge-l07-l08-north
2026-06-03T11:09:02.9598215+00:00	WorkerStarting	Layer06Node01	meta-pipeline
2026-06-03T11:09:03.1624879+00:00	WorkerStarted	Layer06Node01	26536
2026-06-03T11:09:03.1632616+00:00	WorkerControlPipe	Layer06Node01	meta-orchestration-30935bc1b04c40b4a6c41b106790b13c
2026-06-03T11:09:03.1639714+00:00	WorkerLog	Layer06Node01	stdout=C:\Users\jimmy\Desktop\meta-bi\Samples\Demos\MetaOrchestrationHairballCliIntegration\Runs\hairball-seed-20260530\RunArtifacts\runs\20260603-110742_4844be1369c548d7bedbf8a4694ba772\logs\Layer06Node01-26536.stdout.log; stderr=C:\Users\jimmy\Desktop\meta-bi\Samples\Demos\MetaOrchestrationHairballCliIntegration\Runs\hairball-seed-20260530\RunArtifacts\runs\20260603-110742_4844be1369c548d7bedbf8a4694ba772\logs\Layer06Node01-26536.stderr.log
2026-06-03T11:09:03.2054038+00:00	WorkerEvent	Layer06Node01	WorkerOnline; ExitCode=0; online
2026-06-03T11:09:03.2095947+00:00	WorkerEvent	Layer06Node01	WorkerReady; ExitCode=0; ready
2026-06-03T11:09:03.2168341+00:00	StartPipeline	Layer06Node01	Layer06Node01
2026-06-03T11:09:04.5765660+00:00	WorkerEvent	Layer06Node01	PipelineStarted; ExitCode=0; pipeline started
2026-06-03T11:09:04.5815057+00:00	WorkerEvent	Layer06Node01.select-l06-n01	TaskReady; ExitCode=0; 
2026-06-03T11:09:04.5838126+00:00	GrantTask	Layer06Node01.select-l06-n01	Layer06Node01.select-l06-n01; GrantId=grant-72; Attempt=1
2026-06-03T11:09:04.5857826+00:00	WorkerEvent	Layer06Node01.select-l06-n01	GrantAccepted; ExitCode=0; 
2026-06-03T11:09:04.5886758+00:00	WorkerEvent	Layer06Node01.select-l06-n01	TaskStarted; ExitCode=0; 
2026-06-03T11:09:04.7844332+00:00	WorkerEvent	Layer05Hub	PipelineStarted; ExitCode=0; pipeline started
2026-06-03T11:09:04.7893198+00:00	WorkerEvent	Layer05Hub.hub-l05-stage	TaskReady; ExitCode=0; 
2026-06-03T11:09:04.7915304+00:00	GrantTask	Layer05Hub.hub-l05-stage	Layer05Hub.hub-l05-stage; GrantId=grant-73; Attempt=1
2026-06-03T11:09:04.7924739+00:00	WorkerEvent	Layer05Hub.hub-l05-stage	GrantAccepted; ExitCode=0; 
2026-06-03T11:09:04.7942467+00:00	WorkerEvent	Layer05Hub.hub-l05-stage	TaskStarted; ExitCode=0; 
2026-06-03T11:09:05.5246537+00:00	WorkerEvent	Layer06Node01.select-l06-n01	TaskSucceeded; ExitCode=0; 
2026-06-03T11:09:05.5257553+00:00	TaskSucceeded	Layer06Node01.select-l06-n01	0
2026-06-03T11:09:05.5672302+00:00	WorkerEvent	Layer06Node01	Closed; ExitCode=0; 
2026-06-03T11:09:05.5689850+00:00	WorkerStarting	Layer06Node02	meta-pipeline
2026-06-03T11:09:05.8153394+00:00	WorkerStarted	Layer06Node02	27596
2026-06-03T11:09:05.8161182+00:00	WorkerControlPipe	Layer06Node02	meta-orchestration-abc179bffc95441b98fc6417e483a2e9
2026-06-03T11:09:05.8167220+00:00	WorkerLog	Layer06Node02	stdout=C:\Users\jimmy\Desktop\meta-bi\Samples\Demos\MetaOrchestrationHairballCliIntegration\Runs\hairball-seed-20260530\RunArtifacts\runs\20260603-110742_4844be1369c548d7bedbf8a4694ba772\logs\Layer06Node02-27596.stdout.log; stderr=C:\Users\jimmy\Desktop\meta-bi\Samples\Demos\MetaOrchestrationHairballCliIntegration\Runs\hairball-seed-20260530\RunArtifacts\runs\20260603-110742_4844be1369c548d7bedbf8a4694ba772\logs\Layer06Node02-27596.stderr.log
2026-06-03T11:09:05.8174268+00:00	WorkerEvent	Layer05Hub.hub-l05-stage	TaskSucceeded; ExitCode=0; 
2026-06-03T11:09:05.8184088+00:00	TaskSucceeded	Layer05Hub.hub-l05-stage	0
2026-06-03T11:09:05.8196727+00:00	WorkerEvent	Layer05Hub.hub-l05-curate	TaskReady; ExitCode=0; 
2026-06-03T11:09:05.8215045+00:00	GrantTask	Layer05Hub.hub-l05-curate	Layer05Hub.hub-l05-curate; GrantId=grant-74; Attempt=1
2026-06-03T11:09:05.8222167+00:00	WorkerEvent	Layer05Hub.hub-l05-curate	GrantAccepted; ExitCode=0; 
2026-06-03T11:09:05.8234691+00:00	WorkerEvent	Layer05Hub.hub-l05-curate	TaskStarted; ExitCode=0; 
2026-06-03T11:09:05.8688599+00:00	WorkerEvent	Layer06Node02	WorkerOnline; ExitCode=0; online
2026-06-03T11:09:05.8725595+00:00	WorkerEvent	Layer06Node02	WorkerReady; ExitCode=0; ready
2026-06-03T11:09:05.8803628+00:00	StartPipeline	Layer06Node02	Layer06Node02
2026-06-03T11:09:06.0283841+00:00	WorkerEvent	Layer05Hub.hub-l05-curate	TaskSucceeded; ExitCode=0; 
2026-06-03T11:09:06.0293957+00:00	TaskSucceeded	Layer05Hub.hub-l05-curate	0
2026-06-03T11:09:06.0301823+00:00	WorkerEvent	Layer05Hub.hub-l05-publish	TaskReady; ExitCode=0; 
2026-06-03T11:09:06.0318540+00:00	GrantTask	Layer05Hub.hub-l05-publish	Layer05Hub.hub-l05-publish; GrantId=grant-75; Attempt=1
2026-06-03T11:09:06.0326338+00:00	WorkerEvent	Layer05Hub.hub-l05-publish	GrantAccepted; ExitCode=0; 
2026-06-03T11:09:06.0343831+00:00	WorkerEvent	Layer05Hub.hub-l05-publish	TaskStarted; ExitCode=0; 
2026-06-03T11:09:06.3107800+00:00	WorkerEvent	Layer05Hub.hub-l05-publish	TaskSucceeded; ExitCode=0; 
2026-06-03T11:09:06.3118235+00:00	TaskSucceeded	Layer05Hub.hub-l05-publish	0
2026-06-03T11:09:06.3554495+00:00	WorkerEvent	Layer05Hub	Closed; ExitCode=0; 
2026-06-03T11:09:06.3565772+00:00	WorkerResuming	BridgeL05L06	ResumeTaskId=BridgeL05L06.bridge-l05-l06-collect; Executable=meta-pipeline
2026-06-03T11:09:06.5697633+00:00	WorkerStarted	BridgeL05L06	27204
2026-06-03T11:09:06.5706531+00:00	WorkerControlPipe	BridgeL05L06	meta-orchestration-523c9982effc41ad85fd9f88f3d8c8de
2026-06-03T11:09:06.5713107+00:00	WorkerLog	BridgeL05L06	stdout=C:\Users\jimmy\Desktop\meta-bi\Samples\Demos\MetaOrchestrationHairballCliIntegration\Runs\hairball-seed-20260530\RunArtifacts\runs\20260603-110742_4844be1369c548d7bedbf8a4694ba772\logs\BridgeL05L06-27204.stdout.log; stderr=C:\Users\jimmy\Desktop\meta-bi\Samples\Demos\MetaOrchestrationHairballCliIntegration\Runs\hairball-seed-20260530\RunArtifacts\runs\20260603-110742_4844be1369c548d7bedbf8a4694ba772\logs\BridgeL05L06-27204.stderr.log
2026-06-03T11:09:06.6134281+00:00	WorkerEvent	BridgeL05L06	WorkerOnline; ExitCode=0; online
2026-06-03T11:09:06.6175042+00:00	WorkerEvent	BridgeL05L06	WorkerReady; ExitCode=0; ready
2026-06-03T11:09:06.6244874+00:00	StartPipeline	BridgeL05L06	BridgeL05L06
2026-06-03T11:09:07.1376533+00:00	WorkerEvent	Layer06Node02	PipelineStarted; ExitCode=0; pipeline started
2026-06-03T11:09:07.1430893+00:00	WorkerEvent	Layer06Node02.export-l06-n02	TaskReady; ExitCode=0; 
2026-06-03T11:09:07.1451494+00:00	GrantTask	Layer06Node02.export-l06-n02	Layer06Node02.export-l06-n02; GrantId=grant-76; Attempt=1
2026-06-03T11:09:07.1458965+00:00	WorkerEvent	Layer06Node02.export-l06-n02	GrantAccepted; ExitCode=0; 
2026-06-03T11:09:07.1479015+00:00	WorkerEvent	Layer06Node02.export-l06-n02	TaskStarted; ExitCode=0; 
2026-06-03T11:09:08.3012149+00:00	WorkerEvent	Layer06Node02.export-l06-n02	TaskSucceeded; ExitCode=0; 
2026-06-03T11:09:08.3022093+00:00	TaskSucceeded	Layer06Node02.export-l06-n02	0
2026-06-03T11:09:08.3398639+00:00	WorkerEvent	Layer06Node02	Closed; ExitCode=0; 
2026-06-03T11:09:08.3418066+00:00	WorkerStarting	Layer06Node03	meta-pipeline
2026-06-03T11:09:08.5480285+00:00	WorkerStarted	Layer06Node03	17116
2026-06-03T11:09:08.5487481+00:00	WorkerControlPipe	Layer06Node03	meta-orchestration-5124971008cf4a7d9ccd109be8533b28
2026-06-03T11:09:08.5493880+00:00	WorkerLog	Layer06Node03	stdout=C:\Users\jimmy\Desktop\meta-bi\Samples\Demos\MetaOrchestrationHairballCliIntegration\Runs\hairball-seed-20260530\RunArtifacts\runs\20260603-110742_4844be1369c548d7bedbf8a4694ba772\logs\Layer06Node03-17116.stdout.log; stderr=C:\Users\jimmy\Desktop\meta-bi\Samples\Demos\MetaOrchestrationHairballCliIntegration\Runs\hairball-seed-20260530\RunArtifacts\runs\20260603-110742_4844be1369c548d7bedbf8a4694ba772\logs\Layer06Node03-17116.stderr.log
2026-06-03T11:09:08.5501627+00:00	WorkerEvent	BridgeL05L06	PipelineStarted; ExitCode=0; pipeline started
2026-06-03T11:09:08.5519267+00:00	WorkerEvent	BridgeL05L06.bridge-l05-l06-collect	TaskReady; ExitCode=0; 
2026-06-03T11:09:08.5535409+00:00	GrantTask	BridgeL05L06.bridge-l05-l06-collect	BridgeL05L06.bridge-l05-l06-collect; GrantId=grant-77; Attempt=1
2026-06-03T11:09:08.5545918+00:00	WorkerEvent	BridgeL05L06.bridge-l05-l06-collect	GrantAccepted; ExitCode=0; 
2026-06-03T11:09:08.5563231+00:00	WorkerEvent	BridgeL05L06.bridge-l05-l06-collect	TaskStarted; ExitCode=0; 
2026-06-03T11:09:08.5969628+00:00	WorkerEvent	Layer06Node03	WorkerOnline; ExitCode=0; online
2026-06-03T11:09:08.6010496+00:00	WorkerEvent	Layer06Node03	WorkerReady; ExitCode=0; ready
2026-06-03T11:09:08.6066939+00:00	StartPipeline	Layer06Node03	Layer06Node03
2026-06-03T11:09:09.4754593+00:00	WorkerEvent	BridgeL05L06.bridge-l05-l06-collect	TaskSucceeded; ExitCode=0; 
2026-06-03T11:09:09.4765764+00:00	TaskSucceeded	BridgeL05L06.bridge-l05-l06-collect	0
2026-06-03T11:09:09.4775326+00:00	WorkerEvent	BridgeL05L06.bridge-l05-l06-north	TaskReady; ExitCode=0; 
2026-06-03T11:09:09.4793666+00:00	GrantTask	BridgeL05L06.bridge-l05-l06-north	BridgeL05L06.bridge-l05-l06-north; GrantId=grant-78; Attempt=1
2026-06-03T11:09:09.4800763+00:00	WorkerEvent	BridgeL05L06.bridge-l05-l06-north	GrantAccepted; ExitCode=0; 
2026-06-03T11:09:09.4815448+00:00	WorkerEvent	BridgeL05L06.bridge-l05-l06-north	TaskStarted; ExitCode=0; 
2026-06-03T11:09:09.6996189+00:00	WorkerEvent	BridgeL05L06.bridge-l05-l06-north	TaskSucceeded; ExitCode=0; 
2026-06-03T11:09:09.7007560+00:00	TaskSucceeded	BridgeL05L06.bridge-l05-l06-north	0
2026-06-03T11:09:09.7021356+00:00	WorkerEvent	BridgeL05L06.bridge-l05-l06-south	TaskReady; ExitCode=0; 
2026-06-03T11:09:09.7036495+00:00	WorkerDeferredForCapacity	BridgeL05L06	Deferred by orchestration to honor max active worker process capacity.
2026-06-03T11:09:09.7047356+00:00	StopPipeline	BridgeL05L06	Deferred by orchestration to honor max active worker process capacity.
2026-06-03T11:09:09.7540892+00:00	WorkerEvent	BridgeL05L06	Closed; ExitCode=0; 
2026-06-03T11:09:09.7550602+00:00	WorkerDeferred	BridgeL05L06	ResumeTaskId=BridgeL05L06.bridge-l05-l06-south
2026-06-03T11:09:09.7559020+00:00	WorkerResuming	BridgeL07L08	ResumeTaskId=BridgeL07L08.bridge-l07-l08-north; Executable=meta-pipeline
2026-06-03T11:09:09.9395517+00:00	WorkerStarted	BridgeL07L08	29676
2026-06-03T11:09:09.9402342+00:00	WorkerControlPipe	BridgeL07L08	meta-orchestration-84718388522446e8b6e3a4e53bc01e7f
2026-06-03T11:09:09.9407822+00:00	WorkerLog	BridgeL07L08	stdout=C:\Users\jimmy\Desktop\meta-bi\Samples\Demos\MetaOrchestrationHairballCliIntegration\Runs\hairball-seed-20260530\RunArtifacts\runs\20260603-110742_4844be1369c548d7bedbf8a4694ba772\logs\BridgeL07L08-29676.stdout.log; stderr=C:\Users\jimmy\Desktop\meta-bi\Samples\Demos\MetaOrchestrationHairballCliIntegration\Runs\hairball-seed-20260530\RunArtifacts\runs\20260603-110742_4844be1369c548d7bedbf8a4694ba772\logs\BridgeL07L08-29676.stderr.log
2026-06-03T11:09:09.9415568+00:00	WorkerEvent	Layer06Node03	PipelineStarted; ExitCode=0; pipeline started
2026-06-03T11:09:09.9439062+00:00	WorkerEvent	Layer06Node03.select-l06-n03	TaskReady; ExitCode=0; 
2026-06-03T11:09:09.9456460+00:00	GrantTask	Layer06Node03.select-l06-n03	Layer06Node03.select-l06-n03; GrantId=grant-79; Attempt=1
2026-06-03T11:09:09.9468548+00:00	WorkerEvent	Layer06Node03.select-l06-n03	GrantAccepted; ExitCode=0; 
2026-06-03T11:09:09.9481892+00:00	WorkerEvent	Layer06Node03.select-l06-n03	TaskStarted; ExitCode=0; 
2026-06-03T11:09:09.9789078+00:00	WorkerEvent	BridgeL07L08	WorkerOnline; ExitCode=0; online
2026-06-03T11:09:09.9825664+00:00	WorkerEvent	BridgeL07L08	WorkerReady; ExitCode=0; ready
2026-06-03T11:09:09.9885358+00:00	StartPipeline	BridgeL07L08	BridgeL07L08
2026-06-03T11:09:10.8450474+00:00	WorkerEvent	Layer06Node03.select-l06-n03	TaskSucceeded; ExitCode=0; 
2026-06-03T11:09:10.8462376+00:00	TaskSucceeded	Layer06Node03.select-l06-n03	0
2026-06-03T11:09:10.8865026+00:00	WorkerEvent	Layer06Node03	Closed; ExitCode=0; 
2026-06-03T11:09:10.8882749+00:00	WorkerStarting	Layer06Node04	meta-pipeline
2026-06-03T11:09:11.0744823+00:00	WorkerStarted	Layer06Node04	8496
2026-06-03T11:09:11.0752411+00:00	WorkerControlPipe	Layer06Node04	meta-orchestration-d42a524adaaf4faaabce9c0e67bd1e6f
2026-06-03T11:09:11.0759608+00:00	WorkerLog	Layer06Node04	stdout=C:\Users\jimmy\Desktop\meta-bi\Samples\Demos\MetaOrchestrationHairballCliIntegration\Runs\hairball-seed-20260530\RunArtifacts\runs\20260603-110742_4844be1369c548d7bedbf8a4694ba772\logs\Layer06Node04-8496.stdout.log; stderr=C:\Users\jimmy\Desktop\meta-bi\Samples\Demos\MetaOrchestrationHairballCliIntegration\Runs\hairball-seed-20260530\RunArtifacts\runs\20260603-110742_4844be1369c548d7bedbf8a4694ba772\logs\Layer06Node04-8496.stderr.log
2026-06-03T11:09:11.1144607+00:00	WorkerEvent	Layer06Node04	WorkerOnline; ExitCode=0; online
2026-06-03T11:09:11.1188374+00:00	WorkerEvent	Layer06Node04	WorkerReady; ExitCode=0; ready
2026-06-03T11:09:11.1244204+00:00	StartPipeline	Layer06Node04	Layer06Node04
2026-06-03T11:09:11.5781688+00:00	WorkerEvent	BridgeL07L08	PipelineStarted; ExitCode=0; pipeline started
2026-06-03T11:09:11.5829766+00:00	WorkerEvent	BridgeL07L08.bridge-l07-l08-north	TaskReady; ExitCode=0; 
2026-06-03T11:09:11.5849969+00:00	GrantTask	BridgeL07L08.bridge-l07-l08-north	BridgeL07L08.bridge-l07-l08-north; GrantId=grant-80; Attempt=1
2026-06-03T11:09:11.5862679+00:00	WorkerEvent	BridgeL07L08.bridge-l07-l08-north	GrantAccepted; ExitCode=0; 
2026-06-03T11:09:11.5879506+00:00	WorkerEvent	BridgeL07L08.bridge-l07-l08-north	TaskStarted; ExitCode=0; 
2026-06-03T11:09:12.3129597+00:00	WorkerEvent	Layer06Node04	PipelineStarted; ExitCode=0; pipeline started
2026-06-03T11:09:12.3173218+00:00	WorkerEvent	Layer06Node04.export-l06-n04	TaskReady; ExitCode=0; 
2026-06-03T11:09:12.3197989+00:00	GrantTask	Layer06Node04.export-l06-n04	Layer06Node04.export-l06-n04; GrantId=grant-81; Attempt=1
2026-06-03T11:09:12.3205430+00:00	WorkerEvent	Layer06Node04.export-l06-n04	GrantAccepted; ExitCode=0; 
2026-06-03T11:09:12.3223621+00:00	WorkerEvent	Layer06Node04.export-l06-n04	TaskStarted; ExitCode=0; 
2026-06-03T11:09:12.3642958+00:00	WorkerEvent	BridgeL07L08.bridge-l07-l08-north	TaskSucceeded; ExitCode=0; 
2026-06-03T11:09:12.3653884+00:00	TaskSucceeded	BridgeL07L08.bridge-l07-l08-north	0
2026-06-03T11:09:12.3666999+00:00	WorkerEvent	BridgeL07L08.bridge-l07-l08-south	TaskReady; ExitCode=0; 
2026-06-03T11:09:12.3683422+00:00	WorkerDeferredForCapacity	BridgeL07L08	Deferred by orchestration to honor max active worker process capacity.
2026-06-03T11:09:12.3690256+00:00	StopPipeline	BridgeL07L08	Deferred by orchestration to honor max active worker process capacity.
2026-06-03T11:09:12.4061162+00:00	WorkerEvent	BridgeL07L08	Closed; ExitCode=0; 
2026-06-03T11:09:12.4068498+00:00	WorkerDeferred	BridgeL07L08	ResumeTaskId=BridgeL07L08.bridge-l07-l08-south
2026-06-03T11:09:12.4079567+00:00	WorkerStarting	Layer06Node05	meta-pipeline
2026-06-03T11:09:12.6369802+00:00	WorkerStarted	Layer06Node05	24936
2026-06-03T11:09:12.6377670+00:00	WorkerControlPipe	Layer06Node05	meta-orchestration-937abdb063614f18ad52e7edd0b1f7b3
2026-06-03T11:09:12.6383835+00:00	WorkerLog	Layer06Node05	stdout=C:\Users\jimmy\Desktop\meta-bi\Samples\Demos\MetaOrchestrationHairballCliIntegration\Runs\hairball-seed-20260530\RunArtifacts\runs\20260603-110742_4844be1369c548d7bedbf8a4694ba772\logs\Layer06Node05-24936.stdout.log; stderr=C:\Users\jimmy\Desktop\meta-bi\Samples\Demos\MetaOrchestrationHairballCliIntegration\Runs\hairball-seed-20260530\RunArtifacts\runs\20260603-110742_4844be1369c548d7bedbf8a4694ba772\logs\Layer06Node05-24936.stderr.log
2026-06-03T11:09:12.6769337+00:00	WorkerEvent	Layer06Node05	WorkerOnline; ExitCode=0; online
2026-06-03T11:09:12.6811928+00:00	WorkerEvent	Layer06Node05	WorkerReady; ExitCode=0; ready
2026-06-03T11:09:12.6893777+00:00	StartPipeline	Layer06Node05	Layer06Node05
2026-06-03T11:09:13.2716457+00:00	WorkerEvent	Layer06Node04.export-l06-n04	TaskSucceeded; ExitCode=0; 
2026-06-03T11:09:13.2728337+00:00	TaskSucceeded	Layer06Node04.export-l06-n04	0
2026-06-03T11:09:13.3160452+00:00	WorkerEvent	Layer06Node04	Closed; ExitCode=0; 
2026-06-03T11:09:13.3174910+00:00	WorkerStarting	Layer06Node06	meta-pipeline
2026-06-03T11:09:13.5077167+00:00	WorkerStarted	Layer06Node06	14728
2026-06-03T11:09:13.5085899+00:00	WorkerControlPipe	Layer06Node06	meta-orchestration-e6482441c72c4e30a35f832b692086bc
2026-06-03T11:09:13.5091510+00:00	WorkerLog	Layer06Node06	stdout=C:\Users\jimmy\Desktop\meta-bi\Samples\Demos\MetaOrchestrationHairballCliIntegration\Runs\hairball-seed-20260530\RunArtifacts\runs\20260603-110742_4844be1369c548d7bedbf8a4694ba772\logs\Layer06Node06-14728.stdout.log; stderr=C:\Users\jimmy\Desktop\meta-bi\Samples\Demos\MetaOrchestrationHairballCliIntegration\Runs\hairball-seed-20260530\RunArtifacts\runs\20260603-110742_4844be1369c548d7bedbf8a4694ba772\logs\Layer06Node06-14728.stderr.log
2026-06-03T11:09:13.5561585+00:00	WorkerEvent	Layer06Node06	WorkerOnline; ExitCode=0; online
2026-06-03T11:09:13.5597990+00:00	WorkerEvent	Layer06Node06	WorkerReady; ExitCode=0; ready
2026-06-03T11:09:13.5674931+00:00	StartPipeline	Layer06Node06	Layer06Node06
2026-06-03T11:09:13.9083082+00:00	WorkerEvent	Layer06Node05	PipelineStarted; ExitCode=0; pipeline started
2026-06-03T11:09:13.9133321+00:00	WorkerEvent	Layer06Node05.export-l06-n05	TaskReady; ExitCode=0; 
2026-06-03T11:09:13.9152428+00:00	GrantTask	Layer06Node05.export-l06-n05	Layer06Node05.export-l06-n05; GrantId=grant-82; Attempt=1
2026-06-03T11:09:13.9174006+00:00	WorkerEvent	Layer06Node05.export-l06-n05	GrantAccepted; ExitCode=0; 
2026-06-03T11:09:13.9192970+00:00	WorkerEvent	Layer06Node05.export-l06-n05	TaskStarted; ExitCode=0; 
2026-06-03T11:09:14.9114134+00:00	WorkerEvent	Layer06Node05.export-l06-n05	TaskSucceeded; ExitCode=0; 
2026-06-03T11:09:14.9126421+00:00	TaskSucceeded	Layer06Node05.export-l06-n05	0
2026-06-03T11:09:14.9339231+00:00	WorkerEvent	Layer06Node06	PipelineStarted; ExitCode=0; pipeline started
2026-06-03T11:09:14.9380656+00:00	WorkerEvent	Layer06Node06.select-l06-n06	TaskReady; ExitCode=0; 
2026-06-03T11:09:14.9391014+00:00	GrantTask	Layer06Node06.select-l06-n06	Layer06Node06.select-l06-n06; GrantId=grant-83; Attempt=1
2026-06-03T11:09:14.9399895+00:00	WorkerEvent	Layer06Node06.select-l06-n06	GrantAccepted; ExitCode=0; 
2026-06-03T11:09:14.9415054+00:00	WorkerEvent	Layer06Node06.select-l06-n06	TaskStarted; ExitCode=0; 
2026-06-03T11:09:14.9556150+00:00	WorkerEvent	Layer06Node05	Closed; ExitCode=0; 
2026-06-03T11:09:14.9565504+00:00	WorkerStarting	Layer06Node07	meta-pipeline
2026-06-03T11:09:15.1602997+00:00	WorkerStarted	Layer06Node07	23352
2026-06-03T11:09:15.1609778+00:00	WorkerControlPipe	Layer06Node07	meta-orchestration-9a137b034a584db3b5871f4e402fa8b7
2026-06-03T11:09:15.1615574+00:00	WorkerLog	Layer06Node07	stdout=C:\Users\jimmy\Desktop\meta-bi\Samples\Demos\MetaOrchestrationHairballCliIntegration\Runs\hairball-seed-20260530\RunArtifacts\runs\20260603-110742_4844be1369c548d7bedbf8a4694ba772\logs\Layer06Node07-23352.stdout.log; stderr=C:\Users\jimmy\Desktop\meta-bi\Samples\Demos\MetaOrchestrationHairballCliIntegration\Runs\hairball-seed-20260530\RunArtifacts\runs\20260603-110742_4844be1369c548d7bedbf8a4694ba772\logs\Layer06Node07-23352.stderr.log
2026-06-03T11:09:15.2040901+00:00	WorkerEvent	Layer06Node07	WorkerOnline; ExitCode=0; online
2026-06-03T11:09:15.2085925+00:00	WorkerEvent	Layer06Node07	WorkerReady; ExitCode=0; ready
2026-06-03T11:09:15.2171311+00:00	StartPipeline	Layer06Node07	Layer06Node07
2026-06-03T11:09:15.9565621+00:00	WorkerEvent	Layer06Node06.select-l06-n06	TaskSucceeded; ExitCode=0; 
2026-06-03T11:09:15.9578084+00:00	TaskSucceeded	Layer06Node06.select-l06-n06	0
2026-06-03T11:09:15.9952807+00:00	WorkerEvent	Layer06Node06	Closed; ExitCode=0; 
2026-06-03T11:09:15.9965929+00:00	WorkerStarting	Layer06Node08	meta-pipeline
2026-06-03T11:09:16.2234842+00:00	WorkerStarted	Layer06Node08	26484
2026-06-03T11:09:16.2244798+00:00	WorkerControlPipe	Layer06Node08	meta-orchestration-f4a38ed89a224f7ba9be995158c821c7
2026-06-03T11:09:16.2252476+00:00	WorkerLog	Layer06Node08	stdout=C:\Users\jimmy\Desktop\meta-bi\Samples\Demos\MetaOrchestrationHairballCliIntegration\Runs\hairball-seed-20260530\RunArtifacts\runs\20260603-110742_4844be1369c548d7bedbf8a4694ba772\logs\Layer06Node08-26484.stdout.log; stderr=C:\Users\jimmy\Desktop\meta-bi\Samples\Demos\MetaOrchestrationHairballCliIntegration\Runs\hairball-seed-20260530\RunArtifacts\runs\20260603-110742_4844be1369c548d7bedbf8a4694ba772\logs\Layer06Node08-26484.stderr.log
2026-06-03T11:09:16.2735247+00:00	WorkerEvent	Layer06Node08	WorkerOnline; ExitCode=0; online
2026-06-03T11:09:16.2776166+00:00	WorkerEvent	Layer06Node08	WorkerReady; ExitCode=0; ready
2026-06-03T11:09:16.2849538+00:00	StartPipeline	Layer06Node08	Layer06Node08
2026-06-03T11:09:16.6894569+00:00	WorkerEvent	Layer06Node07	PipelineStarted; ExitCode=0; pipeline started
2026-06-03T11:09:16.6937091+00:00	WorkerEvent	Layer06Node07.export-l06-n07	TaskReady; ExitCode=0; 
2026-06-03T11:09:16.6954026+00:00	GrantTask	Layer06Node07.export-l06-n07	Layer06Node07.export-l06-n07; GrantId=grant-84; Attempt=1
2026-06-03T11:09:16.6963121+00:00	WorkerEvent	Layer06Node07.export-l06-n07	GrantAccepted; ExitCode=0; 
2026-06-03T11:09:16.6981014+00:00	WorkerEvent	Layer06Node07.export-l06-n07	TaskStarted; ExitCode=0; 
2026-06-03T11:09:17.4240187+00:00	WorkerEvent	Layer06Node08	PipelineStarted; ExitCode=0; pipeline started
2026-06-03T11:09:17.4282665+00:00	WorkerEvent	Layer06Node08.export-l06-n08	TaskReady; ExitCode=0; 
2026-06-03T11:09:17.4305075+00:00	GrantTask	Layer06Node08.export-l06-n08	Layer06Node08.export-l06-n08; GrantId=grant-85; Attempt=1
2026-06-03T11:09:17.4350687+00:00	WorkerEvent	Layer06Node08.export-l06-n08	GrantAccepted; ExitCode=0; 
2026-06-03T11:09:17.4365074+00:00	WorkerEvent	Layer06Node08.export-l06-n08	TaskStarted; ExitCode=0; 
2026-06-03T11:09:17.6537243+00:00	WorkerEvent	Layer06Node07.export-l06-n07	TaskSucceeded; ExitCode=0; 
2026-06-03T11:09:17.6550792+00:00	TaskSucceeded	Layer06Node07.export-l06-n07	0
2026-06-03T11:09:17.6944471+00:00	WorkerEvent	Layer06Node07	Closed; ExitCode=0; 
2026-06-03T11:09:17.6962386+00:00	WorkerStarting	Layer06Node09	meta-pipeline
2026-06-03T11:09:17.9012095+00:00	WorkerStarted	Layer06Node09	25564
2026-06-03T11:09:17.9021151+00:00	WorkerControlPipe	Layer06Node09	meta-orchestration-dabe9201b5a84941890bcc49b4eb4c05
2026-06-03T11:09:17.9027319+00:00	WorkerLog	Layer06Node09	stdout=C:\Users\jimmy\Desktop\meta-bi\Samples\Demos\MetaOrchestrationHairballCliIntegration\Runs\hairball-seed-20260530\RunArtifacts\runs\20260603-110742_4844be1369c548d7bedbf8a4694ba772\logs\Layer06Node09-25564.stdout.log; stderr=C:\Users\jimmy\Desktop\meta-bi\Samples\Demos\MetaOrchestrationHairballCliIntegration\Runs\hairball-seed-20260530\RunArtifacts\runs\20260603-110742_4844be1369c548d7bedbf8a4694ba772\logs\Layer06Node09-25564.stderr.log
2026-06-03T11:09:17.9415574+00:00	WorkerEvent	Layer06Node09	WorkerOnline; ExitCode=0; online
2026-06-03T11:09:17.9453460+00:00	WorkerEvent	Layer06Node09	WorkerReady; ExitCode=0; ready
2026-06-03T11:09:17.9507957+00:00	StartPipeline	Layer06Node09	Layer06Node09
2026-06-03T11:09:18.4081410+00:00	WorkerEvent	Layer06Node08.export-l06-n08	TaskSucceeded; ExitCode=0; 
2026-06-03T11:09:18.4091371+00:00	TaskSucceeded	Layer06Node08.export-l06-n08	0
2026-06-03T11:09:18.4541698+00:00	WorkerEvent	Layer06Node08	Closed; ExitCode=0; 
2026-06-03T11:09:18.4552922+00:00	WorkerResuming	BridgeL05L06	ResumeTaskId=BridgeL05L06.bridge-l05-l06-south; Executable=meta-pipeline
2026-06-03T11:09:18.6268610+00:00	WorkerStarted	BridgeL05L06	28572
2026-06-03T11:09:18.6276852+00:00	WorkerControlPipe	BridgeL05L06	meta-orchestration-6b0bf18ee11b474391e77592b35b64e5
2026-06-03T11:09:18.6282572+00:00	WorkerLog	BridgeL05L06	stdout=C:\Users\jimmy\Desktop\meta-bi\Samples\Demos\MetaOrchestrationHairballCliIntegration\Runs\hairball-seed-20260530\RunArtifacts\runs\20260603-110742_4844be1369c548d7bedbf8a4694ba772\logs\BridgeL05L06-28572.stdout.log; stderr=C:\Users\jimmy\Desktop\meta-bi\Samples\Demos\MetaOrchestrationHairballCliIntegration\Runs\hairball-seed-20260530\RunArtifacts\runs\20260603-110742_4844be1369c548d7bedbf8a4694ba772\logs\BridgeL05L06-28572.stderr.log
2026-06-03T11:09:18.6788006+00:00	WorkerEvent	BridgeL05L06	WorkerOnline; ExitCode=0; online
2026-06-03T11:09:18.6825092+00:00	WorkerEvent	BridgeL05L06	WorkerReady; ExitCode=0; ready
2026-06-03T11:09:18.6887979+00:00	StartPipeline	BridgeL05L06	BridgeL05L06
2026-06-03T11:09:19.3110872+00:00	WorkerEvent	Layer06Node09	PipelineStarted; ExitCode=0; pipeline started
2026-06-03T11:09:19.3161434+00:00	WorkerEvent	Layer06Node09.select-l06-n09	TaskReady; ExitCode=0; 
2026-06-03T11:09:19.3178436+00:00	GrantTask	Layer06Node09.select-l06-n09	Layer06Node09.select-l06-n09; GrantId=grant-86; Attempt=1
2026-06-03T11:09:19.3187331+00:00	WorkerEvent	Layer06Node09.select-l06-n09	GrantAccepted; ExitCode=0; 
2026-06-03T11:09:19.3205531+00:00	WorkerEvent	Layer06Node09.select-l06-n09	TaskStarted; ExitCode=0; 
2026-06-03T11:09:20.1968191+00:00	WorkerEvent	Layer06Node09.select-l06-n09	TaskSucceeded; ExitCode=0; 
2026-06-03T11:09:20.1991102+00:00	TaskSucceeded	Layer06Node09.select-l06-n09	0
2026-06-03T11:09:20.2448502+00:00	WorkerEvent	Layer06Node09	Closed; ExitCode=0; 
2026-06-03T11:09:20.2468071+00:00	WorkerStarting	Layer06Hub	meta-pipeline
2026-06-03T11:09:20.4608891+00:00	WorkerStarted	Layer06Hub	17168
2026-06-03T11:09:20.4616250+00:00	WorkerControlPipe	Layer06Hub	meta-orchestration-7af350169a314e7aa5b63ef87c27e371
2026-06-03T11:09:20.4621999+00:00	WorkerLog	Layer06Hub	stdout=C:\Users\jimmy\Desktop\meta-bi\Samples\Demos\MetaOrchestrationHairballCliIntegration\Runs\hairball-seed-20260530\RunArtifacts\runs\20260603-110742_4844be1369c548d7bedbf8a4694ba772\logs\Layer06Hub-17168.stdout.log; stderr=C:\Users\jimmy\Desktop\meta-bi\Samples\Demos\MetaOrchestrationHairballCliIntegration\Runs\hairball-seed-20260530\RunArtifacts\runs\20260603-110742_4844be1369c548d7bedbf8a4694ba772\logs\Layer06Hub-17168.stderr.log
2026-06-03T11:09:20.5093063+00:00	WorkerEvent	Layer06Hub	WorkerOnline; ExitCode=0; online
2026-06-03T11:09:20.5137613+00:00	WorkerEvent	Layer06Hub	WorkerReady; ExitCode=0; ready
2026-06-03T11:09:20.5215563+00:00	StartPipeline	Layer06Hub	Layer06Hub
2026-06-03T11:09:20.5636056+00:00	WorkerEvent	BridgeL05L06	PipelineStarted; ExitCode=0; pipeline started
2026-06-03T11:09:20.5689447+00:00	WorkerEvent	BridgeL05L06.bridge-l05-l06-south	TaskReady; ExitCode=0; 
2026-06-03T11:09:20.5713366+00:00	GrantTask	BridgeL05L06.bridge-l05-l06-south	BridgeL05L06.bridge-l05-l06-south; GrantId=grant-87; Attempt=1
2026-06-03T11:09:20.5727854+00:00	WorkerEvent	BridgeL05L06.bridge-l05-l06-south	GrantAccepted; ExitCode=0; 
2026-06-03T11:09:20.5745994+00:00	WorkerEvent	BridgeL05L06.bridge-l05-l06-south	TaskStarted; ExitCode=0; 
2026-06-03T11:09:21.3860313+00:00	WorkerEvent	BridgeL05L06.bridge-l05-l06-south	TaskSucceeded; ExitCode=0; 
2026-06-03T11:09:21.3872685+00:00	TaskSucceeded	BridgeL05L06.bridge-l05-l06-south	0
2026-06-03T11:09:21.4339519+00:00	WorkerEvent	BridgeL05L06	Closed; ExitCode=0; 
2026-06-03T11:09:21.4356108+00:00	WorkerStarting	Layer06Node10	meta-pipeline
2026-06-03T11:09:21.6896029+00:00	WorkerStarted	Layer06Node10	27364
2026-06-03T11:09:21.6903937+00:00	WorkerControlPipe	Layer06Node10	meta-orchestration-30c64f511f2c438b8fa4d9953dd0e7b5
2026-06-03T11:09:21.6909483+00:00	WorkerLog	Layer06Node10	stdout=C:\Users\jimmy\Desktop\meta-bi\Samples\Demos\MetaOrchestrationHairballCliIntegration\Runs\hairball-seed-20260530\RunArtifacts\runs\20260603-110742_4844be1369c548d7bedbf8a4694ba772\logs\Layer06Node10-27364.stdout.log; stderr=C:\Users\jimmy\Desktop\meta-bi\Samples\Demos\MetaOrchestrationHairballCliIntegration\Runs\hairball-seed-20260530\RunArtifacts\runs\20260603-110742_4844be1369c548d7bedbf8a4694ba772\logs\Layer06Node10-27364.stderr.log
2026-06-03T11:09:21.7364736+00:00	WorkerEvent	Layer06Node10	WorkerOnline; ExitCode=0; online
2026-06-03T11:09:21.7411048+00:00	WorkerEvent	Layer06Node10	WorkerReady; ExitCode=0; ready
2026-06-03T11:09:21.7489810+00:00	StartPipeline	Layer06Node10	Layer06Node10
2026-06-03T11:09:22.4364624+00:00	WorkerEvent	Layer06Hub	PipelineStarted; ExitCode=0; pipeline started
2026-06-03T11:09:22.4410056+00:00	WorkerEvent	Layer06Hub.hub-l06-stage	TaskReady; ExitCode=0; 
2026-06-03T11:09:22.4439405+00:00	GrantTask	Layer06Hub.hub-l06-stage	Layer06Hub.hub-l06-stage; GrantId=grant-88; Attempt=1
2026-06-03T11:09:22.4450838+00:00	WorkerEvent	Layer06Hub.hub-l06-stage	GrantAccepted; ExitCode=0; 
2026-06-03T11:09:22.4466288+00:00	WorkerEvent	Layer06Hub.hub-l06-stage	TaskStarted; ExitCode=0; 
2026-06-03T11:09:22.9576966+00:00	WorkerEvent	Layer06Node10	PipelineStarted; ExitCode=0; pipeline started
2026-06-03T11:09:22.9627981+00:00	WorkerEvent	Layer06Node10.refresh-l06-n10	TaskReady; ExitCode=0; 
2026-06-03T11:09:22.9646584+00:00	GrantTask	Layer06Node10.refresh-l06-n10	Layer06Node10.refresh-l06-n10; GrantId=grant-89; Attempt=1
2026-06-03T11:09:22.9656009+00:00	WorkerEvent	Layer06Node10.refresh-l06-n10	GrantAccepted; ExitCode=0; 
2026-06-03T11:09:22.9676348+00:00	WorkerEvent	Layer06Node10.refresh-l06-n10	TaskStarted; ExitCode=0; 
2026-06-03T11:09:23.3300544+00:00	WorkerEvent	Layer06Hub.hub-l06-stage	TaskSucceeded; ExitCode=0; 
2026-06-03T11:09:23.3313047+00:00	TaskSucceeded	Layer06Hub.hub-l06-stage	0
2026-06-03T11:09:23.3325476+00:00	WorkerEvent	Layer06Hub.hub-l06-curate	TaskReady; ExitCode=0; 
2026-06-03T11:09:23.3345789+00:00	GrantTask	Layer06Hub.hub-l06-curate	Layer06Hub.hub-l06-curate; GrantId=grant-90; Attempt=1
2026-06-03T11:09:23.3353904+00:00	WorkerEvent	Layer06Hub.hub-l06-curate	GrantAccepted; ExitCode=0; 
2026-06-03T11:09:23.3370005+00:00	WorkerEvent	Layer06Hub.hub-l06-curate	TaskStarted; ExitCode=0; 
2026-06-03T11:09:23.4835898+00:00	WorkerEvent	Layer06Hub.hub-l06-curate	TaskSucceeded; ExitCode=0; 
2026-06-03T11:09:23.4849144+00:00	TaskSucceeded	Layer06Hub.hub-l06-curate	0
2026-06-03T11:09:23.4864862+00:00	WorkerEvent	Layer06Hub.hub-l06-publish	TaskReady; ExitCode=0; 
2026-06-03T11:09:23.4885641+00:00	GrantTask	Layer06Hub.hub-l06-publish	Layer06Hub.hub-l06-publish; GrantId=grant-91; Attempt=1
2026-06-03T11:09:23.4893354+00:00	WorkerEvent	Layer06Hub.hub-l06-publish	GrantAccepted; ExitCode=0; 
2026-06-03T11:09:23.4912809+00:00	WorkerEvent	Layer06Hub.hub-l06-publish	TaskStarted; ExitCode=0; 
2026-06-03T11:09:23.8348008+00:00	WorkerEvent	Layer06Node10.refresh-l06-n10	TaskSucceeded; ExitCode=0; 
2026-06-03T11:09:23.8358868+00:00	TaskSucceeded	Layer06Node10.refresh-l06-n10	0
2026-06-03T11:09:23.8816853+00:00	WorkerEvent	Layer06Node10	Closed; ExitCode=0; 
2026-06-03T11:09:23.8835024+00:00	WorkerStarting	Layer07Node01	meta-pipeline
2026-06-03T11:09:24.1055750+00:00	WorkerStarted	Layer07Node01	28344
2026-06-03T11:09:24.1064781+00:00	WorkerControlPipe	Layer07Node01	meta-orchestration-e7a08d59bb814596a3be818e5c684c4d
2026-06-03T11:09:24.1071592+00:00	WorkerLog	Layer07Node01	stdout=C:\Users\jimmy\Desktop\meta-bi\Samples\Demos\MetaOrchestrationHairballCliIntegration\Runs\hairball-seed-20260530\RunArtifacts\runs\20260603-110742_4844be1369c548d7bedbf8a4694ba772\logs\Layer07Node01-28344.stdout.log; stderr=C:\Users\jimmy\Desktop\meta-bi\Samples\Demos\MetaOrchestrationHairballCliIntegration\Runs\hairball-seed-20260530\RunArtifacts\runs\20260603-110742_4844be1369c548d7bedbf8a4694ba772\logs\Layer07Node01-28344.stderr.log
2026-06-03T11:09:24.1080033+00:00	WorkerEvent	Layer06Hub.hub-l06-publish	TaskSucceeded; ExitCode=0; 
2026-06-03T11:09:24.1092711+00:00	TaskSucceeded	Layer06Hub.hub-l06-publish	0
2026-06-03T11:09:24.1483357+00:00	WorkerEvent	Layer07Node01	WorkerOnline; ExitCode=0; online
2026-06-03T11:09:24.1525188+00:00	WorkerEvent	Layer07Node01	WorkerReady; ExitCode=0; ready
2026-06-03T11:09:24.1607436+00:00	StartPipeline	Layer07Node01	Layer07Node01
2026-06-03T11:09:25.6637177+00:00	WorkerEvent	Layer07Node01	PipelineStarted; ExitCode=0; pipeline started
2026-06-03T11:09:25.6725252+00:00	WorkerEvent	Layer07Node01.select-l07-n01	TaskReady; ExitCode=0; 
2026-06-03T11:09:25.6747751+00:00	GrantTask	Layer07Node01.select-l07-n01	Layer07Node01.select-l07-n01; GrantId=grant-92; Attempt=1
2026-06-03T11:09:25.6758452+00:00	WorkerEvent	Layer07Node01.select-l07-n01	GrantAccepted; ExitCode=0; 
2026-06-03T11:09:25.6774385+00:00	WorkerEvent	Layer07Node01.select-l07-n01	TaskStarted; ExitCode=0; 
2026-06-03T11:09:26.6349563+00:00	WorkerEvent	Layer07Node01.select-l07-n01	TaskSucceeded; ExitCode=0; 
2026-06-03T11:09:26.6361807+00:00	TaskSucceeded	Layer07Node01.select-l07-n01	0
2026-06-03T11:09:26.6755147+00:00	WorkerEvent	Layer07Node01	Closed; ExitCode=0; 
2026-06-03T11:09:26.6766590+00:00	WorkerResuming	BridgeL07L08	ResumeTaskId=BridgeL07L08.bridge-l07-l08-south; Executable=meta-pipeline
2026-06-03T11:09:27.4748773+00:00	WorkerStarted	BridgeL07L08	22540
2026-06-03T11:09:27.4758281+00:00	WorkerControlPipe	BridgeL07L08	meta-orchestration-acd37244d35e4b9a88b7eb2842599a63
2026-06-03T11:09:27.4763591+00:00	WorkerLog	BridgeL07L08	stdout=C:\Users\jimmy\Desktop\meta-bi\Samples\Demos\MetaOrchestrationHairballCliIntegration\Runs\hairball-seed-20260530\RunArtifacts\runs\20260603-110742_4844be1369c548d7bedbf8a4694ba772\logs\BridgeL07L08-22540.stdout.log; stderr=C:\Users\jimmy\Desktop\meta-bi\Samples\Demos\MetaOrchestrationHairballCliIntegration\Runs\hairball-seed-20260530\RunArtifacts\runs\20260603-110742_4844be1369c548d7bedbf8a4694ba772\logs\BridgeL07L08-22540.stderr.log
2026-06-03T11:09:27.5247491+00:00	WorkerEvent	BridgeL07L08	WorkerOnline; ExitCode=0; online
2026-06-03T11:09:27.5291849+00:00	WorkerEvent	BridgeL07L08	WorkerReady; ExitCode=0; ready
2026-06-03T11:09:27.5370516+00:00	StartPipeline	BridgeL07L08	BridgeL07L08
2026-06-03T11:09:29.5559789+00:00	WorkerEvent	BridgeL07L08	PipelineStarted; ExitCode=0; pipeline started
2026-06-03T11:09:29.5611862+00:00	WorkerEvent	BridgeL07L08.bridge-l07-l08-south	TaskReady; ExitCode=0; 
2026-06-03T11:09:29.5630278+00:00	GrantTask	BridgeL07L08.bridge-l07-l08-south	BridgeL07L08.bridge-l07-l08-south; GrantId=grant-93; Attempt=1
2026-06-03T11:09:29.5640115+00:00	WorkerEvent	BridgeL07L08.bridge-l07-l08-south	GrantAccepted; ExitCode=0; 
2026-06-03T11:09:29.5655433+00:00	WorkerEvent	BridgeL07L08.bridge-l07-l08-south	TaskStarted; ExitCode=0; 
2026-06-03T11:09:30.2659955+00:00	WorkerEvent	BridgeL07L08.bridge-l07-l08-south	TaskSucceeded; ExitCode=0; 
2026-06-03T11:09:30.2670773+00:00	TaskSucceeded	BridgeL07L08.bridge-l07-l08-south	0
2026-06-03T11:09:30.3146264+00:00	WorkerEvent	BridgeL07L08	Closed; ExitCode=0; 
2026-06-03T11:09:30.3159631+00:00	WorkerStarting	CompositeMart	meta-pipeline
2026-06-03T11:09:30.4955909+00:00	WorkerStarted	CompositeMart	29808
2026-06-03T11:09:30.4963009+00:00	WorkerControlPipe	CompositeMart	meta-orchestration-3d731a9bdf0c466c8f65143274da8fd3
2026-06-03T11:09:30.4968197+00:00	WorkerLog	CompositeMart	stdout=C:\Users\jimmy\Desktop\meta-bi\Samples\Demos\MetaOrchestrationHairballCliIntegration\Runs\hairball-seed-20260530\RunArtifacts\runs\20260603-110742_4844be1369c548d7bedbf8a4694ba772\logs\CompositeMart-29808.stdout.log; stderr=C:\Users\jimmy\Desktop\meta-bi\Samples\Demos\MetaOrchestrationHairballCliIntegration\Runs\hairball-seed-20260530\RunArtifacts\runs\20260603-110742_4844be1369c548d7bedbf8a4694ba772\logs\CompositeMart-29808.stderr.log
2026-06-03T11:09:30.5360278+00:00	WorkerEvent	CompositeMart	WorkerOnline; ExitCode=0; online
2026-06-03T11:09:30.5400095+00:00	WorkerEvent	CompositeMart	WorkerReady; ExitCode=0; ready
2026-06-03T11:09:30.5468918+00:00	StartPipeline	CompositeMart	CompositeMart
2026-06-03T11:09:32.4834844+00:00	WorkerEvent	CompositeMart	PipelineStarted; ExitCode=0; pipeline started
2026-06-03T11:09:32.4878933+00:00	WorkerEvent	CompositeMart.composite-stage	TaskReady; ExitCode=0; 
2026-06-03T11:09:32.4894990+00:00	GrantTask	CompositeMart.composite-stage	CompositeMart.composite-stage; GrantId=grant-94; Attempt=1
2026-06-03T11:09:32.4902153+00:00	WorkerEvent	CompositeMart.composite-stage	GrantAccepted; ExitCode=0; 
2026-06-03T11:09:32.4915902+00:00	WorkerEvent	CompositeMart.composite-stage	TaskStarted; ExitCode=0; 
2026-06-03T11:09:33.4572176+00:00	WorkerEvent	CompositeMart.composite-stage	TaskSucceeded; ExitCode=0; 
2026-06-03T11:09:33.4584045+00:00	TaskSucceeded	CompositeMart.composite-stage	0
2026-06-03T11:09:33.4598879+00:00	WorkerEvent	CompositeMart.composite-curate	TaskReady; ExitCode=0; 
2026-06-03T11:09:33.4616589+00:00	WorkerDeferredForCapacity	CompositeMart	Deferred by orchestration to honor max active worker process capacity.
2026-06-03T11:09:33.4624135+00:00	StopPipeline	CompositeMart	Deferred by orchestration to honor max active worker process capacity.
2026-06-03T11:09:33.5056679+00:00	WorkerEvent	CompositeMart	Closed; ExitCode=0; 
2026-06-03T11:09:33.5066600+00:00	WorkerDeferred	CompositeMart	ResumeTaskId=CompositeMart.composite-curate
2026-06-03T11:09:33.5080414+00:00	WorkerStarting	Layer07Node02	meta-pipeline
2026-06-03T11:09:33.7170288+00:00	WorkerStarted	Layer07Node02	12736
2026-06-03T11:09:33.7178900+00:00	WorkerControlPipe	Layer07Node02	meta-orchestration-95c55291e1f44c32a16d4179400f2205
2026-06-03T11:09:33.7185842+00:00	WorkerLog	Layer07Node02	stdout=C:\Users\jimmy\Desktop\meta-bi\Samples\Demos\MetaOrchestrationHairballCliIntegration\Runs\hairball-seed-20260530\RunArtifacts\runs\20260603-110742_4844be1369c548d7bedbf8a4694ba772\logs\Layer07Node02-12736.stdout.log; stderr=C:\Users\jimmy\Desktop\meta-bi\Samples\Demos\MetaOrchestrationHairballCliIntegration\Runs\hairball-seed-20260530\RunArtifacts\runs\20260603-110742_4844be1369c548d7bedbf8a4694ba772\logs\Layer07Node02-12736.stderr.log
2026-06-03T11:09:33.7583411+00:00	WorkerEvent	Layer07Node02	WorkerOnline; ExitCode=0; online
2026-06-03T11:09:33.7624753+00:00	WorkerEvent	Layer07Node02	WorkerReady; ExitCode=0; ready
2026-06-03T11:09:33.7687782+00:00	StartPipeline	Layer07Node02	Layer07Node02
2026-06-03T11:09:34.8341149+00:00	WorkerEvent	Layer07Node02	PipelineStarted; ExitCode=0; pipeline started
2026-06-03T11:09:34.8377828+00:00	WorkerEvent	Layer07Node02.select-l07-n02	TaskReady; ExitCode=0; 
2026-06-03T11:09:34.8411846+00:00	GrantTask	Layer07Node02.select-l07-n02	Layer07Node02.select-l07-n02; GrantId=grant-95; Attempt=1
2026-06-03T11:09:34.8420077+00:00	WorkerEvent	Layer07Node02.select-l07-n02	GrantAccepted; ExitCode=0; 
2026-06-03T11:09:34.8435044+00:00	WorkerEvent	Layer07Node02.select-l07-n02	TaskStarted; ExitCode=0; 
2026-06-03T11:09:35.5903105+00:00	WorkerEvent	Layer07Node02.select-l07-n02	TaskSucceeded; ExitCode=0; 
2026-06-03T11:09:35.5910257+00:00	TaskSucceeded	Layer07Node02.select-l07-n02	0
2026-06-03T11:09:35.6308217+00:00	WorkerEvent	Layer07Node02	Closed; ExitCode=0; 
2026-06-03T11:09:35.6323678+00:00	WorkerStarting	Layer07Node03	meta-pipeline
2026-06-03T11:09:35.8145620+00:00	WorkerStarted	Layer07Node03	6512
2026-06-03T11:09:35.8152531+00:00	WorkerControlPipe	Layer07Node03	meta-orchestration-9e2d25b137b6417289674f936b675a86
2026-06-03T11:09:35.8157664+00:00	WorkerLog	Layer07Node03	stdout=C:\Users\jimmy\Desktop\meta-bi\Samples\Demos\MetaOrchestrationHairballCliIntegration\Runs\hairball-seed-20260530\RunArtifacts\runs\20260603-110742_4844be1369c548d7bedbf8a4694ba772\logs\Layer07Node03-6512.stdout.log; stderr=C:\Users\jimmy\Desktop\meta-bi\Samples\Demos\MetaOrchestrationHairballCliIntegration\Runs\hairball-seed-20260530\RunArtifacts\runs\20260603-110742_4844be1369c548d7bedbf8a4694ba772\logs\Layer07Node03-6512.stderr.log
2026-06-03T11:09:35.8705612+00:00	WorkerEvent	Layer07Node03	WorkerOnline; ExitCode=0; online
2026-06-03T11:09:35.8741770+00:00	WorkerEvent	Layer07Node03	WorkerReady; ExitCode=0; ready
2026-06-03T11:09:35.8802742+00:00	StartPipeline	Layer07Node03	Layer07Node03
2026-06-03T11:09:37.1143814+00:00	WorkerEvent	Layer07Node03	PipelineStarted; ExitCode=0; pipeline started
2026-06-03T11:09:37.1186991+00:00	WorkerEvent	Layer07Node03.refresh-l07-n03	TaskReady; ExitCode=0; 
2026-06-03T11:09:37.1202625+00:00	GrantTask	Layer07Node03.refresh-l07-n03	Layer07Node03.refresh-l07-n03; GrantId=grant-96; Attempt=1
2026-06-03T11:09:37.1215359+00:00	WorkerEvent	Layer07Node03.refresh-l07-n03	GrantAccepted; ExitCode=0; 
2026-06-03T11:09:37.1232625+00:00	WorkerEvent	Layer07Node03.refresh-l07-n03	TaskStarted; ExitCode=0; 
2026-06-03T11:09:37.8424835+00:00	WorkerEvent	Layer07Node03.refresh-l07-n03	TaskSucceeded; ExitCode=0; 
2026-06-03T11:09:37.8435357+00:00	TaskSucceeded	Layer07Node03.refresh-l07-n03	0
2026-06-03T11:09:37.8892374+00:00	WorkerEvent	Layer07Node03	Closed; ExitCode=0; 
2026-06-03T11:09:37.8905028+00:00	WorkerStarting	Layer07Node04	meta-pipeline
2026-06-03T11:09:38.0894258+00:00	WorkerStarted	Layer07Node04	11356
2026-06-03T11:09:38.0902829+00:00	WorkerControlPipe	Layer07Node04	meta-orchestration-1664d0139157432cb329f52bb79616af
2026-06-03T11:09:38.0908886+00:00	WorkerLog	Layer07Node04	stdout=C:\Users\jimmy\Desktop\meta-bi\Samples\Demos\MetaOrchestrationHairballCliIntegration\Runs\hairball-seed-20260530\RunArtifacts\runs\20260603-110742_4844be1369c548d7bedbf8a4694ba772\logs\Layer07Node04-11356.stdout.log; stderr=C:\Users\jimmy\Desktop\meta-bi\Samples\Demos\MetaOrchestrationHairballCliIntegration\Runs\hairball-seed-20260530\RunArtifacts\runs\20260603-110742_4844be1369c548d7bedbf8a4694ba772\logs\Layer07Node04-11356.stderr.log
2026-06-03T11:09:38.1287626+00:00	WorkerEvent	Layer07Node04	WorkerOnline; ExitCode=0; online
2026-06-03T11:09:38.1323312+00:00	WorkerEvent	Layer07Node04	WorkerReady; ExitCode=0; ready
2026-06-03T11:09:38.1381935+00:00	StartPipeline	Layer07Node04	Layer07Node04
2026-06-03T11:09:39.2303710+00:00	WorkerEvent	Layer07Node04	PipelineStarted; ExitCode=0; pipeline started
2026-06-03T11:09:39.2350520+00:00	WorkerEvent	Layer07Node04.select-l07-n04	TaskReady; ExitCode=0; 
2026-06-03T11:09:39.2371107+00:00	GrantTask	Layer07Node04.select-l07-n04	Layer07Node04.select-l07-n04; GrantId=grant-97; Attempt=1
2026-06-03T11:09:39.2384843+00:00	WorkerEvent	Layer07Node04.select-l07-n04	GrantAccepted; ExitCode=0; 
2026-06-03T11:09:39.2496265+00:00	WorkerEvent	Layer07Node04.select-l07-n04	TaskStarted; ExitCode=0; 
2026-06-03T11:09:40.0262088+00:00	WorkerEvent	Layer07Node04.select-l07-n04	TaskSucceeded; ExitCode=0; 
2026-06-03T11:09:40.0272961+00:00	TaskSucceeded	Layer07Node04.select-l07-n04	0
2026-06-03T11:09:40.0730352+00:00	WorkerEvent	Layer07Node04	Closed; ExitCode=0; 
2026-06-03T11:09:40.0743933+00:00	WorkerStarting	Layer07Node05	meta-pipeline
2026-06-03T11:09:40.2728597+00:00	WorkerStarted	Layer07Node05	356
2026-06-03T11:09:40.2736752+00:00	WorkerControlPipe	Layer07Node05	meta-orchestration-c397aae095a84f5db3101594852182d5
2026-06-03T11:09:40.2743905+00:00	WorkerLog	Layer07Node05	stdout=C:\Users\jimmy\Desktop\meta-bi\Samples\Demos\MetaOrchestrationHairballCliIntegration\Runs\hairball-seed-20260530\RunArtifacts\runs\20260603-110742_4844be1369c548d7bedbf8a4694ba772\logs\Layer07Node05-356.stdout.log; stderr=C:\Users\jimmy\Desktop\meta-bi\Samples\Demos\MetaOrchestrationHairballCliIntegration\Runs\hairball-seed-20260530\RunArtifacts\runs\20260603-110742_4844be1369c548d7bedbf8a4694ba772\logs\Layer07Node05-356.stderr.log
2026-06-03T11:09:40.3146310+00:00	WorkerEvent	Layer07Node05	WorkerOnline; ExitCode=0; online
2026-06-03T11:09:40.3187575+00:00	WorkerEvent	Layer07Node05	WorkerReady; ExitCode=0; ready
2026-06-03T11:09:40.3268589+00:00	StartPipeline	Layer07Node05	Layer07Node05
2026-06-03T11:09:41.4228553+00:00	WorkerEvent	Layer07Node05	PipelineStarted; ExitCode=0; pipeline started
2026-06-03T11:09:41.4273909+00:00	WorkerEvent	Layer07Node05.select-l07-n05	TaskReady; ExitCode=0; 
2026-06-03T11:09:41.4296988+00:00	GrantTask	Layer07Node05.select-l07-n05	Layer07Node05.select-l07-n05; GrantId=grant-98; Attempt=1
2026-06-03T11:09:41.4305253+00:00	WorkerEvent	Layer07Node05.select-l07-n05	GrantAccepted; ExitCode=0; 
2026-06-03T11:09:41.4319092+00:00	WorkerEvent	Layer07Node05.select-l07-n05	TaskStarted; ExitCode=0; 
2026-06-03T11:09:42.2082992+00:00	WorkerEvent	Layer07Node05.select-l07-n05	TaskSucceeded; ExitCode=0; 
2026-06-03T11:09:42.2097028+00:00	TaskSucceeded	Layer07Node05.select-l07-n05	0
2026-06-03T11:09:42.2485506+00:00	WorkerEvent	Layer07Node05	Closed; ExitCode=0; 
2026-06-03T11:09:42.2494156+00:00	WorkerStarting	Layer07Node06	meta-pipeline
2026-06-03T11:09:42.4762889+00:00	WorkerStarted	Layer07Node06	23500
2026-06-03T11:09:42.4771750+00:00	WorkerControlPipe	Layer07Node06	meta-orchestration-3c5b5ce14f9c42febf78669a3225c547
2026-06-03T11:09:42.4775939+00:00	WorkerLog	Layer07Node06	stdout=C:\Users\jimmy\Desktop\meta-bi\Samples\Demos\MetaOrchestrationHairballCliIntegration\Runs\hairball-seed-20260530\RunArtifacts\runs\20260603-110742_4844be1369c548d7bedbf8a4694ba772\logs\Layer07Node06-23500.stdout.log; stderr=C:\Users\jimmy\Desktop\meta-bi\Samples\Demos\MetaOrchestrationHairballCliIntegration\Runs\hairball-seed-20260530\RunArtifacts\runs\20260603-110742_4844be1369c548d7bedbf8a4694ba772\logs\Layer07Node06-23500.stderr.log
2026-06-03T11:09:42.5293134+00:00	WorkerEvent	Layer07Node06	WorkerOnline; ExitCode=0; online
2026-06-03T11:09:42.5335561+00:00	WorkerEvent	Layer07Node06	WorkerReady; ExitCode=0; ready
2026-06-03T11:09:42.5395787+00:00	StartPipeline	Layer07Node06	Layer07Node06
2026-06-03T11:09:43.8533985+00:00	WorkerEvent	Layer07Node06	PipelineStarted; ExitCode=0; pipeline started
2026-06-03T11:09:43.8580270+00:00	WorkerEvent	Layer07Node06.export-l07-n06	TaskReady; ExitCode=0; 
2026-06-03T11:09:43.8603378+00:00	GrantTask	Layer07Node06.export-l07-n06	Layer07Node06.export-l07-n06; GrantId=grant-99; Attempt=1
2026-06-03T11:09:43.8614942+00:00	WorkerEvent	Layer07Node06.export-l07-n06	GrantAccepted; ExitCode=0; 
2026-06-03T11:09:43.8635236+00:00	WorkerEvent	Layer07Node06.export-l07-n06	TaskStarted; ExitCode=0; 
2026-06-03T11:09:45.0661857+00:00	WorkerEvent	Layer07Node06.export-l07-n06	TaskSucceeded; ExitCode=0; 
2026-06-03T11:09:45.0672671+00:00	TaskSucceeded	Layer07Node06.export-l07-n06	0
2026-06-03T11:09:45.1102099+00:00	WorkerEvent	Layer07Node06	Closed; ExitCode=0; 
2026-06-03T11:09:45.1121756+00:00	WorkerStarting	Layer07Node07	meta-pipeline
2026-06-03T11:09:45.2978355+00:00	WorkerStarted	Layer07Node07	19380
2026-06-03T11:09:45.2985491+00:00	WorkerControlPipe	Layer07Node07	meta-orchestration-116286d9bb004dc08aa20e10ce1c3cfe
2026-06-03T11:09:45.2992428+00:00	WorkerLog	Layer07Node07	stdout=C:\Users\jimmy\Desktop\meta-bi\Samples\Demos\MetaOrchestrationHairballCliIntegration\Runs\hairball-seed-20260530\RunArtifacts\runs\20260603-110742_4844be1369c548d7bedbf8a4694ba772\logs\Layer07Node07-19380.stdout.log; stderr=C:\Users\jimmy\Desktop\meta-bi\Samples\Demos\MetaOrchestrationHairballCliIntegration\Runs\hairball-seed-20260530\RunArtifacts\runs\20260603-110742_4844be1369c548d7bedbf8a4694ba772\logs\Layer07Node07-19380.stderr.log
2026-06-03T11:09:45.3376578+00:00	WorkerEvent	Layer07Node07	WorkerOnline; ExitCode=0; online
2026-06-03T11:09:45.3417920+00:00	WorkerEvent	Layer07Node07	WorkerReady; ExitCode=0; ready
2026-06-03T11:09:45.3488294+00:00	StartPipeline	Layer07Node07	Layer07Node07
2026-06-03T11:09:46.3975815+00:00	WorkerEvent	Layer07Node07	PipelineStarted; ExitCode=0; pipeline started
2026-06-03T11:09:46.4023734+00:00	WorkerEvent	Layer07Node07.select-l07-n07	TaskReady; ExitCode=0; 
2026-06-03T11:09:46.4040419+00:00	GrantTask	Layer07Node07.select-l07-n07	Layer07Node07.select-l07-n07; GrantId=grant-100; Attempt=1
2026-06-03T11:09:46.4049395+00:00	WorkerEvent	Layer07Node07.select-l07-n07	GrantAccepted; ExitCode=0; 
2026-06-03T11:09:46.4064401+00:00	WorkerEvent	Layer07Node07.select-l07-n07	TaskStarted; ExitCode=0; 
2026-06-03T11:09:47.2349427+00:00	WorkerEvent	Layer07Node07.select-l07-n07	TaskSucceeded; ExitCode=0; 
2026-06-03T11:09:47.2362822+00:00	TaskSucceeded	Layer07Node07.select-l07-n07	0
2026-06-03T11:09:47.2861377+00:00	WorkerEvent	Layer07Node07	Closed; ExitCode=0; 
2026-06-03T11:09:47.2875436+00:00	WorkerStarting	Layer07Node08	meta-pipeline
2026-06-03T11:09:47.4931625+00:00	WorkerStarted	Layer07Node08	26756
2026-06-03T11:09:47.4938613+00:00	WorkerControlPipe	Layer07Node08	meta-orchestration-7c725cba9bd94014bf477c39a0d4051d
2026-06-03T11:09:47.4943696+00:00	WorkerLog	Layer07Node08	stdout=C:\Users\jimmy\Desktop\meta-bi\Samples\Demos\MetaOrchestrationHairballCliIntegration\Runs\hairball-seed-20260530\RunArtifacts\runs\20260603-110742_4844be1369c548d7bedbf8a4694ba772\logs\Layer07Node08-26756.stdout.log; stderr=C:\Users\jimmy\Desktop\meta-bi\Samples\Demos\MetaOrchestrationHairballCliIntegration\Runs\hairball-seed-20260530\RunArtifacts\runs\20260603-110742_4844be1369c548d7bedbf8a4694ba772\logs\Layer07Node08-26756.stderr.log
2026-06-03T11:09:47.5329098+00:00	WorkerEvent	Layer07Node08	WorkerOnline; ExitCode=0; online
2026-06-03T11:09:47.5372922+00:00	WorkerEvent	Layer07Node08	WorkerReady; ExitCode=0; ready
2026-06-03T11:09:47.5429291+00:00	StartPipeline	Layer07Node08	Layer07Node08
2026-06-03T11:09:48.6030613+00:00	WorkerEvent	Layer07Node08	PipelineStarted; ExitCode=0; pipeline started
2026-06-03T11:09:48.6072187+00:00	WorkerEvent	Layer07Node08.export-l07-n08	TaskReady; ExitCode=0; 
2026-06-03T11:09:48.6091890+00:00	GrantTask	Layer07Node08.export-l07-n08	Layer07Node08.export-l07-n08; GrantId=grant-101; Attempt=1
2026-06-03T11:09:48.6103258+00:00	WorkerEvent	Layer07Node08.export-l07-n08	GrantAccepted; ExitCode=0; 
2026-06-03T11:09:48.6134445+00:00	WorkerEvent	Layer07Node08.export-l07-n08	TaskStarted; ExitCode=0; 
2026-06-03T11:09:49.5156178+00:00	WorkerEvent	Layer07Node08.export-l07-n08	TaskSucceeded; ExitCode=0; 
2026-06-03T11:09:49.5166440+00:00	TaskSucceeded	Layer07Node08.export-l07-n08	0
2026-06-03T11:09:49.5635830+00:00	WorkerEvent	Layer07Node08	Closed; ExitCode=0; 
2026-06-03T11:09:49.5649841+00:00	WorkerStarting	Layer07Hub	meta-pipeline
2026-06-03T11:09:49.7533677+00:00	WorkerStarted	Layer07Hub	27060
2026-06-03T11:09:49.7540597+00:00	WorkerControlPipe	Layer07Hub	meta-orchestration-04dc1741a39d46da87f06b4fd5c072d6
2026-06-03T11:09:49.7546310+00:00	WorkerLog	Layer07Hub	stdout=C:\Users\jimmy\Desktop\meta-bi\Samples\Demos\MetaOrchestrationHairballCliIntegration\Runs\hairball-seed-20260530\RunArtifacts\runs\20260603-110742_4844be1369c548d7bedbf8a4694ba772\logs\Layer07Hub-27060.stdout.log; stderr=C:\Users\jimmy\Desktop\meta-bi\Samples\Demos\MetaOrchestrationHairballCliIntegration\Runs\hairball-seed-20260530\RunArtifacts\runs\20260603-110742_4844be1369c548d7bedbf8a4694ba772\logs\Layer07Hub-27060.stderr.log
2026-06-03T11:09:49.7918597+00:00	WorkerEvent	Layer07Hub	WorkerOnline; ExitCode=0; online
2026-06-03T11:09:49.7960009+00:00	WorkerEvent	Layer07Hub	WorkerReady; ExitCode=0; ready
2026-06-03T11:09:49.8041771+00:00	StartPipeline	Layer07Hub	Layer07Hub
2026-06-03T11:09:51.3808501+00:00	WorkerEvent	Layer07Hub	PipelineStarted; ExitCode=0; pipeline started
2026-06-03T11:09:51.3851605+00:00	WorkerEvent	Layer07Hub.hub-l07-stage	TaskReady; ExitCode=0; 
2026-06-03T11:09:51.3885435+00:00	GrantTask	Layer07Hub.hub-l07-stage	Layer07Hub.hub-l07-stage; GrantId=grant-102; Attempt=1
2026-06-03T11:09:51.3894116+00:00	WorkerEvent	Layer07Hub.hub-l07-stage	GrantAccepted; ExitCode=0; 
2026-06-03T11:09:51.3911213+00:00	WorkerEvent	Layer07Hub.hub-l07-stage	TaskStarted; ExitCode=0; 
2026-06-03T11:09:52.1532631+00:00	WorkerEvent	Layer07Hub.hub-l07-stage	TaskSucceeded; ExitCode=0; 
2026-06-03T11:09:52.1544755+00:00	TaskSucceeded	Layer07Hub.hub-l07-stage	0
2026-06-03T11:09:52.1568927+00:00	WorkerEvent	Layer07Hub.hub-l07-curate	TaskReady; ExitCode=0; 
2026-06-03T11:09:52.1594530+00:00	GrantTask	Layer07Hub.hub-l07-curate	Layer07Hub.hub-l07-curate; GrantId=grant-103; Attempt=1
2026-06-03T11:09:52.1602538+00:00	WorkerEvent	Layer07Hub.hub-l07-curate	GrantAccepted; ExitCode=0; 
2026-06-03T11:09:52.1621126+00:00	WorkerEvent	Layer07Hub.hub-l07-curate	TaskStarted; ExitCode=0; 
2026-06-03T11:09:52.3211763+00:00	WorkerEvent	Layer07Hub.hub-l07-curate	TaskSucceeded; ExitCode=0; 
2026-06-03T11:09:52.3223324+00:00	TaskSucceeded	Layer07Hub.hub-l07-curate	0
2026-06-03T11:09:52.3239914+00:00	WorkerEvent	Layer07Hub.hub-l07-publish	TaskReady; ExitCode=0; 
2026-06-03T11:09:52.3262013+00:00	GrantTask	Layer07Hub.hub-l07-publish	Layer07Hub.hub-l07-publish; GrantId=grant-104; Attempt=1
2026-06-03T11:09:52.3269405+00:00	WorkerEvent	Layer07Hub.hub-l07-publish	GrantAccepted; ExitCode=0; 
2026-06-03T11:09:52.3287631+00:00	WorkerEvent	Layer07Hub.hub-l07-publish	TaskStarted; ExitCode=0; 
2026-06-03T11:09:52.6226375+00:00	WorkerEvent	Layer07Hub.hub-l07-publish	TaskSucceeded; ExitCode=0; 
2026-06-03T11:09:52.6240524+00:00	TaskSucceeded	Layer07Hub.hub-l07-publish	0
2026-06-03T11:09:52.6619640+00:00	WorkerEvent	Layer07Hub	Closed; ExitCode=0; 
2026-06-03T11:09:52.6629470+00:00	WorkerStarting	Layer08Node01	meta-pipeline
2026-06-03T11:09:52.8722459+00:00	WorkerStarted	Layer08Node01	4608
2026-06-03T11:09:52.8729875+00:00	WorkerControlPipe	Layer08Node01	meta-orchestration-38abeabe647840c38f2a07e3c1702d43
2026-06-03T11:09:52.8737290+00:00	WorkerLog	Layer08Node01	stdout=C:\Users\jimmy\Desktop\meta-bi\Samples\Demos\MetaOrchestrationHairballCliIntegration\Runs\hairball-seed-20260530\RunArtifacts\runs\20260603-110742_4844be1369c548d7bedbf8a4694ba772\logs\Layer08Node01-4608.stdout.log; stderr=C:\Users\jimmy\Desktop\meta-bi\Samples\Demos\MetaOrchestrationHairballCliIntegration\Runs\hairball-seed-20260530\RunArtifacts\runs\20260603-110742_4844be1369c548d7bedbf8a4694ba772\logs\Layer08Node01-4608.stderr.log
2026-06-03T11:09:52.9100838+00:00	WorkerEvent	Layer08Node01	WorkerOnline; ExitCode=0; online
2026-06-03T11:09:52.9142363+00:00	WorkerEvent	Layer08Node01	WorkerReady; ExitCode=0; ready
2026-06-03T11:09:52.9200863+00:00	StartPipeline	Layer08Node01	Layer08Node01
2026-06-03T11:09:54.0089147+00:00	WorkerEvent	Layer08Node01	PipelineStarted; ExitCode=0; pipeline started
2026-06-03T11:09:54.0130733+00:00	WorkerEvent	Layer08Node01.refresh-l08-n01	TaskReady; ExitCode=0; 
2026-06-03T11:09:54.0150124+00:00	GrantTask	Layer08Node01.refresh-l08-n01	Layer08Node01.refresh-l08-n01; GrantId=grant-105; Attempt=1
2026-06-03T11:09:54.0170687+00:00	WorkerEvent	Layer08Node01.refresh-l08-n01	GrantAccepted; ExitCode=0; 
2026-06-03T11:09:54.0187984+00:00	WorkerEvent	Layer08Node01.refresh-l08-n01	TaskStarted; ExitCode=0; 
2026-06-03T11:09:54.7094631+00:00	WorkerEvent	Layer08Node01.refresh-l08-n01	TaskSucceeded; ExitCode=0; 
2026-06-03T11:09:54.7109282+00:00	TaskSucceeded	Layer08Node01.refresh-l08-n01	0
2026-06-03T11:09:54.7517288+00:00	WorkerEvent	Layer08Node01	Closed; ExitCode=0; 
2026-06-03T11:09:54.7534272+00:00	WorkerStarting	Layer08Node02	meta-pipeline
2026-06-03T11:09:54.9386422+00:00	WorkerStarted	Layer08Node02	10496
2026-06-03T11:09:54.9393535+00:00	WorkerControlPipe	Layer08Node02	meta-orchestration-7f61917b35394aba9be326fe0c2e4912
2026-06-03T11:09:54.9400226+00:00	WorkerLog	Layer08Node02	stdout=C:\Users\jimmy\Desktop\meta-bi\Samples\Demos\MetaOrchestrationHairballCliIntegration\Runs\hairball-seed-20260530\RunArtifacts\runs\20260603-110742_4844be1369c548d7bedbf8a4694ba772\logs\Layer08Node02-10496.stdout.log; stderr=C:\Users\jimmy\Desktop\meta-bi\Samples\Demos\MetaOrchestrationHairballCliIntegration\Runs\hairball-seed-20260530\RunArtifacts\runs\20260603-110742_4844be1369c548d7bedbf8a4694ba772\logs\Layer08Node02-10496.stderr.log
2026-06-03T11:09:54.9787377+00:00	WorkerEvent	Layer08Node02	WorkerOnline; ExitCode=0; online
2026-06-03T11:09:54.9830978+00:00	WorkerEvent	Layer08Node02	WorkerReady; ExitCode=0; ready
2026-06-03T11:09:54.9895826+00:00	StartPipeline	Layer08Node02	Layer08Node02
2026-06-03T11:09:56.1679827+00:00	WorkerEvent	Layer08Node02	PipelineStarted; ExitCode=0; pipeline started
2026-06-03T11:09:56.1723279+00:00	WorkerEvent	Layer08Node02.select-l08-n02	TaskReady; ExitCode=0; 
2026-06-03T11:09:56.1740777+00:00	GrantTask	Layer08Node02.select-l08-n02	Layer08Node02.select-l08-n02; GrantId=grant-106; Attempt=1
2026-06-03T11:09:56.1748855+00:00	WorkerEvent	Layer08Node02.select-l08-n02	GrantAccepted; ExitCode=0; 
2026-06-03T11:09:56.1765091+00:00	WorkerEvent	Layer08Node02.select-l08-n02	TaskStarted; ExitCode=0; 
2026-06-03T11:09:56.9666411+00:00	WorkerEvent	Layer08Node02.select-l08-n02	TaskSucceeded; ExitCode=0; 
2026-06-03T11:09:56.9679233+00:00	TaskSucceeded	Layer08Node02.select-l08-n02	0
2026-06-03T11:09:57.0109374+00:00	WorkerEvent	Layer08Node02	Closed; ExitCode=0; 
2026-06-03T11:09:57.0127345+00:00	WorkerStarting	Layer08Node03	meta-pipeline
2026-06-03T11:09:57.2067249+00:00	WorkerStarted	Layer08Node03	3784
2026-06-03T11:09:57.2074660+00:00	WorkerControlPipe	Layer08Node03	meta-orchestration-6ee03929e21343a2abf4bca123a23702
2026-06-03T11:09:57.2080745+00:00	WorkerLog	Layer08Node03	stdout=C:\Users\jimmy\Desktop\meta-bi\Samples\Demos\MetaOrchestrationHairballCliIntegration\Runs\hairball-seed-20260530\RunArtifacts\runs\20260603-110742_4844be1369c548d7bedbf8a4694ba772\logs\Layer08Node03-3784.stdout.log; stderr=C:\Users\jimmy\Desktop\meta-bi\Samples\Demos\MetaOrchestrationHairballCliIntegration\Runs\hairball-seed-20260530\RunArtifacts\runs\20260603-110742_4844be1369c548d7bedbf8a4694ba772\logs\Layer08Node03-3784.stderr.log
2026-06-03T11:09:57.2604039+00:00	WorkerEvent	Layer08Node03	WorkerOnline; ExitCode=0; online
2026-06-03T11:09:57.2644248+00:00	WorkerEvent	Layer08Node03	WorkerReady; ExitCode=0; ready
2026-06-03T11:09:57.2705364+00:00	StartPipeline	Layer08Node03	Layer08Node03
2026-06-03T11:09:58.3355261+00:00	WorkerEvent	Layer08Node03	PipelineStarted; ExitCode=0; pipeline started
2026-06-03T11:09:58.3401765+00:00	WorkerEvent	Layer08Node03.export-l08-n03	TaskReady; ExitCode=0; 
2026-06-03T11:09:58.3425661+00:00	GrantTask	Layer08Node03.export-l08-n03	Layer08Node03.export-l08-n03; GrantId=grant-107; Attempt=1
2026-06-03T11:09:58.3439598+00:00	WorkerEvent	Layer08Node03.export-l08-n03	GrantAccepted; ExitCode=0; 
2026-06-03T11:09:58.3453278+00:00	WorkerEvent	Layer08Node03.export-l08-n03	TaskStarted; ExitCode=0; 
2026-06-03T11:09:59.2030667+00:00	WorkerEvent	Layer08Node03.export-l08-n03	TaskSucceeded; ExitCode=0; 
2026-06-03T11:09:59.2042393+00:00	TaskSucceeded	Layer08Node03.export-l08-n03	0
2026-06-03T11:09:59.2506025+00:00	WorkerEvent	Layer08Node03	Closed; ExitCode=0; 
2026-06-03T11:09:59.2525548+00:00	WorkerStarting	Layer08Node04	meta-pipeline
2026-06-03T11:09:59.4355078+00:00	WorkerStarted	Layer08Node04	23512
2026-06-03T11:09:59.4362472+00:00	WorkerControlPipe	Layer08Node04	meta-orchestration-8070e0085b5a4688a09719a884bc3e8e
2026-06-03T11:09:59.4367018+00:00	WorkerLog	Layer08Node04	stdout=C:\Users\jimmy\Desktop\meta-bi\Samples\Demos\MetaOrchestrationHairballCliIntegration\Runs\hairball-seed-20260530\RunArtifacts\runs\20260603-110742_4844be1369c548d7bedbf8a4694ba772\logs\Layer08Node04-23512.stdout.log; stderr=C:\Users\jimmy\Desktop\meta-bi\Samples\Demos\MetaOrchestrationHairballCliIntegration\Runs\hairball-seed-20260530\RunArtifacts\runs\20260603-110742_4844be1369c548d7bedbf8a4694ba772\logs\Layer08Node04-23512.stderr.log
2026-06-03T11:09:59.4740116+00:00	WorkerEvent	Layer08Node04	WorkerOnline; ExitCode=0; online
2026-06-03T11:09:59.4779387+00:00	WorkerEvent	Layer08Node04	WorkerReady; ExitCode=0; ready
2026-06-03T11:09:59.4841712+00:00	StartPipeline	Layer08Node04	Layer08Node04
2026-06-03T11:10:00.6232445+00:00	WorkerEvent	Layer08Node04	PipelineStarted; ExitCode=0; pipeline started
2026-06-03T11:10:00.6288357+00:00	WorkerEvent	Layer08Node04.select-l08-n04	TaskReady; ExitCode=0; 
2026-06-03T11:10:00.6327346+00:00	GrantTask	Layer08Node04.select-l08-n04	Layer08Node04.select-l08-n04; GrantId=grant-108; Attempt=1
2026-06-03T11:10:00.6341750+00:00	WorkerEvent	Layer08Node04.select-l08-n04	GrantAccepted; ExitCode=0; 
2026-06-03T11:10:00.6363778+00:00	WorkerEvent	Layer08Node04.select-l08-n04	TaskStarted; ExitCode=0; 
2026-06-03T11:10:01.4730743+00:00	WorkerEvent	Layer08Node04.select-l08-n04	TaskSucceeded; ExitCode=0; 
2026-06-03T11:10:01.4742174+00:00	TaskSucceeded	Layer08Node04.select-l08-n04	0
2026-06-03T11:10:01.5187447+00:00	WorkerEvent	Layer08Node04	Closed; ExitCode=0; 
2026-06-03T11:10:01.5201891+00:00	WorkerStarting	Layer08Node05	meta-pipeline
2026-06-03T11:10:01.7086339+00:00	WorkerStarted	Layer08Node05	28944
2026-06-03T11:10:01.7094781+00:00	WorkerControlPipe	Layer08Node05	meta-orchestration-bb549076320449c3bfe0454a0f0ac2ee
2026-06-03T11:10:01.7101754+00:00	WorkerLog	Layer08Node05	stdout=C:\Users\jimmy\Desktop\meta-bi\Samples\Demos\MetaOrchestrationHairballCliIntegration\Runs\hairball-seed-20260530\RunArtifacts\runs\20260603-110742_4844be1369c548d7bedbf8a4694ba772\logs\Layer08Node05-28944.stdout.log; stderr=C:\Users\jimmy\Desktop\meta-bi\Samples\Demos\MetaOrchestrationHairballCliIntegration\Runs\hairball-seed-20260530\RunArtifacts\runs\20260603-110742_4844be1369c548d7bedbf8a4694ba772\logs\Layer08Node05-28944.stderr.log
2026-06-03T11:10:01.7465204+00:00	WorkerEvent	Layer08Node05	WorkerOnline; ExitCode=0; online
2026-06-03T11:10:01.7503271+00:00	WorkerEvent	Layer08Node05	WorkerReady; ExitCode=0; ready
2026-06-03T11:10:01.7561562+00:00	StartPipeline	Layer08Node05	Layer08Node05
2026-06-03T11:10:02.7197427+00:00	WorkerEvent	Layer08Node05	PipelineStarted; ExitCode=0; pipeline started
2026-06-03T11:10:02.7245054+00:00	WorkerEvent	Layer08Node05.refresh-l08-n05	TaskReady; ExitCode=0; 
2026-06-03T11:10:02.7266810+00:00	GrantTask	Layer08Node05.refresh-l08-n05	Layer08Node05.refresh-l08-n05; GrantId=grant-109; Attempt=1
2026-06-03T11:10:02.7274296+00:00	WorkerEvent	Layer08Node05.refresh-l08-n05	GrantAccepted; ExitCode=0; 
2026-06-03T11:10:02.7293881+00:00	WorkerEvent	Layer08Node05.refresh-l08-n05	TaskStarted; ExitCode=0; 
2026-06-03T11:10:03.4287709+00:00	WorkerEvent	Layer08Node05.refresh-l08-n05	TaskSucceeded; ExitCode=0; 
2026-06-03T11:10:03.4298337+00:00	TaskSucceeded	Layer08Node05.refresh-l08-n05	0
2026-06-03T11:10:03.4708321+00:00	WorkerEvent	Layer08Node05	Closed; ExitCode=0; 
2026-06-03T11:10:03.4726975+00:00	WorkerStarting	Layer08Node06	meta-pipeline
2026-06-03T11:10:03.6789210+00:00	WorkerStarted	Layer08Node06	24204
2026-06-03T11:10:03.6796222+00:00	WorkerControlPipe	Layer08Node06	meta-orchestration-f6d516d8bd5444b9b79807d90dcd5567
2026-06-03T11:10:03.6803903+00:00	WorkerLog	Layer08Node06	stdout=C:\Users\jimmy\Desktop\meta-bi\Samples\Demos\MetaOrchestrationHairballCliIntegration\Runs\hairball-seed-20260530\RunArtifacts\runs\20260603-110742_4844be1369c548d7bedbf8a4694ba772\logs\Layer08Node06-24204.stdout.log; stderr=C:\Users\jimmy\Desktop\meta-bi\Samples\Demos\MetaOrchestrationHairballCliIntegration\Runs\hairball-seed-20260530\RunArtifacts\runs\20260603-110742_4844be1369c548d7bedbf8a4694ba772\logs\Layer08Node06-24204.stderr.log
2026-06-03T11:10:03.7180004+00:00	WorkerEvent	Layer08Node06	WorkerOnline; ExitCode=0; online
2026-06-03T11:10:03.7220017+00:00	WorkerEvent	Layer08Node06	WorkerReady; ExitCode=0; ready
2026-06-03T11:10:03.7291219+00:00	StartPipeline	Layer08Node06	Layer08Node06
2026-06-03T11:10:04.8628882+00:00	WorkerEvent	Layer08Node06	PipelineStarted; ExitCode=0; pipeline started
2026-06-03T11:10:04.8676899+00:00	WorkerEvent	Layer08Node06.select-l08-n06	TaskReady; ExitCode=0; 
2026-06-03T11:10:04.8699101+00:00	GrantTask	Layer08Node06.select-l08-n06	Layer08Node06.select-l08-n06; GrantId=grant-110; Attempt=1
2026-06-03T11:10:04.8707547+00:00	WorkerEvent	Layer08Node06.select-l08-n06	GrantAccepted; ExitCode=0; 
2026-06-03T11:10:04.8727404+00:00	WorkerEvent	Layer08Node06.select-l08-n06	TaskStarted; ExitCode=0; 
2026-06-03T11:10:05.6967034+00:00	WorkerEvent	Layer08Node06.select-l08-n06	TaskSucceeded; ExitCode=0; 
2026-06-03T11:10:05.6977518+00:00	TaskSucceeded	Layer08Node06.select-l08-n06	0
2026-06-03T11:10:05.7446717+00:00	WorkerEvent	Layer08Node06	Closed; ExitCode=0; 
2026-06-03T11:10:05.7467563+00:00	WorkerStarting	Layer08Node07	meta-pipeline
2026-06-03T11:10:05.9302891+00:00	WorkerStarted	Layer08Node07	25244
2026-06-03T11:10:05.9312167+00:00	WorkerControlPipe	Layer08Node07	meta-orchestration-42e609ff12b2430294ea86207e8fe459
2026-06-03T11:10:05.9319763+00:00	WorkerLog	Layer08Node07	stdout=C:\Users\jimmy\Desktop\meta-bi\Samples\Demos\MetaOrchestrationHairballCliIntegration\Runs\hairball-seed-20260530\RunArtifacts\runs\20260603-110742_4844be1369c548d7bedbf8a4694ba772\logs\Layer08Node07-25244.stdout.log; stderr=C:\Users\jimmy\Desktop\meta-bi\Samples\Demos\MetaOrchestrationHairballCliIntegration\Runs\hairball-seed-20260530\RunArtifacts\runs\20260603-110742_4844be1369c548d7bedbf8a4694ba772\logs\Layer08Node07-25244.stderr.log
2026-06-03T11:10:05.9689888+00:00	WorkerEvent	Layer08Node07	WorkerOnline; ExitCode=0; online
2026-06-03T11:10:05.9731046+00:00	WorkerEvent	Layer08Node07	WorkerReady; ExitCode=0; ready
2026-06-03T11:10:05.9795414+00:00	StartPipeline	Layer08Node07	Layer08Node07
2026-06-03T11:10:07.1613678+00:00	WorkerEvent	Layer08Node07	PipelineStarted; ExitCode=0; pipeline started
2026-06-03T11:10:07.1661366+00:00	WorkerEvent	Layer08Node07.select-l08-n07	TaskReady; ExitCode=0; 
2026-06-03T11:10:07.1683806+00:00	GrantTask	Layer08Node07.select-l08-n07	Layer08Node07.select-l08-n07; GrantId=grant-111; Attempt=1
2026-06-03T11:10:07.1691752+00:00	WorkerEvent	Layer08Node07.select-l08-n07	GrantAccepted; ExitCode=0; 
2026-06-03T11:10:07.1712367+00:00	WorkerEvent	Layer08Node07.select-l08-n07	TaskStarted; ExitCode=0; 
2026-06-03T11:10:07.9641445+00:00	WorkerEvent	Layer08Node07.select-l08-n07	TaskSucceeded; ExitCode=0; 
2026-06-03T11:10:07.9655274+00:00	TaskSucceeded	Layer08Node07.select-l08-n07	0
2026-06-03T11:10:08.0024074+00:00	WorkerEvent	Layer08Node07	Closed; ExitCode=0; 
2026-06-03T11:10:08.0037387+00:00	WorkerResuming	CompositeMart	ResumeTaskId=CompositeMart.composite-curate; Executable=meta-pipeline
2026-06-03T11:10:08.1953022+00:00	WorkerStarted	CompositeMart	29716
2026-06-03T11:10:08.1961742+00:00	WorkerControlPipe	CompositeMart	meta-orchestration-18198523a7b64274875093362aef871e
2026-06-03T11:10:08.1968559+00:00	WorkerLog	CompositeMart	stdout=C:\Users\jimmy\Desktop\meta-bi\Samples\Demos\MetaOrchestrationHairballCliIntegration\Runs\hairball-seed-20260530\RunArtifacts\runs\20260603-110742_4844be1369c548d7bedbf8a4694ba772\logs\CompositeMart-29716.stdout.log; stderr=C:\Users\jimmy\Desktop\meta-bi\Samples\Demos\MetaOrchestrationHairballCliIntegration\Runs\hairball-seed-20260530\RunArtifacts\runs\20260603-110742_4844be1369c548d7bedbf8a4694ba772\logs\CompositeMart-29716.stderr.log
2026-06-03T11:10:08.2362993+00:00	WorkerEvent	CompositeMart	WorkerOnline; ExitCode=0; online
2026-06-03T11:10:08.2395936+00:00	WorkerEvent	CompositeMart	WorkerReady; ExitCode=0; ready
2026-06-03T11:10:08.2476741+00:00	StartPipeline	CompositeMart	CompositeMart
2026-06-03T11:10:10.0669783+00:00	WorkerEvent	CompositeMart	PipelineStarted; ExitCode=0; pipeline started
2026-06-03T11:10:10.0708327+00:00	WorkerEvent	CompositeMart.composite-curate	TaskReady; ExitCode=0; 
2026-06-03T11:10:10.0727414+00:00	GrantTask	CompositeMart.composite-curate	CompositeMart.composite-curate; GrantId=grant-112; Attempt=1
2026-06-03T11:10:10.0740304+00:00	WorkerEvent	CompositeMart.composite-curate	GrantAccepted; ExitCode=0; 
2026-06-03T11:10:10.0754226+00:00	WorkerEvent	CompositeMart.composite-curate	TaskStarted; ExitCode=0; 
2026-06-03T11:10:10.7407101+00:00	WorkerEvent	CompositeMart.composite-curate	TaskSucceeded; ExitCode=0; 
2026-06-03T11:10:10.7418491+00:00	TaskSucceeded	CompositeMart.composite-curate	0
2026-06-03T11:10:10.7433328+00:00	WorkerEvent	CompositeMart.composite-reconcile	TaskReady; ExitCode=0; 
2026-06-03T11:10:10.7454214+00:00	GrantTask	CompositeMart.composite-reconcile	CompositeMart.composite-reconcile; GrantId=grant-113; Attempt=1
2026-06-03T11:10:10.7462037+00:00	WorkerEvent	CompositeMart.composite-reconcile	GrantAccepted; ExitCode=0; 
2026-06-03T11:10:10.7477897+00:00	WorkerEvent	CompositeMart.composite-reconcile	TaskStarted; ExitCode=0; 
2026-06-03T11:10:11.0028586+00:00	WorkerEvent	CompositeMart.composite-reconcile	TaskSucceeded; ExitCode=0; 
2026-06-03T11:10:11.0039844+00:00	TaskSucceeded	CompositeMart.composite-reconcile	0
2026-06-03T11:10:11.0051883+00:00	WorkerEvent	CompositeMart.composite-certify	TaskReady; ExitCode=0; 
2026-06-03T11:10:11.0067889+00:00	GrantTask	CompositeMart.composite-certify	CompositeMart.composite-certify; GrantId=grant-114; Attempt=1
2026-06-03T11:10:11.0074583+00:00	WorkerEvent	CompositeMart.composite-certify	GrantAccepted; ExitCode=0; 
2026-06-03T11:10:11.0104819+00:00	WorkerEvent	CompositeMart.composite-certify	TaskStarted; ExitCode=0; 
2026-06-03T11:10:11.1809617+00:00	WorkerEvent	CompositeMart.composite-certify	TaskSucceeded; ExitCode=0; 
2026-06-03T11:10:11.1822060+00:00	TaskSucceeded	CompositeMart.composite-certify	0
2026-06-03T11:10:11.1836361+00:00	WorkerEvent	CompositeMart.composite-publish	TaskReady; ExitCode=0; 
2026-06-03T11:10:11.1851726+00:00	GrantTask	CompositeMart.composite-publish	CompositeMart.composite-publish; GrantId=grant-115; Attempt=1
2026-06-03T11:10:11.1859194+00:00	WorkerEvent	CompositeMart.composite-publish	GrantAccepted; ExitCode=0; 
2026-06-03T11:10:11.1887325+00:00	WorkerEvent	CompositeMart.composite-publish	TaskStarted; ExitCode=0; 
2026-06-03T11:10:11.4731418+00:00	WorkerEvent	CompositeMart.composite-publish	TaskSucceeded; ExitCode=0; 
2026-06-03T11:10:11.4741791+00:00	TaskSucceeded	CompositeMart.composite-publish	0
2026-06-03T11:10:11.5240298+00:00	WorkerEvent	CompositeMart	Closed; ExitCode=0; 
2026-06-03T11:10:11.5257824+00:00	WorkerStarting	Layer08Node08	meta-pipeline
2026-06-03T11:10:11.7167706+00:00	WorkerStarted	Layer08Node08	28188
2026-06-03T11:10:11.7175520+00:00	WorkerControlPipe	Layer08Node08	meta-orchestration-848c3e14e9ce495f851f7a91263c0711
2026-06-03T11:10:11.7182035+00:00	WorkerLog	Layer08Node08	stdout=C:\Users\jimmy\Desktop\meta-bi\Samples\Demos\MetaOrchestrationHairballCliIntegration\Runs\hairball-seed-20260530\RunArtifacts\runs\20260603-110742_4844be1369c548d7bedbf8a4694ba772\logs\Layer08Node08-28188.stdout.log; stderr=C:\Users\jimmy\Desktop\meta-bi\Samples\Demos\MetaOrchestrationHairballCliIntegration\Runs\hairball-seed-20260530\RunArtifacts\runs\20260603-110742_4844be1369c548d7bedbf8a4694ba772\logs\Layer08Node08-28188.stderr.log
2026-06-03T11:10:11.7563508+00:00	WorkerEvent	Layer08Node08	WorkerOnline; ExitCode=0; online
2026-06-03T11:10:11.7599904+00:00	WorkerEvent	Layer08Node08	WorkerReady; ExitCode=0; ready
2026-06-03T11:10:11.7655140+00:00	StartPipeline	Layer08Node08	Layer08Node08
2026-06-03T11:10:12.8453740+00:00	WorkerEvent	Layer08Node08	PipelineStarted; ExitCode=0; pipeline started
2026-06-03T11:10:12.8498887+00:00	WorkerEvent	Layer08Node08.refresh-l08-n08	TaskReady; ExitCode=0; 
2026-06-03T11:10:12.8523120+00:00	GrantTask	Layer08Node08.refresh-l08-n08	Layer08Node08.refresh-l08-n08; GrantId=grant-116; Attempt=1
2026-06-03T11:10:12.8541825+00:00	WorkerEvent	Layer08Node08.refresh-l08-n08	GrantAccepted; ExitCode=0; 
2026-06-03T11:10:12.8562845+00:00	WorkerEvent	Layer08Node08.refresh-l08-n08	TaskStarted; ExitCode=0; 
2026-06-03T11:10:13.5872546+00:00	WorkerEvent	Layer08Node08.refresh-l08-n08	TaskSucceeded; ExitCode=0; 
2026-06-03T11:10:13.5887412+00:00	TaskSucceeded	Layer08Node08.refresh-l08-n08	0
2026-06-03T11:10:13.6353669+00:00	WorkerEvent	Layer08Node08	Closed; ExitCode=0; 
2026-06-03T11:10:13.6370602+00:00	WorkerStarting	Layer08Hub	meta-pipeline
2026-06-03T11:10:13.8213998+00:00	WorkerStarted	Layer08Hub	18824
2026-06-03T11:10:13.8221564+00:00	WorkerControlPipe	Layer08Hub	meta-orchestration-e382db7ef05d418aa23b488cea0a4693
2026-06-03T11:10:13.8226949+00:00	WorkerLog	Layer08Hub	stdout=C:\Users\jimmy\Desktop\meta-bi\Samples\Demos\MetaOrchestrationHairballCliIntegration\Runs\hairball-seed-20260530\RunArtifacts\runs\20260603-110742_4844be1369c548d7bedbf8a4694ba772\logs\Layer08Hub-18824.stdout.log; stderr=C:\Users\jimmy\Desktop\meta-bi\Samples\Demos\MetaOrchestrationHairballCliIntegration\Runs\hairball-seed-20260530\RunArtifacts\runs\20260603-110742_4844be1369c548d7bedbf8a4694ba772\logs\Layer08Hub-18824.stderr.log
2026-06-03T11:10:13.8620847+00:00	WorkerEvent	Layer08Hub	WorkerOnline; ExitCode=0; online
2026-06-03T11:10:13.8657906+00:00	WorkerEvent	Layer08Hub	WorkerReady; ExitCode=0; ready
2026-06-03T11:10:13.8722723+00:00	StartPipeline	Layer08Hub	Layer08Hub
2026-06-03T11:10:15.3929183+00:00	WorkerEvent	Layer08Hub	PipelineStarted; ExitCode=0; pipeline started
2026-06-03T11:10:15.3981433+00:00	WorkerEvent	Layer08Hub.hub-l08-stage	TaskReady; ExitCode=0; 
2026-06-03T11:10:15.3998910+00:00	GrantTask	Layer08Hub.hub-l08-stage	Layer08Hub.hub-l08-stage; GrantId=grant-117; Attempt=1
2026-06-03T11:10:15.4010188+00:00	WorkerEvent	Layer08Hub.hub-l08-stage	GrantAccepted; ExitCode=0; 
2026-06-03T11:10:15.4033880+00:00	WorkerEvent	Layer08Hub.hub-l08-stage	TaskStarted; ExitCode=0; 
2026-06-03T11:10:16.1916255+00:00	WorkerEvent	Layer08Hub.hub-l08-stage	TaskSucceeded; ExitCode=0; 
2026-06-03T11:10:16.1929796+00:00	TaskSucceeded	Layer08Hub.hub-l08-stage	0
2026-06-03T11:10:16.1944526+00:00	WorkerEvent	Layer08Hub.hub-l08-curate	TaskReady; ExitCode=0; 
2026-06-03T11:10:16.1966837+00:00	GrantTask	Layer08Hub.hub-l08-curate	Layer08Hub.hub-l08-curate; GrantId=grant-118; Attempt=1
2026-06-03T11:10:16.1975846+00:00	WorkerEvent	Layer08Hub.hub-l08-curate	GrantAccepted; ExitCode=0; 
2026-06-03T11:10:16.1995420+00:00	WorkerEvent	Layer08Hub.hub-l08-curate	TaskStarted; ExitCode=0; 
2026-06-03T11:10:16.3650044+00:00	WorkerEvent	Layer08Hub.hub-l08-curate	TaskSucceeded; ExitCode=0; 
2026-06-03T11:10:16.3660917+00:00	TaskSucceeded	Layer08Hub.hub-l08-curate	0
2026-06-03T11:10:16.3672895+00:00	WorkerEvent	Layer08Hub.hub-l08-publish	TaskReady; ExitCode=0; 
2026-06-03T11:10:16.3691689+00:00	GrantTask	Layer08Hub.hub-l08-publish	Layer08Hub.hub-l08-publish; GrantId=grant-119; Attempt=1
2026-06-03T11:10:16.3698069+00:00	WorkerEvent	Layer08Hub.hub-l08-publish	GrantAccepted; ExitCode=0; 
2026-06-03T11:10:16.3713393+00:00	WorkerEvent	Layer08Hub.hub-l08-publish	TaskStarted; ExitCode=0; 
2026-06-03T11:10:16.6503279+00:00	WorkerEvent	Layer08Hub.hub-l08-publish	TaskSucceeded; ExitCode=0; 
2026-06-03T11:10:16.6514167+00:00	TaskSucceeded	Layer08Hub.hub-l08-publish	0
2026-06-03T11:10:16.6906749+00:00	WorkerEvent	Layer08Hub	Closed; ExitCode=0; 
2026-06-03T11:10:16.6919116+00:00	WorkerStarting	RegionalMart01	meta-pipeline
2026-06-03T11:10:16.8667993+00:00	WorkerStarted	RegionalMart01	18424
2026-06-03T11:10:16.8675649+00:00	WorkerControlPipe	RegionalMart01	meta-orchestration-307f803fe69b4fc4858583e58e417556
2026-06-03T11:10:16.8682830+00:00	WorkerLog	RegionalMart01	stdout=C:\Users\jimmy\Desktop\meta-bi\Samples\Demos\MetaOrchestrationHairballCliIntegration\Runs\hairball-seed-20260530\RunArtifacts\runs\20260603-110742_4844be1369c548d7bedbf8a4694ba772\logs\RegionalMart01-18424.stdout.log; stderr=C:\Users\jimmy\Desktop\meta-bi\Samples\Demos\MetaOrchestrationHairballCliIntegration\Runs\hairball-seed-20260530\RunArtifacts\runs\20260603-110742_4844be1369c548d7bedbf8a4694ba772\logs\RegionalMart01-18424.stderr.log
2026-06-03T11:10:16.9056811+00:00	WorkerEvent	RegionalMart01	WorkerOnline; ExitCode=0; online
2026-06-03T11:10:16.9093614+00:00	WorkerEvent	RegionalMart01	WorkerReady; ExitCode=0; ready
2026-06-03T11:10:16.9168660+00:00	StartPipeline	RegionalMart01	RegionalMart01
2026-06-03T11:10:18.4590387+00:00	WorkerEvent	RegionalMart01	PipelineStarted; ExitCode=0; pipeline started
2026-06-03T11:10:18.4633384+00:00	WorkerEvent	RegionalMart01.regional-01-stage	TaskReady; ExitCode=0; 
2026-06-03T11:10:18.4655173+00:00	GrantTask	RegionalMart01.regional-01-stage	RegionalMart01.regional-01-stage; GrantId=grant-120; Attempt=1
2026-06-03T11:10:18.4668365+00:00	WorkerEvent	RegionalMart01.regional-01-stage	GrantAccepted; ExitCode=0; 
2026-06-03T11:10:18.4686703+00:00	WorkerEvent	RegionalMart01.regional-01-stage	TaskStarted; ExitCode=0; 
2026-06-03T11:10:19.2391843+00:00	WorkerEvent	RegionalMart01.regional-01-stage	TaskSucceeded; ExitCode=0; 
2026-06-03T11:10:19.2403795+00:00	TaskSucceeded	RegionalMart01.regional-01-stage	0
2026-06-03T11:10:19.2417706+00:00	WorkerEvent	RegionalMart01.regional-01-curate	TaskReady; ExitCode=0; 
2026-06-03T11:10:19.2434342+00:00	GrantTask	RegionalMart01.regional-01-curate	RegionalMart01.regional-01-curate; GrantId=grant-121; Attempt=1
2026-06-03T11:10:19.2442535+00:00	WorkerEvent	RegionalMart01.regional-01-curate	GrantAccepted; ExitCode=0; 
2026-06-03T11:10:19.2465233+00:00	WorkerEvent	RegionalMart01.regional-01-curate	TaskStarted; ExitCode=0; 
2026-06-03T11:10:19.4231378+00:00	WorkerEvent	RegionalMart01.regional-01-curate	TaskSucceeded; ExitCode=0; 
2026-06-03T11:10:19.4246661+00:00	TaskSucceeded	RegionalMart01.regional-01-curate	0
2026-06-03T11:10:19.4256715+00:00	WorkerEvent	RegionalMart01.regional-01-publish	TaskReady; ExitCode=0; 
2026-06-03T11:10:19.4271398+00:00	GrantTask	RegionalMart01.regional-01-publish	RegionalMart01.regional-01-publish; GrantId=grant-122; Attempt=1
2026-06-03T11:10:19.4276715+00:00	WorkerEvent	RegionalMart01.regional-01-publish	GrantAccepted; ExitCode=0; 
2026-06-03T11:10:19.4292354+00:00	WorkerEvent	RegionalMart01.regional-01-publish	TaskStarted; ExitCode=0; 
2026-06-03T11:10:19.6989424+00:00	WorkerEvent	RegionalMart01.regional-01-publish	TaskSucceeded; ExitCode=0; 
2026-06-03T11:10:19.7001000+00:00	TaskSucceeded	RegionalMart01.regional-01-publish	0
2026-06-03T11:10:19.7015371+00:00	WorkerEvent	RegionalMart01.regional-01-audit	TaskReady; ExitCode=0; 
2026-06-03T11:10:19.7036387+00:00	GrantTask	RegionalMart01.regional-01-audit	RegionalMart01.regional-01-audit; GrantId=grant-123; Attempt=1
2026-06-03T11:10:19.7043563+00:00	WorkerEvent	RegionalMart01.regional-01-audit	GrantAccepted; ExitCode=0; 
2026-06-03T11:10:19.7060440+00:00	WorkerEvent	RegionalMart01.regional-01-audit	TaskStarted; ExitCode=0; 
2026-06-03T11:10:19.8896968+00:00	WorkerEvent	RegionalMart01.regional-01-audit	TaskSucceeded; ExitCode=0; 
2026-06-03T11:10:19.8908353+00:00	TaskSucceeded	RegionalMart01.regional-01-audit	0
2026-06-03T11:10:19.9433746+00:00	WorkerEvent	RegionalMart01	Closed; ExitCode=0; 
2026-06-03T11:10:19.9451024+00:00	WorkerStarting	RegionalMart02	meta-pipeline
2026-06-03T11:10:20.1372943+00:00	WorkerStarted	RegionalMart02	2508
2026-06-03T11:10:20.1381078+00:00	WorkerControlPipe	RegionalMart02	meta-orchestration-ed117391c01d47369312f114b5c2d4f9
2026-06-03T11:10:20.1388120+00:00	WorkerLog	RegionalMart02	stdout=C:\Users\jimmy\Desktop\meta-bi\Samples\Demos\MetaOrchestrationHairballCliIntegration\Runs\hairball-seed-20260530\RunArtifacts\runs\20260603-110742_4844be1369c548d7bedbf8a4694ba772\logs\RegionalMart02-2508.stdout.log; stderr=C:\Users\jimmy\Desktop\meta-bi\Samples\Demos\MetaOrchestrationHairballCliIntegration\Runs\hairball-seed-20260530\RunArtifacts\runs\20260603-110742_4844be1369c548d7bedbf8a4694ba772\logs\RegionalMart02-2508.stderr.log
2026-06-03T11:10:20.1926647+00:00	WorkerEvent	RegionalMart02	WorkerOnline; ExitCode=0; online
2026-06-03T11:10:20.1968919+00:00	WorkerEvent	RegionalMart02	WorkerReady; ExitCode=0; ready
2026-06-03T11:10:20.2047750+00:00	StartPipeline	RegionalMart02	RegionalMart02
2026-06-03T11:10:21.8483190+00:00	WorkerEvent	RegionalMart02	PipelineStarted; ExitCode=0; pipeline started
2026-06-03T11:10:21.8529986+00:00	WorkerEvent	RegionalMart02.regional-02-stage	TaskReady; ExitCode=0; 
2026-06-03T11:10:21.8559175+00:00	GrantTask	RegionalMart02.regional-02-stage	RegionalMart02.regional-02-stage; GrantId=grant-124; Attempt=1
2026-06-03T11:10:21.8567004+00:00	WorkerEvent	RegionalMart02.regional-02-stage	GrantAccepted; ExitCode=0; 
2026-06-03T11:10:21.8590101+00:00	WorkerEvent	RegionalMart02.regional-02-stage	TaskStarted; ExitCode=0; 
2026-06-03T11:10:22.6949636+00:00	WorkerEvent	RegionalMart02.regional-02-stage	TaskSucceeded; ExitCode=0; 
2026-06-03T11:10:22.6962021+00:00	TaskSucceeded	RegionalMart02.regional-02-stage	0
2026-06-03T11:10:22.6981060+00:00	WorkerEvent	RegionalMart02.regional-02-curate	TaskReady; ExitCode=0; 
2026-06-03T11:10:22.7006996+00:00	GrantTask	RegionalMart02.regional-02-curate	RegionalMart02.regional-02-curate; GrantId=grant-125; Attempt=1
2026-06-03T11:10:22.7015542+00:00	WorkerEvent	RegionalMart02.regional-02-curate	GrantAccepted; ExitCode=0; 
2026-06-03T11:10:22.7040151+00:00	WorkerEvent	RegionalMart02.regional-02-curate	TaskStarted; ExitCode=0; 
2026-06-03T11:10:22.8918770+00:00	WorkerEvent	RegionalMart02.regional-02-curate	TaskSucceeded; ExitCode=0; 
2026-06-03T11:10:22.8930599+00:00	TaskSucceeded	RegionalMart02.regional-02-curate	0
2026-06-03T11:10:22.8949614+00:00	WorkerEvent	RegionalMart02.regional-02-publish	TaskReady; ExitCode=0; 
2026-06-03T11:10:22.8975537+00:00	GrantTask	RegionalMart02.regional-02-publish	RegionalMart02.regional-02-publish; GrantId=grant-126; Attempt=1
2026-06-03T11:10:22.8984591+00:00	WorkerEvent	RegionalMart02.regional-02-publish	GrantAccepted; ExitCode=0; 
2026-06-03T11:10:22.9013589+00:00	WorkerEvent	RegionalMart02.regional-02-publish	TaskStarted; ExitCode=0; 
2026-06-03T11:10:23.1569498+00:00	WorkerEvent	RegionalMart02.regional-02-publish	TaskSucceeded; ExitCode=0; 
2026-06-03T11:10:23.1582405+00:00	TaskSucceeded	RegionalMart02.regional-02-publish	0
2026-06-03T11:10:23.1596607+00:00	WorkerEvent	RegionalMart02.regional-02-audit	TaskReady; ExitCode=0; 
2026-06-03T11:10:23.1613953+00:00	GrantTask	RegionalMart02.regional-02-audit	RegionalMart02.regional-02-audit; GrantId=grant-127; Attempt=1
2026-06-03T11:10:23.1621132+00:00	WorkerEvent	RegionalMart02.regional-02-audit	GrantAccepted; ExitCode=0; 
2026-06-03T11:10:23.1647565+00:00	WorkerEvent	RegionalMart02.regional-02-audit	TaskStarted; ExitCode=0; 
2026-06-03T11:10:23.3472945+00:00	WorkerEvent	RegionalMart02.regional-02-audit	TaskSucceeded; ExitCode=0; 
2026-06-03T11:10:23.3483373+00:00	TaskSucceeded	RegionalMart02.regional-02-audit	0
2026-06-03T11:10:23.3989590+00:00	WorkerEvent	RegionalMart02	Closed; ExitCode=0; 
2026-06-03T11:10:23.4002328+00:00	WorkerStarting	PublishHairballFinal	meta-pipeline
2026-06-03T11:10:23.5926460+00:00	WorkerStarted	PublishHairballFinal	20016
2026-06-03T11:10:23.5932938+00:00	WorkerControlPipe	PublishHairballFinal	meta-orchestration-4c55887af48f4eb796dcfbec8b534316
2026-06-03T11:10:23.5938578+00:00	WorkerLog	PublishHairballFinal	stdout=C:\Users\jimmy\Desktop\meta-bi\Samples\Demos\MetaOrchestrationHairballCliIntegration\Runs\hairball-seed-20260530\RunArtifacts\runs\20260603-110742_4844be1369c548d7bedbf8a4694ba772\logs\PublishHairballFinal-20016.stdout.log; stderr=C:\Users\jimmy\Desktop\meta-bi\Samples\Demos\MetaOrchestrationHairballCliIntegration\Runs\hairball-seed-20260530\RunArtifacts\runs\20260603-110742_4844be1369c548d7bedbf8a4694ba772\logs\PublishHairballFinal-20016.stderr.log
2026-06-03T11:10:23.6346432+00:00	WorkerEvent	PublishHairballFinal	WorkerOnline; ExitCode=0; online
2026-06-03T11:10:23.6388746+00:00	WorkerEvent	PublishHairballFinal	WorkerReady; ExitCode=0; ready
2026-06-03T11:10:23.6469990+00:00	StartPipeline	PublishHairballFinal	PublishHairballFinal
2026-06-03T11:10:25.1435665+00:00	WorkerEvent	PublishHairballFinal	PipelineStarted; ExitCode=0; pipeline started
2026-06-03T11:10:25.1472222+00:00	WorkerEvent	PublishHairballFinal.publish-hairball-final	TaskReady; ExitCode=0; 
2026-06-03T11:10:25.1490008+00:00	GrantTask	PublishHairballFinal.publish-hairball-final	PublishHairballFinal.publish-hairball-final; GrantId=grant-128; Attempt=1
2026-06-03T11:10:25.1496534+00:00	WorkerEvent	PublishHairballFinal.publish-hairball-final	GrantAccepted; ExitCode=0; 
2026-06-03T11:10:25.1519784+00:00	WorkerEvent	PublishHairballFinal.publish-hairball-final	TaskStarted; ExitCode=0; 
2026-06-03T11:10:25.9911013+00:00	WorkerEvent	PublishHairballFinal.publish-hairball-final	TaskSucceeded; ExitCode=0; 
2026-06-03T11:10:25.9925458+00:00	TaskSucceeded	PublishHairballFinal.publish-hairball-final	0
2026-06-03T11:10:26.0376583+00:00	WorkerEvent	PublishHairballFinal	Closed; ExitCode=0; 
2026-06-03T11:10:26.0390946+00:00	WorkerStarting	RegionalMart03	meta-pipeline
2026-06-03T11:10:26.2429474+00:00	WorkerStarted	RegionalMart03	18308
2026-06-03T11:10:26.2438697+00:00	WorkerControlPipe	RegionalMart03	meta-orchestration-a9181e35bc7946f28b03a40d33ca6107
2026-06-03T11:10:26.2445511+00:00	WorkerLog	RegionalMart03	stdout=C:\Users\jimmy\Desktop\meta-bi\Samples\Demos\MetaOrchestrationHairballCliIntegration\Runs\hairball-seed-20260530\RunArtifacts\runs\20260603-110742_4844be1369c548d7bedbf8a4694ba772\logs\RegionalMart03-18308.stdout.log; stderr=C:\Users\jimmy\Desktop\meta-bi\Samples\Demos\MetaOrchestrationHairballCliIntegration\Runs\hairball-seed-20260530\RunArtifacts\runs\20260603-110742_4844be1369c548d7bedbf8a4694ba772\logs\RegionalMart03-18308.stderr.log
2026-06-03T11:10:26.2871222+00:00	WorkerEvent	RegionalMart03	WorkerOnline; ExitCode=0; online
2026-06-03T11:10:26.2912278+00:00	WorkerEvent	RegionalMart03	WorkerReady; ExitCode=0; ready
2026-06-03T11:10:26.2990873+00:00	StartPipeline	RegionalMart03	RegionalMart03
2026-06-03T11:10:28.1130815+00:00	WorkerEvent	RegionalMart03	PipelineStarted; ExitCode=0; pipeline started
2026-06-03T11:10:28.1175616+00:00	WorkerEvent	RegionalMart03.regional-03-stage	TaskReady; ExitCode=0; 
2026-06-03T11:10:28.1200209+00:00	GrantTask	RegionalMart03.regional-03-stage	RegionalMart03.regional-03-stage; GrantId=grant-129; Attempt=1
2026-06-03T11:10:28.1216180+00:00	WorkerEvent	RegionalMart03.regional-03-stage	GrantAccepted; ExitCode=0; 
2026-06-03T11:10:28.1236136+00:00	WorkerEvent	RegionalMart03.regional-03-stage	TaskStarted; ExitCode=0; 
2026-06-03T11:10:29.1033926+00:00	WorkerEvent	RegionalMart03.regional-03-stage	TaskSucceeded; ExitCode=0; 
2026-06-03T11:10:29.1047719+00:00	TaskSucceeded	RegionalMart03.regional-03-stage	0
2026-06-03T11:10:29.1064925+00:00	WorkerEvent	RegionalMart03.regional-03-curate	TaskReady; ExitCode=0; 
2026-06-03T11:10:29.1087394+00:00	GrantTask	RegionalMart03.regional-03-curate	RegionalMart03.regional-03-curate; GrantId=grant-130; Attempt=1
2026-06-03T11:10:29.1095612+00:00	WorkerEvent	RegionalMart03.regional-03-curate	GrantAccepted; ExitCode=0; 
2026-06-03T11:10:29.1117647+00:00	WorkerEvent	RegionalMart03.regional-03-curate	TaskStarted; ExitCode=0; 
2026-06-03T11:10:29.3413307+00:00	WorkerEvent	RegionalMart03.regional-03-curate	TaskSucceeded; ExitCode=0; 
2026-06-03T11:10:29.3424718+00:00	TaskSucceeded	RegionalMart03.regional-03-curate	0
2026-06-03T11:10:29.3440088+00:00	WorkerEvent	RegionalMart03.regional-03-publish	TaskReady; ExitCode=0; 
2026-06-03T11:10:29.3461244+00:00	GrantTask	RegionalMart03.regional-03-publish	RegionalMart03.regional-03-publish; GrantId=grant-131; Attempt=1
2026-06-03T11:10:29.3474426+00:00	WorkerEvent	RegionalMart03.regional-03-publish	GrantAccepted; ExitCode=0; 
2026-06-03T11:10:29.3497276+00:00	WorkerEvent	RegionalMart03.regional-03-publish	TaskStarted; ExitCode=0; 
2026-06-03T11:10:29.7601963+00:00	WorkerEvent	RegionalMart03.regional-03-publish	TaskSucceeded; ExitCode=0; 
2026-06-03T11:10:29.7614340+00:00	TaskSucceeded	RegionalMart03.regional-03-publish	0
2026-06-03T11:10:29.7631979+00:00	WorkerEvent	RegionalMart03.regional-03-audit	TaskReady; ExitCode=0; 
2026-06-03T11:10:29.7650511+00:00	GrantTask	RegionalMart03.regional-03-audit	RegionalMart03.regional-03-audit; GrantId=grant-132; Attempt=1
2026-06-03T11:10:29.7658034+00:00	WorkerEvent	RegionalMart03.regional-03-audit	GrantAccepted; ExitCode=0; 
2026-06-03T11:10:29.7675719+00:00	WorkerEvent	RegionalMart03.regional-03-audit	TaskStarted; ExitCode=0; 
2026-06-03T11:10:29.9671106+00:00	WorkerEvent	RegionalMart03.regional-03-audit	TaskSucceeded; ExitCode=0; 
2026-06-03T11:10:29.9683080+00:00	TaskSucceeded	RegionalMart03.regional-03-audit	0
2026-06-03T11:10:30.0101852+00:00	WorkerEvent	RegionalMart03	Closed; ExitCode=0; 
2026-06-03T11:10:30.0118094+00:00	WorkerStarting	RegionalMart04	meta-pipeline
2026-06-03T11:10:30.2451150+00:00	WorkerStarted	RegionalMart04	5556
2026-06-03T11:10:30.2457939+00:00	WorkerControlPipe	RegionalMart04	meta-orchestration-0bd48a65a7ff44d0bf67a314258c47f0
2026-06-03T11:10:30.2463544+00:00	WorkerLog	RegionalMart04	stdout=C:\Users\jimmy\Desktop\meta-bi\Samples\Demos\MetaOrchestrationHairballCliIntegration\Runs\hairball-seed-20260530\RunArtifacts\runs\20260603-110742_4844be1369c548d7bedbf8a4694ba772\logs\RegionalMart04-5556.stdout.log; stderr=C:\Users\jimmy\Desktop\meta-bi\Samples\Demos\MetaOrchestrationHairballCliIntegration\Runs\hairball-seed-20260530\RunArtifacts\runs\20260603-110742_4844be1369c548d7bedbf8a4694ba772\logs\RegionalMart04-5556.stderr.log
2026-06-03T11:10:30.2841710+00:00	WorkerEvent	RegionalMart04	WorkerOnline; ExitCode=0; online
2026-06-03T11:10:30.2884296+00:00	WorkerEvent	RegionalMart04	WorkerReady; ExitCode=0; ready
2026-06-03T11:10:30.2963714+00:00	StartPipeline	RegionalMart04	RegionalMart04
2026-06-03T11:10:32.0616489+00:00	WorkerEvent	RegionalMart04	PipelineStarted; ExitCode=0; pipeline started
2026-06-03T11:10:32.0653462+00:00	WorkerEvent	RegionalMart04.regional-04-stage	TaskReady; ExitCode=0; 
2026-06-03T11:10:32.0684437+00:00	GrantTask	RegionalMart04.regional-04-stage	RegionalMart04.regional-04-stage; GrantId=grant-133; Attempt=1
2026-06-03T11:10:32.0697977+00:00	WorkerEvent	RegionalMart04.regional-04-stage	GrantAccepted; ExitCode=0; 
2026-06-03T11:10:32.0721370+00:00	WorkerEvent	RegionalMart04.regional-04-stage	TaskStarted; ExitCode=0; 
2026-06-03T11:10:32.9110598+00:00	WorkerEvent	RegionalMart04.regional-04-stage	TaskSucceeded; ExitCode=0; 
2026-06-03T11:10:32.9121472+00:00	TaskSucceeded	RegionalMart04.regional-04-stage	0
2026-06-03T11:10:32.9132405+00:00	WorkerEvent	RegionalMart04.regional-04-curate	TaskReady; ExitCode=0; 
2026-06-03T11:10:32.9147911+00:00	GrantTask	RegionalMart04.regional-04-curate	RegionalMart04.regional-04-curate; GrantId=grant-134; Attempt=1
2026-06-03T11:10:32.9154915+00:00	WorkerEvent	RegionalMart04.regional-04-curate	GrantAccepted; ExitCode=0; 
2026-06-03T11:10:32.9174477+00:00	WorkerEvent	RegionalMart04.regional-04-curate	TaskStarted; ExitCode=0; 
2026-06-03T11:10:33.1087633+00:00	WorkerEvent	RegionalMart04.regional-04-curate	TaskSucceeded; ExitCode=0; 
2026-06-03T11:10:33.1099688+00:00	TaskSucceeded	RegionalMart04.regional-04-curate	0
2026-06-03T11:10:33.1113369+00:00	WorkerEvent	RegionalMart04.regional-04-publish	TaskReady; ExitCode=0; 
2026-06-03T11:10:33.1135170+00:00	GrantTask	RegionalMart04.regional-04-publish	RegionalMart04.regional-04-publish; GrantId=grant-135; Attempt=1
2026-06-03T11:10:33.1142039+00:00	WorkerEvent	RegionalMart04.regional-04-publish	GrantAccepted; ExitCode=0; 
2026-06-03T11:10:33.1166127+00:00	WorkerEvent	RegionalMart04.regional-04-publish	TaskStarted; ExitCode=0; 
2026-06-03T11:10:33.4673164+00:00	WorkerEvent	RegionalMart04.regional-04-publish	TaskSucceeded; ExitCode=0; 
2026-06-03T11:10:33.4685332+00:00	TaskSucceeded	RegionalMart04.regional-04-publish	0
2026-06-03T11:10:33.4698545+00:00	WorkerEvent	RegionalMart04.regional-04-audit	TaskReady; ExitCode=0; 
2026-06-03T11:10:33.4718041+00:00	GrantTask	RegionalMart04.regional-04-audit	RegionalMart04.regional-04-audit; GrantId=grant-136; Attempt=1
2026-06-03T11:10:33.4724475+00:00	WorkerEvent	RegionalMart04.regional-04-audit	GrantAccepted; ExitCode=0; 
2026-06-03T11:10:33.4746313+00:00	WorkerEvent	RegionalMart04.regional-04-audit	TaskStarted; ExitCode=0; 
2026-06-03T11:10:33.6351679+00:00	WorkerEvent	RegionalMart04.regional-04-audit	TaskSucceeded; ExitCode=0; 
2026-06-03T11:10:33.6361887+00:00	TaskSucceeded	RegionalMart04.regional-04-audit	0
2026-06-03T11:10:33.6851427+00:00	WorkerEvent	RegionalMart04	Closed; ExitCode=0; 
2026-06-03T11:10:33.6865310+00:00	WorkerResuming	AuditHairball	ResumeTaskId=AuditHairball.audit-hairball; Executable=meta-pipeline
2026-06-03T11:10:33.8572928+00:00	WorkerStarted	AuditHairball	6424
2026-06-03T11:10:33.8579908+00:00	WorkerControlPipe	AuditHairball	meta-orchestration-4f3ed8534d2345908cab4e5dc366beea
2026-06-03T11:10:33.8585293+00:00	WorkerLog	AuditHairball	stdout=C:\Users\jimmy\Desktop\meta-bi\Samples\Demos\MetaOrchestrationHairballCliIntegration\Runs\hairball-seed-20260530\RunArtifacts\runs\20260603-110742_4844be1369c548d7bedbf8a4694ba772\logs\AuditHairball-6424.stdout.log; stderr=C:\Users\jimmy\Desktop\meta-bi\Samples\Demos\MetaOrchestrationHairballCliIntegration\Runs\hairball-seed-20260530\RunArtifacts\runs\20260603-110742_4844be1369c548d7bedbf8a4694ba772\logs\AuditHairball-6424.stderr.log
2026-06-03T11:10:33.8978086+00:00	WorkerEvent	AuditHairball	WorkerOnline; ExitCode=0; online
2026-06-03T11:10:33.9017521+00:00	WorkerEvent	AuditHairball	WorkerReady; ExitCode=0; ready
2026-06-03T11:10:33.9095689+00:00	StartPipeline	AuditHairball	AuditHairball
2026-06-03T11:10:34.9084027+00:00	WorkerEvent	AuditHairball	PipelineStarted; ExitCode=0; pipeline started
2026-06-03T11:10:34.9133769+00:00	WorkerEvent	AuditHairball.audit-hairball	TaskReady; ExitCode=0; 
2026-06-03T11:10:34.9156249+00:00	GrantTask	AuditHairball.audit-hairball	AuditHairball.audit-hairball; GrantId=grant-137; Attempt=1
2026-06-03T11:10:34.9165892+00:00	WorkerEvent	AuditHairball.audit-hairball	GrantAccepted; ExitCode=0; 
2026-06-03T11:10:34.9177322+00:00	WorkerEvent	AuditHairball.audit-hairball	TaskStarted; ExitCode=0; 
2026-06-03T11:10:35.7954115+00:00	WorkerEvent	AuditHairball.audit-hairball	TaskSucceeded; ExitCode=0; 
2026-06-03T11:10:35.7965380+00:00	TaskSucceeded	AuditHairball.audit-hairball	0
2026-06-03T11:10:35.8403145+00:00	WorkerEvent	AuditHairball	Closed; ExitCode=0; 
2026-06-03T11:10:35.8436421+00:00	WorkerLogSummary	ExtractSeed01	stdout=C:\Users\jimmy\Desktop\meta-bi\Samples\Demos\MetaOrchestrationHairballCliIntegration\Runs\hairball-seed-20260530\RunArtifacts\runs\20260603-110742_4844be1369c548d7bedbf8a4694ba772\logs\ExtractSeed01-18984.stdout.log; stdoutBytes=0; stdoutTruncated=False; stdoutDroppedBytes=0; stderr=C:\Users\jimmy\Desktop\meta-bi\Samples\Demos\MetaOrchestrationHairballCliIntegration\Runs\hairball-seed-20260530\RunArtifacts\runs\20260603-110742_4844be1369c548d7bedbf8a4694ba772\logs\ExtractSeed01-18984.stderr.log; stderrBytes=0; stderrTruncated=False; stderrDroppedBytes=0
2026-06-03T11:10:35.8460013+00:00	WorkerLogSummary	ExtractSeed02	stdout=C:\Users\jimmy\Desktop\meta-bi\Samples\Demos\MetaOrchestrationHairballCliIntegration\Runs\hairball-seed-20260530\RunArtifacts\runs\20260603-110742_4844be1369c548d7bedbf8a4694ba772\logs\ExtractSeed02-25228.stdout.log; stdoutBytes=0; stdoutTruncated=False; stdoutDroppedBytes=0; stderr=C:\Users\jimmy\Desktop\meta-bi\Samples\Demos\MetaOrchestrationHairballCliIntegration\Runs\hairball-seed-20260530\RunArtifacts\runs\20260603-110742_4844be1369c548d7bedbf8a4694ba772\logs\ExtractSeed02-25228.stderr.log; stderrBytes=0; stderrTruncated=False; stderrDroppedBytes=0
2026-06-03T11:10:35.8476529+00:00	WorkerLogSummary	ExtractSeed03	stdout=C:\Users\jimmy\Desktop\meta-bi\Samples\Demos\MetaOrchestrationHairballCliIntegration\Runs\hairball-seed-20260530\RunArtifacts\runs\20260603-110742_4844be1369c548d7bedbf8a4694ba772\logs\ExtractSeed03-26000.stdout.log; stdoutBytes=0; stdoutTruncated=False; stdoutDroppedBytes=0; stderr=C:\Users\jimmy\Desktop\meta-bi\Samples\Demos\MetaOrchestrationHairballCliIntegration\Runs\hairball-seed-20260530\RunArtifacts\runs\20260603-110742_4844be1369c548d7bedbf8a4694ba772\logs\ExtractSeed03-26000.stderr.log; stderrBytes=0; stderrTruncated=False; stderrDroppedBytes=0
2026-06-03T11:10:35.8489628+00:00	WorkerLogSummary	ExtractSeed04	stdout=C:\Users\jimmy\Desktop\meta-bi\Samples\Demos\MetaOrchestrationHairballCliIntegration\Runs\hairball-seed-20260530\RunArtifacts\runs\20260603-110742_4844be1369c548d7bedbf8a4694ba772\logs\ExtractSeed04-28352.stdout.log; stdoutBytes=0; stdoutTruncated=False; stdoutDroppedBytes=0; stderr=C:\Users\jimmy\Desktop\meta-bi\Samples\Demos\MetaOrchestrationHairballCliIntegration\Runs\hairball-seed-20260530\RunArtifacts\runs\20260603-110742_4844be1369c548d7bedbf8a4694ba772\logs\ExtractSeed04-28352.stderr.log; stderrBytes=0; stderrTruncated=False; stderrDroppedBytes=0
2026-06-03T11:10:35.8502254+00:00	WorkerLogSummary	ExtractSeed05	stdout=C:\Users\jimmy\Desktop\meta-bi\Samples\Demos\MetaOrchestrationHairballCliIntegration\Runs\hairball-seed-20260530\RunArtifacts\runs\20260603-110742_4844be1369c548d7bedbf8a4694ba772\logs\ExtractSeed05-27716.stdout.log; stdoutBytes=0; stdoutTruncated=False; stdoutDroppedBytes=0; stderr=C:\Users\jimmy\Desktop\meta-bi\Samples\Demos\MetaOrchestrationHairballCliIntegration\Runs\hairball-seed-20260530\RunArtifacts\runs\20260603-110742_4844be1369c548d7bedbf8a4694ba772\logs\ExtractSeed05-27716.stderr.log; stderrBytes=0; stderrTruncated=False; stderrDroppedBytes=0
2026-06-03T11:10:35.8516033+00:00	WorkerLogSummary	ExtractSeed06	stdout=C:\Users\jimmy\Desktop\meta-bi\Samples\Demos\MetaOrchestrationHairballCliIntegration\Runs\hairball-seed-20260530\RunArtifacts\runs\20260603-110742_4844be1369c548d7bedbf8a4694ba772\logs\ExtractSeed06-7856.stdout.log; stdoutBytes=0; stdoutTruncated=False; stdoutDroppedBytes=0; stderr=C:\Users\jimmy\Desktop\meta-bi\Samples\Demos\MetaOrchestrationHairballCliIntegration\Runs\hairball-seed-20260530\RunArtifacts\runs\20260603-110742_4844be1369c548d7bedbf8a4694ba772\logs\ExtractSeed06-7856.stderr.log; stderrBytes=0; stderrTruncated=False; stderrDroppedBytes=0
2026-06-03T11:10:35.8528086+00:00	WorkerLogSummary	ExtractSeed07	stdout=C:\Users\jimmy\Desktop\meta-bi\Samples\Demos\MetaOrchestrationHairballCliIntegration\Runs\hairball-seed-20260530\RunArtifacts\runs\20260603-110742_4844be1369c548d7bedbf8a4694ba772\logs\ExtractSeed07-24648.stdout.log; stdoutBytes=0; stdoutTruncated=False; stdoutDroppedBytes=0; stderr=C:\Users\jimmy\Desktop\meta-bi\Samples\Demos\MetaOrchestrationHairballCliIntegration\Runs\hairball-seed-20260530\RunArtifacts\runs\20260603-110742_4844be1369c548d7bedbf8a4694ba772\logs\ExtractSeed07-24648.stderr.log; stderrBytes=0; stderrTruncated=False; stderrDroppedBytes=0
2026-06-03T11:10:35.8540640+00:00	WorkerLogSummary	ExtractSeed08	stdout=C:\Users\jimmy\Desktop\meta-bi\Samples\Demos\MetaOrchestrationHairballCliIntegration\Runs\hairball-seed-20260530\RunArtifacts\runs\20260603-110742_4844be1369c548d7bedbf8a4694ba772\logs\ExtractSeed08-19284.stdout.log; stdoutBytes=0; stdoutTruncated=False; stdoutDroppedBytes=0; stderr=C:\Users\jimmy\Desktop\meta-bi\Samples\Demos\MetaOrchestrationHairballCliIntegration\Runs\hairball-seed-20260530\RunArtifacts\runs\20260603-110742_4844be1369c548d7bedbf8a4694ba772\logs\ExtractSeed08-19284.stderr.log; stderrBytes=0; stderrTruncated=False; stderrDroppedBytes=0
2026-06-03T11:10:35.8553109+00:00	WorkerLogSummary	AuditHairball	stdout=C:\Users\jimmy\Desktop\meta-bi\Samples\Demos\MetaOrchestrationHairballCliIntegration\Runs\hairball-seed-20260530\RunArtifacts\runs\20260603-110742_4844be1369c548d7bedbf8a4694ba772\logs\AuditHairball-17140.stdout.log; stdoutBytes=0; stdoutTruncated=False; stdoutDroppedBytes=0; stderr=C:\Users\jimmy\Desktop\meta-bi\Samples\Demos\MetaOrchestrationHairballCliIntegration\Runs\hairball-seed-20260530\RunArtifacts\runs\20260603-110742_4844be1369c548d7bedbf8a4694ba772\logs\AuditHairball-17140.stderr.log; stderrBytes=0; stderrTruncated=False; stderrDroppedBytes=0
2026-06-03T11:10:35.8565054+00:00	WorkerLogSummary	BridgeL01L02	stdout=C:\Users\jimmy\Desktop\meta-bi\Samples\Demos\MetaOrchestrationHairballCliIntegration\Runs\hairball-seed-20260530\RunArtifacts\runs\20260603-110742_4844be1369c548d7bedbf8a4694ba772\logs\BridgeL01L02-27976.stdout.log; stdoutBytes=0; stdoutTruncated=False; stdoutDroppedBytes=0; stderr=C:\Users\jimmy\Desktop\meta-bi\Samples\Demos\MetaOrchestrationHairballCliIntegration\Runs\hairball-seed-20260530\RunArtifacts\runs\20260603-110742_4844be1369c548d7bedbf8a4694ba772\logs\BridgeL01L02-27976.stderr.log; stderrBytes=0; stderrTruncated=False; stderrDroppedBytes=0
2026-06-03T11:10:35.8581542+00:00	WorkerLogSummary	BridgeL03L04	stdout=C:\Users\jimmy\Desktop\meta-bi\Samples\Demos\MetaOrchestrationHairballCliIntegration\Runs\hairball-seed-20260530\RunArtifacts\runs\20260603-110742_4844be1369c548d7bedbf8a4694ba772\logs\BridgeL03L04-27864.stdout.log; stdoutBytes=0; stdoutTruncated=False; stdoutDroppedBytes=0; stderr=C:\Users\jimmy\Desktop\meta-bi\Samples\Demos\MetaOrchestrationHairballCliIntegration\Runs\hairball-seed-20260530\RunArtifacts\runs\20260603-110742_4844be1369c548d7bedbf8a4694ba772\logs\BridgeL03L04-27864.stderr.log; stderrBytes=0; stderrTruncated=False; stderrDroppedBytes=0
2026-06-03T11:10:35.8594779+00:00	WorkerLogSummary	BridgeL05L06	stdout=C:\Users\jimmy\Desktop\meta-bi\Samples\Demos\MetaOrchestrationHairballCliIntegration\Runs\hairball-seed-20260530\RunArtifacts\runs\20260603-110742_4844be1369c548d7bedbf8a4694ba772\logs\BridgeL05L06-6612.stdout.log; stdoutBytes=0; stdoutTruncated=False; stdoutDroppedBytes=0; stderr=C:\Users\jimmy\Desktop\meta-bi\Samples\Demos\MetaOrchestrationHairballCliIntegration\Runs\hairball-seed-20260530\RunArtifacts\runs\20260603-110742_4844be1369c548d7bedbf8a4694ba772\logs\BridgeL05L06-6612.stderr.log; stderrBytes=0; stderrTruncated=False; stderrDroppedBytes=0
2026-06-03T11:10:35.8609945+00:00	WorkerLogSummary	BridgeL07L08	stdout=C:\Users\jimmy\Desktop\meta-bi\Samples\Demos\MetaOrchestrationHairballCliIntegration\Runs\hairball-seed-20260530\RunArtifacts\runs\20260603-110742_4844be1369c548d7bedbf8a4694ba772\logs\BridgeL07L08-15648.stdout.log; stdoutBytes=0; stdoutTruncated=False; stdoutDroppedBytes=0; stderr=C:\Users\jimmy\Desktop\meta-bi\Samples\Demos\MetaOrchestrationHairballCliIntegration\Runs\hairball-seed-20260530\RunArtifacts\runs\20260603-110742_4844be1369c548d7bedbf8a4694ba772\logs\BridgeL07L08-15648.stderr.log; stderrBytes=0; stderrTruncated=False; stderrDroppedBytes=0
2026-06-03T11:10:35.8622408+00:00	WorkerLogSummary	Layer01Node01	stdout=C:\Users\jimmy\Desktop\meta-bi\Samples\Demos\MetaOrchestrationHairballCliIntegration\Runs\hairball-seed-20260530\RunArtifacts\runs\20260603-110742_4844be1369c548d7bedbf8a4694ba772\logs\Layer01Node01-4012.stdout.log; stdoutBytes=0; stdoutTruncated=False; stdoutDroppedBytes=0; stderr=C:\Users\jimmy\Desktop\meta-bi\Samples\Demos\MetaOrchestrationHairballCliIntegration\Runs\hairball-seed-20260530\RunArtifacts\runs\20260603-110742_4844be1369c548d7bedbf8a4694ba772\logs\Layer01Node01-4012.stderr.log; stderrBytes=0; stderrTruncated=False; stderrDroppedBytes=0
2026-06-03T11:10:35.8635471+00:00	WorkerLogSummary	Layer01Node06	stdout=C:\Users\jimmy\Desktop\meta-bi\Samples\Demos\MetaOrchestrationHairballCliIntegration\Runs\hairball-seed-20260530\RunArtifacts\runs\20260603-110742_4844be1369c548d7bedbf8a4694ba772\logs\Layer01Node06-27740.stdout.log; stdoutBytes=0; stdoutTruncated=False; stdoutDroppedBytes=0; stderr=C:\Users\jimmy\Desktop\meta-bi\Samples\Demos\MetaOrchestrationHairballCliIntegration\Runs\hairball-seed-20260530\RunArtifacts\runs\20260603-110742_4844be1369c548d7bedbf8a4694ba772\logs\Layer01Node06-27740.stderr.log; stderrBytes=0; stderrTruncated=False; stderrDroppedBytes=0
2026-06-03T11:10:35.8648362+00:00	WorkerLogSummary	Layer01Node07	stdout=C:\Users\jimmy\Desktop\meta-bi\Samples\Demos\MetaOrchestrationHairballCliIntegration\Runs\hairball-seed-20260530\RunArtifacts\runs\20260603-110742_4844be1369c548d7bedbf8a4694ba772\logs\Layer01Node07-10948.stdout.log; stdoutBytes=0; stdoutTruncated=False; stdoutDroppedBytes=0; stderr=C:\Users\jimmy\Desktop\meta-bi\Samples\Demos\MetaOrchestrationHairballCliIntegration\Runs\hairball-seed-20260530\RunArtifacts\runs\20260603-110742_4844be1369c548d7bedbf8a4694ba772\logs\Layer01Node07-10948.stderr.log; stderrBytes=0; stderrTruncated=False; stderrDroppedBytes=0
2026-06-03T11:10:35.8659070+00:00	WorkerLogSummary	Layer03Node09	stdout=C:\Users\jimmy\Desktop\meta-bi\Samples\Demos\MetaOrchestrationHairballCliIntegration\Runs\hairball-seed-20260530\RunArtifacts\runs\20260603-110742_4844be1369c548d7bedbf8a4694ba772\logs\Layer03Node09-27508.stdout.log; stdoutBytes=0; stdoutTruncated=False; stdoutDroppedBytes=0; stderr=C:\Users\jimmy\Desktop\meta-bi\Samples\Demos\MetaOrchestrationHairballCliIntegration\Runs\hairball-seed-20260530\RunArtifacts\runs\20260603-110742_4844be1369c548d7bedbf8a4694ba772\logs\Layer03Node09-27508.stderr.log; stderrBytes=0; stderrTruncated=False; stderrDroppedBytes=0
2026-06-03T11:10:35.8671349+00:00	WorkerLogSummary	Layer02Node03	stdout=C:\Users\jimmy\Desktop\meta-bi\Samples\Demos\MetaOrchestrationHairballCliIntegration\Runs\hairball-seed-20260530\RunArtifacts\runs\20260603-110742_4844be1369c548d7bedbf8a4694ba772\logs\Layer02Node03-19476.stdout.log; stdoutBytes=0; stdoutTruncated=False; stdoutDroppedBytes=0; stderr=C:\Users\jimmy\Desktop\meta-bi\Samples\Demos\MetaOrchestrationHairballCliIntegration\Runs\hairball-seed-20260530\RunArtifacts\runs\20260603-110742_4844be1369c548d7bedbf8a4694ba772\logs\Layer02Node03-19476.stderr.log; stderrBytes=0; stderrTruncated=False; stderrDroppedBytes=0
2026-06-03T11:10:35.8680347+00:00	WorkerLogSummary	AuditHairball	stdout=C:\Users\jimmy\Desktop\meta-bi\Samples\Demos\MetaOrchestrationHairballCliIntegration\Runs\hairball-seed-20260530\RunArtifacts\runs\20260603-110742_4844be1369c548d7bedbf8a4694ba772\logs\AuditHairball-11012.stdout.log; stdoutBytes=0; stdoutTruncated=False; stdoutDroppedBytes=0; stderr=C:\Users\jimmy\Desktop\meta-bi\Samples\Demos\MetaOrchestrationHairballCliIntegration\Runs\hairball-seed-20260530\RunArtifacts\runs\20260603-110742_4844be1369c548d7bedbf8a4694ba772\logs\AuditHairball-11012.stderr.log; stderrBytes=0; stderrTruncated=False; stderrDroppedBytes=0
2026-06-03T11:10:35.8689254+00:00	WorkerLogSummary	Layer01Node02	stdout=C:\Users\jimmy\Desktop\meta-bi\Samples\Demos\MetaOrchestrationHairballCliIntegration\Runs\hairball-seed-20260530\RunArtifacts\runs\20260603-110742_4844be1369c548d7bedbf8a4694ba772\logs\Layer01Node02-25304.stdout.log; stdoutBytes=0; stdoutTruncated=False; stdoutDroppedBytes=0; stderr=C:\Users\jimmy\Desktop\meta-bi\Samples\Demos\MetaOrchestrationHairballCliIntegration\Runs\hairball-seed-20260530\RunArtifacts\runs\20260603-110742_4844be1369c548d7bedbf8a4694ba772\logs\Layer01Node02-25304.stderr.log; stderrBytes=0; stderrTruncated=False; stderrDroppedBytes=0
2026-06-03T11:10:35.8698308+00:00	WorkerLogSummary	Layer01Node04	stdout=C:\Users\jimmy\Desktop\meta-bi\Samples\Demos\MetaOrchestrationHairballCliIntegration\Runs\hairball-seed-20260530\RunArtifacts\runs\20260603-110742_4844be1369c548d7bedbf8a4694ba772\logs\Layer01Node04-19584.stdout.log; stdoutBytes=0; stdoutTruncated=False; stdoutDroppedBytes=0; stderr=C:\Users\jimmy\Desktop\meta-bi\Samples\Demos\MetaOrchestrationHairballCliIntegration\Runs\hairball-seed-20260530\RunArtifacts\runs\20260603-110742_4844be1369c548d7bedbf8a4694ba772\logs\Layer01Node04-19584.stderr.log; stderrBytes=0; stderrTruncated=False; stderrDroppedBytes=0
2026-06-03T11:10:35.8710984+00:00	WorkerLogSummary	Layer01Node03	stdout=C:\Users\jimmy\Desktop\meta-bi\Samples\Demos\MetaOrchestrationHairballCliIntegration\Runs\hairball-seed-20260530\RunArtifacts\runs\20260603-110742_4844be1369c548d7bedbf8a4694ba772\logs\Layer01Node03-16508.stdout.log; stdoutBytes=0; stdoutTruncated=False; stdoutDroppedBytes=0; stderr=C:\Users\jimmy\Desktop\meta-bi\Samples\Demos\MetaOrchestrationHairballCliIntegration\Runs\hairball-seed-20260530\RunArtifacts\runs\20260603-110742_4844be1369c548d7bedbf8a4694ba772\logs\Layer01Node03-16508.stderr.log; stderrBytes=0; stderrTruncated=False; stderrDroppedBytes=0
2026-06-03T11:10:35.8724744+00:00	WorkerLogSummary	Layer01Node05	stdout=C:\Users\jimmy\Desktop\meta-bi\Samples\Demos\MetaOrchestrationHairballCliIntegration\Runs\hairball-seed-20260530\RunArtifacts\runs\20260603-110742_4844be1369c548d7bedbf8a4694ba772\logs\Layer01Node05-12732.stdout.log; stdoutBytes=0; stdoutTruncated=False; stdoutDroppedBytes=0; stderr=C:\Users\jimmy\Desktop\meta-bi\Samples\Demos\MetaOrchestrationHairballCliIntegration\Runs\hairball-seed-20260530\RunArtifacts\runs\20260603-110742_4844be1369c548d7bedbf8a4694ba772\logs\Layer01Node05-12732.stderr.log; stderrBytes=0; stderrTruncated=False; stderrDroppedBytes=0
2026-06-03T11:10:35.8737012+00:00	WorkerLogSummary	Layer01Node08	stdout=C:\Users\jimmy\Desktop\meta-bi\Samples\Demos\MetaOrchestrationHairballCliIntegration\Runs\hairball-seed-20260530\RunArtifacts\runs\20260603-110742_4844be1369c548d7bedbf8a4694ba772\logs\Layer01Node08-28436.stdout.log; stdoutBytes=0; stdoutTruncated=False; stdoutDroppedBytes=0; stderr=C:\Users\jimmy\Desktop\meta-bi\Samples\Demos\MetaOrchestrationHairballCliIntegration\Runs\hairball-seed-20260530\RunArtifacts\runs\20260603-110742_4844be1369c548d7bedbf8a4694ba772\logs\Layer01Node08-28436.stderr.log; stderrBytes=0; stderrTruncated=False; stderrDroppedBytes=0
2026-06-03T11:10:35.8748386+00:00	WorkerLogSummary	Layer01Hub	stdout=C:\Users\jimmy\Desktop\meta-bi\Samples\Demos\MetaOrchestrationHairballCliIntegration\Runs\hairball-seed-20260530\RunArtifacts\runs\20260603-110742_4844be1369c548d7bedbf8a4694ba772\logs\Layer01Hub-24252.stdout.log; stdoutBytes=0; stdoutTruncated=False; stdoutDroppedBytes=0; stderr=C:\Users\jimmy\Desktop\meta-bi\Samples\Demos\MetaOrchestrationHairballCliIntegration\Runs\hairball-seed-20260530\RunArtifacts\runs\20260603-110742_4844be1369c548d7bedbf8a4694ba772\logs\Layer01Hub-24252.stderr.log; stderrBytes=0; stderrTruncated=False; stderrDroppedBytes=0
2026-06-03T11:10:35.8760596+00:00	WorkerLogSummary	Layer01Node09	stdout=C:\Users\jimmy\Desktop\meta-bi\Samples\Demos\MetaOrchestrationHairballCliIntegration\Runs\hairball-seed-20260530\RunArtifacts\runs\20260603-110742_4844be1369c548d7bedbf8a4694ba772\logs\Layer01Node09-5148.stdout.log; stdoutBytes=0; stdoutTruncated=False; stdoutDroppedBytes=0; stderr=C:\Users\jimmy\Desktop\meta-bi\Samples\Demos\MetaOrchestrationHairballCliIntegration\Runs\hairball-seed-20260530\RunArtifacts\runs\20260603-110742_4844be1369c548d7bedbf8a4694ba772\logs\Layer01Node09-5148.stderr.log; stderrBytes=0; stderrTruncated=False; stderrDroppedBytes=0
2026-06-03T11:10:35.8772668+00:00	WorkerLogSummary	Layer02Node04	stdout=C:\Users\jimmy\Desktop\meta-bi\Samples\Demos\MetaOrchestrationHairballCliIntegration\Runs\hairball-seed-20260530\RunArtifacts\runs\20260603-110742_4844be1369c548d7bedbf8a4694ba772\logs\Layer02Node04-29832.stdout.log; stdoutBytes=0; stdoutTruncated=False; stdoutDroppedBytes=0; stderr=C:\Users\jimmy\Desktop\meta-bi\Samples\Demos\MetaOrchestrationHairballCliIntegration\Runs\hairball-seed-20260530\RunArtifacts\runs\20260603-110742_4844be1369c548d7bedbf8a4694ba772\logs\Layer02Node04-29832.stderr.log; stderrBytes=0; stderrTruncated=False; stderrDroppedBytes=0
2026-06-03T11:10:35.8789613+00:00	WorkerLogSummary	Layer01Hub	stdout=C:\Users\jimmy\Desktop\meta-bi\Samples\Demos\MetaOrchestrationHairballCliIntegration\Runs\hairball-seed-20260530\RunArtifacts\runs\20260603-110742_4844be1369c548d7bedbf8a4694ba772\logs\Layer01Hub-30128.stdout.log; stdoutBytes=0; stdoutTruncated=False; stdoutDroppedBytes=0; stderr=C:\Users\jimmy\Desktop\meta-bi\Samples\Demos\MetaOrchestrationHairballCliIntegration\Runs\hairball-seed-20260530\RunArtifacts\runs\20260603-110742_4844be1369c548d7bedbf8a4694ba772\logs\Layer01Hub-30128.stderr.log; stderrBytes=0; stderrTruncated=False; stderrDroppedBytes=0
2026-06-03T11:10:35.8800566+00:00	WorkerLogSummary	Layer02Node02	stdout=C:\Users\jimmy\Desktop\meta-bi\Samples\Demos\MetaOrchestrationHairballCliIntegration\Runs\hairball-seed-20260530\RunArtifacts\runs\20260603-110742_4844be1369c548d7bedbf8a4694ba772\logs\Layer02Node02-5692.stdout.log; stdoutBytes=0; stdoutTruncated=False; stdoutDroppedBytes=0; stderr=C:\Users\jimmy\Desktop\meta-bi\Samples\Demos\MetaOrchestrationHairballCliIntegration\Runs\hairball-seed-20260530\RunArtifacts\runs\20260603-110742_4844be1369c548d7bedbf8a4694ba772\logs\Layer02Node02-5692.stderr.log; stderrBytes=0; stderrTruncated=False; stderrDroppedBytes=0
2026-06-03T11:10:35.8810875+00:00	WorkerLogSummary	Layer02Node01	stdout=C:\Users\jimmy\Desktop\meta-bi\Samples\Demos\MetaOrchestrationHairballCliIntegration\Runs\hairball-seed-20260530\RunArtifacts\runs\20260603-110742_4844be1369c548d7bedbf8a4694ba772\logs\Layer02Node01-15704.stdout.log; stdoutBytes=0; stdoutTruncated=False; stdoutDroppedBytes=0; stderr=C:\Users\jimmy\Desktop\meta-bi\Samples\Demos\MetaOrchestrationHairballCliIntegration\Runs\hairball-seed-20260530\RunArtifacts\runs\20260603-110742_4844be1369c548d7bedbf8a4694ba772\logs\Layer02Node01-15704.stderr.log; stderrBytes=0; stderrTruncated=False; stderrDroppedBytes=0
2026-06-03T11:10:35.8822081+00:00	WorkerLogSummary	Layer02Node05	stdout=C:\Users\jimmy\Desktop\meta-bi\Samples\Demos\MetaOrchestrationHairballCliIntegration\Runs\hairball-seed-20260530\RunArtifacts\runs\20260603-110742_4844be1369c548d7bedbf8a4694ba772\logs\Layer02Node05-27000.stdout.log; stdoutBytes=0; stdoutTruncated=False; stdoutDroppedBytes=0; stderr=C:\Users\jimmy\Desktop\meta-bi\Samples\Demos\MetaOrchestrationHairballCliIntegration\Runs\hairball-seed-20260530\RunArtifacts\runs\20260603-110742_4844be1369c548d7bedbf8a4694ba772\logs\Layer02Node05-27000.stderr.log; stderrBytes=0; stderrTruncated=False; stderrDroppedBytes=0
2026-06-03T11:10:35.8834654+00:00	WorkerLogSummary	Layer02Node06	stdout=C:\Users\jimmy\Desktop\meta-bi\Samples\Demos\MetaOrchestrationHairballCliIntegration\Runs\hairball-seed-20260530\RunArtifacts\runs\20260603-110742_4844be1369c548d7bedbf8a4694ba772\logs\Layer02Node06-3560.stdout.log; stdoutBytes=0; stdoutTruncated=False; stdoutDroppedBytes=0; stderr=C:\Users\jimmy\Desktop\meta-bi\Samples\Demos\MetaOrchestrationHairballCliIntegration\Runs\hairball-seed-20260530\RunArtifacts\runs\20260603-110742_4844be1369c548d7bedbf8a4694ba772\logs\Layer02Node06-3560.stderr.log; stderrBytes=0; stderrTruncated=False; stderrDroppedBytes=0
2026-06-03T11:10:35.8846119+00:00	WorkerLogSummary	Layer02Node07	stdout=C:\Users\jimmy\Desktop\meta-bi\Samples\Demos\MetaOrchestrationHairballCliIntegration\Runs\hairball-seed-20260530\RunArtifacts\runs\20260603-110742_4844be1369c548d7bedbf8a4694ba772\logs\Layer02Node07-4932.stdout.log; stdoutBytes=0; stdoutTruncated=False; stdoutDroppedBytes=0; stderr=C:\Users\jimmy\Desktop\meta-bi\Samples\Demos\MetaOrchestrationHairballCliIntegration\Runs\hairball-seed-20260530\RunArtifacts\runs\20260603-110742_4844be1369c548d7bedbf8a4694ba772\logs\Layer02Node07-4932.stderr.log; stderrBytes=0; stderrTruncated=False; stderrDroppedBytes=0
2026-06-03T11:10:35.8858933+00:00	WorkerLogSummary	Layer02Node08	stdout=C:\Users\jimmy\Desktop\meta-bi\Samples\Demos\MetaOrchestrationHairballCliIntegration\Runs\hairball-seed-20260530\RunArtifacts\runs\20260603-110742_4844be1369c548d7bedbf8a4694ba772\logs\Layer02Node08-23096.stdout.log; stdoutBytes=0; stdoutTruncated=False; stdoutDroppedBytes=0; stderr=C:\Users\jimmy\Desktop\meta-bi\Samples\Demos\MetaOrchestrationHairballCliIntegration\Runs\hairball-seed-20260530\RunArtifacts\runs\20260603-110742_4844be1369c548d7bedbf8a4694ba772\logs\Layer02Node08-23096.stderr.log; stderrBytes=0; stderrTruncated=False; stderrDroppedBytes=0
2026-06-03T11:10:35.8872232+00:00	WorkerLogSummary	Layer03Node02	stdout=C:\Users\jimmy\Desktop\meta-bi\Samples\Demos\MetaOrchestrationHairballCliIntegration\Runs\hairball-seed-20260530\RunArtifacts\runs\20260603-110742_4844be1369c548d7bedbf8a4694ba772\logs\Layer03Node02-29928.stdout.log; stdoutBytes=0; stdoutTruncated=False; stdoutDroppedBytes=0; stderr=C:\Users\jimmy\Desktop\meta-bi\Samples\Demos\MetaOrchestrationHairballCliIntegration\Runs\hairball-seed-20260530\RunArtifacts\runs\20260603-110742_4844be1369c548d7bedbf8a4694ba772\logs\Layer03Node02-29928.stderr.log; stderrBytes=0; stderrTruncated=False; stderrDroppedBytes=0
2026-06-03T11:10:35.8886375+00:00	WorkerLogSummary	Layer02Hub	stdout=C:\Users\jimmy\Desktop\meta-bi\Samples\Demos\MetaOrchestrationHairballCliIntegration\Runs\hairball-seed-20260530\RunArtifacts\runs\20260603-110742_4844be1369c548d7bedbf8a4694ba772\logs\Layer02Hub-29408.stdout.log; stdoutBytes=0; stdoutTruncated=False; stdoutDroppedBytes=0; stderr=C:\Users\jimmy\Desktop\meta-bi\Samples\Demos\MetaOrchestrationHairballCliIntegration\Runs\hairball-seed-20260530\RunArtifacts\runs\20260603-110742_4844be1369c548d7bedbf8a4694ba772\logs\Layer02Hub-29408.stderr.log; stderrBytes=0; stderrTruncated=False; stderrDroppedBytes=0
2026-06-03T11:10:35.8896067+00:00	WorkerLogSummary	Layer03Node03	stdout=C:\Users\jimmy\Desktop\meta-bi\Samples\Demos\MetaOrchestrationHairballCliIntegration\Runs\hairball-seed-20260530\RunArtifacts\runs\20260603-110742_4844be1369c548d7bedbf8a4694ba772\logs\Layer03Node03-29904.stdout.log; stdoutBytes=0; stdoutTruncated=False; stdoutDroppedBytes=0; stderr=C:\Users\jimmy\Desktop\meta-bi\Samples\Demos\MetaOrchestrationHairballCliIntegration\Runs\hairball-seed-20260530\RunArtifacts\runs\20260603-110742_4844be1369c548d7bedbf8a4694ba772\logs\Layer03Node03-29904.stderr.log; stderrBytes=0; stderrTruncated=False; stderrDroppedBytes=0
2026-06-03T11:10:35.8905773+00:00	WorkerLogSummary	BridgeL01L02	stdout=C:\Users\jimmy\Desktop\meta-bi\Samples\Demos\MetaOrchestrationHairballCliIntegration\Runs\hairball-seed-20260530\RunArtifacts\runs\20260603-110742_4844be1369c548d7bedbf8a4694ba772\logs\BridgeL01L02-16008.stdout.log; stdoutBytes=0; stdoutTruncated=False; stdoutDroppedBytes=0; stderr=C:\Users\jimmy\Desktop\meta-bi\Samples\Demos\MetaOrchestrationHairballCliIntegration\Runs\hairball-seed-20260530\RunArtifacts\runs\20260603-110742_4844be1369c548d7bedbf8a4694ba772\logs\BridgeL01L02-16008.stderr.log; stderrBytes=0; stderrTruncated=False; stderrDroppedBytes=0
2026-06-03T11:10:35.8916443+00:00	WorkerLogSummary	Layer03Node01	stdout=C:\Users\jimmy\Desktop\meta-bi\Samples\Demos\MetaOrchestrationHairballCliIntegration\Runs\hairball-seed-20260530\RunArtifacts\runs\20260603-110742_4844be1369c548d7bedbf8a4694ba772\logs\Layer03Node01-17180.stdout.log; stdoutBytes=0; stdoutTruncated=False; stdoutDroppedBytes=0; stderr=C:\Users\jimmy\Desktop\meta-bi\Samples\Demos\MetaOrchestrationHairballCliIntegration\Runs\hairball-seed-20260530\RunArtifacts\runs\20260603-110742_4844be1369c548d7bedbf8a4694ba772\logs\Layer03Node01-17180.stderr.log; stderrBytes=0; stderrTruncated=False; stderrDroppedBytes=0
2026-06-03T11:10:35.8928430+00:00	WorkerLogSummary	Layer03Node06	stdout=C:\Users\jimmy\Desktop\meta-bi\Samples\Demos\MetaOrchestrationHairballCliIntegration\Runs\hairball-seed-20260530\RunArtifacts\runs\20260603-110742_4844be1369c548d7bedbf8a4694ba772\logs\Layer03Node06-14612.stdout.log; stdoutBytes=0; stdoutTruncated=False; stdoutDroppedBytes=0; stderr=C:\Users\jimmy\Desktop\meta-bi\Samples\Demos\MetaOrchestrationHairballCliIntegration\Runs\hairball-seed-20260530\RunArtifacts\runs\20260603-110742_4844be1369c548d7bedbf8a4694ba772\logs\Layer03Node06-14612.stderr.log; stderrBytes=0; stderrTruncated=False; stderrDroppedBytes=0
2026-06-03T11:10:35.8939944+00:00	WorkerLogSummary	Layer03Node04	stdout=C:\Users\jimmy\Desktop\meta-bi\Samples\Demos\MetaOrchestrationHairballCliIntegration\Runs\hairball-seed-20260530\RunArtifacts\runs\20260603-110742_4844be1369c548d7bedbf8a4694ba772\logs\Layer03Node04-20272.stdout.log; stdoutBytes=0; stdoutTruncated=False; stdoutDroppedBytes=0; stderr=C:\Users\jimmy\Desktop\meta-bi\Samples\Demos\MetaOrchestrationHairballCliIntegration\Runs\hairball-seed-20260530\RunArtifacts\runs\20260603-110742_4844be1369c548d7bedbf8a4694ba772\logs\Layer03Node04-20272.stderr.log; stderrBytes=0; stderrTruncated=False; stderrDroppedBytes=0
2026-06-03T11:10:35.8951033+00:00	WorkerLogSummary	Layer03Node05	stdout=C:\Users\jimmy\Desktop\meta-bi\Samples\Demos\MetaOrchestrationHairballCliIntegration\Runs\hairball-seed-20260530\RunArtifacts\runs\20260603-110742_4844be1369c548d7bedbf8a4694ba772\logs\Layer03Node05-17468.stdout.log; stdoutBytes=0; stdoutTruncated=False; stdoutDroppedBytes=0; stderr=C:\Users\jimmy\Desktop\meta-bi\Samples\Demos\MetaOrchestrationHairballCliIntegration\Runs\hairball-seed-20260530\RunArtifacts\runs\20260603-110742_4844be1369c548d7bedbf8a4694ba772\logs\Layer03Node05-17468.stderr.log; stderrBytes=0; stderrTruncated=False; stderrDroppedBytes=0
2026-06-03T11:10:35.8964976+00:00	WorkerLogSummary	Layer03Node07	stdout=C:\Users\jimmy\Desktop\meta-bi\Samples\Demos\MetaOrchestrationHairballCliIntegration\Runs\hairball-seed-20260530\RunArtifacts\runs\20260603-110742_4844be1369c548d7bedbf8a4694ba772\logs\Layer03Node07-5288.stdout.log; stdoutBytes=0; stdoutTruncated=False; stdoutDroppedBytes=0; stderr=C:\Users\jimmy\Desktop\meta-bi\Samples\Demos\MetaOrchestrationHairballCliIntegration\Runs\hairball-seed-20260530\RunArtifacts\runs\20260603-110742_4844be1369c548d7bedbf8a4694ba772\logs\Layer03Node07-5288.stderr.log; stderrBytes=0; stderrTruncated=False; stderrDroppedBytes=0
2026-06-03T11:10:35.8978879+00:00	WorkerLogSummary	Layer03Node08	stdout=C:\Users\jimmy\Desktop\meta-bi\Samples\Demos\MetaOrchestrationHairballCliIntegration\Runs\hairball-seed-20260530\RunArtifacts\runs\20260603-110742_4844be1369c548d7bedbf8a4694ba772\logs\Layer03Node08-25876.stdout.log; stdoutBytes=0; stdoutTruncated=False; stdoutDroppedBytes=0; stderr=C:\Users\jimmy\Desktop\meta-bi\Samples\Demos\MetaOrchestrationHairballCliIntegration\Runs\hairball-seed-20260530\RunArtifacts\runs\20260603-110742_4844be1369c548d7bedbf8a4694ba772\logs\Layer03Node08-25876.stderr.log; stderrBytes=0; stderrTruncated=False; stderrDroppedBytes=0
2026-06-03T11:10:35.8988704+00:00	WorkerLogSummary	Layer03Hub	stdout=C:\Users\jimmy\Desktop\meta-bi\Samples\Demos\MetaOrchestrationHairballCliIntegration\Runs\hairball-seed-20260530\RunArtifacts\runs\20260603-110742_4844be1369c548d7bedbf8a4694ba772\logs\Layer03Hub-20228.stdout.log; stdoutBytes=0; stdoutTruncated=False; stdoutDroppedBytes=0; stderr=C:\Users\jimmy\Desktop\meta-bi\Samples\Demos\MetaOrchestrationHairballCliIntegration\Runs\hairball-seed-20260530\RunArtifacts\runs\20260603-110742_4844be1369c548d7bedbf8a4694ba772\logs\Layer03Hub-20228.stderr.log; stderrBytes=0; stderrTruncated=False; stderrDroppedBytes=0
2026-06-03T11:10:35.8997445+00:00	WorkerLogSummary	Layer03Node10	stdout=C:\Users\jimmy\Desktop\meta-bi\Samples\Demos\MetaOrchestrationHairballCliIntegration\Runs\hairball-seed-20260530\RunArtifacts\runs\20260603-110742_4844be1369c548d7bedbf8a4694ba772\logs\Layer03Node10-11476.stdout.log; stdoutBytes=0; stdoutTruncated=False; stdoutDroppedBytes=0; stderr=C:\Users\jimmy\Desktop\meta-bi\Samples\Demos\MetaOrchestrationHairballCliIntegration\Runs\hairball-seed-20260530\RunArtifacts\runs\20260603-110742_4844be1369c548d7bedbf8a4694ba772\logs\Layer03Node10-11476.stderr.log; stderrBytes=0; stderrTruncated=False; stderrDroppedBytes=0
2026-06-03T11:10:35.9006530+00:00	WorkerLogSummary	Layer04Node01	stdout=C:\Users\jimmy\Desktop\meta-bi\Samples\Demos\MetaOrchestrationHairballCliIntegration\Runs\hairball-seed-20260530\RunArtifacts\runs\20260603-110742_4844be1369c548d7bedbf8a4694ba772\logs\Layer04Node01-22168.stdout.log; stdoutBytes=0; stdoutTruncated=False; stdoutDroppedBytes=0; stderr=C:\Users\jimmy\Desktop\meta-bi\Samples\Demos\MetaOrchestrationHairballCliIntegration\Runs\hairball-seed-20260530\RunArtifacts\runs\20260603-110742_4844be1369c548d7bedbf8a4694ba772\logs\Layer04Node01-22168.stderr.log; stderrBytes=0; stderrTruncated=False; stderrDroppedBytes=0
2026-06-03T11:10:35.9014478+00:00	WorkerLogSummary	Layer04Node02	stdout=C:\Users\jimmy\Desktop\meta-bi\Samples\Demos\MetaOrchestrationHairballCliIntegration\Runs\hairball-seed-20260530\RunArtifacts\runs\20260603-110742_4844be1369c548d7bedbf8a4694ba772\logs\Layer04Node02-16980.stdout.log; stdoutBytes=0; stdoutTruncated=False; stdoutDroppedBytes=0; stderr=C:\Users\jimmy\Desktop\meta-bi\Samples\Demos\MetaOrchestrationHairballCliIntegration\Runs\hairball-seed-20260530\RunArtifacts\runs\20260603-110742_4844be1369c548d7bedbf8a4694ba772\logs\Layer04Node02-16980.stderr.log; stderrBytes=0; stderrTruncated=False; stderrDroppedBytes=0
2026-06-03T11:10:35.9021873+00:00	WorkerLogSummary	Layer04Node03	stdout=C:\Users\jimmy\Desktop\meta-bi\Samples\Demos\MetaOrchestrationHairballCliIntegration\Runs\hairball-seed-20260530\RunArtifacts\runs\20260603-110742_4844be1369c548d7bedbf8a4694ba772\logs\Layer04Node03-15892.stdout.log; stdoutBytes=0; stdoutTruncated=False; stdoutDroppedBytes=0; stderr=C:\Users\jimmy\Desktop\meta-bi\Samples\Demos\MetaOrchestrationHairballCliIntegration\Runs\hairball-seed-20260530\RunArtifacts\runs\20260603-110742_4844be1369c548d7bedbf8a4694ba772\logs\Layer04Node03-15892.stderr.log; stderrBytes=0; stderrTruncated=False; stderrDroppedBytes=0
2026-06-03T11:10:35.9029511+00:00	WorkerLogSummary	Layer04Node04	stdout=C:\Users\jimmy\Desktop\meta-bi\Samples\Demos\MetaOrchestrationHairballCliIntegration\Runs\hairball-seed-20260530\RunArtifacts\runs\20260603-110742_4844be1369c548d7bedbf8a4694ba772\logs\Layer04Node04-8392.stdout.log; stdoutBytes=0; stdoutTruncated=False; stdoutDroppedBytes=0; stderr=C:\Users\jimmy\Desktop\meta-bi\Samples\Demos\MetaOrchestrationHairballCliIntegration\Runs\hairball-seed-20260530\RunArtifacts\runs\20260603-110742_4844be1369c548d7bedbf8a4694ba772\logs\Layer04Node04-8392.stderr.log; stderrBytes=0; stderrTruncated=False; stderrDroppedBytes=0
2026-06-03T11:10:35.9037583+00:00	WorkerLogSummary	Layer04Node05	stdout=C:\Users\jimmy\Desktop\meta-bi\Samples\Demos\MetaOrchestrationHairballCliIntegration\Runs\hairball-seed-20260530\RunArtifacts\runs\20260603-110742_4844be1369c548d7bedbf8a4694ba772\logs\Layer04Node05-20324.stdout.log; stdoutBytes=0; stdoutTruncated=False; stdoutDroppedBytes=0; stderr=C:\Users\jimmy\Desktop\meta-bi\Samples\Demos\MetaOrchestrationHairballCliIntegration\Runs\hairball-seed-20260530\RunArtifacts\runs\20260603-110742_4844be1369c548d7bedbf8a4694ba772\logs\Layer04Node05-20324.stderr.log; stderrBytes=0; stderrTruncated=False; stderrDroppedBytes=0
2026-06-03T11:10:35.9046034+00:00	WorkerLogSummary	Layer04Node06	stdout=C:\Users\jimmy\Desktop\meta-bi\Samples\Demos\MetaOrchestrationHairballCliIntegration\Runs\hairball-seed-20260530\RunArtifacts\runs\20260603-110742_4844be1369c548d7bedbf8a4694ba772\logs\Layer04Node06-22072.stdout.log; stdoutBytes=0; stdoutTruncated=False; stdoutDroppedBytes=0; stderr=C:\Users\jimmy\Desktop\meta-bi\Samples\Demos\MetaOrchestrationHairballCliIntegration\Runs\hairball-seed-20260530\RunArtifacts\runs\20260603-110742_4844be1369c548d7bedbf8a4694ba772\logs\Layer04Node06-22072.stderr.log; stderrBytes=0; stderrTruncated=False; stderrDroppedBytes=0
2026-06-03T11:10:35.9054046+00:00	WorkerLogSummary	Layer04Node07	stdout=C:\Users\jimmy\Desktop\meta-bi\Samples\Demos\MetaOrchestrationHairballCliIntegration\Runs\hairball-seed-20260530\RunArtifacts\runs\20260603-110742_4844be1369c548d7bedbf8a4694ba772\logs\Layer04Node07-19232.stdout.log; stdoutBytes=0; stdoutTruncated=False; stdoutDroppedBytes=0; stderr=C:\Users\jimmy\Desktop\meta-bi\Samples\Demos\MetaOrchestrationHairballCliIntegration\Runs\hairball-seed-20260530\RunArtifacts\runs\20260603-110742_4844be1369c548d7bedbf8a4694ba772\logs\Layer04Node07-19232.stderr.log; stderrBytes=0; stderrTruncated=False; stderrDroppedBytes=0
2026-06-03T11:10:35.9060890+00:00	WorkerLogSummary	Layer04Node08	stdout=C:\Users\jimmy\Desktop\meta-bi\Samples\Demos\MetaOrchestrationHairballCliIntegration\Runs\hairball-seed-20260530\RunArtifacts\runs\20260603-110742_4844be1369c548d7bedbf8a4694ba772\logs\Layer04Node08-31696.stdout.log; stdoutBytes=0; stdoutTruncated=False; stdoutDroppedBytes=0; stderr=C:\Users\jimmy\Desktop\meta-bi\Samples\Demos\MetaOrchestrationHairballCliIntegration\Runs\hairball-seed-20260530\RunArtifacts\runs\20260603-110742_4844be1369c548d7bedbf8a4694ba772\logs\Layer04Node08-31696.stderr.log; stderrBytes=0; stderrTruncated=False; stderrDroppedBytes=0
2026-06-03T11:10:35.9067451+00:00	WorkerLogSummary	Layer04Node09	stdout=C:\Users\jimmy\Desktop\meta-bi\Samples\Demos\MetaOrchestrationHairballCliIntegration\Runs\hairball-seed-20260530\RunArtifacts\runs\20260603-110742_4844be1369c548d7bedbf8a4694ba772\logs\Layer04Node09-30192.stdout.log; stdoutBytes=0; stdoutTruncated=False; stdoutDroppedBytes=0; stderr=C:\Users\jimmy\Desktop\meta-bi\Samples\Demos\MetaOrchestrationHairballCliIntegration\Runs\hairball-seed-20260530\RunArtifacts\runs\20260603-110742_4844be1369c548d7bedbf8a4694ba772\logs\Layer04Node09-30192.stderr.log; stderrBytes=0; stderrTruncated=False; stderrDroppedBytes=0
2026-06-03T11:10:35.9076658+00:00	WorkerLogSummary	Layer05Node02	stdout=C:\Users\jimmy\Desktop\meta-bi\Samples\Demos\MetaOrchestrationHairballCliIntegration\Runs\hairball-seed-20260530\RunArtifacts\runs\20260603-110742_4844be1369c548d7bedbf8a4694ba772\logs\Layer05Node02-24628.stdout.log; stdoutBytes=0; stdoutTruncated=False; stdoutDroppedBytes=0; stderr=C:\Users\jimmy\Desktop\meta-bi\Samples\Demos\MetaOrchestrationHairballCliIntegration\Runs\hairball-seed-20260530\RunArtifacts\runs\20260603-110742_4844be1369c548d7bedbf8a4694ba772\logs\Layer05Node02-24628.stderr.log; stderrBytes=0; stderrTruncated=False; stderrDroppedBytes=0
2026-06-03T11:10:35.9083834+00:00	WorkerLogSummary	Layer04Hub	stdout=C:\Users\jimmy\Desktop\meta-bi\Samples\Demos\MetaOrchestrationHairballCliIntegration\Runs\hairball-seed-20260530\RunArtifacts\runs\20260603-110742_4844be1369c548d7bedbf8a4694ba772\logs\Layer04Hub-26572.stdout.log; stdoutBytes=0; stdoutTruncated=False; stdoutDroppedBytes=0; stderr=C:\Users\jimmy\Desktop\meta-bi\Samples\Demos\MetaOrchestrationHairballCliIntegration\Runs\hairball-seed-20260530\RunArtifacts\runs\20260603-110742_4844be1369c548d7bedbf8a4694ba772\logs\Layer04Hub-26572.stderr.log; stderrBytes=0; stderrTruncated=False; stderrDroppedBytes=0
2026-06-03T11:10:35.9094115+00:00	WorkerLogSummary	Layer05Node03	stdout=C:\Users\jimmy\Desktop\meta-bi\Samples\Demos\MetaOrchestrationHairballCliIntegration\Runs\hairball-seed-20260530\RunArtifacts\runs\20260603-110742_4844be1369c548d7bedbf8a4694ba772\logs\Layer05Node03-25356.stdout.log; stdoutBytes=0; stdoutTruncated=False; stdoutDroppedBytes=0; stderr=C:\Users\jimmy\Desktop\meta-bi\Samples\Demos\MetaOrchestrationHairballCliIntegration\Runs\hairball-seed-20260530\RunArtifacts\runs\20260603-110742_4844be1369c548d7bedbf8a4694ba772\logs\Layer05Node03-25356.stderr.log; stderrBytes=0; stderrTruncated=False; stderrDroppedBytes=0
2026-06-03T11:10:35.9100898+00:00	WorkerLogSummary	BridgeL03L04	stdout=C:\Users\jimmy\Desktop\meta-bi\Samples\Demos\MetaOrchestrationHairballCliIntegration\Runs\hairball-seed-20260530\RunArtifacts\runs\20260603-110742_4844be1369c548d7bedbf8a4694ba772\logs\BridgeL03L04-29468.stdout.log; stdoutBytes=0; stdoutTruncated=False; stdoutDroppedBytes=0; stderr=C:\Users\jimmy\Desktop\meta-bi\Samples\Demos\MetaOrchestrationHairballCliIntegration\Runs\hairball-seed-20260530\RunArtifacts\runs\20260603-110742_4844be1369c548d7bedbf8a4694ba772\logs\BridgeL03L04-29468.stderr.log; stderrBytes=0; stderrTruncated=False; stderrDroppedBytes=0
2026-06-03T11:10:35.9114882+00:00	WorkerLogSummary	Layer05Node04	stdout=C:\Users\jimmy\Desktop\meta-bi\Samples\Demos\MetaOrchestrationHairballCliIntegration\Runs\hairball-seed-20260530\RunArtifacts\runs\20260603-110742_4844be1369c548d7bedbf8a4694ba772\logs\Layer05Node04-30544.stdout.log; stdoutBytes=0; stdoutTruncated=False; stdoutDroppedBytes=0; stderr=C:\Users\jimmy\Desktop\meta-bi\Samples\Demos\MetaOrchestrationHairballCliIntegration\Runs\hairball-seed-20260530\RunArtifacts\runs\20260603-110742_4844be1369c548d7bedbf8a4694ba772\logs\Layer05Node04-30544.stderr.log; stderrBytes=0; stderrTruncated=False; stderrDroppedBytes=0
2026-06-03T11:10:35.9127841+00:00	WorkerLogSummary	Layer05Node05	stdout=C:\Users\jimmy\Desktop\meta-bi\Samples\Demos\MetaOrchestrationHairballCliIntegration\Runs\hairball-seed-20260530\RunArtifacts\runs\20260603-110742_4844be1369c548d7bedbf8a4694ba772\logs\Layer05Node05-26084.stdout.log; stdoutBytes=0; stdoutTruncated=False; stdoutDroppedBytes=0; stderr=C:\Users\jimmy\Desktop\meta-bi\Samples\Demos\MetaOrchestrationHairballCliIntegration\Runs\hairball-seed-20260530\RunArtifacts\runs\20260603-110742_4844be1369c548d7bedbf8a4694ba772\logs\Layer05Node05-26084.stderr.log; stderrBytes=0; stderrTruncated=False; stderrDroppedBytes=0
2026-06-03T11:10:35.9142565+00:00	WorkerLogSummary	Layer05Node01	stdout=C:\Users\jimmy\Desktop\meta-bi\Samples\Demos\MetaOrchestrationHairballCliIntegration\Runs\hairball-seed-20260530\RunArtifacts\runs\20260603-110742_4844be1369c548d7bedbf8a4694ba772\logs\Layer05Node01-28256.stdout.log; stdoutBytes=0; stdoutTruncated=False; stdoutDroppedBytes=0; stderr=C:\Users\jimmy\Desktop\meta-bi\Samples\Demos\MetaOrchestrationHairballCliIntegration\Runs\hairball-seed-20260530\RunArtifacts\runs\20260603-110742_4844be1369c548d7bedbf8a4694ba772\logs\Layer05Node01-28256.stderr.log; stderrBytes=0; stderrTruncated=False; stderrDroppedBytes=0
2026-06-03T11:10:35.9156624+00:00	WorkerLogSummary	Layer05Node07	stdout=C:\Users\jimmy\Desktop\meta-bi\Samples\Demos\MetaOrchestrationHairballCliIntegration\Runs\hairball-seed-20260530\RunArtifacts\runs\20260603-110742_4844be1369c548d7bedbf8a4694ba772\logs\Layer05Node07-17428.stdout.log; stdoutBytes=0; stdoutTruncated=False; stdoutDroppedBytes=0; stderr=C:\Users\jimmy\Desktop\meta-bi\Samples\Demos\MetaOrchestrationHairballCliIntegration\Runs\hairball-seed-20260530\RunArtifacts\runs\20260603-110742_4844be1369c548d7bedbf8a4694ba772\logs\Layer05Node07-17428.stderr.log; stderrBytes=0; stderrTruncated=False; stderrDroppedBytes=0
2026-06-03T11:10:35.9169181+00:00	WorkerLogSummary	Layer05Node06	stdout=C:\Users\jimmy\Desktop\meta-bi\Samples\Demos\MetaOrchestrationHairballCliIntegration\Runs\hairball-seed-20260530\RunArtifacts\runs\20260603-110742_4844be1369c548d7bedbf8a4694ba772\logs\Layer05Node06-23000.stdout.log; stdoutBytes=0; stdoutTruncated=False; stdoutDroppedBytes=0; stderr=C:\Users\jimmy\Desktop\meta-bi\Samples\Demos\MetaOrchestrationHairballCliIntegration\Runs\hairball-seed-20260530\RunArtifacts\runs\20260603-110742_4844be1369c548d7bedbf8a4694ba772\logs\Layer05Node06-23000.stderr.log; stderrBytes=0; stderrTruncated=False; stderrDroppedBytes=0
2026-06-03T11:10:35.9181807+00:00	WorkerLogSummary	BridgeL07L08	stdout=C:\Users\jimmy\Desktop\meta-bi\Samples\Demos\MetaOrchestrationHairballCliIntegration\Runs\hairball-seed-20260530\RunArtifacts\runs\20260603-110742_4844be1369c548d7bedbf8a4694ba772\logs\BridgeL07L08-22816.stdout.log; stdoutBytes=0; stdoutTruncated=False; stdoutDroppedBytes=0; stderr=C:\Users\jimmy\Desktop\meta-bi\Samples\Demos\MetaOrchestrationHairballCliIntegration\Runs\hairball-seed-20260530\RunArtifacts\runs\20260603-110742_4844be1369c548d7bedbf8a4694ba772\logs\BridgeL07L08-22816.stderr.log; stderrBytes=0; stderrTruncated=False; stderrDroppedBytes=0
2026-06-03T11:10:35.9193371+00:00	WorkerLogSummary	Layer05Node08	stdout=C:\Users\jimmy\Desktop\meta-bi\Samples\Demos\MetaOrchestrationHairballCliIntegration\Runs\hairball-seed-20260530\RunArtifacts\runs\20260603-110742_4844be1369c548d7bedbf8a4694ba772\logs\Layer05Node08-21664.stdout.log; stdoutBytes=0; stdoutTruncated=False; stdoutDroppedBytes=0; stderr=C:\Users\jimmy\Desktop\meta-bi\Samples\Demos\MetaOrchestrationHairballCliIntegration\Runs\hairball-seed-20260530\RunArtifacts\runs\20260603-110742_4844be1369c548d7bedbf8a4694ba772\logs\Layer05Node08-21664.stderr.log; stderrBytes=0; stderrTruncated=False; stderrDroppedBytes=0
2026-06-03T11:10:35.9206792+00:00	WorkerLogSummary	Layer05Hub	stdout=C:\Users\jimmy\Desktop\meta-bi\Samples\Demos\MetaOrchestrationHairballCliIntegration\Runs\hairball-seed-20260530\RunArtifacts\runs\20260603-110742_4844be1369c548d7bedbf8a4694ba772\logs\Layer05Hub-26988.stdout.log; stdoutBytes=0; stdoutTruncated=False; stdoutDroppedBytes=0; stderr=C:\Users\jimmy\Desktop\meta-bi\Samples\Demos\MetaOrchestrationHairballCliIntegration\Runs\hairball-seed-20260530\RunArtifacts\runs\20260603-110742_4844be1369c548d7bedbf8a4694ba772\logs\Layer05Hub-26988.stderr.log; stderrBytes=0; stderrTruncated=False; stderrDroppedBytes=0
2026-06-03T11:10:35.9219237+00:00	WorkerLogSummary	Layer06Node01	stdout=C:\Users\jimmy\Desktop\meta-bi\Samples\Demos\MetaOrchestrationHairballCliIntegration\Runs\hairball-seed-20260530\RunArtifacts\runs\20260603-110742_4844be1369c548d7bedbf8a4694ba772\logs\Layer06Node01-26536.stdout.log; stdoutBytes=0; stdoutTruncated=False; stdoutDroppedBytes=0; stderr=C:\Users\jimmy\Desktop\meta-bi\Samples\Demos\MetaOrchestrationHairballCliIntegration\Runs\hairball-seed-20260530\RunArtifacts\runs\20260603-110742_4844be1369c548d7bedbf8a4694ba772\logs\Layer06Node01-26536.stderr.log; stderrBytes=0; stderrTruncated=False; stderrDroppedBytes=0
2026-06-03T11:10:35.9231065+00:00	WorkerLogSummary	Layer06Node02	stdout=C:\Users\jimmy\Desktop\meta-bi\Samples\Demos\MetaOrchestrationHairballCliIntegration\Runs\hairball-seed-20260530\RunArtifacts\runs\20260603-110742_4844be1369c548d7bedbf8a4694ba772\logs\Layer06Node02-27596.stdout.log; stdoutBytes=0; stdoutTruncated=False; stdoutDroppedBytes=0; stderr=C:\Users\jimmy\Desktop\meta-bi\Samples\Demos\MetaOrchestrationHairballCliIntegration\Runs\hairball-seed-20260530\RunArtifacts\runs\20260603-110742_4844be1369c548d7bedbf8a4694ba772\logs\Layer06Node02-27596.stderr.log; stderrBytes=0; stderrTruncated=False; stderrDroppedBytes=0
2026-06-03T11:10:35.9242930+00:00	WorkerLogSummary	BridgeL05L06	stdout=C:\Users\jimmy\Desktop\meta-bi\Samples\Demos\MetaOrchestrationHairballCliIntegration\Runs\hairball-seed-20260530\RunArtifacts\runs\20260603-110742_4844be1369c548d7bedbf8a4694ba772\logs\BridgeL05L06-27204.stdout.log; stdoutBytes=0; stdoutTruncated=False; stdoutDroppedBytes=0; stderr=C:\Users\jimmy\Desktop\meta-bi\Samples\Demos\MetaOrchestrationHairballCliIntegration\Runs\hairball-seed-20260530\RunArtifacts\runs\20260603-110742_4844be1369c548d7bedbf8a4694ba772\logs\BridgeL05L06-27204.stderr.log; stderrBytes=0; stderrTruncated=False; stderrDroppedBytes=0
2026-06-03T11:10:35.9254357+00:00	WorkerLogSummary	Layer06Node03	stdout=C:\Users\jimmy\Desktop\meta-bi\Samples\Demos\MetaOrchestrationHairballCliIntegration\Runs\hairball-seed-20260530\RunArtifacts\runs\20260603-110742_4844be1369c548d7bedbf8a4694ba772\logs\Layer06Node03-17116.stdout.log; stdoutBytes=0; stdoutTruncated=False; stdoutDroppedBytes=0; stderr=C:\Users\jimmy\Desktop\meta-bi\Samples\Demos\MetaOrchestrationHairballCliIntegration\Runs\hairball-seed-20260530\RunArtifacts\runs\20260603-110742_4844be1369c548d7bedbf8a4694ba772\logs\Layer06Node03-17116.stderr.log; stderrBytes=0; stderrTruncated=False; stderrDroppedBytes=0
2026-06-03T11:10:35.9267198+00:00	WorkerLogSummary	BridgeL07L08	stdout=C:\Users\jimmy\Desktop\meta-bi\Samples\Demos\MetaOrchestrationHairballCliIntegration\Runs\hairball-seed-20260530\RunArtifacts\runs\20260603-110742_4844be1369c548d7bedbf8a4694ba772\logs\BridgeL07L08-29676.stdout.log; stdoutBytes=0; stdoutTruncated=False; stdoutDroppedBytes=0; stderr=C:\Users\jimmy\Desktop\meta-bi\Samples\Demos\MetaOrchestrationHairballCliIntegration\Runs\hairball-seed-20260530\RunArtifacts\runs\20260603-110742_4844be1369c548d7bedbf8a4694ba772\logs\BridgeL07L08-29676.stderr.log; stderrBytes=0; stderrTruncated=False; stderrDroppedBytes=0
2026-06-03T11:10:35.9282719+00:00	WorkerLogSummary	Layer06Node04	stdout=C:\Users\jimmy\Desktop\meta-bi\Samples\Demos\MetaOrchestrationHairballCliIntegration\Runs\hairball-seed-20260530\RunArtifacts\runs\20260603-110742_4844be1369c548d7bedbf8a4694ba772\logs\Layer06Node04-8496.stdout.log; stdoutBytes=0; stdoutTruncated=False; stdoutDroppedBytes=0; stderr=C:\Users\jimmy\Desktop\meta-bi\Samples\Demos\MetaOrchestrationHairballCliIntegration\Runs\hairball-seed-20260530\RunArtifacts\runs\20260603-110742_4844be1369c548d7bedbf8a4694ba772\logs\Layer06Node04-8496.stderr.log; stderrBytes=0; stderrTruncated=False; stderrDroppedBytes=0
2026-06-03T11:10:35.9294013+00:00	WorkerLogSummary	Layer06Node05	stdout=C:\Users\jimmy\Desktop\meta-bi\Samples\Demos\MetaOrchestrationHairballCliIntegration\Runs\hairball-seed-20260530\RunArtifacts\runs\20260603-110742_4844be1369c548d7bedbf8a4694ba772\logs\Layer06Node05-24936.stdout.log; stdoutBytes=0; stdoutTruncated=False; stdoutDroppedBytes=0; stderr=C:\Users\jimmy\Desktop\meta-bi\Samples\Demos\MetaOrchestrationHairballCliIntegration\Runs\hairball-seed-20260530\RunArtifacts\runs\20260603-110742_4844be1369c548d7bedbf8a4694ba772\logs\Layer06Node05-24936.stderr.log; stderrBytes=0; stderrTruncated=False; stderrDroppedBytes=0
2026-06-03T11:10:35.9303414+00:00	WorkerLogSummary	Layer06Node06	stdout=C:\Users\jimmy\Desktop\meta-bi\Samples\Demos\MetaOrchestrationHairballCliIntegration\Runs\hairball-seed-20260530\RunArtifacts\runs\20260603-110742_4844be1369c548d7bedbf8a4694ba772\logs\Layer06Node06-14728.stdout.log; stdoutBytes=0; stdoutTruncated=False; stdoutDroppedBytes=0; stderr=C:\Users\jimmy\Desktop\meta-bi\Samples\Demos\MetaOrchestrationHairballCliIntegration\Runs\hairball-seed-20260530\RunArtifacts\runs\20260603-110742_4844be1369c548d7bedbf8a4694ba772\logs\Layer06Node06-14728.stderr.log; stderrBytes=0; stderrTruncated=False; stderrDroppedBytes=0
2026-06-03T11:10:35.9315696+00:00	WorkerLogSummary	Layer06Node07	stdout=C:\Users\jimmy\Desktop\meta-bi\Samples\Demos\MetaOrchestrationHairballCliIntegration\Runs\hairball-seed-20260530\RunArtifacts\runs\20260603-110742_4844be1369c548d7bedbf8a4694ba772\logs\Layer06Node07-23352.stdout.log; stdoutBytes=0; stdoutTruncated=False; stdoutDroppedBytes=0; stderr=C:\Users\jimmy\Desktop\meta-bi\Samples\Demos\MetaOrchestrationHairballCliIntegration\Runs\hairball-seed-20260530\RunArtifacts\runs\20260603-110742_4844be1369c548d7bedbf8a4694ba772\logs\Layer06Node07-23352.stderr.log; stderrBytes=0; stderrTruncated=False; stderrDroppedBytes=0
2026-06-03T11:10:35.9329427+00:00	WorkerLogSummary	Layer06Node08	stdout=C:\Users\jimmy\Desktop\meta-bi\Samples\Demos\MetaOrchestrationHairballCliIntegration\Runs\hairball-seed-20260530\RunArtifacts\runs\20260603-110742_4844be1369c548d7bedbf8a4694ba772\logs\Layer06Node08-26484.stdout.log; stdoutBytes=0; stdoutTruncated=False; stdoutDroppedBytes=0; stderr=C:\Users\jimmy\Desktop\meta-bi\Samples\Demos\MetaOrchestrationHairballCliIntegration\Runs\hairball-seed-20260530\RunArtifacts\runs\20260603-110742_4844be1369c548d7bedbf8a4694ba772\logs\Layer06Node08-26484.stderr.log; stderrBytes=0; stderrTruncated=False; stderrDroppedBytes=0
2026-06-03T11:10:35.9339807+00:00	WorkerLogSummary	Layer06Node09	stdout=C:\Users\jimmy\Desktop\meta-bi\Samples\Demos\MetaOrchestrationHairballCliIntegration\Runs\hairball-seed-20260530\RunArtifacts\runs\20260603-110742_4844be1369c548d7bedbf8a4694ba772\logs\Layer06Node09-25564.stdout.log; stdoutBytes=0; stdoutTruncated=False; stdoutDroppedBytes=0; stderr=C:\Users\jimmy\Desktop\meta-bi\Samples\Demos\MetaOrchestrationHairballCliIntegration\Runs\hairball-seed-20260530\RunArtifacts\runs\20260603-110742_4844be1369c548d7bedbf8a4694ba772\logs\Layer06Node09-25564.stderr.log; stderrBytes=0; stderrTruncated=False; stderrDroppedBytes=0
2026-06-03T11:10:35.9350708+00:00	WorkerLogSummary	BridgeL05L06	stdout=C:\Users\jimmy\Desktop\meta-bi\Samples\Demos\MetaOrchestrationHairballCliIntegration\Runs\hairball-seed-20260530\RunArtifacts\runs\20260603-110742_4844be1369c548d7bedbf8a4694ba772\logs\BridgeL05L06-28572.stdout.log; stdoutBytes=0; stdoutTruncated=False; stdoutDroppedBytes=0; stderr=C:\Users\jimmy\Desktop\meta-bi\Samples\Demos\MetaOrchestrationHairballCliIntegration\Runs\hairball-seed-20260530\RunArtifacts\runs\20260603-110742_4844be1369c548d7bedbf8a4694ba772\logs\BridgeL05L06-28572.stderr.log; stderrBytes=0; stderrTruncated=False; stderrDroppedBytes=0
2026-06-03T11:10:35.9360049+00:00	WorkerLogSummary	Layer06Hub	stdout=C:\Users\jimmy\Desktop\meta-bi\Samples\Demos\MetaOrchestrationHairballCliIntegration\Runs\hairball-seed-20260530\RunArtifacts\runs\20260603-110742_4844be1369c548d7bedbf8a4694ba772\logs\Layer06Hub-17168.stdout.log; stdoutBytes=0; stdoutTruncated=False; stdoutDroppedBytes=0; stderr=C:\Users\jimmy\Desktop\meta-bi\Samples\Demos\MetaOrchestrationHairballCliIntegration\Runs\hairball-seed-20260530\RunArtifacts\runs\20260603-110742_4844be1369c548d7bedbf8a4694ba772\logs\Layer06Hub-17168.stderr.log; stderrBytes=0; stderrTruncated=False; stderrDroppedBytes=0
2026-06-03T11:10:35.9372048+00:00	WorkerLogSummary	Layer06Node10	stdout=C:\Users\jimmy\Desktop\meta-bi\Samples\Demos\MetaOrchestrationHairballCliIntegration\Runs\hairball-seed-20260530\RunArtifacts\runs\20260603-110742_4844be1369c548d7bedbf8a4694ba772\logs\Layer06Node10-27364.stdout.log; stdoutBytes=0; stdoutTruncated=False; stdoutDroppedBytes=0; stderr=C:\Users\jimmy\Desktop\meta-bi\Samples\Demos\MetaOrchestrationHairballCliIntegration\Runs\hairball-seed-20260530\RunArtifacts\runs\20260603-110742_4844be1369c548d7bedbf8a4694ba772\logs\Layer06Node10-27364.stderr.log; stderrBytes=0; stderrTruncated=False; stderrDroppedBytes=0
2026-06-03T11:10:35.9383469+00:00	WorkerLogSummary	Layer07Node01	stdout=C:\Users\jimmy\Desktop\meta-bi\Samples\Demos\MetaOrchestrationHairballCliIntegration\Runs\hairball-seed-20260530\RunArtifacts\runs\20260603-110742_4844be1369c548d7bedbf8a4694ba772\logs\Layer07Node01-28344.stdout.log; stdoutBytes=0; stdoutTruncated=False; stdoutDroppedBytes=0; stderr=C:\Users\jimmy\Desktop\meta-bi\Samples\Demos\MetaOrchestrationHairballCliIntegration\Runs\hairball-seed-20260530\RunArtifacts\runs\20260603-110742_4844be1369c548d7bedbf8a4694ba772\logs\Layer07Node01-28344.stderr.log; stderrBytes=0; stderrTruncated=False; stderrDroppedBytes=0
2026-06-03T11:10:35.9393013+00:00	WorkerLogSummary	BridgeL07L08	stdout=C:\Users\jimmy\Desktop\meta-bi\Samples\Demos\MetaOrchestrationHairballCliIntegration\Runs\hairball-seed-20260530\RunArtifacts\runs\20260603-110742_4844be1369c548d7bedbf8a4694ba772\logs\BridgeL07L08-22540.stdout.log; stdoutBytes=0; stdoutTruncated=False; stdoutDroppedBytes=0; stderr=C:\Users\jimmy\Desktop\meta-bi\Samples\Demos\MetaOrchestrationHairballCliIntegration\Runs\hairball-seed-20260530\RunArtifacts\runs\20260603-110742_4844be1369c548d7bedbf8a4694ba772\logs\BridgeL07L08-22540.stderr.log; stderrBytes=0; stderrTruncated=False; stderrDroppedBytes=0
2026-06-03T11:10:35.9400090+00:00	WorkerLogSummary	CompositeMart	stdout=C:\Users\jimmy\Desktop\meta-bi\Samples\Demos\MetaOrchestrationHairballCliIntegration\Runs\hairball-seed-20260530\RunArtifacts\runs\20260603-110742_4844be1369c548d7bedbf8a4694ba772\logs\CompositeMart-29808.stdout.log; stdoutBytes=0; stdoutTruncated=False; stdoutDroppedBytes=0; stderr=C:\Users\jimmy\Desktop\meta-bi\Samples\Demos\MetaOrchestrationHairballCliIntegration\Runs\hairball-seed-20260530\RunArtifacts\runs\20260603-110742_4844be1369c548d7bedbf8a4694ba772\logs\CompositeMart-29808.stderr.log; stderrBytes=0; stderrTruncated=False; stderrDroppedBytes=0
2026-06-03T11:10:35.9413424+00:00	WorkerLogSummary	Layer07Node02	stdout=C:\Users\jimmy\Desktop\meta-bi\Samples\Demos\MetaOrchestrationHairballCliIntegration\Runs\hairball-seed-20260530\RunArtifacts\runs\20260603-110742_4844be1369c548d7bedbf8a4694ba772\logs\Layer07Node02-12736.stdout.log; stdoutBytes=0; stdoutTruncated=False; stdoutDroppedBytes=0; stderr=C:\Users\jimmy\Desktop\meta-bi\Samples\Demos\MetaOrchestrationHairballCliIntegration\Runs\hairball-seed-20260530\RunArtifacts\runs\20260603-110742_4844be1369c548d7bedbf8a4694ba772\logs\Layer07Node02-12736.stderr.log; stderrBytes=0; stderrTruncated=False; stderrDroppedBytes=0
2026-06-03T11:10:35.9426577+00:00	WorkerLogSummary	Layer07Node03	stdout=C:\Users\jimmy\Desktop\meta-bi\Samples\Demos\MetaOrchestrationHairballCliIntegration\Runs\hairball-seed-20260530\RunArtifacts\runs\20260603-110742_4844be1369c548d7bedbf8a4694ba772\logs\Layer07Node03-6512.stdout.log; stdoutBytes=0; stdoutTruncated=False; stdoutDroppedBytes=0; stderr=C:\Users\jimmy\Desktop\meta-bi\Samples\Demos\MetaOrchestrationHairballCliIntegration\Runs\hairball-seed-20260530\RunArtifacts\runs\20260603-110742_4844be1369c548d7bedbf8a4694ba772\logs\Layer07Node03-6512.stderr.log; stderrBytes=0; stderrTruncated=False; stderrDroppedBytes=0
2026-06-03T11:10:35.9437656+00:00	WorkerLogSummary	Layer07Node04	stdout=C:\Users\jimmy\Desktop\meta-bi\Samples\Demos\MetaOrchestrationHairballCliIntegration\Runs\hairball-seed-20260530\RunArtifacts\runs\20260603-110742_4844be1369c548d7bedbf8a4694ba772\logs\Layer07Node04-11356.stdout.log; stdoutBytes=0; stdoutTruncated=False; stdoutDroppedBytes=0; stderr=C:\Users\jimmy\Desktop\meta-bi\Samples\Demos\MetaOrchestrationHairballCliIntegration\Runs\hairball-seed-20260530\RunArtifacts\runs\20260603-110742_4844be1369c548d7bedbf8a4694ba772\logs\Layer07Node04-11356.stderr.log; stderrBytes=0; stderrTruncated=False; stderrDroppedBytes=0
2026-06-03T11:10:35.9450361+00:00	WorkerLogSummary	Layer07Node05	stdout=C:\Users\jimmy\Desktop\meta-bi\Samples\Demos\MetaOrchestrationHairballCliIntegration\Runs\hairball-seed-20260530\RunArtifacts\runs\20260603-110742_4844be1369c548d7bedbf8a4694ba772\logs\Layer07Node05-356.stdout.log; stdoutBytes=0; stdoutTruncated=False; stdoutDroppedBytes=0; stderr=C:\Users\jimmy\Desktop\meta-bi\Samples\Demos\MetaOrchestrationHairballCliIntegration\Runs\hairball-seed-20260530\RunArtifacts\runs\20260603-110742_4844be1369c548d7bedbf8a4694ba772\logs\Layer07Node05-356.stderr.log; stderrBytes=0; stderrTruncated=False; stderrDroppedBytes=0
2026-06-03T11:10:35.9462506+00:00	WorkerLogSummary	Layer07Node06	stdout=C:\Users\jimmy\Desktop\meta-bi\Samples\Demos\MetaOrchestrationHairballCliIntegration\Runs\hairball-seed-20260530\RunArtifacts\runs\20260603-110742_4844be1369c548d7bedbf8a4694ba772\logs\Layer07Node06-23500.stdout.log; stdoutBytes=0; stdoutTruncated=False; stdoutDroppedBytes=0; stderr=C:\Users\jimmy\Desktop\meta-bi\Samples\Demos\MetaOrchestrationHairballCliIntegration\Runs\hairball-seed-20260530\RunArtifacts\runs\20260603-110742_4844be1369c548d7bedbf8a4694ba772\logs\Layer07Node06-23500.stderr.log; stderrBytes=0; stderrTruncated=False; stderrDroppedBytes=0
2026-06-03T11:10:35.9475985+00:00	WorkerLogSummary	Layer07Node07	stdout=C:\Users\jimmy\Desktop\meta-bi\Samples\Demos\MetaOrchestrationHairballCliIntegration\Runs\hairball-seed-20260530\RunArtifacts\runs\20260603-110742_4844be1369c548d7bedbf8a4694ba772\logs\Layer07Node07-19380.stdout.log; stdoutBytes=0; stdoutTruncated=False; stdoutDroppedBytes=0; stderr=C:\Users\jimmy\Desktop\meta-bi\Samples\Demos\MetaOrchestrationHairballCliIntegration\Runs\hairball-seed-20260530\RunArtifacts\runs\20260603-110742_4844be1369c548d7bedbf8a4694ba772\logs\Layer07Node07-19380.stderr.log; stderrBytes=0; stderrTruncated=False; stderrDroppedBytes=0
2026-06-03T11:10:35.9488056+00:00	WorkerLogSummary	Layer07Node08	stdout=C:\Users\jimmy\Desktop\meta-bi\Samples\Demos\MetaOrchestrationHairballCliIntegration\Runs\hairball-seed-20260530\RunArtifacts\runs\20260603-110742_4844be1369c548d7bedbf8a4694ba772\logs\Layer07Node08-26756.stdout.log; stdoutBytes=0; stdoutTruncated=False; stdoutDroppedBytes=0; stderr=C:\Users\jimmy\Desktop\meta-bi\Samples\Demos\MetaOrchestrationHairballCliIntegration\Runs\hairball-seed-20260530\RunArtifacts\runs\20260603-110742_4844be1369c548d7bedbf8a4694ba772\logs\Layer07Node08-26756.stderr.log; stderrBytes=0; stderrTruncated=False; stderrDroppedBytes=0
2026-06-03T11:10:35.9501720+00:00	WorkerLogSummary	Layer07Hub	stdout=C:\Users\jimmy\Desktop\meta-bi\Samples\Demos\MetaOrchestrationHairballCliIntegration\Runs\hairball-seed-20260530\RunArtifacts\runs\20260603-110742_4844be1369c548d7bedbf8a4694ba772\logs\Layer07Hub-27060.stdout.log; stdoutBytes=0; stdoutTruncated=False; stdoutDroppedBytes=0; stderr=C:\Users\jimmy\Desktop\meta-bi\Samples\Demos\MetaOrchestrationHairballCliIntegration\Runs\hairball-seed-20260530\RunArtifacts\runs\20260603-110742_4844be1369c548d7bedbf8a4694ba772\logs\Layer07Hub-27060.stderr.log; stderrBytes=0; stderrTruncated=False; stderrDroppedBytes=0
2026-06-03T11:10:35.9517036+00:00	WorkerLogSummary	Layer08Node01	stdout=C:\Users\jimmy\Desktop\meta-bi\Samples\Demos\MetaOrchestrationHairballCliIntegration\Runs\hairball-seed-20260530\RunArtifacts\runs\20260603-110742_4844be1369c548d7bedbf8a4694ba772\logs\Layer08Node01-4608.stdout.log; stdoutBytes=0; stdoutTruncated=False; stdoutDroppedBytes=0; stderr=C:\Users\jimmy\Desktop\meta-bi\Samples\Demos\MetaOrchestrationHairballCliIntegration\Runs\hairball-seed-20260530\RunArtifacts\runs\20260603-110742_4844be1369c548d7bedbf8a4694ba772\logs\Layer08Node01-4608.stderr.log; stderrBytes=0; stderrTruncated=False; stderrDroppedBytes=0
2026-06-03T11:10:35.9526810+00:00	WorkerLogSummary	Layer08Node02	stdout=C:\Users\jimmy\Desktop\meta-bi\Samples\Demos\MetaOrchestrationHairballCliIntegration\Runs\hairball-seed-20260530\RunArtifacts\runs\20260603-110742_4844be1369c548d7bedbf8a4694ba772\logs\Layer08Node02-10496.stdout.log; stdoutBytes=0; stdoutTruncated=False; stdoutDroppedBytes=0; stderr=C:\Users\jimmy\Desktop\meta-bi\Samples\Demos\MetaOrchestrationHairballCliIntegration\Runs\hairball-seed-20260530\RunArtifacts\runs\20260603-110742_4844be1369c548d7bedbf8a4694ba772\logs\Layer08Node02-10496.stderr.log; stderrBytes=0; stderrTruncated=False; stderrDroppedBytes=0
2026-06-03T11:10:35.9537653+00:00	WorkerLogSummary	Layer08Node03	stdout=C:\Users\jimmy\Desktop\meta-bi\Samples\Demos\MetaOrchestrationHairballCliIntegration\Runs\hairball-seed-20260530\RunArtifacts\runs\20260603-110742_4844be1369c548d7bedbf8a4694ba772\logs\Layer08Node03-3784.stdout.log; stdoutBytes=0; stdoutTruncated=False; stdoutDroppedBytes=0; stderr=C:\Users\jimmy\Desktop\meta-bi\Samples\Demos\MetaOrchestrationHairballCliIntegration\Runs\hairball-seed-20260530\RunArtifacts\runs\20260603-110742_4844be1369c548d7bedbf8a4694ba772\logs\Layer08Node03-3784.stderr.log; stderrBytes=0; stderrTruncated=False; stderrDroppedBytes=0
2026-06-03T11:10:35.9555632+00:00	WorkerLogSummary	Layer08Node04	stdout=C:\Users\jimmy\Desktop\meta-bi\Samples\Demos\MetaOrchestrationHairballCliIntegration\Runs\hairball-seed-20260530\RunArtifacts\runs\20260603-110742_4844be1369c548d7bedbf8a4694ba772\logs\Layer08Node04-23512.stdout.log; stdoutBytes=0; stdoutTruncated=False; stdoutDroppedBytes=0; stderr=C:\Users\jimmy\Desktop\meta-bi\Samples\Demos\MetaOrchestrationHairballCliIntegration\Runs\hairball-seed-20260530\RunArtifacts\runs\20260603-110742_4844be1369c548d7bedbf8a4694ba772\logs\Layer08Node04-23512.stderr.log; stderrBytes=0; stderrTruncated=False; stderrDroppedBytes=0
2026-06-03T11:10:35.9566423+00:00	WorkerLogSummary	Layer08Node05	stdout=C:\Users\jimmy\Desktop\meta-bi\Samples\Demos\MetaOrchestrationHairballCliIntegration\Runs\hairball-seed-20260530\RunArtifacts\runs\20260603-110742_4844be1369c548d7bedbf8a4694ba772\logs\Layer08Node05-28944.stdout.log; stdoutBytes=0; stdoutTruncated=False; stdoutDroppedBytes=0; stderr=C:\Users\jimmy\Desktop\meta-bi\Samples\Demos\MetaOrchestrationHairballCliIntegration\Runs\hairball-seed-20260530\RunArtifacts\runs\20260603-110742_4844be1369c548d7bedbf8a4694ba772\logs\Layer08Node05-28944.stderr.log; stderrBytes=0; stderrTruncated=False; stderrDroppedBytes=0
2026-06-03T11:10:35.9575042+00:00	WorkerLogSummary	Layer08Node06	stdout=C:\Users\jimmy\Desktop\meta-bi\Samples\Demos\MetaOrchestrationHairballCliIntegration\Runs\hairball-seed-20260530\RunArtifacts\runs\20260603-110742_4844be1369c548d7bedbf8a4694ba772\logs\Layer08Node06-24204.stdout.log; stdoutBytes=0; stdoutTruncated=False; stdoutDroppedBytes=0; stderr=C:\Users\jimmy\Desktop\meta-bi\Samples\Demos\MetaOrchestrationHairballCliIntegration\Runs\hairball-seed-20260530\RunArtifacts\runs\20260603-110742_4844be1369c548d7bedbf8a4694ba772\logs\Layer08Node06-24204.stderr.log; stderrBytes=0; stderrTruncated=False; stderrDroppedBytes=0
2026-06-03T11:10:35.9587571+00:00	WorkerLogSummary	Layer08Node07	stdout=C:\Users\jimmy\Desktop\meta-bi\Samples\Demos\MetaOrchestrationHairballCliIntegration\Runs\hairball-seed-20260530\RunArtifacts\runs\20260603-110742_4844be1369c548d7bedbf8a4694ba772\logs\Layer08Node07-25244.stdout.log; stdoutBytes=0; stdoutTruncated=False; stdoutDroppedBytes=0; stderr=C:\Users\jimmy\Desktop\meta-bi\Samples\Demos\MetaOrchestrationHairballCliIntegration\Runs\hairball-seed-20260530\RunArtifacts\runs\20260603-110742_4844be1369c548d7bedbf8a4694ba772\logs\Layer08Node07-25244.stderr.log; stderrBytes=0; stderrTruncated=False; stderrDroppedBytes=0
2026-06-03T11:10:35.9602362+00:00	WorkerLogSummary	CompositeMart	stdout=C:\Users\jimmy\Desktop\meta-bi\Samples\Demos\MetaOrchestrationHairballCliIntegration\Runs\hairball-seed-20260530\RunArtifacts\runs\20260603-110742_4844be1369c548d7bedbf8a4694ba772\logs\CompositeMart-29716.stdout.log; stdoutBytes=0; stdoutTruncated=False; stdoutDroppedBytes=0; stderr=C:\Users\jimmy\Desktop\meta-bi\Samples\Demos\MetaOrchestrationHairballCliIntegration\Runs\hairball-seed-20260530\RunArtifacts\runs\20260603-110742_4844be1369c548d7bedbf8a4694ba772\logs\CompositeMart-29716.stderr.log; stderrBytes=0; stderrTruncated=False; stderrDroppedBytes=0
2026-06-03T11:10:35.9614452+00:00	WorkerLogSummary	Layer08Node08	stdout=C:\Users\jimmy\Desktop\meta-bi\Samples\Demos\MetaOrchestrationHairballCliIntegration\Runs\hairball-seed-20260530\RunArtifacts\runs\20260603-110742_4844be1369c548d7bedbf8a4694ba772\logs\Layer08Node08-28188.stdout.log; stdoutBytes=0; stdoutTruncated=False; stdoutDroppedBytes=0; stderr=C:\Users\jimmy\Desktop\meta-bi\Samples\Demos\MetaOrchestrationHairballCliIntegration\Runs\hairball-seed-20260530\RunArtifacts\runs\20260603-110742_4844be1369c548d7bedbf8a4694ba772\logs\Layer08Node08-28188.stderr.log; stderrBytes=0; stderrTruncated=False; stderrDroppedBytes=0
2026-06-03T11:10:35.9626225+00:00	WorkerLogSummary	Layer08Hub	stdout=C:\Users\jimmy\Desktop\meta-bi\Samples\Demos\MetaOrchestrationHairballCliIntegration\Runs\hairball-seed-20260530\RunArtifacts\runs\20260603-110742_4844be1369c548d7bedbf8a4694ba772\logs\Layer08Hub-18824.stdout.log; stdoutBytes=0; stdoutTruncated=False; stdoutDroppedBytes=0; stderr=C:\Users\jimmy\Desktop\meta-bi\Samples\Demos\MetaOrchestrationHairballCliIntegration\Runs\hairball-seed-20260530\RunArtifacts\runs\20260603-110742_4844be1369c548d7bedbf8a4694ba772\logs\Layer08Hub-18824.stderr.log; stderrBytes=0; stderrTruncated=False; stderrDroppedBytes=0
2026-06-03T11:10:35.9644714+00:00	WorkerLogSummary	RegionalMart01	stdout=C:\Users\jimmy\Desktop\meta-bi\Samples\Demos\MetaOrchestrationHairballCliIntegration\Runs\hairball-seed-20260530\RunArtifacts\runs\20260603-110742_4844be1369c548d7bedbf8a4694ba772\logs\RegionalMart01-18424.stdout.log; stdoutBytes=0; stdoutTruncated=False; stdoutDroppedBytes=0; stderr=C:\Users\jimmy\Desktop\meta-bi\Samples\Demos\MetaOrchestrationHairballCliIntegration\Runs\hairball-seed-20260530\RunArtifacts\runs\20260603-110742_4844be1369c548d7bedbf8a4694ba772\logs\RegionalMart01-18424.stderr.log; stderrBytes=0; stderrTruncated=False; stderrDroppedBytes=0
2026-06-03T11:10:35.9654542+00:00	WorkerLogSummary	RegionalMart02	stdout=C:\Users\jimmy\Desktop\meta-bi\Samples\Demos\MetaOrchestrationHairballCliIntegration\Runs\hairball-seed-20260530\RunArtifacts\runs\20260603-110742_4844be1369c548d7bedbf8a4694ba772\logs\RegionalMart02-2508.stdout.log; stdoutBytes=0; stdoutTruncated=False; stdoutDroppedBytes=0; stderr=C:\Users\jimmy\Desktop\meta-bi\Samples\Demos\MetaOrchestrationHairballCliIntegration\Runs\hairball-seed-20260530\RunArtifacts\runs\20260603-110742_4844be1369c548d7bedbf8a4694ba772\logs\RegionalMart02-2508.stderr.log; stderrBytes=0; stderrTruncated=False; stderrDroppedBytes=0
2026-06-03T11:10:35.9668327+00:00	WorkerLogSummary	PublishHairballFinal	stdout=C:\Users\jimmy\Desktop\meta-bi\Samples\Demos\MetaOrchestrationHairballCliIntegration\Runs\hairball-seed-20260530\RunArtifacts\runs\20260603-110742_4844be1369c548d7bedbf8a4694ba772\logs\PublishHairballFinal-20016.stdout.log; stdoutBytes=0; stdoutTruncated=False; stdoutDroppedBytes=0; stderr=C:\Users\jimmy\Desktop\meta-bi\Samples\Demos\MetaOrchestrationHairballCliIntegration\Runs\hairball-seed-20260530\RunArtifacts\runs\20260603-110742_4844be1369c548d7bedbf8a4694ba772\logs\PublishHairballFinal-20016.stderr.log; stderrBytes=0; stderrTruncated=False; stderrDroppedBytes=0
2026-06-03T11:10:35.9681859+00:00	WorkerLogSummary	RegionalMart03	stdout=C:\Users\jimmy\Desktop\meta-bi\Samples\Demos\MetaOrchestrationHairballCliIntegration\Runs\hairball-seed-20260530\RunArtifacts\runs\20260603-110742_4844be1369c548d7bedbf8a4694ba772\logs\RegionalMart03-18308.stdout.log; stdoutBytes=0; stdoutTruncated=False; stdoutDroppedBytes=0; stderr=C:\Users\jimmy\Desktop\meta-bi\Samples\Demos\MetaOrchestrationHairballCliIntegration\Runs\hairball-seed-20260530\RunArtifacts\runs\20260603-110742_4844be1369c548d7bedbf8a4694ba772\logs\RegionalMart03-18308.stderr.log; stderrBytes=0; stderrTruncated=False; stderrDroppedBytes=0
2026-06-03T11:10:35.9696296+00:00	WorkerLogSummary	RegionalMart04	stdout=C:\Users\jimmy\Desktop\meta-bi\Samples\Demos\MetaOrchestrationHairballCliIntegration\Runs\hairball-seed-20260530\RunArtifacts\runs\20260603-110742_4844be1369c548d7bedbf8a4694ba772\logs\RegionalMart04-5556.stdout.log; stdoutBytes=0; stdoutTruncated=False; stdoutDroppedBytes=0; stderr=C:\Users\jimmy\Desktop\meta-bi\Samples\Demos\MetaOrchestrationHairballCliIntegration\Runs\hairball-seed-20260530\RunArtifacts\runs\20260603-110742_4844be1369c548d7bedbf8a4694ba772\logs\RegionalMart04-5556.stderr.log; stderrBytes=0; stderrTruncated=False; stderrDroppedBytes=0
2026-06-03T11:10:35.9705209+00:00	WorkerLogSummary	AuditHairball	stdout=C:\Users\jimmy\Desktop\meta-bi\Samples\Demos\MetaOrchestrationHairballCliIntegration\Runs\hairball-seed-20260530\RunArtifacts\runs\20260603-110742_4844be1369c548d7bedbf8a4694ba772\logs\AuditHairball-6424.stdout.log; stdoutBytes=0; stdoutTruncated=False; stdoutDroppedBytes=0; stderr=C:\Users\jimmy\Desktop\meta-bi\Samples\Demos\MetaOrchestrationHairballCliIntegration\Runs\hairball-seed-20260530\RunArtifacts\runs\20260603-110742_4844be1369c548d7bedbf8a4694ba772\logs\AuditHairball-6424.stderr.log; stderrBytes=0; stderrTruncated=False; stderrDroppedBytes=0
2026-06-03T11:10:35.9752016+00:00	RunCompleted	DefaultRunPlan	Succeeded
