OccurredAtUtc	EventKind	Subject	Detail
2026-06-03T18:04:46.8436438+00:00	RunStarted	orchestration	C:\Users\jimmy\Desktop\meta-bi\Samples\Demos\MetaOrchestrationHairballCliIntegration\Runs\hairball-seed-20260530\OrchestrationWS
2026-06-03T18:04:46.8546800+00:00	Process	meta-orchestration	14880
2026-06-03T18:04:46.8551378+00:00	PipelineExecutable	meta-pipeline	
2026-06-03T18:04:46.8555625+00:00	PipelineWorkspace	C:\Users\jimmy\Desktop\meta-bi\Samples\Demos\MetaOrchestrationHairballCliIntegration\Runs\hairball-seed-20260530\PipelineWS	
2026-06-03T18:04:46.8559179+00:00	TransformWorkspace	C:\Users\jimmy\Desktop\meta-bi\Samples\Demos\MetaOrchestrationHairballCliIntegration\Runs\hairball-seed-20260530\TransformWS	
2026-06-03T18:04:46.8562117+00:00	BindingWorkspace	C:\Users\jimmy\Desktop\meta-bi\Samples\Demos\MetaOrchestrationHairballCliIntegration\Runs\hairball-seed-20260530\BindingWS	
2026-06-03T18:04:46.8702756+00:00	LeaseAcquired	C:\Users\jimmy\Desktop\meta-bi\Samples\Demos\MetaOrchestrationHairballCliIntegration\Runs\hairball-seed-20260530\OrchestrationWS	C:\Users\jimmy\Desktop\meta-bi\Samples\Demos\MetaOrchestrationHairballCliIntegration\Runs\hairball-seed-20260530\RunArtifacts\leases\b30631311a63a1938a1d960e11d1b12772a5b649874a11ab9e9983ed17563480.tsv
2026-06-03T18:04:46.8714856+00:00	Phase	Loading	C:\Users\jimmy\Desktop\meta-bi\Samples\Demos\MetaOrchestrationHairballCliIntegration\Runs\hairball-seed-20260530\OrchestrationWS
2026-06-03T18:04:47.1489092+00:00	Phase	Building	C:\Users\jimmy\Desktop\meta-bi\Samples\Demos\MetaOrchestrationHairballCliIntegration\Runs\hairball-seed-20260530\OrchestrationWS
2026-06-03T18:04:47.1630347+00:00	Phase	Saving	C:\Users\jimmy\Desktop\meta-bi\Samples\Demos\MetaOrchestrationHairballCliIntegration\Runs\hairball-seed-20260530\OrchestrationWS
2026-06-03T18:04:47.2510013+00:00	RetryPolicyResolved	DefaultRetryPolicy	MaxAttempts=3; RetryableFailureClasses=6
2026-06-03T18:04:47.2561218+00:00	RunPlanReady	DefaultRunPlan	137
2026-06-03T18:04:47.3998495+00:00	WorkerStarting	ExtractSeed01	meta-pipeline
2026-06-03T18:04:50.4187163+00:00	WorkerStarted	ExtractSeed01	24784
2026-06-03T18:04:50.4194560+00:00	WorkerControlPipe	ExtractSeed01	meta-orchestration-779e83bbf0d3408ea3ee907a90868145
2026-06-03T18:04:50.4212695+00:00	WorkerLog	ExtractSeed01	stdout=C:\Users\jimmy\Desktop\meta-bi\Samples\Demos\MetaOrchestrationHairballCliIntegration\Runs\hairball-seed-20260530\RunArtifacts\runs\20260603-180446_a5be0e4746854bda812ecb0a558a271a\logs\ExtractSeed01-24784.stdout.log; stderr=C:\Users\jimmy\Desktop\meta-bi\Samples\Demos\MetaOrchestrationHairballCliIntegration\Runs\hairball-seed-20260530\RunArtifacts\runs\20260603-180446_a5be0e4746854bda812ecb0a558a271a\logs\ExtractSeed01-24784.stderr.log
2026-06-03T18:04:50.4271996+00:00	WorkerStarting	ExtractSeed02	meta-pipeline
2026-06-03T18:04:50.5302995+00:00	WorkerStarted	ExtractSeed02	21424
2026-06-03T18:04:50.5307261+00:00	WorkerControlPipe	ExtractSeed02	meta-orchestration-13980c6c5b1a4e8db9ac56bef03a002b
2026-06-03T18:04:50.5310314+00:00	WorkerLog	ExtractSeed02	stdout=C:\Users\jimmy\Desktop\meta-bi\Samples\Demos\MetaOrchestrationHairballCliIntegration\Runs\hairball-seed-20260530\RunArtifacts\runs\20260603-180446_a5be0e4746854bda812ecb0a558a271a\logs\ExtractSeed02-21424.stdout.log; stderr=C:\Users\jimmy\Desktop\meta-bi\Samples\Demos\MetaOrchestrationHairballCliIntegration\Runs\hairball-seed-20260530\RunArtifacts\runs\20260603-180446_a5be0e4746854bda812ecb0a558a271a\logs\ExtractSeed02-21424.stderr.log
2026-06-03T18:04:50.5391631+00:00	WorkerEvent	ExtractSeed01	WorkerOnline; ExitCode=0; online
2026-06-03T18:04:50.5484589+00:00	WorkerStarting	ExtractSeed03	meta-pipeline
2026-06-03T18:04:50.6556601+00:00	WorkerStarted	ExtractSeed03	18424
2026-06-03T18:04:50.6562304+00:00	WorkerControlPipe	ExtractSeed03	meta-orchestration-60c5589dbc2446c59d754370ccfa3900
2026-06-03T18:04:50.6566552+00:00	WorkerLog	ExtractSeed03	stdout=C:\Users\jimmy\Desktop\meta-bi\Samples\Demos\MetaOrchestrationHairballCliIntegration\Runs\hairball-seed-20260530\RunArtifacts\runs\20260603-180446_a5be0e4746854bda812ecb0a558a271a\logs\ExtractSeed03-18424.stdout.log; stderr=C:\Users\jimmy\Desktop\meta-bi\Samples\Demos\MetaOrchestrationHairballCliIntegration\Runs\hairball-seed-20260530\RunArtifacts\runs\20260603-180446_a5be0e4746854bda812ecb0a558a271a\logs\ExtractSeed03-18424.stderr.log
2026-06-03T18:04:50.6571564+00:00	WorkerEvent	ExtractSeed01	WorkerReady; ExitCode=0; ready
2026-06-03T18:04:50.6654850+00:00	StartPipeline	ExtractSeed01	ExtractSeed01
2026-06-03T18:04:50.6684839+00:00	WorkerEvent	ExtractSeed02	WorkerOnline; ExitCode=0; online
2026-06-03T18:04:50.6703758+00:00	WorkerStarting	ExtractSeed04	meta-pipeline
2026-06-03T18:04:50.7834826+00:00	WorkerStarted	ExtractSeed04	28460
2026-06-03T18:04:50.7848197+00:00	WorkerControlPipe	ExtractSeed04	meta-orchestration-f26092e42a624846925c820fdaff70a8
2026-06-03T18:04:50.7852777+00:00	WorkerLog	ExtractSeed04	stdout=C:\Users\jimmy\Desktop\meta-bi\Samples\Demos\MetaOrchestrationHairballCliIntegration\Runs\hairball-seed-20260530\RunArtifacts\runs\20260603-180446_a5be0e4746854bda812ecb0a558a271a\logs\ExtractSeed04-28460.stdout.log; stderr=C:\Users\jimmy\Desktop\meta-bi\Samples\Demos\MetaOrchestrationHairballCliIntegration\Runs\hairball-seed-20260530\RunArtifacts\runs\20260603-180446_a5be0e4746854bda812ecb0a558a271a\logs\ExtractSeed04-28460.stderr.log
2026-06-03T18:04:50.7860770+00:00	WorkerEvent	ExtractSeed02	WorkerReady; ExitCode=0; ready
2026-06-03T18:04:50.7884102+00:00	StartPipeline	ExtractSeed02	ExtractSeed02
2026-06-03T18:04:50.7895353+00:00	WorkerEvent	ExtractSeed03	WorkerOnline; ExitCode=0; online
2026-06-03T18:04:50.7910282+00:00	WorkerStarting	ExtractSeed05	meta-pipeline
2026-06-03T18:04:50.9154143+00:00	WorkerStarted	ExtractSeed05	21848
2026-06-03T18:04:50.9159573+00:00	WorkerControlPipe	ExtractSeed05	meta-orchestration-34e0eab54801494988f9c39466fd5032
2026-06-03T18:04:50.9168278+00:00	WorkerLog	ExtractSeed05	stdout=C:\Users\jimmy\Desktop\meta-bi\Samples\Demos\MetaOrchestrationHairballCliIntegration\Runs\hairball-seed-20260530\RunArtifacts\runs\20260603-180446_a5be0e4746854bda812ecb0a558a271a\logs\ExtractSeed05-21848.stdout.log; stderr=C:\Users\jimmy\Desktop\meta-bi\Samples\Demos\MetaOrchestrationHairballCliIntegration\Runs\hairball-seed-20260530\RunArtifacts\runs\20260603-180446_a5be0e4746854bda812ecb0a558a271a\logs\ExtractSeed05-21848.stderr.log
2026-06-03T18:04:50.9184068+00:00	WorkerEvent	ExtractSeed03	WorkerReady; ExitCode=0; ready
2026-06-03T18:04:50.9197877+00:00	StartPipeline	ExtractSeed03	ExtractSeed03
2026-06-03T18:04:50.9235314+00:00	WorkerEvent	ExtractSeed04	WorkerOnline; ExitCode=0; online
2026-06-03T18:04:50.9250748+00:00	WorkerStarting	ExtractSeed06	meta-pipeline
2026-06-03T18:04:51.9187141+00:00	WorkerStarted	ExtractSeed06	31688
2026-06-03T18:04:51.9201259+00:00	WorkerControlPipe	ExtractSeed06	meta-orchestration-b4b097bc4f844c7b8a5cb0d8a7764c76
2026-06-03T18:04:51.9209042+00:00	WorkerLog	ExtractSeed06	stdout=C:\Users\jimmy\Desktop\meta-bi\Samples\Demos\MetaOrchestrationHairballCliIntegration\Runs\hairball-seed-20260530\RunArtifacts\runs\20260603-180446_a5be0e4746854bda812ecb0a558a271a\logs\ExtractSeed06-31688.stdout.log; stderr=C:\Users\jimmy\Desktop\meta-bi\Samples\Demos\MetaOrchestrationHairballCliIntegration\Runs\hairball-seed-20260530\RunArtifacts\runs\20260603-180446_a5be0e4746854bda812ecb0a558a271a\logs\ExtractSeed06-31688.stderr.log
2026-06-03T18:04:51.9218848+00:00	WorkerEvent	ExtractSeed04	WorkerReady; ExitCode=0; ready
2026-06-03T18:04:51.9231798+00:00	StartPipeline	ExtractSeed04	ExtractSeed04
2026-06-03T18:04:51.9239525+00:00	WorkerEvent	ExtractSeed05	WorkerOnline; ExitCode=0; online
2026-06-03T18:04:51.9246744+00:00	WorkerEvent	ExtractSeed06	WorkerOnline; ExitCode=0; online
2026-06-03T18:04:51.9256689+00:00	WorkerStarting	ExtractSeed07	meta-pipeline
2026-06-03T18:04:52.9220725+00:00	WorkerStarted	ExtractSeed07	16164
2026-06-03T18:04:52.9234970+00:00	WorkerControlPipe	ExtractSeed07	meta-orchestration-c9dabbb6962d4c3f823f2ac724cfb8b4
2026-06-03T18:04:52.9239412+00:00	WorkerLog	ExtractSeed07	stdout=C:\Users\jimmy\Desktop\meta-bi\Samples\Demos\MetaOrchestrationHairballCliIntegration\Runs\hairball-seed-20260530\RunArtifacts\runs\20260603-180446_a5be0e4746854bda812ecb0a558a271a\logs\ExtractSeed07-16164.stdout.log; stderr=C:\Users\jimmy\Desktop\meta-bi\Samples\Demos\MetaOrchestrationHairballCliIntegration\Runs\hairball-seed-20260530\RunArtifacts\runs\20260603-180446_a5be0e4746854bda812ecb0a558a271a\logs\ExtractSeed07-16164.stderr.log
2026-06-03T18:04:52.9245795+00:00	WorkerEvent	ExtractSeed05	WorkerReady; ExitCode=0; ready
2026-06-03T18:04:52.9256171+00:00	StartPipeline	ExtractSeed05	ExtractSeed05
2026-06-03T18:04:52.9266180+00:00	WorkerEvent	ExtractSeed06	WorkerReady; ExitCode=0; ready
2026-06-03T18:04:52.9275062+00:00	StartPipeline	ExtractSeed06	ExtractSeed06
2026-06-03T18:04:52.9283770+00:00	WorkerEvent	ExtractSeed07	WorkerOnline; ExitCode=0; online
2026-06-03T18:04:52.9293728+00:00	WorkerStarting	ExtractSeed08	meta-pipeline
2026-06-03T18:04:53.9249062+00:00	WorkerStarted	ExtractSeed08	31596
2026-06-03T18:04:53.9254737+00:00	WorkerControlPipe	ExtractSeed08	meta-orchestration-99eef4475bf44e6598e72f487968b4f8
2026-06-03T18:04:53.9258629+00:00	WorkerLog	ExtractSeed08	stdout=C:\Users\jimmy\Desktop\meta-bi\Samples\Demos\MetaOrchestrationHairballCliIntegration\Runs\hairball-seed-20260530\RunArtifacts\runs\20260603-180446_a5be0e4746854bda812ecb0a558a271a\logs\ExtractSeed08-31596.stdout.log; stderr=C:\Users\jimmy\Desktop\meta-bi\Samples\Demos\MetaOrchestrationHairballCliIntegration\Runs\hairball-seed-20260530\RunArtifacts\runs\20260603-180446_a5be0e4746854bda812ecb0a558a271a\logs\ExtractSeed08-31596.stderr.log
2026-06-03T18:04:53.9265877+00:00	WorkerEvent	ExtractSeed07	WorkerReady; ExitCode=0; ready
2026-06-03T18:04:53.9274908+00:00	StartPipeline	ExtractSeed07	ExtractSeed07
2026-06-03T18:04:53.9282549+00:00	WorkerEvent	ExtractSeed08	WorkerOnline; ExitCode=0; online
2026-06-03T18:04:53.9310857+00:00	WorkerStarting	AuditHairball	meta-pipeline
2026-06-03T18:04:55.4343951+00:00	WorkerStarted	AuditHairball	5408
2026-06-03T18:04:55.4361038+00:00	WorkerControlPipe	AuditHairball	meta-orchestration-0c4d9ee7276f462a9656d32a64c0614e
2026-06-03T18:04:55.4367818+00:00	WorkerLog	AuditHairball	stdout=C:\Users\jimmy\Desktop\meta-bi\Samples\Demos\MetaOrchestrationHairballCliIntegration\Runs\hairball-seed-20260530\RunArtifacts\runs\20260603-180446_a5be0e4746854bda812ecb0a558a271a\logs\AuditHairball-5408.stdout.log; stderr=C:\Users\jimmy\Desktop\meta-bi\Samples\Demos\MetaOrchestrationHairballCliIntegration\Runs\hairball-seed-20260530\RunArtifacts\runs\20260603-180446_a5be0e4746854bda812ecb0a558a271a\logs\AuditHairball-5408.stderr.log
2026-06-03T18:04:55.4374590+00:00	WorkerEvent	ExtractSeed08	WorkerReady; ExitCode=0; ready
2026-06-03T18:04:55.4387833+00:00	StartPipeline	ExtractSeed08	ExtractSeed08
2026-06-03T18:04:55.4396508+00:00	WorkerEvent	AuditHairball	WorkerOnline; ExitCode=0; online
2026-06-03T18:04:55.4418095+00:00	WorkerStarting	BridgeL01L02	meta-pipeline
2026-06-03T18:04:56.4351308+00:00	WorkerStarted	BridgeL01L02	25056
2026-06-03T18:04:56.4356017+00:00	WorkerControlPipe	BridgeL01L02	meta-orchestration-dff2ac9cad4f42d1b89bc91088c5efae
2026-06-03T18:04:56.4359008+00:00	WorkerLog	BridgeL01L02	stdout=C:\Users\jimmy\Desktop\meta-bi\Samples\Demos\MetaOrchestrationHairballCliIntegration\Runs\hairball-seed-20260530\RunArtifacts\runs\20260603-180446_a5be0e4746854bda812ecb0a558a271a\logs\BridgeL01L02-25056.stdout.log; stderr=C:\Users\jimmy\Desktop\meta-bi\Samples\Demos\MetaOrchestrationHairballCliIntegration\Runs\hairball-seed-20260530\RunArtifacts\runs\20260603-180446_a5be0e4746854bda812ecb0a558a271a\logs\BridgeL01L02-25056.stderr.log
2026-06-03T18:04:56.4363241+00:00	WorkerEvent	ExtractSeed01	PipelineStarted; ExitCode=0; pipeline started
2026-06-03T18:04:56.4371813+00:00	WorkerEvent	ExtractSeed02	PipelineStarted; ExitCode=0; pipeline started
2026-06-03T18:04:56.4376658+00:00	WorkerEvent	ExtractSeed03	PipelineStarted; ExitCode=0; pipeline started
2026-06-03T18:04:56.4381498+00:00	WorkerEvent	ExtractSeed04	PipelineStarted; ExitCode=0; pipeline started
2026-06-03T18:04:56.4386657+00:00	WorkerEvent	ExtractSeed05	PipelineStarted; ExitCode=0; pipeline started
2026-06-03T18:04:56.4391077+00:00	WorkerEvent	ExtractSeed06	PipelineStarted; ExitCode=0; pipeline started
2026-06-03T18:04:56.4395202+00:00	WorkerEvent	ExtractSeed07	PipelineStarted; ExitCode=0; pipeline started
2026-06-03T18:04:56.4400714+00:00	WorkerEvent	AuditHairball	WorkerReady; ExitCode=0; ready
2026-06-03T18:04:56.4406940+00:00	StartPipeline	AuditHairball	AuditHairball
2026-06-03T18:04:56.4411245+00:00	WorkerEvent	ExtractSeed01.extract-seed-01	TaskReady; ExitCode=0; 
2026-06-03T18:04:56.4446880+00:00	WorkerEvent	ExtractSeed02.extract-seed-02	TaskReady; ExitCode=0; 
2026-06-03T18:04:56.4452400+00:00	WorkerEvent	ExtractSeed03.extract-seed-03	TaskReady; ExitCode=0; 
2026-06-03T18:04:56.4456341+00:00	WorkerEvent	ExtractSeed04.extract-seed-04	TaskReady; ExitCode=0; 
2026-06-03T18:04:56.4460191+00:00	WorkerEvent	ExtractSeed05.extract-seed-05	TaskReady; ExitCode=0; 
2026-06-03T18:04:56.4475774+00:00	WorkerEvent	ExtractSeed06.extract-seed-06	TaskReady; ExitCode=0; 
2026-06-03T18:04:56.4491717+00:00	WorkerEvent	ExtractSeed07.extract-seed-07	TaskReady; ExitCode=0; 
2026-06-03T18:04:56.4499680+00:00	WorkerEvent	ExtractSeed08	PipelineStarted; ExitCode=0; pipeline started
2026-06-03T18:04:56.4516041+00:00	WorkerEvent	BridgeL01L02	WorkerOnline; ExitCode=0; online
2026-06-03T18:04:56.4640018+00:00	GrantTask	ExtractSeed01.extract-seed-01	ExtractSeed01.extract-seed-01; GrantId=grant-1; Attempt=1
2026-06-03T18:04:56.4657854+00:00	GrantTask	ExtractSeed02.extract-seed-02	ExtractSeed02.extract-seed-02; GrantId=grant-2; Attempt=1
2026-06-03T18:04:57.4365598+00:00	GrantTask	ExtractSeed03.extract-seed-03	ExtractSeed03.extract-seed-03; GrantId=grant-3; Attempt=1
2026-06-03T18:04:57.4375152+00:00	GrantTask	ExtractSeed04.extract-seed-04	ExtractSeed04.extract-seed-04; GrantId=grant-4; Attempt=1
2026-06-03T18:04:57.4381207+00:00	GrantTask	ExtractSeed05.extract-seed-05	ExtractSeed05.extract-seed-05; GrantId=grant-5; Attempt=1
2026-06-03T18:04:57.4387642+00:00	GrantTask	ExtractSeed06.extract-seed-06	ExtractSeed06.extract-seed-06; GrantId=grant-6; Attempt=1
2026-06-03T18:04:58.4389369+00:00	GrantTask	ExtractSeed07.extract-seed-07	ExtractSeed07.extract-seed-07; GrantId=grant-7; Attempt=1
2026-06-03T18:04:58.4394324+00:00	WorkerStarting	BridgeL03L04	meta-pipeline
2026-06-03T18:04:59.4414432+00:00	WorkerStarted	BridgeL03L04	22284
2026-06-03T18:04:59.4418003+00:00	WorkerControlPipe	BridgeL03L04	meta-orchestration-06a2638429754ad4a19ccf7cc2b52192
2026-06-03T18:04:59.4421286+00:00	WorkerLog	BridgeL03L04	stdout=C:\Users\jimmy\Desktop\meta-bi\Samples\Demos\MetaOrchestrationHairballCliIntegration\Runs\hairball-seed-20260530\RunArtifacts\runs\20260603-180446_a5be0e4746854bda812ecb0a558a271a\logs\BridgeL03L04-22284.stdout.log; stderr=C:\Users\jimmy\Desktop\meta-bi\Samples\Demos\MetaOrchestrationHairballCliIntegration\Runs\hairball-seed-20260530\RunArtifacts\runs\20260603-180446_a5be0e4746854bda812ecb0a558a271a\logs\BridgeL03L04-22284.stderr.log
2026-06-03T18:04:59.4424307+00:00	WorkerEvent	ExtractSeed01.extract-seed-01	GrantAccepted; ExitCode=0; 
2026-06-03T18:04:59.4463276+00:00	WorkerEvent	ExtractSeed02.extract-seed-02	GrantAccepted; ExitCode=0; 
2026-06-03T18:04:59.4475195+00:00	WorkerEvent	ExtractSeed03.extract-seed-03	GrantAccepted; ExitCode=0; 
2026-06-03T18:04:59.4481024+00:00	WorkerEvent	ExtractSeed04.extract-seed-04	GrantAccepted; ExitCode=0; 
2026-06-03T18:04:59.4497969+00:00	WorkerEvent	ExtractSeed05.extract-seed-05	GrantAccepted; ExitCode=0; 
2026-06-03T18:04:59.4520253+00:00	WorkerEvent	ExtractSeed06.extract-seed-06	GrantAccepted; ExitCode=0; 
2026-06-03T18:04:59.4528126+00:00	WorkerEvent	ExtractSeed07.extract-seed-07	GrantAccepted; ExitCode=0; 
2026-06-03T18:04:59.4534071+00:00	WorkerEvent	ExtractSeed08.extract-seed-08	TaskReady; ExitCode=0; 
2026-06-03T18:04:59.4539602+00:00	WorkerEvent	AuditHairball	PipelineStarted; ExitCode=0; pipeline started
2026-06-03T18:04:59.4544757+00:00	WorkerEvent	BridgeL01L02	WorkerReady; ExitCode=0; ready
2026-06-03T18:04:59.4553021+00:00	StartPipeline	BridgeL01L02	BridgeL01L02
2026-06-03T18:04:59.4559958+00:00	WorkerEvent	ExtractSeed01.extract-seed-01	TaskStarted; ExitCode=0; 
2026-06-03T18:04:59.4574573+00:00	WorkerEvent	ExtractSeed02.extract-seed-02	TaskStarted; ExitCode=0; 
2026-06-03T18:04:59.4581262+00:00	WorkerEvent	ExtractSeed03.extract-seed-03	TaskStarted; ExitCode=0; 
2026-06-03T18:04:59.4586616+00:00	WorkerEvent	ExtractSeed04.extract-seed-04	TaskStarted; ExitCode=0; 
2026-06-03T18:04:59.4590722+00:00	WorkerEvent	ExtractSeed05.extract-seed-05	TaskStarted; ExitCode=0; 
2026-06-03T18:04:59.4595430+00:00	WorkerEvent	ExtractSeed06.extract-seed-06	TaskStarted; ExitCode=0; 
2026-06-03T18:04:59.4602228+00:00	WorkerEvent	ExtractSeed07.extract-seed-07	TaskStarted; ExitCode=0; 
2026-06-03T18:04:59.4606797+00:00	WorkerEvent	AuditHairball.audit-hairball	TaskReady; ExitCode=0; 
2026-06-03T18:04:59.4611241+00:00	WorkerEvent	BridgeL03L04	WorkerOnline; ExitCode=0; online
2026-06-03T18:04:59.4714437+00:00	GrantTask	ExtractSeed08.extract-seed-08	ExtractSeed08.extract-seed-08; GrantId=grant-8; Attempt=1
2026-06-03T18:04:59.4718436+00:00	WorkerStarting	BridgeL05L06	meta-pipeline
2026-06-03T18:05:00.4435540+00:00	WorkerStarted	BridgeL05L06	19000
2026-06-03T18:05:00.4442579+00:00	WorkerControlPipe	BridgeL05L06	meta-orchestration-790dbbb1dbe64600889dbaecd1b4863f
2026-06-03T18:05:00.4448945+00:00	WorkerLog	BridgeL05L06	stdout=C:\Users\jimmy\Desktop\meta-bi\Samples\Demos\MetaOrchestrationHairballCliIntegration\Runs\hairball-seed-20260530\RunArtifacts\runs\20260603-180446_a5be0e4746854bda812ecb0a558a271a\logs\BridgeL05L06-19000.stdout.log; stderr=C:\Users\jimmy\Desktop\meta-bi\Samples\Demos\MetaOrchestrationHairballCliIntegration\Runs\hairball-seed-20260530\RunArtifacts\runs\20260603-180446_a5be0e4746854bda812ecb0a558a271a\logs\BridgeL05L06-19000.stderr.log
2026-06-03T18:05:00.4463501+00:00	WorkerEvent	ExtractSeed08.extract-seed-08	GrantAccepted; ExitCode=0; 
2026-06-03T18:05:00.4541806+00:00	WorkerEvent	BridgeL03L04	WorkerReady; ExitCode=0; ready
2026-06-03T18:05:00.4583078+00:00	StartPipeline	BridgeL03L04	BridgeL03L04
2026-06-03T18:05:00.4589472+00:00	WorkerEvent	ExtractSeed08.extract-seed-08	TaskStarted; ExitCode=0; 
2026-06-03T18:05:00.4596121+00:00	WorkerEvent	BridgeL05L06	WorkerOnline; ExitCode=0; online
2026-06-03T18:05:00.4871131+00:00	WorkerEvent	BridgeL05L06	WorkerReady; ExitCode=0; ready
2026-06-03T18:05:00.4880495+00:00	StartPipeline	BridgeL05L06	BridgeL05L06
2026-06-03T18:05:01.3813183+00:00	WorkerEvent	BridgeL01L02	PipelineStarted; ExitCode=0; pipeline started
2026-06-03T18:05:01.3835650+00:00	WorkerEvent	ExtractSeed01.extract-seed-01	TaskSucceeded; ExitCode=0; 
2026-06-03T18:05:01.3887819+00:00	TaskSucceeded	ExtractSeed01.extract-seed-01	0
2026-06-03T18:05:01.3896401+00:00	WorkerEvent	ExtractSeed03.extract-seed-03	TaskSucceeded; ExitCode=0; 
2026-06-03T18:05:01.3902020+00:00	TaskSucceeded	ExtractSeed03.extract-seed-03	0
2026-06-03T18:05:01.3905705+00:00	WorkerEvent	ExtractSeed04.extract-seed-04	TaskSucceeded; ExitCode=0; 
2026-06-03T18:05:01.3910721+00:00	TaskSucceeded	ExtractSeed04.extract-seed-04	0
2026-06-03T18:05:01.3914961+00:00	WorkerEvent	ExtractSeed02.extract-seed-02	TaskSucceeded; ExitCode=0; 
2026-06-03T18:05:01.3921239+00:00	TaskSucceeded	ExtractSeed02.extract-seed-02	0
2026-06-03T18:05:01.3931091+00:00	WorkerEvent	ExtractSeed05.extract-seed-05	TaskSucceeded; ExitCode=0; 
2026-06-03T18:05:01.3938297+00:00	TaskSucceeded	ExtractSeed05.extract-seed-05	0
2026-06-03T18:05:01.3949622+00:00	WorkerEvent	ExtractSeed06.extract-seed-06	TaskSucceeded; ExitCode=0; 
2026-06-03T18:05:01.3962972+00:00	TaskSucceeded	ExtractSeed06.extract-seed-06	0
2026-06-03T18:05:01.3968193+00:00	WorkerEvent	ExtractSeed07.extract-seed-07	TaskSucceeded; ExitCode=0; 
2026-06-03T18:05:01.3974996+00:00	TaskSucceeded	ExtractSeed07.extract-seed-07	0
2026-06-03T18:05:01.3982109+00:00	WorkerEvent	BridgeL01L02.bridge-l01-l02-collect	TaskReady; ExitCode=0; 
2026-06-03T18:05:01.4021944+00:00	WorkerDeferredForCapacity	AuditHairball	Deferred by orchestration to honor max active worker process capacity.
2026-06-03T18:05:01.4031050+00:00	StopPipeline	AuditHairball	Deferred by orchestration to honor max active worker process capacity.
2026-06-03T18:05:01.4042897+00:00	WorkerDeferredForCapacity	BridgeL01L02	Deferred by orchestration to honor max active worker process capacity.
2026-06-03T18:05:01.4046718+00:00	StopPipeline	BridgeL01L02	Deferred by orchestration to honor max active worker process capacity.
2026-06-03T18:05:01.4434556+00:00	WorkerEvent	AuditHairball	Closed; ExitCode=0; 
2026-06-03T18:05:01.4517257+00:00	WorkerDeferred	AuditHairball	ResumeTaskId=AuditHairball.audit-hairball
2026-06-03T18:05:01.4528911+00:00	WorkerStarting	Layer01Node06	meta-pipeline
2026-06-03T18:05:01.6911924+00:00	WorkerStarted	Layer01Node06	13120
2026-06-03T18:05:01.6917438+00:00	WorkerControlPipe	Layer01Node06	meta-orchestration-0162a97d630d4e5baab9134200a86730
2026-06-03T18:05:01.6923559+00:00	WorkerLog	Layer01Node06	stdout=C:\Users\jimmy\Desktop\meta-bi\Samples\Demos\MetaOrchestrationHairballCliIntegration\Runs\hairball-seed-20260530\RunArtifacts\runs\20260603-180446_a5be0e4746854bda812ecb0a558a271a\logs\Layer01Node06-13120.stdout.log; stderr=C:\Users\jimmy\Desktop\meta-bi\Samples\Demos\MetaOrchestrationHairballCliIntegration\Runs\hairball-seed-20260530\RunArtifacts\runs\20260603-180446_a5be0e4746854bda812ecb0a558a271a\logs\Layer01Node06-13120.stderr.log
2026-06-03T18:05:01.6930869+00:00	WorkerEvent	ExtractSeed02	Closed; ExitCode=0; 
2026-06-03T18:05:01.6972469+00:00	PipelineCompleted	ExtractSeed02	
2026-06-03T18:05:01.6982366+00:00	WorkerEvent	ExtractSeed08.extract-seed-08	TaskSucceeded; ExitCode=0; 
2026-06-03T18:05:01.6998112+00:00	TaskSucceeded	ExtractSeed08.extract-seed-08	0
2026-06-03T18:05:01.7004545+00:00	WorkerEvent	BridgeL01L02	Closed; ExitCode=0; 
2026-06-03T18:05:01.7013096+00:00	WorkerDeferred	BridgeL01L02	ResumeTaskId=BridgeL01L02.bridge-l01-l02-collect
2026-06-03T18:05:01.7033961+00:00	WorkerStarting	Layer01Node01	meta-pipeline
2026-06-03T18:05:01.8393439+00:00	WorkerStarted	Layer01Node01	27756
2026-06-03T18:05:01.8396995+00:00	WorkerControlPipe	Layer01Node01	meta-orchestration-07825d6dbcc949ed8be1feee6ba1865c
2026-06-03T18:05:01.8399998+00:00	WorkerLog	Layer01Node01	stdout=C:\Users\jimmy\Desktop\meta-bi\Samples\Demos\MetaOrchestrationHairballCliIntegration\Runs\hairball-seed-20260530\RunArtifacts\runs\20260603-180446_a5be0e4746854bda812ecb0a558a271a\logs\Layer01Node01-27756.stdout.log; stderr=C:\Users\jimmy\Desktop\meta-bi\Samples\Demos\MetaOrchestrationHairballCliIntegration\Runs\hairball-seed-20260530\RunArtifacts\runs\20260603-180446_a5be0e4746854bda812ecb0a558a271a\logs\Layer01Node01-27756.stderr.log
2026-06-03T18:05:01.8457746+00:00	WorkerEvent	Layer01Node06	WorkerOnline; ExitCode=0; online
2026-06-03T18:05:01.8471247+00:00	WorkerStarting	Layer01Node07	meta-pipeline
2026-06-03T18:05:01.9856250+00:00	WorkerStarted	Layer01Node07	20132
2026-06-03T18:05:01.9860519+00:00	WorkerControlPipe	Layer01Node07	meta-orchestration-12256d057c4e4fbb9e5e4af09a15e81e
2026-06-03T18:05:01.9864061+00:00	WorkerLog	Layer01Node07	stdout=C:\Users\jimmy\Desktop\meta-bi\Samples\Demos\MetaOrchestrationHairballCliIntegration\Runs\hairball-seed-20260530\RunArtifacts\runs\20260603-180446_a5be0e4746854bda812ecb0a558a271a\logs\Layer01Node07-20132.stdout.log; stderr=C:\Users\jimmy\Desktop\meta-bi\Samples\Demos\MetaOrchestrationHairballCliIntegration\Runs\hairball-seed-20260530\RunArtifacts\runs\20260603-180446_a5be0e4746854bda812ecb0a558a271a\logs\Layer01Node07-20132.stderr.log
2026-06-03T18:05:01.9868924+00:00	WorkerEvent	Layer01Node06	WorkerReady; ExitCode=0; ready
2026-06-03T18:05:01.9875714+00:00	StartPipeline	Layer01Node06	Layer01Node06
2026-06-03T18:05:01.9882237+00:00	WorkerEvent	Layer01Node01	WorkerOnline; ExitCode=0; online
2026-06-03T18:05:01.9892979+00:00	WorkerEvent	Layer01Node01	WorkerReady; ExitCode=0; ready
2026-06-03T18:05:01.9929345+00:00	StartPipeline	Layer01Node01	Layer01Node01
2026-06-03T18:05:02.0202885+00:00	WorkerEvent	Layer01Node07	WorkerOnline; ExitCode=0; online
2026-06-03T18:05:02.0223800+00:00	WorkerEvent	Layer01Node07	WorkerReady; ExitCode=0; ready
2026-06-03T18:05:02.0259316+00:00	StartPipeline	Layer01Node07	Layer01Node07
2026-06-03T18:05:02.0293458+00:00	WorkerEvent	BridgeL03L04	PipelineStarted; ExitCode=0; pipeline started
2026-06-03T18:05:02.0337981+00:00	WorkerEvent	BridgeL03L04.bridge-l03-l04-collect	TaskReady; ExitCode=0; 
2026-06-03T18:05:02.0356805+00:00	WorkerDeferredForCapacity	BridgeL03L04	Deferred by orchestration to honor max active worker process capacity.
2026-06-03T18:05:02.0364209+00:00	StopPipeline	BridgeL03L04	Deferred by orchestration to honor max active worker process capacity.
2026-06-03T18:05:02.0698151+00:00	WorkerEvent	BridgeL03L04	Closed; ExitCode=0; 
2026-06-03T18:05:02.0706137+00:00	WorkerDeferred	BridgeL03L04	ResumeTaskId=BridgeL03L04.bridge-l03-l04-collect
2026-06-03T18:05:02.0714037+00:00	WorkerStarting	Layer03Node09	meta-pipeline
2026-06-03T18:05:02.1996222+00:00	WorkerStarted	Layer03Node09	11424
2026-06-03T18:05:02.2003454+00:00	WorkerControlPipe	Layer03Node09	meta-orchestration-8fe74a69f0ee4ac2b596af21006bd513
2026-06-03T18:05:02.2007547+00:00	WorkerLog	Layer03Node09	stdout=C:\Users\jimmy\Desktop\meta-bi\Samples\Demos\MetaOrchestrationHairballCliIntegration\Runs\hairball-seed-20260530\RunArtifacts\runs\20260603-180446_a5be0e4746854bda812ecb0a558a271a\logs\Layer03Node09-11424.stdout.log; stderr=C:\Users\jimmy\Desktop\meta-bi\Samples\Demos\MetaOrchestrationHairballCliIntegration\Runs\hairball-seed-20260530\RunArtifacts\runs\20260603-180446_a5be0e4746854bda812ecb0a558a271a\logs\Layer03Node09-11424.stderr.log
2026-06-03T18:05:02.2011591+00:00	WorkerEvent	BridgeL05L06	PipelineStarted; ExitCode=0; pipeline started
2026-06-03T18:05:02.2037713+00:00	WorkerEvent	BridgeL05L06.bridge-l05-l06-collect	TaskReady; ExitCode=0; 
2026-06-03T18:05:02.2309609+00:00	WorkerEvent	Layer03Node09	WorkerOnline; ExitCode=0; online
2026-06-03T18:05:02.2358206+00:00	WorkerEvent	Layer03Node09	WorkerReady; ExitCode=0; ready
2026-06-03T18:05:02.2396720+00:00	StartPipeline	Layer03Node09	Layer03Node09
2026-06-03T18:05:02.7310842+00:00	WorkerEvent	Layer01Node06	PipelineStarted; ExitCode=0; pipeline started
2026-06-03T18:05:02.7340186+00:00	WorkerEvent	Layer01Node06.refresh-l01-n06	TaskReady; ExitCode=0; 
2026-06-03T18:05:02.7361721+00:00	GrantTask	Layer01Node06.refresh-l01-n06	Layer01Node06.refresh-l01-n06; GrantId=grant-9; Attempt=1
2026-06-03T18:05:02.7367347+00:00	WorkerEvent	Layer01Node06.refresh-l01-n06	GrantAccepted; ExitCode=0; 
2026-06-03T18:05:02.7383629+00:00	WorkerEvent	Layer01Node06.refresh-l01-n06	TaskStarted; ExitCode=0; 
2026-06-03T18:05:02.7568172+00:00	WorkerEvent	Layer01Node07	PipelineStarted; ExitCode=0; pipeline started
2026-06-03T18:05:02.7590787+00:00	WorkerEvent	Layer01Node07.refresh-l01-n07	TaskReady; ExitCode=0; 
2026-06-03T18:05:02.7640501+00:00	GrantTask	Layer01Node07.refresh-l01-n07	Layer01Node07.refresh-l01-n07; GrantId=grant-10; Attempt=1
2026-06-03T18:05:02.7673564+00:00	WorkerEvent	Layer01Node07.refresh-l01-n07	GrantAccepted; ExitCode=0; 
2026-06-03T18:05:02.7695646+00:00	WorkerEvent	Layer01Node07.refresh-l01-n07	TaskStarted; ExitCode=0; 
2026-06-03T18:05:02.8058971+00:00	WorkerEvent	Layer01Node01	PipelineStarted; ExitCode=0; pipeline started
2026-06-03T18:05:02.8095165+00:00	WorkerEvent	Layer01Node01.export-l01-n01	TaskReady; ExitCode=0; 
2026-06-03T18:05:02.8138186+00:00	GrantTask	Layer01Node01.export-l01-n01	Layer01Node01.export-l01-n01; GrantId=grant-11; Attempt=1
2026-06-03T18:05:02.8169242+00:00	WorkerEvent	Layer01Node01.export-l01-n01	GrantAccepted; ExitCode=0; 
2026-06-03T18:05:02.8196448+00:00	WorkerEvent	Layer01Node01.export-l01-n01	TaskStarted; ExitCode=0; 
2026-06-03T18:05:03.0456646+00:00	WorkerEvent	Layer03Node09	PipelineStarted; ExitCode=0; pipeline started
2026-06-03T18:05:03.0512700+00:00	WorkerEvent	Layer03Node09.refresh-l03-n09	TaskReady; ExitCode=0; 
2026-06-03T18:05:03.0536975+00:00	GrantTask	Layer03Node09.refresh-l03-n09	Layer03Node09.refresh-l03-n09; GrantId=grant-12; Attempt=1
2026-06-03T18:05:03.0543125+00:00	WorkerEvent	Layer03Node09.refresh-l03-n09	GrantAccepted; ExitCode=0; 
2026-06-03T18:05:03.0565010+00:00	WorkerEvent	Layer03Node09.refresh-l03-n09	TaskStarted; ExitCode=0; 
2026-06-03T18:05:03.3178616+00:00	WorkerEvent	Layer01Node06.refresh-l01-n06	TaskSucceeded; ExitCode=0; 
2026-06-03T18:05:03.3186350+00:00	TaskSucceeded	Layer01Node06.refresh-l01-n06	0
2026-06-03T18:05:03.3194567+00:00	WorkerDeferredForCapacity	BridgeL05L06	Deferred by orchestration to honor max active worker process capacity.
2026-06-03T18:05:03.3199557+00:00	StopPipeline	BridgeL05L06	Deferred by orchestration to honor max active worker process capacity.
2026-06-03T18:05:03.3208340+00:00	WorkerEvent	Layer01Node07.refresh-l01-n07	TaskSucceeded; ExitCode=0; 
2026-06-03T18:05:03.3214223+00:00	TaskSucceeded	Layer01Node07.refresh-l01-n07	0
2026-06-03T18:05:03.3583266+00:00	WorkerEvent	BridgeL05L06	Closed; ExitCode=0; 
2026-06-03T18:05:03.3594466+00:00	WorkerDeferred	BridgeL05L06	ResumeTaskId=BridgeL05L06.bridge-l05-l06-collect
2026-06-03T18:05:03.3615331+00:00	WorkerStarting	Layer02Node03	meta-pipeline
2026-06-03T18:05:03.5056832+00:00	WorkerStarted	Layer02Node03	7876
2026-06-03T18:05:03.5061737+00:00	WorkerControlPipe	Layer02Node03	meta-orchestration-33bc4220eac74ba098042b21a04e5626
2026-06-03T18:05:03.5066257+00:00	WorkerLog	Layer02Node03	stdout=C:\Users\jimmy\Desktop\meta-bi\Samples\Demos\MetaOrchestrationHairballCliIntegration\Runs\hairball-seed-20260530\RunArtifacts\runs\20260603-180446_a5be0e4746854bda812ecb0a558a271a\logs\Layer02Node03-7876.stdout.log; stderr=C:\Users\jimmy\Desktop\meta-bi\Samples\Demos\MetaOrchestrationHairballCliIntegration\Runs\hairball-seed-20260530\RunArtifacts\runs\20260603-180446_a5be0e4746854bda812ecb0a558a271a\logs\Layer02Node03-7876.stderr.log
2026-06-03T18:05:03.5070600+00:00	WorkerEvent	Layer01Node07	Closed; ExitCode=0; 
2026-06-03T18:05:03.5075723+00:00	PipelineCompleted	Layer01Node07	
2026-06-03T18:05:03.5079743+00:00	WorkerEvent	Layer01Node06	Closed; ExitCode=0; 
2026-06-03T18:05:03.5086457+00:00	PipelineCompleted	Layer01Node06	
2026-06-03T18:05:03.5116187+00:00	WorkerResuming	AuditHairball	ResumeTaskId=AuditHairball.audit-hairball; Executable=meta-pipeline
2026-06-03T18:05:03.6545096+00:00	WorkerStarted	AuditHairball	27416
2026-06-03T18:05:03.6550559+00:00	WorkerControlPipe	AuditHairball	meta-orchestration-9920849b9d104a2485dfca9963eaafae
2026-06-03T18:05:03.6554948+00:00	WorkerLog	AuditHairball	stdout=C:\Users\jimmy\Desktop\meta-bi\Samples\Demos\MetaOrchestrationHairballCliIntegration\Runs\hairball-seed-20260530\RunArtifacts\runs\20260603-180446_a5be0e4746854bda812ecb0a558a271a\logs\AuditHairball-27416.stdout.log; stderr=C:\Users\jimmy\Desktop\meta-bi\Samples\Demos\MetaOrchestrationHairballCliIntegration\Runs\hairball-seed-20260530\RunArtifacts\runs\20260603-180446_a5be0e4746854bda812ecb0a558a271a\logs\AuditHairball-27416.stderr.log
2026-06-03T18:05:03.6558893+00:00	WorkerEvent	Layer03Node09.refresh-l03-n09	TaskSucceeded; ExitCode=0; 
2026-06-03T18:05:03.6565004+00:00	TaskSucceeded	Layer03Node09.refresh-l03-n09	0
2026-06-03T18:05:03.6569157+00:00	WorkerEvent	Layer02Node03	WorkerOnline; ExitCode=0; online
2026-06-03T18:05:03.6591773+00:00	WorkerResuming	BridgeL01L02	ResumeTaskId=BridgeL01L02.bridge-l01-l02-collect; Executable=meta-pipeline
2026-06-03T18:05:03.7882104+00:00	WorkerStarted	BridgeL01L02	29260
2026-06-03T18:05:03.7886100+00:00	WorkerControlPipe	BridgeL01L02	meta-orchestration-3f9f6982ebe6484799bbf505c22e3dbb
2026-06-03T18:05:03.7889723+00:00	WorkerLog	BridgeL01L02	stdout=C:\Users\jimmy\Desktop\meta-bi\Samples\Demos\MetaOrchestrationHairballCliIntegration\Runs\hairball-seed-20260530\RunArtifacts\runs\20260603-180446_a5be0e4746854bda812ecb0a558a271a\logs\BridgeL01L02-29260.stdout.log; stderr=C:\Users\jimmy\Desktop\meta-bi\Samples\Demos\MetaOrchestrationHairballCliIntegration\Runs\hairball-seed-20260530\RunArtifacts\runs\20260603-180446_a5be0e4746854bda812ecb0a558a271a\logs\BridgeL01L02-29260.stderr.log
2026-06-03T18:05:03.7894121+00:00	WorkerEvent	AuditHairball	WorkerOnline; ExitCode=0; online
2026-06-03T18:05:03.7899965+00:00	WorkerEvent	Layer01Node01.export-l01-n01	TaskSucceeded; ExitCode=0; 
2026-06-03T18:05:03.7905671+00:00	TaskSucceeded	Layer01Node01.export-l01-n01	0
2026-06-03T18:05:03.7909482+00:00	WorkerEvent	AuditHairball	WorkerReady; ExitCode=0; ready
2026-06-03T18:05:03.7949133+00:00	StartPipeline	AuditHairball	AuditHairball
2026-06-03T18:05:03.7964112+00:00	WorkerEvent	Layer02Node03	WorkerReady; ExitCode=0; ready
2026-06-03T18:05:03.7980955+00:00	StartPipeline	Layer02Node03	Layer02Node03
2026-06-03T18:05:03.8166338+00:00	WorkerEvent	BridgeL01L02	WorkerOnline; ExitCode=0; online
2026-06-03T18:05:03.8193867+00:00	WorkerEvent	BridgeL01L02	WorkerReady; ExitCode=0; ready
2026-06-03T18:05:03.8228000+00:00	StartPipeline	BridgeL01L02	BridgeL01L02
2026-06-03T18:05:04.4325765+00:00	WorkerEvent	AuditHairball	PipelineStarted; ExitCode=0; pipeline started
2026-06-03T18:05:04.4349291+00:00	WorkerEvent	AuditHairball.audit-hairball	TaskReady; ExitCode=0; 
2026-06-03T18:05:04.4360644+00:00	WorkerDeferredForCapacity	AuditHairball	Deferred by orchestration to honor max active worker process capacity.
2026-06-03T18:05:04.4366561+00:00	StopPipeline	AuditHairball	Deferred by orchestration to honor max active worker process capacity.
2026-06-03T18:05:04.4652548+00:00	WorkerEvent	AuditHairball	Closed; ExitCode=0; 
2026-06-03T18:05:04.4664274+00:00	WorkerDeferred	AuditHairball	ResumeTaskId=AuditHairball.audit-hairball
2026-06-03T18:05:04.4673544+00:00	WorkerStarting	Layer01Node02	meta-pipeline
2026-06-03T18:05:04.6152060+00:00	WorkerStarted	Layer01Node02	31188
2026-06-03T18:05:04.6163294+00:00	WorkerControlPipe	Layer01Node02	meta-orchestration-7dd9b6a0b0114eceb4d302212ba93a9d
2026-06-03T18:05:04.6171256+00:00	WorkerLog	Layer01Node02	stdout=C:\Users\jimmy\Desktop\meta-bi\Samples\Demos\MetaOrchestrationHairballCliIntegration\Runs\hairball-seed-20260530\RunArtifacts\runs\20260603-180446_a5be0e4746854bda812ecb0a558a271a\logs\Layer01Node02-31188.stdout.log; stderr=C:\Users\jimmy\Desktop\meta-bi\Samples\Demos\MetaOrchestrationHairballCliIntegration\Runs\hairball-seed-20260530\RunArtifacts\runs\20260603-180446_a5be0e4746854bda812ecb0a558a271a\logs\Layer01Node02-31188.stderr.log
2026-06-03T18:05:04.6183656+00:00	WorkerEvent	Layer02Node03	PipelineStarted; ExitCode=0; pipeline started
2026-06-03T18:05:04.6218204+00:00	WorkerEvent	Layer02Node03.select-l02-n03	TaskReady; ExitCode=0; 
2026-06-03T18:05:04.6238146+00:00	GrantTask	Layer02Node03.select-l02-n03	Layer02Node03.select-l02-n03; GrantId=grant-13; Attempt=1
2026-06-03T18:05:04.6243455+00:00	WorkerEvent	Layer02Node03.select-l02-n03	GrantAccepted; ExitCode=0; 
2026-06-03T18:05:04.6254103+00:00	WorkerEvent	Layer02Node03.select-l02-n03	TaskStarted; ExitCode=0; 
2026-06-03T18:05:04.6535227+00:00	WorkerEvent	Layer01Node02	WorkerOnline; ExitCode=0; online
2026-06-03T18:05:04.6558956+00:00	WorkerEvent	Layer01Node02	WorkerReady; ExitCode=0; ready
2026-06-03T18:05:04.6621954+00:00	StartPipeline	Layer01Node02	Layer01Node02
2026-06-03T18:05:04.7691172+00:00	WorkerEvent	BridgeL01L02	PipelineStarted; ExitCode=0; pipeline started
2026-06-03T18:05:04.7718006+00:00	WorkerEvent	BridgeL01L02.bridge-l01-l02-collect	TaskReady; ExitCode=0; 
2026-06-03T18:05:04.7730594+00:00	WorkerDeferredForCapacity	BridgeL01L02	Deferred by orchestration to honor max active worker process capacity.
2026-06-03T18:05:04.7734979+00:00	StopPipeline	BridgeL01L02	Deferred by orchestration to honor max active worker process capacity.
2026-06-03T18:05:04.8052490+00:00	WorkerEvent	BridgeL01L02	Closed; ExitCode=0; 
2026-06-03T18:05:04.8060121+00:00	WorkerDeferred	BridgeL01L02	ResumeTaskId=BridgeL01L02.bridge-l01-l02-collect
2026-06-03T18:05:04.8067220+00:00	WorkerStarting	Layer01Node04	meta-pipeline
2026-06-03T18:05:04.9534362+00:00	WorkerStarted	Layer01Node04	26696
2026-06-03T18:05:04.9538740+00:00	WorkerControlPipe	Layer01Node04	meta-orchestration-769f2d60370847a98d280ebca37bc609
2026-06-03T18:05:04.9543058+00:00	WorkerLog	Layer01Node04	stdout=C:\Users\jimmy\Desktop\meta-bi\Samples\Demos\MetaOrchestrationHairballCliIntegration\Runs\hairball-seed-20260530\RunArtifacts\runs\20260603-180446_a5be0e4746854bda812ecb0a558a271a\logs\Layer01Node04-26696.stdout.log; stderr=C:\Users\jimmy\Desktop\meta-bi\Samples\Demos\MetaOrchestrationHairballCliIntegration\Runs\hairball-seed-20260530\RunArtifacts\runs\20260603-180446_a5be0e4746854bda812ecb0a558a271a\logs\Layer01Node04-26696.stderr.log
2026-06-03T18:05:04.9849784+00:00	WorkerEvent	Layer01Node04	WorkerOnline; ExitCode=0; online
2026-06-03T18:05:04.9876235+00:00	WorkerEvent	Layer01Node04	WorkerReady; ExitCode=0; ready
2026-06-03T18:05:04.9917397+00:00	StartPipeline	Layer01Node04	Layer01Node04
2026-06-03T18:05:05.2262600+00:00	WorkerEvent	Layer02Node03.select-l02-n03	TaskSucceeded; ExitCode=0; 
2026-06-03T18:05:05.2271602+00:00	TaskSucceeded	Layer02Node03.select-l02-n03	0
2026-06-03T18:05:05.2624328+00:00	WorkerEvent	Layer02Node03	Closed; ExitCode=0; 
2026-06-03T18:05:05.2633887+00:00	PipelineCompleted	Layer02Node03	
2026-06-03T18:05:05.2656149+00:00	WorkerResuming	AuditHairball	ResumeTaskId=AuditHairball.audit-hairball; Executable=meta-pipeline
2026-06-03T18:05:05.3861995+00:00	WorkerStarted	AuditHairball	26756
2026-06-03T18:05:05.3867038+00:00	WorkerControlPipe	AuditHairball	meta-orchestration-cd0673d75dac4dfba3683ce70c2b90a8
2026-06-03T18:05:05.3870432+00:00	WorkerLog	AuditHairball	stdout=C:\Users\jimmy\Desktop\meta-bi\Samples\Demos\MetaOrchestrationHairballCliIntegration\Runs\hairball-seed-20260530\RunArtifacts\runs\20260603-180446_a5be0e4746854bda812ecb0a558a271a\logs\AuditHairball-26756.stdout.log; stderr=C:\Users\jimmy\Desktop\meta-bi\Samples\Demos\MetaOrchestrationHairballCliIntegration\Runs\hairball-seed-20260530\RunArtifacts\runs\20260603-180446_a5be0e4746854bda812ecb0a558a271a\logs\AuditHairball-26756.stderr.log
2026-06-03T18:05:05.4107954+00:00	WorkerEvent	AuditHairball	WorkerOnline; ExitCode=0; online
2026-06-03T18:05:05.4140053+00:00	WorkerEvent	AuditHairball	WorkerReady; ExitCode=0; ready
2026-06-03T18:05:05.4185113+00:00	StartPipeline	AuditHairball	AuditHairball
2026-06-03T18:05:05.4841595+00:00	WorkerEvent	Layer01Node02	PipelineStarted; ExitCode=0; pipeline started
2026-06-03T18:05:05.4866234+00:00	WorkerEvent	Layer01Node02.select-l01-n02	TaskReady; ExitCode=0; 
2026-06-03T18:05:05.4887669+00:00	GrantTask	Layer01Node02.select-l01-n02	Layer01Node02.select-l01-n02; GrantId=grant-14; Attempt=1
2026-06-03T18:05:05.4892016+00:00	WorkerEvent	Layer01Node02.select-l01-n02	GrantAccepted; ExitCode=0; 
2026-06-03T18:05:05.4915523+00:00	WorkerEvent	Layer01Node02.select-l01-n02	TaskStarted; ExitCode=0; 
2026-06-03T18:05:05.6870327+00:00	WorkerEvent	Layer01Node04	PipelineStarted; ExitCode=0; pipeline started
2026-06-03T18:05:05.6897315+00:00	WorkerEvent	Layer01Node04.export-l01-n04	TaskReady; ExitCode=0; 
2026-06-03T18:05:05.6932575+00:00	GrantTask	Layer01Node04.export-l01-n04	Layer01Node04.export-l01-n04; GrantId=grant-15; Attempt=1
2026-06-03T18:05:05.6954021+00:00	WorkerEvent	Layer01Node04.export-l01-n04	GrantAccepted; ExitCode=0; 
2026-06-03T18:05:05.6979922+00:00	WorkerEvent	Layer01Node04.export-l01-n04	TaskStarted; ExitCode=0; 
2026-06-03T18:05:06.0098554+00:00	WorkerEvent	Layer01Node02.select-l01-n02	TaskSucceeded; ExitCode=0; 
2026-06-03T18:05:06.0110216+00:00	TaskSucceeded	Layer01Node02.select-l01-n02	0
2026-06-03T18:05:06.0512958+00:00	WorkerEvent	Layer01Node02	Closed; ExitCode=0; 
2026-06-03T18:05:06.0520486+00:00	PipelineCompleted	Layer01Node02	
2026-06-03T18:05:06.0526554+00:00	WorkerStarting	Layer01Node03	meta-pipeline
2026-06-03T18:05:06.1727055+00:00	WorkerStarted	Layer01Node03	3940
2026-06-03T18:05:06.1732505+00:00	WorkerControlPipe	Layer01Node03	meta-orchestration-6e64a425efdf49a28665c777fca907f7
2026-06-03T18:05:06.1735695+00:00	WorkerLog	Layer01Node03	stdout=C:\Users\jimmy\Desktop\meta-bi\Samples\Demos\MetaOrchestrationHairballCliIntegration\Runs\hairball-seed-20260530\RunArtifacts\runs\20260603-180446_a5be0e4746854bda812ecb0a558a271a\logs\Layer01Node03-3940.stdout.log; stderr=C:\Users\jimmy\Desktop\meta-bi\Samples\Demos\MetaOrchestrationHairballCliIntegration\Runs\hairball-seed-20260530\RunArtifacts\runs\20260603-180446_a5be0e4746854bda812ecb0a558a271a\logs\Layer01Node03-3940.stderr.log
2026-06-03T18:05:06.1740390+00:00	WorkerEvent	AuditHairball	PipelineStarted; ExitCode=0; pipeline started
2026-06-03T18:05:06.1765915+00:00	WorkerEvent	AuditHairball.audit-hairball	TaskReady; ExitCode=0; 
2026-06-03T18:05:06.1782789+00:00	WorkerDeferredForCapacity	AuditHairball	Deferred by orchestration to honor max active worker process capacity.
2026-06-03T18:05:06.1793515+00:00	StopPipeline	AuditHairball	Deferred by orchestration to honor max active worker process capacity.
2026-06-03T18:05:06.2034959+00:00	WorkerEvent	AuditHairball	Closed; ExitCode=0; 
2026-06-03T18:05:06.2043558+00:00	WorkerDeferred	AuditHairball	ResumeTaskId=AuditHairball.audit-hairball
2026-06-03T18:05:06.2048095+00:00	WorkerEvent	Layer01Node03	WorkerOnline; ExitCode=0; online
2026-06-03T18:05:06.2056599+00:00	WorkerStarting	Layer01Node05	meta-pipeline
2026-06-03T18:05:06.3263641+00:00	WorkerStarted	Layer01Node05	6300
2026-06-03T18:05:06.3269340+00:00	WorkerControlPipe	Layer01Node05	meta-orchestration-4d82b9634a8e461ebeeecb1f2d6a4867
2026-06-03T18:05:06.3273013+00:00	WorkerLog	Layer01Node05	stdout=C:\Users\jimmy\Desktop\meta-bi\Samples\Demos\MetaOrchestrationHairballCliIntegration\Runs\hairball-seed-20260530\RunArtifacts\runs\20260603-180446_a5be0e4746854bda812ecb0a558a271a\logs\Layer01Node05-6300.stdout.log; stderr=C:\Users\jimmy\Desktop\meta-bi\Samples\Demos\MetaOrchestrationHairballCliIntegration\Runs\hairball-seed-20260530\RunArtifacts\runs\20260603-180446_a5be0e4746854bda812ecb0a558a271a\logs\Layer01Node05-6300.stderr.log
2026-06-03T18:05:06.3278165+00:00	WorkerEvent	Layer01Node03	WorkerReady; ExitCode=0; ready
2026-06-03T18:05:06.3286278+00:00	StartPipeline	Layer01Node03	Layer01Node03
2026-06-03T18:05:06.3294061+00:00	WorkerEvent	Layer01Node04.export-l01-n04	TaskSucceeded; ExitCode=0; 
2026-06-03T18:05:06.3301524+00:00	TaskSucceeded	Layer01Node04.export-l01-n04	0
2026-06-03T18:05:06.3618173+00:00	WorkerEvent	Layer01Node05	WorkerOnline; ExitCode=0; online
2026-06-03T18:05:06.3645941+00:00	WorkerEvent	Layer01Node05	WorkerReady; ExitCode=0; ready
2026-06-03T18:05:06.3705905+00:00	StartPipeline	Layer01Node05	Layer01Node05
2026-06-03T18:05:07.0425334+00:00	WorkerEvent	Layer01Node05	PipelineStarted; ExitCode=0; pipeline started
2026-06-03T18:05:07.0447902+00:00	WorkerEvent	Layer01Node05.export-l01-n05	TaskReady; ExitCode=0; 
2026-06-03T18:05:07.0460863+00:00	GrantTask	Layer01Node05.export-l01-n05	Layer01Node05.export-l01-n05; GrantId=grant-16; Attempt=1
2026-06-03T18:05:07.0471184+00:00	WorkerEvent	Layer01Node05.export-l01-n05	GrantAccepted; ExitCode=0; 
2026-06-03T18:05:07.0490409+00:00	WorkerEvent	Layer01Node05.export-l01-n05	TaskStarted; ExitCode=0; 
2026-06-03T18:05:07.0526146+00:00	WorkerEvent	Layer01Node03	PipelineStarted; ExitCode=0; pipeline started
2026-06-03T18:05:07.0541705+00:00	WorkerEvent	Layer01Node03.select-l01-n03	TaskReady; ExitCode=0; 
2026-06-03T18:05:07.0551071+00:00	GrantTask	Layer01Node03.select-l01-n03	Layer01Node03.select-l01-n03; GrantId=grant-17; Attempt=1
2026-06-03T18:05:07.0557034+00:00	WorkerEvent	Layer01Node03.select-l01-n03	GrantAccepted; ExitCode=0; 
2026-06-03T18:05:07.0566472+00:00	WorkerEvent	Layer01Node03.select-l01-n03	TaskStarted; ExitCode=0; 
2026-06-03T18:05:07.4616499+00:00	WorkerEvent	Layer01Node03.select-l01-n03	TaskSucceeded; ExitCode=0; 
2026-06-03T18:05:07.4631947+00:00	TaskSucceeded	Layer01Node03.select-l01-n03	0
2026-06-03T18:05:07.5030358+00:00	WorkerEvent	Layer01Node03	Closed; ExitCode=0; 
2026-06-03T18:05:07.5037512+00:00	PipelineCompleted	Layer01Node03	
2026-06-03T18:05:07.5043400+00:00	WorkerStarting	Layer01Node08	meta-pipeline
2026-06-03T18:05:07.6497383+00:00	WorkerStarted	Layer01Node08	16240
2026-06-03T18:05:07.6502430+00:00	WorkerControlPipe	Layer01Node08	meta-orchestration-ecdab563babd43ff9bb8d5e91307e7f0
2026-06-03T18:05:07.6506945+00:00	WorkerLog	Layer01Node08	stdout=C:\Users\jimmy\Desktop\meta-bi\Samples\Demos\MetaOrchestrationHairballCliIntegration\Runs\hairball-seed-20260530\RunArtifacts\runs\20260603-180446_a5be0e4746854bda812ecb0a558a271a\logs\Layer01Node08-16240.stdout.log; stderr=C:\Users\jimmy\Desktop\meta-bi\Samples\Demos\MetaOrchestrationHairballCliIntegration\Runs\hairball-seed-20260530\RunArtifacts\runs\20260603-180446_a5be0e4746854bda812ecb0a558a271a\logs\Layer01Node08-16240.stderr.log
2026-06-03T18:05:07.6511960+00:00	WorkerEvent	Layer01Node05.export-l01-n05	TaskSucceeded; ExitCode=0; 
2026-06-03T18:05:07.6517316+00:00	TaskSucceeded	Layer01Node05.export-l01-n05	0
2026-06-03T18:05:07.6818419+00:00	WorkerEvent	Layer01Node08	WorkerOnline; ExitCode=0; online
2026-06-03T18:05:07.6845391+00:00	WorkerEvent	Layer01Node08	WorkerReady; ExitCode=0; ready
2026-06-03T18:05:07.6882588+00:00	StartPipeline	Layer01Node08	Layer01Node08
2026-06-03T18:05:08.2516651+00:00	WorkerEvent	Layer01Node08	PipelineStarted; ExitCode=0; pipeline started
2026-06-03T18:05:08.2534780+00:00	WorkerEvent	Layer01Node08.select-l01-n08	TaskReady; ExitCode=0; 
2026-06-03T18:05:08.2542766+00:00	GrantTask	Layer01Node08.select-l01-n08	Layer01Node08.select-l01-n08; GrantId=grant-18; Attempt=1
2026-06-03T18:05:08.2546876+00:00	WorkerEvent	Layer01Node08.select-l01-n08	GrantAccepted; ExitCode=0; 
2026-06-03T18:05:08.2553230+00:00	WorkerEvent	Layer01Node08.select-l01-n08	TaskStarted; ExitCode=0; 
2026-06-03T18:05:08.5986876+00:00	WorkerEvent	Layer01Node08.select-l01-n08	TaskSucceeded; ExitCode=0; 
2026-06-03T18:05:08.5996157+00:00	TaskSucceeded	Layer01Node08.select-l01-n08	0
2026-06-03T18:05:08.6373010+00:00	WorkerEvent	Layer01Node08	Closed; ExitCode=0; 
2026-06-03T18:05:08.6378794+00:00	PipelineCompleted	Layer01Node08	
2026-06-03T18:05:08.6385086+00:00	WorkerStarting	Layer01Hub	meta-pipeline
2026-06-03T18:05:08.7619669+00:00	WorkerStarted	Layer01Hub	4688
2026-06-03T18:05:08.7627612+00:00	WorkerControlPipe	Layer01Hub	meta-orchestration-632c1a3685c0411896b1994ddf4a094d
2026-06-03T18:05:08.7636491+00:00	WorkerLog	Layer01Hub	stdout=C:\Users\jimmy\Desktop\meta-bi\Samples\Demos\MetaOrchestrationHairballCliIntegration\Runs\hairball-seed-20260530\RunArtifacts\runs\20260603-180446_a5be0e4746854bda812ecb0a558a271a\logs\Layer01Hub-4688.stdout.log; stderr=C:\Users\jimmy\Desktop\meta-bi\Samples\Demos\MetaOrchestrationHairballCliIntegration\Runs\hairball-seed-20260530\RunArtifacts\runs\20260603-180446_a5be0e4746854bda812ecb0a558a271a\logs\Layer01Hub-4688.stderr.log
2026-06-03T18:05:08.7886896+00:00	WorkerEvent	Layer01Hub	WorkerOnline; ExitCode=0; online
2026-06-03T18:05:08.7929473+00:00	WorkerEvent	Layer01Hub	WorkerReady; ExitCode=0; ready
2026-06-03T18:05:08.7989888+00:00	StartPipeline	Layer01Hub	Layer01Hub
2026-06-03T18:05:09.6166261+00:00	WorkerEvent	Layer01Hub	PipelineStarted; ExitCode=0; pipeline started
2026-06-03T18:05:09.6184039+00:00	WorkerEvent	Layer01Hub.hub-l01-stage	TaskReady; ExitCode=0; 
2026-06-03T18:05:09.6196322+00:00	GrantTask	Layer01Hub.hub-l01-stage	Layer01Hub.hub-l01-stage; GrantId=grant-19; Attempt=1
2026-06-03T18:05:09.6202338+00:00	WorkerEvent	Layer01Hub.hub-l01-stage	GrantAccepted; ExitCode=0; 
2026-06-03T18:05:09.6209059+00:00	WorkerEvent	Layer01Hub.hub-l01-stage	TaskStarted; ExitCode=0; 
2026-06-03T18:05:10.0015447+00:00	WorkerEvent	Layer01Hub.hub-l01-stage	TaskSucceeded; ExitCode=0; 
2026-06-03T18:05:10.0020885+00:00	TaskSucceeded	Layer01Hub.hub-l01-stage	0
2026-06-03T18:05:10.0026481+00:00	WorkerEvent	Layer01Hub.hub-l01-curate	TaskReady; ExitCode=0; 
2026-06-03T18:05:10.0032698+00:00	WorkerDeferredForCapacity	Layer01Hub	Deferred by orchestration to honor max active worker process capacity.
2026-06-03T18:05:10.0035344+00:00	StopPipeline	Layer01Hub	Deferred by orchestration to honor max active worker process capacity.
2026-06-03T18:05:10.0316893+00:00	WorkerEvent	Layer01Hub	Closed; ExitCode=0; 
2026-06-03T18:05:10.0322594+00:00	WorkerDeferred	Layer01Hub	ResumeTaskId=Layer01Hub.hub-l01-curate
2026-06-03T18:05:10.0327230+00:00	WorkerStarting	Layer01Node09	meta-pipeline
2026-06-03T18:05:10.1285670+00:00	WorkerStarted	Layer01Node09	3288
2026-06-03T18:05:10.1290399+00:00	WorkerControlPipe	Layer01Node09	meta-orchestration-99679419d2c3421da34a86a69ebee060
2026-06-03T18:05:10.1294219+00:00	WorkerLog	Layer01Node09	stdout=C:\Users\jimmy\Desktop\meta-bi\Samples\Demos\MetaOrchestrationHairballCliIntegration\Runs\hairball-seed-20260530\RunArtifacts\runs\20260603-180446_a5be0e4746854bda812ecb0a558a271a\logs\Layer01Node09-3288.stdout.log; stderr=C:\Users\jimmy\Desktop\meta-bi\Samples\Demos\MetaOrchestrationHairballCliIntegration\Runs\hairball-seed-20260530\RunArtifacts\runs\20260603-180446_a5be0e4746854bda812ecb0a558a271a\logs\Layer01Node09-3288.stderr.log
2026-06-03T18:05:10.1479421+00:00	WorkerEvent	Layer01Node09	WorkerOnline; ExitCode=0; online
2026-06-03T18:05:10.1493755+00:00	WorkerEvent	Layer01Node09	WorkerReady; ExitCode=0; ready
2026-06-03T18:05:10.1518793+00:00	StartPipeline	Layer01Node09	Layer01Node09
2026-06-03T18:05:10.6087629+00:00	WorkerEvent	Layer01Node09	PipelineStarted; ExitCode=0; pipeline started
2026-06-03T18:05:10.6125037+00:00	WorkerEvent	Layer01Node09.refresh-l01-n09	TaskReady; ExitCode=0; 
2026-06-03T18:05:10.6133520+00:00	GrantTask	Layer01Node09.refresh-l01-n09	Layer01Node09.refresh-l01-n09; GrantId=grant-20; Attempt=1
2026-06-03T18:05:10.6138922+00:00	WorkerEvent	Layer01Node09.refresh-l01-n09	GrantAccepted; ExitCode=0; 
2026-06-03T18:05:10.6144292+00:00	WorkerEvent	Layer01Node09.refresh-l01-n09	TaskStarted; ExitCode=0; 
2026-06-03T18:05:10.9263242+00:00	WorkerEvent	Layer01Node09.refresh-l01-n09	TaskSucceeded; ExitCode=0; 
2026-06-03T18:05:10.9270996+00:00	TaskSucceeded	Layer01Node09.refresh-l01-n09	0
2026-06-03T18:05:10.9536621+00:00	WorkerEvent	Layer01Node09	Closed; ExitCode=0; 
2026-06-03T18:05:10.9544339+00:00	PipelineCompleted	Layer01Node09	
2026-06-03T18:05:10.9549184+00:00	WorkerResuming	Layer01Hub	ResumeTaskId=Layer01Hub.hub-l01-curate; Executable=meta-pipeline
2026-06-03T18:05:11.0456743+00:00	WorkerStarted	Layer01Hub	26136
2026-06-03T18:05:11.0461234+00:00	WorkerControlPipe	Layer01Hub	meta-orchestration-97a2614921ac4218a13c611d7b723c3e
2026-06-03T18:05:11.0465506+00:00	WorkerLog	Layer01Hub	stdout=C:\Users\jimmy\Desktop\meta-bi\Samples\Demos\MetaOrchestrationHairballCliIntegration\Runs\hairball-seed-20260530\RunArtifacts\runs\20260603-180446_a5be0e4746854bda812ecb0a558a271a\logs\Layer01Hub-26136.stdout.log; stderr=C:\Users\jimmy\Desktop\meta-bi\Samples\Demos\MetaOrchestrationHairballCliIntegration\Runs\hairball-seed-20260530\RunArtifacts\runs\20260603-180446_a5be0e4746854bda812ecb0a558a271a\logs\Layer01Hub-26136.stderr.log
2026-06-03T18:05:11.0688032+00:00	WorkerEvent	Layer01Hub	WorkerOnline; ExitCode=0; online
2026-06-03T18:05:11.0701659+00:00	WorkerEvent	Layer01Hub	WorkerReady; ExitCode=0; ready
2026-06-03T18:05:11.0746014+00:00	StartPipeline	Layer01Hub	Layer01Hub
2026-06-03T18:05:11.6984916+00:00	WorkerEvent	Layer01Hub	PipelineStarted; ExitCode=0; pipeline started
2026-06-03T18:05:11.7003780+00:00	WorkerEvent	Layer01Hub.hub-l01-curate	TaskReady; ExitCode=0; 
2026-06-03T18:05:11.7012584+00:00	GrantTask	Layer01Hub.hub-l01-curate	Layer01Hub.hub-l01-curate; GrantId=grant-21; Attempt=1
2026-06-03T18:05:11.7016012+00:00	WorkerEvent	Layer01Hub.hub-l01-curate	GrantAccepted; ExitCode=0; 
2026-06-03T18:05:11.7020886+00:00	WorkerEvent	Layer01Hub.hub-l01-curate	TaskStarted; ExitCode=0; 
2026-06-03T18:05:12.0083993+00:00	WorkerEvent	Layer01Hub.hub-l01-curate	TaskSucceeded; ExitCode=0; 
2026-06-03T18:05:12.0093482+00:00	TaskSucceeded	Layer01Hub.hub-l01-curate	0
2026-06-03T18:05:12.0099093+00:00	WorkerEvent	Layer01Hub.hub-l01-publish	TaskReady; ExitCode=0; 
2026-06-03T18:05:12.0106572+00:00	GrantTask	Layer01Hub.hub-l01-publish	Layer01Hub.hub-l01-publish; GrantId=grant-22; Attempt=1
2026-06-03T18:05:12.0110670+00:00	WorkerEvent	Layer01Hub.hub-l01-publish	GrantAccepted; ExitCode=0; 
2026-06-03T18:05:12.0117062+00:00	WorkerEvent	Layer01Hub.hub-l01-publish	TaskStarted; ExitCode=0; 
2026-06-03T18:05:12.1621296+00:00	WorkerEvent	Layer01Hub.hub-l01-publish	TaskSucceeded; ExitCode=0; 
2026-06-03T18:05:12.1627245+00:00	TaskSucceeded	Layer01Hub.hub-l01-publish	0
2026-06-03T18:05:12.1870373+00:00	WorkerEvent	Layer01Hub	Closed; ExitCode=0; 
2026-06-03T18:05:12.1890091+00:00	PipelineCompleted	Layer01Hub	
2026-06-03T18:05:12.1897508+00:00	WorkerStarting	Layer02Node01	meta-pipeline
2026-06-03T18:05:12.2833418+00:00	WorkerStarted	Layer02Node01	6732
2026-06-03T18:05:12.2837541+00:00	WorkerControlPipe	Layer02Node01	meta-orchestration-14377c8ebfe54b2dbb959ae82417cf6c
2026-06-03T18:05:12.2840584+00:00	WorkerLog	Layer02Node01	stdout=C:\Users\jimmy\Desktop\meta-bi\Samples\Demos\MetaOrchestrationHairballCliIntegration\Runs\hairball-seed-20260530\RunArtifacts\runs\20260603-180446_a5be0e4746854bda812ecb0a558a271a\logs\Layer02Node01-6732.stdout.log; stderr=C:\Users\jimmy\Desktop\meta-bi\Samples\Demos\MetaOrchestrationHairballCliIntegration\Runs\hairball-seed-20260530\RunArtifacts\runs\20260603-180446_a5be0e4746854bda812ecb0a558a271a\logs\Layer02Node01-6732.stderr.log
2026-06-03T18:05:12.3030914+00:00	WorkerEvent	Layer02Node01	WorkerOnline; ExitCode=0; online
2026-06-03T18:05:12.3064306+00:00	WorkerEvent	Layer02Node01	WorkerReady; ExitCode=0; ready
2026-06-03T18:05:12.3111305+00:00	StartPipeline	Layer02Node01	Layer02Node01
2026-06-03T18:05:12.8098427+00:00	WorkerEvent	Layer02Node01	PipelineStarted; ExitCode=0; pipeline started
2026-06-03T18:05:12.8116464+00:00	WorkerEvent	Layer02Node01.select-l02-n01	TaskReady; ExitCode=0; 
2026-06-03T18:05:12.8125717+00:00	GrantTask	Layer02Node01.select-l02-n01	Layer02Node01.select-l02-n01; GrantId=grant-23; Attempt=1
2026-06-03T18:05:12.8133293+00:00	WorkerEvent	Layer02Node01.select-l02-n01	GrantAccepted; ExitCode=0; 
2026-06-03T18:05:12.8143161+00:00	WorkerEvent	Layer02Node01.select-l02-n01	TaskStarted; ExitCode=0; 
2026-06-03T18:05:13.1283100+00:00	WorkerEvent	Layer02Node01.select-l02-n01	TaskSucceeded; ExitCode=0; 
2026-06-03T18:05:13.1288944+00:00	TaskSucceeded	Layer02Node01.select-l02-n01	0
2026-06-03T18:05:13.1520747+00:00	WorkerEvent	Layer02Node01	Closed; ExitCode=0; 
2026-06-03T18:05:13.1527663+00:00	PipelineCompleted	Layer02Node01	
2026-06-03T18:05:13.1532619+00:00	WorkerStarting	Layer02Node02	meta-pipeline
2026-06-03T18:05:13.2457822+00:00	WorkerStarted	Layer02Node02	18396
2026-06-03T18:05:13.2461211+00:00	WorkerControlPipe	Layer02Node02	meta-orchestration-0fab6ff8bfb04caeb7bb273baffa7076
2026-06-03T18:05:13.2464349+00:00	WorkerLog	Layer02Node02	stdout=C:\Users\jimmy\Desktop\meta-bi\Samples\Demos\MetaOrchestrationHairballCliIntegration\Runs\hairball-seed-20260530\RunArtifacts\runs\20260603-180446_a5be0e4746854bda812ecb0a558a271a\logs\Layer02Node02-18396.stdout.log; stderr=C:\Users\jimmy\Desktop\meta-bi\Samples\Demos\MetaOrchestrationHairballCliIntegration\Runs\hairball-seed-20260530\RunArtifacts\runs\20260603-180446_a5be0e4746854bda812ecb0a558a271a\logs\Layer02Node02-18396.stderr.log
2026-06-03T18:05:13.2637772+00:00	WorkerEvent	Layer02Node02	WorkerOnline; ExitCode=0; online
2026-06-03T18:05:13.2654725+00:00	WorkerEvent	Layer02Node02	WorkerReady; ExitCode=0; ready
2026-06-03T18:05:13.2679827+00:00	StartPipeline	Layer02Node02	Layer02Node02
2026-06-03T18:05:13.7267213+00:00	WorkerEvent	Layer02Node02	PipelineStarted; ExitCode=0; pipeline started
2026-06-03T18:05:13.7282322+00:00	WorkerEvent	Layer02Node02.refresh-l02-n02	TaskReady; ExitCode=0; 
2026-06-03T18:05:13.7290572+00:00	GrantTask	Layer02Node02.refresh-l02-n02	Layer02Node02.refresh-l02-n02; GrantId=grant-24; Attempt=1
2026-06-03T18:05:13.7295800+00:00	WorkerEvent	Layer02Node02.refresh-l02-n02	GrantAccepted; ExitCode=0; 
2026-06-03T18:05:13.7302590+00:00	WorkerEvent	Layer02Node02.refresh-l02-n02	TaskStarted; ExitCode=0; 
2026-06-03T18:05:14.0585400+00:00	WorkerEvent	Layer02Node02.refresh-l02-n02	TaskSucceeded; ExitCode=0; 
2026-06-03T18:05:14.0597515+00:00	TaskSucceeded	Layer02Node02.refresh-l02-n02	0
2026-06-03T18:05:14.0827911+00:00	WorkerEvent	Layer02Node02	Closed; ExitCode=0; 
2026-06-03T18:05:14.0835356+00:00	PipelineCompleted	Layer02Node02	
2026-06-03T18:05:14.0840118+00:00	WorkerStarting	Layer02Node04	meta-pipeline
2026-06-03T18:05:14.1809079+00:00	WorkerStarted	Layer02Node04	22740
2026-06-03T18:05:14.1812606+00:00	WorkerControlPipe	Layer02Node04	meta-orchestration-5f68363eead54d4cafe4195aa13b50cf
2026-06-03T18:05:14.1815935+00:00	WorkerLog	Layer02Node04	stdout=C:\Users\jimmy\Desktop\meta-bi\Samples\Demos\MetaOrchestrationHairballCliIntegration\Runs\hairball-seed-20260530\RunArtifacts\runs\20260603-180446_a5be0e4746854bda812ecb0a558a271a\logs\Layer02Node04-22740.stdout.log; stderr=C:\Users\jimmy\Desktop\meta-bi\Samples\Demos\MetaOrchestrationHairballCliIntegration\Runs\hairball-seed-20260530\RunArtifacts\runs\20260603-180446_a5be0e4746854bda812ecb0a558a271a\logs\Layer02Node04-22740.stderr.log
2026-06-03T18:05:14.1993503+00:00	WorkerEvent	Layer02Node04	WorkerOnline; ExitCode=0; online
2026-06-03T18:05:14.2007898+00:00	WorkerEvent	Layer02Node04	WorkerReady; ExitCode=0; ready
2026-06-03T18:05:14.2036560+00:00	StartPipeline	Layer02Node04	Layer02Node04
2026-06-03T18:05:14.6810448+00:00	WorkerEvent	Layer02Node04	PipelineStarted; ExitCode=0; pipeline started
2026-06-03T18:05:14.6831012+00:00	WorkerEvent	Layer02Node04.export-l02-n04	TaskReady; ExitCode=0; 
2026-06-03T18:05:14.6839110+00:00	GrantTask	Layer02Node04.export-l02-n04	Layer02Node04.export-l02-n04; GrantId=grant-25; Attempt=1
2026-06-03T18:05:14.6844482+00:00	WorkerEvent	Layer02Node04.export-l02-n04	GrantAccepted; ExitCode=0; 
2026-06-03T18:05:14.6851884+00:00	WorkerEvent	Layer02Node04.export-l02-n04	TaskStarted; ExitCode=0; 
2026-06-03T18:05:15.0765727+00:00	WorkerEvent	Layer02Node04.export-l02-n04	TaskSucceeded; ExitCode=0; 
2026-06-03T18:05:15.0772826+00:00	TaskSucceeded	Layer02Node04.export-l02-n04	0
2026-06-03T18:05:15.1010323+00:00	WorkerEvent	Layer02Node04	Closed; ExitCode=0; 
2026-06-03T18:05:15.1017075+00:00	PipelineCompleted	Layer02Node04	
2026-06-03T18:05:15.1022285+00:00	WorkerStarting	Layer02Node05	meta-pipeline
2026-06-03T18:05:15.1898709+00:00	WorkerStarted	Layer02Node05	15600
2026-06-03T18:05:15.1902947+00:00	WorkerControlPipe	Layer02Node05	meta-orchestration-44a89e55f75e4f508e4ca44b2dbd61c0
2026-06-03T18:05:15.1906115+00:00	WorkerLog	Layer02Node05	stdout=C:\Users\jimmy\Desktop\meta-bi\Samples\Demos\MetaOrchestrationHairballCliIntegration\Runs\hairball-seed-20260530\RunArtifacts\runs\20260603-180446_a5be0e4746854bda812ecb0a558a271a\logs\Layer02Node05-15600.stdout.log; stderr=C:\Users\jimmy\Desktop\meta-bi\Samples\Demos\MetaOrchestrationHairballCliIntegration\Runs\hairball-seed-20260530\RunArtifacts\runs\20260603-180446_a5be0e4746854bda812ecb0a558a271a\logs\Layer02Node05-15600.stderr.log
2026-06-03T18:05:15.2086832+00:00	WorkerEvent	Layer02Node05	WorkerOnline; ExitCode=0; online
2026-06-03T18:05:15.2107346+00:00	WorkerEvent	Layer02Node05	WorkerReady; ExitCode=0; ready
2026-06-03T18:05:15.2130468+00:00	StartPipeline	Layer02Node05	Layer02Node05
2026-06-03T18:05:15.7084788+00:00	WorkerEvent	Layer02Node05	PipelineStarted; ExitCode=0; pipeline started
2026-06-03T18:05:15.7099373+00:00	WorkerEvent	Layer02Node05.select-l02-n05	TaskReady; ExitCode=0; 
2026-06-03T18:05:15.7107074+00:00	GrantTask	Layer02Node05.select-l02-n05	Layer02Node05.select-l02-n05; GrantId=grant-26; Attempt=1
2026-06-03T18:05:15.7111769+00:00	WorkerEvent	Layer02Node05.select-l02-n05	GrantAccepted; ExitCode=0; 
2026-06-03T18:05:15.7117629+00:00	WorkerEvent	Layer02Node05.select-l02-n05	TaskStarted; ExitCode=0; 
2026-06-03T18:05:16.0314682+00:00	WorkerEvent	Layer02Node05.select-l02-n05	TaskSucceeded; ExitCode=0; 
2026-06-03T18:05:16.0320919+00:00	TaskSucceeded	Layer02Node05.select-l02-n05	0
2026-06-03T18:05:16.0563114+00:00	WorkerEvent	Layer02Node05	Closed; ExitCode=0; 
2026-06-03T18:05:16.0568664+00:00	PipelineCompleted	Layer02Node05	
2026-06-03T18:05:16.0572509+00:00	WorkerStarting	Layer02Node06	meta-pipeline
2026-06-03T18:05:16.1440560+00:00	WorkerStarted	Layer02Node06	19692
2026-06-03T18:05:16.1445610+00:00	WorkerControlPipe	Layer02Node06	meta-orchestration-3c2309e8189b44b6ac777861c6b7096e
2026-06-03T18:05:16.1448737+00:00	WorkerLog	Layer02Node06	stdout=C:\Users\jimmy\Desktop\meta-bi\Samples\Demos\MetaOrchestrationHairballCliIntegration\Runs\hairball-seed-20260530\RunArtifacts\runs\20260603-180446_a5be0e4746854bda812ecb0a558a271a\logs\Layer02Node06-19692.stdout.log; stderr=C:\Users\jimmy\Desktop\meta-bi\Samples\Demos\MetaOrchestrationHairballCliIntegration\Runs\hairball-seed-20260530\RunArtifacts\runs\20260603-180446_a5be0e4746854bda812ecb0a558a271a\logs\Layer02Node06-19692.stderr.log
2026-06-03T18:05:16.1668098+00:00	WorkerEvent	Layer02Node06	WorkerOnline; ExitCode=0; online
2026-06-03T18:05:16.1692386+00:00	WorkerEvent	Layer02Node06	WorkerReady; ExitCode=0; ready
2026-06-03T18:05:16.1740827+00:00	StartPipeline	Layer02Node06	Layer02Node06
2026-06-03T18:05:16.6209990+00:00	WorkerEvent	Layer02Node06	PipelineStarted; ExitCode=0; pipeline started
2026-06-03T18:05:16.6228006+00:00	WorkerEvent	Layer02Node06.refresh-l02-n06	TaskReady; ExitCode=0; 
2026-06-03T18:05:16.6239252+00:00	GrantTask	Layer02Node06.refresh-l02-n06	Layer02Node06.refresh-l02-n06; GrantId=grant-27; Attempt=1
2026-06-03T18:05:16.6246865+00:00	WorkerEvent	Layer02Node06.refresh-l02-n06	GrantAccepted; ExitCode=0; 
2026-06-03T18:05:16.6256905+00:00	WorkerEvent	Layer02Node06.refresh-l02-n06	TaskStarted; ExitCode=0; 
2026-06-03T18:05:16.9192034+00:00	WorkerEvent	Layer02Node06.refresh-l02-n06	TaskSucceeded; ExitCode=0; 
2026-06-03T18:05:16.9198835+00:00	TaskSucceeded	Layer02Node06.refresh-l02-n06	0
2026-06-03T18:05:16.9466028+00:00	WorkerEvent	Layer02Node06	Closed; ExitCode=0; 
2026-06-03T18:05:16.9471599+00:00	PipelineCompleted	Layer02Node06	
2026-06-03T18:05:16.9475324+00:00	WorkerStarting	Layer02Node07	meta-pipeline
2026-06-03T18:05:17.0365536+00:00	WorkerStarted	Layer02Node07	27336
2026-06-03T18:05:17.0368746+00:00	WorkerControlPipe	Layer02Node07	meta-orchestration-6e4f5ea11a9d49e48f2a7cc7e563189f
2026-06-03T18:05:17.0372349+00:00	WorkerLog	Layer02Node07	stdout=C:\Users\jimmy\Desktop\meta-bi\Samples\Demos\MetaOrchestrationHairballCliIntegration\Runs\hairball-seed-20260530\RunArtifacts\runs\20260603-180446_a5be0e4746854bda812ecb0a558a271a\logs\Layer02Node07-27336.stdout.log; stderr=C:\Users\jimmy\Desktop\meta-bi\Samples\Demos\MetaOrchestrationHairballCliIntegration\Runs\hairball-seed-20260530\RunArtifacts\runs\20260603-180446_a5be0e4746854bda812ecb0a558a271a\logs\Layer02Node07-27336.stderr.log
2026-06-03T18:05:17.0543590+00:00	WorkerEvent	Layer02Node07	WorkerOnline; ExitCode=0; online
2026-06-03T18:05:17.0567568+00:00	WorkerEvent	Layer02Node07	WorkerReady; ExitCode=0; ready
2026-06-03T18:05:17.0604451+00:00	StartPipeline	Layer02Node07	Layer02Node07
2026-06-03T18:05:17.5174981+00:00	WorkerEvent	Layer02Node07	PipelineStarted; ExitCode=0; pipeline started
2026-06-03T18:05:17.5200444+00:00	WorkerEvent	Layer02Node07.refresh-l02-n07	TaskReady; ExitCode=0; 
2026-06-03T18:05:17.5210296+00:00	GrantTask	Layer02Node07.refresh-l02-n07	Layer02Node07.refresh-l02-n07; GrantId=grant-28; Attempt=1
2026-06-03T18:05:17.5215021+00:00	WorkerEvent	Layer02Node07.refresh-l02-n07	GrantAccepted; ExitCode=0; 
2026-06-03T18:05:17.5226229+00:00	WorkerEvent	Layer02Node07.refresh-l02-n07	TaskStarted; ExitCode=0; 
2026-06-03T18:05:17.8294427+00:00	WorkerEvent	Layer02Node07.refresh-l02-n07	TaskSucceeded; ExitCode=0; 
2026-06-03T18:05:17.8300691+00:00	TaskSucceeded	Layer02Node07.refresh-l02-n07	0
2026-06-03T18:05:17.8550781+00:00	WorkerEvent	Layer02Node07	Closed; ExitCode=0; 
2026-06-03T18:05:17.8560795+00:00	PipelineCompleted	Layer02Node07	
2026-06-03T18:05:17.8566671+00:00	WorkerStarting	Layer02Node08	meta-pipeline
2026-06-03T18:05:17.9419933+00:00	WorkerStarted	Layer02Node08	24276
2026-06-03T18:05:17.9423098+00:00	WorkerControlPipe	Layer02Node08	meta-orchestration-6be32220ce5d4e478cc0e9f867c9ce15
2026-06-03T18:05:17.9425583+00:00	WorkerLog	Layer02Node08	stdout=C:\Users\jimmy\Desktop\meta-bi\Samples\Demos\MetaOrchestrationHairballCliIntegration\Runs\hairball-seed-20260530\RunArtifacts\runs\20260603-180446_a5be0e4746854bda812ecb0a558a271a\logs\Layer02Node08-24276.stdout.log; stderr=C:\Users\jimmy\Desktop\meta-bi\Samples\Demos\MetaOrchestrationHairballCliIntegration\Runs\hairball-seed-20260530\RunArtifacts\runs\20260603-180446_a5be0e4746854bda812ecb0a558a271a\logs\Layer02Node08-24276.stderr.log
2026-06-03T18:05:17.9652717+00:00	WorkerEvent	Layer02Node08	WorkerOnline; ExitCode=0; online
2026-06-03T18:05:17.9668205+00:00	WorkerEvent	Layer02Node08	WorkerReady; ExitCode=0; ready
2026-06-03T18:05:17.9703790+00:00	StartPipeline	Layer02Node08	Layer02Node08
2026-06-03T18:05:18.4062164+00:00	WorkerEvent	Layer02Node08	PipelineStarted; ExitCode=0; pipeline started
2026-06-03T18:05:18.4085100+00:00	WorkerEvent	Layer02Node08.refresh-l02-n08	TaskReady; ExitCode=0; 
2026-06-03T18:05:18.4093865+00:00	GrantTask	Layer02Node08.refresh-l02-n08	Layer02Node08.refresh-l02-n08; GrantId=grant-29; Attempt=1
2026-06-03T18:05:18.4100336+00:00	WorkerEvent	Layer02Node08.refresh-l02-n08	GrantAccepted; ExitCode=0; 
2026-06-03T18:05:18.4108884+00:00	WorkerEvent	Layer02Node08.refresh-l02-n08	TaskStarted; ExitCode=0; 
2026-06-03T18:05:18.7254741+00:00	WorkerEvent	Layer02Node08.refresh-l02-n08	TaskSucceeded; ExitCode=0; 
2026-06-03T18:05:18.7259859+00:00	TaskSucceeded	Layer02Node08.refresh-l02-n08	0
2026-06-03T18:05:18.7480156+00:00	WorkerEvent	Layer02Node08	Closed; ExitCode=0; 
2026-06-03T18:05:18.7485244+00:00	PipelineCompleted	Layer02Node08	
2026-06-03T18:05:18.7489656+00:00	WorkerStarting	Layer02Hub	meta-pipeline
2026-06-03T18:05:18.8394768+00:00	WorkerStarted	Layer02Hub	28100
2026-06-03T18:05:18.8398094+00:00	WorkerControlPipe	Layer02Hub	meta-orchestration-78b72074935741d3843045389e9f03be
2026-06-03T18:05:18.8400913+00:00	WorkerLog	Layer02Hub	stdout=C:\Users\jimmy\Desktop\meta-bi\Samples\Demos\MetaOrchestrationHairballCliIntegration\Runs\hairball-seed-20260530\RunArtifacts\runs\20260603-180446_a5be0e4746854bda812ecb0a558a271a\logs\Layer02Hub-28100.stdout.log; stderr=C:\Users\jimmy\Desktop\meta-bi\Samples\Demos\MetaOrchestrationHairballCliIntegration\Runs\hairball-seed-20260530\RunArtifacts\runs\20260603-180446_a5be0e4746854bda812ecb0a558a271a\logs\Layer02Hub-28100.stderr.log
2026-06-03T18:05:18.8568009+00:00	WorkerEvent	Layer02Hub	WorkerOnline; ExitCode=0; online
2026-06-03T18:05:18.8583884+00:00	WorkerEvent	Layer02Hub	WorkerReady; ExitCode=0; ready
2026-06-03T18:05:18.8605351+00:00	StartPipeline	Layer02Hub	Layer02Hub
2026-06-03T18:05:19.5426509+00:00	WorkerEvent	Layer02Hub	PipelineStarted; ExitCode=0; pipeline started
2026-06-03T18:05:19.5439318+00:00	WorkerEvent	Layer02Hub.hub-l02-stage	TaskReady; ExitCode=0; 
2026-06-03T18:05:19.5447052+00:00	GrantTask	Layer02Hub.hub-l02-stage	Layer02Hub.hub-l02-stage; GrantId=grant-30; Attempt=1
2026-06-03T18:05:19.5451959+00:00	WorkerEvent	Layer02Hub.hub-l02-stage	GrantAccepted; ExitCode=0; 
2026-06-03T18:05:19.5461252+00:00	WorkerEvent	Layer02Hub.hub-l02-stage	TaskStarted; ExitCode=0; 
2026-06-03T18:05:19.8902154+00:00	WorkerEvent	Layer02Hub.hub-l02-stage	TaskSucceeded; ExitCode=0; 
2026-06-03T18:05:19.8907324+00:00	TaskSucceeded	Layer02Hub.hub-l02-stage	0
2026-06-03T18:05:19.8912552+00:00	WorkerEvent	Layer02Hub.hub-l02-curate	TaskReady; ExitCode=0; 
2026-06-03T18:05:19.8919667+00:00	GrantTask	Layer02Hub.hub-l02-curate	Layer02Hub.hub-l02-curate; GrantId=grant-31; Attempt=1
2026-06-03T18:05:19.8923244+00:00	WorkerEvent	Layer02Hub.hub-l02-curate	GrantAccepted; ExitCode=0; 
2026-06-03T18:05:19.8929676+00:00	WorkerEvent	Layer02Hub.hub-l02-curate	TaskStarted; ExitCode=0; 
2026-06-03T18:05:19.9770464+00:00	WorkerEvent	Layer02Hub.hub-l02-curate	TaskSucceeded; ExitCode=0; 
2026-06-03T18:05:19.9775443+00:00	TaskSucceeded	Layer02Hub.hub-l02-curate	0
2026-06-03T18:05:19.9779945+00:00	WorkerEvent	Layer02Hub.hub-l02-publish	TaskReady; ExitCode=0; 
2026-06-03T18:05:19.9785895+00:00	GrantTask	Layer02Hub.hub-l02-publish	Layer02Hub.hub-l02-publish; GrantId=grant-32; Attempt=1
2026-06-03T18:05:19.9788853+00:00	WorkerEvent	Layer02Hub.hub-l02-publish	GrantAccepted; ExitCode=0; 
2026-06-03T18:05:19.9793959+00:00	WorkerEvent	Layer02Hub.hub-l02-publish	TaskStarted; ExitCode=0; 
2026-06-03T18:05:20.1140863+00:00	WorkerEvent	Layer02Hub.hub-l02-publish	TaskSucceeded; ExitCode=0; 
2026-06-03T18:05:20.1146117+00:00	TaskSucceeded	Layer02Hub.hub-l02-publish	0
2026-06-03T18:05:20.1442849+00:00	WorkerEvent	Layer02Hub	Closed; ExitCode=0; 
2026-06-03T18:05:20.1448114+00:00	PipelineCompleted	Layer02Hub	
2026-06-03T18:05:20.1452260+00:00	WorkerResuming	BridgeL01L02	ResumeTaskId=BridgeL01L02.bridge-l01-l02-collect; Executable=meta-pipeline
2026-06-03T18:05:20.2452185+00:00	WorkerStarted	BridgeL01L02	26448
2026-06-03T18:05:20.2455749+00:00	WorkerControlPipe	BridgeL01L02	meta-orchestration-2fdbd7e6e2b44feea3f7c43fc339bd53
2026-06-03T18:05:20.2459482+00:00	WorkerLog	BridgeL01L02	stdout=C:\Users\jimmy\Desktop\meta-bi\Samples\Demos\MetaOrchestrationHairballCliIntegration\Runs\hairball-seed-20260530\RunArtifacts\runs\20260603-180446_a5be0e4746854bda812ecb0a558a271a\logs\BridgeL01L02-26448.stdout.log; stderr=C:\Users\jimmy\Desktop\meta-bi\Samples\Demos\MetaOrchestrationHairballCliIntegration\Runs\hairball-seed-20260530\RunArtifacts\runs\20260603-180446_a5be0e4746854bda812ecb0a558a271a\logs\BridgeL01L02-26448.stderr.log
2026-06-03T18:05:20.2655403+00:00	WorkerEvent	BridgeL01L02	WorkerOnline; ExitCode=0; online
2026-06-03T18:05:20.2688843+00:00	WorkerEvent	BridgeL01L02	WorkerReady; ExitCode=0; ready
2026-06-03T18:05:20.2728258+00:00	StartPipeline	BridgeL01L02	BridgeL01L02
2026-06-03T18:05:20.9119082+00:00	WorkerEvent	BridgeL01L02	PipelineStarted; ExitCode=0; pipeline started
2026-06-03T18:05:20.9131197+00:00	WorkerEvent	BridgeL01L02.bridge-l01-l02-collect	TaskReady; ExitCode=0; 
2026-06-03T18:05:20.9139513+00:00	GrantTask	BridgeL01L02.bridge-l01-l02-collect	BridgeL01L02.bridge-l01-l02-collect; GrantId=grant-33; Attempt=1
2026-06-03T18:05:20.9144565+00:00	WorkerEvent	BridgeL01L02.bridge-l01-l02-collect	GrantAccepted; ExitCode=0; 
2026-06-03T18:05:20.9157649+00:00	WorkerEvent	BridgeL01L02.bridge-l01-l02-collect	TaskStarted; ExitCode=0; 
2026-06-03T18:05:21.3074446+00:00	WorkerEvent	BridgeL01L02.bridge-l01-l02-collect	TaskSucceeded; ExitCode=0; 
2026-06-03T18:05:21.3079695+00:00	TaskSucceeded	BridgeL01L02.bridge-l01-l02-collect	0
2026-06-03T18:05:21.3084085+00:00	WorkerEvent	BridgeL01L02.bridge-l01-l02-north	TaskReady; ExitCode=0; 
2026-06-03T18:05:21.3089093+00:00	GrantTask	BridgeL01L02.bridge-l01-l02-north	BridgeL01L02.bridge-l01-l02-north; GrantId=grant-34; Attempt=1
2026-06-03T18:05:21.3094543+00:00	WorkerEvent	BridgeL01L02.bridge-l01-l02-north	GrantAccepted; ExitCode=0; 
2026-06-03T18:05:21.3100848+00:00	WorkerEvent	BridgeL01L02.bridge-l01-l02-north	TaskStarted; ExitCode=0; 
2026-06-03T18:05:21.3906053+00:00	WorkerEvent	BridgeL01L02.bridge-l01-l02-north	TaskSucceeded; ExitCode=0; 
2026-06-03T18:05:21.3911109+00:00	TaskSucceeded	BridgeL01L02.bridge-l01-l02-north	0
2026-06-03T18:05:21.3916387+00:00	WorkerEvent	BridgeL01L02.bridge-l01-l02-south	TaskReady; ExitCode=0; 
2026-06-03T18:05:21.3924811+00:00	GrantTask	BridgeL01L02.bridge-l01-l02-south	BridgeL01L02.bridge-l01-l02-south; GrantId=grant-35; Attempt=1
2026-06-03T18:05:21.3927603+00:00	WorkerEvent	BridgeL01L02.bridge-l01-l02-south	GrantAccepted; ExitCode=0; 
2026-06-03T18:05:21.3934713+00:00	WorkerEvent	BridgeL01L02.bridge-l01-l02-south	TaskStarted; ExitCode=0; 
2026-06-03T18:05:21.4612615+00:00	WorkerEvent	BridgeL01L02.bridge-l01-l02-south	TaskSucceeded; ExitCode=0; 
2026-06-03T18:05:21.4618091+00:00	TaskSucceeded	BridgeL01L02.bridge-l01-l02-south	0
2026-06-03T18:05:21.4872879+00:00	WorkerEvent	BridgeL01L02	Closed; ExitCode=0; 
2026-06-03T18:05:21.4880282+00:00	PipelineCompleted	BridgeL01L02	
2026-06-03T18:05:21.4885418+00:00	WorkerStarting	Layer03Node01	meta-pipeline
2026-06-03T18:05:21.5732840+00:00	WorkerStarted	Layer03Node01	29884
2026-06-03T18:05:21.5736242+00:00	WorkerControlPipe	Layer03Node01	meta-orchestration-c7341f5bbfe542ef8465c8ccd06e90eb
2026-06-03T18:05:21.5739757+00:00	WorkerLog	Layer03Node01	stdout=C:\Users\jimmy\Desktop\meta-bi\Samples\Demos\MetaOrchestrationHairballCliIntegration\Runs\hairball-seed-20260530\RunArtifacts\runs\20260603-180446_a5be0e4746854bda812ecb0a558a271a\logs\Layer03Node01-29884.stdout.log; stderr=C:\Users\jimmy\Desktop\meta-bi\Samples\Demos\MetaOrchestrationHairballCliIntegration\Runs\hairball-seed-20260530\RunArtifacts\runs\20260603-180446_a5be0e4746854bda812ecb0a558a271a\logs\Layer03Node01-29884.stderr.log
2026-06-03T18:05:21.5913030+00:00	WorkerEvent	Layer03Node01	WorkerOnline; ExitCode=0; online
2026-06-03T18:05:21.5928957+00:00	WorkerEvent	Layer03Node01	WorkerReady; ExitCode=0; ready
2026-06-03T18:05:21.5961481+00:00	StartPipeline	Layer03Node01	Layer03Node01
2026-06-03T18:05:22.2141548+00:00	WorkerEvent	Layer03Node01	PipelineStarted; ExitCode=0; pipeline started
2026-06-03T18:05:22.2181225+00:00	WorkerEvent	Layer03Node01.select-l03-n01	TaskReady; ExitCode=0; 
2026-06-03T18:05:22.2204235+00:00	GrantTask	Layer03Node01.select-l03-n01	Layer03Node01.select-l03-n01; GrantId=grant-36; Attempt=1
2026-06-03T18:05:22.2214763+00:00	WorkerEvent	Layer03Node01.select-l03-n01	GrantAccepted; ExitCode=0; 
2026-06-03T18:05:22.2223087+00:00	WorkerEvent	Layer03Node01.select-l03-n01	TaskStarted; ExitCode=0; 
2026-06-03T18:05:22.6221961+00:00	WorkerEvent	Layer03Node01.select-l03-n01	TaskSucceeded; ExitCode=0; 
2026-06-03T18:05:22.6228334+00:00	TaskSucceeded	Layer03Node01.select-l03-n01	0
2026-06-03T18:05:22.6479154+00:00	WorkerEvent	Layer03Node01	Closed; ExitCode=0; 
2026-06-03T18:05:22.6499373+00:00	PipelineCompleted	Layer03Node01	
2026-06-03T18:05:22.6506647+00:00	WorkerStarting	Layer03Node02	meta-pipeline
2026-06-03T18:05:22.7562677+00:00	WorkerStarted	Layer03Node02	26924
2026-06-03T18:05:22.7567160+00:00	WorkerControlPipe	Layer03Node02	meta-orchestration-f2047c7f205848429be57d474ff82bee
2026-06-03T18:05:22.7570463+00:00	WorkerLog	Layer03Node02	stdout=C:\Users\jimmy\Desktop\meta-bi\Samples\Demos\MetaOrchestrationHairballCliIntegration\Runs\hairball-seed-20260530\RunArtifacts\runs\20260603-180446_a5be0e4746854bda812ecb0a558a271a\logs\Layer03Node02-26924.stdout.log; stderr=C:\Users\jimmy\Desktop\meta-bi\Samples\Demos\MetaOrchestrationHairballCliIntegration\Runs\hairball-seed-20260530\RunArtifacts\runs\20260603-180446_a5be0e4746854bda812ecb0a558a271a\logs\Layer03Node02-26924.stderr.log
2026-06-03T18:05:22.7762279+00:00	WorkerEvent	Layer03Node02	WorkerOnline; ExitCode=0; online
2026-06-03T18:05:22.7780251+00:00	WorkerEvent	Layer03Node02	WorkerReady; ExitCode=0; ready
2026-06-03T18:05:22.7812392+00:00	StartPipeline	Layer03Node02	Layer03Node02
2026-06-03T18:05:23.3213380+00:00	WorkerEvent	Layer03Node02	PipelineStarted; ExitCode=0; pipeline started
2026-06-03T18:05:23.3234822+00:00	WorkerEvent	Layer03Node02.export-l03-n02	TaskReady; ExitCode=0; 
2026-06-03T18:05:23.3243936+00:00	GrantTask	Layer03Node02.export-l03-n02	Layer03Node02.export-l03-n02; GrantId=grant-37; Attempt=1
2026-06-03T18:05:23.3249465+00:00	WorkerEvent	Layer03Node02.export-l03-n02	GrantAccepted; ExitCode=0; 
2026-06-03T18:05:23.3259934+00:00	WorkerEvent	Layer03Node02.export-l03-n02	TaskStarted; ExitCode=0; 
2026-06-03T18:05:23.8127434+00:00	WorkerEvent	Layer03Node02.export-l03-n02	TaskSucceeded; ExitCode=0; 
2026-06-03T18:05:23.8134663+00:00	TaskSucceeded	Layer03Node02.export-l03-n02	0
2026-06-03T18:05:23.8464761+00:00	WorkerEvent	Layer03Node02	Closed; ExitCode=0; 
2026-06-03T18:05:23.8471616+00:00	PipelineCompleted	Layer03Node02	
2026-06-03T18:05:23.8479536+00:00	WorkerStarting	Layer03Node03	meta-pipeline
2026-06-03T18:05:23.9497347+00:00	WorkerStarted	Layer03Node03	3376
2026-06-03T18:05:23.9501808+00:00	WorkerControlPipe	Layer03Node03	meta-orchestration-2afcbbb75fd043808199a06d55de8081
2026-06-03T18:05:23.9505457+00:00	WorkerLog	Layer03Node03	stdout=C:\Users\jimmy\Desktop\meta-bi\Samples\Demos\MetaOrchestrationHairballCliIntegration\Runs\hairball-seed-20260530\RunArtifacts\runs\20260603-180446_a5be0e4746854bda812ecb0a558a271a\logs\Layer03Node03-3376.stdout.log; stderr=C:\Users\jimmy\Desktop\meta-bi\Samples\Demos\MetaOrchestrationHairballCliIntegration\Runs\hairball-seed-20260530\RunArtifacts\runs\20260603-180446_a5be0e4746854bda812ecb0a558a271a\logs\Layer03Node03-3376.stderr.log
2026-06-03T18:05:23.9708017+00:00	WorkerEvent	Layer03Node03	WorkerOnline; ExitCode=0; online
2026-06-03T18:05:23.9729691+00:00	WorkerEvent	Layer03Node03	WorkerReady; ExitCode=0; ready
2026-06-03T18:05:23.9764390+00:00	StartPipeline	Layer03Node03	Layer03Node03
2026-06-03T18:05:24.4983240+00:00	WorkerEvent	Layer03Node03	PipelineStarted; ExitCode=0; pipeline started
2026-06-03T18:05:24.5005806+00:00	WorkerEvent	Layer03Node03.export-l03-n03	TaskReady; ExitCode=0; 
2026-06-03T18:05:24.5020148+00:00	GrantTask	Layer03Node03.export-l03-n03	Layer03Node03.export-l03-n03; GrantId=grant-38; Attempt=1
2026-06-03T18:05:24.5029969+00:00	WorkerEvent	Layer03Node03.export-l03-n03	GrantAccepted; ExitCode=0; 
2026-06-03T18:05:24.5037566+00:00	WorkerEvent	Layer03Node03.export-l03-n03	TaskStarted; ExitCode=0; 
2026-06-03T18:05:25.0157538+00:00	WorkerEvent	Layer03Node03.export-l03-n03	TaskSucceeded; ExitCode=0; 
2026-06-03T18:05:25.0165957+00:00	TaskSucceeded	Layer03Node03.export-l03-n03	0
2026-06-03T18:05:25.0481061+00:00	WorkerEvent	Layer03Node03	Closed; ExitCode=0; 
2026-06-03T18:05:25.0491050+00:00	PipelineCompleted	Layer03Node03	
2026-06-03T18:05:25.0497213+00:00	WorkerStarting	Layer03Node04	meta-pipeline
2026-06-03T18:05:25.1461229+00:00	WorkerStarted	Layer03Node04	27244
2026-06-03T18:05:25.1465146+00:00	WorkerControlPipe	Layer03Node04	meta-orchestration-55c576f65940446ea37501a8d6458f8f
2026-06-03T18:05:25.1468220+00:00	WorkerLog	Layer03Node04	stdout=C:\Users\jimmy\Desktop\meta-bi\Samples\Demos\MetaOrchestrationHairballCliIntegration\Runs\hairball-seed-20260530\RunArtifacts\runs\20260603-180446_a5be0e4746854bda812ecb0a558a271a\logs\Layer03Node04-27244.stdout.log; stderr=C:\Users\jimmy\Desktop\meta-bi\Samples\Demos\MetaOrchestrationHairballCliIntegration\Runs\hairball-seed-20260530\RunArtifacts\runs\20260603-180446_a5be0e4746854bda812ecb0a558a271a\logs\Layer03Node04-27244.stderr.log
2026-06-03T18:05:25.1735058+00:00	WorkerEvent	Layer03Node04	WorkerOnline; ExitCode=0; online
2026-06-03T18:05:25.1755166+00:00	WorkerEvent	Layer03Node04	WorkerReady; ExitCode=0; ready
2026-06-03T18:05:25.1784308+00:00	StartPipeline	Layer03Node04	Layer03Node04
2026-06-03T18:05:25.7490970+00:00	WorkerEvent	Layer03Node04	PipelineStarted; ExitCode=0; pipeline started
2026-06-03T18:05:25.7533900+00:00	WorkerEvent	Layer03Node04.select-l03-n04	TaskReady; ExitCode=0; 
2026-06-03T18:05:25.7547845+00:00	GrantTask	Layer03Node04.select-l03-n04	Layer03Node04.select-l03-n04; GrantId=grant-39; Attempt=1
2026-06-03T18:05:25.7553643+00:00	WorkerEvent	Layer03Node04.select-l03-n04	GrantAccepted; ExitCode=0; 
2026-06-03T18:05:25.7561787+00:00	WorkerEvent	Layer03Node04.select-l03-n04	TaskStarted; ExitCode=0; 
2026-06-03T18:05:26.1190030+00:00	WorkerEvent	Layer03Node04.select-l03-n04	TaskSucceeded; ExitCode=0; 
2026-06-03T18:05:26.1196737+00:00	TaskSucceeded	Layer03Node04.select-l03-n04	0
2026-06-03T18:05:26.1448319+00:00	WorkerEvent	Layer03Node04	Closed; ExitCode=0; 
2026-06-03T18:05:26.1455352+00:00	PipelineCompleted	Layer03Node04	
2026-06-03T18:05:26.1461523+00:00	WorkerStarting	Layer03Node05	meta-pipeline
2026-06-03T18:05:26.2566529+00:00	WorkerStarted	Layer03Node05	26768
2026-06-03T18:05:26.2570660+00:00	WorkerControlPipe	Layer03Node05	meta-orchestration-eb74e1aca87d4ce090290cd822cceacb
2026-06-03T18:05:26.2573984+00:00	WorkerLog	Layer03Node05	stdout=C:\Users\jimmy\Desktop\meta-bi\Samples\Demos\MetaOrchestrationHairballCliIntegration\Runs\hairball-seed-20260530\RunArtifacts\runs\20260603-180446_a5be0e4746854bda812ecb0a558a271a\logs\Layer03Node05-26768.stdout.log; stderr=C:\Users\jimmy\Desktop\meta-bi\Samples\Demos\MetaOrchestrationHairballCliIntegration\Runs\hairball-seed-20260530\RunArtifacts\runs\20260603-180446_a5be0e4746854bda812ecb0a558a271a\logs\Layer03Node05-26768.stderr.log
2026-06-03T18:05:26.2791460+00:00	WorkerEvent	Layer03Node05	WorkerOnline; ExitCode=0; online
2026-06-03T18:05:26.2831380+00:00	WorkerEvent	Layer03Node05	WorkerReady; ExitCode=0; ready
2026-06-03T18:05:26.2885508+00:00	StartPipeline	Layer03Node05	Layer03Node05
2026-06-03T18:05:26.8947290+00:00	WorkerEvent	Layer03Node05	PipelineStarted; ExitCode=0; pipeline started
2026-06-03T18:05:26.8980092+00:00	WorkerEvent	Layer03Node05.select-l03-n05	TaskReady; ExitCode=0; 
2026-06-03T18:05:26.8993702+00:00	GrantTask	Layer03Node05.select-l03-n05	Layer03Node05.select-l03-n05; GrantId=grant-40; Attempt=1
2026-06-03T18:05:26.9012850+00:00	WorkerEvent	Layer03Node05.select-l03-n05	GrantAccepted; ExitCode=0; 
2026-06-03T18:05:26.9023865+00:00	WorkerEvent	Layer03Node05.select-l03-n05	TaskStarted; ExitCode=0; 
2026-06-03T18:05:27.2861688+00:00	WorkerEvent	Layer03Node05.select-l03-n05	TaskSucceeded; ExitCode=0; 
2026-06-03T18:05:27.2868903+00:00	TaskSucceeded	Layer03Node05.select-l03-n05	0
2026-06-03T18:05:27.3176503+00:00	WorkerEvent	Layer03Node05	Closed; ExitCode=0; 
2026-06-03T18:05:27.3184559+00:00	PipelineCompleted	Layer03Node05	
2026-06-03T18:05:27.3189837+00:00	WorkerStarting	Layer03Node06	meta-pipeline
2026-06-03T18:05:27.4229034+00:00	WorkerStarted	Layer03Node06	28740
2026-06-03T18:05:27.4233458+00:00	WorkerControlPipe	Layer03Node06	meta-orchestration-35ef63662a7f41d6acddb4952660c996
2026-06-03T18:05:27.4237013+00:00	WorkerLog	Layer03Node06	stdout=C:\Users\jimmy\Desktop\meta-bi\Samples\Demos\MetaOrchestrationHairballCliIntegration\Runs\hairball-seed-20260530\RunArtifacts\runs\20260603-180446_a5be0e4746854bda812ecb0a558a271a\logs\Layer03Node06-28740.stdout.log; stderr=C:\Users\jimmy\Desktop\meta-bi\Samples\Demos\MetaOrchestrationHairballCliIntegration\Runs\hairball-seed-20260530\RunArtifacts\runs\20260603-180446_a5be0e4746854bda812ecb0a558a271a\logs\Layer03Node06-28740.stderr.log
2026-06-03T18:05:27.4533138+00:00	WorkerEvent	Layer03Node06	WorkerOnline; ExitCode=0; online
2026-06-03T18:05:27.4552061+00:00	WorkerEvent	Layer03Node06	WorkerReady; ExitCode=0; ready
2026-06-03T18:05:27.4581340+00:00	StartPipeline	Layer03Node06	Layer03Node06
2026-06-03T18:05:27.9908840+00:00	WorkerEvent	Layer03Node06	PipelineStarted; ExitCode=0; pipeline started
2026-06-03T18:05:27.9923286+00:00	WorkerEvent	Layer03Node06.refresh-l03-n06	TaskReady; ExitCode=0; 
2026-06-03T18:05:27.9931973+00:00	GrantTask	Layer03Node06.refresh-l03-n06	Layer03Node06.refresh-l03-n06; GrantId=grant-41; Attempt=1
2026-06-03T18:05:27.9936053+00:00	WorkerEvent	Layer03Node06.refresh-l03-n06	GrantAccepted; ExitCode=0; 
2026-06-03T18:05:27.9944572+00:00	WorkerEvent	Layer03Node06.refresh-l03-n06	TaskStarted; ExitCode=0; 
2026-06-03T18:05:28.3528359+00:00	WorkerEvent	Layer03Node06.refresh-l03-n06	TaskSucceeded; ExitCode=0; 
2026-06-03T18:05:28.3534391+00:00	TaskSucceeded	Layer03Node06.refresh-l03-n06	0
2026-06-03T18:05:28.3809770+00:00	WorkerEvent	Layer03Node06	Closed; ExitCode=0; 
2026-06-03T18:05:28.3822857+00:00	PipelineCompleted	Layer03Node06	
2026-06-03T18:05:28.3837259+00:00	WorkerStarting	Layer03Node07	meta-pipeline
2026-06-03T18:05:28.4858147+00:00	WorkerStarted	Layer03Node07	27044
2026-06-03T18:05:28.4863244+00:00	WorkerControlPipe	Layer03Node07	meta-orchestration-5889de96c6c44ed5aa59d20e607a3e50
2026-06-03T18:05:28.4866959+00:00	WorkerLog	Layer03Node07	stdout=C:\Users\jimmy\Desktop\meta-bi\Samples\Demos\MetaOrchestrationHairballCliIntegration\Runs\hairball-seed-20260530\RunArtifacts\runs\20260603-180446_a5be0e4746854bda812ecb0a558a271a\logs\Layer03Node07-27044.stdout.log; stderr=C:\Users\jimmy\Desktop\meta-bi\Samples\Demos\MetaOrchestrationHairballCliIntegration\Runs\hairball-seed-20260530\RunArtifacts\runs\20260603-180446_a5be0e4746854bda812ecb0a558a271a\logs\Layer03Node07-27044.stderr.log
2026-06-03T18:05:28.5059427+00:00	WorkerEvent	Layer03Node07	WorkerOnline; ExitCode=0; online
2026-06-03T18:05:28.5075311+00:00	WorkerEvent	Layer03Node07	WorkerReady; ExitCode=0; ready
2026-06-03T18:05:28.5100873+00:00	StartPipeline	Layer03Node07	Layer03Node07
2026-06-03T18:05:29.0370002+00:00	WorkerEvent	Layer03Node07	PipelineStarted; ExitCode=0; pipeline started
2026-06-03T18:05:29.0385235+00:00	WorkerEvent	Layer03Node07.refresh-l03-n07	TaskReady; ExitCode=0; 
2026-06-03T18:05:29.0394843+00:00	GrantTask	Layer03Node07.refresh-l03-n07	Layer03Node07.refresh-l03-n07; GrantId=grant-42; Attempt=1
2026-06-03T18:05:29.0399601+00:00	WorkerEvent	Layer03Node07.refresh-l03-n07	GrantAccepted; ExitCode=0; 
2026-06-03T18:05:29.0409531+00:00	WorkerEvent	Layer03Node07.refresh-l03-n07	TaskStarted; ExitCode=0; 
2026-06-03T18:05:29.3934080+00:00	WorkerEvent	Layer03Node07.refresh-l03-n07	TaskSucceeded; ExitCode=0; 
2026-06-03T18:05:29.3942001+00:00	TaskSucceeded	Layer03Node07.refresh-l03-n07	0
2026-06-03T18:05:29.4250874+00:00	WorkerEvent	Layer03Node07	Closed; ExitCode=0; 
2026-06-03T18:05:29.4256992+00:00	PipelineCompleted	Layer03Node07	
2026-06-03T18:05:29.4262431+00:00	WorkerStarting	Layer03Hub	meta-pipeline
2026-06-03T18:05:29.5236453+00:00	WorkerStarted	Layer03Hub	21496
2026-06-03T18:05:29.5241066+00:00	WorkerControlPipe	Layer03Hub	meta-orchestration-30c246adbcda4db58e00135d5281f0b6
2026-06-03T18:05:29.5244564+00:00	WorkerLog	Layer03Hub	stdout=C:\Users\jimmy\Desktop\meta-bi\Samples\Demos\MetaOrchestrationHairballCliIntegration\Runs\hairball-seed-20260530\RunArtifacts\runs\20260603-180446_a5be0e4746854bda812ecb0a558a271a\logs\Layer03Hub-21496.stdout.log; stderr=C:\Users\jimmy\Desktop\meta-bi\Samples\Demos\MetaOrchestrationHairballCliIntegration\Runs\hairball-seed-20260530\RunArtifacts\runs\20260603-180446_a5be0e4746854bda812ecb0a558a271a\logs\Layer03Hub-21496.stderr.log
2026-06-03T18:05:29.5451140+00:00	WorkerEvent	Layer03Hub	WorkerOnline; ExitCode=0; online
2026-06-03T18:05:29.5483279+00:00	WorkerEvent	Layer03Hub	WorkerReady; ExitCode=0; ready
2026-06-03T18:05:29.5525362+00:00	StartPipeline	Layer03Hub	Layer03Hub
2026-06-03T18:05:30.2662927+00:00	WorkerEvent	Layer03Hub	PipelineStarted; ExitCode=0; pipeline started
2026-06-03T18:05:30.2692017+00:00	WorkerEvent	Layer03Hub.hub-l03-stage	TaskReady; ExitCode=0; 
2026-06-03T18:05:30.2704885+00:00	GrantTask	Layer03Hub.hub-l03-stage	Layer03Hub.hub-l03-stage; GrantId=grant-43; Attempt=1
2026-06-03T18:05:30.2708169+00:00	WorkerEvent	Layer03Hub.hub-l03-stage	GrantAccepted; ExitCode=0; 
2026-06-03T18:05:30.2717979+00:00	WorkerEvent	Layer03Hub.hub-l03-stage	TaskStarted; ExitCode=0; 
2026-06-03T18:05:30.6363957+00:00	WorkerEvent	Layer03Hub.hub-l03-stage	TaskSucceeded; ExitCode=0; 
2026-06-03T18:05:30.6371723+00:00	TaskSucceeded	Layer03Hub.hub-l03-stage	0
2026-06-03T18:05:30.6377821+00:00	WorkerEvent	Layer03Hub.hub-l03-curate	TaskReady; ExitCode=0; 
2026-06-03T18:05:30.6386609+00:00	GrantTask	Layer03Hub.hub-l03-curate	Layer03Hub.hub-l03-curate; GrantId=grant-44; Attempt=1
2026-06-03T18:05:30.6389867+00:00	WorkerEvent	Layer03Hub.hub-l03-curate	GrantAccepted; ExitCode=0; 
2026-06-03T18:05:30.6398673+00:00	WorkerEvent	Layer03Hub.hub-l03-curate	TaskStarted; ExitCode=0; 
2026-06-03T18:05:30.7201198+00:00	WorkerEvent	Layer03Hub.hub-l03-curate	TaskSucceeded; ExitCode=0; 
2026-06-03T18:05:30.7206739+00:00	TaskSucceeded	Layer03Hub.hub-l03-curate	0
2026-06-03T18:05:30.7212754+00:00	WorkerEvent	Layer03Hub.hub-l03-publish	TaskReady; ExitCode=0; 
2026-06-03T18:05:30.7220585+00:00	GrantTask	Layer03Hub.hub-l03-publish	Layer03Hub.hub-l03-publish; GrantId=grant-45; Attempt=1
2026-06-03T18:05:30.7225291+00:00	WorkerEvent	Layer03Hub.hub-l03-publish	GrantAccepted; ExitCode=0; 
2026-06-03T18:05:30.7231558+00:00	WorkerEvent	Layer03Hub.hub-l03-publish	TaskStarted; ExitCode=0; 
2026-06-03T18:05:30.9149599+00:00	WorkerEvent	Layer03Hub.hub-l03-publish	TaskSucceeded; ExitCode=0; 
2026-06-03T18:05:30.9158325+00:00	TaskSucceeded	Layer03Hub.hub-l03-publish	0
2026-06-03T18:05:30.9459589+00:00	WorkerEvent	Layer03Hub	Closed; ExitCode=0; 
2026-06-03T18:05:30.9466779+00:00	PipelineCompleted	Layer03Hub	
2026-06-03T18:05:30.9473263+00:00	WorkerStarting	Layer03Node08	meta-pipeline
2026-06-03T18:05:31.0539560+00:00	WorkerStarted	Layer03Node08	504
2026-06-03T18:05:31.0543296+00:00	WorkerControlPipe	Layer03Node08	meta-orchestration-c4ee0c9c20d0479c8ca2578b6db808db
2026-06-03T18:05:31.0546854+00:00	WorkerLog	Layer03Node08	stdout=C:\Users\jimmy\Desktop\meta-bi\Samples\Demos\MetaOrchestrationHairballCliIntegration\Runs\hairball-seed-20260530\RunArtifacts\runs\20260603-180446_a5be0e4746854bda812ecb0a558a271a\logs\Layer03Node08-504.stdout.log; stderr=C:\Users\jimmy\Desktop\meta-bi\Samples\Demos\MetaOrchestrationHairballCliIntegration\Runs\hairball-seed-20260530\RunArtifacts\runs\20260603-180446_a5be0e4746854bda812ecb0a558a271a\logs\Layer03Node08-504.stderr.log
2026-06-03T18:05:31.0749028+00:00	WorkerEvent	Layer03Node08	WorkerOnline; ExitCode=0; online
2026-06-03T18:05:31.0779356+00:00	WorkerEvent	Layer03Node08	WorkerReady; ExitCode=0; ready
2026-06-03T18:05:31.0820386+00:00	StartPipeline	Layer03Node08	Layer03Node08
2026-06-03T18:05:31.6279395+00:00	WorkerEvent	Layer03Node08	PipelineStarted; ExitCode=0; pipeline started
2026-06-03T18:05:31.6295620+00:00	WorkerEvent	Layer03Node08.export-l03-n08	TaskReady; ExitCode=0; 
2026-06-03T18:05:31.6307752+00:00	GrantTask	Layer03Node08.export-l03-n08	Layer03Node08.export-l03-n08; GrantId=grant-46; Attempt=1
2026-06-03T18:05:31.6317790+00:00	WorkerEvent	Layer03Node08.export-l03-n08	GrantAccepted; ExitCode=0; 
2026-06-03T18:05:31.6325597+00:00	WorkerEvent	Layer03Node08.export-l03-n08	TaskStarted; ExitCode=0; 
2026-06-03T18:05:32.0089649+00:00	WorkerEvent	Layer03Node08.export-l03-n08	TaskSucceeded; ExitCode=0; 
2026-06-03T18:05:32.0097394+00:00	TaskSucceeded	Layer03Node08.export-l03-n08	0
2026-06-03T18:05:32.0375944+00:00	WorkerEvent	Layer03Node08	Closed; ExitCode=0; 
2026-06-03T18:05:32.0381564+00:00	PipelineCompleted	Layer03Node08	
2026-06-03T18:05:32.0385202+00:00	WorkerStarting	Layer03Node10	meta-pipeline
2026-06-03T18:05:32.1297302+00:00	WorkerStarted	Layer03Node10	25592
2026-06-03T18:05:32.1302258+00:00	WorkerControlPipe	Layer03Node10	meta-orchestration-0e032ba8724b42ed8cbde99ee9f9c16a
2026-06-03T18:05:32.1306316+00:00	WorkerLog	Layer03Node10	stdout=C:\Users\jimmy\Desktop\meta-bi\Samples\Demos\MetaOrchestrationHairballCliIntegration\Runs\hairball-seed-20260530\RunArtifacts\runs\20260603-180446_a5be0e4746854bda812ecb0a558a271a\logs\Layer03Node10-25592.stdout.log; stderr=C:\Users\jimmy\Desktop\meta-bi\Samples\Demos\MetaOrchestrationHairballCliIntegration\Runs\hairball-seed-20260530\RunArtifacts\runs\20260603-180446_a5be0e4746854bda812ecb0a558a271a\logs\Layer03Node10-25592.stderr.log
2026-06-03T18:05:32.1496248+00:00	WorkerEvent	Layer03Node10	WorkerOnline; ExitCode=0; online
2026-06-03T18:05:32.1513707+00:00	WorkerEvent	Layer03Node10	WorkerReady; ExitCode=0; ready
2026-06-03T18:05:32.1536586+00:00	StartPipeline	Layer03Node10	Layer03Node10
2026-06-03T18:05:32.6076800+00:00	WorkerEvent	Layer03Node10	PipelineStarted; ExitCode=0; pipeline started
2026-06-03T18:05:32.6092227+00:00	WorkerEvent	Layer03Node10.refresh-l03-n10	TaskReady; ExitCode=0; 
2026-06-03T18:05:32.6114897+00:00	GrantTask	Layer03Node10.refresh-l03-n10	Layer03Node10.refresh-l03-n10; GrantId=grant-47; Attempt=1
2026-06-03T18:05:32.6121724+00:00	WorkerEvent	Layer03Node10.refresh-l03-n10	GrantAccepted; ExitCode=0; 
2026-06-03T18:05:32.6127820+00:00	WorkerEvent	Layer03Node10.refresh-l03-n10	TaskStarted; ExitCode=0; 
2026-06-03T18:05:32.9165770+00:00	WorkerEvent	Layer03Node10.refresh-l03-n10	TaskSucceeded; ExitCode=0; 
2026-06-03T18:05:32.9172071+00:00	TaskSucceeded	Layer03Node10.refresh-l03-n10	0
2026-06-03T18:05:32.9407721+00:00	WorkerEvent	Layer03Node10	Closed; ExitCode=0; 
2026-06-03T18:05:32.9413923+00:00	PipelineCompleted	Layer03Node10	
2026-06-03T18:05:32.9419139+00:00	WorkerStarting	Layer04Node01	meta-pipeline
2026-06-03T18:05:33.0348049+00:00	WorkerStarted	Layer04Node01	1712
2026-06-03T18:05:33.0351174+00:00	WorkerControlPipe	Layer04Node01	meta-orchestration-cc2f09a97d594f03ae2c419c67b7e087
2026-06-03T18:05:33.0355005+00:00	WorkerLog	Layer04Node01	stdout=C:\Users\jimmy\Desktop\meta-bi\Samples\Demos\MetaOrchestrationHairballCliIntegration\Runs\hairball-seed-20260530\RunArtifacts\runs\20260603-180446_a5be0e4746854bda812ecb0a558a271a\logs\Layer04Node01-1712.stdout.log; stderr=C:\Users\jimmy\Desktop\meta-bi\Samples\Demos\MetaOrchestrationHairballCliIntegration\Runs\hairball-seed-20260530\RunArtifacts\runs\20260603-180446_a5be0e4746854bda812ecb0a558a271a\logs\Layer04Node01-1712.stderr.log
2026-06-03T18:05:33.0515120+00:00	WorkerEvent	Layer04Node01	WorkerOnline; ExitCode=0; online
2026-06-03T18:05:33.0527853+00:00	WorkerEvent	Layer04Node01	WorkerReady; ExitCode=0; ready
2026-06-03T18:05:33.0551938+00:00	StartPipeline	Layer04Node01	Layer04Node01
2026-06-03T18:05:33.4877846+00:00	WorkerEvent	Layer04Node01	PipelineStarted; ExitCode=0; pipeline started
2026-06-03T18:05:33.4891521+00:00	WorkerEvent	Layer04Node01.refresh-l04-n01	TaskReady; ExitCode=0; 
2026-06-03T18:05:33.4900323+00:00	GrantTask	Layer04Node01.refresh-l04-n01	Layer04Node01.refresh-l04-n01; GrantId=grant-48; Attempt=1
2026-06-03T18:05:33.4904380+00:00	WorkerEvent	Layer04Node01.refresh-l04-n01	GrantAccepted; ExitCode=0; 
2026-06-03T18:05:33.4913060+00:00	WorkerEvent	Layer04Node01.refresh-l04-n01	TaskStarted; ExitCode=0; 
2026-06-03T18:05:33.7955081+00:00	WorkerEvent	Layer04Node01.refresh-l04-n01	TaskSucceeded; ExitCode=0; 
2026-06-03T18:05:33.7979233+00:00	TaskSucceeded	Layer04Node01.refresh-l04-n01	0
2026-06-03T18:05:33.8209168+00:00	WorkerEvent	Layer04Node01	Closed; ExitCode=0; 
2026-06-03T18:05:33.8214609+00:00	PipelineCompleted	Layer04Node01	
2026-06-03T18:05:33.8220030+00:00	WorkerStarting	Layer04Node02	meta-pipeline
2026-06-03T18:05:33.9083156+00:00	WorkerStarted	Layer04Node02	23484
2026-06-03T18:05:33.9092432+00:00	WorkerControlPipe	Layer04Node02	meta-orchestration-5988e77f217b4b2b8a50cae7905a7667
2026-06-03T18:05:33.9101802+00:00	WorkerLog	Layer04Node02	stdout=C:\Users\jimmy\Desktop\meta-bi\Samples\Demos\MetaOrchestrationHairballCliIntegration\Runs\hairball-seed-20260530\RunArtifacts\runs\20260603-180446_a5be0e4746854bda812ecb0a558a271a\logs\Layer04Node02-23484.stdout.log; stderr=C:\Users\jimmy\Desktop\meta-bi\Samples\Demos\MetaOrchestrationHairballCliIntegration\Runs\hairball-seed-20260530\RunArtifacts\runs\20260603-180446_a5be0e4746854bda812ecb0a558a271a\logs\Layer04Node02-23484.stderr.log
2026-06-03T18:05:33.9375115+00:00	WorkerEvent	Layer04Node02	WorkerOnline; ExitCode=0; online
2026-06-03T18:05:33.9388176+00:00	WorkerEvent	Layer04Node02	WorkerReady; ExitCode=0; ready
2026-06-03T18:05:33.9411634+00:00	StartPipeline	Layer04Node02	Layer04Node02
2026-06-03T18:05:34.4281615+00:00	WorkerEvent	Layer04Node02	PipelineStarted; ExitCode=0; pipeline started
2026-06-03T18:05:34.4297082+00:00	WorkerEvent	Layer04Node02.export-l04-n02	TaskReady; ExitCode=0; 
2026-06-03T18:05:34.4307960+00:00	GrantTask	Layer04Node02.export-l04-n02	Layer04Node02.export-l04-n02; GrantId=grant-49; Attempt=1
2026-06-03T18:05:34.4315746+00:00	WorkerEvent	Layer04Node02.export-l04-n02	GrantAccepted; ExitCode=0; 
2026-06-03T18:05:34.4328709+00:00	WorkerEvent	Layer04Node02.export-l04-n02	TaskStarted; ExitCode=0; 
2026-06-03T18:05:34.7987365+00:00	WorkerEvent	Layer04Node02.export-l04-n02	TaskSucceeded; ExitCode=0; 
2026-06-03T18:05:34.7994928+00:00	TaskSucceeded	Layer04Node02.export-l04-n02	0
2026-06-03T18:05:34.8234561+00:00	WorkerEvent	Layer04Node02	Closed; ExitCode=0; 
2026-06-03T18:05:34.8241396+00:00	PipelineCompleted	Layer04Node02	
2026-06-03T18:05:34.8247640+00:00	WorkerStarting	Layer04Node03	meta-pipeline
2026-06-03T18:05:34.9115583+00:00	WorkerStarted	Layer04Node03	28728
2026-06-03T18:05:34.9119092+00:00	WorkerControlPipe	Layer04Node03	meta-orchestration-a054f34371eb4ec48216b3baf5c0cacd
2026-06-03T18:05:34.9122231+00:00	WorkerLog	Layer04Node03	stdout=C:\Users\jimmy\Desktop\meta-bi\Samples\Demos\MetaOrchestrationHairballCliIntegration\Runs\hairball-seed-20260530\RunArtifacts\runs\20260603-180446_a5be0e4746854bda812ecb0a558a271a\logs\Layer04Node03-28728.stdout.log; stderr=C:\Users\jimmy\Desktop\meta-bi\Samples\Demos\MetaOrchestrationHairballCliIntegration\Runs\hairball-seed-20260530\RunArtifacts\runs\20260603-180446_a5be0e4746854bda812ecb0a558a271a\logs\Layer04Node03-28728.stderr.log
2026-06-03T18:05:34.9298771+00:00	WorkerEvent	Layer04Node03	WorkerOnline; ExitCode=0; online
2026-06-03T18:05:34.9325351+00:00	WorkerEvent	Layer04Node03	WorkerReady; ExitCode=0; ready
2026-06-03T18:05:34.9348807+00:00	StartPipeline	Layer04Node03	Layer04Node03
2026-06-03T18:05:35.3930231+00:00	WorkerEvent	Layer04Node03	PipelineStarted; ExitCode=0; pipeline started
2026-06-03T18:05:35.3949536+00:00	WorkerEvent	Layer04Node03.refresh-l04-n03	TaskReady; ExitCode=0; 
2026-06-03T18:05:35.3962946+00:00	GrantTask	Layer04Node03.refresh-l04-n03	Layer04Node03.refresh-l04-n03; GrantId=grant-50; Attempt=1
2026-06-03T18:05:35.3973393+00:00	WorkerEvent	Layer04Node03.refresh-l04-n03	GrantAccepted; ExitCode=0; 
2026-06-03T18:05:35.3989369+00:00	WorkerEvent	Layer04Node03.refresh-l04-n03	TaskStarted; ExitCode=0; 
2026-06-03T18:05:35.6903588+00:00	WorkerEvent	Layer04Node03.refresh-l04-n03	TaskSucceeded; ExitCode=0; 
2026-06-03T18:05:35.6921946+00:00	TaskSucceeded	Layer04Node03.refresh-l04-n03	0
2026-06-03T18:05:35.7169767+00:00	WorkerEvent	Layer04Node03	Closed; ExitCode=0; 
2026-06-03T18:05:35.7176882+00:00	PipelineCompleted	Layer04Node03	
2026-06-03T18:05:35.7181974+00:00	WorkerStarting	Layer04Node04	meta-pipeline
2026-06-03T18:05:35.8046073+00:00	WorkerStarted	Layer04Node04	14812
2026-06-03T18:05:35.8049121+00:00	WorkerControlPipe	Layer04Node04	meta-orchestration-2c80c1b647ca4480a71890c00fe55632
2026-06-03T18:05:35.8052607+00:00	WorkerLog	Layer04Node04	stdout=C:\Users\jimmy\Desktop\meta-bi\Samples\Demos\MetaOrchestrationHairballCliIntegration\Runs\hairball-seed-20260530\RunArtifacts\runs\20260603-180446_a5be0e4746854bda812ecb0a558a271a\logs\Layer04Node04-14812.stdout.log; stderr=C:\Users\jimmy\Desktop\meta-bi\Samples\Demos\MetaOrchestrationHairballCliIntegration\Runs\hairball-seed-20260530\RunArtifacts\runs\20260603-180446_a5be0e4746854bda812ecb0a558a271a\logs\Layer04Node04-14812.stderr.log
2026-06-03T18:05:35.8220775+00:00	WorkerEvent	Layer04Node04	WorkerOnline; ExitCode=0; online
2026-06-03T18:05:35.8237329+00:00	WorkerEvent	Layer04Node04	WorkerReady; ExitCode=0; ready
2026-06-03T18:05:35.8275523+00:00	StartPipeline	Layer04Node04	Layer04Node04
2026-06-03T18:05:36.2819987+00:00	WorkerEvent	Layer04Node04	PipelineStarted; ExitCode=0; pipeline started
2026-06-03T18:05:36.2832134+00:00	WorkerEvent	Layer04Node04.refresh-l04-n04	TaskReady; ExitCode=0; 
2026-06-03T18:05:36.2844621+00:00	GrantTask	Layer04Node04.refresh-l04-n04	Layer04Node04.refresh-l04-n04; GrantId=grant-51; Attempt=1
2026-06-03T18:05:36.2850690+00:00	WorkerEvent	Layer04Node04.refresh-l04-n04	GrantAccepted; ExitCode=0; 
2026-06-03T18:05:36.2856718+00:00	WorkerEvent	Layer04Node04.refresh-l04-n04	TaskStarted; ExitCode=0; 
2026-06-03T18:05:36.5988459+00:00	WorkerEvent	Layer04Node04.refresh-l04-n04	TaskSucceeded; ExitCode=0; 
2026-06-03T18:05:36.5996839+00:00	TaskSucceeded	Layer04Node04.refresh-l04-n04	0
2026-06-03T18:05:36.6292444+00:00	WorkerEvent	Layer04Node04	Closed; ExitCode=0; 
2026-06-03T18:05:36.6302523+00:00	PipelineCompleted	Layer04Node04	
2026-06-03T18:05:36.6309788+00:00	WorkerStarting	Layer04Node05	meta-pipeline
2026-06-03T18:05:36.7362441+00:00	WorkerStarted	Layer04Node05	3764
2026-06-03T18:05:36.7366233+00:00	WorkerControlPipe	Layer04Node05	meta-orchestration-16c67825259146539893f2482062829f
2026-06-03T18:05:36.7368990+00:00	WorkerLog	Layer04Node05	stdout=C:\Users\jimmy\Desktop\meta-bi\Samples\Demos\MetaOrchestrationHairballCliIntegration\Runs\hairball-seed-20260530\RunArtifacts\runs\20260603-180446_a5be0e4746854bda812ecb0a558a271a\logs\Layer04Node05-3764.stdout.log; stderr=C:\Users\jimmy\Desktop\meta-bi\Samples\Demos\MetaOrchestrationHairballCliIntegration\Runs\hairball-seed-20260530\RunArtifacts\runs\20260603-180446_a5be0e4746854bda812ecb0a558a271a\logs\Layer04Node05-3764.stderr.log
2026-06-03T18:05:36.7590622+00:00	WorkerEvent	Layer04Node05	WorkerOnline; ExitCode=0; online
2026-06-03T18:05:36.7622195+00:00	WorkerEvent	Layer04Node05	WorkerReady; ExitCode=0; ready
2026-06-03T18:05:36.7657995+00:00	StartPipeline	Layer04Node05	Layer04Node05
2026-06-03T18:05:37.3130078+00:00	WorkerEvent	Layer04Node05	PipelineStarted; ExitCode=0; pipeline started
2026-06-03T18:05:37.3151462+00:00	WorkerEvent	Layer04Node05.select-l04-n05	TaskReady; ExitCode=0; 
2026-06-03T18:05:37.3161740+00:00	GrantTask	Layer04Node05.select-l04-n05	Layer04Node05.select-l04-n05; GrantId=grant-52; Attempt=1
2026-06-03T18:05:37.3167773+00:00	WorkerEvent	Layer04Node05.select-l04-n05	GrantAccepted; ExitCode=0; 
2026-06-03T18:05:37.3179395+00:00	WorkerEvent	Layer04Node05.select-l04-n05	TaskStarted; ExitCode=0; 
2026-06-03T18:05:37.6635914+00:00	WorkerEvent	Layer04Node05.select-l04-n05	TaskSucceeded; ExitCode=0; 
2026-06-03T18:05:37.6642213+00:00	TaskSucceeded	Layer04Node05.select-l04-n05	0
2026-06-03T18:05:37.6884893+00:00	WorkerEvent	Layer04Node05	Closed; ExitCode=0; 
2026-06-03T18:05:37.6891634+00:00	PipelineCompleted	Layer04Node05	
2026-06-03T18:05:37.6898320+00:00	WorkerStarting	Layer04Node06	meta-pipeline
2026-06-03T18:05:37.7827933+00:00	WorkerStarted	Layer04Node06	4684
2026-06-03T18:05:37.7831640+00:00	WorkerControlPipe	Layer04Node06	meta-orchestration-3b748bd514a948dcb582206eca3aeff2
2026-06-03T18:05:37.7834592+00:00	WorkerLog	Layer04Node06	stdout=C:\Users\jimmy\Desktop\meta-bi\Samples\Demos\MetaOrchestrationHairballCliIntegration\Runs\hairball-seed-20260530\RunArtifacts\runs\20260603-180446_a5be0e4746854bda812ecb0a558a271a\logs\Layer04Node06-4684.stdout.log; stderr=C:\Users\jimmy\Desktop\meta-bi\Samples\Demos\MetaOrchestrationHairballCliIntegration\Runs\hairball-seed-20260530\RunArtifacts\runs\20260603-180446_a5be0e4746854bda812ecb0a558a271a\logs\Layer04Node06-4684.stderr.log
2026-06-03T18:05:37.8006140+00:00	WorkerEvent	Layer04Node06	WorkerOnline; ExitCode=0; online
2026-06-03T18:05:37.8021698+00:00	WorkerEvent	Layer04Node06	WorkerReady; ExitCode=0; ready
2026-06-03T18:05:37.8045410+00:00	StartPipeline	Layer04Node06	Layer04Node06
2026-06-03T18:05:38.2789087+00:00	WorkerEvent	Layer04Node06	PipelineStarted; ExitCode=0; pipeline started
2026-06-03T18:05:38.2802741+00:00	WorkerEvent	Layer04Node06.refresh-l04-n06	TaskReady; ExitCode=0; 
2026-06-03T18:05:38.2811319+00:00	GrantTask	Layer04Node06.refresh-l04-n06	Layer04Node06.refresh-l04-n06; GrantId=grant-53; Attempt=1
2026-06-03T18:05:38.2817288+00:00	WorkerEvent	Layer04Node06.refresh-l04-n06	GrantAccepted; ExitCode=0; 
2026-06-03T18:05:38.2823777+00:00	WorkerEvent	Layer04Node06.refresh-l04-n06	TaskStarted; ExitCode=0; 
2026-06-03T18:05:38.5835704+00:00	WorkerEvent	Layer04Node06.refresh-l04-n06	TaskSucceeded; ExitCode=0; 
2026-06-03T18:05:38.5841886+00:00	TaskSucceeded	Layer04Node06.refresh-l04-n06	0
2026-06-03T18:05:38.6141971+00:00	WorkerEvent	Layer04Node06	Closed; ExitCode=0; 
2026-06-03T18:05:38.6150247+00:00	PipelineCompleted	Layer04Node06	
2026-06-03T18:05:38.6156431+00:00	WorkerStarting	Layer04Node07	meta-pipeline
2026-06-03T18:05:38.7092324+00:00	WorkerStarted	Layer04Node07	23112
2026-06-03T18:05:38.7101466+00:00	WorkerControlPipe	Layer04Node07	meta-orchestration-049161bb98ca49c0a965ddeb27a58289
2026-06-03T18:05:38.7106839+00:00	WorkerLog	Layer04Node07	stdout=C:\Users\jimmy\Desktop\meta-bi\Samples\Demos\MetaOrchestrationHairballCliIntegration\Runs\hairball-seed-20260530\RunArtifacts\runs\20260603-180446_a5be0e4746854bda812ecb0a558a271a\logs\Layer04Node07-23112.stdout.log; stderr=C:\Users\jimmy\Desktop\meta-bi\Samples\Demos\MetaOrchestrationHairballCliIntegration\Runs\hairball-seed-20260530\RunArtifacts\runs\20260603-180446_a5be0e4746854bda812ecb0a558a271a\logs\Layer04Node07-23112.stderr.log
2026-06-03T18:05:38.7383890+00:00	WorkerEvent	Layer04Node07	WorkerOnline; ExitCode=0; online
2026-06-03T18:05:38.7415684+00:00	WorkerEvent	Layer04Node07	WorkerReady; ExitCode=0; ready
2026-06-03T18:05:38.7460070+00:00	StartPipeline	Layer04Node07	Layer04Node07
2026-06-03T18:05:39.1936789+00:00	WorkerEvent	Layer04Node07	PipelineStarted; ExitCode=0; pipeline started
2026-06-03T18:05:39.1952408+00:00	WorkerEvent	Layer04Node07.refresh-l04-n07	TaskReady; ExitCode=0; 
2026-06-03T18:05:39.1970970+00:00	GrantTask	Layer04Node07.refresh-l04-n07	Layer04Node07.refresh-l04-n07; GrantId=grant-54; Attempt=1
2026-06-03T18:05:39.1977203+00:00	WorkerEvent	Layer04Node07.refresh-l04-n07	GrantAccepted; ExitCode=0; 
2026-06-03T18:05:39.1983994+00:00	WorkerEvent	Layer04Node07.refresh-l04-n07	TaskStarted; ExitCode=0; 
2026-06-03T18:05:39.4943844+00:00	WorkerEvent	Layer04Node07.refresh-l04-n07	TaskSucceeded; ExitCode=0; 
2026-06-03T18:05:39.4953995+00:00	TaskSucceeded	Layer04Node07.refresh-l04-n07	0
2026-06-03T18:05:39.5199401+00:00	WorkerEvent	Layer04Node07	Closed; ExitCode=0; 
2026-06-03T18:05:39.5205667+00:00	PipelineCompleted	Layer04Node07	
2026-06-03T18:05:39.5211132+00:00	WorkerStarting	Layer04Node08	meta-pipeline
2026-06-03T18:05:39.6100403+00:00	WorkerStarted	Layer04Node08	7548
2026-06-03T18:05:39.6104898+00:00	WorkerControlPipe	Layer04Node08	meta-orchestration-2141dbe40e314c3e98127f963d044fc5
2026-06-03T18:05:39.6108843+00:00	WorkerLog	Layer04Node08	stdout=C:\Users\jimmy\Desktop\meta-bi\Samples\Demos\MetaOrchestrationHairballCliIntegration\Runs\hairball-seed-20260530\RunArtifacts\runs\20260603-180446_a5be0e4746854bda812ecb0a558a271a\logs\Layer04Node08-7548.stdout.log; stderr=C:\Users\jimmy\Desktop\meta-bi\Samples\Demos\MetaOrchestrationHairballCliIntegration\Runs\hairball-seed-20260530\RunArtifacts\runs\20260603-180446_a5be0e4746854bda812ecb0a558a271a\logs\Layer04Node08-7548.stderr.log
2026-06-03T18:05:39.6294389+00:00	WorkerEvent	Layer04Node08	WorkerOnline; ExitCode=0; online
2026-06-03T18:05:39.6310833+00:00	WorkerEvent	Layer04Node08	WorkerReady; ExitCode=0; ready
2026-06-03T18:05:39.6333681+00:00	StartPipeline	Layer04Node08	Layer04Node08
2026-06-03T18:05:40.1137588+00:00	WorkerEvent	Layer04Node08	PipelineStarted; ExitCode=0; pipeline started
2026-06-03T18:05:40.1150040+00:00	WorkerEvent	Layer04Node08.select-l04-n08	TaskReady; ExitCode=0; 
2026-06-03T18:05:40.1158382+00:00	GrantTask	Layer04Node08.select-l04-n08	Layer04Node08.select-l04-n08; GrantId=grant-55; Attempt=1
2026-06-03T18:05:40.1163866+00:00	WorkerEvent	Layer04Node08.select-l04-n08	GrantAccepted; ExitCode=0; 
2026-06-03T18:05:40.1171168+00:00	WorkerEvent	Layer04Node08.select-l04-n08	TaskStarted; ExitCode=0; 
2026-06-03T18:05:40.4321828+00:00	WorkerEvent	Layer04Node08.select-l04-n08	TaskSucceeded; ExitCode=0; 
2026-06-03T18:05:40.4328255+00:00	TaskSucceeded	Layer04Node08.select-l04-n08	0
2026-06-03T18:05:40.4562303+00:00	WorkerEvent	Layer04Node08	Closed; ExitCode=0; 
2026-06-03T18:05:40.4568301+00:00	PipelineCompleted	Layer04Node08	
2026-06-03T18:05:40.4574175+00:00	WorkerStarting	Layer04Node09	meta-pipeline
2026-06-03T18:05:40.5470985+00:00	WorkerStarted	Layer04Node09	17380
2026-06-03T18:05:40.5475082+00:00	WorkerControlPipe	Layer04Node09	meta-orchestration-dc6d90e9bb894e9f8b3e67e5261a7960
2026-06-03T18:05:40.5478036+00:00	WorkerLog	Layer04Node09	stdout=C:\Users\jimmy\Desktop\meta-bi\Samples\Demos\MetaOrchestrationHairballCliIntegration\Runs\hairball-seed-20260530\RunArtifacts\runs\20260603-180446_a5be0e4746854bda812ecb0a558a271a\logs\Layer04Node09-17380.stdout.log; stderr=C:\Users\jimmy\Desktop\meta-bi\Samples\Demos\MetaOrchestrationHairballCliIntegration\Runs\hairball-seed-20260530\RunArtifacts\runs\20260603-180446_a5be0e4746854bda812ecb0a558a271a\logs\Layer04Node09-17380.stderr.log
2026-06-03T18:05:40.5640077+00:00	WorkerEvent	Layer04Node09	WorkerOnline; ExitCode=0; online
2026-06-03T18:05:40.5654688+00:00	WorkerEvent	Layer04Node09	WorkerReady; ExitCode=0; ready
2026-06-03T18:05:40.5679207+00:00	StartPipeline	Layer04Node09	Layer04Node09
2026-06-03T18:05:41.0321605+00:00	WorkerEvent	Layer04Node09	PipelineStarted; ExitCode=0; pipeline started
2026-06-03T18:05:41.0335060+00:00	WorkerEvent	Layer04Node09.select-l04-n09	TaskReady; ExitCode=0; 
2026-06-03T18:05:41.0344855+00:00	GrantTask	Layer04Node09.select-l04-n09	Layer04Node09.select-l04-n09; GrantId=grant-56; Attempt=1
2026-06-03T18:05:41.0352357+00:00	WorkerEvent	Layer04Node09.select-l04-n09	GrantAccepted; ExitCode=0; 
2026-06-03T18:05:41.0359970+00:00	WorkerEvent	Layer04Node09.select-l04-n09	TaskStarted; ExitCode=0; 
2026-06-03T18:05:41.3615131+00:00	WorkerEvent	Layer04Node09.select-l04-n09	TaskSucceeded; ExitCode=0; 
2026-06-03T18:05:41.3621342+00:00	TaskSucceeded	Layer04Node09.select-l04-n09	0
2026-06-03T18:05:41.3865911+00:00	WorkerEvent	Layer04Node09	Closed; ExitCode=0; 
2026-06-03T18:05:41.3872535+00:00	PipelineCompleted	Layer04Node09	
2026-06-03T18:05:41.3881266+00:00	WorkerStarting	Layer04Hub	meta-pipeline
2026-06-03T18:05:41.4823701+00:00	WorkerStarted	Layer04Hub	14928
2026-06-03T18:05:41.4827904+00:00	WorkerControlPipe	Layer04Hub	meta-orchestration-467a114aabce4a68b82dca4c915d8db9
2026-06-03T18:05:41.4831100+00:00	WorkerLog	Layer04Hub	stdout=C:\Users\jimmy\Desktop\meta-bi\Samples\Demos\MetaOrchestrationHairballCliIntegration\Runs\hairball-seed-20260530\RunArtifacts\runs\20260603-180446_a5be0e4746854bda812ecb0a558a271a\logs\Layer04Hub-14928.stdout.log; stderr=C:\Users\jimmy\Desktop\meta-bi\Samples\Demos\MetaOrchestrationHairballCliIntegration\Runs\hairball-seed-20260530\RunArtifacts\runs\20260603-180446_a5be0e4746854bda812ecb0a558a271a\logs\Layer04Hub-14928.stderr.log
2026-06-03T18:05:41.5014022+00:00	WorkerEvent	Layer04Hub	WorkerOnline; ExitCode=0; online
2026-06-03T18:05:41.5030097+00:00	WorkerEvent	Layer04Hub	WorkerReady; ExitCode=0; ready
2026-06-03T18:05:41.5064594+00:00	StartPipeline	Layer04Hub	Layer04Hub
2026-06-03T18:05:42.1003095+00:00	WorkerEvent	Layer04Hub	PipelineStarted; ExitCode=0; pipeline started
2026-06-03T18:05:42.1019481+00:00	WorkerEvent	Layer04Hub.hub-l04-stage	TaskReady; ExitCode=0; 
2026-06-03T18:05:42.1030159+00:00	GrantTask	Layer04Hub.hub-l04-stage	Layer04Hub.hub-l04-stage; GrantId=grant-57; Attempt=1
2026-06-03T18:05:42.1036620+00:00	WorkerEvent	Layer04Hub.hub-l04-stage	GrantAccepted; ExitCode=0; 
2026-06-03T18:05:42.1050475+00:00	WorkerEvent	Layer04Hub.hub-l04-stage	TaskStarted; ExitCode=0; 
2026-06-03T18:05:42.4417169+00:00	WorkerEvent	Layer04Hub.hub-l04-stage	TaskSucceeded; ExitCode=0; 
2026-06-03T18:05:42.4423689+00:00	TaskSucceeded	Layer04Hub.hub-l04-stage	0
2026-06-03T18:05:42.4429951+00:00	WorkerEvent	Layer04Hub.hub-l04-curate	TaskReady; ExitCode=0; 
2026-06-03T18:05:42.4438426+00:00	GrantTask	Layer04Hub.hub-l04-curate	Layer04Hub.hub-l04-curate; GrantId=grant-58; Attempt=1
2026-06-03T18:05:42.4441659+00:00	WorkerEvent	Layer04Hub.hub-l04-curate	GrantAccepted; ExitCode=0; 
2026-06-03T18:05:42.4447853+00:00	WorkerEvent	Layer04Hub.hub-l04-curate	TaskStarted; ExitCode=0; 
2026-06-03T18:05:42.5146074+00:00	WorkerEvent	Layer04Hub.hub-l04-curate	TaskSucceeded; ExitCode=0; 
2026-06-03T18:05:42.5151877+00:00	TaskSucceeded	Layer04Hub.hub-l04-curate	0
2026-06-03T18:05:42.5156654+00:00	WorkerEvent	Layer04Hub.hub-l04-publish	TaskReady; ExitCode=0; 
2026-06-03T18:05:42.5163612+00:00	GrantTask	Layer04Hub.hub-l04-publish	Layer04Hub.hub-l04-publish; GrantId=grant-59; Attempt=1
2026-06-03T18:05:42.5166379+00:00	WorkerEvent	Layer04Hub.hub-l04-publish	GrantAccepted; ExitCode=0; 
2026-06-03T18:05:42.5171593+00:00	WorkerEvent	Layer04Hub.hub-l04-publish	TaskStarted; ExitCode=0; 
2026-06-03T18:05:42.6329426+00:00	WorkerEvent	Layer04Hub.hub-l04-publish	TaskSucceeded; ExitCode=0; 
2026-06-03T18:05:42.6335549+00:00	TaskSucceeded	Layer04Hub.hub-l04-publish	0
2026-06-03T18:05:42.6589656+00:00	WorkerEvent	Layer04Hub	Closed; ExitCode=0; 
2026-06-03T18:05:42.6599285+00:00	PipelineCompleted	Layer04Hub	
2026-06-03T18:05:42.6609099+00:00	WorkerResuming	BridgeL03L04	ResumeTaskId=BridgeL03L04.bridge-l03-l04-collect; Executable=meta-pipeline
2026-06-03T18:05:42.7479207+00:00	WorkerStarted	BridgeL03L04	22116
2026-06-03T18:05:42.7482587+00:00	WorkerControlPipe	BridgeL03L04	meta-orchestration-cf214d122ba041978ec660a6bb73645c
2026-06-03T18:05:42.7485440+00:00	WorkerLog	BridgeL03L04	stdout=C:\Users\jimmy\Desktop\meta-bi\Samples\Demos\MetaOrchestrationHairballCliIntegration\Runs\hairball-seed-20260530\RunArtifacts\runs\20260603-180446_a5be0e4746854bda812ecb0a558a271a\logs\BridgeL03L04-22116.stdout.log; stderr=C:\Users\jimmy\Desktop\meta-bi\Samples\Demos\MetaOrchestrationHairballCliIntegration\Runs\hairball-seed-20260530\RunArtifacts\runs\20260603-180446_a5be0e4746854bda812ecb0a558a271a\logs\BridgeL03L04-22116.stderr.log
2026-06-03T18:05:42.7658068+00:00	WorkerEvent	BridgeL03L04	WorkerOnline; ExitCode=0; online
2026-06-03T18:05:42.7672752+00:00	WorkerEvent	BridgeL03L04	WorkerReady; ExitCode=0; ready
2026-06-03T18:05:42.7695685+00:00	StartPipeline	BridgeL03L04	BridgeL03L04
2026-06-03T18:05:43.3991593+00:00	WorkerEvent	BridgeL03L04	PipelineStarted; ExitCode=0; pipeline started
2026-06-03T18:05:43.4003430+00:00	WorkerEvent	BridgeL03L04.bridge-l03-l04-collect	TaskReady; ExitCode=0; 
2026-06-03T18:05:43.4010408+00:00	GrantTask	BridgeL03L04.bridge-l03-l04-collect	BridgeL03L04.bridge-l03-l04-collect; GrantId=grant-60; Attempt=1
2026-06-03T18:05:43.4014542+00:00	WorkerEvent	BridgeL03L04.bridge-l03-l04-collect	GrantAccepted; ExitCode=0; 
2026-06-03T18:05:43.4019391+00:00	WorkerEvent	BridgeL03L04.bridge-l03-l04-collect	TaskStarted; ExitCode=0; 
2026-06-03T18:05:43.7741004+00:00	WorkerEvent	BridgeL03L04.bridge-l03-l04-collect	TaskSucceeded; ExitCode=0; 
2026-06-03T18:05:43.7748287+00:00	TaskSucceeded	BridgeL03L04.bridge-l03-l04-collect	0
2026-06-03T18:05:43.7755190+00:00	WorkerEvent	BridgeL03L04.bridge-l03-l04-north	TaskReady; ExitCode=0; 
2026-06-03T18:05:43.7763761+00:00	GrantTask	BridgeL03L04.bridge-l03-l04-north	BridgeL03L04.bridge-l03-l04-north; GrantId=grant-61; Attempt=1
2026-06-03T18:05:43.7767111+00:00	WorkerEvent	BridgeL03L04.bridge-l03-l04-north	GrantAccepted; ExitCode=0; 
2026-06-03T18:05:43.7773428+00:00	WorkerEvent	BridgeL03L04.bridge-l03-l04-north	TaskStarted; ExitCode=0; 
2026-06-03T18:05:43.8626094+00:00	WorkerEvent	BridgeL03L04.bridge-l03-l04-north	TaskSucceeded; ExitCode=0; 
2026-06-03T18:05:43.8631447+00:00	TaskSucceeded	BridgeL03L04.bridge-l03-l04-north	0
2026-06-03T18:05:43.8637727+00:00	WorkerEvent	BridgeL03L04.bridge-l03-l04-south	TaskReady; ExitCode=0; 
2026-06-03T18:05:43.8646876+00:00	GrantTask	BridgeL03L04.bridge-l03-l04-south	BridgeL03L04.bridge-l03-l04-south; GrantId=grant-62; Attempt=1
2026-06-03T18:05:43.8650498+00:00	WorkerEvent	BridgeL03L04.bridge-l03-l04-south	GrantAccepted; ExitCode=0; 
2026-06-03T18:05:43.8657334+00:00	WorkerEvent	BridgeL03L04.bridge-l03-l04-south	TaskStarted; ExitCode=0; 
2026-06-03T18:05:43.9327534+00:00	WorkerEvent	BridgeL03L04.bridge-l03-l04-south	TaskSucceeded; ExitCode=0; 
2026-06-03T18:05:43.9333381+00:00	TaskSucceeded	BridgeL03L04.bridge-l03-l04-south	0
2026-06-03T18:05:43.9628460+00:00	WorkerEvent	BridgeL03L04	Closed; ExitCode=0; 
2026-06-03T18:05:43.9633535+00:00	PipelineCompleted	BridgeL03L04	
2026-06-03T18:05:43.9638024+00:00	WorkerStarting	Layer05Node01	meta-pipeline
2026-06-03T18:05:44.0594616+00:00	WorkerStarted	Layer05Node01	20704
2026-06-03T18:05:44.0598109+00:00	WorkerControlPipe	Layer05Node01	meta-orchestration-862c5a00ffa34ea491b4967b1c1e17de
2026-06-03T18:05:44.0601294+00:00	WorkerLog	Layer05Node01	stdout=C:\Users\jimmy\Desktop\meta-bi\Samples\Demos\MetaOrchestrationHairballCliIntegration\Runs\hairball-seed-20260530\RunArtifacts\runs\20260603-180446_a5be0e4746854bda812ecb0a558a271a\logs\Layer05Node01-20704.stdout.log; stderr=C:\Users\jimmy\Desktop\meta-bi\Samples\Demos\MetaOrchestrationHairballCliIntegration\Runs\hairball-seed-20260530\RunArtifacts\runs\20260603-180446_a5be0e4746854bda812ecb0a558a271a\logs\Layer05Node01-20704.stderr.log
2026-06-03T18:05:44.0779326+00:00	WorkerEvent	Layer05Node01	WorkerOnline; ExitCode=0; online
2026-06-03T18:05:44.0794760+00:00	WorkerEvent	Layer05Node01	WorkerReady; ExitCode=0; ready
2026-06-03T18:05:44.0819142+00:00	StartPipeline	Layer05Node01	Layer05Node01
2026-06-03T18:05:44.5988743+00:00	WorkerEvent	Layer05Node01	PipelineStarted; ExitCode=0; pipeline started
2026-06-03T18:05:44.6001358+00:00	WorkerEvent	Layer05Node01.select-l05-n01	TaskReady; ExitCode=0; 
2026-06-03T18:05:44.6010020+00:00	GrantTask	Layer05Node01.select-l05-n01	Layer05Node01.select-l05-n01; GrantId=grant-63; Attempt=1
2026-06-03T18:05:44.6014476+00:00	WorkerEvent	Layer05Node01.select-l05-n01	GrantAccepted; ExitCode=0; 
2026-06-03T18:05:44.6023449+00:00	WorkerEvent	Layer05Node01.select-l05-n01	TaskStarted; ExitCode=0; 
2026-06-03T18:05:44.9354982+00:00	WorkerEvent	Layer05Node01.select-l05-n01	TaskSucceeded; ExitCode=0; 
2026-06-03T18:05:44.9378629+00:00	TaskSucceeded	Layer05Node01.select-l05-n01	0
2026-06-03T18:05:44.9664322+00:00	WorkerEvent	Layer05Node01	Closed; ExitCode=0; 
2026-06-03T18:05:44.9669765+00:00	PipelineCompleted	Layer05Node01	
2026-06-03T18:05:44.9675568+00:00	WorkerStarting	Layer05Node02	meta-pipeline
2026-06-03T18:05:45.0594899+00:00	WorkerStarted	Layer05Node02	7784
2026-06-03T18:05:45.0598326+00:00	WorkerControlPipe	Layer05Node02	meta-orchestration-dd7ea6c0efee4bb1add8d73bad53bfff
2026-06-03T18:05:45.0601483+00:00	WorkerLog	Layer05Node02	stdout=C:\Users\jimmy\Desktop\meta-bi\Samples\Demos\MetaOrchestrationHairballCliIntegration\Runs\hairball-seed-20260530\RunArtifacts\runs\20260603-180446_a5be0e4746854bda812ecb0a558a271a\logs\Layer05Node02-7784.stdout.log; stderr=C:\Users\jimmy\Desktop\meta-bi\Samples\Demos\MetaOrchestrationHairballCliIntegration\Runs\hairball-seed-20260530\RunArtifacts\runs\20260603-180446_a5be0e4746854bda812ecb0a558a271a\logs\Layer05Node02-7784.stderr.log
2026-06-03T18:05:45.0774902+00:00	WorkerEvent	Layer05Node02	WorkerOnline; ExitCode=0; online
2026-06-03T18:05:45.0789172+00:00	WorkerEvent	Layer05Node02	WorkerReady; ExitCode=0; ready
2026-06-03T18:05:45.0813946+00:00	StartPipeline	Layer05Node02	Layer05Node02
2026-06-03T18:05:45.6110503+00:00	WorkerEvent	Layer05Node02	PipelineStarted; ExitCode=0; pipeline started
2026-06-03T18:05:45.6123084+00:00	WorkerEvent	Layer05Node02.select-l05-n02	TaskReady; ExitCode=0; 
2026-06-03T18:05:45.6132251+00:00	GrantTask	Layer05Node02.select-l05-n02	Layer05Node02.select-l05-n02; GrantId=grant-64; Attempt=1
2026-06-03T18:05:45.6136500+00:00	WorkerEvent	Layer05Node02.select-l05-n02	GrantAccepted; ExitCode=0; 
2026-06-03T18:05:45.6143166+00:00	WorkerEvent	Layer05Node02.select-l05-n02	TaskStarted; ExitCode=0; 
2026-06-03T18:05:45.9797452+00:00	WorkerEvent	Layer05Node02.select-l05-n02	TaskSucceeded; ExitCode=0; 
2026-06-03T18:05:45.9803126+00:00	TaskSucceeded	Layer05Node02.select-l05-n02	0
2026-06-03T18:05:46.0095964+00:00	WorkerEvent	Layer05Node02	Closed; ExitCode=0; 
2026-06-03T18:05:46.0102279+00:00	PipelineCompleted	Layer05Node02	
2026-06-03T18:05:46.0108011+00:00	WorkerStarting	Layer05Node03	meta-pipeline
2026-06-03T18:05:46.1008764+00:00	WorkerStarted	Layer05Node03	31584
2026-06-03T18:05:46.1011898+00:00	WorkerControlPipe	Layer05Node03	meta-orchestration-63d9111e5e814444852b1f755245acb8
2026-06-03T18:05:46.1014797+00:00	WorkerLog	Layer05Node03	stdout=C:\Users\jimmy\Desktop\meta-bi\Samples\Demos\MetaOrchestrationHairballCliIntegration\Runs\hairball-seed-20260530\RunArtifacts\runs\20260603-180446_a5be0e4746854bda812ecb0a558a271a\logs\Layer05Node03-31584.stdout.log; stderr=C:\Users\jimmy\Desktop\meta-bi\Samples\Demos\MetaOrchestrationHairballCliIntegration\Runs\hairball-seed-20260530\RunArtifacts\runs\20260603-180446_a5be0e4746854bda812ecb0a558a271a\logs\Layer05Node03-31584.stderr.log
2026-06-03T18:05:46.1282907+00:00	WorkerEvent	Layer05Node03	WorkerOnline; ExitCode=0; online
2026-06-03T18:05:46.1297806+00:00	WorkerEvent	Layer05Node03	WorkerReady; ExitCode=0; ready
2026-06-03T18:05:46.1319293+00:00	StartPipeline	Layer05Node03	Layer05Node03
2026-06-03T18:05:46.5990576+00:00	WorkerEvent	Layer05Node03	PipelineStarted; ExitCode=0; pipeline started
2026-06-03T18:05:46.6006113+00:00	WorkerEvent	Layer05Node03.refresh-l05-n03	TaskReady; ExitCode=0; 
2026-06-03T18:05:46.6031619+00:00	GrantTask	Layer05Node03.refresh-l05-n03	Layer05Node03.refresh-l05-n03; GrantId=grant-65; Attempt=1
2026-06-03T18:05:46.6039713+00:00	WorkerEvent	Layer05Node03.refresh-l05-n03	GrantAccepted; ExitCode=0; 
2026-06-03T18:05:46.6048842+00:00	WorkerEvent	Layer05Node03.refresh-l05-n03	TaskStarted; ExitCode=0; 
2026-06-03T18:05:46.8925939+00:00	WorkerEvent	Layer05Node03.refresh-l05-n03	TaskSucceeded; ExitCode=0; 
2026-06-03T18:05:46.8932994+00:00	TaskSucceeded	Layer05Node03.refresh-l05-n03	0
2026-06-03T18:05:46.9176382+00:00	WorkerEvent	Layer05Node03	Closed; ExitCode=0; 
2026-06-03T18:05:46.9192053+00:00	PipelineCompleted	Layer05Node03	
2026-06-03T18:05:46.9199502+00:00	WorkerStarting	Layer05Node04	meta-pipeline
2026-06-03T18:05:47.0069579+00:00	WorkerStarted	Layer05Node04	552
2026-06-03T18:05:47.0075761+00:00	WorkerControlPipe	Layer05Node04	meta-orchestration-2326deca6b984c769365aee38e01daaa
2026-06-03T18:05:47.0083733+00:00	WorkerLog	Layer05Node04	stdout=C:\Users\jimmy\Desktop\meta-bi\Samples\Demos\MetaOrchestrationHairballCliIntegration\Runs\hairball-seed-20260530\RunArtifacts\runs\20260603-180446_a5be0e4746854bda812ecb0a558a271a\logs\Layer05Node04-552.stdout.log; stderr=C:\Users\jimmy\Desktop\meta-bi\Samples\Demos\MetaOrchestrationHairballCliIntegration\Runs\hairball-seed-20260530\RunArtifacts\runs\20260603-180446_a5be0e4746854bda812ecb0a558a271a\logs\Layer05Node04-552.stderr.log
2026-06-03T18:05:47.0267062+00:00	WorkerEvent	Layer05Node04	WorkerOnline; ExitCode=0; online
2026-06-03T18:05:47.0285271+00:00	WorkerEvent	Layer05Node04	WorkerReady; ExitCode=0; ready
2026-06-03T18:05:47.0311047+00:00	StartPipeline	Layer05Node04	Layer05Node04
2026-06-03T18:05:47.5375383+00:00	WorkerEvent	Layer05Node04	PipelineStarted; ExitCode=0; pipeline started
2026-06-03T18:05:47.5405896+00:00	WorkerEvent	Layer05Node04.select-l05-n04	TaskReady; ExitCode=0; 
2026-06-03T18:05:47.5416549+00:00	GrantTask	Layer05Node04.select-l05-n04	Layer05Node04.select-l05-n04; GrantId=grant-66; Attempt=1
2026-06-03T18:05:47.5423011+00:00	WorkerEvent	Layer05Node04.select-l05-n04	GrantAccepted; ExitCode=0; 
2026-06-03T18:05:47.5428999+00:00	WorkerEvent	Layer05Node04.select-l05-n04	TaskStarted; ExitCode=0; 
2026-06-03T18:05:47.8665726+00:00	WorkerEvent	Layer05Node04.select-l05-n04	TaskSucceeded; ExitCode=0; 
2026-06-03T18:05:47.8673862+00:00	TaskSucceeded	Layer05Node04.select-l05-n04	0
2026-06-03T18:05:47.8978172+00:00	WorkerEvent	Layer05Node04	Closed; ExitCode=0; 
2026-06-03T18:05:47.8985023+00:00	PipelineCompleted	Layer05Node04	
2026-06-03T18:05:47.8990118+00:00	WorkerStarting	Layer05Node05	meta-pipeline
2026-06-03T18:05:47.9873838+00:00	WorkerStarted	Layer05Node05	5848
2026-06-03T18:05:47.9878028+00:00	WorkerControlPipe	Layer05Node05	meta-orchestration-650adec93b824640869d82a8d045e2df
2026-06-03T18:05:47.9880869+00:00	WorkerLog	Layer05Node05	stdout=C:\Users\jimmy\Desktop\meta-bi\Samples\Demos\MetaOrchestrationHairballCliIntegration\Runs\hairball-seed-20260530\RunArtifacts\runs\20260603-180446_a5be0e4746854bda812ecb0a558a271a\logs\Layer05Node05-5848.stdout.log; stderr=C:\Users\jimmy\Desktop\meta-bi\Samples\Demos\MetaOrchestrationHairballCliIntegration\Runs\hairball-seed-20260530\RunArtifacts\runs\20260603-180446_a5be0e4746854bda812ecb0a558a271a\logs\Layer05Node05-5848.stderr.log
2026-06-03T18:05:48.0081285+00:00	WorkerEvent	Layer05Node05	WorkerOnline; ExitCode=0; online
2026-06-03T18:05:48.0099028+00:00	WorkerEvent	Layer05Node05	WorkerReady; ExitCode=0; ready
2026-06-03T18:05:48.0121496+00:00	StartPipeline	Layer05Node05	Layer05Node05
2026-06-03T18:05:48.4369329+00:00	WorkerEvent	Layer05Node05	PipelineStarted; ExitCode=0; pipeline started
2026-06-03T18:05:48.4385699+00:00	WorkerEvent	Layer05Node05.refresh-l05-n05	TaskReady; ExitCode=0; 
2026-06-03T18:05:48.4397252+00:00	GrantTask	Layer05Node05.refresh-l05-n05	Layer05Node05.refresh-l05-n05; GrantId=grant-67; Attempt=1
2026-06-03T18:05:48.4413870+00:00	WorkerEvent	Layer05Node05.refresh-l05-n05	GrantAccepted; ExitCode=0; 
2026-06-03T18:05:48.4422627+00:00	WorkerEvent	Layer05Node05.refresh-l05-n05	TaskStarted; ExitCode=0; 
2026-06-03T18:05:48.7245103+00:00	WorkerEvent	Layer05Node05.refresh-l05-n05	TaskSucceeded; ExitCode=0; 
2026-06-03T18:05:48.7253856+00:00	TaskSucceeded	Layer05Node05.refresh-l05-n05	0
2026-06-03T18:05:48.7477759+00:00	WorkerEvent	Layer05Node05	Closed; ExitCode=0; 
2026-06-03T18:05:48.7484364+00:00	PipelineCompleted	Layer05Node05	
2026-06-03T18:05:48.7489972+00:00	WorkerStarting	Layer05Node06	meta-pipeline
2026-06-03T18:05:48.8428118+00:00	WorkerStarted	Layer05Node06	540
2026-06-03T18:05:48.8431162+00:00	WorkerControlPipe	Layer05Node06	meta-orchestration-bca9c82c62cf45af9505758d88f92f5b
2026-06-03T18:05:48.8433979+00:00	WorkerLog	Layer05Node06	stdout=C:\Users\jimmy\Desktop\meta-bi\Samples\Demos\MetaOrchestrationHairballCliIntegration\Runs\hairball-seed-20260530\RunArtifacts\runs\20260603-180446_a5be0e4746854bda812ecb0a558a271a\logs\Layer05Node06-540.stdout.log; stderr=C:\Users\jimmy\Desktop\meta-bi\Samples\Demos\MetaOrchestrationHairballCliIntegration\Runs\hairball-seed-20260530\RunArtifacts\runs\20260603-180446_a5be0e4746854bda812ecb0a558a271a\logs\Layer05Node06-540.stderr.log
2026-06-03T18:05:48.8601100+00:00	WorkerEvent	Layer05Node06	WorkerOnline; ExitCode=0; online
2026-06-03T18:05:48.8613022+00:00	WorkerEvent	Layer05Node06	WorkerReady; ExitCode=0; ready
2026-06-03T18:05:48.8635881+00:00	StartPipeline	Layer05Node06	Layer05Node06
2026-06-03T18:05:49.2967040+00:00	WorkerEvent	Layer05Node06	PipelineStarted; ExitCode=0; pipeline started
2026-06-03T18:05:49.2980492+00:00	WorkerEvent	Layer05Node06.export-l05-n06	TaskReady; ExitCode=0; 
2026-06-03T18:05:49.2999188+00:00	GrantTask	Layer05Node06.export-l05-n06	Layer05Node06.export-l05-n06; GrantId=grant-68; Attempt=1
2026-06-03T18:05:49.3022318+00:00	WorkerEvent	Layer05Node06.export-l05-n06	GrantAccepted; ExitCode=0; 
2026-06-03T18:05:49.3030631+00:00	WorkerEvent	Layer05Node06.export-l05-n06	TaskStarted; ExitCode=0; 
2026-06-03T18:05:49.6755198+00:00	WorkerEvent	Layer05Node06.export-l05-n06	TaskSucceeded; ExitCode=0; 
2026-06-03T18:05:49.6762033+00:00	TaskSucceeded	Layer05Node06.export-l05-n06	0
2026-06-03T18:05:49.7056509+00:00	WorkerEvent	Layer05Node06	Closed; ExitCode=0; 
2026-06-03T18:05:49.7063371+00:00	PipelineCompleted	Layer05Node06	
2026-06-03T18:05:49.7069541+00:00	WorkerStarting	Layer05Node07	meta-pipeline
2026-06-03T18:05:49.7958377+00:00	WorkerStarted	Layer05Node07	28876
2026-06-03T18:05:49.7962162+00:00	WorkerControlPipe	Layer05Node07	meta-orchestration-a4a23b52746749248f672e567e13ddbe
2026-06-03T18:05:49.7964946+00:00	WorkerLog	Layer05Node07	stdout=C:\Users\jimmy\Desktop\meta-bi\Samples\Demos\MetaOrchestrationHairballCliIntegration\Runs\hairball-seed-20260530\RunArtifacts\runs\20260603-180446_a5be0e4746854bda812ecb0a558a271a\logs\Layer05Node07-28876.stdout.log; stderr=C:\Users\jimmy\Desktop\meta-bi\Samples\Demos\MetaOrchestrationHairballCliIntegration\Runs\hairball-seed-20260530\RunArtifacts\runs\20260603-180446_a5be0e4746854bda812ecb0a558a271a\logs\Layer05Node07-28876.stderr.log
2026-06-03T18:05:49.8157383+00:00	WorkerEvent	Layer05Node07	WorkerOnline; ExitCode=0; online
2026-06-03T18:05:49.8193459+00:00	WorkerEvent	Layer05Node07	WorkerReady; ExitCode=0; ready
2026-06-03T18:05:49.8240974+00:00	StartPipeline	Layer05Node07	Layer05Node07
2026-06-03T18:05:50.2957535+00:00	WorkerEvent	Layer05Node07	PipelineStarted; ExitCode=0; pipeline started
2026-06-03T18:05:50.2973469+00:00	WorkerEvent	Layer05Node07.export-l05-n07	TaskReady; ExitCode=0; 
2026-06-03T18:05:50.2984189+00:00	GrantTask	Layer05Node07.export-l05-n07	Layer05Node07.export-l05-n07; GrantId=grant-69; Attempt=1
2026-06-03T18:05:50.2990958+00:00	WorkerEvent	Layer05Node07.export-l05-n07	GrantAccepted; ExitCode=0; 
2026-06-03T18:05:50.3008000+00:00	WorkerEvent	Layer05Node07.export-l05-n07	TaskStarted; ExitCode=0; 
2026-06-03T18:05:50.6904697+00:00	WorkerEvent	Layer05Node07.export-l05-n07	TaskSucceeded; ExitCode=0; 
2026-06-03T18:05:50.6910818+00:00	TaskSucceeded	Layer05Node07.export-l05-n07	0
2026-06-03T18:05:50.7169749+00:00	WorkerEvent	Layer05Node07	Closed; ExitCode=0; 
2026-06-03T18:05:50.7182190+00:00	PipelineCompleted	Layer05Node07	
2026-06-03T18:05:50.7191136+00:00	WorkerStarting	BridgeL07L08	meta-pipeline
2026-06-03T18:05:50.8119392+00:00	WorkerStarted	BridgeL07L08	13236
2026-06-03T18:05:50.8122831+00:00	WorkerControlPipe	BridgeL07L08	meta-orchestration-d6adfd26ace14a3fa92161c2f4b39d25
2026-06-03T18:05:50.8125669+00:00	WorkerLog	BridgeL07L08	stdout=C:\Users\jimmy\Desktop\meta-bi\Samples\Demos\MetaOrchestrationHairballCliIntegration\Runs\hairball-seed-20260530\RunArtifacts\runs\20260603-180446_a5be0e4746854bda812ecb0a558a271a\logs\BridgeL07L08-13236.stdout.log; stderr=C:\Users\jimmy\Desktop\meta-bi\Samples\Demos\MetaOrchestrationHairballCliIntegration\Runs\hairball-seed-20260530\RunArtifacts\runs\20260603-180446_a5be0e4746854bda812ecb0a558a271a\logs\BridgeL07L08-13236.stderr.log
2026-06-03T18:05:50.8391711+00:00	WorkerEvent	BridgeL07L08	WorkerOnline; ExitCode=0; online
2026-06-03T18:05:50.8406999+00:00	WorkerEvent	BridgeL07L08	WorkerReady; ExitCode=0; ready
2026-06-03T18:05:50.8430896+00:00	StartPipeline	BridgeL07L08	BridgeL07L08
2026-06-03T18:05:51.4729506+00:00	WorkerEvent	BridgeL07L08	PipelineStarted; ExitCode=0; pipeline started
2026-06-03T18:05:51.4741984+00:00	WorkerEvent	BridgeL07L08.bridge-l07-l08-collect	TaskReady; ExitCode=0; 
2026-06-03T18:05:51.4750434+00:00	GrantTask	BridgeL07L08.bridge-l07-l08-collect	BridgeL07L08.bridge-l07-l08-collect; GrantId=grant-70; Attempt=1
2026-06-03T18:05:51.4754243+00:00	WorkerEvent	BridgeL07L08.bridge-l07-l08-collect	GrantAccepted; ExitCode=0; 
2026-06-03T18:05:51.4761276+00:00	WorkerEvent	BridgeL07L08.bridge-l07-l08-collect	TaskStarted; ExitCode=0; 
2026-06-03T18:05:51.8557335+00:00	WorkerEvent	BridgeL07L08.bridge-l07-l08-collect	TaskSucceeded; ExitCode=0; 
2026-06-03T18:05:51.8563847+00:00	TaskSucceeded	BridgeL07L08.bridge-l07-l08-collect	0
2026-06-03T18:05:51.8570184+00:00	WorkerEvent	BridgeL07L08.bridge-l07-l08-north	TaskReady; ExitCode=0; 
2026-06-03T18:05:51.8577659+00:00	WorkerDeferredForCapacity	BridgeL07L08	Deferred by orchestration to honor max active worker process capacity.
2026-06-03T18:05:51.8581936+00:00	StopPipeline	BridgeL07L08	Deferred by orchestration to honor max active worker process capacity.
2026-06-03T18:05:51.8867628+00:00	WorkerEvent	BridgeL07L08	Closed; ExitCode=0; 
2026-06-03T18:05:51.8880891+00:00	WorkerDeferred	BridgeL07L08	ResumeTaskId=BridgeL07L08.bridge-l07-l08-north
2026-06-03T18:05:51.8887167+00:00	WorkerStarting	Layer05Node08	meta-pipeline
2026-06-03T18:05:51.9782850+00:00	WorkerStarted	Layer05Node08	23884
2026-06-03T18:05:51.9786105+00:00	WorkerControlPipe	Layer05Node08	meta-orchestration-5f33b10b94764a9ea8861aa2b8b51653
2026-06-03T18:05:51.9789142+00:00	WorkerLog	Layer05Node08	stdout=C:\Users\jimmy\Desktop\meta-bi\Samples\Demos\MetaOrchestrationHairballCliIntegration\Runs\hairball-seed-20260530\RunArtifacts\runs\20260603-180446_a5be0e4746854bda812ecb0a558a271a\logs\Layer05Node08-23884.stdout.log; stderr=C:\Users\jimmy\Desktop\meta-bi\Samples\Demos\MetaOrchestrationHairballCliIntegration\Runs\hairball-seed-20260530\RunArtifacts\runs\20260603-180446_a5be0e4746854bda812ecb0a558a271a\logs\Layer05Node08-23884.stderr.log
2026-06-03T18:05:51.9971452+00:00	WorkerEvent	Layer05Node08	WorkerOnline; ExitCode=0; online
2026-06-03T18:05:51.9995677+00:00	WorkerEvent	Layer05Node08	WorkerReady; ExitCode=0; ready
2026-06-03T18:05:52.0038025+00:00	StartPipeline	Layer05Node08	Layer05Node08
2026-06-03T18:05:52.4558704+00:00	WorkerEvent	Layer05Node08	PipelineStarted; ExitCode=0; pipeline started
2026-06-03T18:05:52.4573504+00:00	WorkerEvent	Layer05Node08.refresh-l05-n08	TaskReady; ExitCode=0; 
2026-06-03T18:05:52.4582619+00:00	GrantTask	Layer05Node08.refresh-l05-n08	Layer05Node08.refresh-l05-n08; GrantId=grant-71; Attempt=1
2026-06-03T18:05:52.4587150+00:00	WorkerEvent	Layer05Node08.refresh-l05-n08	GrantAccepted; ExitCode=0; 
2026-06-03T18:05:52.4594893+00:00	WorkerEvent	Layer05Node08.refresh-l05-n08	TaskStarted; ExitCode=0; 
2026-06-03T18:05:52.7664156+00:00	WorkerEvent	Layer05Node08.refresh-l05-n08	TaskSucceeded; ExitCode=0; 
2026-06-03T18:05:52.7677083+00:00	TaskSucceeded	Layer05Node08.refresh-l05-n08	0
2026-06-03T18:05:52.7929951+00:00	WorkerEvent	Layer05Node08	Closed; ExitCode=0; 
2026-06-03T18:05:52.7935968+00:00	PipelineCompleted	Layer05Node08	
2026-06-03T18:05:52.7941646+00:00	WorkerStarting	Layer05Hub	meta-pipeline
2026-06-03T18:05:52.8879204+00:00	WorkerStarted	Layer05Hub	18684
2026-06-03T18:05:52.8887470+00:00	WorkerControlPipe	Layer05Hub	meta-orchestration-189717e004db4697ae3db9889186f6b2
2026-06-03T18:05:52.8891222+00:00	WorkerLog	Layer05Hub	stdout=C:\Users\jimmy\Desktop\meta-bi\Samples\Demos\MetaOrchestrationHairballCliIntegration\Runs\hairball-seed-20260530\RunArtifacts\runs\20260603-180446_a5be0e4746854bda812ecb0a558a271a\logs\Layer05Hub-18684.stdout.log; stderr=C:\Users\jimmy\Desktop\meta-bi\Samples\Demos\MetaOrchestrationHairballCliIntegration\Runs\hairball-seed-20260530\RunArtifacts\runs\20260603-180446_a5be0e4746854bda812ecb0a558a271a\logs\Layer05Hub-18684.stderr.log
2026-06-03T18:05:52.9082979+00:00	WorkerEvent	Layer05Hub	WorkerOnline; ExitCode=0; online
2026-06-03T18:05:52.9097849+00:00	WorkerEvent	Layer05Hub	WorkerReady; ExitCode=0; ready
2026-06-03T18:05:52.9121915+00:00	StartPipeline	Layer05Hub	Layer05Hub
2026-06-03T18:05:53.5580377+00:00	WorkerEvent	Layer05Hub	PipelineStarted; ExitCode=0; pipeline started
2026-06-03T18:05:53.5599456+00:00	WorkerEvent	Layer05Hub.hub-l05-stage	TaskReady; ExitCode=0; 
2026-06-03T18:05:53.5610946+00:00	GrantTask	Layer05Hub.hub-l05-stage	Layer05Hub.hub-l05-stage; GrantId=grant-72; Attempt=1
2026-06-03T18:05:53.5614438+00:00	WorkerEvent	Layer05Hub.hub-l05-stage	GrantAccepted; ExitCode=0; 
2026-06-03T18:05:53.5622760+00:00	WorkerEvent	Layer05Hub.hub-l05-stage	TaskStarted; ExitCode=0; 
2026-06-03T18:05:53.8853994+00:00	WorkerEvent	Layer05Hub.hub-l05-stage	TaskSucceeded; ExitCode=0; 
2026-06-03T18:05:53.8866118+00:00	TaskSucceeded	Layer05Hub.hub-l05-stage	0
2026-06-03T18:05:53.8882123+00:00	WorkerEvent	Layer05Hub.hub-l05-curate	TaskReady; ExitCode=0; 
2026-06-03T18:05:53.8889917+00:00	GrantTask	Layer05Hub.hub-l05-curate	Layer05Hub.hub-l05-curate; GrantId=grant-73; Attempt=1
2026-06-03T18:05:53.8895068+00:00	WorkerEvent	Layer05Hub.hub-l05-curate	GrantAccepted; ExitCode=0; 
2026-06-03T18:05:53.8901518+00:00	WorkerEvent	Layer05Hub.hub-l05-curate	TaskStarted; ExitCode=0; 
2026-06-03T18:05:53.9628917+00:00	WorkerEvent	Layer05Hub.hub-l05-curate	TaskSucceeded; ExitCode=0; 
2026-06-03T18:05:53.9636216+00:00	TaskSucceeded	Layer05Hub.hub-l05-curate	0
2026-06-03T18:05:53.9655797+00:00	WorkerEvent	Layer05Hub.hub-l05-publish	TaskReady; ExitCode=0; 
2026-06-03T18:05:53.9669316+00:00	GrantTask	Layer05Hub.hub-l05-publish	Layer05Hub.hub-l05-publish; GrantId=grant-74; Attempt=1
2026-06-03T18:05:53.9673450+00:00	WorkerEvent	Layer05Hub.hub-l05-publish	GrantAccepted; ExitCode=0; 
2026-06-03T18:05:53.9682248+00:00	WorkerEvent	Layer05Hub.hub-l05-publish	TaskStarted; ExitCode=0; 
2026-06-03T18:05:54.0851614+00:00	WorkerEvent	Layer05Hub.hub-l05-publish	TaskSucceeded; ExitCode=0; 
2026-06-03T18:05:54.0859992+00:00	TaskSucceeded	Layer05Hub.hub-l05-publish	0
2026-06-03T18:05:54.1110270+00:00	WorkerEvent	Layer05Hub	Closed; ExitCode=0; 
2026-06-03T18:05:54.1117130+00:00	PipelineCompleted	Layer05Hub	
2026-06-03T18:05:54.1122510+00:00	WorkerResuming	BridgeL05L06	ResumeTaskId=BridgeL05L06.bridge-l05-l06-collect; Executable=meta-pipeline
2026-06-03T18:05:54.2035242+00:00	WorkerStarted	BridgeL05L06	28524
2026-06-03T18:05:54.2041321+00:00	WorkerControlPipe	BridgeL05L06	meta-orchestration-9b71f004686a4f5eab1b4ae9ab554b7e
2026-06-03T18:05:54.2045505+00:00	WorkerLog	BridgeL05L06	stdout=C:\Users\jimmy\Desktop\meta-bi\Samples\Demos\MetaOrchestrationHairballCliIntegration\Runs\hairball-seed-20260530\RunArtifacts\runs\20260603-180446_a5be0e4746854bda812ecb0a558a271a\logs\BridgeL05L06-28524.stdout.log; stderr=C:\Users\jimmy\Desktop\meta-bi\Samples\Demos\MetaOrchestrationHairballCliIntegration\Runs\hairball-seed-20260530\RunArtifacts\runs\20260603-180446_a5be0e4746854bda812ecb0a558a271a\logs\BridgeL05L06-28524.stderr.log
2026-06-03T18:05:54.2228014+00:00	WorkerEvent	BridgeL05L06	WorkerOnline; ExitCode=0; online
2026-06-03T18:05:54.2245448+00:00	WorkerEvent	BridgeL05L06	WorkerReady; ExitCode=0; ready
2026-06-03T18:05:54.2271062+00:00	StartPipeline	BridgeL05L06	BridgeL05L06
2026-06-03T18:05:54.8238241+00:00	WorkerEvent	BridgeL05L06	PipelineStarted; ExitCode=0; pipeline started
2026-06-03T18:05:54.8250342+00:00	WorkerEvent	BridgeL05L06.bridge-l05-l06-collect	TaskReady; ExitCode=0; 
2026-06-03T18:05:54.8258802+00:00	GrantTask	BridgeL05L06.bridge-l05-l06-collect	BridgeL05L06.bridge-l05-l06-collect; GrantId=grant-75; Attempt=1
2026-06-03T18:05:54.8264693+00:00	WorkerEvent	BridgeL05L06.bridge-l05-l06-collect	GrantAccepted; ExitCode=0; 
2026-06-03T18:05:54.8270804+00:00	WorkerEvent	BridgeL05L06.bridge-l05-l06-collect	TaskStarted; ExitCode=0; 
2026-06-03T18:05:55.1771017+00:00	WorkerEvent	BridgeL05L06.bridge-l05-l06-collect	TaskSucceeded; ExitCode=0; 
2026-06-03T18:05:55.1777247+00:00	TaskSucceeded	BridgeL05L06.bridge-l05-l06-collect	0
2026-06-03T18:05:55.1783327+00:00	WorkerEvent	BridgeL05L06.bridge-l05-l06-north	TaskReady; ExitCode=0; 
2026-06-03T18:05:55.1792287+00:00	WorkerDeferredForCapacity	BridgeL05L06	Deferred by orchestration to honor max active worker process capacity.
2026-06-03T18:05:55.1795684+00:00	StopPipeline	BridgeL05L06	Deferred by orchestration to honor max active worker process capacity.
2026-06-03T18:05:55.2124469+00:00	WorkerEvent	BridgeL05L06	Closed; ExitCode=0; 
2026-06-03T18:05:55.2133207+00:00	WorkerDeferred	BridgeL05L06	ResumeTaskId=BridgeL05L06.bridge-l05-l06-north
2026-06-03T18:05:55.2152353+00:00	WorkerResuming	BridgeL07L08	ResumeTaskId=BridgeL07L08.bridge-l07-l08-north; Executable=meta-pipeline
2026-06-03T18:05:55.3097737+00:00	WorkerStarted	BridgeL07L08	27476
2026-06-03T18:05:55.3102122+00:00	WorkerControlPipe	BridgeL07L08	meta-orchestration-43417fbf42234dbfaa4c816e12e19822
2026-06-03T18:05:55.3105607+00:00	WorkerLog	BridgeL07L08	stdout=C:\Users\jimmy\Desktop\meta-bi\Samples\Demos\MetaOrchestrationHairballCliIntegration\Runs\hairball-seed-20260530\RunArtifacts\runs\20260603-180446_a5be0e4746854bda812ecb0a558a271a\logs\BridgeL07L08-27476.stdout.log; stderr=C:\Users\jimmy\Desktop\meta-bi\Samples\Demos\MetaOrchestrationHairballCliIntegration\Runs\hairball-seed-20260530\RunArtifacts\runs\20260603-180446_a5be0e4746854bda812ecb0a558a271a\logs\BridgeL07L08-27476.stderr.log
2026-06-03T18:05:55.3337548+00:00	WorkerEvent	BridgeL07L08	WorkerOnline; ExitCode=0; online
2026-06-03T18:05:55.3363638+00:00	WorkerEvent	BridgeL07L08	WorkerReady; ExitCode=0; ready
2026-06-03T18:05:55.3410816+00:00	StartPipeline	BridgeL07L08	BridgeL07L08
2026-06-03T18:05:55.9777584+00:00	WorkerEvent	BridgeL07L08	PipelineStarted; ExitCode=0; pipeline started
2026-06-03T18:05:55.9792103+00:00	WorkerEvent	BridgeL07L08.bridge-l07-l08-north	TaskReady; ExitCode=0; 
2026-06-03T18:05:55.9816324+00:00	GrantTask	BridgeL07L08.bridge-l07-l08-north	BridgeL07L08.bridge-l07-l08-north; GrantId=grant-76; Attempt=1
2026-06-03T18:05:55.9823855+00:00	WorkerEvent	BridgeL07L08.bridge-l07-l08-north	GrantAccepted; ExitCode=0; 
2026-06-03T18:05:55.9830167+00:00	WorkerEvent	BridgeL07L08.bridge-l07-l08-north	TaskStarted; ExitCode=0; 
2026-06-03T18:05:56.3179996+00:00	WorkerEvent	BridgeL07L08.bridge-l07-l08-north	TaskSucceeded; ExitCode=0; 
2026-06-03T18:05:56.3194368+00:00	TaskSucceeded	BridgeL07L08.bridge-l07-l08-north	0
2026-06-03T18:05:56.3201286+00:00	WorkerEvent	BridgeL07L08.bridge-l07-l08-south	TaskReady; ExitCode=0; 
2026-06-03T18:05:56.3207358+00:00	WorkerDeferredForCapacity	BridgeL07L08	Deferred by orchestration to honor max active worker process capacity.
2026-06-03T18:05:56.3209461+00:00	StopPipeline	BridgeL07L08	Deferred by orchestration to honor max active worker process capacity.
2026-06-03T18:05:56.3481271+00:00	WorkerEvent	BridgeL07L08	Closed; ExitCode=0; 
2026-06-03T18:05:56.3488338+00:00	WorkerDeferred	BridgeL07L08	ResumeTaskId=BridgeL07L08.bridge-l07-l08-south
2026-06-03T18:05:56.3495865+00:00	WorkerStarting	Layer06Node01	meta-pipeline
2026-06-03T18:05:56.4484841+00:00	WorkerStarted	Layer06Node01	21760
2026-06-03T18:05:56.4488867+00:00	WorkerControlPipe	Layer06Node01	meta-orchestration-0b26627c3024433daf2ede877664605d
2026-06-03T18:05:56.4493476+00:00	WorkerLog	Layer06Node01	stdout=C:\Users\jimmy\Desktop\meta-bi\Samples\Demos\MetaOrchestrationHairballCliIntegration\Runs\hairball-seed-20260530\RunArtifacts\runs\20260603-180446_a5be0e4746854bda812ecb0a558a271a\logs\Layer06Node01-21760.stdout.log; stderr=C:\Users\jimmy\Desktop\meta-bi\Samples\Demos\MetaOrchestrationHairballCliIntegration\Runs\hairball-seed-20260530\RunArtifacts\runs\20260603-180446_a5be0e4746854bda812ecb0a558a271a\logs\Layer06Node01-21760.stderr.log
2026-06-03T18:05:56.4705966+00:00	WorkerEvent	Layer06Node01	WorkerOnline; ExitCode=0; online
2026-06-03T18:05:56.4723994+00:00	WorkerEvent	Layer06Node01	WorkerReady; ExitCode=0; ready
2026-06-03T18:05:56.4750478+00:00	StartPipeline	Layer06Node01	Layer06Node01
2026-06-03T18:05:56.9205749+00:00	WorkerEvent	Layer06Node01	PipelineStarted; ExitCode=0; pipeline started
2026-06-03T18:05:56.9218764+00:00	WorkerEvent	Layer06Node01.select-l06-n01	TaskReady; ExitCode=0; 
2026-06-03T18:05:56.9226978+00:00	GrantTask	Layer06Node01.select-l06-n01	Layer06Node01.select-l06-n01; GrantId=grant-77; Attempt=1
2026-06-03T18:05:56.9235001+00:00	WorkerEvent	Layer06Node01.select-l06-n01	GrantAccepted; ExitCode=0; 
2026-06-03T18:05:56.9242681+00:00	WorkerEvent	Layer06Node01.select-l06-n01	TaskStarted; ExitCode=0; 
2026-06-03T18:05:57.2573144+00:00	WorkerEvent	Layer06Node01.select-l06-n01	TaskSucceeded; ExitCode=0; 
2026-06-03T18:05:57.2578653+00:00	TaskSucceeded	Layer06Node01.select-l06-n01	0
2026-06-03T18:05:57.2841618+00:00	WorkerEvent	Layer06Node01	Closed; ExitCode=0; 
2026-06-03T18:05:57.2847631+00:00	PipelineCompleted	Layer06Node01	
2026-06-03T18:05:57.2853421+00:00	WorkerStarting	Layer06Node02	meta-pipeline
2026-06-03T18:05:57.3879289+00:00	WorkerStarted	Layer06Node02	31576
2026-06-03T18:05:57.3882790+00:00	WorkerControlPipe	Layer06Node02	meta-orchestration-80f506b3e2d845cc9426d4dcb5ef0bb0
2026-06-03T18:05:57.3886205+00:00	WorkerLog	Layer06Node02	stdout=C:\Users\jimmy\Desktop\meta-bi\Samples\Demos\MetaOrchestrationHairballCliIntegration\Runs\hairball-seed-20260530\RunArtifacts\runs\20260603-180446_a5be0e4746854bda812ecb0a558a271a\logs\Layer06Node02-31576.stdout.log; stderr=C:\Users\jimmy\Desktop\meta-bi\Samples\Demos\MetaOrchestrationHairballCliIntegration\Runs\hairball-seed-20260530\RunArtifacts\runs\20260603-180446_a5be0e4746854bda812ecb0a558a271a\logs\Layer06Node02-31576.stderr.log
2026-06-03T18:05:57.3973572+00:00	WorkerEvent	Layer06Node02	WorkerOnline; ExitCode=0; online
2026-06-03T18:05:57.3992241+00:00	WorkerEvent	Layer06Node02	WorkerReady; ExitCode=0; ready
2026-06-03T18:05:57.4033806+00:00	StartPipeline	Layer06Node02	Layer06Node02
2026-06-03T18:05:57.9034742+00:00	WorkerEvent	Layer06Node02	PipelineStarted; ExitCode=0; pipeline started
2026-06-03T18:05:57.9047521+00:00	WorkerEvent	Layer06Node02.export-l06-n02	TaskReady; ExitCode=0; 
2026-06-03T18:05:57.9055671+00:00	GrantTask	Layer06Node02.export-l06-n02	Layer06Node02.export-l06-n02; GrantId=grant-78; Attempt=1
2026-06-03T18:05:57.9061282+00:00	WorkerEvent	Layer06Node02.export-l06-n02	GrantAccepted; ExitCode=0; 
2026-06-03T18:05:57.9066977+00:00	WorkerEvent	Layer06Node02.export-l06-n02	TaskStarted; ExitCode=0; 
2026-06-03T18:05:58.2848807+00:00	WorkerEvent	Layer06Node02.export-l06-n02	TaskSucceeded; ExitCode=0; 
2026-06-03T18:05:58.2854713+00:00	TaskSucceeded	Layer06Node02.export-l06-n02	0
2026-06-03T18:05:58.3101518+00:00	WorkerEvent	Layer06Node02	Closed; ExitCode=0; 
2026-06-03T18:05:58.3107375+00:00	PipelineCompleted	Layer06Node02	
2026-06-03T18:05:58.3111134+00:00	WorkerResuming	BridgeL05L06	ResumeTaskId=BridgeL05L06.bridge-l05-l06-north; Executable=meta-pipeline
2026-06-03T18:05:58.4037151+00:00	WorkerStarted	BridgeL05L06	11068
2026-06-03T18:05:58.4041464+00:00	WorkerControlPipe	BridgeL05L06	meta-orchestration-098770eb73924ddabe16ddf3e7005ccd
2026-06-03T18:05:58.4045001+00:00	WorkerLog	BridgeL05L06	stdout=C:\Users\jimmy\Desktop\meta-bi\Samples\Demos\MetaOrchestrationHairballCliIntegration\Runs\hairball-seed-20260530\RunArtifacts\runs\20260603-180446_a5be0e4746854bda812ecb0a558a271a\logs\BridgeL05L06-11068.stdout.log; stderr=C:\Users\jimmy\Desktop\meta-bi\Samples\Demos\MetaOrchestrationHairballCliIntegration\Runs\hairball-seed-20260530\RunArtifacts\runs\20260603-180446_a5be0e4746854bda812ecb0a558a271a\logs\BridgeL05L06-11068.stderr.log
2026-06-03T18:05:58.4221473+00:00	WorkerEvent	BridgeL05L06	WorkerOnline; ExitCode=0; online
2026-06-03T18:05:58.4238421+00:00	WorkerEvent	BridgeL05L06	WorkerReady; ExitCode=0; ready
2026-06-03T18:05:58.4263288+00:00	StartPipeline	BridgeL05L06	BridgeL05L06
2026-06-03T18:05:59.0673218+00:00	WorkerEvent	BridgeL05L06	PipelineStarted; ExitCode=0; pipeline started
2026-06-03T18:05:59.0695044+00:00	WorkerEvent	BridgeL05L06.bridge-l05-l06-north	TaskReady; ExitCode=0; 
2026-06-03T18:05:59.0704016+00:00	GrantTask	BridgeL05L06.bridge-l05-l06-north	BridgeL05L06.bridge-l05-l06-north; GrantId=grant-79; Attempt=1
2026-06-03T18:05:59.0710500+00:00	WorkerEvent	BridgeL05L06.bridge-l05-l06-north	GrantAccepted; ExitCode=0; 
2026-06-03T18:05:59.0723460+00:00	WorkerEvent	BridgeL05L06.bridge-l05-l06-north	TaskStarted; ExitCode=0; 
2026-06-03T18:05:59.4055116+00:00	WorkerEvent	BridgeL05L06.bridge-l05-l06-north	TaskSucceeded; ExitCode=0; 
2026-06-03T18:05:59.4060306+00:00	TaskSucceeded	BridgeL05L06.bridge-l05-l06-north	0
2026-06-03T18:05:59.4066183+00:00	WorkerEvent	BridgeL05L06.bridge-l05-l06-south	TaskReady; ExitCode=0; 
2026-06-03T18:05:59.4073665+00:00	WorkerDeferredForCapacity	BridgeL05L06	Deferred by orchestration to honor max active worker process capacity.
2026-06-03T18:05:59.4077050+00:00	StopPipeline	BridgeL05L06	Deferred by orchestration to honor max active worker process capacity.
2026-06-03T18:05:59.4391480+00:00	WorkerEvent	BridgeL05L06	Closed; ExitCode=0; 
2026-06-03T18:05:59.4397003+00:00	WorkerDeferred	BridgeL05L06	ResumeTaskId=BridgeL05L06.bridge-l05-l06-south
2026-06-03T18:05:59.4402179+00:00	WorkerStarting	Layer06Node03	meta-pipeline
2026-06-03T18:05:59.5357187+00:00	WorkerStarted	Layer06Node03	24600
2026-06-03T18:05:59.5360927+00:00	WorkerControlPipe	Layer06Node03	meta-orchestration-d85b294653c348818b25090bd4acce4a
2026-06-03T18:05:59.5364148+00:00	WorkerLog	Layer06Node03	stdout=C:\Users\jimmy\Desktop\meta-bi\Samples\Demos\MetaOrchestrationHairballCliIntegration\Runs\hairball-seed-20260530\RunArtifacts\runs\20260603-180446_a5be0e4746854bda812ecb0a558a271a\logs\Layer06Node03-24600.stdout.log; stderr=C:\Users\jimmy\Desktop\meta-bi\Samples\Demos\MetaOrchestrationHairballCliIntegration\Runs\hairball-seed-20260530\RunArtifacts\runs\20260603-180446_a5be0e4746854bda812ecb0a558a271a\logs\Layer06Node03-24600.stderr.log
2026-06-03T18:05:59.5571555+00:00	WorkerEvent	Layer06Node03	WorkerOnline; ExitCode=0; online
2026-06-03T18:05:59.5584928+00:00	WorkerEvent	Layer06Node03	WorkerReady; ExitCode=0; ready
2026-06-03T18:05:59.5611686+00:00	StartPipeline	Layer06Node03	Layer06Node03
2026-06-03T18:06:00.1376068+00:00	WorkerEvent	Layer06Node03	PipelineStarted; ExitCode=0; pipeline started
2026-06-03T18:06:00.1391940+00:00	WorkerEvent	Layer06Node03.select-l06-n03	TaskReady; ExitCode=0; 
2026-06-03T18:06:00.1401912+00:00	GrantTask	Layer06Node03.select-l06-n03	Layer06Node03.select-l06-n03; GrantId=grant-80; Attempt=1
2026-06-03T18:06:00.1405930+00:00	WorkerEvent	Layer06Node03.select-l06-n03	GrantAccepted; ExitCode=0; 
2026-06-03T18:06:00.1415632+00:00	WorkerEvent	Layer06Node03.select-l06-n03	TaskStarted; ExitCode=0; 
2026-06-03T18:06:00.4822377+00:00	WorkerEvent	Layer06Node03.select-l06-n03	TaskSucceeded; ExitCode=0; 
2026-06-03T18:06:00.4829536+00:00	TaskSucceeded	Layer06Node03.select-l06-n03	0
2026-06-03T18:06:00.5084002+00:00	WorkerEvent	Layer06Node03	Closed; ExitCode=0; 
2026-06-03T18:06:00.5090597+00:00	PipelineCompleted	Layer06Node03	
2026-06-03T18:06:00.5095325+00:00	WorkerStarting	Layer06Node04	meta-pipeline
2026-06-03T18:06:00.6063646+00:00	WorkerStarted	Layer06Node04	26584
2026-06-03T18:06:00.6067032+00:00	WorkerControlPipe	Layer06Node04	meta-orchestration-db0048c38fa942a2b2e80d1db49a708f
2026-06-03T18:06:00.6070879+00:00	WorkerLog	Layer06Node04	stdout=C:\Users\jimmy\Desktop\meta-bi\Samples\Demos\MetaOrchestrationHairballCliIntegration\Runs\hairball-seed-20260530\RunArtifacts\runs\20260603-180446_a5be0e4746854bda812ecb0a558a271a\logs\Layer06Node04-26584.stdout.log; stderr=C:\Users\jimmy\Desktop\meta-bi\Samples\Demos\MetaOrchestrationHairballCliIntegration\Runs\hairball-seed-20260530\RunArtifacts\runs\20260603-180446_a5be0e4746854bda812ecb0a558a271a\logs\Layer06Node04-26584.stderr.log
2026-06-03T18:06:00.6253361+00:00	WorkerEvent	Layer06Node04	WorkerOnline; ExitCode=0; online
2026-06-03T18:06:00.6268632+00:00	WorkerEvent	Layer06Node04	WorkerReady; ExitCode=0; ready
2026-06-03T18:06:00.6321117+00:00	StartPipeline	Layer06Node04	Layer06Node04
2026-06-03T18:06:01.1385231+00:00	WorkerEvent	Layer06Node04	PipelineStarted; ExitCode=0; pipeline started
2026-06-03T18:06:01.1398624+00:00	WorkerEvent	Layer06Node04.export-l06-n04	TaskReady; ExitCode=0; 
2026-06-03T18:06:01.1406616+00:00	GrantTask	Layer06Node04.export-l06-n04	Layer06Node04.export-l06-n04; GrantId=grant-81; Attempt=1
2026-06-03T18:06:01.1411418+00:00	WorkerEvent	Layer06Node04.export-l06-n04	GrantAccepted; ExitCode=0; 
2026-06-03T18:06:01.1419507+00:00	WorkerEvent	Layer06Node04.export-l06-n04	TaskStarted; ExitCode=0; 
2026-06-03T18:06:01.5252351+00:00	WorkerEvent	Layer06Node04.export-l06-n04	TaskSucceeded; ExitCode=0; 
2026-06-03T18:06:01.5259688+00:00	TaskSucceeded	Layer06Node04.export-l06-n04	0
2026-06-03T18:06:01.5528430+00:00	WorkerEvent	Layer06Node04	Closed; ExitCode=0; 
2026-06-03T18:06:01.5533772+00:00	PipelineCompleted	Layer06Node04	
2026-06-03T18:06:01.5538082+00:00	WorkerStarting	Layer06Node05	meta-pipeline
2026-06-03T18:06:01.6421694+00:00	WorkerStarted	Layer06Node05	24356
2026-06-03T18:06:01.6425472+00:00	WorkerControlPipe	Layer06Node05	meta-orchestration-388bb23649594edf8624b4f7948befb3
2026-06-03T18:06:01.6428720+00:00	WorkerLog	Layer06Node05	stdout=C:\Users\jimmy\Desktop\meta-bi\Samples\Demos\MetaOrchestrationHairballCliIntegration\Runs\hairball-seed-20260530\RunArtifacts\runs\20260603-180446_a5be0e4746854bda812ecb0a558a271a\logs\Layer06Node05-24356.stdout.log; stderr=C:\Users\jimmy\Desktop\meta-bi\Samples\Demos\MetaOrchestrationHairballCliIntegration\Runs\hairball-seed-20260530\RunArtifacts\runs\20260603-180446_a5be0e4746854bda812ecb0a558a271a\logs\Layer06Node05-24356.stderr.log
2026-06-03T18:06:01.6642746+00:00	WorkerEvent	Layer06Node05	WorkerOnline; ExitCode=0; online
2026-06-03T18:06:01.6664710+00:00	WorkerEvent	Layer06Node05	WorkerReady; ExitCode=0; ready
2026-06-03T18:06:01.6699476+00:00	StartPipeline	Layer06Node05	Layer06Node05
2026-06-03T18:06:02.1635865+00:00	WorkerEvent	Layer06Node05	PipelineStarted; ExitCode=0; pipeline started
2026-06-03T18:06:02.1659597+00:00	WorkerEvent	Layer06Node05.export-l06-n05	TaskReady; ExitCode=0; 
2026-06-03T18:06:02.1669747+00:00	GrantTask	Layer06Node05.export-l06-n05	Layer06Node05.export-l06-n05; GrantId=grant-82; Attempt=1
2026-06-03T18:06:02.1673132+00:00	WorkerEvent	Layer06Node05.export-l06-n05	GrantAccepted; ExitCode=0; 
2026-06-03T18:06:02.1680580+00:00	WorkerEvent	Layer06Node05.export-l06-n05	TaskStarted; ExitCode=0; 
2026-06-03T18:06:02.5525828+00:00	WorkerEvent	Layer06Node05.export-l06-n05	TaskSucceeded; ExitCode=0; 
2026-06-03T18:06:02.5532758+00:00	TaskSucceeded	Layer06Node05.export-l06-n05	0
2026-06-03T18:06:02.5807998+00:00	WorkerEvent	Layer06Node05	Closed; ExitCode=0; 
2026-06-03T18:06:02.5819030+00:00	PipelineCompleted	Layer06Node05	
2026-06-03T18:06:02.5829417+00:00	WorkerStarting	Layer06Node06	meta-pipeline
2026-06-03T18:06:02.6748303+00:00	WorkerStarted	Layer06Node06	29552
2026-06-03T18:06:02.6751688+00:00	WorkerControlPipe	Layer06Node06	meta-orchestration-640e6bebfc15410687f012786fc17ed7
2026-06-03T18:06:02.6754552+00:00	WorkerLog	Layer06Node06	stdout=C:\Users\jimmy\Desktop\meta-bi\Samples\Demos\MetaOrchestrationHairballCliIntegration\Runs\hairball-seed-20260530\RunArtifacts\runs\20260603-180446_a5be0e4746854bda812ecb0a558a271a\logs\Layer06Node06-29552.stdout.log; stderr=C:\Users\jimmy\Desktop\meta-bi\Samples\Demos\MetaOrchestrationHairballCliIntegration\Runs\hairball-seed-20260530\RunArtifacts\runs\20260603-180446_a5be0e4746854bda812ecb0a558a271a\logs\Layer06Node06-29552.stderr.log
2026-06-03T18:06:02.6942378+00:00	WorkerEvent	Layer06Node06	WorkerOnline; ExitCode=0; online
2026-06-03T18:06:02.6961019+00:00	WorkerEvent	Layer06Node06	WorkerReady; ExitCode=0; ready
2026-06-03T18:06:02.7002806+00:00	StartPipeline	Layer06Node06	Layer06Node06
2026-06-03T18:06:03.1823043+00:00	WorkerEvent	Layer06Node06	PipelineStarted; ExitCode=0; pipeline started
2026-06-03T18:06:03.1845459+00:00	WorkerEvent	Layer06Node06.select-l06-n06	TaskReady; ExitCode=0; 
2026-06-03T18:06:03.1857376+00:00	GrantTask	Layer06Node06.select-l06-n06	Layer06Node06.select-l06-n06; GrantId=grant-83; Attempt=1
2026-06-03T18:06:03.1861806+00:00	WorkerEvent	Layer06Node06.select-l06-n06	GrantAccepted; ExitCode=0; 
2026-06-03T18:06:03.1871572+00:00	WorkerEvent	Layer06Node06.select-l06-n06	TaskStarted; ExitCode=0; 
2026-06-03T18:06:03.4948336+00:00	WorkerEvent	Layer06Node06.select-l06-n06	TaskSucceeded; ExitCode=0; 
2026-06-03T18:06:03.4955152+00:00	TaskSucceeded	Layer06Node06.select-l06-n06	0
2026-06-03T18:06:03.5204426+00:00	WorkerEvent	Layer06Node06	Closed; ExitCode=0; 
2026-06-03T18:06:03.5210148+00:00	PipelineCompleted	Layer06Node06	
2026-06-03T18:06:03.5215978+00:00	WorkerStarting	Layer06Node07	meta-pipeline
2026-06-03T18:06:03.6145463+00:00	WorkerStarted	Layer06Node07	3928
2026-06-03T18:06:03.6150410+00:00	WorkerControlPipe	Layer06Node07	meta-orchestration-4e8a45221fe34e65b54e487bc80ad69d
2026-06-03T18:06:03.6154812+00:00	WorkerLog	Layer06Node07	stdout=C:\Users\jimmy\Desktop\meta-bi\Samples\Demos\MetaOrchestrationHairballCliIntegration\Runs\hairball-seed-20260530\RunArtifacts\runs\20260603-180446_a5be0e4746854bda812ecb0a558a271a\logs\Layer06Node07-3928.stdout.log; stderr=C:\Users\jimmy\Desktop\meta-bi\Samples\Demos\MetaOrchestrationHairballCliIntegration\Runs\hairball-seed-20260530\RunArtifacts\runs\20260603-180446_a5be0e4746854bda812ecb0a558a271a\logs\Layer06Node07-3928.stderr.log
2026-06-03T18:06:03.6367309+00:00	WorkerEvent	Layer06Node07	WorkerOnline; ExitCode=0; online
2026-06-03T18:06:03.6387369+00:00	WorkerEvent	Layer06Node07	WorkerReady; ExitCode=0; ready
2026-06-03T18:06:03.6413410+00:00	StartPipeline	Layer06Node07	Layer06Node07
2026-06-03T18:06:04.0940561+00:00	WorkerEvent	Layer06Node07	PipelineStarted; ExitCode=0; pipeline started
2026-06-03T18:06:04.0961923+00:00	WorkerEvent	Layer06Node07.export-l06-n07	TaskReady; ExitCode=0; 
2026-06-03T18:06:04.0974191+00:00	GrantTask	Layer06Node07.export-l06-n07	Layer06Node07.export-l06-n07; GrantId=grant-84; Attempt=1
2026-06-03T18:06:04.0978630+00:00	WorkerEvent	Layer06Node07.export-l06-n07	GrantAccepted; ExitCode=0; 
2026-06-03T18:06:04.0995883+00:00	WorkerEvent	Layer06Node07.export-l06-n07	TaskStarted; ExitCode=0; 
2026-06-03T18:06:04.4582039+00:00	WorkerEvent	Layer06Node07.export-l06-n07	TaskSucceeded; ExitCode=0; 
2026-06-03T18:06:04.4599354+00:00	TaskSucceeded	Layer06Node07.export-l06-n07	0
2026-06-03T18:06:04.4874430+00:00	WorkerEvent	Layer06Node07	Closed; ExitCode=0; 
2026-06-03T18:06:04.4880383+00:00	PipelineCompleted	Layer06Node07	
2026-06-03T18:06:04.4886086+00:00	WorkerStarting	Layer06Node08	meta-pipeline
2026-06-03T18:06:04.5744756+00:00	WorkerStarted	Layer06Node08	24520
2026-06-03T18:06:04.5755982+00:00	WorkerControlPipe	Layer06Node08	meta-orchestration-96544c31177d48eca8e6ea4a6c8e52fb
2026-06-03T18:06:04.5763148+00:00	WorkerLog	Layer06Node08	stdout=C:\Users\jimmy\Desktop\meta-bi\Samples\Demos\MetaOrchestrationHairballCliIntegration\Runs\hairball-seed-20260530\RunArtifacts\runs\20260603-180446_a5be0e4746854bda812ecb0a558a271a\logs\Layer06Node08-24520.stdout.log; stderr=C:\Users\jimmy\Desktop\meta-bi\Samples\Demos\MetaOrchestrationHairballCliIntegration\Runs\hairball-seed-20260530\RunArtifacts\runs\20260603-180446_a5be0e4746854bda812ecb0a558a271a\logs\Layer06Node08-24520.stderr.log
2026-06-03T18:06:04.5948186+00:00	WorkerEvent	Layer06Node08	WorkerOnline; ExitCode=0; online
2026-06-03T18:06:04.5988111+00:00	WorkerEvent	Layer06Node08	WorkerReady; ExitCode=0; ready
2026-06-03T18:06:04.6019226+00:00	StartPipeline	Layer06Node08	Layer06Node08
2026-06-03T18:06:05.0926697+00:00	WorkerEvent	Layer06Node08	PipelineStarted; ExitCode=0; pipeline started
2026-06-03T18:06:05.0945804+00:00	WorkerEvent	Layer06Node08.export-l06-n08	TaskReady; ExitCode=0; 
2026-06-03T18:06:05.0962568+00:00	GrantTask	Layer06Node08.export-l06-n08	Layer06Node08.export-l06-n08; GrantId=grant-85; Attempt=1
2026-06-03T18:06:05.0972526+00:00	WorkerEvent	Layer06Node08.export-l06-n08	GrantAccepted; ExitCode=0; 
2026-06-03T18:06:05.0993733+00:00	WorkerEvent	Layer06Node08.export-l06-n08	TaskStarted; ExitCode=0; 
2026-06-03T18:06:05.4877806+00:00	WorkerEvent	Layer06Node08.export-l06-n08	TaskSucceeded; ExitCode=0; 
2026-06-03T18:06:05.4883239+00:00	TaskSucceeded	Layer06Node08.export-l06-n08	0
2026-06-03T18:06:05.5157197+00:00	WorkerEvent	Layer06Node08	Closed; ExitCode=0; 
2026-06-03T18:06:05.5164013+00:00	PipelineCompleted	Layer06Node08	
2026-06-03T18:06:05.5169100+00:00	WorkerResuming	BridgeL05L06	ResumeTaskId=BridgeL05L06.bridge-l05-l06-south; Executable=meta-pipeline
2026-06-03T18:06:05.6120053+00:00	WorkerStarted	BridgeL05L06	26956
2026-06-03T18:06:05.6125711+00:00	WorkerControlPipe	BridgeL05L06	meta-orchestration-1ab80bce11a94ec49d9cafd630a91876
2026-06-03T18:06:05.6129125+00:00	WorkerLog	BridgeL05L06	stdout=C:\Users\jimmy\Desktop\meta-bi\Samples\Demos\MetaOrchestrationHairballCliIntegration\Runs\hairball-seed-20260530\RunArtifacts\runs\20260603-180446_a5be0e4746854bda812ecb0a558a271a\logs\BridgeL05L06-26956.stdout.log; stderr=C:\Users\jimmy\Desktop\meta-bi\Samples\Demos\MetaOrchestrationHairballCliIntegration\Runs\hairball-seed-20260530\RunArtifacts\runs\20260603-180446_a5be0e4746854bda812ecb0a558a271a\logs\BridgeL05L06-26956.stderr.log
2026-06-03T18:06:05.6316086+00:00	WorkerEvent	BridgeL05L06	WorkerOnline; ExitCode=0; online
2026-06-03T18:06:05.6329355+00:00	WorkerEvent	BridgeL05L06	WorkerReady; ExitCode=0; ready
2026-06-03T18:06:05.6352215+00:00	StartPipeline	BridgeL05L06	BridgeL05L06
2026-06-03T18:06:06.2384450+00:00	WorkerEvent	BridgeL05L06	PipelineStarted; ExitCode=0; pipeline started
2026-06-03T18:06:06.2400574+00:00	WorkerEvent	BridgeL05L06.bridge-l05-l06-south	TaskReady; ExitCode=0; 
2026-06-03T18:06:06.2456077+00:00	GrantTask	BridgeL05L06.bridge-l05-l06-south	BridgeL05L06.bridge-l05-l06-south; GrantId=grant-86; Attempt=1
2026-06-03T18:06:06.2464180+00:00	WorkerEvent	BridgeL05L06.bridge-l05-l06-south	GrantAccepted; ExitCode=0; 
2026-06-03T18:06:06.2473804+00:00	WorkerEvent	BridgeL05L06.bridge-l05-l06-south	TaskStarted; ExitCode=0; 
2026-06-03T18:06:06.5631753+00:00	WorkerEvent	BridgeL05L06.bridge-l05-l06-south	TaskSucceeded; ExitCode=0; 
2026-06-03T18:06:06.5637977+00:00	TaskSucceeded	BridgeL05L06.bridge-l05-l06-south	0
2026-06-03T18:06:06.5884493+00:00	WorkerEvent	BridgeL05L06	Closed; ExitCode=0; 
2026-06-03T18:06:06.5891184+00:00	PipelineCompleted	BridgeL05L06	
2026-06-03T18:06:06.5897445+00:00	WorkerStarting	Layer06Node09	meta-pipeline
2026-06-03T18:06:06.6880987+00:00	WorkerStarted	Layer06Node09	24628
2026-06-03T18:06:06.6884360+00:00	WorkerControlPipe	Layer06Node09	meta-orchestration-0343aa160402424aafa80b3b7c98d44d
2026-06-03T18:06:06.6887321+00:00	WorkerLog	Layer06Node09	stdout=C:\Users\jimmy\Desktop\meta-bi\Samples\Demos\MetaOrchestrationHairballCliIntegration\Runs\hairball-seed-20260530\RunArtifacts\runs\20260603-180446_a5be0e4746854bda812ecb0a558a271a\logs\Layer06Node09-24628.stdout.log; stderr=C:\Users\jimmy\Desktop\meta-bi\Samples\Demos\MetaOrchestrationHairballCliIntegration\Runs\hairball-seed-20260530\RunArtifacts\runs\20260603-180446_a5be0e4746854bda812ecb0a558a271a\logs\Layer06Node09-24628.stderr.log
2026-06-03T18:06:06.7066078+00:00	WorkerEvent	Layer06Node09	WorkerOnline; ExitCode=0; online
2026-06-03T18:06:06.7102698+00:00	WorkerEvent	Layer06Node09	WorkerReady; ExitCode=0; ready
2026-06-03T18:06:06.7137471+00:00	StartPipeline	Layer06Node09	Layer06Node09
2026-06-03T18:06:07.2293647+00:00	WorkerEvent	Layer06Node09	PipelineStarted; ExitCode=0; pipeline started
2026-06-03T18:06:07.2308335+00:00	WorkerEvent	Layer06Node09.select-l06-n09	TaskReady; ExitCode=0; 
2026-06-03T18:06:07.2317241+00:00	GrantTask	Layer06Node09.select-l06-n09	Layer06Node09.select-l06-n09; GrantId=grant-87; Attempt=1
2026-06-03T18:06:07.2323505+00:00	WorkerEvent	Layer06Node09.select-l06-n09	GrantAccepted; ExitCode=0; 
2026-06-03T18:06:07.2331255+00:00	WorkerEvent	Layer06Node09.select-l06-n09	TaskStarted; ExitCode=0; 
2026-06-03T18:06:07.5690493+00:00	WorkerEvent	Layer06Node09.select-l06-n09	TaskSucceeded; ExitCode=0; 
2026-06-03T18:06:07.5696101+00:00	TaskSucceeded	Layer06Node09.select-l06-n09	0
2026-06-03T18:06:07.5998050+00:00	WorkerEvent	Layer06Node09	Closed; ExitCode=0; 
2026-06-03T18:06:07.6004666+00:00	PipelineCompleted	Layer06Node09	
2026-06-03T18:06:07.6011276+00:00	WorkerStarting	Layer06Hub	meta-pipeline
2026-06-03T18:06:07.6964892+00:00	WorkerStarted	Layer06Hub	18984
2026-06-03T18:06:07.6968452+00:00	WorkerControlPipe	Layer06Hub	meta-orchestration-3a5f1ccc1ccb4950941d434f3c30de72
2026-06-03T18:06:07.6971999+00:00	WorkerLog	Layer06Hub	stdout=C:\Users\jimmy\Desktop\meta-bi\Samples\Demos\MetaOrchestrationHairballCliIntegration\Runs\hairball-seed-20260530\RunArtifacts\runs\20260603-180446_a5be0e4746854bda812ecb0a558a271a\logs\Layer06Hub-18984.stdout.log; stderr=C:\Users\jimmy\Desktop\meta-bi\Samples\Demos\MetaOrchestrationHairballCliIntegration\Runs\hairball-seed-20260530\RunArtifacts\runs\20260603-180446_a5be0e4746854bda812ecb0a558a271a\logs\Layer06Hub-18984.stderr.log
2026-06-03T18:06:07.7154777+00:00	WorkerEvent	Layer06Hub	WorkerOnline; ExitCode=0; online
2026-06-03T18:06:07.7172120+00:00	WorkerEvent	Layer06Hub	WorkerReady; ExitCode=0; ready
2026-06-03T18:06:07.7196099+00:00	StartPipeline	Layer06Hub	Layer06Hub
2026-06-03T18:06:08.4163975+00:00	WorkerEvent	Layer06Hub	PipelineStarted; ExitCode=0; pipeline started
2026-06-03T18:06:08.4182843+00:00	WorkerEvent	Layer06Hub.hub-l06-stage	TaskReady; ExitCode=0; 
2026-06-03T18:06:08.4191294+00:00	GrantTask	Layer06Hub.hub-l06-stage	Layer06Hub.hub-l06-stage; GrantId=grant-88; Attempt=1
2026-06-03T18:06:08.4196172+00:00	WorkerEvent	Layer06Hub.hub-l06-stage	GrantAccepted; ExitCode=0; 
2026-06-03T18:06:08.4202915+00:00	WorkerEvent	Layer06Hub.hub-l06-stage	TaskStarted; ExitCode=0; 
2026-06-03T18:06:08.8742010+00:00	WorkerEvent	Layer06Hub.hub-l06-stage	TaskSucceeded; ExitCode=0; 
2026-06-03T18:06:08.8750963+00:00	TaskSucceeded	Layer06Hub.hub-l06-stage	0
2026-06-03T18:06:08.8764979+00:00	WorkerEvent	Layer06Hub.hub-l06-curate	TaskReady; ExitCode=0; 
2026-06-03T18:06:08.8787728+00:00	GrantTask	Layer06Hub.hub-l06-curate	Layer06Hub.hub-l06-curate; GrantId=grant-89; Attempt=1
2026-06-03T18:06:08.8795149+00:00	WorkerEvent	Layer06Hub.hub-l06-curate	GrantAccepted; ExitCode=0; 
2026-06-03T18:06:08.8812977+00:00	WorkerEvent	Layer06Hub.hub-l06-curate	TaskStarted; ExitCode=0; 
2026-06-03T18:06:08.9861111+00:00	WorkerEvent	Layer06Hub.hub-l06-curate	TaskSucceeded; ExitCode=0; 
2026-06-03T18:06:08.9868826+00:00	TaskSucceeded	Layer06Hub.hub-l06-curate	0
2026-06-03T18:06:08.9877450+00:00	WorkerEvent	Layer06Hub.hub-l06-publish	TaskReady; ExitCode=0; 
2026-06-03T18:06:08.9891540+00:00	GrantTask	Layer06Hub.hub-l06-publish	Layer06Hub.hub-l06-publish; GrantId=grant-90; Attempt=1
2026-06-03T18:06:08.9908287+00:00	WorkerEvent	Layer06Hub.hub-l06-publish	GrantAccepted; ExitCode=0; 
2026-06-03T18:06:08.9923575+00:00	WorkerEvent	Layer06Hub.hub-l06-publish	TaskStarted; ExitCode=0; 
2026-06-03T18:06:09.1574420+00:00	WorkerEvent	Layer06Hub.hub-l06-publish	TaskSucceeded; ExitCode=0; 
2026-06-03T18:06:09.1582451+00:00	TaskSucceeded	Layer06Hub.hub-l06-publish	0
2026-06-03T18:06:09.1967783+00:00	WorkerEvent	Layer06Hub	Closed; ExitCode=0; 
2026-06-03T18:06:09.1975528+00:00	PipelineCompleted	Layer06Hub	
2026-06-03T18:06:09.1982597+00:00	WorkerStarting	Layer06Node10	meta-pipeline
2026-06-03T18:06:09.3104855+00:00	WorkerStarted	Layer06Node10	31192
2026-06-03T18:06:09.3109747+00:00	WorkerControlPipe	Layer06Node10	meta-orchestration-c0e6fa2c13f048a8a2e9ab752c0fbaaa
2026-06-03T18:06:09.3113656+00:00	WorkerLog	Layer06Node10	stdout=C:\Users\jimmy\Desktop\meta-bi\Samples\Demos\MetaOrchestrationHairballCliIntegration\Runs\hairball-seed-20260530\RunArtifacts\runs\20260603-180446_a5be0e4746854bda812ecb0a558a271a\logs\Layer06Node10-31192.stdout.log; stderr=C:\Users\jimmy\Desktop\meta-bi\Samples\Demos\MetaOrchestrationHairballCliIntegration\Runs\hairball-seed-20260530\RunArtifacts\runs\20260603-180446_a5be0e4746854bda812ecb0a558a271a\logs\Layer06Node10-31192.stderr.log
2026-06-03T18:06:09.3360817+00:00	WorkerEvent	Layer06Node10	WorkerOnline; ExitCode=0; online
2026-06-03T18:06:09.3379736+00:00	WorkerEvent	Layer06Node10	WorkerReady; ExitCode=0; ready
2026-06-03T18:06:09.3437782+00:00	StartPipeline	Layer06Node10	Layer06Node10
2026-06-03T18:06:09.8524501+00:00	WorkerEvent	Layer06Node10	PipelineStarted; ExitCode=0; pipeline started
2026-06-03T18:06:09.8539472+00:00	WorkerEvent	Layer06Node10.refresh-l06-n10	TaskReady; ExitCode=0; 
2026-06-03T18:06:09.8555699+00:00	GrantTask	Layer06Node10.refresh-l06-n10	Layer06Node10.refresh-l06-n10; GrantId=grant-91; Attempt=1
2026-06-03T18:06:09.8577552+00:00	WorkerEvent	Layer06Node10.refresh-l06-n10	GrantAccepted; ExitCode=0; 
2026-06-03T18:06:09.8592225+00:00	WorkerEvent	Layer06Node10.refresh-l06-n10	TaskStarted; ExitCode=0; 
2026-06-03T18:06:10.2124392+00:00	WorkerEvent	Layer06Node10.refresh-l06-n10	TaskSucceeded; ExitCode=0; 
2026-06-03T18:06:10.2130408+00:00	TaskSucceeded	Layer06Node10.refresh-l06-n10	0
2026-06-03T18:06:10.2400379+00:00	WorkerEvent	Layer06Node10	Closed; ExitCode=0; 
2026-06-03T18:06:10.2408306+00:00	PipelineCompleted	Layer06Node10	
2026-06-03T18:06:10.2413707+00:00	WorkerResuming	BridgeL07L08	ResumeTaskId=BridgeL07L08.bridge-l07-l08-south; Executable=meta-pipeline
2026-06-03T18:06:10.3419496+00:00	WorkerStarted	BridgeL07L08	29968
2026-06-03T18:06:10.3426874+00:00	WorkerControlPipe	BridgeL07L08	meta-orchestration-9f3dcffc486a4b9ba06fcd09aa338b90
2026-06-03T18:06:10.3433483+00:00	WorkerLog	BridgeL07L08	stdout=C:\Users\jimmy\Desktop\meta-bi\Samples\Demos\MetaOrchestrationHairballCliIntegration\Runs\hairball-seed-20260530\RunArtifacts\runs\20260603-180446_a5be0e4746854bda812ecb0a558a271a\logs\BridgeL07L08-29968.stdout.log; stderr=C:\Users\jimmy\Desktop\meta-bi\Samples\Demos\MetaOrchestrationHairballCliIntegration\Runs\hairball-seed-20260530\RunArtifacts\runs\20260603-180446_a5be0e4746854bda812ecb0a558a271a\logs\BridgeL07L08-29968.stderr.log
2026-06-03T18:06:10.3679444+00:00	WorkerEvent	BridgeL07L08	WorkerOnline; ExitCode=0; online
2026-06-03T18:06:10.3699676+00:00	WorkerEvent	BridgeL07L08	WorkerReady; ExitCode=0; ready
2026-06-03T18:06:10.3746089+00:00	StartPipeline	BridgeL07L08	BridgeL07L08
2026-06-03T18:06:11.0741302+00:00	WorkerEvent	BridgeL07L08	PipelineStarted; ExitCode=0; pipeline started
2026-06-03T18:06:11.0780625+00:00	WorkerEvent	BridgeL07L08.bridge-l07-l08-south	TaskReady; ExitCode=0; 
2026-06-03T18:06:11.0803766+00:00	GrantTask	BridgeL07L08.bridge-l07-l08-south	BridgeL07L08.bridge-l07-l08-south; GrantId=grant-92; Attempt=1
2026-06-03T18:06:11.0818713+00:00	WorkerEvent	BridgeL07L08.bridge-l07-l08-south	GrantAccepted; ExitCode=0; 
2026-06-03T18:06:11.0830451+00:00	WorkerEvent	BridgeL07L08.bridge-l07-l08-south	TaskStarted; ExitCode=0; 
2026-06-03T18:06:11.5135741+00:00	WorkerEvent	BridgeL07L08.bridge-l07-l08-south	TaskSucceeded; ExitCode=0; 
2026-06-03T18:06:11.5144525+00:00	TaskSucceeded	BridgeL07L08.bridge-l07-l08-south	0
2026-06-03T18:06:11.5534740+00:00	WorkerEvent	BridgeL07L08	Closed; ExitCode=0; 
2026-06-03T18:06:11.5544108+00:00	PipelineCompleted	BridgeL07L08	
2026-06-03T18:06:11.5563900+00:00	WorkerStarting	Layer07Node01	meta-pipeline
2026-06-03T18:06:11.7018979+00:00	WorkerStarted	Layer07Node01	31668
2026-06-03T18:06:11.7024221+00:00	WorkerControlPipe	Layer07Node01	meta-orchestration-bc6c8bafc34e4e82b2555b5e6d1cd00e
2026-06-03T18:06:11.7029488+00:00	WorkerLog	Layer07Node01	stdout=C:\Users\jimmy\Desktop\meta-bi\Samples\Demos\MetaOrchestrationHairballCliIntegration\Runs\hairball-seed-20260530\RunArtifacts\runs\20260603-180446_a5be0e4746854bda812ecb0a558a271a\logs\Layer07Node01-31668.stdout.log; stderr=C:\Users\jimmy\Desktop\meta-bi\Samples\Demos\MetaOrchestrationHairballCliIntegration\Runs\hairball-seed-20260530\RunArtifacts\runs\20260603-180446_a5be0e4746854bda812ecb0a558a271a\logs\Layer07Node01-31668.stderr.log
2026-06-03T18:06:11.7351960+00:00	WorkerEvent	Layer07Node01	WorkerOnline; ExitCode=0; online
2026-06-03T18:06:11.7376721+00:00	WorkerEvent	Layer07Node01	WorkerReady; ExitCode=0; ready
2026-06-03T18:06:11.7436203+00:00	StartPipeline	Layer07Node01	Layer07Node01
2026-06-03T18:06:12.5029938+00:00	WorkerEvent	Layer07Node01	PipelineStarted; ExitCode=0; pipeline started
2026-06-03T18:06:12.5087319+00:00	WorkerEvent	Layer07Node01.select-l07-n01	TaskReady; ExitCode=0; 
2026-06-03T18:06:12.5106198+00:00	GrantTask	Layer07Node01.select-l07-n01	Layer07Node01.select-l07-n01; GrantId=grant-93; Attempt=1
2026-06-03T18:06:12.5116757+00:00	WorkerEvent	Layer07Node01.select-l07-n01	GrantAccepted; ExitCode=0; 
2026-06-03T18:06:12.5127971+00:00	WorkerEvent	Layer07Node01.select-l07-n01	TaskStarted; ExitCode=0; 
2026-06-03T18:06:12.9640577+00:00	WorkerEvent	Layer07Node01.select-l07-n01	TaskSucceeded; ExitCode=0; 
2026-06-03T18:06:12.9649029+00:00	TaskSucceeded	Layer07Node01.select-l07-n01	0
2026-06-03T18:06:12.9999417+00:00	WorkerEvent	Layer07Node01	Closed; ExitCode=0; 
2026-06-03T18:06:13.0008301+00:00	PipelineCompleted	Layer07Node01	
2026-06-03T18:06:13.0014384+00:00	WorkerStarting	CompositeMart	meta-pipeline
2026-06-03T18:06:13.1227937+00:00	WorkerStarted	CompositeMart	23084
2026-06-03T18:06:13.1234882+00:00	WorkerControlPipe	CompositeMart	meta-orchestration-5ecf5653717c4c838d0834071ffbd186
2026-06-03T18:06:13.1239202+00:00	WorkerLog	CompositeMart	stdout=C:\Users\jimmy\Desktop\meta-bi\Samples\Demos\MetaOrchestrationHairballCliIntegration\Runs\hairball-seed-20260530\RunArtifacts\runs\20260603-180446_a5be0e4746854bda812ecb0a558a271a\logs\CompositeMart-23084.stdout.log; stderr=C:\Users\jimmy\Desktop\meta-bi\Samples\Demos\MetaOrchestrationHairballCliIntegration\Runs\hairball-seed-20260530\RunArtifacts\runs\20260603-180446_a5be0e4746854bda812ecb0a558a271a\logs\CompositeMart-23084.stderr.log
2026-06-03T18:06:13.1482861+00:00	WorkerEvent	CompositeMart	WorkerOnline; ExitCode=0; online
2026-06-03T18:06:13.1502093+00:00	WorkerEvent	CompositeMart	WorkerReady; ExitCode=0; ready
2026-06-03T18:06:13.1555195+00:00	StartPipeline	CompositeMart	CompositeMart
2026-06-03T18:06:14.1458362+00:00	WorkerEvent	CompositeMart	PipelineStarted; ExitCode=0; pipeline started
2026-06-03T18:06:14.1476110+00:00	WorkerEvent	CompositeMart.composite-stage	TaskReady; ExitCode=0; 
2026-06-03T18:06:14.1487590+00:00	GrantTask	CompositeMart.composite-stage	CompositeMart.composite-stage; GrantId=grant-94; Attempt=1
2026-06-03T18:06:14.1492777+00:00	WorkerEvent	CompositeMart.composite-stage	GrantAccepted; ExitCode=0; 
2026-06-03T18:06:14.1501114+00:00	WorkerEvent	CompositeMart.composite-stage	TaskStarted; ExitCode=0; 
2026-06-03T18:06:14.6115193+00:00	WorkerEvent	CompositeMart.composite-stage	TaskSucceeded; ExitCode=0; 
2026-06-03T18:06:14.6123389+00:00	TaskSucceeded	CompositeMart.composite-stage	0
2026-06-03T18:06:14.6130876+00:00	WorkerEvent	CompositeMart.composite-curate	TaskReady; ExitCode=0; 
2026-06-03T18:06:14.6139947+00:00	WorkerDeferredForCapacity	CompositeMart	Deferred by orchestration to honor max active worker process capacity.
2026-06-03T18:06:14.6143655+00:00	StopPipeline	CompositeMart	Deferred by orchestration to honor max active worker process capacity.
2026-06-03T18:06:14.6565508+00:00	WorkerEvent	CompositeMart	Closed; ExitCode=0; 
2026-06-03T18:06:14.6587509+00:00	WorkerDeferred	CompositeMart	ResumeTaskId=CompositeMart.composite-curate
2026-06-03T18:06:14.6599949+00:00	WorkerStarting	Layer07Node02	meta-pipeline
2026-06-03T18:06:14.7913927+00:00	WorkerStarted	Layer07Node02	27532
2026-06-03T18:06:14.7920692+00:00	WorkerControlPipe	Layer07Node02	meta-orchestration-59fcd2187aa64a708886fdf57273cc35
2026-06-03T18:06:14.7925387+00:00	WorkerLog	Layer07Node02	stdout=C:\Users\jimmy\Desktop\meta-bi\Samples\Demos\MetaOrchestrationHairballCliIntegration\Runs\hairball-seed-20260530\RunArtifacts\runs\20260603-180446_a5be0e4746854bda812ecb0a558a271a\logs\Layer07Node02-27532.stdout.log; stderr=C:\Users\jimmy\Desktop\meta-bi\Samples\Demos\MetaOrchestrationHairballCliIntegration\Runs\hairball-seed-20260530\RunArtifacts\runs\20260603-180446_a5be0e4746854bda812ecb0a558a271a\logs\Layer07Node02-27532.stderr.log
2026-06-03T18:06:14.8181716+00:00	WorkerEvent	Layer07Node02	WorkerOnline; ExitCode=0; online
2026-06-03T18:06:14.8221586+00:00	WorkerEvent	Layer07Node02	WorkerReady; ExitCode=0; ready
2026-06-03T18:06:14.8287025+00:00	StartPipeline	Layer07Node02	Layer07Node02
2026-06-03T18:06:15.4950598+00:00	WorkerEvent	Layer07Node02	PipelineStarted; ExitCode=0; pipeline started
2026-06-03T18:06:15.4965736+00:00	WorkerEvent	Layer07Node02.select-l07-n02	TaskReady; ExitCode=0; 
2026-06-03T18:06:15.4974929+00:00	GrantTask	Layer07Node02.select-l07-n02	Layer07Node02.select-l07-n02; GrantId=grant-95; Attempt=1
2026-06-03T18:06:15.4981970+00:00	WorkerEvent	Layer07Node02.select-l07-n02	GrantAccepted; ExitCode=0; 
2026-06-03T18:06:15.4991028+00:00	WorkerEvent	Layer07Node02.select-l07-n02	TaskStarted; ExitCode=0; 
2026-06-03T18:06:15.8604948+00:00	WorkerEvent	Layer07Node02.select-l07-n02	TaskSucceeded; ExitCode=0; 
2026-06-03T18:06:15.8611531+00:00	TaskSucceeded	Layer07Node02.select-l07-n02	0
2026-06-03T18:06:15.8863278+00:00	WorkerEvent	Layer07Node02	Closed; ExitCode=0; 
2026-06-03T18:06:15.8873710+00:00	PipelineCompleted	Layer07Node02	
2026-06-03T18:06:15.8883470+00:00	WorkerStarting	Layer07Node03	meta-pipeline
2026-06-03T18:06:15.9781233+00:00	WorkerStarted	Layer07Node03	30544
2026-06-03T18:06:15.9784830+00:00	WorkerControlPipe	Layer07Node03	meta-orchestration-56b55fd3b2a54a5991195eb78b449455
2026-06-03T18:06:15.9788107+00:00	WorkerLog	Layer07Node03	stdout=C:\Users\jimmy\Desktop\meta-bi\Samples\Demos\MetaOrchestrationHairballCliIntegration\Runs\hairball-seed-20260530\RunArtifacts\runs\20260603-180446_a5be0e4746854bda812ecb0a558a271a\logs\Layer07Node03-30544.stdout.log; stderr=C:\Users\jimmy\Desktop\meta-bi\Samples\Demos\MetaOrchestrationHairballCliIntegration\Runs\hairball-seed-20260530\RunArtifacts\runs\20260603-180446_a5be0e4746854bda812ecb0a558a271a\logs\Layer07Node03-30544.stderr.log
2026-06-03T18:06:15.9964115+00:00	WorkerEvent	Layer07Node03	WorkerOnline; ExitCode=0; online
2026-06-03T18:06:15.9984915+00:00	WorkerEvent	Layer07Node03	WorkerReady; ExitCode=0; ready
2026-06-03T18:06:16.0004015+00:00	StartPipeline	Layer07Node03	Layer07Node03
2026-06-03T18:06:16.4906373+00:00	WorkerEvent	Layer07Node03	PipelineStarted; ExitCode=0; pipeline started
2026-06-03T18:06:16.4928049+00:00	WorkerEvent	Layer07Node03.refresh-l07-n03	TaskReady; ExitCode=0; 
2026-06-03T18:06:16.4937641+00:00	GrantTask	Layer07Node03.refresh-l07-n03	Layer07Node03.refresh-l07-n03; GrantId=grant-96; Attempt=1
2026-06-03T18:06:16.4944489+00:00	WorkerEvent	Layer07Node03.refresh-l07-n03	GrantAccepted; ExitCode=0; 
2026-06-03T18:06:16.4952993+00:00	WorkerEvent	Layer07Node03.refresh-l07-n03	TaskStarted; ExitCode=0; 
2026-06-03T18:06:16.8622189+00:00	WorkerEvent	Layer07Node03.refresh-l07-n03	TaskSucceeded; ExitCode=0; 
2026-06-03T18:06:16.8657780+00:00	TaskSucceeded	Layer07Node03.refresh-l07-n03	0
2026-06-03T18:06:16.9137742+00:00	WorkerEvent	Layer07Node03	Closed; ExitCode=0; 
2026-06-03T18:06:16.9175065+00:00	PipelineCompleted	Layer07Node03	
2026-06-03T18:06:16.9230066+00:00	WorkerStarting	Layer07Node04	meta-pipeline
2026-06-03T18:06:17.0722159+00:00	WorkerStarted	Layer07Node04	23612
2026-06-03T18:06:17.0728290+00:00	WorkerControlPipe	Layer07Node04	meta-orchestration-d3433960e26c4fb9a7599db6692889c4
2026-06-03T18:06:17.0732010+00:00	WorkerLog	Layer07Node04	stdout=C:\Users\jimmy\Desktop\meta-bi\Samples\Demos\MetaOrchestrationHairballCliIntegration\Runs\hairball-seed-20260530\RunArtifacts\runs\20260603-180446_a5be0e4746854bda812ecb0a558a271a\logs\Layer07Node04-23612.stdout.log; stderr=C:\Users\jimmy\Desktop\meta-bi\Samples\Demos\MetaOrchestrationHairballCliIntegration\Runs\hairball-seed-20260530\RunArtifacts\runs\20260603-180446_a5be0e4746854bda812ecb0a558a271a\logs\Layer07Node04-23612.stderr.log
2026-06-03T18:06:17.0968345+00:00	WorkerEvent	Layer07Node04	WorkerOnline; ExitCode=0; online
2026-06-03T18:06:17.0989905+00:00	WorkerEvent	Layer07Node04	WorkerReady; ExitCode=0; ready
2026-06-03T18:06:17.1042624+00:00	StartPipeline	Layer07Node04	Layer07Node04
2026-06-03T18:06:17.6790264+00:00	WorkerEvent	Layer07Node04	PipelineStarted; ExitCode=0; pipeline started
2026-06-03T18:06:17.6804836+00:00	WorkerEvent	Layer07Node04.select-l07-n04	TaskReady; ExitCode=0; 
2026-06-03T18:06:17.6819815+00:00	GrantTask	Layer07Node04.select-l07-n04	Layer07Node04.select-l07-n04; GrantId=grant-97; Attempt=1
2026-06-03T18:06:17.6830611+00:00	WorkerEvent	Layer07Node04.select-l07-n04	GrantAccepted; ExitCode=0; 
2026-06-03T18:06:17.6840081+00:00	WorkerEvent	Layer07Node04.select-l07-n04	TaskStarted; ExitCode=0; 
2026-06-03T18:06:18.0581879+00:00	WorkerEvent	Layer07Node04.select-l07-n04	TaskSucceeded; ExitCode=0; 
2026-06-03T18:06:18.0587837+00:00	TaskSucceeded	Layer07Node04.select-l07-n04	0
2026-06-03T18:06:18.0860341+00:00	WorkerEvent	Layer07Node04	Closed; ExitCode=0; 
2026-06-03T18:06:18.0867277+00:00	PipelineCompleted	Layer07Node04	
2026-06-03T18:06:18.0872757+00:00	WorkerStarting	Layer07Node05	meta-pipeline
2026-06-03T18:06:18.1850309+00:00	WorkerStarted	Layer07Node05	17960
2026-06-03T18:06:18.1855835+00:00	WorkerControlPipe	Layer07Node05	meta-orchestration-efa60d2c188b49e582a4b86790579f73
2026-06-03T18:06:18.1859612+00:00	WorkerLog	Layer07Node05	stdout=C:\Users\jimmy\Desktop\meta-bi\Samples\Demos\MetaOrchestrationHairballCliIntegration\Runs\hairball-seed-20260530\RunArtifacts\runs\20260603-180446_a5be0e4746854bda812ecb0a558a271a\logs\Layer07Node05-17960.stdout.log; stderr=C:\Users\jimmy\Desktop\meta-bi\Samples\Demos\MetaOrchestrationHairballCliIntegration\Runs\hairball-seed-20260530\RunArtifacts\runs\20260603-180446_a5be0e4746854bda812ecb0a558a271a\logs\Layer07Node05-17960.stderr.log
2026-06-03T18:06:18.2076495+00:00	WorkerEvent	Layer07Node05	WorkerOnline; ExitCode=0; online
2026-06-03T18:06:18.2092975+00:00	WorkerEvent	Layer07Node05	WorkerReady; ExitCode=0; ready
2026-06-03T18:06:18.2117830+00:00	StartPipeline	Layer07Node05	Layer07Node05
2026-06-03T18:06:18.6948720+00:00	WorkerEvent	Layer07Node05	PipelineStarted; ExitCode=0; pipeline started
2026-06-03T18:06:18.6965719+00:00	WorkerEvent	Layer07Node05.select-l07-n05	TaskReady; ExitCode=0; 
2026-06-03T18:06:18.6975032+00:00	GrantTask	Layer07Node05.select-l07-n05	Layer07Node05.select-l07-n05; GrantId=grant-98; Attempt=1
2026-06-03T18:06:18.6980552+00:00	WorkerEvent	Layer07Node05.select-l07-n05	GrantAccepted; ExitCode=0; 
2026-06-03T18:06:18.6991773+00:00	WorkerEvent	Layer07Node05.select-l07-n05	TaskStarted; ExitCode=0; 
2026-06-03T18:06:19.0255428+00:00	WorkerEvent	Layer07Node05.select-l07-n05	TaskSucceeded; ExitCode=0; 
2026-06-03T18:06:19.0262584+00:00	TaskSucceeded	Layer07Node05.select-l07-n05	0
2026-06-03T18:06:19.0521444+00:00	WorkerEvent	Layer07Node05	Closed; ExitCode=0; 
2026-06-03T18:06:19.0527641+00:00	PipelineCompleted	Layer07Node05	
2026-06-03T18:06:19.0533852+00:00	WorkerStarting	Layer07Node06	meta-pipeline
2026-06-03T18:06:19.1479053+00:00	WorkerStarted	Layer07Node06	15516
2026-06-03T18:06:19.1482660+00:00	WorkerControlPipe	Layer07Node06	meta-orchestration-9d6b46c634174823a9b4b1d3a08edb9e
2026-06-03T18:06:19.1486458+00:00	WorkerLog	Layer07Node06	stdout=C:\Users\jimmy\Desktop\meta-bi\Samples\Demos\MetaOrchestrationHairballCliIntegration\Runs\hairball-seed-20260530\RunArtifacts\runs\20260603-180446_a5be0e4746854bda812ecb0a558a271a\logs\Layer07Node06-15516.stdout.log; stderr=C:\Users\jimmy\Desktop\meta-bi\Samples\Demos\MetaOrchestrationHairballCliIntegration\Runs\hairball-seed-20260530\RunArtifacts\runs\20260603-180446_a5be0e4746854bda812ecb0a558a271a\logs\Layer07Node06-15516.stderr.log
2026-06-03T18:06:19.1748689+00:00	WorkerEvent	Layer07Node06	WorkerOnline; ExitCode=0; online
2026-06-03T18:06:19.1766558+00:00	WorkerEvent	Layer07Node06	WorkerReady; ExitCode=0; ready
2026-06-03T18:06:19.1807329+00:00	StartPipeline	Layer07Node06	Layer07Node06
2026-06-03T18:06:19.6535305+00:00	WorkerEvent	Layer07Node06	PipelineStarted; ExitCode=0; pipeline started
2026-06-03T18:06:19.6554669+00:00	WorkerEvent	Layer07Node06.export-l07-n06	TaskReady; ExitCode=0; 
2026-06-03T18:06:19.6566200+00:00	GrantTask	Layer07Node06.export-l07-n06	Layer07Node06.export-l07-n06; GrantId=grant-99; Attempt=1
2026-06-03T18:06:19.6580978+00:00	WorkerEvent	Layer07Node06.export-l07-n06	GrantAccepted; ExitCode=0; 
2026-06-03T18:06:19.6588979+00:00	WorkerEvent	Layer07Node06.export-l07-n06	TaskStarted; ExitCode=0; 
2026-06-03T18:06:20.0184261+00:00	WorkerEvent	Layer07Node06.export-l07-n06	TaskSucceeded; ExitCode=0; 
2026-06-03T18:06:20.0191502+00:00	TaskSucceeded	Layer07Node06.export-l07-n06	0
2026-06-03T18:06:20.0450194+00:00	WorkerEvent	Layer07Node06	Closed; ExitCode=0; 
2026-06-03T18:06:20.0457464+00:00	PipelineCompleted	Layer07Node06	
2026-06-03T18:06:20.0463452+00:00	WorkerStarting	Layer07Node07	meta-pipeline
2026-06-03T18:06:20.1426426+00:00	WorkerStarted	Layer07Node07	30176
2026-06-03T18:06:20.1429988+00:00	WorkerControlPipe	Layer07Node07	meta-orchestration-660c37cd6b114634b2b60f8877811764
2026-06-03T18:06:20.1433873+00:00	WorkerLog	Layer07Node07	stdout=C:\Users\jimmy\Desktop\meta-bi\Samples\Demos\MetaOrchestrationHairballCliIntegration\Runs\hairball-seed-20260530\RunArtifacts\runs\20260603-180446_a5be0e4746854bda812ecb0a558a271a\logs\Layer07Node07-30176.stdout.log; stderr=C:\Users\jimmy\Desktop\meta-bi\Samples\Demos\MetaOrchestrationHairballCliIntegration\Runs\hairball-seed-20260530\RunArtifacts\runs\20260603-180446_a5be0e4746854bda812ecb0a558a271a\logs\Layer07Node07-30176.stderr.log
2026-06-03T18:06:20.1611785+00:00	WorkerEvent	Layer07Node07	WorkerOnline; ExitCode=0; online
2026-06-03T18:06:20.1627186+00:00	WorkerEvent	Layer07Node07	WorkerReady; ExitCode=0; ready
2026-06-03T18:06:20.1651134+00:00	StartPipeline	Layer07Node07	Layer07Node07
2026-06-03T18:06:20.6730409+00:00	WorkerEvent	Layer07Node07	PipelineStarted; ExitCode=0; pipeline started
2026-06-03T18:06:20.6746951+00:00	WorkerEvent	Layer07Node07.select-l07-n07	TaskReady; ExitCode=0; 
2026-06-03T18:06:20.6757082+00:00	GrantTask	Layer07Node07.select-l07-n07	Layer07Node07.select-l07-n07; GrantId=grant-100; Attempt=1
2026-06-03T18:06:20.6762323+00:00	WorkerEvent	Layer07Node07.select-l07-n07	GrantAccepted; ExitCode=0; 
2026-06-03T18:06:20.6770802+00:00	WorkerEvent	Layer07Node07.select-l07-n07	TaskStarted; ExitCode=0; 
2026-06-03T18:06:20.9865788+00:00	WorkerEvent	Layer07Node07.select-l07-n07	TaskSucceeded; ExitCode=0; 
2026-06-03T18:06:20.9881430+00:00	TaskSucceeded	Layer07Node07.select-l07-n07	0
2026-06-03T18:06:21.0131881+00:00	WorkerEvent	Layer07Node07	Closed; ExitCode=0; 
2026-06-03T18:06:21.0137441+00:00	PipelineCompleted	Layer07Node07	
2026-06-03T18:06:21.0143086+00:00	WorkerStarting	Layer07Node08	meta-pipeline
2026-06-03T18:06:21.1164846+00:00	WorkerStarted	Layer07Node08	7552
2026-06-03T18:06:21.1170744+00:00	WorkerControlPipe	Layer07Node08	meta-orchestration-048ef33ad078435d868ea0e992c1d8e0
2026-06-03T18:06:21.1173662+00:00	WorkerLog	Layer07Node08	stdout=C:\Users\jimmy\Desktop\meta-bi\Samples\Demos\MetaOrchestrationHairballCliIntegration\Runs\hairball-seed-20260530\RunArtifacts\runs\20260603-180446_a5be0e4746854bda812ecb0a558a271a\logs\Layer07Node08-7552.stdout.log; stderr=C:\Users\jimmy\Desktop\meta-bi\Samples\Demos\MetaOrchestrationHairballCliIntegration\Runs\hairball-seed-20260530\RunArtifacts\runs\20260603-180446_a5be0e4746854bda812ecb0a558a271a\logs\Layer07Node08-7552.stderr.log
2026-06-03T18:06:21.1425344+00:00	WorkerEvent	Layer07Node08	WorkerOnline; ExitCode=0; online
2026-06-03T18:06:21.1444048+00:00	WorkerEvent	Layer07Node08	WorkerReady; ExitCode=0; ready
2026-06-03T18:06:21.1494614+00:00	StartPipeline	Layer07Node08	Layer07Node08
2026-06-03T18:06:21.6444648+00:00	WorkerEvent	Layer07Node08	PipelineStarted; ExitCode=0; pipeline started
2026-06-03T18:06:21.6458046+00:00	WorkerEvent	Layer07Node08.export-l07-n08	TaskReady; ExitCode=0; 
2026-06-03T18:06:21.6469049+00:00	GrantTask	Layer07Node08.export-l07-n08	Layer07Node08.export-l07-n08; GrantId=grant-101; Attempt=1
2026-06-03T18:06:21.6473694+00:00	WorkerEvent	Layer07Node08.export-l07-n08	GrantAccepted; ExitCode=0; 
2026-06-03T18:06:21.6488563+00:00	WorkerEvent	Layer07Node08.export-l07-n08	TaskStarted; ExitCode=0; 
2026-06-03T18:06:22.0274816+00:00	WorkerEvent	Layer07Node08.export-l07-n08	TaskSucceeded; ExitCode=0; 
2026-06-03T18:06:22.0280405+00:00	TaskSucceeded	Layer07Node08.export-l07-n08	0
2026-06-03T18:06:22.0567751+00:00	WorkerEvent	Layer07Node08	Closed; ExitCode=0; 
2026-06-03T18:06:22.0573080+00:00	PipelineCompleted	Layer07Node08	
2026-06-03T18:06:22.0578337+00:00	WorkerStarting	Layer07Hub	meta-pipeline
2026-06-03T18:06:22.1506356+00:00	WorkerStarted	Layer07Hub	21244
2026-06-03T18:06:22.1511550+00:00	WorkerControlPipe	Layer07Hub	meta-orchestration-546fdad84f6540b8a6cc097f10984850
2026-06-03T18:06:22.1517304+00:00	WorkerLog	Layer07Hub	stdout=C:\Users\jimmy\Desktop\meta-bi\Samples\Demos\MetaOrchestrationHairballCliIntegration\Runs\hairball-seed-20260530\RunArtifacts\runs\20260603-180446_a5be0e4746854bda812ecb0a558a271a\logs\Layer07Hub-21244.stdout.log; stderr=C:\Users\jimmy\Desktop\meta-bi\Samples\Demos\MetaOrchestrationHairballCliIntegration\Runs\hairball-seed-20260530\RunArtifacts\runs\20260603-180446_a5be0e4746854bda812ecb0a558a271a\logs\Layer07Hub-21244.stderr.log
2026-06-03T18:06:22.1727747+00:00	WorkerEvent	Layer07Hub	WorkerOnline; ExitCode=0; online
2026-06-03T18:06:22.1745446+00:00	WorkerEvent	Layer07Hub	WorkerReady; ExitCode=0; ready
2026-06-03T18:06:22.1773874+00:00	StartPipeline	Layer07Hub	Layer07Hub
2026-06-03T18:06:22.8042683+00:00	WorkerEvent	Layer07Hub	PipelineStarted; ExitCode=0; pipeline started
2026-06-03T18:06:22.8058832+00:00	WorkerEvent	Layer07Hub.hub-l07-stage	TaskReady; ExitCode=0; 
2026-06-03T18:06:22.8068509+00:00	GrantTask	Layer07Hub.hub-l07-stage	Layer07Hub.hub-l07-stage; GrantId=grant-102; Attempt=1
2026-06-03T18:06:22.8072943+00:00	WorkerEvent	Layer07Hub.hub-l07-stage	GrantAccepted; ExitCode=0; 
2026-06-03T18:06:22.8081920+00:00	WorkerEvent	Layer07Hub.hub-l07-stage	TaskStarted; ExitCode=0; 
2026-06-03T18:06:23.1447350+00:00	WorkerEvent	Layer07Hub.hub-l07-stage	TaskSucceeded; ExitCode=0; 
2026-06-03T18:06:23.1453731+00:00	TaskSucceeded	Layer07Hub.hub-l07-stage	0
2026-06-03T18:06:23.1459791+00:00	WorkerEvent	Layer07Hub.hub-l07-curate	TaskReady; ExitCode=0; 
2026-06-03T18:06:23.1468616+00:00	GrantTask	Layer07Hub.hub-l07-curate	Layer07Hub.hub-l07-curate; GrantId=grant-103; Attempt=1
2026-06-03T18:06:23.1472454+00:00	WorkerEvent	Layer07Hub.hub-l07-curate	GrantAccepted; ExitCode=0; 
2026-06-03T18:06:23.1492565+00:00	WorkerEvent	Layer07Hub.hub-l07-curate	TaskStarted; ExitCode=0; 
2026-06-03T18:06:23.2299239+00:00	WorkerEvent	Layer07Hub.hub-l07-curate	TaskSucceeded; ExitCode=0; 
2026-06-03T18:06:23.2306050+00:00	TaskSucceeded	Layer07Hub.hub-l07-curate	0
2026-06-03T18:06:23.2326038+00:00	WorkerEvent	Layer07Hub.hub-l07-publish	TaskReady; ExitCode=0; 
2026-06-03T18:06:23.2340222+00:00	GrantTask	Layer07Hub.hub-l07-publish	Layer07Hub.hub-l07-publish; GrantId=grant-104; Attempt=1
2026-06-03T18:06:23.2348057+00:00	WorkerEvent	Layer07Hub.hub-l07-publish	GrantAccepted; ExitCode=0; 
2026-06-03T18:06:23.2365968+00:00	WorkerEvent	Layer07Hub.hub-l07-publish	TaskStarted; ExitCode=0; 
2026-06-03T18:06:23.3614171+00:00	WorkerEvent	Layer07Hub.hub-l07-publish	TaskSucceeded; ExitCode=0; 
2026-06-03T18:06:23.3619859+00:00	TaskSucceeded	Layer07Hub.hub-l07-publish	0
2026-06-03T18:06:23.3888379+00:00	WorkerEvent	Layer07Hub	Closed; ExitCode=0; 
2026-06-03T18:06:23.3893956+00:00	PipelineCompleted	Layer07Hub	
2026-06-03T18:06:23.3899705+00:00	WorkerStarting	Layer08Node01	meta-pipeline
2026-06-03T18:06:23.4830432+00:00	WorkerStarted	Layer08Node01	25484
2026-06-03T18:06:23.4838435+00:00	WorkerControlPipe	Layer08Node01	meta-orchestration-f5ec714d66564849a580d411b573c2a1
2026-06-03T18:06:23.4847150+00:00	WorkerLog	Layer08Node01	stdout=C:\Users\jimmy\Desktop\meta-bi\Samples\Demos\MetaOrchestrationHairballCliIntegration\Runs\hairball-seed-20260530\RunArtifacts\runs\20260603-180446_a5be0e4746854bda812ecb0a558a271a\logs\Layer08Node01-25484.stdout.log; stderr=C:\Users\jimmy\Desktop\meta-bi\Samples\Demos\MetaOrchestrationHairballCliIntegration\Runs\hairball-seed-20260530\RunArtifacts\runs\20260603-180446_a5be0e4746854bda812ecb0a558a271a\logs\Layer08Node01-25484.stderr.log
2026-06-03T18:06:23.5041458+00:00	WorkerEvent	Layer08Node01	WorkerOnline; ExitCode=0; online
2026-06-03T18:06:23.5057611+00:00	WorkerEvent	Layer08Node01	WorkerReady; ExitCode=0; ready
2026-06-03T18:06:23.5084467+00:00	StartPipeline	Layer08Node01	Layer08Node01
2026-06-03T18:06:24.0066990+00:00	WorkerEvent	Layer08Node01	PipelineStarted; ExitCode=0; pipeline started
2026-06-03T18:06:24.0082351+00:00	WorkerEvent	Layer08Node01.refresh-l08-n01	TaskReady; ExitCode=0; 
2026-06-03T18:06:24.0091515+00:00	GrantTask	Layer08Node01.refresh-l08-n01	Layer08Node01.refresh-l08-n01; GrantId=grant-105; Attempt=1
2026-06-03T18:06:24.0097614+00:00	WorkerEvent	Layer08Node01.refresh-l08-n01	GrantAccepted; ExitCode=0; 
2026-06-03T18:06:24.0107191+00:00	WorkerEvent	Layer08Node01.refresh-l08-n01	TaskStarted; ExitCode=0; 
2026-06-03T18:06:24.3247174+00:00	WorkerEvent	Layer08Node01.refresh-l08-n01	TaskSucceeded; ExitCode=0; 
2026-06-03T18:06:24.3252679+00:00	TaskSucceeded	Layer08Node01.refresh-l08-n01	0
2026-06-03T18:06:24.3483600+00:00	WorkerEvent	Layer08Node01	Closed; ExitCode=0; 
2026-06-03T18:06:24.3493302+00:00	PipelineCompleted	Layer08Node01	
2026-06-03T18:06:24.3500987+00:00	WorkerStarting	Layer08Node02	meta-pipeline
2026-06-03T18:06:24.4537110+00:00	WorkerStarted	Layer08Node02	28644
2026-06-03T18:06:24.4542578+00:00	WorkerControlPipe	Layer08Node02	meta-orchestration-6e221f4adea7464b96aa428ef743a5f8
2026-06-03T18:06:24.4545931+00:00	WorkerLog	Layer08Node02	stdout=C:\Users\jimmy\Desktop\meta-bi\Samples\Demos\MetaOrchestrationHairballCliIntegration\Runs\hairball-seed-20260530\RunArtifacts\runs\20260603-180446_a5be0e4746854bda812ecb0a558a271a\logs\Layer08Node02-28644.stdout.log; stderr=C:\Users\jimmy\Desktop\meta-bi\Samples\Demos\MetaOrchestrationHairballCliIntegration\Runs\hairball-seed-20260530\RunArtifacts\runs\20260603-180446_a5be0e4746854bda812ecb0a558a271a\logs\Layer08Node02-28644.stderr.log
2026-06-03T18:06:24.4743627+00:00	WorkerEvent	Layer08Node02	WorkerOnline; ExitCode=0; online
2026-06-03T18:06:24.4758724+00:00	WorkerEvent	Layer08Node02	WorkerReady; ExitCode=0; ready
2026-06-03T18:06:24.4787600+00:00	StartPipeline	Layer08Node02	Layer08Node02
2026-06-03T18:06:24.9498011+00:00	WorkerEvent	Layer08Node02	PipelineStarted; ExitCode=0; pipeline started
2026-06-03T18:06:24.9519188+00:00	WorkerEvent	Layer08Node02.select-l08-n02	TaskReady; ExitCode=0; 
2026-06-03T18:06:24.9530692+00:00	GrantTask	Layer08Node02.select-l08-n02	Layer08Node02.select-l08-n02; GrantId=grant-106; Attempt=1
2026-06-03T18:06:24.9546698+00:00	WorkerEvent	Layer08Node02.select-l08-n02	GrantAccepted; ExitCode=0; 
2026-06-03T18:06:24.9559976+00:00	WorkerEvent	Layer08Node02.select-l08-n02	TaskStarted; ExitCode=0; 
2026-06-03T18:06:25.2827281+00:00	WorkerEvent	Layer08Node02.select-l08-n02	TaskSucceeded; ExitCode=0; 
2026-06-03T18:06:25.2834308+00:00	TaskSucceeded	Layer08Node02.select-l08-n02	0
2026-06-03T18:06:25.3064649+00:00	WorkerEvent	Layer08Node02	Closed; ExitCode=0; 
2026-06-03T18:06:25.3070385+00:00	PipelineCompleted	Layer08Node02	
2026-06-03T18:06:25.3075999+00:00	WorkerStarting	Layer08Node03	meta-pipeline
2026-06-03T18:06:25.3955585+00:00	WorkerStarted	Layer08Node03	4860
2026-06-03T18:06:25.3959423+00:00	WorkerControlPipe	Layer08Node03	meta-orchestration-00800254d74a41e390e08f974a930194
2026-06-03T18:06:25.3965292+00:00	WorkerLog	Layer08Node03	stdout=C:\Users\jimmy\Desktop\meta-bi\Samples\Demos\MetaOrchestrationHairballCliIntegration\Runs\hairball-seed-20260530\RunArtifacts\runs\20260603-180446_a5be0e4746854bda812ecb0a558a271a\logs\Layer08Node03-4860.stdout.log; stderr=C:\Users\jimmy\Desktop\meta-bi\Samples\Demos\MetaOrchestrationHairballCliIntegration\Runs\hairball-seed-20260530\RunArtifacts\runs\20260603-180446_a5be0e4746854bda812ecb0a558a271a\logs\Layer08Node03-4860.stderr.log
2026-06-03T18:06:25.4162663+00:00	WorkerEvent	Layer08Node03	WorkerOnline; ExitCode=0; online
2026-06-03T18:06:25.4182418+00:00	WorkerEvent	Layer08Node03	WorkerReady; ExitCode=0; ready
2026-06-03T18:06:25.4210932+00:00	StartPipeline	Layer08Node03	Layer08Node03
2026-06-03T18:06:25.9407568+00:00	WorkerEvent	Layer08Node03	PipelineStarted; ExitCode=0; pipeline started
2026-06-03T18:06:25.9419404+00:00	WorkerEvent	Layer08Node03.export-l08-n03	TaskReady; ExitCode=0; 
2026-06-03T18:06:25.9427873+00:00	GrantTask	Layer08Node03.export-l08-n03	Layer08Node03.export-l08-n03; GrantId=grant-107; Attempt=1
2026-06-03T18:06:25.9431627+00:00	WorkerEvent	Layer08Node03.export-l08-n03	GrantAccepted; ExitCode=0; 
2026-06-03T18:06:25.9438821+00:00	WorkerEvent	Layer08Node03.export-l08-n03	TaskStarted; ExitCode=0; 
2026-06-03T18:06:26.3249576+00:00	WorkerEvent	Layer08Node03.export-l08-n03	TaskSucceeded; ExitCode=0; 
2026-06-03T18:06:26.3255049+00:00	TaskSucceeded	Layer08Node03.export-l08-n03	0
2026-06-03T18:06:26.3562253+00:00	WorkerEvent	Layer08Node03	Closed; ExitCode=0; 
2026-06-03T18:06:26.3568349+00:00	PipelineCompleted	Layer08Node03	
2026-06-03T18:06:26.3573020+00:00	WorkerStarting	Layer08Node04	meta-pipeline
2026-06-03T18:06:26.4556105+00:00	WorkerStarted	Layer08Node04	30280
2026-06-03T18:06:26.4559762+00:00	WorkerControlPipe	Layer08Node04	meta-orchestration-6c28eae71c0846c69925daf753721db5
2026-06-03T18:06:26.4562796+00:00	WorkerLog	Layer08Node04	stdout=C:\Users\jimmy\Desktop\meta-bi\Samples\Demos\MetaOrchestrationHairballCliIntegration\Runs\hairball-seed-20260530\RunArtifacts\runs\20260603-180446_a5be0e4746854bda812ecb0a558a271a\logs\Layer08Node04-30280.stdout.log; stderr=C:\Users\jimmy\Desktop\meta-bi\Samples\Demos\MetaOrchestrationHairballCliIntegration\Runs\hairball-seed-20260530\RunArtifacts\runs\20260603-180446_a5be0e4746854bda812ecb0a558a271a\logs\Layer08Node04-30280.stderr.log
2026-06-03T18:06:26.4746569+00:00	WorkerEvent	Layer08Node04	WorkerOnline; ExitCode=0; online
2026-06-03T18:06:26.4761446+00:00	WorkerEvent	Layer08Node04	WorkerReady; ExitCode=0; ready
2026-06-03T18:06:26.4791895+00:00	StartPipeline	Layer08Node04	Layer08Node04
2026-06-03T18:06:26.9390247+00:00	WorkerEvent	Layer08Node04	PipelineStarted; ExitCode=0; pipeline started
2026-06-03T18:06:26.9403172+00:00	WorkerEvent	Layer08Node04.select-l08-n04	TaskReady; ExitCode=0; 
2026-06-03T18:06:26.9413216+00:00	GrantTask	Layer08Node04.select-l08-n04	Layer08Node04.select-l08-n04; GrantId=grant-108; Attempt=1
2026-06-03T18:06:26.9419040+00:00	WorkerEvent	Layer08Node04.select-l08-n04	GrantAccepted; ExitCode=0; 
2026-06-03T18:06:26.9425744+00:00	WorkerEvent	Layer08Node04.select-l08-n04	TaskStarted; ExitCode=0; 
2026-06-03T18:06:27.3026873+00:00	WorkerEvent	Layer08Node04.select-l08-n04	TaskSucceeded; ExitCode=0; 
2026-06-03T18:06:27.3033666+00:00	TaskSucceeded	Layer08Node04.select-l08-n04	0
2026-06-03T18:06:27.3308701+00:00	WorkerEvent	Layer08Node04	Closed; ExitCode=0; 
2026-06-03T18:06:27.3318884+00:00	PipelineCompleted	Layer08Node04	
2026-06-03T18:06:27.3331056+00:00	WorkerStarting	Layer08Node05	meta-pipeline
2026-06-03T18:06:27.4385953+00:00	WorkerStarted	Layer08Node05	15904
2026-06-03T18:06:27.4389546+00:00	WorkerControlPipe	Layer08Node05	meta-orchestration-b877fcc0e62048a2b54d69a8418091c4
2026-06-03T18:06:27.4392355+00:00	WorkerLog	Layer08Node05	stdout=C:\Users\jimmy\Desktop\meta-bi\Samples\Demos\MetaOrchestrationHairballCliIntegration\Runs\hairball-seed-20260530\RunArtifacts\runs\20260603-180446_a5be0e4746854bda812ecb0a558a271a\logs\Layer08Node05-15904.stdout.log; stderr=C:\Users\jimmy\Desktop\meta-bi\Samples\Demos\MetaOrchestrationHairballCliIntegration\Runs\hairball-seed-20260530\RunArtifacts\runs\20260603-180446_a5be0e4746854bda812ecb0a558a271a\logs\Layer08Node05-15904.stderr.log
2026-06-03T18:06:27.4585371+00:00	WorkerEvent	Layer08Node05	WorkerOnline; ExitCode=0; online
2026-06-03T18:06:27.4603043+00:00	WorkerEvent	Layer08Node05	WorkerReady; ExitCode=0; ready
2026-06-03T18:06:27.4649999+00:00	StartPipeline	Layer08Node05	Layer08Node05
2026-06-03T18:06:27.9770919+00:00	WorkerEvent	Layer08Node05	PipelineStarted; ExitCode=0; pipeline started
2026-06-03T18:06:27.9799138+00:00	WorkerEvent	Layer08Node05.refresh-l08-n05	TaskReady; ExitCode=0; 
2026-06-03T18:06:27.9811372+00:00	GrantTask	Layer08Node05.refresh-l08-n05	Layer08Node05.refresh-l08-n05; GrantId=grant-109; Attempt=1
2026-06-03T18:06:27.9820161+00:00	WorkerEvent	Layer08Node05.refresh-l08-n05	GrantAccepted; ExitCode=0; 
2026-06-03T18:06:27.9829406+00:00	WorkerEvent	Layer08Node05.refresh-l08-n05	TaskStarted; ExitCode=0; 
2026-06-03T18:06:28.3124771+00:00	WorkerEvent	Layer08Node05.refresh-l08-n05	TaskSucceeded; ExitCode=0; 
2026-06-03T18:06:28.3131960+00:00	TaskSucceeded	Layer08Node05.refresh-l08-n05	0
2026-06-03T18:06:28.3401400+00:00	WorkerEvent	Layer08Node05	Closed; ExitCode=0; 
2026-06-03T18:06:28.3407218+00:00	PipelineCompleted	Layer08Node05	
2026-06-03T18:06:28.3413428+00:00	WorkerStarting	Layer08Node06	meta-pipeline
2026-06-03T18:06:28.4326624+00:00	WorkerStarted	Layer08Node06	31216
2026-06-03T18:06:28.4331136+00:00	WorkerControlPipe	Layer08Node06	meta-orchestration-7c6839e835824a28b022c55e66005117
2026-06-03T18:06:28.4334861+00:00	WorkerLog	Layer08Node06	stdout=C:\Users\jimmy\Desktop\meta-bi\Samples\Demos\MetaOrchestrationHairballCliIntegration\Runs\hairball-seed-20260530\RunArtifacts\runs\20260603-180446_a5be0e4746854bda812ecb0a558a271a\logs\Layer08Node06-31216.stdout.log; stderr=C:\Users\jimmy\Desktop\meta-bi\Samples\Demos\MetaOrchestrationHairballCliIntegration\Runs\hairball-seed-20260530\RunArtifacts\runs\20260603-180446_a5be0e4746854bda812ecb0a558a271a\logs\Layer08Node06-31216.stderr.log
2026-06-03T18:06:28.4517497+00:00	WorkerEvent	Layer08Node06	WorkerOnline; ExitCode=0; online
2026-06-03T18:06:28.4533075+00:00	WorkerEvent	Layer08Node06	WorkerReady; ExitCode=0; ready
2026-06-03T18:06:28.4556829+00:00	StartPipeline	Layer08Node06	Layer08Node06
2026-06-03T18:06:29.0133133+00:00	WorkerEvent	Layer08Node06	PipelineStarted; ExitCode=0; pipeline started
2026-06-03T18:06:29.0155179+00:00	WorkerEvent	Layer08Node06.select-l08-n06	TaskReady; ExitCode=0; 
2026-06-03T18:06:29.0172549+00:00	GrantTask	Layer08Node06.select-l08-n06	Layer08Node06.select-l08-n06; GrantId=grant-110; Attempt=1
2026-06-03T18:06:29.0181780+00:00	WorkerEvent	Layer08Node06.select-l08-n06	GrantAccepted; ExitCode=0; 
2026-06-03T18:06:29.0197036+00:00	WorkerEvent	Layer08Node06.select-l08-n06	TaskStarted; ExitCode=0; 
2026-06-03T18:06:29.3840192+00:00	WorkerEvent	Layer08Node06.select-l08-n06	TaskSucceeded; ExitCode=0; 
2026-06-03T18:06:29.3847025+00:00	TaskSucceeded	Layer08Node06.select-l08-n06	0
2026-06-03T18:06:29.4085802+00:00	WorkerEvent	Layer08Node06	Closed; ExitCode=0; 
2026-06-03T18:06:29.4091340+00:00	PipelineCompleted	Layer08Node06	
2026-06-03T18:06:29.4098011+00:00	WorkerStarting	Layer08Node07	meta-pipeline
2026-06-03T18:06:29.5143727+00:00	WorkerStarted	Layer08Node07	20492
2026-06-03T18:06:29.5149185+00:00	WorkerControlPipe	Layer08Node07	meta-orchestration-9b8442c7705e425fbd4307aa84cb01c8
2026-06-03T18:06:29.5153937+00:00	WorkerLog	Layer08Node07	stdout=C:\Users\jimmy\Desktop\meta-bi\Samples\Demos\MetaOrchestrationHairballCliIntegration\Runs\hairball-seed-20260530\RunArtifacts\runs\20260603-180446_a5be0e4746854bda812ecb0a558a271a\logs\Layer08Node07-20492.stdout.log; stderr=C:\Users\jimmy\Desktop\meta-bi\Samples\Demos\MetaOrchestrationHairballCliIntegration\Runs\hairball-seed-20260530\RunArtifacts\runs\20260603-180446_a5be0e4746854bda812ecb0a558a271a\logs\Layer08Node07-20492.stderr.log
2026-06-03T18:06:29.5376901+00:00	WorkerEvent	Layer08Node07	WorkerOnline; ExitCode=0; online
2026-06-03T18:06:29.5395077+00:00	WorkerEvent	Layer08Node07	WorkerReady; ExitCode=0; ready
2026-06-03T18:06:29.5423657+00:00	StartPipeline	Layer08Node07	Layer08Node07
2026-06-03T18:06:30.1255512+00:00	WorkerEvent	Layer08Node07	PipelineStarted; ExitCode=0; pipeline started
2026-06-03T18:06:30.1276020+00:00	WorkerEvent	Layer08Node07.select-l08-n07	TaskReady; ExitCode=0; 
2026-06-03T18:06:30.1305397+00:00	GrantTask	Layer08Node07.select-l08-n07	Layer08Node07.select-l08-n07; GrantId=grant-111; Attempt=1
2026-06-03T18:06:30.1323316+00:00	WorkerEvent	Layer08Node07.select-l08-n07	GrantAccepted; ExitCode=0; 
2026-06-03T18:06:30.1341882+00:00	WorkerEvent	Layer08Node07.select-l08-n07	TaskStarted; ExitCode=0; 
2026-06-03T18:06:30.5011517+00:00	WorkerEvent	Layer08Node07.select-l08-n07	TaskSucceeded; ExitCode=0; 
2026-06-03T18:06:30.5018238+00:00	TaskSucceeded	Layer08Node07.select-l08-n07	0
2026-06-03T18:06:30.5296815+00:00	WorkerEvent	Layer08Node07	Closed; ExitCode=0; 
2026-06-03T18:06:30.5310786+00:00	PipelineCompleted	Layer08Node07	
2026-06-03T18:06:30.5318401+00:00	WorkerResuming	CompositeMart	ResumeTaskId=CompositeMart.composite-curate; Executable=meta-pipeline
2026-06-03T18:06:30.6376385+00:00	WorkerStarted	CompositeMart	30800
2026-06-03T18:06:30.6380470+00:00	WorkerControlPipe	CompositeMart	meta-orchestration-b995fa07bde24847b9edbf29737411bd
2026-06-03T18:06:30.6383680+00:00	WorkerLog	CompositeMart	stdout=C:\Users\jimmy\Desktop\meta-bi\Samples\Demos\MetaOrchestrationHairballCliIntegration\Runs\hairball-seed-20260530\RunArtifacts\runs\20260603-180446_a5be0e4746854bda812ecb0a558a271a\logs\CompositeMart-30800.stdout.log; stderr=C:\Users\jimmy\Desktop\meta-bi\Samples\Demos\MetaOrchestrationHairballCliIntegration\Runs\hairball-seed-20260530\RunArtifacts\runs\20260603-180446_a5be0e4746854bda812ecb0a558a271a\logs\CompositeMart-30800.stderr.log
2026-06-03T18:06:30.6674528+00:00	WorkerEvent	CompositeMart	WorkerOnline; ExitCode=0; online
2026-06-03T18:06:30.6699460+00:00	WorkerEvent	CompositeMart	WorkerReady; ExitCode=0; ready
2026-06-03T18:06:30.6732493+00:00	StartPipeline	CompositeMart	CompositeMart
2026-06-03T18:06:31.6306605+00:00	WorkerEvent	CompositeMart	PipelineStarted; ExitCode=0; pipeline started
2026-06-03T18:06:31.6332139+00:00	WorkerEvent	CompositeMart.composite-curate	TaskReady; ExitCode=0; 
2026-06-03T18:06:31.6342779+00:00	GrantTask	CompositeMart.composite-curate	CompositeMart.composite-curate; GrantId=grant-112; Attempt=1
2026-06-03T18:06:31.6347383+00:00	WorkerEvent	CompositeMart.composite-curate	GrantAccepted; ExitCode=0; 
2026-06-03T18:06:31.6356614+00:00	WorkerEvent	CompositeMart.composite-curate	TaskStarted; ExitCode=0; 
2026-06-03T18:06:31.9789437+00:00	WorkerEvent	CompositeMart.composite-curate	TaskSucceeded; ExitCode=0; 
2026-06-03T18:06:31.9807799+00:00	TaskSucceeded	CompositeMart.composite-curate	0
2026-06-03T18:06:31.9821998+00:00	WorkerEvent	CompositeMart.composite-reconcile	TaskReady; ExitCode=0; 
2026-06-03T18:06:31.9834859+00:00	GrantTask	CompositeMart.composite-reconcile	CompositeMart.composite-reconcile; GrantId=grant-113; Attempt=1
2026-06-03T18:06:31.9839102+00:00	WorkerEvent	CompositeMart.composite-reconcile	GrantAccepted; ExitCode=0; 
2026-06-03T18:06:31.9848608+00:00	WorkerEvent	CompositeMart.composite-reconcile	TaskStarted; ExitCode=0; 
2026-06-03T18:06:32.1319838+00:00	WorkerEvent	CompositeMart.composite-reconcile	TaskSucceeded; ExitCode=0; 
2026-06-03T18:06:32.1326177+00:00	TaskSucceeded	CompositeMart.composite-reconcile	0
2026-06-03T18:06:32.1332323+00:00	WorkerEvent	CompositeMart.composite-certify	TaskReady; ExitCode=0; 
2026-06-03T18:06:32.1341438+00:00	GrantTask	CompositeMart.composite-certify	CompositeMart.composite-certify; GrantId=grant-114; Attempt=1
2026-06-03T18:06:32.1344917+00:00	WorkerEvent	CompositeMart.composite-certify	GrantAccepted; ExitCode=0; 
2026-06-03T18:06:32.1352957+00:00	WorkerEvent	CompositeMart.composite-certify	TaskStarted; ExitCode=0; 
2026-06-03T18:06:32.2278865+00:00	WorkerEvent	CompositeMart.composite-certify	TaskSucceeded; ExitCode=0; 
2026-06-03T18:06:32.2290759+00:00	TaskSucceeded	CompositeMart.composite-certify	0
2026-06-03T18:06:32.2310971+00:00	WorkerEvent	CompositeMart.composite-publish	TaskReady; ExitCode=0; 
2026-06-03T18:06:32.2328815+00:00	GrantTask	CompositeMart.composite-publish	CompositeMart.composite-publish; GrantId=grant-115; Attempt=1
2026-06-03T18:06:32.2333396+00:00	WorkerEvent	CompositeMart.composite-publish	GrantAccepted; ExitCode=0; 
2026-06-03T18:06:32.2342902+00:00	WorkerEvent	CompositeMart.composite-publish	TaskStarted; ExitCode=0; 
2026-06-03T18:06:32.4231900+00:00	WorkerEvent	CompositeMart.composite-publish	TaskSucceeded; ExitCode=0; 
2026-06-03T18:06:32.4237426+00:00	TaskSucceeded	CompositeMart.composite-publish	0
2026-06-03T18:06:32.4491218+00:00	WorkerEvent	CompositeMart	Closed; ExitCode=0; 
2026-06-03T18:06:32.4501743+00:00	PipelineCompleted	CompositeMart	
2026-06-03T18:06:32.4507997+00:00	WorkerStarting	Layer08Node08	meta-pipeline
2026-06-03T18:06:32.5420801+00:00	WorkerStarted	Layer08Node08	12356
2026-06-03T18:06:32.5430362+00:00	WorkerControlPipe	Layer08Node08	meta-orchestration-e3f9ed4605344d0caa923c433997283a
2026-06-03T18:06:32.5440940+00:00	WorkerLog	Layer08Node08	stdout=C:\Users\jimmy\Desktop\meta-bi\Samples\Demos\MetaOrchestrationHairballCliIntegration\Runs\hairball-seed-20260530\RunArtifacts\runs\20260603-180446_a5be0e4746854bda812ecb0a558a271a\logs\Layer08Node08-12356.stdout.log; stderr=C:\Users\jimmy\Desktop\meta-bi\Samples\Demos\MetaOrchestrationHairballCliIntegration\Runs\hairball-seed-20260530\RunArtifacts\runs\20260603-180446_a5be0e4746854bda812ecb0a558a271a\logs\Layer08Node08-12356.stderr.log
2026-06-03T18:06:32.5637566+00:00	WorkerEvent	Layer08Node08	WorkerOnline; ExitCode=0; online
2026-06-03T18:06:32.5660132+00:00	WorkerEvent	Layer08Node08	WorkerReady; ExitCode=0; ready
2026-06-03T18:06:32.5694832+00:00	StartPipeline	Layer08Node08	Layer08Node08
2026-06-03T18:06:33.0318388+00:00	WorkerEvent	Layer08Node08	PipelineStarted; ExitCode=0; pipeline started
2026-06-03T18:06:33.0334915+00:00	WorkerEvent	Layer08Node08.refresh-l08-n08	TaskReady; ExitCode=0; 
2026-06-03T18:06:33.0344043+00:00	GrantTask	Layer08Node08.refresh-l08-n08	Layer08Node08.refresh-l08-n08; GrantId=grant-116; Attempt=1
2026-06-03T18:06:33.0349965+00:00	WorkerEvent	Layer08Node08.refresh-l08-n08	GrantAccepted; ExitCode=0; 
2026-06-03T18:06:33.0356654+00:00	WorkerEvent	Layer08Node08.refresh-l08-n08	TaskStarted; ExitCode=0; 
2026-06-03T18:06:33.3208654+00:00	WorkerEvent	Layer08Node08.refresh-l08-n08	TaskSucceeded; ExitCode=0; 
2026-06-03T18:06:33.3214944+00:00	TaskSucceeded	Layer08Node08.refresh-l08-n08	0
2026-06-03T18:06:33.3449007+00:00	WorkerEvent	Layer08Node08	Closed; ExitCode=0; 
2026-06-03T18:06:33.3456179+00:00	PipelineCompleted	Layer08Node08	
2026-06-03T18:06:33.3462161+00:00	WorkerStarting	Layer08Hub	meta-pipeline
2026-06-03T18:06:33.4461949+00:00	WorkerStarted	Layer08Hub	8904
2026-06-03T18:06:33.4470653+00:00	WorkerControlPipe	Layer08Hub	meta-orchestration-23475fa59bf74931bd95a7b582cced79
2026-06-03T18:06:33.4474121+00:00	WorkerLog	Layer08Hub	stdout=C:\Users\jimmy\Desktop\meta-bi\Samples\Demos\MetaOrchestrationHairballCliIntegration\Runs\hairball-seed-20260530\RunArtifacts\runs\20260603-180446_a5be0e4746854bda812ecb0a558a271a\logs\Layer08Hub-8904.stdout.log; stderr=C:\Users\jimmy\Desktop\meta-bi\Samples\Demos\MetaOrchestrationHairballCliIntegration\Runs\hairball-seed-20260530\RunArtifacts\runs\20260603-180446_a5be0e4746854bda812ecb0a558a271a\logs\Layer08Hub-8904.stderr.log
2026-06-03T18:06:33.4673729+00:00	WorkerEvent	Layer08Hub	WorkerOnline; ExitCode=0; online
2026-06-03T18:06:33.4687500+00:00	WorkerEvent	Layer08Hub	WorkerReady; ExitCode=0; ready
2026-06-03T18:06:33.4712451+00:00	StartPipeline	Layer08Hub	Layer08Hub
2026-06-03T18:06:34.1159769+00:00	WorkerEvent	Layer08Hub	PipelineStarted; ExitCode=0; pipeline started
2026-06-03T18:06:34.1181697+00:00	WorkerEvent	Layer08Hub.hub-l08-stage	TaskReady; ExitCode=0; 
2026-06-03T18:06:34.1191749+00:00	GrantTask	Layer08Hub.hub-l08-stage	Layer08Hub.hub-l08-stage; GrantId=grant-117; Attempt=1
2026-06-03T18:06:34.1196632+00:00	WorkerEvent	Layer08Hub.hub-l08-stage	GrantAccepted; ExitCode=0; 
2026-06-03T18:06:34.1208768+00:00	WorkerEvent	Layer08Hub.hub-l08-stage	TaskStarted; ExitCode=0; 
2026-06-03T18:06:34.4539842+00:00	WorkerEvent	Layer08Hub.hub-l08-stage	TaskSucceeded; ExitCode=0; 
2026-06-03T18:06:34.4545574+00:00	TaskSucceeded	Layer08Hub.hub-l08-stage	0
2026-06-03T18:06:34.4551499+00:00	WorkerEvent	Layer08Hub.hub-l08-curate	TaskReady; ExitCode=0; 
2026-06-03T18:06:34.4559693+00:00	GrantTask	Layer08Hub.hub-l08-curate	Layer08Hub.hub-l08-curate; GrantId=grant-118; Attempt=1
2026-06-03T18:06:34.4563022+00:00	WorkerEvent	Layer08Hub.hub-l08-curate	GrantAccepted; ExitCode=0; 
2026-06-03T18:06:34.4569571+00:00	WorkerEvent	Layer08Hub.hub-l08-curate	TaskStarted; ExitCode=0; 
2026-06-03T18:06:34.5371850+00:00	WorkerEvent	Layer08Hub.hub-l08-curate	TaskSucceeded; ExitCode=0; 
2026-06-03T18:06:34.5377479+00:00	TaskSucceeded	Layer08Hub.hub-l08-curate	0
2026-06-03T18:06:34.5383564+00:00	WorkerEvent	Layer08Hub.hub-l08-publish	TaskReady; ExitCode=0; 
2026-06-03T18:06:34.5391915+00:00	GrantTask	Layer08Hub.hub-l08-publish	Layer08Hub.hub-l08-publish; GrantId=grant-119; Attempt=1
2026-06-03T18:06:34.5395129+00:00	WorkerEvent	Layer08Hub.hub-l08-publish	GrantAccepted; ExitCode=0; 
2026-06-03T18:06:34.5402137+00:00	WorkerEvent	Layer08Hub.hub-l08-publish	TaskStarted; ExitCode=0; 
2026-06-03T18:06:34.6598034+00:00	WorkerEvent	Layer08Hub.hub-l08-publish	TaskSucceeded; ExitCode=0; 
2026-06-03T18:06:34.6611226+00:00	TaskSucceeded	Layer08Hub.hub-l08-publish	0
2026-06-03T18:06:34.6875851+00:00	WorkerEvent	Layer08Hub	Closed; ExitCode=0; 
2026-06-03T18:06:34.6881432+00:00	PipelineCompleted	Layer08Hub	
2026-06-03T18:06:34.6887022+00:00	WorkerStarting	RegionalMart01	meta-pipeline
2026-06-03T18:06:34.7860471+00:00	WorkerStarted	RegionalMart01	22024
2026-06-03T18:06:34.7864572+00:00	WorkerControlPipe	RegionalMart01	meta-orchestration-c5a99d08884141e3b7cfbe60d95df254
2026-06-03T18:06:34.7867727+00:00	WorkerLog	RegionalMart01	stdout=C:\Users\jimmy\Desktop\meta-bi\Samples\Demos\MetaOrchestrationHairballCliIntegration\Runs\hairball-seed-20260530\RunArtifacts\runs\20260603-180446_a5be0e4746854bda812ecb0a558a271a\logs\RegionalMart01-22024.stdout.log; stderr=C:\Users\jimmy\Desktop\meta-bi\Samples\Demos\MetaOrchestrationHairballCliIntegration\Runs\hairball-seed-20260530\RunArtifacts\runs\20260603-180446_a5be0e4746854bda812ecb0a558a271a\logs\RegionalMart01-22024.stderr.log
2026-06-03T18:06:34.8059080+00:00	WorkerEvent	RegionalMart01	WorkerOnline; ExitCode=0; online
2026-06-03T18:06:34.8074654+00:00	WorkerEvent	RegionalMart01	WorkerReady; ExitCode=0; ready
2026-06-03T18:06:34.8117305+00:00	StartPipeline	RegionalMart01	RegionalMart01
2026-06-03T18:06:35.5225291+00:00	WorkerEvent	RegionalMart01	PipelineStarted; ExitCode=0; pipeline started
2026-06-03T18:06:35.5238475+00:00	WorkerEvent	RegionalMart01.regional-01-stage	TaskReady; ExitCode=0; 
2026-06-03T18:06:35.5261468+00:00	GrantTask	RegionalMart01.regional-01-stage	RegionalMart01.regional-01-stage; GrantId=grant-120; Attempt=1
2026-06-03T18:06:35.5269547+00:00	WorkerEvent	RegionalMart01.regional-01-stage	GrantAccepted; ExitCode=0; 
2026-06-03T18:06:35.5279859+00:00	WorkerEvent	RegionalMart01.regional-01-stage	TaskStarted; ExitCode=0; 
2026-06-03T18:06:35.8967860+00:00	WorkerEvent	RegionalMart01.regional-01-stage	TaskSucceeded; ExitCode=0; 
2026-06-03T18:06:35.8976784+00:00	TaskSucceeded	RegionalMart01.regional-01-stage	0
2026-06-03T18:06:35.8982880+00:00	WorkerEvent	RegionalMart01.regional-01-curate	TaskReady; ExitCode=0; 
2026-06-03T18:06:35.8991363+00:00	GrantTask	RegionalMart01.regional-01-curate	RegionalMart01.regional-01-curate; GrantId=grant-121; Attempt=1
2026-06-03T18:06:35.8996325+00:00	WorkerEvent	RegionalMart01.regional-01-curate	GrantAccepted; ExitCode=0; 
2026-06-03T18:06:35.9003654+00:00	WorkerEvent	RegionalMart01.regional-01-curate	TaskStarted; ExitCode=0; 
2026-06-03T18:06:35.9869974+00:00	WorkerEvent	RegionalMart01.regional-01-curate	TaskSucceeded; ExitCode=0; 
2026-06-03T18:06:35.9875610+00:00	TaskSucceeded	RegionalMart01.regional-01-curate	0
2026-06-03T18:06:35.9881700+00:00	WorkerEvent	RegionalMart01.regional-01-publish	TaskReady; ExitCode=0; 
2026-06-03T18:06:35.9889962+00:00	GrantTask	RegionalMart01.regional-01-publish	RegionalMart01.regional-01-publish; GrantId=grant-122; Attempt=1
2026-06-03T18:06:35.9893000+00:00	WorkerEvent	RegionalMart01.regional-01-publish	GrantAccepted; ExitCode=0; 
2026-06-03T18:06:35.9899939+00:00	WorkerEvent	RegionalMart01.regional-01-publish	TaskStarted; ExitCode=0; 
2026-06-03T18:06:36.1127182+00:00	WorkerEvent	RegionalMart01.regional-01-publish	TaskSucceeded; ExitCode=0; 
2026-06-03T18:06:36.1133992+00:00	TaskSucceeded	RegionalMart01.regional-01-publish	0
2026-06-03T18:06:36.1142718+00:00	WorkerEvent	RegionalMart01.regional-01-audit	TaskReady; ExitCode=0; 
2026-06-03T18:06:36.1148981+00:00	GrantTask	RegionalMart01.regional-01-audit	RegionalMart01.regional-01-audit; GrantId=grant-123; Attempt=1
2026-06-03T18:06:36.1152432+00:00	WorkerEvent	RegionalMart01.regional-01-audit	GrantAccepted; ExitCode=0; 
2026-06-03T18:06:36.1158298+00:00	WorkerEvent	RegionalMart01.regional-01-audit	TaskStarted; ExitCode=0; 
2026-06-03T18:06:36.1964052+00:00	WorkerEvent	RegionalMart01.regional-01-audit	TaskSucceeded; ExitCode=0; 
2026-06-03T18:06:36.1971376+00:00	TaskSucceeded	RegionalMart01.regional-01-audit	0
2026-06-03T18:06:36.2206533+00:00	WorkerEvent	RegionalMart01	Closed; ExitCode=0; 
2026-06-03T18:06:36.2212025+00:00	PipelineCompleted	RegionalMart01	
2026-06-03T18:06:36.2216845+00:00	WorkerStarting	RegionalMart02	meta-pipeline
2026-06-03T18:06:36.3168302+00:00	WorkerStarted	RegionalMart02	30516
2026-06-03T18:06:36.3172208+00:00	WorkerControlPipe	RegionalMart02	meta-orchestration-489d335d30e84b05b239fa0893d047d5
2026-06-03T18:06:36.3175719+00:00	WorkerLog	RegionalMart02	stdout=C:\Users\jimmy\Desktop\meta-bi\Samples\Demos\MetaOrchestrationHairballCliIntegration\Runs\hairball-seed-20260530\RunArtifacts\runs\20260603-180446_a5be0e4746854bda812ecb0a558a271a\logs\RegionalMart02-30516.stdout.log; stderr=C:\Users\jimmy\Desktop\meta-bi\Samples\Demos\MetaOrchestrationHairballCliIntegration\Runs\hairball-seed-20260530\RunArtifacts\runs\20260603-180446_a5be0e4746854bda812ecb0a558a271a\logs\RegionalMart02-30516.stderr.log
2026-06-03T18:06:36.3356778+00:00	WorkerEvent	RegionalMart02	WorkerOnline; ExitCode=0; online
2026-06-03T18:06:36.3372931+00:00	WorkerEvent	RegionalMart02	WorkerReady; ExitCode=0; ready
2026-06-03T18:06:36.3418571+00:00	StartPipeline	RegionalMart02	RegionalMart02
2026-06-03T18:06:37.0128891+00:00	WorkerEvent	RegionalMart02	PipelineStarted; ExitCode=0; pipeline started
2026-06-03T18:06:37.0142631+00:00	WorkerEvent	RegionalMart02.regional-02-stage	TaskReady; ExitCode=0; 
2026-06-03T18:06:37.0153056+00:00	GrantTask	RegionalMart02.regional-02-stage	RegionalMart02.regional-02-stage; GrantId=grant-124; Attempt=1
2026-06-03T18:06:37.0160742+00:00	WorkerEvent	RegionalMart02.regional-02-stage	GrantAccepted; ExitCode=0; 
2026-06-03T18:06:37.0171075+00:00	WorkerEvent	RegionalMart02.regional-02-stage	TaskStarted; ExitCode=0; 
2026-06-03T18:06:37.3815443+00:00	WorkerEvent	RegionalMart02.regional-02-stage	TaskSucceeded; ExitCode=0; 
2026-06-03T18:06:37.3821282+00:00	TaskSucceeded	RegionalMart02.regional-02-stage	0
2026-06-03T18:06:37.3828939+00:00	WorkerEvent	RegionalMart02.regional-02-curate	TaskReady; ExitCode=0; 
2026-06-03T18:06:37.3842791+00:00	GrantTask	RegionalMart02.regional-02-curate	RegionalMart02.regional-02-curate; GrantId=grant-125; Attempt=1
2026-06-03T18:06:37.3845978+00:00	WorkerEvent	RegionalMart02.regional-02-curate	GrantAccepted; ExitCode=0; 
2026-06-03T18:06:37.3855381+00:00	WorkerEvent	RegionalMart02.regional-02-curate	TaskStarted; ExitCode=0; 
2026-06-03T18:06:37.4709582+00:00	WorkerEvent	RegionalMart02.regional-02-curate	TaskSucceeded; ExitCode=0; 
2026-06-03T18:06:37.4716273+00:00	TaskSucceeded	RegionalMart02.regional-02-curate	0
2026-06-03T18:06:37.4724685+00:00	WorkerEvent	RegionalMart02.regional-02-publish	TaskReady; ExitCode=0; 
2026-06-03T18:06:37.4747038+00:00	GrantTask	RegionalMart02.regional-02-publish	RegionalMart02.regional-02-publish; GrantId=grant-126; Attempt=1
2026-06-03T18:06:37.4753174+00:00	WorkerEvent	RegionalMart02.regional-02-publish	GrantAccepted; ExitCode=0; 
2026-06-03T18:06:37.4764475+00:00	WorkerEvent	RegionalMart02.regional-02-publish	TaskStarted; ExitCode=0; 
2026-06-03T18:06:37.6049768+00:00	WorkerEvent	RegionalMart02.regional-02-publish	TaskSucceeded; ExitCode=0; 
2026-06-03T18:06:37.6057392+00:00	TaskSucceeded	RegionalMart02.regional-02-publish	0
2026-06-03T18:06:37.6082518+00:00	WorkerEvent	RegionalMart02.regional-02-audit	TaskReady; ExitCode=0; 
2026-06-03T18:06:37.6097483+00:00	GrantTask	RegionalMart02.regional-02-audit	RegionalMart02.regional-02-audit; GrantId=grant-127; Attempt=1
2026-06-03T18:06:37.6111764+00:00	WorkerEvent	RegionalMart02.regional-02-audit	GrantAccepted; ExitCode=0; 
2026-06-03T18:06:37.6129382+00:00	WorkerEvent	RegionalMart02.regional-02-audit	TaskStarted; ExitCode=0; 
2026-06-03T18:06:37.7082139+00:00	WorkerEvent	RegionalMart02.regional-02-audit	TaskSucceeded; ExitCode=0; 
2026-06-03T18:06:37.7093506+00:00	TaskSucceeded	RegionalMart02.regional-02-audit	0
2026-06-03T18:06:37.7390717+00:00	WorkerEvent	RegionalMart02	Closed; ExitCode=0; 
2026-06-03T18:06:37.7403744+00:00	PipelineCompleted	RegionalMart02	
2026-06-03T18:06:37.7418318+00:00	WorkerStarting	PublishHairballFinal	meta-pipeline
2026-06-03T18:06:37.8388324+00:00	WorkerStarted	PublishHairballFinal	8980
2026-06-03T18:06:37.8395594+00:00	WorkerControlPipe	PublishHairballFinal	meta-orchestration-fe1a021cf4e24ba1bfa29190b69afd49
2026-06-03T18:06:37.8406584+00:00	WorkerLog	PublishHairballFinal	stdout=C:\Users\jimmy\Desktop\meta-bi\Samples\Demos\MetaOrchestrationHairballCliIntegration\Runs\hairball-seed-20260530\RunArtifacts\runs\20260603-180446_a5be0e4746854bda812ecb0a558a271a\logs\PublishHairballFinal-8980.stdout.log; stderr=C:\Users\jimmy\Desktop\meta-bi\Samples\Demos\MetaOrchestrationHairballCliIntegration\Runs\hairball-seed-20260530\RunArtifacts\runs\20260603-180446_a5be0e4746854bda812ecb0a558a271a\logs\PublishHairballFinal-8980.stderr.log
2026-06-03T18:06:37.8627498+00:00	WorkerEvent	PublishHairballFinal	WorkerOnline; ExitCode=0; online
2026-06-03T18:06:37.8643044+00:00	WorkerEvent	PublishHairballFinal	WorkerReady; ExitCode=0; ready
2026-06-03T18:06:37.8668024+00:00	StartPipeline	PublishHairballFinal	PublishHairballFinal
2026-06-03T18:06:38.3852324+00:00	WorkerEvent	PublishHairballFinal	PipelineStarted; ExitCode=0; pipeline started
2026-06-03T18:06:38.3862277+00:00	WorkerEvent	PublishHairballFinal.publish-hairball-final	TaskReady; ExitCode=0; 
2026-06-03T18:06:38.3881603+00:00	GrantTask	PublishHairballFinal.publish-hairball-final	PublishHairballFinal.publish-hairball-final; GrantId=grant-128; Attempt=1
2026-06-03T18:06:38.3887147+00:00	WorkerEvent	PublishHairballFinal.publish-hairball-final	GrantAccepted; ExitCode=0; 
2026-06-03T18:06:38.3898275+00:00	WorkerEvent	PublishHairballFinal.publish-hairball-final	TaskStarted; ExitCode=0; 
2026-06-03T18:06:38.7356828+00:00	WorkerEvent	PublishHairballFinal.publish-hairball-final	TaskSucceeded; ExitCode=0; 
2026-06-03T18:06:38.7363847+00:00	TaskSucceeded	PublishHairballFinal.publish-hairball-final	0
2026-06-03T18:06:38.7638506+00:00	WorkerEvent	PublishHairballFinal	Closed; ExitCode=0; 
2026-06-03T18:06:38.7644470+00:00	PipelineCompleted	PublishHairballFinal	
2026-06-03T18:06:38.7649128+00:00	WorkerStarting	RegionalMart03	meta-pipeline
2026-06-03T18:06:38.8696289+00:00	WorkerStarted	RegionalMart03	21412
2026-06-03T18:06:38.8700383+00:00	WorkerControlPipe	RegionalMart03	meta-orchestration-6b58f5d0ccc845c1b0030df0b3a061fa
2026-06-03T18:06:38.8703123+00:00	WorkerLog	RegionalMart03	stdout=C:\Users\jimmy\Desktop\meta-bi\Samples\Demos\MetaOrchestrationHairballCliIntegration\Runs\hairball-seed-20260530\RunArtifacts\runs\20260603-180446_a5be0e4746854bda812ecb0a558a271a\logs\RegionalMart03-21412.stdout.log; stderr=C:\Users\jimmy\Desktop\meta-bi\Samples\Demos\MetaOrchestrationHairballCliIntegration\Runs\hairball-seed-20260530\RunArtifacts\runs\20260603-180446_a5be0e4746854bda812ecb0a558a271a\logs\RegionalMart03-21412.stderr.log
2026-06-03T18:06:38.8905125+00:00	WorkerEvent	RegionalMart03	WorkerOnline; ExitCode=0; online
2026-06-03T18:06:38.8935888+00:00	WorkerEvent	RegionalMart03	WorkerReady; ExitCode=0; ready
2026-06-03T18:06:38.8971211+00:00	StartPipeline	RegionalMart03	RegionalMart03
2026-06-03T18:06:39.5746278+00:00	WorkerEvent	RegionalMart03	PipelineStarted; ExitCode=0; pipeline started
2026-06-03T18:06:39.5777124+00:00	WorkerEvent	RegionalMart03.regional-03-stage	TaskReady; ExitCode=0; 
2026-06-03T18:06:39.5787345+00:00	GrantTask	RegionalMart03.regional-03-stage	RegionalMart03.regional-03-stage; GrantId=grant-129; Attempt=1
2026-06-03T18:06:39.5795159+00:00	WorkerEvent	RegionalMart03.regional-03-stage	GrantAccepted; ExitCode=0; 
2026-06-03T18:06:39.5801172+00:00	WorkerEvent	RegionalMart03.regional-03-stage	TaskStarted; ExitCode=0; 
2026-06-03T18:06:39.9121009+00:00	WorkerEvent	RegionalMart03.regional-03-stage	TaskSucceeded; ExitCode=0; 
2026-06-03T18:06:39.9127516+00:00	TaskSucceeded	RegionalMart03.regional-03-stage	0
2026-06-03T18:06:39.9133774+00:00	WorkerEvent	RegionalMart03.regional-03-curate	TaskReady; ExitCode=0; 
2026-06-03T18:06:39.9142848+00:00	GrantTask	RegionalMart03.regional-03-curate	RegionalMart03.regional-03-curate; GrantId=grant-130; Attempt=1
2026-06-03T18:06:39.9146763+00:00	WorkerEvent	RegionalMart03.regional-03-curate	GrantAccepted; ExitCode=0; 
2026-06-03T18:06:39.9154921+00:00	WorkerEvent	RegionalMart03.regional-03-curate	TaskStarted; ExitCode=0; 
2026-06-03T18:06:39.9908208+00:00	WorkerEvent	RegionalMart03.regional-03-curate	TaskSucceeded; ExitCode=0; 
2026-06-03T18:06:39.9915302+00:00	TaskSucceeded	RegionalMart03.regional-03-curate	0
2026-06-03T18:06:39.9922757+00:00	WorkerEvent	RegionalMart03.regional-03-publish	TaskReady; ExitCode=0; 
2026-06-03T18:06:39.9933165+00:00	GrantTask	RegionalMart03.regional-03-publish	RegionalMart03.regional-03-publish; GrantId=grant-131; Attempt=1
2026-06-03T18:06:39.9936950+00:00	WorkerEvent	RegionalMart03.regional-03-publish	GrantAccepted; ExitCode=0; 
2026-06-03T18:06:39.9947563+00:00	WorkerEvent	RegionalMart03.regional-03-publish	TaskStarted; ExitCode=0; 
2026-06-03T18:06:40.1169997+00:00	WorkerEvent	RegionalMart03.regional-03-publish	TaskSucceeded; ExitCode=0; 
2026-06-03T18:06:40.1175481+00:00	TaskSucceeded	RegionalMart03.regional-03-publish	0
2026-06-03T18:06:40.1181053+00:00	WorkerEvent	RegionalMart03.regional-03-audit	TaskReady; ExitCode=0; 
2026-06-03T18:06:40.1192090+00:00	GrantTask	RegionalMart03.regional-03-audit	RegionalMart03.regional-03-audit; GrantId=grant-132; Attempt=1
2026-06-03T18:06:40.1195467+00:00	WorkerEvent	RegionalMart03.regional-03-audit	GrantAccepted; ExitCode=0; 
2026-06-03T18:06:40.1203949+00:00	WorkerEvent	RegionalMart03.regional-03-audit	TaskStarted; ExitCode=0; 
2026-06-03T18:06:40.2039018+00:00	WorkerEvent	RegionalMart03.regional-03-audit	TaskSucceeded; ExitCode=0; 
2026-06-03T18:06:40.2051792+00:00	TaskSucceeded	RegionalMart03.regional-03-audit	0
2026-06-03T18:06:40.2331111+00:00	WorkerEvent	RegionalMart03	Closed; ExitCode=0; 
2026-06-03T18:06:40.2338343+00:00	PipelineCompleted	RegionalMart03	
2026-06-03T18:06:40.2343290+00:00	WorkerStarting	RegionalMart04	meta-pipeline
2026-06-03T18:06:40.3284327+00:00	WorkerStarted	RegionalMart04	22396
2026-06-03T18:06:40.3293457+00:00	WorkerControlPipe	RegionalMart04	meta-orchestration-8cebabe105114fe3b72bd14b97ed8b37
2026-06-03T18:06:40.3297516+00:00	WorkerLog	RegionalMart04	stdout=C:\Users\jimmy\Desktop\meta-bi\Samples\Demos\MetaOrchestrationHairballCliIntegration\Runs\hairball-seed-20260530\RunArtifacts\runs\20260603-180446_a5be0e4746854bda812ecb0a558a271a\logs\RegionalMart04-22396.stdout.log; stderr=C:\Users\jimmy\Desktop\meta-bi\Samples\Demos\MetaOrchestrationHairballCliIntegration\Runs\hairball-seed-20260530\RunArtifacts\runs\20260603-180446_a5be0e4746854bda812ecb0a558a271a\logs\RegionalMart04-22396.stderr.log
2026-06-03T18:06:40.3485388+00:00	WorkerEvent	RegionalMart04	WorkerOnline; ExitCode=0; online
2026-06-03T18:06:40.3502490+00:00	WorkerEvent	RegionalMart04	WorkerReady; ExitCode=0; ready
2026-06-03T18:06:40.3536013+00:00	StartPipeline	RegionalMart04	RegionalMart04
2026-06-03T18:06:41.0092484+00:00	WorkerEvent	RegionalMart04	PipelineStarted; ExitCode=0; pipeline started
2026-06-03T18:06:41.0114678+00:00	WorkerEvent	RegionalMart04.regional-04-stage	TaskReady; ExitCode=0; 
2026-06-03T18:06:41.0123073+00:00	GrantTask	RegionalMart04.regional-04-stage	RegionalMart04.regional-04-stage; GrantId=grant-133; Attempt=1
2026-06-03T18:06:41.0127825+00:00	WorkerEvent	RegionalMart04.regional-04-stage	GrantAccepted; ExitCode=0; 
2026-06-03T18:06:41.0134056+00:00	WorkerEvent	RegionalMart04.regional-04-stage	TaskStarted; ExitCode=0; 
2026-06-03T18:06:41.3647570+00:00	WorkerEvent	RegionalMart04.regional-04-stage	TaskSucceeded; ExitCode=0; 
2026-06-03T18:06:41.3653411+00:00	TaskSucceeded	RegionalMart04.regional-04-stage	0
2026-06-03T18:06:41.3659170+00:00	WorkerEvent	RegionalMart04.regional-04-curate	TaskReady; ExitCode=0; 
2026-06-03T18:06:41.3667704+00:00	GrantTask	RegionalMart04.regional-04-curate	RegionalMart04.regional-04-curate; GrantId=grant-134; Attempt=1
2026-06-03T18:06:41.3671411+00:00	WorkerEvent	RegionalMart04.regional-04-curate	GrantAccepted; ExitCode=0; 
2026-06-03T18:06:41.3677508+00:00	WorkerEvent	RegionalMart04.regional-04-curate	TaskStarted; ExitCode=0; 
2026-06-03T18:06:41.4547862+00:00	WorkerEvent	RegionalMart04.regional-04-curate	TaskSucceeded; ExitCode=0; 
2026-06-03T18:06:41.4560602+00:00	TaskSucceeded	RegionalMart04.regional-04-curate	0
2026-06-03T18:06:41.4570536+00:00	WorkerEvent	RegionalMart04.regional-04-publish	TaskReady; ExitCode=0; 
2026-06-03T18:06:41.4590761+00:00	GrantTask	RegionalMart04.regional-04-publish	RegionalMart04.regional-04-publish; GrantId=grant-135; Attempt=1
2026-06-03T18:06:41.4595758+00:00	WorkerEvent	RegionalMart04.regional-04-publish	GrantAccepted; ExitCode=0; 
2026-06-03T18:06:41.4604904+00:00	WorkerEvent	RegionalMart04.regional-04-publish	TaskStarted; ExitCode=0; 
2026-06-03T18:06:41.5827503+00:00	WorkerEvent	RegionalMart04.regional-04-publish	TaskSucceeded; ExitCode=0; 
2026-06-03T18:06:41.5832744+00:00	TaskSucceeded	RegionalMart04.regional-04-publish	0
2026-06-03T18:06:41.5837687+00:00	WorkerEvent	RegionalMart04.regional-04-audit	TaskReady; ExitCode=0; 
2026-06-03T18:06:41.5844545+00:00	GrantTask	RegionalMart04.regional-04-audit	RegionalMart04.regional-04-audit; GrantId=grant-136; Attempt=1
2026-06-03T18:06:41.5847441+00:00	WorkerEvent	RegionalMart04.regional-04-audit	GrantAccepted; ExitCode=0; 
2026-06-03T18:06:41.5853793+00:00	WorkerEvent	RegionalMart04.regional-04-audit	TaskStarted; ExitCode=0; 
2026-06-03T18:06:41.6816647+00:00	WorkerEvent	RegionalMart04.regional-04-audit	TaskSucceeded; ExitCode=0; 
2026-06-03T18:06:41.6822957+00:00	TaskSucceeded	RegionalMart04.regional-04-audit	0
2026-06-03T18:06:41.7120468+00:00	WorkerEvent	RegionalMart04	Closed; ExitCode=0; 
2026-06-03T18:06:41.7127748+00:00	PipelineCompleted	RegionalMart04	
2026-06-03T18:06:41.7133175+00:00	WorkerResuming	AuditHairball	ResumeTaskId=AuditHairball.audit-hairball; Executable=meta-pipeline
2026-06-03T18:06:41.8179580+00:00	WorkerStarted	AuditHairball	18376
2026-06-03T18:06:41.8183458+00:00	WorkerControlPipe	AuditHairball	meta-orchestration-a87f0c881cbb476ab57ae957c9565010
2026-06-03T18:06:41.8187064+00:00	WorkerLog	AuditHairball	stdout=C:\Users\jimmy\Desktop\meta-bi\Samples\Demos\MetaOrchestrationHairballCliIntegration\Runs\hairball-seed-20260530\RunArtifacts\runs\20260603-180446_a5be0e4746854bda812ecb0a558a271a\logs\AuditHairball-18376.stdout.log; stderr=C:\Users\jimmy\Desktop\meta-bi\Samples\Demos\MetaOrchestrationHairballCliIntegration\Runs\hairball-seed-20260530\RunArtifacts\runs\20260603-180446_a5be0e4746854bda812ecb0a558a271a\logs\AuditHairball-18376.stderr.log
2026-06-03T18:06:41.8508290+00:00	WorkerEvent	AuditHairball	WorkerOnline; ExitCode=0; online
2026-06-03T18:06:41.8528708+00:00	WorkerEvent	AuditHairball	WorkerReady; ExitCode=0; ready
2026-06-03T18:06:41.8585876+00:00	StartPipeline	AuditHairball	AuditHairball
2026-06-03T18:06:42.3229781+00:00	WorkerEvent	AuditHairball	PipelineStarted; ExitCode=0; pipeline started
2026-06-03T18:06:42.3250344+00:00	WorkerEvent	AuditHairball.audit-hairball	TaskReady; ExitCode=0; 
2026-06-03T18:06:42.3262647+00:00	GrantTask	AuditHairball.audit-hairball	AuditHairball.audit-hairball; GrantId=grant-137; Attempt=1
2026-06-03T18:06:42.3275932+00:00	WorkerEvent	AuditHairball.audit-hairball	GrantAccepted; ExitCode=0; 
2026-06-03T18:06:42.3282490+00:00	WorkerEvent	AuditHairball.audit-hairball	TaskStarted; ExitCode=0; 
2026-06-03T18:06:42.6220586+00:00	WorkerEvent	AuditHairball.audit-hairball	TaskSucceeded; ExitCode=0; 
2026-06-03T18:06:42.6229233+00:00	TaskSucceeded	AuditHairball.audit-hairball	0
2026-06-03T18:06:42.6464069+00:00	WorkerEvent	AuditHairball	Closed; ExitCode=0; 
2026-06-03T18:06:42.6472132+00:00	PipelineCompleted	AuditHairball	
2026-06-03T18:06:42.6484511+00:00	WorkerLogSummary	ExtractSeed01	stdout=C:\Users\jimmy\Desktop\meta-bi\Samples\Demos\MetaOrchestrationHairballCliIntegration\Runs\hairball-seed-20260530\RunArtifacts\runs\20260603-180446_a5be0e4746854bda812ecb0a558a271a\logs\ExtractSeed01-24784.stdout.log; stdoutBytes=0; stdoutTruncated=False; stdoutDroppedBytes=0; stderr=C:\Users\jimmy\Desktop\meta-bi\Samples\Demos\MetaOrchestrationHairballCliIntegration\Runs\hairball-seed-20260530\RunArtifacts\runs\20260603-180446_a5be0e4746854bda812ecb0a558a271a\logs\ExtractSeed01-24784.stderr.log; stderrBytes=0; stderrTruncated=False; stderrDroppedBytes=0
2026-06-03T18:06:42.6494653+00:00	WorkerLogSummary	ExtractSeed02	stdout=C:\Users\jimmy\Desktop\meta-bi\Samples\Demos\MetaOrchestrationHairballCliIntegration\Runs\hairball-seed-20260530\RunArtifacts\runs\20260603-180446_a5be0e4746854bda812ecb0a558a271a\logs\ExtractSeed02-21424.stdout.log; stdoutBytes=0; stdoutTruncated=False; stdoutDroppedBytes=0; stderr=C:\Users\jimmy\Desktop\meta-bi\Samples\Demos\MetaOrchestrationHairballCliIntegration\Runs\hairball-seed-20260530\RunArtifacts\runs\20260603-180446_a5be0e4746854bda812ecb0a558a271a\logs\ExtractSeed02-21424.stderr.log; stderrBytes=0; stderrTruncated=False; stderrDroppedBytes=0
2026-06-03T18:06:42.6503989+00:00	WorkerLogSummary	ExtractSeed03	stdout=C:\Users\jimmy\Desktop\meta-bi\Samples\Demos\MetaOrchestrationHairballCliIntegration\Runs\hairball-seed-20260530\RunArtifacts\runs\20260603-180446_a5be0e4746854bda812ecb0a558a271a\logs\ExtractSeed03-18424.stdout.log; stdoutBytes=0; stdoutTruncated=False; stdoutDroppedBytes=0; stderr=C:\Users\jimmy\Desktop\meta-bi\Samples\Demos\MetaOrchestrationHairballCliIntegration\Runs\hairball-seed-20260530\RunArtifacts\runs\20260603-180446_a5be0e4746854bda812ecb0a558a271a\logs\ExtractSeed03-18424.stderr.log; stderrBytes=0; stderrTruncated=False; stderrDroppedBytes=0
2026-06-03T18:06:42.6509887+00:00	WorkerLogSummary	ExtractSeed04	stdout=C:\Users\jimmy\Desktop\meta-bi\Samples\Demos\MetaOrchestrationHairballCliIntegration\Runs\hairball-seed-20260530\RunArtifacts\runs\20260603-180446_a5be0e4746854bda812ecb0a558a271a\logs\ExtractSeed04-28460.stdout.log; stdoutBytes=0; stdoutTruncated=False; stdoutDroppedBytes=0; stderr=C:\Users\jimmy\Desktop\meta-bi\Samples\Demos\MetaOrchestrationHairballCliIntegration\Runs\hairball-seed-20260530\RunArtifacts\runs\20260603-180446_a5be0e4746854bda812ecb0a558a271a\logs\ExtractSeed04-28460.stderr.log; stderrBytes=0; stderrTruncated=False; stderrDroppedBytes=0
2026-06-03T18:06:42.6514447+00:00	WorkerLogSummary	ExtractSeed05	stdout=C:\Users\jimmy\Desktop\meta-bi\Samples\Demos\MetaOrchestrationHairballCliIntegration\Runs\hairball-seed-20260530\RunArtifacts\runs\20260603-180446_a5be0e4746854bda812ecb0a558a271a\logs\ExtractSeed05-21848.stdout.log; stdoutBytes=0; stdoutTruncated=False; stdoutDroppedBytes=0; stderr=C:\Users\jimmy\Desktop\meta-bi\Samples\Demos\MetaOrchestrationHairballCliIntegration\Runs\hairball-seed-20260530\RunArtifacts\runs\20260603-180446_a5be0e4746854bda812ecb0a558a271a\logs\ExtractSeed05-21848.stderr.log; stderrBytes=0; stderrTruncated=False; stderrDroppedBytes=0
2026-06-03T18:06:42.6518823+00:00	WorkerLogSummary	ExtractSeed06	stdout=C:\Users\jimmy\Desktop\meta-bi\Samples\Demos\MetaOrchestrationHairballCliIntegration\Runs\hairball-seed-20260530\RunArtifacts\runs\20260603-180446_a5be0e4746854bda812ecb0a558a271a\logs\ExtractSeed06-31688.stdout.log; stdoutBytes=0; stdoutTruncated=False; stdoutDroppedBytes=0; stderr=C:\Users\jimmy\Desktop\meta-bi\Samples\Demos\MetaOrchestrationHairballCliIntegration\Runs\hairball-seed-20260530\RunArtifacts\runs\20260603-180446_a5be0e4746854bda812ecb0a558a271a\logs\ExtractSeed06-31688.stderr.log; stderrBytes=0; stderrTruncated=False; stderrDroppedBytes=0
2026-06-03T18:06:42.6523511+00:00	WorkerLogSummary	ExtractSeed07	stdout=C:\Users\jimmy\Desktop\meta-bi\Samples\Demos\MetaOrchestrationHairballCliIntegration\Runs\hairball-seed-20260530\RunArtifacts\runs\20260603-180446_a5be0e4746854bda812ecb0a558a271a\logs\ExtractSeed07-16164.stdout.log; stdoutBytes=0; stdoutTruncated=False; stdoutDroppedBytes=0; stderr=C:\Users\jimmy\Desktop\meta-bi\Samples\Demos\MetaOrchestrationHairballCliIntegration\Runs\hairball-seed-20260530\RunArtifacts\runs\20260603-180446_a5be0e4746854bda812ecb0a558a271a\logs\ExtractSeed07-16164.stderr.log; stderrBytes=0; stderrTruncated=False; stderrDroppedBytes=0
2026-06-03T18:06:42.6528473+00:00	WorkerLogSummary	ExtractSeed08	stdout=C:\Users\jimmy\Desktop\meta-bi\Samples\Demos\MetaOrchestrationHairballCliIntegration\Runs\hairball-seed-20260530\RunArtifacts\runs\20260603-180446_a5be0e4746854bda812ecb0a558a271a\logs\ExtractSeed08-31596.stdout.log; stdoutBytes=0; stdoutTruncated=False; stdoutDroppedBytes=0; stderr=C:\Users\jimmy\Desktop\meta-bi\Samples\Demos\MetaOrchestrationHairballCliIntegration\Runs\hairball-seed-20260530\RunArtifacts\runs\20260603-180446_a5be0e4746854bda812ecb0a558a271a\logs\ExtractSeed08-31596.stderr.log; stderrBytes=0; stderrTruncated=False; stderrDroppedBytes=0
2026-06-03T18:06:42.6536511+00:00	WorkerLogSummary	AuditHairball	stdout=C:\Users\jimmy\Desktop\meta-bi\Samples\Demos\MetaOrchestrationHairballCliIntegration\Runs\hairball-seed-20260530\RunArtifacts\runs\20260603-180446_a5be0e4746854bda812ecb0a558a271a\logs\AuditHairball-5408.stdout.log; stdoutBytes=0; stdoutTruncated=False; stdoutDroppedBytes=0; stderr=C:\Users\jimmy\Desktop\meta-bi\Samples\Demos\MetaOrchestrationHairballCliIntegration\Runs\hairball-seed-20260530\RunArtifacts\runs\20260603-180446_a5be0e4746854bda812ecb0a558a271a\logs\AuditHairball-5408.stderr.log; stderrBytes=0; stderrTruncated=False; stderrDroppedBytes=0
2026-06-03T18:06:42.6548331+00:00	WorkerLogSummary	BridgeL01L02	stdout=C:\Users\jimmy\Desktop\meta-bi\Samples\Demos\MetaOrchestrationHairballCliIntegration\Runs\hairball-seed-20260530\RunArtifacts\runs\20260603-180446_a5be0e4746854bda812ecb0a558a271a\logs\BridgeL01L02-25056.stdout.log; stdoutBytes=0; stdoutTruncated=False; stdoutDroppedBytes=0; stderr=C:\Users\jimmy\Desktop\meta-bi\Samples\Demos\MetaOrchestrationHairballCliIntegration\Runs\hairball-seed-20260530\RunArtifacts\runs\20260603-180446_a5be0e4746854bda812ecb0a558a271a\logs\BridgeL01L02-25056.stderr.log; stderrBytes=0; stderrTruncated=False; stderrDroppedBytes=0
2026-06-03T18:06:42.6553942+00:00	WorkerLogSummary	BridgeL03L04	stdout=C:\Users\jimmy\Desktop\meta-bi\Samples\Demos\MetaOrchestrationHairballCliIntegration\Runs\hairball-seed-20260530\RunArtifacts\runs\20260603-180446_a5be0e4746854bda812ecb0a558a271a\logs\BridgeL03L04-22284.stdout.log; stdoutBytes=0; stdoutTruncated=False; stdoutDroppedBytes=0; stderr=C:\Users\jimmy\Desktop\meta-bi\Samples\Demos\MetaOrchestrationHairballCliIntegration\Runs\hairball-seed-20260530\RunArtifacts\runs\20260603-180446_a5be0e4746854bda812ecb0a558a271a\logs\BridgeL03L04-22284.stderr.log; stderrBytes=0; stderrTruncated=False; stderrDroppedBytes=0
2026-06-03T18:06:42.6559167+00:00	WorkerLogSummary	BridgeL05L06	stdout=C:\Users\jimmy\Desktop\meta-bi\Samples\Demos\MetaOrchestrationHairballCliIntegration\Runs\hairball-seed-20260530\RunArtifacts\runs\20260603-180446_a5be0e4746854bda812ecb0a558a271a\logs\BridgeL05L06-19000.stdout.log; stdoutBytes=0; stdoutTruncated=False; stdoutDroppedBytes=0; stderr=C:\Users\jimmy\Desktop\meta-bi\Samples\Demos\MetaOrchestrationHairballCliIntegration\Runs\hairball-seed-20260530\RunArtifacts\runs\20260603-180446_a5be0e4746854bda812ecb0a558a271a\logs\BridgeL05L06-19000.stderr.log; stderrBytes=0; stderrTruncated=False; stderrDroppedBytes=0
2026-06-03T18:06:42.6565463+00:00	WorkerLogSummary	Layer01Node06	stdout=C:\Users\jimmy\Desktop\meta-bi\Samples\Demos\MetaOrchestrationHairballCliIntegration\Runs\hairball-seed-20260530\RunArtifacts\runs\20260603-180446_a5be0e4746854bda812ecb0a558a271a\logs\Layer01Node06-13120.stdout.log; stdoutBytes=0; stdoutTruncated=False; stdoutDroppedBytes=0; stderr=C:\Users\jimmy\Desktop\meta-bi\Samples\Demos\MetaOrchestrationHairballCliIntegration\Runs\hairball-seed-20260530\RunArtifacts\runs\20260603-180446_a5be0e4746854bda812ecb0a558a271a\logs\Layer01Node06-13120.stderr.log; stderrBytes=0; stderrTruncated=False; stderrDroppedBytes=0
2026-06-03T18:06:42.6570523+00:00	WorkerLogSummary	Layer01Node01	stdout=C:\Users\jimmy\Desktop\meta-bi\Samples\Demos\MetaOrchestrationHairballCliIntegration\Runs\hairball-seed-20260530\RunArtifacts\runs\20260603-180446_a5be0e4746854bda812ecb0a558a271a\logs\Layer01Node01-27756.stdout.log; stdoutBytes=0; stdoutTruncated=False; stdoutDroppedBytes=0; stderr=C:\Users\jimmy\Desktop\meta-bi\Samples\Demos\MetaOrchestrationHairballCliIntegration\Runs\hairball-seed-20260530\RunArtifacts\runs\20260603-180446_a5be0e4746854bda812ecb0a558a271a\logs\Layer01Node01-27756.stderr.log; stderrBytes=0; stderrTruncated=False; stderrDroppedBytes=0
2026-06-03T18:06:42.6576436+00:00	WorkerLogSummary	Layer01Node07	stdout=C:\Users\jimmy\Desktop\meta-bi\Samples\Demos\MetaOrchestrationHairballCliIntegration\Runs\hairball-seed-20260530\RunArtifacts\runs\20260603-180446_a5be0e4746854bda812ecb0a558a271a\logs\Layer01Node07-20132.stdout.log; stdoutBytes=0; stdoutTruncated=False; stdoutDroppedBytes=0; stderr=C:\Users\jimmy\Desktop\meta-bi\Samples\Demos\MetaOrchestrationHairballCliIntegration\Runs\hairball-seed-20260530\RunArtifacts\runs\20260603-180446_a5be0e4746854bda812ecb0a558a271a\logs\Layer01Node07-20132.stderr.log; stderrBytes=0; stderrTruncated=False; stderrDroppedBytes=0
2026-06-03T18:06:42.6581957+00:00	WorkerLogSummary	Layer03Node09	stdout=C:\Users\jimmy\Desktop\meta-bi\Samples\Demos\MetaOrchestrationHairballCliIntegration\Runs\hairball-seed-20260530\RunArtifacts\runs\20260603-180446_a5be0e4746854bda812ecb0a558a271a\logs\Layer03Node09-11424.stdout.log; stdoutBytes=0; stdoutTruncated=False; stdoutDroppedBytes=0; stderr=C:\Users\jimmy\Desktop\meta-bi\Samples\Demos\MetaOrchestrationHairballCliIntegration\Runs\hairball-seed-20260530\RunArtifacts\runs\20260603-180446_a5be0e4746854bda812ecb0a558a271a\logs\Layer03Node09-11424.stderr.log; stderrBytes=0; stderrTruncated=False; stderrDroppedBytes=0
2026-06-03T18:06:42.6588891+00:00	WorkerLogSummary	Layer02Node03	stdout=C:\Users\jimmy\Desktop\meta-bi\Samples\Demos\MetaOrchestrationHairballCliIntegration\Runs\hairball-seed-20260530\RunArtifacts\runs\20260603-180446_a5be0e4746854bda812ecb0a558a271a\logs\Layer02Node03-7876.stdout.log; stdoutBytes=0; stdoutTruncated=False; stdoutDroppedBytes=0; stderr=C:\Users\jimmy\Desktop\meta-bi\Samples\Demos\MetaOrchestrationHairballCliIntegration\Runs\hairball-seed-20260530\RunArtifacts\runs\20260603-180446_a5be0e4746854bda812ecb0a558a271a\logs\Layer02Node03-7876.stderr.log; stderrBytes=0; stderrTruncated=False; stderrDroppedBytes=0
2026-06-03T18:06:42.6594571+00:00	WorkerLogSummary	AuditHairball	stdout=C:\Users\jimmy\Desktop\meta-bi\Samples\Demos\MetaOrchestrationHairballCliIntegration\Runs\hairball-seed-20260530\RunArtifacts\runs\20260603-180446_a5be0e4746854bda812ecb0a558a271a\logs\AuditHairball-27416.stdout.log; stdoutBytes=0; stdoutTruncated=False; stdoutDroppedBytes=0; stderr=C:\Users\jimmy\Desktop\meta-bi\Samples\Demos\MetaOrchestrationHairballCliIntegration\Runs\hairball-seed-20260530\RunArtifacts\runs\20260603-180446_a5be0e4746854bda812ecb0a558a271a\logs\AuditHairball-27416.stderr.log; stderrBytes=0; stderrTruncated=False; stderrDroppedBytes=0
2026-06-03T18:06:42.6603949+00:00	WorkerLogSummary	BridgeL01L02	stdout=C:\Users\jimmy\Desktop\meta-bi\Samples\Demos\MetaOrchestrationHairballCliIntegration\Runs\hairball-seed-20260530\RunArtifacts\runs\20260603-180446_a5be0e4746854bda812ecb0a558a271a\logs\BridgeL01L02-29260.stdout.log; stdoutBytes=0; stdoutTruncated=False; stdoutDroppedBytes=0; stderr=C:\Users\jimmy\Desktop\meta-bi\Samples\Demos\MetaOrchestrationHairballCliIntegration\Runs\hairball-seed-20260530\RunArtifacts\runs\20260603-180446_a5be0e4746854bda812ecb0a558a271a\logs\BridgeL01L02-29260.stderr.log; stderrBytes=0; stderrTruncated=False; stderrDroppedBytes=0
2026-06-03T18:06:42.6609295+00:00	WorkerLogSummary	Layer01Node02	stdout=C:\Users\jimmy\Desktop\meta-bi\Samples\Demos\MetaOrchestrationHairballCliIntegration\Runs\hairball-seed-20260530\RunArtifacts\runs\20260603-180446_a5be0e4746854bda812ecb0a558a271a\logs\Layer01Node02-31188.stdout.log; stdoutBytes=0; stdoutTruncated=False; stdoutDroppedBytes=0; stderr=C:\Users\jimmy\Desktop\meta-bi\Samples\Demos\MetaOrchestrationHairballCliIntegration\Runs\hairball-seed-20260530\RunArtifacts\runs\20260603-180446_a5be0e4746854bda812ecb0a558a271a\logs\Layer01Node02-31188.stderr.log; stderrBytes=0; stderrTruncated=False; stderrDroppedBytes=0
2026-06-03T18:06:42.6615287+00:00	WorkerLogSummary	Layer01Node04	stdout=C:\Users\jimmy\Desktop\meta-bi\Samples\Demos\MetaOrchestrationHairballCliIntegration\Runs\hairball-seed-20260530\RunArtifacts\runs\20260603-180446_a5be0e4746854bda812ecb0a558a271a\logs\Layer01Node04-26696.stdout.log; stdoutBytes=0; stdoutTruncated=False; stdoutDroppedBytes=0; stderr=C:\Users\jimmy\Desktop\meta-bi\Samples\Demos\MetaOrchestrationHairballCliIntegration\Runs\hairball-seed-20260530\RunArtifacts\runs\20260603-180446_a5be0e4746854bda812ecb0a558a271a\logs\Layer01Node04-26696.stderr.log; stderrBytes=0; stderrTruncated=False; stderrDroppedBytes=0
2026-06-03T18:06:42.6619864+00:00	WorkerLogSummary	AuditHairball	stdout=C:\Users\jimmy\Desktop\meta-bi\Samples\Demos\MetaOrchestrationHairballCliIntegration\Runs\hairball-seed-20260530\RunArtifacts\runs\20260603-180446_a5be0e4746854bda812ecb0a558a271a\logs\AuditHairball-26756.stdout.log; stdoutBytes=0; stdoutTruncated=False; stdoutDroppedBytes=0; stderr=C:\Users\jimmy\Desktop\meta-bi\Samples\Demos\MetaOrchestrationHairballCliIntegration\Runs\hairball-seed-20260530\RunArtifacts\runs\20260603-180446_a5be0e4746854bda812ecb0a558a271a\logs\AuditHairball-26756.stderr.log; stderrBytes=0; stderrTruncated=False; stderrDroppedBytes=0
2026-06-03T18:06:42.6624226+00:00	WorkerLogSummary	Layer01Node03	stdout=C:\Users\jimmy\Desktop\meta-bi\Samples\Demos\MetaOrchestrationHairballCliIntegration\Runs\hairball-seed-20260530\RunArtifacts\runs\20260603-180446_a5be0e4746854bda812ecb0a558a271a\logs\Layer01Node03-3940.stdout.log; stdoutBytes=0; stdoutTruncated=False; stdoutDroppedBytes=0; stderr=C:\Users\jimmy\Desktop\meta-bi\Samples\Demos\MetaOrchestrationHairballCliIntegration\Runs\hairball-seed-20260530\RunArtifacts\runs\20260603-180446_a5be0e4746854bda812ecb0a558a271a\logs\Layer01Node03-3940.stderr.log; stderrBytes=0; stderrTruncated=False; stderrDroppedBytes=0
2026-06-03T18:06:42.6632562+00:00	WorkerLogSummary	Layer01Node05	stdout=C:\Users\jimmy\Desktop\meta-bi\Samples\Demos\MetaOrchestrationHairballCliIntegration\Runs\hairball-seed-20260530\RunArtifacts\runs\20260603-180446_a5be0e4746854bda812ecb0a558a271a\logs\Layer01Node05-6300.stdout.log; stdoutBytes=0; stdoutTruncated=False; stdoutDroppedBytes=0; stderr=C:\Users\jimmy\Desktop\meta-bi\Samples\Demos\MetaOrchestrationHairballCliIntegration\Runs\hairball-seed-20260530\RunArtifacts\runs\20260603-180446_a5be0e4746854bda812ecb0a558a271a\logs\Layer01Node05-6300.stderr.log; stderrBytes=0; stderrTruncated=False; stderrDroppedBytes=0
2026-06-03T18:06:42.6637580+00:00	WorkerLogSummary	Layer01Node08	stdout=C:\Users\jimmy\Desktop\meta-bi\Samples\Demos\MetaOrchestrationHairballCliIntegration\Runs\hairball-seed-20260530\RunArtifacts\runs\20260603-180446_a5be0e4746854bda812ecb0a558a271a\logs\Layer01Node08-16240.stdout.log; stdoutBytes=0; stdoutTruncated=False; stdoutDroppedBytes=0; stderr=C:\Users\jimmy\Desktop\meta-bi\Samples\Demos\MetaOrchestrationHairballCliIntegration\Runs\hairball-seed-20260530\RunArtifacts\runs\20260603-180446_a5be0e4746854bda812ecb0a558a271a\logs\Layer01Node08-16240.stderr.log; stderrBytes=0; stderrTruncated=False; stderrDroppedBytes=0
2026-06-03T18:06:42.6642948+00:00	WorkerLogSummary	Layer01Hub	stdout=C:\Users\jimmy\Desktop\meta-bi\Samples\Demos\MetaOrchestrationHairballCliIntegration\Runs\hairball-seed-20260530\RunArtifacts\runs\20260603-180446_a5be0e4746854bda812ecb0a558a271a\logs\Layer01Hub-4688.stdout.log; stdoutBytes=0; stdoutTruncated=False; stdoutDroppedBytes=0; stderr=C:\Users\jimmy\Desktop\meta-bi\Samples\Demos\MetaOrchestrationHairballCliIntegration\Runs\hairball-seed-20260530\RunArtifacts\runs\20260603-180446_a5be0e4746854bda812ecb0a558a271a\logs\Layer01Hub-4688.stderr.log; stderrBytes=0; stderrTruncated=False; stderrDroppedBytes=0
2026-06-03T18:06:42.6647728+00:00	WorkerLogSummary	Layer01Node09	stdout=C:\Users\jimmy\Desktop\meta-bi\Samples\Demos\MetaOrchestrationHairballCliIntegration\Runs\hairball-seed-20260530\RunArtifacts\runs\20260603-180446_a5be0e4746854bda812ecb0a558a271a\logs\Layer01Node09-3288.stdout.log; stdoutBytes=0; stdoutTruncated=False; stdoutDroppedBytes=0; stderr=C:\Users\jimmy\Desktop\meta-bi\Samples\Demos\MetaOrchestrationHairballCliIntegration\Runs\hairball-seed-20260530\RunArtifacts\runs\20260603-180446_a5be0e4746854bda812ecb0a558a271a\logs\Layer01Node09-3288.stderr.log; stderrBytes=0; stderrTruncated=False; stderrDroppedBytes=0
2026-06-03T18:06:42.6654411+00:00	WorkerLogSummary	Layer01Hub	stdout=C:\Users\jimmy\Desktop\meta-bi\Samples\Demos\MetaOrchestrationHairballCliIntegration\Runs\hairball-seed-20260530\RunArtifacts\runs\20260603-180446_a5be0e4746854bda812ecb0a558a271a\logs\Layer01Hub-26136.stdout.log; stdoutBytes=0; stdoutTruncated=False; stdoutDroppedBytes=0; stderr=C:\Users\jimmy\Desktop\meta-bi\Samples\Demos\MetaOrchestrationHairballCliIntegration\Runs\hairball-seed-20260530\RunArtifacts\runs\20260603-180446_a5be0e4746854bda812ecb0a558a271a\logs\Layer01Hub-26136.stderr.log; stderrBytes=0; stderrTruncated=False; stderrDroppedBytes=0
2026-06-03T18:06:42.6660766+00:00	WorkerLogSummary	Layer02Node01	stdout=C:\Users\jimmy\Desktop\meta-bi\Samples\Demos\MetaOrchestrationHairballCliIntegration\Runs\hairball-seed-20260530\RunArtifacts\runs\20260603-180446_a5be0e4746854bda812ecb0a558a271a\logs\Layer02Node01-6732.stdout.log; stdoutBytes=0; stdoutTruncated=False; stdoutDroppedBytes=0; stderr=C:\Users\jimmy\Desktop\meta-bi\Samples\Demos\MetaOrchestrationHairballCliIntegration\Runs\hairball-seed-20260530\RunArtifacts\runs\20260603-180446_a5be0e4746854bda812ecb0a558a271a\logs\Layer02Node01-6732.stderr.log; stderrBytes=0; stderrTruncated=False; stderrDroppedBytes=0
2026-06-03T18:06:42.6665956+00:00	WorkerLogSummary	Layer02Node02	stdout=C:\Users\jimmy\Desktop\meta-bi\Samples\Demos\MetaOrchestrationHairballCliIntegration\Runs\hairball-seed-20260530\RunArtifacts\runs\20260603-180446_a5be0e4746854bda812ecb0a558a271a\logs\Layer02Node02-18396.stdout.log; stdoutBytes=0; stdoutTruncated=False; stdoutDroppedBytes=0; stderr=C:\Users\jimmy\Desktop\meta-bi\Samples\Demos\MetaOrchestrationHairballCliIntegration\Runs\hairball-seed-20260530\RunArtifacts\runs\20260603-180446_a5be0e4746854bda812ecb0a558a271a\logs\Layer02Node02-18396.stderr.log; stderrBytes=0; stderrTruncated=False; stderrDroppedBytes=0
2026-06-03T18:06:42.6670730+00:00	WorkerLogSummary	Layer02Node04	stdout=C:\Users\jimmy\Desktop\meta-bi\Samples\Demos\MetaOrchestrationHairballCliIntegration\Runs\hairball-seed-20260530\RunArtifacts\runs\20260603-180446_a5be0e4746854bda812ecb0a558a271a\logs\Layer02Node04-22740.stdout.log; stdoutBytes=0; stdoutTruncated=False; stdoutDroppedBytes=0; stderr=C:\Users\jimmy\Desktop\meta-bi\Samples\Demos\MetaOrchestrationHairballCliIntegration\Runs\hairball-seed-20260530\RunArtifacts\runs\20260603-180446_a5be0e4746854bda812ecb0a558a271a\logs\Layer02Node04-22740.stderr.log; stderrBytes=0; stderrTruncated=False; stderrDroppedBytes=0
2026-06-03T18:06:42.6675190+00:00	WorkerLogSummary	Layer02Node05	stdout=C:\Users\jimmy\Desktop\meta-bi\Samples\Demos\MetaOrchestrationHairballCliIntegration\Runs\hairball-seed-20260530\RunArtifacts\runs\20260603-180446_a5be0e4746854bda812ecb0a558a271a\logs\Layer02Node05-15600.stdout.log; stdoutBytes=0; stdoutTruncated=False; stdoutDroppedBytes=0; stderr=C:\Users\jimmy\Desktop\meta-bi\Samples\Demos\MetaOrchestrationHairballCliIntegration\Runs\hairball-seed-20260530\RunArtifacts\runs\20260603-180446_a5be0e4746854bda812ecb0a558a271a\logs\Layer02Node05-15600.stderr.log; stderrBytes=0; stderrTruncated=False; stderrDroppedBytes=0
2026-06-03T18:06:42.6680314+00:00	WorkerLogSummary	Layer02Node06	stdout=C:\Users\jimmy\Desktop\meta-bi\Samples\Demos\MetaOrchestrationHairballCliIntegration\Runs\hairball-seed-20260530\RunArtifacts\runs\20260603-180446_a5be0e4746854bda812ecb0a558a271a\logs\Layer02Node06-19692.stdout.log; stdoutBytes=0; stdoutTruncated=False; stdoutDroppedBytes=0; stderr=C:\Users\jimmy\Desktop\meta-bi\Samples\Demos\MetaOrchestrationHairballCliIntegration\Runs\hairball-seed-20260530\RunArtifacts\runs\20260603-180446_a5be0e4746854bda812ecb0a558a271a\logs\Layer02Node06-19692.stderr.log; stderrBytes=0; stderrTruncated=False; stderrDroppedBytes=0
2026-06-03T18:06:42.6684756+00:00	WorkerLogSummary	Layer02Node07	stdout=C:\Users\jimmy\Desktop\meta-bi\Samples\Demos\MetaOrchestrationHairballCliIntegration\Runs\hairball-seed-20260530\RunArtifacts\runs\20260603-180446_a5be0e4746854bda812ecb0a558a271a\logs\Layer02Node07-27336.stdout.log; stdoutBytes=0; stdoutTruncated=False; stdoutDroppedBytes=0; stderr=C:\Users\jimmy\Desktop\meta-bi\Samples\Demos\MetaOrchestrationHairballCliIntegration\Runs\hairball-seed-20260530\RunArtifacts\runs\20260603-180446_a5be0e4746854bda812ecb0a558a271a\logs\Layer02Node07-27336.stderr.log; stderrBytes=0; stderrTruncated=False; stderrDroppedBytes=0
2026-06-03T18:06:42.6690775+00:00	WorkerLogSummary	Layer02Node08	stdout=C:\Users\jimmy\Desktop\meta-bi\Samples\Demos\MetaOrchestrationHairballCliIntegration\Runs\hairball-seed-20260530\RunArtifacts\runs\20260603-180446_a5be0e4746854bda812ecb0a558a271a\logs\Layer02Node08-24276.stdout.log; stdoutBytes=0; stdoutTruncated=False; stdoutDroppedBytes=0; stderr=C:\Users\jimmy\Desktop\meta-bi\Samples\Demos\MetaOrchestrationHairballCliIntegration\Runs\hairball-seed-20260530\RunArtifacts\runs\20260603-180446_a5be0e4746854bda812ecb0a558a271a\logs\Layer02Node08-24276.stderr.log; stderrBytes=0; stderrTruncated=False; stderrDroppedBytes=0
2026-06-03T18:06:42.6697999+00:00	WorkerLogSummary	Layer02Hub	stdout=C:\Users\jimmy\Desktop\meta-bi\Samples\Demos\MetaOrchestrationHairballCliIntegration\Runs\hairball-seed-20260530\RunArtifacts\runs\20260603-180446_a5be0e4746854bda812ecb0a558a271a\logs\Layer02Hub-28100.stdout.log; stdoutBytes=0; stdoutTruncated=False; stdoutDroppedBytes=0; stderr=C:\Users\jimmy\Desktop\meta-bi\Samples\Demos\MetaOrchestrationHairballCliIntegration\Runs\hairball-seed-20260530\RunArtifacts\runs\20260603-180446_a5be0e4746854bda812ecb0a558a271a\logs\Layer02Hub-28100.stderr.log; stderrBytes=0; stderrTruncated=False; stderrDroppedBytes=0
2026-06-03T18:06:42.6706723+00:00	WorkerLogSummary	BridgeL01L02	stdout=C:\Users\jimmy\Desktop\meta-bi\Samples\Demos\MetaOrchestrationHairballCliIntegration\Runs\hairball-seed-20260530\RunArtifacts\runs\20260603-180446_a5be0e4746854bda812ecb0a558a271a\logs\BridgeL01L02-26448.stdout.log; stdoutBytes=0; stdoutTruncated=False; stdoutDroppedBytes=0; stderr=C:\Users\jimmy\Desktop\meta-bi\Samples\Demos\MetaOrchestrationHairballCliIntegration\Runs\hairball-seed-20260530\RunArtifacts\runs\20260603-180446_a5be0e4746854bda812ecb0a558a271a\logs\BridgeL01L02-26448.stderr.log; stderrBytes=0; stderrTruncated=False; stderrDroppedBytes=0
2026-06-03T18:06:42.6718463+00:00	WorkerLogSummary	Layer03Node01	stdout=C:\Users\jimmy\Desktop\meta-bi\Samples\Demos\MetaOrchestrationHairballCliIntegration\Runs\hairball-seed-20260530\RunArtifacts\runs\20260603-180446_a5be0e4746854bda812ecb0a558a271a\logs\Layer03Node01-29884.stdout.log; stdoutBytes=0; stdoutTruncated=False; stdoutDroppedBytes=0; stderr=C:\Users\jimmy\Desktop\meta-bi\Samples\Demos\MetaOrchestrationHairballCliIntegration\Runs\hairball-seed-20260530\RunArtifacts\runs\20260603-180446_a5be0e4746854bda812ecb0a558a271a\logs\Layer03Node01-29884.stderr.log; stderrBytes=0; stderrTruncated=False; stderrDroppedBytes=0
2026-06-03T18:06:42.6727425+00:00	WorkerLogSummary	Layer03Node02	stdout=C:\Users\jimmy\Desktop\meta-bi\Samples\Demos\MetaOrchestrationHairballCliIntegration\Runs\hairball-seed-20260530\RunArtifacts\runs\20260603-180446_a5be0e4746854bda812ecb0a558a271a\logs\Layer03Node02-26924.stdout.log; stdoutBytes=0; stdoutTruncated=False; stdoutDroppedBytes=0; stderr=C:\Users\jimmy\Desktop\meta-bi\Samples\Demos\MetaOrchestrationHairballCliIntegration\Runs\hairball-seed-20260530\RunArtifacts\runs\20260603-180446_a5be0e4746854bda812ecb0a558a271a\logs\Layer03Node02-26924.stderr.log; stderrBytes=0; stderrTruncated=False; stderrDroppedBytes=0
2026-06-03T18:06:42.6734290+00:00	WorkerLogSummary	Layer03Node03	stdout=C:\Users\jimmy\Desktop\meta-bi\Samples\Demos\MetaOrchestrationHairballCliIntegration\Runs\hairball-seed-20260530\RunArtifacts\runs\20260603-180446_a5be0e4746854bda812ecb0a558a271a\logs\Layer03Node03-3376.stdout.log; stdoutBytes=0; stdoutTruncated=False; stdoutDroppedBytes=0; stderr=C:\Users\jimmy\Desktop\meta-bi\Samples\Demos\MetaOrchestrationHairballCliIntegration\Runs\hairball-seed-20260530\RunArtifacts\runs\20260603-180446_a5be0e4746854bda812ecb0a558a271a\logs\Layer03Node03-3376.stderr.log; stderrBytes=0; stderrTruncated=False; stderrDroppedBytes=0
2026-06-03T18:06:42.6740665+00:00	WorkerLogSummary	Layer03Node04	stdout=C:\Users\jimmy\Desktop\meta-bi\Samples\Demos\MetaOrchestrationHairballCliIntegration\Runs\hairball-seed-20260530\RunArtifacts\runs\20260603-180446_a5be0e4746854bda812ecb0a558a271a\logs\Layer03Node04-27244.stdout.log; stdoutBytes=0; stdoutTruncated=False; stdoutDroppedBytes=0; stderr=C:\Users\jimmy\Desktop\meta-bi\Samples\Demos\MetaOrchestrationHairballCliIntegration\Runs\hairball-seed-20260530\RunArtifacts\runs\20260603-180446_a5be0e4746854bda812ecb0a558a271a\logs\Layer03Node04-27244.stderr.log; stderrBytes=0; stderrTruncated=False; stderrDroppedBytes=0
2026-06-03T18:06:42.6747257+00:00	WorkerLogSummary	Layer03Node05	stdout=C:\Users\jimmy\Desktop\meta-bi\Samples\Demos\MetaOrchestrationHairballCliIntegration\Runs\hairball-seed-20260530\RunArtifacts\runs\20260603-180446_a5be0e4746854bda812ecb0a558a271a\logs\Layer03Node05-26768.stdout.log; stdoutBytes=0; stdoutTruncated=False; stdoutDroppedBytes=0; stderr=C:\Users\jimmy\Desktop\meta-bi\Samples\Demos\MetaOrchestrationHairballCliIntegration\Runs\hairball-seed-20260530\RunArtifacts\runs\20260603-180446_a5be0e4746854bda812ecb0a558a271a\logs\Layer03Node05-26768.stderr.log; stderrBytes=0; stderrTruncated=False; stderrDroppedBytes=0
2026-06-03T18:06:42.6754664+00:00	WorkerLogSummary	Layer03Node06	stdout=C:\Users\jimmy\Desktop\meta-bi\Samples\Demos\MetaOrchestrationHairballCliIntegration\Runs\hairball-seed-20260530\RunArtifacts\runs\20260603-180446_a5be0e4746854bda812ecb0a558a271a\logs\Layer03Node06-28740.stdout.log; stdoutBytes=0; stdoutTruncated=False; stdoutDroppedBytes=0; stderr=C:\Users\jimmy\Desktop\meta-bi\Samples\Demos\MetaOrchestrationHairballCliIntegration\Runs\hairball-seed-20260530\RunArtifacts\runs\20260603-180446_a5be0e4746854bda812ecb0a558a271a\logs\Layer03Node06-28740.stderr.log; stderrBytes=0; stderrTruncated=False; stderrDroppedBytes=0
2026-06-03T18:06:42.6763154+00:00	WorkerLogSummary	Layer03Node07	stdout=C:\Users\jimmy\Desktop\meta-bi\Samples\Demos\MetaOrchestrationHairballCliIntegration\Runs\hairball-seed-20260530\RunArtifacts\runs\20260603-180446_a5be0e4746854bda812ecb0a558a271a\logs\Layer03Node07-27044.stdout.log; stdoutBytes=0; stdoutTruncated=False; stdoutDroppedBytes=0; stderr=C:\Users\jimmy\Desktop\meta-bi\Samples\Demos\MetaOrchestrationHairballCliIntegration\Runs\hairball-seed-20260530\RunArtifacts\runs\20260603-180446_a5be0e4746854bda812ecb0a558a271a\logs\Layer03Node07-27044.stderr.log; stderrBytes=0; stderrTruncated=False; stderrDroppedBytes=0
2026-06-03T18:06:42.6775900+00:00	WorkerLogSummary	Layer03Hub	stdout=C:\Users\jimmy\Desktop\meta-bi\Samples\Demos\MetaOrchestrationHairballCliIntegration\Runs\hairball-seed-20260530\RunArtifacts\runs\20260603-180446_a5be0e4746854bda812ecb0a558a271a\logs\Layer03Hub-21496.stdout.log; stdoutBytes=0; stdoutTruncated=False; stdoutDroppedBytes=0; stderr=C:\Users\jimmy\Desktop\meta-bi\Samples\Demos\MetaOrchestrationHairballCliIntegration\Runs\hairball-seed-20260530\RunArtifacts\runs\20260603-180446_a5be0e4746854bda812ecb0a558a271a\logs\Layer03Hub-21496.stderr.log; stderrBytes=0; stderrTruncated=False; stderrDroppedBytes=0
2026-06-03T18:06:42.6783040+00:00	WorkerLogSummary	Layer03Node08	stdout=C:\Users\jimmy\Desktop\meta-bi\Samples\Demos\MetaOrchestrationHairballCliIntegration\Runs\hairball-seed-20260530\RunArtifacts\runs\20260603-180446_a5be0e4746854bda812ecb0a558a271a\logs\Layer03Node08-504.stdout.log; stdoutBytes=0; stdoutTruncated=False; stdoutDroppedBytes=0; stderr=C:\Users\jimmy\Desktop\meta-bi\Samples\Demos\MetaOrchestrationHairballCliIntegration\Runs\hairball-seed-20260530\RunArtifacts\runs\20260603-180446_a5be0e4746854bda812ecb0a558a271a\logs\Layer03Node08-504.stderr.log; stderrBytes=0; stderrTruncated=False; stderrDroppedBytes=0
2026-06-03T18:06:42.6788696+00:00	WorkerLogSummary	Layer03Node10	stdout=C:\Users\jimmy\Desktop\meta-bi\Samples\Demos\MetaOrchestrationHairballCliIntegration\Runs\hairball-seed-20260530\RunArtifacts\runs\20260603-180446_a5be0e4746854bda812ecb0a558a271a\logs\Layer03Node10-25592.stdout.log; stdoutBytes=0; stdoutTruncated=False; stdoutDroppedBytes=0; stderr=C:\Users\jimmy\Desktop\meta-bi\Samples\Demos\MetaOrchestrationHairballCliIntegration\Runs\hairball-seed-20260530\RunArtifacts\runs\20260603-180446_a5be0e4746854bda812ecb0a558a271a\logs\Layer03Node10-25592.stderr.log; stderrBytes=0; stderrTruncated=False; stderrDroppedBytes=0
2026-06-03T18:06:42.6794683+00:00	WorkerLogSummary	Layer04Node01	stdout=C:\Users\jimmy\Desktop\meta-bi\Samples\Demos\MetaOrchestrationHairballCliIntegration\Runs\hairball-seed-20260530\RunArtifacts\runs\20260603-180446_a5be0e4746854bda812ecb0a558a271a\logs\Layer04Node01-1712.stdout.log; stdoutBytes=0; stdoutTruncated=False; stdoutDroppedBytes=0; stderr=C:\Users\jimmy\Desktop\meta-bi\Samples\Demos\MetaOrchestrationHairballCliIntegration\Runs\hairball-seed-20260530\RunArtifacts\runs\20260603-180446_a5be0e4746854bda812ecb0a558a271a\logs\Layer04Node01-1712.stderr.log; stderrBytes=0; stderrTruncated=False; stderrDroppedBytes=0
2026-06-03T18:06:42.6800911+00:00	WorkerLogSummary	Layer04Node02	stdout=C:\Users\jimmy\Desktop\meta-bi\Samples\Demos\MetaOrchestrationHairballCliIntegration\Runs\hairball-seed-20260530\RunArtifacts\runs\20260603-180446_a5be0e4746854bda812ecb0a558a271a\logs\Layer04Node02-23484.stdout.log; stdoutBytes=0; stdoutTruncated=False; stdoutDroppedBytes=0; stderr=C:\Users\jimmy\Desktop\meta-bi\Samples\Demos\MetaOrchestrationHairballCliIntegration\Runs\hairball-seed-20260530\RunArtifacts\runs\20260603-180446_a5be0e4746854bda812ecb0a558a271a\logs\Layer04Node02-23484.stderr.log; stderrBytes=0; stderrTruncated=False; stderrDroppedBytes=0
2026-06-03T18:06:42.6807493+00:00	WorkerLogSummary	Layer04Node03	stdout=C:\Users\jimmy\Desktop\meta-bi\Samples\Demos\MetaOrchestrationHairballCliIntegration\Runs\hairball-seed-20260530\RunArtifacts\runs\20260603-180446_a5be0e4746854bda812ecb0a558a271a\logs\Layer04Node03-28728.stdout.log; stdoutBytes=0; stdoutTruncated=False; stdoutDroppedBytes=0; stderr=C:\Users\jimmy\Desktop\meta-bi\Samples\Demos\MetaOrchestrationHairballCliIntegration\Runs\hairball-seed-20260530\RunArtifacts\runs\20260603-180446_a5be0e4746854bda812ecb0a558a271a\logs\Layer04Node03-28728.stderr.log; stderrBytes=0; stderrTruncated=False; stderrDroppedBytes=0
2026-06-03T18:06:42.6813909+00:00	WorkerLogSummary	Layer04Node04	stdout=C:\Users\jimmy\Desktop\meta-bi\Samples\Demos\MetaOrchestrationHairballCliIntegration\Runs\hairball-seed-20260530\RunArtifacts\runs\20260603-180446_a5be0e4746854bda812ecb0a558a271a\logs\Layer04Node04-14812.stdout.log; stdoutBytes=0; stdoutTruncated=False; stdoutDroppedBytes=0; stderr=C:\Users\jimmy\Desktop\meta-bi\Samples\Demos\MetaOrchestrationHairballCliIntegration\Runs\hairball-seed-20260530\RunArtifacts\runs\20260603-180446_a5be0e4746854bda812ecb0a558a271a\logs\Layer04Node04-14812.stderr.log; stderrBytes=0; stderrTruncated=False; stderrDroppedBytes=0
2026-06-03T18:06:42.6820213+00:00	WorkerLogSummary	Layer04Node05	stdout=C:\Users\jimmy\Desktop\meta-bi\Samples\Demos\MetaOrchestrationHairballCliIntegration\Runs\hairball-seed-20260530\RunArtifacts\runs\20260603-180446_a5be0e4746854bda812ecb0a558a271a\logs\Layer04Node05-3764.stdout.log; stdoutBytes=0; stdoutTruncated=False; stdoutDroppedBytes=0; stderr=C:\Users\jimmy\Desktop\meta-bi\Samples\Demos\MetaOrchestrationHairballCliIntegration\Runs\hairball-seed-20260530\RunArtifacts\runs\20260603-180446_a5be0e4746854bda812ecb0a558a271a\logs\Layer04Node05-3764.stderr.log; stderrBytes=0; stderrTruncated=False; stderrDroppedBytes=0
2026-06-03T18:06:42.6826230+00:00	WorkerLogSummary	Layer04Node06	stdout=C:\Users\jimmy\Desktop\meta-bi\Samples\Demos\MetaOrchestrationHairballCliIntegration\Runs\hairball-seed-20260530\RunArtifacts\runs\20260603-180446_a5be0e4746854bda812ecb0a558a271a\logs\Layer04Node06-4684.stdout.log; stdoutBytes=0; stdoutTruncated=False; stdoutDroppedBytes=0; stderr=C:\Users\jimmy\Desktop\meta-bi\Samples\Demos\MetaOrchestrationHairballCliIntegration\Runs\hairball-seed-20260530\RunArtifacts\runs\20260603-180446_a5be0e4746854bda812ecb0a558a271a\logs\Layer04Node06-4684.stderr.log; stderrBytes=0; stderrTruncated=False; stderrDroppedBytes=0
2026-06-03T18:06:42.6832210+00:00	WorkerLogSummary	Layer04Node07	stdout=C:\Users\jimmy\Desktop\meta-bi\Samples\Demos\MetaOrchestrationHairballCliIntegration\Runs\hairball-seed-20260530\RunArtifacts\runs\20260603-180446_a5be0e4746854bda812ecb0a558a271a\logs\Layer04Node07-23112.stdout.log; stdoutBytes=0; stdoutTruncated=False; stdoutDroppedBytes=0; stderr=C:\Users\jimmy\Desktop\meta-bi\Samples\Demos\MetaOrchestrationHairballCliIntegration\Runs\hairball-seed-20260530\RunArtifacts\runs\20260603-180446_a5be0e4746854bda812ecb0a558a271a\logs\Layer04Node07-23112.stderr.log; stderrBytes=0; stderrTruncated=False; stderrDroppedBytes=0
2026-06-03T18:06:42.6839341+00:00	WorkerLogSummary	Layer04Node08	stdout=C:\Users\jimmy\Desktop\meta-bi\Samples\Demos\MetaOrchestrationHairballCliIntegration\Runs\hairball-seed-20260530\RunArtifacts\runs\20260603-180446_a5be0e4746854bda812ecb0a558a271a\logs\Layer04Node08-7548.stdout.log; stdoutBytes=0; stdoutTruncated=False; stdoutDroppedBytes=0; stderr=C:\Users\jimmy\Desktop\meta-bi\Samples\Demos\MetaOrchestrationHairballCliIntegration\Runs\hairball-seed-20260530\RunArtifacts\runs\20260603-180446_a5be0e4746854bda812ecb0a558a271a\logs\Layer04Node08-7548.stderr.log; stderrBytes=0; stderrTruncated=False; stderrDroppedBytes=0
2026-06-03T18:06:42.6845712+00:00	WorkerLogSummary	Layer04Node09	stdout=C:\Users\jimmy\Desktop\meta-bi\Samples\Demos\MetaOrchestrationHairballCliIntegration\Runs\hairball-seed-20260530\RunArtifacts\runs\20260603-180446_a5be0e4746854bda812ecb0a558a271a\logs\Layer04Node09-17380.stdout.log; stdoutBytes=0; stdoutTruncated=False; stdoutDroppedBytes=0; stderr=C:\Users\jimmy\Desktop\meta-bi\Samples\Demos\MetaOrchestrationHairballCliIntegration\Runs\hairball-seed-20260530\RunArtifacts\runs\20260603-180446_a5be0e4746854bda812ecb0a558a271a\logs\Layer04Node09-17380.stderr.log; stderrBytes=0; stderrTruncated=False; stderrDroppedBytes=0
2026-06-03T18:06:42.6852491+00:00	WorkerLogSummary	Layer04Hub	stdout=C:\Users\jimmy\Desktop\meta-bi\Samples\Demos\MetaOrchestrationHairballCliIntegration\Runs\hairball-seed-20260530\RunArtifacts\runs\20260603-180446_a5be0e4746854bda812ecb0a558a271a\logs\Layer04Hub-14928.stdout.log; stdoutBytes=0; stdoutTruncated=False; stdoutDroppedBytes=0; stderr=C:\Users\jimmy\Desktop\meta-bi\Samples\Demos\MetaOrchestrationHairballCliIntegration\Runs\hairball-seed-20260530\RunArtifacts\runs\20260603-180446_a5be0e4746854bda812ecb0a558a271a\logs\Layer04Hub-14928.stderr.log; stderrBytes=0; stderrTruncated=False; stderrDroppedBytes=0
2026-06-03T18:06:42.6859058+00:00	WorkerLogSummary	BridgeL03L04	stdout=C:\Users\jimmy\Desktop\meta-bi\Samples\Demos\MetaOrchestrationHairballCliIntegration\Runs\hairball-seed-20260530\RunArtifacts\runs\20260603-180446_a5be0e4746854bda812ecb0a558a271a\logs\BridgeL03L04-22116.stdout.log; stdoutBytes=0; stdoutTruncated=False; stdoutDroppedBytes=0; stderr=C:\Users\jimmy\Desktop\meta-bi\Samples\Demos\MetaOrchestrationHairballCliIntegration\Runs\hairball-seed-20260530\RunArtifacts\runs\20260603-180446_a5be0e4746854bda812ecb0a558a271a\logs\BridgeL03L04-22116.stderr.log; stderrBytes=0; stderrTruncated=False; stderrDroppedBytes=0
2026-06-03T18:06:42.6867372+00:00	WorkerLogSummary	Layer05Node01	stdout=C:\Users\jimmy\Desktop\meta-bi\Samples\Demos\MetaOrchestrationHairballCliIntegration\Runs\hairball-seed-20260530\RunArtifacts\runs\20260603-180446_a5be0e4746854bda812ecb0a558a271a\logs\Layer05Node01-20704.stdout.log; stdoutBytes=0; stdoutTruncated=False; stdoutDroppedBytes=0; stderr=C:\Users\jimmy\Desktop\meta-bi\Samples\Demos\MetaOrchestrationHairballCliIntegration\Runs\hairball-seed-20260530\RunArtifacts\runs\20260603-180446_a5be0e4746854bda812ecb0a558a271a\logs\Layer05Node01-20704.stderr.log; stderrBytes=0; stderrTruncated=False; stderrDroppedBytes=0
2026-06-03T18:06:42.6881742+00:00	WorkerLogSummary	Layer05Node02	stdout=C:\Users\jimmy\Desktop\meta-bi\Samples\Demos\MetaOrchestrationHairballCliIntegration\Runs\hairball-seed-20260530\RunArtifacts\runs\20260603-180446_a5be0e4746854bda812ecb0a558a271a\logs\Layer05Node02-7784.stdout.log; stdoutBytes=0; stdoutTruncated=False; stdoutDroppedBytes=0; stderr=C:\Users\jimmy\Desktop\meta-bi\Samples\Demos\MetaOrchestrationHairballCliIntegration\Runs\hairball-seed-20260530\RunArtifacts\runs\20260603-180446_a5be0e4746854bda812ecb0a558a271a\logs\Layer05Node02-7784.stderr.log; stderrBytes=0; stderrTruncated=False; stderrDroppedBytes=0
2026-06-03T18:06:42.6888695+00:00	WorkerLogSummary	Layer05Node03	stdout=C:\Users\jimmy\Desktop\meta-bi\Samples\Demos\MetaOrchestrationHairballCliIntegration\Runs\hairball-seed-20260530\RunArtifacts\runs\20260603-180446_a5be0e4746854bda812ecb0a558a271a\logs\Layer05Node03-31584.stdout.log; stdoutBytes=0; stdoutTruncated=False; stdoutDroppedBytes=0; stderr=C:\Users\jimmy\Desktop\meta-bi\Samples\Demos\MetaOrchestrationHairballCliIntegration\Runs\hairball-seed-20260530\RunArtifacts\runs\20260603-180446_a5be0e4746854bda812ecb0a558a271a\logs\Layer05Node03-31584.stderr.log; stderrBytes=0; stderrTruncated=False; stderrDroppedBytes=0
2026-06-03T18:06:42.6896196+00:00	WorkerLogSummary	Layer05Node04	stdout=C:\Users\jimmy\Desktop\meta-bi\Samples\Demos\MetaOrchestrationHairballCliIntegration\Runs\hairball-seed-20260530\RunArtifacts\runs\20260603-180446_a5be0e4746854bda812ecb0a558a271a\logs\Layer05Node04-552.stdout.log; stdoutBytes=0; stdoutTruncated=False; stdoutDroppedBytes=0; stderr=C:\Users\jimmy\Desktop\meta-bi\Samples\Demos\MetaOrchestrationHairballCliIntegration\Runs\hairball-seed-20260530\RunArtifacts\runs\20260603-180446_a5be0e4746854bda812ecb0a558a271a\logs\Layer05Node04-552.stderr.log; stderrBytes=0; stderrTruncated=False; stderrDroppedBytes=0
2026-06-03T18:06:42.6903255+00:00	WorkerLogSummary	Layer05Node05	stdout=C:\Users\jimmy\Desktop\meta-bi\Samples\Demos\MetaOrchestrationHairballCliIntegration\Runs\hairball-seed-20260530\RunArtifacts\runs\20260603-180446_a5be0e4746854bda812ecb0a558a271a\logs\Layer05Node05-5848.stdout.log; stdoutBytes=0; stdoutTruncated=False; stdoutDroppedBytes=0; stderr=C:\Users\jimmy\Desktop\meta-bi\Samples\Demos\MetaOrchestrationHairballCliIntegration\Runs\hairball-seed-20260530\RunArtifacts\runs\20260603-180446_a5be0e4746854bda812ecb0a558a271a\logs\Layer05Node05-5848.stderr.log; stderrBytes=0; stderrTruncated=False; stderrDroppedBytes=0
2026-06-03T18:06:42.6909582+00:00	WorkerLogSummary	Layer05Node06	stdout=C:\Users\jimmy\Desktop\meta-bi\Samples\Demos\MetaOrchestrationHairballCliIntegration\Runs\hairball-seed-20260530\RunArtifacts\runs\20260603-180446_a5be0e4746854bda812ecb0a558a271a\logs\Layer05Node06-540.stdout.log; stdoutBytes=0; stdoutTruncated=False; stdoutDroppedBytes=0; stderr=C:\Users\jimmy\Desktop\meta-bi\Samples\Demos\MetaOrchestrationHairballCliIntegration\Runs\hairball-seed-20260530\RunArtifacts\runs\20260603-180446_a5be0e4746854bda812ecb0a558a271a\logs\Layer05Node06-540.stderr.log; stderrBytes=0; stderrTruncated=False; stderrDroppedBytes=0
2026-06-03T18:06:42.6916970+00:00	WorkerLogSummary	Layer05Node07	stdout=C:\Users\jimmy\Desktop\meta-bi\Samples\Demos\MetaOrchestrationHairballCliIntegration\Runs\hairball-seed-20260530\RunArtifacts\runs\20260603-180446_a5be0e4746854bda812ecb0a558a271a\logs\Layer05Node07-28876.stdout.log; stdoutBytes=0; stdoutTruncated=False; stdoutDroppedBytes=0; stderr=C:\Users\jimmy\Desktop\meta-bi\Samples\Demos\MetaOrchestrationHairballCliIntegration\Runs\hairball-seed-20260530\RunArtifacts\runs\20260603-180446_a5be0e4746854bda812ecb0a558a271a\logs\Layer05Node07-28876.stderr.log; stderrBytes=0; stderrTruncated=False; stderrDroppedBytes=0
2026-06-03T18:06:42.6923361+00:00	WorkerLogSummary	BridgeL07L08	stdout=C:\Users\jimmy\Desktop\meta-bi\Samples\Demos\MetaOrchestrationHairballCliIntegration\Runs\hairball-seed-20260530\RunArtifacts\runs\20260603-180446_a5be0e4746854bda812ecb0a558a271a\logs\BridgeL07L08-13236.stdout.log; stdoutBytes=0; stdoutTruncated=False; stdoutDroppedBytes=0; stderr=C:\Users\jimmy\Desktop\meta-bi\Samples\Demos\MetaOrchestrationHairballCliIntegration\Runs\hairball-seed-20260530\RunArtifacts\runs\20260603-180446_a5be0e4746854bda812ecb0a558a271a\logs\BridgeL07L08-13236.stderr.log; stderrBytes=0; stderrTruncated=False; stderrDroppedBytes=0
2026-06-03T18:06:42.6932383+00:00	WorkerLogSummary	Layer05Node08	stdout=C:\Users\jimmy\Desktop\meta-bi\Samples\Demos\MetaOrchestrationHairballCliIntegration\Runs\hairball-seed-20260530\RunArtifacts\runs\20260603-180446_a5be0e4746854bda812ecb0a558a271a\logs\Layer05Node08-23884.stdout.log; stdoutBytes=0; stdoutTruncated=False; stdoutDroppedBytes=0; stderr=C:\Users\jimmy\Desktop\meta-bi\Samples\Demos\MetaOrchestrationHairballCliIntegration\Runs\hairball-seed-20260530\RunArtifacts\runs\20260603-180446_a5be0e4746854bda812ecb0a558a271a\logs\Layer05Node08-23884.stderr.log; stderrBytes=0; stderrTruncated=False; stderrDroppedBytes=0
2026-06-03T18:06:42.6944128+00:00	WorkerLogSummary	Layer05Hub	stdout=C:\Users\jimmy\Desktop\meta-bi\Samples\Demos\MetaOrchestrationHairballCliIntegration\Runs\hairball-seed-20260530\RunArtifacts\runs\20260603-180446_a5be0e4746854bda812ecb0a558a271a\logs\Layer05Hub-18684.stdout.log; stdoutBytes=0; stdoutTruncated=False; stdoutDroppedBytes=0; stderr=C:\Users\jimmy\Desktop\meta-bi\Samples\Demos\MetaOrchestrationHairballCliIntegration\Runs\hairball-seed-20260530\RunArtifacts\runs\20260603-180446_a5be0e4746854bda812ecb0a558a271a\logs\Layer05Hub-18684.stderr.log; stderrBytes=0; stderrTruncated=False; stderrDroppedBytes=0
2026-06-03T18:06:42.6951012+00:00	WorkerLogSummary	BridgeL05L06	stdout=C:\Users\jimmy\Desktop\meta-bi\Samples\Demos\MetaOrchestrationHairballCliIntegration\Runs\hairball-seed-20260530\RunArtifacts\runs\20260603-180446_a5be0e4746854bda812ecb0a558a271a\logs\BridgeL05L06-28524.stdout.log; stdoutBytes=0; stdoutTruncated=False; stdoutDroppedBytes=0; stderr=C:\Users\jimmy\Desktop\meta-bi\Samples\Demos\MetaOrchestrationHairballCliIntegration\Runs\hairball-seed-20260530\RunArtifacts\runs\20260603-180446_a5be0e4746854bda812ecb0a558a271a\logs\BridgeL05L06-28524.stderr.log; stderrBytes=0; stderrTruncated=False; stderrDroppedBytes=0
2026-06-03T18:06:42.6955823+00:00	WorkerLogSummary	BridgeL07L08	stdout=C:\Users\jimmy\Desktop\meta-bi\Samples\Demos\MetaOrchestrationHairballCliIntegration\Runs\hairball-seed-20260530\RunArtifacts\runs\20260603-180446_a5be0e4746854bda812ecb0a558a271a\logs\BridgeL07L08-27476.stdout.log; stdoutBytes=0; stdoutTruncated=False; stdoutDroppedBytes=0; stderr=C:\Users\jimmy\Desktop\meta-bi\Samples\Demos\MetaOrchestrationHairballCliIntegration\Runs\hairball-seed-20260530\RunArtifacts\runs\20260603-180446_a5be0e4746854bda812ecb0a558a271a\logs\BridgeL07L08-27476.stderr.log; stderrBytes=0; stderrTruncated=False; stderrDroppedBytes=0
2026-06-03T18:06:42.6961291+00:00	WorkerLogSummary	Layer06Node01	stdout=C:\Users\jimmy\Desktop\meta-bi\Samples\Demos\MetaOrchestrationHairballCliIntegration\Runs\hairball-seed-20260530\RunArtifacts\runs\20260603-180446_a5be0e4746854bda812ecb0a558a271a\logs\Layer06Node01-21760.stdout.log; stdoutBytes=0; stdoutTruncated=False; stdoutDroppedBytes=0; stderr=C:\Users\jimmy\Desktop\meta-bi\Samples\Demos\MetaOrchestrationHairballCliIntegration\Runs\hairball-seed-20260530\RunArtifacts\runs\20260603-180446_a5be0e4746854bda812ecb0a558a271a\logs\Layer06Node01-21760.stderr.log; stderrBytes=0; stderrTruncated=False; stderrDroppedBytes=0
2026-06-03T18:06:42.6967463+00:00	WorkerLogSummary	Layer06Node02	stdout=C:\Users\jimmy\Desktop\meta-bi\Samples\Demos\MetaOrchestrationHairballCliIntegration\Runs\hairball-seed-20260530\RunArtifacts\runs\20260603-180446_a5be0e4746854bda812ecb0a558a271a\logs\Layer06Node02-31576.stdout.log; stdoutBytes=0; stdoutTruncated=False; stdoutDroppedBytes=0; stderr=C:\Users\jimmy\Desktop\meta-bi\Samples\Demos\MetaOrchestrationHairballCliIntegration\Runs\hairball-seed-20260530\RunArtifacts\runs\20260603-180446_a5be0e4746854bda812ecb0a558a271a\logs\Layer06Node02-31576.stderr.log; stderrBytes=0; stderrTruncated=False; stderrDroppedBytes=0
2026-06-03T18:06:42.6972858+00:00	WorkerLogSummary	BridgeL05L06	stdout=C:\Users\jimmy\Desktop\meta-bi\Samples\Demos\MetaOrchestrationHairballCliIntegration\Runs\hairball-seed-20260530\RunArtifacts\runs\20260603-180446_a5be0e4746854bda812ecb0a558a271a\logs\BridgeL05L06-11068.stdout.log; stdoutBytes=0; stdoutTruncated=False; stdoutDroppedBytes=0; stderr=C:\Users\jimmy\Desktop\meta-bi\Samples\Demos\MetaOrchestrationHairballCliIntegration\Runs\hairball-seed-20260530\RunArtifacts\runs\20260603-180446_a5be0e4746854bda812ecb0a558a271a\logs\BridgeL05L06-11068.stderr.log; stderrBytes=0; stderrTruncated=False; stderrDroppedBytes=0
2026-06-03T18:06:42.6977854+00:00	WorkerLogSummary	Layer06Node03	stdout=C:\Users\jimmy\Desktop\meta-bi\Samples\Demos\MetaOrchestrationHairballCliIntegration\Runs\hairball-seed-20260530\RunArtifacts\runs\20260603-180446_a5be0e4746854bda812ecb0a558a271a\logs\Layer06Node03-24600.stdout.log; stdoutBytes=0; stdoutTruncated=False; stdoutDroppedBytes=0; stderr=C:\Users\jimmy\Desktop\meta-bi\Samples\Demos\MetaOrchestrationHairballCliIntegration\Runs\hairball-seed-20260530\RunArtifacts\runs\20260603-180446_a5be0e4746854bda812ecb0a558a271a\logs\Layer06Node03-24600.stderr.log; stderrBytes=0; stderrTruncated=False; stderrDroppedBytes=0
2026-06-03T18:06:42.6982897+00:00	WorkerLogSummary	Layer06Node04	stdout=C:\Users\jimmy\Desktop\meta-bi\Samples\Demos\MetaOrchestrationHairballCliIntegration\Runs\hairball-seed-20260530\RunArtifacts\runs\20260603-180446_a5be0e4746854bda812ecb0a558a271a\logs\Layer06Node04-26584.stdout.log; stdoutBytes=0; stdoutTruncated=False; stdoutDroppedBytes=0; stderr=C:\Users\jimmy\Desktop\meta-bi\Samples\Demos\MetaOrchestrationHairballCliIntegration\Runs\hairball-seed-20260530\RunArtifacts\runs\20260603-180446_a5be0e4746854bda812ecb0a558a271a\logs\Layer06Node04-26584.stderr.log; stderrBytes=0; stderrTruncated=False; stderrDroppedBytes=0
2026-06-03T18:06:42.6988138+00:00	WorkerLogSummary	Layer06Node05	stdout=C:\Users\jimmy\Desktop\meta-bi\Samples\Demos\MetaOrchestrationHairballCliIntegration\Runs\hairball-seed-20260530\RunArtifacts\runs\20260603-180446_a5be0e4746854bda812ecb0a558a271a\logs\Layer06Node05-24356.stdout.log; stdoutBytes=0; stdoutTruncated=False; stdoutDroppedBytes=0; stderr=C:\Users\jimmy\Desktop\meta-bi\Samples\Demos\MetaOrchestrationHairballCliIntegration\Runs\hairball-seed-20260530\RunArtifacts\runs\20260603-180446_a5be0e4746854bda812ecb0a558a271a\logs\Layer06Node05-24356.stderr.log; stderrBytes=0; stderrTruncated=False; stderrDroppedBytes=0
2026-06-03T18:06:42.6994224+00:00	WorkerLogSummary	Layer06Node06	stdout=C:\Users\jimmy\Desktop\meta-bi\Samples\Demos\MetaOrchestrationHairballCliIntegration\Runs\hairball-seed-20260530\RunArtifacts\runs\20260603-180446_a5be0e4746854bda812ecb0a558a271a\logs\Layer06Node06-29552.stdout.log; stdoutBytes=0; stdoutTruncated=False; stdoutDroppedBytes=0; stderr=C:\Users\jimmy\Desktop\meta-bi\Samples\Demos\MetaOrchestrationHairballCliIntegration\Runs\hairball-seed-20260530\RunArtifacts\runs\20260603-180446_a5be0e4746854bda812ecb0a558a271a\logs\Layer06Node06-29552.stderr.log; stderrBytes=0; stderrTruncated=False; stderrDroppedBytes=0
2026-06-03T18:06:42.7004684+00:00	WorkerLogSummary	Layer06Node07	stdout=C:\Users\jimmy\Desktop\meta-bi\Samples\Demos\MetaOrchestrationHairballCliIntegration\Runs\hairball-seed-20260530\RunArtifacts\runs\20260603-180446_a5be0e4746854bda812ecb0a558a271a\logs\Layer06Node07-3928.stdout.log; stdoutBytes=0; stdoutTruncated=False; stdoutDroppedBytes=0; stderr=C:\Users\jimmy\Desktop\meta-bi\Samples\Demos\MetaOrchestrationHairballCliIntegration\Runs\hairball-seed-20260530\RunArtifacts\runs\20260603-180446_a5be0e4746854bda812ecb0a558a271a\logs\Layer06Node07-3928.stderr.log; stderrBytes=0; stderrTruncated=False; stderrDroppedBytes=0
2026-06-03T18:06:42.7011049+00:00	WorkerLogSummary	Layer06Node08	stdout=C:\Users\jimmy\Desktop\meta-bi\Samples\Demos\MetaOrchestrationHairballCliIntegration\Runs\hairball-seed-20260530\RunArtifacts\runs\20260603-180446_a5be0e4746854bda812ecb0a558a271a\logs\Layer06Node08-24520.stdout.log; stdoutBytes=0; stdoutTruncated=False; stdoutDroppedBytes=0; stderr=C:\Users\jimmy\Desktop\meta-bi\Samples\Demos\MetaOrchestrationHairballCliIntegration\Runs\hairball-seed-20260530\RunArtifacts\runs\20260603-180446_a5be0e4746854bda812ecb0a558a271a\logs\Layer06Node08-24520.stderr.log; stderrBytes=0; stderrTruncated=False; stderrDroppedBytes=0
2026-06-03T18:06:42.7017022+00:00	WorkerLogSummary	BridgeL05L06	stdout=C:\Users\jimmy\Desktop\meta-bi\Samples\Demos\MetaOrchestrationHairballCliIntegration\Runs\hairball-seed-20260530\RunArtifacts\runs\20260603-180446_a5be0e4746854bda812ecb0a558a271a\logs\BridgeL05L06-26956.stdout.log; stdoutBytes=0; stdoutTruncated=False; stdoutDroppedBytes=0; stderr=C:\Users\jimmy\Desktop\meta-bi\Samples\Demos\MetaOrchestrationHairballCliIntegration\Runs\hairball-seed-20260530\RunArtifacts\runs\20260603-180446_a5be0e4746854bda812ecb0a558a271a\logs\BridgeL05L06-26956.stderr.log; stderrBytes=0; stderrTruncated=False; stderrDroppedBytes=0
2026-06-03T18:06:42.7025649+00:00	WorkerLogSummary	Layer06Node09	stdout=C:\Users\jimmy\Desktop\meta-bi\Samples\Demos\MetaOrchestrationHairballCliIntegration\Runs\hairball-seed-20260530\RunArtifacts\runs\20260603-180446_a5be0e4746854bda812ecb0a558a271a\logs\Layer06Node09-24628.stdout.log; stdoutBytes=0; stdoutTruncated=False; stdoutDroppedBytes=0; stderr=C:\Users\jimmy\Desktop\meta-bi\Samples\Demos\MetaOrchestrationHairballCliIntegration\Runs\hairball-seed-20260530\RunArtifacts\runs\20260603-180446_a5be0e4746854bda812ecb0a558a271a\logs\Layer06Node09-24628.stderr.log; stderrBytes=0; stderrTruncated=False; stderrDroppedBytes=0
2026-06-03T18:06:42.7033461+00:00	WorkerLogSummary	Layer06Hub	stdout=C:\Users\jimmy\Desktop\meta-bi\Samples\Demos\MetaOrchestrationHairballCliIntegration\Runs\hairball-seed-20260530\RunArtifacts\runs\20260603-180446_a5be0e4746854bda812ecb0a558a271a\logs\Layer06Hub-18984.stdout.log; stdoutBytes=0; stdoutTruncated=False; stdoutDroppedBytes=0; stderr=C:\Users\jimmy\Desktop\meta-bi\Samples\Demos\MetaOrchestrationHairballCliIntegration\Runs\hairball-seed-20260530\RunArtifacts\runs\20260603-180446_a5be0e4746854bda812ecb0a558a271a\logs\Layer06Hub-18984.stderr.log; stderrBytes=0; stderrTruncated=False; stderrDroppedBytes=0
2026-06-03T18:06:42.7046497+00:00	WorkerLogSummary	Layer06Node10	stdout=C:\Users\jimmy\Desktop\meta-bi\Samples\Demos\MetaOrchestrationHairballCliIntegration\Runs\hairball-seed-20260530\RunArtifacts\runs\20260603-180446_a5be0e4746854bda812ecb0a558a271a\logs\Layer06Node10-31192.stdout.log; stdoutBytes=0; stdoutTruncated=False; stdoutDroppedBytes=0; stderr=C:\Users\jimmy\Desktop\meta-bi\Samples\Demos\MetaOrchestrationHairballCliIntegration\Runs\hairball-seed-20260530\RunArtifacts\runs\20260603-180446_a5be0e4746854bda812ecb0a558a271a\logs\Layer06Node10-31192.stderr.log; stderrBytes=0; stderrTruncated=False; stderrDroppedBytes=0
2026-06-03T18:06:42.7052341+00:00	WorkerLogSummary	BridgeL07L08	stdout=C:\Users\jimmy\Desktop\meta-bi\Samples\Demos\MetaOrchestrationHairballCliIntegration\Runs\hairball-seed-20260530\RunArtifacts\runs\20260603-180446_a5be0e4746854bda812ecb0a558a271a\logs\BridgeL07L08-29968.stdout.log; stdoutBytes=0; stdoutTruncated=False; stdoutDroppedBytes=0; stderr=C:\Users\jimmy\Desktop\meta-bi\Samples\Demos\MetaOrchestrationHairballCliIntegration\Runs\hairball-seed-20260530\RunArtifacts\runs\20260603-180446_a5be0e4746854bda812ecb0a558a271a\logs\BridgeL07L08-29968.stderr.log; stderrBytes=0; stderrTruncated=False; stderrDroppedBytes=0
2026-06-03T18:06:42.7057796+00:00	WorkerLogSummary	Layer07Node01	stdout=C:\Users\jimmy\Desktop\meta-bi\Samples\Demos\MetaOrchestrationHairballCliIntegration\Runs\hairball-seed-20260530\RunArtifacts\runs\20260603-180446_a5be0e4746854bda812ecb0a558a271a\logs\Layer07Node01-31668.stdout.log; stdoutBytes=0; stdoutTruncated=False; stdoutDroppedBytes=0; stderr=C:\Users\jimmy\Desktop\meta-bi\Samples\Demos\MetaOrchestrationHairballCliIntegration\Runs\hairball-seed-20260530\RunArtifacts\runs\20260603-180446_a5be0e4746854bda812ecb0a558a271a\logs\Layer07Node01-31668.stderr.log; stderrBytes=0; stderrTruncated=False; stderrDroppedBytes=0
2026-06-03T18:06:42.7063846+00:00	WorkerLogSummary	CompositeMart	stdout=C:\Users\jimmy\Desktop\meta-bi\Samples\Demos\MetaOrchestrationHairballCliIntegration\Runs\hairball-seed-20260530\RunArtifacts\runs\20260603-180446_a5be0e4746854bda812ecb0a558a271a\logs\CompositeMart-23084.stdout.log; stdoutBytes=0; stdoutTruncated=False; stdoutDroppedBytes=0; stderr=C:\Users\jimmy\Desktop\meta-bi\Samples\Demos\MetaOrchestrationHairballCliIntegration\Runs\hairball-seed-20260530\RunArtifacts\runs\20260603-180446_a5be0e4746854bda812ecb0a558a271a\logs\CompositeMart-23084.stderr.log; stderrBytes=0; stderrTruncated=False; stderrDroppedBytes=0
2026-06-03T18:06:42.7069915+00:00	WorkerLogSummary	Layer07Node02	stdout=C:\Users\jimmy\Desktop\meta-bi\Samples\Demos\MetaOrchestrationHairballCliIntegration\Runs\hairball-seed-20260530\RunArtifacts\runs\20260603-180446_a5be0e4746854bda812ecb0a558a271a\logs\Layer07Node02-27532.stdout.log; stdoutBytes=0; stdoutTruncated=False; stdoutDroppedBytes=0; stderr=C:\Users\jimmy\Desktop\meta-bi\Samples\Demos\MetaOrchestrationHairballCliIntegration\Runs\hairball-seed-20260530\RunArtifacts\runs\20260603-180446_a5be0e4746854bda812ecb0a558a271a\logs\Layer07Node02-27532.stderr.log; stderrBytes=0; stderrTruncated=False; stderrDroppedBytes=0
2026-06-03T18:06:42.7080791+00:00	WorkerLogSummary	Layer07Node03	stdout=C:\Users\jimmy\Desktop\meta-bi\Samples\Demos\MetaOrchestrationHairballCliIntegration\Runs\hairball-seed-20260530\RunArtifacts\runs\20260603-180446_a5be0e4746854bda812ecb0a558a271a\logs\Layer07Node03-30544.stdout.log; stdoutBytes=0; stdoutTruncated=False; stdoutDroppedBytes=0; stderr=C:\Users\jimmy\Desktop\meta-bi\Samples\Demos\MetaOrchestrationHairballCliIntegration\Runs\hairball-seed-20260530\RunArtifacts\runs\20260603-180446_a5be0e4746854bda812ecb0a558a271a\logs\Layer07Node03-30544.stderr.log; stderrBytes=0; stderrTruncated=False; stderrDroppedBytes=0
2026-06-03T18:06:42.7086693+00:00	WorkerLogSummary	Layer07Node04	stdout=C:\Users\jimmy\Desktop\meta-bi\Samples\Demos\MetaOrchestrationHairballCliIntegration\Runs\hairball-seed-20260530\RunArtifacts\runs\20260603-180446_a5be0e4746854bda812ecb0a558a271a\logs\Layer07Node04-23612.stdout.log; stdoutBytes=0; stdoutTruncated=False; stdoutDroppedBytes=0; stderr=C:\Users\jimmy\Desktop\meta-bi\Samples\Demos\MetaOrchestrationHairballCliIntegration\Runs\hairball-seed-20260530\RunArtifacts\runs\20260603-180446_a5be0e4746854bda812ecb0a558a271a\logs\Layer07Node04-23612.stderr.log; stderrBytes=0; stderrTruncated=False; stderrDroppedBytes=0
2026-06-03T18:06:42.7094135+00:00	WorkerLogSummary	Layer07Node05	stdout=C:\Users\jimmy\Desktop\meta-bi\Samples\Demos\MetaOrchestrationHairballCliIntegration\Runs\hairball-seed-20260530\RunArtifacts\runs\20260603-180446_a5be0e4746854bda812ecb0a558a271a\logs\Layer07Node05-17960.stdout.log; stdoutBytes=0; stdoutTruncated=False; stdoutDroppedBytes=0; stderr=C:\Users\jimmy\Desktop\meta-bi\Samples\Demos\MetaOrchestrationHairballCliIntegration\Runs\hairball-seed-20260530\RunArtifacts\runs\20260603-180446_a5be0e4746854bda812ecb0a558a271a\logs\Layer07Node05-17960.stderr.log; stderrBytes=0; stderrTruncated=False; stderrDroppedBytes=0
2026-06-03T18:06:42.7105067+00:00	WorkerLogSummary	Layer07Node06	stdout=C:\Users\jimmy\Desktop\meta-bi\Samples\Demos\MetaOrchestrationHairballCliIntegration\Runs\hairball-seed-20260530\RunArtifacts\runs\20260603-180446_a5be0e4746854bda812ecb0a558a271a\logs\Layer07Node06-15516.stdout.log; stdoutBytes=0; stdoutTruncated=False; stdoutDroppedBytes=0; stderr=C:\Users\jimmy\Desktop\meta-bi\Samples\Demos\MetaOrchestrationHairballCliIntegration\Runs\hairball-seed-20260530\RunArtifacts\runs\20260603-180446_a5be0e4746854bda812ecb0a558a271a\logs\Layer07Node06-15516.stderr.log; stderrBytes=0; stderrTruncated=False; stderrDroppedBytes=0
2026-06-03T18:06:42.7112037+00:00	WorkerLogSummary	Layer07Node07	stdout=C:\Users\jimmy\Desktop\meta-bi\Samples\Demos\MetaOrchestrationHairballCliIntegration\Runs\hairball-seed-20260530\RunArtifacts\runs\20260603-180446_a5be0e4746854bda812ecb0a558a271a\logs\Layer07Node07-30176.stdout.log; stdoutBytes=0; stdoutTruncated=False; stdoutDroppedBytes=0; stderr=C:\Users\jimmy\Desktop\meta-bi\Samples\Demos\MetaOrchestrationHairballCliIntegration\Runs\hairball-seed-20260530\RunArtifacts\runs\20260603-180446_a5be0e4746854bda812ecb0a558a271a\logs\Layer07Node07-30176.stderr.log; stderrBytes=0; stderrTruncated=False; stderrDroppedBytes=0
2026-06-03T18:06:42.7119233+00:00	WorkerLogSummary	Layer07Node08	stdout=C:\Users\jimmy\Desktop\meta-bi\Samples\Demos\MetaOrchestrationHairballCliIntegration\Runs\hairball-seed-20260530\RunArtifacts\runs\20260603-180446_a5be0e4746854bda812ecb0a558a271a\logs\Layer07Node08-7552.stdout.log; stdoutBytes=0; stdoutTruncated=False; stdoutDroppedBytes=0; stderr=C:\Users\jimmy\Desktop\meta-bi\Samples\Demos\MetaOrchestrationHairballCliIntegration\Runs\hairball-seed-20260530\RunArtifacts\runs\20260603-180446_a5be0e4746854bda812ecb0a558a271a\logs\Layer07Node08-7552.stderr.log; stderrBytes=0; stderrTruncated=False; stderrDroppedBytes=0
2026-06-03T18:06:42.7125453+00:00	WorkerLogSummary	Layer07Hub	stdout=C:\Users\jimmy\Desktop\meta-bi\Samples\Demos\MetaOrchestrationHairballCliIntegration\Runs\hairball-seed-20260530\RunArtifacts\runs\20260603-180446_a5be0e4746854bda812ecb0a558a271a\logs\Layer07Hub-21244.stdout.log; stdoutBytes=0; stdoutTruncated=False; stdoutDroppedBytes=0; stderr=C:\Users\jimmy\Desktop\meta-bi\Samples\Demos\MetaOrchestrationHairballCliIntegration\Runs\hairball-seed-20260530\RunArtifacts\runs\20260603-180446_a5be0e4746854bda812ecb0a558a271a\logs\Layer07Hub-21244.stderr.log; stderrBytes=0; stderrTruncated=False; stderrDroppedBytes=0
2026-06-03T18:06:42.7131856+00:00	WorkerLogSummary	Layer08Node01	stdout=C:\Users\jimmy\Desktop\meta-bi\Samples\Demos\MetaOrchestrationHairballCliIntegration\Runs\hairball-seed-20260530\RunArtifacts\runs\20260603-180446_a5be0e4746854bda812ecb0a558a271a\logs\Layer08Node01-25484.stdout.log; stdoutBytes=0; stdoutTruncated=False; stdoutDroppedBytes=0; stderr=C:\Users\jimmy\Desktop\meta-bi\Samples\Demos\MetaOrchestrationHairballCliIntegration\Runs\hairball-seed-20260530\RunArtifacts\runs\20260603-180446_a5be0e4746854bda812ecb0a558a271a\logs\Layer08Node01-25484.stderr.log; stderrBytes=0; stderrTruncated=False; stderrDroppedBytes=0
2026-06-03T18:06:42.7137983+00:00	WorkerLogSummary	Layer08Node02	stdout=C:\Users\jimmy\Desktop\meta-bi\Samples\Demos\MetaOrchestrationHairballCliIntegration\Runs\hairball-seed-20260530\RunArtifacts\runs\20260603-180446_a5be0e4746854bda812ecb0a558a271a\logs\Layer08Node02-28644.stdout.log; stdoutBytes=0; stdoutTruncated=False; stdoutDroppedBytes=0; stderr=C:\Users\jimmy\Desktop\meta-bi\Samples\Demos\MetaOrchestrationHairballCliIntegration\Runs\hairball-seed-20260530\RunArtifacts\runs\20260603-180446_a5be0e4746854bda812ecb0a558a271a\logs\Layer08Node02-28644.stderr.log; stderrBytes=0; stderrTruncated=False; stderrDroppedBytes=0
2026-06-03T18:06:42.7144320+00:00	WorkerLogSummary	Layer08Node03	stdout=C:\Users\jimmy\Desktop\meta-bi\Samples\Demos\MetaOrchestrationHairballCliIntegration\Runs\hairball-seed-20260530\RunArtifacts\runs\20260603-180446_a5be0e4746854bda812ecb0a558a271a\logs\Layer08Node03-4860.stdout.log; stdoutBytes=0; stdoutTruncated=False; stdoutDroppedBytes=0; stderr=C:\Users\jimmy\Desktop\meta-bi\Samples\Demos\MetaOrchestrationHairballCliIntegration\Runs\hairball-seed-20260530\RunArtifacts\runs\20260603-180446_a5be0e4746854bda812ecb0a558a271a\logs\Layer08Node03-4860.stderr.log; stderrBytes=0; stderrTruncated=False; stderrDroppedBytes=0
2026-06-03T18:06:42.7150807+00:00	WorkerLogSummary	Layer08Node04	stdout=C:\Users\jimmy\Desktop\meta-bi\Samples\Demos\MetaOrchestrationHairballCliIntegration\Runs\hairball-seed-20260530\RunArtifacts\runs\20260603-180446_a5be0e4746854bda812ecb0a558a271a\logs\Layer08Node04-30280.stdout.log; stdoutBytes=0; stdoutTruncated=False; stdoutDroppedBytes=0; stderr=C:\Users\jimmy\Desktop\meta-bi\Samples\Demos\MetaOrchestrationHairballCliIntegration\Runs\hairball-seed-20260530\RunArtifacts\runs\20260603-180446_a5be0e4746854bda812ecb0a558a271a\logs\Layer08Node04-30280.stderr.log; stderrBytes=0; stderrTruncated=False; stderrDroppedBytes=0
2026-06-03T18:06:42.7157245+00:00	WorkerLogSummary	Layer08Node05	stdout=C:\Users\jimmy\Desktop\meta-bi\Samples\Demos\MetaOrchestrationHairballCliIntegration\Runs\hairball-seed-20260530\RunArtifacts\runs\20260603-180446_a5be0e4746854bda812ecb0a558a271a\logs\Layer08Node05-15904.stdout.log; stdoutBytes=0; stdoutTruncated=False; stdoutDroppedBytes=0; stderr=C:\Users\jimmy\Desktop\meta-bi\Samples\Demos\MetaOrchestrationHairballCliIntegration\Runs\hairball-seed-20260530\RunArtifacts\runs\20260603-180446_a5be0e4746854bda812ecb0a558a271a\logs\Layer08Node05-15904.stderr.log; stderrBytes=0; stderrTruncated=False; stderrDroppedBytes=0
2026-06-03T18:06:42.7164097+00:00	WorkerLogSummary	Layer08Node06	stdout=C:\Users\jimmy\Desktop\meta-bi\Samples\Demos\MetaOrchestrationHairballCliIntegration\Runs\hairball-seed-20260530\RunArtifacts\runs\20260603-180446_a5be0e4746854bda812ecb0a558a271a\logs\Layer08Node06-31216.stdout.log; stdoutBytes=0; stdoutTruncated=False; stdoutDroppedBytes=0; stderr=C:\Users\jimmy\Desktop\meta-bi\Samples\Demos\MetaOrchestrationHairballCliIntegration\Runs\hairball-seed-20260530\RunArtifacts\runs\20260603-180446_a5be0e4746854bda812ecb0a558a271a\logs\Layer08Node06-31216.stderr.log; stderrBytes=0; stderrTruncated=False; stderrDroppedBytes=0
2026-06-03T18:06:42.7172305+00:00	WorkerLogSummary	Layer08Node07	stdout=C:\Users\jimmy\Desktop\meta-bi\Samples\Demos\MetaOrchestrationHairballCliIntegration\Runs\hairball-seed-20260530\RunArtifacts\runs\20260603-180446_a5be0e4746854bda812ecb0a558a271a\logs\Layer08Node07-20492.stdout.log; stdoutBytes=0; stdoutTruncated=False; stdoutDroppedBytes=0; stderr=C:\Users\jimmy\Desktop\meta-bi\Samples\Demos\MetaOrchestrationHairballCliIntegration\Runs\hairball-seed-20260530\RunArtifacts\runs\20260603-180446_a5be0e4746854bda812ecb0a558a271a\logs\Layer08Node07-20492.stderr.log; stderrBytes=0; stderrTruncated=False; stderrDroppedBytes=0
2026-06-03T18:06:42.7180030+00:00	WorkerLogSummary	CompositeMart	stdout=C:\Users\jimmy\Desktop\meta-bi\Samples\Demos\MetaOrchestrationHairballCliIntegration\Runs\hairball-seed-20260530\RunArtifacts\runs\20260603-180446_a5be0e4746854bda812ecb0a558a271a\logs\CompositeMart-30800.stdout.log; stdoutBytes=0; stdoutTruncated=False; stdoutDroppedBytes=0; stderr=C:\Users\jimmy\Desktop\meta-bi\Samples\Demos\MetaOrchestrationHairballCliIntegration\Runs\hairball-seed-20260530\RunArtifacts\runs\20260603-180446_a5be0e4746854bda812ecb0a558a271a\logs\CompositeMart-30800.stderr.log; stderrBytes=0; stderrTruncated=False; stderrDroppedBytes=0
2026-06-03T18:06:42.7186520+00:00	WorkerLogSummary	Layer08Node08	stdout=C:\Users\jimmy\Desktop\meta-bi\Samples\Demos\MetaOrchestrationHairballCliIntegration\Runs\hairball-seed-20260530\RunArtifacts\runs\20260603-180446_a5be0e4746854bda812ecb0a558a271a\logs\Layer08Node08-12356.stdout.log; stdoutBytes=0; stdoutTruncated=False; stdoutDroppedBytes=0; stderr=C:\Users\jimmy\Desktop\meta-bi\Samples\Demos\MetaOrchestrationHairballCliIntegration\Runs\hairball-seed-20260530\RunArtifacts\runs\20260603-180446_a5be0e4746854bda812ecb0a558a271a\logs\Layer08Node08-12356.stderr.log; stderrBytes=0; stderrTruncated=False; stderrDroppedBytes=0
2026-06-03T18:06:42.7193192+00:00	WorkerLogSummary	Layer08Hub	stdout=C:\Users\jimmy\Desktop\meta-bi\Samples\Demos\MetaOrchestrationHairballCliIntegration\Runs\hairball-seed-20260530\RunArtifacts\runs\20260603-180446_a5be0e4746854bda812ecb0a558a271a\logs\Layer08Hub-8904.stdout.log; stdoutBytes=0; stdoutTruncated=False; stdoutDroppedBytes=0; stderr=C:\Users\jimmy\Desktop\meta-bi\Samples\Demos\MetaOrchestrationHairballCliIntegration\Runs\hairball-seed-20260530\RunArtifacts\runs\20260603-180446_a5be0e4746854bda812ecb0a558a271a\logs\Layer08Hub-8904.stderr.log; stderrBytes=0; stderrTruncated=False; stderrDroppedBytes=0
2026-06-03T18:06:42.7199573+00:00	WorkerLogSummary	RegionalMart01	stdout=C:\Users\jimmy\Desktop\meta-bi\Samples\Demos\MetaOrchestrationHairballCliIntegration\Runs\hairball-seed-20260530\RunArtifacts\runs\20260603-180446_a5be0e4746854bda812ecb0a558a271a\logs\RegionalMart01-22024.stdout.log; stdoutBytes=0; stdoutTruncated=False; stdoutDroppedBytes=0; stderr=C:\Users\jimmy\Desktop\meta-bi\Samples\Demos\MetaOrchestrationHairballCliIntegration\Runs\hairball-seed-20260530\RunArtifacts\runs\20260603-180446_a5be0e4746854bda812ecb0a558a271a\logs\RegionalMart01-22024.stderr.log; stderrBytes=0; stderrTruncated=False; stderrDroppedBytes=0
2026-06-03T18:06:42.7211666+00:00	WorkerLogSummary	RegionalMart02	stdout=C:\Users\jimmy\Desktop\meta-bi\Samples\Demos\MetaOrchestrationHairballCliIntegration\Runs\hairball-seed-20260530\RunArtifacts\runs\20260603-180446_a5be0e4746854bda812ecb0a558a271a\logs\RegionalMart02-30516.stdout.log; stdoutBytes=0; stdoutTruncated=False; stdoutDroppedBytes=0; stderr=C:\Users\jimmy\Desktop\meta-bi\Samples\Demos\MetaOrchestrationHairballCliIntegration\Runs\hairball-seed-20260530\RunArtifacts\runs\20260603-180446_a5be0e4746854bda812ecb0a558a271a\logs\RegionalMart02-30516.stderr.log; stderrBytes=0; stderrTruncated=False; stderrDroppedBytes=0
2026-06-03T18:06:42.7219697+00:00	WorkerLogSummary	PublishHairballFinal	stdout=C:\Users\jimmy\Desktop\meta-bi\Samples\Demos\MetaOrchestrationHairballCliIntegration\Runs\hairball-seed-20260530\RunArtifacts\runs\20260603-180446_a5be0e4746854bda812ecb0a558a271a\logs\PublishHairballFinal-8980.stdout.log; stdoutBytes=0; stdoutTruncated=False; stdoutDroppedBytes=0; stderr=C:\Users\jimmy\Desktop\meta-bi\Samples\Demos\MetaOrchestrationHairballCliIntegration\Runs\hairball-seed-20260530\RunArtifacts\runs\20260603-180446_a5be0e4746854bda812ecb0a558a271a\logs\PublishHairballFinal-8980.stderr.log; stderrBytes=0; stderrTruncated=False; stderrDroppedBytes=0
2026-06-03T18:06:42.7225527+00:00	WorkerLogSummary	RegionalMart03	stdout=C:\Users\jimmy\Desktop\meta-bi\Samples\Demos\MetaOrchestrationHairballCliIntegration\Runs\hairball-seed-20260530\RunArtifacts\runs\20260603-180446_a5be0e4746854bda812ecb0a558a271a\logs\RegionalMart03-21412.stdout.log; stdoutBytes=0; stdoutTruncated=False; stdoutDroppedBytes=0; stderr=C:\Users\jimmy\Desktop\meta-bi\Samples\Demos\MetaOrchestrationHairballCliIntegration\Runs\hairball-seed-20260530\RunArtifacts\runs\20260603-180446_a5be0e4746854bda812ecb0a558a271a\logs\RegionalMart03-21412.stderr.log; stderrBytes=0; stderrTruncated=False; stderrDroppedBytes=0
2026-06-03T18:06:42.7231529+00:00	WorkerLogSummary	RegionalMart04	stdout=C:\Users\jimmy\Desktop\meta-bi\Samples\Demos\MetaOrchestrationHairballCliIntegration\Runs\hairball-seed-20260530\RunArtifacts\runs\20260603-180446_a5be0e4746854bda812ecb0a558a271a\logs\RegionalMart04-22396.stdout.log; stdoutBytes=0; stdoutTruncated=False; stdoutDroppedBytes=0; stderr=C:\Users\jimmy\Desktop\meta-bi\Samples\Demos\MetaOrchestrationHairballCliIntegration\Runs\hairball-seed-20260530\RunArtifacts\runs\20260603-180446_a5be0e4746854bda812ecb0a558a271a\logs\RegionalMart04-22396.stderr.log; stderrBytes=0; stderrTruncated=False; stderrDroppedBytes=0
2026-06-03T18:06:42.7238848+00:00	WorkerLogSummary	AuditHairball	stdout=C:\Users\jimmy\Desktop\meta-bi\Samples\Demos\MetaOrchestrationHairballCliIntegration\Runs\hairball-seed-20260530\RunArtifacts\runs\20260603-180446_a5be0e4746854bda812ecb0a558a271a\logs\AuditHairball-18376.stdout.log; stdoutBytes=0; stdoutTruncated=False; stdoutDroppedBytes=0; stderr=C:\Users\jimmy\Desktop\meta-bi\Samples\Demos\MetaOrchestrationHairballCliIntegration\Runs\hairball-seed-20260530\RunArtifacts\runs\20260603-180446_a5be0e4746854bda812ecb0a558a271a\logs\AuditHairball-18376.stderr.log; stderrBytes=0; stderrTruncated=False; stderrDroppedBytes=0
2026-06-03T18:06:42.7252993+00:00	RunCompleted	DefaultRunPlan	Succeeded
